GENBANK_REFERENCE,CATALOGUE_NAME,CATALOGUE_VERSION,CATALOGUE_GRAMMAR,PREDICTION_VALUES,DRUG,MUTATION,PREDICTION,SOURCE,EVIDENCE,OTHER
NC00962.3,RIF-0.25-0.95,0.0,GARC1,RUS,RIF,rpoB@c-61t,S,{},"{""proportion"": 0.010101010101010102, ""confidence"": [0.0075816968634346725, 0.013446120731057167], ""p_value"": 0.0, ""solo_contingency"": [[46, 4508], [548, 26472]], ""contingency"": [[1043, 4812], [14168, 28440]]}",{}
NC00962.3,RIF-0.25-0.95,0.0,GARC1,RUS,RIF,rpoB@2546_ins_cgagga,S,{},"{""proportion"": 0.0, ""confidence"": [0.0, 0.05500255701354129], ""p_value"": 1.008385160854483e-08, ""solo_contingency"": [[0, 66], [548, 26472]], ""contingency"": [[0, 66], [15211, 33186]]}",{}
NC00962.3,RIF-0.25-0.95,0.0,GARC1,RUS,RIF,rpoB@S16C,S,{},"{""proportion"": 0.0, ""confidence"": [0.0, 0.1843181350088518], ""p_value"": 0.010617725958582017, ""solo_contingency"": [[0, 17], [548, 26472]], ""contingency"": [[0, 17], [15211, 33235]]}",{}
NC00962.3,RIF-0.25-0.95,0.0,GARC1,RUS,RIF,rpoB@E250G,S,{},"{""proportion"": 0.050505050505050504, ""confidence"": [0.021763234491416875, 0.11282702686248858], ""p_value"": 2.8246245985067236e-07, ""solo_contingency"": [[5, 94], [548, 26472]], ""contingency"": [[16, 96], [15195, 33156]]}",{}
NC00962.3,RIF-0.25-0.95,0.0,GARC1,RUS,RIF,rpoB@L449Q,S,{},"{""proportion"": 0.0, ""confidence"": [6.434451449290776e-18, 0.07269781922049638], ""p_value"": 1.1526635706298575e-06, ""solo_contingency"": [[0, 49], [548, 26472]], ""contingency"": [[2, 65], [15209, 33187]]}",{}
NC00962.3,RIF-0.25-0.95,0.0,GARC1,RUS,RIF,rpoB@V695L,S,{},"{""proportion"": 0.053763440860215055, ""confidence"": [0.023180674253084198, 0.11974838721760417], ""p_value"": 9.406176281652038e-07, ""solo_contingency"": [[5, 88], [548, 26472]], ""contingency"": [[120, 94], [15091, 33158]]}",{}
NC00962.3,RIF-0.25-0.95,0.0,GARC1,RUS,RIF,rpoB@M390T,S,{},"{""proportion"": 0.0, ""confidence"": [0.0, 0.1843181350088518], ""p_value"": 0.010617725958582017, ""solo_contingency"": [[0, 17], [548, 26472]], ""contingency"": [[4, 18], [15207, 33234]]}",{}
NC00962.3,RIF-0.25-0.95,0.0,GARC1,RUS,RIF,rpoB@R791C,S,{},"{""proportion"": 0.0, ""confidence"": [0.0, 0.12455502974186705], ""p_value"": 0.0005852191723511595, ""solo_contingency"": [[0, 27], [548, 26472]], ""contingency"": [[8, 27], [15203, 33225]]}",{}
NC00962.3,RIF-0.25-0.95,0.0,GARC1,RUS,RIF,rpoB@t-6c,S,{},"{""proportion"": 0.0, ""confidence"": [0.0, 0.1843181350088518], ""p_value"": 0.010617725958582017, ""solo_contingency"": [[0, 17], [548, 26472]], ""contingency"": [[3, 18], [15208, 33234]]}",{}
NC00962.3,RIF-0.25-0.95,0.0,GARC1,RUS,RIF,rpoB@D545E,S,{},"{""proportion"": 0.0, ""confidence"": [2.1779500349382702e-17, 0.2153108027376358], ""p_value"": 0.02812748029828072, ""solo_contingency"": [[0, 14], [548, 26472]], ""contingency"": [[4, 15], [15207, 33237]]}",{}
NC00962.3,RIF-0.25-0.95,0.0,GARC1,RUS,RIF,rpoB@M655T,S,{},"{""proportion"": 0.0, ""confidence"": [0.0, 0.20388330103584862], ""p_value"": 0.030663299374282364, ""solo_contingency"": [[0, 15], [548, 26472]], ""contingency"": [[0, 16], [15211, 33236]]}",{}
NC00962.3,RIF-0.25-0.95,0.0,GARC1,RUS,RIF,rpoB@I925V,S,{},"{""proportion"": 0.0, ""confidence"": [0.0, 0.06758198857654187], ""p_value"": 4.6959295955903973e-07, ""solo_contingency"": [[0, 53], [548, 26472]], ""contingency"": [[13, 55], [15198, 33197]]}",{}
NC00962.3,RIF-0.25-0.95,0.0,GARC1,RUS,RIF,rpoB@H343Q,S,{},"{""proportion"": 0.0, ""confidence"": [0.0, 0.14865487460862087], ""p_value"": 0.0024842959446118593, ""solo_contingency"": [[0, 22], [548, 26472]], ""contingency"": [[0, 24], [15211, 33228]]}",{}
NC00962.3,RIF-0.25-0.95,0.0,GARC1,RUS,RIF,rpoB@D515Y,S,{},"{""proportion"": 0.0, ""confidence"": [0.0, 0.22809537235419838], ""p_value"": 0.048047408461570754, ""solo_contingency"": [[0, 13], [548, 26472]], ""contingency"": [[0, 13], [15211, 33239]]}",{}
NC00962.3,RIF-0.25-0.95,0.0,GARC1,RUS,RIF,rpoB@V113I,S,{},"{""proportion"": 0.022727272727272728, ""confidence"": [0.004023252060053229, 0.11807709698213287], ""p_value"": 7.662811262534105e-05, ""solo_contingency"": [[1, 43], [548, 26472]], ""contingency"": [[13, 58], [15198, 33194]]}",{}
NC00962.3,RIF-0.25-0.95,0.0,GARC1,RUS,RIF,rpoB@Q975H,S,{},"{""proportion"": 0.0, ""confidence"": [0.0, 0.22809537235419838], ""p_value"": 0.048047408461570754, ""solo_contingency"": [[0, 13], [548, 26472]], ""contingency"": [[62, 14], [15149, 33238]]}",{}
NC00962.3,RIF-0.25-0.95,0.0,GARC1,RUS,RIF,rpoB@N381H,S,{},"{""proportion"": 0.0, ""confidence"": [0.0, 0.04751842528243408], ""p_value"": 3.5053413775258803e-10, ""solo_contingency"": [[0, 77], [548, 26472]], ""contingency"": [[0, 77], [15211, 33175]]}",{}
NC00962.3,RIF-0.25-0.95,0.0,GARC1,RUS,RIF,rpoB@K944E,S,{},"{""proportion"": 0.0, ""confidence"": [0.0, 0.062117855787202914], ""p_value"": 1.1292975058904517e-07, ""solo_contingency"": [[0, 58], [605, 31628]], ""contingency"": [[2, 60], [15209, 33192]]}",{}
NC00962.3,RIF-0.25-0.95,0.0,GARC1,RUS,RIF,rpoB@P358L,S,{},"{""proportion"": 0.0, ""confidence"": [1.2029374011637166e-17, 0.1331922509390485], ""p_value"": 0.0016683748994763552, ""solo_contingency"": [[0, 25], [605, 31628]], ""contingency"": [[4, 25], [15207, 33227]]}",{}
NC00962.3,RIF-0.25-0.95,0.0,GARC1,RUS,RIF,rpoB@*=,S,{},"{""default_rule"": ""True""}",{}
NC00962.3,RIF-0.25-0.95,0.0,GARC1,RUS,RIF,rpoB@S450L,R,{},"{""proportion"": 0.9823074087725765, ""confidence"": [0.9792074663194904, 0.9849522854948398], ""p_value"": 0.0, ""solo_contingency"": [[7995, 144], [605, 31711]], ""contingency"": [[10094, 178], [5117, 33074]]}",{}
NC00962.3,RIF-0.25-0.95,0.0,GARC1,RUS,RIF,rpoB@D435V,R,{},"{""proportion"": 0.9800347222222222, ""confidence"": [0.9702188892396172, 0.9866597480160948], ""p_value"": 0.0, ""solo_contingency"": [[1129, 23], [605, 31711]], ""contingency"": [[1221, 30], [13990, 33222]]}",{}
NC00962.3,RIF-0.25-0.95,0.0,GARC1,RUS,RIF,rpoB@V170F,R,{},"{""proportion"": 0.9777777777777777, ""confidence"": [0.8843331823158513, 0.9960664011171668], ""p_value"": 1.0985992510469899e-25, ""solo_contingency"": [[44, 1], [605, 31711]], ""contingency"": [[98, 2], [15113, 33250]]}",{}
NC00962.3,RIF-0.25-0.95,0.0,GARC1,RUS,RIF,rpoB@H445Y,R,{},"{""proportion"": 0.9826839826839827, ""confidence"": [0.9662071050827874, 0.9912001663289843], ""p_value"": 2.2540095267188467e-258, ""solo_contingency"": [[454, 8], [605, 31711]], ""contingency"": [[563, 11], [14648, 33241]]}",{}
NC00962.3,RIF-0.25-0.95,0.0,GARC1,RUS,RIF,rpoB@H445C,R,{},"{""proportion"": 0.8703703703703703, ""confidence"": [0.7557826977763022, 0.9357627925267373], ""p_value"": 1.2539859814743538e-21, ""solo_contingency"": [[47, 7], [605, 31711]], ""contingency"": [[59, 7], [15152, 33245]]}",{}
NC00962.3,RIF-0.25-0.95,0.0,GARC1,RUS,RIF,rpoB@1309_del_aac,R,{},"{""proportion"": 0.8461538461538461, ""confidence"": [0.5776536898051745, 0.9567418216419186], ""p_value"": 1.1056661605834961e-05, ""solo_contingency"": [[11, 2], [605, 31711]], ""contingency"": [[18, 2], [15193, 33250]]}",{}
NC00962.3,RIF-0.25-0.95,0.0,GARC1,RUS,RIF,rpoB@H445R,R,{},"{""proportion"": 0.9743589743589743, ""confidence"": [0.9273169764853295, 0.99124194429618], ""p_value"": 2.5663562684010485e-64, ""solo_contingency"": [[114, 3], [605, 31711]], ""contingency"": [[156, 3], [15055, 33249]]}",{}
NC00962.3,RIF-0.25-0.95,0.0,GARC1,RUS,RIF,rpoB@S450F,R,{},"{""proportion"": 1.0, ""confidence"": [0.972917235534427, 1.0000000000000002], ""p_value"": 8.236092143148846e-84, ""solo_contingency"": [[138, 0], [605, 31711]], ""contingency"": [[148, 0], [15063, 33252]]}",{}
NC00962.3,RIF-0.25-0.95,0.0,GARC1,RUS,RIF,rpoB@H445D,R,{},"{""proportion"": 0.9754098360655737, ""confidence"": [0.957514945307065, 0.9858784829585175], ""p_value"": 2.7882476413930497e-265, ""solo_contingency"": [[476, 12], [605, 31711]], ""contingency"": [[525, 13], [14686, 33239]]}",{}
NC00962.3,RIF-0.25-0.95,0.0,GARC1,RUS,RIF,rpoB@S450W,R,{},"{""proportion"": 0.96875, ""confidence"": [0.9289397087143584, 0.9865794833123557], ""p_value"": 9.433641794090976e-86, ""solo_contingency"": [[155, 5], [605, 31711]], ""contingency"": [[192, 5], [15019, 33247]]}",{}
NC00962.3,RIF-0.25-0.95,0.0,GARC1,RUS,RIF,rpoB@S441L,R,{},"{""proportion"": 0.9565217391304348, ""confidence"": [0.7900884492974113, 0.9922833338565469], ""p_value"": 9.947598300641403e-13, ""solo_contingency"": [[22, 1], [605, 31711]], ""contingency"": [[52, 1], [15159, 33251]]}",{}
NC00962.3,RIF-0.25-0.95,0.0,GARC1,RUS,RIF,rpoB@S450Q,R,{},"{""proportion"": 1.0, ""confidence"": [0.7575059933447591, 1.0], ""p_value"": 5.960464477539063e-08, ""solo_contingency"": [[12, 0], [605, 31711]], ""contingency"": [[16, 0], [15195, 33252]]}",{}
NC00962.3,RIF-0.25-0.95,0.0,GARC1,RUS,RIF,rpoB@L452P,R,{},"{""proportion"": 0.6412556053811659, ""confidence"": [0.5764018133045248, 0.7013251962444575], ""p_value"": 9.033888232672718e-35, ""solo_contingency"": [[143, 80], [605, 31711]], ""contingency"": [[253, 94], [14958, 33158]]}",{}
NC00962.3,RIF-0.25-0.95,0.0,GARC1,RUS,RIF,rpoB@Q432L,R,{},"{""proportion"": 0.9444444444444444, ""confidence"": [0.7424269921812741, 0.9901248090216969], ""p_value"": 8.003553375601768e-10, ""solo_contingency"": [[17, 1], [605, 31711]], ""contingency"": [[30, 1], [15181, 33251]]}",{}
NC00962.3,RIF-0.25-0.95,0.0,GARC1,RUS,RIF,rpoB@H445L,R,{},"{""proportion"": 0.9239130434782609, ""confidence"": [0.8763492917336007, 0.9541382959342064], ""p_value"": 2.8803800562534344e-84, ""solo_contingency"": [[170, 14], [605, 31711]], ""contingency"": [[198, 16], [15013, 33236]]}",{}
NC00962.3,RIF-0.25-0.95,0.0,GARC1,RUS,RIF,rpoB@Q432P,R,{},"{""proportion"": 0.96875, ""confidence"": [0.8425573617998744, 0.9944621398359969], ""p_value"": 5.2583805365546965e-18, ""solo_contingency"": [[31, 1], [605, 31711]], ""contingency"": [[45, 2], [15166, 33250]]}",{}
NC00962.3,RIF-0.25-0.95,0.0,GARC1,RUS,RIF,rpoB@D435Y,R,{},"{""proportion"": 0.7554347826086957, ""confidence"": [0.6885215599072331, 0.8119004480464456], ""p_value"": 1.0657417080331741e-46, ""solo_contingency"": [[139, 45], [605, 31711]], ""contingency"": [[304, 59], [14907, 33193]]}",{}
NC00962.3,RIF-0.25-0.95,0.0,GARC1,RUS,RIF,rpoB@H445G,R,{},"{""proportion"": 0.7, ""confidence"": [0.3967781474611453, 0.8922087325936988], ""p_value"": 0.003505706787109375, ""solo_contingency"": [[7, 3], [605, 31711]], ""contingency"": [[10, 3], [15201, 33249]]}",{}
NC00962.3,RIF-0.25-0.95,0.0,GARC1,RUS,RIF,rpoB@1296_ins_ttc,R,{},"{""proportion"": 1.0, ""confidence"": [0.8620237953250198, 1.0], ""p_value"": 3.552713678800501e-15, ""solo_contingency"": [[24, 0], [605, 31711]], ""contingency"": [[29, 0], [15182, 33252]]}",{}
NC00962.3,RIF-0.25-0.95,0.0,GARC1,RUS,RIF,rpoB@I491F,R,{},"{""proportion"": 0.5328467153284672, ""confidence"": [0.4495485156634901, 0.6143531229261666], ""p_value"": 1.525363063845656e-12, ""solo_contingency"": [[73, 64], [605, 31711]], ""contingency"": [[102, 72], [15109, 33180]]}",{}
NC00962.3,RIF-0.25-0.95,0.0,GARC1,RUS,RIF,rpoB@H445S,R,{},"{""proportion"": 0.6666666666666666, ""confidence"": [0.41713547738519774, 0.8482367556028527], ""p_value"": 0.000794949010014534, ""solo_contingency"": [[10, 5], [605, 31711]], ""contingency"": [[21, 6], [15190, 33246]]}",{}
NC00962.3,RIF-0.25-0.95,0.0,GARC1,RUS,RIF,rpoB@S450Y,R,{},"{""proportion"": 1.0, ""confidence"": [0.700854951580456, 1.0], ""p_value"": 3.814697265625e-06, ""solo_contingency"": [[9, 0], [605, 31711]], ""contingency"": [[9, 0], [15202, 33252]]}",{}
NC00962.3,RIF-0.25-0.95,0.0,GARC1,RUS,RIF,rpoB@D435F,R,{},"{""proportion"": 0.9180327868852459, ""confidence"": [0.8220533819707465, 0.9644804333931264], ""p_value"": 2.800312220178594e-28, ""solo_contingency"": [[56, 5], [605, 31711]], ""contingency"": [[66, 5], [15145, 33247]]}",{}
NC00962.3,RIF-0.25-0.95,0.0,GARC1,RUS,RIF,rpoB@S441Q,R,{},"{""proportion"": 1.0, ""confidence"": [0.7846891972623642, 1.0000000000000002], ""p_value"": 3.725290298461914e-09, ""solo_contingency"": [[14, 0], [605, 31711]], ""contingency"": [[14, 0], [15197, 33252]]}",{}
NC00962.3,RIF-0.25-0.95,0.0,GARC1,RUS,RIF,rpoB@S450M,R,{},"{""proportion"": 1.0, ""confidence"": [0.700854951580456, 1.0], ""p_value"": 3.814697265625e-06, ""solo_contingency"": [[9, 0], [605, 31711]], ""contingency"": [[9, 0], [15202, 33252]]}",{}
NC00962.3,RIF-0.25-0.95,0.0,GARC1,RUS,RIF,rpoB@1306_del_cag,R,{},"{""proportion"": 1.0, ""confidence"": [0.4385029682449545, 1.0], ""p_value"": 0.015625, ""solo_contingency"": [[3, 0], [605, 31711]], ""contingency"": [[4, 0], [15207, 33252]]}",{}
NC00962.3,RIF-0.25-0.95,0.0,GARC1,RUS,RIF,rpoB@Q432K,R,{},"{""proportion"": 0.9565217391304348, ""confidence"": [0.7900884492974113, 0.9922833338565469], ""p_value"": 9.947598300641403e-13, ""solo_contingency"": [[22, 1], [605, 31711]], ""contingency"": [[52, 1], [15159, 33251]]}",{}
NC00962.3,RIF-0.25-0.95,0.0,GARC1,RUS,RIF,rpoB@H445T,R,{},"{""proportion"": 1.0, ""confidence"": [0.4385029682449545, 1.0], ""p_value"": 0.015625, ""solo_contingency"": [[3, 0], [605, 31711]], ""contingency"": [[4, 0], [15207, 33252]]}",{}
NC00962.3,RIF-0.25-0.95,0.0,GARC1,RUS,RIF,rpoB@D435G,R,{},"{""proportion"": 0.5555555555555556, ""confidence"": [0.26665129349549305, 0.8112214789023354], ""p_value"": 0.04892730712890625, ""solo_contingency"": [[5, 4], [605, 31711]], ""contingency"": [[133, 8], [15078, 33244]]}",{}
NC00962.3,RIF-0.25-0.95,0.0,GARC1,RUS,RIF,rpoB@1292_ins_cca,R,{},"{""proportion"": 1.0, ""confidence"": [0.5655175352168252, 1.0], ""p_value"": 0.0009765625, ""solo_contingency"": [[5, 0], [605, 31711]], ""contingency"": [[5, 0], [15206, 33252]]}",{}
NC00962.3,RIF-0.25-0.95,0.0,GARC1,RUS,RIF,rpoB@1293_del_ccaattcatgga,R,{},"{""proportion"": 1.0, ""confidence"": [0.4385029682449545, 1.0], ""p_value"": 0.015625, ""solo_contingency"": [[3, 0], [605, 31711]], ""contingency"": [[4, 0], [15207, 33252]]}",{}
NC00962.3,RIF-0.25-0.95,0.0,GARC1,RUS,RIF,rpoB@1299_del_catgga,R,{},"{""proportion"": 1.0, ""confidence"": [0.5101091635454027, 1.0], ""p_value"": 0.00390625, ""solo_contingency"": [[4, 0], [605, 31711]], ""contingency"": [[4, 0], [15207, 33252]]}",{}
NC00962.3,RIF-0.25-0.95,0.0,GARC1,RUS,RIF,rpoB@1295_del_aattcatgg,R,{},"{""proportion"": 1.0, ""confidence"": [0.7575059933447591, 1.0], ""p_value"": 5.960464477539063e-08, ""solo_contingency"": [[12, 0], [605, 31711]], ""contingency"": [[13, 0], [15198, 33252]]}",{}
NC00962.3,RIF-0.25-0.95,0.0,GARC1,RUS,RIF,rpoB@S441M,R,{},"{""proportion"": 1.0, ""confidence"": [0.4385029682449545, 1.0], ""p_value"": 0.015625, ""solo_contingency"": [[3, 0], [605, 31711]], ""contingency"": [[4, 0], [15207, 33252]]}",{}
NC00962.3,RIF-0.25-0.95,0.0,GARC1,RUS,RIF,rpoB@1293_del_ccaatt,R,{},"{""proportion"": 1.0, ""confidence"": [0.5101091635454027, 1.0], ""p_value"": 0.00390625, ""solo_contingency"": [[4, 0], [605, 31711]], ""contingency"": [[4, 0], [15207, 33252]]}",{}
NC00962.3,RIF-0.25-0.95,0.0,GARC1,RUS,RIF,rpoB@1328_ins_gac,R,{},"{""proportion"": 1.0, ""confidence"": [0.7224672001371106, 0.9999999999999999], ""p_value"": 9.5367431640625e-07, ""solo_contingency"": [[10, 0], [605, 31711]], ""contingency"": [[10, 0], [15201, 33252]]}",{}
NC00962.3,RIF-0.25-0.95,0.0,GARC1,RUS,RIF,rpoB@H445P,R,{},"{""proportion"": 1.0, ""confidence"": [0.5655175352168252, 1.0], ""p_value"": 0.0009765625, ""solo_contingency"": [[5, 0], [605, 31711]], ""contingency"": [[12, 0], [15199, 33252]]}",{}
NC00962.3,RIF-0.25-0.95,0.0,GARC1,RUS,RIF,rpoB@D435A,U,{},"{""proportion"": 0.5, ""confidence"": [0.15003898915214947, 0.8499610108478506], ""p_value"": 0.26171875, ""solo_contingency"": [[2, 2], [605, 31711]], ""contingency"": [[11, 3], [15200, 33249]]}",{}
NC00962.3,RIF-0.25-0.95,0.0,GARC1,RUS,RIF,rpoB@1263_del_caaggagttcttcggcac,U,{},"{""proportion"": 1.0, ""confidence"": [0.3423802275066531, 1.0], ""p_value"": 0.0625, ""solo_contingency"": [[2, 0], [605, 31711]], ""contingency"": [[2, 0], [15209, 33252]]}",{}
NC00962.3,RIF-0.25-0.95,0.0,GARC1,RUS,RIF,rpoB@H317Y,U,{},"{""proportion"": 0.0, ""confidence"": [0.0, 0.7934506856227626], ""p_value"": 1.0, ""solo_contingency"": [[0, 1], [605, 31711]], ""contingency"": [[0, 1], [15211, 33251]]}",{}
NC00962.3,RIF-0.25-0.95,0.0,GARC1,RUS,RIF,rpoB@L440M,U,{},"{""proportion"": 0.0, ""confidence"": [0.0, 0.7934506856227626], ""p_value"": 1.0, ""solo_contingency"": [[0, 1], [605, 31711]], ""contingency"": [[0, 1], [15211, 33251]]}",{}
NC00962.3,RIF-0.25-0.95,0.0,GARC1,RUS,RIF,rpoB@E266!,U,{},"{""proportion"": 0.0, ""confidence"": [0.0, 0.7934506856227626], ""p_value"": 1.0, ""solo_contingency"": [[0, 1], [605, 31711]], ""contingency"": [[0, 1], [15211, 33251]]}",{}
NC00962.3,RIF-0.25-0.95,0.0,GARC1,RUS,RIF,rpoB@G95W,U,{},"{""proportion"": 0.0, ""confidence"": [0.0, 0.6576197724933469], ""p_value"": 1.0, ""solo_contingency"": [[0, 2], [605, 31711]], ""contingency"": [[0, 2], [15211, 33250]]}",{}
NC00962.3,RIF-0.25-0.95,0.0,GARC1,RUS,RIF,rpoB@c-60t,U,{},"{""proportion"": 0.0, ""confidence"": [0.0, 0.7934506856227626], ""p_value"": 1.0, ""solo_contingency"": [[0, 1], [605, 31711]], ""contingency"": [[0, 1], [15211, 33251]]}",{}
NC00962.3,RIF-0.25-0.95,0.0,GARC1,RUS,RIF,rpoB@P483H,U,{},"{""proportion"": 0.0, ""confidence"": [0.0, 0.7934506856227626], ""p_value"": 1.0, ""solo_contingency"": [[0, 1], [605, 31711]], ""contingency"": [[0, 1], [15211, 33251]]}",{}
NC00962.3,RIF-0.25-0.95,0.0,GARC1,RUS,RIF,rpoB@E344D,U,{},"{""proportion"": 0.0, ""confidence"": [0.0, 0.7934506856227626], ""p_value"": 1.0, ""solo_contingency"": [[0, 1], [605, 31711]], ""contingency"": [[0, 1], [15211, 33251]]}",{}
NC00962.3,RIF-0.25-0.95,0.0,GARC1,RUS,RIF,rpoB@L290F,U,{},"{""proportion"": 0.0, ""confidence"": [0.0, 0.7934506856227626], ""p_value"": 1.0, ""solo_contingency"": [[0, 1], [605, 31711]], ""contingency"": [[0, 1], [15211, 33251]]}",{}
NC00962.3,RIF-0.25-0.95,0.0,GARC1,RUS,RIF,rpoB@S1009T,U,{},"{""proportion"": 0.0, ""confidence"": [0.0, 0.7934506856227626], ""p_value"": 1.0, ""solo_contingency"": [[0, 1], [605, 31711]], ""contingency"": [[0, 1], [15211, 33251]]}",{}
NC00962.3,RIF-0.25-0.95,0.0,GARC1,RUS,RIF,rpoB@E721K,U,{},"{""proportion"": 0.0, ""confidence"": [0.0, 0.32440756488388023], ""p_value"": 0.21392822265625003, ""solo_contingency"": [[0, 8], [605, 31711]], ""contingency"": [[0, 8], [15211, 33244]]}",{}
NC00962.3,RIF-0.25-0.95,0.0,GARC1,RUS,RIF,rpoB@E563D,U,{},"{""proportion"": 0.0, ""confidence"": [0.0, 0.2588329669680317], ""p_value"": 0.07656264305114746, ""solo_contingency"": [[0, 11], [605, 31711]], ""contingency"": [[0, 14], [15211, 33238]]}",{}
NC00962.3,RIF-0.25-0.95,0.0,GARC1,RUS,RIF,rpoB@R448K,U,{},"{""proportion"": 1.0, ""confidence"": [0.3423802275066531, 1.0], ""p_value"": 0.0625, ""solo_contingency"": [[2, 0], [605, 31711]], ""contingency"": [[2, 0], [15209, 33252]]}",{}
NC00962.3,RIF-0.25-0.95,0.0,GARC1,RUS,RIF,rpoB@-59_ins_t,U,{},"{""proportion"": 0.0, ""confidence"": [0.0, 0.7934506856227626], ""p_value"": 1.0, ""solo_contingency"": [[0, 1], [605, 31711]], ""contingency"": [[0, 1], [15211, 33251]]}",{}
NC00962.3,RIF-0.25-0.95,0.0,GARC1,RUS,RIF,rpoB@H194Y,U,{},"{""proportion"": 0.125, ""confidence"": [0.03497748774324047, 0.3602282726575869], ""p_value"": 0.3867656225338578, ""solo_contingency"": [[2, 14], [605, 31711]], ""contingency"": [[2, 14], [15209, 33238]]}",{}
NC00962.3,RIF-0.25-0.95,0.0,GARC1,RUS,RIF,rpoB@S25Y,U,{},"{""proportion"": 0.0, ""confidence"": [0.0, 0.7934506856227626], ""p_value"": 1.0, ""solo_contingency"": [[0, 1], [605, 31711]], ""contingency"": [[0, 1], [15211, 33251]]}",{}
NC00962.3,RIF-0.25-0.95,0.0,GARC1,RUS,RIF,rpoB@P483L,U,{},"{""proportion"": 0.0, ""confidence"": [0.0, 0.7934506856227626], ""p_value"": 1.0, ""solo_contingency"": [[0, 1], [605, 31711]], ""contingency"": [[2, 1], [15209, 33251]]}",{}
NC00962.3,RIF-0.25-0.95,0.0,GARC1,RUS,RIF,rpoB@D107E,U,{},"{""proportion"": 0.0, ""confidence"": [0.0, 0.4898908364545973], ""p_value"": 0.578125, ""solo_contingency"": [[0, 4], [605, 31711]], ""contingency"": [[0, 4], [15211, 33248]]}",{}
NC00962.3,RIF-0.25-0.95,0.0,GARC1,RUS,RIF,rpoB@E507K,U,{},"{""proportion"": 0.0, ""confidence"": [0.0, 0.6576197724933469], ""p_value"": 1.0, ""solo_contingency"": [[0, 2], [605, 31711]], ""contingency"": [[1, 2], [15210, 33250]]}",{}
NC00962.3,RIF-0.25-0.95,0.0,GARC1,RUS,RIF,rpoB@R307S,U,{},"{""proportion"": 0.0, ""confidence"": [0.0, 0.7934506856227626], ""p_value"": 1.0, ""solo_contingency"": [[0, 1], [605, 31711]], ""contingency"": [[0, 1], [15211, 33251]]}",{}
NC00962.3,RIF-0.25-0.95,0.0,GARC1,RUS,RIF,rpoB@P502Q,U,{},"{""proportion"": 0.0, ""confidence"": [0.0, 0.7934506856227626], ""p_value"": 1.0, ""solo_contingency"": [[0, 1], [605, 31711]], ""contingency"": [[0, 1], [15211, 33251]]}",{}
NC00962.3,RIF-0.25-0.95,0.0,GARC1,RUS,RIF,rpoB@Q401H,U,{},"{""proportion"": 0.0, ""confidence"": [0.0, 0.7934506856227626], ""p_value"": 1.0, ""solo_contingency"": [[0, 1], [605, 31711]], ""contingency"": [[0, 1], [15211, 33251]]}",{}
NC00962.3,RIF-0.25-0.95,0.0,GARC1,RUS,RIF,rpoB@L430P,U,{},"{""proportion"": 0.2956989247311828, ""confidence"": [0.23478474938423152, 0.3648812009718377], ""p_value"": 0.15057366244590575, ""solo_contingency"": [[55, 131], [605, 31711]], ""contingency"": [[214, 154], [14997, 33098]]}",{}
NC00962.3,RIF-0.25-0.95,0.0,GARC1,RUS,RIF,rpoB@1304_del_acc,U,{},"{""proportion"": 0.75, ""confidence"": [0.3006418425824019, 0.9544127391902995], ""p_value"": 0.05078125, ""solo_contingency"": [[3, 1], [605, 31711]], ""contingency"": [[3, 1], [15208, 33251]]}",{}
NC00962.3,RIF-0.25-0.95,0.0,GARC1,RUS,RIF,rpoB@I910V,U,{},"{""proportion"": 0.0, ""confidence"": [4.8683609171202235e-17, 0.5614970317550455], ""p_value"": 1.0, ""solo_contingency"": [[0, 3], [605, 31711]], ""contingency"": [[0, 3], [15211, 33249]]}",{}
NC00962.3,RIF-0.25-0.95,0.0,GARC1,RUS,RIF,rpoB@A334V,U,{},"{""proportion"": 0.0, ""confidence"": [4.8683609171202235e-17, 0.5614970317550455], ""p_value"": 1.0, ""solo_contingency"": [[0, 3], [605, 31711]], ""contingency"": [[0, 3], [15211, 33249]]}",{}
NC00962.3,RIF-0.25-0.95,0.0,GARC1,RUS,RIF,rpoB@V33L,U,{},"{""proportion"": 0.0, ""confidence"": [0.0, 0.7934506856227626], ""p_value"": 1.0, ""solo_contingency"": [[0, 1], [605, 31711]], ""contingency"": [[0, 1], [15211, 33251]]}",{}
NC00962.3,RIF-0.25-0.95,0.0,GARC1,RUS,RIF,rpoB@G675D,U,{},"{""proportion"": 0.2, ""confidence"": [0.03622410863243013, 0.6244653702374747], ""p_value"": 1.0, ""solo_contingency"": [[1, 4], [605, 31711]], ""contingency"": [[3, 4], [15208, 33248]]}",{}
NC00962.3,RIF-0.25-0.95,0.0,GARC1,RUS,RIF,rpoB@V129G,U,{},"{""proportion"": 0.0, ""confidence"": [4.8683609171202235e-17, 0.5614970317550455], ""p_value"": 1.0, ""solo_contingency"": [[0, 3], [605, 31711]], ""contingency"": [[0, 3], [15211, 33249]]}",{}
NC00962.3,RIF-0.25-0.95,0.0,GARC1,RUS,RIF,rpoB@P454H,U,{},"{""proportion"": 0.0, ""confidence"": [0.0, 0.6576197724933469], ""p_value"": 1.0, ""solo_contingency"": [[0, 2], [605, 31711]], ""contingency"": [[2, 2], [15209, 33250]]}",{}
NC00962.3,RIF-0.25-0.95,0.0,GARC1,RUS,RIF,rpoB@E240G,U,{},"{""proportion"": 0.0, ""confidence"": [0.0, 0.7934506856227626], ""p_value"": 1.0, ""solo_contingency"": [[0, 1], [605, 31711]], ""contingency"": [[0, 1], [15211, 33251]]}",{}
NC00962.3,RIF-0.25-0.95,0.0,GARC1,RUS,RIF,rpoB@Y651H,U,{},"{""proportion"": 0.0, ""confidence"": [0.0, 0.7934506856227626], ""p_value"": 1.0, ""solo_contingency"": [[0, 1], [605, 31711]], ""contingency"": [[0, 1], [15211, 33251]]}",{}
NC00962.3,RIF-0.25-0.95,0.0,GARC1,RUS,RIF,rpoB@V216I,U,{},"{""proportion"": 0.0, ""confidence"": [0.0, 0.7934506856227626], ""p_value"": 1.0, ""solo_contingency"": [[0, 1], [605, 31711]], ""contingency"": [[0, 1], [15211, 33251]]}",{}
NC00962.3,RIF-0.25-0.95,0.0,GARC1,RUS,RIF,rpoB@M587I,U,{},"{""proportion"": 0.0, ""confidence"": [0.0, 0.4898908364545973], ""p_value"": 0.578125, ""solo_contingency"": [[0, 4], [605, 31711]], ""contingency"": [[0, 4], [15211, 33248]]}",{}
NC00962.3,RIF-0.25-0.95,0.0,GARC1,RUS,RIF,rpoB@G887A,U,{},"{""proportion"": 0.0, ""confidence"": [0.0, 0.7934506856227626], ""p_value"": 1.0, ""solo_contingency"": [[0, 1], [605, 31711]], ""contingency"": [[0, 1], [15211, 33251]]}",{}
NC00962.3,RIF-0.25-0.95,0.0,GARC1,RUS,RIF,rpoB@A902P,U,{},"{""proportion"": 0.0, ""confidence"": [0.0, 0.7934506856227626], ""p_value"": 1.0, ""solo_contingency"": [[0, 1], [605, 31711]], ""contingency"": [[0, 1], [15211, 33251]]}",{}
NC00962.3,RIF-0.25-0.95,0.0,GARC1,RUS,RIF,rpoB@A753T,U,{},"{""proportion"": 0.0, ""confidence"": [0.0, 0.7934506856227626], ""p_value"": 1.0, ""solo_contingency"": [[0, 1], [605, 31711]], ""contingency"": [[1, 1], [15210, 33251]]}",{}
NC00962.3,RIF-0.25-0.95,0.0,GARC1,RUS,RIF,rpoB@T159P,U,{},"{""proportion"": 1.0, ""confidence"": [0.20654931437723742, 1.0], ""p_value"": 0.25, ""solo_contingency"": [[1, 0], [605, 31711]], ""contingency"": [[6, 0], [15205, 33252]]}",{}
NC00962.3,RIF-0.25-0.95,0.0,GARC1,RUS,RIF,rpoB@Q432N,U,{},"{""proportion"": 1.0, ""confidence"": [0.20654931437723742, 1.0], ""p_value"": 0.25, ""solo_contingency"": [[1, 0], [605, 31711]], ""contingency"": [[1, 0], [15210, 33252]]}",{}
NC00962.3,RIF-0.25-0.95,0.0,GARC1,RUS,RIF,rpoB@D103E,U,{},"{""proportion"": 0.0, ""confidence"": [3.584186086443356e-17, 0.3543304350666874], ""p_value"": 0.20404052734375, ""solo_contingency"": [[0, 7], [605, 31711]], ""contingency"": [[0, 8], [15211, 33244]]}",{}
NC00962.3,RIF-0.25-0.95,0.0,GARC1,RUS,RIF,rpoB@1294_del_caattcatg,U,{},"{""proportion"": 0.0, ""confidence"": [0.0, 0.7934506856227626], ""p_value"": 1.0, ""solo_contingency"": [[0, 1], [605, 31711]], ""contingency"": [[0, 1], [15211, 33251]]}",{}
NC00962.3,RIF-0.25-0.95,0.0,GARC1,RUS,RIF,rpoB@A559G,U,{},"{""proportion"": 0.0, ""confidence"": [0.0, 0.7934506856227626], ""p_value"": 1.0, ""solo_contingency"": [[0, 1], [605, 31711]], ""contingency"": [[1, 1], [15210, 33251]]}",{}
NC00962.3,RIF-0.25-0.95,0.0,GARC1,RUS,RIF,rpoB@g-69t,U,{},"{""proportion"": 0.0, ""confidence"": [0.0, 0.7934506856227626], ""p_value"": 1.0, ""solo_contingency"": [[0, 1], [605, 31711]], ""contingency"": [[0, 1], [15211, 33251]]}",{}
NC00962.3,RIF-0.25-0.95,0.0,GARC1,RUS,RIF,rpoB@V77G,U,{},"{""proportion"": 0.0, ""confidence"": [0.0, 0.7934506856227626], ""p_value"": 1.0, ""solo_contingency"": [[0, 1], [605, 31711]], ""contingency"": [[0, 1], [15211, 33251]]}",{}
NC00962.3,RIF-0.25-0.95,0.0,GARC1,RUS,RIF,rpoB@K711R,U,{},"{""proportion"": 0.0, ""confidence"": [0.0, 0.7934506856227626], ""p_value"": 1.0, ""solo_contingency"": [[0, 1], [605, 31711]], ""contingency"": [[0, 1], [15211, 33251]]}",{}
NC00962.3,RIF-0.25-0.95,0.0,GARC1,RUS,RIF,rpoB@1302_del_ggaccagaa,U,{},"{""proportion"": 1.0, ""confidence"": [0.20654931437723742, 1.0], ""p_value"": 0.25, ""solo_contingency"": [[1, 0], [605, 31711]], ""contingency"": [[2, 0], [15209, 33252]]}",{}
NC00962.3,RIF-0.25-0.95,0.0,GARC1,RUS,RIF,rpoB@T288K,U,{},"{""proportion"": 0.0, ""confidence"": [0.0, 0.6576197724933469], ""p_value"": 1.0, ""solo_contingency"": [[0, 2], [605, 31711]], ""contingency"": [[0, 2], [15211, 33250]]}",{}
NC00962.3,RIF-0.25-0.95,0.0,GARC1,RUS,RIF,rpoB@1304_del_accaga,U,{},"{""proportion"": 1.0, ""confidence"": [0.3423802275066531, 1.0], ""p_value"": 0.0625, ""solo_contingency"": [[2, 0], [605, 31711]], ""contingency"": [[2, 0], [15209, 33252]]}",{}
NC00962.3,RIF-0.25-0.95,0.0,GARC1,RUS,RIF,rpoB@3439_del_gag,U,{},"{""proportion"": 0.0, ""confidence"": [0.0, 0.7934506856227626], ""p_value"": 1.0, ""solo_contingency"": [[0, 1], [605, 31711]], ""contingency"": [[0, 1], [15211, 33251]]}",{}
NC00962.3,RIF-0.25-0.95,0.0,GARC1,RUS,RIF,rpoB@K944N,U,{},"{""proportion"": 0.0, ""confidence"": [0.0, 0.6576197724933469], ""p_value"": 1.0, ""solo_contingency"": [[0, 2], [605, 31711]], ""contingency"": [[0, 2], [15211, 33250]]}",{}
NC00962.3,RIF-0.25-0.95,0.0,GARC1,RUS,RIF,rpoB@D108E,U,{},"{""proportion"": 0.0, ""confidence"": [0.0, 0.7934506856227626], ""p_value"": 1.0, ""solo_contingency"": [[0, 1], [605, 31711]], ""contingency"": [[0, 1], [15211, 33251]]}",{}
NC00962.3,RIF-0.25-0.95,0.0,GARC1,RUS,RIF,rpoB@P700L,U,{},"{""proportion"": 0.0, ""confidence"": [0.0, 0.7934506856227626], ""p_value"": 1.0, ""solo_contingency"": [[0, 1], [605, 31711]], ""contingency"": [[1, 1], [15210, 33251]]}",{}
NC00962.3,RIF-0.25-0.95,0.0,GARC1,RUS,RIF,rpoB@N963S,U,{},"{""proportion"": 0.0, ""confidence"": [0.0, 0.6576197724933469], ""p_value"": 1.0, ""solo_contingency"": [[0, 2], [605, 31711]], ""contingency"": [[0, 2], [15211, 33250]]}",{}
NC00962.3,RIF-0.25-0.95,0.0,GARC1,RUS,RIF,rpoB@P682A,U,{},"{""proportion"": 0.0, ""confidence"": [0.0, 0.6576197724933469], ""p_value"": 1.0, ""solo_contingency"": [[0, 2], [605, 31711]], ""contingency"": [[0, 2], [15211, 33250]]}",{}
NC00962.3,RIF-0.25-0.95,0.0,GARC1,RUS,RIF,rpoB@L862R,U,{},"{""proportion"": 1.0, ""confidence"": [0.20654931437723742, 1.0], ""p_value"": 0.25, ""solo_contingency"": [[1, 0], [605, 31711]], ""contingency"": [[5, 0], [15206, 33252]]}",{}
NC00962.3,RIF-0.25-0.95,0.0,GARC1,RUS,RIF,rpoB@31_ins_ctagtc,U,{},"{""proportion"": 0.0, ""confidence"": [0.0, 0.4898908364545973], ""p_value"": 0.578125, ""solo_contingency"": [[0, 4], [605, 31711]], ""contingency"": [[0, 4], [15211, 33248]]}",{}
NC00962.3,RIF-0.25-0.95,0.0,GARC1,RUS,RIF,rpoB@A29T,U,{},"{""proportion"": 0.0, ""confidence"": [0.0, 0.7934506856227626], ""p_value"": 1.0, ""solo_contingency"": [[0, 1], [605, 31711]], ""contingency"": [[0, 1], [15211, 33251]]}",{}
NC00962.3,RIF-0.25-0.95,0.0,GARC1,RUS,RIF,rpoB@a-3g,U,{},"{""proportion"": 0.0, ""confidence"": [0.0, 0.7934506856227626], ""p_value"": 1.0, ""solo_contingency"": [[0, 1], [605, 31711]], ""contingency"": [[0, 1], [15211, 33251]]}",{}
NC00962.3,RIF-0.25-0.95,0.0,GARC1,RUS,RIF,rpoB@A943T,U,{},"{""proportion"": 0.0, ""confidence"": [0.0, 0.32440756488388023], ""p_value"": 0.21392822265625003, ""solo_contingency"": [[0, 8], [605, 31711]], ""contingency"": [[0, 8], [15211, 33244]]}",{}
NC00962.3,RIF-0.25-0.95,0.0,GARC1,RUS,RIF,rpoB@T427N,U,{},"{""proportion"": 0.0, ""confidence"": [0.0, 0.7934506856227626], ""p_value"": 1.0, ""solo_contingency"": [[0, 1], [605, 31711]], ""contingency"": [[0, 1], [15211, 33251]]}",{}
NC00962.3,RIF-0.25-0.95,0.0,GARC1,RUS,RIF,rpoB@1297_del_ttcatggac,U,{},"{""proportion"": 1.0, ""confidence"": [0.20654931437723742, 1.0], ""p_value"": 0.25, ""solo_contingency"": [[1, 0], [605, 31711]], ""contingency"": [[2, 0], [15209, 33252]]}",{}
NC00962.3,RIF-0.25-0.95,0.0,GARC1,RUS,RIF,rpoB@H445N,U,{},"{""proportion"": 0.27586206896551724, ""confidence"": [0.19294289080315388, 0.3777377157580035], ""p_value"": 0.6202670929575411, ""solo_contingency"": [[24, 63], [605, 31711]], ""contingency"": [[88, 71], [15123, 33181]]}",{}
NC00962.3,RIF-0.25-0.95,0.0,GARC1,RUS,RIF,rpoB@D120G,U,{},"{""proportion"": 0.0, ""confidence"": [0.0, 0.7934506856227626], ""p_value"": 1.0, ""solo_contingency"": [[0, 1], [605, 31711]], ""contingency"": [[0, 1], [15211, 33251]]}",{}
NC00962.3,RIF-0.25-0.95,0.0,GARC1,RUS,RIF,rpoB@A451V,U,{},"{""proportion"": 0.0, ""confidence"": [0.0, 0.6576197724933469], ""p_value"": 1.0, ""solo_contingency"": [[0, 2], [605, 31711]], ""contingency"": [[6, 2], [15205, 33250]]}",{}
NC00962.3,RIF-0.25-0.95,0.0,GARC1,RUS,RIF,rpoB@M121I,U,{},"{""proportion"": 0.0, ""confidence"": [0.0, 0.4898908364545973], ""p_value"": 0.578125, ""solo_contingency"": [[0, 4], [605, 31711]], ""contingency"": [[1, 4], [15210, 33248]]}",{}
NC00962.3,RIF-0.25-0.95,0.0,GARC1,RUS,RIF,rpoB@D997E,U,{},"{""proportion"": 0.0, ""confidence"": [0.0, 0.7934506856227626], ""p_value"": 1.0, ""solo_contingency"": [[0, 1], [605, 31711]], ""contingency"": [[0, 1], [15211, 33251]]}",{}
NC00962.3,RIF-0.25-0.95,0.0,GARC1,RUS,RIF,rpoB@L443F,U,{},"{""proportion"": 0.0, ""confidence"": [0.0, 0.7934506856227626], ""p_value"": 1.0, ""solo_contingency"": [[0, 1], [605, 31711]], ""contingency"": [[2, 1], [15209, 33251]]}",{}
NC00962.3,RIF-0.25-0.95,0.0,GARC1,RUS,RIF,rpoB@V310G,U,{},"{""proportion"": 0.0, ""confidence"": [0.0, 0.7934506856227626], ""p_value"": 1.0, ""solo_contingency"": [[0, 1], [605, 31711]], ""contingency"": [[0, 1], [15211, 33251]]}",{}
NC00962.3,RIF-0.25-0.95,0.0,GARC1,RUS,RIF,rpoB@S441A,U,{},"{""proportion"": 0.0, ""confidence"": [0.0, 0.7934506856227626], ""p_value"": 1.0, ""solo_contingency"": [[0, 1], [605, 31711]], ""contingency"": [[1, 1], [15210, 33251]]}",{}
NC00962.3,RIF-0.25-0.95,0.0,GARC1,RUS,RIF,rpoB@V867A,U,{},"{""proportion"": 0.0, ""confidence"": [0.0, 0.7934506856227626], ""p_value"": 1.0, ""solo_contingency"": [[0, 1], [605, 31711]], ""contingency"": [[0, 1], [15211, 33251]]}",{}
NC00962.3,RIF-0.25-0.95,0.0,GARC1,RUS,RIF,rpoB@G28R,U,{},"{""proportion"": 0.0, ""confidence"": [3.384324554477539e-17, 0.39033428790216534], ""p_value"": 0.347412109375, ""solo_contingency"": [[0, 6], [605, 31711]], ""contingency"": [[0, 6], [15211, 33246]]}",{}
NC00962.3,RIF-0.25-0.95,0.0,GARC1,RUS,RIF,rpoB@A686T,U,{},"{""proportion"": 0.1, ""confidence"": [0.01787621309507289, 0.4041500267952385], ""p_value"": 0.46815013885498047, ""solo_contingency"": [[1, 9], [605, 31711]], ""contingency"": [[1, 9], [15210, 33243]]}",{}
NC00962.3,RIF-0.25-0.95,0.0,GARC1,RUS,RIF,rpoB@E646G,U,{},"{""proportion"": 0.0, ""confidence"": [0.0, 0.7934506856227626], ""p_value"": 1.0, ""solo_contingency"": [[0, 1], [605, 31711]], ""contingency"": [[0, 1], [15211, 33251]]}",{}
NC00962.3,RIF-0.25-0.95,0.0,GARC1,RUS,RIF,rpoB@a-83g,U,{},"{""proportion"": 0.0, ""confidence"": [0.0, 0.2588329669680317], ""p_value"": 0.07656264305114746, ""solo_contingency"": [[0, 11], [605, 31711]], ""contingency"": [[14, 21], [15197, 33231]]}",{}
NC00962.3,RIF-0.25-0.95,0.0,GARC1,RUS,RIF,rpoB@P454L,U,{},"{""proportion"": 0.0, ""confidence"": [3.584186086443356e-17, 0.3543304350666874], ""p_value"": 0.20404052734375, ""solo_contingency"": [[0, 7], [605, 31711]], ""contingency"": [[3, 8], [15208, 33244]]}",{}
NC00962.3,RIF-0.25-0.95,0.0,GARC1,RUS,RIF,rpoB@I1106M,U,{},"{""proportion"": 0.0, ""confidence"": [0.0, 0.7934506856227626], ""p_value"": 1.0, ""solo_contingency"": [[0, 1], [605, 31711]], ""contingency"": [[0, 1], [15211, 33251]]}",{}
NC00962.3,RIF-0.25-0.95,0.0,GARC1,RUS,RIF,rpoB@A692T,U,{},"{""proportion"": 0.0, ""confidence"": [0.0, 0.2588329669680317], ""p_value"": 0.07656264305114746, ""solo_contingency"": [[0, 11], [605, 31711]], ""contingency"": [[148, 13], [15063, 33239]]}",{}
NC00962.3,RIF-0.25-0.95,0.0,GARC1,RUS,RIF,rpoB@A960E,U,{},"{""proportion"": 0.0, ""confidence"": [0.0, 0.6576197724933469], ""p_value"": 1.0, ""solo_contingency"": [[0, 2], [605, 31711]], ""contingency"": [[3, 2], [15208, 33250]]}",{}
NC00962.3,RIF-0.25-0.95,0.0,GARC1,RUS,RIF,rpoB@I965V,U,{},"{""proportion"": 0.0, ""confidence"": [0.0, 0.43448246478317476], ""p_value"": 0.34082031250000006, ""solo_contingency"": [[0, 5], [605, 31711]], ""contingency"": [[0, 6], [15211, 33246]]}",{}
NC00962.3,RIF-0.25-0.95,0.0,GARC1,RUS,RIF,rpoB@D435L,U,{},"{""proportion"": 1.0, ""confidence"": [0.3423802275066531, 1.0], ""p_value"": 0.0625, ""solo_contingency"": [[2, 0], [605, 31711]], ""contingency"": [[2, 0], [15209, 33252]]}",{}
NC00962.3,RIF-0.25-0.95,0.0,GARC1,RUS,RIF,rpoB@R397L,U,{},"{""proportion"": 0.0, ""confidence"": [0.0, 0.7934506856227626], ""p_value"": 1.0, ""solo_contingency"": [[0, 1], [605, 31711]], ""contingency"": [[0, 1], [15211, 33251]]}",{}
NC00962.3,RIF-0.25-0.95,0.0,GARC1,RUS,RIF,rpoB@C681G,U,{},"{""proportion"": 0.0, ""confidence"": [0.0, 0.7934506856227626], ""p_value"": 1.0, ""solo_contingency"": [[0, 1], [605, 31711]], ""contingency"": [[0, 2], [15211, 33250]]}",{}
NC00962.3,RIF-0.25-0.95,0.0,GARC1,RUS,RIF,rpoB@I491M,U,{},"{""proportion"": 0.3333333333333333, ""confidence"": [0.061491944720396215, 0.7923403991979523], ""p_value"": 1.0, ""solo_contingency"": [[1, 2], [605, 31711]], ""contingency"": [[24, 2], [15187, 33250]]}",{}
NC00962.3,RIF-0.25-0.95,0.0,GARC1,RUS,RIF,rpoB@E639G,U,{},"{""proportion"": 0.0, ""confidence"": [0.0, 0.43448246478317476], ""p_value"": 0.34082031250000006, ""solo_contingency"": [[0, 5], [605, 31711]], ""contingency"": [[0, 5], [15211, 33247]]}",{}
NC00962.3,RIF-0.25-0.95,0.0,GARC1,RUS,RIF,rpoB@L1132V,U,{},"{""proportion"": 0.0, ""confidence"": [0.0, 0.7934506856227626], ""p_value"": 1.0, ""solo_contingency"": [[0, 1], [605, 31711]], ""contingency"": [[0, 1], [15211, 33251]]}",{}
NC00962.3,RIF-0.25-0.95,0.0,GARC1,RUS,RIF,rpoB@K939Q,U,{},"{""proportion"": 0.0, ""confidence"": [4.8683609171202235e-17, 0.5614970317550455], ""p_value"": 1.0, ""solo_contingency"": [[0, 3], [605, 31711]], ""contingency"": [[0, 3], [15211, 33249]]}",{}
NC00962.3,RIF-0.25-0.95,0.0,GARC1,RUS,RIF,rpoB@K446E,U,{},"{""proportion"": 0.0, ""confidence"": [0.0, 0.7934506856227626], ""p_value"": 1.0, ""solo_contingency"": [[0, 1], [605, 31711]], ""contingency"": [[3, 1], [15208, 33251]]}",{}
NC00962.3,RIF-0.25-0.95,0.0,GARC1,RUS,RIF,rpoB@H343R,U,{},"{""proportion"": 0.0, ""confidence"": [0.0, 0.6576197724933469], ""p_value"": 1.0, ""solo_contingency"": [[0, 2], [605, 31711]], ""contingency"": [[2, 2], [15209, 33250]]}",{}
NC00962.3,RIF-0.25-0.95,0.0,GARC1,RUS,RIF,rpoB@E360Q,U,{},"{""proportion"": 0.0, ""confidence"": [0.0, 0.7934506856227626], ""p_value"": 1.0, ""solo_contingency"": [[0, 1], [605, 31711]], ""contingency"": [[0, 1], [15211, 33251]]}",{}
NC00962.3,RIF-0.25-0.95,0.0,GARC1,RUS,RIF,rpoB@E639K,U,{},"{""proportion"": 0.0, ""confidence"": [0.0, 0.7934506856227626], ""p_value"": 1.0, ""solo_contingency"": [[0, 1], [605, 31711]], ""contingency"": [[0, 1], [15211, 33251]]}",{}
NC00962.3,RIF-0.25-0.95,0.0,GARC1,RUS,RIF,rpoB@T1018A,U,{},"{""proportion"": 0.0, ""confidence"": [0.0, 0.7934506856227626], ""p_value"": 1.0, ""solo_contingency"": [[0, 1], [605, 31711]], ""contingency"": [[0, 1], [15211, 33251]]}",{}
NC00962.3,RIF-0.25-0.95,0.0,GARC1,RUS,RIF,rpoB@N163D,U,{},"{""proportion"": 0.0, ""confidence"": [4.8683609171202235e-17, 0.5614970317550455], ""p_value"": 1.0, ""solo_contingency"": [[0, 3], [605, 31711]], ""contingency"": [[1, 3], [15210, 33249]]}",{}
NC00962.3,RIF-0.25-0.95,0.0,GARC1,RUS,RIF,rpoB@c-26t,U,{},"{""proportion"": 0.0, ""confidence"": [0.0, 0.7934506856227626], ""p_value"": 1.0, ""solo_contingency"": [[0, 1], [605, 31711]], ""contingency"": [[0, 1], [15211, 33251]]}",{}
NC00962.3,RIF-0.25-0.95,0.0,GARC1,RUS,RIF,rpoB@S98A,U,{},"{""proportion"": 0.0, ""confidence"": [0.0, 0.7934506856227626], ""p_value"": 1.0, ""solo_contingency"": [[0, 1], [605, 31711]], ""contingency"": [[0, 1], [15211, 33251]]}",{}
NC00962.3,RIF-0.25-0.95,0.0,GARC1,RUS,RIF,rpoB@E738A,U,{},"{""proportion"": 0.0, ""confidence"": [0.0, 0.6576197724933469], ""p_value"": 1.0, ""solo_contingency"": [[0, 2], [605, 31711]], ""contingency"": [[0, 3], [15211, 33249]]}",{}
NC00962.3,RIF-0.25-0.95,0.0,GARC1,RUS,RIF,rpoB@c-88t,U,{},"{""proportion"": 0.0, ""confidence"": [0.0, 0.6576197724933469], ""p_value"": 1.0, ""solo_contingency"": [[0, 2], [605, 31711]], ""contingency"": [[0, 2], [15211, 33250]]}",{}
NC00962.3,RIF-0.25-0.95,0.0,GARC1,RUS,RIF,rpoB@H445F,U,{},"{""proportion"": 1.0, ""confidence"": [0.20654931437723742, 1.0], ""p_value"": 0.25, ""solo_contingency"": [[1, 0], [605, 31711]], ""contingency"": [[3, 0], [15208, 33252]]}",{}
NC00962.3,RIF-0.25-0.95,0.0,GARC1,RUS,RIF,rpoB@N292S,U,{},"{""proportion"": 0.0, ""confidence"": [4.8683609171202235e-17, 0.5614970317550455], ""p_value"": 1.0, ""solo_contingency"": [[0, 3], [605, 31711]], ""contingency"": [[0, 3], [15211, 33249]]}",{}
NC00962.3,RIF-0.25-0.95,0.0,GARC1,RUS,RIF,rpoB@F295L,U,{},"{""proportion"": 0.0, ""confidence"": [0.0, 0.43448246478317476], ""p_value"": 0.34082031250000006, ""solo_contingency"": [[0, 5], [605, 31711]], ""contingency"": [[0, 5], [15211, 33247]]}",{}
NC00962.3,RIF-0.25-0.95,0.0,GARC1,RUS,RIF,rpoB@E156D,U,{},"{""proportion"": 0.0, ""confidence"": [4.8683609171202235e-17, 0.5614970317550455], ""p_value"": 1.0, ""solo_contingency"": [[0, 3], [605, 31711]], ""contingency"": [[0, 3], [15211, 33249]]}",{}
NC00962.3,RIF-0.25-0.95,0.0,GARC1,RUS,RIF,rpoB@P321S,U,{},"{""proportion"": 0.0, ""confidence"": [0.0, 0.7934506856227626], ""p_value"": 1.0, ""solo_contingency"": [[0, 1], [605, 31711]], ""contingency"": [[0, 1], [15211, 33251]]}",{}
NC00962.3,RIF-0.25-0.95,0.0,GARC1,RUS,RIF,rpoB@E320D,U,{},"{""proportion"": 0.0, ""confidence"": [4.8683609171202235e-17, 0.5614970317550455], ""p_value"": 1.0, ""solo_contingency"": [[0, 3], [605, 31711]], ""contingency"": [[0, 3], [15211, 33249]]}",{}
NC00962.3,RIF-0.25-0.95,0.0,GARC1,RUS,RIF,rpoB@G516D,U,{},"{""proportion"": 0.0, ""confidence"": [0.0, 0.6576197724933469], ""p_value"": 1.0, ""solo_contingency"": [[0, 2], [605, 31711]], ""contingency"": [[0, 2], [15211, 33250]]}",{}
NC00962.3,RIF-0.25-0.95,0.0,GARC1,RUS,RIF,rpoB@G945E,U,{},"{""proportion"": 0.0, ""confidence"": [0.0, 0.2775327998628892], ""p_value"": 0.07604122161865237, ""solo_contingency"": [[0, 10], [605, 31711]], ""contingency"": [[1, 10], [15210, 33242]]}",{}
NC00962.3,RIF-0.25-0.95,0.0,GARC1,RUS,RIF,rpoB@H749R,U,{},"{""proportion"": 0.0, ""confidence"": [0.0, 0.7934506856227626], ""p_value"": 1.0, ""solo_contingency"": [[0, 1], [605, 31711]], ""contingency"": [[0, 1], [15211, 33251]]}",{}
NC00962.3,RIF-0.25-0.95,0.0,GARC1,RUS,RIF,rpoB@P954R,U,{},"{""proportion"": 0.0, ""confidence"": [4.8683609171202235e-17, 0.5614970317550455], ""p_value"": 1.0, ""solo_contingency"": [[0, 3], [605, 31711]], ""contingency"": [[0, 3], [15211, 33249]]}",{}
NC00962.3,RIF-0.25-0.95,0.0,GARC1,RUS,RIF,rpoB@A536V,U,{},"{""proportion"": 0.0, ""confidence"": [0.0, 0.7934506856227626], ""p_value"": 1.0, ""solo_contingency"": [[0, 1], [605, 31711]], ""contingency"": [[0, 1], [15211, 33251]]}",{}
NC00962.3,RIF-0.25-0.95,0.0,GARC1,RUS,RIF,rpoB@R499Q,U,{},"{""proportion"": 0.0, ""confidence"": [0.0, 0.7934506856227626], ""p_value"": 1.0, ""solo_contingency"": [[0, 1], [605, 31711]], ""contingency"": [[0, 1], [15211, 33251]]}",{}
NC00962.3,RIF-0.25-0.95,0.0,GARC1,RUS,RIF,rpoB@A527V,U,{},"{""proportion"": 0.0, ""confidence"": [0.0, 0.7934506856227626], ""p_value"": 1.0, ""solo_contingency"": [[0, 1], [605, 31711]], ""contingency"": [[0, 1], [15211, 33251]]}",{}
NC00962.3,RIF-0.25-0.95,0.0,GARC1,RUS,RIF,rpoB@A69P,U,{},"{""proportion"": 0.0, ""confidence"": [0.0, 0.32440756488388023], ""p_value"": 0.21392822265625003, ""solo_contingency"": [[0, 8], [605, 31711]], ""contingency"": [[0, 8], [15211, 33244]]}",{}
NC00962.3,RIF-0.25-0.95,0.0,GARC1,RUS,RIF,rpoB@V613F,U,{},"{""proportion"": 0.0, ""confidence"": [3.384324554477539e-17, 0.39033428790216534], ""p_value"": 0.347412109375, ""solo_contingency"": [[0, 6], [605, 31711]], ""contingency"": [[0, 6], [15211, 33246]]}",{}
NC00962.3,RIF-0.25-0.95,0.0,GARC1,RUS,RIF,rpoB@D897G,U,{},"{""proportion"": 0.0, ""confidence"": [0.0, 0.7934506856227626], ""p_value"": 1.0, ""solo_contingency"": [[0, 1], [605, 31711]], ""contingency"": [[0, 1], [15211, 33251]]}",{}
NC00962.3,RIF-0.25-0.95,0.0,GARC1,RUS,RIF,rpoB@P27H,U,{},"{""proportion"": 0.0, ""confidence"": [3.584186086443356e-17, 0.3543304350666874], ""p_value"": 0.20404052734375, ""solo_contingency"": [[0, 7], [605, 31711]], ""contingency"": [[0, 7], [15211, 33245]]}",{}
NC00962.3,RIF-0.25-0.95,0.0,GARC1,RUS,RIF,rpoB@P358S,U,{},"{""proportion"": 0.0, ""confidence"": [0.0, 0.7934506856227626], ""p_value"": 1.0, ""solo_contingency"": [[0, 1], [605, 31711]], ""contingency"": [[0, 1], [15211, 33251]]}",{}
NC00962.3,RIF-0.25-0.95,0.0,GARC1,RUS,RIF,rpoB@G95R,U,{},"{""proportion"": 0.0, ""confidence"": [0.0, 0.7934506856227626], ""p_value"": 1.0, ""solo_contingency"": [[0, 1], [605, 31711]], ""contingency"": [[0, 1], [15211, 33251]]}",{}
NC00962.3,RIF-0.25-0.95,0.0,GARC1,RUS,RIF,rpoB@M398V,U,{},"{""proportion"": 0.0, ""confidence"": [0.0, 0.7934506856227626], ""p_value"": 1.0, ""solo_contingency"": [[0, 1], [605, 31711]], ""contingency"": [[0, 1], [15211, 33251]]}",{}
NC00962.3,RIF-0.25-0.95,0.0,GARC1,RUS,RIF,rpoB@A934V,U,{},"{""proportion"": 0.0, ""confidence"": [0.0, 0.7934506856227626], ""p_value"": 1.0, ""solo_contingency"": [[0, 1], [605, 31711]], ""contingency"": [[0, 1], [15211, 33251]]}",{}
NC00962.3,RIF-0.25-0.95,0.0,GARC1,RUS,RIF,rpoB@E645G,U,{},"{""proportion"": 0.0, ""confidence"": [0.0, 0.7934506856227626], ""p_value"": 1.0, ""solo_contingency"": [[0, 1], [605, 31711]], ""contingency"": [[0, 1], [15211, 33251]]}",{}
NC00962.3,RIF-0.25-0.95,0.0,GARC1,RUS,RIF,rpoB@E805A,U,{},"{""proportion"": 0.0, ""confidence"": [0.0, 0.7934506856227626], ""p_value"": 1.0, ""solo_contingency"": [[0, 1], [605, 31711]], ""contingency"": [[0, 1], [15211, 33251]]}",{}
NC00962.3,RIF-0.25-0.95,0.0,GARC1,RUS,RIF,rpoB@E1145G,U,{},"{""proportion"": 0.0, ""confidence"": [4.8683609171202235e-17, 0.5614970317550455], ""p_value"": 1.0, ""solo_contingency"": [[0, 3], [605, 31711]], ""contingency"": [[0, 3], [15211, 33249]]}",{}
NC00962.3,RIF-0.25-0.95,0.0,GARC1,RUS,RIF,rpoB@c-84a,U,{},"{""proportion"": 0.0, ""confidence"": [0.0, 0.7934506856227626], ""p_value"": 1.0, ""solo_contingency"": [[0, 1], [605, 31711]], ""contingency"": [[0, 1], [15211, 33251]]}",{}
NC00962.3,RIF-0.25-0.95,0.0,GARC1,RUS,RIF,rpoB@N369D,U,{},"{""proportion"": 0.0, ""confidence"": [0.0, 0.7934506856227626], ""p_value"": 1.0, ""solo_contingency"": [[0, 1], [605, 31711]], ""contingency"": [[0, 1], [15211, 33251]]}",{}
NC00962.3,RIF-0.25-0.95,0.0,GARC1,RUS,RIF,rpoB@P1014R,U,{},"{""proportion"": 0.0, ""confidence"": [4.8683609171202235e-17, 0.5614970317550455], ""p_value"": 1.0, ""solo_contingency"": [[0, 3], [605, 31711]], ""contingency"": [[0, 3], [15211, 33249]]}",{}
NC00962.3,RIF-0.25-0.95,0.0,GARC1,RUS,RIF,rpoB@t-30c,U,{},"{""proportion"": 0.0, ""confidence"": [0.0, 0.7934506856227626], ""p_value"": 1.0, ""solo_contingency"": [[0, 1], [605, 31711]], ""contingency"": [[0, 1], [15211, 33251]]}",{}
NC00962.3,RIF-0.25-0.95,0.0,GARC1,RUS,RIF,rpoB@P988S,U,{},"{""proportion"": 0.0, ""confidence"": [0.0, 0.7934506856227626], ""p_value"": 1.0, ""solo_contingency"": [[0, 1], [605, 31711]], ""contingency"": [[0, 1], [15211, 33251]]}",{}
NC00962.3,RIF-0.25-0.95,0.0,GARC1,RUS,RIF,rpoB@c-54a,U,{},"{""proportion"": 0.0, ""confidence"": [0.0, 0.7934506856227626], ""p_value"": 1.0, ""solo_contingency"": [[0, 1], [605, 31711]], ""contingency"": [[0, 1], [15211, 33251]]}",{}
NC00962.3,RIF-0.25-0.95,0.0,GARC1,RUS,RIF,rpoB@G659D,U,{},"{""proportion"": 0.0, ""confidence"": [0.0, 0.7934506856227626], ""p_value"": 1.0, ""solo_contingency"": [[0, 1], [605, 31711]], ""contingency"": [[0, 1], [15211, 33251]]}",{}
NC00962.3,RIF-0.25-0.95,0.0,GARC1,RUS,RIF,rpoB@I892T,U,{},"{""proportion"": 0.0, ""confidence"": [0.0, 0.6576197724933469], ""p_value"": 1.0, ""solo_contingency"": [[0, 2], [605, 31711]], ""contingency"": [[0, 2], [15211, 33250]]}",{}
NC00962.3,RIF-0.25-0.95,0.0,GARC1,RUS,RIF,rpoB@Y572C,U,{},"{""proportion"": 0.0, ""confidence"": [4.8683609171202235e-17, 0.5614970317550455], ""p_value"": 1.0, ""solo_contingency"": [[0, 3], [605, 31711]], ""contingency"": [[0, 3], [15211, 33249]]}",{}
NC00962.3,RIF-0.25-0.95,0.0,GARC1,RUS,RIF,rpoB@E789K,U,{},"{""proportion"": 0.0, ""confidence"": [0.0, 0.7934506856227626], ""p_value"": 1.0, ""solo_contingency"": [[0, 1], [605, 31711]], ""contingency"": [[0, 1], [15211, 33251]]}",{}
NC00962.3,RIF-0.25-0.95,0.0,GARC1,RUS,RIF,rpoB@D209N,U,{},"{""proportion"": 0.0, ""confidence"": [0.0, 0.6576197724933469], ""p_value"": 1.0, ""solo_contingency"": [[0, 2], [605, 31711]], ""contingency"": [[0, 2], [15211, 33250]]}",{}
NC00962.3,RIF-0.25-0.95,0.0,GARC1,RUS,RIF,rpoB@V198L,U,{},"{""proportion"": 0.0, ""confidence"": [0.0, 0.7934506856227626], ""p_value"": 1.0, ""solo_contingency"": [[0, 1], [605, 31711]], ""contingency"": [[0, 1], [15211, 33251]]}",{}
NC00962.3,RIF-0.25-0.95,0.0,GARC1,RUS,RIF,rpoB@F548L,U,{},"{""proportion"": 0.0, ""confidence"": [0.0, 0.7934506856227626], ""p_value"": 1.0, ""solo_contingency"": [[0, 1], [605, 31711]], ""contingency"": [[0, 1], [15211, 33251]]}",{}
NC00962.3,RIF-0.25-0.95,0.0,GARC1,RUS,RIF,rpoB@D3G,U,{},"{""proportion"": 0.0, ""confidence"": [0.0, 0.2775327998628892], ""p_value"": 0.07604122161865237, ""solo_contingency"": [[0, 10], [605, 31711]], ""contingency"": [[0, 10], [15211, 33242]]}",{}
NC00962.3,RIF-0.25-0.95,0.0,GARC1,RUS,RIF,rpoB@A942T,U,{},"{""proportion"": 0.0, ""confidence"": [0.0, 0.7934506856227626], ""p_value"": 1.0, ""solo_contingency"": [[0, 1], [605, 31711]], ""contingency"": [[0, 1], [15211, 33251]]}",{}
NC00962.3,RIF-0.25-0.95,0.0,GARC1,RUS,RIF,rpoB@S67F,U,{},"{""proportion"": 0.0, ""confidence"": [0.0, 0.7934506856227626], ""p_value"": 1.0, ""solo_contingency"": [[0, 1], [605, 31711]], ""contingency"": [[0, 1], [15211, 33251]]}",{}
NC00962.3,RIF-0.25-0.95,0.0,GARC1,RUS,RIF,rpoB@E132D,U,{},"{""proportion"": 0.0, ""confidence"": [4.8683609171202235e-17, 0.5614970317550455], ""p_value"": 1.0, ""solo_contingency"": [[0, 3], [605, 31711]], ""contingency"": [[0, 3], [15211, 33249]]}",{}
NC00962.3,RIF-0.25-0.95,0.0,GARC1,RUS,RIF,rpoB@R225Q,U,{},"{""proportion"": 0.0, ""confidence"": [0.0, 0.7934506856227626], ""p_value"": 1.0, ""solo_contingency"": [[0, 1], [605, 31711]], ""contingency"": [[0, 1], [15211, 33251]]}",{}
NC00962.3,RIF-0.25-0.95,0.0,GARC1,RUS,RIF,rpoB@A998V,U,{},"{""proportion"": 0.0, ""confidence"": [0.0, 0.6576197724933469], ""p_value"": 1.0, ""solo_contingency"": [[0, 2], [605, 31711]], ""contingency"": [[0, 2], [15211, 33250]]}",{}
NC00962.3,RIF-0.25-0.95,0.0,GARC1,RUS,RIF,rpoB@V865M,U,{},"{""proportion"": 0.0, ""confidence"": [0.0, 0.7934506856227626], ""p_value"": 1.0, ""solo_contingency"": [[0, 1], [605, 31711]], ""contingency"": [[0, 1], [15211, 33251]]}",{}
NC00962.3,RIF-0.25-0.95,0.0,GARC1,RUS,RIF,rpoB@V262F,U,{},"{""proportion"": 0.0, ""confidence"": [0.0, 0.7934506856227626], ""p_value"": 1.0, ""solo_contingency"": [[0, 1], [605, 31711]], ""contingency"": [[0, 1], [15211, 33251]]}",{}
NC00962.3,RIF-0.25-0.95,0.0,GARC1,RUS,RIF,rpoB@D107N,U,{},"{""proportion"": 0.0, ""confidence"": [0.0, 0.7934506856227626], ""p_value"": 1.0, ""solo_contingency"": [[0, 1], [605, 31711]], ""contingency"": [[0, 1], [15211, 33251]]}",{}
NC00962.3,RIF-0.25-0.95,0.0,GARC1,RUS,RIF,rpoB@G217S,U,{},"{""proportion"": 0.0, ""confidence"": [0.0, 0.7934506856227626], ""p_value"": 1.0, ""solo_contingency"": [[0, 1], [605, 31711]], ""contingency"": [[2, 1], [15209, 33251]]}",{}
NC00962.3,RIF-0.25-0.95,0.0,GARC1,RUS,RIF,rpoB@A632G,U,{},"{""proportion"": 0.0, ""confidence"": [0.0, 0.7934506856227626], ""p_value"": 1.0, ""solo_contingency"": [[0, 1], [605, 31711]], ""contingency"": [[0, 1], [15211, 33251]]}",{}
NC00962.3,RIF-0.25-0.95,0.0,GARC1,RUS,RIF,rpoB@V332I,U,{},"{""proportion"": 0.0, ""confidence"": [0.0, 0.7934506856227626], ""p_value"": 1.0, ""solo_contingency"": [[0, 1], [605, 31711]], ""contingency"": [[0, 1], [15211, 33251]]}",{}
NC00962.3,RIF-0.25-0.95,0.0,GARC1,RUS,RIF,rpoB@T444I,U,{},"{""proportion"": 0.0, ""confidence"": [0.0, 0.7934506856227626], ""p_value"": 1.0, ""solo_contingency"": [[0, 1], [605, 31711]], ""contingency"": [[3, 1], [15208, 33251]]}",{}
NC00962.3,RIF-0.25-0.95,0.0,GARC1,RUS,RIF,rpoB@A868V,U,{},"{""proportion"": 0.0, ""confidence"": [0.0, 0.7934506856227626], ""p_value"": 1.0, ""solo_contingency"": [[0, 1], [605, 31711]], ""contingency"": [[0, 1], [15211, 33251]]}",{}
NC00962.3,RIF-0.25-0.95,0.0,GARC1,RUS,RIF,rpoB@M573T,U,{},"{""proportion"": 0.0, ""confidence"": [3.384324554477539e-17, 0.39033428790216534], ""p_value"": 0.347412109375, ""solo_contingency"": [[0, 6], [605, 31711]], ""contingency"": [[0, 6], [15211, 33246]]}",{}
NC00962.3,RIF-0.25-0.95,0.0,GARC1,RUS,RIF,rpoB@P30A,U,{},"{""proportion"": 0.0, ""confidence"": [3.584186086443356e-17, 0.3543304350666874], ""p_value"": 0.20404052734375, ""solo_contingency"": [[0, 7], [605, 31711]], ""contingency"": [[2, 7], [15209, 33245]]}",{}
NC00962.3,RIF-0.25-0.95,0.0,GARC1,RUS,RIF,rpoB@E344Q,U,{},"{""proportion"": 0.0, ""confidence"": [0.0, 0.4898908364545973], ""p_value"": 0.578125, ""solo_contingency"": [[0, 4], [605, 31711]], ""contingency"": [[0, 4], [15211, 33248]]}",{}
NC00962.3,RIF-0.25-0.95,0.0,GARC1,RUS,RIF,rpoB@S641R,U,{},"{""proportion"": 0.0, ""confidence"": [0.0, 0.7934506856227626], ""p_value"": 1.0, ""solo_contingency"": [[0, 1], [605, 31711]], ""contingency"": [[0, 1], [15211, 33251]]}",{}
NC00962.3,RIF-0.25-0.95,0.0,GARC1,RUS,RIF,rpoB@M624T,U,{},"{""proportion"": 0.0, ""confidence"": [0.0, 0.7934506856227626], ""p_value"": 1.0, ""solo_contingency"": [[0, 1], [605, 31711]], ""contingency"": [[0, 1], [15211, 33251]]}",{}
NC00962.3,RIF-0.25-0.95,0.0,GARC1,RUS,RIF,rpoB@-59_del_g,U,{},"{""proportion"": 0.0, ""confidence"": [0.0, 0.7934506856227626], ""p_value"": 1.0, ""solo_contingency"": [[0, 1], [605, 31711]], ""contingency"": [[0, 1], [15211, 33251]]}",{}
NC00962.3,RIF-0.25-0.95,0.0,GARC1,RUS,RIF,rpoB@A68V,U,{},"{""proportion"": 0.0, ""confidence"": [0.0, 0.7934506856227626], ""p_value"": 1.0, ""solo_contingency"": [[0, 1], [605, 31711]], ""contingency"": [[0, 1], [15211, 33251]]}",{}
NC00962.3,RIF-0.25-0.95,0.0,GARC1,RUS,RIF,rpoB@E1011A,U,{},"{""proportion"": 0.0, ""confidence"": [0.0, 0.7934506856227626], ""p_value"": 1.0, ""solo_contingency"": [[0, 1], [605, 31711]], ""contingency"": [[0, 1], [15211, 33251]]}",{}
NC00962.3,RIF-0.25-0.95,0.0,GARC1,RUS,RIF,rpoB@R222S,U,{},"{""proportion"": 0.0, ""confidence"": [0.0, 0.7934506856227626], ""p_value"": 1.0, ""solo_contingency"": [[0, 1], [605, 31711]], ""contingency"": [[0, 1], [15211, 33251]]}",{}
NC00962.3,RIF-0.25-0.95,0.0,GARC1,RUS,RIF,rpoB@D543G,U,{},"{""proportion"": 0.0, ""confidence"": [0.0, 0.6576197724933469], ""p_value"": 1.0, ""solo_contingency"": [[0, 2], [605, 31711]], ""contingency"": [[0, 2], [15211, 33250]]}",{}
NC00962.3,RIF-0.25-0.95,0.0,GARC1,RUS,RIF,rpoB@c-49t,U,{},"{""proportion"": 0.0, ""confidence"": [0.0, 0.6576197724933469], ""p_value"": 1.0, ""solo_contingency"": [[0, 2], [605, 31711]], ""contingency"": [[0, 2], [15211, 33250]]}",{}
NC00962.3,RIF-0.25-0.95,0.0,GARC1,RUS,RIF,rpoB@S450V,U,{},"{""proportion"": 0.0, ""confidence"": [4.8683609171202235e-17, 0.5614970317550455], ""p_value"": 1.0, ""solo_contingency"": [[0, 3], [605, 31711]], ""contingency"": [[2, 4], [15209, 33248]]}",{}
NC00962.3,RIF-0.25-0.95,0.0,GARC1,RUS,RIF,rpoB@P988A,U,{},"{""proportion"": 0.0, ""confidence"": [0.0, 0.6576197724933469], ""p_value"": 1.0, ""solo_contingency"": [[0, 2], [605, 31711]], ""contingency"": [[0, 2], [15211, 33250]]}",{}
NC00962.3,RIF-0.25-0.95,0.0,GARC1,RUS,RIF,rpoB@S672F,U,{},"{""proportion"": 0.0, ""confidence"": [0.0, 0.6576197724933469], ""p_value"": 1.0, ""solo_contingency"": [[0, 2], [605, 31711]], ""contingency"": [[4, 2], [15207, 33250]]}",{}
NC00962.3,RIF-0.25-0.95,0.0,GARC1,RUS,RIF,rpoB@E721D,U,{},"{""proportion"": 0.0, ""confidence"": [0.0, 0.7934506856227626], ""p_value"": 1.0, ""solo_contingency"": [[0, 1], [605, 31711]], ""contingency"": [[0, 1], [15211, 33251]]}",{}
NC00962.3,RIF-0.25-0.95,0.0,GARC1,RUS,RIF,rpoB@S493W,U,{},"{""proportion"": 0.0, ""confidence"": [4.8683609171202235e-17, 0.5614970317550455], ""p_value"": 1.0, ""solo_contingency"": [[0, 3], [605, 31711]], ""contingency"": [[0, 3], [15211, 33249]]}",{}
NC00962.3,RIF-0.25-0.95,0.0,GARC1,RUS,RIF,rpoB@P502L,U,{},"{""proportion"": 0.0, ""confidence"": [0.0, 0.7934506856227626], ""p_value"": 1.0, ""solo_contingency"": [[0, 1], [605, 31711]], ""contingency"": [[0, 1], [15211, 33251]]}",{}
NC00962.3,RIF-0.25-0.95,0.0,GARC1,RUS,RIF,rpoB@A29V,U,{},"{""proportion"": 0.0, ""confidence"": [0.0, 0.7934506856227626], ""p_value"": 1.0, ""solo_contingency"": [[0, 1], [605, 31711]], ""contingency"": [[0, 1], [15211, 33251]]}",{}
NC00962.3,RIF-0.25-0.95,0.0,GARC1,RUS,RIF,rpoB@S1134R,U,{},"{""proportion"": 0.0, ""confidence"": [0.0, 0.7934506856227626], ""p_value"": 1.0, ""solo_contingency"": [[0, 1], [605, 31711]], ""contingency"": [[0, 1], [15211, 33251]]}",{}
NC00962.3,RIF-0.25-0.95,0.0,GARC1,RUS,RIF,rpoB@1289_del_tgagccaattca,U,{},"{""proportion"": 1.0, ""confidence"": [0.20654931437723742, 1.0], ""p_value"": 0.25, ""solo_contingency"": [[1, 0], [605, 31711]], ""contingency"": [[1, 0], [15210, 33252]]}",{}
NC00962.3,RIF-0.25-0.95,0.0,GARC1,RUS,RIF,rpoB@D211V,U,{},"{""proportion"": 0.0, ""confidence"": [0.0, 0.6576197724933469], ""p_value"": 1.0, ""solo_contingency"": [[0, 2], [605, 31711]], ""contingency"": [[0, 2], [15211, 33250]]}",{}
NC00962.3,RIF-0.25-0.95,0.0,GARC1,RUS,RIF,rpoB@D903N,U,{},"{""proportion"": 0.0, ""confidence"": [0.0, 0.6576197724933469], ""p_value"": 1.0, ""solo_contingency"": [[0, 2], [605, 31711]], ""contingency"": [[0, 2], [15211, 33250]]}",{}
NC00962.3,RIF-0.25-0.95,0.0,GARC1,RUS,RIF,rpoB@S441V,U,{},"{""proportion"": 0.6666666666666666, ""confidence"": [0.20765960080204768, 0.9385080552796037], ""p_value"": 0.15625, ""solo_contingency"": [[2, 1], [605, 31711]], ""contingency"": [[2, 1], [15209, 33251]]}",{}
NC00962.3,RIF-0.25-0.95,0.0,GARC1,RUS,RIF,rpoB@1294_del_caa,U,{},"{""proportion"": 1.0, ""confidence"": [0.3423802275066531, 1.0], ""p_value"": 0.0625, ""solo_contingency"": [[2, 0], [605, 31711]], ""contingency"": [[2, 0], [15209, 33252]]}",{}
NC00962.3,RIF-0.25-0.95,0.0,GARC1,RUS,RIF,rpoB@1303_del_gac,U,{},"{""proportion"": 1.0, ""confidence"": [0.20654931437723742, 1.0], ""p_value"": 0.25, ""solo_contingency"": [[1, 0], [605, 31711]], ""contingency"": [[1, 1], [15210, 33251]]}",{}
NC00962.3,RIF-0.25-0.95,0.0,GARC1,RUS,RIF,rpoB@D1146G,U,{},"{""proportion"": 0.0, ""confidence"": [0.0, 0.7934506856227626], ""p_value"": 1.0, ""solo_contingency"": [[0, 1], [605, 31711]], ""contingency"": [[1, 1], [15210, 33251]]}",{}
NC00962.3,RIF-0.25-0.95,0.0,GARC1,RUS,RIF,rpoB@I162V,U,{},"{""proportion"": 0.0, ""confidence"": [0.0, 0.7934506856227626], ""p_value"": 1.0, ""solo_contingency"": [[0, 1], [605, 31711]], ""contingency"": [[0, 1], [15211, 33251]]}",{}
NC00962.3,RIF-0.25-0.95,0.0,GARC1,RUS,RIF,rpoB@D634G,U,{},"{""proportion"": 0.0, ""confidence"": [0.0, 0.43448246478317476], ""p_value"": 0.34082031250000006, ""solo_contingency"": [[0, 5], [605, 31711]], ""contingency"": [[2, 7], [15209, 33245]]}",{}
NC00962.3,RIF-0.25-0.95,0.0,GARC1,RUS,RIF,rpoB@1277_del_gcacca,U,{},"{""proportion"": 0.75, ""confidence"": [0.3006418425824019, 0.9544127391902995], ""p_value"": 0.05078125, ""solo_contingency"": [[3, 1], [605, 31711]], ""contingency"": [[4, 1], [15207, 33251]]}",{}
NC00962.3,RIF-0.25-0.95,0.0,GARC1,RUS,RIF,rpoB@V168M,U,{},"{""proportion"": 1.0, ""confidence"": [0.20654931437723742, 1.0], ""p_value"": 0.25, ""solo_contingency"": [[1, 0], [605, 31711]], ""contingency"": [[2, 0], [15209, 33252]]}",{}
NC00962.3,RIF-0.25-0.95,0.0,GARC1,RUS,RIF,rpoB@E761D,U,{},"{""proportion"": 1.0, ""confidence"": [0.3423802275066531, 1.0], ""p_value"": 0.0625, ""solo_contingency"": [[2, 0], [605, 31711]], ""contingency"": [[229, 1], [14982, 33251]]}",{}
NC00962.3,RIF-0.25-0.95,0.0,GARC1,RUS,RIF,rpoB@P454S,U,{},"{""proportion"": 0.0, ""confidence"": [0.0, 0.7934506856227626], ""p_value"": 1.0, ""solo_contingency"": [[0, 1], [605, 31711]], ""contingency"": [[1, 1], [15210, 33251]]}",{}
NC00962.3,RIF-0.25-0.95,0.0,GARC1,RUS,RIF,rpoB@L452Q,U,{},"{""proportion"": 0.0, ""confidence"": [0.0, 0.7934506856227626], ""p_value"": 1.0, ""solo_contingency"": [[0, 1], [605, 31711]], ""contingency"": [[0, 1], [15211, 33251]]}",{}
NC00962.3,RIF-0.25-0.95,0.0,GARC1,RUS,RIF,rpoB@Q537R,U,{},"{""proportion"": 0.0, ""confidence"": [0.0, 0.7934506856227626], ""p_value"": 1.0, ""solo_contingency"": [[0, 1], [605, 31711]], ""contingency"": [[0, 1], [15211, 33251]]}",{}
NC00962.3,RIF-0.25-0.95,0.0,GARC1,RUS,RIF,rpoB@P439L,U,{},"{""proportion"": 0.0, ""confidence"": [0.0, 0.7934506856227626], ""p_value"": 1.0, ""solo_contingency"": [[0, 1], [605, 31711]], ""contingency"": [[0, 1], [15211, 33251]]}",{}
NC00962.3,RIF-0.25-0.95,0.0,GARC1,RUS,RIF,rpoB@T427G,U,{},"{""proportion"": 0.0, ""confidence"": [0.0, 0.7934506856227626], ""p_value"": 1.0, ""solo_contingency"": [[0, 1], [605, 31711]], ""contingency"": [[0, 1], [15211, 33251]]}",{}
NC00962.3,RIF-0.25-0.95,0.0,GARC1,RUS,RIF,rpoB@T427A,U,{},"{""proportion"": 0.0, ""confidence"": [0.0, 0.7934506856227626], ""p_value"": 1.0, ""solo_contingency"": [[0, 1], [605, 31711]], ""contingency"": [[3, 1], [15208, 33251]]}",{}
NC00962.3,RIF-0.25-0.95,0.0,GARC1,RUS,RIF,rpoB@M1070I,U,{},"{""proportion"": 0.0, ""confidence"": [0.0, 0.6576197724933469], ""p_value"": 1.0, ""solo_contingency"": [[0, 2], [605, 31711]], ""contingency"": [[0, 2], [15211, 33250]]}",{}
NC00962.3,RIF-0.25-0.95,0.0,GARC1,RUS,RIF,rpoB@S239R,U,{},"{""proportion"": 0.0, ""confidence"": [0.0, 0.7934506856227626], ""p_value"": 1.0, ""solo_contingency"": [[0, 1], [605, 31711]], ""contingency"": [[0, 1], [15211, 33251]]}",{}
NC00962.3,RIF-0.25-0.95,0.0,GARC1,RUS,RIF,rpoB@V517M,U,{},"{""proportion"": 0.0, ""confidence"": [0.0, 0.7934506856227626], ""p_value"": 1.0, ""solo_contingency"": [[0, 1], [605, 31711]], ""contingency"": [[0, 1], [15211, 33251]]}",{}
NC00962.3,RIF-0.25-0.95,0.0,GARC1,RUS,RIF,rpoB@K298R,U,{},"{""proportion"": 0.0, ""confidence"": [0.0, 0.7934506856227626], ""p_value"": 1.0, ""solo_contingency"": [[0, 1], [605, 31711]], ""contingency"": [[0, 1], [15211, 33251]]}",{}
NC00962.3,RIF-0.25-0.95,0.0,GARC1,RUS,RIF,rpoB@L232V,U,{},"{""proportion"": 0.0, ""confidence"": [0.0, 0.7934506856227626], ""p_value"": 1.0, ""solo_contingency"": [[0, 1], [605, 31711]], ""contingency"": [[0, 1], [15211, 33251]]}",{}
NC00962.3,RIF-0.25-0.95,0.0,GARC1,RUS,RIF,rpoB@G492S,U,{},"{""proportion"": 0.0, ""confidence"": [0.0, 0.7934506856227626], ""p_value"": 1.0, ""solo_contingency"": [[0, 1], [605, 31711]], ""contingency"": [[0, 1], [15211, 33251]]}",{}
NC00962.3,RIF-0.25-0.95,0.0,GARC1,RUS,RIF,rpoB@V534M,U,{},"{""proportion"": 0.0, ""confidence"": [0.0, 0.7934506856227626], ""p_value"": 1.0, ""solo_contingency"": [[0, 1], [605, 31711]], ""contingency"": [[25, 1], [15186, 33251]]}",{}
NC00962.3,RIF-0.25-0.95,0.0,GARC1,RUS,RIF,rpoB@K37N,U,{},"{""proportion"": 0.0, ""confidence"": [0.0, 0.7934506856227626], ""p_value"": 1.0, ""solo_contingency"": [[0, 1], [605, 31711]], ""contingency"": [[0, 1], [15211, 33251]]}",{}
NC00962.3,RIF-0.25-0.95,0.0,GARC1,RUS,RIF,rpoB@H533R,U,{},"{""proportion"": 0.0, ""confidence"": [0.0, 0.7934506856227626], ""p_value"": 1.0, ""solo_contingency"": [[0, 1], [605, 31711]], ""contingency"": [[0, 1], [15211, 33251]]}",{}
NC00962.3,RIF-0.25-0.95,0.0,GARC1,RUS,RIF,rpoB@G890D,U,{},"{""proportion"": 0.0, ""confidence"": [0.0, 0.43448246478317476], ""p_value"": 0.34082031250000006, ""solo_contingency"": [[0, 5], [605, 31711]], ""contingency"": [[0, 5], [15211, 33247]]}",{}
NC00962.3,RIF-0.25-0.95,0.0,GARC1,RUS,RIF,rpoB@F208L,U,{},"{""proportion"": 0.3333333333333333, ""confidence"": [0.061491944720396215, 0.7923403991979523], ""p_value"": 1.0, ""solo_contingency"": [[1, 2], [605, 31711]], ""contingency"": [[2, 2], [15209, 33250]]}",{}
NC00962.3,RIF-0.25-0.95,0.0,GARC1,RUS,RIF,rpoB@V1168F,U,{},"{""proportion"": 0.0, ""confidence"": [0.0, 0.6576197724933469], ""p_value"": 1.0, ""solo_contingency"": [[0, 2], [605, 31711]], ""contingency"": [[0, 2], [15211, 33250]]}",{}
NC00962.3,RIF-0.25-0.95,0.0,GARC1,RUS,RIF,rpoB@R547S,U,{},"{""proportion"": 0.0, ""confidence"": [0.0, 0.6576197724933469], ""p_value"": 1.0, ""solo_contingency"": [[0, 2], [605, 31711]], ""contingency"": [[0, 2], [15211, 33250]]}",{}
NC00962.3,RIF-0.25-0.95,0.0,GARC1,RUS,RIF,rpoB@L48F,U,{},"{""proportion"": 0.0, ""confidence"": [0.0, 0.4898908364545973], ""p_value"": 0.578125, ""solo_contingency"": [[0, 4], [605, 31711]], ""contingency"": [[1, 4], [15210, 33248]]}",{}
NC00962.3,RIF-0.25-0.95,0.0,GARC1,RUS,RIF,rpoB@T52S,U,{},"{""proportion"": 0.0, ""confidence"": [0.0, 0.7934506856227626], ""p_value"": 1.0, ""solo_contingency"": [[0, 1], [605, 31711]], ""contingency"": [[0, 1], [15211, 33251]]}",{}
NC00962.3,RIF-0.25-0.95,0.0,GARC1,RUS,RIF,rpoB@V179M,U,{},"{""proportion"": 0.0, ""confidence"": [0.0, 0.7934506856227626], ""p_value"": 1.0, ""solo_contingency"": [[0, 1], [605, 31711]], ""contingency"": [[0, 1], [15211, 33251]]}",{}
NC00962.3,RIF-0.25-0.95,0.0,GARC1,RUS,RIF,rpoB@M153V,U,{},"{""proportion"": 0.0, ""confidence"": [0.0, 0.7934506856227626], ""p_value"": 1.0, ""solo_contingency"": [[0, 1], [605, 31711]], ""contingency"": [[0, 1], [15211, 33251]]}",{}
NC00962.3,RIF-0.25-0.95,0.0,GARC1,RUS,RIF,rpoB@D363Y,U,{},"{""proportion"": 0.0, ""confidence"": [0.0, 0.7934506856227626], ""p_value"": 1.0, ""solo_contingency"": [[0, 1], [605, 31711]], ""contingency"": [[0, 1], [15211, 33251]]}",{}
NC00962.3,RIF-0.25-0.95,0.0,GARC1,RUS,RIF,rpoB@G426S,U,{},"{""proportion"": 0.0, ""confidence"": [0.0, 0.7934506856227626], ""p_value"": 1.0, ""solo_contingency"": [[0, 1], [605, 31711]], ""contingency"": [[0, 1], [15211, 33251]]}",{}
NC00962.3,RIF-0.25-0.95,0.0,GARC1,RUS,RIF,rpoB@G642S,U,{},"{""proportion"": 0.0, ""confidence"": [0.0, 0.7934506856227626], ""p_value"": 1.0, ""solo_contingency"": [[0, 1], [605, 31711]], ""contingency"": [[0, 1], [15211, 33251]]}",{}
NC00962.3,RIF-0.25-0.95,0.0,GARC1,RUS,RIF,rpoB@I751V,U,{},"{""proportion"": 0.0, ""confidence"": [0.0, 0.7934506856227626], ""p_value"": 1.0, ""solo_contingency"": [[0, 1], [605, 31711]], ""contingency"": [[0, 1], [15211, 33251]]}",{}
NC00962.3,RIF-0.25-0.95,0.0,GARC1,RUS,RIF,rpoB@A950V,U,{},"{""proportion"": 0.0, ""confidence"": [0.0, 0.7934506856227626], ""p_value"": 1.0, ""solo_contingency"": [[0, 1], [605, 31711]], ""contingency"": [[0, 1], [15211, 33251]]}",{}
NC00962.3,RIF-0.25-0.95,0.0,GARC1,RUS,RIF,rpoB@V351I,U,{},"{""proportion"": 0.0, ""confidence"": [0.0, 0.7934506856227626], ""p_value"": 1.0, ""solo_contingency"": [[0, 1], [605, 31711]], ""contingency"": [[0, 1], [15211, 33251]]}",{}
NC00962.3,RIF-0.25-0.95,0.0,GARC1,RUS,RIF,rpoB@A1002P,U,{},"{""proportion"": 0.0, ""confidence"": [4.8683609171202235e-17, 0.5614970317550455], ""p_value"": 1.0, ""solo_contingency"": [[0, 3], [605, 31711]], ""contingency"": [[0, 3], [15211, 33249]]}",{}
NC00962.3,RIF-0.25-0.95,0.0,GARC1,RUS,RIF,rpoB@P541L,U,{},"{""proportion"": 0.0, ""confidence"": [0.0, 0.7934506856227626], ""p_value"": 1.0, ""solo_contingency"": [[0, 1], [605, 31711]], ""contingency"": [[0, 1], [15211, 33251]]}",{}
NC00962.3,RIF-0.25-0.95,0.0,GARC1,RUS,RIF,rpoB@D955N,U,{},"{""proportion"": 0.0, ""confidence"": [3.584186086443356e-17, 0.3543304350666874], ""p_value"": 0.20404052734375, ""solo_contingency"": [[0, 7], [605, 31711]], ""contingency"": [[0, 7], [15211, 33245]]}",{}
NC00962.3,RIF-0.25-0.95,0.0,GARC1,RUS,RIF,rpoB@c-66t,U,{},"{""proportion"": 0.0, ""confidence"": [0.0, 0.43448246478317476], ""p_value"": 0.34082031250000006, ""solo_contingency"": [[0, 5], [605, 31711]], ""contingency"": [[0, 5], [15211, 33247]]}",{}
NC00962.3,RIF-0.25-0.95,0.0,GARC1,RUS,RIF,rpoB@K37R,U,{},"{""proportion"": 0.0, ""confidence"": [0.0, 0.7934506856227626], ""p_value"": 1.0, ""solo_contingency"": [[0, 1], [605, 31711]], ""contingency"": [[7, 1], [15204, 33251]]}",{}
NC00962.3,RIF-0.25-0.95,0.0,GARC1,RUS,RIF,rpoB@E337K,U,{},"{""proportion"": 0.0, ""confidence"": [0.0, 0.7934506856227626], ""p_value"": 1.0, ""solo_contingency"": [[0, 1], [605, 31711]], ""contingency"": [[0, 1], [15211, 33251]]}",{}
NC00962.3,RIF-0.25-0.95,0.0,GARC1,RUS,RIF,rpoB@L1004I,U,{},"{""proportion"": 0.0, ""confidence"": [0.0, 0.7934506856227626], ""p_value"": 1.0, ""solo_contingency"": [[0, 1], [605, 31711]], ""contingency"": [[0, 1], [15211, 33251]]}",{}
NC00962.3,RIF-0.25-0.95,0.0,GARC1,RUS,RIF,rpoB@V44A,U,{},"{""proportion"": 0.0, ""confidence"": [0.0, 0.7934506856227626], ""p_value"": 1.0, ""solo_contingency"": [[0, 1], [605, 31711]], ""contingency"": [[0, 1], [15211, 33251]]}",{}
NC00962.3,RIF-0.25-0.95,0.0,GARC1,RUS,RIF,rpoB@V895F,U,{},"{""proportion"": 0.0, ""confidence"": [0.0, 0.7934506856227626], ""p_value"": 1.0, ""solo_contingency"": [[0, 1], [605, 31711]], ""contingency"": [[0, 1], [15211, 33251]]}",{}
NC00962.3,RIF-0.25-0.95,0.0,GARC1,RUS,RIF,rpoB@K309E,U,{},"{""proportion"": 0.0, ""confidence"": [0.0, 0.7934506856227626], ""p_value"": 1.0, ""solo_contingency"": [[0, 1], [605, 31711]], ""contingency"": [[0, 1], [15211, 33251]]}",{}
NC00962.3,RIF-0.25-0.95,0.0,GARC1,RUS,RIF,rpoB@T9I,U,{},"{""proportion"": 0.0, ""confidence"": [0.0, 0.7934506856227626], ""p_value"": 1.0, ""solo_contingency"": [[0, 1], [605, 31711]], ""contingency"": [[1, 1], [15210, 33251]]}",{}
NC00962.3,RIF-0.25-0.95,0.0,GARC1,RUS,RIF,rpoB@N963D,U,{},"{""proportion"": 0.0, ""confidence"": [0.0, 0.7934506856227626], ""p_value"": 1.0, ""solo_contingency"": [[0, 1], [605, 31711]], ""contingency"": [[0, 1], [15211, 33251]]}",{}
NC00962.3,RIF-0.25-0.95,0.0,GARC1,RUS,RIF,rpoB@L893V,U,{},"{""proportion"": 0.0, ""confidence"": [4.8683609171202235e-17, 0.5614970317550455], ""p_value"": 1.0, ""solo_contingency"": [[0, 3], [605, 31711]], ""contingency"": [[0, 3], [15211, 33249]]}",{}
NC00962.3,RIF-0.25-0.95,0.0,GARC1,RUS,RIF,rpoB@D520V,U,{},"{""proportion"": 0.0, ""confidence"": [0.0, 0.7934506856227626], ""p_value"": 1.0, ""solo_contingency"": [[0, 1], [605, 31711]], ""contingency"": [[0, 1], [15211, 33251]]}",{}
NC00962.3,RIF-0.25-0.95,0.0,GARC1,RUS,RIF,rpoB@G945R,U,{},"{""proportion"": 0.0, ""confidence"": [0.0, 0.7934506856227626], ""p_value"": 1.0, ""solo_contingency"": [[0, 1], [605, 31711]], ""contingency"": [[0, 1], [15211, 33251]]}",{}
NC00962.3,RIF-0.25-0.95,0.0,GARC1,RUS,RIF,rpoB@G560A,U,{},"{""proportion"": 0.0, ""confidence"": [0.0, 0.7934506856227626], ""p_value"": 1.0, ""solo_contingency"": [[0, 1], [605, 31711]], ""contingency"": [[0, 1], [15211, 33251]]}",{}
NC00962.3,RIF-0.25-0.95,0.0,GARC1,RUS,RIF,rpoB@D270E,U,{},"{""proportion"": 0.0, ""confidence"": [0.0, 0.6576197724933469], ""p_value"": 1.0, ""solo_contingency"": [[0, 2], [605, 31711]], ""contingency"": [[0, 2], [15211, 33250]]}",{}
NC00962.3,RIF-0.25-0.95,0.0,GARC1,RUS,RIF,rpoB@L879P,U,{},"{""proportion"": 0.0, ""confidence"": [0.0, 0.7934506856227626], ""p_value"": 1.0, ""solo_contingency"": [[0, 1], [605, 31711]], ""contingency"": [[0, 1], [15211, 33251]]}",{}
NC00962.3,RIF-0.25-0.95,0.0,GARC1,RUS,RIF,rpoB@T347I,U,{},"{""proportion"": 0.0, ""confidence"": [0.0, 0.7934506856227626], ""p_value"": 1.0, ""solo_contingency"": [[0, 1], [605, 31711]], ""contingency"": [[0, 1], [15211, 33251]]}",{}
NC00962.3,RIF-0.25-0.95,0.0,GARC1,RUS,RIF,rpoB@c-94t,U,{},"{""proportion"": 0.0, ""confidence"": [4.8683609171202235e-17, 0.5614970317550455], ""p_value"": 1.0, ""solo_contingency"": [[0, 3], [605, 31711]], ""contingency"": [[0, 3], [15211, 33249]]}",{}
NC00962.3,RIF-0.25-0.95,0.0,GARC1,RUS,RIF,rpoB@T653A,U,{},"{""proportion"": 0.0, ""confidence"": [0.0, 0.6576197724933469], ""p_value"": 1.0, ""solo_contingency"": [[0, 2], [605, 31711]], ""contingency"": [[0, 2], [15211, 33250]]}",{}
NC00962.3,RIF-0.25-0.95,0.0,GARC1,RUS,RIF,rpoB@a-53g,U,{},"{""proportion"": 0.0, ""confidence"": [0.0, 0.6576197724933469], ""p_value"": 1.0, ""solo_contingency"": [[0, 2], [605, 31711]], ""contingency"": [[0, 2], [15211, 33250]]}",{}
NC00962.3,RIF-0.25-0.95,0.0,GARC1,RUS,RIF,rpoB@V262A,U,{},"{""proportion"": 1.0, ""confidence"": [0.20654931437723742, 1.0], ""p_value"": 0.25, ""solo_contingency"": [[1, 0], [605, 31711]], ""contingency"": [[2, 0], [15209, 33252]]}",{}
NC00962.3,RIF-0.25-0.95,0.0,GARC1,RUS,RIF,rpoB@A2T,U,{},"{""proportion"": 1.0, ""confidence"": [0.20654931437723742, 1.0], ""p_value"": 0.25, ""solo_contingency"": [[1, 0], [605, 31711]], ""contingency"": [[1, 0], [15210, 33252]]}",{}
NC00962.3,RIF-0.25-0.95,0.0,GARC1,RUS,RIF,rpoB@A628G,U,{},"{""proportion"": 0.0, ""confidence"": [0.0, 0.7934506856227626], ""p_value"": 1.0, ""solo_contingency"": [[0, 1], [605, 31711]], ""contingency"": [[0, 1], [15211, 33251]]}",{}
NC00962.3,RIF-0.25-0.95,0.0,GARC1,RUS,RIF,rpoB@G546S,U,{},"{""proportion"": 0.0, ""confidence"": [0.0, 0.7934506856227626], ""p_value"": 1.0, ""solo_contingency"": [[0, 1], [605, 31711]], ""contingency"": [[0, 1], [15211, 33251]]}",{}
NC00962.3,RIF-0.25-0.95,0.0,GARC1,RUS,RIF,rpoB@M707T,U,{},"{""proportion"": 0.5, ""confidence"": [0.09453120573423071, 0.9054687942657693], ""p_value"": 0.4375, ""solo_contingency"": [[1, 1], [605, 31711]], ""contingency"": [[1, 1], [15210, 33251]]}",{}
NC00962.3,RIF-0.25-0.95,0.0,GARC1,RUS,RIF,rpoB@Q606K,U,{},"{""proportion"": 0.0, ""confidence"": [4.8683609171202235e-17, 0.5614970317550455], ""p_value"": 1.0, ""solo_contingency"": [[0, 3], [605, 31711]], ""contingency"": [[2, 3], [15209, 33249]]}",{}
NC00962.3,RIF-0.25-0.95,0.0,GARC1,RUS,RIF,rpoB@G693V,U,{},"{""proportion"": 0.0, ""confidence"": [0.0, 0.6576197724933469], ""p_value"": 1.0, ""solo_contingency"": [[0, 2], [605, 31711]], ""contingency"": [[0, 2], [15211, 33250]]}",{}
NC00962.3,RIF-0.25-0.95,0.0,GARC1,RUS,RIF,rpoB@S1124A,U,{},"{""proportion"": 0.0, ""confidence"": [0.0, 0.6576197724933469], ""p_value"": 1.0, ""solo_contingency"": [[0, 2], [605, 31711]], ""contingency"": [[0, 2], [15211, 33250]]}",{}
NC00962.3,RIF-0.25-0.95,0.0,GARC1,RUS,RIF,rpoB@S12T,U,{},"{""proportion"": 0.0, ""confidence"": [0.0, 0.43448246478317476], ""p_value"": 0.34082031250000006, ""solo_contingency"": [[0, 5], [605, 31711]], ""contingency"": [[0, 5], [15211, 33247]]}",{}
NC00962.3,RIF-0.25-0.95,0.0,GARC1,RUS,RIF,rpoB@P227Q,U,{},"{""proportion"": 0.0, ""confidence"": [0.0, 0.7934506856227626], ""p_value"": 1.0, ""solo_contingency"": [[0, 1], [605, 31711]], ""contingency"": [[0, 1], [15211, 33251]]}",{}
NC00962.3,RIF-0.25-0.95,0.0,GARC1,RUS,RIF,rpoB@I783V,U,{},"{""proportion"": 0.0, ""confidence"": [4.8683609171202235e-17, 0.5614970317550455], ""p_value"": 1.0, ""solo_contingency"": [[0, 3], [605, 31711]], ""contingency"": [[0, 3], [15211, 33249]]}",{}
NC00962.3,RIF-0.25-0.95,0.0,GARC1,RUS,RIF,rpoB@D1006G,U,{},"{""proportion"": 0.0, ""confidence"": [0.0, 0.7934506856227626], ""p_value"": 1.0, ""solo_contingency"": [[0, 1], [605, 31711]], ""contingency"": [[0, 1], [15211, 33251]]}",{}
NC00962.3,RIF-0.25-0.95,0.0,GARC1,RUS,RIF,rpoB@A334D,U,{},"{""proportion"": 0.0, ""confidence"": [0.0, 0.7934506856227626], ""p_value"": 1.0, ""solo_contingency"": [[0, 1], [605, 31711]], ""contingency"": [[0, 1], [15211, 33251]]}",{}
NC00962.3,RIF-0.25-0.95,0.0,GARC1,RUS,RIF,rpoB@E780A,U,{},"{""proportion"": 0.0, ""confidence"": [0.0, 0.6576197724933469], ""p_value"": 1.0, ""solo_contingency"": [[0, 2], [605, 31711]], ""contingency"": [[0, 2], [15211, 33250]]}",{}
NC00962.3,RIF-0.25-0.95,0.0,GARC1,RUS,RIF,rpoB@G981D,U,{},"{""proportion"": 1.0, ""confidence"": [0.20654931437723742, 1.0], ""p_value"": 0.25, ""solo_contingency"": [[1, 0], [605, 31711]], ""contingency"": [[1, 0], [15210, 33252]]}",{}
NC00962.3,RIF-0.25-0.95,0.0,GARC1,RUS,RIF,rpoB@P682T,U,{},"{""proportion"": 0.0, ""confidence"": [0.0, 0.7934506856227626], ""p_value"": 1.0, ""solo_contingency"": [[0, 1], [605, 31711]], ""contingency"": [[0, 1], [15211, 33251]]}",{}
NC00962.3,RIF-0.25-0.95,0.0,GARC1,RUS,RIF,rpoB@D53N,U,{},"{""proportion"": 0.0, ""confidence"": [0.0, 0.4898908364545973], ""p_value"": 0.578125, ""solo_contingency"": [[0, 4], [605, 31711]], ""contingency"": [[0, 4], [15211, 33248]]}",{}
NC00962.3,RIF-0.25-0.95,0.0,GARC1,RUS,RIF,rpoB@R661Q,U,{},"{""proportion"": 0.0, ""confidence"": [0.0, 0.6576197724933469], ""p_value"": 1.0, ""solo_contingency"": [[0, 2], [605, 31711]], ""contingency"": [[0, 2], [15211, 33250]]}",{}
NC00962.3,RIF-0.25-0.95,0.0,GARC1,RUS,RIF,rpoB@c-73t,U,{},"{""proportion"": 0.0, ""confidence"": [0.0, 0.7934506856227626], ""p_value"": 1.0, ""solo_contingency"": [[0, 1], [605, 31711]], ""contingency"": [[0, 1], [15211, 33251]]}",{}
NC00962.3,RIF-0.25-0.95,0.0,GARC1,RUS,RIF,rpoB@V1117L,U,{},"{""proportion"": 0.0, ""confidence"": [0.0, 0.7934506856227626], ""p_value"": 1.0, ""solo_contingency"": [[0, 1], [605, 31711]], ""contingency"": [[0, 1], [15211, 33251]]}",{}
NC00962.3,RIF-0.25-0.95,0.0,GARC1,RUS,RIF,rpoB@E639Q,U,{},"{""proportion"": 0.0, ""confidence"": [0.0, 0.7934506856227626], ""p_value"": 1.0, ""solo_contingency"": [[0, 1], [605, 31711]], ""contingency"": [[0, 1], [15211, 33251]]}",{}
NC00962.3,RIF-0.25-0.95,0.0,GARC1,RUS,RIF,rpoB@D362H,U,{},"{""proportion"": 0.0, ""confidence"": [0.0, 0.7934506856227626], ""p_value"": 1.0, ""solo_contingency"": [[0, 1], [605, 31711]], ""contingency"": [[0, 1], [15211, 33251]]}",{}
NC00962.3,RIF-0.25-0.95,0.0,GARC1,RUS,RIF,rpoB@T9P,U,{},"{""proportion"": 0.0, ""confidence"": [0.0, 0.2775327998628892], ""p_value"": 0.07604122161865237, ""solo_contingency"": [[0, 10], [605, 31711]], ""contingency"": [[1, 10], [15210, 33242]]}",{}
NC00962.3,RIF-0.25-0.95,0.0,GARC1,RUS,RIF,rpoB@V77M,U,{},"{""proportion"": 0.0, ""confidence"": [0.0, 0.7934506856227626], ""p_value"": 1.0, ""solo_contingency"": [[0, 1], [605, 31711]], ""contingency"": [[0, 1], [15211, 33251]]}",{}
NC00962.3,RIF-0.25-0.95,0.0,GARC1,RUS,RIF,rpoB@R511L,U,{},"{""proportion"": 0.0, ""confidence"": [0.0, 0.7934506856227626], ""p_value"": 1.0, ""solo_contingency"": [[0, 1], [605, 31711]], ""contingency"": [[0, 1], [15211, 33251]]}",{}
NC00962.3,RIF-0.25-0.95,0.0,GARC1,RUS,RIF,rpoB@H674Q,U,{},"{""proportion"": 0.0, ""confidence"": [0.0, 0.7934506856227626], ""p_value"": 1.0, ""solo_contingency"": [[0, 1], [605, 31711]], ""contingency"": [[4, 1], [15207, 33251]]}",{}
NC00962.3,RIF-0.25-0.95,0.0,GARC1,RUS,RIF,rpoB@E66K,U,{},"{""proportion"": 0.0, ""confidence"": [0.0, 0.6576197724933469], ""p_value"": 1.0, ""solo_contingency"": [[0, 2], [605, 31711]], ""contingency"": [[0, 2], [15211, 33250]]}",{}
NC00962.3,RIF-0.25-0.95,0.0,GARC1,RUS,RIF,rpoB@V1129A,U,{},"{""proportion"": 0.0, ""confidence"": [0.0, 0.7934506856227626], ""p_value"": 1.0, ""solo_contingency"": [[0, 1], [605, 31711]], ""contingency"": [[0, 1], [15211, 33251]]}",{}
NC00962.3,RIF-0.25-0.95,0.0,GARC1,RUS,RIF,rpoB@P834L,U,{},"{""proportion"": 0.0, ""confidence"": [0.0, 0.7934506856227626], ""p_value"": 1.0, ""solo_contingency"": [[0, 1], [605, 31711]], ""contingency"": [[0, 1], [15211, 33251]]}",{}
NC00962.3,RIF-0.25-0.95,0.0,GARC1,RUS,RIF,rpoB@V695G,U,{},"{""proportion"": 0.0, ""confidence"": [0.0, 0.7934506856227626], ""p_value"": 1.0, ""solo_contingency"": [[0, 1], [605, 31711]], ""contingency"": [[0, 1], [15211, 33251]]}",{}
NC00962.3,RIF-0.25-0.95,0.0,GARC1,RUS,RIF,rpoB@L314V,U,{},"{""proportion"": 0.0, ""confidence"": [0.0, 0.7934506856227626], ""p_value"": 1.0, ""solo_contingency"": [[0, 1], [605, 31711]], ""contingency"": [[0, 1], [15211, 33251]]}",{}
NC00962.3,RIF-0.25-0.95,0.0,GARC1,RUS,RIF,rpoB@N24D,U,{},"{""proportion"": 0.0, ""confidence"": [0.0, 0.7934506856227626], ""p_value"": 1.0, ""solo_contingency"": [[0, 1], [605, 31711]], ""contingency"": [[0, 1], [15211, 33251]]}",{}
NC00962.3,RIF-0.25-0.95,0.0,GARC1,RUS,RIF,rpoB@g-96a,U,{},"{""proportion"": 0.0, ""confidence"": [0.0, 0.7934506856227626], ""p_value"": 1.0, ""solo_contingency"": [[0, 1], [605, 31711]], ""contingency"": [[0, 1], [15211, 33251]]}",{}
NC00962.3,RIF-0.25-0.95,0.0,GARC1,RUS,RIF,rpoB@L893R,U,{},"{""proportion"": 0.0, ""confidence"": [0.0, 0.6576197724933469], ""p_value"": 1.0, ""solo_contingency"": [[0, 2], [605, 31711]], ""contingency"": [[0, 3], [15211, 33249]]}",{}
NC00962.3,RIF-0.25-0.95,0.0,GARC1,RUS,RIF,rpoB@M387I,U,{},"{""proportion"": 0.0, ""confidence"": [0.0, 0.7934506856227626], ""p_value"": 1.0, ""solo_contingency"": [[0, 1], [605, 31711]], ""contingency"": [[0, 1], [15211, 33251]]}",{}
NC00962.3,RIF-0.25-0.95,0.0,GARC1,RUS,RIF,rpoB@E825G,U,{},"{""proportion"": 0.0, ""confidence"": [0.0, 0.7934506856227626], ""p_value"": 1.0, ""solo_contingency"": [[0, 1], [605, 31711]], ""contingency"": [[0, 1], [15211, 33251]]}",{}
NC00962.3,RIF-0.25-0.95,0.0,GARC1,RUS,RIF,rpoB@P30S,U,{},"{""proportion"": 0.0, ""confidence"": [0.0, 0.6576197724933469], ""p_value"": 1.0, ""solo_contingency"": [[0, 2], [605, 31711]], ""contingency"": [[0, 2], [15211, 33250]]}",{}
NC00962.3,RIF-0.25-0.95,0.0,GARC1,RUS,RIF,rpoB@D851G,U,{},"{""proportion"": 0.0, ""confidence"": [4.8683609171202235e-17, 0.5614970317550455], ""p_value"": 1.0, ""solo_contingency"": [[0, 3], [605, 31711]], ""contingency"": [[0, 3], [15211, 33249]]}",{}
NC00962.3,RIF-0.25-0.95,0.0,GARC1,RUS,RIF,rpoB@D545A,U,{},"{""proportion"": 0.0, ""confidence"": [4.8683609171202235e-17, 0.5614970317550455], ""p_value"": 1.0, ""solo_contingency"": [[0, 3], [605, 31711]], ""contingency"": [[0, 3], [15211, 33249]]}",{}
NC00962.3,RIF-0.25-0.95,0.0,GARC1,RUS,RIF,rpoB@1278_del_caccagcca,U,{},"{""proportion"": 1.0, ""confidence"": [0.20654931437723742, 1.0], ""p_value"": 0.25, ""solo_contingency"": [[1, 0], [605, 31711]], ""contingency"": [[1, 0], [15210, 33252]]}",{}
NC00962.3,RIF-0.25-0.95,0.0,GARC1,RUS,RIF,rpoB@T526S,U,{},"{""proportion"": 0.0, ""confidence"": [0.0, 0.6576197724933469], ""p_value"": 1.0, ""solo_contingency"": [[0, 2], [605, 31711]], ""contingency"": [[0, 2], [15211, 33250]]}",{}
NC00962.3,RIF-0.25-0.95,0.0,GARC1,RUS,RIF,rpoB@H1036P,U,{},"{""proportion"": 0.0, ""confidence"": [0.0, 0.7934506856227626], ""p_value"": 1.0, ""solo_contingency"": [[0, 1], [605, 31711]], ""contingency"": [[0, 1], [15211, 33251]]}",{}
NC00962.3,RIF-0.25-0.95,0.0,GARC1,RUS,RIF,rpoB@G236D,U,{},"{""proportion"": 0.0, ""confidence"": [0.0, 0.7934506856227626], ""p_value"": 1.0, ""solo_contingency"": [[0, 1], [605, 31711]], ""contingency"": [[0, 1], [15211, 33251]]}",{}
NC00962.3,RIF-0.25-0.95,0.0,GARC1,RUS,RIF,rpoB@P906L,U,{},"{""proportion"": 0.0, ""confidence"": [0.0, 0.7934506856227626], ""p_value"": 1.0, ""solo_contingency"": [[0, 1], [605, 31711]], ""contingency"": [[0, 1], [15211, 33251]]}",{}
NC00962.3,RIF-0.25-0.95,0.0,GARC1,RUS,RIF,rpoB@I506V,U,{},"{""proportion"": 0.0, ""confidence"": [0.0, 0.6576197724933469], ""p_value"": 1.0, ""solo_contingency"": [[0, 2], [605, 31711]], ""contingency"": [[0, 2], [15211, 33250]]}",{}
NC00962.3,RIF-0.25-0.95,0.0,GARC1,RUS,RIF,rpoB@D993G,U,{},"{""proportion"": 0.0, ""confidence"": [0.0, 0.7934506856227626], ""p_value"": 1.0, ""solo_contingency"": [[0, 1], [605, 31711]], ""contingency"": [[0, 1], [15211, 33251]]}",{}
NC00962.3,RIF-0.25-0.95,0.0,GARC1,RUS,RIF,rpoB@L452M,U,{},"{""proportion"": 0.0, ""confidence"": [0.0, 0.7934506856227626], ""p_value"": 1.0, ""solo_contingency"": [[0, 1], [605, 31711]], ""contingency"": [[0, 1], [15211, 33251]]}",{}
NC00962.3,RIF-0.25-0.95,0.0,GARC1,RUS,RIF,rpoB@P719S,U,{},"{""proportion"": 0.0, ""confidence"": [0.0, 0.7934506856227626], ""p_value"": 1.0, ""solo_contingency"": [[0, 1], [605, 31711]], ""contingency"": [[0, 1], [15211, 33251]]}",{}
NC00962.3,RIF-0.25-0.95,0.0,GARC1,RUS,RIF,rpoB@R952K,U,{},"{""proportion"": 0.0, ""confidence"": [0.0, 0.7934506856227626], ""p_value"": 1.0, ""solo_contingency"": [[0, 1], [605, 31711]], ""contingency"": [[0, 1], [15211, 33251]]}",{}
NC00962.3,RIF-0.25-0.95,0.0,GARC1,RUS,RIF,rpoB@M154I,U,{},"{""proportion"": 0.0, ""confidence"": [0.0, 0.7934506856227626], ""p_value"": 1.0, ""solo_contingency"": [[0, 1], [605, 31711]], ""contingency"": [[0, 1], [15211, 33251]]}",{}
NC00962.3,RIF-0.25-0.95,0.0,GARC1,RUS,RIF,rpoB@H935R,U,{},"{""proportion"": 0.0, ""confidence"": [0.0, 0.7934506856227626], ""p_value"": 1.0, ""solo_contingency"": [[0, 1], [605, 31711]], ""contingency"": [[0, 1], [15211, 33251]]}",{}
NC00962.3,RIF-0.25-0.95,0.0,GARC1,RUS,RIF,rpoB@P509S,U,{},"{""proportion"": 0.0, ""confidence"": [0.0, 0.7934506856227626], ""p_value"": 1.0, ""solo_contingency"": [[0, 1], [605, 31711]], ""contingency"": [[0, 1], [15211, 33251]]}",{}
NC00962.3,RIF-0.25-0.95,0.0,GARC1,RUS,RIF,rpoB@1333_del_cacaag,U,{},"{""proportion"": 1.0, ""confidence"": [0.20654931437723742, 1.0], ""p_value"": 0.25, ""solo_contingency"": [[1, 0], [605, 31711]], ""contingency"": [[1, 0], [15210, 33252]]}",{}
NC00962.3,RIF-0.25-0.95,0.0,GARC1,RUS,RIF,rpoB@E320G,U,{},"{""proportion"": 0.0, ""confidence"": [0.0, 0.7934506856227626], ""p_value"": 1.0, ""solo_contingency"": [[0, 1], [605, 31711]], ""contingency"": [[0, 1], [15211, 33251]]}",{}
NC00962.3,RIF-0.25-0.95,0.0,GARC1,RUS,RIF,rpoB@-80_ins_tt,U,{},"{""proportion"": 0.0, ""confidence"": [4.8683609171202235e-17, 0.5614970317550455], ""p_value"": 1.0, ""solo_contingency"": [[0, 3], [605, 31711]], ""contingency"": [[0, 3], [15211, 33249]]}",{}
NC00962.3,RIF-0.25-0.95,0.0,GARC1,RUS,RIF,rpoB@c-44t,U,{},"{""proportion"": 0.0, ""confidence"": [0.0, 0.6576197724933469], ""p_value"": 1.0, ""solo_contingency"": [[0, 2], [605, 31711]], ""contingency"": [[0, 2], [15211, 33250]]}",{}
NC00962.3,RIF-0.25-0.95,0.0,GARC1,RUS,RIF,rpoB@E639A,U,{},"{""proportion"": 0.0, ""confidence"": [4.8683609171202235e-17, 0.5614970317550455], ""p_value"": 1.0, ""solo_contingency"": [[0, 3], [605, 31711]], ""contingency"": [[0, 3], [15211, 33249]]}",{}
NC00962.3,RIF-0.25-0.95,0.0,GARC1,RUS,RIF,rpoB@T660I,U,{},"{""proportion"": 0.0, ""confidence"": [0.0, 0.7934506856227626], ""p_value"": 1.0, ""solo_contingency"": [[0, 1], [605, 31711]], ""contingency"": [[0, 1], [15211, 33251]]}",{}
NC00962.3,RIF-0.25-0.95,0.0,GARC1,RUS,RIF,rpoB@T756I,U,{},"{""proportion"": 0.0, ""confidence"": [0.0, 0.7934506856227626], ""p_value"": 1.0, ""solo_contingency"": [[0, 1], [605, 31711]], ""contingency"": [[0, 1], [15211, 33251]]}",{}
NC00962.3,RIF-0.25-0.95,0.0,GARC1,RUS,RIF,rpoB@E721G,U,{},"{""proportion"": 0.0, ""confidence"": [0.0, 0.7934506856227626], ""p_value"": 1.0, ""solo_contingency"": [[0, 1], [605, 31711]], ""contingency"": [[0, 1], [15211, 33251]]}",{}
NC00962.3,RIF-0.25-0.95,0.0,GARC1,RUS,RIF,rpoB@g-40c,U,{},"{""proportion"": 0.0, ""confidence"": [0.0, 0.6576197724933469], ""p_value"": 1.0, ""solo_contingency"": [[0, 2], [605, 31711]], ""contingency"": [[0, 2], [15211, 33250]]}",{}
NC00962.3,RIF-0.25-0.95,0.0,GARC1,RUS,RIF,rpoB@1275_del_cggcac,U,{},"{""proportion"": 0.0, ""confidence"": [0.0, 0.7934506856227626], ""p_value"": 1.0, ""solo_contingency"": [[0, 1], [605, 31711]], ""contingency"": [[0, 1], [15211, 33251]]}",{}
NC00962.3,RIF-0.25-0.95,0.0,GARC1,RUS,RIF,rpoB@D703E,U,{},"{""proportion"": 0.0, ""confidence"": [0.0, 0.7934506856227626], ""p_value"": 1.0, ""solo_contingency"": [[0, 1], [605, 31711]], ""contingency"": [[0, 1], [15211, 33251]]}",{}
NC00962.3,RIF-0.25-0.95,0.0,GARC1,RUS,RIF,rpoB@1345_del_ctgtcggcg,U,{},"{""proportion"": 1.0, ""confidence"": [0.20654931437723742, 1.0], ""p_value"": 0.25, ""solo_contingency"": [[1, 0], [605, 31711]], ""contingency"": [[1, 0], [15210, 33252]]}",{}
NC00962.3,RIF-0.25-0.95,0.0,GARC1,RUS,RIF,rpoB@L1141M,U,{},"{""proportion"": 1.0, ""confidence"": [0.20654931437723742, 1.0], ""p_value"": 0.25, ""solo_contingency"": [[1, 0], [605, 31711]], ""contingency"": [[1, 0], [15210, 33252]]}",{}
NC00962.3,RIF-0.25-0.95,0.0,GARC1,RUS,RIF,rpoB@R299H,U,{},"{""proportion"": 0.0, ""confidence"": [0.0, 0.7934506856227626], ""p_value"": 1.0, ""solo_contingency"": [[0, 1], [605, 31711]], ""contingency"": [[0, 1], [15211, 33251]]}",{}
NC00962.3,RIF-0.25-0.95,0.0,GARC1,RUS,RIF,rpoB@-62_del_c,U,{},"{""proportion"": 0.0, ""confidence"": [0.0, 0.7934506856227626], ""p_value"": 1.0, ""solo_contingency"": [[0, 1], [605, 31711]], ""contingency"": [[0, 1], [15211, 33251]]}",{}
NC00962.3,RIF-0.25-0.95,0.0,GARC1,RUS,RIF,rpoB@G992D,U,{},"{""proportion"": 0.0, ""confidence"": [0.0, 0.7934506856227626], ""p_value"": 1.0, ""solo_contingency"": [[0, 1], [605, 31711]], ""contingency"": [[0, 1], [15211, 33251]]}",{}
NC00962.3,RIF-0.25-0.95,0.0,GARC1,RUS,RIF,rpoB@K274E,U,{},"{""proportion"": 0.0, ""confidence"": [0.0, 0.7934506856227626], ""p_value"": 1.0, ""solo_contingency"": [[0, 1], [605, 31711]], ""contingency"": [[1, 1], [15210, 33251]]}",{}
NC00962.3,RIF-0.25-0.95,0.0,GARC1,RUS,RIF,rpoB@P352Q,U,{},"{""proportion"": 0.0, ""confidence"": [0.0, 0.7934506856227626], ""p_value"": 1.0, ""solo_contingency"": [[0, 1], [605, 31711]], ""contingency"": [[0, 1], [15211, 33251]]}",{}
NC00962.3,RIF-0.25-0.95,0.0,GARC1,RUS,RIF,rpoB@K298E,U,{},"{""proportion"": 0.0, ""confidence"": [0.0, 0.7934506856227626], ""p_value"": 1.0, ""solo_contingency"": [[0, 1], [605, 31711]], ""contingency"": [[0, 1], [15211, 33251]]}",{}
NC00962.3,RIF-0.25-0.95,0.0,GARC1,RUS,RIF,rpoB@H445Q,U,{},"{""proportion"": 0.0, ""confidence"": [0.0, 0.7934506856227626], ""p_value"": 1.0, ""solo_contingency"": [[0, 1], [605, 31711]], ""contingency"": [[24, 1], [15187, 33251]]}",{}
NC00962.3,RIF-0.25-0.95,0.0,GARC1,RUS,RIF,rpoB@R552L,U,{},"{""proportion"": 1.0, ""confidence"": [0.20654931437723742, 1.0], ""p_value"": 0.25, ""solo_contingency"": [[1, 0], [605, 31711]], ""contingency"": [[40, 0], [15171, 33252]]}",{}
NC00962.3,RIF-0.25-0.95,0.0,GARC1,RUS,RIF,rpoB@E639D,U,{},"{""proportion"": 0.0, ""confidence"": [0.0, 0.7934506856227626], ""p_value"": 1.0, ""solo_contingency"": [[0, 1], [605, 31711]], ""contingency"": [[5, 80], [15206, 33172]]}",{}
NC00962.3,RIF-0.25-0.95,0.0,GARC1,RUS,RIF,rpoB@S388L,U,{},"{""proportion"": 0.0, ""confidence"": [0.0, 0.6576197724933469], ""p_value"": 1.0, ""solo_contingency"": [[0, 2], [605, 31711]], ""contingency"": [[5, 81], [15206, 33171]]}",{}
NC00962.3,RIF-0.25-0.95,0.0,GARC1,RUS,RIF,rpoB@K157N,U,{},"{""proportion"": 0.0, ""confidence"": [0.0, 0.7934506856227626], ""p_value"": 1.0, ""solo_contingency"": [[0, 1], [605, 31711]], ""contingency"": [[0, 1], [15211, 33251]]}",{}
NC00962.3,RIF-0.25-0.95,0.0,GARC1,RUS,RIF,rpoB@A1152T,U,{},"{""proportion"": 0.0, ""confidence"": [0.0, 0.7934506856227626], ""p_value"": 1.0, ""solo_contingency"": [[0, 1], [605, 31711]], ""contingency"": [[0, 1], [15211, 33251]]}",{}
NC00962.3,RIF-0.25-0.95,0.0,GARC1,RUS,RIF,rpoB@P899A,U,{},"{""proportion"": 0.0, ""confidence"": [0.0, 0.7934506856227626], ""p_value"": 1.0, ""solo_contingency"": [[0, 1], [605, 31711]], ""contingency"": [[0, 1], [15211, 33251]]}",{}
NC00962.3,RIF-0.25-0.95,0.0,GARC1,RUS,RIF,rpoB@L815V,U,{},"{""proportion"": 0.0, ""confidence"": [0.0, 0.7934506856227626], ""p_value"": 1.0, ""solo_contingency"": [[0, 1], [605, 31711]], ""contingency"": [[0, 3], [15211, 33249]]}",{}
NC00962.3,RIF-0.25-0.95,0.0,GARC1,RUS,RIF,rpoB@E956D,U,{},"{""proportion"": 0.0, ""confidence"": [0.0, 0.7934506856227626], ""p_value"": 1.0, ""solo_contingency"": [[0, 1], [605, 31711]], ""contingency"": [[0, 1], [15211, 33251]]}",{}
NC00962.3,RIF-0.25-0.95,0.0,GARC1,RUS,RIF,rpoB@1282_del_agccagctg,U,{},"{""proportion"": 1.0, ""confidence"": [0.3423802275066531, 1.0], ""p_value"": 0.0625, ""solo_contingency"": [[2, 0], [605, 31711]], ""contingency"": [[2, 0], [15209, 33252]]}",{}
NC00962.3,RIF-0.25-0.95,0.0,GARC1,RUS,RIF,rpoB@V970A,U,{},"{""proportion"": 1.0, ""confidence"": [0.20654931437723742, 1.0], ""p_value"": 0.25, ""solo_contingency"": [[1, 0], [605, 31711]], ""contingency"": [[13, 0], [15198, 33252]]}",{}
NC00962.3,RIF-0.25-0.95,0.0,GARC1,RUS,RIF,rpoB@M666T,U,{},"{""proportion"": 0.0, ""confidence"": [0.0, 0.7934506856227626], ""p_value"": 1.0, ""solo_contingency"": [[0, 1], [605, 31711]], ""contingency"": [[0, 1], [15211, 33251]]}",{}
NC00962.3,RIF-0.25-0.95,0.0,GARC1,RUS,RIF,rpoB@R39S,U,{},"{""proportion"": 0.0, ""confidence"": [0.0, 0.7934506856227626], ""p_value"": 1.0, ""solo_contingency"": [[0, 1], [605, 31711]], ""contingency"": [[0, 1], [15211, 33251]]}",{}
NC00962.3,RIF-0.25-0.95,0.0,GARC1,RUS,RIF,rpoB@I910T,U,{},"{""proportion"": 0.0, ""confidence"": [0.0, 0.7934506856227626], ""p_value"": 1.0, ""solo_contingency"": [[0, 1], [605, 31711]], ""contingency"": [[0, 1], [15211, 33251]]}",{}
NC00962.3,RIF-0.25-0.95,0.0,GARC1,RUS,RIF,rpoB@M121V,U,{},"{""proportion"": 0.0, ""confidence"": [4.8683609171202235e-17, 0.5614970317550455], ""p_value"": 1.0, ""solo_contingency"": [[0, 3], [605, 31711]], ""contingency"": [[0, 3], [15211, 33249]]}",{}
NC00962.3,RIF-0.25-0.95,0.0,GARC1,RUS,RIF,rpoB@S34A,U,{},"{""proportion"": 0.0, ""confidence"": [0.0, 0.7934506856227626], ""p_value"": 1.0, ""solo_contingency"": [[0, 1], [605, 31711]], ""contingency"": [[0, 1], [15211, 33251]]}",{}
NC00962.3,RIF-0.25-0.95,0.0,GARC1,RUS,RIF,rpoB@P954H,U,{},"{""proportion"": 0.0, ""confidence"": [0.0, 0.7934506856227626], ""p_value"": 1.0, ""solo_contingency"": [[0, 1], [605, 31711]], ""contingency"": [[0, 1], [15211, 33251]]}",{}
NC00962.3,RIF-0.25-0.95,0.0,GARC1,RUS,RIF,rpoB@A857T,U,{},"{""proportion"": 0.0, ""confidence"": [0.0, 0.6576197724933469], ""p_value"": 1.0, ""solo_contingency"": [[0, 2], [605, 31711]], ""contingency"": [[0, 2], [15211, 33250]]}",{}
NC00962.3,RIF-0.25-0.95,0.0,GARC1,RUS,RIF,rpoB@V109I,U,{},"{""proportion"": 0.0, ""confidence"": [0.0, 0.7934506856227626], ""p_value"": 1.0, ""solo_contingency"": [[0, 1], [605, 31711]], ""contingency"": [[0, 1], [15211, 33251]]}",{}
NC00962.3,RIF-0.25-0.95,0.0,GARC1,RUS,RIF,rpoB@1295_del_aattca,U,{},"{""proportion"": 1.0, ""confidence"": [0.20654931437723742, 1.0], ""p_value"": 0.25, ""solo_contingency"": [[1, 0], [605, 31711]], ""contingency"": [[1, 0], [15210, 33252]]}",{}
NC00962.3,RIF-0.25-0.95,0.0,GARC1,RUS,RIF,rpoB@1291_ins_gcc,U,{},"{""proportion"": 0.3333333333333333, ""confidence"": [0.061491944720396215, 0.7923403991979523], ""p_value"": 1.0, ""solo_contingency"": [[1, 2], [605, 31711]], ""contingency"": [[2, 2], [15209, 33250]]}",{}
NC00962.3,RIF-0.25-0.95,0.0,GARC1,RUS,RIF,rpoB@V196A,U,{},"{""proportion"": 0.0, ""confidence"": [0.0, 0.7934506856227626], ""p_value"": 1.0, ""solo_contingency"": [[0, 1], [605, 31711]], ""contingency"": [[0, 1], [15211, 33251]]}",{}
NC00962.3,RIF-0.25-0.95,0.0,GARC1,RUS,RIF,rpoB@1309_del_aacaac,U,{},"{""proportion"": 1.0, ""confidence"": [0.20654931437723742, 1.0], ""p_value"": 0.25, ""solo_contingency"": [[1, 0], [605, 31711]], ""contingency"": [[1, 0], [15210, 33252]]}",{}
NC00962.3,RIF-0.25-0.95,0.0,GARC1,RUS,RIF,rpoB@E156G,U,{},"{""proportion"": 0.0, ""confidence"": [0.0, 0.7934506856227626], ""p_value"": 1.0, ""solo_contingency"": [[0, 1], [605, 31711]], ""contingency"": [[2, 1], [15209, 33251]]}",{}
NC00962.3,RIF-0.25-0.95,0.0,GARC1,RUS,RIF,rpoB@D997N,U,{},"{""proportion"": 0.0, ""confidence"": [0.0, 0.7934506856227626], ""p_value"": 1.0, ""solo_contingency"": [[0, 1], [605, 31711]], ""contingency"": [[0, 1], [15211, 33251]]}",{}
NC00962.3,RIF-0.25-0.95,0.0,GARC1,RUS,RIF,rpoB@R105C,U,{},"{""proportion"": 0.0, ""confidence"": [0.0, 0.7934506856227626], ""p_value"": 1.0, ""solo_contingency"": [[0, 1], [605, 31711]], ""contingency"": [[0, 1], [15211, 33251]]}",{}
NC00962.3,RIF-0.25-0.95,0.0,GARC1,RUS,RIF,rpoB@H656Q,U,{},"{""proportion"": 0.0, ""confidence"": [4.8683609171202235e-17, 0.5614970317550455], ""p_value"": 1.0, ""solo_contingency"": [[0, 3], [605, 31711]], ""contingency"": [[0, 3], [15211, 33249]]}",{}
NC00962.3,RIF-0.25-0.95,0.0,GARC1,RUS,RIF,rpoB@R661W,U,{},"{""proportion"": 0.0, ""confidence"": [0.0, 0.7934506856227626], ""p_value"": 1.0, ""solo_contingency"": [[0, 1], [605, 31711]], ""contingency"": [[0, 1], [15211, 33251]]}",{}
NC00962.3,RIF-0.25-0.95,0.0,GARC1,RUS,RIF,rpoB@R665W,U,{},"{""proportion"": 0.0, ""confidence"": [0.0, 0.7934506856227626], ""p_value"": 1.0, ""solo_contingency"": [[0, 1], [605, 31711]], ""contingency"": [[1, 1], [15210, 33251]]}",{}
NC00962.3,RIF-0.25-0.95,0.0,GARC1,RUS,RIF,rpoB@G516R,U,{},"{""proportion"": 0.0, ""confidence"": [0.0, 0.6576197724933469], ""p_value"": 1.0, ""solo_contingency"": [[0, 2], [605, 31711]], ""contingency"": [[0, 2], [15211, 33250]]}",{}
NC00962.3,RIF-0.25-0.95,0.0,GARC1,RUS,RIF,rpoB@D703G,U,{},"{""proportion"": 0.0, ""confidence"": [0.0, 0.7934506856227626], ""p_value"": 1.0, ""solo_contingency"": [[0, 1], [605, 31711]], ""contingency"": [[0, 1], [15211, 33251]]}",{}
NC00962.3,RIF-0.25-0.95,0.0,GARC1,RUS,RIF,rpoB@T444P,U,{},"{""proportion"": 0.0, ""confidence"": [0.0, 0.7934506856227626], ""p_value"": 1.0, ""solo_contingency"": [[0, 1], [605, 31711]], ""contingency"": [[2, 1], [15209, 33251]]}",{}
NC00962.3,RIF-0.25-0.95,0.0,GARC1,RUS,RIF,rpoB@S450C,U,{},"{""proportion"": 0.0, ""confidence"": [0.0, 0.6576197724933469], ""p_value"": 1.0, ""solo_contingency"": [[0, 2], [605, 31711]], ""contingency"": [[2, 3], [15209, 33249]]}",{}
NC00962.3,RIF-0.25-0.95,0.0,GARC1,RUS,RIF,rpoB@V1168A,U,{},"{""proportion"": 0.0, ""confidence"": [0.0, 0.7934506856227626], ""p_value"": 1.0, ""solo_contingency"": [[0, 1], [605, 31711]], ""contingency"": [[0, 1], [15211, 33251]]}",{}
NC00962.3,RIF-0.25-0.95,0.0,GARC1,RUS,RIF,rpoB@S1161F,U,{},"{""proportion"": 0.0, ""confidence"": [0.0, 0.7934506856227626], ""p_value"": 1.0, ""solo_contingency"": [[0, 1], [605, 31711]], ""contingency"": [[0, 1], [15211, 33251]]}",{}
NC00962.3,RIF-0.25-0.95,0.0,GARC1,RUS,RIF,rpoB@I652L,U,{},"{""proportion"": 0.5, ""confidence"": [0.09453120573423071, 0.9054687942657693], ""p_value"": 0.4375, ""solo_contingency"": [[1, 1], [605, 31711]], ""contingency"": [[1, 1], [15210, 33251]]}",{}
NC00962.3,RIF-0.25-0.95,0.0,GARC1,RUS,RIF,rpoB@S22L,U,{},"{""proportion"": 1.0, ""confidence"": [0.20654931437723742, 1.0], ""p_value"": 0.25, ""solo_contingency"": [[1, 0], [605, 31711]], ""contingency"": [[1, 0], [15210, 33252]]}",{}
NC00962.3,RIF-0.25-0.95,0.0,GARC1,RUS,RIF,rpoB@g-29a,U,{},"{""proportion"": 0.0, ""confidence"": [0.0, 0.7934506856227626], ""p_value"": 1.0, ""solo_contingency"": [[0, 1], [605, 31711]], ""contingency"": [[0, 1], [15211, 33251]]}",{}
NC00962.3,RIF-0.25-0.95,0.0,GARC1,RUS,RIF,rpoB@E70V,U,{},"{""proportion"": 0.0, ""confidence"": [0.0, 0.7934506856227626], ""p_value"": 1.0, ""solo_contingency"": [[0, 1], [605, 31711]], ""contingency"": [[0, 1], [15211, 33251]]}",{}
NC00962.3,RIF-0.25-0.95,0.0,GARC1,RUS,RIF,rpoB@V169E,U,{},"{""proportion"": 0.0, ""confidence"": [0.0, 0.7934506856227626], ""p_value"": 1.0, ""solo_contingency"": [[0, 1], [605, 31711]], ""contingency"": [[0, 1], [15211, 33251]]}",{}
NC00962.3,RIF-0.25-0.95,0.0,GARC1,RUS,RIF,rpoB@E706!,U,{},"{""proportion"": 0.0, ""confidence"": [0.0, 0.7934506856227626], ""p_value"": 1.0, ""solo_contingency"": [[0, 1], [605, 31711]], ""contingency"": [[1, 1], [15210, 33251]]}",{}
NC00962.3,RIF-0.25-0.95,0.0,GARC1,RUS,RIF,rpoB@M434I,U,{},"{""proportion"": 0.5, ""confidence"": [0.09453120573423071, 0.9054687942657693], ""p_value"": 0.4375, ""solo_contingency"": [[1, 1], [605, 31711]], ""contingency"": [[38, 6], [15173, 33246]]}",{}
NC00962.3,RIF-0.25-0.95,0.0,GARC1,RUS,RIF,rpoB@V790A,U,{},"{""proportion"": 0.0, ""confidence"": [0.0, 0.7934506856227626], ""p_value"": 1.0, ""solo_contingency"": [[0, 1], [605, 31711]], ""contingency"": [[0, 1], [15211, 33251]]}",{}
NC00962.3,RIF-0.25-0.95,0.0,GARC1,RUS,RIF,rpoB@E640K,U,{},"{""proportion"": 0.0, ""confidence"": [0.0, 0.7934506856227626], ""p_value"": 1.0, ""solo_contingency"": [[0, 1], [605, 31711]], ""contingency"": [[0, 1], [15211, 33251]]}",{}
NC00962.3,RIF-0.25-0.95,0.0,GARC1,RUS,RIF,rpoB@G463W,U,{},"{""proportion"": 0.0, ""confidence"": [0.0, 0.7934506856227626], ""p_value"": 1.0, ""solo_contingency"": [[0, 1], [605, 31711]], ""contingency"": [[1, 1], [15210, 33251]]}",{}
NC00962.3,RIF-0.25-0.95,0.0,GARC1,RUS,RIF,rpoB@D828Y,U,{},"{""proportion"": 0.0, ""confidence"": [0.0, 0.7934506856227626], ""p_value"": 1.0, ""solo_contingency"": [[0, 1], [605, 31711]], ""contingency"": [[0, 1], [15211, 33251]]}",{}
NC00962.3,RIF-0.25-0.95,0.0,GARC1,RUS,RIF,rpoB@G602W,U,{},"{""proportion"": 0.0, ""confidence"": [0.0, 0.7934506856227626], ""p_value"": 1.0, ""solo_contingency"": [[0, 1], [605, 31711]], ""contingency"": [[0, 1], [15211, 33251]]}",{}
NC00962.3,RIF-0.25-0.95,0.0,GARC1,RUS,RIF,rpoB@V359A,U,{},"{""proportion"": 0.0625, ""confidence"": [0.011119344764642517, 0.2832873757029894], ""p_value"": 0.14303369168192148, ""solo_contingency"": [[1, 15], [605, 31711]], ""contingency"": [[8, 17], [15203, 33235]]}",{}
NC00962.3,RIF-0.25-0.95,0.0,GARC1,RUS,RIF,rpoB@Q1123H,U,{},"{""proportion"": 0.0, ""confidence"": [0.0, 0.7934506856227626], ""p_value"": 1.0, ""solo_contingency"": [[0, 1], [605, 31711]], ""contingency"": [[0, 1], [15211, 33251]]}",{}
NC00962.3,RIF-0.25-0.95,0.0,GARC1,RUS,RIF,rpoB@H1028Y,U,{},"{""proportion"": 1.0, ""confidence"": [0.20654931437723742, 1.0], ""p_value"": 0.25, ""solo_contingency"": [[1, 0], [605, 31711]], ""contingency"": [[10, 0], [15201, 33252]]}",{}
NC00962.3,RIF-0.25-0.95,0.0,GARC1,RUS,RIF,rpoB@a-77g,U,{},"{""proportion"": 0.0, ""confidence"": [0.0, 0.7934506856227626], ""p_value"": 1.0, ""solo_contingency"": [[0, 1], [605, 31711]], ""contingency"": [[0, 1], [15211, 33251]]}",{}
NC00962.3,RIF-0.25-0.95,0.0,GARC1,RUS,RIF,rpoB@g-56t,U,{},"{""proportion"": 0.0, ""confidence"": [0.0, 0.7934506856227626], ""p_value"": 1.0, ""solo_contingency"": [[0, 1], [605, 31711]], ""contingency"": [[0, 1], [15211, 33251]]}",{}
NC00962.3,RIF-0.25-0.95,0.0,GARC1,RUS,RIF,rpoB@I491Y,U,{},"{""proportion"": 1.0, ""confidence"": [0.20654931437723742, 1.0], ""p_value"": 0.25, ""solo_contingency"": [[1, 0], [605, 31711]], ""contingency"": [[1, 0], [15210, 33252]]}",{}
NC00962.3,RIF-0.25-0.95,0.0,GARC1,RUS,RIF,rpoB@R734H,U,{},"{""proportion"": 0.0, ""confidence"": [0.0, 0.7934506856227626], ""p_value"": 1.0, ""solo_contingency"": [[0, 1], [605, 31711]], ""contingency"": [[0, 1], [15211, 33251]]}",{}
NC00962.3,RIF-0.25-0.95,0.0,GARC1,RUS,RIF,rpoB@D1148E,U,{},"{""proportion"": 0.0, ""confidence"": [0.0, 0.7934506856227626], ""p_value"": 1.0, ""solo_contingency"": [[0, 1], [605, 31711]], ""contingency"": [[0, 1], [15211, 33251]]}",{}
NC00962.3,RIF-0.25-0.95,0.0,GARC1,RUS,RIF,rpoB@R307H,U,{},"{""proportion"": 0.0, ""confidence"": [0.0, 0.7934506856227626], ""p_value"": 1.0, ""solo_contingency"": [[0, 1], [605, 31711]], ""contingency"": [[0, 1], [15211, 33251]]}",{}
NC00962.3,RIF-0.25-0.95,0.0,GARC1,RUS,RIF,rpoB@g-21c,U,{},"{""proportion"": 0.1111111111111111, ""confidence"": [0.019890887638544918, 0.434999705576656], ""p_value"": 0.466064453125, ""solo_contingency"": [[1, 8], [605, 31711]], ""contingency"": [[6, 9], [15205, 33243]]}",{}
NC00962.3,RIF-0.25-0.95,0.0,GARC1,RUS,RIF,rpoB@T215A,U,{},"{""proportion"": 0.0, ""confidence"": [0.0, 0.6576197724933469], ""p_value"": 1.0, ""solo_contingency"": [[0, 2], [605, 31711]], ""contingency"": [[0, 2], [15211, 33250]]}",{}
NC00962.3,RIF-0.25-0.95,0.0,GARC1,RUS,RIF,rpoB@V394L,U,{},"{""proportion"": 0.0, ""confidence"": [0.0, 0.7934506856227626], ""p_value"": 1.0, ""solo_contingency"": [[0, 1], [605, 31711]], ""contingency"": [[2, 1], [15209, 33251]]}",{}
NC00962.3,RIF-0.25-0.95,0.0,GARC1,RUS,RIF,rpoB@N724S,U,{},"{""proportion"": 0.0, ""confidence"": [0.0, 0.7934506856227626], ""p_value"": 1.0, ""solo_contingency"": [[0, 1], [605, 31711]], ""contingency"": [[0, 1], [15211, 33251]]}",{}
NC00962.3,RIF-0.25-0.95,0.0,GARC1,RUS,RIF,rpoB@A776V,U,{},"{""proportion"": 0.0, ""confidence"": [0.0, 0.7934506856227626], ""p_value"": 1.0, ""solo_contingency"": [[0, 1], [605, 31711]], ""contingency"": [[0, 1], [15211, 33251]]}",{}
NC00962.3,RIF-0.25-0.95,0.0,GARC1,RUS,RIF,rpoB@K822E,U,{},"{""proportion"": 0.0, ""confidence"": [0.0, 0.7934506856227626], ""p_value"": 1.0, ""solo_contingency"": [[0, 1], [605, 31711]], ""contingency"": [[0, 1], [15211, 33251]]}",{}
NC00962.3,RIF-0.25-0.95,0.0,GARC1,RUS,RIF,rpoB@T508A,U,{},"{""proportion"": 0.0, ""confidence"": [0.0, 0.7934506856227626], ""p_value"": 1.0, ""solo_contingency"": [[0, 1], [605, 31711]], ""contingency"": [[0, 1], [15211, 33251]]}",{}
NC00962.3,RIF-0.25-0.95,0.0,GARC1,RUS,RIF,rpoB@Y564C,U,{},"{""proportion"": 0.0, ""confidence"": [0.0, 0.7934506856227626], ""p_value"": 1.0, ""solo_contingency"": [[0, 1], [605, 31711]], ""contingency"": [[0, 1], [15211, 33251]]}",{}
NC00962.3,RIF-0.25-0.95,0.0,GARC1,RUS,RIF,rpoB@S493R,U,{},"{""proportion"": 1.0, ""confidence"": [0.3423802275066531, 1.0], ""p_value"": 0.0625, ""solo_contingency"": [[2, 0], [605, 31711]], ""contingency"": [[2, 0], [15209, 33252]]}",{}
NC00962.3,RIF-0.25-0.95,0.0,GARC1,RUS,RIF,rpoB@S441W,U,{},"{""proportion"": 1.0, ""confidence"": [0.20654931437723742, 1.0], ""p_value"": 0.25, ""solo_contingency"": [[1, 0], [605, 31711]], ""contingency"": [[1, 0], [15210, 33252]]}",{}
NC00962.3,RIF-0.25-0.95,0.0,GARC1,RUS,RIF,rpoB@H749Y,U,{},"{""proportion"": 0.09090909090909091, ""confidence"": [0.01623217288588484, 0.37735843645159567], ""p_value"": 0.3117237091064453, ""solo_contingency"": [[1, 10], [605, 31711]], ""contingency"": [[3, 10], [15208, 33242]]}",{}
NC00962.3,RIF-0.25-0.95,0.0,GARC1,RUS,RIF,rpoB@F669L,U,{},"{""proportion"": 0.0, ""confidence"": [0.0, 0.7934506856227626], ""p_value"": 1.0, ""solo_contingency"": [[0, 1], [605, 31711]], ""contingency"": [[1, 1], [15210, 33251]]}",{}
NC00962.3,RIF-0.25-0.95,0.0,GARC1,RUS,RIF,rpoB@1302_del_ggaccagaacaaccc,U,{},"{""proportion"": 1.0, ""confidence"": [0.20654931437723742, 1.0], ""p_value"": 0.25, ""solo_contingency"": [[1, 0], [605, 31711]], ""contingency"": [[1, 0], [15210, 33252]]}",{}
NC00962.3,RIF-0.25-0.95,0.0,GARC1,RUS,RIF,rpoB@A977T,U,{},"{""proportion"": 0.0, ""confidence"": [0.0, 0.6576197724933469], ""p_value"": 1.0, ""solo_contingency"": [[0, 2], [605, 31711]], ""contingency"": [[0, 2], [15211, 33250]]}",{}
NC00962.3,RIF-0.25-0.95,0.0,GARC1,RUS,RIF,rpoB@A498G,U,{},"{""proportion"": 0.0, ""confidence"": [0.0, 0.7934506856227626], ""p_value"": 1.0, ""solo_contingency"": [[0, 1], [605, 31711]], ""contingency"": [[0, 1], [15211, 33251]]}",{}
NC00962.3,RIF-0.25-0.95,0.0,GARC1,RUS,RIF,rpoB@S936R,U,{},"{""proportion"": 0.0, ""confidence"": [0.0, 0.43448246478317476], ""p_value"": 0.34082031250000006, ""solo_contingency"": [[0, 5], [605, 31711]], ""contingency"": [[0, 5], [15211, 33247]]}",{}
NC00962.3,RIF-0.25-0.95,0.0,GARC1,RUS,RIF,rpoB@K1102R,U,{},"{""proportion"": 0.0, ""confidence"": [0.0, 0.7934506856227626], ""p_value"": 1.0, ""solo_contingency"": [[0, 1], [605, 31711]], ""contingency"": [[0, 1], [15211, 33251]]}",{}
NC00962.3,RIF-0.25-0.95,0.0,GARC1,RUS,RIF,rpoB@A960G,U,{},"{""proportion"": 0.0, ""confidence"": [0.0, 0.7934506856227626], ""p_value"": 1.0, ""solo_contingency"": [[0, 1], [605, 31711]], ""contingency"": [[0, 1], [15211, 33251]]}",{}
NC00962.3,RIF-0.25-0.95,0.0,GARC1,RUS,RIF,rpoB@A974G,U,{},"{""proportion"": 0.0, ""confidence"": [0.0, 0.7934506856227626], ""p_value"": 1.0, ""solo_contingency"": [[0, 1], [605, 31711]], ""contingency"": [[0, 1], [15211, 33251]]}",{}
NC00962.3,RIF-0.25-0.95,0.0,GARC1,RUS,RIF,rpoB@T622I,U,{},"{""proportion"": 0.0, ""confidence"": [0.0, 0.7934506856227626], ""p_value"": 1.0, ""solo_contingency"": [[0, 1], [605, 31711]], ""contingency"": [[0, 1], [15211, 33251]]}",{}
NC00962.3,RIF-0.25-0.95,0.0,GARC1,RUS,RIF,rpoB@D190A,U,{},"{""proportion"": 0.0, ""confidence"": [0.0, 0.7934506856227626], ""p_value"": 1.0, ""solo_contingency"": [[0, 1], [605, 31711]], ""contingency"": [[1, 2], [15210, 33250]]}",{}
NC00962.3,RIF-0.25-0.95,0.0,GARC1,RUS,RIF,rpoB@D777H,U,{},"{""proportion"": 0.0, ""confidence"": [0.0, 0.7934506856227626], ""p_value"": 1.0, ""solo_contingency"": [[0, 1], [605, 31711]], ""contingency"": [[0, 1], [15211, 33251]]}",{}
NC00962.3,RIF-0.25-0.95,0.0,GARC1,RUS,RIF,rpoB@S984L,U,{},"{""proportion"": 0.0, ""confidence"": [0.0, 0.7934506856227626], ""p_value"": 1.0, ""solo_contingency"": [[0, 1], [605, 31711]], ""contingency"": [[0, 1], [15211, 33251]]}",{}
NC00962.3,RIF-0.25-0.95,0.0,GARC1,RUS,RIF,rpoB@E737G,U,{},"{""proportion"": 0.0, ""confidence"": [0.0, 0.7934506856227626], ""p_value"": 1.0, ""solo_contingency"": [[0, 1], [605, 31711]], ""contingency"": [[0, 1], [15211, 33251]]}",{}
NC00962.3,RIF-0.25-0.95,0.0,GARC1,RUS,RIF,rpoB@L235R,U,{},"{""proportion"": 0.0, ""confidence"": [0.0, 0.7934506856227626], ""p_value"": 1.0, ""solo_contingency"": [[0, 1], [605, 31711]], ""contingency"": [[0, 1], [15211, 33251]]}",{}
NC00962.3,RIF-0.25-0.95,0.0,GARC1,RUS,RIF,rpoB@V946G,U,{},"{""proportion"": 0.0, ""confidence"": [0.0, 0.7934506856227626], ""p_value"": 1.0, ""solo_contingency"": [[0, 1], [605, 31711]], ""contingency"": [[0, 1], [15211, 33251]]}",{}
NC00962.3,RIF-0.25-0.95,0.0,GARC1,RUS,RIF,rpoB@F1005V,U,{},"{""proportion"": 0.0, ""confidence"": [0.0, 0.7934506856227626], ""p_value"": 1.0, ""solo_contingency"": [[0, 1], [605, 31711]], ""contingency"": [[0, 2], [15211, 33250]]}",{}
NC00962.3,RIF-0.25-0.95,0.0,GARC1,RUS,RIF,rpoB@K223E,U,{},"{""proportion"": 0.0, ""confidence"": [0.0, 0.7934506856227626], ""p_value"": 1.0, ""solo_contingency"": [[0, 1], [605, 31711]], ""contingency"": [[0, 1], [15211, 33251]]}",{}
NC00962.3,RIF-0.25-0.95,0.0,GARC1,RUS,RIF,rpoB@R532C,U,{},"{""proportion"": 0.0, ""confidence"": [0.0, 0.7934506856227626], ""p_value"": 1.0, ""solo_contingency"": [[0, 1], [605, 31711]], ""contingency"": [[0, 1], [15211, 33251]]}",{}
NC00962.3,RIF-0.25-0.95,0.0,GARC1,RUS,RIF,rpoB@S20I,U,{},"{""proportion"": 0.0, ""confidence"": [0.0, 0.7934506856227626], ""p_value"": 1.0, ""solo_contingency"": [[0, 1], [605, 31711]], ""contingency"": [[0, 1], [15211, 33251]]}",{}
NC00962.3,RIF-0.25-0.95,0.0,GARC1,RUS,RIF,rpoB@F93L,U,{},"{""proportion"": 0.0, ""confidence"": [0.0, 0.6576197724933469], ""p_value"": 1.0, ""solo_contingency"": [[0, 2], [605, 31711]], ""contingency"": [[0, 2], [15211, 33250]]}",{}
NC00962.3,RIF-0.25-0.95,0.0,GARC1,RUS,RIF,rpoB@E1130V,U,{},"{""proportion"": 0.0, ""confidence"": [0.0, 0.7934506856227626], ""p_value"": 1.0, ""solo_contingency"": [[0, 1], [605, 31711]], ""contingency"": [[0, 1], [15211, 33251]]}",{}
NC00962.3,RIF-0.25-0.95,0.0,GARC1,RUS,RIF,rpoB@N163K,U,{},"{""proportion"": 0.0, ""confidence"": [0.0, 0.7934506856227626], ""p_value"": 1.0, ""solo_contingency"": [[0, 1], [605, 31711]], ""contingency"": [[4, 2], [15207, 33250]]}",{}
NC00962.3,RIF-0.25-0.95,0.0,GARC1,RUS,RIF,rpoB@D49H,U,{},"{""proportion"": 0.0, ""confidence"": [0.0, 0.7934506856227626], ""p_value"": 1.0, ""solo_contingency"": [[0, 1], [605, 31711]], ""contingency"": [[0, 1], [15211, 33251]]}",{}
NC00962.3,RIF-0.25-0.95,0.0,GARC1,RUS,RIF,rpoB@S195R,U,{},"{""proportion"": 0.0, ""confidence"": [0.0, 0.7934506856227626], ""p_value"": 1.0, ""solo_contingency"": [[0, 1], [605, 31711]], ""contingency"": [[1, 1], [15210, 33251]]}",{}
NC00962.3,RIF-0.25-0.95,0.0,GARC1,RUS,RIF,rpoB@S21F,U,{},"{""proportion"": 0.0, ""confidence"": [0.0, 0.7934506856227626], ""p_value"": 1.0, ""solo_contingency"": [[0, 1], [605, 31711]], ""contingency"": [[0, 1], [15211, 33251]]}",{}
NC00962.3,RIF-0.25-0.95,0.0,GARC1,RUS,RIF,rpoB@V179A,U,{},"{""proportion"": 0.0, ""confidence"": [0.0, 0.7934506856227626], ""p_value"": 1.0, ""solo_contingency"": [[0, 1], [605, 31711]], ""contingency"": [[0, 1], [15211, 33251]]}",{}
NC00962.3,RIF-0.25-0.95,0.0,GARC1,RUS,RIF,rpoB@E1169A,U,{},"{""proportion"": 0.0, ""confidence"": [0.0, 0.7934506856227626], ""p_value"": 1.0, ""solo_contingency"": [[0, 1], [605, 31711]], ""contingency"": [[0, 1], [15211, 33251]]}",{}
NC00962.3,RIF-0.25-0.95,0.0,GARC1,RUS,RIF,rpoB@A544V,U,{},"{""proportion"": 0.0, ""confidence"": [0.0, 0.7934506856227626], ""p_value"": 1.0, ""solo_contingency"": [[0, 1], [605, 31711]], ""contingency"": [[0, 1], [15211, 33251]]}",{}
NC00962.3,RIF-0.25-0.95,0.0,GARC1,RUS,RIF,rpoB@M153T,U,{},"{""proportion"": 0.0, ""confidence"": [0.0, 0.4898908364545973], ""p_value"": 0.578125, ""solo_contingency"": [[0, 4], [605, 31711]], ""contingency"": [[0, 4], [15211, 33248]]}",{}
NC00962.3,RIF-0.25-0.95,0.0,GARC1,RUS,RIF,rpoB@P89S,U,{},"{""proportion"": 0.0, ""confidence"": [0.0, 0.7934506856227626], ""p_value"": 1.0, ""solo_contingency"": [[0, 1], [605, 31711]], ""contingency"": [[0, 1], [15211, 33251]]}",{}
NC00962.3,RIF-0.25-0.95,0.0,GARC1,RUS,RIF,rpoB@A1002D,U,{},"{""proportion"": 0.0, ""confidence"": [0.0, 0.7934506856227626], ""p_value"": 1.0, ""solo_contingency"": [[0, 1], [605, 31711]], ""contingency"": [[0, 1], [15211, 33251]]}",{}
NC00962.3,RIF-0.25-0.95,0.0,GARC1,RUS,RIF,rpoB@V549I,U,{},"{""proportion"": 0.0, ""confidence"": [0.0, 0.7934506856227626], ""p_value"": 1.0, ""solo_contingency"": [[0, 1], [605, 31711]], ""contingency"": [[0, 1], [15211, 33251]]}",{}
NC00962.3,RIF-0.25-0.95,0.0,GARC1,RUS,RIF,rpoB@V841L,U,{},"{""proportion"": 0.0, ""confidence"": [0.0, 0.7934506856227626], ""p_value"": 1.0, ""solo_contingency"": [[0, 1], [605, 31711]], ""contingency"": [[0, 1], [15211, 33251]]}",{}
NC00962.3,RIF-0.25-0.95,0.0,GARC1,RUS,RIF,rpoB@T361I,U,{},"{""proportion"": 0.0, ""confidence"": [0.0, 0.7934506856227626], ""p_value"": 1.0, ""solo_contingency"": [[0, 1], [605, 31711]], ""contingency"": [[1, 1], [15210, 33251]]}",{}
NC00962.3,RIF-0.25-0.95,0.0,GARC1,RUS,RIF,rpoB@P589A,U,{},"{""proportion"": 0.0, ""confidence"": [0.0, 0.7934506856227626], ""p_value"": 1.0, ""solo_contingency"": [[0, 1], [605, 31711]], ""contingency"": [[0, 1], [15211, 33251]]}",{}
NC00962.3,RIF-0.25-0.95,0.0,GARC1,RUS,RIF,rpoB@R952G,U,{},"{""proportion"": 0.0, ""confidence"": [0.0, 0.7934506856227626], ""p_value"": 1.0, ""solo_contingency"": [[0, 1], [605, 31711]], ""contingency"": [[0, 1], [15211, 33251]]}",{}
NC00962.3,RIF-0.25-0.95,0.0,GARC1,RUS,RIF,rpoB@A977V,U,{},"{""proportion"": 0.0, ""confidence"": [0.0, 0.7934506856227626], ""p_value"": 1.0, ""solo_contingency"": [[0, 1], [605, 31711]], ""contingency"": [[0, 1], [15211, 33251]]}",{}
NC00962.3,RIF-0.25-0.95,0.0,GARC1,RUS,RIF,rpoB@-*_indel,U,{},"{""default_rule"": ""True""}",{}
NC00962.3,RIF-0.25-0.95,0.0,GARC1,RUS,RIF,rpoB@*_indel,U,{},"{""default_rule"": ""True""}",{}
NC00962.3,RIF-0.25-0.95,0.0,GARC1,RUS,RIF,rpoB@-*?,U,{},"{""default_rule"": ""True""}",{}
NC00962.3,RIF-0.25-0.95,0.0,GARC1,RUS,RIF,rpoB@*?,U,{},"{""default_rule"": ""True""}",{}
NC00962.3,RIF-0.25-0.95,0.0,GARC1,RUS,RIF,rpoB@del_0.0,U,{},"{""default_rule"": ""True""}",{}
