,GENBANK_REFERENCE,CATALOGUE_NAME,CATALOGUE_VERSION,CATALOGUE_GRAMMAR,PREDICTION_VALUES,DRUG,MUTATION,PREDICTION,SOURCE,EVIDENCE,OTHER
0,NC00962.3,MXF-0.25-0.95,0.0,GARC1,RUS,MXF,gyrA@S95T,S,{},"{""seeded"": ""True""}",{}
1,NC00962.3,MXF-0.25-0.95,0.0,GARC1,RUS,MXF,gyrA@E21Q,S,{},"{""seeded"": ""True""}",{}
2,NC00962.3,MXF-0.25-0.95,0.0,GARC1,RUS,MXF,gyrA@A384V,S,{},"{""seeded"": ""True""}",{}
3,NC00962.3,MXF-0.25-0.95,0.0,GARC1,RUS,MXF,gyrB@M291I,S,{},"{""seeded"": ""True""}",{}
4,NC00962.3,MXF-0.25-0.95,0.0,GARC1,RUS,MXF,gyrA@G668D,S,{},"{""proportion"": 0.014111734003479606, ""confidence"": [0.012012529247842543, 0.016571624431976583], ""p_value"": 0.0, ""contingency"": [[146, 10200], [29, 977]]}",{}
5,NC00962.3,MXF-0.25-0.95,0.0,GARC1,RUS,MXF,gyrA@G247S,S,{},"{""proportion"": 0.009302325581395349, ""confidence"": [0.005060595789813155, 0.01703853529730298], ""p_value"": 8.935824221951107e-116, ""contingency"": [[10, 1065], [175, 11177]]}",{}
6,NC00962.3,MXF-0.25-0.95,0.0,GARC1,RUS,MXF,gyrA@c-34t,S,{},"{""proportion"": 0.020491803278688523, ""confidence"": [0.008783868876383176, 0.04706416755204991], ""p_value"": 1.6186399344268986e-23, ""contingency"": [[5, 239], [175, 11177]]}",{}
7,NC00962.3,MXF-0.25-0.95,0.0,GARC1,RUS,MXF,gyrA@L296P,S,{},"{""proportion"": 0.0, ""confidence"": [0.0, 0.20388330103584862], ""p_value"": 0.030663299374282364, ""contingency"": [[0, 15], [175, 11177]]}",{}
8,NC00962.3,MXF-0.25-0.95,0.0,GARC1,RUS,MXF,gyrB@V301L,S,{},"{""proportion"": 0.005434782608695652, ""confidence"": [0.0009600176669975522, 0.030137796720560765], ""p_value"": 9.918165525168314e-22, ""contingency"": [[1, 183], [175, 11177]]}",{}
9,NC00962.3,MXF-0.25-0.95,0.0,GARC1,RUS,MXF,gyrB@I84V,S,{},"{""proportion"": 0.0, ""confidence"": [0.0, 0.1843181350088518], ""p_value"": 0.010617725958582017, ""contingency"": [[0, 17], [175, 11177]]}",{}
10,NC00962.3,MXF-0.25-0.95,0.0,GARC1,RUS,MXF,gyrA@A463S,S,{},"{""proportion"": 0.0078125, ""confidence"": [0.0013804318928742388, 0.04292625943886061], ""p_value"": 7.773062852797093e-15, ""contingency"": [[1, 127], [175, 11177]]}",{}
11,NC00962.3,MXF-0.25-0.95,0.0,GARC1,RUS,MXF,gyrB@A403S,S,{},"{""proportion"": 0.0, ""confidence"": [0.0, 0.14865487460862087], ""p_value"": 0.0024842959446118593, ""contingency"": [[0, 22], [175, 11177]]}",{}
12,NC00962.3,MXF-0.25-0.95,0.0,GARC1,RUS,MXF,gyrA@P472S,S,{},"{""proportion"": 0.0, ""confidence"": [-6.344455723391929e-18, 0.08566757018443186], ""p_value"": 1.2738053398067942e-05, ""contingency"": [[0, 41], [175, 11177]]}",{}
13,NC00962.3,MXF-0.25-0.95,0.0,GARC1,RUS,MXF,gyrA@Q613E,S,{},"{""proportion"": 0.006097560975609756, ""confidence"": [0.0010771813904626613, 0.03372625073970361], ""p_value"": 2.6866915380821834e-19, ""contingency"": [[1, 163], [175, 11177]]}",{}
14,NC00962.3,MXF-0.25-0.95,0.0,GARC1,RUS,MXF,gyrA@R252L,S,{},"{""proportion"": 0.0, ""confidence"": [0.0, 0.06758198857654187], ""p_value"": 4.6959295955903973e-07, ""contingency"": [[0, 53], [175, 11177]]}",{}
15,NC00962.3,MXF-0.25-0.95,0.0,GARC1,RUS,MXF,gyrB@R575H,S,{},"{""proportion"": 0.0, ""confidence"": [1.1962983316807505e-17, 0.1379762046749802], ""p_value"": 0.00152648405845568, ""contingency"": [[0, 24], [175, 11177]]}",{}
16,NC00962.3,MXF-0.25-0.95,0.0,GARC1,RUS,MXF,gyrA@T267I,S,{},"{""proportion"": 0.0, ""confidence"": [2.1025014877572554e-17, 0.24249400665524087], ""p_value"": 0.04592913389205933, ""contingency"": [[0, 12], [175, 11177]]}",{}
17,NC00962.3,MXF-0.25-0.95,0.0,GARC1,RUS,MXF,gyrA@P8A,S,{},"{""proportion"": 0.0, ""confidence"": [0.0, 0.1843181350088518], ""p_value"": 0.010617725958582017, ""contingency"": [[0, 17], [175, 11177]]}",{}
18,NC00962.3,MXF-0.25-0.95,0.0,GARC1,RUS,MXF,gyrB@A130S,S,{},"{""proportion"": 0.0, ""confidence"": [0.0, 0.17587922364665765], ""p_value"": 0.011059489319450225, ""contingency"": [[0, 18], [175, 11177]]}",{}
19,NC00962.3,MXF-0.25-0.95,0.0,GARC1,RUS,MXF,gyrB@P94L,S,{},"{""proportion"": 0.006920415224913495, ""confidence"": [0.0018998835371339304, 0.024877263565849957], ""p_value"": 5.415466787507191e-33, ""contingency"": [[2, 287], [175, 11177]]}",{}
20,NC00962.3,MXF-0.25-0.95,0.0,GARC1,RUS,MXF,gyrA@N193S,S,{},"{""proportion"": 0.0, ""confidence"": [0.0, 0.10151455415332376], ""p_value"": 8.526393021277249e-05, ""contingency"": [[0, 34], [195, 13468]]}",{}
21,NC00962.3,MXF-0.25-0.95,0.0,GARC1,RUS,MXF,gyrA@A456V,S,{},"{""proportion"": 0.0, ""confidence"": [0.0, 0.16817922405261626], ""p_value"": 0.006516711702715842, ""contingency"": [[0, 19], [195, 13468]]}",{}
552,NC00962.3,MXF-0.25-0.95,0.0,GARC1,RUS,MXF,gyrA@*=,S,{},"{""default_rule"": ""True""}",{}
558,NC00962.3,MXF-0.25-0.95,0.0,GARC1,RUS,MXF,gyrB@*=,S,{},"{""default_rule"": ""True""}",{}
22,NC00962.3,MXF-0.25-0.95,0.0,GARC1,RUS,MXF,gyrA@S91P,R,{},"{""proportion"": 0.7235294117647059, ""confidence"": [0.651921695222869, 0.7852582531943202], ""p_value"": 3.137394249012253e-38, ""contingency"": [[123, 47], [195, 13521]]}",{}
23,NC00962.3,MXF-0.25-0.95,0.0,GARC1,RUS,MXF,gyrA@D94G,R,{},"{""proportion"": 0.8452123830093593, ""confidence"": [0.8252410480902311, 0.8632795253941168], ""p_value"": 0.0, ""contingency"": [[1174, 215], [195, 13521]]}",{}
25,NC00962.3,MXF-0.25-0.95,0.0,GARC1,RUS,MXF,gyrA@D94A,R,{},"{""proportion"": 0.5752895752895753, ""confidence"": [0.5144217925257438, 0.6339566260653853], ""p_value"": 1.3073957729411205e-28, ""contingency"": [[149, 110], [195, 13521]]}",{}
28,NC00962.3,MXF-0.25-0.95,0.0,GARC1,RUS,MXF,gyrA@D94N,R,{},"{""proportion"": 0.8730769230769231, ""confidence"": [0.8271120632267162, 0.9081779888641563], ""p_value"": 1.1616925370704362e-99, ""contingency"": [[227, 33], [195, 13521]]}",{}
30,NC00962.3,MXF-0.25-0.95,0.0,GARC1,RUS,MXF,gyrB@E501D,R,{},"{""proportion"": 0.8387096774193549, ""confidence"": [0.6736564604120674, 0.9290737555663471], ""p_value"": 9.532887066537876e-12, ""contingency"": [[26, 5], [195, 13521]]}",{}
31,NC00962.3,MXF-0.25-0.95,0.0,GARC1,RUS,MXF,gyrA@D94Y,R,{},"{""proportion"": 0.8175182481751825, ""confidence"": [0.7444843750952149, 0.873231464604799], ""p_value"": 4.930992353754817e-44, ""contingency"": [[112, 25], [195, 13521]]}",{}
32,NC00962.3,MXF-0.25-0.95,0.0,GARC1,RUS,MXF,gyrA@G88C,R,{},"{""proportion"": 0.9142857142857143, ""confidence"": [0.7762072603410349, 0.9704176317330301], ""p_value"": 1.5430907419899942e-16, ""contingency"": [[32, 3], [195, 13521]]}",{}
33,NC00962.3,MXF-0.25-0.95,0.0,GARC1,RUS,MXF,gyrA@A90V,R,{},"{""proportion"": 0.5746971736204576, ""confidence"": [0.5388538334503111, 0.6097720880073372], ""p_value"": 1.731503931837108e-78, ""contingency"": [[427, 316], [195, 13521]]}",{}
34,NC00962.3,MXF-0.25-0.95,0.0,GARC1,RUS,MXF,gyrB@N499D,R,{},"{""proportion"": 0.7777777777777778, ""confidence"": [0.45258896910698887, 0.9367748928821533], ""p_value"": 0.0013427734375, ""contingency"": [[7, 2], [195, 13521]]}",{}
35,NC00962.3,MXF-0.25-0.95,0.0,GARC1,RUS,MXF,gyrA@D94H,R,{},"{""proportion"": 0.8035714285714286, ""confidence"": [0.681553923735416, 0.8866140432567634], ""p_value"": 5.5156921440630565e-18, ""contingency"": [[45, 11], [195, 13521]]}",{}
99,NC00962.3,MXF-0.25-0.95,0.0,GARC1,RUS,MXF,gyrA@D89N,R,{},"{""proportion"": 0.6153846153846154, ""confidence"": [0.35522891512665694, 0.8229029220223743], ""p_value"": 0.0056493282318115234, ""contingency"": [[8, 5], [195, 13521]]}",{}
24,NC00962.3,MXF-0.25-0.95,0.0,GARC1,RUS,MXF,gyrA@T5A,U,{},"{""proportion"": 0.07142857142857142, ""confidence"": [0.012722215247890944, 0.31468704424151117], ""p_value"": 0.21263734251260757, ""contingency"": [[1, 13], [195, 13521]]}",{}
26,NC00962.3,MXF-0.25-0.95,0.0,GARC1,RUS,MXF,gyrA@D89G,U,{},"{""proportion"": 0.25, ""confidence"": [0.045587260809700575, 0.6993581574175981], ""p_value"": 1.0, ""contingency"": [[1, 3], [195, 13521]]}",{}
27,NC00962.3,MXF-0.25-0.95,0.0,GARC1,RUS,MXF,gyrA@A288D,U,{},"{""proportion"": 0.3333333333333333, ""confidence"": [0.1205838183869109, 0.6457978644196036], ""p_value"": 0.6996612548828125, ""contingency"": [[3, 6], [195, 13521]]}",{}
29,NC00962.3,MXF-0.25-0.95,0.0,GARC1,RUS,MXF,gyrA@P136T,U,{},"{""proportion"": 0.0, ""confidence"": [0.0, 0.7934506856227626], ""p_value"": 1.0, ""contingency"": [[0, 1], [195, 13521]]}",{}
36,NC00962.3,MXF-0.25-0.95,0.0,GARC1,RUS,MXF,gyrA@P190T,U,{},"{""proportion"": 0.0, ""confidence"": [0.0, 0.7934506856227626], ""p_value"": 1.0, ""contingency"": [[0, 1], [195, 13521]]}",{}
37,NC00962.3,MXF-0.25-0.95,0.0,GARC1,RUS,MXF,gyrB@V630I,U,{},"{""proportion"": 0.0, ""confidence"": [0.0, 0.43448246478317476], ""p_value"": 0.34082031250000006, ""contingency"": [[0, 5], [195, 13521]]}",{}
38,NC00962.3,MXF-0.25-0.95,0.0,GARC1,RUS,MXF,gyrB@T500A,U,{},"{""proportion"": 0.2, ""confidence"": [0.03622410863243013, 0.6244653702374747], ""p_value"": 1.0, ""contingency"": [[1, 4], [195, 13521]]}",{}
39,NC00962.3,MXF-0.25-0.95,0.0,GARC1,RUS,MXF,gyrA@g-19t,U,{},"{""proportion"": 0.0, ""confidence"": [3.584186086443356e-17, 0.3543304350666874], ""p_value"": 0.20404052734375, ""contingency"": [[0, 7], [195, 13521]]}",{}
40,NC00962.3,MXF-0.25-0.95,0.0,GARC1,RUS,MXF,gyrB@D461N,U,{},"{""proportion"": 0.11538461538461539, ""confidence"": [0.04003244623610616, 0.2897590321171364], ""p_value"": 0.17104330088583164, ""contingency"": [[3, 23], [195, 13521]]}",{}
41,NC00962.3,MXF-0.25-0.95,0.0,GARC1,RUS,MXF,gyrA@I15V,U,{},"{""proportion"": 0.0, ""confidence"": [0.0, 0.4898908364545973], ""p_value"": 0.578125, ""contingency"": [[0, 4], [195, 13521]]}",{}
42,NC00962.3,MXF-0.25-0.95,0.0,GARC1,RUS,MXF,gyrB@P628A,U,{},"{""proportion"": 0.0, ""confidence"": [3.384324554477539e-17, 0.39033428790216534], ""p_value"": 0.347412109375, ""contingency"": [[0, 6], [195, 13521]]}",{}
43,NC00962.3,MXF-0.25-0.95,0.0,GARC1,RUS,MXF,gyrA@G88A,U,{},"{""proportion"": 0.16666666666666666, ""confidence"": [0.04696514218385378, 0.44803086225297345], ""p_value"": 0.741896390914917, ""contingency"": [[2, 10], [195, 13521]]}",{}
44,NC00962.3,MXF-0.25-0.95,0.0,GARC1,RUS,MXF,gyrB@K498R,U,{},"{""proportion"": 0.0, ""confidence"": [0.0, 0.7934506856227626], ""p_value"": 1.0, ""contingency"": [[0, 1], [195, 13521]]}",{}
45,NC00962.3,MXF-0.25-0.95,0.0,GARC1,RUS,MXF,gyrB@A504V,U,{},"{""proportion"": 0.0, ""confidence"": [0.0, 0.43448246478317476], ""p_value"": 0.34082031250000006, ""contingency"": [[0, 5], [195, 13521]]}",{}
46,NC00962.3,MXF-0.25-0.95,0.0,GARC1,RUS,MXF,gyrA@S728L,U,{},"{""proportion"": 0.0, ""confidence"": [4.8683609171202235e-17, 0.5614970317550455], ""p_value"": 1.0, ""contingency"": [[0, 3], [195, 13521]]}",{}
47,NC00962.3,MXF-0.25-0.95,0.0,GARC1,RUS,MXF,gyrA@E214D,U,{},"{""proportion"": 0.0, ""confidence"": [0.0, 0.32440756488388023], ""p_value"": 0.21392822265625003, ""contingency"": [[0, 8], [195, 13521]]}",{}
48,NC00962.3,MXF-0.25-0.95,0.0,GARC1,RUS,MXF,gyrA@F640V,U,{},"{""proportion"": 0.0, ""confidence"": [0.0, 0.7934506856227626], ""p_value"": 1.0, ""contingency"": [[0, 1], [195, 13521]]}",{}
49,NC00962.3,MXF-0.25-0.95,0.0,GARC1,RUS,MXF,gyrA@T80A,U,{},"{""proportion"": 0.0, ""confidence"": [3.584186086443356e-17, 0.3543304350666874], ""p_value"": 0.20404052734375, ""contingency"": [[0, 7], [195, 13521]]}",{}
50,NC00962.3,MXF-0.25-0.95,0.0,GARC1,RUS,MXF,gyrB@R446H,U,{},"{""proportion"": 0.16666666666666666, ""confidence"": [0.04696514218385378, 0.44803086225297345], ""p_value"": 0.741896390914917, ""contingency"": [[2, 10], [195, 13521]]}",{}
51,NC00962.3,MXF-0.25-0.95,0.0,GARC1,RUS,MXF,gyrA@V768A,U,{},"{""proportion"": 0.0, ""confidence"": [0.0, 0.7934506856227626], ""p_value"": 1.0, ""contingency"": [[0, 1], [195, 13521]]}",{}
52,NC00962.3,MXF-0.25-0.95,0.0,GARC1,RUS,MXF,gyrA@R578Q,U,{},"{""proportion"": 0.09090909090909091, ""confidence"": [0.01623217288588484, 0.37735843645159567], ""p_value"": 0.3117237091064453, ""contingency"": [[1, 10], [195, 13521]]}",{}
53,NC00962.3,MXF-0.25-0.95,0.0,GARC1,RUS,MXF,gyrB@P439A,U,{},"{""proportion"": 0.0, ""confidence"": [0.0, 0.7934506856227626], ""p_value"": 1.0, ""contingency"": [[0, 1], [195, 13521]]}",{}
54,NC00962.3,MXF-0.25-0.95,0.0,GARC1,RUS,MXF,gyrB@S447F,U,{},"{""proportion"": 0.2727272727272727, ""confidence"": [0.0974605929002489, 0.5656453011761291], ""p_value"": 1.0, ""contingency"": [[3, 8], [195, 13521]]}",{}
55,NC00962.3,MXF-0.25-0.95,0.0,GARC1,RUS,MXF,gyrB@S661T,U,{},"{""proportion"": 0.0, ""confidence"": [4.8683609171202235e-17, 0.5614970317550455], ""p_value"": 1.0, ""contingency"": [[0, 3], [195, 13521]]}",{}
56,NC00962.3,MXF-0.25-0.95,0.0,GARC1,RUS,MXF,gyrA@P741L,U,{},"{""proportion"": 0.0, ""confidence"": [0.0, 0.7934506856227626], ""p_value"": 1.0, ""contingency"": [[0, 1], [195, 13521]]}",{}
57,NC00962.3,MXF-0.25-0.95,0.0,GARC1,RUS,MXF,gyrA@Q573H,U,{},"{""proportion"": 0.0, ""confidence"": [0.0, 0.7934506856227626], ""p_value"": 1.0, ""contingency"": [[0, 1], [195, 13521]]}",{}
58,NC00962.3,MXF-0.25-0.95,0.0,GARC1,RUS,MXF,gyrA@A175G,U,{},"{""proportion"": 0.0, ""confidence"": [0.0, 0.7934506856227626], ""p_value"": 1.0, ""contingency"": [[0, 1], [195, 13521]]}",{}
59,NC00962.3,MXF-0.25-0.95,0.0,GARC1,RUS,MXF,gyrA@V624L,U,{},"{""proportion"": 0.0, ""confidence"": [4.8683609171202235e-17, 0.5614970317550455], ""p_value"": 1.0, ""contingency"": [[0, 3], [195, 13521]]}",{}
60,NC00962.3,MXF-0.25-0.95,0.0,GARC1,RUS,MXF,gyrB@K452N,U,{},"{""proportion"": 0.0, ""confidence"": [0.0, 0.7934506856227626], ""p_value"": 1.0, ""contingency"": [[0, 1], [195, 13521]]}",{}
61,NC00962.3,MXF-0.25-0.95,0.0,GARC1,RUS,MXF,gyrB@G512R,U,{},"{""proportion"": 0.0, ""confidence"": [3.584186086443356e-17, 0.3543304350666874], ""p_value"": 0.20404052734375, ""contingency"": [[0, 7], [195, 13521]]}",{}
62,NC00962.3,MXF-0.25-0.95,0.0,GARC1,RUS,MXF,gyrB@R446C,U,{},"{""proportion"": 0.2857142857142857, ""confidence"": [0.1172137864457692, 0.5464908432989318], ""p_value"": 0.7597876638174057, ""contingency"": [[4, 10], [195, 13521]]}",{}
63,NC00962.3,MXF-0.25-0.95,0.0,GARC1,RUS,MXF,gyrA@D829E,U,{},"{""proportion"": 0.0, ""confidence"": [4.8683609171202235e-17, 0.5614970317550455], ""p_value"": 1.0, ""contingency"": [[0, 3], [195, 13521]]}",{}
64,NC00962.3,MXF-0.25-0.95,0.0,GARC1,RUS,MXF,gyrB@I607V,U,{},"{""proportion"": 0.0, ""confidence"": [0.0, 0.6576197724933469], ""p_value"": 1.0, ""contingency"": [[0, 2], [195, 13521]]}",{}
65,NC00962.3,MXF-0.25-0.95,0.0,GARC1,RUS,MXF,gyrA@R252G,U,{},"{""proportion"": 0.0, ""confidence"": [0.0, 0.7934506856227626], ""p_value"": 1.0, ""contingency"": [[0, 1], [195, 13521]]}",{}
66,NC00962.3,MXF-0.25-0.95,0.0,GARC1,RUS,MXF,gyrA@E140G,U,{},"{""proportion"": 0.0, ""confidence"": [0.0, 0.7934506856227626], ""p_value"": 1.0, ""contingency"": [[0, 1], [195, 13521]]}",{}
67,NC00962.3,MXF-0.25-0.95,0.0,GARC1,RUS,MXF,gyrB@T37S,U,{},"{""proportion"": 0.0, ""confidence"": [0.0, 0.7934506856227626], ""p_value"": 1.0, ""contingency"": [[0, 1], [195, 13521]]}",{}
68,NC00962.3,MXF-0.25-0.95,0.0,GARC1,RUS,MXF,gyrB@C388G,U,{},"{""proportion"": 0.0, ""confidence"": [0.0, 0.6576197724933469], ""p_value"": 1.0, ""contingency"": [[0, 2], [195, 13521]]}",{}
69,NC00962.3,MXF-0.25-0.95,0.0,GARC1,RUS,MXF,gyrB@D225G,U,{},"{""proportion"": 0.0, ""confidence"": [0.0, 0.6576197724933469], ""p_value"": 1.0, ""contingency"": [[0, 2], [195, 13521]]}",{}
70,NC00962.3,MXF-0.25-0.95,0.0,GARC1,RUS,MXF,gyrA@N282K,U,{},"{""proportion"": 0.0, ""confidence"": [0.0, 0.4898908364545973], ""p_value"": 0.578125, ""contingency"": [[0, 4], [195, 13521]]}",{}
71,NC00962.3,MXF-0.25-0.95,0.0,GARC1,RUS,MXF,gyrB@A78V,U,{},"{""proportion"": 0.0, ""confidence"": [0.0, 0.7934506856227626], ""p_value"": 1.0, ""contingency"": [[0, 1], [195, 13521]]}",{}
72,NC00962.3,MXF-0.25-0.95,0.0,GARC1,RUS,MXF,gyrB@P439R,U,{},"{""proportion"": 0.0, ""confidence"": [0.0, 0.7934506856227626], ""p_value"": 1.0, ""contingency"": [[0, 1], [195, 13521]]}",{}
73,NC00962.3,MXF-0.25-0.95,0.0,GARC1,RUS,MXF,gyrB@T170M,U,{},"{""proportion"": 0.0, ""confidence"": [0.0, 0.6576197724933469], ""p_value"": 1.0, ""contingency"": [[0, 2], [195, 13521]]}",{}
74,NC00962.3,MXF-0.25-0.95,0.0,GARC1,RUS,MXF,gyrB@c-87g,U,{},"{""proportion"": 0.0, ""confidence"": [0.0, 0.6576197724933469], ""p_value"": 1.0, ""contingency"": [[0, 2], [195, 13521]]}",{}
75,NC00962.3,MXF-0.25-0.95,0.0,GARC1,RUS,MXF,gyrA@E459K,U,{},"{""proportion"": 0.0, ""confidence"": [0.0, 0.7934506856227626], ""p_value"": 1.0, ""contingency"": [[0, 1], [195, 13521]]}",{}
76,NC00962.3,MXF-0.25-0.95,0.0,GARC1,RUS,MXF,gyrB@T664I,U,{},"{""proportion"": 0.0, ""confidence"": [0.0, 0.4898908364545973], ""p_value"": 0.578125, ""contingency"": [[0, 4], [195, 13521]]}",{}
77,NC00962.3,MXF-0.25-0.95,0.0,GARC1,RUS,MXF,gyrA@V235A,U,{},"{""proportion"": 0.0, ""confidence"": [0.0, 0.7934506856227626], ""p_value"": 1.0, ""contingency"": [[0, 1], [195, 13521]]}",{}
78,NC00962.3,MXF-0.25-0.95,0.0,GARC1,RUS,MXF,gyrA@F569C,U,{},"{""proportion"": 0.0, ""confidence"": [0.0, 0.7934506856227626], ""p_value"": 1.0, ""contingency"": [[0, 1], [195, 13521]]}",{}
79,NC00962.3,MXF-0.25-0.95,0.0,GARC1,RUS,MXF,gyrA@R26H,U,{},"{""proportion"": 0.0, ""confidence"": [0.0, 0.7934506856227626], ""p_value"": 1.0, ""contingency"": [[0, 1], [195, 13521]]}",{}
80,NC00962.3,MXF-0.25-0.95,0.0,GARC1,RUS,MXF,gyrA@A787G,U,{},"{""proportion"": 0.0, ""confidence"": [0.0, 0.43448246478317476], ""p_value"": 0.34082031250000006, ""contingency"": [[0, 5], [195, 13521]]}",{}
81,NC00962.3,MXF-0.25-0.95,0.0,GARC1,RUS,MXF,gyrB@D216G,U,{},"{""proportion"": 0.0, ""confidence"": [0.0, 0.7934506856227626], ""p_value"": 1.0, ""contingency"": [[0, 1], [195, 13521]]}",{}
82,NC00962.3,MXF-0.25-0.95,0.0,GARC1,RUS,MXF,gyrB@A398V,U,{},"{""proportion"": 0.0, ""confidence"": [3.384324554477539e-17, 0.39033428790216534], ""p_value"": 0.347412109375, ""contingency"": [[0, 6], [195, 13521]]}",{}
83,NC00962.3,MXF-0.25-0.95,0.0,GARC1,RUS,MXF,gyrA@E412A,U,{},"{""proportion"": 0.0, ""confidence"": [0.0, 0.7934506856227626], ""p_value"": 1.0, ""contingency"": [[0, 1], [195, 13521]]}",{}
84,NC00962.3,MXF-0.25-0.95,0.0,GARC1,RUS,MXF,gyrA@V783M,U,{},"{""proportion"": 0.0, ""confidence"": [0.0, 0.4898908364545973], ""p_value"": 0.578125, ""contingency"": [[0, 4], [195, 13521]]}",{}
85,NC00962.3,MXF-0.25-0.95,0.0,GARC1,RUS,MXF,gyrB@P343S,U,{},"{""proportion"": 0.0, ""confidence"": [0.0, 0.7934506856227626], ""p_value"": 1.0, ""contingency"": [[0, 1], [195, 13521]]}",{}
86,NC00962.3,MXF-0.25-0.95,0.0,GARC1,RUS,MXF,gyrA@S642C,U,{},"{""proportion"": 0.0, ""confidence"": [0.0, 0.6576197724933469], ""p_value"": 1.0, ""contingency"": [[0, 2], [195, 13521]]}",{}
87,NC00962.3,MXF-0.25-0.95,0.0,GARC1,RUS,MXF,gyrA@N282T,U,{},"{""proportion"": 0.0, ""confidence"": [0.0, 0.7934506856227626], ""p_value"": 1.0, ""contingency"": [[0, 1], [195, 13521]]}",{}
88,NC00962.3,MXF-0.25-0.95,0.0,GARC1,RUS,MXF,gyrA@G236V,U,{},"{""proportion"": 0.0, ""confidence"": [0.0, 0.7934506856227626], ""p_value"": 1.0, ""contingency"": [[0, 1], [195, 13521]]}",{}
89,NC00962.3,MXF-0.25-0.95,0.0,GARC1,RUS,MXF,gyrA@R392H,U,{},"{""proportion"": 0.0, ""confidence"": [0.0, 0.6576197724933469], ""p_value"": 1.0, ""contingency"": [[0, 2], [195, 13521]]}",{}
90,NC00962.3,MXF-0.25-0.95,0.0,GARC1,RUS,MXF,gyrA@R789H,U,{},"{""proportion"": 0.0, ""confidence"": [0.0, 0.7934506856227626], ""p_value"": 1.0, ""contingency"": [[0, 1], [195, 13521]]}",{}
91,NC00962.3,MXF-0.25-0.95,0.0,GARC1,RUS,MXF,gyrA@E148D,U,{},"{""proportion"": 0.0, ""confidence"": [0.0, 0.7934506856227626], ""p_value"": 1.0, ""contingency"": [[0, 1], [195, 13521]]}",{}
92,NC00962.3,MXF-0.25-0.95,0.0,GARC1,RUS,MXF,gyrA@S506N,U,{},"{""proportion"": 0.0, ""confidence"": [0.0, 0.7934506856227626], ""p_value"": 1.0, ""contingency"": [[0, 1], [195, 13521]]}",{}
93,NC00962.3,MXF-0.25-0.95,0.0,GARC1,RUS,MXF,gyrB@N499S,U,{},"{""proportion"": 0.0, ""confidence"": [0.0, 0.43448246478317476], ""p_value"": 0.34082031250000006, ""contingency"": [[0, 5], [195, 13521]]}",{}
94,NC00962.3,MXF-0.25-0.95,0.0,GARC1,RUS,MXF,gyrB@A90G,U,{},"{""proportion"": 0.0, ""confidence"": [3.384324554477539e-17, 0.39033428790216534], ""p_value"": 0.347412109375, ""contingency"": [[0, 6], [195, 13521]]}",{}
95,NC00962.3,MXF-0.25-0.95,0.0,GARC1,RUS,MXF,gyrB@V75G,U,{},"{""proportion"": 0.0, ""confidence"": [0.0, 0.7934506856227626], ""p_value"": 1.0, ""contingency"": [[0, 1], [195, 13521]]}",{}
96,NC00962.3,MXF-0.25-0.95,0.0,GARC1,RUS,MXF,gyrA@T836R,U,{},"{""proportion"": 0.3333333333333333, ""confidence"": [0.061491944720396215, 0.7923403991979523], ""p_value"": 1.0, ""contingency"": [[1, 2], [195, 13521]]}",{}
97,NC00962.3,MXF-0.25-0.95,0.0,GARC1,RUS,MXF,gyrA@P154R,U,{},"{""proportion"": 0.0, ""confidence"": [0.0, 0.32440756488388023], ""p_value"": 0.21392822265625003, ""contingency"": [[0, 8], [195, 13521]]}",{}
98,NC00962.3,MXF-0.25-0.95,0.0,GARC1,RUS,MXF,gyrA@D467H,U,{},"{""proportion"": 0.0, ""confidence"": [0.0, 0.7934506856227626], ""p_value"": 1.0, ""contingency"": [[0, 1], [195, 13521]]}",{}
100,NC00962.3,MXF-0.25-0.95,0.0,GARC1,RUS,MXF,gyrA@E808Q,U,{},"{""proportion"": 0.0, ""confidence"": [0.0, 0.7934506856227626], ""p_value"": 1.0, ""contingency"": [[0, 1], [195, 13521]]}",{}
101,NC00962.3,MXF-0.25-0.95,0.0,GARC1,RUS,MXF,gyrA@S95A,U,{},"{""proportion"": 0.0, ""confidence"": [0.0, 0.7934506856227626], ""p_value"": 1.0, ""contingency"": [[0, 1], [195, 13521]]}",{}
102,NC00962.3,MXF-0.25-0.95,0.0,GARC1,RUS,MXF,gyrA@Q277R,U,{},"{""proportion"": 0.0, ""confidence"": [0.0, 0.6576197724933469], ""p_value"": 1.0, ""contingency"": [[0, 2], [195, 13521]]}",{}
103,NC00962.3,MXF-0.25-0.95,0.0,GARC1,RUS,MXF,gyrA@I189M,U,{},"{""proportion"": 0.0, ""confidence"": [0.0, 0.7934506856227626], ""p_value"": 1.0, ""contingency"": [[0, 1], [195, 13521]]}",{}
104,NC00962.3,MXF-0.25-0.95,0.0,GARC1,RUS,MXF,gyrB@I34V,U,{},"{""proportion"": 0.0, ""confidence"": [0.0, 0.32440756488388023], ""p_value"": 0.21392822265625003, ""contingency"": [[0, 8], [195, 13521]]}",{}
105,NC00962.3,MXF-0.25-0.95,0.0,GARC1,RUS,MXF,gyrB@A644D,U,{},"{""proportion"": 0.0, ""confidence"": [0.0, 0.4898908364545973], ""p_value"": 0.578125, ""contingency"": [[0, 4], [195, 13521]]}",{}
106,NC00962.3,MXF-0.25-0.95,0.0,GARC1,RUS,MXF,gyrA@H368Q,U,{},"{""proportion"": 0.0, ""confidence"": [4.8683609171202235e-17, 0.5614970317550455], ""p_value"": 1.0, ""contingency"": [[0, 3], [195, 13521]]}",{}
107,NC00962.3,MXF-0.25-0.95,0.0,GARC1,RUS,MXF,gyrB@R634L,U,{},"{""proportion"": 0.0, ""confidence"": [0.0, 0.6576197724933469], ""p_value"": 1.0, ""contingency"": [[0, 2], [195, 13521]]}",{}
108,NC00962.3,MXF-0.25-0.95,0.0,GARC1,RUS,MXF,gyrA@D488E,U,{},"{""proportion"": 0.0, ""confidence"": [4.8683609171202235e-17, 0.5614970317550455], ""p_value"": 1.0, ""contingency"": [[0, 3], [195, 13521]]}",{}
109,NC00962.3,MXF-0.25-0.95,0.0,GARC1,RUS,MXF,gyrB@K498N,U,{},"{""proportion"": 0.0, ""confidence"": [0.0, 0.7934506856227626], ""p_value"": 1.0, ""contingency"": [[0, 1], [195, 13521]]}",{}
110,NC00962.3,MXF-0.25-0.95,0.0,GARC1,RUS,MXF,gyrA@T230S,U,{},"{""proportion"": 0.0, ""confidence"": [0.0, 0.7934506856227626], ""p_value"": 1.0, ""contingency"": [[0, 1], [195, 13521]]}",{}
111,NC00962.3,MXF-0.25-0.95,0.0,GARC1,RUS,MXF,gyrA@P108S,U,{},"{""proportion"": 0.0, ""confidence"": [0.0, 0.7934506856227626], ""p_value"": 1.0, ""contingency"": [[0, 1], [195, 13521]]}",{}
112,NC00962.3,MXF-0.25-0.95,0.0,GARC1,RUS,MXF,gyrA@N826D,U,{},"{""proportion"": 0.0, ""confidence"": [4.8683609171202235e-17, 0.5614970317550455], ""p_value"": 1.0, ""contingency"": [[0, 3], [195, 13521]]}",{}
113,NC00962.3,MXF-0.25-0.95,0.0,GARC1,RUS,MXF,gyrA@V716F,U,{},"{""proportion"": 0.0, ""confidence"": [0.0, 0.7934506856227626], ""p_value"": 1.0, ""contingency"": [[0, 1], [195, 13521]]}",{}
114,NC00962.3,MXF-0.25-0.95,0.0,GARC1,RUS,MXF,gyrA@D507H,U,{},"{""proportion"": 0.0, ""confidence"": [0.0, 0.7934506856227626], ""p_value"": 1.0, ""contingency"": [[0, 1], [195, 13521]]}",{}
115,NC00962.3,MXF-0.25-0.95,0.0,GARC1,RUS,MXF,gyrB@1920_del_cgc,U,{},"{""proportion"": 0.0, ""confidence"": [0.0, 0.32440756488388023], ""p_value"": 0.21392822265625003, ""contingency"": [[0, 8], [195, 13521]]}",{}
116,NC00962.3,MXF-0.25-0.95,0.0,GARC1,RUS,MXF,gyrB@P254L,U,{},"{""proportion"": 0.0, ""confidence"": [4.8683609171202235e-17, 0.5614970317550455], ""p_value"": 1.0, ""contingency"": [[0, 3], [195, 13521]]}",{}
117,NC00962.3,MXF-0.25-0.95,0.0,GARC1,RUS,MXF,gyrA@R615H,U,{},"{""proportion"": 0.0, ""confidence"": [0.0, 0.7934506856227626], ""p_value"": 1.0, ""contingency"": [[0, 1], [195, 13521]]}",{}
118,NC00962.3,MXF-0.25-0.95,0.0,GARC1,RUS,MXF,gyrB@G520A,U,{},"{""proportion"": 0.0, ""confidence"": [0.0, 0.4898908364545973], ""p_value"": 0.578125, ""contingency"": [[0, 4], [195, 13521]]}",{}
119,NC00962.3,MXF-0.25-0.95,0.0,GARC1,RUS,MXF,gyrB@A90T,U,{},"{""proportion"": 0.0, ""confidence"": [0.0, 0.7934506856227626], ""p_value"": 1.0, ""contingency"": [[0, 1], [195, 13521]]}",{}
120,NC00962.3,MXF-0.25-0.95,0.0,GARC1,RUS,MXF,gyrA@A667V,U,{},"{""proportion"": 0.0, ""confidence"": [0.0, 0.7934506856227626], ""p_value"": 1.0, ""contingency"": [[0, 1], [195, 13521]]}",{}
121,NC00962.3,MXF-0.25-0.95,0.0,GARC1,RUS,MXF,gyrA@c-32t,U,{},"{""proportion"": 0.0, ""confidence"": [4.8683609171202235e-17, 0.5614970317550455], ""p_value"": 1.0, ""contingency"": [[0, 3], [195, 13521]]}",{}
122,NC00962.3,MXF-0.25-0.95,0.0,GARC1,RUS,MXF,gyrA@E79K,U,{},"{""proportion"": 0.0, ""confidence"": [0.0, 0.7934506856227626], ""p_value"": 1.0, ""contingency"": [[0, 1], [195, 13521]]}",{}
123,NC00962.3,MXF-0.25-0.95,0.0,GARC1,RUS,MXF,gyrB@A233V,U,{},"{""proportion"": 0.0, ""confidence"": [0.0, 0.7934506856227626], ""p_value"": 1.0, ""contingency"": [[0, 1], [195, 13521]]}",{}
124,NC00962.3,MXF-0.25-0.95,0.0,GARC1,RUS,MXF,gyrB@A403V,U,{},"{""proportion"": 0.0, ""confidence"": [0.0, 0.7934506856227626], ""p_value"": 1.0, ""contingency"": [[0, 1], [195, 13521]]}",{}
125,NC00962.3,MXF-0.25-0.95,0.0,GARC1,RUS,MXF,gyrB@E181G,U,{},"{""proportion"": 0.0, ""confidence"": [0.0, 0.7934506856227626], ""p_value"": 1.0, ""contingency"": [[0, 1], [195, 13521]]}",{}
126,NC00962.3,MXF-0.25-0.95,0.0,GARC1,RUS,MXF,gyrB@A423V,U,{},"{""proportion"": 0.0, ""confidence"": [4.8683609171202235e-17, 0.5614970317550455], ""p_value"": 1.0, ""contingency"": [[0, 3], [195, 13521]]}",{}
127,NC00962.3,MXF-0.25-0.95,0.0,GARC1,RUS,MXF,gyrB@P343A,U,{},"{""proportion"": 0.0, ""confidence"": [0.0, 0.7934506856227626], ""p_value"": 1.0, ""contingency"": [[0, 1], [195, 13521]]}",{}
128,NC00962.3,MXF-0.25-0.95,0.0,GARC1,RUS,MXF,gyrB@E604V,U,{},"{""proportion"": 0.0, ""confidence"": [0.0, 0.6576197724933469], ""p_value"": 1.0, ""contingency"": [[0, 2], [195, 13521]]}",{}
129,NC00962.3,MXF-0.25-0.95,0.0,GARC1,RUS,MXF,gyrA@L398F,U,{},"{""proportion"": 0.0, ""confidence"": [4.8683609171202235e-17, 0.5614970317550455], ""p_value"": 1.0, ""contingency"": [[0, 3], [195, 13521]]}",{}
130,NC00962.3,MXF-0.25-0.95,0.0,GARC1,RUS,MXF,gyrB@P400R,U,{},"{""proportion"": 0.0, ""confidence"": [0.0, 0.43448246478317476], ""p_value"": 0.34082031250000006, ""contingency"": [[0, 5], [195, 13521]]}",{}
131,NC00962.3,MXF-0.25-0.95,0.0,GARC1,RUS,MXF,gyrB@T209A,U,{},"{""proportion"": 0.0, ""confidence"": [4.8683609171202235e-17, 0.5614970317550455], ""p_value"": 1.0, ""contingency"": [[0, 3], [195, 13521]]}",{}
132,NC00962.3,MXF-0.25-0.95,0.0,GARC1,RUS,MXF,gyrA@L142V,U,{},"{""proportion"": 0.0, ""confidence"": [4.8683609171202235e-17, 0.5614970317550455], ""p_value"": 1.0, ""contingency"": [[0, 3], [195, 13521]]}",{}
133,NC00962.3,MXF-0.25-0.95,0.0,GARC1,RUS,MXF,gyrB@V407L,U,{},"{""proportion"": 0.0, ""confidence"": [0.0, 0.7934506856227626], ""p_value"": 1.0, ""contingency"": [[0, 1], [195, 13521]]}",{}
134,NC00962.3,MXF-0.25-0.95,0.0,GARC1,RUS,MXF,gyrB@A242T,U,{},"{""proportion"": 0.0, ""confidence"": [0.0, 0.7934506856227626], ""p_value"": 1.0, ""contingency"": [[0, 1], [195, 13521]]}",{}
135,NC00962.3,MXF-0.25-0.95,0.0,GARC1,RUS,MXF,gyrB@K333R,U,{},"{""proportion"": 0.0, ""confidence"": [0.0, 0.7934506856227626], ""p_value"": 1.0, ""contingency"": [[0, 1], [195, 13521]]}",{}
136,NC00962.3,MXF-0.25-0.95,0.0,GARC1,RUS,MXF,gyrA@T339S,U,{},"{""proportion"": 0.0, ""confidence"": [0.0, 0.7934506856227626], ""p_value"": 1.0, ""contingency"": [[0, 1], [195, 13521]]}",{}
137,NC00962.3,MXF-0.25-0.95,0.0,GARC1,RUS,MXF,gyrA@Q22H,U,{},"{""proportion"": 0.0, ""confidence"": [0.0, 0.7934506856227626], ""p_value"": 1.0, ""contingency"": [[0, 1], [195, 13521]]}",{}
138,NC00962.3,MXF-0.25-0.95,0.0,GARC1,RUS,MXF,gyrA@R615L,U,{},"{""proportion"": 0.0, ""confidence"": [0.0, 0.7934506856227626], ""p_value"": 1.0, ""contingency"": [[0, 1], [195, 13521]]}",{}
139,NC00962.3,MXF-0.25-0.95,0.0,GARC1,RUS,MXF,gyrA@D515N,U,{},"{""proportion"": 0.0, ""confidence"": [0.0, 0.7934506856227626], ""p_value"": 1.0, ""contingency"": [[0, 1], [195, 13521]]}",{}
140,NC00962.3,MXF-0.25-0.95,0.0,GARC1,RUS,MXF,gyrA@T590M,U,{},"{""proportion"": 0.0, ""confidence"": [0.0, 0.7934506856227626], ""p_value"": 1.0, ""contingency"": [[0, 1], [195, 13521]]}",{}
141,NC00962.3,MXF-0.25-0.95,0.0,GARC1,RUS,MXF,gyrA@g-9t,U,{},"{""proportion"": 0.0, ""confidence"": [0.0, 0.7934506856227626], ""p_value"": 1.0, ""contingency"": [[0, 1], [195, 13521]]}",{}
142,NC00962.3,MXF-0.25-0.95,0.0,GARC1,RUS,MXF,gyrB@P177L,U,{},"{""proportion"": 0.0, ""confidence"": [0.0, 0.6576197724933469], ""p_value"": 1.0, ""contingency"": [[0, 2], [195, 13521]]}",{}
143,NC00962.3,MXF-0.25-0.95,0.0,GARC1,RUS,MXF,gyrA@L346V,U,{},"{""proportion"": 0.0, ""confidence"": [4.8683609171202235e-17, 0.5614970317550455], ""p_value"": 1.0, ""contingency"": [[0, 3], [195, 13521]]}",{}
144,NC00962.3,MXF-0.25-0.95,0.0,GARC1,RUS,MXF,gyrA@2458_del_gaagaaagtggcgacgataatgccgtggacgccaacggcgcagaccagacgggcaattaa,U,{},"{""proportion"": 0.0, ""confidence"": [0.0, 0.7934506856227626], ""p_value"": 1.0, ""contingency"": [[0, 1], [195, 13521]]}",{}
145,NC00962.3,MXF-0.25-0.95,0.0,GARC1,RUS,MXF,gyrA@D488A,U,{},"{""proportion"": 0.0, ""confidence"": [0.0, 0.7934506856227626], ""p_value"": 1.0, ""contingency"": [[0, 1], [195, 13521]]}",{}
146,NC00962.3,MXF-0.25-0.95,0.0,GARC1,RUS,MXF,gyrB@I271V,U,{},"{""proportion"": 0.0, ""confidence"": [0.0, 0.7934506856227626], ""p_value"": 1.0, ""contingency"": [[0, 1], [195, 13521]]}",{}
147,NC00962.3,MXF-0.25-0.95,0.0,GARC1,RUS,MXF,gyrA@L425F,U,{},"{""proportion"": 0.0, ""confidence"": [0.0, 0.7934506856227626], ""p_value"": 1.0, ""contingency"": [[0, 1], [195, 13521]]}",{}
148,NC00962.3,MXF-0.25-0.95,0.0,GARC1,RUS,MXF,gyrB@c-53g,U,{},"{""proportion"": 0.0, ""confidence"": [0.0, 0.6576197724933469], ""p_value"": 1.0, ""contingency"": [[0, 2], [195, 13521]]}",{}
149,NC00962.3,MXF-0.25-0.95,0.0,GARC1,RUS,MXF,gyrA@H70R,U,{},"{""proportion"": 0.0, ""confidence"": [0.0, 0.7934506856227626], ""p_value"": 1.0, ""contingency"": [[0, 1], [195, 13521]]}",{}
150,NC00962.3,MXF-0.25-0.95,0.0,GARC1,RUS,MXF,gyrB@E501V,U,{},"{""proportion"": 0.0, ""confidence"": [0.0, 0.7934506856227626], ""p_value"": 1.0, ""contingency"": [[0, 1], [195, 13521]]}",{}
151,NC00962.3,MXF-0.25-0.95,0.0,GARC1,RUS,MXF,gyrB@T214I,U,{},"{""proportion"": 0.0, ""confidence"": [0.0, 0.7934506856227626], ""p_value"": 1.0, ""contingency"": [[0, 1], [195, 13521]]}",{}
152,NC00962.3,MXF-0.25-0.95,0.0,GARC1,RUS,MXF,gyrA@G265S,U,{},"{""proportion"": 0.0, ""confidence"": [0.0, 0.7934506856227626], ""p_value"": 1.0, ""contingency"": [[0, 1], [195, 13521]]}",{}
153,NC00962.3,MXF-0.25-0.95,0.0,GARC1,RUS,MXF,gyrB@R523S,U,{},"{""proportion"": 0.0, ""confidence"": [0.0, 0.6576197724933469], ""p_value"": 1.0, ""contingency"": [[0, 2], [195, 13521]]}",{}
154,NC00962.3,MXF-0.25-0.95,0.0,GARC1,RUS,MXF,gyrB@t-60c,U,{},"{""proportion"": 0.0, ""confidence"": [0.0, 0.7934506856227626], ""p_value"": 1.0, ""contingency"": [[0, 1], [195, 13521]]}",{}
155,NC00962.3,MXF-0.25-0.95,0.0,GARC1,RUS,MXF,gyrA@Y276H,U,{},"{""proportion"": 0.0, ""confidence"": [0.0, 0.7934506856227626], ""p_value"": 1.0, ""contingency"": [[0, 1], [195, 13521]]}",{}
156,NC00962.3,MXF-0.25-0.95,0.0,GARC1,RUS,MXF,gyrA@T697A,U,{},"{""proportion"": 0.0, ""confidence"": [0.0, 0.7934506856227626], ""p_value"": 1.0, ""contingency"": [[0, 1], [195, 13521]]}",{}
157,NC00962.3,MXF-0.25-0.95,0.0,GARC1,RUS,MXF,gyrB@N66S,U,{},"{""proportion"": 0.0, ""confidence"": [3.384324554477539e-17, 0.39033428790216534], ""p_value"": 0.347412109375, ""contingency"": [[0, 6], [195, 13521]]}",{}
158,NC00962.3,MXF-0.25-0.95,0.0,GARC1,RUS,MXF,gyrB@R523C,U,{},"{""proportion"": 0.0, ""confidence"": [0.0, 0.7934506856227626], ""p_value"": 1.0, ""contingency"": [[0, 1], [195, 13521]]}",{}
159,NC00962.3,MXF-0.25-0.95,0.0,GARC1,RUS,MXF,gyrB@H560R,U,{},"{""proportion"": 0.0, ""confidence"": [0.0, 0.7934506856227626], ""p_value"": 1.0, ""contingency"": [[0, 1], [195, 13521]]}",{}
160,NC00962.3,MXF-0.25-0.95,0.0,GARC1,RUS,MXF,gyrA@I462V,U,{},"{""proportion"": 0.0, ""confidence"": [0.0, 0.4898908364545973], ""p_value"": 0.578125, ""contingency"": [[0, 4], [195, 13521]]}",{}
161,NC00962.3,MXF-0.25-0.95,0.0,GARC1,RUS,MXF,gyrA@A676V,U,{},"{""proportion"": 0.0, ""confidence"": [4.8683609171202235e-17, 0.5614970317550455], ""p_value"": 1.0, ""contingency"": [[0, 3], [195, 13521]]}",{}
162,NC00962.3,MXF-0.25-0.95,0.0,GARC1,RUS,MXF,gyrB@N499T,U,{},"{""proportion"": 0.25, ""confidence"": [0.07147921275210901, 0.5907245696898311], ""p_value"": 1.0, ""contingency"": [[2, 6], [195, 13521]]}",{}
163,NC00962.3,MXF-0.25-0.95,0.0,GARC1,RUS,MXF,gyrA@V750A,U,{},"{""proportion"": 0.0, ""confidence"": [0.0, 0.6576197724933469], ""p_value"": 1.0, ""contingency"": [[0, 2], [195, 13521]]}",{}
164,NC00962.3,MXF-0.25-0.95,0.0,GARC1,RUS,MXF,gyrB@T500N,U,{},"{""proportion"": 0.5, ""confidence"": [0.236593090512564, 0.763406909487436], ""p_value"": 0.1344404220581055, ""contingency"": [[5, 5], [195, 13521]]}",{}
165,NC00962.3,MXF-0.25-0.95,0.0,GARC1,RUS,MXF,gyrA@R380G,U,{},"{""proportion"": 0.0, ""confidence"": [0.0, 0.6576197724933469], ""p_value"": 1.0, ""contingency"": [[0, 2], [195, 13521]]}",{}
166,NC00962.3,MXF-0.25-0.95,0.0,GARC1,RUS,MXF,gyrB@E604K,U,{},"{""proportion"": 0.0, ""confidence"": [0.0, 0.7934506856227626], ""p_value"": 1.0, ""contingency"": [[0, 1], [195, 13521]]}",{}
167,NC00962.3,MXF-0.25-0.95,0.0,GARC1,RUS,MXF,gyrA@E289D,U,{},"{""proportion"": 0.0, ""confidence"": [0.0, 0.6576197724933469], ""p_value"": 1.0, ""contingency"": [[0, 2], [195, 13521]]}",{}
168,NC00962.3,MXF-0.25-0.95,0.0,GARC1,RUS,MXF,gyrA@E289Q,U,{},"{""proportion"": 0.0, ""confidence"": [0.0, 0.7934506856227626], ""p_value"": 1.0, ""contingency"": [[0, 1], [195, 13521]]}",{}
169,NC00962.3,MXF-0.25-0.95,0.0,GARC1,RUS,MXF,gyrA@R513C,U,{},"{""proportion"": 0.0, ""confidence"": [0.0, 0.7934506856227626], ""p_value"": 1.0, ""contingency"": [[0, 1], [195, 13521]]}",{}
170,NC00962.3,MXF-0.25-0.95,0.0,GARC1,RUS,MXF,gyrB@A332V,U,{},"{""proportion"": 0.0, ""confidence"": [0.0, 0.7934506856227626], ""p_value"": 1.0, ""contingency"": [[0, 1], [195, 13521]]}",{}
171,NC00962.3,MXF-0.25-0.95,0.0,GARC1,RUS,MXF,gyrA@T377I,U,{},"{""proportion"": 0.0, ""confidence"": [0.0, 0.4898908364545973], ""p_value"": 0.578125, ""contingency"": [[0, 4], [195, 13521]]}",{}
172,NC00962.3,MXF-0.25-0.95,0.0,GARC1,RUS,MXF,gyrB@D461A,U,{},"{""proportion"": 0.0, ""confidence"": [4.8683609171202235e-17, 0.5614970317550455], ""p_value"": 1.0, ""contingency"": [[0, 3], [195, 13521]]}",{}
173,NC00962.3,MXF-0.25-0.95,0.0,GARC1,RUS,MXF,gyrA@M141T,U,{},"{""proportion"": 0.0, ""confidence"": [0.0, 0.7934506856227626], ""p_value"": 1.0, ""contingency"": [[0, 1], [195, 13521]]}",{}
174,NC00962.3,MXF-0.25-0.95,0.0,GARC1,RUS,MXF,gyrB@P578A,U,{},"{""proportion"": 0.0, ""confidence"": [0.0, 0.43448246478317476], ""p_value"": 0.34082031250000006, ""contingency"": [[0, 5], [195, 13521]]}",{}
175,NC00962.3,MXF-0.25-0.95,0.0,GARC1,RUS,MXF,gyrB@D434E,U,{},"{""proportion"": 0.0, ""confidence"": [0.0, 0.6576197724933469], ""p_value"": 1.0, ""contingency"": [[0, 2], [195, 13521]]}",{}
176,NC00962.3,MXF-0.25-0.95,0.0,GARC1,RUS,MXF,gyrA@A322S,U,{},"{""proportion"": 0.0, ""confidence"": [0.0, 0.7934506856227626], ""p_value"": 1.0, ""contingency"": [[0, 1], [195, 13521]]}",{}
177,NC00962.3,MXF-0.25-0.95,0.0,GARC1,RUS,MXF,gyrB@V670F,U,{},"{""proportion"": 0.0, ""confidence"": [0.0, 0.4898908364545973], ""p_value"": 0.578125, ""contingency"": [[0, 4], [195, 13521]]}",{}
178,NC00962.3,MXF-0.25-0.95,0.0,GARC1,RUS,MXF,gyrA@D687N,U,{},"{""proportion"": 0.0, ""confidence"": [0.0, 0.6576197724933469], ""p_value"": 1.0, ""contingency"": [[0, 2], [195, 13521]]}",{}
179,NC00962.3,MXF-0.25-0.95,0.0,GARC1,RUS,MXF,gyrA@I427V,U,{},"{""proportion"": 0.0, ""confidence"": [0.0, 0.7934506856227626], ""p_value"": 1.0, ""contingency"": [[0, 1], [195, 13521]]}",{}
180,NC00962.3,MXF-0.25-0.95,0.0,GARC1,RUS,MXF,gyrB@E21D,U,{},"{""proportion"": 0.0, ""confidence"": [0.0, 0.7934506856227626], ""p_value"": 1.0, ""contingency"": [[0, 1], [195, 13521]]}",{}
181,NC00962.3,MXF-0.25-0.95,0.0,GARC1,RUS,MXF,gyrB@A432V,U,{},"{""proportion"": 0.0, ""confidence"": [0.0, 0.7934506856227626], ""p_value"": 1.0, ""contingency"": [[0, 1], [195, 13521]]}",{}
182,NC00962.3,MXF-0.25-0.95,0.0,GARC1,RUS,MXF,gyrB@K404R,U,{},"{""proportion"": 0.0, ""confidence"": [0.0, 0.7934506856227626], ""p_value"": 1.0, ""contingency"": [[0, 1], [195, 13521]]}",{}
183,NC00962.3,MXF-0.25-0.95,0.0,GARC1,RUS,MXF,gyrB@T378S,U,{},"{""proportion"": 0.0, ""confidence"": [0.0, 0.4898908364545973], ""p_value"": 0.578125, ""contingency"": [[0, 4], [195, 13521]]}",{}
184,NC00962.3,MXF-0.25-0.95,0.0,GARC1,RUS,MXF,gyrA@Q290R,U,{},"{""proportion"": 0.0, ""confidence"": [0.0, 0.7934506856227626], ""p_value"": 1.0, ""contingency"": [[0, 1], [195, 13521]]}",{}
185,NC00962.3,MXF-0.25-0.95,0.0,GARC1,RUS,MXF,gyrA@D641Y,U,{},"{""proportion"": 0.0, ""confidence"": [0.0, 0.7934506856227626], ""p_value"": 1.0, ""contingency"": [[0, 1], [195, 13521]]}",{}
186,NC00962.3,MXF-0.25-0.95,0.0,GARC1,RUS,MXF,gyrA@K319E,U,{},"{""proportion"": 0.0, ""confidence"": [0.0, 0.7934506856227626], ""p_value"": 1.0, ""contingency"": [[0, 1], [195, 13521]]}",{}
187,NC00962.3,MXF-0.25-0.95,0.0,GARC1,RUS,MXF,gyrB@t-10c,U,{},"{""proportion"": 0.0, ""confidence"": [0.0, 0.7934506856227626], ""p_value"": 1.0, ""contingency"": [[0, 1], [195, 13521]]}",{}
188,NC00962.3,MXF-0.25-0.95,0.0,GARC1,RUS,MXF,gyrA@D464E,U,{},"{""proportion"": 0.0, ""confidence"": [0.0, 0.7934506856227626], ""p_value"": 1.0, ""contingency"": [[0, 1], [195, 13521]]}",{}
189,NC00962.3,MXF-0.25-0.95,0.0,GARC1,RUS,MXF,gyrA@Y365H,U,{},"{""proportion"": 0.0, ""confidence"": [0.0, 0.7934506856227626], ""p_value"": 1.0, ""contingency"": [[0, 1], [195, 13521]]}",{}
190,NC00962.3,MXF-0.25-0.95,0.0,GARC1,RUS,MXF,gyrB@K159M,U,{},"{""proportion"": 0.0, ""confidence"": [0.0, 0.7934506856227626], ""p_value"": 1.0, ""contingency"": [[0, 1], [195, 13521]]}",{}
191,NC00962.3,MXF-0.25-0.95,0.0,GARC1,RUS,MXF,gyrA@Q475P,U,{},"{""proportion"": 0.0, ""confidence"": [0.0, 0.7934506856227626], ""p_value"": 1.0, ""contingency"": [[0, 1], [195, 13521]]}",{}
192,NC00962.3,MXF-0.25-0.95,0.0,GARC1,RUS,MXF,gyrB@c-55t,U,{},"{""proportion"": 0.0, ""confidence"": [0.0, 0.7934506856227626], ""p_value"": 1.0, ""contingency"": [[0, 1], [195, 13521]]}",{}
193,NC00962.3,MXF-0.25-0.95,0.0,GARC1,RUS,MXF,gyrA@E466A,U,{},"{""proportion"": 0.0, ""confidence"": [0.0, 0.7934506856227626], ""p_value"": 1.0, ""contingency"": [[0, 1], [195, 13521]]}",{}
194,NC00962.3,MXF-0.25-0.95,0.0,GARC1,RUS,MXF,gyrA@D94V,U,{},"{""proportion"": 0.0, ""confidence"": [0.0, 0.7934506856227626], ""p_value"": 1.0, ""contingency"": [[0, 1], [195, 13521]]}",{}
195,NC00962.3,MXF-0.25-0.95,0.0,GARC1,RUS,MXF,gyrA@P119L,U,{},"{""proportion"": 0.0, ""confidence"": [0.0, 0.7934506856227626], ""p_value"": 1.0, ""contingency"": [[0, 1], [195, 13521]]}",{}
196,NC00962.3,MXF-0.25-0.95,0.0,GARC1,RUS,MXF,gyrA@G795R,U,{},"{""proportion"": 0.0, ""confidence"": [0.0, 0.7934506856227626], ""p_value"": 1.0, ""contingency"": [[0, 1], [195, 13521]]}",{}
197,NC00962.3,MXF-0.25-0.95,0.0,GARC1,RUS,MXF,gyrB@g-4a,U,{},"{""proportion"": 0.0, ""confidence"": [0.0, 0.7934506856227626], ""p_value"": 1.0, ""contingency"": [[0, 1], [195, 13521]]}",{}
198,NC00962.3,MXF-0.25-0.95,0.0,GARC1,RUS,MXF,gyrB@R665C,U,{},"{""proportion"": 0.0, ""confidence"": [0.0, 0.7934506856227626], ""p_value"": 1.0, ""contingency"": [[0, 1], [195, 13521]]}",{}
199,NC00962.3,MXF-0.25-0.95,0.0,GARC1,RUS,MXF,gyrB@T500I,U,{},"{""proportion"": 0.0, ""confidence"": [0.0, 0.7934506856227626], ""p_value"": 1.0, ""contingency"": [[0, 1], [195, 13521]]}",{}
200,NC00962.3,MXF-0.25-0.95,0.0,GARC1,RUS,MXF,gyrB@P578S,U,{},"{""proportion"": 1.0, ""confidence"": [0.20654931437723742, 1.0], ""p_value"": 0.25, ""contingency"": [[1, 0], [195, 13521]]}",{}
201,NC00962.3,MXF-0.25-0.95,0.0,GARC1,RUS,MXF,gyrB@D617Y,U,{},"{""proportion"": 0.0, ""confidence"": [0.0, 0.7934506856227626], ""p_value"": 1.0, ""contingency"": [[0, 1], [195, 13521]]}",{}
202,NC00962.3,MXF-0.25-0.95,0.0,GARC1,RUS,MXF,gyrB@E379G,U,{},"{""proportion"": 0.0, ""confidence"": [0.0, 0.6576197724933469], ""p_value"": 1.0, ""contingency"": [[0, 2], [195, 13521]]}",{}
203,NC00962.3,MXF-0.25-0.95,0.0,GARC1,RUS,MXF,gyrA@P17L,U,{},"{""proportion"": 0.0, ""confidence"": [0.0, 0.6576197724933469], ""p_value"": 1.0, ""contingency"": [[0, 2], [195, 13521]]}",{}
204,NC00962.3,MXF-0.25-0.95,0.0,GARC1,RUS,MXF,gyrA@D211G,U,{},"{""proportion"": 0.0, ""confidence"": [0.0, 0.7934506856227626], ""p_value"": 1.0, ""contingency"": [[0, 1], [195, 13521]]}",{}
205,NC00962.3,MXF-0.25-0.95,0.0,GARC1,RUS,MXF,gyrB@T500P,U,{},"{""proportion"": 0.0, ""confidence"": [0.0, 0.7934506856227626], ""p_value"": 1.0, ""contingency"": [[0, 1], [195, 13521]]}",{}
206,NC00962.3,MXF-0.25-0.95,0.0,GARC1,RUS,MXF,gyrA@R489S,U,{},"{""proportion"": 0.0, ""confidence"": [0.0, 0.7934506856227626], ""p_value"": 1.0, ""contingency"": [[0, 1], [195, 13521]]}",{}
207,NC00962.3,MXF-0.25-0.95,0.0,GARC1,RUS,MXF,gyrA@D367E,U,{},"{""proportion"": 0.0, ""confidence"": [0.0, 0.7934506856227626], ""p_value"": 1.0, ""contingency"": [[0, 1], [195, 13521]]}",{}
208,NC00962.3,MXF-0.25-0.95,0.0,GARC1,RUS,MXF,gyrB@L156M,U,{},"{""proportion"": 0.0, ""confidence"": [0.0, 0.7934506856227626], ""p_value"": 1.0, ""contingency"": [[0, 1], [195, 13521]]}",{}
209,NC00962.3,MXF-0.25-0.95,0.0,GARC1,RUS,MXF,gyrA@A126E,U,{},"{""proportion"": 0.0, ""confidence"": [0.0, 0.7934506856227626], ""p_value"": 1.0, ""contingency"": [[0, 1], [195, 13521]]}",{}
210,NC00962.3,MXF-0.25-0.95,0.0,GARC1,RUS,MXF,gyrA@I554V,U,{},"{""proportion"": 0.0, ""confidence"": [0.0, 0.7934506856227626], ""p_value"": 1.0, ""contingency"": [[0, 1], [195, 13521]]}",{}
211,NC00962.3,MXF-0.25-0.95,0.0,GARC1,RUS,MXF,gyrB@c-37t,U,{},"{""proportion"": 0.0, ""confidence"": [0.0, 0.7934506856227626], ""p_value"": 1.0, ""contingency"": [[0, 1], [195, 13521]]}",{}
212,NC00962.3,MXF-0.25-0.95,0.0,GARC1,RUS,MXF,gyrB@E586K,U,{},"{""proportion"": 0.0, ""confidence"": [0.0, 0.4898908364545973], ""p_value"": 0.578125, ""contingency"": [[0, 4], [195, 13521]]}",{}
213,NC00962.3,MXF-0.25-0.95,0.0,GARC1,RUS,MXF,gyrA@V327L,U,{},"{""proportion"": 0.0, ""confidence"": [0.0, 0.7934506856227626], ""p_value"": 1.0, ""contingency"": [[0, 1], [195, 13521]]}",{}
214,NC00962.3,MXF-0.25-0.95,0.0,GARC1,RUS,MXF,gyrA@T563S,U,{},"{""proportion"": 0.0, ""confidence"": [0.0, 0.7934506856227626], ""p_value"": 1.0, ""contingency"": [[0, 1], [195, 13521]]}",{}
215,NC00962.3,MXF-0.25-0.95,0.0,GARC1,RUS,MXF,gyrB@P243S,U,{},"{""proportion"": 1.0, ""confidence"": [0.20654931437723742, 1.0], ""p_value"": 0.25, ""contingency"": [[1, 0], [195, 13521]]}",{}
216,NC00962.3,MXF-0.25-0.95,0.0,GARC1,RUS,MXF,gyrA@D209G,U,{},"{""proportion"": 0.0, ""confidence"": [0.0, 0.7934506856227626], ""p_value"": 1.0, ""contingency"": [[0, 1], [195, 13521]]}",{}
217,NC00962.3,MXF-0.25-0.95,0.0,GARC1,RUS,MXF,gyrB@S447Y,U,{},"{""proportion"": 0.25, ""confidence"": [0.045587260809700575, 0.6993581574175981], ""p_value"": 1.0, ""contingency"": [[1, 3], [195, 13521]]}",{}
218,NC00962.3,MXF-0.25-0.95,0.0,GARC1,RUS,MXF,gyrB@D518G,U,{},"{""proportion"": 0.0, ""confidence"": [0.0, 0.6576197724933469], ""p_value"": 1.0, ""contingency"": [[0, 2], [195, 13521]]}",{}
219,NC00962.3,MXF-0.25-0.95,0.0,GARC1,RUS,MXF,gyrA@K636N,U,{},"{""proportion"": 0.0, ""confidence"": [0.0, 0.7934506856227626], ""p_value"": 1.0, ""contingency"": [[0, 1], [195, 13521]]}",{}
220,NC00962.3,MXF-0.25-0.95,0.0,GARC1,RUS,MXF,gyrA@T735S,U,{},"{""proportion"": 0.0, ""confidence"": [0.0, 0.6576197724933469], ""p_value"": 1.0, ""contingency"": [[0, 2], [195, 13521]]}",{}
221,NC00962.3,MXF-0.25-0.95,0.0,GARC1,RUS,MXF,gyrA@V596M,U,{},"{""proportion"": 1.0, ""confidence"": [0.20654931437723742, 1.0], ""p_value"": 0.25, ""contingency"": [[1, 0], [195, 13521]]}",{}
222,NC00962.3,MXF-0.25-0.95,0.0,GARC1,RUS,MXF,gyrB@D334G,U,{},"{""proportion"": 0.0, ""confidence"": [0.0, 0.7934506856227626], ""p_value"": 1.0, ""contingency"": [[0, 1], [195, 13521]]}",{}
223,NC00962.3,MXF-0.25-0.95,0.0,GARC1,RUS,MXF,gyrA@A814T,U,{},"{""proportion"": 0.0, ""confidence"": [0.0, 0.7934506856227626], ""p_value"": 1.0, ""contingency"": [[0, 1], [195, 13521]]}",{}
224,NC00962.3,MXF-0.25-0.95,0.0,GARC1,RUS,MXF,gyrA@K333N,U,{},"{""proportion"": 0.0, ""confidence"": [0.0, 0.7934506856227626], ""p_value"": 1.0, ""contingency"": [[0, 1], [195, 13521]]}",{}
225,NC00962.3,MXF-0.25-0.95,0.0,GARC1,RUS,MXF,gyrB@E501G,U,{},"{""proportion"": 0.0, ""confidence"": [0.0, 0.7934506856227626], ""p_value"": 1.0, ""contingency"": [[0, 1], [195, 13521]]}",{}
226,NC00962.3,MXF-0.25-0.95,0.0,GARC1,RUS,MXF,gyrA@S62F,U,{},"{""proportion"": 0.0, ""confidence"": [0.0, 0.6576197724933469], ""p_value"": 1.0, ""contingency"": [[0, 2], [195, 13521]]}",{}
227,NC00962.3,MXF-0.25-0.95,0.0,GARC1,RUS,MXF,gyrA@D211E,U,{},"{""proportion"": 0.0, ""confidence"": [0.0, 0.6576197724933469], ""p_value"": 1.0, ""contingency"": [[0, 2], [195, 13521]]}",{}
228,NC00962.3,MXF-0.25-0.95,0.0,GARC1,RUS,MXF,gyrA@T590A,U,{},"{""proportion"": 0.0, ""confidence"": [0.0, 0.7934506856227626], ""p_value"": 1.0, ""contingency"": [[0, 1], [195, 13521]]}",{}
229,NC00962.3,MXF-0.25-0.95,0.0,GARC1,RUS,MXF,gyrB@N558D,U,{},"{""proportion"": 0.0, ""confidence"": [0.0, 0.7934506856227626], ""p_value"": 1.0, ""contingency"": [[0, 1], [195, 13521]]}",{}
230,NC00962.3,MXF-0.25-0.95,0.0,GARC1,RUS,MXF,gyrA@D509N,U,{},"{""proportion"": 0.0, ""confidence"": [0.0, 0.7934506856227626], ""p_value"": 1.0, ""contingency"": [[0, 1], [195, 13521]]}",{}
231,NC00962.3,MXF-0.25-0.95,0.0,GARC1,RUS,MXF,gyrB@I435V,U,{},"{""proportion"": 0.0, ""confidence"": [0.0, 0.7934506856227626], ""p_value"": 1.0, ""contingency"": [[0, 1], [195, 13521]]}",{}
232,NC00962.3,MXF-0.25-0.95,0.0,GARC1,RUS,MXF,gyrA@A74S,U,{},"{""proportion"": 0.3333333333333333, ""confidence"": [0.061491944720396215, 0.7923403991979523], ""p_value"": 1.0, ""contingency"": [[1, 2], [195, 13521]]}",{}
233,NC00962.3,MXF-0.25-0.95,0.0,GARC1,RUS,MXF,gyrA@M141I,U,{},"{""proportion"": 0.0, ""confidence"": [0.0, 0.7934506856227626], ""p_value"": 1.0, ""contingency"": [[0, 1], [195, 13521]]}",{}
234,NC00962.3,MXF-0.25-0.95,0.0,GARC1,RUS,MXF,gyrB@R553G,U,{},"{""proportion"": 1.0, ""confidence"": [0.20654931437723742, 1.0], ""p_value"": 0.25, ""contingency"": [[1, 0], [195, 13521]]}",{}
235,NC00962.3,MXF-0.25-0.95,0.0,GARC1,RUS,MXF,gyrA@A626V,U,{},"{""proportion"": 0.0, ""confidence"": [0.0, 0.6576197724933469], ""p_value"": 1.0, ""contingency"": [[0, 2], [195, 13521]]}",{}
236,NC00962.3,MXF-0.25-0.95,0.0,GARC1,RUS,MXF,gyrA@A406V,U,{},"{""proportion"": 0.0, ""confidence"": [0.0, 0.7934506856227626], ""p_value"": 1.0, ""contingency"": [[0, 1], [195, 13521]]}",{}
237,NC00962.3,MXF-0.25-0.95,0.0,GARC1,RUS,MXF,gyrB@D342E,U,{},"{""proportion"": 0.0, ""confidence"": [0.0, 0.6576197724933469], ""p_value"": 1.0, ""contingency"": [[0, 2], [195, 13521]]}",{}
238,NC00962.3,MXF-0.25-0.95,0.0,GARC1,RUS,MXF,gyrA@E429A,U,{},"{""proportion"": 0.0, ""confidence"": [0.0, 0.7934506856227626], ""p_value"": 1.0, ""contingency"": [[0, 1], [195, 13521]]}",{}
239,NC00962.3,MXF-0.25-0.95,0.0,GARC1,RUS,MXF,gyrA@F683V,U,{},"{""proportion"": 0.0, ""confidence"": [0.0, 0.7934506856227626], ""p_value"": 1.0, ""contingency"": [[0, 1], [195, 13521]]}",{}
240,NC00962.3,MXF-0.25-0.95,0.0,GARC1,RUS,MXF,gyrB@I556V,U,{},"{""proportion"": 0.0, ""confidence"": [0.0, 0.7934506856227626], ""p_value"": 1.0, ""contingency"": [[0, 1], [195, 13521]]}",{}
241,NC00962.3,MXF-0.25-0.95,0.0,GARC1,RUS,MXF,gyrB@L555V,U,{},"{""proportion"": 0.0, ""confidence"": [0.0, 0.7934506856227626], ""p_value"": 1.0, ""contingency"": [[0, 1], [195, 13521]]}",{}
242,NC00962.3,MXF-0.25-0.95,0.0,GARC1,RUS,MXF,gyrA@A696T,U,{},"{""proportion"": 0.0, ""confidence"": [0.0, 0.7934506856227626], ""p_value"": 1.0, ""contingency"": [[0, 1], [195, 13521]]}",{}
243,NC00962.3,MXF-0.25-0.95,0.0,GARC1,RUS,MXF,gyrA@R26C,U,{},"{""proportion"": 0.0, ""confidence"": [0.0, 0.7934506856227626], ""p_value"": 1.0, ""contingency"": [[0, 1], [195, 13521]]}",{}
244,NC00962.3,MXF-0.25-0.95,0.0,GARC1,RUS,MXF,gyrB@Q565H,U,{},"{""proportion"": 0.0, ""confidence"": [0.0, 0.7934506856227626], ""p_value"": 1.0, ""contingency"": [[0, 1], [195, 13521]]}",{}
245,NC00962.3,MXF-0.25-0.95,0.0,GARC1,RUS,MXF,gyrB@g-66t,U,{},"{""proportion"": 0.0, ""confidence"": [0.0, 0.7934506856227626], ""p_value"": 1.0, ""contingency"": [[0, 1], [195, 13521]]}",{}
246,NC00962.3,MXF-0.25-0.95,0.0,GARC1,RUS,MXF,gyrB@D220E,U,{},"{""proportion"": 0.0, ""confidence"": [0.0, 0.7934506856227626], ""p_value"": 1.0, ""contingency"": [[0, 1], [195, 13521]]}",{}
247,NC00962.3,MXF-0.25-0.95,0.0,GARC1,RUS,MXF,gyrA@A512T,U,{},"{""proportion"": 0.0, ""confidence"": [0.0, 0.7934506856227626], ""p_value"": 1.0, ""contingency"": [[0, 1], [195, 13521]]}",{}
248,NC00962.3,MXF-0.25-0.95,0.0,GARC1,RUS,MXF,gyrB@P163L,U,{},"{""proportion"": 0.0, ""confidence"": [0.0, 0.6576197724933469], ""p_value"": 1.0, ""contingency"": [[0, 2], [195, 13521]]}",{}
249,NC00962.3,MXF-0.25-0.95,0.0,GARC1,RUS,MXF,gyrA@V544L,U,{},"{""proportion"": 0.0, ""confidence"": [0.0, 0.6576197724933469], ""p_value"": 1.0, ""contingency"": [[0, 2], [195, 13521]]}",{}
250,NC00962.3,MXF-0.25-0.95,0.0,GARC1,RUS,MXF,gyrA@A736T,U,{},"{""proportion"": 0.5, ""confidence"": [0.09453120573423071, 0.9054687942657693], ""p_value"": 0.4375, ""contingency"": [[1, 1], [195, 13521]]}",{}
251,NC00962.3,MXF-0.25-0.95,0.0,GARC1,RUS,MXF,gyrA@I348V,U,{},"{""proportion"": 0.0, ""confidence"": [0.0, 0.7934506856227626], ""p_value"": 1.0, ""contingency"": [[0, 1], [195, 13521]]}",{}
252,NC00962.3,MXF-0.25-0.95,0.0,GARC1,RUS,MXF,gyrA@E739Q,U,{},"{""proportion"": 1.0, ""confidence"": [0.20654931437723742, 1.0], ""p_value"": 0.25, ""contingency"": [[1, 0], [195, 13521]]}",{}
253,NC00962.3,MXF-0.25-0.95,0.0,GARC1,RUS,MXF,gyrA@R65H,U,{},"{""proportion"": 0.0, ""confidence"": [0.0, 0.7934506856227626], ""p_value"": 1.0, ""contingency"": [[0, 1], [195, 13521]]}",{}
254,NC00962.3,MXF-0.25-0.95,0.0,GARC1,RUS,MXF,gyrA@A736V,U,{},"{""proportion"": 0.0, ""confidence"": [4.8683609171202235e-17, 0.5614970317550455], ""p_value"": 1.0, ""contingency"": [[0, 3], [195, 13521]]}",{}
255,NC00962.3,MXF-0.25-0.95,0.0,GARC1,RUS,MXF,gyrA@K224E,U,{},"{""proportion"": 0.0, ""confidence"": [0.0, 0.7934506856227626], ""p_value"": 1.0, ""contingency"": [[0, 1], [195, 13521]]}",{}
256,NC00962.3,MXF-0.25-0.95,0.0,GARC1,RUS,MXF,gyrA@A512G,U,{},"{""proportion"": 0.0, ""confidence"": [0.0, 0.7934506856227626], ""p_value"": 1.0, ""contingency"": [[0, 1], [195, 13521]]}",{}
257,NC00962.3,MXF-0.25-0.95,0.0,GARC1,RUS,MXF,gyrB@L673P,U,{},"{""proportion"": 0.0, ""confidence"": [0.0, 0.7934506856227626], ""p_value"": 1.0, ""contingency"": [[0, 1], [195, 13521]]}",{}
258,NC00962.3,MXF-0.25-0.95,0.0,GARC1,RUS,MXF,gyrA@A90E,U,{},"{""proportion"": 0.0, ""confidence"": [0.0, 0.7934506856227626], ""p_value"": 1.0, ""contingency"": [[0, 1], [195, 13521]]}",{}
259,NC00962.3,MXF-0.25-0.95,0.0,GARC1,RUS,MXF,gyrA@G158S,U,{},"{""proportion"": 0.0, ""confidence"": [0.0, 0.7934506856227626], ""p_value"": 1.0, ""contingency"": [[0, 1], [195, 13521]]}",{}
260,NC00962.3,MXF-0.25-0.95,0.0,GARC1,RUS,MXF,gyrA@Q336K,U,{},"{""proportion"": 0.0, ""confidence"": [0.0, 0.7934506856227626], ""p_value"": 1.0, ""contingency"": [[0, 1], [195, 13521]]}",{}
261,NC00962.3,MXF-0.25-0.95,0.0,GARC1,RUS,MXF,gyrA@N831K,U,{},"{""proportion"": 0.0, ""confidence"": [0.0, 0.6576197724933469], ""p_value"": 1.0, ""contingency"": [[0, 2], [195, 13521]]}",{}
262,NC00962.3,MXF-0.25-0.95,0.0,GARC1,RUS,MXF,gyrB@T250S,U,{},"{""proportion"": 0.0, ""confidence"": [4.8683609171202235e-17, 0.5614970317550455], ""p_value"": 1.0, ""contingency"": [[0, 3], [195, 13521]]}",{}
263,NC00962.3,MXF-0.25-0.95,0.0,GARC1,RUS,MXF,gyrA@V651I,U,{},"{""proportion"": 0.0, ""confidence"": [0.0, 0.7934506856227626], ""p_value"": 1.0, ""contingency"": [[0, 1], [195, 13521]]}",{}
264,NC00962.3,MXF-0.25-0.95,0.0,GARC1,RUS,MXF,gyrA@H490N,U,{},"{""proportion"": 0.0, ""confidence"": [0.0, 0.7934506856227626], ""p_value"": 1.0, ""contingency"": [[0, 1], [195, 13521]]}",{}
265,NC00962.3,MXF-0.25-0.95,0.0,GARC1,RUS,MXF,gyrA@P275A,U,{},"{""proportion"": 0.0, ""confidence"": [0.0, 0.7934506856227626], ""p_value"": 1.0, ""contingency"": [[0, 1], [195, 13521]]}",{}
266,NC00962.3,MXF-0.25-0.95,0.0,GARC1,RUS,MXF,gyrB@c-89a,U,{},"{""proportion"": 0.0, ""confidence"": [0.0, 0.7934506856227626], ""p_value"": 1.0, ""contingency"": [[0, 1], [195, 13521]]}",{}
267,NC00962.3,MXF-0.25-0.95,0.0,GARC1,RUS,MXF,gyrA@G823S,U,{},"{""proportion"": 0.0, ""confidence"": [0.0, 0.7934506856227626], ""p_value"": 1.0, ""contingency"": [[0, 1], [195, 13521]]}",{}
268,NC00962.3,MXF-0.25-0.95,0.0,GARC1,RUS,MXF,gyrA@A445V,U,{},"{""proportion"": 0.0, ""confidence"": [0.0, 0.6576197724933469], ""p_value"": 1.0, ""contingency"": [[0, 2], [195, 13521]]}",{}
269,NC00962.3,MXF-0.25-0.95,0.0,GARC1,RUS,MXF,gyrA@H389P,U,{},"{""proportion"": 0.0, ""confidence"": [0.0, 0.7934506856227626], ""p_value"": 1.0, ""contingency"": [[0, 1], [195, 13521]]}",{}
270,NC00962.3,MXF-0.25-0.95,0.0,GARC1,RUS,MXF,gyrB@D461H,U,{},"{""proportion"": 0.5, ""confidence"": [0.09453120573423071, 0.9054687942657693], ""p_value"": 0.4375, ""contingency"": [[1, 1], [195, 13521]]}",{}
271,NC00962.3,MXF-0.25-0.95,0.0,GARC1,RUS,MXF,gyrA@T519I,U,{},"{""proportion"": 0.0, ""confidence"": [0.0, 0.7934506856227626], ""p_value"": 1.0, ""contingency"": [[0, 1], [195, 13521]]}",{}
272,NC00962.3,MXF-0.25-0.95,0.0,GARC1,RUS,MXF,gyrB@L455V,U,{},"{""proportion"": 0.0, ""confidence"": [0.0, 0.7934506856227626], ""p_value"": 1.0, ""contingency"": [[0, 1], [195, 13521]]}",{}
273,NC00962.3,MXF-0.25-0.95,0.0,GARC1,RUS,MXF,gyrB@-85_del_g,U,{},"{""proportion"": 0.0, ""confidence"": [0.0, 0.7934506856227626], ""p_value"": 1.0, ""contingency"": [[0, 1], [195, 13521]]}",{}
274,NC00962.3,MXF-0.25-0.95,0.0,GARC1,RUS,MXF,gyrA@A288V,U,{},"{""proportion"": 0.0, ""confidence"": [0.0, 0.32440756488388023], ""p_value"": 0.21392822265625003, ""contingency"": [[0, 8], [195, 13521]]}",{}
275,NC00962.3,MXF-0.25-0.95,0.0,GARC1,RUS,MXF,gyrB@G594R,U,{},"{""proportion"": 0.0, ""confidence"": [0.0, 0.7934506856227626], ""p_value"": 1.0, ""contingency"": [[0, 1], [195, 13521]]}",{}
276,NC00962.3,MXF-0.25-0.95,0.0,GARC1,RUS,MXF,gyrB@K603R,U,{},"{""proportion"": 0.0, ""confidence"": [0.0, 0.7934506856227626], ""p_value"": 1.0, ""contingency"": [[0, 1], [195, 13521]]}",{}
277,NC00962.3,MXF-0.25-0.95,0.0,GARC1,RUS,MXF,gyrA@D639A,U,{},"{""proportion"": 0.0, ""confidence"": [3.384324554477539e-17, 0.39033428790216534], ""p_value"": 0.347412109375, ""contingency"": [[0, 6], [195, 13521]]}",{}
278,NC00962.3,MXF-0.25-0.95,0.0,GARC1,RUS,MXF,gyrA@A788V,U,{},"{""proportion"": 0.0, ""confidence"": [0.0, 0.7934506856227626], ""p_value"": 1.0, ""contingency"": [[0, 1], [195, 13521]]}",{}
279,NC00962.3,MXF-0.25-0.95,0.0,GARC1,RUS,MXF,gyrA@K542T,U,{},"{""proportion"": 0.0, ""confidence"": [0.0, 0.7934506856227626], ""p_value"": 1.0, ""contingency"": [[0, 1], [195, 13521]]}",{}
280,NC00962.3,MXF-0.25-0.95,0.0,GARC1,RUS,MXF,gyrB@R335C,U,{},"{""proportion"": 0.0, ""confidence"": [0.0, 0.7934506856227626], ""p_value"": 1.0, ""contingency"": [[0, 1], [195, 13521]]}",{}
281,NC00962.3,MXF-0.25-0.95,0.0,GARC1,RUS,MXF,gyrA@D242N,U,{},"{""proportion"": 0.0, ""confidence"": [0.0, 0.6576197724933469], ""p_value"": 1.0, ""contingency"": [[0, 2], [195, 13521]]}",{}
282,NC00962.3,MXF-0.25-0.95,0.0,GARC1,RUS,MXF,gyrA@A501V,U,{},"{""proportion"": 0.0, ""confidence"": [0.0, 0.7934506856227626], ""p_value"": 1.0, ""contingency"": [[0, 1], [195, 13521]]}",{}
283,NC00962.3,MXF-0.25-0.95,0.0,GARC1,RUS,MXF,gyrA@D481G,U,{},"{""proportion"": 0.0, ""confidence"": [0.0, 0.7934506856227626], ""p_value"": 1.0, ""contingency"": [[0, 1], [195, 13521]]}",{}
284,NC00962.3,MXF-0.25-0.95,0.0,GARC1,RUS,MXF,gyrB@V226A,U,{},"{""proportion"": 0.0, ""confidence"": [0.0, 0.7934506856227626], ""p_value"": 1.0, ""contingency"": [[0, 1], [195, 13521]]}",{}
285,NC00962.3,MXF-0.25-0.95,0.0,GARC1,RUS,MXF,gyrA@K319N,U,{},"{""proportion"": 0.0, ""confidence"": [0.0, 0.6576197724933469], ""p_value"": 1.0, ""contingency"": [[0, 2], [195, 13521]]}",{}
286,NC00962.3,MXF-0.25-0.95,0.0,GARC1,RUS,MXF,gyrB@R523H,U,{},"{""proportion"": 0.0, ""confidence"": [0.0, 0.7934506856227626], ""p_value"": 1.0, ""contingency"": [[0, 1], [195, 13521]]}",{}
287,NC00962.3,MXF-0.25-0.95,0.0,GARC1,RUS,MXF,gyrB@G203E,U,{},"{""proportion"": 0.0, ""confidence"": [0.0, 0.7934506856227626], ""p_value"": 1.0, ""contingency"": [[0, 1], [195, 13521]]}",{}
288,NC00962.3,MXF-0.25-0.95,0.0,GARC1,RUS,MXF,gyrA@N818D,U,{},"{""proportion"": 0.0, ""confidence"": [3.384324554477539e-17, 0.39033428790216534], ""p_value"": 0.347412109375, ""contingency"": [[0, 6], [195, 13521]]}",{}
289,NC00962.3,MXF-0.25-0.95,0.0,GARC1,RUS,MXF,gyrB@G470A,U,{},"{""proportion"": 0.0, ""confidence"": [0.0, 0.7934506856227626], ""p_value"": 1.0, ""contingency"": [[0, 1], [195, 13521]]}",{}
290,NC00962.3,MXF-0.25-0.95,0.0,GARC1,RUS,MXF,gyrB@A78G,U,{},"{""proportion"": 0.0, ""confidence"": [0.0, 0.7934506856227626], ""p_value"": 1.0, ""contingency"": [[0, 1], [195, 13521]]}",{}
291,NC00962.3,MXF-0.25-0.95,0.0,GARC1,RUS,MXF,gyrB@R446G,U,{},"{""proportion"": 0.0, ""confidence"": [0.0, 0.7934506856227626], ""p_value"": 1.0, ""contingency"": [[0, 1], [195, 13521]]}",{}
292,NC00962.3,MXF-0.25-0.95,0.0,GARC1,RUS,MXF,gyrB@E299Q,U,{},"{""proportion"": 0.0, ""confidence"": [0.0, 0.6576197724933469], ""p_value"": 1.0, ""contingency"": [[0, 2], [195, 13521]]}",{}
293,NC00962.3,MXF-0.25-0.95,0.0,GARC1,RUS,MXF,gyrA@R309Q,U,{},"{""proportion"": 0.0, ""confidence"": [0.0, 0.7934506856227626], ""p_value"": 1.0, ""contingency"": [[0, 1], [195, 13521]]}",{}
294,NC00962.3,MXF-0.25-0.95,0.0,GARC1,RUS,MXF,gyrA@A186T,U,{},"{""proportion"": 0.0, ""confidence"": [0.0, 0.7934506856227626], ""p_value"": 1.0, ""contingency"": [[0, 1], [195, 13521]]}",{}
295,NC00962.3,MXF-0.25-0.95,0.0,GARC1,RUS,MXF,gyrB@G606S,U,{},"{""proportion"": 0.0, ""confidence"": [0.0, 0.6576197724933469], ""p_value"": 1.0, ""contingency"": [[0, 2], [195, 13521]]}",{}
296,NC00962.3,MXF-0.25-0.95,0.0,GARC1,RUS,MXF,gyrB@N207D,U,{},"{""proportion"": 0.0, ""confidence"": [4.8683609171202235e-17, 0.5614970317550455], ""p_value"": 1.0, ""contingency"": [[0, 3], [195, 13521]]}",{}
297,NC00962.3,MXF-0.25-0.95,0.0,GARC1,RUS,MXF,gyrB@K526Q,U,{},"{""proportion"": 0.0, ""confidence"": [0.0, 0.2991450484195441], ""p_value"": 0.12401199340820315, ""contingency"": [[0, 9], [195, 13521]]}",{}
298,NC00962.3,MXF-0.25-0.95,0.0,GARC1,RUS,MXF,gyrB@I19L,U,{},"{""proportion"": 0.0, ""confidence"": [0.0, 0.7934506856227626], ""p_value"": 1.0, ""contingency"": [[0, 1], [195, 13521]]}",{}
299,NC00962.3,MXF-0.25-0.95,0.0,GARC1,RUS,MXF,gyrB@E21Q,U,{},"{""proportion"": 0.0, ""confidence"": [0.0, 0.7934506856227626], ""p_value"": 1.0, ""contingency"": [[0, 1], [195, 13521]]}",{}
300,NC00962.3,MXF-0.25-0.95,0.0,GARC1,RUS,MXF,gyrA@R480C,U,{},"{""proportion"": 0.0, ""confidence"": [0.0, 0.7934506856227626], ""p_value"": 1.0, ""contingency"": [[0, 1], [195, 13521]]}",{}
301,NC00962.3,MXF-0.25-0.95,0.0,GARC1,RUS,MXF,gyrA@T272I,U,{},"{""proportion"": 0.0, ""confidence"": [3.384324554477539e-17, 0.39033428790216534], ""p_value"": 0.347412109375, ""contingency"": [[0, 6], [195, 13521]]}",{}
302,NC00962.3,MXF-0.25-0.95,0.0,GARC1,RUS,MXF,gyrB@a-9g,U,{},"{""proportion"": 0.0, ""confidence"": [0.0, 0.7934506856227626], ""p_value"": 1.0, ""contingency"": [[0, 1], [195, 13521]]}",{}
303,NC00962.3,MXF-0.25-0.95,0.0,GARC1,RUS,MXF,gyrA@D583E,U,{},"{""proportion"": 0.0, ""confidence"": [0.0, 0.7934506856227626], ""p_value"": 1.0, ""contingency"": [[0, 1], [195, 13521]]}",{}
304,NC00962.3,MXF-0.25-0.95,0.0,GARC1,RUS,MXF,gyrA@g-25a,U,{},"{""proportion"": 0.0, ""confidence"": [0.0, 0.6576197724933469], ""p_value"": 1.0, ""contingency"": [[0, 2], [195, 13521]]}",{}
305,NC00962.3,MXF-0.25-0.95,0.0,GARC1,RUS,MXF,gyrA@R489K,U,{},"{""proportion"": 0.0, ""confidence"": [0.0, 0.7934506856227626], ""p_value"": 1.0, ""contingency"": [[0, 1], [195, 13521]]}",{}
306,NC00962.3,MXF-0.25-0.95,0.0,GARC1,RUS,MXF,gyrA@D639G,U,{},"{""proportion"": 0.0, ""confidence"": [0.0, 0.7934506856227626], ""p_value"": 1.0, ""contingency"": [[0, 1], [195, 13521]]}",{}
307,NC00962.3,MXF-0.25-0.95,0.0,GARC1,RUS,MXF,gyrB@N499K,U,{},"{""proportion"": 1.0, ""confidence"": [0.20654931437723742, 1.0], ""p_value"": 0.25, ""contingency"": [[1, 0], [195, 13521]]}",{}
308,NC00962.3,MXF-0.25-0.95,0.0,GARC1,RUS,MXF,gyrA@L105R,U,{},"{""proportion"": 1.0, ""confidence"": [0.20654931437723742, 1.0], ""p_value"": 0.25, ""contingency"": [[1, 0], [195, 13521]]}",{}
309,NC00962.3,MXF-0.25-0.95,0.0,GARC1,RUS,MXF,gyrA@Y722C,U,{},"{""proportion"": 0.0, ""confidence"": [0.0, 0.6576197724933469], ""p_value"": 1.0, ""contingency"": [[0, 2], [195, 13521]]}",{}
310,NC00962.3,MXF-0.25-0.95,0.0,GARC1,RUS,MXF,gyrB@D494G,U,{},"{""proportion"": 0.0, ""confidence"": [0.0, 0.7934506856227626], ""p_value"": 1.0, ""contingency"": [[0, 1], [195, 13521]]}",{}
311,NC00962.3,MXF-0.25-0.95,0.0,GARC1,RUS,MXF,gyrA@A406T,U,{},"{""proportion"": 0.0, ""confidence"": [0.0, 0.7934506856227626], ""p_value"": 1.0, ""contingency"": [[0, 1], [195, 13521]]}",{}
312,NC00962.3,MXF-0.25-0.95,0.0,GARC1,RUS,MXF,gyrA@F228L,U,{},"{""proportion"": 0.0, ""confidence"": [0.0, 0.7934506856227626], ""p_value"": 1.0, ""contingency"": [[0, 1], [195, 13521]]}",{}
313,NC00962.3,MXF-0.25-0.95,0.0,GARC1,RUS,MXF,gyrA@A347V,U,{},"{""proportion"": 0.0, ""confidence"": [0.0, 0.7934506856227626], ""p_value"": 1.0, ""contingency"": [[0, 1], [195, 13521]]}",{}
314,NC00962.3,MXF-0.25-0.95,0.0,GARC1,RUS,MXF,gyrA@M99I,U,{},"{""proportion"": 0.0, ""confidence"": [0.0, 0.7934506856227626], ""p_value"": 1.0, ""contingency"": [[0, 1], [195, 13521]]}",{}
315,NC00962.3,MXF-0.25-0.95,0.0,GARC1,RUS,MXF,gyrB@F549L,U,{},"{""proportion"": 0.0, ""confidence"": [0.0, 0.7934506856227626], ""p_value"": 1.0, ""contingency"": [[0, 1], [195, 13521]]}",{}
316,NC00962.3,MXF-0.25-0.95,0.0,GARC1,RUS,MXF,gyrA@H334Y,U,{},"{""proportion"": 0.0, ""confidence"": [0.0, 0.7934506856227626], ""p_value"": 1.0, ""contingency"": [[0, 1], [195, 13521]]}",{}
317,NC00962.3,MXF-0.25-0.95,0.0,GARC1,RUS,MXF,gyrB@I271M,U,{},"{""proportion"": 0.0, ""confidence"": [0.0, 0.7934506856227626], ""p_value"": 1.0, ""contingency"": [[0, 1], [195, 13521]]}",{}
318,NC00962.3,MXF-0.25-0.95,0.0,GARC1,RUS,MXF,gyrA@I452T,U,{},"{""proportion"": 0.0, ""confidence"": [0.0, 0.7934506856227626], ""p_value"": 1.0, ""contingency"": [[0, 1], [195, 13521]]}",{}
319,NC00962.3,MXF-0.25-0.95,0.0,GARC1,RUS,MXF,gyrA@K636T,U,{},"{""proportion"": 0.0, ""confidence"": [0.0, 0.6576197724933469], ""p_value"": 1.0, ""contingency"": [[0, 2], [195, 13521]]}",{}
320,NC00962.3,MXF-0.25-0.95,0.0,GARC1,RUS,MXF,gyrB@K526N,U,{},"{""proportion"": 0.0, ""confidence"": [0.0, 0.7934506856227626], ""p_value"": 1.0, ""contingency"": [[0, 1], [195, 13521]]}",{}
321,NC00962.3,MXF-0.25-0.95,0.0,GARC1,RUS,MXF,gyrA@P50R,U,{},"{""proportion"": 0.0, ""confidence"": [0.0, 0.7934506856227626], ""p_value"": 1.0, ""contingency"": [[0, 1], [195, 13521]]}",{}
322,NC00962.3,MXF-0.25-0.95,0.0,GARC1,RUS,MXF,gyrA@I153M,U,{},"{""proportion"": 0.0, ""confidence"": [0.0, 0.7934506856227626], ""p_value"": 1.0, ""contingency"": [[0, 1], [195, 13521]]}",{}
323,NC00962.3,MXF-0.25-0.95,0.0,GARC1,RUS,MXF,gyrA@V505I,U,{},"{""proportion"": 0.0, ""confidence"": [0.0, 0.7934506856227626], ""p_value"": 1.0, ""contingency"": [[0, 1], [195, 13521]]}",{}
324,NC00962.3,MXF-0.25-0.95,0.0,GARC1,RUS,MXF,gyrA@E508A,U,{},"{""proportion"": 0.0, ""confidence"": [0.0, 0.7934506856227626], ""p_value"": 1.0, ""contingency"": [[0, 1], [195, 13521]]}",{}
325,NC00962.3,MXF-0.25-0.95,0.0,GARC1,RUS,MXF,gyrB@I527V,U,{},"{""proportion"": 0.0, ""confidence"": [0.0, 0.7934506856227626], ""p_value"": 1.0, ""contingency"": [[0, 1], [195, 13521]]}",{}
326,NC00962.3,MXF-0.25-0.95,0.0,GARC1,RUS,MXF,gyrA@V674I,U,{},"{""proportion"": 0.0, ""confidence"": [0.0, 0.7934506856227626], ""p_value"": 1.0, ""contingency"": [[0, 1], [195, 13521]]}",{}
327,NC00962.3,MXF-0.25-0.95,0.0,GARC1,RUS,MXF,gyrA@g-25c,U,{},"{""proportion"": 0.0, ""confidence"": [0.0, 0.7934506856227626], ""p_value"": 1.0, ""contingency"": [[0, 1], [195, 13521]]}",{}
328,NC00962.3,MXF-0.25-0.95,0.0,GARC1,RUS,MXF,gyrA@L12F,U,{},"{""proportion"": 0.0, ""confidence"": [0.0, 0.7934506856227626], ""p_value"": 1.0, ""contingency"": [[0, 1], [195, 13521]]}",{}
329,NC00962.3,MXF-0.25-0.95,0.0,GARC1,RUS,MXF,gyrB@L509P,U,{},"{""proportion"": 1.0, ""confidence"": [0.20654931437723742, 1.0], ""p_value"": 0.25, ""contingency"": [[1, 0], [195, 13521]]}",{}
330,NC00962.3,MXF-0.25-0.95,0.0,GARC1,RUS,MXF,gyrA@H70P,U,{},"{""proportion"": 0.0, ""confidence"": [0.0, 0.7934506856227626], ""p_value"": 1.0, ""contingency"": [[0, 1], [195, 13521]]}",{}
331,NC00962.3,MXF-0.25-0.95,0.0,GARC1,RUS,MXF,gyrA@P154L,U,{},"{""proportion"": 0.0, ""confidence"": [0.0, 0.6576197724933469], ""p_value"": 1.0, ""contingency"": [[0, 2], [195, 13521]]}",{}
332,NC00962.3,MXF-0.25-0.95,0.0,GARC1,RUS,MXF,gyrB@I46S,U,{},"{""proportion"": 0.0, ""confidence"": [0.0, 0.7934506856227626], ""p_value"": 1.0, ""contingency"": [[0, 1], [195, 13521]]}",{}
333,NC00962.3,MXF-0.25-0.95,0.0,GARC1,RUS,MXF,gyrB@R451H,U,{},"{""proportion"": 0.0, ""confidence"": [0.0, 0.7934506856227626], ""p_value"": 1.0, ""contingency"": [[0, 1], [195, 13521]]}",{}
334,NC00962.3,MXF-0.25-0.95,0.0,GARC1,RUS,MXF,gyrB@A467V,U,{},"{""proportion"": 0.0, ""confidence"": [0.0, 0.7934506856227626], ""p_value"": 1.0, ""contingency"": [[0, 1], [195, 13521]]}",{}
335,NC00962.3,MXF-0.25-0.95,0.0,GARC1,RUS,MXF,gyrB@S576T,U,{},"{""proportion"": 0.0, ""confidence"": [0.0, 0.7934506856227626], ""p_value"": 1.0, ""contingency"": [[0, 1], [195, 13521]]}",{}
336,NC00962.3,MXF-0.25-0.95,0.0,GARC1,RUS,MXF,gyrA@H490R,U,{},"{""proportion"": 1.0, ""confidence"": [0.20654931437723742, 1.0], ""p_value"": 0.25, ""contingency"": [[1, 0], [195, 13521]]}",{}
337,NC00962.3,MXF-0.25-0.95,0.0,GARC1,RUS,MXF,gyrA@A322E,U,{},"{""proportion"": 0.0, ""confidence"": [0.0, 0.6576197724933469], ""p_value"": 1.0, ""contingency"": [[0, 2], [195, 13521]]}",{}
338,NC00962.3,MXF-0.25-0.95,0.0,GARC1,RUS,MXF,gyrB@L638V,U,{},"{""proportion"": 0.0, ""confidence"": [0.0, 0.6576197724933469], ""p_value"": 1.0, ""contingency"": [[0, 2], [195, 13521]]}",{}
339,NC00962.3,MXF-0.25-0.95,0.0,GARC1,RUS,MXF,gyrB@S274T,U,{},"{""proportion"": 0.0, ""confidence"": [0.0, 0.6576197724933469], ""p_value"": 1.0, ""contingency"": [[0, 2], [195, 13521]]}",{}
340,NC00962.3,MXF-0.25-0.95,0.0,GARC1,RUS,MXF,gyrA@V223I,U,{},"{""proportion"": 0.0, ""confidence"": [4.8683609171202235e-17, 0.5614970317550455], ""p_value"": 1.0, ""contingency"": [[0, 3], [195, 13521]]}",{}
341,NC00962.3,MXF-0.25-0.95,0.0,GARC1,RUS,MXF,gyrA@T638I,U,{},"{""proportion"": 0.0, ""confidence"": [0.0, 0.43448246478317476], ""p_value"": 0.34082031250000006, ""contingency"": [[0, 5], [195, 13521]]}",{}
342,NC00962.3,MXF-0.25-0.95,0.0,GARC1,RUS,MXF,gyrA@G548R,U,{},"{""proportion"": 0.0, ""confidence"": [0.0, 0.7934506856227626], ""p_value"": 1.0, ""contingency"": [[0, 1], [195, 13521]]}",{}
343,NC00962.3,MXF-0.25-0.95,0.0,GARC1,RUS,MXF,gyrA@G729R,U,{},"{""proportion"": 0.0, ""confidence"": [0.0, 0.7934506856227626], ""p_value"": 1.0, ""contingency"": [[0, 1], [195, 13521]]}",{}
344,NC00962.3,MXF-0.25-0.95,0.0,GARC1,RUS,MXF,gyrA@A689V,U,{},"{""proportion"": 1.0, ""confidence"": [0.20654931437723742, 1.0], ""p_value"": 0.25, ""contingency"": [[1, 0], [195, 13521]]}",{}
345,NC00962.3,MXF-0.25-0.95,0.0,GARC1,RUS,MXF,gyrB@I116M,U,{},"{""proportion"": 0.0, ""confidence"": [0.0, 0.7934506856227626], ""p_value"": 1.0, ""contingency"": [[0, 1], [195, 13521]]}",{}
346,NC00962.3,MXF-0.25-0.95,0.0,GARC1,RUS,MXF,gyrB@G282D,U,{},"{""proportion"": 0.0, ""confidence"": [0.0, 0.7934506856227626], ""p_value"": 1.0, ""contingency"": [[0, 1], [195, 13521]]}",{}
347,NC00962.3,MXF-0.25-0.95,0.0,GARC1,RUS,MXF,gyrB@A162E,U,{},"{""proportion"": 0.0, ""confidence"": [0.0, 0.7934506856227626], ""p_value"": 1.0, ""contingency"": [[0, 1], [195, 13521]]}",{}
348,NC00962.3,MXF-0.25-0.95,0.0,GARC1,RUS,MXF,gyrA@S250A,U,{},"{""proportion"": 0.0, ""confidence"": [0.0, 0.7934506856227626], ""p_value"": 1.0, ""contingency"": [[0, 1], [195, 13521]]}",{}
349,NC00962.3,MXF-0.25-0.95,0.0,GARC1,RUS,MXF,gyrA@R392C,U,{},"{""proportion"": 0.0, ""confidence"": [0.0, 0.7934506856227626], ""p_value"": 1.0, ""contingency"": [[0, 1], [195, 13521]]}",{}
350,NC00962.3,MXF-0.25-0.95,0.0,GARC1,RUS,MXF,gyrA@R615G,U,{},"{""proportion"": 0.0, ""confidence"": [0.0, 0.7934506856227626], ""p_value"": 1.0, ""contingency"": [[0, 1], [195, 13521]]}",{}
351,NC00962.3,MXF-0.25-0.95,0.0,GARC1,RUS,MXF,gyrA@F705L,U,{},"{""proportion"": 0.0, ""confidence"": [4.8683609171202235e-17, 0.5614970317550455], ""p_value"": 1.0, ""contingency"": [[0, 3], [195, 13521]]}",{}
352,NC00962.3,MXF-0.25-0.95,0.0,GARC1,RUS,MXF,gyrB@-60_ins_g,U,{},"{""proportion"": 0.0, ""confidence"": [0.0, 0.7934506856227626], ""p_value"": 1.0, ""contingency"": [[0, 1], [195, 13521]]}",{}
353,NC00962.3,MXF-0.25-0.95,0.0,GARC1,RUS,MXF,gyrA@D10G,U,{},"{""proportion"": 0.0, ""confidence"": [0.0, 0.7934506856227626], ""p_value"": 1.0, ""contingency"": [[0, 1], [195, 13521]]}",{}
354,NC00962.3,MXF-0.25-0.95,0.0,GARC1,RUS,MXF,gyrA@L331F,U,{},"{""proportion"": 0.0, ""confidence"": [0.0, 0.7934506856227626], ""p_value"": 1.0, ""contingency"": [[0, 1], [195, 13521]]}",{}
355,NC00962.3,MXF-0.25-0.95,0.0,GARC1,RUS,MXF,gyrA@A432V,U,{},"{""proportion"": 0.0, ""confidence"": [0.0, 0.6576197724933469], ""p_value"": 1.0, ""contingency"": [[0, 2], [195, 13521]]}",{}
356,NC00962.3,MXF-0.25-0.95,0.0,GARC1,RUS,MXF,gyrB@t-93c,U,{},"{""proportion"": 0.0, ""confidence"": [0.0, 0.7934506856227626], ""p_value"": 1.0, ""contingency"": [[0, 1], [195, 13521]]}",{}
357,NC00962.3,MXF-0.25-0.95,0.0,GARC1,RUS,MXF,gyrA@P7L,U,{},"{""proportion"": 0.0, ""confidence"": [0.0, 0.7934506856227626], ""p_value"": 1.0, ""contingency"": [[0, 1], [195, 13521]]}",{}
358,NC00962.3,MXF-0.25-0.95,0.0,GARC1,RUS,MXF,gyrB@G436R,U,{},"{""proportion"": 0.0, ""confidence"": [0.0, 0.7934506856227626], ""p_value"": 1.0, ""contingency"": [[0, 1], [195, 13521]]}",{}
359,NC00962.3,MXF-0.25-0.95,0.0,GARC1,RUS,MXF,gyrA@a-8g,U,{},"{""proportion"": 0.0, ""confidence"": [0.0, 0.7934506856227626], ""p_value"": 1.0, ""contingency"": [[0, 1], [195, 13521]]}",{}
360,NC00962.3,MXF-0.25-0.95,0.0,GARC1,RUS,MXF,gyrA@T496S,U,{},"{""proportion"": 0.0, ""confidence"": [0.0, 0.7934506856227626], ""p_value"": 1.0, ""contingency"": [[0, 1], [195, 13521]]}",{}
361,NC00962.3,MXF-0.25-0.95,0.0,GARC1,RUS,MXF,gyrB@D176E,U,{},"{""proportion"": 0.0, ""confidence"": [0.0, 0.7934506856227626], ""p_value"": 1.0, ""contingency"": [[0, 1], [195, 13521]]}",{}
362,NC00962.3,MXF-0.25-0.95,0.0,GARC1,RUS,MXF,gyrA@S237P,U,{},"{""proportion"": 0.0, ""confidence"": [0.0, 0.6576197724933469], ""p_value"": 1.0, ""contingency"": [[0, 2], [195, 13521]]}",{}
363,NC00962.3,MXF-0.25-0.95,0.0,GARC1,RUS,MXF,gyrB@I486L,U,{},"{""proportion"": 0.0, ""confidence"": [0.0, 0.7934506856227626], ""p_value"": 1.0, ""contingency"": [[0, 1], [195, 13521]]}",{}
364,NC00962.3,MXF-0.25-0.95,0.0,GARC1,RUS,MXF,gyrA@A210V,U,{},"{""proportion"": 0.0, ""confidence"": [0.0, 0.4898908364545973], ""p_value"": 0.578125, ""contingency"": [[0, 4], [195, 13521]]}",{}
365,NC00962.3,MXF-0.25-0.95,0.0,GARC1,RUS,MXF,gyrA@D481A,U,{},"{""proportion"": 0.0, ""confidence"": [0.0, 0.6576197724933469], ""p_value"": 1.0, ""contingency"": [[0, 2], [195, 13521]]}",{}
366,NC00962.3,MXF-0.25-0.95,0.0,GARC1,RUS,MXF,gyrA@A126S,U,{},"{""proportion"": 0.0, ""confidence"": [0.0, 0.6576197724933469], ""p_value"": 1.0, ""contingency"": [[0, 2], [195, 13521]]}",{}
367,NC00962.3,MXF-0.25-0.95,0.0,GARC1,RUS,MXF,gyrA@A324V,U,{},"{""proportion"": 0.0, ""confidence"": [0.0, 0.7934506856227626], ""p_value"": 1.0, ""contingency"": [[0, 1], [195, 13521]]}",{}
368,NC00962.3,MXF-0.25-0.95,0.0,GARC1,RUS,MXF,gyrA@K633R,U,{},"{""proportion"": 0.0, ""confidence"": [0.0, 0.7934506856227626], ""p_value"": 1.0, ""contingency"": [[0, 1], [195, 13521]]}",{}
369,NC00962.3,MXF-0.25-0.95,0.0,GARC1,RUS,MXF,gyrB@K668E,U,{},"{""proportion"": 0.0, ""confidence"": [0.0, 0.7934506856227626], ""p_value"": 1.0, ""contingency"": [[0, 1], [195, 13521]]}",{}
370,NC00962.3,MXF-0.25-0.95,0.0,GARC1,RUS,MXF,gyrA@D641E,U,{},"{""proportion"": 0.0, ""confidence"": [0.0, 0.7934506856227626], ""p_value"": 1.0, ""contingency"": [[0, 1], [195, 13521]]}",{}
371,NC00962.3,MXF-0.25-0.95,0.0,GARC1,RUS,MXF,gyrA@R607H,U,{},"{""proportion"": 0.0, ""confidence"": [0.0, 0.7934506856227626], ""p_value"": 1.0, ""contingency"": [[0, 1], [195, 13521]]}",{}
372,NC00962.3,MXF-0.25-0.95,0.0,GARC1,RUS,MXF,gyrA@Y379C,U,{},"{""proportion"": 0.0, ""confidence"": [0.0, 0.6576197724933469], ""p_value"": 1.0, ""contingency"": [[0, 2], [195, 13521]]}",{}
373,NC00962.3,MXF-0.25-0.95,0.0,GARC1,RUS,MXF,gyrB@g-71a,U,{},"{""proportion"": 0.0, ""confidence"": [0.0, 0.7934506856227626], ""p_value"": 1.0, ""contingency"": [[0, 1], [195, 13521]]}",{}
374,NC00962.3,MXF-0.25-0.95,0.0,GARC1,RUS,MXF,gyrB@c-58g,U,{},"{""proportion"": 0.0, ""confidence"": [0.0, 0.6576197724933469], ""p_value"": 1.0, ""contingency"": [[0, 2], [195, 13521]]}",{}
375,NC00962.3,MXF-0.25-0.95,0.0,GARC1,RUS,MXF,gyrA@L465V,U,{},"{""proportion"": 0.0, ""confidence"": [0.0, 0.7934506856227626], ""p_value"": 1.0, ""contingency"": [[0, 1], [195, 13521]]}",{}
376,NC00962.3,MXF-0.25-0.95,0.0,GARC1,RUS,MXF,gyrB@M530T,U,{},"{""proportion"": 0.0, ""confidence"": [0.0, 0.7934506856227626], ""p_value"": 1.0, ""contingency"": [[0, 1], [195, 13521]]}",{}
377,NC00962.3,MXF-0.25-0.95,0.0,GARC1,RUS,MXF,gyrA@P7S,U,{},"{""proportion"": 0.0, ""confidence"": [0.0, 0.7934506856227626], ""p_value"": 1.0, ""contingency"": [[0, 1], [195, 13521]]}",{}
378,NC00962.3,MXF-0.25-0.95,0.0,GARC1,RUS,MXF,gyrA@E79D,U,{},"{""proportion"": 0.0, ""confidence"": [0.0, 0.6576197724933469], ""p_value"": 1.0, ""contingency"": [[0, 2], [195, 13521]]}",{}
379,NC00962.3,MXF-0.25-0.95,0.0,GARC1,RUS,MXF,gyrA@L711M,U,{},"{""proportion"": 0.0, ""confidence"": [3.384324554477539e-17, 0.39033428790216534], ""p_value"": 0.347412109375, ""contingency"": [[0, 6], [195, 13521]]}",{}
380,NC00962.3,MXF-0.25-0.95,0.0,GARC1,RUS,MXF,gyrB@V427M,U,{},"{""proportion"": 0.0, ""confidence"": [0.0, 0.6576197724933469], ""p_value"": 1.0, ""contingency"": [[0, 2], [195, 13521]]}",{}
381,NC00962.3,MXF-0.25-0.95,0.0,GARC1,RUS,MXF,gyrB@K140E,U,{},"{""proportion"": 0.0, ""confidence"": [0.0, 0.7934506856227626], ""p_value"": 1.0, ""contingency"": [[0, 1], [195, 13521]]}",{}
382,NC00962.3,MXF-0.25-0.95,0.0,GARC1,RUS,MXF,gyrB@Q476E,U,{},"{""proportion"": 0.0, ""confidence"": [0.0, 0.7934506856227626], ""p_value"": 1.0, ""contingency"": [[0, 1], [195, 13521]]}",{}
383,NC00962.3,MXF-0.25-0.95,0.0,GARC1,RUS,MXF,gyrA@A324G,U,{},"{""proportion"": 0.0, ""confidence"": [0.0, 0.7934506856227626], ""p_value"": 1.0, ""contingency"": [[0, 1], [195, 13521]]}",{}
384,NC00962.3,MXF-0.25-0.95,0.0,GARC1,RUS,MXF,gyrB@A237G,U,{},"{""proportion"": 0.0, ""confidence"": [0.0, 0.7934506856227626], ""p_value"": 1.0, ""contingency"": [[0, 1], [195, 13521]]}",{}
385,NC00962.3,MXF-0.25-0.95,0.0,GARC1,RUS,MXF,gyrA@I511V,U,{},"{""proportion"": 0.0, ""confidence"": [0.0, 0.7934506856227626], ""p_value"": 1.0, ""contingency"": [[0, 1], [195, 13521]]}",{}
386,NC00962.3,MXF-0.25-0.95,0.0,GARC1,RUS,MXF,gyrB@H285Q,U,{},"{""proportion"": 0.0, ""confidence"": [0.0, 0.7934506856227626], ""p_value"": 1.0, ""contingency"": [[0, 1], [195, 13521]]}",{}
387,NC00962.3,MXF-0.25-0.95,0.0,GARC1,RUS,MXF,gyrB@T267S,U,{},"{""proportion"": 0.0, ""confidence"": [4.8683609171202235e-17, 0.5614970317550455], ""p_value"": 1.0, ""contingency"": [[0, 3], [195, 13521]]}",{}
388,NC00962.3,MXF-0.25-0.95,0.0,GARC1,RUS,MXF,gyrA@A794V,U,{},"{""proportion"": 0.0, ""confidence"": [0.0, 0.7934506856227626], ""p_value"": 1.0, ""contingency"": [[0, 1], [195, 13521]]}",{}
389,NC00962.3,MXF-0.25-0.95,0.0,GARC1,RUS,MXF,gyrA@R789G,U,{},"{""proportion"": 0.0, ""confidence"": [0.0, 0.4898908364545973], ""p_value"": 0.578125, ""contingency"": [[0, 4], [195, 13521]]}",{}
390,NC00962.3,MXF-0.25-0.95,0.0,GARC1,RUS,MXF,gyrB@D259E,U,{},"{""proportion"": 0.0, ""confidence"": [0.0, 0.7934506856227626], ""p_value"": 1.0, ""contingency"": [[0, 1], [195, 13521]]}",{}
391,NC00962.3,MXF-0.25-0.95,0.0,GARC1,RUS,MXF,gyrB@A420E,U,{},"{""proportion"": 0.0, ""confidence"": [0.0, 0.7934506856227626], ""p_value"": 1.0, ""contingency"": [[0, 1], [195, 13521]]}",{}
392,NC00962.3,MXF-0.25-0.95,0.0,GARC1,RUS,MXF,gyrA@R106C,U,{},"{""proportion"": 0.0, ""confidence"": [0.0, 0.7934506856227626], ""p_value"": 1.0, ""contingency"": [[0, 1], [195, 13521]]}",{}
393,NC00962.3,MXF-0.25-0.95,0.0,GARC1,RUS,MXF,gyrA@T215A,U,{},"{""proportion"": 0.0, ""confidence"": [0.0, 0.7934506856227626], ""p_value"": 1.0, ""contingency"": [[0, 1], [195, 13521]]}",{}
394,NC00962.3,MXF-0.25-0.95,0.0,GARC1,RUS,MXF,gyrB@A564T,U,{},"{""proportion"": 0.0, ""confidence"": [0.0, 0.6576197724933469], ""p_value"": 1.0, ""contingency"": [[0, 2], [195, 13521]]}",{}
395,NC00962.3,MXF-0.25-0.95,0.0,GARC1,RUS,MXF,gyrA@c-27g,U,{},"{""proportion"": 0.0, ""confidence"": [0.0, 0.6576197724933469], ""p_value"": 1.0, ""contingency"": [[0, 2], [195, 13521]]}",{}
396,NC00962.3,MXF-0.25-0.95,0.0,GARC1,RUS,MXF,gyrB@A508V,U,{},"{""proportion"": 0.0, ""confidence"": [4.8683609171202235e-17, 0.5614970317550455], ""p_value"": 1.0, ""contingency"": [[0, 3], [195, 13521]]}",{}
397,NC00962.3,MXF-0.25-0.95,0.0,GARC1,RUS,MXF,gyrB@G598E,U,{},"{""proportion"": 0.0, ""confidence"": [3.384324554477539e-17, 0.39033428790216534], ""p_value"": 0.347412109375, ""contingency"": [[0, 6], [195, 13521]]}",{}
398,NC00962.3,MXF-0.25-0.95,0.0,GARC1,RUS,MXF,gyrA@T378I,U,{},"{""proportion"": 0.0, ""confidence"": [0.0, 0.7934506856227626], ""p_value"": 1.0, ""contingency"": [[0, 1], [195, 13521]]}",{}
399,NC00962.3,MXF-0.25-0.95,0.0,GARC1,RUS,MXF,gyrB@D434H,U,{},"{""proportion"": 0.0, ""confidence"": [0.0, 0.6576197724933469], ""p_value"": 1.0, ""contingency"": [[0, 2], [195, 13521]]}",{}
400,NC00962.3,MXF-0.25-0.95,0.0,GARC1,RUS,MXF,gyrB@A618T,U,{},"{""proportion"": 0.0, ""confidence"": [0.0, 0.6576197724933469], ""p_value"": 1.0, ""contingency"": [[0, 2], [195, 13521]]}",{}
401,NC00962.3,MXF-0.25-0.95,0.0,GARC1,RUS,MXF,gyrA@G503R,U,{},"{""proportion"": 0.0, ""confidence"": [4.8683609171202235e-17, 0.5614970317550455], ""p_value"": 1.0, ""contingency"": [[0, 3], [195, 13521]]}",{}
402,NC00962.3,MXF-0.25-0.95,0.0,GARC1,RUS,MXF,gyrA@I707V,U,{},"{""proportion"": 0.0, ""confidence"": [0.0, 0.6576197724933469], ""p_value"": 1.0, ""contingency"": [[0, 2], [195, 13521]]}",{}
403,NC00962.3,MXF-0.25-0.95,0.0,GARC1,RUS,MXF,gyrA@V651A,U,{},"{""proportion"": 0.0, ""confidence"": [0.0, 0.6576197724933469], ""p_value"": 1.0, ""contingency"": [[0, 2], [195, 13521]]}",{}
404,NC00962.3,MXF-0.25-0.95,0.0,GARC1,RUS,MXF,gyrB@K668R,U,{},"{""proportion"": 0.0, ""confidence"": [0.0, 0.6576197724933469], ""p_value"": 1.0, ""contingency"": [[0, 2], [195, 13521]]}",{}
405,NC00962.3,MXF-0.25-0.95,0.0,GARC1,RUS,MXF,gyrB@S248G,U,{},"{""proportion"": 0.0, ""confidence"": [0.0, 0.7934506856227626], ""p_value"": 1.0, ""contingency"": [[0, 1], [195, 13521]]}",{}
406,NC00962.3,MXF-0.25-0.95,0.0,GARC1,RUS,MXF,gyrB@A115V,U,{},"{""proportion"": 0.0, ""confidence"": [0.0, 0.6576197724933469], ""p_value"": 1.0, ""contingency"": [[0, 2], [195, 13521]]}",{}
407,NC00962.3,MXF-0.25-0.95,0.0,GARC1,RUS,MXF,gyrA@L455V,U,{},"{""proportion"": 0.0, ""confidence"": [0.0, 0.6576197724933469], ""p_value"": 1.0, ""contingency"": [[0, 2], [195, 13521]]}",{}
408,NC00962.3,MXF-0.25-0.95,0.0,GARC1,RUS,MXF,gyrA@A198G,U,{},"{""proportion"": 0.0, ""confidence"": [0.0, 0.6576197724933469], ""p_value"": 1.0, ""contingency"": [[0, 2], [195, 13521]]}",{}
409,NC00962.3,MXF-0.25-0.95,0.0,GARC1,RUS,MXF,gyrA@D367H,U,{},"{""proportion"": 0.0, ""confidence"": [0.0, 0.7934506856227626], ""p_value"": 1.0, ""contingency"": [[0, 1], [195, 13521]]}",{}
410,NC00962.3,MXF-0.25-0.95,0.0,GARC1,RUS,MXF,gyrB@S413A,U,{},"{""proportion"": 0.0, ""confidence"": [0.0, 0.6576197724933469], ""p_value"": 1.0, ""contingency"": [[0, 2], [195, 13521]]}",{}
411,NC00962.3,MXF-0.25-0.95,0.0,GARC1,RUS,MXF,gyrA@T638N,U,{},"{""proportion"": 0.0, ""confidence"": [0.0, 0.6576197724933469], ""p_value"": 1.0, ""contingency"": [[0, 2], [195, 13521]]}",{}
412,NC00962.3,MXF-0.25-0.95,0.0,GARC1,RUS,MXF,gyrA@R607C,U,{},"{""proportion"": 0.0, ""confidence"": [0.0, 0.7934506856227626], ""p_value"": 1.0, ""contingency"": [[0, 1], [195, 13521]]}",{}
413,NC00962.3,MXF-0.25-0.95,0.0,GARC1,RUS,MXF,gyrA@R14L,U,{},"{""proportion"": 0.0, ""confidence"": [4.8683609171202235e-17, 0.5614970317550455], ""p_value"": 1.0, ""contingency"": [[0, 3], [195, 13521]]}",{}
414,NC00962.3,MXF-0.25-0.95,0.0,GARC1,RUS,MXF,gyrB@I486V,U,{},"{""proportion"": 0.0, ""confidence"": [0.0, 0.7934506856227626], ""p_value"": 1.0, ""contingency"": [[0, 1], [195, 13521]]}",{}
415,NC00962.3,MXF-0.25-0.95,0.0,GARC1,RUS,MXF,gyrA@T164M,U,{},"{""proportion"": 0.0, ""confidence"": [0.0, 0.7934506856227626], ""p_value"": 1.0, ""contingency"": [[0, 1], [195, 13521]]}",{}
416,NC00962.3,MXF-0.25-0.95,0.0,GARC1,RUS,MXF,gyrB@T401I,U,{},"{""proportion"": 0.0, ""confidence"": [0.0, 0.7934506856227626], ""p_value"": 1.0, ""contingency"": [[0, 1], [195, 13521]]}",{}
417,NC00962.3,MXF-0.25-0.95,0.0,GARC1,RUS,MXF,gyrB@D402E,U,{},"{""proportion"": 0.0, ""confidence"": [0.0, 0.7934506856227626], ""p_value"": 1.0, ""contingency"": [[0, 1], [195, 13521]]}",{}
418,NC00962.3,MXF-0.25-0.95,0.0,GARC1,RUS,MXF,gyrB@D494A,U,{},"{""proportion"": 0.0, ""confidence"": [0.0, 0.6576197724933469], ""p_value"": 1.0, ""contingency"": [[0, 2], [195, 13521]]}",{}
419,NC00962.3,MXF-0.25-0.95,0.0,GARC1,RUS,MXF,gyrA@G477E,U,{},"{""proportion"": 0.0, ""confidence"": [4.8683609171202235e-17, 0.5614970317550455], ""p_value"": 1.0, ""contingency"": [[0, 3], [195, 13521]]}",{}
420,NC00962.3,MXF-0.25-0.95,0.0,GARC1,RUS,MXF,gyrA@Q603H,U,{},"{""proportion"": 0.0, ""confidence"": [0.0, 0.7934506856227626], ""p_value"": 1.0, ""contingency"": [[0, 1], [195, 13521]]}",{}
421,NC00962.3,MXF-0.25-0.95,0.0,GARC1,RUS,MXF,gyrA@G351A,U,{},"{""proportion"": 0.0, ""confidence"": [0.0, 0.6576197724933469], ""p_value"": 1.0, ""contingency"": [[0, 2], [195, 13521]]}",{}
422,NC00962.3,MXF-0.25-0.95,0.0,GARC1,RUS,MXF,gyrB@V457L,U,{},"{""proportion"": 0.0, ""confidence"": [0.0, 0.43448246478317476], ""p_value"": 0.34082031250000006, ""contingency"": [[0, 5], [195, 13521]]}",{}
423,NC00962.3,MXF-0.25-0.95,0.0,GARC1,RUS,MXF,gyrB@V327L,U,{},"{""proportion"": 0.0, ""confidence"": [0.0, 0.6576197724933469], ""p_value"": 1.0, ""contingency"": [[0, 2], [195, 13521]]}",{}
424,NC00962.3,MXF-0.25-0.95,0.0,GARC1,RUS,MXF,gyrB@1932_del_cga,U,{},"{""proportion"": 0.0, ""confidence"": [0.0, 0.7934506856227626], ""p_value"": 1.0, ""contingency"": [[0, 1], [195, 13521]]}",{}
425,NC00962.3,MXF-0.25-0.95,0.0,GARC1,RUS,MXF,gyrA@M141V,U,{},"{""proportion"": 0.0, ""confidence"": [0.0, 0.7934506856227626], ""p_value"": 1.0, ""contingency"": [[0, 1], [195, 13521]]}",{}
426,NC00962.3,MXF-0.25-0.95,0.0,GARC1,RUS,MXF,gyrB@A504T,U,{},"{""proportion"": 0.0, ""confidence"": [4.8683609171202235e-17, 0.5614970317550455], ""p_value"": 1.0, ""contingency"": [[0, 3], [195, 13521]]}",{}
427,NC00962.3,MXF-0.25-0.95,0.0,GARC1,RUS,MXF,gyrB@c-52t,U,{},"{""proportion"": 0.0, ""confidence"": [0.0, 0.7934506856227626], ""p_value"": 1.0, ""contingency"": [[0, 1], [195, 13521]]}",{}
428,NC00962.3,MXF-0.25-0.95,0.0,GARC1,RUS,MXF,gyrA@T355M,U,{},"{""proportion"": 0.0, ""confidence"": [0.0, 0.6576197724933469], ""p_value"": 1.0, ""contingency"": [[0, 2], [195, 13521]]}",{}
429,NC00962.3,MXF-0.25-0.95,0.0,GARC1,RUS,MXF,gyrB@H302R,U,{},"{""proportion"": 0.0, ""confidence"": [0.0, 0.2991450484195441], ""p_value"": 0.12401199340820315, ""contingency"": [[0, 9], [195, 13521]]}",{}
430,NC00962.3,MXF-0.25-0.95,0.0,GARC1,RUS,MXF,gyrA@S536R,U,{},"{""proportion"": 0.0, ""confidence"": [4.8683609171202235e-17, 0.5614970317550455], ""p_value"": 1.0, ""contingency"": [[0, 3], [195, 13521]]}",{}
431,NC00962.3,MXF-0.25-0.95,0.0,GARC1,RUS,MXF,gyrA@E317G,U,{},"{""proportion"": 0.0, ""confidence"": [0.0, 0.7934506856227626], ""p_value"": 1.0, ""contingency"": [[0, 1], [195, 13521]]}",{}
432,NC00962.3,MXF-0.25-0.95,0.0,GARC1,RUS,MXF,gyrA@R254C,U,{},"{""proportion"": 0.0, ""confidence"": [0.0, 0.2775327998628892], ""p_value"": 0.07604122161865237, ""contingency"": [[0, 10], [195, 13521]]}",{}
433,NC00962.3,MXF-0.25-0.95,0.0,GARC1,RUS,MXF,gyrB@A618D,U,{},"{""proportion"": 1.0, ""confidence"": [0.20654931437723742, 1.0], ""p_value"": 0.25, ""contingency"": [[1, 0], [195, 13521]]}",{}
434,NC00962.3,MXF-0.25-0.95,0.0,GARC1,RUS,MXF,gyrB@G38S,U,{},"{""proportion"": 0.0, ""confidence"": [0.0, 0.7934506856227626], ""p_value"": 1.0, ""contingency"": [[0, 1], [195, 13521]]}",{}
435,NC00962.3,MXF-0.25-0.95,0.0,GARC1,RUS,MXF,gyrA@D94F,U,{},"{""proportion"": 1.0, ""confidence"": [0.20654931437723742, 1.0], ""p_value"": 0.25, ""contingency"": [[1, 0], [195, 13521]]}",{}
436,NC00962.3,MXF-0.25-0.95,0.0,GARC1,RUS,MXF,gyrB@S576G,U,{},"{""proportion"": 0.0, ""confidence"": [0.0, 0.6576197724933469], ""p_value"": 1.0, ""contingency"": [[0, 2], [195, 13521]]}",{}
437,NC00962.3,MXF-0.25-0.95,0.0,GARC1,RUS,MXF,gyrB@D112H,U,{},"{""proportion"": 0.0, ""confidence"": [0.0, 0.6576197724933469], ""p_value"": 1.0, ""contingency"": [[0, 2], [195, 13521]]}",{}
438,NC00962.3,MXF-0.25-0.95,0.0,GARC1,RUS,MXF,gyrA@I362M,U,{},"{""proportion"": 0.0, ""confidence"": [0.0, 0.7934506856227626], ""p_value"": 1.0, ""contingency"": [[0, 1], [195, 13521]]}",{}
439,NC00962.3,MXF-0.25-0.95,0.0,GARC1,RUS,MXF,gyrA@L205V,U,{},"{""proportion"": 0.0, ""confidence"": [4.8683609171202235e-17, 0.5614970317550455], ""p_value"": 1.0, ""contingency"": [[0, 3], [195, 13521]]}",{}
440,NC00962.3,MXF-0.25-0.95,0.0,GARC1,RUS,MXF,gyrA@S250Y,U,{},"{""proportion"": 0.0, ""confidence"": [0.0, 0.7934506856227626], ""p_value"": 1.0, ""contingency"": [[0, 1], [195, 13521]]}",{}
441,NC00962.3,MXF-0.25-0.95,0.0,GARC1,RUS,MXF,gyrA@A662V,U,{},"{""proportion"": 0.0, ""confidence"": [0.0, 0.7934506856227626], ""p_value"": 1.0, ""contingency"": [[0, 1], [195, 13521]]}",{}
442,NC00962.3,MXF-0.25-0.95,0.0,GARC1,RUS,MXF,gyrA@E386V,U,{},"{""proportion"": 0.0, ""confidence"": [0.0, 0.7934506856227626], ""p_value"": 1.0, ""contingency"": [[0, 1], [195, 13521]]}",{}
443,NC00962.3,MXF-0.25-0.95,0.0,GARC1,RUS,MXF,gyrB@c-1g,U,{},"{""proportion"": 0.0, ""confidence"": [0.0, 0.6576197724933469], ""p_value"": 1.0, ""contingency"": [[0, 2], [195, 13521]]}",{}
444,NC00962.3,MXF-0.25-0.95,0.0,GARC1,RUS,MXF,gyrB@g-84a,U,{},"{""proportion"": 0.0, ""confidence"": [0.0, 0.7934506856227626], ""p_value"": 1.0, ""contingency"": [[0, 1], [195, 13521]]}",{}
445,NC00962.3,MXF-0.25-0.95,0.0,GARC1,RUS,MXF,gyrA@G112C,U,{},"{""proportion"": 0.0, ""confidence"": [0.0, 0.7934506856227626], ""p_value"": 1.0, ""contingency"": [[0, 1], [195, 13521]]}",{}
446,NC00962.3,MXF-0.25-0.95,0.0,GARC1,RUS,MXF,gyrA@L401V,U,{},"{""proportion"": 0.0, ""confidence"": [0.0, 0.7934506856227626], ""p_value"": 1.0, ""contingency"": [[0, 1], [195, 13521]]}",{}
447,NC00962.3,MXF-0.25-0.95,0.0,GARC1,RUS,MXF,gyrB@E425A,U,{},"{""proportion"": 0.0, ""confidence"": [0.0, 0.7934506856227626], ""p_value"": 1.0, ""contingency"": [[0, 1], [195, 13521]]}",{}
448,NC00962.3,MXF-0.25-0.95,0.0,GARC1,RUS,MXF,gyrB@D434G,U,{},"{""proportion"": 0.0, ""confidence"": [3.384324554477539e-17, 0.39033428790216534], ""p_value"": 0.347412109375, ""contingency"": [[0, 6], [195, 13521]]}",{}
449,NC00962.3,MXF-0.25-0.95,0.0,GARC1,RUS,MXF,gyrB@D186A,U,{},"{""proportion"": 0.0, ""confidence"": [0.0, 0.7934506856227626], ""p_value"": 1.0, ""contingency"": [[0, 1], [195, 13521]]}",{}
450,NC00962.3,MXF-0.25-0.95,0.0,GARC1,RUS,MXF,gyrA@V326G,U,{},"{""proportion"": 0.0, ""confidence"": [4.8683609171202235e-17, 0.5614970317550455], ""p_value"": 1.0, ""contingency"": [[0, 3], [195, 13521]]}",{}
451,NC00962.3,MXF-0.25-0.95,0.0,GARC1,RUS,MXF,gyrA@V516A,U,{},"{""proportion"": 0.0, ""confidence"": [0.0, 0.7934506856227626], ""p_value"": 1.0, ""contingency"": [[0, 1], [195, 13521]]}",{}
452,NC00962.3,MXF-0.25-0.95,0.0,GARC1,RUS,MXF,gyrA@D293Y,U,{},"{""proportion"": 0.0, ""confidence"": [0.0, 0.6576197724933469], ""p_value"": 1.0, ""contingency"": [[0, 2], [195, 13521]]}",{}
453,NC00962.3,MXF-0.25-0.95,0.0,GARC1,RUS,MXF,gyrB@N499I,U,{},"{""proportion"": 0.0, ""confidence"": [0.0, 0.7934506856227626], ""p_value"": 1.0, ""contingency"": [[0, 1], [195, 13521]]}",{}
454,NC00962.3,MXF-0.25-0.95,0.0,GARC1,RUS,MXF,gyrA@L465Q,U,{},"{""proportion"": 0.0, ""confidence"": [0.0, 0.7934506856227626], ""p_value"": 1.0, ""contingency"": [[0, 1], [195, 13521]]}",{}
455,NC00962.3,MXF-0.25-0.95,0.0,GARC1,RUS,MXF,gyrA@R575W,U,{},"{""proportion"": 0.0, ""confidence"": [0.0, 0.7934506856227626], ""p_value"": 1.0, ""contingency"": [[0, 1], [195, 13521]]}",{}
456,NC00962.3,MXF-0.25-0.95,0.0,GARC1,RUS,MXF,gyrB@T167A,U,{},"{""proportion"": 0.0, ""confidence"": [0.0, 0.7934506856227626], ""p_value"": 1.0, ""contingency"": [[0, 1], [195, 13521]]}",{}
457,NC00962.3,MXF-0.25-0.95,0.0,GARC1,RUS,MXF,gyrB@A162S,U,{},"{""proportion"": 0.0, ""confidence"": [0.0, 0.7934506856227626], ""p_value"": 1.0, ""contingency"": [[0, 1], [195, 13521]]}",{}
458,NC00962.3,MXF-0.25-0.95,0.0,GARC1,RUS,MXF,gyrB@c-53t,U,{},"{""proportion"": 0.0, ""confidence"": [0.0, 0.7934506856227626], ""p_value"": 1.0, ""contingency"": [[0, 1], [195, 13521]]}",{}
459,NC00962.3,MXF-0.25-0.95,0.0,GARC1,RUS,MXF,gyrB@K333N,U,{},"{""proportion"": 0.0, ""confidence"": [0.0, 0.7934506856227626], ""p_value"": 1.0, ""contingency"": [[0, 1], [195, 13521]]}",{}
460,NC00962.3,MXF-0.25-0.95,0.0,GARC1,RUS,MXF,gyrA@D454G,U,{},"{""proportion"": 0.0, ""confidence"": [0.0, 0.7934506856227626], ""p_value"": 1.0, ""contingency"": [[0, 1], [195, 13521]]}",{}
461,NC00962.3,MXF-0.25-0.95,0.0,GARC1,RUS,MXF,gyrA@E514Q,U,{},"{""proportion"": 0.0, ""confidence"": [0.0, 0.7934506856227626], ""p_value"": 1.0, ""contingency"": [[0, 1], [195, 13521]]}",{}
462,NC00962.3,MXF-0.25-0.95,0.0,GARC1,RUS,MXF,gyrA@I284V,U,{},"{""proportion"": 0.0, ""confidence"": [0.0, 0.7934506856227626], ""p_value"": 1.0, ""contingency"": [[0, 1], [195, 13521]]}",{}
463,NC00962.3,MXF-0.25-0.95,0.0,GARC1,RUS,MXF,gyrB@A355T,U,{},"{""proportion"": 0.0, ""confidence"": [0.0, 0.7934506856227626], ""p_value"": 1.0, ""contingency"": [[0, 1], [195, 13521]]}",{}
464,NC00962.3,MXF-0.25-0.95,0.0,GARC1,RUS,MXF,gyrA@V310F,U,{},"{""proportion"": 0.0, ""confidence"": [0.0, 0.7934506856227626], ""p_value"": 1.0, ""contingency"": [[0, 1], [195, 13521]]}",{}
465,NC00962.3,MXF-0.25-0.95,0.0,GARC1,RUS,MXF,gyrB@L563F,U,{},"{""proportion"": 0.0, ""confidence"": [0.0, 0.7934506856227626], ""p_value"": 1.0, ""contingency"": [[0, 1], [195, 13521]]}",{}
466,NC00962.3,MXF-0.25-0.95,0.0,GARC1,RUS,MXF,gyrA@A400V,U,{},"{""proportion"": 0.0, ""confidence"": [0.0, 0.7934506856227626], ""p_value"": 1.0, ""contingency"": [[0, 1], [195, 13521]]}",{}
467,NC00962.3,MXF-0.25-0.95,0.0,GARC1,RUS,MXF,gyrA@E21H,U,{},"{""proportion"": 0.0, ""confidence"": [0.0, 0.7934506856227626], ""p_value"": 1.0, ""contingency"": [[0, 1], [195, 13521]]}",{}
468,NC00962.3,MXF-0.25-0.95,0.0,GARC1,RUS,MXF,gyrA@S698L,U,{},"{""proportion"": 0.2, ""confidence"": [0.03622410863243013, 0.6244653702374747], ""p_value"": 1.0, ""contingency"": [[1, 4], [195, 13521]]}",{}
469,NC00962.3,MXF-0.25-0.95,0.0,GARC1,RUS,MXF,gyrB@P578R,U,{},"{""proportion"": 0.0, ""confidence"": [0.0, 0.7934506856227626], ""p_value"": 1.0, ""contingency"": [[0, 1], [195, 13521]]}",{}
470,NC00962.3,MXF-0.25-0.95,0.0,GARC1,RUS,MXF,gyrA@G702S,U,{},"{""proportion"": 0.0, ""confidence"": [0.0, 0.6576197724933469], ""p_value"": 1.0, ""contingency"": [[0, 2], [195, 13521]]}",{}
471,NC00962.3,MXF-0.25-0.95,0.0,GARC1,RUS,MXF,gyrA@E412G,U,{},"{""proportion"": 0.0, ""confidence"": [0.0, 0.7934506856227626], ""p_value"": 1.0, ""contingency"": [[0, 1], [195, 13521]]}",{}
472,NC00962.3,MXF-0.25-0.95,0.0,GARC1,RUS,MXF,gyrB@V670I,U,{},"{""proportion"": 0.0, ""confidence"": [0.0, 0.7934506856227626], ""p_value"": 1.0, ""contingency"": [[0, 1], [195, 13521]]}",{}
473,NC00962.3,MXF-0.25-0.95,0.0,GARC1,RUS,MXF,gyrB@T170K,U,{},"{""proportion"": 0.0, ""confidence"": [0.0, 0.7934506856227626], ""p_value"": 1.0, ""contingency"": [[0, 1], [195, 13521]]}",{}
474,NC00962.3,MXF-0.25-0.95,0.0,GARC1,RUS,MXF,gyrA@D504E,U,{},"{""proportion"": 0.0, ""confidence"": [0.0, 0.7934506856227626], ""p_value"": 1.0, ""contingency"": [[0, 1], [195, 13521]]}",{}
475,NC00962.3,MXF-0.25-0.95,0.0,GARC1,RUS,MXF,gyrA@G63A,U,{},"{""proportion"": 0.0, ""confidence"": [0.0, 0.7934506856227626], ""p_value"": 1.0, ""contingency"": [[0, 1], [195, 13521]]}",{}
476,NC00962.3,MXF-0.25-0.95,0.0,GARC1,RUS,MXF,gyrB@A593V,U,{},"{""proportion"": 0.0, ""confidence"": [0.0, 0.6576197724933469], ""p_value"": 1.0, ""contingency"": [[0, 2], [195, 13521]]}",{}
477,NC00962.3,MXF-0.25-0.95,0.0,GARC1,RUS,MXF,gyrA@R376L,U,{},"{""proportion"": 0.0, ""confidence"": [0.0, 0.7934506856227626], ""p_value"": 1.0, ""contingency"": [[0, 1], [195, 13521]]}",{}
478,NC00962.3,MXF-0.25-0.95,0.0,GARC1,RUS,MXF,gyrB@N499Y,U,{},"{""proportion"": 1.0, ""confidence"": [0.20654931437723742, 1.0], ""p_value"": 0.25, ""contingency"": [[1, 0], [195, 13521]]}",{}
479,NC00962.3,MXF-0.25-0.95,0.0,GARC1,RUS,MXF,gyrA@M438I,U,{},"{""proportion"": 0.0, ""confidence"": [0.0, 0.7934506856227626], ""p_value"": 1.0, ""contingency"": [[0, 1], [195, 13521]]}",{}
480,NC00962.3,MXF-0.25-0.95,0.0,GARC1,RUS,MXF,gyrB@E21K,U,{},"{""proportion"": 0.0, ""confidence"": [0.0, 0.7934506856227626], ""p_value"": 1.0, ""contingency"": [[0, 1], [195, 13521]]}",{}
481,NC00962.3,MXF-0.25-0.95,0.0,GARC1,RUS,MXF,gyrB@M616V,U,{},"{""proportion"": 0.0, ""confidence"": [0.0, 0.7934506856227626], ""p_value"": 1.0, ""contingency"": [[0, 1], [195, 13521]]}",{}
482,NC00962.3,MXF-0.25-0.95,0.0,GARC1,RUS,MXF,gyrA@D262V,U,{},"{""proportion"": 0.0, ""confidence"": [0.0, 0.7934506856227626], ""p_value"": 1.0, ""contingency"": [[0, 1], [195, 13521]]}",{}
483,NC00962.3,MXF-0.25-0.95,0.0,GARC1,RUS,MXF,gyrA@M139T,U,{},"{""proportion"": 0.0, ""confidence"": [0.0, 0.7934506856227626], ""p_value"": 1.0, ""contingency"": [[0, 1], [195, 13521]]}",{}
484,NC00962.3,MXF-0.25-0.95,0.0,GARC1,RUS,MXF,gyrB@E312D,U,{},"{""proportion"": 0.0, ""confidence"": [0.0, 0.7934506856227626], ""p_value"": 1.0, ""contingency"": [[0, 1], [195, 13521]]}",{}
485,NC00962.3,MXF-0.25-0.95,0.0,GARC1,RUS,MXF,gyrA@P102L,U,{},"{""proportion"": 0.0, ""confidence"": [0.0, 0.7934506856227626], ""p_value"": 1.0, ""contingency"": [[0, 1], [195, 13521]]}",{}
486,NC00962.3,MXF-0.25-0.95,0.0,GARC1,RUS,MXF,gyrA@F152L,U,{},"{""proportion"": 0.0, ""confidence"": [0.0, 0.7934506856227626], ""p_value"": 1.0, ""contingency"": [[0, 1], [195, 13521]]}",{}
487,NC00962.3,MXF-0.25-0.95,0.0,GARC1,RUS,MXF,gyrB@c-34t,U,{},"{""proportion"": 0.0, ""confidence"": [0.0, 0.7934506856227626], ""p_value"": 1.0, ""contingency"": [[0, 1], [195, 13521]]}",{}
488,NC00962.3,MXF-0.25-0.95,0.0,GARC1,RUS,MXF,gyrA@E820D,U,{},"{""proportion"": 0.0, ""confidence"": [0.0, 0.7934506856227626], ""p_value"": 1.0, ""contingency"": [[0, 1], [195, 13521]]}",{}
489,NC00962.3,MXF-0.25-0.95,0.0,GARC1,RUS,MXF,gyrA@T836K,U,{},"{""proportion"": 0.0, ""confidence"": [0.0, 0.6576197724933469], ""p_value"": 1.0, ""contingency"": [[0, 2], [195, 13521]]}",{}
490,NC00962.3,MXF-0.25-0.95,0.0,GARC1,RUS,MXF,gyrB@Q148E,U,{},"{""proportion"": 0.0, ""confidence"": [0.0, 0.7934506856227626], ""p_value"": 1.0, ""contingency"": [[0, 1], [195, 13521]]}",{}
491,NC00962.3,MXF-0.25-0.95,0.0,GARC1,RUS,MXF,gyrB@c-54t,U,{},"{""proportion"": 0.0, ""confidence"": [0.0, 0.7934506856227626], ""p_value"": 1.0, ""contingency"": [[0, 1], [195, 13521]]}",{}
492,NC00962.3,MXF-0.25-0.95,0.0,GARC1,RUS,MXF,gyrB@g-95c,U,{},"{""proportion"": 0.0, ""confidence"": [0.0, 0.7934506856227626], ""p_value"": 1.0, ""contingency"": [[0, 1], [195, 13521]]}",{}
493,NC00962.3,MXF-0.25-0.95,0.0,GARC1,RUS,MXF,gyrB@S274R,U,{},"{""proportion"": 0.0, ""confidence"": [0.0, 0.4898908364545973], ""p_value"": 0.578125, ""contingency"": [[0, 4], [195, 13521]]}",{}
494,NC00962.3,MXF-0.25-0.95,0.0,GARC1,RUS,MXF,gyrB@L69V,U,{},"{""proportion"": 0.0, ""confidence"": [0.0, 0.6576197724933469], ""p_value"": 1.0, ""contingency"": [[0, 2], [195, 13521]]}",{}
495,NC00962.3,MXF-0.25-0.95,0.0,GARC1,RUS,MXF,gyrB@E228Q,U,{},"{""proportion"": 0.0, ""confidence"": [4.8683609171202235e-17, 0.5614970317550455], ""p_value"": 1.0, ""contingency"": [[0, 3], [195, 13521]]}",{}
496,NC00962.3,MXF-0.25-0.95,0.0,GARC1,RUS,MXF,gyrA@V649L,U,{},"{""proportion"": 0.0, ""confidence"": [0.0, 0.7934506856227626], ""p_value"": 1.0, ""contingency"": [[0, 1], [195, 13521]]}",{}
497,NC00962.3,MXF-0.25-0.95,0.0,GARC1,RUS,MXF,gyrA@L659V,U,{},"{""proportion"": 0.0, ""confidence"": [0.0, 0.32440756488388023], ""p_value"": 0.21392822265625003, ""contingency"": [[0, 8], [195, 13521]]}",{}
498,NC00962.3,MXF-0.25-0.95,0.0,GARC1,RUS,MXF,gyrA@S69G,U,{},"{""proportion"": 0.0, ""confidence"": [4.8683609171202235e-17, 0.5614970317550455], ""p_value"": 1.0, ""contingency"": [[0, 3], [195, 13521]]}",{}
499,NC00962.3,MXF-0.25-0.95,0.0,GARC1,RUS,MXF,gyrA@V259L,U,{},"{""proportion"": 0.0, ""confidence"": [0.0, 0.7934506856227626], ""p_value"": 1.0, ""contingency"": [[0, 1], [195, 13521]]}",{}
500,NC00962.3,MXF-0.25-0.95,0.0,GARC1,RUS,MXF,gyrA@Q679H,U,{},"{""proportion"": 0.0, ""confidence"": [0.0, 0.7934506856227626], ""p_value"": 1.0, ""contingency"": [[0, 1], [195, 13521]]}",{}
501,NC00962.3,MXF-0.25-0.95,0.0,GARC1,RUS,MXF,gyrA@H490Y,U,{},"{""proportion"": 0.0, ""confidence"": [0.0, 0.7934506856227626], ""p_value"": 1.0, ""contingency"": [[0, 1], [195, 13521]]}",{}
502,NC00962.3,MXF-0.25-0.95,0.0,GARC1,RUS,MXF,gyrA@G668N,U,{},"{""proportion"": 0.0, ""confidence"": [0.0, 0.7934506856227626], ""p_value"": 1.0, ""contingency"": [[0, 1], [195, 13521]]}",{}
503,NC00962.3,MXF-0.25-0.95,0.0,GARC1,RUS,MXF,gyrB@S576I,U,{},"{""proportion"": 0.0, ""confidence"": [0.0, 0.32440756488388023], ""p_value"": 0.21392822265625003, ""contingency"": [[0, 8], [195, 13521]]}",{}
504,NC00962.3,MXF-0.25-0.95,0.0,GARC1,RUS,MXF,gyrB@-55_del_c,U,{},"{""proportion"": 0.0, ""confidence"": [0.0, 0.6576197724933469], ""p_value"": 1.0, ""contingency"": [[0, 2], [195, 13521]]}",{}
505,NC00962.3,MXF-0.25-0.95,0.0,GARC1,RUS,MXF,gyrA@G832R,U,{},"{""proportion"": 0.0, ""confidence"": [0.0, 0.7934506856227626], ""p_value"": 1.0, ""contingency"": [[0, 1], [195, 13521]]}",{}
506,NC00962.3,MXF-0.25-0.95,0.0,GARC1,RUS,MXF,gyrB@V406I,U,{},"{""proportion"": 0.0, ""confidence"": [0.0, 0.6576197724933469], ""p_value"": 1.0, ""contingency"": [[0, 2], [195, 13521]]}",{}
507,NC00962.3,MXF-0.25-0.95,0.0,GARC1,RUS,MXF,gyrA@G764R,U,{},"{""proportion"": 0.0, ""confidence"": [0.0, 0.7934506856227626], ""p_value"": 1.0, ""contingency"": [[0, 1], [195, 13521]]}",{}
508,NC00962.3,MXF-0.25-0.95,0.0,GARC1,RUS,MXF,gyrA@G294A,U,{},"{""proportion"": 0.0, ""confidence"": [0.0, 0.7934506856227626], ""p_value"": 1.0, ""contingency"": [[0, 1], [195, 13521]]}",{}
509,NC00962.3,MXF-0.25-0.95,0.0,GARC1,RUS,MXF,gyrA@P17S,U,{},"{""proportion"": 0.0, ""confidence"": [0.0, 0.7934506856227626], ""p_value"": 1.0, ""contingency"": [[0, 1], [195, 13521]]}",{}
510,NC00962.3,MXF-0.25-0.95,0.0,GARC1,RUS,MXF,gyrB@A238T,U,{},"{""proportion"": 0.0, ""confidence"": [0.0, 0.7934506856227626], ""p_value"": 1.0, ""contingency"": [[0, 1], [195, 13521]]}",{}
511,NC00962.3,MXF-0.25-0.95,0.0,GARC1,RUS,MXF,gyrB@c-45g,U,{},"{""proportion"": 0.0, ""confidence"": [0.0, 0.7934506856227626], ""p_value"": 1.0, ""contingency"": [[0, 1], [195, 13521]]}",{}
512,NC00962.3,MXF-0.25-0.95,0.0,GARC1,RUS,MXF,gyrA@G311A,U,{},"{""proportion"": 0.0, ""confidence"": [0.0, 0.7934506856227626], ""p_value"": 1.0, ""contingency"": [[0, 1], [195, 13521]]}",{}
513,NC00962.3,MXF-0.25-0.95,0.0,GARC1,RUS,MXF,gyrA@P8S,U,{},"{""proportion"": 0.0, ""confidence"": [0.0, 0.7934506856227626], ""p_value"": 1.0, ""contingency"": [[0, 1], [195, 13521]]}",{}
514,NC00962.3,MXF-0.25-0.95,0.0,GARC1,RUS,MXF,gyrA@L331V,U,{},"{""proportion"": 0.0, ""confidence"": [0.0, 0.7934506856227626], ""p_value"": 1.0, ""contingency"": [[0, 1], [195, 13521]]}",{}
515,NC00962.3,MXF-0.25-0.95,0.0,GARC1,RUS,MXF,gyrA@S104L,U,{},"{""proportion"": 0.0, ""confidence"": [0.0, 0.7934506856227626], ""p_value"": 1.0, ""contingency"": [[0, 1], [195, 13521]]}",{}
516,NC00962.3,MXF-0.25-0.95,0.0,GARC1,RUS,MXF,gyrB@c-45t,U,{},"{""proportion"": 0.0, ""confidence"": [0.0, 0.7934506856227626], ""p_value"": 1.0, ""contingency"": [[0, 1], [195, 13521]]}",{}
517,NC00962.3,MXF-0.25-0.95,0.0,GARC1,RUS,MXF,gyrB@c-20t,U,{},"{""proportion"": 0.0, ""confidence"": [0.0, 0.7934506856227626], ""p_value"": 1.0, ""contingency"": [[0, 1], [195, 13521]]}",{}
518,NC00962.3,MXF-0.25-0.95,0.0,GARC1,RUS,MXF,gyrA@G63R,U,{},"{""proportion"": 0.0, ""confidence"": [0.0, 0.7934506856227626], ""p_value"": 1.0, ""contingency"": [[0, 1], [195, 13521]]}",{}
519,NC00962.3,MXF-0.25-0.95,0.0,GARC1,RUS,MXF,gyrA@A200T,U,{},"{""proportion"": 0.0, ""confidence"": [0.0, 0.7934506856227626], ""p_value"": 1.0, ""contingency"": [[0, 1], [195, 13521]]}",{}
520,NC00962.3,MXF-0.25-0.95,0.0,GARC1,RUS,MXF,gyrA@Q290H,U,{},"{""proportion"": 0.0, ""confidence"": [0.0, 0.6576197724933469], ""p_value"": 1.0, ""contingency"": [[0, 2], [195, 13521]]}",{}
521,NC00962.3,MXF-0.25-0.95,0.0,GARC1,RUS,MXF,gyrA@Q238H,U,{},"{""proportion"": 0.0, ""confidence"": [0.0, 0.7934506856227626], ""p_value"": 1.0, ""contingency"": [[0, 1], [195, 13521]]}",{}
522,NC00962.3,MXF-0.25-0.95,0.0,GARC1,RUS,MXF,gyrB@P480S,U,{},"{""proportion"": 0.0, ""confidence"": [0.0, 0.7934506856227626], ""p_value"": 1.0, ""contingency"": [[0, 1], [195, 13521]]}",{}
523,NC00962.3,MXF-0.25-0.95,0.0,GARC1,RUS,MXF,gyrA@E586G,U,{},"{""proportion"": 0.0, ""confidence"": [0.0, 0.7934506856227626], ""p_value"": 1.0, ""contingency"": [[0, 1], [195, 13521]]}",{}
524,NC00962.3,MXF-0.25-0.95,0.0,GARC1,RUS,MXF,gyrA@F683L,U,{},"{""proportion"": 0.0, ""confidence"": [0.0, 0.7934506856227626], ""p_value"": 1.0, ""contingency"": [[0, 1], [195, 13521]]}",{}
525,NC00962.3,MXF-0.25-0.95,0.0,GARC1,RUS,MXF,gyrA@2517_del_a,U,{},"{""proportion"": 0.0, ""confidence"": [0.0, 0.7934506856227626], ""p_value"": 1.0, ""contingency"": [[0, 1], [195, 13521]]}",{}
526,NC00962.3,MXF-0.25-0.95,0.0,GARC1,RUS,MXF,gyrB@Y253S,U,{},"{""proportion"": 0.0, ""confidence"": [0.0, 0.6576197724933469], ""p_value"": 1.0, ""contingency"": [[0, 2], [195, 13521]]}",{}
527,NC00962.3,MXF-0.25-0.95,0.0,GARC1,RUS,MXF,gyrB@L354V,U,{},"{""proportion"": 0.0, ""confidence"": [0.0, 0.7934506856227626], ""p_value"": 1.0, ""contingency"": [[0, 1], [195, 13521]]}",{}
528,NC00962.3,MXF-0.25-0.95,0.0,GARC1,RUS,MXF,gyrA@S237A,U,{},"{""proportion"": 0.0, ""confidence"": [0.0, 0.7934506856227626], ""p_value"": 1.0, ""contingency"": [[0, 1], [195, 13521]]}",{}
529,NC00962.3,MXF-0.25-0.95,0.0,GARC1,RUS,MXF,gyrA@Q113E,U,{},"{""proportion"": 0.0, ""confidence"": [0.0, 0.4898908364545973], ""p_value"": 0.578125, ""contingency"": [[0, 4], [195, 13521]]}",{}
530,NC00962.3,MXF-0.25-0.95,0.0,GARC1,RUS,MXF,gyrA@R195G,U,{},"{""proportion"": 0.0, ""confidence"": [0.0, 0.7934506856227626], ""p_value"": 1.0, ""contingency"": [[0, 1], [195, 13521]]}",{}
531,NC00962.3,MXF-0.25-0.95,0.0,GARC1,RUS,MXF,gyrB@c-80a,U,{},"{""proportion"": 0.0, ""confidence"": [0.0, 0.7934506856227626], ""p_value"": 1.0, ""contingency"": [[0, 1], [195, 13521]]}",{}
532,NC00962.3,MXF-0.25-0.95,0.0,GARC1,RUS,MXF,gyrB@H272P,U,{},"{""proportion"": 0.0, ""confidence"": [0.0, 0.7934506856227626], ""p_value"": 1.0, ""contingency"": [[0, 1], [195, 13521]]}",{}
533,NC00962.3,MXF-0.25-0.95,0.0,GARC1,RUS,MXF,gyrA@R802Q,U,{},"{""proportion"": 0.0, ""confidence"": [0.0, 0.7934506856227626], ""p_value"": 1.0, ""contingency"": [[0, 1], [195, 13521]]}",{}
534,NC00962.3,MXF-0.25-0.95,0.0,GARC1,RUS,MXF,gyrB@c-26g,U,{},"{""proportion"": 0.0, ""confidence"": [0.0, 0.7934506856227626], ""p_value"": 1.0, ""contingency"": [[0, 1], [195, 13521]]}",{}
535,NC00962.3,MXF-0.25-0.95,0.0,GARC1,RUS,MXF,gyrA@G744A,U,{},"{""proportion"": 0.0, ""confidence"": [0.0, 0.7934506856227626], ""p_value"": 1.0, ""contingency"": [[0, 1], [195, 13521]]}",{}
536,NC00962.3,MXF-0.25-0.95,0.0,GARC1,RUS,MXF,gyrA@Q305R,U,{},"{""proportion"": 0.0, ""confidence"": [0.0, 0.7934506856227626], ""p_value"": 1.0, ""contingency"": [[0, 1], [195, 13521]]}",{}
537,NC00962.3,MXF-0.25-0.95,0.0,GARC1,RUS,MXF,gyrB@P163S,U,{},"{""proportion"": 0.0, ""confidence"": [0.0, 0.7934506856227626], ""p_value"": 1.0, ""contingency"": [[0, 1], [195, 13521]]}",{}
538,NC00962.3,MXF-0.25-0.95,0.0,GARC1,RUS,MXF,gyrB@T189P,U,{},"{""proportion"": 0.0, ""confidence"": [0.0, 0.7934506856227626], ""p_value"": 1.0, ""contingency"": [[0, 1], [195, 13521]]}",{}
539,NC00962.3,MXF-0.25-0.95,0.0,GARC1,RUS,MXF,gyrA@a-30g,U,{},"{""proportion"": 0.0, ""confidence"": [0.0, 0.7934506856227626], ""p_value"": 1.0, ""contingency"": [[0, 1], [195, 13521]]}",{}
540,NC00962.3,MXF-0.25-0.95,0.0,GARC1,RUS,MXF,gyrA@A579V,U,{},"{""proportion"": 0.0, ""confidence"": [0.0, 0.7934506856227626], ""p_value"": 1.0, ""contingency"": [[0, 1], [195, 13521]]}",{}
541,NC00962.3,MXF-0.25-0.95,0.0,GARC1,RUS,MXF,gyrB@K7Q,U,{},"{""proportion"": 0.0, ""confidence"": [0.0, 0.7934506856227626], ""p_value"": 1.0, ""contingency"": [[0, 1], [195, 13521]]}",{}
542,NC00962.3,MXF-0.25-0.95,0.0,GARC1,RUS,MXF,gyrA@R758P,U,{},"{""proportion"": 0.0, ""confidence"": [0.0, 0.7934506856227626], ""p_value"": 1.0, ""contingency"": [[0, 1], [195, 13521]]}",{}
543,NC00962.3,MXF-0.25-0.95,0.0,GARC1,RUS,MXF,gyrB@A175T,U,{},"{""proportion"": 0.0, ""confidence"": [0.0, 0.7934506856227626], ""p_value"": 1.0, ""contingency"": [[0, 1], [195, 13521]]}",{}
544,NC00962.3,MXF-0.25-0.95,0.0,GARC1,RUS,MXF,gyrA@Q797P,U,{},"{""proportion"": 0.0, ""confidence"": [0.0, 0.7934506856227626], ""p_value"": 1.0, ""contingency"": [[0, 1], [195, 13521]]}",{}
545,NC00962.3,MXF-0.25-0.95,0.0,GARC1,RUS,MXF,gyrA@V352M,U,{},"{""proportion"": 0.0, ""confidence"": [0.0, 0.7934506856227626], ""p_value"": 1.0, ""contingency"": [[0, 1], [195, 13521]]}",{}
546,NC00962.3,MXF-0.25-0.95,0.0,GARC1,RUS,MXF,gyrA@A676D,U,{},"{""proportion"": 0.0, ""confidence"": [0.0, 0.7934506856227626], ""p_value"": 1.0, ""contingency"": [[0, 1], [195, 13521]]}",{}
547,NC00962.3,MXF-0.25-0.95,0.0,GARC1,RUS,MXF,gyrA@a-12g,U,{},"{""proportion"": 0.0, ""confidence"": [0.0, 0.7934506856227626], ""p_value"": 1.0, ""contingency"": [[0, 1], [195, 13521]]}",{}
548,NC00962.3,MXF-0.25-0.95,0.0,GARC1,RUS,MXF,gyrB@S363R,U,{},"{""proportion"": 0.0, ""confidence"": [0.0, 0.7934506856227626], ""p_value"": 1.0, ""contingency"": [[0, 1], [195, 13521]]}",{}
549,NC00962.3,MXF-0.25-0.95,0.0,GARC1,RUS,MXF,gyrA@R292G,U,{},"{""proportion"": 0.0, ""confidence"": [0.0, 0.7934506856227626], ""p_value"": 1.0, ""contingency"": [[0, 1], [195, 13521]]}",{}
550,NC00962.3,MXF-0.25-0.95,0.0,GARC1,RUS,MXF,gyrA@P621L,U,{},"{""proportion"": 0.0, ""confidence"": [0.0, 0.7934506856227626], ""p_value"": 1.0, ""contingency"": [[0, 1], [195, 13521]]}",{}
551,NC00962.3,MXF-0.25-0.95,0.0,GARC1,RUS,MXF,gyrA@E258D,U,{},"{""proportion"": 0.0, ""confidence"": [0.0, 0.7934506856227626], ""p_value"": 1.0, ""contingency"": [[0, 1], [195, 13521]]}",{}
553,NC00962.3,MXF-0.25-0.95,0.0,GARC1,RUS,MXF,gyrA@-*_indel,U,{},"{""default_rule"": ""True""}",{}
554,NC00962.3,MXF-0.25-0.95,0.0,GARC1,RUS,MXF,gyrA@*_indel,U,{},"{""default_rule"": ""True""}",{}
555,NC00962.3,MXF-0.25-0.95,0.0,GARC1,RUS,MXF,gyrA@-*?,U,{},"{""default_rule"": ""True""}",{}
556,NC00962.3,MXF-0.25-0.95,0.0,GARC1,RUS,MXF,gyrA@*?,U,{},"{""default_rule"": ""True""}",{}
557,NC00962.3,MXF-0.25-0.95,0.0,GARC1,RUS,MXF,gyrA@del_0.0,U,{},"{""default_rule"": ""True""}",{}
559,NC00962.3,MXF-0.25-0.95,0.0,GARC1,RUS,MXF,gyrB@-*_indel,U,{},"{""default_rule"": ""True""}",{}
560,NC00962.3,MXF-0.25-0.95,0.0,GARC1,RUS,MXF,gyrB@*_indel,U,{},"{""default_rule"": ""True""}",{}
561,NC00962.3,MXF-0.25-0.95,0.0,GARC1,RUS,MXF,gyrB@-*?,U,{},"{""default_rule"": ""True""}",{}
562,NC00962.3,MXF-0.25-0.95,0.0,GARC1,RUS,MXF,gyrB@*?,U,{},"{""default_rule"": ""True""}",{}
563,NC00962.3,MXF-0.25-0.95,0.0,GARC1,RUS,MXF,gyrB@del_0.0,U,{},"{""default_rule"": ""True""}",{}
