,GENBANK_REFERENCE,CATALOGUE_NAME,CATALOGUE_VERSION,CATALOGUE_GRAMMAR,PREDICTION_VALUES,DRUG,MUTATION,PREDICTION,SOURCE,EVIDENCE,OTHER
0,NC00962.3,MXF-0.25-0.95-0.5,0.0,GARC1,RUS,MXF,gyrA@S95T,S,{},"{""seeded"": ""True""}",{}
1,NC00962.3,MXF-0.25-0.95-0.5,0.0,GARC1,RUS,MXF,gyrA@E21Q,S,{},"{""seeded"": ""True""}",{}
2,NC00962.3,MXF-0.25-0.95-0.5,0.0,GARC1,RUS,MXF,gyrA@G668D,S,{},"{""seeded"": ""True""}",{}
3,NC00962.3,MXF-0.25-0.95-0.5,0.0,GARC1,RUS,MXF,gyrB@M291I,S,{},"{""seeded"": ""True""}",{}
4,NC00962.3,MXF-0.25-0.95-0.5,0.0,GARC1,RUS,MXF,gyrA@A384V,S,{},"{""proportion"": 0.012357414448669201, ""confidence"": [0.007235802878823744, 0.021027397596392567], ""p_value"": 1.2571855975777619e-108, ""contingency"": [[13, 1039], [191, 9288]]}",{}
5,NC00962.3,MXF-0.25-0.95-0.5,0.0,GARC1,RUS,MXF,gyrA@G247S,S,{},"{""proportion"": 0.008429926238145416, ""confidence"": [0.004277646788890905, 0.01654581616710951], ""p_value"": 1.2408344404205735e-103, ""contingency"": [[8, 941], [191, 9288]]}",{}
6,NC00962.3,MXF-0.25-0.95-0.5,0.0,GARC1,RUS,MXF,gyrB@V301L,S,{},"{""proportion"": 0.012422360248447204, ""confidence"": [0.0034132960972489503, 0.04415640437005674], ""p_value"": 1.6012631785775935e-17, ""contingency"": [[2, 159], [191, 9288]]}",{}
7,NC00962.3,MXF-0.25-0.95-0.5,0.0,GARC1,RUS,MXF,gyrA@A463S,S,{},"{""proportion"": 0.008771929824561403, ""confidence"": [0.0015501429397783654, 0.0480203467601362], ""p_value"": 3.1400542019340924e-13, ""contingency"": [[1, 113], [191, 9288]]}",{}
8,NC00962.3,MXF-0.25-0.95-0.5,0.0,GARC1,RUS,MXF,gyrB@A403S,S,{},"{""proportion"": 0.0, ""confidence"": [0.0, 0.14865487460862087], ""p_value"": 0.0024842959446118593, ""contingency"": [[0, 22], [191, 9288]]}",{}
9,NC00962.3,MXF-0.25-0.95-0.5,0.0,GARC1,RUS,MXF,gyrA@P472S,S,{},"{""proportion"": 0.030303030303030304, ""confidence"": [0.0053694105368718315, 0.1531872538211892], ""p_value"": 0.0018550318271028559, ""contingency"": [[1, 32], [191, 9288]]}",{}
10,NC00962.3,MXF-0.25-0.95-0.5,0.0,GARC1,RUS,MXF,gyrA@Q613E,S,{},"{""proportion"": 0.006622516556291391, ""confidence"": [0.0011699949278556848, 0.036555423478712774], ""p_value"": 1.1295202371873431e-17, ""contingency"": [[1, 150], [191, 9288]]}",{}
11,NC00962.3,MXF-0.25-0.95-0.5,0.0,GARC1,RUS,MXF,gyrA@R252L,S,{},"{""proportion"": 0.0, ""confidence"": [-6.4146077049798385e-18, 0.07555760416399632], ""p_value"": 1.862714656219358e-06, ""contingency"": [[0, 47], [191, 9288]]}",{}
12,NC00962.3,MXF-0.25-0.95-0.5,0.0,GARC1,RUS,MXF,gyrB@R575H,S,{},"{""proportion"": 0.043478260869565216, ""confidence"": [0.007716666143453147, 0.20991155070258874], ""p_value"": 0.02645279753755858, ""contingency"": [[1, 22], [191, 9288]]}",{}
13,NC00962.3,MXF-0.25-0.95-0.5,0.0,GARC1,RUS,MXF,gyrA@T267I,S,{},"{""proportion"": 0.0, ""confidence"": [2.1025014877572554e-17, 0.24249400665524087], ""p_value"": 0.04592913389205933, ""contingency"": [[0, 12], [191, 9288]]}",{}
14,NC00962.3,MXF-0.25-0.95-0.5,0.0,GARC1,RUS,MXF,gyrA@P8A,S,{},"{""proportion"": 0.0, ""confidence"": [0.0, 0.1936076805344365], ""p_value"": 0.017492316197603944, ""contingency"": [[0, 16], [191, 9288]]}",{}
15,NC00962.3,MXF-0.25-0.95-0.5,0.0,GARC1,RUS,MXF,gyrB@P94L,S,{},"{""proportion"": 0.011673151750972763, ""confidence"": [0.003977718469482005, 0.03375193871457506], ""p_value"": 1.4395488025136641e-27, ""contingency"": [[3, 254], [191, 9288]]}",{}
16,NC00962.3,MXF-0.25-0.95-0.5,0.0,GARC1,RUS,MXF,gyrA@c-34t,S,{},"{""proportion"": 0.037037037037037035, ""confidence"": [0.019605537305522218, 0.06887821629504201], ""p_value"": 2.6468255707193657e-19, ""contingency"": [[9, 234], [221, 12098]]}",{}
17,NC00962.3,MXF-0.25-0.95-0.5,0.0,GARC1,RUS,MXF,gyrA@L296P,S,{},"{""proportion"": 0.0, ""confidence"": [2.1025014877572554e-17, 0.24249400665524087], ""p_value"": 0.04592913389205933, ""contingency"": [[0, 12], [221, 12098]]}",{}
18,NC00962.3,MXF-0.25-0.95-0.5,0.0,GARC1,RUS,MXF,gyrB@I84V,S,{},"{""proportion"": 0.0, ""confidence"": [2.1025014877572554e-17, 0.24249400665524087], ""p_value"": 0.04592913389205933, ""contingency"": [[0, 12], [221, 12098]]}",{}
19,NC00962.3,MXF-0.25-0.95-0.5,0.0,GARC1,RUS,MXF,gyrB@A130S,S,{},"{""proportion"": 0.0, ""confidence"": [0.0, 0.20388330103584862], ""p_value"": 0.030663299374282364, ""contingency"": [[0, 15], [221, 12098]]}",{}
20,NC00962.3,MXF-0.25-0.95-0.5,0.0,GARC1,RUS,MXF,gyrA@N193S,S,{},"{""proportion"": 0.0, ""confidence"": [0.0, 0.11696979849974075], ""p_value"": 0.0003599573412089791, ""contingency"": [[0, 29], [230, 12371]]}",{}
21,NC00962.3,MXF-0.25-0.95-0.5,0.0,GARC1,RUS,MXF,gyrA@A456V,S,{},"{""proportion"": 0.0, ""confidence"": [0.0, 0.16817922405261626], ""p_value"": 0.006516711702715842, ""contingency"": [[0, 19], [230, 12371]]}",{}
504,NC00962.3,MXF-0.25-0.95-0.5,0.0,GARC1,RUS,MXF,gyrA@*=,S,{},"{""default_rule"": ""True""}",{}
510,NC00962.3,MXF-0.25-0.95-0.5,0.0,GARC1,RUS,MXF,gyrB@*=,S,{},"{""default_rule"": ""True""}",{}
22,NC00962.3,MXF-0.25-0.95-0.5,0.0,GARC1,RUS,MXF,gyrA@S91P,R,{},"{""proportion"": 0.7485714285714286, ""confidence"": [0.6794258610309706, 0.8070385224161915], ""p_value"": 2.4108124205480386e-43, ""contingency"": [[131, 44], [230, 12419]]}",{}
23,NC00962.3,MXF-0.25-0.95-0.5,0.0,GARC1,RUS,MXF,gyrA@D94G,R,{},"{""proportion"": 0.8632040965618142, ""confidence"": [0.8439672205578092, 0.8804053854868437], ""p_value"": 0.0, ""contingency"": [[1180, 187], [230, 12419]]}",{}
25,NC00962.3,MXF-0.25-0.95-0.5,0.0,GARC1,RUS,MXF,gyrA@D94A,R,{},"{""proportion"": 0.5934959349593496, ""confidence"": [0.5311358267213728, 0.6529809336318927], ""p_value"": 4.208467393871237e-30, ""contingency"": [[146, 100], [230, 12419]]}",{}
28,NC00962.3,MXF-0.25-0.95-0.5,0.0,GARC1,RUS,MXF,gyrA@D94N,R,{},"{""proportion"": 0.8692307692307693, ""confidence"": [0.8228197119130556, 0.9048900303624472], ""p_value"": 2.3309088226242626e-98, ""contingency"": [[226, 34], [230, 12419]]}",{}
29,NC00962.3,MXF-0.25-0.95-0.5,0.0,GARC1,RUS,MXF,gyrB@E501D,R,{},"{""proportion"": 0.7837837837837838, ""confidence"": [0.6280485160803085, 0.8861348800661442], ""p_value"": 1.469759248562664e-11, ""contingency"": [[29, 8], [230, 12419]]}",{}
30,NC00962.3,MXF-0.25-0.95-0.5,0.0,GARC1,RUS,MXF,gyrA@D94Y,R,{},"{""proportion"": 0.8405797101449275, ""confidence"": [0.7704106687523921, 0.8923010713942466], ""p_value"": 5.000342278055214e-48, ""contingency"": [[116, 22], [230, 12419]]}",{}
31,NC00962.3,MXF-0.25-0.95-0.5,0.0,GARC1,RUS,MXF,gyrA@G88C,R,{},"{""proportion"": 0.9166666666666666, ""confidence"": [0.7817330875072737, 0.9712513886640065], ""p_value"": 4.2046503743466655e-17, ""contingency"": [[33, 3], [230, 12419]]}",{}
32,NC00962.3,MXF-0.25-0.95-0.5,0.0,GARC1,RUS,MXF,gyrA@A90V,R,{},"{""proportion"": 0.6139860139860139, ""confidence"": [0.5777829511187674, 0.6489708038293848], ""p_value"": 7.878989315055443e-94, ""contingency"": [[439, 276], [230, 12419]]}",{}
33,NC00962.3,MXF-0.25-0.95-0.5,0.0,GARC1,RUS,MXF,gyrB@N499D,R,{},"{""proportion"": 0.7777777777777778, ""confidence"": [0.45258896910698887, 0.9367748928821533], ""p_value"": 0.0013427734375, ""contingency"": [[7, 2], [230, 12419]]}",{}
34,NC00962.3,MXF-0.25-0.95-0.5,0.0,GARC1,RUS,MXF,gyrA@D94H,R,{},"{""proportion"": 0.8392857142857143, ""confidence"": [0.7219379333025048, 0.9130733239240487], ""p_value"": 3.0616408026413244e-20, ""contingency"": [[47, 9], [230, 12419]]}",{}
57,NC00962.3,MXF-0.25-0.95-0.5,0.0,GARC1,RUS,MXF,gyrA@D94S,R,{},"{""proportion"": 0.875, ""confidence"": [0.6397717273424132, 0.9650225122567595], ""p_value"": 2.628657966852188e-07, ""contingency"": [[14, 2], [230, 12419]]}",{}
87,NC00962.3,MXF-0.25-0.95-0.5,0.0,GARC1,RUS,MXF,gyrA@D94C,R,{},"{""proportion"": 0.8, ""confidence"": [0.37553462976252533, 0.9637758913675698], ""p_value"": 0.015625, ""contingency"": [[4, 1], [230, 12419]]}",{}
96,NC00962.3,MXF-0.25-0.95-0.5,0.0,GARC1,RUS,MXF,gyrA@D89N,R,{},"{""proportion"": 0.8181818181818182, ""confidence"": [0.523019438039156, 0.9486323102539149], ""p_value"": 0.00012612342834472656, ""contingency"": [[9, 2], [230, 12419]]}",{}
290,NC00962.3,MXF-0.25-0.95-0.5,0.0,GARC1,RUS,MXF,gyrA@D94R,R,{},"{""proportion"": 1.0, ""confidence"": [0.5655175352168252, 1.0], ""p_value"": 0.0009765625, ""contingency"": [[5, 0], [230, 12419]]}",{}
24,NC00962.3,MXF-0.25-0.95-0.5,0.0,GARC1,RUS,MXF,gyrA@T5A,U,{},"{""proportion"": 0.07142857142857142, ""confidence"": [0.012722215247890944, 0.31468704424151117], ""p_value"": 0.21263734251260757, ""contingency"": [[1, 13], [230, 12419]]}",{}
26,NC00962.3,MXF-0.25-0.95-0.5,0.0,GARC1,RUS,MXF,gyrA@D89G,U,{},"{""proportion"": 0.25, ""confidence"": [0.045587260809700575, 0.6993581574175981], ""p_value"": 1.0, ""contingency"": [[1, 3], [230, 12419]]}",{}
27,NC00962.3,MXF-0.25-0.95-0.5,0.0,GARC1,RUS,MXF,gyrA@A288D,U,{},"{""proportion"": 0.3333333333333333, ""confidence"": [0.1205838183869109, 0.6457978644196036], ""p_value"": 0.6996612548828125, ""contingency"": [[3, 6], [230, 12419]]}",{}
35,NC00962.3,MXF-0.25-0.95-0.5,0.0,GARC1,RUS,MXF,gyrB@V630I,U,{},"{""proportion"": 0.0, ""confidence"": [0.0, 0.43448246478317476], ""p_value"": 0.34082031250000006, ""contingency"": [[0, 5], [230, 12419]]}",{}
36,NC00962.3,MXF-0.25-0.95-0.5,0.0,GARC1,RUS,MXF,gyrB@T500A,U,{},"{""proportion"": 0.2, ""confidence"": [0.03622410863243013, 0.6244653702374747], ""p_value"": 1.0, ""contingency"": [[1, 4], [230, 12419]]}",{}
37,NC00962.3,MXF-0.25-0.95-0.5,0.0,GARC1,RUS,MXF,gyrA@g-19t,U,{},"{""proportion"": 0.125, ""confidence"": [0.022417491450056667, 0.47088818221285345], ""p_value"": 0.68853759765625, ""contingency"": [[1, 7], [230, 12419]]}",{}
38,NC00962.3,MXF-0.25-0.95-0.5,0.0,GARC1,RUS,MXF,gyrB@D461N,U,{},"{""proportion"": 0.19230769230769232, ""confidence"": [0.08507061148942409, 0.37876257119317], ""p_value"": 0.6519899424208089, ""contingency"": [[5, 21], [230, 12419]]}",{}
39,NC00962.3,MXF-0.25-0.95-0.5,0.0,GARC1,RUS,MXF,gyrA@I15V,U,{},"{""proportion"": 0.0, ""confidence"": [0.0, 0.4898908364545973], ""p_value"": 0.578125, ""contingency"": [[0, 4], [230, 12419]]}",{}
40,NC00962.3,MXF-0.25-0.95-0.5,0.0,GARC1,RUS,MXF,gyrB@P628A,U,{},"{""proportion"": 0.0, ""confidence"": [0.0, 0.43448246478317476], ""p_value"": 0.34082031250000006, ""contingency"": [[0, 5], [230, 12419]]}",{}
41,NC00962.3,MXF-0.25-0.95-0.5,0.0,GARC1,RUS,MXF,gyrA@G88A,U,{},"{""proportion"": 0.23076923076923078, ""confidence"": [0.08179528718498566, 0.502563759467275], ""p_value"": 1.0, ""contingency"": [[3, 10], [230, 12419]]}",{}
42,NC00962.3,MXF-0.25-0.95-0.5,0.0,GARC1,RUS,MXF,gyrB@K498R,U,{},"{""proportion"": 0.0, ""confidence"": [0.0, 0.7934506856227626], ""p_value"": 1.0, ""contingency"": [[0, 1], [230, 12419]]}",{}
43,NC00962.3,MXF-0.25-0.95-0.5,0.0,GARC1,RUS,MXF,gyrB@A504V,U,{},"{""proportion"": 0.0, ""confidence"": [3.384324554477539e-17, 0.39033428790216534], ""p_value"": 0.347412109375, ""contingency"": [[0, 6], [230, 12419]]}",{}
44,NC00962.3,MXF-0.25-0.95-0.5,0.0,GARC1,RUS,MXF,gyrA@S728L,U,{},"{""proportion"": 0.0, ""confidence"": [4.8683609171202235e-17, 0.5614970317550455], ""p_value"": 1.0, ""contingency"": [[0, 3], [230, 12419]]}",{}
45,NC00962.3,MXF-0.25-0.95-0.5,0.0,GARC1,RUS,MXF,gyrA@E214D,U,{},"{""proportion"": 0.0, ""confidence"": [0.0, 0.32440756488388023], ""p_value"": 0.21392822265625003, ""contingency"": [[0, 8], [230, 12419]]}",{}
46,NC00962.3,MXF-0.25-0.95-0.5,0.0,GARC1,RUS,MXF,gyrA@F640V,U,{},"{""proportion"": 0.0, ""confidence"": [0.0, 0.7934506856227626], ""p_value"": 1.0, ""contingency"": [[0, 1], [230, 12419]]}",{}
47,NC00962.3,MXF-0.25-0.95-0.5,0.0,GARC1,RUS,MXF,gyrA@T80A,U,{},"{""proportion"": 0.0, ""confidence"": [3.584186086443356e-17, 0.3543304350666874], ""p_value"": 0.20404052734375, ""contingency"": [[0, 7], [230, 12419]]}",{}
48,NC00962.3,MXF-0.25-0.95-0.5,0.0,GARC1,RUS,MXF,gyrB@R446H,U,{},"{""proportion"": 0.18181818181818182, ""confidence"": [0.05136768974608512, 0.4769805619608442], ""p_value"": 1.0, ""contingency"": [[2, 9], [230, 12419]]}",{}
49,NC00962.3,MXF-0.25-0.95-0.5,0.0,GARC1,RUS,MXF,gyrA@V768A,U,{},"{""proportion"": 0.0, ""confidence"": [0.0, 0.7934506856227626], ""p_value"": 1.0, ""contingency"": [[0, 1], [230, 12419]]}",{}
50,NC00962.3,MXF-0.25-0.95-0.5,0.0,GARC1,RUS,MXF,gyrA@R578Q,U,{},"{""proportion"": 0.1, ""confidence"": [0.01787621309507289, 0.4041500267952385], ""p_value"": 0.46815013885498047, ""contingency"": [[1, 9], [230, 12419]]}",{}
51,NC00962.3,MXF-0.25-0.95-0.5,0.0,GARC1,RUS,MXF,gyrB@P439A,U,{},"{""proportion"": 0.0, ""confidence"": [0.0, 0.7934506856227626], ""p_value"": 1.0, ""contingency"": [[0, 1], [230, 12419]]}",{}
52,NC00962.3,MXF-0.25-0.95-0.5,0.0,GARC1,RUS,MXF,gyrB@S447F,U,{},"{""proportion"": 0.4, ""confidence"": [0.16818032970623617, 0.6873262302663417], ""p_value"": 0.2804384231567383, ""contingency"": [[4, 6], [230, 12419]]}",{}
53,NC00962.3,MXF-0.25-0.95-0.5,0.0,GARC1,RUS,MXF,gyrB@S661T,U,{},"{""proportion"": 0.0, ""confidence"": [4.8683609171202235e-17, 0.5614970317550455], ""p_value"": 1.0, ""contingency"": [[0, 3], [230, 12419]]}",{}
54,NC00962.3,MXF-0.25-0.95-0.5,0.0,GARC1,RUS,MXF,gyrA@P741L,U,{},"{""proportion"": 0.0, ""confidence"": [0.0, 0.7934506856227626], ""p_value"": 1.0, ""contingency"": [[0, 1], [230, 12419]]}",{}
55,NC00962.3,MXF-0.25-0.95-0.5,0.0,GARC1,RUS,MXF,gyrA@Q573H,U,{},"{""proportion"": 0.0, ""confidence"": [0.0, 0.7934506856227626], ""p_value"": 1.0, ""contingency"": [[0, 1], [230, 12419]]}",{}
56,NC00962.3,MXF-0.25-0.95-0.5,0.0,GARC1,RUS,MXF,gyrA@A175G,U,{},"{""proportion"": 0.0, ""confidence"": [0.0, 0.7934506856227626], ""p_value"": 1.0, ""contingency"": [[0, 1], [230, 12419]]}",{}
58,NC00962.3,MXF-0.25-0.95-0.5,0.0,GARC1,RUS,MXF,gyrA@V624L,U,{},"{""proportion"": 0.3333333333333333, ""confidence"": [0.061491944720396215, 0.7923403991979523], ""p_value"": 1.0, ""contingency"": [[1, 2], [230, 12419]]}",{}
59,NC00962.3,MXF-0.25-0.95-0.5,0.0,GARC1,RUS,MXF,gyrB@K452N,U,{},"{""proportion"": 0.0, ""confidence"": [0.0, 0.7934506856227626], ""p_value"": 1.0, ""contingency"": [[0, 1], [230, 12419]]}",{}
60,NC00962.3,MXF-0.25-0.95-0.5,0.0,GARC1,RUS,MXF,gyrB@G512R,U,{},"{""proportion"": 0.14285714285714285, ""confidence"": [0.025679624344743555, 0.5131278292743189], ""p_value"": 1.0, ""contingency"": [[1, 6], [230, 12419]]}",{}
61,NC00962.3,MXF-0.25-0.95-0.5,0.0,GARC1,RUS,MXF,gyrB@R446C,U,{},"{""proportion"": 0.25, ""confidence"": [0.08894166839405473, 0.5323053349335657], ""p_value"": 1.0, ""contingency"": [[3, 9], [230, 12419]]}",{}
62,NC00962.3,MXF-0.25-0.95-0.5,0.0,GARC1,RUS,MXF,gyrA@D829E,U,{},"{""proportion"": 0.0, ""confidence"": [4.8683609171202235e-17, 0.5614970317550455], ""p_value"": 1.0, ""contingency"": [[0, 3], [230, 12419]]}",{}
63,NC00962.3,MXF-0.25-0.95-0.5,0.0,GARC1,RUS,MXF,gyrB@I607V,U,{},"{""proportion"": 0.0, ""confidence"": [0.0, 0.6576197724933469], ""p_value"": 1.0, ""contingency"": [[0, 2], [230, 12419]]}",{}
64,NC00962.3,MXF-0.25-0.95-0.5,0.0,GARC1,RUS,MXF,gyrA@R252G,U,{},"{""proportion"": 0.0, ""confidence"": [0.0, 0.7934506856227626], ""p_value"": 1.0, ""contingency"": [[0, 1], [230, 12419]]}",{}
65,NC00962.3,MXF-0.25-0.95-0.5,0.0,GARC1,RUS,MXF,gyrA@E140G,U,{},"{""proportion"": 0.0, ""confidence"": [0.0, 0.7934506856227626], ""p_value"": 1.0, ""contingency"": [[0, 1], [230, 12419]]}",{}
66,NC00962.3,MXF-0.25-0.95-0.5,0.0,GARC1,RUS,MXF,gyrB@T37S,U,{},"{""proportion"": 0.0, ""confidence"": [0.0, 0.7934506856227626], ""p_value"": 1.0, ""contingency"": [[0, 1], [230, 12419]]}",{}
67,NC00962.3,MXF-0.25-0.95-0.5,0.0,GARC1,RUS,MXF,gyrB@C388G,U,{},"{""proportion"": 0.0, ""confidence"": [0.0, 0.6576197724933469], ""p_value"": 1.0, ""contingency"": [[0, 2], [230, 12419]]}",{}
68,NC00962.3,MXF-0.25-0.95-0.5,0.0,GARC1,RUS,MXF,gyrB@D225G,U,{},"{""proportion"": 0.0, ""confidence"": [0.0, 0.6576197724933469], ""p_value"": 1.0, ""contingency"": [[0, 2], [230, 12419]]}",{}
69,NC00962.3,MXF-0.25-0.95-0.5,0.0,GARC1,RUS,MXF,gyrA@N282K,U,{},"{""proportion"": 0.0, ""confidence"": [0.0, 0.4898908364545973], ""p_value"": 0.578125, ""contingency"": [[0, 4], [230, 12419]]}",{}
70,NC00962.3,MXF-0.25-0.95-0.5,0.0,GARC1,RUS,MXF,gyrB@A78V,U,{},"{""proportion"": 0.0, ""confidence"": [0.0, 0.7934506856227626], ""p_value"": 1.0, ""contingency"": [[0, 1], [230, 12419]]}",{}
71,NC00962.3,MXF-0.25-0.95-0.5,0.0,GARC1,RUS,MXF,gyrB@P439R,U,{},"{""proportion"": 0.0, ""confidence"": [0.0, 0.7934506856227626], ""p_value"": 1.0, ""contingency"": [[0, 1], [230, 12419]]}",{}
72,NC00962.3,MXF-0.25-0.95-0.5,0.0,GARC1,RUS,MXF,gyrB@T170M,U,{},"{""proportion"": 0.0, ""confidence"": [0.0, 0.6576197724933469], ""p_value"": 1.0, ""contingency"": [[0, 2], [230, 12419]]}",{}
73,NC00962.3,MXF-0.25-0.95-0.5,0.0,GARC1,RUS,MXF,gyrB@c-87g,U,{},"{""proportion"": 0.0, ""confidence"": [0.0, 0.6576197724933469], ""p_value"": 1.0, ""contingency"": [[0, 2], [230, 12419]]}",{}
74,NC00962.3,MXF-0.25-0.95-0.5,0.0,GARC1,RUS,MXF,gyrB@T664I,U,{},"{""proportion"": 0.0, ""confidence"": [0.0, 0.4898908364545973], ""p_value"": 0.578125, ""contingency"": [[0, 4], [230, 12419]]}",{}
75,NC00962.3,MXF-0.25-0.95-0.5,0.0,GARC1,RUS,MXF,gyrA@V235A,U,{},"{""proportion"": 0.0, ""confidence"": [0.0, 0.7934506856227626], ""p_value"": 1.0, ""contingency"": [[0, 1], [230, 12419]]}",{}
76,NC00962.3,MXF-0.25-0.95-0.5,0.0,GARC1,RUS,MXF,gyrA@F569C,U,{},"{""proportion"": 0.0, ""confidence"": [0.0, 0.7934506856227626], ""p_value"": 1.0, ""contingency"": [[0, 1], [230, 12419]]}",{}
77,NC00962.3,MXF-0.25-0.95-0.5,0.0,GARC1,RUS,MXF,gyrA@R26H,U,{},"{""proportion"": 0.0, ""confidence"": [0.0, 0.7934506856227626], ""p_value"": 1.0, ""contingency"": [[0, 1], [230, 12419]]}",{}
78,NC00962.3,MXF-0.25-0.95-0.5,0.0,GARC1,RUS,MXF,gyrA@A787G,U,{},"{""proportion"": 0.0, ""confidence"": [0.0, 0.43448246478317476], ""p_value"": 0.34082031250000006, ""contingency"": [[0, 5], [230, 12419]]}",{}
79,NC00962.3,MXF-0.25-0.95-0.5,0.0,GARC1,RUS,MXF,gyrB@D216G,U,{},"{""proportion"": 0.0, ""confidence"": [0.0, 0.7934506856227626], ""p_value"": 1.0, ""contingency"": [[0, 1], [230, 12419]]}",{}
80,NC00962.3,MXF-0.25-0.95-0.5,0.0,GARC1,RUS,MXF,gyrB@A398V,U,{},"{""proportion"": 0.0, ""confidence"": [3.384324554477539e-17, 0.39033428790216534], ""p_value"": 0.347412109375, ""contingency"": [[0, 6], [230, 12419]]}",{}
81,NC00962.3,MXF-0.25-0.95-0.5,0.0,GARC1,RUS,MXF,gyrA@E412A,U,{},"{""proportion"": 0.0, ""confidence"": [0.0, 0.7934506856227626], ""p_value"": 1.0, ""contingency"": [[0, 1], [230, 12419]]}",{}
82,NC00962.3,MXF-0.25-0.95-0.5,0.0,GARC1,RUS,MXF,gyrA@V783M,U,{},"{""proportion"": 0.0, ""confidence"": [0.0, 0.4898908364545973], ""p_value"": 0.578125, ""contingency"": [[0, 4], [230, 12419]]}",{}
83,NC00962.3,MXF-0.25-0.95-0.5,0.0,GARC1,RUS,MXF,gyrB@P343S,U,{},"{""proportion"": 0.0, ""confidence"": [0.0, 0.7934506856227626], ""p_value"": 1.0, ""contingency"": [[0, 1], [230, 12419]]}",{}
84,NC00962.3,MXF-0.25-0.95-0.5,0.0,GARC1,RUS,MXF,gyrA@S642C,U,{},"{""proportion"": 0.0, ""confidence"": [0.0, 0.6576197724933469], ""p_value"": 1.0, ""contingency"": [[0, 2], [230, 12419]]}",{}
85,NC00962.3,MXF-0.25-0.95-0.5,0.0,GARC1,RUS,MXF,gyrA@G236V,U,{},"{""proportion"": 0.0, ""confidence"": [0.0, 0.7934506856227626], ""p_value"": 1.0, ""contingency"": [[0, 1], [230, 12419]]}",{}
86,NC00962.3,MXF-0.25-0.95-0.5,0.0,GARC1,RUS,MXF,gyrA@R392H,U,{},"{""proportion"": 0.0, ""confidence"": [0.0, 0.6576197724933469], ""p_value"": 1.0, ""contingency"": [[0, 2], [230, 12419]]}",{}
88,NC00962.3,MXF-0.25-0.95-0.5,0.0,GARC1,RUS,MXF,gyrA@R789H,U,{},"{""proportion"": 0.0, ""confidence"": [0.0, 0.7934506856227626], ""p_value"": 1.0, ""contingency"": [[0, 1], [230, 12419]]}",{}
89,NC00962.3,MXF-0.25-0.95-0.5,0.0,GARC1,RUS,MXF,gyrA@E148D,U,{},"{""proportion"": 0.0, ""confidence"": [0.0, 0.7934506856227626], ""p_value"": 1.0, ""contingency"": [[0, 1], [230, 12419]]}",{}
90,NC00962.3,MXF-0.25-0.95-0.5,0.0,GARC1,RUS,MXF,gyrB@N499S,U,{},"{""proportion"": 0.0, ""confidence"": [0.0, 0.43448246478317476], ""p_value"": 0.34082031250000006, ""contingency"": [[0, 5], [230, 12419]]}",{}
91,NC00962.3,MXF-0.25-0.95-0.5,0.0,GARC1,RUS,MXF,gyrB@A90G,U,{},"{""proportion"": 0.0, ""confidence"": [0.0, 0.4898908364545973], ""p_value"": 0.578125, ""contingency"": [[0, 4], [230, 12419]]}",{}
92,NC00962.3,MXF-0.25-0.95-0.5,0.0,GARC1,RUS,MXF,gyrB@V75G,U,{},"{""proportion"": 0.0, ""confidence"": [0.0, 0.7934506856227626], ""p_value"": 1.0, ""contingency"": [[0, 1], [230, 12419]]}",{}
93,NC00962.3,MXF-0.25-0.95-0.5,0.0,GARC1,RUS,MXF,gyrA@T836R,U,{},"{""proportion"": 0.3333333333333333, ""confidence"": [0.061491944720396215, 0.7923403991979523], ""p_value"": 1.0, ""contingency"": [[1, 2], [230, 12419]]}",{}
94,NC00962.3,MXF-0.25-0.95-0.5,0.0,GARC1,RUS,MXF,gyrA@P154R,U,{},"{""proportion"": 0.0, ""confidence"": [0.0, 0.32440756488388023], ""p_value"": 0.21392822265625003, ""contingency"": [[0, 8], [230, 12419]]}",{}
95,NC00962.3,MXF-0.25-0.95-0.5,0.0,GARC1,RUS,MXF,gyrA@D467H,U,{},"{""proportion"": 0.0, ""confidence"": [0.0, 0.7934506856227626], ""p_value"": 1.0, ""contingency"": [[0, 1], [230, 12419]]}",{}
97,NC00962.3,MXF-0.25-0.95-0.5,0.0,GARC1,RUS,MXF,gyrA@E808Q,U,{},"{""proportion"": 0.0, ""confidence"": [0.0, 0.7934506856227626], ""p_value"": 1.0, ""contingency"": [[0, 1], [230, 12419]]}",{}
98,NC00962.3,MXF-0.25-0.95-0.5,0.0,GARC1,RUS,MXF,gyrA@S95A,U,{},"{""proportion"": 0.0, ""confidence"": [0.0, 0.7934506856227626], ""p_value"": 1.0, ""contingency"": [[0, 1], [230, 12419]]}",{}
99,NC00962.3,MXF-0.25-0.95-0.5,0.0,GARC1,RUS,MXF,gyrA@Q277R,U,{},"{""proportion"": 0.0, ""confidence"": [0.0, 0.6576197724933469], ""p_value"": 1.0, ""contingency"": [[0, 2], [230, 12419]]}",{}
100,NC00962.3,MXF-0.25-0.95-0.5,0.0,GARC1,RUS,MXF,gyrA@I189M,U,{},"{""proportion"": 0.0, ""confidence"": [0.0, 0.7934506856227626], ""p_value"": 1.0, ""contingency"": [[0, 1], [230, 12419]]}",{}
101,NC00962.3,MXF-0.25-0.95-0.5,0.0,GARC1,RUS,MXF,gyrB@I34V,U,{},"{""proportion"": 0.0, ""confidence"": [0.0, 0.32440756488388023], ""p_value"": 0.21392822265625003, ""contingency"": [[0, 8], [230, 12419]]}",{}
102,NC00962.3,MXF-0.25-0.95-0.5,0.0,GARC1,RUS,MXF,gyrA@H368Q,U,{},"{""proportion"": 0.0, ""confidence"": [0.0, 0.6576197724933469], ""p_value"": 1.0, ""contingency"": [[0, 2], [230, 12419]]}",{}
103,NC00962.3,MXF-0.25-0.95-0.5,0.0,GARC1,RUS,MXF,gyrB@R634L,U,{},"{""proportion"": 0.0, ""confidence"": [0.0, 0.6576197724933469], ""p_value"": 1.0, ""contingency"": [[0, 2], [230, 12419]]}",{}
104,NC00962.3,MXF-0.25-0.95-0.5,0.0,GARC1,RUS,MXF,gyrA@D488E,U,{},"{""proportion"": 0.0, ""confidence"": [4.8683609171202235e-17, 0.5614970317550455], ""p_value"": 1.0, ""contingency"": [[0, 3], [230, 12419]]}",{}
105,NC00962.3,MXF-0.25-0.95-0.5,0.0,GARC1,RUS,MXF,gyrB@K498N,U,{},"{""proportion"": 0.0, ""confidence"": [0.0, 0.7934506856227626], ""p_value"": 1.0, ""contingency"": [[0, 1], [230, 12419]]}",{}
106,NC00962.3,MXF-0.25-0.95-0.5,0.0,GARC1,RUS,MXF,gyrA@T230S,U,{},"{""proportion"": 0.0, ""confidence"": [0.0, 0.7934506856227626], ""p_value"": 1.0, ""contingency"": [[0, 1], [230, 12419]]}",{}
107,NC00962.3,MXF-0.25-0.95-0.5,0.0,GARC1,RUS,MXF,gyrA@P108S,U,{},"{""proportion"": 0.0, ""confidence"": [0.0, 0.7934506856227626], ""p_value"": 1.0, ""contingency"": [[0, 1], [230, 12419]]}",{}
108,NC00962.3,MXF-0.25-0.95-0.5,0.0,GARC1,RUS,MXF,gyrA@N826D,U,{},"{""proportion"": 0.0, ""confidence"": [4.8683609171202235e-17, 0.5614970317550455], ""p_value"": 1.0, ""contingency"": [[0, 3], [230, 12419]]}",{}
109,NC00962.3,MXF-0.25-0.95-0.5,0.0,GARC1,RUS,MXF,gyrA@V716F,U,{},"{""proportion"": 0.0, ""confidence"": [0.0, 0.7934506856227626], ""p_value"": 1.0, ""contingency"": [[0, 1], [230, 12419]]}",{}
110,NC00962.3,MXF-0.25-0.95-0.5,0.0,GARC1,RUS,MXF,gyrA@D507H,U,{},"{""proportion"": 0.0, ""confidence"": [0.0, 0.7934506856227626], ""p_value"": 1.0, ""contingency"": [[0, 1], [230, 12419]]}",{}
111,NC00962.3,MXF-0.25-0.95-0.5,0.0,GARC1,RUS,MXF,gyrB@1920_del_cgc,U,{},"{""proportion"": 0.0, ""confidence"": [0.0, 0.32440756488388023], ""p_value"": 0.21392822265625003, ""contingency"": [[0, 8], [230, 12419]]}",{}
112,NC00962.3,MXF-0.25-0.95-0.5,0.0,GARC1,RUS,MXF,gyrA@R615H,U,{},"{""proportion"": 0.0, ""confidence"": [0.0, 0.7934506856227626], ""p_value"": 1.0, ""contingency"": [[0, 1], [230, 12419]]}",{}
113,NC00962.3,MXF-0.25-0.95-0.5,0.0,GARC1,RUS,MXF,gyrB@G520A,U,{},"{""proportion"": 0.0, ""confidence"": [4.8683609171202235e-17, 0.5614970317550455], ""p_value"": 1.0, ""contingency"": [[0, 3], [230, 12419]]}",{}
114,NC00962.3,MXF-0.25-0.95-0.5,0.0,GARC1,RUS,MXF,gyrB@A90T,U,{},"{""proportion"": 0.0, ""confidence"": [0.0, 0.7934506856227626], ""p_value"": 1.0, ""contingency"": [[0, 1], [230, 12419]]}",{}
115,NC00962.3,MXF-0.25-0.95-0.5,0.0,GARC1,RUS,MXF,gyrA@A667V,U,{},"{""proportion"": 0.0, ""confidence"": [0.0, 0.7934506856227626], ""p_value"": 1.0, ""contingency"": [[0, 1], [230, 12419]]}",{}
116,NC00962.3,MXF-0.25-0.95-0.5,0.0,GARC1,RUS,MXF,gyrA@c-32t,U,{},"{""proportion"": 0.0, ""confidence"": [4.8683609171202235e-17, 0.5614970317550455], ""p_value"": 1.0, ""contingency"": [[0, 3], [230, 12419]]}",{}
117,NC00962.3,MXF-0.25-0.95-0.5,0.0,GARC1,RUS,MXF,gyrA@E79K,U,{},"{""proportion"": 0.0, ""confidence"": [0.0, 0.7934506856227626], ""p_value"": 1.0, ""contingency"": [[0, 1], [230, 12419]]}",{}
118,NC00962.3,MXF-0.25-0.95-0.5,0.0,GARC1,RUS,MXF,gyrB@A233V,U,{},"{""proportion"": 0.0, ""confidence"": [0.0, 0.7934506856227626], ""p_value"": 1.0, ""contingency"": [[0, 1], [230, 12419]]}",{}
119,NC00962.3,MXF-0.25-0.95-0.5,0.0,GARC1,RUS,MXF,gyrB@A403V,U,{},"{""proportion"": 0.0, ""confidence"": [0.0, 0.7934506856227626], ""p_value"": 1.0, ""contingency"": [[0, 1], [230, 12419]]}",{}
120,NC00962.3,MXF-0.25-0.95-0.5,0.0,GARC1,RUS,MXF,gyrB@E181G,U,{},"{""proportion"": 0.0, ""confidence"": [0.0, 0.7934506856227626], ""p_value"": 1.0, ""contingency"": [[0, 1], [230, 12419]]}",{}
121,NC00962.3,MXF-0.25-0.95-0.5,0.0,GARC1,RUS,MXF,gyrB@P343A,U,{},"{""proportion"": 0.0, ""confidence"": [0.0, 0.7934506856227626], ""p_value"": 1.0, ""contingency"": [[0, 1], [230, 12419]]}",{}
122,NC00962.3,MXF-0.25-0.95-0.5,0.0,GARC1,RUS,MXF,gyrA@L398F,U,{},"{""proportion"": 0.0, ""confidence"": [4.8683609171202235e-17, 0.5614970317550455], ""p_value"": 1.0, ""contingency"": [[0, 3], [230, 12419]]}",{}
123,NC00962.3,MXF-0.25-0.95-0.5,0.0,GARC1,RUS,MXF,gyrB@P400R,U,{},"{""proportion"": 0.0, ""confidence"": [0.0, 0.4898908364545973], ""p_value"": 0.578125, ""contingency"": [[0, 4], [230, 12419]]}",{}
124,NC00962.3,MXF-0.25-0.95-0.5,0.0,GARC1,RUS,MXF,gyrB@T209A,U,{},"{""proportion"": 0.0, ""confidence"": [4.8683609171202235e-17, 0.5614970317550455], ""p_value"": 1.0, ""contingency"": [[0, 3], [230, 12419]]}",{}
125,NC00962.3,MXF-0.25-0.95-0.5,0.0,GARC1,RUS,MXF,gyrA@L142V,U,{},"{""proportion"": 0.0, ""confidence"": [4.8683609171202235e-17, 0.5614970317550455], ""p_value"": 1.0, ""contingency"": [[0, 3], [230, 12419]]}",{}
126,NC00962.3,MXF-0.25-0.95-0.5,0.0,GARC1,RUS,MXF,gyrB@V407L,U,{},"{""proportion"": 0.0, ""confidence"": [0.0, 0.7934506856227626], ""p_value"": 1.0, ""contingency"": [[0, 1], [230, 12419]]}",{}
127,NC00962.3,MXF-0.25-0.95-0.5,0.0,GARC1,RUS,MXF,gyrB@A242T,U,{},"{""proportion"": 0.0, ""confidence"": [0.0, 0.7934506856227626], ""p_value"": 1.0, ""contingency"": [[0, 1], [230, 12419]]}",{}
128,NC00962.3,MXF-0.25-0.95-0.5,0.0,GARC1,RUS,MXF,gyrB@K333R,U,{},"{""proportion"": 0.0, ""confidence"": [0.0, 0.7934506856227626], ""p_value"": 1.0, ""contingency"": [[0, 1], [230, 12419]]}",{}
129,NC00962.3,MXF-0.25-0.95-0.5,0.0,GARC1,RUS,MXF,gyrA@T339S,U,{},"{""proportion"": 0.0, ""confidence"": [0.0, 0.7934506856227626], ""p_value"": 1.0, ""contingency"": [[0, 1], [230, 12419]]}",{}
130,NC00962.3,MXF-0.25-0.95-0.5,0.0,GARC1,RUS,MXF,gyrA@R615L,U,{},"{""proportion"": 0.0, ""confidence"": [0.0, 0.7934506856227626], ""p_value"": 1.0, ""contingency"": [[0, 1], [230, 12419]]}",{}
131,NC00962.3,MXF-0.25-0.95-0.5,0.0,GARC1,RUS,MXF,gyrA@D515N,U,{},"{""proportion"": 0.0, ""confidence"": [0.0, 0.7934506856227626], ""p_value"": 1.0, ""contingency"": [[0, 1], [230, 12419]]}",{}
132,NC00962.3,MXF-0.25-0.95-0.5,0.0,GARC1,RUS,MXF,gyrA@T590M,U,{},"{""proportion"": 0.0, ""confidence"": [0.0, 0.7934506856227626], ""p_value"": 1.0, ""contingency"": [[0, 1], [230, 12419]]}",{}
133,NC00962.3,MXF-0.25-0.95-0.5,0.0,GARC1,RUS,MXF,gyrB@P177L,U,{},"{""proportion"": 0.0, ""confidence"": [0.0, 0.6576197724933469], ""p_value"": 1.0, ""contingency"": [[0, 2], [230, 12419]]}",{}
134,NC00962.3,MXF-0.25-0.95-0.5,0.0,GARC1,RUS,MXF,gyrA@L346V,U,{},"{""proportion"": 0.0, ""confidence"": [4.8683609171202235e-17, 0.5614970317550455], ""p_value"": 1.0, ""contingency"": [[0, 3], [230, 12419]]}",{}
135,NC00962.3,MXF-0.25-0.95-0.5,0.0,GARC1,RUS,MXF,gyrA@2458_del_gaagaaagtggcgacgataatgccgtggacgccaacggcgcagaccagacgggcaattaa,U,{},"{""proportion"": 0.0, ""confidence"": [0.0, 0.7934506856227626], ""p_value"": 1.0, ""contingency"": [[0, 1], [230, 12419]]}",{}
136,NC00962.3,MXF-0.25-0.95-0.5,0.0,GARC1,RUS,MXF,gyrA@D488A,U,{},"{""proportion"": 0.0, ""confidence"": [0.0, 0.7934506856227626], ""p_value"": 1.0, ""contingency"": [[0, 1], [230, 12419]]}",{}
137,NC00962.3,MXF-0.25-0.95-0.5,0.0,GARC1,RUS,MXF,gyrB@I271V,U,{},"{""proportion"": 0.0, ""confidence"": [0.0, 0.7934506856227626], ""p_value"": 1.0, ""contingency"": [[0, 1], [230, 12419]]}",{}
138,NC00962.3,MXF-0.25-0.95-0.5,0.0,GARC1,RUS,MXF,gyrA@L425F,U,{},"{""proportion"": 0.0, ""confidence"": [0.0, 0.7934506856227626], ""p_value"": 1.0, ""contingency"": [[0, 1], [230, 12419]]}",{}
139,NC00962.3,MXF-0.25-0.95-0.5,0.0,GARC1,RUS,MXF,gyrB@c-53g,U,{},"{""proportion"": 0.0, ""confidence"": [0.0, 0.6576197724933469], ""p_value"": 1.0, ""contingency"": [[0, 2], [230, 12419]]}",{}
140,NC00962.3,MXF-0.25-0.95-0.5,0.0,GARC1,RUS,MXF,gyrA@H70R,U,{},"{""proportion"": 0.3333333333333333, ""confidence"": [0.061491944720396215, 0.7923403991979523], ""p_value"": 1.0, ""contingency"": [[1, 2], [230, 12419]]}",{}
141,NC00962.3,MXF-0.25-0.95-0.5,0.0,GARC1,RUS,MXF,gyrB@E501V,U,{},"{""proportion"": 0.5, ""confidence"": [0.09453120573423071, 0.9054687942657693], ""p_value"": 0.4375, ""contingency"": [[1, 1], [230, 12419]]}",{}
142,NC00962.3,MXF-0.25-0.95-0.5,0.0,GARC1,RUS,MXF,gyrB@T214I,U,{},"{""proportion"": 0.0, ""confidence"": [0.0, 0.7934506856227626], ""p_value"": 1.0, ""contingency"": [[0, 1], [230, 12419]]}",{}
143,NC00962.3,MXF-0.25-0.95-0.5,0.0,GARC1,RUS,MXF,gyrB@R523S,U,{},"{""proportion"": 0.0, ""confidence"": [0.0, 0.6576197724933469], ""p_value"": 1.0, ""contingency"": [[0, 2], [230, 12419]]}",{}
144,NC00962.3,MXF-0.25-0.95-0.5,0.0,GARC1,RUS,MXF,gyrA@G158S,U,{},"{""proportion"": 0.0, ""confidence"": [0.0, 0.6576197724933469], ""p_value"": 1.0, ""contingency"": [[0, 2], [230, 12419]]}",{}
145,NC00962.3,MXF-0.25-0.95-0.5,0.0,GARC1,RUS,MXF,gyrB@t-60c,U,{},"{""proportion"": 0.0, ""confidence"": [0.0, 0.7934506856227626], ""p_value"": 1.0, ""contingency"": [[0, 1], [230, 12419]]}",{}
146,NC00962.3,MXF-0.25-0.95-0.5,0.0,GARC1,RUS,MXF,gyrA@Y276H,U,{},"{""proportion"": 0.0, ""confidence"": [0.0, 0.7934506856227626], ""p_value"": 1.0, ""contingency"": [[0, 1], [230, 12419]]}",{}
147,NC00962.3,MXF-0.25-0.95-0.5,0.0,GARC1,RUS,MXF,gyrA@T697A,U,{},"{""proportion"": 0.0, ""confidence"": [0.0, 0.7934506856227626], ""p_value"": 1.0, ""contingency"": [[0, 1], [230, 12419]]}",{}
148,NC00962.3,MXF-0.25-0.95-0.5,0.0,GARC1,RUS,MXF,gyrB@N66S,U,{},"{""proportion"": 0.14285714285714285, ""confidence"": [0.025679624344743555, 0.5131278292743189], ""p_value"": 1.0, ""contingency"": [[1, 6], [230, 12419]]}",{}
149,NC00962.3,MXF-0.25-0.95-0.5,0.0,GARC1,RUS,MXF,gyrB@H560R,U,{},"{""proportion"": 0.0, ""confidence"": [0.0, 0.7934506856227626], ""p_value"": 1.0, ""contingency"": [[0, 1], [230, 12419]]}",{}
150,NC00962.3,MXF-0.25-0.95-0.5,0.0,GARC1,RUS,MXF,gyrA@I462V,U,{},"{""proportion"": 0.0, ""confidence"": [0.0, 0.4898908364545973], ""p_value"": 0.578125, ""contingency"": [[0, 4], [230, 12419]]}",{}
151,NC00962.3,MXF-0.25-0.95-0.5,0.0,GARC1,RUS,MXF,gyrA@A676V,U,{},"{""proportion"": 0.0, ""confidence"": [4.8683609171202235e-17, 0.5614970317550455], ""p_value"": 1.0, ""contingency"": [[0, 3], [230, 12419]]}",{}
152,NC00962.3,MXF-0.25-0.95-0.5,0.0,GARC1,RUS,MXF,gyrB@N499T,U,{},"{""proportion"": 0.25, ""confidence"": [0.07147921275210901, 0.5907245696898311], ""p_value"": 1.0, ""contingency"": [[2, 6], [230, 12419]]}",{}
153,NC00962.3,MXF-0.25-0.95-0.5,0.0,GARC1,RUS,MXF,gyrA@V750A,U,{},"{""proportion"": 0.0, ""confidence"": [0.0, 0.6576197724933469], ""p_value"": 1.0, ""contingency"": [[0, 2], [230, 12419]]}",{}
154,NC00962.3,MXF-0.25-0.95-0.5,0.0,GARC1,RUS,MXF,gyrB@T500N,U,{},"{""proportion"": 0.36363636363636365, ""confidence"": [0.15166471095367573, 0.6461988254921511], ""p_value"": 0.483792781829834, ""contingency"": [[4, 7], [230, 12419]]}",{}
155,NC00962.3,MXF-0.25-0.95-0.5,0.0,GARC1,RUS,MXF,gyrA@R380G,U,{},"{""proportion"": 0.0, ""confidence"": [0.0, 0.6576197724933469], ""p_value"": 1.0, ""contingency"": [[0, 2], [230, 12419]]}",{}
156,NC00962.3,MXF-0.25-0.95-0.5,0.0,GARC1,RUS,MXF,gyrB@E604K,U,{},"{""proportion"": 0.0, ""confidence"": [0.0, 0.7934506856227626], ""p_value"": 1.0, ""contingency"": [[0, 1], [230, 12419]]}",{}
157,NC00962.3,MXF-0.25-0.95-0.5,0.0,GARC1,RUS,MXF,gyrA@E289D,U,{},"{""proportion"": 0.5, ""confidence"": [0.09453120573423071, 0.9054687942657693], ""p_value"": 0.4375, ""contingency"": [[1, 1], [230, 12419]]}",{}
158,NC00962.3,MXF-0.25-0.95-0.5,0.0,GARC1,RUS,MXF,gyrA@E289Q,U,{},"{""proportion"": 0.0, ""confidence"": [0.0, 0.7934506856227626], ""p_value"": 1.0, ""contingency"": [[0, 1], [230, 12419]]}",{}
159,NC00962.3,MXF-0.25-0.95-0.5,0.0,GARC1,RUS,MXF,gyrA@R513C,U,{},"{""proportion"": 0.0, ""confidence"": [0.0, 0.7934506856227626], ""p_value"": 1.0, ""contingency"": [[0, 1], [230, 12419]]}",{}
160,NC00962.3,MXF-0.25-0.95-0.5,0.0,GARC1,RUS,MXF,gyrB@A332V,U,{},"{""proportion"": 0.0, ""confidence"": [0.0, 0.7934506856227626], ""p_value"": 1.0, ""contingency"": [[0, 1], [230, 12419]]}",{}
161,NC00962.3,MXF-0.25-0.95-0.5,0.0,GARC1,RUS,MXF,gyrA@T377I,U,{},"{""proportion"": 0.0, ""confidence"": [0.0, 0.4898908364545973], ""p_value"": 0.578125, ""contingency"": [[0, 4], [230, 12419]]}",{}
162,NC00962.3,MXF-0.25-0.95-0.5,0.0,GARC1,RUS,MXF,gyrB@D461A,U,{},"{""proportion"": 0.0, ""confidence"": [4.8683609171202235e-17, 0.5614970317550455], ""p_value"": 1.0, ""contingency"": [[0, 3], [230, 12419]]}",{}
163,NC00962.3,MXF-0.25-0.95-0.5,0.0,GARC1,RUS,MXF,gyrA@M141T,U,{},"{""proportion"": 0.0, ""confidence"": [0.0, 0.7934506856227626], ""p_value"": 1.0, ""contingency"": [[0, 1], [230, 12419]]}",{}
164,NC00962.3,MXF-0.25-0.95-0.5,0.0,GARC1,RUS,MXF,gyrB@P578A,U,{},"{""proportion"": 0.0, ""confidence"": [4.8683609171202235e-17, 0.5614970317550455], ""p_value"": 1.0, ""contingency"": [[0, 3], [230, 12419]]}",{}
165,NC00962.3,MXF-0.25-0.95-0.5,0.0,GARC1,RUS,MXF,gyrB@D434E,U,{},"{""proportion"": 0.0, ""confidence"": [0.0, 0.6576197724933469], ""p_value"": 1.0, ""contingency"": [[0, 2], [230, 12419]]}",{}
166,NC00962.3,MXF-0.25-0.95-0.5,0.0,GARC1,RUS,MXF,gyrA@A322S,U,{},"{""proportion"": 0.0, ""confidence"": [0.0, 0.7934506856227626], ""p_value"": 1.0, ""contingency"": [[0, 1], [230, 12419]]}",{}
167,NC00962.3,MXF-0.25-0.95-0.5,0.0,GARC1,RUS,MXF,gyrA@I427V,U,{},"{""proportion"": 0.0, ""confidence"": [0.0, 0.7934506856227626], ""p_value"": 1.0, ""contingency"": [[0, 1], [230, 12419]]}",{}
168,NC00962.3,MXF-0.25-0.95-0.5,0.0,GARC1,RUS,MXF,gyrB@E21D,U,{},"{""proportion"": 0.0, ""confidence"": [0.0, 0.7934506856227626], ""p_value"": 1.0, ""contingency"": [[0, 1], [230, 12419]]}",{}
169,NC00962.3,MXF-0.25-0.95-0.5,0.0,GARC1,RUS,MXF,gyrB@A432V,U,{},"{""proportion"": 0.0, ""confidence"": [0.0, 0.7934506856227626], ""p_value"": 1.0, ""contingency"": [[0, 1], [230, 12419]]}",{}
170,NC00962.3,MXF-0.25-0.95-0.5,0.0,GARC1,RUS,MXF,gyrA@D687N,U,{},"{""proportion"": 0.0, ""confidence"": [0.0, 0.7934506856227626], ""p_value"": 1.0, ""contingency"": [[0, 1], [230, 12419]]}",{}
171,NC00962.3,MXF-0.25-0.95-0.5,0.0,GARC1,RUS,MXF,gyrB@K404R,U,{},"{""proportion"": 0.0, ""confidence"": [0.0, 0.7934506856227626], ""p_value"": 1.0, ""contingency"": [[0, 1], [230, 12419]]}",{}
172,NC00962.3,MXF-0.25-0.95-0.5,0.0,GARC1,RUS,MXF,gyrB@T378S,U,{},"{""proportion"": 0.0, ""confidence"": [0.0, 0.4898908364545973], ""p_value"": 0.578125, ""contingency"": [[0, 4], [230, 12419]]}",{}
173,NC00962.3,MXF-0.25-0.95-0.5,0.0,GARC1,RUS,MXF,gyrA@Q290R,U,{},"{""proportion"": 0.0, ""confidence"": [0.0, 0.7934506856227626], ""p_value"": 1.0, ""contingency"": [[0, 1], [230, 12419]]}",{}
174,NC00962.3,MXF-0.25-0.95-0.5,0.0,GARC1,RUS,MXF,gyrA@D641Y,U,{},"{""proportion"": 0.0, ""confidence"": [0.0, 0.7934506856227626], ""p_value"": 1.0, ""contingency"": [[0, 1], [230, 12419]]}",{}
175,NC00962.3,MXF-0.25-0.95-0.5,0.0,GARC1,RUS,MXF,gyrA@L659V,U,{},"{""proportion"": 0.0, ""confidence"": [0.0, 0.2991450484195441], ""p_value"": 0.12401199340820315, ""contingency"": [[0, 9], [230, 12419]]}",{}
176,NC00962.3,MXF-0.25-0.95-0.5,0.0,GARC1,RUS,MXF,gyrA@K319E,U,{},"{""proportion"": 0.0, ""confidence"": [0.0, 0.7934506856227626], ""p_value"": 1.0, ""contingency"": [[0, 1], [230, 12419]]}",{}
177,NC00962.3,MXF-0.25-0.95-0.5,0.0,GARC1,RUS,MXF,gyrB@t-10c,U,{},"{""proportion"": 0.0, ""confidence"": [0.0, 0.7934506856227626], ""p_value"": 1.0, ""contingency"": [[0, 1], [230, 12419]]}",{}
178,NC00962.3,MXF-0.25-0.95-0.5,0.0,GARC1,RUS,MXF,gyrA@D464E,U,{},"{""proportion"": 0.0, ""confidence"": [0.0, 0.7934506856227626], ""p_value"": 1.0, ""contingency"": [[0, 1], [230, 12419]]}",{}
179,NC00962.3,MXF-0.25-0.95-0.5,0.0,GARC1,RUS,MXF,gyrA@Y365H,U,{},"{""proportion"": 0.0, ""confidence"": [0.0, 0.7934506856227626], ""p_value"": 1.0, ""contingency"": [[0, 1], [230, 12419]]}",{}
180,NC00962.3,MXF-0.25-0.95-0.5,0.0,GARC1,RUS,MXF,gyrB@K159M,U,{},"{""proportion"": 0.0, ""confidence"": [0.0, 0.7934506856227626], ""p_value"": 1.0, ""contingency"": [[0, 1], [230, 12419]]}",{}
181,NC00962.3,MXF-0.25-0.95-0.5,0.0,GARC1,RUS,MXF,gyrA@Q475P,U,{},"{""proportion"": 0.0, ""confidence"": [0.0, 0.7934506856227626], ""p_value"": 1.0, ""contingency"": [[0, 1], [230, 12419]]}",{}
182,NC00962.3,MXF-0.25-0.95-0.5,0.0,GARC1,RUS,MXF,gyrB@c-55t,U,{},"{""proportion"": 0.0, ""confidence"": [0.0, 0.7934506856227626], ""p_value"": 1.0, ""contingency"": [[0, 1], [230, 12419]]}",{}
183,NC00962.3,MXF-0.25-0.95-0.5,0.0,GARC1,RUS,MXF,gyrA@E466A,U,{},"{""proportion"": 0.0, ""confidence"": [0.0, 0.7934506856227626], ""p_value"": 1.0, ""contingency"": [[0, 1], [230, 12419]]}",{}
184,NC00962.3,MXF-0.25-0.95-0.5,0.0,GARC1,RUS,MXF,gyrA@D94V,U,{},"{""proportion"": 0.0, ""confidence"": [0.0, 0.7934506856227626], ""p_value"": 1.0, ""contingency"": [[0, 1], [230, 12419]]}",{}
185,NC00962.3,MXF-0.25-0.95-0.5,0.0,GARC1,RUS,MXF,gyrA@P119L,U,{},"{""proportion"": 0.0, ""confidence"": [0.0, 0.7934506856227626], ""p_value"": 1.0, ""contingency"": [[0, 1], [230, 12419]]}",{}
186,NC00962.3,MXF-0.25-0.95-0.5,0.0,GARC1,RUS,MXF,gyrA@G795R,U,{},"{""proportion"": 0.0, ""confidence"": [0.0, 0.7934506856227626], ""p_value"": 1.0, ""contingency"": [[0, 1], [230, 12419]]}",{}
187,NC00962.3,MXF-0.25-0.95-0.5,0.0,GARC1,RUS,MXF,gyrB@g-4a,U,{},"{""proportion"": 0.0, ""confidence"": [0.0, 0.7934506856227626], ""p_value"": 1.0, ""contingency"": [[0, 1], [230, 12419]]}",{}
188,NC00962.3,MXF-0.25-0.95-0.5,0.0,GARC1,RUS,MXF,gyrB@R665C,U,{},"{""proportion"": 0.0, ""confidence"": [0.0, 0.7934506856227626], ""p_value"": 1.0, ""contingency"": [[0, 1], [230, 12419]]}",{}
189,NC00962.3,MXF-0.25-0.95-0.5,0.0,GARC1,RUS,MXF,gyrB@T500I,U,{},"{""proportion"": 0.0, ""confidence"": [0.0, 0.7934506856227626], ""p_value"": 1.0, ""contingency"": [[0, 1], [230, 12419]]}",{}
190,NC00962.3,MXF-0.25-0.95-0.5,0.0,GARC1,RUS,MXF,gyrB@P578S,U,{},"{""proportion"": 1.0, ""confidence"": [0.20654931437723742, 1.0], ""p_value"": 0.25, ""contingency"": [[1, 0], [230, 12419]]}",{}
191,NC00962.3,MXF-0.25-0.95-0.5,0.0,GARC1,RUS,MXF,gyrB@D617Y,U,{},"{""proportion"": 0.0, ""confidence"": [0.0, 0.7934506856227626], ""p_value"": 1.0, ""contingency"": [[0, 1], [230, 12419]]}",{}
192,NC00962.3,MXF-0.25-0.95-0.5,0.0,GARC1,RUS,MXF,gyrB@E379G,U,{},"{""proportion"": 0.0, ""confidence"": [0.0, 0.6576197724933469], ""p_value"": 1.0, ""contingency"": [[0, 2], [230, 12419]]}",{}
193,NC00962.3,MXF-0.25-0.95-0.5,0.0,GARC1,RUS,MXF,gyrA@P17L,U,{},"{""proportion"": 0.0, ""confidence"": [0.0, 0.6576197724933469], ""p_value"": 1.0, ""contingency"": [[0, 2], [230, 12419]]}",{}
194,NC00962.3,MXF-0.25-0.95-0.5,0.0,GARC1,RUS,MXF,gyrA@D211G,U,{},"{""proportion"": 0.0, ""confidence"": [0.0, 0.7934506856227626], ""p_value"": 1.0, ""contingency"": [[0, 1], [230, 12419]]}",{}
195,NC00962.3,MXF-0.25-0.95-0.5,0.0,GARC1,RUS,MXF,gyrA@R489S,U,{},"{""proportion"": 0.0, ""confidence"": [0.0, 0.7934506856227626], ""p_value"": 1.0, ""contingency"": [[0, 1], [230, 12419]]}",{}
196,NC00962.3,MXF-0.25-0.95-0.5,0.0,GARC1,RUS,MXF,gyrA@D367E,U,{},"{""proportion"": 0.0, ""confidence"": [0.0, 0.7934506856227626], ""p_value"": 1.0, ""contingency"": [[0, 1], [230, 12419]]}",{}
197,NC00962.3,MXF-0.25-0.95-0.5,0.0,GARC1,RUS,MXF,gyrB@L156M,U,{},"{""proportion"": 0.0, ""confidence"": [0.0, 0.7934506856227626], ""p_value"": 1.0, ""contingency"": [[0, 1], [230, 12419]]}",{}
198,NC00962.3,MXF-0.25-0.95-0.5,0.0,GARC1,RUS,MXF,gyrA@A126E,U,{},"{""proportion"": 0.0, ""confidence"": [0.0, 0.7934506856227626], ""p_value"": 1.0, ""contingency"": [[0, 1], [230, 12419]]}",{}
199,NC00962.3,MXF-0.25-0.95-0.5,0.0,GARC1,RUS,MXF,gyrA@I554V,U,{},"{""proportion"": 0.0, ""confidence"": [0.0, 0.7934506856227626], ""p_value"": 1.0, ""contingency"": [[0, 1], [230, 12419]]}",{}
200,NC00962.3,MXF-0.25-0.95-0.5,0.0,GARC1,RUS,MXF,gyrB@c-37t,U,{},"{""proportion"": 0.0, ""confidence"": [0.0, 0.7934506856227626], ""p_value"": 1.0, ""contingency"": [[0, 1], [230, 12419]]}",{}
201,NC00962.3,MXF-0.25-0.95-0.5,0.0,GARC1,RUS,MXF,gyrB@E586K,U,{},"{""proportion"": 0.0, ""confidence"": [4.8683609171202235e-17, 0.5614970317550455], ""p_value"": 1.0, ""contingency"": [[0, 3], [230, 12419]]}",{}
202,NC00962.3,MXF-0.25-0.95-0.5,0.0,GARC1,RUS,MXF,gyrA@V327L,U,{},"{""proportion"": 0.0, ""confidence"": [0.0, 0.7934506856227626], ""p_value"": 1.0, ""contingency"": [[0, 1], [230, 12419]]}",{}
203,NC00962.3,MXF-0.25-0.95-0.5,0.0,GARC1,RUS,MXF,gyrA@T563S,U,{},"{""proportion"": 0.0, ""confidence"": [0.0, 0.7934506856227626], ""p_value"": 1.0, ""contingency"": [[0, 1], [230, 12419]]}",{}
204,NC00962.3,MXF-0.25-0.95-0.5,0.0,GARC1,RUS,MXF,gyrB@P243S,U,{},"{""proportion"": 1.0, ""confidence"": [0.20654931437723742, 1.0], ""p_value"": 0.25, ""contingency"": [[1, 0], [230, 12419]]}",{}
205,NC00962.3,MXF-0.25-0.95-0.5,0.0,GARC1,RUS,MXF,gyrA@D209G,U,{},"{""proportion"": 0.0, ""confidence"": [0.0, 0.7934506856227626], ""p_value"": 1.0, ""contingency"": [[0, 1], [230, 12419]]}",{}
206,NC00962.3,MXF-0.25-0.95-0.5,0.0,GARC1,RUS,MXF,gyrB@S447Y,U,{},"{""proportion"": 0.75, ""confidence"": [0.3006418425824019, 0.9544127391902995], ""p_value"": 0.05078125, ""contingency"": [[3, 1], [230, 12419]]}",{}
207,NC00962.3,MXF-0.25-0.95-0.5,0.0,GARC1,RUS,MXF,gyrB@D518G,U,{},"{""proportion"": 0.0, ""confidence"": [0.0, 0.6576197724933469], ""p_value"": 1.0, ""contingency"": [[0, 2], [230, 12419]]}",{}
208,NC00962.3,MXF-0.25-0.95-0.5,0.0,GARC1,RUS,MXF,gyrA@K636N,U,{},"{""proportion"": 0.0, ""confidence"": [0.0, 0.7934506856227626], ""p_value"": 1.0, ""contingency"": [[0, 1], [230, 12419]]}",{}
209,NC00962.3,MXF-0.25-0.95-0.5,0.0,GARC1,RUS,MXF,gyrA@T735S,U,{},"{""proportion"": 0.0, ""confidence"": [0.0, 0.6576197724933469], ""p_value"": 1.0, ""contingency"": [[0, 2], [230, 12419]]}",{}
210,NC00962.3,MXF-0.25-0.95-0.5,0.0,GARC1,RUS,MXF,gyrA@V596M,U,{},"{""proportion"": 1.0, ""confidence"": [0.20654931437723742, 1.0], ""p_value"": 0.25, ""contingency"": [[1, 0], [230, 12419]]}",{}
211,NC00962.3,MXF-0.25-0.95-0.5,0.0,GARC1,RUS,MXF,gyrB@D334G,U,{},"{""proportion"": 0.5, ""confidence"": [0.09453120573423071, 0.9054687942657693], ""p_value"": 0.4375, ""contingency"": [[1, 1], [230, 12419]]}",{}
212,NC00962.3,MXF-0.25-0.95-0.5,0.0,GARC1,RUS,MXF,gyrA@A814T,U,{},"{""proportion"": 0.0, ""confidence"": [0.0, 0.7934506856227626], ""p_value"": 1.0, ""contingency"": [[0, 1], [230, 12419]]}",{}
213,NC00962.3,MXF-0.25-0.95-0.5,0.0,GARC1,RUS,MXF,gyrA@K333N,U,{},"{""proportion"": 0.0, ""confidence"": [0.0, 0.7934506856227626], ""p_value"": 1.0, ""contingency"": [[0, 1], [230, 12419]]}",{}
214,NC00962.3,MXF-0.25-0.95-0.5,0.0,GARC1,RUS,MXF,gyrB@E501G,U,{},"{""proportion"": 0.0, ""confidence"": [0.0, 0.7934506856227626], ""p_value"": 1.0, ""contingency"": [[0, 1], [230, 12419]]}",{}
215,NC00962.3,MXF-0.25-0.95-0.5,0.0,GARC1,RUS,MXF,gyrA@S62F,U,{},"{""proportion"": 0.0, ""confidence"": [0.0, 0.6576197724933469], ""p_value"": 1.0, ""contingency"": [[0, 2], [230, 12419]]}",{}
216,NC00962.3,MXF-0.25-0.95-0.5,0.0,GARC1,RUS,MXF,gyrA@D211E,U,{},"{""proportion"": 0.0, ""confidence"": [0.0, 0.6576197724933469], ""p_value"": 1.0, ""contingency"": [[0, 2], [230, 12419]]}",{}
217,NC00962.3,MXF-0.25-0.95-0.5,0.0,GARC1,RUS,MXF,gyrA@T590A,U,{},"{""proportion"": 0.0, ""confidence"": [0.0, 0.7934506856227626], ""p_value"": 1.0, ""contingency"": [[0, 1], [230, 12419]]}",{}
218,NC00962.3,MXF-0.25-0.95-0.5,0.0,GARC1,RUS,MXF,gyrB@N558D,U,{},"{""proportion"": 0.0, ""confidence"": [0.0, 0.7934506856227626], ""p_value"": 1.0, ""contingency"": [[0, 1], [230, 12419]]}",{}
219,NC00962.3,MXF-0.25-0.95-0.5,0.0,GARC1,RUS,MXF,gyrA@D509N,U,{},"{""proportion"": 0.0, ""confidence"": [0.0, 0.7934506856227626], ""p_value"": 1.0, ""contingency"": [[0, 1], [230, 12419]]}",{}
220,NC00962.3,MXF-0.25-0.95-0.5,0.0,GARC1,RUS,MXF,gyrB@I435V,U,{},"{""proportion"": 0.0, ""confidence"": [0.0, 0.7934506856227626], ""p_value"": 1.0, ""contingency"": [[0, 1], [230, 12419]]}",{}
221,NC00962.3,MXF-0.25-0.95-0.5,0.0,GARC1,RUS,MXF,gyrA@M141I,U,{},"{""proportion"": 0.0, ""confidence"": [0.0, 0.7934506856227626], ""p_value"": 1.0, ""contingency"": [[0, 1], [230, 12419]]}",{}
222,NC00962.3,MXF-0.25-0.95-0.5,0.0,GARC1,RUS,MXF,gyrB@R553G,U,{},"{""proportion"": 1.0, ""confidence"": [0.20654931437723742, 1.0], ""p_value"": 0.25, ""contingency"": [[1, 0], [230, 12419]]}",{}
223,NC00962.3,MXF-0.25-0.95-0.5,0.0,GARC1,RUS,MXF,gyrA@A626V,U,{},"{""proportion"": 0.0, ""confidence"": [0.0, 0.6576197724933469], ""p_value"": 1.0, ""contingency"": [[0, 2], [230, 12419]]}",{}
224,NC00962.3,MXF-0.25-0.95-0.5,0.0,GARC1,RUS,MXF,gyrA@A406V,U,{},"{""proportion"": 0.0, ""confidence"": [0.0, 0.7934506856227626], ""p_value"": 1.0, ""contingency"": [[0, 1], [230, 12419]]}",{}
225,NC00962.3,MXF-0.25-0.95-0.5,0.0,GARC1,RUS,MXF,gyrB@D342E,U,{},"{""proportion"": 0.0, ""confidence"": [0.0, 0.6576197724933469], ""p_value"": 1.0, ""contingency"": [[0, 2], [230, 12419]]}",{}
226,NC00962.3,MXF-0.25-0.95-0.5,0.0,GARC1,RUS,MXF,gyrA@E429A,U,{},"{""proportion"": 0.0, ""confidence"": [0.0, 0.7934506856227626], ""p_value"": 1.0, ""contingency"": [[0, 1], [230, 12419]]}",{}
227,NC00962.3,MXF-0.25-0.95-0.5,0.0,GARC1,RUS,MXF,gyrA@F683V,U,{},"{""proportion"": 0.0, ""confidence"": [0.0, 0.7934506856227626], ""p_value"": 1.0, ""contingency"": [[0, 1], [230, 12419]]}",{}
228,NC00962.3,MXF-0.25-0.95-0.5,0.0,GARC1,RUS,MXF,gyrB@I556V,U,{},"{""proportion"": 0.0, ""confidence"": [0.0, 0.7934506856227626], ""p_value"": 1.0, ""contingency"": [[0, 1], [230, 12419]]}",{}
229,NC00962.3,MXF-0.25-0.95-0.5,0.0,GARC1,RUS,MXF,gyrB@L555V,U,{},"{""proportion"": 0.0, ""confidence"": [0.0, 0.7934506856227626], ""p_value"": 1.0, ""contingency"": [[0, 1], [230, 12419]]}",{}
230,NC00962.3,MXF-0.25-0.95-0.5,0.0,GARC1,RUS,MXF,gyrB@V670F,U,{},"{""proportion"": 0.0, ""confidence"": [4.8683609171202235e-17, 0.5614970317550455], ""p_value"": 1.0, ""contingency"": [[0, 3], [230, 12419]]}",{}
231,NC00962.3,MXF-0.25-0.95-0.5,0.0,GARC1,RUS,MXF,gyrA@A696T,U,{},"{""proportion"": 0.0, ""confidence"": [0.0, 0.7934506856227626], ""p_value"": 1.0, ""contingency"": [[0, 1], [230, 12419]]}",{}
232,NC00962.3,MXF-0.25-0.95-0.5,0.0,GARC1,RUS,MXF,gyrA@R26C,U,{},"{""proportion"": 0.0, ""confidence"": [0.0, 0.7934506856227626], ""p_value"": 1.0, ""contingency"": [[0, 1], [230, 12419]]}",{}
233,NC00962.3,MXF-0.25-0.95-0.5,0.0,GARC1,RUS,MXF,gyrB@Q565H,U,{},"{""proportion"": 0.0, ""confidence"": [0.0, 0.7934506856227626], ""p_value"": 1.0, ""contingency"": [[0, 1], [230, 12419]]}",{}
234,NC00962.3,MXF-0.25-0.95-0.5,0.0,GARC1,RUS,MXF,gyrB@g-66t,U,{},"{""proportion"": 0.0, ""confidence"": [0.0, 0.7934506856227626], ""p_value"": 1.0, ""contingency"": [[0, 1], [230, 12419]]}",{}
235,NC00962.3,MXF-0.25-0.95-0.5,0.0,GARC1,RUS,MXF,gyrB@D220E,U,{},"{""proportion"": 0.0, ""confidence"": [0.0, 0.7934506856227626], ""p_value"": 1.0, ""contingency"": [[0, 1], [230, 12419]]}",{}
236,NC00962.3,MXF-0.25-0.95-0.5,0.0,GARC1,RUS,MXF,gyrA@A512T,U,{},"{""proportion"": 0.0, ""confidence"": [0.0, 0.7934506856227626], ""p_value"": 1.0, ""contingency"": [[0, 1], [230, 12419]]}",{}
237,NC00962.3,MXF-0.25-0.95-0.5,0.0,GARC1,RUS,MXF,gyrB@P163L,U,{},"{""proportion"": 0.0, ""confidence"": [0.0, 0.6576197724933469], ""p_value"": 1.0, ""contingency"": [[0, 2], [230, 12419]]}",{}
238,NC00962.3,MXF-0.25-0.95-0.5,0.0,GARC1,RUS,MXF,gyrA@V544L,U,{},"{""proportion"": 0.0, ""confidence"": [0.0, 0.6576197724933469], ""p_value"": 1.0, ""contingency"": [[0, 2], [230, 12419]]}",{}
239,NC00962.3,MXF-0.25-0.95-0.5,0.0,GARC1,RUS,MXF,gyrA@A736T,U,{},"{""proportion"": 0.5, ""confidence"": [0.09453120573423071, 0.9054687942657693], ""p_value"": 0.4375, ""contingency"": [[1, 1], [230, 12419]]}",{}
240,NC00962.3,MXF-0.25-0.95-0.5,0.0,GARC1,RUS,MXF,gyrA@I348V,U,{},"{""proportion"": 0.0, ""confidence"": [0.0, 0.7934506856227626], ""p_value"": 1.0, ""contingency"": [[0, 1], [230, 12419]]}",{}
241,NC00962.3,MXF-0.25-0.95-0.5,0.0,GARC1,RUS,MXF,gyrA@E739Q,U,{},"{""proportion"": 1.0, ""confidence"": [0.20654931437723742, 1.0], ""p_value"": 0.25, ""contingency"": [[1, 0], [230, 12419]]}",{}
242,NC00962.3,MXF-0.25-0.95-0.5,0.0,GARC1,RUS,MXF,gyrA@R65H,U,{},"{""proportion"": 0.0, ""confidence"": [0.0, 0.7934506856227626], ""p_value"": 1.0, ""contingency"": [[0, 1], [230, 12419]]}",{}
243,NC00962.3,MXF-0.25-0.95-0.5,0.0,GARC1,RUS,MXF,gyrA@A736V,U,{},"{""proportion"": 0.0, ""confidence"": [4.8683609171202235e-17, 0.5614970317550455], ""p_value"": 1.0, ""contingency"": [[0, 3], [230, 12419]]}",{}
244,NC00962.3,MXF-0.25-0.95-0.5,0.0,GARC1,RUS,MXF,gyrA@K224E,U,{},"{""proportion"": 0.0, ""confidence"": [0.0, 0.7934506856227626], ""p_value"": 1.0, ""contingency"": [[0, 1], [230, 12419]]}",{}
245,NC00962.3,MXF-0.25-0.95-0.5,0.0,GARC1,RUS,MXF,gyrA@A512G,U,{},"{""proportion"": 0.0, ""confidence"": [0.0, 0.7934506856227626], ""p_value"": 1.0, ""contingency"": [[0, 1], [230, 12419]]}",{}
246,NC00962.3,MXF-0.25-0.95-0.5,0.0,GARC1,RUS,MXF,gyrB@L673P,U,{},"{""proportion"": 0.0, ""confidence"": [0.0, 0.7934506856227626], ""p_value"": 1.0, ""contingency"": [[0, 1], [230, 12419]]}",{}
247,NC00962.3,MXF-0.25-0.95-0.5,0.0,GARC1,RUS,MXF,gyrA@A90E,U,{},"{""proportion"": 0.0, ""confidence"": [0.0, 0.7934506856227626], ""p_value"": 1.0, ""contingency"": [[0, 1], [230, 12419]]}",{}
248,NC00962.3,MXF-0.25-0.95-0.5,0.0,GARC1,RUS,MXF,gyrA@Q336K,U,{},"{""proportion"": 0.0, ""confidence"": [0.0, 0.7934506856227626], ""p_value"": 1.0, ""contingency"": [[0, 1], [230, 12419]]}",{}
249,NC00962.3,MXF-0.25-0.95-0.5,0.0,GARC1,RUS,MXF,gyrA@N831K,U,{},"{""proportion"": 0.0, ""confidence"": [0.0, 0.7934506856227626], ""p_value"": 1.0, ""contingency"": [[0, 1], [230, 12419]]}",{}
250,NC00962.3,MXF-0.25-0.95-0.5,0.0,GARC1,RUS,MXF,gyrB@T250S,U,{},"{""proportion"": 0.0, ""confidence"": [4.8683609171202235e-17, 0.5614970317550455], ""p_value"": 1.0, ""contingency"": [[0, 3], [230, 12419]]}",{}
251,NC00962.3,MXF-0.25-0.95-0.5,0.0,GARC1,RUS,MXF,gyrA@V651I,U,{},"{""proportion"": 0.0, ""confidence"": [0.0, 0.7934506856227626], ""p_value"": 1.0, ""contingency"": [[0, 1], [230, 12419]]}",{}
252,NC00962.3,MXF-0.25-0.95-0.5,0.0,GARC1,RUS,MXF,gyrA@H490N,U,{},"{""proportion"": 0.0, ""confidence"": [0.0, 0.7934506856227626], ""p_value"": 1.0, ""contingency"": [[0, 1], [230, 12419]]}",{}
253,NC00962.3,MXF-0.25-0.95-0.5,0.0,GARC1,RUS,MXF,gyrA@P275A,U,{},"{""proportion"": 0.0, ""confidence"": [0.0, 0.7934506856227626], ""p_value"": 1.0, ""contingency"": [[0, 1], [230, 12419]]}",{}
254,NC00962.3,MXF-0.25-0.95-0.5,0.0,GARC1,RUS,MXF,gyrB@c-89a,U,{},"{""proportion"": 0.0, ""confidence"": [0.0, 0.7934506856227626], ""p_value"": 1.0, ""contingency"": [[0, 1], [230, 12419]]}",{}
255,NC00962.3,MXF-0.25-0.95-0.5,0.0,GARC1,RUS,MXF,gyrA@G823S,U,{},"{""proportion"": 0.0, ""confidence"": [0.0, 0.7934506856227626], ""p_value"": 1.0, ""contingency"": [[0, 1], [230, 12419]]}",{}
256,NC00962.3,MXF-0.25-0.95-0.5,0.0,GARC1,RUS,MXF,gyrA@A445V,U,{},"{""proportion"": 0.0, ""confidence"": [0.0, 0.6576197724933469], ""p_value"": 1.0, ""contingency"": [[0, 2], [230, 12419]]}",{}
257,NC00962.3,MXF-0.25-0.95-0.5,0.0,GARC1,RUS,MXF,gyrA@H389P,U,{},"{""proportion"": 0.0, ""confidence"": [0.0, 0.7934506856227626], ""p_value"": 1.0, ""contingency"": [[0, 1], [230, 12419]]}",{}
258,NC00962.3,MXF-0.25-0.95-0.5,0.0,GARC1,RUS,MXF,gyrB@D461H,U,{},"{""proportion"": 0.5, ""confidence"": [0.09453120573423071, 0.9054687942657693], ""p_value"": 0.4375, ""contingency"": [[1, 1], [230, 12419]]}",{}
259,NC00962.3,MXF-0.25-0.95-0.5,0.0,GARC1,RUS,MXF,gyrB@L455V,U,{},"{""proportion"": 0.0, ""confidence"": [0.0, 0.7934506856227626], ""p_value"": 1.0, ""contingency"": [[0, 1], [230, 12419]]}",{}
260,NC00962.3,MXF-0.25-0.95-0.5,0.0,GARC1,RUS,MXF,gyrB@-85_del_g,U,{},"{""proportion"": 0.0, ""confidence"": [0.0, 0.7934506856227626], ""p_value"": 1.0, ""contingency"": [[0, 1], [230, 12419]]}",{}
261,NC00962.3,MXF-0.25-0.95-0.5,0.0,GARC1,RUS,MXF,gyrB@G594R,U,{},"{""proportion"": 0.0, ""confidence"": [0.0, 0.7934506856227626], ""p_value"": 1.0, ""contingency"": [[0, 1], [230, 12419]]}",{}
262,NC00962.3,MXF-0.25-0.95-0.5,0.0,GARC1,RUS,MXF,gyrA@A288V,U,{},"{""proportion"": 0.0, ""confidence"": [3.384324554477539e-17, 0.39033428790216534], ""p_value"": 0.347412109375, ""contingency"": [[0, 6], [230, 12419]]}",{}
263,NC00962.3,MXF-0.25-0.95-0.5,0.0,GARC1,RUS,MXF,gyrA@R474W,U,{},"{""proportion"": 0.0, ""confidence"": [0.0, 0.7934506856227626], ""p_value"": 1.0, ""contingency"": [[0, 1], [230, 12419]]}",{}
264,NC00962.3,MXF-0.25-0.95-0.5,0.0,GARC1,RUS,MXF,gyrA@A788V,U,{},"{""proportion"": 0.0, ""confidence"": [0.0, 0.7934506856227626], ""p_value"": 1.0, ""contingency"": [[0, 1], [230, 12419]]}",{}
265,NC00962.3,MXF-0.25-0.95-0.5,0.0,GARC1,RUS,MXF,gyrB@R335C,U,{},"{""proportion"": 0.0, ""confidence"": [0.0, 0.7934506856227626], ""p_value"": 1.0, ""contingency"": [[0, 1], [230, 12419]]}",{}
266,NC00962.3,MXF-0.25-0.95-0.5,0.0,GARC1,RUS,MXF,gyrA@A74S,U,{},"{""proportion"": 0.5, ""confidence"": [0.09453120573423071, 0.9054687942657693], ""p_value"": 0.4375, ""contingency"": [[1, 1], [230, 12419]]}",{}
267,NC00962.3,MXF-0.25-0.95-0.5,0.0,GARC1,RUS,MXF,gyrA@A501V,U,{},"{""proportion"": 0.0, ""confidence"": [0.0, 0.7934506856227626], ""p_value"": 1.0, ""contingency"": [[0, 1], [230, 12419]]}",{}
268,NC00962.3,MXF-0.25-0.95-0.5,0.0,GARC1,RUS,MXF,gyrA@D481G,U,{},"{""proportion"": 0.0, ""confidence"": [0.0, 0.7934506856227626], ""p_value"": 1.0, ""contingency"": [[0, 1], [230, 12419]]}",{}
269,NC00962.3,MXF-0.25-0.95-0.5,0.0,GARC1,RUS,MXF,gyrB@V226A,U,{},"{""proportion"": 0.0, ""confidence"": [0.0, 0.7934506856227626], ""p_value"": 1.0, ""contingency"": [[0, 1], [230, 12419]]}",{}
270,NC00962.3,MXF-0.25-0.95-0.5,0.0,GARC1,RUS,MXF,gyrA@D242N,U,{},"{""proportion"": 0.0, ""confidence"": [0.0, 0.7934506856227626], ""p_value"": 1.0, ""contingency"": [[0, 1], [230, 12419]]}",{}
271,NC00962.3,MXF-0.25-0.95-0.5,0.0,GARC1,RUS,MXF,gyrA@K319N,U,{},"{""proportion"": 0.0, ""confidence"": [0.0, 0.6576197724933469], ""p_value"": 1.0, ""contingency"": [[0, 2], [230, 12419]]}",{}
272,NC00962.3,MXF-0.25-0.95-0.5,0.0,GARC1,RUS,MXF,gyrB@G203E,U,{},"{""proportion"": 0.0, ""confidence"": [0.0, 0.7934506856227626], ""p_value"": 1.0, ""contingency"": [[0, 1], [230, 12419]]}",{}
273,NC00962.3,MXF-0.25-0.95-0.5,0.0,GARC1,RUS,MXF,gyrA@N818D,U,{},"{""proportion"": 0.0, ""confidence"": [0.0, 0.43448246478317476], ""p_value"": 0.34082031250000006, ""contingency"": [[0, 5], [230, 12419]]}",{}
274,NC00962.3,MXF-0.25-0.95-0.5,0.0,GARC1,RUS,MXF,gyrB@G470A,U,{},"{""proportion"": 0.0, ""confidence"": [0.0, 0.7934506856227626], ""p_value"": 1.0, ""contingency"": [[0, 1], [230, 12419]]}",{}
275,NC00962.3,MXF-0.25-0.95-0.5,0.0,GARC1,RUS,MXF,gyrB@A78G,U,{},"{""proportion"": 0.0, ""confidence"": [0.0, 0.7934506856227626], ""p_value"": 1.0, ""contingency"": [[0, 1], [230, 12419]]}",{}
276,NC00962.3,MXF-0.25-0.95-0.5,0.0,GARC1,RUS,MXF,gyrA@D639A,U,{},"{""proportion"": 0.0, ""confidence"": [0.0, 0.4898908364545973], ""p_value"": 0.578125, ""contingency"": [[0, 4], [230, 12419]]}",{}
277,NC00962.3,MXF-0.25-0.95-0.5,0.0,GARC1,RUS,MXF,gyrB@E299Q,U,{},"{""proportion"": 0.0, ""confidence"": [0.0, 0.6576197724933469], ""p_value"": 1.0, ""contingency"": [[0, 2], [230, 12419]]}",{}
278,NC00962.3,MXF-0.25-0.95-0.5,0.0,GARC1,RUS,MXF,gyrA@A186T,U,{},"{""proportion"": 0.0, ""confidence"": [0.0, 0.7934506856227626], ""p_value"": 1.0, ""contingency"": [[0, 1], [230, 12419]]}",{}
279,NC00962.3,MXF-0.25-0.95-0.5,0.0,GARC1,RUS,MXF,gyrB@N207D,U,{},"{""proportion"": 0.0, ""confidence"": [0.0, 0.6576197724933469], ""p_value"": 1.0, ""contingency"": [[0, 2], [230, 12419]]}",{}
280,NC00962.3,MXF-0.25-0.95-0.5,0.0,GARC1,RUS,MXF,gyrB@K526Q,U,{},"{""proportion"": 0.0, ""confidence"": [0.0, 0.32440756488388023], ""p_value"": 0.21392822265625003, ""contingency"": [[0, 8], [230, 12419]]}",{}
281,NC00962.3,MXF-0.25-0.95-0.5,0.0,GARC1,RUS,MXF,gyrB@I19L,U,{},"{""proportion"": 0.0, ""confidence"": [0.0, 0.7934506856227626], ""p_value"": 1.0, ""contingency"": [[0, 1], [230, 12419]]}",{}
282,NC00962.3,MXF-0.25-0.95-0.5,0.0,GARC1,RUS,MXF,gyrA@R480C,U,{},"{""proportion"": 0.0, ""confidence"": [0.0, 0.7934506856227626], ""p_value"": 1.0, ""contingency"": [[0, 1], [230, 12419]]}",{}
283,NC00962.3,MXF-0.25-0.95-0.5,0.0,GARC1,RUS,MXF,gyrA@T272I,U,{},"{""proportion"": 0.0, ""confidence"": [0.0, 0.43448246478317476], ""p_value"": 0.34082031250000006, ""contingency"": [[0, 5], [230, 12419]]}",{}
284,NC00962.3,MXF-0.25-0.95-0.5,0.0,GARC1,RUS,MXF,gyrB@a-9g,U,{},"{""proportion"": 0.0, ""confidence"": [0.0, 0.7934506856227626], ""p_value"": 1.0, ""contingency"": [[0, 1], [230, 12419]]}",{}
285,NC00962.3,MXF-0.25-0.95-0.5,0.0,GARC1,RUS,MXF,gyrA@D583E,U,{},"{""proportion"": 0.0, ""confidence"": [0.0, 0.7934506856227626], ""p_value"": 1.0, ""contingency"": [[0, 1], [230, 12419]]}",{}
286,NC00962.3,MXF-0.25-0.95-0.5,0.0,GARC1,RUS,MXF,gyrA@g-25a,U,{},"{""proportion"": 0.0, ""confidence"": [0.0, 0.6576197724933469], ""p_value"": 1.0, ""contingency"": [[0, 2], [230, 12419]]}",{}
287,NC00962.3,MXF-0.25-0.95-0.5,0.0,GARC1,RUS,MXF,gyrA@R489K,U,{},"{""proportion"": 0.0, ""confidence"": [0.0, 0.7934506856227626], ""p_value"": 1.0, ""contingency"": [[0, 1], [230, 12419]]}",{}
288,NC00962.3,MXF-0.25-0.95-0.5,0.0,GARC1,RUS,MXF,gyrA@D639G,U,{},"{""proportion"": 0.0, ""confidence"": [0.0, 0.7934506856227626], ""p_value"": 1.0, ""contingency"": [[0, 1], [230, 12419]]}",{}
289,NC00962.3,MXF-0.25-0.95-0.5,0.0,GARC1,RUS,MXF,gyrB@N499K,U,{},"{""proportion"": 1.0, ""confidence"": [0.3423802275066531, 1.0], ""p_value"": 0.0625, ""contingency"": [[2, 0], [230, 12419]]}",{}
291,NC00962.3,MXF-0.25-0.95-0.5,0.0,GARC1,RUS,MXF,gyrA@L105R,U,{},"{""proportion"": 1.0, ""confidence"": [0.20654931437723742, 1.0], ""p_value"": 0.25, ""contingency"": [[1, 0], [230, 12419]]}",{}
292,NC00962.3,MXF-0.25-0.95-0.5,0.0,GARC1,RUS,MXF,gyrA@Y722C,U,{},"{""proportion"": 0.0, ""confidence"": [0.0, 0.6576197724933469], ""p_value"": 1.0, ""contingency"": [[0, 2], [230, 12419]]}",{}
293,NC00962.3,MXF-0.25-0.95-0.5,0.0,GARC1,RUS,MXF,gyrB@D494G,U,{},"{""proportion"": 0.0, ""confidence"": [0.0, 0.7934506856227626], ""p_value"": 1.0, ""contingency"": [[0, 1], [230, 12419]]}",{}
294,NC00962.3,MXF-0.25-0.95-0.5,0.0,GARC1,RUS,MXF,gyrA@A406T,U,{},"{""proportion"": 0.0, ""confidence"": [0.0, 0.7934506856227626], ""p_value"": 1.0, ""contingency"": [[0, 1], [230, 12419]]}",{}
295,NC00962.3,MXF-0.25-0.95-0.5,0.0,GARC1,RUS,MXF,gyrA@F228L,U,{},"{""proportion"": 0.0, ""confidence"": [0.0, 0.7934506856227626], ""p_value"": 1.0, ""contingency"": [[0, 1], [230, 12419]]}",{}
296,NC00962.3,MXF-0.25-0.95-0.5,0.0,GARC1,RUS,MXF,gyrA@A347V,U,{},"{""proportion"": 0.0, ""confidence"": [0.0, 0.7934506856227626], ""p_value"": 1.0, ""contingency"": [[0, 1], [230, 12419]]}",{}
297,NC00962.3,MXF-0.25-0.95-0.5,0.0,GARC1,RUS,MXF,gyrA@M99I,U,{},"{""proportion"": 0.0, ""confidence"": [0.0, 0.7934506856227626], ""p_value"": 1.0, ""contingency"": [[0, 1], [230, 12419]]}",{}
298,NC00962.3,MXF-0.25-0.95-0.5,0.0,GARC1,RUS,MXF,gyrB@F549L,U,{},"{""proportion"": 0.0, ""confidence"": [0.0, 0.7934506856227626], ""p_value"": 1.0, ""contingency"": [[0, 1], [230, 12419]]}",{}
299,NC00962.3,MXF-0.25-0.95-0.5,0.0,GARC1,RUS,MXF,gyrA@H334Y,U,{},"{""proportion"": 0.0, ""confidence"": [0.0, 0.7934506856227626], ""p_value"": 1.0, ""contingency"": [[0, 1], [230, 12419]]}",{}
300,NC00962.3,MXF-0.25-0.95-0.5,0.0,GARC1,RUS,MXF,gyrA@I452T,U,{},"{""proportion"": 0.0, ""confidence"": [0.0, 0.7934506856227626], ""p_value"": 1.0, ""contingency"": [[0, 1], [230, 12419]]}",{}
301,NC00962.3,MXF-0.25-0.95-0.5,0.0,GARC1,RUS,MXF,gyrB@K526N,U,{},"{""proportion"": 0.0, ""confidence"": [0.0, 0.7934506856227626], ""p_value"": 1.0, ""contingency"": [[0, 1], [230, 12419]]}",{}
302,NC00962.3,MXF-0.25-0.95-0.5,0.0,GARC1,RUS,MXF,gyrA@P50R,U,{},"{""proportion"": 0.0, ""confidence"": [0.0, 0.7934506856227626], ""p_value"": 1.0, ""contingency"": [[0, 1], [230, 12419]]}",{}
303,NC00962.3,MXF-0.25-0.95-0.5,0.0,GARC1,RUS,MXF,gyrA@I153M,U,{},"{""proportion"": 0.0, ""confidence"": [0.0, 0.7934506856227626], ""p_value"": 1.0, ""contingency"": [[0, 1], [230, 12419]]}",{}
304,NC00962.3,MXF-0.25-0.95-0.5,0.0,GARC1,RUS,MXF,gyrA@V505I,U,{},"{""proportion"": 0.0, ""confidence"": [0.0, 0.7934506856227626], ""p_value"": 1.0, ""contingency"": [[0, 1], [230, 12419]]}",{}
305,NC00962.3,MXF-0.25-0.95-0.5,0.0,GARC1,RUS,MXF,gyrA@E508A,U,{},"{""proportion"": 0.0, ""confidence"": [0.0, 0.7934506856227626], ""p_value"": 1.0, ""contingency"": [[0, 1], [230, 12419]]}",{}
306,NC00962.3,MXF-0.25-0.95-0.5,0.0,GARC1,RUS,MXF,gyrB@I527V,U,{},"{""proportion"": 0.0, ""confidence"": [0.0, 0.7934506856227626], ""p_value"": 1.0, ""contingency"": [[0, 1], [230, 12419]]}",{}
307,NC00962.3,MXF-0.25-0.95-0.5,0.0,GARC1,RUS,MXF,gyrA@V674I,U,{},"{""proportion"": 0.0, ""confidence"": [0.0, 0.7934506856227626], ""p_value"": 1.0, ""contingency"": [[0, 1], [230, 12419]]}",{}
308,NC00962.3,MXF-0.25-0.95-0.5,0.0,GARC1,RUS,MXF,gyrA@K636T,U,{},"{""proportion"": 0.0, ""confidence"": [0.0, 0.7934506856227626], ""p_value"": 1.0, ""contingency"": [[0, 1], [230, 12419]]}",{}
309,NC00962.3,MXF-0.25-0.95-0.5,0.0,GARC1,RUS,MXF,gyrB@A423V,U,{},"{""proportion"": 0.0, ""confidence"": [0.0, 0.6576197724933469], ""p_value"": 1.0, ""contingency"": [[0, 2], [230, 12419]]}",{}
310,NC00962.3,MXF-0.25-0.95-0.5,0.0,GARC1,RUS,MXF,gyrB@L509P,U,{},"{""proportion"": 1.0, ""confidence"": [0.20654931437723742, 1.0], ""p_value"": 0.25, ""contingency"": [[1, 0], [230, 12419]]}",{}
311,NC00962.3,MXF-0.25-0.95-0.5,0.0,GARC1,RUS,MXF,gyrB@R451H,U,{},"{""proportion"": 0.0, ""confidence"": [0.0, 0.7934506856227626], ""p_value"": 1.0, ""contingency"": [[0, 1], [230, 12419]]}",{}
312,NC00962.3,MXF-0.25-0.95-0.5,0.0,GARC1,RUS,MXF,gyrA@H490R,U,{},"{""proportion"": 1.0, ""confidence"": [0.20654931437723742, 1.0], ""p_value"": 0.25, ""contingency"": [[1, 0], [230, 12419]]}",{}
313,NC00962.3,MXF-0.25-0.95-0.5,0.0,GARC1,RUS,MXF,gyrA@A322E,U,{},"{""proportion"": 0.0, ""confidence"": [0.0, 0.6576197724933469], ""p_value"": 1.0, ""contingency"": [[0, 2], [230, 12419]]}",{}
314,NC00962.3,MXF-0.25-0.95-0.5,0.0,GARC1,RUS,MXF,gyrB@S274T,U,{},"{""proportion"": 0.0, ""confidence"": [0.0, 0.6576197724933469], ""p_value"": 1.0, ""contingency"": [[0, 2], [230, 12419]]}",{}
315,NC00962.3,MXF-0.25-0.95-0.5,0.0,GARC1,RUS,MXF,gyrA@V223I,U,{},"{""proportion"": 0.0, ""confidence"": [4.8683609171202235e-17, 0.5614970317550455], ""p_value"": 1.0, ""contingency"": [[0, 3], [230, 12419]]}",{}
316,NC00962.3,MXF-0.25-0.95-0.5,0.0,GARC1,RUS,MXF,gyrA@T638I,U,{},"{""proportion"": 0.0, ""confidence"": [0.0, 0.43448246478317476], ""p_value"": 0.34082031250000006, ""contingency"": [[0, 5], [230, 12419]]}",{}
317,NC00962.3,MXF-0.25-0.95-0.5,0.0,GARC1,RUS,MXF,gyrA@G548R,U,{},"{""proportion"": 0.0, ""confidence"": [0.0, 0.7934506856227626], ""p_value"": 1.0, ""contingency"": [[0, 1], [230, 12419]]}",{}
318,NC00962.3,MXF-0.25-0.95-0.5,0.0,GARC1,RUS,MXF,gyrA@A689V,U,{},"{""proportion"": 1.0, ""confidence"": [0.20654931437723742, 1.0], ""p_value"": 0.25, ""contingency"": [[1, 0], [230, 12419]]}",{}
319,NC00962.3,MXF-0.25-0.95-0.5,0.0,GARC1,RUS,MXF,gyrB@I116M,U,{},"{""proportion"": 0.0, ""confidence"": [0.0, 0.7934506856227626], ""p_value"": 1.0, ""contingency"": [[0, 1], [230, 12419]]}",{}
320,NC00962.3,MXF-0.25-0.95-0.5,0.0,GARC1,RUS,MXF,gyrB@G282D,U,{},"{""proportion"": 0.0, ""confidence"": [0.0, 0.7934506856227626], ""p_value"": 1.0, ""contingency"": [[0, 1], [230, 12419]]}",{}
321,NC00962.3,MXF-0.25-0.95-0.5,0.0,GARC1,RUS,MXF,gyrB@A162E,U,{},"{""proportion"": 0.0, ""confidence"": [0.0, 0.7934506856227626], ""p_value"": 1.0, ""contingency"": [[0, 1], [230, 12419]]}",{}
322,NC00962.3,MXF-0.25-0.95-0.5,0.0,GARC1,RUS,MXF,gyrA@S250A,U,{},"{""proportion"": 0.0, ""confidence"": [0.0, 0.7934506856227626], ""p_value"": 1.0, ""contingency"": [[0, 1], [230, 12419]]}",{}
323,NC00962.3,MXF-0.25-0.95-0.5,0.0,GARC1,RUS,MXF,gyrA@R392C,U,{},"{""proportion"": 0.0, ""confidence"": [0.0, 0.7934506856227626], ""p_value"": 1.0, ""contingency"": [[0, 1], [230, 12419]]}",{}
324,NC00962.3,MXF-0.25-0.95-0.5,0.0,GARC1,RUS,MXF,gyrA@F705L,U,{},"{""proportion"": 0.0, ""confidence"": [4.8683609171202235e-17, 0.5614970317550455], ""p_value"": 1.0, ""contingency"": [[0, 3], [230, 12419]]}",{}
325,NC00962.3,MXF-0.25-0.95-0.5,0.0,GARC1,RUS,MXF,gyrB@-60_ins_g,U,{},"{""proportion"": 0.0, ""confidence"": [0.0, 0.7934506856227626], ""p_value"": 1.0, ""contingency"": [[0, 1], [230, 12419]]}",{}
326,NC00962.3,MXF-0.25-0.95-0.5,0.0,GARC1,RUS,MXF,gyrA@D10G,U,{},"{""proportion"": 0.0, ""confidence"": [0.0, 0.7934506856227626], ""p_value"": 1.0, ""contingency"": [[0, 1], [230, 12419]]}",{}
327,NC00962.3,MXF-0.25-0.95-0.5,0.0,GARC1,RUS,MXF,gyrA@L331F,U,{},"{""proportion"": 0.0, ""confidence"": [0.0, 0.7934506856227626], ""p_value"": 1.0, ""contingency"": [[0, 1], [230, 12419]]}",{}
328,NC00962.3,MXF-0.25-0.95-0.5,0.0,GARC1,RUS,MXF,gyrA@A432V,U,{},"{""proportion"": 0.0, ""confidence"": [0.0, 0.6576197724933469], ""p_value"": 1.0, ""contingency"": [[0, 2], [230, 12419]]}",{}
329,NC00962.3,MXF-0.25-0.95-0.5,0.0,GARC1,RUS,MXF,gyrB@t-93c,U,{},"{""proportion"": 0.0, ""confidence"": [0.0, 0.7934506856227626], ""p_value"": 1.0, ""contingency"": [[0, 1], [230, 12419]]}",{}
330,NC00962.3,MXF-0.25-0.95-0.5,0.0,GARC1,RUS,MXF,gyrA@P7L,U,{},"{""proportion"": 0.0, ""confidence"": [0.0, 0.7934506856227626], ""p_value"": 1.0, ""contingency"": [[0, 1], [230, 12419]]}",{}
331,NC00962.3,MXF-0.25-0.95-0.5,0.0,GARC1,RUS,MXF,gyrB@P254L,U,{},"{""proportion"": 0.0, ""confidence"": [0.0, 0.6576197724933469], ""p_value"": 1.0, ""contingency"": [[0, 2], [230, 12419]]}",{}
332,NC00962.3,MXF-0.25-0.95-0.5,0.0,GARC1,RUS,MXF,gyrB@G436R,U,{},"{""proportion"": 0.0, ""confidence"": [0.0, 0.7934506856227626], ""p_value"": 1.0, ""contingency"": [[0, 1], [230, 12419]]}",{}
333,NC00962.3,MXF-0.25-0.95-0.5,0.0,GARC1,RUS,MXF,gyrA@a-8g,U,{},"{""proportion"": 0.0, ""confidence"": [0.0, 0.7934506856227626], ""p_value"": 1.0, ""contingency"": [[0, 1], [230, 12419]]}",{}
334,NC00962.3,MXF-0.25-0.95-0.5,0.0,GARC1,RUS,MXF,gyrA@T496S,U,{},"{""proportion"": 0.0, ""confidence"": [0.0, 0.7934506856227626], ""p_value"": 1.0, ""contingency"": [[0, 1], [230, 12419]]}",{}
335,NC00962.3,MXF-0.25-0.95-0.5,0.0,GARC1,RUS,MXF,gyrB@D176E,U,{},"{""proportion"": 0.0, ""confidence"": [0.0, 0.7934506856227626], ""p_value"": 1.0, ""contingency"": [[0, 1], [230, 12419]]}",{}
336,NC00962.3,MXF-0.25-0.95-0.5,0.0,GARC1,RUS,MXF,gyrA@S237P,U,{},"{""proportion"": 0.0, ""confidence"": [0.0, 0.6576197724933469], ""p_value"": 1.0, ""contingency"": [[0, 2], [230, 12419]]}",{}
337,NC00962.3,MXF-0.25-0.95-0.5,0.0,GARC1,RUS,MXF,gyrB@I486L,U,{},"{""proportion"": 0.0, ""confidence"": [0.0, 0.7934506856227626], ""p_value"": 1.0, ""contingency"": [[0, 1], [230, 12419]]}",{}
338,NC00962.3,MXF-0.25-0.95-0.5,0.0,GARC1,RUS,MXF,gyrA@A210V,U,{},"{""proportion"": 0.0, ""confidence"": [4.8683609171202235e-17, 0.5614970317550455], ""p_value"": 1.0, ""contingency"": [[0, 3], [230, 12419]]}",{}
339,NC00962.3,MXF-0.25-0.95-0.5,0.0,GARC1,RUS,MXF,gyrA@D481A,U,{},"{""proportion"": 0.0, ""confidence"": [0.0, 0.6576197724933469], ""p_value"": 1.0, ""contingency"": [[0, 2], [230, 12419]]}",{}
340,NC00962.3,MXF-0.25-0.95-0.5,0.0,GARC1,RUS,MXF,gyrA@A324V,U,{},"{""proportion"": 0.0, ""confidence"": [0.0, 0.7934506856227626], ""p_value"": 1.0, ""contingency"": [[0, 1], [230, 12419]]}",{}
341,NC00962.3,MXF-0.25-0.95-0.5,0.0,GARC1,RUS,MXF,gyrA@K633R,U,{},"{""proportion"": 0.0, ""confidence"": [0.0, 0.7934506856227626], ""p_value"": 1.0, ""contingency"": [[0, 1], [230, 12419]]}",{}
342,NC00962.3,MXF-0.25-0.95-0.5,0.0,GARC1,RUS,MXF,gyrB@K668E,U,{},"{""proportion"": 0.0, ""confidence"": [0.0, 0.7934506856227626], ""p_value"": 1.0, ""contingency"": [[0, 1], [230, 12419]]}",{}
343,NC00962.3,MXF-0.25-0.95-0.5,0.0,GARC1,RUS,MXF,gyrA@R607H,U,{},"{""proportion"": 0.0, ""confidence"": [0.0, 0.7934506856227626], ""p_value"": 1.0, ""contingency"": [[0, 1], [230, 12419]]}",{}
344,NC00962.3,MXF-0.25-0.95-0.5,0.0,GARC1,RUS,MXF,gyrB@c-58g,U,{},"{""proportion"": 0.0, ""confidence"": [0.0, 0.6576197724933469], ""p_value"": 1.0, ""contingency"": [[0, 2], [230, 12419]]}",{}
345,NC00962.3,MXF-0.25-0.95-0.5,0.0,GARC1,RUS,MXF,gyrA@P7S,U,{},"{""proportion"": 0.0, ""confidence"": [0.0, 0.7934506856227626], ""p_value"": 1.0, ""contingency"": [[0, 1], [230, 12419]]}",{}
346,NC00962.3,MXF-0.25-0.95-0.5,0.0,GARC1,RUS,MXF,gyrA@E79D,U,{},"{""proportion"": 0.0, ""confidence"": [0.0, 0.6576197724933469], ""p_value"": 1.0, ""contingency"": [[0, 2], [230, 12419]]}",{}
347,NC00962.3,MXF-0.25-0.95-0.5,0.0,GARC1,RUS,MXF,gyrA@L711M,U,{},"{""proportion"": 0.0, ""confidence"": [0.0, 0.43448246478317476], ""p_value"": 0.34082031250000006, ""contingency"": [[0, 5], [230, 12419]]}",{}
348,NC00962.3,MXF-0.25-0.95-0.5,0.0,GARC1,RUS,MXF,gyrB@V427M,U,{},"{""proportion"": 0.0, ""confidence"": [0.0, 0.6576197724933469], ""p_value"": 1.0, ""contingency"": [[0, 2], [230, 12419]]}",{}
349,NC00962.3,MXF-0.25-0.95-0.5,0.0,GARC1,RUS,MXF,gyrB@K140E,U,{},"{""proportion"": 0.0, ""confidence"": [0.0, 0.7934506856227626], ""p_value"": 1.0, ""contingency"": [[0, 1], [230, 12419]]}",{}
350,NC00962.3,MXF-0.25-0.95-0.5,0.0,GARC1,RUS,MXF,gyrB@Q476E,U,{},"{""proportion"": 0.0, ""confidence"": [0.0, 0.7934506856227626], ""p_value"": 1.0, ""contingency"": [[0, 1], [230, 12419]]}",{}
351,NC00962.3,MXF-0.25-0.95-0.5,0.0,GARC1,RUS,MXF,gyrA@A324G,U,{},"{""proportion"": 0.0, ""confidence"": [0.0, 0.7934506856227626], ""p_value"": 1.0, ""contingency"": [[0, 1], [230, 12419]]}",{}
352,NC00962.3,MXF-0.25-0.95-0.5,0.0,GARC1,RUS,MXF,gyrB@A237G,U,{},"{""proportion"": 0.0, ""confidence"": [0.0, 0.7934506856227626], ""p_value"": 1.0, ""contingency"": [[0, 1], [230, 12419]]}",{}
353,NC00962.3,MXF-0.25-0.95-0.5,0.0,GARC1,RUS,MXF,gyrB@T267S,U,{},"{""proportion"": 0.0, ""confidence"": [4.8683609171202235e-17, 0.5614970317550455], ""p_value"": 1.0, ""contingency"": [[0, 3], [230, 12419]]}",{}
354,NC00962.3,MXF-0.25-0.95-0.5,0.0,GARC1,RUS,MXF,gyrA@R789G,U,{},"{""proportion"": 0.0, ""confidence"": [0.0, 0.4898908364545973], ""p_value"": 0.578125, ""contingency"": [[0, 4], [230, 12419]]}",{}
355,NC00962.3,MXF-0.25-0.95-0.5,0.0,GARC1,RUS,MXF,gyrB@D259E,U,{},"{""proportion"": 0.0, ""confidence"": [0.0, 0.7934506856227626], ""p_value"": 1.0, ""contingency"": [[0, 1], [230, 12419]]}",{}
356,NC00962.3,MXF-0.25-0.95-0.5,0.0,GARC1,RUS,MXF,gyrA@R106C,U,{},"{""proportion"": 0.0, ""confidence"": [0.0, 0.7934506856227626], ""p_value"": 1.0, ""contingency"": [[0, 1], [230, 12419]]}",{}
357,NC00962.3,MXF-0.25-0.95-0.5,0.0,GARC1,RUS,MXF,gyrA@T215A,U,{},"{""proportion"": 0.0, ""confidence"": [0.0, 0.7934506856227626], ""p_value"": 1.0, ""contingency"": [[0, 1], [230, 12419]]}",{}
358,NC00962.3,MXF-0.25-0.95-0.5,0.0,GARC1,RUS,MXF,gyrB@A564T,U,{},"{""proportion"": 0.0, ""confidence"": [0.0, 0.6576197724933469], ""p_value"": 1.0, ""contingency"": [[0, 2], [230, 12419]]}",{}
359,NC00962.3,MXF-0.25-0.95-0.5,0.0,GARC1,RUS,MXF,gyrA@c-27g,U,{},"{""proportion"": 0.0, ""confidence"": [0.0, 0.6576197724933469], ""p_value"": 1.0, ""contingency"": [[0, 2], [230, 12419]]}",{}
360,NC00962.3,MXF-0.25-0.95-0.5,0.0,GARC1,RUS,MXF,gyrB@A508V,U,{},"{""proportion"": 0.0, ""confidence"": [4.8683609171202235e-17, 0.5614970317550455], ""p_value"": 1.0, ""contingency"": [[0, 3], [230, 12419]]}",{}
361,NC00962.3,MXF-0.25-0.95-0.5,0.0,GARC1,RUS,MXF,gyrB@G598E,U,{},"{""proportion"": 0.0, ""confidence"": [0.0, 0.4898908364545973], ""p_value"": 0.578125, ""contingency"": [[0, 4], [230, 12419]]}",{}
362,NC00962.3,MXF-0.25-0.95-0.5,0.0,GARC1,RUS,MXF,gyrB@D434H,U,{},"{""proportion"": 0.0, ""confidence"": [0.0, 0.6576197724933469], ""p_value"": 1.0, ""contingency"": [[0, 2], [230, 12419]]}",{}
363,NC00962.3,MXF-0.25-0.95-0.5,0.0,GARC1,RUS,MXF,gyrA@G503R,U,{},"{""proportion"": 0.0, ""confidence"": [4.8683609171202235e-17, 0.5614970317550455], ""p_value"": 1.0, ""contingency"": [[0, 3], [230, 12419]]}",{}
364,NC00962.3,MXF-0.25-0.95-0.5,0.0,GARC1,RUS,MXF,gyrA@I707V,U,{},"{""proportion"": 0.0, ""confidence"": [0.0, 0.6576197724933469], ""p_value"": 1.0, ""contingency"": [[0, 2], [230, 12419]]}",{}
365,NC00962.3,MXF-0.25-0.95-0.5,0.0,GARC1,RUS,MXF,gyrA@V651A,U,{},"{""proportion"": 0.0, ""confidence"": [0.0, 0.6576197724933469], ""p_value"": 1.0, ""contingency"": [[0, 2], [230, 12419]]}",{}
366,NC00962.3,MXF-0.25-0.95-0.5,0.0,GARC1,RUS,MXF,gyrB@K668R,U,{},"{""proportion"": 0.0, ""confidence"": [0.0, 0.6576197724933469], ""p_value"": 1.0, ""contingency"": [[0, 2], [230, 12419]]}",{}
367,NC00962.3,MXF-0.25-0.95-0.5,0.0,GARC1,RUS,MXF,gyrB@S248G,U,{},"{""proportion"": 0.0, ""confidence"": [0.0, 0.7934506856227626], ""p_value"": 1.0, ""contingency"": [[0, 1], [230, 12419]]}",{}
368,NC00962.3,MXF-0.25-0.95-0.5,0.0,GARC1,RUS,MXF,gyrB@A115V,U,{},"{""proportion"": 0.0, ""confidence"": [0.0, 0.6576197724933469], ""p_value"": 1.0, ""contingency"": [[0, 2], [230, 12419]]}",{}
369,NC00962.3,MXF-0.25-0.95-0.5,0.0,GARC1,RUS,MXF,gyrA@L455V,U,{},"{""proportion"": 0.0, ""confidence"": [0.0, 0.6576197724933469], ""p_value"": 1.0, ""contingency"": [[0, 2], [230, 12419]]}",{}
370,NC00962.3,MXF-0.25-0.95-0.5,0.0,GARC1,RUS,MXF,gyrA@A198G,U,{},"{""proportion"": 0.0, ""confidence"": [0.0, 0.6576197724933469], ""p_value"": 1.0, ""contingency"": [[0, 2], [230, 12419]]}",{}
371,NC00962.3,MXF-0.25-0.95-0.5,0.0,GARC1,RUS,MXF,gyrA@D367H,U,{},"{""proportion"": 0.0, ""confidence"": [0.0, 0.7934506856227626], ""p_value"": 1.0, ""contingency"": [[0, 1], [230, 12419]]}",{}
372,NC00962.3,MXF-0.25-0.95-0.5,0.0,GARC1,RUS,MXF,gyrB@S413A,U,{},"{""proportion"": 0.0, ""confidence"": [0.0, 0.7934506856227626], ""p_value"": 1.0, ""contingency"": [[0, 1], [230, 12419]]}",{}
373,NC00962.3,MXF-0.25-0.95-0.5,0.0,GARC1,RUS,MXF,gyrA@T638N,U,{},"{""proportion"": 0.0, ""confidence"": [0.0, 0.7934506856227626], ""p_value"": 1.0, ""contingency"": [[0, 1], [230, 12419]]}",{}
374,NC00962.3,MXF-0.25-0.95-0.5,0.0,GARC1,RUS,MXF,gyrA@R607C,U,{},"{""proportion"": 0.0, ""confidence"": [0.0, 0.7934506856227626], ""p_value"": 1.0, ""contingency"": [[0, 1], [230, 12419]]}",{}
375,NC00962.3,MXF-0.25-0.95-0.5,0.0,GARC1,RUS,MXF,gyrA@R14L,U,{},"{""proportion"": 0.0, ""confidence"": [0.0, 0.7934506856227626], ""p_value"": 1.0, ""contingency"": [[0, 1], [230, 12419]]}",{}
376,NC00962.3,MXF-0.25-0.95-0.5,0.0,GARC1,RUS,MXF,gyrB@I486V,U,{},"{""proportion"": 0.0, ""confidence"": [0.0, 0.7934506856227626], ""p_value"": 1.0, ""contingency"": [[0, 1], [230, 12419]]}",{}
377,NC00962.3,MXF-0.25-0.95-0.5,0.0,GARC1,RUS,MXF,gyrA@T164M,U,{},"{""proportion"": 0.0, ""confidence"": [0.0, 0.7934506856227626], ""p_value"": 1.0, ""contingency"": [[0, 1], [230, 12419]]}",{}
378,NC00962.3,MXF-0.25-0.95-0.5,0.0,GARC1,RUS,MXF,gyrB@T401I,U,{},"{""proportion"": 0.0, ""confidence"": [0.0, 0.7934506856227626], ""p_value"": 1.0, ""contingency"": [[0, 1], [230, 12419]]}",{}
379,NC00962.3,MXF-0.25-0.95-0.5,0.0,GARC1,RUS,MXF,gyrA@G477E,U,{},"{""proportion"": 0.0, ""confidence"": [0.0, 0.6576197724933469], ""p_value"": 1.0, ""contingency"": [[0, 2], [230, 12419]]}",{}
380,NC00962.3,MXF-0.25-0.95-0.5,0.0,GARC1,RUS,MXF,gyrA@Q603H,U,{},"{""proportion"": 0.0, ""confidence"": [0.0, 0.7934506856227626], ""p_value"": 1.0, ""contingency"": [[0, 1], [230, 12419]]}",{}
381,NC00962.3,MXF-0.25-0.95-0.5,0.0,GARC1,RUS,MXF,gyrB@D494A,U,{},"{""proportion"": 0.0, ""confidence"": [0.0, 0.7934506856227626], ""p_value"": 1.0, ""contingency"": [[0, 1], [230, 12419]]}",{}
382,NC00962.3,MXF-0.25-0.95-0.5,0.0,GARC1,RUS,MXF,gyrA@G351A,U,{},"{""proportion"": 0.0, ""confidence"": [0.0, 0.6576197724933469], ""p_value"": 1.0, ""contingency"": [[0, 2], [230, 12419]]}",{}
383,NC00962.3,MXF-0.25-0.95-0.5,0.0,GARC1,RUS,MXF,gyrB@V327L,U,{},"{""proportion"": 0.0, ""confidence"": [0.0, 0.6576197724933469], ""p_value"": 1.0, ""contingency"": [[0, 2], [230, 12419]]}",{}
384,NC00962.3,MXF-0.25-0.95-0.5,0.0,GARC1,RUS,MXF,gyrA@M141V,U,{},"{""proportion"": 0.0, ""confidence"": [0.0, 0.7934506856227626], ""p_value"": 1.0, ""contingency"": [[0, 1], [230, 12419]]}",{}
385,NC00962.3,MXF-0.25-0.95-0.5,0.0,GARC1,RUS,MXF,gyrB@A504T,U,{},"{""proportion"": 0.0, ""confidence"": [4.8683609171202235e-17, 0.5614970317550455], ""p_value"": 1.0, ""contingency"": [[0, 3], [230, 12419]]}",{}
386,NC00962.3,MXF-0.25-0.95-0.5,0.0,GARC1,RUS,MXF,gyrA@N805H,U,{},"{""proportion"": 0.0, ""confidence"": [0.0, 0.7934506856227626], ""p_value"": 1.0, ""contingency"": [[0, 1], [230, 12419]]}",{}
387,NC00962.3,MXF-0.25-0.95-0.5,0.0,GARC1,RUS,MXF,gyrB@c-52t,U,{},"{""proportion"": 0.0, ""confidence"": [0.0, 0.7934506856227626], ""p_value"": 1.0, ""contingency"": [[0, 1], [230, 12419]]}",{}
388,NC00962.3,MXF-0.25-0.95-0.5,0.0,GARC1,RUS,MXF,gyrB@H302R,U,{},"{""proportion"": 0.0, ""confidence"": [3.384324554477539e-17, 0.39033428790216534], ""p_value"": 0.347412109375, ""contingency"": [[0, 6], [230, 12419]]}",{}
389,NC00962.3,MXF-0.25-0.95-0.5,0.0,GARC1,RUS,MXF,gyrB@V457L,U,{},"{""proportion"": 0.0, ""confidence"": [0.0, 0.4898908364545973], ""p_value"": 0.578125, ""contingency"": [[0, 4], [230, 12419]]}",{}
390,NC00962.3,MXF-0.25-0.95-0.5,0.0,GARC1,RUS,MXF,gyrA@S536R,U,{},"{""proportion"": 0.0, ""confidence"": [4.8683609171202235e-17, 0.5614970317550455], ""p_value"": 1.0, ""contingency"": [[0, 3], [230, 12419]]}",{}
391,NC00962.3,MXF-0.25-0.95-0.5,0.0,GARC1,RUS,MXF,gyrA@R254C,U,{},"{""proportion"": 0.0, ""confidence"": [0.0, 0.32440756488388023], ""p_value"": 0.21392822265625003, ""contingency"": [[0, 8], [230, 12419]]}",{}
392,NC00962.3,MXF-0.25-0.95-0.5,0.0,GARC1,RUS,MXF,gyrB@A618D,U,{},"{""proportion"": 1.0, ""confidence"": [0.20654931437723742, 1.0], ""p_value"": 0.25, ""contingency"": [[1, 0], [230, 12419]]}",{}
393,NC00962.3,MXF-0.25-0.95-0.5,0.0,GARC1,RUS,MXF,gyrB@G38S,U,{},"{""proportion"": 0.0, ""confidence"": [0.0, 0.7934506856227626], ""p_value"": 1.0, ""contingency"": [[0, 1], [230, 12419]]}",{}
394,NC00962.3,MXF-0.25-0.95-0.5,0.0,GARC1,RUS,MXF,gyrA@D94F,U,{},"{""proportion"": 1.0, ""confidence"": [0.20654931437723742, 1.0], ""p_value"": 0.25, ""contingency"": [[1, 0], [230, 12419]]}",{}
395,NC00962.3,MXF-0.25-0.95-0.5,0.0,GARC1,RUS,MXF,gyrB@S576G,U,{},"{""proportion"": 0.0, ""confidence"": [0.0, 0.6576197724933469], ""p_value"": 1.0, ""contingency"": [[0, 2], [230, 12419]]}",{}
396,NC00962.3,MXF-0.25-0.95-0.5,0.0,GARC1,RUS,MXF,gyrA@I362M,U,{},"{""proportion"": 0.0, ""confidence"": [0.0, 0.7934506856227626], ""p_value"": 1.0, ""contingency"": [[0, 1], [230, 12419]]}",{}
397,NC00962.3,MXF-0.25-0.95-0.5,0.0,GARC1,RUS,MXF,gyrA@L205V,U,{},"{""proportion"": 0.0, ""confidence"": [4.8683609171202235e-17, 0.5614970317550455], ""p_value"": 1.0, ""contingency"": [[0, 3], [230, 12419]]}",{}
398,NC00962.3,MXF-0.25-0.95-0.5,0.0,GARC1,RUS,MXF,gyrA@S250Y,U,{},"{""proportion"": 0.0, ""confidence"": [0.0, 0.7934506856227626], ""p_value"": 1.0, ""contingency"": [[0, 1], [230, 12419]]}",{}
399,NC00962.3,MXF-0.25-0.95-0.5,0.0,GARC1,RUS,MXF,gyrA@E386V,U,{},"{""proportion"": 0.0, ""confidence"": [0.0, 0.7934506856227626], ""p_value"": 1.0, ""contingency"": [[0, 1], [230, 12419]]}",{}
400,NC00962.3,MXF-0.25-0.95-0.5,0.0,GARC1,RUS,MXF,gyrB@c-1g,U,{},"{""proportion"": 0.0, ""confidence"": [0.0, 0.6576197724933469], ""p_value"": 1.0, ""contingency"": [[0, 2], [230, 12419]]}",{}
401,NC00962.3,MXF-0.25-0.95-0.5,0.0,GARC1,RUS,MXF,gyrA@G112C,U,{},"{""proportion"": 1.0, ""confidence"": [0.20654931437723742, 1.0], ""p_value"": 0.25, ""contingency"": [[1, 0], [230, 12419]]}",{}
402,NC00962.3,MXF-0.25-0.95-0.5,0.0,GARC1,RUS,MXF,gyrA@L401V,U,{},"{""proportion"": 0.0, ""confidence"": [0.0, 0.7934506856227626], ""p_value"": 1.0, ""contingency"": [[0, 1], [230, 12419]]}",{}
403,NC00962.3,MXF-0.25-0.95-0.5,0.0,GARC1,RUS,MXF,gyrB@E425A,U,{},"{""proportion"": 0.0, ""confidence"": [0.0, 0.7934506856227626], ""p_value"": 1.0, ""contingency"": [[0, 1], [230, 12419]]}",{}
404,NC00962.3,MXF-0.25-0.95-0.5,0.0,GARC1,RUS,MXF,gyrB@D112H,U,{},"{""proportion"": 0.0, ""confidence"": [0.0, 0.7934506856227626], ""p_value"": 1.0, ""contingency"": [[0, 1], [230, 12419]]}",{}
405,NC00962.3,MXF-0.25-0.95-0.5,0.0,GARC1,RUS,MXF,gyrB@D434G,U,{},"{""proportion"": 0.0, ""confidence"": [3.384324554477539e-17, 0.39033428790216534], ""p_value"": 0.347412109375, ""contingency"": [[0, 6], [230, 12419]]}",{}
406,NC00962.3,MXF-0.25-0.95-0.5,0.0,GARC1,RUS,MXF,gyrA@V326G,U,{},"{""proportion"": 0.0, ""confidence"": [4.8683609171202235e-17, 0.5614970317550455], ""p_value"": 1.0, ""contingency"": [[0, 3], [230, 12419]]}",{}
407,NC00962.3,MXF-0.25-0.95-0.5,0.0,GARC1,RUS,MXF,gyrA@V516A,U,{},"{""proportion"": 0.0, ""confidence"": [0.0, 0.7934506856227626], ""p_value"": 1.0, ""contingency"": [[0, 1], [230, 12419]]}",{}
408,NC00962.3,MXF-0.25-0.95-0.5,0.0,GARC1,RUS,MXF,gyrA@D293Y,U,{},"{""proportion"": 0.0, ""confidence"": [0.0, 0.6576197724933469], ""p_value"": 1.0, ""contingency"": [[0, 2], [230, 12419]]}",{}
409,NC00962.3,MXF-0.25-0.95-0.5,0.0,GARC1,RUS,MXF,gyrB@N499I,U,{},"{""proportion"": 0.0, ""confidence"": [0.0, 0.7934506856227626], ""p_value"": 1.0, ""contingency"": [[0, 1], [230, 12419]]}",{}
410,NC00962.3,MXF-0.25-0.95-0.5,0.0,GARC1,RUS,MXF,gyrA@L465Q,U,{},"{""proportion"": 0.0, ""confidence"": [0.0, 0.7934506856227626], ""p_value"": 1.0, ""contingency"": [[0, 1], [230, 12419]]}",{}
411,NC00962.3,MXF-0.25-0.95-0.5,0.0,GARC1,RUS,MXF,gyrB@T167A,U,{},"{""proportion"": 0.0, ""confidence"": [0.0, 0.7934506856227626], ""p_value"": 1.0, ""contingency"": [[0, 1], [230, 12419]]}",{}
412,NC00962.3,MXF-0.25-0.95-0.5,0.0,GARC1,RUS,MXF,gyrB@c-53t,U,{},"{""proportion"": 0.0, ""confidence"": [0.0, 0.7934506856227626], ""p_value"": 1.0, ""contingency"": [[0, 1], [230, 12419]]}",{}
413,NC00962.3,MXF-0.25-0.95-0.5,0.0,GARC1,RUS,MXF,gyrB@K333N,U,{},"{""proportion"": 0.0, ""confidence"": [0.0, 0.7934506856227626], ""p_value"": 1.0, ""contingency"": [[0, 1], [230, 12419]]}",{}
414,NC00962.3,MXF-0.25-0.95-0.5,0.0,GARC1,RUS,MXF,gyrA@D454G,U,{},"{""proportion"": 0.0, ""confidence"": [0.0, 0.7934506856227626], ""p_value"": 1.0, ""contingency"": [[0, 1], [230, 12419]]}",{}
415,NC00962.3,MXF-0.25-0.95-0.5,0.0,GARC1,RUS,MXF,gyrA@I284V,U,{},"{""proportion"": 0.0, ""confidence"": [0.0, 0.7934506856227626], ""p_value"": 1.0, ""contingency"": [[0, 1], [230, 12419]]}",{}
416,NC00962.3,MXF-0.25-0.95-0.5,0.0,GARC1,RUS,MXF,gyrB@A355T,U,{},"{""proportion"": 0.0, ""confidence"": [0.0, 0.7934506856227626], ""p_value"": 1.0, ""contingency"": [[0, 1], [230, 12419]]}",{}
417,NC00962.3,MXF-0.25-0.95-0.5,0.0,GARC1,RUS,MXF,gyrA@V310F,U,{},"{""proportion"": 0.0, ""confidence"": [0.0, 0.7934506856227626], ""p_value"": 1.0, ""contingency"": [[0, 1], [230, 12419]]}",{}
418,NC00962.3,MXF-0.25-0.95-0.5,0.0,GARC1,RUS,MXF,gyrB@L563F,U,{},"{""proportion"": 0.0, ""confidence"": [0.0, 0.7934506856227626], ""p_value"": 1.0, ""contingency"": [[0, 1], [230, 12419]]}",{}
419,NC00962.3,MXF-0.25-0.95-0.5,0.0,GARC1,RUS,MXF,gyrA@A400V,U,{},"{""proportion"": 0.0, ""confidence"": [0.0, 0.7934506856227626], ""p_value"": 1.0, ""contingency"": [[0, 1], [230, 12419]]}",{}
420,NC00962.3,MXF-0.25-0.95-0.5,0.0,GARC1,RUS,MXF,gyrA@E21H,U,{},"{""proportion"": 0.0, ""confidence"": [0.0, 0.7934506856227626], ""p_value"": 1.0, ""contingency"": [[0, 1], [230, 12419]]}",{}
421,NC00962.3,MXF-0.25-0.95-0.5,0.0,GARC1,RUS,MXF,gyrA@S698L,U,{},"{""proportion"": 0.3333333333333333, ""confidence"": [0.061491944720396215, 0.7923403991979523], ""p_value"": 1.0, ""contingency"": [[1, 2], [230, 12419]]}",{}
422,NC00962.3,MXF-0.25-0.95-0.5,0.0,GARC1,RUS,MXF,gyrB@P578R,U,{},"{""proportion"": 0.0, ""confidence"": [0.0, 0.7934506856227626], ""p_value"": 1.0, ""contingency"": [[0, 1], [230, 12419]]}",{}
423,NC00962.3,MXF-0.25-0.95-0.5,0.0,GARC1,RUS,MXF,gyrB@A644D,U,{},"{""proportion"": 0.0, ""confidence"": [4.8683609171202235e-17, 0.5614970317550455], ""p_value"": 1.0, ""contingency"": [[0, 3], [230, 12419]]}",{}
424,NC00962.3,MXF-0.25-0.95-0.5,0.0,GARC1,RUS,MXF,gyrA@G702S,U,{},"{""proportion"": 0.0, ""confidence"": [0.0, 0.7934506856227626], ""p_value"": 1.0, ""contingency"": [[0, 1], [230, 12419]]}",{}
425,NC00962.3,MXF-0.25-0.95-0.5,0.0,GARC1,RUS,MXF,gyrA@E412G,U,{},"{""proportion"": 0.0, ""confidence"": [0.0, 0.7934506856227626], ""p_value"": 1.0, ""contingency"": [[0, 1], [230, 12419]]}",{}
426,NC00962.3,MXF-0.25-0.95-0.5,0.0,GARC1,RUS,MXF,gyrB@V670I,U,{},"{""proportion"": 0.0, ""confidence"": [0.0, 0.7934506856227626], ""p_value"": 1.0, ""contingency"": [[0, 1], [230, 12419]]}",{}
427,NC00962.3,MXF-0.25-0.95-0.5,0.0,GARC1,RUS,MXF,gyrB@T170K,U,{},"{""proportion"": 0.0, ""confidence"": [0.0, 0.7934506856227626], ""p_value"": 1.0, ""contingency"": [[0, 1], [230, 12419]]}",{}
428,NC00962.3,MXF-0.25-0.95-0.5,0.0,GARC1,RUS,MXF,gyrA@D504E,U,{},"{""proportion"": 0.0, ""confidence"": [0.0, 0.7934506856227626], ""p_value"": 1.0, ""contingency"": [[0, 1], [230, 12419]]}",{}
429,NC00962.3,MXF-0.25-0.95-0.5,0.0,GARC1,RUS,MXF,gyrA@G63A,U,{},"{""proportion"": 0.0, ""confidence"": [0.0, 0.7934506856227626], ""p_value"": 1.0, ""contingency"": [[0, 1], [230, 12419]]}",{}
430,NC00962.3,MXF-0.25-0.95-0.5,0.0,GARC1,RUS,MXF,gyrB@A593V,U,{},"{""proportion"": 0.0, ""confidence"": [0.0, 0.6576197724933469], ""p_value"": 1.0, ""contingency"": [[0, 2], [230, 12419]]}",{}
431,NC00962.3,MXF-0.25-0.95-0.5,0.0,GARC1,RUS,MXF,gyrA@R292G,U,{},"{""proportion"": 0.5, ""confidence"": [0.09453120573423071, 0.9054687942657693], ""p_value"": 0.4375, ""contingency"": [[1, 1], [230, 12419]]}",{}
432,NC00962.3,MXF-0.25-0.95-0.5,0.0,GARC1,RUS,MXF,gyrA@R309Q,U,{},"{""proportion"": 1.0, ""confidence"": [0.20654931437723742, 1.0], ""p_value"": 0.25, ""contingency"": [[1, 0], [230, 12419]]}",{}
433,NC00962.3,MXF-0.25-0.95-0.5,0.0,GARC1,RUS,MXF,gyrB@N499Y,U,{},"{""proportion"": 1.0, ""confidence"": [0.20654931437723742, 1.0], ""p_value"": 0.25, ""contingency"": [[1, 0], [230, 12419]]}",{}
434,NC00962.3,MXF-0.25-0.95-0.5,0.0,GARC1,RUS,MXF,gyrA@M438I,U,{},"{""proportion"": 0.0, ""confidence"": [0.0, 0.7934506856227626], ""p_value"": 1.0, ""contingency"": [[0, 1], [230, 12419]]}",{}
435,NC00962.3,MXF-0.25-0.95-0.5,0.0,GARC1,RUS,MXF,gyrB@E21K,U,{},"{""proportion"": 0.0, ""confidence"": [0.0, 0.7934506856227626], ""p_value"": 1.0, ""contingency"": [[0, 1], [230, 12419]]}",{}
436,NC00962.3,MXF-0.25-0.95-0.5,0.0,GARC1,RUS,MXF,gyrB@M616V,U,{},"{""proportion"": 0.0, ""confidence"": [0.0, 0.7934506856227626], ""p_value"": 1.0, ""contingency"": [[0, 1], [230, 12419]]}",{}
437,NC00962.3,MXF-0.25-0.95-0.5,0.0,GARC1,RUS,MXF,gyrA@M139T,U,{},"{""proportion"": 0.0, ""confidence"": [0.0, 0.7934506856227626], ""p_value"": 1.0, ""contingency"": [[0, 1], [230, 12419]]}",{}
438,NC00962.3,MXF-0.25-0.95-0.5,0.0,GARC1,RUS,MXF,gyrA@P102L,U,{},"{""proportion"": 0.0, ""confidence"": [0.0, 0.7934506856227626], ""p_value"": 1.0, ""contingency"": [[0, 1], [230, 12419]]}",{}
439,NC00962.3,MXF-0.25-0.95-0.5,0.0,GARC1,RUS,MXF,gyrA@F152L,U,{},"{""proportion"": 0.0, ""confidence"": [0.0, 0.7934506856227626], ""p_value"": 1.0, ""contingency"": [[0, 1], [230, 12419]]}",{}
440,NC00962.3,MXF-0.25-0.95-0.5,0.0,GARC1,RUS,MXF,gyrB@c-34t,U,{},"{""proportion"": 0.0, ""confidence"": [0.0, 0.7934506856227626], ""p_value"": 1.0, ""contingency"": [[0, 1], [230, 12419]]}",{}
441,NC00962.3,MXF-0.25-0.95-0.5,0.0,GARC1,RUS,MXF,gyrA@E820D,U,{},"{""proportion"": 0.0, ""confidence"": [0.0, 0.7934506856227626], ""p_value"": 1.0, ""contingency"": [[0, 1], [230, 12419]]}",{}
442,NC00962.3,MXF-0.25-0.95-0.5,0.0,GARC1,RUS,MXF,gyrA@T836K,U,{},"{""proportion"": 0.0, ""confidence"": [0.0, 0.6576197724933469], ""p_value"": 1.0, ""contingency"": [[0, 2], [230, 12419]]}",{}
443,NC00962.3,MXF-0.25-0.95-0.5,0.0,GARC1,RUS,MXF,gyrB@Q148E,U,{},"{""proportion"": 0.0, ""confidence"": [0.0, 0.7934506856227626], ""p_value"": 1.0, ""contingency"": [[0, 1], [230, 12419]]}",{}
444,NC00962.3,MXF-0.25-0.95-0.5,0.0,GARC1,RUS,MXF,gyrB@c-54t,U,{},"{""proportion"": 0.0, ""confidence"": [0.0, 0.7934506856227626], ""p_value"": 1.0, ""contingency"": [[0, 1], [230, 12419]]}",{}
445,NC00962.3,MXF-0.25-0.95-0.5,0.0,GARC1,RUS,MXF,gyrB@g-95c,U,{},"{""proportion"": 0.0, ""confidence"": [0.0, 0.7934506856227626], ""p_value"": 1.0, ""contingency"": [[0, 1], [230, 12419]]}",{}
446,NC00962.3,MXF-0.25-0.95-0.5,0.0,GARC1,RUS,MXF,gyrB@S274R,U,{},"{""proportion"": 0.0, ""confidence"": [0.0, 0.4898908364545973], ""p_value"": 0.578125, ""contingency"": [[0, 4], [230, 12419]]}",{}
447,NC00962.3,MXF-0.25-0.95-0.5,0.0,GARC1,RUS,MXF,gyrB@L69V,U,{},"{""proportion"": 0.0, ""confidence"": [0.0, 0.6576197724933469], ""p_value"": 1.0, ""contingency"": [[0, 2], [230, 12419]]}",{}
448,NC00962.3,MXF-0.25-0.95-0.5,0.0,GARC1,RUS,MXF,gyrB@E228Q,U,{},"{""proportion"": 0.0, ""confidence"": [4.8683609171202235e-17, 0.5614970317550455], ""p_value"": 1.0, ""contingency"": [[0, 3], [230, 12419]]}",{}
449,NC00962.3,MXF-0.25-0.95-0.5,0.0,GARC1,RUS,MXF,gyrA@S779F,U,{},"{""proportion"": 0.0, ""confidence"": [0.0, 0.7934506856227626], ""p_value"": 1.0, ""contingency"": [[0, 1], [230, 12419]]}",{}
450,NC00962.3,MXF-0.25-0.95-0.5,0.0,GARC1,RUS,MXF,gyrA@V649L,U,{},"{""proportion"": 0.0, ""confidence"": [0.0, 0.7934506856227626], ""p_value"": 1.0, ""contingency"": [[0, 1], [230, 12419]]}",{}
451,NC00962.3,MXF-0.25-0.95-0.5,0.0,GARC1,RUS,MXF,gyrA@S69G,U,{},"{""proportion"": 0.0, ""confidence"": [4.8683609171202235e-17, 0.5614970317550455], ""p_value"": 1.0, ""contingency"": [[0, 3], [230, 12419]]}",{}
452,NC00962.3,MXF-0.25-0.95-0.5,0.0,GARC1,RUS,MXF,gyrA@V259L,U,{},"{""proportion"": 0.0, ""confidence"": [0.0, 0.7934506856227626], ""p_value"": 1.0, ""contingency"": [[0, 1], [230, 12419]]}",{}
453,NC00962.3,MXF-0.25-0.95-0.5,0.0,GARC1,RUS,MXF,gyrA@Q679H,U,{},"{""proportion"": 0.0, ""confidence"": [0.0, 0.7934506856227626], ""p_value"": 1.0, ""contingency"": [[0, 1], [230, 12419]]}",{}
454,NC00962.3,MXF-0.25-0.95-0.5,0.0,GARC1,RUS,MXF,gyrA@H490Y,U,{},"{""proportion"": 0.0, ""confidence"": [0.0, 0.7934506856227626], ""p_value"": 1.0, ""contingency"": [[0, 1], [230, 12419]]}",{}
455,NC00962.3,MXF-0.25-0.95-0.5,0.0,GARC1,RUS,MXF,gyrA@G668N,U,{},"{""proportion"": 0.0, ""confidence"": [0.0, 0.7934506856227626], ""p_value"": 1.0, ""contingency"": [[0, 1], [230, 12419]]}",{}
456,NC00962.3,MXF-0.25-0.95-0.5,0.0,GARC1,RUS,MXF,gyrB@S576I,U,{},"{""proportion"": 0.0, ""confidence"": [0.0, 0.32440756488388023], ""p_value"": 0.21392822265625003, ""contingency"": [[0, 8], [230, 12419]]}",{}
457,NC00962.3,MXF-0.25-0.95-0.5,0.0,GARC1,RUS,MXF,gyrB@-55_del_c,U,{},"{""proportion"": 0.0, ""confidence"": [0.0, 0.6576197724933469], ""p_value"": 1.0, ""contingency"": [[0, 2], [230, 12419]]}",{}
458,NC00962.3,MXF-0.25-0.95-0.5,0.0,GARC1,RUS,MXF,gyrA@G832R,U,{},"{""proportion"": 0.0, ""confidence"": [0.0, 0.7934506856227626], ""p_value"": 1.0, ""contingency"": [[0, 1], [230, 12419]]}",{}
459,NC00962.3,MXF-0.25-0.95-0.5,0.0,GARC1,RUS,MXF,gyrA@T355M,U,{},"{""proportion"": 0.0, ""confidence"": [0.0, 0.7934506856227626], ""p_value"": 1.0, ""contingency"": [[0, 1], [230, 12419]]}",{}
460,NC00962.3,MXF-0.25-0.95-0.5,0.0,GARC1,RUS,MXF,gyrB@V406I,U,{},"{""proportion"": 0.0, ""confidence"": [0.0, 0.6576197724933469], ""p_value"": 1.0, ""contingency"": [[0, 2], [230, 12419]]}",{}
461,NC00962.3,MXF-0.25-0.95-0.5,0.0,GARC1,RUS,MXF,gyrA@G764R,U,{},"{""proportion"": 0.0, ""confidence"": [0.0, 0.7934506856227626], ""p_value"": 1.0, ""contingency"": [[0, 1], [230, 12419]]}",{}
462,NC00962.3,MXF-0.25-0.95-0.5,0.0,GARC1,RUS,MXF,gyrA@G294A,U,{},"{""proportion"": 0.0, ""confidence"": [0.0, 0.7934506856227626], ""p_value"": 1.0, ""contingency"": [[0, 1], [230, 12419]]}",{}
463,NC00962.3,MXF-0.25-0.95-0.5,0.0,GARC1,RUS,MXF,gyrA@P17S,U,{},"{""proportion"": 0.0, ""confidence"": [0.0, 0.7934506856227626], ""p_value"": 1.0, ""contingency"": [[0, 1], [230, 12419]]}",{}
464,NC00962.3,MXF-0.25-0.95-0.5,0.0,GARC1,RUS,MXF,gyrB@A238T,U,{},"{""proportion"": 0.0, ""confidence"": [0.0, 0.7934506856227626], ""p_value"": 1.0, ""contingency"": [[0, 1], [230, 12419]]}",{}
465,NC00962.3,MXF-0.25-0.95-0.5,0.0,GARC1,RUS,MXF,gyrB@c-45g,U,{},"{""proportion"": 0.0, ""confidence"": [0.0, 0.7934506856227626], ""p_value"": 1.0, ""contingency"": [[0, 1], [230, 12419]]}",{}
466,NC00962.3,MXF-0.25-0.95-0.5,0.0,GARC1,RUS,MXF,gyrA@G311A,U,{},"{""proportion"": 0.0, ""confidence"": [0.0, 0.7934506856227626], ""p_value"": 1.0, ""contingency"": [[0, 1], [230, 12419]]}",{}
467,NC00962.3,MXF-0.25-0.95-0.5,0.0,GARC1,RUS,MXF,gyrA@P8S,U,{},"{""proportion"": 0.0, ""confidence"": [0.0, 0.7934506856227626], ""p_value"": 1.0, ""contingency"": [[0, 1], [230, 12419]]}",{}
468,NC00962.3,MXF-0.25-0.95-0.5,0.0,GARC1,RUS,MXF,gyrA@S104L,U,{},"{""proportion"": 0.0, ""confidence"": [0.0, 0.7934506856227626], ""p_value"": 1.0, ""contingency"": [[0, 1], [230, 12419]]}",{}
469,NC00962.3,MXF-0.25-0.95-0.5,0.0,GARC1,RUS,MXF,gyrB@c-20t,U,{},"{""proportion"": 0.0, ""confidence"": [0.0, 0.7934506856227626], ""p_value"": 1.0, ""contingency"": [[0, 1], [230, 12419]]}",{}
470,NC00962.3,MXF-0.25-0.95-0.5,0.0,GARC1,RUS,MXF,gyrA@G63R,U,{},"{""proportion"": 0.0, ""confidence"": [0.0, 0.7934506856227626], ""p_value"": 1.0, ""contingency"": [[0, 1], [230, 12419]]}",{}
471,NC00962.3,MXF-0.25-0.95-0.5,0.0,GARC1,RUS,MXF,gyrA@A200T,U,{},"{""proportion"": 0.0, ""confidence"": [0.0, 0.7934506856227626], ""p_value"": 1.0, ""contingency"": [[0, 1], [230, 12419]]}",{}
472,NC00962.3,MXF-0.25-0.95-0.5,0.0,GARC1,RUS,MXF,gyrA@Q290H,U,{},"{""proportion"": 0.0, ""confidence"": [0.0, 0.6576197724933469], ""p_value"": 1.0, ""contingency"": [[0, 2], [230, 12419]]}",{}
473,NC00962.3,MXF-0.25-0.95-0.5,0.0,GARC1,RUS,MXF,gyrA@Q238H,U,{},"{""proportion"": 0.0, ""confidence"": [0.0, 0.7934506856227626], ""p_value"": 1.0, ""contingency"": [[0, 1], [230, 12419]]}",{}
474,NC00962.3,MXF-0.25-0.95-0.5,0.0,GARC1,RUS,MXF,gyrB@G606S,U,{},"{""proportion"": 0.0, ""confidence"": [0.0, 0.7934506856227626], ""p_value"": 1.0, ""contingency"": [[0, 1], [230, 12419]]}",{}
475,NC00962.3,MXF-0.25-0.95-0.5,0.0,GARC1,RUS,MXF,gyrA@E586G,U,{},"{""proportion"": 0.0, ""confidence"": [0.0, 0.7934506856227626], ""p_value"": 1.0, ""contingency"": [[0, 1], [230, 12419]]}",{}
476,NC00962.3,MXF-0.25-0.95-0.5,0.0,GARC1,RUS,MXF,gyrA@F683L,U,{},"{""proportion"": 0.0, ""confidence"": [0.0, 0.7934506856227626], ""p_value"": 1.0, ""contingency"": [[0, 1], [230, 12419]]}",{}
477,NC00962.3,MXF-0.25-0.95-0.5,0.0,GARC1,RUS,MXF,gyrA@2517_del_a,U,{},"{""proportion"": 0.0, ""confidence"": [0.0, 0.7934506856227626], ""p_value"": 1.0, ""contingency"": [[0, 1], [230, 12419]]}",{}
478,NC00962.3,MXF-0.25-0.95-0.5,0.0,GARC1,RUS,MXF,gyrB@Y253S,U,{},"{""proportion"": 0.0, ""confidence"": [0.0, 0.6576197724933469], ""p_value"": 1.0, ""contingency"": [[0, 2], [230, 12419]]}",{}
479,NC00962.3,MXF-0.25-0.95-0.5,0.0,GARC1,RUS,MXF,gyrB@L354V,U,{},"{""proportion"": 0.0, ""confidence"": [0.0, 0.7934506856227626], ""p_value"": 1.0, ""contingency"": [[0, 1], [230, 12419]]}",{}
480,NC00962.3,MXF-0.25-0.95-0.5,0.0,GARC1,RUS,MXF,gyrA@S237A,U,{},"{""proportion"": 0.0, ""confidence"": [0.0, 0.7934506856227626], ""p_value"": 1.0, ""contingency"": [[0, 1], [230, 12419]]}",{}
481,NC00962.3,MXF-0.25-0.95-0.5,0.0,GARC1,RUS,MXF,gyrA@Q113E,U,{},"{""proportion"": 0.0, ""confidence"": [0.0, 0.4898908364545973], ""p_value"": 0.578125, ""contingency"": [[0, 4], [230, 12419]]}",{}
482,NC00962.3,MXF-0.25-0.95-0.5,0.0,GARC1,RUS,MXF,gyrA@R195G,U,{},"{""proportion"": 0.0, ""confidence"": [0.0, 0.7934506856227626], ""p_value"": 1.0, ""contingency"": [[0, 1], [230, 12419]]}",{}
483,NC00962.3,MXF-0.25-0.95-0.5,0.0,GARC1,RUS,MXF,gyrB@c-80a,U,{},"{""proportion"": 0.0, ""confidence"": [0.0, 0.7934506856227626], ""p_value"": 1.0, ""contingency"": [[0, 1], [230, 12419]]}",{}
484,NC00962.3,MXF-0.25-0.95-0.5,0.0,GARC1,RUS,MXF,gyrB@H272P,U,{},"{""proportion"": 0.0, ""confidence"": [0.0, 0.7934506856227626], ""p_value"": 1.0, ""contingency"": [[0, 1], [230, 12419]]}",{}
485,NC00962.3,MXF-0.25-0.95-0.5,0.0,GARC1,RUS,MXF,gyrA@R802Q,U,{},"{""proportion"": 0.0, ""confidence"": [0.0, 0.7934506856227626], ""p_value"": 1.0, ""contingency"": [[0, 1], [230, 12419]]}",{}
486,NC00962.3,MXF-0.25-0.95-0.5,0.0,GARC1,RUS,MXF,gyrB@c-26g,U,{},"{""proportion"": 0.0, ""confidence"": [0.0, 0.7934506856227626], ""p_value"": 1.0, ""contingency"": [[0, 1], [230, 12419]]}",{}
487,NC00962.3,MXF-0.25-0.95-0.5,0.0,GARC1,RUS,MXF,gyrA@G744A,U,{},"{""proportion"": 0.0, ""confidence"": [0.0, 0.7934506856227626], ""p_value"": 1.0, ""contingency"": [[0, 1], [230, 12419]]}",{}
488,NC00962.3,MXF-0.25-0.95-0.5,0.0,GARC1,RUS,MXF,gyrA@Q305R,U,{},"{""proportion"": 0.0, ""confidence"": [0.0, 0.7934506856227626], ""p_value"": 1.0, ""contingency"": [[0, 1], [230, 12419]]}",{}
489,NC00962.3,MXF-0.25-0.95-0.5,0.0,GARC1,RUS,MXF,gyrB@P163S,U,{},"{""proportion"": 0.0, ""confidence"": [0.0, 0.7934506856227626], ""p_value"": 1.0, ""contingency"": [[0, 1], [230, 12419]]}",{}
490,NC00962.3,MXF-0.25-0.95-0.5,0.0,GARC1,RUS,MXF,gyrB@T189P,U,{},"{""proportion"": 0.0, ""confidence"": [0.0, 0.7934506856227626], ""p_value"": 1.0, ""contingency"": [[0, 1], [230, 12419]]}",{}
491,NC00962.3,MXF-0.25-0.95-0.5,0.0,GARC1,RUS,MXF,gyrA@a-30g,U,{},"{""proportion"": 0.0, ""confidence"": [0.0, 0.7934506856227626], ""p_value"": 1.0, ""contingency"": [[0, 1], [230, 12419]]}",{}
492,NC00962.3,MXF-0.25-0.95-0.5,0.0,GARC1,RUS,MXF,gyrA@A579V,U,{},"{""proportion"": 0.0, ""confidence"": [0.0, 0.7934506856227626], ""p_value"": 1.0, ""contingency"": [[0, 1], [230, 12419]]}",{}
493,NC00962.3,MXF-0.25-0.95-0.5,0.0,GARC1,RUS,MXF,gyrB@K7Q,U,{},"{""proportion"": 0.0, ""confidence"": [0.0, 0.7934506856227626], ""p_value"": 1.0, ""contingency"": [[0, 1], [230, 12419]]}",{}
494,NC00962.3,MXF-0.25-0.95-0.5,0.0,GARC1,RUS,MXF,gyrA@R758P,U,{},"{""proportion"": 0.0, ""confidence"": [0.0, 0.7934506856227626], ""p_value"": 1.0, ""contingency"": [[0, 1], [230, 12419]]}",{}
495,NC00962.3,MXF-0.25-0.95-0.5,0.0,GARC1,RUS,MXF,gyrB@A175T,U,{},"{""proportion"": 0.0, ""confidence"": [0.0, 0.7934506856227626], ""p_value"": 1.0, ""contingency"": [[0, 1], [230, 12419]]}",{}
496,NC00962.3,MXF-0.25-0.95-0.5,0.0,GARC1,RUS,MXF,gyrA@Q797P,U,{},"{""proportion"": 0.0, ""confidence"": [0.0, 0.7934506856227626], ""p_value"": 1.0, ""contingency"": [[0, 1], [230, 12419]]}",{}
497,NC00962.3,MXF-0.25-0.95-0.5,0.0,GARC1,RUS,MXF,gyrA@V352M,U,{},"{""proportion"": 0.0, ""confidence"": [0.0, 0.7934506856227626], ""p_value"": 1.0, ""contingency"": [[0, 1], [230, 12419]]}",{}
498,NC00962.3,MXF-0.25-0.95-0.5,0.0,GARC1,RUS,MXF,gyrA@A676D,U,{},"{""proportion"": 0.0, ""confidence"": [0.0, 0.7934506856227626], ""p_value"": 1.0, ""contingency"": [[0, 1], [230, 12419]]}",{}
499,NC00962.3,MXF-0.25-0.95-0.5,0.0,GARC1,RUS,MXF,gyrA@a-12g,U,{},"{""proportion"": 0.0, ""confidence"": [0.0, 0.7934506856227626], ""p_value"": 1.0, ""contingency"": [[0, 1], [230, 12419]]}",{}
500,NC00962.3,MXF-0.25-0.95-0.5,0.0,GARC1,RUS,MXF,gyrB@S363R,U,{},"{""proportion"": 0.0, ""confidence"": [0.0, 0.7934506856227626], ""p_value"": 1.0, ""contingency"": [[0, 1], [230, 12419]]}",{}
501,NC00962.3,MXF-0.25-0.95-0.5,0.0,GARC1,RUS,MXF,gyrA@P621L,U,{},"{""proportion"": 0.0, ""confidence"": [0.0, 0.7934506856227626], ""p_value"": 1.0, ""contingency"": [[0, 1], [230, 12419]]}",{}
502,NC00962.3,MXF-0.25-0.95-0.5,0.0,GARC1,RUS,MXF,gyrA@Y379C,U,{},"{""proportion"": 0.0, ""confidence"": [0.0, 0.7934506856227626], ""p_value"": 1.0, ""contingency"": [[0, 1], [230, 12419]]}",{}
503,NC00962.3,MXF-0.25-0.95-0.5,0.0,GARC1,RUS,MXF,gyrA@E258D,U,{},"{""proportion"": 0.0, ""confidence"": [0.0, 0.7934506856227626], ""p_value"": 1.0, ""contingency"": [[0, 1], [230, 12419]]}",{}
505,NC00962.3,MXF-0.25-0.95-0.5,0.0,GARC1,RUS,MXF,gyrA@-*_indel,U,{},"{""default_rule"": ""True""}",{}
506,NC00962.3,MXF-0.25-0.95-0.5,0.0,GARC1,RUS,MXF,gyrA@*_indel,U,{},"{""default_rule"": ""True""}",{}
507,NC00962.3,MXF-0.25-0.95-0.5,0.0,GARC1,RUS,MXF,gyrA@-*?,U,{},"{""default_rule"": ""True""}",{}
508,NC00962.3,MXF-0.25-0.95-0.5,0.0,GARC1,RUS,MXF,gyrA@*?,U,{},"{""default_rule"": ""True""}",{}
509,NC00962.3,MXF-0.25-0.95-0.5,0.0,GARC1,RUS,MXF,gyrA@del_0.0,U,{},"{""default_rule"": ""True""}",{}
511,NC00962.3,MXF-0.25-0.95-0.5,0.0,GARC1,RUS,MXF,gyrB@-*_indel,U,{},"{""default_rule"": ""True""}",{}
512,NC00962.3,MXF-0.25-0.95-0.5,0.0,GARC1,RUS,MXF,gyrB@*_indel,U,{},"{""default_rule"": ""True""}",{}
513,NC00962.3,MXF-0.25-0.95-0.5,0.0,GARC1,RUS,MXF,gyrB@-*?,U,{},"{""default_rule"": ""True""}",{}
514,NC00962.3,MXF-0.25-0.95-0.5,0.0,GARC1,RUS,MXF,gyrB@*?,U,{},"{""default_rule"": ""True""}",{}
515,NC00962.3,MXF-0.25-0.95-0.5,0.0,GARC1,RUS,MXF,gyrB@del_0.0,U,{},"{""default_rule"": ""True""}",{}
