,GENBANK_REFERENCE,CATALOGUE_NAME,CATALOGUE_VERSION,CATALOGUE_GRAMMAR,PREDICTION_VALUES,DRUG,MUTATION,PREDICTION,SOURCE,EVIDENCE,OTHER
0,NC00962.3,MXF-0.25-0.9-0.4,0.0,GARC1,RUS,MXF,gyrA@S95T,S,{},"{""seeded"": ""True""}",{}
1,NC00962.3,MXF-0.25-0.9-0.4,0.0,GARC1,RUS,MXF,gyrA@E21Q,S,{},"{""seeded"": ""True""}",{}
2,NC00962.3,MXF-0.25-0.9-0.4,0.0,GARC1,RUS,MXF,gyrA@G668D,S,{},"{""seeded"": ""True""}",{}
3,NC00962.3,MXF-0.25-0.9-0.4,0.0,GARC1,RUS,MXF,gyrB@M291I,S,{},"{""seeded"": ""True""}",{}
4,NC00962.3,MXF-0.25-0.9-0.4,0.0,GARC1,RUS,MXF,gyrA@A384V,S,{},"{""proportion"": 0.014479638009049774, ""confidence"": [0.009643851886146011, 0.02168716713708202], ""p_value"": 8.14579528914209e-111, ""contingency"": [[16, 1089], [191, 10175]]}",{}
5,NC00962.3,MXF-0.25-0.9-0.4,0.0,GARC1,RUS,MXF,gyrA@G247S,S,{},"{""proportion"": 0.008434864104967198, ""confidence"": [0.0049137390080373445, 0.014442562902147111], ""p_value"": 1.9257040356169713e-116, ""contingency"": [[9, 1058], [191, 10175]]}",{}
6,NC00962.3,MXF-0.25-0.9-0.4,0.0,GARC1,RUS,MXF,gyrB@V301L,S,{},"{""proportion"": 0.005405405405405406, ""confidence"": [0.0012068290609725716, 0.02386192153373846], ""p_value"": 6.313536522638492e-22, ""contingency"": [[1, 184], [191, 10175]]}",{}
7,NC00962.3,MXF-0.25-0.9-0.4,0.0,GARC1,RUS,MXF,gyrB@I84V,S,{},"{""proportion"": 0.0, ""confidence"": [0.0, 0.14463859126760936], ""p_value"": 0.017492316197603944, ""contingency"": [[0, 16], [191, 10175]]}",{}
8,NC00962.3,MXF-0.25-0.9-0.4,0.0,GARC1,RUS,MXF,gyrA@A463S,S,{},"{""proportion"": 0.007874015748031496, ""confidence"": [0.0017585962315044275, 0.034520064871062635], ""p_value"": 7.743721807901356e-15, ""contingency"": [[1, 126], [191, 10175]]}",{}
9,NC00962.3,MXF-0.25-0.9-0.4,0.0,GARC1,RUS,MXF,gyrB@A403S,S,{},"{""proportion"": 0.0, ""confidence"": [0.0, 0.10525136178999416], ""p_value"": 0.002580968695056641, ""contingency"": [[0, 23], [191, 10175]]}",{}
10,NC00962.3,MXF-0.25-0.9-0.4,0.0,GARC1,RUS,MXF,gyrA@P472S,S,{},"{""proportion"": 0.024390243902439025, ""confidence"": [0.005460214939541743, 0.10220446743736805], ""p_value"": 0.00019081532701791662, ""contingency"": [[1, 40], [191, 10175]]}",{}
11,NC00962.3,MXF-0.25-0.9-0.4,0.0,GARC1,RUS,MXF,gyrA@Q613E,S,{},"{""proportion"": 0.006060606060606061, ""confidence"": [0.001353237327704965, 0.02670512828847647], ""p_value"": 2.953797166441727e-19, ""contingency"": [[1, 164], [191, 10175]]}",{}
12,NC00962.3,MXF-0.25-0.9-0.4,0.0,GARC1,RUS,MXF,gyrA@R252L,S,{},"{""proportion"": 0.0, ""confidence"": [-3.3039121749562264e-18, 0.04771215104014688], ""p_value"": 2.7568451332177766e-07, ""contingency"": [[0, 54], [191, 10175]]}",{}
13,NC00962.3,MXF-0.25-0.9-0.4,0.0,GARC1,RUS,MXF,gyrB@R575H,S,{},"{""proportion"": 0.043478260869565216, ""confidence"": [0.009760191526756013, 0.17329539967280386], ""p_value"": 0.02645279753755858, ""contingency"": [[1, 22], [191, 10175]]}",{}
14,NC00962.3,MXF-0.25-0.9-0.4,0.0,GARC1,RUS,MXF,gyrA@T267I,S,{},"{""proportion"": 0.0, ""confidence"": [0.0, 0.1839811947474769], ""p_value"": 0.04592913389205933, ""contingency"": [[0, 12], [191, 10175]]}",{}
15,NC00962.3,MXF-0.25-0.9-0.4,0.0,GARC1,RUS,MXF,gyrA@P8A,S,{},"{""proportion"": 0.0, ""confidence"": [0.0, 0.13729859622486673], ""p_value"": 0.010617725958582017, ""contingency"": [[0, 17], [191, 10175]]}",{}
16,NC00962.3,MXF-0.25-0.9-0.4,0.0,GARC1,RUS,MXF,gyrB@P94L,S,{},"{""proportion"": 0.01048951048951049, ""confidence"": [0.004199683902625045, 0.025954026864205466], ""p_value"": 3.6436172030157537e-31, ""contingency"": [[3, 283], [191, 10175]]}",{}
17,NC00962.3,MXF-0.25-0.9-0.4,0.0,GARC1,RUS,MXF,gyrA@R254C,S,{},"{""proportion"": 0.0, ""confidence"": [0.0, 0.21294197008340696], ""p_value"": 0.07604122161865237, ""contingency"": [[0, 10], [191, 10175]]}",{}
18,NC00962.3,MXF-0.25-0.9-0.4,0.0,GARC1,RUS,MXF,gyrA@c-34t,S,{},"{""proportion"": 0.028688524590163935, ""confidence"": [0.01562793501222487, 0.052086568765043584], ""p_value"": 2.60339658689239e-21, ""contingency"": [[7, 237], [224, 13278]]}",{}
19,NC00962.3,MXF-0.25-0.9-0.4,0.0,GARC1,RUS,MXF,gyrA@L296P,S,{},"{""proportion"": 0.0, ""confidence"": [0.0, 0.16195483023523788], ""p_value"": 0.02812748029828072, ""contingency"": [[0, 14], [224, 13278]]}",{}
20,NC00962.3,MXF-0.25-0.9-0.4,0.0,GARC1,RUS,MXF,gyrB@A130S,S,{},"{""proportion"": 0.0, ""confidence"": [0.0, 0.14463859126760936], ""p_value"": 0.017492316197603944, ""contingency"": [[0, 16], [224, 13278]]}",{}
21,NC00962.3,MXF-0.25-0.9-0.4,0.0,GARC1,RUS,MXF,gyrA@N193S,S,{},"{""proportion"": 0.0, ""confidence"": [0.0, 0.07370939644250225], ""p_value"": 8.526393021277249e-05, ""contingency"": [[0, 34], [231, 13545]]}",{}
22,NC00962.3,MXF-0.25-0.9-0.4,0.0,GARC1,RUS,MXF,gyrA@A456V,S,{},"{""proportion"": 0.0, ""confidence"": [0.0, 0.12464757953733377], ""p_value"": 0.006516711702715842, ""contingency"": [[0, 19], [231, 13545]]}",{}
534,NC00962.3,MXF-0.25-0.9-0.4,0.0,GARC1,RUS,MXF,gyrA@*=,S,{},"{""default_rule"": ""True""}",{}
540,NC00962.3,MXF-0.25-0.9-0.4,0.0,GARC1,RUS,MXF,gyrB@*=,S,{},"{""default_rule"": ""True""}",{}
23,NC00962.3,MXF-0.25-0.9-0.4,0.0,GARC1,RUS,MXF,gyrA@S91P,R,{},"{""proportion"": 0.7243243243243244, ""confidence"": [0.6673455029926928, 0.7748364297976843], ""p_value"": 1.3655903407105854e-41, ""contingency"": [[134, 51], [231, 13598]]}",{}
24,NC00962.3,MXF-0.25-0.9-0.4,0.0,GARC1,RUS,MXF,gyrA@D94G,R,{},"{""proportion"": 0.8464260438782731, ""confidence"": [0.8299887189375443, 0.861539264778191], ""p_value"": 0.0, ""contingency"": [[1196, 217], [231, 13598]]}",{}
26,NC00962.3,MXF-0.25-0.9-0.4,0.0,GARC1,RUS,MXF,gyrA@D94A,R,{},"{""proportion"": 0.5852713178294574, ""confidence"": [0.5341891007610509, 0.6345836818082905], ""p_value"": 4.192084070171369e-30, ""contingency"": [[151, 107], [231, 13598]]}",{}
29,NC00962.3,MXF-0.25-0.9-0.4,0.0,GARC1,RUS,MXF,gyrA@D94N,R,{},"{""proportion"": 0.8674242424242424, ""confidence"": [0.8293388309946659, 0.8980551237297538], ""p_value"": 3.1290212483409917e-99, ""contingency"": [[229, 35], [231, 13598]]}",{}
30,NC00962.3,MXF-0.25-0.9-0.4,0.0,GARC1,RUS,MXF,gyrB@E501D,R,{},"{""proportion"": 0.7804878048780488, ""confidence"": [0.6586866528499391, 0.8675623806200884], ""p_value"": 1.5665437808448001e-12, ""contingency"": [[32, 9], [231, 13598]]}",{}
31,NC00962.3,MXF-0.25-0.9-0.4,0.0,GARC1,RUS,MXF,gyrA@D94Y,R,{},"{""proportion"": 0.8201438848920863, ""confidence"": [0.7606115507702119, 0.8674513875638201], ""p_value"": 4.5827826480106714e-45, ""contingency"": [[114, 25], [231, 13598]]}",{}
32,NC00962.3,MXF-0.25-0.9-0.4,0.0,GARC1,RUS,MXF,gyrA@G88C,R,{},"{""proportion"": 0.9166666666666666, ""confidence"": [0.8088780761905122, 0.9662046980787563], ""p_value"": 4.2046503743466655e-17, ""contingency"": [[33, 3], [231, 13598]]}",{}
33,NC00962.3,MXF-0.25-0.9-0.4,0.0,GARC1,RUS,MXF,gyrA@A90V,R,{},"{""proportion"": 0.5849802371541502, ""confidence"": [0.5553112530583727, 0.6140455293736226], ""p_value"": 5.38343305300715e-85, ""contingency"": [[444, 315], [231, 13598]]}",{}
34,NC00962.3,MXF-0.25-0.9-0.4,0.0,GARC1,RUS,MXF,gyrB@N499D,R,{},"{""proportion"": 0.7, ""confidence"": [0.4416997958698351, 0.8731234160968021], ""p_value"": 0.003505706787109375, ""contingency"": [[7, 3], [231, 13598]]}",{}
35,NC00962.3,MXF-0.25-0.9-0.4,0.0,GARC1,RUS,MXF,gyrA@D94H,R,{},"{""proportion"": 0.7833333333333333, ""confidence"": [0.6846652502436339, 0.8575515638868463], ""p_value"": 6.806051919113376e-18, ""contingency"": [[47, 13], [231, 13598]]}",{}
58,NC00962.3,MXF-0.25-0.9-0.4,0.0,GARC1,RUS,MXF,gyrA@D94S,R,{},"{""proportion"": 0.7857142857142857, ""confidence"": [0.5679507254010009, 0.9109322287502918], ""p_value"": 3.982335329055786e-05, ""contingency"": [[11, 3], [231, 13598]]}",{}
99,NC00962.3,MXF-0.25-0.9-0.4,0.0,GARC1,RUS,MXF,gyrA@D89N,R,{},"{""proportion"": 0.6428571428571429, ""confidence"": [0.4255074533419056, 0.8139340237337408], ""p_value"": 0.002154175192117691, ""contingency"": [[9, 5], [231, 13598]]}",{}
294,NC00962.3,MXF-0.25-0.9-0.4,0.0,GARC1,RUS,MXF,gyrA@L105R,R,{},"{""proportion"": 1.0, ""confidence"": [0.4250306090063464, 1.0], ""p_value"": 0.0625, ""contingency"": [[2, 0], [231, 13598]]}",{}
345,NC00962.3,MXF-0.25-0.9-0.4,0.0,GARC1,RUS,MXF,gyrA@D94R,R,{},"{""proportion"": 1.0, ""confidence"": [0.4250306090063464, 1.0], ""p_value"": 0.0625, ""contingency"": [[2, 0], [231, 13598]]}",{}
25,NC00962.3,MXF-0.25-0.9-0.4,0.0,GARC1,RUS,MXF,gyrA@T5A,U,{},"{""proportion"": 0.07142857142857142, ""confidence"": [0.016099895800737347, 0.2655756729723237], ""p_value"": 0.21263734251260757, ""contingency"": [[1, 13], [231, 13598]]}",{}
27,NC00962.3,MXF-0.25-0.9-0.4,0.0,GARC1,RUS,MXF,gyrA@D89G,U,{},"{""proportion"": 0.25, ""confidence"": [0.05790732119985871, 0.6438319914014936], ""p_value"": 1.0, ""contingency"": [[1, 3], [231, 13598]]}",{}
28,NC00962.3,MXF-0.25-0.9-0.4,0.0,GARC1,RUS,MXF,gyrA@A288D,U,{},"{""proportion"": 0.3333333333333333, ""confidence"": [0.141970901794995, 0.6017402713115905], ""p_value"": 0.6996612548828125, ""contingency"": [[3, 6], [231, 13598]]}",{}
36,NC00962.3,MXF-0.25-0.9-0.4,0.0,GARC1,RUS,MXF,gyrB@V630I,U,{},"{""proportion"": 0.0, ""confidence"": [0.0, 0.3511165007651012], ""p_value"": 0.34082031250000006, ""contingency"": [[0, 5], [231, 13598]]}",{}
37,NC00962.3,MXF-0.25-0.9-0.4,0.0,GARC1,RUS,MXF,gyrB@T500A,U,{},"{""proportion"": 0.2, ""confidence"": [0.045962453880603965, 0.5647074465784567], ""p_value"": 1.0, ""contingency"": [[1, 4], [231, 13598]]}",{}
38,NC00962.3,MXF-0.25-0.9-0.4,0.0,GARC1,RUS,MXF,gyrA@g-19t,U,{},"{""proportion"": 0.0, ""confidence"": [0.0, 0.278762695452542], ""p_value"": 0.20404052734375, ""contingency"": [[0, 7], [231, 13598]]}",{}
39,NC00962.3,MXF-0.25-0.9-0.4,0.0,GARC1,RUS,MXF,gyrB@D461N,U,{},"{""proportion"": 0.17857142857142858, ""confidence"": [0.08973188736511072, 0.32405474608399654], ""p_value"": 0.5136491926749789, ""contingency"": [[5, 23], [231, 13598]]}",{}
40,NC00962.3,MXF-0.25-0.9-0.4,0.0,GARC1,RUS,MXF,gyrA@I15V,U,{},"{""proportion"": 0.0, ""confidence"": [0.0, 0.40347862520270455], ""p_value"": 0.578125, ""contingency"": [[0, 4], [231, 13598]]}",{}
41,NC00962.3,MXF-0.25-0.9-0.4,0.0,GARC1,RUS,MXF,gyrB@P628A,U,{},"{""proportion"": 0.0, ""confidence"": [0.0, 0.31078398130591417], ""p_value"": 0.347412109375, ""contingency"": [[0, 6], [231, 13598]]}",{}
42,NC00962.3,MXF-0.25-0.9-0.4,0.0,GARC1,RUS,MXF,gyrA@G88A,U,{},"{""proportion"": 0.23076923076923078, ""confidence"": [0.09623174592944168, 0.4580657528830133], ""p_value"": 1.0, ""contingency"": [[3, 10], [231, 13598]]}",{}
43,NC00962.3,MXF-0.25-0.9-0.4,0.0,GARC1,RUS,MXF,gyrB@K498R,U,{},"{""proportion"": 0.0, ""confidence"": [0.0, 0.7301340512159458], ""p_value"": 1.0, ""contingency"": [[0, 1], [231, 13598]]}",{}
44,NC00962.3,MXF-0.25-0.9-0.4,0.0,GARC1,RUS,MXF,gyrB@A504V,U,{},"{""proportion"": 0.0, ""confidence"": [0.0, 0.31078398130591417], ""p_value"": 0.347412109375, ""contingency"": [[0, 6], [231, 13598]]}",{}
45,NC00962.3,MXF-0.25-0.9-0.4,0.0,GARC1,RUS,MXF,gyrA@S728L,U,{},"{""proportion"": 0.0, ""confidence"": [0.0, 0.4741955741575127], ""p_value"": 1.0, ""contingency"": [[0, 3], [231, 13598]]}",{}
46,NC00962.3,MXF-0.25-0.9-0.4,0.0,GARC1,RUS,MXF,gyrA@E214D,U,{},"{""proportion"": 0.0, ""confidence"": [0.0, 0.25272359742376316], ""p_value"": 0.21392822265625003, ""contingency"": [[0, 8], [231, 13598]]}",{}
47,NC00962.3,MXF-0.25-0.9-0.4,0.0,GARC1,RUS,MXF,gyrA@F640V,U,{},"{""proportion"": 0.0, ""confidence"": [0.0, 0.7301340512159458], ""p_value"": 1.0, ""contingency"": [[0, 1], [231, 13598]]}",{}
48,NC00962.3,MXF-0.25-0.9-0.4,0.0,GARC1,RUS,MXF,gyrA@T80A,U,{},"{""proportion"": 0.0, ""confidence"": [0.0, 0.278762695452542], ""p_value"": 0.20404052734375, ""contingency"": [[0, 7], [231, 13598]]}",{}
49,NC00962.3,MXF-0.25-0.9-0.4,0.0,GARC1,RUS,MXF,gyrB@R446H,U,{},"{""proportion"": 0.18181818181818182, ""confidence"": [0.06211525251916967, 0.42714250486597793], ""p_value"": 1.0, ""contingency"": [[2, 9], [231, 13598]]}",{}
50,NC00962.3,MXF-0.25-0.9-0.4,0.0,GARC1,RUS,MXF,gyrA@V768A,U,{},"{""proportion"": 0.0, ""confidence"": [0.0, 0.7301340512159458], ""p_value"": 1.0, ""contingency"": [[0, 1], [231, 13598]]}",{}
51,NC00962.3,MXF-0.25-0.9-0.4,0.0,GARC1,RUS,MXF,gyrA@R578Q,U,{},"{""proportion"": 0.09090909090909091, ""confidence"": [0.020549531219243414, 0.3227818711330893], ""p_value"": 0.3117237091064453, ""contingency"": [[1, 10], [231, 13598]]}",{}
52,NC00962.3,MXF-0.25-0.9-0.4,0.0,GARC1,RUS,MXF,gyrB@P439A,U,{},"{""proportion"": 0.0, ""confidence"": [0.0, 0.7301340512159458], ""p_value"": 1.0, ""contingency"": [[0, 1], [231, 13598]]}",{}
53,NC00962.3,MXF-0.25-0.9-0.4,0.0,GARC1,RUS,MXF,gyrB@S447F,U,{},"{""proportion"": 0.3333333333333333, ""confidence"": [0.15948534492584052, 0.5685083866566518], ""p_value"": 0.5096031427383423, ""contingency"": [[4, 8], [231, 13598]]}",{}
54,NC00962.3,MXF-0.25-0.9-0.4,0.0,GARC1,RUS,MXF,gyrB@S661T,U,{},"{""proportion"": 0.0, ""confidence"": [0.0, 0.4741955741575127], ""p_value"": 1.0, ""contingency"": [[0, 3], [231, 13598]]}",{}
55,NC00962.3,MXF-0.25-0.9-0.4,0.0,GARC1,RUS,MXF,gyrA@P741L,U,{},"{""proportion"": 0.0, ""confidence"": [0.0, 0.7301340512159458], ""p_value"": 1.0, ""contingency"": [[0, 1], [231, 13598]]}",{}
56,NC00962.3,MXF-0.25-0.9-0.4,0.0,GARC1,RUS,MXF,gyrA@Q573H,U,{},"{""proportion"": 0.0, ""confidence"": [0.0, 0.7301340512159458], ""p_value"": 1.0, ""contingency"": [[0, 1], [231, 13598]]}",{}
57,NC00962.3,MXF-0.25-0.9-0.4,0.0,GARC1,RUS,MXF,gyrA@A175G,U,{},"{""proportion"": 0.0, ""confidence"": [0.0, 0.7301340512159458], ""p_value"": 1.0, ""contingency"": [[0, 1], [231, 13598]]}",{}
59,NC00962.3,MXF-0.25-0.9-0.4,0.0,GARC1,RUS,MXF,gyrA@V624L,U,{},"{""proportion"": 0.0, ""confidence"": [0.0, 0.4741955741575127], ""p_value"": 1.0, ""contingency"": [[0, 3], [231, 13598]]}",{}
60,NC00962.3,MXF-0.25-0.9-0.4,0.0,GARC1,RUS,MXF,gyrB@K452N,U,{},"{""proportion"": 0.0, ""confidence"": [0.0, 0.7301340512159458], ""p_value"": 1.0, ""contingency"": [[0, 1], [231, 13598]]}",{}
61,NC00962.3,MXF-0.25-0.9-0.4,0.0,GARC1,RUS,MXF,gyrB@G512R,U,{},"{""proportion"": 0.125, ""confidence"": [0.028399323737810202, 0.41114337433001213], ""p_value"": 0.68853759765625, ""contingency"": [[1, 7], [231, 13598]]}",{}
62,NC00962.3,MXF-0.25-0.9-0.4,0.0,GARC1,RUS,MXF,gyrB@R446C,U,{},"{""proportion"": 0.2857142857142857, ""confidence"": [0.135334003881665, 0.5055037805048656], ""p_value"": 0.7597876638174057, ""contingency"": [[4, 10], [231, 13598]]}",{}
63,NC00962.3,MXF-0.25-0.9-0.4,0.0,GARC1,RUS,MXF,gyrA@D829E,U,{},"{""proportion"": 0.0, ""confidence"": [0.0, 0.4741955741575127], ""p_value"": 1.0, ""contingency"": [[0, 3], [231, 13598]]}",{}
64,NC00962.3,MXF-0.25-0.9-0.4,0.0,GARC1,RUS,MXF,gyrB@I607V,U,{},"{""proportion"": 0.0, ""confidence"": [0.0, 0.5749693909936535], ""p_value"": 1.0, ""contingency"": [[0, 2], [231, 13598]]}",{}
65,NC00962.3,MXF-0.25-0.9-0.4,0.0,GARC1,RUS,MXF,gyrA@R252G,U,{},"{""proportion"": 0.0, ""confidence"": [0.0, 0.7301340512159458], ""p_value"": 1.0, ""contingency"": [[0, 1], [231, 13598]]}",{}
66,NC00962.3,MXF-0.25-0.9-0.4,0.0,GARC1,RUS,MXF,gyrA@E140G,U,{},"{""proportion"": 0.0, ""confidence"": [0.0, 0.7301340512159458], ""p_value"": 1.0, ""contingency"": [[0, 1], [231, 13598]]}",{}
67,NC00962.3,MXF-0.25-0.9-0.4,0.0,GARC1,RUS,MXF,gyrB@T37S,U,{},"{""proportion"": 0.0, ""confidence"": [0.0, 0.7301340512159458], ""p_value"": 1.0, ""contingency"": [[0, 1], [231, 13598]]}",{}
68,NC00962.3,MXF-0.25-0.9-0.4,0.0,GARC1,RUS,MXF,gyrB@C388G,U,{},"{""proportion"": 0.0, ""confidence"": [0.0, 0.5749693909936535], ""p_value"": 1.0, ""contingency"": [[0, 2], [231, 13598]]}",{}
69,NC00962.3,MXF-0.25-0.9-0.4,0.0,GARC1,RUS,MXF,gyrB@D225G,U,{},"{""proportion"": 0.0, ""confidence"": [0.0, 0.5749693909936535], ""p_value"": 1.0, ""contingency"": [[0, 2], [231, 13598]]}",{}
70,NC00962.3,MXF-0.25-0.9-0.4,0.0,GARC1,RUS,MXF,gyrA@N282K,U,{},"{""proportion"": 0.0, ""confidence"": [0.0, 0.40347862520270455], ""p_value"": 0.578125, ""contingency"": [[0, 4], [231, 13598]]}",{}
71,NC00962.3,MXF-0.25-0.9-0.4,0.0,GARC1,RUS,MXF,gyrB@A78V,U,{},"{""proportion"": 0.0, ""confidence"": [0.0, 0.7301340512159458], ""p_value"": 1.0, ""contingency"": [[0, 1], [231, 13598]]}",{}
72,NC00962.3,MXF-0.25-0.9-0.4,0.0,GARC1,RUS,MXF,gyrB@P439R,U,{},"{""proportion"": 0.0, ""confidence"": [0.0, 0.7301340512159458], ""p_value"": 1.0, ""contingency"": [[0, 1], [231, 13598]]}",{}
73,NC00962.3,MXF-0.25-0.9-0.4,0.0,GARC1,RUS,MXF,gyrB@T170M,U,{},"{""proportion"": 0.0, ""confidence"": [0.0, 0.5749693909936535], ""p_value"": 1.0, ""contingency"": [[0, 2], [231, 13598]]}",{}
74,NC00962.3,MXF-0.25-0.9-0.4,0.0,GARC1,RUS,MXF,gyrB@c-87g,U,{},"{""proportion"": 0.0, ""confidence"": [0.0, 0.5749693909936535], ""p_value"": 1.0, ""contingency"": [[0, 2], [231, 13598]]}",{}
75,NC00962.3,MXF-0.25-0.9-0.4,0.0,GARC1,RUS,MXF,gyrA@E459K,U,{},"{""proportion"": 0.0, ""confidence"": [0.0, 0.7301340512159458], ""p_value"": 1.0, ""contingency"": [[0, 1], [231, 13598]]}",{}
76,NC00962.3,MXF-0.25-0.9-0.4,0.0,GARC1,RUS,MXF,gyrB@T664I,U,{},"{""proportion"": 0.0, ""confidence"": [0.0, 0.40347862520270455], ""p_value"": 0.578125, ""contingency"": [[0, 4], [231, 13598]]}",{}
77,NC00962.3,MXF-0.25-0.9-0.4,0.0,GARC1,RUS,MXF,gyrA@V235A,U,{},"{""proportion"": 0.0, ""confidence"": [0.0, 0.7301340512159458], ""p_value"": 1.0, ""contingency"": [[0, 1], [231, 13598]]}",{}
78,NC00962.3,MXF-0.25-0.9-0.4,0.0,GARC1,RUS,MXF,gyrA@F569C,U,{},"{""proportion"": 0.0, ""confidence"": [0.0, 0.7301340512159458], ""p_value"": 1.0, ""contingency"": [[0, 1], [231, 13598]]}",{}
79,NC00962.3,MXF-0.25-0.9-0.4,0.0,GARC1,RUS,MXF,gyrA@R26H,U,{},"{""proportion"": 0.0, ""confidence"": [0.0, 0.7301340512159458], ""p_value"": 1.0, ""contingency"": [[0, 1], [231, 13598]]}",{}
80,NC00962.3,MXF-0.25-0.9-0.4,0.0,GARC1,RUS,MXF,gyrA@A787G,U,{},"{""proportion"": 0.0, ""confidence"": [0.0, 0.3511165007651012], ""p_value"": 0.34082031250000006, ""contingency"": [[0, 5], [231, 13598]]}",{}
81,NC00962.3,MXF-0.25-0.9-0.4,0.0,GARC1,RUS,MXF,gyrB@D216G,U,{},"{""proportion"": 0.0, ""confidence"": [0.0, 0.7301340512159458], ""p_value"": 1.0, ""contingency"": [[0, 1], [231, 13598]]}",{}
82,NC00962.3,MXF-0.25-0.9-0.4,0.0,GARC1,RUS,MXF,gyrB@A398V,U,{},"{""proportion"": 0.0, ""confidence"": [0.0, 0.31078398130591417], ""p_value"": 0.347412109375, ""contingency"": [[0, 6], [231, 13598]]}",{}
83,NC00962.3,MXF-0.25-0.9-0.4,0.0,GARC1,RUS,MXF,gyrA@E412A,U,{},"{""proportion"": 0.0, ""confidence"": [0.0, 0.7301340512159458], ""p_value"": 1.0, ""contingency"": [[0, 1], [231, 13598]]}",{}
84,NC00962.3,MXF-0.25-0.9-0.4,0.0,GARC1,RUS,MXF,gyrA@V783M,U,{},"{""proportion"": 0.0, ""confidence"": [0.0, 0.40347862520270455], ""p_value"": 0.578125, ""contingency"": [[0, 4], [231, 13598]]}",{}
85,NC00962.3,MXF-0.25-0.9-0.4,0.0,GARC1,RUS,MXF,gyrB@P343S,U,{},"{""proportion"": 0.0, ""confidence"": [0.0, 0.7301340512159458], ""p_value"": 1.0, ""contingency"": [[0, 1], [231, 13598]]}",{}
86,NC00962.3,MXF-0.25-0.9-0.4,0.0,GARC1,RUS,MXF,gyrA@S642C,U,{},"{""proportion"": 0.0, ""confidence"": [0.0, 0.5749693909936535], ""p_value"": 1.0, ""contingency"": [[0, 2], [231, 13598]]}",{}
87,NC00962.3,MXF-0.25-0.9-0.4,0.0,GARC1,RUS,MXF,gyrA@G236V,U,{},"{""proportion"": 0.0, ""confidence"": [0.0, 0.7301340512159458], ""p_value"": 1.0, ""contingency"": [[0, 1], [231, 13598]]}",{}
88,NC00962.3,MXF-0.25-0.9-0.4,0.0,GARC1,RUS,MXF,gyrA@R392H,U,{},"{""proportion"": 0.0, ""confidence"": [0.0, 0.5749693909936535], ""p_value"": 1.0, ""contingency"": [[0, 2], [231, 13598]]}",{}
89,NC00962.3,MXF-0.25-0.9-0.4,0.0,GARC1,RUS,MXF,gyrA@D94C,U,{},"{""proportion"": 0.6, ""confidence"": [0.2724831718661929, 0.857293527980787], ""p_value"": 0.103515625, ""contingency"": [[3, 2], [231, 13598]]}",{}
90,NC00962.3,MXF-0.25-0.9-0.4,0.0,GARC1,RUS,MXF,gyrA@R789H,U,{},"{""proportion"": 0.0, ""confidence"": [0.0, 0.7301340512159458], ""p_value"": 1.0, ""contingency"": [[0, 1], [231, 13598]]}",{}
91,NC00962.3,MXF-0.25-0.9-0.4,0.0,GARC1,RUS,MXF,gyrA@E148D,U,{},"{""proportion"": 0.0, ""confidence"": [0.0, 0.7301340512159458], ""p_value"": 1.0, ""contingency"": [[0, 1], [231, 13598]]}",{}
92,NC00962.3,MXF-0.25-0.9-0.4,0.0,GARC1,RUS,MXF,gyrA@S506N,U,{},"{""proportion"": 0.0, ""confidence"": [0.0, 0.7301340512159458], ""p_value"": 1.0, ""contingency"": [[0, 1], [231, 13598]]}",{}
93,NC00962.3,MXF-0.25-0.9-0.4,0.0,GARC1,RUS,MXF,gyrB@N499S,U,{},"{""proportion"": 0.0, ""confidence"": [0.0, 0.3511165007651012], ""p_value"": 0.34082031250000006, ""contingency"": [[0, 5], [231, 13598]]}",{}
94,NC00962.3,MXF-0.25-0.9-0.4,0.0,GARC1,RUS,MXF,gyrB@A90G,U,{},"{""proportion"": 0.0, ""confidence"": [0.0, 0.31078398130591417], ""p_value"": 0.347412109375, ""contingency"": [[0, 6], [231, 13598]]}",{}
95,NC00962.3,MXF-0.25-0.9-0.4,0.0,GARC1,RUS,MXF,gyrB@V75G,U,{},"{""proportion"": 0.0, ""confidence"": [0.0, 0.7301340512159458], ""p_value"": 1.0, ""contingency"": [[0, 1], [231, 13598]]}",{}
96,NC00962.3,MXF-0.25-0.9-0.4,0.0,GARC1,RUS,MXF,gyrA@T836R,U,{},"{""proportion"": 0.3333333333333333, ""confidence"": [0.0782657263337284, 0.7464661317187757], ""p_value"": 1.0, ""contingency"": [[1, 2], [231, 13598]]}",{}
97,NC00962.3,MXF-0.25-0.9-0.4,0.0,GARC1,RUS,MXF,gyrA@P154R,U,{},"{""proportion"": 0.0, ""confidence"": [0.0, 0.25272359742376316], ""p_value"": 0.21392822265625003, ""contingency"": [[0, 8], [231, 13598]]}",{}
98,NC00962.3,MXF-0.25-0.9-0.4,0.0,GARC1,RUS,MXF,gyrA@D467H,U,{},"{""proportion"": 0.0, ""confidence"": [0.0, 0.7301340512159458], ""p_value"": 1.0, ""contingency"": [[0, 1], [231, 13598]]}",{}
100,NC00962.3,MXF-0.25-0.9-0.4,0.0,GARC1,RUS,MXF,gyrA@E808Q,U,{},"{""proportion"": 0.0, ""confidence"": [0.0, 0.7301340512159458], ""p_value"": 1.0, ""contingency"": [[0, 1], [231, 13598]]}",{}
101,NC00962.3,MXF-0.25-0.9-0.4,0.0,GARC1,RUS,MXF,gyrA@S95A,U,{},"{""proportion"": 0.0, ""confidence"": [0.0, 0.7301340512159458], ""p_value"": 1.0, ""contingency"": [[0, 1], [231, 13598]]}",{}
102,NC00962.3,MXF-0.25-0.9-0.4,0.0,GARC1,RUS,MXF,gyrA@Q277R,U,{},"{""proportion"": 0.0, ""confidence"": [0.0, 0.5749693909936535], ""p_value"": 1.0, ""contingency"": [[0, 2], [231, 13598]]}",{}
103,NC00962.3,MXF-0.25-0.9-0.4,0.0,GARC1,RUS,MXF,gyrA@I189M,U,{},"{""proportion"": 0.0, ""confidence"": [0.0, 0.7301340512159458], ""p_value"": 1.0, ""contingency"": [[0, 1], [231, 13598]]}",{}
104,NC00962.3,MXF-0.25-0.9-0.4,0.0,GARC1,RUS,MXF,gyrB@I34V,U,{},"{""proportion"": 0.0, ""confidence"": [0.0, 0.25272359742376316], ""p_value"": 0.21392822265625003, ""contingency"": [[0, 8], [231, 13598]]}",{}
105,NC00962.3,MXF-0.25-0.9-0.4,0.0,GARC1,RUS,MXF,gyrB@A644D,U,{},"{""proportion"": 0.0, ""confidence"": [0.0, 0.40347862520270455], ""p_value"": 0.578125, ""contingency"": [[0, 4], [231, 13598]]}",{}
106,NC00962.3,MXF-0.25-0.9-0.4,0.0,GARC1,RUS,MXF,gyrA@H368Q,U,{},"{""proportion"": 0.0, ""confidence"": [0.0, 0.4741955741575127], ""p_value"": 1.0, ""contingency"": [[0, 3], [231, 13598]]}",{}
107,NC00962.3,MXF-0.25-0.9-0.4,0.0,GARC1,RUS,MXF,gyrB@R634L,U,{},"{""proportion"": 0.0, ""confidence"": [0.0, 0.5749693909936535], ""p_value"": 1.0, ""contingency"": [[0, 2], [231, 13598]]}",{}
108,NC00962.3,MXF-0.25-0.9-0.4,0.0,GARC1,RUS,MXF,gyrA@D488E,U,{},"{""proportion"": 0.0, ""confidence"": [0.0, 0.4741955741575127], ""p_value"": 1.0, ""contingency"": [[0, 3], [231, 13598]]}",{}
109,NC00962.3,MXF-0.25-0.9-0.4,0.0,GARC1,RUS,MXF,gyrB@K498N,U,{},"{""proportion"": 0.0, ""confidence"": [0.0, 0.7301340512159458], ""p_value"": 1.0, ""contingency"": [[0, 1], [231, 13598]]}",{}
110,NC00962.3,MXF-0.25-0.9-0.4,0.0,GARC1,RUS,MXF,gyrA@T230S,U,{},"{""proportion"": 0.0, ""confidence"": [0.0, 0.7301340512159458], ""p_value"": 1.0, ""contingency"": [[0, 1], [231, 13598]]}",{}
111,NC00962.3,MXF-0.25-0.9-0.4,0.0,GARC1,RUS,MXF,gyrA@P108S,U,{},"{""proportion"": 0.0, ""confidence"": [0.0, 0.7301340512159458], ""p_value"": 1.0, ""contingency"": [[0, 1], [231, 13598]]}",{}
112,NC00962.3,MXF-0.25-0.9-0.4,0.0,GARC1,RUS,MXF,gyrA@N826D,U,{},"{""proportion"": 0.0, ""confidence"": [0.0, 0.4741955741575127], ""p_value"": 1.0, ""contingency"": [[0, 3], [231, 13598]]}",{}
113,NC00962.3,MXF-0.25-0.9-0.4,0.0,GARC1,RUS,MXF,gyrA@V716F,U,{},"{""proportion"": 0.0, ""confidence"": [0.0, 0.7301340512159458], ""p_value"": 1.0, ""contingency"": [[0, 1], [231, 13598]]}",{}
114,NC00962.3,MXF-0.25-0.9-0.4,0.0,GARC1,RUS,MXF,gyrA@D507H,U,{},"{""proportion"": 0.0, ""confidence"": [0.0, 0.7301340512159458], ""p_value"": 1.0, ""contingency"": [[0, 1], [231, 13598]]}",{}
115,NC00962.3,MXF-0.25-0.9-0.4,0.0,GARC1,RUS,MXF,gyrB@1920_del_cgc,U,{},"{""proportion"": 0.0, ""confidence"": [0.0, 0.25272359742376316], ""p_value"": 0.21392822265625003, ""contingency"": [[0, 8], [231, 13598]]}",{}
116,NC00962.3,MXF-0.25-0.9-0.4,0.0,GARC1,RUS,MXF,gyrB@P254L,U,{},"{""proportion"": 0.0, ""confidence"": [0.0, 0.4741955741575127], ""p_value"": 1.0, ""contingency"": [[0, 3], [231, 13598]]}",{}
117,NC00962.3,MXF-0.25-0.9-0.4,0.0,GARC1,RUS,MXF,gyrA@R615H,U,{},"{""proportion"": 0.0, ""confidence"": [0.0, 0.7301340512159458], ""p_value"": 1.0, ""contingency"": [[0, 1], [231, 13598]]}",{}
118,NC00962.3,MXF-0.25-0.9-0.4,0.0,GARC1,RUS,MXF,gyrB@G520A,U,{},"{""proportion"": 0.0, ""confidence"": [0.0, 0.40347862520270455], ""p_value"": 0.578125, ""contingency"": [[0, 4], [231, 13598]]}",{}
119,NC00962.3,MXF-0.25-0.9-0.4,0.0,GARC1,RUS,MXF,gyrB@A90T,U,{},"{""proportion"": 0.0, ""confidence"": [0.0, 0.7301340512159458], ""p_value"": 1.0, ""contingency"": [[0, 1], [231, 13598]]}",{}
120,NC00962.3,MXF-0.25-0.9-0.4,0.0,GARC1,RUS,MXF,gyrA@A667V,U,{},"{""proportion"": 0.0, ""confidence"": [0.0, 0.7301340512159458], ""p_value"": 1.0, ""contingency"": [[0, 1], [231, 13598]]}",{}
121,NC00962.3,MXF-0.25-0.9-0.4,0.0,GARC1,RUS,MXF,gyrA@c-32t,U,{},"{""proportion"": 0.0, ""confidence"": [0.0, 0.4741955741575127], ""p_value"": 1.0, ""contingency"": [[0, 3], [231, 13598]]}",{}
122,NC00962.3,MXF-0.25-0.9-0.4,0.0,GARC1,RUS,MXF,gyrA@E79K,U,{},"{""proportion"": 0.0, ""confidence"": [0.0, 0.7301340512159458], ""p_value"": 1.0, ""contingency"": [[0, 1], [231, 13598]]}",{}
123,NC00962.3,MXF-0.25-0.9-0.4,0.0,GARC1,RUS,MXF,gyrB@A233V,U,{},"{""proportion"": 0.0, ""confidence"": [0.0, 0.7301340512159458], ""p_value"": 1.0, ""contingency"": [[0, 1], [231, 13598]]}",{}
124,NC00962.3,MXF-0.25-0.9-0.4,0.0,GARC1,RUS,MXF,gyrB@A403V,U,{},"{""proportion"": 0.0, ""confidence"": [0.0, 0.7301340512159458], ""p_value"": 1.0, ""contingency"": [[0, 1], [231, 13598]]}",{}
125,NC00962.3,MXF-0.25-0.9-0.4,0.0,GARC1,RUS,MXF,gyrB@E181G,U,{},"{""proportion"": 0.0, ""confidence"": [0.0, 0.7301340512159458], ""p_value"": 1.0, ""contingency"": [[0, 1], [231, 13598]]}",{}
126,NC00962.3,MXF-0.25-0.9-0.4,0.0,GARC1,RUS,MXF,gyrB@A423V,U,{},"{""proportion"": 0.0, ""confidence"": [0.0, 0.4741955741575127], ""p_value"": 1.0, ""contingency"": [[0, 3], [231, 13598]]}",{}
127,NC00962.3,MXF-0.25-0.9-0.4,0.0,GARC1,RUS,MXF,gyrB@P343A,U,{},"{""proportion"": 0.0, ""confidence"": [0.0, 0.7301340512159458], ""p_value"": 1.0, ""contingency"": [[0, 1], [231, 13598]]}",{}
128,NC00962.3,MXF-0.25-0.9-0.4,0.0,GARC1,RUS,MXF,gyrB@E604V,U,{},"{""proportion"": 0.0, ""confidence"": [0.0, 0.5749693909936535], ""p_value"": 1.0, ""contingency"": [[0, 2], [231, 13598]]}",{}
129,NC00962.3,MXF-0.25-0.9-0.4,0.0,GARC1,RUS,MXF,gyrA@L398F,U,{},"{""proportion"": 0.0, ""confidence"": [0.0, 0.4741955741575127], ""p_value"": 1.0, ""contingency"": [[0, 3], [231, 13598]]}",{}
130,NC00962.3,MXF-0.25-0.9-0.4,0.0,GARC1,RUS,MXF,gyrB@P400R,U,{},"{""proportion"": 0.0, ""confidence"": [0.0, 0.3511165007651012], ""p_value"": 0.34082031250000006, ""contingency"": [[0, 5], [231, 13598]]}",{}
131,NC00962.3,MXF-0.25-0.9-0.4,0.0,GARC1,RUS,MXF,gyrB@T209A,U,{},"{""proportion"": 0.0, ""confidence"": [0.0, 0.4741955741575127], ""p_value"": 1.0, ""contingency"": [[0, 3], [231, 13598]]}",{}
132,NC00962.3,MXF-0.25-0.9-0.4,0.0,GARC1,RUS,MXF,gyrA@L142V,U,{},"{""proportion"": 0.0, ""confidence"": [0.0, 0.4741955741575127], ""p_value"": 1.0, ""contingency"": [[0, 3], [231, 13598]]}",{}
133,NC00962.3,MXF-0.25-0.9-0.4,0.0,GARC1,RUS,MXF,gyrB@V407L,U,{},"{""proportion"": 0.0, ""confidence"": [0.0, 0.7301340512159458], ""p_value"": 1.0, ""contingency"": [[0, 1], [231, 13598]]}",{}
134,NC00962.3,MXF-0.25-0.9-0.4,0.0,GARC1,RUS,MXF,gyrB@A242T,U,{},"{""proportion"": 0.0, ""confidence"": [0.0, 0.7301340512159458], ""p_value"": 1.0, ""contingency"": [[0, 1], [231, 13598]]}",{}
135,NC00962.3,MXF-0.25-0.9-0.4,0.0,GARC1,RUS,MXF,gyrB@K333R,U,{},"{""proportion"": 0.0, ""confidence"": [0.0, 0.7301340512159458], ""p_value"": 1.0, ""contingency"": [[0, 1], [231, 13598]]}",{}
136,NC00962.3,MXF-0.25-0.9-0.4,0.0,GARC1,RUS,MXF,gyrA@T339S,U,{},"{""proportion"": 0.0, ""confidence"": [0.0, 0.7301340512159458], ""p_value"": 1.0, ""contingency"": [[0, 1], [231, 13598]]}",{}
137,NC00962.3,MXF-0.25-0.9-0.4,0.0,GARC1,RUS,MXF,gyrA@Q22H,U,{},"{""proportion"": 0.0, ""confidence"": [0.0, 0.7301340512159458], ""p_value"": 1.0, ""contingency"": [[0, 1], [231, 13598]]}",{}
138,NC00962.3,MXF-0.25-0.9-0.4,0.0,GARC1,RUS,MXF,gyrA@R615L,U,{},"{""proportion"": 0.0, ""confidence"": [0.0, 0.7301340512159458], ""p_value"": 1.0, ""contingency"": [[0, 1], [231, 13598]]}",{}
139,NC00962.3,MXF-0.25-0.9-0.4,0.0,GARC1,RUS,MXF,gyrA@D515N,U,{},"{""proportion"": 0.0, ""confidence"": [0.0, 0.7301340512159458], ""p_value"": 1.0, ""contingency"": [[0, 1], [231, 13598]]}",{}
140,NC00962.3,MXF-0.25-0.9-0.4,0.0,GARC1,RUS,MXF,gyrA@T590M,U,{},"{""proportion"": 0.0, ""confidence"": [0.0, 0.7301340512159458], ""p_value"": 1.0, ""contingency"": [[0, 1], [231, 13598]]}",{}
141,NC00962.3,MXF-0.25-0.9-0.4,0.0,GARC1,RUS,MXF,gyrA@g-9t,U,{},"{""proportion"": 0.0, ""confidence"": [0.0, 0.7301340512159458], ""p_value"": 1.0, ""contingency"": [[0, 1], [231, 13598]]}",{}
142,NC00962.3,MXF-0.25-0.9-0.4,0.0,GARC1,RUS,MXF,gyrB@P177L,U,{},"{""proportion"": 0.0, ""confidence"": [0.0, 0.5749693909936535], ""p_value"": 1.0, ""contingency"": [[0, 2], [231, 13598]]}",{}
143,NC00962.3,MXF-0.25-0.9-0.4,0.0,GARC1,RUS,MXF,gyrA@L346V,U,{},"{""proportion"": 0.0, ""confidence"": [0.0, 0.4741955741575127], ""p_value"": 1.0, ""contingency"": [[0, 3], [231, 13598]]}",{}
144,NC00962.3,MXF-0.25-0.9-0.4,0.0,GARC1,RUS,MXF,gyrA@2458_del_gaagaaagtggcgacgataatgccgtggacgccaacggcgcagaccagacgggcaattaa,U,{},"{""proportion"": 0.0, ""confidence"": [0.0, 0.7301340512159458], ""p_value"": 1.0, ""contingency"": [[0, 1], [231, 13598]]}",{}
145,NC00962.3,MXF-0.25-0.9-0.4,0.0,GARC1,RUS,MXF,gyrA@D488A,U,{},"{""proportion"": 0.0, ""confidence"": [0.0, 0.7301340512159458], ""p_value"": 1.0, ""contingency"": [[0, 1], [231, 13598]]}",{}
146,NC00962.3,MXF-0.25-0.9-0.4,0.0,GARC1,RUS,MXF,gyrB@I271V,U,{},"{""proportion"": 0.0, ""confidence"": [0.0, 0.7301340512159458], ""p_value"": 1.0, ""contingency"": [[0, 1], [231, 13598]]}",{}
147,NC00962.3,MXF-0.25-0.9-0.4,0.0,GARC1,RUS,MXF,gyrA@L425F,U,{},"{""proportion"": 0.0, ""confidence"": [0.0, 0.7301340512159458], ""p_value"": 1.0, ""contingency"": [[0, 1], [231, 13598]]}",{}
148,NC00962.3,MXF-0.25-0.9-0.4,0.0,GARC1,RUS,MXF,gyrB@c-53g,U,{},"{""proportion"": 0.0, ""confidence"": [0.0, 0.5749693909936535], ""p_value"": 1.0, ""contingency"": [[0, 2], [231, 13598]]}",{}
149,NC00962.3,MXF-0.25-0.9-0.4,0.0,GARC1,RUS,MXF,gyrA@H70R,U,{},"{""proportion"": 0.3333333333333333, ""confidence"": [0.0782657263337284, 0.7464661317187757], ""p_value"": 1.0, ""contingency"": [[1, 2], [231, 13598]]}",{}
150,NC00962.3,MXF-0.25-0.9-0.4,0.0,GARC1,RUS,MXF,gyrB@E501V,U,{},"{""proportion"": 0.5, ""confidence"": [0.12086631942227369, 0.8791336805777263], ""p_value"": 0.4375, ""contingency"": [[1, 1], [231, 13598]]}",{}
151,NC00962.3,MXF-0.25-0.9-0.4,0.0,GARC1,RUS,MXF,gyrB@T214I,U,{},"{""proportion"": 0.0, ""confidence"": [0.0, 0.7301340512159458], ""p_value"": 1.0, ""contingency"": [[0, 1], [231, 13598]]}",{}
152,NC00962.3,MXF-0.25-0.9-0.4,0.0,GARC1,RUS,MXF,gyrB@R523S,U,{},"{""proportion"": 0.0, ""confidence"": [0.0, 0.5749693909936535], ""p_value"": 1.0, ""contingency"": [[0, 2], [231, 13598]]}",{}
153,NC00962.3,MXF-0.25-0.9-0.4,0.0,GARC1,RUS,MXF,gyrA@G158S,U,{},"{""proportion"": 0.0, ""confidence"": [0.0, 0.5749693909936535], ""p_value"": 1.0, ""contingency"": [[0, 2], [231, 13598]]}",{}
154,NC00962.3,MXF-0.25-0.9-0.4,0.0,GARC1,RUS,MXF,gyrB@t-60c,U,{},"{""proportion"": 0.0, ""confidence"": [0.0, 0.7301340512159458], ""p_value"": 1.0, ""contingency"": [[0, 1], [231, 13598]]}",{}
155,NC00962.3,MXF-0.25-0.9-0.4,0.0,GARC1,RUS,MXF,gyrA@Y276H,U,{},"{""proportion"": 0.0, ""confidence"": [0.0, 0.7301340512159458], ""p_value"": 1.0, ""contingency"": [[0, 1], [231, 13598]]}",{}
156,NC00962.3,MXF-0.25-0.9-0.4,0.0,GARC1,RUS,MXF,gyrA@T697A,U,{},"{""proportion"": 0.0, ""confidence"": [0.0, 0.7301340512159458], ""p_value"": 1.0, ""contingency"": [[0, 1], [231, 13598]]}",{}
157,NC00962.3,MXF-0.25-0.9-0.4,0.0,GARC1,RUS,MXF,gyrB@N66S,U,{},"{""proportion"": 0.14285714285714285, ""confidence"": [0.03254380205478664, 0.45228669469702903], ""p_value"": 1.0, ""contingency"": [[1, 6], [231, 13598]]}",{}
158,NC00962.3,MXF-0.25-0.9-0.4,0.0,GARC1,RUS,MXF,gyrB@R523C,U,{},"{""proportion"": 0.0, ""confidence"": [0.0, 0.7301340512159458], ""p_value"": 1.0, ""contingency"": [[0, 1], [231, 13598]]}",{}
159,NC00962.3,MXF-0.25-0.9-0.4,0.0,GARC1,RUS,MXF,gyrB@H560R,U,{},"{""proportion"": 0.0, ""confidence"": [0.0, 0.7301340512159458], ""p_value"": 1.0, ""contingency"": [[0, 1], [231, 13598]]}",{}
160,NC00962.3,MXF-0.25-0.9-0.4,0.0,GARC1,RUS,MXF,gyrA@I462V,U,{},"{""proportion"": 0.0, ""confidence"": [0.0, 0.40347862520270455], ""p_value"": 0.578125, ""contingency"": [[0, 4], [231, 13598]]}",{}
161,NC00962.3,MXF-0.25-0.9-0.4,0.0,GARC1,RUS,MXF,gyrA@A676V,U,{},"{""proportion"": 0.0, ""confidence"": [0.0, 0.4741955741575127], ""p_value"": 1.0, ""contingency"": [[0, 3], [231, 13598]]}",{}
162,NC00962.3,MXF-0.25-0.9-0.4,0.0,GARC1,RUS,MXF,gyrB@N499T,U,{},"{""proportion"": 0.25, ""confidence"": [0.08651484419906225, 0.5398469545128194], ""p_value"": 1.0, ""contingency"": [[2, 6], [231, 13598]]}",{}
163,NC00962.3,MXF-0.25-0.9-0.4,0.0,GARC1,RUS,MXF,gyrA@V750A,U,{},"{""proportion"": 0.0, ""confidence"": [0.0, 0.5749693909936535], ""p_value"": 1.0, ""contingency"": [[0, 2], [231, 13598]]}",{}
164,NC00962.3,MXF-0.25-0.9-0.4,0.0,GARC1,RUS,MXF,gyrB@T500N,U,{},"{""proportion"": 0.45454545454545453, ""confidence"": [0.2421049651421107, 0.6849318573414818], ""p_value"": 0.1568615436553955, ""contingency"": [[5, 6], [231, 13598]]}",{}
165,NC00962.3,MXF-0.25-0.9-0.4,0.0,GARC1,RUS,MXF,gyrA@R380G,U,{},"{""proportion"": 0.0, ""confidence"": [0.0, 0.5749693909936535], ""p_value"": 1.0, ""contingency"": [[0, 2], [231, 13598]]}",{}
166,NC00962.3,MXF-0.25-0.9-0.4,0.0,GARC1,RUS,MXF,gyrB@E604K,U,{},"{""proportion"": 0.0, ""confidence"": [0.0, 0.7301340512159458], ""p_value"": 1.0, ""contingency"": [[0, 1], [231, 13598]]}",{}
167,NC00962.3,MXF-0.25-0.9-0.4,0.0,GARC1,RUS,MXF,gyrA@E289D,U,{},"{""proportion"": 0.0, ""confidence"": [0.0, 0.5749693909936535], ""p_value"": 1.0, ""contingency"": [[0, 2], [231, 13598]]}",{}
168,NC00962.3,MXF-0.25-0.9-0.4,0.0,GARC1,RUS,MXF,gyrA@E289Q,U,{},"{""proportion"": 0.0, ""confidence"": [0.0, 0.7301340512159458], ""p_value"": 1.0, ""contingency"": [[0, 1], [231, 13598]]}",{}
169,NC00962.3,MXF-0.25-0.9-0.4,0.0,GARC1,RUS,MXF,gyrA@R513C,U,{},"{""proportion"": 0.0, ""confidence"": [0.0, 0.7301340512159458], ""p_value"": 1.0, ""contingency"": [[0, 1], [231, 13598]]}",{}
170,NC00962.3,MXF-0.25-0.9-0.4,0.0,GARC1,RUS,MXF,gyrB@A332V,U,{},"{""proportion"": 0.0, ""confidence"": [0.0, 0.7301340512159458], ""p_value"": 1.0, ""contingency"": [[0, 1], [231, 13598]]}",{}
171,NC00962.3,MXF-0.25-0.9-0.4,0.0,GARC1,RUS,MXF,gyrA@T377I,U,{},"{""proportion"": 0.0, ""confidence"": [0.0, 0.40347862520270455], ""p_value"": 0.578125, ""contingency"": [[0, 4], [231, 13598]]}",{}
172,NC00962.3,MXF-0.25-0.9-0.4,0.0,GARC1,RUS,MXF,gyrB@D461A,U,{},"{""proportion"": 0.0, ""confidence"": [0.0, 0.4741955741575127], ""p_value"": 1.0, ""contingency"": [[0, 3], [231, 13598]]}",{}
173,NC00962.3,MXF-0.25-0.9-0.4,0.0,GARC1,RUS,MXF,gyrA@M141T,U,{},"{""proportion"": 0.0, ""confidence"": [0.0, 0.7301340512159458], ""p_value"": 1.0, ""contingency"": [[0, 1], [231, 13598]]}",{}
174,NC00962.3,MXF-0.25-0.9-0.4,0.0,GARC1,RUS,MXF,gyrB@P578A,U,{},"{""proportion"": 0.0, ""confidence"": [0.0, 0.40347862520270455], ""p_value"": 0.578125, ""contingency"": [[0, 4], [231, 13598]]}",{}
175,NC00962.3,MXF-0.25-0.9-0.4,0.0,GARC1,RUS,MXF,gyrB@D434E,U,{},"{""proportion"": 0.0, ""confidence"": [0.0, 0.5749693909936535], ""p_value"": 1.0, ""contingency"": [[0, 2], [231, 13598]]}",{}
176,NC00962.3,MXF-0.25-0.9-0.4,0.0,GARC1,RUS,MXF,gyrA@A322S,U,{},"{""proportion"": 0.0, ""confidence"": [0.0, 0.7301340512159458], ""p_value"": 1.0, ""contingency"": [[0, 1], [231, 13598]]}",{}
177,NC00962.3,MXF-0.25-0.9-0.4,0.0,GARC1,RUS,MXF,gyrA@I427V,U,{},"{""proportion"": 0.0, ""confidence"": [0.0, 0.7301340512159458], ""p_value"": 1.0, ""contingency"": [[0, 1], [231, 13598]]}",{}
178,NC00962.3,MXF-0.25-0.9-0.4,0.0,GARC1,RUS,MXF,gyrB@E21D,U,{},"{""proportion"": 0.0, ""confidence"": [0.0, 0.7301340512159458], ""p_value"": 1.0, ""contingency"": [[0, 1], [231, 13598]]}",{}
179,NC00962.3,MXF-0.25-0.9-0.4,0.0,GARC1,RUS,MXF,gyrB@A432V,U,{},"{""proportion"": 0.0, ""confidence"": [0.0, 0.7301340512159458], ""p_value"": 1.0, ""contingency"": [[0, 1], [231, 13598]]}",{}
180,NC00962.3,MXF-0.25-0.9-0.4,0.0,GARC1,RUS,MXF,gyrA@D687N,U,{},"{""proportion"": 0.0, ""confidence"": [0.0, 0.7301340512159458], ""p_value"": 1.0, ""contingency"": [[0, 1], [231, 13598]]}",{}
181,NC00962.3,MXF-0.25-0.9-0.4,0.0,GARC1,RUS,MXF,gyrB@K404R,U,{},"{""proportion"": 0.0, ""confidence"": [0.0, 0.7301340512159458], ""p_value"": 1.0, ""contingency"": [[0, 1], [231, 13598]]}",{}
182,NC00962.3,MXF-0.25-0.9-0.4,0.0,GARC1,RUS,MXF,gyrB@T378S,U,{},"{""proportion"": 0.0, ""confidence"": [0.0, 0.40347862520270455], ""p_value"": 0.578125, ""contingency"": [[0, 4], [231, 13598]]}",{}
183,NC00962.3,MXF-0.25-0.9-0.4,0.0,GARC1,RUS,MXF,gyrA@Q290R,U,{},"{""proportion"": 0.0, ""confidence"": [0.0, 0.7301340512159458], ""p_value"": 1.0, ""contingency"": [[0, 1], [231, 13598]]}",{}
184,NC00962.3,MXF-0.25-0.9-0.4,0.0,GARC1,RUS,MXF,gyrA@D641Y,U,{},"{""proportion"": 0.0, ""confidence"": [0.0, 0.7301340512159458], ""p_value"": 1.0, ""contingency"": [[0, 1], [231, 13598]]}",{}
185,NC00962.3,MXF-0.25-0.9-0.4,0.0,GARC1,RUS,MXF,gyrA@L659V,U,{},"{""proportion"": 0.0, ""confidence"": [-2.1340331742842984e-17, 0.2311335193197566], ""p_value"": 0.12401199340820315, ""contingency"": [[0, 9], [231, 13598]]}",{}
186,NC00962.3,MXF-0.25-0.9-0.4,0.0,GARC1,RUS,MXF,gyrA@K319E,U,{},"{""proportion"": 0.0, ""confidence"": [0.0, 0.7301340512159458], ""p_value"": 1.0, ""contingency"": [[0, 1], [231, 13598]]}",{}
187,NC00962.3,MXF-0.25-0.9-0.4,0.0,GARC1,RUS,MXF,gyrB@t-10c,U,{},"{""proportion"": 0.0, ""confidence"": [0.0, 0.7301340512159458], ""p_value"": 1.0, ""contingency"": [[0, 1], [231, 13598]]}",{}
188,NC00962.3,MXF-0.25-0.9-0.4,0.0,GARC1,RUS,MXF,gyrA@D464E,U,{},"{""proportion"": 0.0, ""confidence"": [0.0, 0.7301340512159458], ""p_value"": 1.0, ""contingency"": [[0, 1], [231, 13598]]}",{}
189,NC00962.3,MXF-0.25-0.9-0.4,0.0,GARC1,RUS,MXF,gyrA@Y365H,U,{},"{""proportion"": 0.0, ""confidence"": [0.0, 0.7301340512159458], ""p_value"": 1.0, ""contingency"": [[0, 1], [231, 13598]]}",{}
190,NC00962.3,MXF-0.25-0.9-0.4,0.0,GARC1,RUS,MXF,gyrB@K159M,U,{},"{""proportion"": 0.0, ""confidence"": [0.0, 0.7301340512159458], ""p_value"": 1.0, ""contingency"": [[0, 1], [231, 13598]]}",{}
191,NC00962.3,MXF-0.25-0.9-0.4,0.0,GARC1,RUS,MXF,gyrA@Q475P,U,{},"{""proportion"": 0.0, ""confidence"": [0.0, 0.7301340512159458], ""p_value"": 1.0, ""contingency"": [[0, 1], [231, 13598]]}",{}
192,NC00962.3,MXF-0.25-0.9-0.4,0.0,GARC1,RUS,MXF,gyrB@c-55t,U,{},"{""proportion"": 0.0, ""confidence"": [0.0, 0.7301340512159458], ""p_value"": 1.0, ""contingency"": [[0, 1], [231, 13598]]}",{}
193,NC00962.3,MXF-0.25-0.9-0.4,0.0,GARC1,RUS,MXF,gyrA@E466A,U,{},"{""proportion"": 0.0, ""confidence"": [0.0, 0.7301340512159458], ""p_value"": 1.0, ""contingency"": [[0, 1], [231, 13598]]}",{}
194,NC00962.3,MXF-0.25-0.9-0.4,0.0,GARC1,RUS,MXF,gyrA@D94V,U,{},"{""proportion"": 0.0, ""confidence"": [0.0, 0.7301340512159458], ""p_value"": 1.0, ""contingency"": [[0, 1], [231, 13598]]}",{}
195,NC00962.3,MXF-0.25-0.9-0.4,0.0,GARC1,RUS,MXF,gyrA@P119L,U,{},"{""proportion"": 0.0, ""confidence"": [0.0, 0.7301340512159458], ""p_value"": 1.0, ""contingency"": [[0, 1], [231, 13598]]}",{}
196,NC00962.3,MXF-0.25-0.9-0.4,0.0,GARC1,RUS,MXF,gyrA@G795R,U,{},"{""proportion"": 0.0, ""confidence"": [0.0, 0.7301340512159458], ""p_value"": 1.0, ""contingency"": [[0, 1], [231, 13598]]}",{}
197,NC00962.3,MXF-0.25-0.9-0.4,0.0,GARC1,RUS,MXF,gyrB@g-4a,U,{},"{""proportion"": 0.0, ""confidence"": [0.0, 0.7301340512159458], ""p_value"": 1.0, ""contingency"": [[0, 1], [231, 13598]]}",{}
198,NC00962.3,MXF-0.25-0.9-0.4,0.0,GARC1,RUS,MXF,gyrB@R665C,U,{},"{""proportion"": 0.0, ""confidence"": [0.0, 0.7301340512159458], ""p_value"": 1.0, ""contingency"": [[0, 1], [231, 13598]]}",{}
199,NC00962.3,MXF-0.25-0.9-0.4,0.0,GARC1,RUS,MXF,gyrB@T500I,U,{},"{""proportion"": 0.0, ""confidence"": [0.0, 0.7301340512159458], ""p_value"": 1.0, ""contingency"": [[0, 1], [231, 13598]]}",{}
200,NC00962.3,MXF-0.25-0.9-0.4,0.0,GARC1,RUS,MXF,gyrB@P578S,U,{},"{""proportion"": 1.0, ""confidence"": [0.26986594878405434, 1.0000000000000002], ""p_value"": 0.25, ""contingency"": [[1, 0], [231, 13598]]}",{}
201,NC00962.3,MXF-0.25-0.9-0.4,0.0,GARC1,RUS,MXF,gyrB@D617Y,U,{},"{""proportion"": 0.0, ""confidence"": [0.0, 0.7301340512159458], ""p_value"": 1.0, ""contingency"": [[0, 1], [231, 13598]]}",{}
202,NC00962.3,MXF-0.25-0.9-0.4,0.0,GARC1,RUS,MXF,gyrB@E379G,U,{},"{""proportion"": 0.0, ""confidence"": [0.0, 0.5749693909936535], ""p_value"": 1.0, ""contingency"": [[0, 2], [231, 13598]]}",{}
203,NC00962.3,MXF-0.25-0.9-0.4,0.0,GARC1,RUS,MXF,gyrA@P17L,U,{},"{""proportion"": 0.0, ""confidence"": [0.0, 0.5749693909936535], ""p_value"": 1.0, ""contingency"": [[0, 2], [231, 13598]]}",{}
204,NC00962.3,MXF-0.25-0.9-0.4,0.0,GARC1,RUS,MXF,gyrA@D211G,U,{},"{""proportion"": 0.0, ""confidence"": [0.0, 0.7301340512159458], ""p_value"": 1.0, ""contingency"": [[0, 1], [231, 13598]]}",{}
205,NC00962.3,MXF-0.25-0.9-0.4,0.0,GARC1,RUS,MXF,gyrA@R489S,U,{},"{""proportion"": 0.0, ""confidence"": [0.0, 0.7301340512159458], ""p_value"": 1.0, ""contingency"": [[0, 1], [231, 13598]]}",{}
206,NC00962.3,MXF-0.25-0.9-0.4,0.0,GARC1,RUS,MXF,gyrA@D367E,U,{},"{""proportion"": 0.0, ""confidence"": [0.0, 0.7301340512159458], ""p_value"": 1.0, ""contingency"": [[0, 1], [231, 13598]]}",{}
207,NC00962.3,MXF-0.25-0.9-0.4,0.0,GARC1,RUS,MXF,gyrB@L156M,U,{},"{""proportion"": 0.0, ""confidence"": [0.0, 0.7301340512159458], ""p_value"": 1.0, ""contingency"": [[0, 1], [231, 13598]]}",{}
208,NC00962.3,MXF-0.25-0.9-0.4,0.0,GARC1,RUS,MXF,gyrA@A126E,U,{},"{""proportion"": 0.0, ""confidence"": [0.0, 0.7301340512159458], ""p_value"": 1.0, ""contingency"": [[0, 1], [231, 13598]]}",{}
209,NC00962.3,MXF-0.25-0.9-0.4,0.0,GARC1,RUS,MXF,gyrA@I554V,U,{},"{""proportion"": 0.0, ""confidence"": [0.0, 0.7301340512159458], ""p_value"": 1.0, ""contingency"": [[0, 1], [231, 13598]]}",{}
210,NC00962.3,MXF-0.25-0.9-0.4,0.0,GARC1,RUS,MXF,gyrB@c-37t,U,{},"{""proportion"": 0.0, ""confidence"": [0.0, 0.7301340512159458], ""p_value"": 1.0, ""contingency"": [[0, 1], [231, 13598]]}",{}
211,NC00962.3,MXF-0.25-0.9-0.4,0.0,GARC1,RUS,MXF,gyrB@E586K,U,{},"{""proportion"": 0.0, ""confidence"": [0.0, 0.40347862520270455], ""p_value"": 0.578125, ""contingency"": [[0, 4], [231, 13598]]}",{}
212,NC00962.3,MXF-0.25-0.9-0.4,0.0,GARC1,RUS,MXF,gyrA@V327L,U,{},"{""proportion"": 0.0, ""confidence"": [0.0, 0.7301340512159458], ""p_value"": 1.0, ""contingency"": [[0, 1], [231, 13598]]}",{}
213,NC00962.3,MXF-0.25-0.9-0.4,0.0,GARC1,RUS,MXF,gyrA@T563S,U,{},"{""proportion"": 0.0, ""confidence"": [0.0, 0.7301340512159458], ""p_value"": 1.0, ""contingency"": [[0, 1], [231, 13598]]}",{}
214,NC00962.3,MXF-0.25-0.9-0.4,0.0,GARC1,RUS,MXF,gyrB@P243S,U,{},"{""proportion"": 1.0, ""confidence"": [0.26986594878405434, 1.0000000000000002], ""p_value"": 0.25, ""contingency"": [[1, 0], [231, 13598]]}",{}
215,NC00962.3,MXF-0.25-0.9-0.4,0.0,GARC1,RUS,MXF,gyrA@D209G,U,{},"{""proportion"": 0.0, ""confidence"": [0.0, 0.7301340512159458], ""p_value"": 1.0, ""contingency"": [[0, 1], [231, 13598]]}",{}
216,NC00962.3,MXF-0.25-0.9-0.4,0.0,GARC1,RUS,MXF,gyrB@S447Y,U,{},"{""proportion"": 0.4, ""confidence"": [0.1427064720192132, 0.7275168281338072], ""p_value"": 0.6044921875, ""contingency"": [[2, 3], [231, 13598]]}",{}
217,NC00962.3,MXF-0.25-0.9-0.4,0.0,GARC1,RUS,MXF,gyrB@D518G,U,{},"{""proportion"": 0.0, ""confidence"": [0.0, 0.5749693909936535], ""p_value"": 1.0, ""contingency"": [[0, 2], [231, 13598]]}",{}
218,NC00962.3,MXF-0.25-0.9-0.4,0.0,GARC1,RUS,MXF,gyrA@K636N,U,{},"{""proportion"": 0.0, ""confidence"": [0.0, 0.7301340512159458], ""p_value"": 1.0, ""contingency"": [[0, 1], [231, 13598]]}",{}
219,NC00962.3,MXF-0.25-0.9-0.4,0.0,GARC1,RUS,MXF,gyrA@T735S,U,{},"{""proportion"": 0.0, ""confidence"": [0.0, 0.5749693909936535], ""p_value"": 1.0, ""contingency"": [[0, 2], [231, 13598]]}",{}
220,NC00962.3,MXF-0.25-0.9-0.4,0.0,GARC1,RUS,MXF,gyrA@V596M,U,{},"{""proportion"": 1.0, ""confidence"": [0.26986594878405434, 1.0000000000000002], ""p_value"": 0.25, ""contingency"": [[1, 0], [231, 13598]]}",{}
221,NC00962.3,MXF-0.25-0.9-0.4,0.0,GARC1,RUS,MXF,gyrB@D334G,U,{},"{""proportion"": 0.5, ""confidence"": [0.12086631942227369, 0.8791336805777263], ""p_value"": 0.4375, ""contingency"": [[1, 1], [231, 13598]]}",{}
222,NC00962.3,MXF-0.25-0.9-0.4,0.0,GARC1,RUS,MXF,gyrA@A814T,U,{},"{""proportion"": 0.0, ""confidence"": [0.0, 0.7301340512159458], ""p_value"": 1.0, ""contingency"": [[0, 1], [231, 13598]]}",{}
223,NC00962.3,MXF-0.25-0.9-0.4,0.0,GARC1,RUS,MXF,gyrA@K333N,U,{},"{""proportion"": 0.0, ""confidence"": [0.0, 0.7301340512159458], ""p_value"": 1.0, ""contingency"": [[0, 1], [231, 13598]]}",{}
224,NC00962.3,MXF-0.25-0.9-0.4,0.0,GARC1,RUS,MXF,gyrB@E501G,U,{},"{""proportion"": 0.0, ""confidence"": [0.0, 0.7301340512159458], ""p_value"": 1.0, ""contingency"": [[0, 1], [231, 13598]]}",{}
225,NC00962.3,MXF-0.25-0.9-0.4,0.0,GARC1,RUS,MXF,gyrA@S62F,U,{},"{""proportion"": 0.0, ""confidence"": [0.0, 0.5749693909936535], ""p_value"": 1.0, ""contingency"": [[0, 2], [231, 13598]]}",{}
226,NC00962.3,MXF-0.25-0.9-0.4,0.0,GARC1,RUS,MXF,gyrA@D211E,U,{},"{""proportion"": 0.0, ""confidence"": [0.0, 0.5749693909936535], ""p_value"": 1.0, ""contingency"": [[0, 2], [231, 13598]]}",{}
227,NC00962.3,MXF-0.25-0.9-0.4,0.0,GARC1,RUS,MXF,gyrA@T590A,U,{},"{""proportion"": 0.0, ""confidence"": [0.0, 0.7301340512159458], ""p_value"": 1.0, ""contingency"": [[0, 1], [231, 13598]]}",{}
228,NC00962.3,MXF-0.25-0.9-0.4,0.0,GARC1,RUS,MXF,gyrB@N558D,U,{},"{""proportion"": 0.0, ""confidence"": [0.0, 0.7301340512159458], ""p_value"": 1.0, ""contingency"": [[0, 1], [231, 13598]]}",{}
229,NC00962.3,MXF-0.25-0.9-0.4,0.0,GARC1,RUS,MXF,gyrA@D509N,U,{},"{""proportion"": 0.0, ""confidence"": [0.0, 0.7301340512159458], ""p_value"": 1.0, ""contingency"": [[0, 1], [231, 13598]]}",{}
230,NC00962.3,MXF-0.25-0.9-0.4,0.0,GARC1,RUS,MXF,gyrB@I435V,U,{},"{""proportion"": 0.0, ""confidence"": [0.0, 0.7301340512159458], ""p_value"": 1.0, ""contingency"": [[0, 1], [231, 13598]]}",{}
231,NC00962.3,MXF-0.25-0.9-0.4,0.0,GARC1,RUS,MXF,gyrA@M141I,U,{},"{""proportion"": 0.0, ""confidence"": [0.0, 0.7301340512159458], ""p_value"": 1.0, ""contingency"": [[0, 1], [231, 13598]]}",{}
232,NC00962.3,MXF-0.25-0.9-0.4,0.0,GARC1,RUS,MXF,gyrB@R553G,U,{},"{""proportion"": 1.0, ""confidence"": [0.26986594878405434, 1.0000000000000002], ""p_value"": 0.25, ""contingency"": [[1, 0], [231, 13598]]}",{}
233,NC00962.3,MXF-0.25-0.9-0.4,0.0,GARC1,RUS,MXF,gyrA@A626V,U,{},"{""proportion"": 0.0, ""confidence"": [0.0, 0.5749693909936535], ""p_value"": 1.0, ""contingency"": [[0, 2], [231, 13598]]}",{}
234,NC00962.3,MXF-0.25-0.9-0.4,0.0,GARC1,RUS,MXF,gyrA@A406V,U,{},"{""proportion"": 0.0, ""confidence"": [0.0, 0.7301340512159458], ""p_value"": 1.0, ""contingency"": [[0, 1], [231, 13598]]}",{}
235,NC00962.3,MXF-0.25-0.9-0.4,0.0,GARC1,RUS,MXF,gyrB@D342E,U,{},"{""proportion"": 0.0, ""confidence"": [0.0, 0.5749693909936535], ""p_value"": 1.0, ""contingency"": [[0, 2], [231, 13598]]}",{}
236,NC00962.3,MXF-0.25-0.9-0.4,0.0,GARC1,RUS,MXF,gyrA@E429A,U,{},"{""proportion"": 0.0, ""confidence"": [0.0, 0.7301340512159458], ""p_value"": 1.0, ""contingency"": [[0, 1], [231, 13598]]}",{}
237,NC00962.3,MXF-0.25-0.9-0.4,0.0,GARC1,RUS,MXF,gyrA@F683V,U,{},"{""proportion"": 0.0, ""confidence"": [0.0, 0.7301340512159458], ""p_value"": 1.0, ""contingency"": [[0, 1], [231, 13598]]}",{}
238,NC00962.3,MXF-0.25-0.9-0.4,0.0,GARC1,RUS,MXF,gyrB@I556V,U,{},"{""proportion"": 0.0, ""confidence"": [0.0, 0.7301340512159458], ""p_value"": 1.0, ""contingency"": [[0, 1], [231, 13598]]}",{}
239,NC00962.3,MXF-0.25-0.9-0.4,0.0,GARC1,RUS,MXF,gyrB@L555V,U,{},"{""proportion"": 0.0, ""confidence"": [0.0, 0.7301340512159458], ""p_value"": 1.0, ""contingency"": [[0, 1], [231, 13598]]}",{}
240,NC00962.3,MXF-0.25-0.9-0.4,0.0,GARC1,RUS,MXF,gyrB@V670F,U,{},"{""proportion"": 0.0, ""confidence"": [0.0, 0.4741955741575127], ""p_value"": 1.0, ""contingency"": [[0, 3], [231, 13598]]}",{}
241,NC00962.3,MXF-0.25-0.9-0.4,0.0,GARC1,RUS,MXF,gyrA@A696T,U,{},"{""proportion"": 0.0, ""confidence"": [0.0, 0.7301340512159458], ""p_value"": 1.0, ""contingency"": [[0, 1], [231, 13598]]}",{}
242,NC00962.3,MXF-0.25-0.9-0.4,0.0,GARC1,RUS,MXF,gyrA@R26C,U,{},"{""proportion"": 0.0, ""confidence"": [0.0, 0.7301340512159458], ""p_value"": 1.0, ""contingency"": [[0, 1], [231, 13598]]}",{}
243,NC00962.3,MXF-0.25-0.9-0.4,0.0,GARC1,RUS,MXF,gyrB@Q565H,U,{},"{""proportion"": 0.0, ""confidence"": [0.0, 0.7301340512159458], ""p_value"": 1.0, ""contingency"": [[0, 1], [231, 13598]]}",{}
244,NC00962.3,MXF-0.25-0.9-0.4,0.0,GARC1,RUS,MXF,gyrB@g-66t,U,{},"{""proportion"": 0.0, ""confidence"": [0.0, 0.7301340512159458], ""p_value"": 1.0, ""contingency"": [[0, 1], [231, 13598]]}",{}
245,NC00962.3,MXF-0.25-0.9-0.4,0.0,GARC1,RUS,MXF,gyrB@D220E,U,{},"{""proportion"": 0.0, ""confidence"": [0.0, 0.7301340512159458], ""p_value"": 1.0, ""contingency"": [[0, 1], [231, 13598]]}",{}
246,NC00962.3,MXF-0.25-0.9-0.4,0.0,GARC1,RUS,MXF,gyrA@A512T,U,{},"{""proportion"": 0.0, ""confidence"": [0.0, 0.7301340512159458], ""p_value"": 1.0, ""contingency"": [[0, 1], [231, 13598]]}",{}
247,NC00962.3,MXF-0.25-0.9-0.4,0.0,GARC1,RUS,MXF,gyrA@P621L,U,{},"{""proportion"": 0.0, ""confidence"": [0.0, 0.5749693909936535], ""p_value"": 1.0, ""contingency"": [[0, 2], [231, 13598]]}",{}
248,NC00962.3,MXF-0.25-0.9-0.4,0.0,GARC1,RUS,MXF,gyrB@P163L,U,{},"{""proportion"": 0.0, ""confidence"": [0.0, 0.5749693909936535], ""p_value"": 1.0, ""contingency"": [[0, 2], [231, 13598]]}",{}
249,NC00962.3,MXF-0.25-0.9-0.4,0.0,GARC1,RUS,MXF,gyrA@V544L,U,{},"{""proportion"": 0.0, ""confidence"": [0.0, 0.5749693909936535], ""p_value"": 1.0, ""contingency"": [[0, 2], [231, 13598]]}",{}
250,NC00962.3,MXF-0.25-0.9-0.4,0.0,GARC1,RUS,MXF,gyrA@A736T,U,{},"{""proportion"": 0.5, ""confidence"": [0.12086631942227369, 0.8791336805777263], ""p_value"": 0.4375, ""contingency"": [[1, 1], [231, 13598]]}",{}
251,NC00962.3,MXF-0.25-0.9-0.4,0.0,GARC1,RUS,MXF,gyrA@I348V,U,{},"{""proportion"": 0.0, ""confidence"": [0.0, 0.7301340512159458], ""p_value"": 1.0, ""contingency"": [[0, 1], [231, 13598]]}",{}
252,NC00962.3,MXF-0.25-0.9-0.4,0.0,GARC1,RUS,MXF,gyrA@E739Q,U,{},"{""proportion"": 1.0, ""confidence"": [0.26986594878405434, 1.0000000000000002], ""p_value"": 0.25, ""contingency"": [[1, 0], [231, 13598]]}",{}
253,NC00962.3,MXF-0.25-0.9-0.4,0.0,GARC1,RUS,MXF,gyrA@R65H,U,{},"{""proportion"": 0.0, ""confidence"": [0.0, 0.7301340512159458], ""p_value"": 1.0, ""contingency"": [[0, 1], [231, 13598]]}",{}
254,NC00962.3,MXF-0.25-0.9-0.4,0.0,GARC1,RUS,MXF,gyrA@A736V,U,{},"{""proportion"": 0.0, ""confidence"": [0.0, 0.4741955741575127], ""p_value"": 1.0, ""contingency"": [[0, 3], [231, 13598]]}",{}
255,NC00962.3,MXF-0.25-0.9-0.4,0.0,GARC1,RUS,MXF,gyrA@K224E,U,{},"{""proportion"": 0.0, ""confidence"": [0.0, 0.7301340512159458], ""p_value"": 1.0, ""contingency"": [[0, 1], [231, 13598]]}",{}
256,NC00962.3,MXF-0.25-0.9-0.4,0.0,GARC1,RUS,MXF,gyrA@A512G,U,{},"{""proportion"": 0.0, ""confidence"": [0.0, 0.7301340512159458], ""p_value"": 1.0, ""contingency"": [[0, 1], [231, 13598]]}",{}
257,NC00962.3,MXF-0.25-0.9-0.4,0.0,GARC1,RUS,MXF,gyrB@L673P,U,{},"{""proportion"": 0.0, ""confidence"": [0.0, 0.7301340512159458], ""p_value"": 1.0, ""contingency"": [[0, 1], [231, 13598]]}",{}
258,NC00962.3,MXF-0.25-0.9-0.4,0.0,GARC1,RUS,MXF,gyrA@A90E,U,{},"{""proportion"": 0.0, ""confidence"": [0.0, 0.7301340512159458], ""p_value"": 1.0, ""contingency"": [[0, 1], [231, 13598]]}",{}
259,NC00962.3,MXF-0.25-0.9-0.4,0.0,GARC1,RUS,MXF,gyrA@Q336K,U,{},"{""proportion"": 0.0, ""confidence"": [0.0, 0.7301340512159458], ""p_value"": 1.0, ""contingency"": [[0, 1], [231, 13598]]}",{}
260,NC00962.3,MXF-0.25-0.9-0.4,0.0,GARC1,RUS,MXF,gyrA@N831K,U,{},"{""proportion"": 0.0, ""confidence"": [0.0, 0.5749693909936535], ""p_value"": 1.0, ""contingency"": [[0, 2], [231, 13598]]}",{}
261,NC00962.3,MXF-0.25-0.9-0.4,0.0,GARC1,RUS,MXF,gyrB@T250S,U,{},"{""proportion"": 0.0, ""confidence"": [0.0, 0.4741955741575127], ""p_value"": 1.0, ""contingency"": [[0, 3], [231, 13598]]}",{}
262,NC00962.3,MXF-0.25-0.9-0.4,0.0,GARC1,RUS,MXF,gyrA@V651I,U,{},"{""proportion"": 0.0, ""confidence"": [0.0, 0.7301340512159458], ""p_value"": 1.0, ""contingency"": [[0, 1], [231, 13598]]}",{}
263,NC00962.3,MXF-0.25-0.9-0.4,0.0,GARC1,RUS,MXF,gyrA@H490N,U,{},"{""proportion"": 0.0, ""confidence"": [0.0, 0.7301340512159458], ""p_value"": 1.0, ""contingency"": [[0, 1], [231, 13598]]}",{}
264,NC00962.3,MXF-0.25-0.9-0.4,0.0,GARC1,RUS,MXF,gyrA@P275A,U,{},"{""proportion"": 0.0, ""confidence"": [0.0, 0.7301340512159458], ""p_value"": 1.0, ""contingency"": [[0, 1], [231, 13598]]}",{}
265,NC00962.3,MXF-0.25-0.9-0.4,0.0,GARC1,RUS,MXF,gyrB@c-89a,U,{},"{""proportion"": 0.0, ""confidence"": [0.0, 0.7301340512159458], ""p_value"": 1.0, ""contingency"": [[0, 1], [231, 13598]]}",{}
266,NC00962.3,MXF-0.25-0.9-0.4,0.0,GARC1,RUS,MXF,gyrA@G823S,U,{},"{""proportion"": 0.0, ""confidence"": [0.0, 0.7301340512159458], ""p_value"": 1.0, ""contingency"": [[0, 1], [231, 13598]]}",{}
267,NC00962.3,MXF-0.25-0.9-0.4,0.0,GARC1,RUS,MXF,gyrA@A445V,U,{},"{""proportion"": 0.0, ""confidence"": [0.0, 0.5749693909936535], ""p_value"": 1.0, ""contingency"": [[0, 2], [231, 13598]]}",{}
268,NC00962.3,MXF-0.25-0.9-0.4,0.0,GARC1,RUS,MXF,gyrA@H389P,U,{},"{""proportion"": 0.0, ""confidence"": [0.0, 0.7301340512159458], ""p_value"": 1.0, ""contingency"": [[0, 1], [231, 13598]]}",{}
269,NC00962.3,MXF-0.25-0.9-0.4,0.0,GARC1,RUS,MXF,gyrB@D461H,U,{},"{""proportion"": 0.5, ""confidence"": [0.12086631942227369, 0.8791336805777263], ""p_value"": 0.4375, ""contingency"": [[1, 1], [231, 13598]]}",{}
270,NC00962.3,MXF-0.25-0.9-0.4,0.0,GARC1,RUS,MXF,gyrB@L455V,U,{},"{""proportion"": 0.0, ""confidence"": [0.0, 0.7301340512159458], ""p_value"": 1.0, ""contingency"": [[0, 1], [231, 13598]]}",{}
271,NC00962.3,MXF-0.25-0.9-0.4,0.0,GARC1,RUS,MXF,gyrB@-85_del_g,U,{},"{""proportion"": 0.0, ""confidence"": [0.0, 0.7301340512159458], ""p_value"": 1.0, ""contingency"": [[0, 1], [231, 13598]]}",{}
272,NC00962.3,MXF-0.25-0.9-0.4,0.0,GARC1,RUS,MXF,gyrA@A288V,U,{},"{""proportion"": 0.0, ""confidence"": [0.0, 0.25272359742376316], ""p_value"": 0.21392822265625003, ""contingency"": [[0, 8], [231, 13598]]}",{}
273,NC00962.3,MXF-0.25-0.9-0.4,0.0,GARC1,RUS,MXF,gyrB@G594R,U,{},"{""proportion"": 0.0, ""confidence"": [0.0, 0.7301340512159458], ""p_value"": 1.0, ""contingency"": [[0, 1], [231, 13598]]}",{}
274,NC00962.3,MXF-0.25-0.9-0.4,0.0,GARC1,RUS,MXF,gyrB@K603R,U,{},"{""proportion"": 0.0, ""confidence"": [0.0, 0.7301340512159458], ""p_value"": 1.0, ""contingency"": [[0, 1], [231, 13598]]}",{}
275,NC00962.3,MXF-0.25-0.9-0.4,0.0,GARC1,RUS,MXF,gyrA@R474W,U,{},"{""proportion"": 0.0, ""confidence"": [0.0, 0.7301340512159458], ""p_value"": 1.0, ""contingency"": [[0, 1], [231, 13598]]}",{}
276,NC00962.3,MXF-0.25-0.9-0.4,0.0,GARC1,RUS,MXF,gyrA@D639A,U,{},"{""proportion"": 0.0, ""confidence"": [0.0, 0.31078398130591417], ""p_value"": 0.347412109375, ""contingency"": [[0, 6], [231, 13598]]}",{}
277,NC00962.3,MXF-0.25-0.9-0.4,0.0,GARC1,RUS,MXF,gyrA@A788V,U,{},"{""proportion"": 0.0, ""confidence"": [0.0, 0.7301340512159458], ""p_value"": 1.0, ""contingency"": [[0, 1], [231, 13598]]}",{}
278,NC00962.3,MXF-0.25-0.9-0.4,0.0,GARC1,RUS,MXF,gyrA@K542T,U,{},"{""proportion"": 0.0, ""confidence"": [0.0, 0.7301340512159458], ""p_value"": 1.0, ""contingency"": [[0, 1], [231, 13598]]}",{}
279,NC00962.3,MXF-0.25-0.9-0.4,0.0,GARC1,RUS,MXF,gyrB@R335C,U,{},"{""proportion"": 0.0, ""confidence"": [0.0, 0.7301340512159458], ""p_value"": 1.0, ""contingency"": [[0, 1], [231, 13598]]}",{}
280,NC00962.3,MXF-0.25-0.9-0.4,0.0,GARC1,RUS,MXF,gyrA@D242N,U,{},"{""proportion"": 0.0, ""confidence"": [0.0, 0.5749693909936535], ""p_value"": 1.0, ""contingency"": [[0, 2], [231, 13598]]}",{}
281,NC00962.3,MXF-0.25-0.9-0.4,0.0,GARC1,RUS,MXF,gyrA@A74S,U,{},"{""proportion"": 0.5, ""confidence"": [0.12086631942227369, 0.8791336805777263], ""p_value"": 0.4375, ""contingency"": [[1, 1], [231, 13598]]}",{}
282,NC00962.3,MXF-0.25-0.9-0.4,0.0,GARC1,RUS,MXF,gyrA@A501V,U,{},"{""proportion"": 0.0, ""confidence"": [0.0, 0.7301340512159458], ""p_value"": 1.0, ""contingency"": [[0, 1], [231, 13598]]}",{}
283,NC00962.3,MXF-0.25-0.9-0.4,0.0,GARC1,RUS,MXF,gyrA@D481G,U,{},"{""proportion"": 0.0, ""confidence"": [0.0, 0.7301340512159458], ""p_value"": 1.0, ""contingency"": [[0, 1], [231, 13598]]}",{}
284,NC00962.3,MXF-0.25-0.9-0.4,0.0,GARC1,RUS,MXF,gyrB@V226A,U,{},"{""proportion"": 0.0, ""confidence"": [0.0, 0.7301340512159458], ""p_value"": 1.0, ""contingency"": [[0, 1], [231, 13598]]}",{}
285,NC00962.3,MXF-0.25-0.9-0.4,0.0,GARC1,RUS,MXF,gyrA@K319N,U,{},"{""proportion"": 0.0, ""confidence"": [0.0, 0.5749693909936535], ""p_value"": 1.0, ""contingency"": [[0, 2], [231, 13598]]}",{}
286,NC00962.3,MXF-0.25-0.9-0.4,0.0,GARC1,RUS,MXF,gyrB@R523H,U,{},"{""proportion"": 0.0, ""confidence"": [0.0, 0.7301340512159458], ""p_value"": 1.0, ""contingency"": [[0, 1], [231, 13598]]}",{}
287,NC00962.3,MXF-0.25-0.9-0.4,0.0,GARC1,RUS,MXF,gyrB@G203E,U,{},"{""proportion"": 0.0, ""confidence"": [0.0, 0.7301340512159458], ""p_value"": 1.0, ""contingency"": [[0, 1], [231, 13598]]}",{}
288,NC00962.3,MXF-0.25-0.9-0.4,0.0,GARC1,RUS,MXF,gyrA@N818D,U,{},"{""proportion"": 0.0, ""confidence"": [0.0, 0.3511165007651012], ""p_value"": 0.34082031250000006, ""contingency"": [[0, 5], [231, 13598]]}",{}
289,NC00962.3,MXF-0.25-0.9-0.4,0.0,GARC1,RUS,MXF,gyrB@G470A,U,{},"{""proportion"": 0.0, ""confidence"": [0.0, 0.7301340512159458], ""p_value"": 1.0, ""contingency"": [[0, 1], [231, 13598]]}",{}
290,NC00962.3,MXF-0.25-0.9-0.4,0.0,GARC1,RUS,MXF,gyrB@A78G,U,{},"{""proportion"": 0.0, ""confidence"": [0.0, 0.7301340512159458], ""p_value"": 1.0, ""contingency"": [[0, 1], [231, 13598]]}",{}
291,NC00962.3,MXF-0.25-0.9-0.4,0.0,GARC1,RUS,MXF,gyrB@R446G,U,{},"{""proportion"": 0.0, ""confidence"": [0.0, 0.7301340512159458], ""p_value"": 1.0, ""contingency"": [[0, 1], [231, 13598]]}",{}
292,NC00962.3,MXF-0.25-0.9-0.4,0.0,GARC1,RUS,MXF,gyrB@E299Q,U,{},"{""proportion"": 0.0, ""confidence"": [0.0, 0.5749693909936535], ""p_value"": 1.0, ""contingency"": [[0, 2], [231, 13598]]}",{}
293,NC00962.3,MXF-0.25-0.9-0.4,0.0,GARC1,RUS,MXF,gyrA@S411A,U,{},"{""proportion"": 0.0, ""confidence"": [0.0, 0.7301340512159458], ""p_value"": 1.0, ""contingency"": [[0, 1], [231, 13598]]}",{}
295,NC00962.3,MXF-0.25-0.9-0.4,0.0,GARC1,RUS,MXF,gyrA@R309Q,U,{},"{""proportion"": 0.0, ""confidence"": [0.0, 0.7301340512159458], ""p_value"": 1.0, ""contingency"": [[0, 1], [231, 13598]]}",{}
296,NC00962.3,MXF-0.25-0.9-0.4,0.0,GARC1,RUS,MXF,gyrA@A186T,U,{},"{""proportion"": 0.0, ""confidence"": [0.0, 0.7301340512159458], ""p_value"": 1.0, ""contingency"": [[0, 1], [231, 13598]]}",{}
297,NC00962.3,MXF-0.25-0.9-0.4,0.0,GARC1,RUS,MXF,gyrB@G606S,U,{},"{""proportion"": 0.0, ""confidence"": [0.0, 0.5749693909936535], ""p_value"": 1.0, ""contingency"": [[0, 2], [231, 13598]]}",{}
298,NC00962.3,MXF-0.25-0.9-0.4,0.0,GARC1,RUS,MXF,gyrB@N207D,U,{},"{""proportion"": 0.0, ""confidence"": [0.0, 0.4741955741575127], ""p_value"": 1.0, ""contingency"": [[0, 3], [231, 13598]]}",{}
299,NC00962.3,MXF-0.25-0.9-0.4,0.0,GARC1,RUS,MXF,gyrB@K526Q,U,{},"{""proportion"": 0.0, ""confidence"": [-2.1340331742842984e-17, 0.2311335193197566], ""p_value"": 0.12401199340820315, ""contingency"": [[0, 9], [231, 13598]]}",{}
300,NC00962.3,MXF-0.25-0.9-0.4,0.0,GARC1,RUS,MXF,gyrB@I19L,U,{},"{""proportion"": 0.0, ""confidence"": [0.0, 0.7301340512159458], ""p_value"": 1.0, ""contingency"": [[0, 1], [231, 13598]]}",{}
301,NC00962.3,MXF-0.25-0.9-0.4,0.0,GARC1,RUS,MXF,gyrB@E21Q,U,{},"{""proportion"": 0.0, ""confidence"": [0.0, 0.7301340512159458], ""p_value"": 1.0, ""contingency"": [[0, 1], [231, 13598]]}",{}
302,NC00962.3,MXF-0.25-0.9-0.4,0.0,GARC1,RUS,MXF,gyrA@R480C,U,{},"{""proportion"": 0.0, ""confidence"": [0.0, 0.7301340512159458], ""p_value"": 1.0, ""contingency"": [[0, 1], [231, 13598]]}",{}
303,NC00962.3,MXF-0.25-0.9-0.4,0.0,GARC1,RUS,MXF,gyrA@T272I,U,{},"{""proportion"": 0.0, ""confidence"": [0.0, 0.3511165007651012], ""p_value"": 0.34082031250000006, ""contingency"": [[0, 5], [231, 13598]]}",{}
304,NC00962.3,MXF-0.25-0.9-0.4,0.0,GARC1,RUS,MXF,gyrB@a-9g,U,{},"{""proportion"": 0.0, ""confidence"": [0.0, 0.7301340512159458], ""p_value"": 1.0, ""contingency"": [[0, 1], [231, 13598]]}",{}
305,NC00962.3,MXF-0.25-0.9-0.4,0.0,GARC1,RUS,MXF,gyrA@D583E,U,{},"{""proportion"": 0.0, ""confidence"": [0.0, 0.7301340512159458], ""p_value"": 1.0, ""contingency"": [[0, 1], [231, 13598]]}",{}
306,NC00962.3,MXF-0.25-0.9-0.4,0.0,GARC1,RUS,MXF,gyrA@g-25a,U,{},"{""proportion"": 0.0, ""confidence"": [0.0, 0.5749693909936535], ""p_value"": 1.0, ""contingency"": [[0, 2], [231, 13598]]}",{}
307,NC00962.3,MXF-0.25-0.9-0.4,0.0,GARC1,RUS,MXF,gyrA@R489K,U,{},"{""proportion"": 0.0, ""confidence"": [0.0, 0.7301340512159458], ""p_value"": 1.0, ""contingency"": [[0, 1], [231, 13598]]}",{}
308,NC00962.3,MXF-0.25-0.9-0.4,0.0,GARC1,RUS,MXF,gyrA@D639G,U,{},"{""proportion"": 0.0, ""confidence"": [0.0, 0.7301340512159458], ""p_value"": 1.0, ""contingency"": [[0, 1], [231, 13598]]}",{}
309,NC00962.3,MXF-0.25-0.9-0.4,0.0,GARC1,RUS,MXF,gyrB@N499K,U,{},"{""proportion"": 1.0, ""confidence"": [0.26986594878405434, 1.0000000000000002], ""p_value"": 0.25, ""contingency"": [[1, 0], [231, 13598]]}",{}
310,NC00962.3,MXF-0.25-0.9-0.4,0.0,GARC1,RUS,MXF,gyrA@Y722C,U,{},"{""proportion"": 0.0, ""confidence"": [0.0, 0.5749693909936535], ""p_value"": 1.0, ""contingency"": [[0, 2], [231, 13598]]}",{}
311,NC00962.3,MXF-0.25-0.9-0.4,0.0,GARC1,RUS,MXF,gyrB@D494G,U,{},"{""proportion"": 0.0, ""confidence"": [0.0, 0.7301340512159458], ""p_value"": 1.0, ""contingency"": [[0, 1], [231, 13598]]}",{}
312,NC00962.3,MXF-0.25-0.9-0.4,0.0,GARC1,RUS,MXF,gyrA@A406T,U,{},"{""proportion"": 0.0, ""confidence"": [0.0, 0.7301340512159458], ""p_value"": 1.0, ""contingency"": [[0, 1], [231, 13598]]}",{}
313,NC00962.3,MXF-0.25-0.9-0.4,0.0,GARC1,RUS,MXF,gyrA@F228L,U,{},"{""proportion"": 0.0, ""confidence"": [0.0, 0.7301340512159458], ""p_value"": 1.0, ""contingency"": [[0, 1], [231, 13598]]}",{}
314,NC00962.3,MXF-0.25-0.9-0.4,0.0,GARC1,RUS,MXF,gyrA@A347V,U,{},"{""proportion"": 0.0, ""confidence"": [0.0, 0.7301340512159458], ""p_value"": 1.0, ""contingency"": [[0, 1], [231, 13598]]}",{}
315,NC00962.3,MXF-0.25-0.9-0.4,0.0,GARC1,RUS,MXF,gyrA@M99I,U,{},"{""proportion"": 0.0, ""confidence"": [0.0, 0.7301340512159458], ""p_value"": 1.0, ""contingency"": [[0, 1], [231, 13598]]}",{}
316,NC00962.3,MXF-0.25-0.9-0.4,0.0,GARC1,RUS,MXF,gyrB@F549L,U,{},"{""proportion"": 0.0, ""confidence"": [0.0, 0.7301340512159458], ""p_value"": 1.0, ""contingency"": [[0, 1], [231, 13598]]}",{}
317,NC00962.3,MXF-0.25-0.9-0.4,0.0,GARC1,RUS,MXF,gyrA@H334Y,U,{},"{""proportion"": 0.0, ""confidence"": [0.0, 0.7301340512159458], ""p_value"": 1.0, ""contingency"": [[0, 1], [231, 13598]]}",{}
318,NC00962.3,MXF-0.25-0.9-0.4,0.0,GARC1,RUS,MXF,gyrA@I452T,U,{},"{""proportion"": 0.0, ""confidence"": [0.0, 0.7301340512159458], ""p_value"": 1.0, ""contingency"": [[0, 1], [231, 13598]]}",{}
319,NC00962.3,MXF-0.25-0.9-0.4,0.0,GARC1,RUS,MXF,gyrA@K636T,U,{},"{""proportion"": 0.0, ""confidence"": [0.0, 0.5749693909936535], ""p_value"": 1.0, ""contingency"": [[0, 2], [231, 13598]]}",{}
320,NC00962.3,MXF-0.25-0.9-0.4,0.0,GARC1,RUS,MXF,gyrB@K526N,U,{},"{""proportion"": 0.0, ""confidence"": [0.0, 0.7301340512159458], ""p_value"": 1.0, ""contingency"": [[0, 1], [231, 13598]]}",{}
321,NC00962.3,MXF-0.25-0.9-0.4,0.0,GARC1,RUS,MXF,gyrA@P50R,U,{},"{""proportion"": 0.0, ""confidence"": [0.0, 0.7301340512159458], ""p_value"": 1.0, ""contingency"": [[0, 1], [231, 13598]]}",{}
322,NC00962.3,MXF-0.25-0.9-0.4,0.0,GARC1,RUS,MXF,gyrA@I153M,U,{},"{""proportion"": 0.0, ""confidence"": [0.0, 0.7301340512159458], ""p_value"": 1.0, ""contingency"": [[0, 1], [231, 13598]]}",{}
323,NC00962.3,MXF-0.25-0.9-0.4,0.0,GARC1,RUS,MXF,gyrA@V505I,U,{},"{""proportion"": 0.0, ""confidence"": [0.0, 0.7301340512159458], ""p_value"": 1.0, ""contingency"": [[0, 1], [231, 13598]]}",{}
324,NC00962.3,MXF-0.25-0.9-0.4,0.0,GARC1,RUS,MXF,gyrA@E508A,U,{},"{""proportion"": 0.0, ""confidence"": [0.0, 0.7301340512159458], ""p_value"": 1.0, ""contingency"": [[0, 1], [231, 13598]]}",{}
325,NC00962.3,MXF-0.25-0.9-0.4,0.0,GARC1,RUS,MXF,gyrB@I527V,U,{},"{""proportion"": 0.0, ""confidence"": [0.0, 0.7301340512159458], ""p_value"": 1.0, ""contingency"": [[0, 1], [231, 13598]]}",{}
326,NC00962.3,MXF-0.25-0.9-0.4,0.0,GARC1,RUS,MXF,gyrA@V674I,U,{},"{""proportion"": 0.0, ""confidence"": [0.0, 0.7301340512159458], ""p_value"": 1.0, ""contingency"": [[0, 1], [231, 13598]]}",{}
327,NC00962.3,MXF-0.25-0.9-0.4,0.0,GARC1,RUS,MXF,gyrA@g-25c,U,{},"{""proportion"": 0.0, ""confidence"": [0.0, 0.7301340512159458], ""p_value"": 1.0, ""contingency"": [[0, 1], [231, 13598]]}",{}
328,NC00962.3,MXF-0.25-0.9-0.4,0.0,GARC1,RUS,MXF,gyrA@L12F,U,{},"{""proportion"": 0.0, ""confidence"": [0.0, 0.7301340512159458], ""p_value"": 1.0, ""contingency"": [[0, 1], [231, 13598]]}",{}
329,NC00962.3,MXF-0.25-0.9-0.4,0.0,GARC1,RUS,MXF,gyrB@L509P,U,{},"{""proportion"": 1.0, ""confidence"": [0.26986594878405434, 1.0000000000000002], ""p_value"": 0.25, ""contingency"": [[1, 0], [231, 13598]]}",{}
330,NC00962.3,MXF-0.25-0.9-0.4,0.0,GARC1,RUS,MXF,gyrB@I46S,U,{},"{""proportion"": 0.0, ""confidence"": [0.0, 0.7301340512159458], ""p_value"": 1.0, ""contingency"": [[0, 1], [231, 13598]]}",{}
331,NC00962.3,MXF-0.25-0.9-0.4,0.0,GARC1,RUS,MXF,gyrB@R451H,U,{},"{""proportion"": 0.0, ""confidence"": [0.0, 0.7301340512159458], ""p_value"": 1.0, ""contingency"": [[0, 1], [231, 13598]]}",{}
332,NC00962.3,MXF-0.25-0.9-0.4,0.0,GARC1,RUS,MXF,gyrB@S576T,U,{},"{""proportion"": 0.0, ""confidence"": [0.0, 0.7301340512159458], ""p_value"": 1.0, ""contingency"": [[0, 1], [231, 13598]]}",{}
333,NC00962.3,MXF-0.25-0.9-0.4,0.0,GARC1,RUS,MXF,gyrA@H490R,U,{},"{""proportion"": 1.0, ""confidence"": [0.26986594878405434, 1.0000000000000002], ""p_value"": 0.25, ""contingency"": [[1, 0], [231, 13598]]}",{}
334,NC00962.3,MXF-0.25-0.9-0.4,0.0,GARC1,RUS,MXF,gyrA@A322E,U,{},"{""proportion"": 0.0, ""confidence"": [0.0, 0.5749693909936535], ""p_value"": 1.0, ""contingency"": [[0, 2], [231, 13598]]}",{}
335,NC00962.3,MXF-0.25-0.9-0.4,0.0,GARC1,RUS,MXF,gyrB@L638V,U,{},"{""proportion"": 0.0, ""confidence"": [0.0, 0.5749693909936535], ""p_value"": 1.0, ""contingency"": [[0, 2], [231, 13598]]}",{}
336,NC00962.3,MXF-0.25-0.9-0.4,0.0,GARC1,RUS,MXF,gyrB@S274T,U,{},"{""proportion"": 0.0, ""confidence"": [0.0, 0.5749693909936535], ""p_value"": 1.0, ""contingency"": [[0, 2], [231, 13598]]}",{}
337,NC00962.3,MXF-0.25-0.9-0.4,0.0,GARC1,RUS,MXF,gyrA@V223I,U,{},"{""proportion"": 0.0, ""confidence"": [0.0, 0.4741955741575127], ""p_value"": 1.0, ""contingency"": [[0, 3], [231, 13598]]}",{}
338,NC00962.3,MXF-0.25-0.9-0.4,0.0,GARC1,RUS,MXF,gyrA@T638I,U,{},"{""proportion"": 0.0, ""confidence"": [0.0, 0.3511165007651012], ""p_value"": 0.34082031250000006, ""contingency"": [[0, 5], [231, 13598]]}",{}
339,NC00962.3,MXF-0.25-0.9-0.4,0.0,GARC1,RUS,MXF,gyrA@G548R,U,{},"{""proportion"": 0.0, ""confidence"": [0.0, 0.7301340512159458], ""p_value"": 1.0, ""contingency"": [[0, 1], [231, 13598]]}",{}
340,NC00962.3,MXF-0.25-0.9-0.4,0.0,GARC1,RUS,MXF,gyrA@G729R,U,{},"{""proportion"": 0.0, ""confidence"": [0.0, 0.7301340512159458], ""p_value"": 1.0, ""contingency"": [[0, 1], [231, 13598]]}",{}
341,NC00962.3,MXF-0.25-0.9-0.4,0.0,GARC1,RUS,MXF,gyrA@A689V,U,{},"{""proportion"": 1.0, ""confidence"": [0.26986594878405434, 1.0000000000000002], ""p_value"": 0.25, ""contingency"": [[1, 0], [231, 13598]]}",{}
342,NC00962.3,MXF-0.25-0.9-0.4,0.0,GARC1,RUS,MXF,gyrB@I116M,U,{},"{""proportion"": 0.0, ""confidence"": [0.0, 0.7301340512159458], ""p_value"": 1.0, ""contingency"": [[0, 1], [231, 13598]]}",{}
343,NC00962.3,MXF-0.25-0.9-0.4,0.0,GARC1,RUS,MXF,gyrB@G282D,U,{},"{""proportion"": 0.0, ""confidence"": [0.0, 0.7301340512159458], ""p_value"": 1.0, ""contingency"": [[0, 1], [231, 13598]]}",{}
344,NC00962.3,MXF-0.25-0.9-0.4,0.0,GARC1,RUS,MXF,gyrB@A162E,U,{},"{""proportion"": 0.0, ""confidence"": [0.0, 0.7301340512159458], ""p_value"": 1.0, ""contingency"": [[0, 1], [231, 13598]]}",{}
346,NC00962.3,MXF-0.25-0.9-0.4,0.0,GARC1,RUS,MXF,gyrA@S250A,U,{},"{""proportion"": 0.0, ""confidence"": [0.0, 0.7301340512159458], ""p_value"": 1.0, ""contingency"": [[0, 1], [231, 13598]]}",{}
347,NC00962.3,MXF-0.25-0.9-0.4,0.0,GARC1,RUS,MXF,gyrA@R392C,U,{},"{""proportion"": 0.0, ""confidence"": [0.0, 0.7301340512159458], ""p_value"": 1.0, ""contingency"": [[0, 1], [231, 13598]]}",{}
348,NC00962.3,MXF-0.25-0.9-0.4,0.0,GARC1,RUS,MXF,gyrA@R615G,U,{},"{""proportion"": 0.0, ""confidence"": [0.0, 0.7301340512159458], ""p_value"": 1.0, ""contingency"": [[0, 1], [231, 13598]]}",{}
349,NC00962.3,MXF-0.25-0.9-0.4,0.0,GARC1,RUS,MXF,gyrA@F705L,U,{},"{""proportion"": 0.0, ""confidence"": [0.0, 0.4741955741575127], ""p_value"": 1.0, ""contingency"": [[0, 3], [231, 13598]]}",{}
350,NC00962.3,MXF-0.25-0.9-0.4,0.0,GARC1,RUS,MXF,gyrB@-60_ins_g,U,{},"{""proportion"": 0.0, ""confidence"": [0.0, 0.7301340512159458], ""p_value"": 1.0, ""contingency"": [[0, 1], [231, 13598]]}",{}
351,NC00962.3,MXF-0.25-0.9-0.4,0.0,GARC1,RUS,MXF,gyrA@D10G,U,{},"{""proportion"": 0.0, ""confidence"": [0.0, 0.7301340512159458], ""p_value"": 1.0, ""contingency"": [[0, 1], [231, 13598]]}",{}
352,NC00962.3,MXF-0.25-0.9-0.4,0.0,GARC1,RUS,MXF,gyrA@L331F,U,{},"{""proportion"": 0.0, ""confidence"": [0.0, 0.7301340512159458], ""p_value"": 1.0, ""contingency"": [[0, 1], [231, 13598]]}",{}
353,NC00962.3,MXF-0.25-0.9-0.4,0.0,GARC1,RUS,MXF,gyrA@A432V,U,{},"{""proportion"": 0.0, ""confidence"": [0.0, 0.5749693909936535], ""p_value"": 1.0, ""contingency"": [[0, 2], [231, 13598]]}",{}
354,NC00962.3,MXF-0.25-0.9-0.4,0.0,GARC1,RUS,MXF,gyrA@P154L,U,{},"{""proportion"": 0.0, ""confidence"": [0.0, 0.7301340512159458], ""p_value"": 1.0, ""contingency"": [[0, 1], [231, 13598]]}",{}
355,NC00962.3,MXF-0.25-0.9-0.4,0.0,GARC1,RUS,MXF,gyrB@t-93c,U,{},"{""proportion"": 0.0, ""confidence"": [0.0, 0.7301340512159458], ""p_value"": 1.0, ""contingency"": [[0, 1], [231, 13598]]}",{}
356,NC00962.3,MXF-0.25-0.9-0.4,0.0,GARC1,RUS,MXF,gyrA@P7L,U,{},"{""proportion"": 0.0, ""confidence"": [0.0, 0.7301340512159458], ""p_value"": 1.0, ""contingency"": [[0, 1], [231, 13598]]}",{}
357,NC00962.3,MXF-0.25-0.9-0.4,0.0,GARC1,RUS,MXF,gyrB@G436R,U,{},"{""proportion"": 0.0, ""confidence"": [0.0, 0.7301340512159458], ""p_value"": 1.0, ""contingency"": [[0, 1], [231, 13598]]}",{}
358,NC00962.3,MXF-0.25-0.9-0.4,0.0,GARC1,RUS,MXF,gyrA@a-8g,U,{},"{""proportion"": 0.0, ""confidence"": [0.0, 0.7301340512159458], ""p_value"": 1.0, ""contingency"": [[0, 1], [231, 13598]]}",{}
359,NC00962.3,MXF-0.25-0.9-0.4,0.0,GARC1,RUS,MXF,gyrA@T496S,U,{},"{""proportion"": 0.0, ""confidence"": [0.0, 0.7301340512159458], ""p_value"": 1.0, ""contingency"": [[0, 1], [231, 13598]]}",{}
360,NC00962.3,MXF-0.25-0.9-0.4,0.0,GARC1,RUS,MXF,gyrB@D176E,U,{},"{""proportion"": 0.0, ""confidence"": [0.0, 0.7301340512159458], ""p_value"": 1.0, ""contingency"": [[0, 1], [231, 13598]]}",{}
361,NC00962.3,MXF-0.25-0.9-0.4,0.0,GARC1,RUS,MXF,gyrA@S237P,U,{},"{""proportion"": 0.0, ""confidence"": [0.0, 0.5749693909936535], ""p_value"": 1.0, ""contingency"": [[0, 2], [231, 13598]]}",{}
362,NC00962.3,MXF-0.25-0.9-0.4,0.0,GARC1,RUS,MXF,gyrB@I486L,U,{},"{""proportion"": 0.0, ""confidence"": [0.0, 0.7301340512159458], ""p_value"": 1.0, ""contingency"": [[0, 1], [231, 13598]]}",{}
363,NC00962.3,MXF-0.25-0.9-0.4,0.0,GARC1,RUS,MXF,gyrA@A210V,U,{},"{""proportion"": 0.0, ""confidence"": [0.0, 0.40347862520270455], ""p_value"": 0.578125, ""contingency"": [[0, 4], [231, 13598]]}",{}
364,NC00962.3,MXF-0.25-0.9-0.4,0.0,GARC1,RUS,MXF,gyrA@D481A,U,{},"{""proportion"": 0.0, ""confidence"": [0.0, 0.5749693909936535], ""p_value"": 1.0, ""contingency"": [[0, 2], [231, 13598]]}",{}
365,NC00962.3,MXF-0.25-0.9-0.4,0.0,GARC1,RUS,MXF,gyrA@A126S,U,{},"{""proportion"": 0.0, ""confidence"": [0.0, 0.5749693909936535], ""p_value"": 1.0, ""contingency"": [[0, 2], [231, 13598]]}",{}
366,NC00962.3,MXF-0.25-0.9-0.4,0.0,GARC1,RUS,MXF,gyrA@A324V,U,{},"{""proportion"": 0.0, ""confidence"": [0.0, 0.7301340512159458], ""p_value"": 1.0, ""contingency"": [[0, 1], [231, 13598]]}",{}
367,NC00962.3,MXF-0.25-0.9-0.4,0.0,GARC1,RUS,MXF,gyrA@K633R,U,{},"{""proportion"": 0.0, ""confidence"": [0.0, 0.7301340512159458], ""p_value"": 1.0, ""contingency"": [[0, 1], [231, 13598]]}",{}
368,NC00962.3,MXF-0.25-0.9-0.4,0.0,GARC1,RUS,MXF,gyrB@K668E,U,{},"{""proportion"": 0.0, ""confidence"": [0.0, 0.7301340512159458], ""p_value"": 1.0, ""contingency"": [[0, 1], [231, 13598]]}",{}
369,NC00962.3,MXF-0.25-0.9-0.4,0.0,GARC1,RUS,MXF,gyrA@D641E,U,{},"{""proportion"": 0.0, ""confidence"": [0.0, 0.7301340512159458], ""p_value"": 1.0, ""contingency"": [[0, 1], [231, 13598]]}",{}
370,NC00962.3,MXF-0.25-0.9-0.4,0.0,GARC1,RUS,MXF,gyrA@R607H,U,{},"{""proportion"": 0.0, ""confidence"": [0.0, 0.7301340512159458], ""p_value"": 1.0, ""contingency"": [[0, 1], [231, 13598]]}",{}
371,NC00962.3,MXF-0.25-0.9-0.4,0.0,GARC1,RUS,MXF,gyrA@Y379C,U,{},"{""proportion"": 0.0, ""confidence"": [0.0, 0.5749693909936535], ""p_value"": 1.0, ""contingency"": [[0, 2], [231, 13598]]}",{}
372,NC00962.3,MXF-0.25-0.9-0.4,0.0,GARC1,RUS,MXF,gyrB@c-58g,U,{},"{""proportion"": 0.0, ""confidence"": [0.0, 0.5749693909936535], ""p_value"": 1.0, ""contingency"": [[0, 2], [231, 13598]]}",{}
373,NC00962.3,MXF-0.25-0.9-0.4,0.0,GARC1,RUS,MXF,gyrA@L465V,U,{},"{""proportion"": 0.0, ""confidence"": [0.0, 0.7301340512159458], ""p_value"": 1.0, ""contingency"": [[0, 1], [231, 13598]]}",{}
374,NC00962.3,MXF-0.25-0.9-0.4,0.0,GARC1,RUS,MXF,gyrB@M530T,U,{},"{""proportion"": 0.0, ""confidence"": [0.0, 0.7301340512159458], ""p_value"": 1.0, ""contingency"": [[0, 1], [231, 13598]]}",{}
375,NC00962.3,MXF-0.25-0.9-0.4,0.0,GARC1,RUS,MXF,gyrA@P7S,U,{},"{""proportion"": 0.0, ""confidence"": [0.0, 0.7301340512159458], ""p_value"": 1.0, ""contingency"": [[0, 1], [231, 13598]]}",{}
376,NC00962.3,MXF-0.25-0.9-0.4,0.0,GARC1,RUS,MXF,gyrA@E79D,U,{},"{""proportion"": 0.0, ""confidence"": [0.0, 0.5749693909936535], ""p_value"": 1.0, ""contingency"": [[0, 2], [231, 13598]]}",{}
377,NC00962.3,MXF-0.25-0.9-0.4,0.0,GARC1,RUS,MXF,gyrA@L711M,U,{},"{""proportion"": 0.0, ""confidence"": [0.0, 0.3511165007651012], ""p_value"": 0.34082031250000006, ""contingency"": [[0, 5], [231, 13598]]}",{}
378,NC00962.3,MXF-0.25-0.9-0.4,0.0,GARC1,RUS,MXF,gyrB@V427M,U,{},"{""proportion"": 0.0, ""confidence"": [0.0, 0.5749693909936535], ""p_value"": 1.0, ""contingency"": [[0, 2], [231, 13598]]}",{}
379,NC00962.3,MXF-0.25-0.9-0.4,0.0,GARC1,RUS,MXF,gyrB@K140E,U,{},"{""proportion"": 0.0, ""confidence"": [0.0, 0.7301340512159458], ""p_value"": 1.0, ""contingency"": [[0, 1], [231, 13598]]}",{}
380,NC00962.3,MXF-0.25-0.9-0.4,0.0,GARC1,RUS,MXF,gyrB@Q476E,U,{},"{""proportion"": 0.0, ""confidence"": [0.0, 0.7301340512159458], ""p_value"": 1.0, ""contingency"": [[0, 1], [231, 13598]]}",{}
381,NC00962.3,MXF-0.25-0.9-0.4,0.0,GARC1,RUS,MXF,gyrA@A324G,U,{},"{""proportion"": 0.0, ""confidence"": [0.0, 0.7301340512159458], ""p_value"": 1.0, ""contingency"": [[0, 1], [231, 13598]]}",{}
382,NC00962.3,MXF-0.25-0.9-0.4,0.0,GARC1,RUS,MXF,gyrB@A237G,U,{},"{""proportion"": 0.0, ""confidence"": [0.0, 0.7301340512159458], ""p_value"": 1.0, ""contingency"": [[0, 1], [231, 13598]]}",{}
383,NC00962.3,MXF-0.25-0.9-0.4,0.0,GARC1,RUS,MXF,gyrB@T267S,U,{},"{""proportion"": 0.0, ""confidence"": [0.0, 0.4741955741575127], ""p_value"": 1.0, ""contingency"": [[0, 3], [231, 13598]]}",{}
384,NC00962.3,MXF-0.25-0.9-0.4,0.0,GARC1,RUS,MXF,gyrA@R789G,U,{},"{""proportion"": 0.0, ""confidence"": [0.0, 0.40347862520270455], ""p_value"": 0.578125, ""contingency"": [[0, 4], [231, 13598]]}",{}
385,NC00962.3,MXF-0.25-0.9-0.4,0.0,GARC1,RUS,MXF,gyrB@D259E,U,{},"{""proportion"": 0.0, ""confidence"": [0.0, 0.7301340512159458], ""p_value"": 1.0, ""contingency"": [[0, 1], [231, 13598]]}",{}
386,NC00962.3,MXF-0.25-0.9-0.4,0.0,GARC1,RUS,MXF,gyrA@R106C,U,{},"{""proportion"": 0.0, ""confidence"": [0.0, 0.7301340512159458], ""p_value"": 1.0, ""contingency"": [[0, 1], [231, 13598]]}",{}
387,NC00962.3,MXF-0.25-0.9-0.4,0.0,GARC1,RUS,MXF,gyrA@T215A,U,{},"{""proportion"": 0.0, ""confidence"": [0.0, 0.7301340512159458], ""p_value"": 1.0, ""contingency"": [[0, 1], [231, 13598]]}",{}
388,NC00962.3,MXF-0.25-0.9-0.4,0.0,GARC1,RUS,MXF,gyrB@A564T,U,{},"{""proportion"": 0.0, ""confidence"": [0.0, 0.5749693909936535], ""p_value"": 1.0, ""contingency"": [[0, 2], [231, 13598]]}",{}
389,NC00962.3,MXF-0.25-0.9-0.4,0.0,GARC1,RUS,MXF,gyrA@c-27g,U,{},"{""proportion"": 0.0, ""confidence"": [0.0, 0.5749693909936535], ""p_value"": 1.0, ""contingency"": [[0, 2], [231, 13598]]}",{}
390,NC00962.3,MXF-0.25-0.9-0.4,0.0,GARC1,RUS,MXF,gyrB@A508V,U,{},"{""proportion"": 0.0, ""confidence"": [0.0, 0.4741955741575127], ""p_value"": 1.0, ""contingency"": [[0, 3], [231, 13598]]}",{}
391,NC00962.3,MXF-0.25-0.9-0.4,0.0,GARC1,RUS,MXF,gyrB@G598E,U,{},"{""proportion"": 0.0, ""confidence"": [0.0, 0.31078398130591417], ""p_value"": 0.347412109375, ""contingency"": [[0, 6], [231, 13598]]}",{}
392,NC00962.3,MXF-0.25-0.9-0.4,0.0,GARC1,RUS,MXF,gyrA@T378I,U,{},"{""proportion"": 0.0, ""confidence"": [0.0, 0.7301340512159458], ""p_value"": 1.0, ""contingency"": [[0, 1], [231, 13598]]}",{}
393,NC00962.3,MXF-0.25-0.9-0.4,0.0,GARC1,RUS,MXF,gyrB@D434H,U,{},"{""proportion"": 0.0, ""confidence"": [0.0, 0.5749693909936535], ""p_value"": 1.0, ""contingency"": [[0, 2], [231, 13598]]}",{}
394,NC00962.3,MXF-0.25-0.9-0.4,0.0,GARC1,RUS,MXF,gyrA@G503R,U,{},"{""proportion"": 0.0, ""confidence"": [0.0, 0.4741955741575127], ""p_value"": 1.0, ""contingency"": [[0, 3], [231, 13598]]}",{}
395,NC00962.3,MXF-0.25-0.9-0.4,0.0,GARC1,RUS,MXF,gyrA@I707V,U,{},"{""proportion"": 0.0, ""confidence"": [0.0, 0.5749693909936535], ""p_value"": 1.0, ""contingency"": [[0, 2], [231, 13598]]}",{}
396,NC00962.3,MXF-0.25-0.9-0.4,0.0,GARC1,RUS,MXF,gyrA@V651A,U,{},"{""proportion"": 0.0, ""confidence"": [0.0, 0.5749693909936535], ""p_value"": 1.0, ""contingency"": [[0, 2], [231, 13598]]}",{}
397,NC00962.3,MXF-0.25-0.9-0.4,0.0,GARC1,RUS,MXF,gyrB@K668R,U,{},"{""proportion"": 0.0, ""confidence"": [0.0, 0.5749693909936535], ""p_value"": 1.0, ""contingency"": [[0, 2], [231, 13598]]}",{}
398,NC00962.3,MXF-0.25-0.9-0.4,0.0,GARC1,RUS,MXF,gyrB@S248G,U,{},"{""proportion"": 0.0, ""confidence"": [0.0, 0.7301340512159458], ""p_value"": 1.0, ""contingency"": [[0, 1], [231, 13598]]}",{}
399,NC00962.3,MXF-0.25-0.9-0.4,0.0,GARC1,RUS,MXF,gyrB@A115V,U,{},"{""proportion"": 0.0, ""confidence"": [0.0, 0.5749693909936535], ""p_value"": 1.0, ""contingency"": [[0, 2], [231, 13598]]}",{}
400,NC00962.3,MXF-0.25-0.9-0.4,0.0,GARC1,RUS,MXF,gyrA@L455V,U,{},"{""proportion"": 0.0, ""confidence"": [0.0, 0.5749693909936535], ""p_value"": 1.0, ""contingency"": [[0, 2], [231, 13598]]}",{}
401,NC00962.3,MXF-0.25-0.9-0.4,0.0,GARC1,RUS,MXF,gyrA@A198G,U,{},"{""proportion"": 0.0, ""confidence"": [0.0, 0.5749693909936535], ""p_value"": 1.0, ""contingency"": [[0, 2], [231, 13598]]}",{}
402,NC00962.3,MXF-0.25-0.9-0.4,0.0,GARC1,RUS,MXF,gyrA@D367H,U,{},"{""proportion"": 0.0, ""confidence"": [0.0, 0.7301340512159458], ""p_value"": 1.0, ""contingency"": [[0, 1], [231, 13598]]}",{}
403,NC00962.3,MXF-0.25-0.9-0.4,0.0,GARC1,RUS,MXF,gyrB@S413A,U,{},"{""proportion"": 0.0, ""confidence"": [0.0, 0.5749693909936535], ""p_value"": 1.0, ""contingency"": [[0, 2], [231, 13598]]}",{}
404,NC00962.3,MXF-0.25-0.9-0.4,0.0,GARC1,RUS,MXF,gyrA@T638N,U,{},"{""proportion"": 0.0, ""confidence"": [0.0, 0.5749693909936535], ""p_value"": 1.0, ""contingency"": [[0, 2], [231, 13598]]}",{}
405,NC00962.3,MXF-0.25-0.9-0.4,0.0,GARC1,RUS,MXF,gyrA@R607C,U,{},"{""proportion"": 0.0, ""confidence"": [0.0, 0.7301340512159458], ""p_value"": 1.0, ""contingency"": [[0, 1], [231, 13598]]}",{}
406,NC00962.3,MXF-0.25-0.9-0.4,0.0,GARC1,RUS,MXF,gyrA@R14L,U,{},"{""proportion"": 0.0, ""confidence"": [0.0, 0.7301340512159458], ""p_value"": 1.0, ""contingency"": [[0, 1], [231, 13598]]}",{}
407,NC00962.3,MXF-0.25-0.9-0.4,0.0,GARC1,RUS,MXF,gyrB@I486V,U,{},"{""proportion"": 0.0, ""confidence"": [0.0, 0.7301340512159458], ""p_value"": 1.0, ""contingency"": [[0, 1], [231, 13598]]}",{}
408,NC00962.3,MXF-0.25-0.9-0.4,0.0,GARC1,RUS,MXF,gyrA@T164M,U,{},"{""proportion"": 0.0, ""confidence"": [0.0, 0.7301340512159458], ""p_value"": 1.0, ""contingency"": [[0, 1], [231, 13598]]}",{}
409,NC00962.3,MXF-0.25-0.9-0.4,0.0,GARC1,RUS,MXF,gyrB@T401I,U,{},"{""proportion"": 0.0, ""confidence"": [0.0, 0.7301340512159458], ""p_value"": 1.0, ""contingency"": [[0, 1], [231, 13598]]}",{}
410,NC00962.3,MXF-0.25-0.9-0.4,0.0,GARC1,RUS,MXF,gyrB@D402E,U,{},"{""proportion"": 0.0, ""confidence"": [0.0, 0.7301340512159458], ""p_value"": 1.0, ""contingency"": [[0, 1], [231, 13598]]}",{}
411,NC00962.3,MXF-0.25-0.9-0.4,0.0,GARC1,RUS,MXF,gyrA@G477E,U,{},"{""proportion"": 0.0, ""confidence"": [0.0, 0.4741955741575127], ""p_value"": 1.0, ""contingency"": [[0, 3], [231, 13598]]}",{}
412,NC00962.3,MXF-0.25-0.9-0.4,0.0,GARC1,RUS,MXF,gyrA@Q603H,U,{},"{""proportion"": 0.0, ""confidence"": [0.0, 0.7301340512159458], ""p_value"": 1.0, ""contingency"": [[0, 1], [231, 13598]]}",{}
413,NC00962.3,MXF-0.25-0.9-0.4,0.0,GARC1,RUS,MXF,gyrB@D494A,U,{},"{""proportion"": 0.0, ""confidence"": [0.0, 0.7301340512159458], ""p_value"": 1.0, ""contingency"": [[0, 1], [231, 13598]]}",{}
414,NC00962.3,MXF-0.25-0.9-0.4,0.0,GARC1,RUS,MXF,gyrA@G351A,U,{},"{""proportion"": 0.0, ""confidence"": [0.0, 0.5749693909936535], ""p_value"": 1.0, ""contingency"": [[0, 2], [231, 13598]]}",{}
415,NC00962.3,MXF-0.25-0.9-0.4,0.0,GARC1,RUS,MXF,gyrB@V457L,U,{},"{""proportion"": 0.0, ""confidence"": [0.0, 0.3511165007651012], ""p_value"": 0.34082031250000006, ""contingency"": [[0, 5], [231, 13598]]}",{}
416,NC00962.3,MXF-0.25-0.9-0.4,0.0,GARC1,RUS,MXF,gyrB@V327L,U,{},"{""proportion"": 0.0, ""confidence"": [0.0, 0.5749693909936535], ""p_value"": 1.0, ""contingency"": [[0, 2], [231, 13598]]}",{}
417,NC00962.3,MXF-0.25-0.9-0.4,0.0,GARC1,RUS,MXF,gyrA@M141V,U,{},"{""proportion"": 0.0, ""confidence"": [0.0, 0.7301340512159458], ""p_value"": 1.0, ""contingency"": [[0, 1], [231, 13598]]}",{}
418,NC00962.3,MXF-0.25-0.9-0.4,0.0,GARC1,RUS,MXF,gyrB@A504T,U,{},"{""proportion"": 0.0, ""confidence"": [0.0, 0.4741955741575127], ""p_value"": 1.0, ""contingency"": [[0, 3], [231, 13598]]}",{}
419,NC00962.3,MXF-0.25-0.9-0.4,0.0,GARC1,RUS,MXF,gyrB@c-52t,U,{},"{""proportion"": 0.0, ""confidence"": [0.0, 0.7301340512159458], ""p_value"": 1.0, ""contingency"": [[0, 1], [231, 13598]]}",{}
420,NC00962.3,MXF-0.25-0.9-0.4,0.0,GARC1,RUS,MXF,gyrB@H302R,U,{},"{""proportion"": 0.0, ""confidence"": [-2.1340331742842984e-17, 0.2311335193197566], ""p_value"": 0.12401199340820315, ""contingency"": [[0, 9], [231, 13598]]}",{}
421,NC00962.3,MXF-0.25-0.9-0.4,0.0,GARC1,RUS,MXF,gyrA@S536R,U,{},"{""proportion"": 0.0, ""confidence"": [0.0, 0.4741955741575127], ""p_value"": 1.0, ""contingency"": [[0, 3], [231, 13598]]}",{}
422,NC00962.3,MXF-0.25-0.9-0.4,0.0,GARC1,RUS,MXF,gyrA@E317G,U,{},"{""proportion"": 0.0, ""confidence"": [0.0, 0.7301340512159458], ""p_value"": 1.0, ""contingency"": [[0, 1], [231, 13598]]}",{}
423,NC00962.3,MXF-0.25-0.9-0.4,0.0,GARC1,RUS,MXF,gyrB@A618D,U,{},"{""proportion"": 1.0, ""confidence"": [0.26986594878405434, 1.0000000000000002], ""p_value"": 0.25, ""contingency"": [[1, 0], [231, 13598]]}",{}
424,NC00962.3,MXF-0.25-0.9-0.4,0.0,GARC1,RUS,MXF,gyrB@G38S,U,{},"{""proportion"": 0.0, ""confidence"": [0.0, 0.7301340512159458], ""p_value"": 1.0, ""contingency"": [[0, 1], [231, 13598]]}",{}
425,NC00962.3,MXF-0.25-0.9-0.4,0.0,GARC1,RUS,MXF,gyrA@D94F,U,{},"{""proportion"": 1.0, ""confidence"": [0.26986594878405434, 1.0000000000000002], ""p_value"": 0.25, ""contingency"": [[1, 0], [231, 13598]]}",{}
426,NC00962.3,MXF-0.25-0.9-0.4,0.0,GARC1,RUS,MXF,gyrB@S576G,U,{},"{""proportion"": 0.0, ""confidence"": [0.0, 0.5749693909936535], ""p_value"": 1.0, ""contingency"": [[0, 2], [231, 13598]]}",{}
427,NC00962.3,MXF-0.25-0.9-0.4,0.0,GARC1,RUS,MXF,gyrB@D112H,U,{},"{""proportion"": 0.0, ""confidence"": [0.0, 0.5749693909936535], ""p_value"": 1.0, ""contingency"": [[0, 2], [231, 13598]]}",{}
428,NC00962.3,MXF-0.25-0.9-0.4,0.0,GARC1,RUS,MXF,gyrA@I362M,U,{},"{""proportion"": 0.0, ""confidence"": [0.0, 0.7301340512159458], ""p_value"": 1.0, ""contingency"": [[0, 1], [231, 13598]]}",{}
429,NC00962.3,MXF-0.25-0.9-0.4,0.0,GARC1,RUS,MXF,gyrA@L205V,U,{},"{""proportion"": 0.0, ""confidence"": [0.0, 0.4741955741575127], ""p_value"": 1.0, ""contingency"": [[0, 3], [231, 13598]]}",{}
430,NC00962.3,MXF-0.25-0.9-0.4,0.0,GARC1,RUS,MXF,gyrA@S250Y,U,{},"{""proportion"": 0.0, ""confidence"": [0.0, 0.7301340512159458], ""p_value"": 1.0, ""contingency"": [[0, 1], [231, 13598]]}",{}
431,NC00962.3,MXF-0.25-0.9-0.4,0.0,GARC1,RUS,MXF,gyrA@A662V,U,{},"{""proportion"": 0.0, ""confidence"": [0.0, 0.7301340512159458], ""p_value"": 1.0, ""contingency"": [[0, 1], [231, 13598]]}",{}
432,NC00962.3,MXF-0.25-0.9-0.4,0.0,GARC1,RUS,MXF,gyrA@E386V,U,{},"{""proportion"": 0.0, ""confidence"": [0.0, 0.7301340512159458], ""p_value"": 1.0, ""contingency"": [[0, 1], [231, 13598]]}",{}
433,NC00962.3,MXF-0.25-0.9-0.4,0.0,GARC1,RUS,MXF,gyrB@c-1g,U,{},"{""proportion"": 0.0, ""confidence"": [0.0, 0.5749693909936535], ""p_value"": 1.0, ""contingency"": [[0, 2], [231, 13598]]}",{}
434,NC00962.3,MXF-0.25-0.9-0.4,0.0,GARC1,RUS,MXF,gyrB@g-84a,U,{},"{""proportion"": 0.0, ""confidence"": [0.0, 0.7301340512159458], ""p_value"": 1.0, ""contingency"": [[0, 1], [231, 13598]]}",{}
435,NC00962.3,MXF-0.25-0.9-0.4,0.0,GARC1,RUS,MXF,gyrA@G112C,U,{},"{""proportion"": 0.0, ""confidence"": [0.0, 0.7301340512159458], ""p_value"": 1.0, ""contingency"": [[0, 1], [231, 13598]]}",{}
436,NC00962.3,MXF-0.25-0.9-0.4,0.0,GARC1,RUS,MXF,gyrA@L401V,U,{},"{""proportion"": 0.0, ""confidence"": [0.0, 0.7301340512159458], ""p_value"": 1.0, ""contingency"": [[0, 1], [231, 13598]]}",{}
437,NC00962.3,MXF-0.25-0.9-0.4,0.0,GARC1,RUS,MXF,gyrB@E425A,U,{},"{""proportion"": 0.0, ""confidence"": [0.0, 0.7301340512159458], ""p_value"": 1.0, ""contingency"": [[0, 1], [231, 13598]]}",{}
438,NC00962.3,MXF-0.25-0.9-0.4,0.0,GARC1,RUS,MXF,gyrB@D434G,U,{},"{""proportion"": 0.0, ""confidence"": [0.0, 0.31078398130591417], ""p_value"": 0.347412109375, ""contingency"": [[0, 6], [231, 13598]]}",{}
439,NC00962.3,MXF-0.25-0.9-0.4,0.0,GARC1,RUS,MXF,gyrB@D186A,U,{},"{""proportion"": 0.0, ""confidence"": [0.0, 0.7301340512159458], ""p_value"": 1.0, ""contingency"": [[0, 1], [231, 13598]]}",{}
440,NC00962.3,MXF-0.25-0.9-0.4,0.0,GARC1,RUS,MXF,gyrA@V326G,U,{},"{""proportion"": 0.0, ""confidence"": [0.0, 0.4741955741575127], ""p_value"": 1.0, ""contingency"": [[0, 3], [231, 13598]]}",{}
441,NC00962.3,MXF-0.25-0.9-0.4,0.0,GARC1,RUS,MXF,gyrA@V516A,U,{},"{""proportion"": 0.0, ""confidence"": [0.0, 0.7301340512159458], ""p_value"": 1.0, ""contingency"": [[0, 1], [231, 13598]]}",{}
442,NC00962.3,MXF-0.25-0.9-0.4,0.0,GARC1,RUS,MXF,gyrA@D293Y,U,{},"{""proportion"": 0.0, ""confidence"": [0.0, 0.5749693909936535], ""p_value"": 1.0, ""contingency"": [[0, 2], [231, 13598]]}",{}
443,NC00962.3,MXF-0.25-0.9-0.4,0.0,GARC1,RUS,MXF,gyrB@N499I,U,{},"{""proportion"": 0.0, ""confidence"": [0.0, 0.7301340512159458], ""p_value"": 1.0, ""contingency"": [[0, 1], [231, 13598]]}",{}
444,NC00962.3,MXF-0.25-0.9-0.4,0.0,GARC1,RUS,MXF,gyrA@L465Q,U,{},"{""proportion"": 0.0, ""confidence"": [0.0, 0.7301340512159458], ""p_value"": 1.0, ""contingency"": [[0, 1], [231, 13598]]}",{}
445,NC00962.3,MXF-0.25-0.9-0.4,0.0,GARC1,RUS,MXF,gyrB@T167A,U,{},"{""proportion"": 0.0, ""confidence"": [0.0, 0.7301340512159458], ""p_value"": 1.0, ""contingency"": [[0, 1], [231, 13598]]}",{}
446,NC00962.3,MXF-0.25-0.9-0.4,0.0,GARC1,RUS,MXF,gyrB@A162S,U,{},"{""proportion"": 0.0, ""confidence"": [0.0, 0.7301340512159458], ""p_value"": 1.0, ""contingency"": [[0, 1], [231, 13598]]}",{}
447,NC00962.3,MXF-0.25-0.9-0.4,0.0,GARC1,RUS,MXF,gyrB@c-53t,U,{},"{""proportion"": 0.0, ""confidence"": [0.0, 0.7301340512159458], ""p_value"": 1.0, ""contingency"": [[0, 1], [231, 13598]]}",{}
448,NC00962.3,MXF-0.25-0.9-0.4,0.0,GARC1,RUS,MXF,gyrB@K333N,U,{},"{""proportion"": 0.0, ""confidence"": [0.0, 0.7301340512159458], ""p_value"": 1.0, ""contingency"": [[0, 1], [231, 13598]]}",{}
449,NC00962.3,MXF-0.25-0.9-0.4,0.0,GARC1,RUS,MXF,gyrA@D454G,U,{},"{""proportion"": 0.0, ""confidence"": [0.0, 0.7301340512159458], ""p_value"": 1.0, ""contingency"": [[0, 1], [231, 13598]]}",{}
450,NC00962.3,MXF-0.25-0.9-0.4,0.0,GARC1,RUS,MXF,gyrA@E514Q,U,{},"{""proportion"": 0.0, ""confidence"": [0.0, 0.7301340512159458], ""p_value"": 1.0, ""contingency"": [[0, 1], [231, 13598]]}",{}
451,NC00962.3,MXF-0.25-0.9-0.4,0.0,GARC1,RUS,MXF,gyrA@I284V,U,{},"{""proportion"": 0.0, ""confidence"": [0.0, 0.7301340512159458], ""p_value"": 1.0, ""contingency"": [[0, 1], [231, 13598]]}",{}
452,NC00962.3,MXF-0.25-0.9-0.4,0.0,GARC1,RUS,MXF,gyrB@A355T,U,{},"{""proportion"": 0.0, ""confidence"": [0.0, 0.7301340512159458], ""p_value"": 1.0, ""contingency"": [[0, 1], [231, 13598]]}",{}
453,NC00962.3,MXF-0.25-0.9-0.4,0.0,GARC1,RUS,MXF,gyrA@V310F,U,{},"{""proportion"": 0.0, ""confidence"": [0.0, 0.7301340512159458], ""p_value"": 1.0, ""contingency"": [[0, 1], [231, 13598]]}",{}
454,NC00962.3,MXF-0.25-0.9-0.4,0.0,GARC1,RUS,MXF,gyrB@L563F,U,{},"{""proportion"": 0.0, ""confidence"": [0.0, 0.7301340512159458], ""p_value"": 1.0, ""contingency"": [[0, 1], [231, 13598]]}",{}
455,NC00962.3,MXF-0.25-0.9-0.4,0.0,GARC1,RUS,MXF,gyrA@A400V,U,{},"{""proportion"": 0.0, ""confidence"": [0.0, 0.7301340512159458], ""p_value"": 1.0, ""contingency"": [[0, 1], [231, 13598]]}",{}
456,NC00962.3,MXF-0.25-0.9-0.4,0.0,GARC1,RUS,MXF,gyrA@E21H,U,{},"{""proportion"": 0.0, ""confidence"": [0.0, 0.7301340512159458], ""p_value"": 1.0, ""contingency"": [[0, 1], [231, 13598]]}",{}
457,NC00962.3,MXF-0.25-0.9-0.4,0.0,GARC1,RUS,MXF,gyrA@S698L,U,{},"{""proportion"": 0.2, ""confidence"": [0.045962453880603965, 0.5647074465784567], ""p_value"": 1.0, ""contingency"": [[1, 4], [231, 13598]]}",{}
458,NC00962.3,MXF-0.25-0.9-0.4,0.0,GARC1,RUS,MXF,gyrB@P578R,U,{},"{""proportion"": 0.0, ""confidence"": [0.0, 0.7301340512159458], ""p_value"": 1.0, ""contingency"": [[0, 1], [231, 13598]]}",{}
459,NC00962.3,MXF-0.25-0.9-0.4,0.0,GARC1,RUS,MXF,gyrA@G702S,U,{},"{""proportion"": 0.0, ""confidence"": [0.0, 0.5749693909936535], ""p_value"": 1.0, ""contingency"": [[0, 2], [231, 13598]]}",{}
460,NC00962.3,MXF-0.25-0.9-0.4,0.0,GARC1,RUS,MXF,gyrA@E412G,U,{},"{""proportion"": 0.0, ""confidence"": [0.0, 0.7301340512159458], ""p_value"": 1.0, ""contingency"": [[0, 1], [231, 13598]]}",{}
461,NC00962.3,MXF-0.25-0.9-0.4,0.0,GARC1,RUS,MXF,gyrB@V670I,U,{},"{""proportion"": 0.0, ""confidence"": [0.0, 0.7301340512159458], ""p_value"": 1.0, ""contingency"": [[0, 1], [231, 13598]]}",{}
462,NC00962.3,MXF-0.25-0.9-0.4,0.0,GARC1,RUS,MXF,gyrB@T170K,U,{},"{""proportion"": 0.0, ""confidence"": [0.0, 0.7301340512159458], ""p_value"": 1.0, ""contingency"": [[0, 1], [231, 13598]]}",{}
463,NC00962.3,MXF-0.25-0.9-0.4,0.0,GARC1,RUS,MXF,gyrA@D504E,U,{},"{""proportion"": 0.0, ""confidence"": [0.0, 0.7301340512159458], ""p_value"": 1.0, ""contingency"": [[0, 1], [231, 13598]]}",{}
464,NC00962.3,MXF-0.25-0.9-0.4,0.0,GARC1,RUS,MXF,gyrA@G63A,U,{},"{""proportion"": 0.0, ""confidence"": [0.0, 0.7301340512159458], ""p_value"": 1.0, ""contingency"": [[0, 1], [231, 13598]]}",{}
465,NC00962.3,MXF-0.25-0.9-0.4,0.0,GARC1,RUS,MXF,gyrB@A593V,U,{},"{""proportion"": 0.0, ""confidence"": [0.0, 0.5749693909936535], ""p_value"": 1.0, ""contingency"": [[0, 2], [231, 13598]]}",{}
466,NC00962.3,MXF-0.25-0.9-0.4,0.0,GARC1,RUS,MXF,gyrA@R292G,U,{},"{""proportion"": 0.5, ""confidence"": [0.12086631942227369, 0.8791336805777263], ""p_value"": 0.4375, ""contingency"": [[1, 1], [231, 13598]]}",{}
467,NC00962.3,MXF-0.25-0.9-0.4,0.0,GARC1,RUS,MXF,gyrB@N499Y,U,{},"{""proportion"": 1.0, ""confidence"": [0.26986594878405434, 1.0000000000000002], ""p_value"": 0.25, ""contingency"": [[1, 0], [231, 13598]]}",{}
468,NC00962.3,MXF-0.25-0.9-0.4,0.0,GARC1,RUS,MXF,gyrA@M438I,U,{},"{""proportion"": 0.0, ""confidence"": [0.0, 0.7301340512159458], ""p_value"": 1.0, ""contingency"": [[0, 1], [231, 13598]]}",{}
469,NC00962.3,MXF-0.25-0.9-0.4,0.0,GARC1,RUS,MXF,gyrB@E21K,U,{},"{""proportion"": 0.0, ""confidence"": [0.0, 0.7301340512159458], ""p_value"": 1.0, ""contingency"": [[0, 1], [231, 13598]]}",{}
470,NC00962.3,MXF-0.25-0.9-0.4,0.0,GARC1,RUS,MXF,gyrB@M616V,U,{},"{""proportion"": 0.0, ""confidence"": [0.0, 0.7301340512159458], ""p_value"": 1.0, ""contingency"": [[0, 1], [231, 13598]]}",{}
471,NC00962.3,MXF-0.25-0.9-0.4,0.0,GARC1,RUS,MXF,gyrA@M139T,U,{},"{""proportion"": 0.0, ""confidence"": [0.0, 0.7301340512159458], ""p_value"": 1.0, ""contingency"": [[0, 1], [231, 13598]]}",{}
472,NC00962.3,MXF-0.25-0.9-0.4,0.0,GARC1,RUS,MXF,gyrA@P102L,U,{},"{""proportion"": 0.0, ""confidence"": [0.0, 0.7301340512159458], ""p_value"": 1.0, ""contingency"": [[0, 1], [231, 13598]]}",{}
473,NC00962.3,MXF-0.25-0.9-0.4,0.0,GARC1,RUS,MXF,gyrA@F152L,U,{},"{""proportion"": 0.0, ""confidence"": [0.0, 0.7301340512159458], ""p_value"": 1.0, ""contingency"": [[0, 1], [231, 13598]]}",{}
474,NC00962.3,MXF-0.25-0.9-0.4,0.0,GARC1,RUS,MXF,gyrB@c-34t,U,{},"{""proportion"": 0.0, ""confidence"": [0.0, 0.7301340512159458], ""p_value"": 1.0, ""contingency"": [[0, 1], [231, 13598]]}",{}
475,NC00962.3,MXF-0.25-0.9-0.4,0.0,GARC1,RUS,MXF,gyrA@E820D,U,{},"{""proportion"": 0.0, ""confidence"": [0.0, 0.7301340512159458], ""p_value"": 1.0, ""contingency"": [[0, 1], [231, 13598]]}",{}
476,NC00962.3,MXF-0.25-0.9-0.4,0.0,GARC1,RUS,MXF,gyrA@T836K,U,{},"{""proportion"": 0.0, ""confidence"": [0.0, 0.5749693909936535], ""p_value"": 1.0, ""contingency"": [[0, 2], [231, 13598]]}",{}
477,NC00962.3,MXF-0.25-0.9-0.4,0.0,GARC1,RUS,MXF,gyrB@Q148E,U,{},"{""proportion"": 0.0, ""confidence"": [0.0, 0.7301340512159458], ""p_value"": 1.0, ""contingency"": [[0, 1], [231, 13598]]}",{}
478,NC00962.3,MXF-0.25-0.9-0.4,0.0,GARC1,RUS,MXF,gyrB@c-54t,U,{},"{""proportion"": 0.0, ""confidence"": [0.0, 0.7301340512159458], ""p_value"": 1.0, ""contingency"": [[0, 1], [231, 13598]]}",{}
479,NC00962.3,MXF-0.25-0.9-0.4,0.0,GARC1,RUS,MXF,gyrB@g-95c,U,{},"{""proportion"": 0.0, ""confidence"": [0.0, 0.7301340512159458], ""p_value"": 1.0, ""contingency"": [[0, 1], [231, 13598]]}",{}
480,NC00962.3,MXF-0.25-0.9-0.4,0.0,GARC1,RUS,MXF,gyrB@S274R,U,{},"{""proportion"": 0.0, ""confidence"": [0.0, 0.40347862520270455], ""p_value"": 0.578125, ""contingency"": [[0, 4], [231, 13598]]}",{}
481,NC00962.3,MXF-0.25-0.9-0.4,0.0,GARC1,RUS,MXF,gyrB@L69V,U,{},"{""proportion"": 0.0, ""confidence"": [0.0, 0.5749693909936535], ""p_value"": 1.0, ""contingency"": [[0, 2], [231, 13598]]}",{}
482,NC00962.3,MXF-0.25-0.9-0.4,0.0,GARC1,RUS,MXF,gyrB@E228Q,U,{},"{""proportion"": 0.0, ""confidence"": [0.0, 0.4741955741575127], ""p_value"": 1.0, ""contingency"": [[0, 3], [231, 13598]]}",{}
483,NC00962.3,MXF-0.25-0.9-0.4,0.0,GARC1,RUS,MXF,gyrA@V649L,U,{},"{""proportion"": 0.0, ""confidence"": [0.0, 0.7301340512159458], ""p_value"": 1.0, ""contingency"": [[0, 1], [231, 13598]]}",{}
484,NC00962.3,MXF-0.25-0.9-0.4,0.0,GARC1,RUS,MXF,gyrA@S69G,U,{},"{""proportion"": 0.0, ""confidence"": [0.0, 0.4741955741575127], ""p_value"": 1.0, ""contingency"": [[0, 3], [231, 13598]]}",{}
485,NC00962.3,MXF-0.25-0.9-0.4,0.0,GARC1,RUS,MXF,gyrA@V259L,U,{},"{""proportion"": 0.0, ""confidence"": [0.0, 0.7301340512159458], ""p_value"": 1.0, ""contingency"": [[0, 1], [231, 13598]]}",{}
486,NC00962.3,MXF-0.25-0.9-0.4,0.0,GARC1,RUS,MXF,gyrA@Q679H,U,{},"{""proportion"": 0.0, ""confidence"": [0.0, 0.7301340512159458], ""p_value"": 1.0, ""contingency"": [[0, 1], [231, 13598]]}",{}
487,NC00962.3,MXF-0.25-0.9-0.4,0.0,GARC1,RUS,MXF,gyrA@H490Y,U,{},"{""proportion"": 0.0, ""confidence"": [0.0, 0.7301340512159458], ""p_value"": 1.0, ""contingency"": [[0, 1], [231, 13598]]}",{}
488,NC00962.3,MXF-0.25-0.9-0.4,0.0,GARC1,RUS,MXF,gyrA@G668N,U,{},"{""proportion"": 0.0, ""confidence"": [0.0, 0.7301340512159458], ""p_value"": 1.0, ""contingency"": [[0, 1], [231, 13598]]}",{}
489,NC00962.3,MXF-0.25-0.9-0.4,0.0,GARC1,RUS,MXF,gyrB@S576I,U,{},"{""proportion"": 0.0, ""confidence"": [0.0, 0.25272359742376316], ""p_value"": 0.21392822265625003, ""contingency"": [[0, 8], [231, 13598]]}",{}
490,NC00962.3,MXF-0.25-0.9-0.4,0.0,GARC1,RUS,MXF,gyrB@-55_del_c,U,{},"{""proportion"": 0.0, ""confidence"": [0.0, 0.5749693909936535], ""p_value"": 1.0, ""contingency"": [[0, 2], [231, 13598]]}",{}
491,NC00962.3,MXF-0.25-0.9-0.4,0.0,GARC1,RUS,MXF,gyrA@G832R,U,{},"{""proportion"": 0.0, ""confidence"": [0.0, 0.7301340512159458], ""p_value"": 1.0, ""contingency"": [[0, 1], [231, 13598]]}",{}
492,NC00962.3,MXF-0.25-0.9-0.4,0.0,GARC1,RUS,MXF,gyrA@T355M,U,{},"{""proportion"": 0.0, ""confidence"": [0.0, 0.7301340512159458], ""p_value"": 1.0, ""contingency"": [[0, 1], [231, 13598]]}",{}
493,NC00962.3,MXF-0.25-0.9-0.4,0.0,GARC1,RUS,MXF,gyrB@V406I,U,{},"{""proportion"": 0.0, ""confidence"": [0.0, 0.5749693909936535], ""p_value"": 1.0, ""contingency"": [[0, 2], [231, 13598]]}",{}
494,NC00962.3,MXF-0.25-0.9-0.4,0.0,GARC1,RUS,MXF,gyrA@G764R,U,{},"{""proportion"": 0.0, ""confidence"": [0.0, 0.7301340512159458], ""p_value"": 1.0, ""contingency"": [[0, 1], [231, 13598]]}",{}
495,NC00962.3,MXF-0.25-0.9-0.4,0.0,GARC1,RUS,MXF,gyrA@G294A,U,{},"{""proportion"": 0.0, ""confidence"": [0.0, 0.7301340512159458], ""p_value"": 1.0, ""contingency"": [[0, 1], [231, 13598]]}",{}
496,NC00962.3,MXF-0.25-0.9-0.4,0.0,GARC1,RUS,MXF,gyrA@P17S,U,{},"{""proportion"": 0.0, ""confidence"": [0.0, 0.7301340512159458], ""p_value"": 1.0, ""contingency"": [[0, 1], [231, 13598]]}",{}
497,NC00962.3,MXF-0.25-0.9-0.4,0.0,GARC1,RUS,MXF,gyrB@A238T,U,{},"{""proportion"": 0.0, ""confidence"": [0.0, 0.7301340512159458], ""p_value"": 1.0, ""contingency"": [[0, 1], [231, 13598]]}",{}
498,NC00962.3,MXF-0.25-0.9-0.4,0.0,GARC1,RUS,MXF,gyrB@c-45g,U,{},"{""proportion"": 0.0, ""confidence"": [0.0, 0.7301340512159458], ""p_value"": 1.0, ""contingency"": [[0, 1], [231, 13598]]}",{}
499,NC00962.3,MXF-0.25-0.9-0.4,0.0,GARC1,RUS,MXF,gyrA@G311A,U,{},"{""proportion"": 0.0, ""confidence"": [0.0, 0.7301340512159458], ""p_value"": 1.0, ""contingency"": [[0, 1], [231, 13598]]}",{}
500,NC00962.3,MXF-0.25-0.9-0.4,0.0,GARC1,RUS,MXF,gyrA@P8S,U,{},"{""proportion"": 0.0, ""confidence"": [0.0, 0.7301340512159458], ""p_value"": 1.0, ""contingency"": [[0, 1], [231, 13598]]}",{}
501,NC00962.3,MXF-0.25-0.9-0.4,0.0,GARC1,RUS,MXF,gyrA@S104L,U,{},"{""proportion"": 0.0, ""confidence"": [0.0, 0.7301340512159458], ""p_value"": 1.0, ""contingency"": [[0, 1], [231, 13598]]}",{}
502,NC00962.3,MXF-0.25-0.9-0.4,0.0,GARC1,RUS,MXF,gyrB@c-20t,U,{},"{""proportion"": 0.0, ""confidence"": [0.0, 0.7301340512159458], ""p_value"": 1.0, ""contingency"": [[0, 1], [231, 13598]]}",{}
503,NC00962.3,MXF-0.25-0.9-0.4,0.0,GARC1,RUS,MXF,gyrA@G63R,U,{},"{""proportion"": 0.0, ""confidence"": [0.0, 0.7301340512159458], ""p_value"": 1.0, ""contingency"": [[0, 1], [231, 13598]]}",{}
504,NC00962.3,MXF-0.25-0.9-0.4,0.0,GARC1,RUS,MXF,gyrA@A200T,U,{},"{""proportion"": 0.0, ""confidence"": [0.0, 0.7301340512159458], ""p_value"": 1.0, ""contingency"": [[0, 1], [231, 13598]]}",{}
505,NC00962.3,MXF-0.25-0.9-0.4,0.0,GARC1,RUS,MXF,gyrA@Q290H,U,{},"{""proportion"": 0.0, ""confidence"": [0.0, 0.5749693909936535], ""p_value"": 1.0, ""contingency"": [[0, 2], [231, 13598]]}",{}
506,NC00962.3,MXF-0.25-0.9-0.4,0.0,GARC1,RUS,MXF,gyrA@Q238H,U,{},"{""proportion"": 0.0, ""confidence"": [0.0, 0.7301340512159458], ""p_value"": 1.0, ""contingency"": [[0, 1], [231, 13598]]}",{}
507,NC00962.3,MXF-0.25-0.9-0.4,0.0,GARC1,RUS,MXF,gyrA@E586G,U,{},"{""proportion"": 0.0, ""confidence"": [0.0, 0.7301340512159458], ""p_value"": 1.0, ""contingency"": [[0, 1], [231, 13598]]}",{}
508,NC00962.3,MXF-0.25-0.9-0.4,0.0,GARC1,RUS,MXF,gyrA@F683L,U,{},"{""proportion"": 0.0, ""confidence"": [0.0, 0.7301340512159458], ""p_value"": 1.0, ""contingency"": [[0, 1], [231, 13598]]}",{}
509,NC00962.3,MXF-0.25-0.9-0.4,0.0,GARC1,RUS,MXF,gyrA@2517_del_a,U,{},"{""proportion"": 0.0, ""confidence"": [0.0, 0.7301340512159458], ""p_value"": 1.0, ""contingency"": [[0, 1], [231, 13598]]}",{}
510,NC00962.3,MXF-0.25-0.9-0.4,0.0,GARC1,RUS,MXF,gyrB@Y253S,U,{},"{""proportion"": 0.0, ""confidence"": [0.0, 0.5749693909936535], ""p_value"": 1.0, ""contingency"": [[0, 2], [231, 13598]]}",{}
511,NC00962.3,MXF-0.25-0.9-0.4,0.0,GARC1,RUS,MXF,gyrB@L354V,U,{},"{""proportion"": 0.0, ""confidence"": [0.0, 0.7301340512159458], ""p_value"": 1.0, ""contingency"": [[0, 1], [231, 13598]]}",{}
512,NC00962.3,MXF-0.25-0.9-0.4,0.0,GARC1,RUS,MXF,gyrA@S237A,U,{},"{""proportion"": 0.0, ""confidence"": [0.0, 0.7301340512159458], ""p_value"": 1.0, ""contingency"": [[0, 1], [231, 13598]]}",{}
513,NC00962.3,MXF-0.25-0.9-0.4,0.0,GARC1,RUS,MXF,gyrA@Q113E,U,{},"{""proportion"": 0.0, ""confidence"": [0.0, 0.40347862520270455], ""p_value"": 0.578125, ""contingency"": [[0, 4], [231, 13598]]}",{}
514,NC00962.3,MXF-0.25-0.9-0.4,0.0,GARC1,RUS,MXF,gyrA@R195G,U,{},"{""proportion"": 0.0, ""confidence"": [0.0, 0.7301340512159458], ""p_value"": 1.0, ""contingency"": [[0, 1], [231, 13598]]}",{}
515,NC00962.3,MXF-0.25-0.9-0.4,0.0,GARC1,RUS,MXF,gyrB@c-80a,U,{},"{""proportion"": 0.0, ""confidence"": [0.0, 0.7301340512159458], ""p_value"": 1.0, ""contingency"": [[0, 1], [231, 13598]]}",{}
516,NC00962.3,MXF-0.25-0.9-0.4,0.0,GARC1,RUS,MXF,gyrB@H272P,U,{},"{""proportion"": 0.0, ""confidence"": [0.0, 0.7301340512159458], ""p_value"": 1.0, ""contingency"": [[0, 1], [231, 13598]]}",{}
517,NC00962.3,MXF-0.25-0.9-0.4,0.0,GARC1,RUS,MXF,gyrA@R802Q,U,{},"{""proportion"": 0.0, ""confidence"": [0.0, 0.7301340512159458], ""p_value"": 1.0, ""contingency"": [[0, 1], [231, 13598]]}",{}
518,NC00962.3,MXF-0.25-0.9-0.4,0.0,GARC1,RUS,MXF,gyrB@c-26g,U,{},"{""proportion"": 0.0, ""confidence"": [0.0, 0.7301340512159458], ""p_value"": 1.0, ""contingency"": [[0, 1], [231, 13598]]}",{}
519,NC00962.3,MXF-0.25-0.9-0.4,0.0,GARC1,RUS,MXF,gyrA@G744A,U,{},"{""proportion"": 0.0, ""confidence"": [0.0, 0.7301340512159458], ""p_value"": 1.0, ""contingency"": [[0, 1], [231, 13598]]}",{}
520,NC00962.3,MXF-0.25-0.9-0.4,0.0,GARC1,RUS,MXF,gyrA@Q305R,U,{},"{""proportion"": 0.0, ""confidence"": [0.0, 0.7301340512159458], ""p_value"": 1.0, ""contingency"": [[0, 1], [231, 13598]]}",{}
521,NC00962.3,MXF-0.25-0.9-0.4,0.0,GARC1,RUS,MXF,gyrB@P163S,U,{},"{""proportion"": 0.0, ""confidence"": [0.0, 0.7301340512159458], ""p_value"": 1.0, ""contingency"": [[0, 1], [231, 13598]]}",{}
522,NC00962.3,MXF-0.25-0.9-0.4,0.0,GARC1,RUS,MXF,gyrB@T189P,U,{},"{""proportion"": 0.0, ""confidence"": [0.0, 0.7301340512159458], ""p_value"": 1.0, ""contingency"": [[0, 1], [231, 13598]]}",{}
523,NC00962.3,MXF-0.25-0.9-0.4,0.0,GARC1,RUS,MXF,gyrA@a-30g,U,{},"{""proportion"": 0.0, ""confidence"": [0.0, 0.7301340512159458], ""p_value"": 1.0, ""contingency"": [[0, 1], [231, 13598]]}",{}
524,NC00962.3,MXF-0.25-0.9-0.4,0.0,GARC1,RUS,MXF,gyrA@A579V,U,{},"{""proportion"": 0.0, ""confidence"": [0.0, 0.7301340512159458], ""p_value"": 1.0, ""contingency"": [[0, 1], [231, 13598]]}",{}
525,NC00962.3,MXF-0.25-0.9-0.4,0.0,GARC1,RUS,MXF,gyrB@K7Q,U,{},"{""proportion"": 0.0, ""confidence"": [0.0, 0.7301340512159458], ""p_value"": 1.0, ""contingency"": [[0, 1], [231, 13598]]}",{}
526,NC00962.3,MXF-0.25-0.9-0.4,0.0,GARC1,RUS,MXF,gyrA@R758P,U,{},"{""proportion"": 0.0, ""confidence"": [0.0, 0.7301340512159458], ""p_value"": 1.0, ""contingency"": [[0, 1], [231, 13598]]}",{}
527,NC00962.3,MXF-0.25-0.9-0.4,0.0,GARC1,RUS,MXF,gyrB@A175T,U,{},"{""proportion"": 0.0, ""confidence"": [0.0, 0.7301340512159458], ""p_value"": 1.0, ""contingency"": [[0, 1], [231, 13598]]}",{}
528,NC00962.3,MXF-0.25-0.9-0.4,0.0,GARC1,RUS,MXF,gyrA@Q797P,U,{},"{""proportion"": 0.0, ""confidence"": [0.0, 0.7301340512159458], ""p_value"": 1.0, ""contingency"": [[0, 1], [231, 13598]]}",{}
529,NC00962.3,MXF-0.25-0.9-0.4,0.0,GARC1,RUS,MXF,gyrA@V352M,U,{},"{""proportion"": 0.0, ""confidence"": [0.0, 0.7301340512159458], ""p_value"": 1.0, ""contingency"": [[0, 1], [231, 13598]]}",{}
530,NC00962.3,MXF-0.25-0.9-0.4,0.0,GARC1,RUS,MXF,gyrA@A676D,U,{},"{""proportion"": 0.0, ""confidence"": [0.0, 0.7301340512159458], ""p_value"": 1.0, ""contingency"": [[0, 1], [231, 13598]]}",{}
531,NC00962.3,MXF-0.25-0.9-0.4,0.0,GARC1,RUS,MXF,gyrA@a-12g,U,{},"{""proportion"": 0.0, ""confidence"": [0.0, 0.7301340512159458], ""p_value"": 1.0, ""contingency"": [[0, 1], [231, 13598]]}",{}
532,NC00962.3,MXF-0.25-0.9-0.4,0.0,GARC1,RUS,MXF,gyrB@S363R,U,{},"{""proportion"": 0.0, ""confidence"": [0.0, 0.7301340512159458], ""p_value"": 1.0, ""contingency"": [[0, 1], [231, 13598]]}",{}
533,NC00962.3,MXF-0.25-0.9-0.4,0.0,GARC1,RUS,MXF,gyrA@E258D,U,{},"{""proportion"": 0.0, ""confidence"": [0.0, 0.7301340512159458], ""p_value"": 1.0, ""contingency"": [[0, 1], [231, 13598]]}",{}
535,NC00962.3,MXF-0.25-0.9-0.4,0.0,GARC1,RUS,MXF,gyrA@-*_indel,U,{},"{""default_rule"": ""True""}",{}
536,NC00962.3,MXF-0.25-0.9-0.4,0.0,GARC1,RUS,MXF,gyrA@*_indel,U,{},"{""default_rule"": ""True""}",{}
537,NC00962.3,MXF-0.25-0.9-0.4,0.0,GARC1,RUS,MXF,gyrA@-*?,U,{},"{""default_rule"": ""True""}",{}
538,NC00962.3,MXF-0.25-0.9-0.4,0.0,GARC1,RUS,MXF,gyrA@*?,U,{},"{""default_rule"": ""True""}",{}
539,NC00962.3,MXF-0.25-0.9-0.4,0.0,GARC1,RUS,MXF,gyrA@del_0.0,U,{},"{""default_rule"": ""True""}",{}
541,NC00962.3,MXF-0.25-0.9-0.4,0.0,GARC1,RUS,MXF,gyrB@-*_indel,U,{},"{""default_rule"": ""True""}",{}
542,NC00962.3,MXF-0.25-0.9-0.4,0.0,GARC1,RUS,MXF,gyrB@*_indel,U,{},"{""default_rule"": ""True""}",{}
543,NC00962.3,MXF-0.25-0.9-0.4,0.0,GARC1,RUS,MXF,gyrB@-*?,U,{},"{""default_rule"": ""True""}",{}
544,NC00962.3,MXF-0.25-0.9-0.4,0.0,GARC1,RUS,MXF,gyrB@*?,U,{},"{""default_rule"": ""True""}",{}
545,NC00962.3,MXF-0.25-0.9-0.4,0.0,GARC1,RUS,MXF,gyrB@del_0.0,U,{},"{""default_rule"": ""True""}",{}
