GENBANK_REFERENCE,CATALOGUE_NAME,CATALOGUE_VERSION,CATALOGUE_GRAMMAR,PREDICTION_VALUES,DRUG,MUTATION,PREDICTION,SOURCE,EVIDENCE,OTHER
NC00962.3,LEV-0.25-0.9,0.0,GARC1,RUS,LEV,gyrA@S95T,S,{},"{""seeded"": ""True""}",{}
NC00962.3,LEV-0.25-0.9,0.0,GARC1,RUS,LEV,gyrA@E21Q,S,{},"{""seeded"": ""True""}",{}
NC00962.3,LEV-0.25-0.9,0.0,GARC1,RUS,LEV,gyrA@G668D,S,{},"{""seeded"": ""True""}",{}
NC00962.3,LEV-0.25-0.9,0.0,GARC1,RUS,LEV,gyrB@M291I,S,{},"{""seeded"": ""True""}",{}
NC00962.3,LEV-0.25-0.9,0.0,GARC1,RUS,LEV,gyrA@A384V,S,{},"{""proportion"": 0.017374517374517374, ""confidence"": [0.010135583479861716, 0.029628816408692155], ""p_value"": 1.5274044216355738e-50, ""solo_contingency"": [[9, 509], [152, 8760]], ""contingency"": [[68, 753], [2590, 11809]]}",{}
NC00962.3,LEV-0.25-0.9,0.0,GARC1,RUS,LEV,gyrA@G247S,S,{},"{""proportion"": 0.019867549668874173, ""confidence"": [0.014257169837393025, 0.02762381743341313], ""p_value"": 1.2149561578310258e-112, ""solo_contingency"": [[24, 1184], [152, 8760]], ""contingency"": [[263, 1257], [2395, 11305]]}",{}
NC00962.3,LEV-0.25-0.9,0.0,GARC1,RUS,LEV,gyrA@A463S,S,{},"{""proportion"": 0.022222222222222223, ""confidence"": [0.0073812526582335706, 0.0649503815057554], ""p_value"": 5.088411656765238e-09, ""solo_contingency"": [[2, 88], [152, 8760]], ""contingency"": [[50, 95], [2608, 12467]]}",{}
NC00962.3,LEV-0.25-0.9,0.0,GARC1,RUS,LEV,gyrB@I84V,S,{},"{""proportion"": 0.0, ""confidence"": [0.0, 0.16195483023523788], ""p_value"": 0.02812748029828072, ""solo_contingency"": [[0, 14], [152, 8760]], ""contingency"": [[0, 15], [2658, 12547]]}",{}
NC00962.3,LEV-0.25-0.9,0.0,GARC1,RUS,LEV,gyrA@R252L,S,{},"{""proportion"": 0.0, ""confidence"": [0.0, 0.08272430812509926], ""p_value"": 0.0003942759162650964, ""solo_contingency"": [[0, 30], [152, 8760]], ""contingency"": [[1, 34], [2657, 12528]]}",{}
NC00962.3,LEV-0.25-0.9,0.0,GARC1,RUS,LEV,gyrA@Q613E,S,{},"{""proportion"": 0.015625, ""confidence"": [0.005184191517302659, 0.04611847917967845], ""p_value"": 1.4999810397775264e-13, ""solo_contingency"": [[2, 126], [152, 8760]], ""contingency"": [[11, 130], [2647, 12432]]}",{}
NC00962.3,LEV-0.25-0.9,0.0,GARC1,RUS,LEV,gyrA@H368Q,S,{},"{""proportion"": 0.0, ""confidence"": [-6.179004569140675e-18, 0.10951159439671897], ""p_value"": 0.0024842959446118593, ""solo_contingency"": [[0, 22], [152, 8760]], ""contingency"": [[0, 23], [2658, 12539]]}",{}
NC00962.3,LEV-0.25-0.9,0.0,GARC1,RUS,LEV,gyrB@A403S,S,{},"{""proportion"": 0.0, ""confidence"": [-1.2064410726261401e-17, 0.13066758958023267], ""p_value"": 0.011059489319450225, ""solo_contingency"": [[0, 18], [152, 8760]], ""contingency"": [[2, 30], [2656, 12532]]}",{}
NC00962.3,LEV-0.25-0.9,0.0,GARC1,RUS,LEV,gyrB@V301L,S,{},"{""proportion"": 0.012903225806451613, ""confidence"": [0.004279185702466352, 0.0382402039602518], ""p_value"": 1.0131582297882621e-16, ""solo_contingency"": [[2, 153], [152, 8760]], ""contingency"": [[11, 158], [2647, 12404]]}",{}
NC00962.3,LEV-0.25-0.9,0.0,GARC1,RUS,LEV,gyrA@T267I,S,{},"{""proportion"": 0.05555555555555555, ""confidence"": [0.01249319576298488, 0.21476688386388854], ""p_value"": 0.05881175039394293, ""solo_contingency"": [[1, 17], [152, 8760]], ""contingency"": [[12, 18], [2646, 12544]]}",{}
NC00962.3,LEV-0.25-0.9,0.0,GARC1,RUS,LEV,gyrB@K526Q,S,{},"{""proportion"": 0.0, ""confidence"": [-1.1138242448922617e-17, 0.19740504731951777], ""p_value"": 0.07656264305114746, ""solo_contingency"": [[0, 11], [152, 8760]], ""contingency"": [[0, 12], [2658, 12550]]}",{}
NC00962.3,LEV-0.25-0.9,0.0,GARC1,RUS,LEV,gyrA@P472S,S,{},"{""proportion"": 0.0, ""confidence"": [0.0, 0.06487251405975222], ""p_value"": 2.026314823512326e-05, ""solo_contingency"": [[0, 39], [152, 8760]], ""contingency"": [[8, 39], [2650, 12523]]}",{}
NC00962.3,LEV-0.25-0.9,0.0,GARC1,RUS,LEV,gyrA@P8A,S,{},"{""proportion"": 0.0, ""confidence"": [0.0, 0.172266783508845], ""p_value"": 0.048047408461570754, ""solo_contingency"": [[0, 13], [152, 8760]], ""contingency"": [[1, 16], [2657, 12546]]}",{}
NC00962.3,LEV-0.25-0.9,0.0,GARC1,RUS,LEV,gyrB@P94L,S,{},"{""proportion"": 0.013824884792626729, ""confidence"": [0.005538255354466323, 0.03408543059005478], ""p_value"": 8.520368477271564e-23, ""solo_contingency"": [[3, 214], [152, 8760]], ""contingency"": [[11, 229], [2647, 12333]]}",{}
NC00962.3,LEV-0.25-0.9,0.0,GARC1,RUS,LEV,gyrB@H302R,S,{},"{""proportion"": 0.0, ""confidence"": [0.0, 0.21294197008340696], ""p_value"": 0.07604122161865237, ""solo_contingency"": [[0, 10], [152, 8760]], ""contingency"": [[8, 12], [2650, 12550]]}",{}
NC00962.3,LEV-0.25-0.9,0.0,GARC1,RUS,LEV,gyrA@c-34t,S,{},"{""proportion"": 0.10526315789473684, ""confidence"": [0.06396850751457513, 0.16841895640412322], ""p_value"": 0.0005416646680385499, ""solo_contingency"": [[10, 85], [195, 11212]], ""contingency"": [[24, 139], [2634, 12423]]}",{}
NC00962.3,LEV-0.25-0.9,0.0,GARC1,RUS,LEV,gyrB@A130S,S,{},"{""proportion"": 0.0, ""confidence"": [-1.2064410726261401e-17, 0.13066758958023267], ""p_value"": 0.011059489319450225, ""solo_contingency"": [[0, 18], [195, 11212]], ""contingency"": [[0, 19], [2658, 12543]]}",{}
NC00962.3,LEV-0.25-0.9,0.0,GARC1,RUS,LEV,gyrA@N193S,S,{},"{""proportion"": 0.03125, ""confidence"": [0.007002788780185032, 0.12858199064617304], ""p_value"": 0.0017722395584319653, ""solo_contingency"": [[1, 31], [205, 11315]], ""contingency"": [[5, 32], [2653, 12530]]}",{}
NC00962.3,LEV-0.25-0.9,0.0,GARC1,RUS,LEV,gyrA@*=,S,{},"{""default_rule"": ""True""}",{}
NC00962.3,LEV-0.25-0.9,0.0,GARC1,RUS,LEV,gyrB@*=,S,{},"{""default_rule"": ""True""}",{}
NC00962.3,LEV-0.25-0.9,0.0,GARC1,RUS,LEV,gyrA@D94N,R,{},"{""proportion"": 0.89, ""confidence"": [0.8482736114546151, 0.9213156032346599], ""p_value"": 1.425845689635944e-81, ""solo_contingency"": [[178, 22], [206, 11346]], ""contingency"": [[218, 23], [2440, 12539]]}",{}
NC00962.3,LEV-0.25-0.9,0.0,GARC1,RUS,LEV,gyrA@D94G,R,{},"{""proportion"": 0.9066390041493776, ""confidence"": [0.8900674455017678, 0.9209344208977174], ""p_value"": 0.0, ""solo_contingency"": [[874, 90], [206, 11346]], ""contingency"": [[1014, 106], [1644, 12456]]}",{}
NC00962.3,LEV-0.25-0.9,0.0,GARC1,RUS,LEV,gyrA@A90V,R,{},"{""proportion"": 0.8558875219683656, ""confidence"": [0.8299845038590079, 0.87842213070517], ""p_value"": 1.424627965988436e-203, ""solo_contingency"": [[487, 82], [206, 11346]], ""contingency"": [[658, 105], [2000, 12457]]}",{}
NC00962.3,LEV-0.25-0.9,0.0,GARC1,RUS,LEV,gyrA@D94Y,R,{},"{""proportion"": 0.9252336448598131, ""confidence"": [0.8721320830440054, 0.9573610960137835], ""p_value"": 8.34442990096929e-50, ""solo_contingency"": [[99, 8], [206, 11346]], ""contingency"": [[118, 9], [2540, 12553]]}",{}
NC00962.3,LEV-0.25-0.9,0.0,GARC1,RUS,LEV,gyrA@D94H,R,{},"{""proportion"": 0.92, ""confidence"": [0.8333021052798535, 0.9635780186596796], ""p_value"": 1.514192948478403e-23, ""solo_contingency"": [[46, 4], [206, 11346]], ""contingency"": [[58, 8], [2600, 12554]]}",{}
NC00962.3,LEV-0.25-0.9,0.0,GARC1,RUS,LEV,gyrA@D94A,R,{},"{""proportion"": 0.8253012048192772, ""confidence"": [0.7717166984787793, 0.8684519515181113], ""p_value"": 1.7131282398638428e-54, ""solo_contingency"": [[137, 29], [206, 11346]], ""contingency"": [[198, 43], [2460, 12519]]}",{}
NC00962.3,LEV-0.25-0.9,0.0,GARC1,RUS,LEV,gyrB@D461N,R,{},"{""proportion"": 0.7894736842105263, ""confidence"": [0.6050035729709646, 0.9017794072968947], ""p_value"": 1.2431555660441518e-06, ""solo_contingency"": [[15, 4], [206, 11346]], ""contingency"": [[37, 6], [2621, 12556]]}",{}
NC00962.3,LEV-0.25-0.9,0.0,GARC1,RUS,LEV,gyrA@S91P,R,{},"{""proportion"": 0.8773584905660378, ""confidence"": [0.8153713513273534, 0.9205616789305073], ""p_value"": 4.0400773666269055e-42, ""solo_contingency"": [[93, 13], [206, 11346]], ""contingency"": [[132, 20], [2526, 12542]]}",{}
NC00962.3,LEV-0.25-0.9,0.0,GARC1,RUS,LEV,gyrA@G88C,R,{},"{""proportion"": 0.9285714285714286, ""confidence"": [0.8055434029226276, 0.9760744191452296], ""p_value"": 4.839184608584901e-14, ""solo_contingency"": [[26, 2], [206, 11346]], ""contingency"": [[31, 3], [2627, 12559]]}",{}
NC00962.3,LEV-0.25-0.9,0.0,GARC1,RUS,LEV,gyrA@D89N,R,{},"{""proportion"": 0.8333333333333334, ""confidence"": [0.6007930895844599, 0.9432194472505556], ""p_value"": 3.7610530853271484e-05, ""solo_contingency"": [[10, 2], [206, 11346]], ""contingency"": [[16, 2], [2642, 12560]]}",{}
NC00962.3,LEV-0.25-0.9,0.0,GARC1,RUS,LEV,gyrB@N499D,R,{},"{""proportion"": 1.0, ""confidence"": [0.7472764025762368, 1.0], ""p_value"": 1.52587890625e-05, ""solo_contingency"": [[8, 0], [206, 11346]], ""contingency"": [[16, 0], [2642, 12562]]}",{}
NC00962.3,LEV-0.25-0.9,0.0,GARC1,RUS,LEV,gyrA@I707V,R,{},"{""proportion"": 1.0, ""confidence"": [0.4250306090063464, 1.0], ""p_value"": 0.0625, ""solo_contingency"": [[2, 0], [206, 11346]], ""contingency"": [[2, 0], [2656, 12562]]}",{}
NC00962.3,LEV-0.25-0.9,0.0,GARC1,RUS,LEV,gyrA@g-19t,U,{},"{""proportion"": 0.0, ""confidence"": [0.0, 0.3511165007651012], ""p_value"": 0.34082031250000006, ""solo_contingency"": [[0, 5], [206, 11346]], ""contingency"": [[5, 6], [2653, 12556]]}",{}
NC00962.3,LEV-0.25-0.9,0.0,GARC1,RUS,LEV,gyrB@S661T,U,{},"{""proportion"": 0.0, ""confidence"": [0.0, 0.5749693909936535], ""p_value"": 1.0, ""solo_contingency"": [[0, 2], [206, 11346]], ""contingency"": [[33, 167], [2625, 12395]]}",{}
NC00962.3,LEV-0.25-0.9,0.0,GARC1,RUS,LEV,gyrA@P741L,U,{},"{""proportion"": 0.0, ""confidence"": [0.0, 0.7301340512159458], ""p_value"": 1.0, ""solo_contingency"": [[0, 1], [206, 11346]], ""contingency"": [[0, 1], [2658, 12561]]}",{}
NC00962.3,LEV-0.25-0.9,0.0,GARC1,RUS,LEV,gyrA@Q573H,U,{},"{""proportion"": 0.0, ""confidence"": [0.0, 0.7301340512159458], ""p_value"": 1.0, ""solo_contingency"": [[0, 1], [206, 11346]], ""contingency"": [[0, 1], [2658, 12561]]}",{}
NC00962.3,LEV-0.25-0.9,0.0,GARC1,RUS,LEV,gyrA@A175G,U,{},"{""proportion"": 0.0, ""confidence"": [0.0, 0.7301340512159458], ""p_value"": 1.0, ""solo_contingency"": [[0, 1], [206, 11346]], ""contingency"": [[0, 1], [2658, 12561]]}",{}
NC00962.3,LEV-0.25-0.9,0.0,GARC1,RUS,LEV,gyrA@A288D,U,{},"{""proportion"": 0.42857142857142855, ""confidence"": [0.18644319036395612, 0.710522908986407], ""p_value"": 0.3770751953125, ""solo_contingency"": [[3, 4], [206, 11346]], ""contingency"": [[14, 7], [2644, 12555]]}",{}
NC00962.3,LEV-0.25-0.9,0.0,GARC1,RUS,LEV,gyrB@K452N,U,{},"{""proportion"": 0.0, ""confidence"": [0.0, 0.7301340512159458], ""p_value"": 1.0, ""solo_contingency"": [[0, 1], [206, 11346]], ""contingency"": [[0, 1], [2658, 12561]]}",{}
NC00962.3,LEV-0.25-0.9,0.0,GARC1,RUS,LEV,gyrB@G512R,U,{},"{""proportion"": 0.16666666666666666, ""confidence"": [0.038105570079342885, 0.5024170841245998], ""p_value"": 1.0, ""solo_contingency"": [[1, 5], [206, 11346]], ""contingency"": [[6, 5], [2652, 12557]]}",{}
NC00962.3,LEV-0.25-0.9,0.0,GARC1,RUS,LEV,gyrB@R446C,U,{},"{""proportion"": 0.09090909090909091, ""confidence"": [0.020549531219243414, 0.3227818711330893], ""p_value"": 0.3117237091064453, ""solo_contingency"": [[1, 10], [206, 11346]], ""contingency"": [[4, 12], [2654, 12550]]}",{}
NC00962.3,LEV-0.25-0.9,0.0,GARC1,RUS,LEV,gyrA@D829E,U,{},"{""proportion"": 0.0, ""confidence"": [0.0, 0.5749693909936535], ""p_value"": 1.0, ""solo_contingency"": [[0, 2], [206, 11346]], ""contingency"": [[0, 2], [2658, 12560]]}",{}
NC00962.3,LEV-0.25-0.9,0.0,GARC1,RUS,LEV,gyrB@I607V,U,{},"{""proportion"": 0.0, ""confidence"": [0.0, 0.7301340512159458], ""p_value"": 1.0, ""solo_contingency"": [[0, 1], [206, 11346]], ""contingency"": [[0, 1], [2658, 12561]]}",{}
NC00962.3,LEV-0.25-0.9,0.0,GARC1,RUS,LEV,gyrA@R252G,U,{},"{""proportion"": 0.0, ""confidence"": [0.0, 0.7301340512159458], ""p_value"": 1.0, ""solo_contingency"": [[0, 1], [206, 11346]], ""contingency"": [[0, 1], [2658, 12561]]}",{}
NC00962.3,LEV-0.25-0.9,0.0,GARC1,RUS,LEV,gyrA@E140G,U,{},"{""proportion"": 0.0, ""confidence"": [0.0, 0.7301340512159458], ""p_value"": 1.0, ""solo_contingency"": [[0, 1], [206, 11346]], ""contingency"": [[0, 1], [2658, 12561]]}",{}
NC00962.3,LEV-0.25-0.9,0.0,GARC1,RUS,LEV,gyrB@T37S,U,{},"{""proportion"": 0.0, ""confidence"": [0.0, 0.7301340512159458], ""p_value"": 1.0, ""solo_contingency"": [[0, 1], [206, 11346]], ""contingency"": [[0, 1], [2658, 12561]]}",{}
NC00962.3,LEV-0.25-0.9,0.0,GARC1,RUS,LEV,gyrB@C388G,U,{},"{""proportion"": 0.0, ""confidence"": [0.0, 0.5749693909936535], ""p_value"": 1.0, ""solo_contingency"": [[0, 2], [206, 11346]], ""contingency"": [[0, 2], [2658, 12560]]}",{}
NC00962.3,LEV-0.25-0.9,0.0,GARC1,RUS,LEV,gyrB@D225G,U,{},"{""proportion"": 0.0, ""confidence"": [0.0, 0.5749693909936535], ""p_value"": 1.0, ""solo_contingency"": [[0, 2], [206, 11346]], ""contingency"": [[0, 2], [2658, 12560]]}",{}
NC00962.3,LEV-0.25-0.9,0.0,GARC1,RUS,LEV,gyrA@N282K,U,{},"{""proportion"": 0.25, ""confidence"": [0.05790732119985871, 0.6438319914014936], ""p_value"": 1.0, ""solo_contingency"": [[1, 3], [206, 11346]], ""contingency"": [[3, 3], [2655, 12559]]}",{}
NC00962.3,LEV-0.25-0.9,0.0,GARC1,RUS,LEV,gyrB@A78V,U,{},"{""proportion"": 0.0, ""confidence"": [0.0, 0.7301340512159458], ""p_value"": 1.0, ""solo_contingency"": [[0, 1], [206, 11346]], ""contingency"": [[0, 1], [2658, 12561]]}",{}
NC00962.3,LEV-0.25-0.9,0.0,GARC1,RUS,LEV,gyrB@P439R,U,{},"{""proportion"": 0.0, ""confidence"": [0.0, 0.7301340512159458], ""p_value"": 1.0, ""solo_contingency"": [[0, 1], [206, 11346]], ""contingency"": [[0, 1], [2658, 12561]]}",{}
NC00962.3,LEV-0.25-0.9,0.0,GARC1,RUS,LEV,gyrB@T170M,U,{},"{""proportion"": 0.0, ""confidence"": [0.0, 0.7301340512159458], ""p_value"": 1.0, ""solo_contingency"": [[0, 1], [206, 11346]], ""contingency"": [[0, 1], [2658, 12561]]}",{}
NC00962.3,LEV-0.25-0.9,0.0,GARC1,RUS,LEV,gyrB@c-87g,U,{},"{""proportion"": 0.0, ""confidence"": [0.0, 0.5749693909936535], ""p_value"": 1.0, ""solo_contingency"": [[0, 2], [206, 11346]], ""contingency"": [[0, 4], [2658, 12558]]}",{}
NC00962.3,LEV-0.25-0.9,0.0,GARC1,RUS,LEV,gyrA@E459K,U,{},"{""proportion"": 0.0, ""confidence"": [0.0, 0.7301340512159458], ""p_value"": 1.0, ""solo_contingency"": [[0, 1], [206, 11346]], ""contingency"": [[0, 1], [2658, 12561]]}",{}
NC00962.3,LEV-0.25-0.9,0.0,GARC1,RUS,LEV,gyrB@T664I,U,{},"{""proportion"": 0.6666666666666666, ""confidence"": [0.25353386828122415, 0.9217342736662715], ""p_value"": 0.15625, ""solo_contingency"": [[2, 1], [206, 11346]], ""contingency"": [[2, 1], [2656, 12561]]}",{}
NC00962.3,LEV-0.25-0.9,0.0,GARC1,RUS,LEV,gyrA@V235A,U,{},"{""proportion"": 0.0, ""confidence"": [0.0, 0.7301340512159458], ""p_value"": 1.0, ""solo_contingency"": [[0, 1], [206, 11346]], ""contingency"": [[0, 1], [2658, 12561]]}",{}
NC00962.3,LEV-0.25-0.9,0.0,GARC1,RUS,LEV,gyrA@F569C,U,{},"{""proportion"": 0.0, ""confidence"": [0.0, 0.7301340512159458], ""p_value"": 1.0, ""solo_contingency"": [[0, 1], [206, 11346]], ""contingency"": [[0, 1], [2658, 12561]]}",{}
NC00962.3,LEV-0.25-0.9,0.0,GARC1,RUS,LEV,gyrA@R26H,U,{},"{""proportion"": 0.0, ""confidence"": [0.0, 0.7301340512159458], ""p_value"": 1.0, ""solo_contingency"": [[0, 1], [206, 11346]], ""contingency"": [[0, 1], [2658, 12561]]}",{}
NC00962.3,LEV-0.25-0.9,0.0,GARC1,RUS,LEV,gyrA@A787G,U,{},"{""proportion"": 0.0, ""confidence"": [0.0, 0.3511165007651012], ""p_value"": 0.34082031250000006, ""solo_contingency"": [[0, 5], [206, 11346]], ""contingency"": [[0, 5], [2658, 12557]]}",{}
NC00962.3,LEV-0.25-0.9,0.0,GARC1,RUS,LEV,gyrB@D216G,U,{},"{""proportion"": 0.0, ""confidence"": [0.0, 0.7301340512159458], ""p_value"": 1.0, ""solo_contingency"": [[0, 1], [206, 11346]], ""contingency"": [[0, 1], [2658, 12561]]}",{}
NC00962.3,LEV-0.25-0.9,0.0,GARC1,RUS,LEV,gyrB@A398V,U,{},"{""proportion"": 0.0, ""confidence"": [0.0, 0.3511165007651012], ""p_value"": 0.34082031250000006, ""solo_contingency"": [[0, 5], [206, 11346]], ""contingency"": [[0, 5], [2658, 12557]]}",{}
NC00962.3,LEV-0.25-0.9,0.0,GARC1,RUS,LEV,gyrA@E412A,U,{},"{""proportion"": 0.0, ""confidence"": [0.0, 0.5749693909936535], ""p_value"": 1.0, ""solo_contingency"": [[0, 2], [206, 11346]], ""contingency"": [[0, 2], [2658, 12560]]}",{}
NC00962.3,LEV-0.25-0.9,0.0,GARC1,RUS,LEV,gyrA@V783M,U,{},"{""proportion"": 0.0, ""confidence"": [0.0, 0.4741955741575127], ""p_value"": 1.0, ""solo_contingency"": [[0, 3], [206, 11346]], ""contingency"": [[0, 3], [2658, 12559]]}",{}
NC00962.3,LEV-0.25-0.9,0.0,GARC1,RUS,LEV,gyrB@P343S,U,{},"{""proportion"": 0.0, ""confidence"": [0.0, 0.7301340512159458], ""p_value"": 1.0, ""solo_contingency"": [[0, 1], [206, 11346]], ""contingency"": [[0, 1], [2658, 12561]]}",{}
NC00962.3,LEV-0.25-0.9,0.0,GARC1,RUS,LEV,gyrA@S642C,U,{},"{""proportion"": 0.0, ""confidence"": [0.0, 0.5749693909936535], ""p_value"": 1.0, ""solo_contingency"": [[0, 2], [206, 11346]], ""contingency"": [[0, 2], [2658, 12560]]}",{}
NC00962.3,LEV-0.25-0.9,0.0,GARC1,RUS,LEV,gyrA@N282T,U,{},"{""proportion"": 0.0, ""confidence"": [0.0, 0.7301340512159458], ""p_value"": 1.0, ""solo_contingency"": [[0, 1], [206, 11346]], ""contingency"": [[0, 1], [2658, 12561]]}",{}
NC00962.3,LEV-0.25-0.9,0.0,GARC1,RUS,LEV,gyrA@G236V,U,{},"{""proportion"": 0.0, ""confidence"": [0.0, 0.7301340512159458], ""p_value"": 1.0, ""solo_contingency"": [[0, 1], [206, 11346]], ""contingency"": [[2, 1], [2656, 12561]]}",{}
NC00962.3,LEV-0.25-0.9,0.0,GARC1,RUS,LEV,gyrA@R392H,U,{},"{""proportion"": 0.0, ""confidence"": [0.0, 0.7301340512159458], ""p_value"": 1.0, ""solo_contingency"": [[0, 1], [206, 11346]], ""contingency"": [[0, 1], [2658, 12561]]}",{}
NC00962.3,LEV-0.25-0.9,0.0,GARC1,RUS,LEV,gyrA@R789H,U,{},"{""proportion"": 0.0, ""confidence"": [0.0, 0.7301340512159458], ""p_value"": 1.0, ""solo_contingency"": [[0, 1], [206, 11346]], ""contingency"": [[0, 1], [2658, 12561]]}",{}
NC00962.3,LEV-0.25-0.9,0.0,GARC1,RUS,LEV,gyrA@E148D,U,{},"{""proportion"": 0.0, ""confidence"": [0.0, 0.7301340512159458], ""p_value"": 1.0, ""solo_contingency"": [[0, 1], [206, 11346]], ""contingency"": [[0, 1], [2658, 12561]]}",{}
NC00962.3,LEV-0.25-0.9,0.0,GARC1,RUS,LEV,gyrA@D199Y,U,{},"{""proportion"": 0.0, ""confidence"": [0.0, 0.7301340512159458], ""p_value"": 1.0, ""solo_contingency"": [[0, 1], [206, 11346]], ""contingency"": [[0, 1], [2658, 12561]]}",{}
NC00962.3,LEV-0.25-0.9,0.0,GARC1,RUS,LEV,gyrA@S506N,U,{},"{""proportion"": 0.0, ""confidence"": [0.0, 0.7301340512159458], ""p_value"": 1.0, ""solo_contingency"": [[0, 1], [206, 11346]], ""contingency"": [[0, 1], [2658, 12561]]}",{}
NC00962.3,LEV-0.25-0.9,0.0,GARC1,RUS,LEV,gyrB@N499S,U,{},"{""proportion"": 0.0, ""confidence"": [0.0, 0.5749693909936535], ""p_value"": 1.0, ""solo_contingency"": [[0, 2], [206, 11346]], ""contingency"": [[6, 2], [2652, 12560]]}",{}
NC00962.3,LEV-0.25-0.9,0.0,GARC1,RUS,LEV,gyrB@A90G,U,{},"{""proportion"": 0.0, ""confidence"": [0.0, 0.3511165007651012], ""p_value"": 0.34082031250000006, ""solo_contingency"": [[0, 5], [206, 11346]], ""contingency"": [[0, 5], [2658, 12557]]}",{}
NC00962.3,LEV-0.25-0.9,0.0,GARC1,RUS,LEV,gyrB@V75G,U,{},"{""proportion"": 0.0, ""confidence"": [0.0, 0.7301340512159458], ""p_value"": 1.0, ""solo_contingency"": [[0, 1], [206, 11346]], ""contingency"": [[0, 1], [2658, 12561]]}",{}
NC00962.3,LEV-0.25-0.9,0.0,GARC1,RUS,LEV,gyrB@E501D,U,{},"{""proportion"": 0.2222222222222222, ""confidence"": [0.1195293854224299, 0.3755143587467414], ""p_value"": 1.0, ""solo_contingency"": [[6, 21], [206, 11346]], ""contingency"": [[29, 26], [2629, 12536]]}",{}
NC00962.3,LEV-0.25-0.9,0.0,GARC1,RUS,LEV,gyrB@S447Y,U,{},"{""proportion"": 0.42857142857142855, ""confidence"": [0.18644319036395612, 0.710522908986407], ""p_value"": 0.3770751953125, ""solo_contingency"": [[3, 4], [206, 11346]], ""contingency"": [[5, 6], [2653, 12556]]}",{}
NC00962.3,LEV-0.25-0.9,0.0,GARC1,RUS,LEV,gyrA@G88A,U,{},"{""proportion"": 0.3333333333333333, ""confidence"": [0.141970901794995, 0.6017402713115905], ""p_value"": 0.6996612548828125, ""solo_contingency"": [[3, 6], [206, 11346]], ""contingency"": [[7, 11], [2651, 12551]]}",{}
NC00962.3,LEV-0.25-0.9,0.0,GARC1,RUS,LEV,gyrA@R578Q,U,{},"{""proportion"": 0.0, ""confidence"": [-2.1340331742842984e-17, 0.2311335193197566], ""p_value"": 0.12401199340820315, ""solo_contingency"": [[0, 9], [206, 11346]], ""contingency"": [[1, 12], [2657, 12550]]}",{}
NC00962.3,LEV-0.25-0.9,0.0,GARC1,RUS,LEV,gyrA@I189M,U,{},"{""proportion"": 0.0, ""confidence"": [0.0, 0.7301340512159458], ""p_value"": 1.0, ""solo_contingency"": [[0, 1], [206, 11346]], ""contingency"": [[0, 1], [2658, 12561]]}",{}
NC00962.3,LEV-0.25-0.9,0.0,GARC1,RUS,LEV,gyrB@I34V,U,{},"{""proportion"": 0.0, ""confidence"": [0.0, 0.40347862520270455], ""p_value"": 0.578125, ""solo_contingency"": [[0, 4], [206, 11346]], ""contingency"": [[0, 4], [2658, 12558]]}",{}
NC00962.3,LEV-0.25-0.9,0.0,GARC1,RUS,LEV,gyrB@A644D,U,{},"{""proportion"": 0.0, ""confidence"": [0.0, 0.4741955741575127], ""p_value"": 1.0, ""solo_contingency"": [[0, 3], [206, 11346]], ""contingency"": [[0, 6], [2658, 12556]]}",{}
NC00962.3,LEV-0.25-0.9,0.0,GARC1,RUS,LEV,gyrB@N499T,U,{},"{""proportion"": 0.25, ""confidence"": [0.05790732119985871, 0.6438319914014936], ""p_value"": 1.0, ""solo_contingency"": [[1, 3], [206, 11346]], ""contingency"": [[13, 5], [2645, 12557]]}",{}
NC00962.3,LEV-0.25-0.9,0.0,GARC1,RUS,LEV,gyrB@R634L,U,{},"{""proportion"": 0.0, ""confidence"": [0.0, 0.5749693909936535], ""p_value"": 1.0, ""solo_contingency"": [[0, 2], [206, 11346]], ""contingency"": [[0, 2], [2658, 12560]]}",{}
NC00962.3,LEV-0.25-0.9,0.0,GARC1,RUS,LEV,gyrB@P628A,U,{},"{""proportion"": 0.0, ""confidence"": [0.0, 0.5749693909936535], ""p_value"": 1.0, ""solo_contingency"": [[0, 2], [206, 11346]], ""contingency"": [[1, 2], [2657, 12560]]}",{}
NC00962.3,LEV-0.25-0.9,0.0,GARC1,RUS,LEV,gyrA@D488E,U,{},"{""proportion"": 0.0, ""confidence"": [0.0, 0.7301340512159458], ""p_value"": 1.0, ""solo_contingency"": [[0, 1], [206, 11346]], ""contingency"": [[0, 1], [2658, 12561]]}",{}
NC00962.3,LEV-0.25-0.9,0.0,GARC1,RUS,LEV,gyrA@T80A,U,{},"{""proportion"": 0.0, ""confidence"": [0.0, 0.5749693909936535], ""p_value"": 1.0, ""solo_contingency"": [[0, 2], [206, 11346]], ""contingency"": [[0, 2], [2658, 12560]]}",{}
NC00962.3,LEV-0.25-0.9,0.0,GARC1,RUS,LEV,gyrB@K498N,U,{},"{""proportion"": 0.0, ""confidence"": [0.0, 0.7301340512159458], ""p_value"": 1.0, ""solo_contingency"": [[0, 1], [206, 11346]], ""contingency"": [[0, 1], [2658, 12561]]}",{}
NC00962.3,LEV-0.25-0.9,0.0,GARC1,RUS,LEV,gyrA@T230S,U,{},"{""proportion"": 0.0, ""confidence"": [0.0, 0.7301340512159458], ""p_value"": 1.0, ""solo_contingency"": [[0, 1], [206, 11346]], ""contingency"": [[0, 1], [2658, 12561]]}",{}
NC00962.3,LEV-0.25-0.9,0.0,GARC1,RUS,LEV,gyrA@P108S,U,{},"{""proportion"": 0.0, ""confidence"": [0.0, 0.7301340512159458], ""p_value"": 1.0, ""solo_contingency"": [[0, 1], [206, 11346]], ""contingency"": [[0, 1], [2658, 12561]]}",{}
NC00962.3,LEV-0.25-0.9,0.0,GARC1,RUS,LEV,gyrA@N826D,U,{},"{""proportion"": 0.0, ""confidence"": [0.0, 0.3511165007651012], ""p_value"": 0.34082031250000006, ""solo_contingency"": [[0, 5], [206, 11346]], ""contingency"": [[0, 5], [2658, 12557]]}",{}
NC00962.3,LEV-0.25-0.9,0.0,GARC1,RUS,LEV,gyrA@V716F,U,{},"{""proportion"": 0.0, ""confidence"": [0.0, 0.7301340512159458], ""p_value"": 1.0, ""solo_contingency"": [[0, 1], [206, 11346]], ""contingency"": [[0, 1], [2658, 12561]]}",{}
NC00962.3,LEV-0.25-0.9,0.0,GARC1,RUS,LEV,gyrA@D507H,U,{},"{""proportion"": 0.0, ""confidence"": [0.0, 0.7301340512159458], ""p_value"": 1.0, ""solo_contingency"": [[0, 1], [206, 11346]], ""contingency"": [[0, 1], [2658, 12561]]}",{}
NC00962.3,LEV-0.25-0.9,0.0,GARC1,RUS,LEV,gyrB@1920_del_cgc,U,{},"{""proportion"": 0.0, ""confidence"": [0.0, 0.31078398130591417], ""p_value"": 0.347412109375, ""solo_contingency"": [[0, 6], [206, 11346]], ""contingency"": [[4, 7], [2654, 12555]]}",{}
NC00962.3,LEV-0.25-0.9,0.0,GARC1,RUS,LEV,gyrA@R615H,U,{},"{""proportion"": 0.0, ""confidence"": [0.0, 0.7301340512159458], ""p_value"": 1.0, ""solo_contingency"": [[0, 1], [206, 11346]], ""contingency"": [[0, 1], [2658, 12561]]}",{}
NC00962.3,LEV-0.25-0.9,0.0,GARC1,RUS,LEV,gyrB@G520A,U,{},"{""proportion"": 0.0, ""confidence"": [0.0, 0.40347862520270455], ""p_value"": 0.578125, ""solo_contingency"": [[0, 4], [206, 11346]], ""contingency"": [[0, 4], [2658, 12558]]}",{}
NC00962.3,LEV-0.25-0.9,0.0,GARC1,RUS,LEV,gyrB@A90T,U,{},"{""proportion"": 0.0, ""confidence"": [0.0, 0.7301340512159458], ""p_value"": 1.0, ""solo_contingency"": [[0, 1], [206, 11346]], ""contingency"": [[0, 1], [2658, 12561]]}",{}
NC00962.3,LEV-0.25-0.9,0.0,GARC1,RUS,LEV,gyrA@A667V,U,{},"{""proportion"": 0.0, ""confidence"": [0.0, 0.7301340512159458], ""p_value"": 1.0, ""solo_contingency"": [[0, 1], [206, 11346]], ""contingency"": [[0, 1], [2658, 12561]]}",{}
NC00962.3,LEV-0.25-0.9,0.0,GARC1,RUS,LEV,gyrA@c-32t,U,{},"{""proportion"": 0.0, ""confidence"": [0.0, 0.4741955741575127], ""p_value"": 1.0, ""solo_contingency"": [[0, 3], [206, 11346]], ""contingency"": [[0, 3], [2658, 12559]]}",{}
NC00962.3,LEV-0.25-0.9,0.0,GARC1,RUS,LEV,gyrA@E79K,U,{},"{""proportion"": 0.0, ""confidence"": [0.0, 0.7301340512159458], ""p_value"": 1.0, ""solo_contingency"": [[0, 1], [206, 11346]], ""contingency"": [[0, 1], [2658, 12561]]}",{}
NC00962.3,LEV-0.25-0.9,0.0,GARC1,RUS,LEV,gyrA@L296P,U,{},"{""proportion"": 0.0, ""confidence"": [0.0, 0.278762695452542], ""p_value"": 0.20404052734375, ""solo_contingency"": [[0, 7], [206, 11346]], ""contingency"": [[0, 7], [2658, 12555]]}",{}
NC00962.3,LEV-0.25-0.9,0.0,GARC1,RUS,LEV,gyrB@A233V,U,{},"{""proportion"": 0.0, ""confidence"": [0.0, 0.7301340512159458], ""p_value"": 1.0, ""solo_contingency"": [[0, 1], [206, 11346]], ""contingency"": [[0, 1], [2658, 12561]]}",{}
NC00962.3,LEV-0.25-0.9,0.0,GARC1,RUS,LEV,gyrB@A403V,U,{},"{""proportion"": 0.0, ""confidence"": [0.0, 0.7301340512159458], ""p_value"": 1.0, ""solo_contingency"": [[0, 1], [206, 11346]], ""contingency"": [[0, 1], [2658, 12561]]}",{}
NC00962.3,LEV-0.25-0.9,0.0,GARC1,RUS,LEV,gyrB@E181G,U,{},"{""proportion"": 0.0, ""confidence"": [0.0, 0.7301340512159458], ""p_value"": 1.0, ""solo_contingency"": [[0, 1], [206, 11346]], ""contingency"": [[0, 1], [2658, 12561]]}",{}
NC00962.3,LEV-0.25-0.9,0.0,GARC1,RUS,LEV,gyrB@A423V,U,{},"{""proportion"": 0.0, ""confidence"": [0.0, 0.40347862520270455], ""p_value"": 0.578125, ""solo_contingency"": [[0, 4], [206, 11346]], ""contingency"": [[0, 4], [2658, 12558]]}",{}
NC00962.3,LEV-0.25-0.9,0.0,GARC1,RUS,LEV,gyrB@P343A,U,{},"{""proportion"": 0.0, ""confidence"": [0.0, 0.7301340512159458], ""p_value"": 1.0, ""solo_contingency"": [[0, 1], [206, 11346]], ""contingency"": [[0, 1], [2658, 12561]]}",{}
NC00962.3,LEV-0.25-0.9,0.0,GARC1,RUS,LEV,gyrA@V624L,U,{},"{""proportion"": 0.0, ""confidence"": [0.0, 0.7301340512159458], ""p_value"": 1.0, ""solo_contingency"": [[0, 1], [206, 11346]], ""contingency"": [[3, 1], [2655, 12561]]}",{}
NC00962.3,LEV-0.25-0.9,0.0,GARC1,RUS,LEV,gyrB@P400R,U,{},"{""proportion"": 0.0, ""confidence"": [0.0, 0.40347862520270455], ""p_value"": 0.578125, ""solo_contingency"": [[0, 4], [206, 11346]], ""contingency"": [[2, 4], [2656, 12558]]}",{}
NC00962.3,LEV-0.25-0.9,0.0,GARC1,RUS,LEV,gyrB@T209A,U,{},"{""proportion"": 0.0, ""confidence"": [0.0, 0.5749693909936535], ""p_value"": 1.0, ""solo_contingency"": [[0, 2], [206, 11346]], ""contingency"": [[0, 2], [2658, 12560]]}",{}
NC00962.3,LEV-0.25-0.9,0.0,GARC1,RUS,LEV,gyrA@L142V,U,{},"{""proportion"": 0.25, ""confidence"": [0.05790732119985871, 0.6438319914014936], ""p_value"": 1.0, ""solo_contingency"": [[1, 3], [206, 11346]], ""contingency"": [[1, 3], [2657, 12559]]}",{}
NC00962.3,LEV-0.25-0.9,0.0,GARC1,RUS,LEV,gyrB@V407L,U,{},"{""proportion"": 0.0, ""confidence"": [0.0, 0.7301340512159458], ""p_value"": 1.0, ""solo_contingency"": [[0, 1], [206, 11346]], ""contingency"": [[0, 1], [2658, 12561]]}",{}
NC00962.3,LEV-0.25-0.9,0.0,GARC1,RUS,LEV,gyrB@A242T,U,{},"{""proportion"": 0.0, ""confidence"": [0.0, 0.7301340512159458], ""p_value"": 1.0, ""solo_contingency"": [[0, 1], [206, 11346]], ""contingency"": [[0, 1], [2658, 12561]]}",{}
NC00962.3,LEV-0.25-0.9,0.0,GARC1,RUS,LEV,gyrB@K333R,U,{},"{""proportion"": 0.0, ""confidence"": [0.0, 0.7301340512159458], ""p_value"": 1.0, ""solo_contingency"": [[0, 1], [206, 11346]], ""contingency"": [[0, 1], [2658, 12561]]}",{}
NC00962.3,LEV-0.25-0.9,0.0,GARC1,RUS,LEV,gyrA@T339S,U,{},"{""proportion"": 0.0, ""confidence"": [0.0, 0.7301340512159458], ""p_value"": 1.0, ""solo_contingency"": [[0, 1], [206, 11346]], ""contingency"": [[0, 1], [2658, 12561]]}",{}
NC00962.3,LEV-0.25-0.9,0.0,GARC1,RUS,LEV,gyrA@Q22H,U,{},"{""proportion"": 0.0, ""confidence"": [0.0, 0.7301340512159458], ""p_value"": 1.0, ""solo_contingency"": [[0, 1], [206, 11346]], ""contingency"": [[0, 1], [2658, 12561]]}",{}
NC00962.3,LEV-0.25-0.9,0.0,GARC1,RUS,LEV,gyrA@R615L,U,{},"{""proportion"": 0.0, ""confidence"": [0.0, 0.7301340512159458], ""p_value"": 1.0, ""solo_contingency"": [[0, 1], [206, 11346]], ""contingency"": [[0, 1], [2658, 12561]]}",{}
NC00962.3,LEV-0.25-0.9,0.0,GARC1,RUS,LEV,gyrA@D515N,U,{},"{""proportion"": 0.0, ""confidence"": [0.0, 0.7301340512159458], ""p_value"": 1.0, ""solo_contingency"": [[0, 1], [206, 11346]], ""contingency"": [[0, 1], [2658, 12561]]}",{}
NC00962.3,LEV-0.25-0.9,0.0,GARC1,RUS,LEV,gyrB@I486L,U,{},"{""proportion"": 0.0, ""confidence"": [0.0, 0.4741955741575127], ""p_value"": 1.0, ""solo_contingency"": [[0, 3], [206, 11346]], ""contingency"": [[1, 3], [2657, 12559]]}",{}
NC00962.3,LEV-0.25-0.9,0.0,GARC1,RUS,LEV,gyrA@R292G,U,{},"{""proportion"": 0.0, ""confidence"": [0.0, 0.5749693909936535], ""p_value"": 1.0, ""solo_contingency"": [[0, 2], [206, 11346]], ""contingency"": [[3, 3], [2655, 12559]]}",{}
NC00962.3,LEV-0.25-0.9,0.0,GARC1,RUS,LEV,gyrB@A504V,U,{},"{""proportion"": 0.125, ""confidence"": [0.028399323737810202, 0.41114337433001213], ""p_value"": 0.68853759765625, ""solo_contingency"": [[1, 7], [206, 11346]], ""contingency"": [[13, 9], [2645, 12553]]}",{}
NC00962.3,LEV-0.25-0.9,0.0,GARC1,RUS,LEV,gyrA@T590M,U,{},"{""proportion"": 0.0, ""confidence"": [0.0, 0.7301340512159458], ""p_value"": 1.0, ""solo_contingency"": [[0, 1], [206, 11346]], ""contingency"": [[0, 1], [2658, 12561]]}",{}
NC00962.3,LEV-0.25-0.9,0.0,GARC1,RUS,LEV,gyrA@g-9t,U,{},"{""proportion"": 0.0, ""confidence"": [0.0, 0.7301340512159458], ""p_value"": 1.0, ""solo_contingency"": [[0, 1], [206, 11346]], ""contingency"": [[0, 1], [2658, 12561]]}",{}
NC00962.3,LEV-0.25-0.9,0.0,GARC1,RUS,LEV,gyrB@P177L,U,{},"{""proportion"": 0.0, ""confidence"": [0.0, 0.5749693909936535], ""p_value"": 1.0, ""solo_contingency"": [[0, 2], [206, 11346]], ""contingency"": [[0, 2], [2658, 12560]]}",{}
NC00962.3,LEV-0.25-0.9,0.0,GARC1,RUS,LEV,gyrA@L346V,U,{},"{""proportion"": 0.0, ""confidence"": [0.0, 0.4741955741575127], ""p_value"": 1.0, ""solo_contingency"": [[0, 3], [206, 11346]], ""contingency"": [[3, 3], [2655, 12559]]}",{}
NC00962.3,LEV-0.25-0.9,0.0,GARC1,RUS,LEV,gyrA@2458_del_gaagaaagtggcgacgataatgccgtggacgccaacggcgcagaccagacgggcaattaa,U,{},"{""proportion"": 0.0, ""confidence"": [0.0, 0.7301340512159458], ""p_value"": 1.0, ""solo_contingency"": [[0, 1], [206, 11346]], ""contingency"": [[0, 1], [2658, 12561]]}",{}
NC00962.3,LEV-0.25-0.9,0.0,GARC1,RUS,LEV,gyrB@R575H,U,{},"{""proportion"": 0.0, ""confidence"": [-2.1340331742842984e-17, 0.2311335193197566], ""p_value"": 0.12401199340820315, ""solo_contingency"": [[0, 9], [206, 11346]], ""contingency"": [[1, 10], [2657, 12552]]}",{}
NC00962.3,LEV-0.25-0.9,0.0,GARC1,RUS,LEV,gyrA@H70R,U,{},"{""proportion"": 0.6666666666666666, ""confidence"": [0.25353386828122415, 0.9217342736662715], ""p_value"": 0.15625, ""solo_contingency"": [[2, 1], [206, 11346]], ""contingency"": [[5, 5], [2653, 12557]]}",{}
NC00962.3,LEV-0.25-0.9,0.0,GARC1,RUS,LEV,gyrB@t-60c,U,{},"{""proportion"": 0.0, ""confidence"": [0.0, 0.7301340512159458], ""p_value"": 1.0, ""solo_contingency"": [[0, 1], [206, 11346]], ""contingency"": [[0, 2], [2658, 12560]]}",{}
NC00962.3,LEV-0.25-0.9,0.0,GARC1,RUS,LEV,gyrA@T697A,U,{},"{""proportion"": 0.0, ""confidence"": [0.0, 0.7301340512159458], ""p_value"": 1.0, ""solo_contingency"": [[0, 1], [206, 11346]], ""contingency"": [[0, 1], [2658, 12561]]}",{}
NC00962.3,LEV-0.25-0.9,0.0,GARC1,RUS,LEV,gyrA@T5A,U,{},"{""proportion"": 0.5, ""confidence"": [0.12086631942227369, 0.8791336805777263], ""p_value"": 0.4375, ""solo_contingency"": [[1, 1], [206, 11346]], ""contingency"": [[2, 1], [2656, 12561]]}",{}
NC00962.3,LEV-0.25-0.9,0.0,GARC1,RUS,LEV,gyrB@R523C,U,{},"{""proportion"": 0.0, ""confidence"": [0.0, 0.7301340512159458], ""p_value"": 1.0, ""solo_contingency"": [[0, 1], [206, 11346]], ""contingency"": [[0, 1], [2658, 12561]]}",{}
NC00962.3,LEV-0.25-0.9,0.0,GARC1,RUS,LEV,gyrB@V630I,U,{},"{""proportion"": 0.0, ""confidence"": [0.0, 0.4741955741575127], ""p_value"": 1.0, ""solo_contingency"": [[0, 3], [206, 11346]], ""contingency"": [[0, 3], [2658, 12559]]}",{}
NC00962.3,LEV-0.25-0.9,0.0,GARC1,RUS,LEV,gyrA@I462V,U,{},"{""proportion"": 0.0, ""confidence"": [0.0, 0.40347862520270455], ""p_value"": 0.578125, ""solo_contingency"": [[0, 4], [206, 11346]], ""contingency"": [[2, 4], [2656, 12558]]}",{}
NC00962.3,LEV-0.25-0.9,0.0,GARC1,RUS,LEV,gyrA@V750A,U,{},"{""proportion"": 0.0, ""confidence"": [0.0, 0.7301340512159458], ""p_value"": 1.0, ""solo_contingency"": [[0, 1], [206, 11346]], ""contingency"": [[0, 1], [2658, 12561]]}",{}
NC00962.3,LEV-0.25-0.9,0.0,GARC1,RUS,LEV,gyrA@E289D,U,{},"{""proportion"": 1.0, ""confidence"": [0.26986594878405434, 1.0000000000000002], ""p_value"": 0.25, ""solo_contingency"": [[1, 0], [206, 11346]], ""contingency"": [[3, 2], [2655, 12560]]}",{}
NC00962.3,LEV-0.25-0.9,0.0,GARC1,RUS,LEV,gyrB@D461A,U,{},"{""proportion"": 0.0, ""confidence"": [0.0, 0.5749693909936535], ""p_value"": 1.0, ""solo_contingency"": [[0, 2], [206, 11346]], ""contingency"": [[3, 2], [2655, 12560]]}",{}
NC00962.3,LEV-0.25-0.9,0.0,GARC1,RUS,LEV,gyrA@M141T,U,{},"{""proportion"": 0.0, ""confidence"": [0.0, 0.7301340512159458], ""p_value"": 1.0, ""solo_contingency"": [[0, 1], [206, 11346]], ""contingency"": [[0, 1], [2658, 12561]]}",{}
NC00962.3,LEV-0.25-0.9,0.0,GARC1,RUS,LEV,gyrB@P578A,U,{},"{""proportion"": 0.0, ""confidence"": [0.0, 0.5749693909936535], ""p_value"": 1.0, ""solo_contingency"": [[0, 2], [206, 11346]], ""contingency"": [[2, 2], [2656, 12560]]}",{}
NC00962.3,LEV-0.25-0.9,0.0,GARC1,RUS,LEV,gyrB@D434E,U,{},"{""proportion"": 0.0, ""confidence"": [0.0, 0.7301340512159458], ""p_value"": 1.0, ""solo_contingency"": [[0, 1], [206, 11346]], ""contingency"": [[0, 1], [2658, 12561]]}",{}
NC00962.3,LEV-0.25-0.9,0.0,GARC1,RUS,LEV,gyrB@T500A,U,{},"{""proportion"": 0.25, ""confidence"": [0.05790732119985871, 0.6438319914014936], ""p_value"": 1.0, ""solo_contingency"": [[1, 3], [206, 11346]], ""contingency"": [[3, 3], [2655, 12559]]}",{}
NC00962.3,LEV-0.25-0.9,0.0,GARC1,RUS,LEV,gyrA@A322S,U,{},"{""proportion"": 0.0, ""confidence"": [0.0, 0.7301340512159458], ""p_value"": 1.0, ""solo_contingency"": [[0, 1], [206, 11346]], ""contingency"": [[0, 1], [2658, 12561]]}",{}
NC00962.3,LEV-0.25-0.9,0.0,GARC1,RUS,LEV,gyrA@I427V,U,{},"{""proportion"": 0.0, ""confidence"": [0.0, 0.7301340512159458], ""p_value"": 1.0, ""solo_contingency"": [[0, 1], [206, 11346]], ""contingency"": [[0, 1], [2658, 12561]]}",{}
NC00962.3,LEV-0.25-0.9,0.0,GARC1,RUS,LEV,gyrB@E21D,U,{},"{""proportion"": 0.0, ""confidence"": [0.0, 0.7301340512159458], ""p_value"": 1.0, ""solo_contingency"": [[0, 1], [206, 11346]], ""contingency"": [[0, 1], [2658, 12561]]}",{}
NC00962.3,LEV-0.25-0.9,0.0,GARC1,RUS,LEV,gyrB@T378S,U,{},"{""proportion"": 0.0, ""confidence"": [0.0, 0.4741955741575127], ""p_value"": 1.0, ""solo_contingency"": [[0, 3], [206, 11346]], ""contingency"": [[1, 3], [2657, 12559]]}",{}
NC00962.3,LEV-0.25-0.9,0.0,GARC1,RUS,LEV,gyrA@Q290R,U,{},"{""proportion"": 0.0, ""confidence"": [0.0, 0.7301340512159458], ""p_value"": 1.0, ""solo_contingency"": [[0, 1], [206, 11346]], ""contingency"": [[0, 1], [2658, 12561]]}",{}
NC00962.3,LEV-0.25-0.9,0.0,GARC1,RUS,LEV,gyrA@D641Y,U,{},"{""proportion"": 0.0, ""confidence"": [0.0, 0.7301340512159458], ""p_value"": 1.0, ""solo_contingency"": [[0, 1], [206, 11346]], ""contingency"": [[0, 1], [2658, 12561]]}",{}
NC00962.3,LEV-0.25-0.9,0.0,GARC1,RUS,LEV,gyrA@K319E,U,{},"{""proportion"": 0.0, ""confidence"": [0.0, 0.7301340512159458], ""p_value"": 1.0, ""solo_contingency"": [[0, 1], [206, 11346]], ""contingency"": [[2, 1], [2656, 12561]]}",{}
NC00962.3,LEV-0.25-0.9,0.0,GARC1,RUS,LEV,gyrB@S447F,U,{},"{""proportion"": 0.3076923076923077, ""confidence"": [0.14641538530333975, 0.5352256852769853], ""p_value"": 0.7483489811420441, ""solo_contingency"": [[4, 9], [206, 11346]], ""contingency"": [[8, 11], [2650, 12551]]}",{}
NC00962.3,LEV-0.25-0.9,0.0,GARC1,RUS,LEV,gyrA@Y365H,U,{},"{""proportion"": 0.0, ""confidence"": [0.0, 0.7301340512159458], ""p_value"": 1.0, ""solo_contingency"": [[0, 1], [206, 11346]], ""contingency"": [[0, 1], [2658, 12561]]}",{}
NC00962.3,LEV-0.25-0.9,0.0,GARC1,RUS,LEV,gyrA@Q475P,U,{},"{""proportion"": 0.0, ""confidence"": [0.0, 0.7301340512159458], ""p_value"": 1.0, ""solo_contingency"": [[0, 1], [206, 11346]], ""contingency"": [[0, 1], [2658, 12561]]}",{}
NC00962.3,LEV-0.25-0.9,0.0,GARC1,RUS,LEV,gyrB@c-55t,U,{},"{""proportion"": 0.0, ""confidence"": [0.0, 0.7301340512159458], ""p_value"": 1.0, ""solo_contingency"": [[0, 1], [206, 11346]], ""contingency"": [[0, 1], [2658, 12561]]}",{}
NC00962.3,LEV-0.25-0.9,0.0,GARC1,RUS,LEV,gyrA@E466A,U,{},"{""proportion"": 0.0, ""confidence"": [0.0, 0.7301340512159458], ""p_value"": 1.0, ""solo_contingency"": [[0, 1], [206, 11346]], ""contingency"": [[0, 1], [2658, 12561]]}",{}
NC00962.3,LEV-0.25-0.9,0.0,GARC1,RUS,LEV,gyrB@R446H,U,{},"{""proportion"": 0.25, ""confidence"": [0.08651484419906225, 0.5398469545128194], ""p_value"": 1.0, ""solo_contingency"": [[2, 6], [206, 11346]], ""contingency"": [[5, 9], [2653, 12553]]}",{}
NC00962.3,LEV-0.25-0.9,0.0,GARC1,RUS,LEV,gyrA@D94V,U,{},"{""proportion"": 1.0, ""confidence"": [0.26986594878405434, 1.0000000000000002], ""p_value"": 0.25, ""solo_contingency"": [[1, 0], [206, 11346]], ""contingency"": [[1, 1], [2657, 12561]]}",{}
NC00962.3,LEV-0.25-0.9,0.0,GARC1,RUS,LEV,gyrB@T500I,U,{},"{""proportion"": 0.0, ""confidence"": [0.0, 0.7301340512159458], ""p_value"": 1.0, ""solo_contingency"": [[0, 1], [206, 11346]], ""contingency"": [[0, 2], [2658, 12560]]}",{}
NC00962.3,LEV-0.25-0.9,0.0,GARC1,RUS,LEV,gyrA@P17L,U,{},"{""proportion"": 0.0, ""confidence"": [0.0, 0.7301340512159458], ""p_value"": 1.0, ""solo_contingency"": [[0, 1], [206, 11346]], ""contingency"": [[0, 1], [2658, 12561]]}",{}
NC00962.3,LEV-0.25-0.9,0.0,GARC1,RUS,LEV,gyrA@D211G,U,{},"{""proportion"": 0.0, ""confidence"": [0.0, 0.7301340512159458], ""p_value"": 1.0, ""solo_contingency"": [[0, 1], [206, 11346]], ""contingency"": [[0, 1], [2658, 12561]]}",{}
NC00962.3,LEV-0.25-0.9,0.0,GARC1,RUS,LEV,gyrB@T500P,U,{},"{""proportion"": 0.0, ""confidence"": [0.0, 0.7301340512159458], ""p_value"": 1.0, ""solo_contingency"": [[0, 1], [206, 11346]], ""contingency"": [[0, 1], [2658, 12561]]}",{}
NC00962.3,LEV-0.25-0.9,0.0,GARC1,RUS,LEV,gyrA@I15V,U,{},"{""proportion"": 0.0, ""confidence"": [0.0, 0.5749693909936535], ""p_value"": 1.0, ""solo_contingency"": [[0, 2], [206, 11346]], ""contingency"": [[0, 2], [2658, 12560]]}",{}
NC00962.3,LEV-0.25-0.9,0.0,GARC1,RUS,LEV,gyrB@L156M,U,{},"{""proportion"": 0.0, ""confidence"": [0.0, 0.7301340512159458], ""p_value"": 1.0, ""solo_contingency"": [[0, 1], [206, 11346]], ""contingency"": [[0, 1], [2658, 12561]]}",{}
NC00962.3,LEV-0.25-0.9,0.0,GARC1,RUS,LEV,gyrA@A288V,U,{},"{""proportion"": 0.0, ""confidence"": [0.0, 0.25272359742376316], ""p_value"": 0.21392822265625003, ""solo_contingency"": [[0, 8], [206, 11346]], ""contingency"": [[0, 8], [2658, 12554]]}",{}
NC00962.3,LEV-0.25-0.9,0.0,GARC1,RUS,LEV,gyrB@G594R,U,{},"{""proportion"": 0.0, ""confidence"": [0.0, 0.7301340512159458], ""p_value"": 1.0, ""solo_contingency"": [[0, 1], [206, 11346]], ""contingency"": [[0, 1], [2658, 12561]]}",{}
NC00962.3,LEV-0.25-0.9,0.0,GARC1,RUS,LEV,gyrB@K603R,U,{},"{""proportion"": 0.0, ""confidence"": [0.0, 0.7301340512159458], ""p_value"": 1.0, ""solo_contingency"": [[0, 1], [206, 11346]], ""contingency"": [[0, 1], [2658, 12561]]}",{}
NC00962.3,LEV-0.25-0.9,0.0,GARC1,RUS,LEV,gyrA@A788V,U,{},"{""proportion"": 0.0, ""confidence"": [0.0, 0.7301340512159458], ""p_value"": 1.0, ""solo_contingency"": [[0, 1], [206, 11346]], ""contingency"": [[0, 1], [2658, 12561]]}",{}
NC00962.3,LEV-0.25-0.9,0.0,GARC1,RUS,LEV,gyrA@K542T,U,{},"{""proportion"": 0.0, ""confidence"": [0.0, 0.7301340512159458], ""p_value"": 1.0, ""solo_contingency"": [[0, 1], [206, 11346]], ""contingency"": [[0, 1], [2658, 12561]]}",{}
NC00962.3,LEV-0.25-0.9,0.0,GARC1,RUS,LEV,gyrB@R335C,U,{},"{""proportion"": 0.0, ""confidence"": [0.0, 0.7301340512159458], ""p_value"": 1.0, ""solo_contingency"": [[0, 1], [206, 11346]], ""contingency"": [[0, 1], [2658, 12561]]}",{}
NC00962.3,LEV-0.25-0.9,0.0,GARC1,RUS,LEV,gyrA@D242N,U,{},"{""proportion"": 0.0, ""confidence"": [0.0, 0.5749693909936535], ""p_value"": 1.0, ""solo_contingency"": [[0, 2], [206, 11346]], ""contingency"": [[0, 2], [2658, 12560]]}",{}
NC00962.3,LEV-0.25-0.9,0.0,GARC1,RUS,LEV,gyrA@D481G,U,{},"{""proportion"": 0.0, ""confidence"": [0.0, 0.7301340512159458], ""p_value"": 1.0, ""solo_contingency"": [[0, 1], [206, 11346]], ""contingency"": [[0, 1], [2658, 12561]]}",{}
NC00962.3,LEV-0.25-0.9,0.0,GARC1,RUS,LEV,gyrB@V226A,U,{},"{""proportion"": 0.0, ""confidence"": [0.0, 0.7301340512159458], ""p_value"": 1.0, ""solo_contingency"": [[0, 1], [206, 11346]], ""contingency"": [[0, 1], [2658, 12561]]}",{}
NC00962.3,LEV-0.25-0.9,0.0,GARC1,RUS,LEV,gyrA@K319N,U,{},"{""proportion"": 0.0, ""confidence"": [0.0, 0.5749693909936535], ""p_value"": 1.0, ""solo_contingency"": [[0, 2], [206, 11346]], ""contingency"": [[0, 2], [2658, 12560]]}",{}
NC00962.3,LEV-0.25-0.9,0.0,GARC1,RUS,LEV,gyrB@T500N,U,{},"{""proportion"": 0.4, ""confidence"": [0.1942269918768033, 0.648361402139878], ""p_value"": 0.2804384231567383, ""solo_contingency"": [[4, 6], [206, 11346]], ""contingency"": [[11, 7], [2647, 12555]]}",{}
NC00962.3,LEV-0.25-0.9,0.0,GARC1,RUS,LEV,gyrB@G203E,U,{},"{""proportion"": 0.0, ""confidence"": [0.0, 0.5749693909936535], ""p_value"": 1.0, ""solo_contingency"": [[0, 2], [206, 11346]], ""contingency"": [[0, 2], [2658, 12560]]}",{}
NC00962.3,LEV-0.25-0.9,0.0,GARC1,RUS,LEV,gyrA@N818D,U,{},"{""proportion"": 0.0, ""confidence"": [0.0, 0.31078398130591417], ""p_value"": 0.347412109375, ""solo_contingency"": [[0, 6], [206, 11346]], ""contingency"": [[0, 6], [2658, 12556]]}",{}
NC00962.3,LEV-0.25-0.9,0.0,GARC1,RUS,LEV,gyrB@A78G,U,{},"{""proportion"": 0.0, ""confidence"": [0.0, 0.7301340512159458], ""p_value"": 1.0, ""solo_contingency"": [[0, 1], [206, 11346]], ""contingency"": [[0, 1], [2658, 12561]]}",{}
NC00962.3,LEV-0.25-0.9,0.0,GARC1,RUS,LEV,gyrB@R446G,U,{},"{""proportion"": 0.0, ""confidence"": [0.0, 0.7301340512159458], ""p_value"": 1.0, ""solo_contingency"": [[0, 1], [206, 11346]], ""contingency"": [[0, 2], [2658, 12560]]}",{}
NC00962.3,LEV-0.25-0.9,0.0,GARC1,RUS,LEV,gyrB@E299Q,U,{},"{""proportion"": 0.0, ""confidence"": [0.0, 0.5749693909936535], ""p_value"": 1.0, ""solo_contingency"": [[0, 2], [206, 11346]], ""contingency"": [[1, 2], [2657, 12560]]}",{}
NC00962.3,LEV-0.25-0.9,0.0,GARC1,RUS,LEV,gyrA@A186T,U,{},"{""proportion"": 0.0, ""confidence"": [0.0, 0.7301340512159458], ""p_value"": 1.0, ""solo_contingency"": [[0, 1], [206, 11346]], ""contingency"": [[0, 1], [2658, 12561]]}",{}
NC00962.3,LEV-0.25-0.9,0.0,GARC1,RUS,LEV,gyrB@G606S,U,{},"{""proportion"": 0.0, ""confidence"": [0.0, 0.5749693909936535], ""p_value"": 1.0, ""solo_contingency"": [[0, 2], [206, 11346]], ""contingency"": [[1, 2], [2657, 12560]]}",{}
NC00962.3,LEV-0.25-0.9,0.0,GARC1,RUS,LEV,gyrB@I19L,U,{},"{""proportion"": 0.0, ""confidence"": [0.0, 0.7301340512159458], ""p_value"": 1.0, ""solo_contingency"": [[0, 1], [206, 11346]], ""contingency"": [[0, 1], [2658, 12561]]}",{}
NC00962.3,LEV-0.25-0.9,0.0,GARC1,RUS,LEV,gyrB@E21Q,U,{},"{""proportion"": 0.0, ""confidence"": [0.0, 0.5749693909936535], ""p_value"": 1.0, ""solo_contingency"": [[0, 2], [206, 11346]], ""contingency"": [[0, 2], [2658, 12560]]}",{}
NC00962.3,LEV-0.25-0.9,0.0,GARC1,RUS,LEV,gyrA@R480C,U,{},"{""proportion"": 0.0, ""confidence"": [0.0, 0.7301340512159458], ""p_value"": 1.0, ""solo_contingency"": [[0, 1], [206, 11346]], ""contingency"": [[0, 2], [2658, 12560]]}",{}
NC00962.3,LEV-0.25-0.9,0.0,GARC1,RUS,LEV,gyrA@T272I,U,{},"{""proportion"": 0.0, ""confidence"": [0.0, 0.31078398130591417], ""p_value"": 0.347412109375, ""solo_contingency"": [[0, 6], [206, 11346]], ""contingency"": [[1, 7], [2657, 12555]]}",{}
NC00962.3,LEV-0.25-0.9,0.0,GARC1,RUS,LEV,gyrB@a-9g,U,{},"{""proportion"": 0.0, ""confidence"": [0.0, 0.7301340512159458], ""p_value"": 1.0, ""solo_contingency"": [[0, 1], [206, 11346]], ""contingency"": [[0, 1], [2658, 12561]]}",{}
NC00962.3,LEV-0.25-0.9,0.0,GARC1,RUS,LEV,gyrA@D583E,U,{},"{""proportion"": 0.0, ""confidence"": [0.0, 0.7301340512159458], ""p_value"": 1.0, ""solo_contingency"": [[0, 1], [206, 11346]], ""contingency"": [[0, 1], [2658, 12561]]}",{}
NC00962.3,LEV-0.25-0.9,0.0,GARC1,RUS,LEV,gyrA@g-25a,U,{},"{""proportion"": 0.0, ""confidence"": [0.0, 0.5749693909936535], ""p_value"": 1.0, ""solo_contingency"": [[0, 2], [206, 11346]], ""contingency"": [[0, 2], [2658, 12560]]}",{}
NC00962.3,LEV-0.25-0.9,0.0,GARC1,RUS,LEV,gyrA@R489K,U,{},"{""proportion"": 0.0, ""confidence"": [0.0, 0.7301340512159458], ""p_value"": 1.0, ""solo_contingency"": [[0, 1], [206, 11346]], ""contingency"": [[0, 1], [2658, 12561]]}",{}
NC00962.3,LEV-0.25-0.9,0.0,GARC1,RUS,LEV,gyrA@D639G,U,{},"{""proportion"": 0.0, ""confidence"": [0.0, 0.7301340512159458], ""p_value"": 1.0, ""solo_contingency"": [[0, 1], [206, 11346]], ""contingency"": [[1, 1], [2657, 12561]]}",{}
NC00962.3,LEV-0.25-0.9,0.0,GARC1,RUS,LEV,gyrB@N499K,U,{},"{""proportion"": 1.0, ""confidence"": [0.26986594878405434, 1.0000000000000002], ""p_value"": 0.25, ""solo_contingency"": [[1, 0], [206, 11346]], ""contingency"": [[5, 0], [2653, 12562]]}",{}
NC00962.3,LEV-0.25-0.9,0.0,GARC1,RUS,LEV,gyrA@L105R,U,{},"{""proportion"": 0.5, ""confidence"": [0.18240016325464498, 0.8175998367453551], ""p_value"": 0.26171875, ""solo_contingency"": [[2, 2], [206, 11346]], ""contingency"": [[3, 3], [2655, 12559]]}",{}
NC00962.3,LEV-0.25-0.9,0.0,GARC1,RUS,LEV,gyrA@Y722C,U,{},"{""proportion"": 0.0, ""confidence"": [0.0, 0.5749693909936535], ""p_value"": 1.0, ""solo_contingency"": [[0, 2], [206, 11346]], ""contingency"": [[0, 2], [2658, 12560]]}",{}
NC00962.3,LEV-0.25-0.9,0.0,GARC1,RUS,LEV,gyrB@D494G,U,{},"{""proportion"": 0.0, ""confidence"": [0.0, 0.7301340512159458], ""p_value"": 1.0, ""solo_contingency"": [[0, 1], [206, 11346]], ""contingency"": [[0, 1], [2658, 12561]]}",{}
NC00962.3,LEV-0.25-0.9,0.0,GARC1,RUS,LEV,gyrA@F228L,U,{},"{""proportion"": 0.0, ""confidence"": [0.0, 0.7301340512159458], ""p_value"": 1.0, ""solo_contingency"": [[0, 1], [206, 11346]], ""contingency"": [[0, 1], [2658, 12561]]}",{}
NC00962.3,LEV-0.25-0.9,0.0,GARC1,RUS,LEV,gyrA@M99I,U,{},"{""proportion"": 0.0, ""confidence"": [0.0, 0.7301340512159458], ""p_value"": 1.0, ""solo_contingency"": [[0, 1], [206, 11346]], ""contingency"": [[0, 1], [2658, 12561]]}",{}
NC00962.3,LEV-0.25-0.9,0.0,GARC1,RUS,LEV,gyrB@F549L,U,{},"{""proportion"": 0.0, ""confidence"": [0.0, 0.5749693909936535], ""p_value"": 1.0, ""solo_contingency"": [[0, 2], [206, 11346]], ""contingency"": [[0, 2], [2658, 12560]]}",{}
NC00962.3,LEV-0.25-0.9,0.0,GARC1,RUS,LEV,gyrA@H334Y,U,{},"{""proportion"": 0.0, ""confidence"": [0.0, 0.7301340512159458], ""p_value"": 1.0, ""solo_contingency"": [[0, 1], [206, 11346]], ""contingency"": [[0, 1], [2658, 12561]]}",{}
NC00962.3,LEV-0.25-0.9,0.0,GARC1,RUS,LEV,gyrB@I271M,U,{},"{""proportion"": 0.0, ""confidence"": [0.0, 0.7301340512159458], ""p_value"": 1.0, ""solo_contingency"": [[0, 1], [206, 11346]], ""contingency"": [[33, 166], [2625, 12396]]}",{}
NC00962.3,LEV-0.25-0.9,0.0,GARC1,RUS,LEV,gyrA@I452T,U,{},"{""proportion"": 0.0, ""confidence"": [0.0, 0.7301340512159458], ""p_value"": 1.0, ""solo_contingency"": [[0, 1], [206, 11346]], ""contingency"": [[0, 1], [2658, 12561]]}",{}
NC00962.3,LEV-0.25-0.9,0.0,GARC1,RUS,LEV,gyrA@K636T,U,{},"{""proportion"": 0.0, ""confidence"": [0.0, 0.5749693909936535], ""p_value"": 1.0, ""solo_contingency"": [[0, 2], [206, 11346]], ""contingency"": [[0, 2], [2658, 12560]]}",{}
NC00962.3,LEV-0.25-0.9,0.0,GARC1,RUS,LEV,gyrB@K526N,U,{},"{""proportion"": 0.0, ""confidence"": [0.0, 0.7301340512159458], ""p_value"": 1.0, ""solo_contingency"": [[0, 1], [206, 11346]], ""contingency"": [[0, 1], [2658, 12561]]}",{}
NC00962.3,LEV-0.25-0.9,0.0,GARC1,RUS,LEV,gyrA@V505I,U,{},"{""proportion"": 0.0, ""confidence"": [0.0, 0.7301340512159458], ""p_value"": 1.0, ""solo_contingency"": [[0, 1], [206, 11346]], ""contingency"": [[0, 1], [2658, 12561]]}",{}
NC00962.3,LEV-0.25-0.9,0.0,GARC1,RUS,LEV,gyrA@E508A,U,{},"{""proportion"": 0.0, ""confidence"": [0.0, 0.7301340512159458], ""p_value"": 1.0, ""solo_contingency"": [[0, 1], [206, 11346]], ""contingency"": [[0, 1], [2658, 12561]]}",{}
NC00962.3,LEV-0.25-0.9,0.0,GARC1,RUS,LEV,gyrB@I527V,U,{},"{""proportion"": 0.0, ""confidence"": [0.0, 0.7301340512159458], ""p_value"": 1.0, ""solo_contingency"": [[0, 1], [206, 11346]], ""contingency"": [[0, 1], [2658, 12561]]}",{}
NC00962.3,LEV-0.25-0.9,0.0,GARC1,RUS,LEV,gyrA@V674I,U,{},"{""proportion"": 0.0, ""confidence"": [0.0, 0.7301340512159458], ""p_value"": 1.0, ""solo_contingency"": [[0, 1], [206, 11346]], ""contingency"": [[0, 1], [2658, 12561]]}",{}
NC00962.3,LEV-0.25-0.9,0.0,GARC1,RUS,LEV,gyrA@g-25c,U,{},"{""proportion"": 0.0, ""confidence"": [0.0, 0.7301340512159458], ""p_value"": 1.0, ""solo_contingency"": [[0, 1], [206, 11346]], ""contingency"": [[0, 1], [2658, 12561]]}",{}
NC00962.3,LEV-0.25-0.9,0.0,GARC1,RUS,LEV,gyrA@P154R,U,{},"{""proportion"": 0.0, ""confidence"": [0.0, 0.25272359742376316], ""p_value"": 0.21392822265625003, ""solo_contingency"": [[0, 8], [206, 11346]], ""contingency"": [[0, 8], [2658, 12554]]}",{}
NC00962.3,LEV-0.25-0.9,0.0,GARC1,RUS,LEV,gyrA@L12F,U,{},"{""proportion"": 0.0, ""confidence"": [0.0, 0.7301340512159458], ""p_value"": 1.0, ""solo_contingency"": [[0, 1], [206, 11346]], ""contingency"": [[0, 2], [2658, 12560]]}",{}
NC00962.3,LEV-0.25-0.9,0.0,GARC1,RUS,LEV,gyrA@H70P,U,{},"{""proportion"": 0.0, ""confidence"": [0.0, 0.7301340512159458], ""p_value"": 1.0, ""solo_contingency"": [[0, 1], [206, 11346]], ""contingency"": [[0, 1], [2658, 12561]]}",{}
NC00962.3,LEV-0.25-0.9,0.0,GARC1,RUS,LEV,gyrA@P154L,U,{},"{""proportion"": 0.0, ""confidence"": [0.0, 0.5749693909936535], ""p_value"": 1.0, ""solo_contingency"": [[0, 2], [206, 11346]], ""contingency"": [[0, 2], [2658, 12560]]}",{}
NC00962.3,LEV-0.25-0.9,0.0,GARC1,RUS,LEV,gyrB@A467V,U,{},"{""proportion"": 0.0, ""confidence"": [0.0, 0.7301340512159458], ""p_value"": 1.0, ""solo_contingency"": [[0, 1], [206, 11346]], ""contingency"": [[0, 1], [2658, 12561]]}",{}
NC00962.3,LEV-0.25-0.9,0.0,GARC1,RUS,LEV,gyrB@S576T,U,{},"{""proportion"": 0.0, ""confidence"": [0.0, 0.7301340512159458], ""p_value"": 1.0, ""solo_contingency"": [[0, 1], [206, 11346]], ""contingency"": [[0, 1], [2658, 12561]]}",{}
NC00962.3,LEV-0.25-0.9,0.0,GARC1,RUS,LEV,gyrB@N207D,U,{},"{""proportion"": 0.0, ""confidence"": [0.0, 0.4741955741575127], ""p_value"": 1.0, ""solo_contingency"": [[0, 3], [206, 11346]], ""contingency"": [[0, 3], [2658, 12559]]}",{}
NC00962.3,LEV-0.25-0.9,0.0,GARC1,RUS,LEV,gyrA@A626V,U,{},"{""proportion"": 0.0, ""confidence"": [0.0, 0.7301340512159458], ""p_value"": 1.0, ""solo_contingency"": [[0, 1], [206, 11346]], ""contingency"": [[0, 1], [2658, 12561]]}",{}
NC00962.3,LEV-0.25-0.9,0.0,GARC1,RUS,LEV,gyrA@H490R,U,{},"{""proportion"": 1.0, ""confidence"": [0.26986594878405434, 1.0000000000000002], ""p_value"": 0.25, ""solo_contingency"": [[1, 0], [206, 11346]], ""contingency"": [[1, 0], [2657, 12562]]}",{}
NC00962.3,LEV-0.25-0.9,0.0,GARC1,RUS,LEV,gyrA@A322E,U,{},"{""proportion"": 0.0, ""confidence"": [0.0, 0.7301340512159458], ""p_value"": 1.0, ""solo_contingency"": [[0, 1], [206, 11346]], ""contingency"": [[0, 3], [2658, 12559]]}",{}
NC00962.3,LEV-0.25-0.9,0.0,GARC1,RUS,LEV,gyrB@L638V,U,{},"{""proportion"": 0.0, ""confidence"": [0.0, 0.5749693909936535], ""p_value"": 1.0, ""solo_contingency"": [[0, 2], [206, 11346]], ""contingency"": [[0, 2], [2658, 12560]]}",{}
NC00962.3,LEV-0.25-0.9,0.0,GARC1,RUS,LEV,gyrA@V223I,U,{},"{""proportion"": 0.0, ""confidence"": [0.0, 0.4741955741575127], ""p_value"": 1.0, ""solo_contingency"": [[0, 3], [206, 11346]], ""contingency"": [[0, 3], [2658, 12559]]}",{}
NC00962.3,LEV-0.25-0.9,0.0,GARC1,RUS,LEV,gyrA@T638I,U,{},"{""proportion"": 0.0, ""confidence"": [0.0, 0.3511165007651012], ""p_value"": 0.34082031250000006, ""solo_contingency"": [[0, 5], [206, 11346]], ""contingency"": [[0, 5], [2658, 12557]]}",{}
NC00962.3,LEV-0.25-0.9,0.0,GARC1,RUS,LEV,gyrA@G548R,U,{},"{""proportion"": 0.0, ""confidence"": [0.0, 0.7301340512159458], ""p_value"": 1.0, ""solo_contingency"": [[0, 1], [206, 11346]], ""contingency"": [[0, 1], [2658, 12561]]}",{}
NC00962.3,LEV-0.25-0.9,0.0,GARC1,RUS,LEV,gyrB@I116M,U,{},"{""proportion"": 0.0, ""confidence"": [0.0, 0.7301340512159458], ""p_value"": 1.0, ""solo_contingency"": [[0, 1], [206, 11346]], ""contingency"": [[0, 1], [2658, 12561]]}",{}
NC00962.3,LEV-0.25-0.9,0.0,GARC1,RUS,LEV,gyrB@A162E,U,{},"{""proportion"": 0.0, ""confidence"": [0.0, 0.7301340512159458], ""p_value"": 1.0, ""solo_contingency"": [[0, 1], [206, 11346]], ""contingency"": [[0, 1], [2658, 12561]]}",{}
NC00962.3,LEV-0.25-0.9,0.0,GARC1,RUS,LEV,gyrA@R392C,U,{},"{""proportion"": 0.0, ""confidence"": [0.0, 0.5749693909936535], ""p_value"": 1.0, ""solo_contingency"": [[0, 2], [206, 11346]], ""contingency"": [[0, 2], [2658, 12560]]}",{}
NC00962.3,LEV-0.25-0.9,0.0,GARC1,RUS,LEV,gyrA@F705L,U,{},"{""proportion"": 0.0, ""confidence"": [0.0, 0.5749693909936535], ""p_value"": 1.0, ""solo_contingency"": [[0, 2], [206, 11346]], ""contingency"": [[1, 2], [2657, 12560]]}",{}
NC00962.3,LEV-0.25-0.9,0.0,GARC1,RUS,LEV,gyrB@-60_ins_g,U,{},"{""proportion"": 0.0, ""confidence"": [0.0, 0.7301340512159458], ""p_value"": 1.0, ""solo_contingency"": [[0, 1], [206, 11346]], ""contingency"": [[0, 1], [2658, 12561]]}",{}
NC00962.3,LEV-0.25-0.9,0.0,GARC1,RUS,LEV,gyrA@D10G,U,{},"{""proportion"": 0.0, ""confidence"": [0.0, 0.7301340512159458], ""p_value"": 1.0, ""solo_contingency"": [[0, 1], [206, 11346]], ""contingency"": [[0, 1], [2658, 12561]]}",{}
NC00962.3,LEV-0.25-0.9,0.0,GARC1,RUS,LEV,gyrA@L331F,U,{},"{""proportion"": 0.0, ""confidence"": [0.0, 0.7301340512159458], ""p_value"": 1.0, ""solo_contingency"": [[0, 1], [206, 11346]], ""contingency"": [[0, 1], [2658, 12561]]}",{}
NC00962.3,LEV-0.25-0.9,0.0,GARC1,RUS,LEV,gyrA@A432V,U,{},"{""proportion"": 0.0, ""confidence"": [0.0, 0.7301340512159458], ""p_value"": 1.0, ""solo_contingency"": [[0, 1], [206, 11346]], ""contingency"": [[0, 1], [2658, 12561]]}",{}
NC00962.3,LEV-0.25-0.9,0.0,GARC1,RUS,LEV,gyrA@P7L,U,{},"{""proportion"": 0.0, ""confidence"": [0.0, 0.40347862520270455], ""p_value"": 0.578125, ""solo_contingency"": [[0, 4], [206, 11346]], ""contingency"": [[0, 4], [2658, 12558]]}",{}
NC00962.3,LEV-0.25-0.9,0.0,GARC1,RUS,LEV,gyrB@P254L,U,{},"{""proportion"": 0.0, ""confidence"": [0.0, 0.7301340512159458], ""p_value"": 1.0, ""solo_contingency"": [[0, 1], [206, 11346]], ""contingency"": [[0, 1], [2658, 12561]]}",{}
NC00962.3,LEV-0.25-0.9,0.0,GARC1,RUS,LEV,gyrB@G436R,U,{},"{""proportion"": 0.0, ""confidence"": [0.0, 0.7301340512159458], ""p_value"": 1.0, ""solo_contingency"": [[0, 1], [206, 11346]], ""contingency"": [[0, 1], [2658, 12561]]}",{}
NC00962.3,LEV-0.25-0.9,0.0,GARC1,RUS,LEV,gyrA@a-8g,U,{},"{""proportion"": 0.0, ""confidence"": [0.0, 0.7301340512159458], ""p_value"": 1.0, ""solo_contingency"": [[0, 1], [206, 11346]], ""contingency"": [[0, 1], [2658, 12561]]}",{}
NC00962.3,LEV-0.25-0.9,0.0,GARC1,RUS,LEV,gyrA@T496S,U,{},"{""proportion"": 1.0, ""confidence"": [0.26986594878405434, 1.0000000000000002], ""p_value"": 0.25, ""solo_contingency"": [[1, 0], [206, 11346]], ""contingency"": [[1, 0], [2657, 12562]]}",{}
NC00962.3,LEV-0.25-0.9,0.0,GARC1,RUS,LEV,gyrA@S237P,U,{},"{""proportion"": 0.0, ""confidence"": [0.0, 0.5749693909936535], ""p_value"": 1.0, ""solo_contingency"": [[0, 2], [206, 11346]], ""contingency"": [[0, 2], [2658, 12560]]}",{}
NC00962.3,LEV-0.25-0.9,0.0,GARC1,RUS,LEV,gyrA@A324V,U,{},"{""proportion"": 0.0, ""confidence"": [0.0, 0.7301340512159458], ""p_value"": 1.0, ""solo_contingency"": [[0, 1], [206, 11346]], ""contingency"": [[0, 1], [2658, 12561]]}",{}
NC00962.3,LEV-0.25-0.9,0.0,GARC1,RUS,LEV,gyrA@K633R,U,{},"{""proportion"": 0.0, ""confidence"": [0.0, 0.7301340512159458], ""p_value"": 1.0, ""solo_contingency"": [[0, 1], [206, 11346]], ""contingency"": [[0, 1], [2658, 12561]]}",{}
NC00962.3,LEV-0.25-0.9,0.0,GARC1,RUS,LEV,gyrB@K668E,U,{},"{""proportion"": 0.0, ""confidence"": [0.0, 0.7301340512159458], ""p_value"": 1.0, ""solo_contingency"": [[0, 1], [206, 11346]], ""contingency"": [[0, 1], [2658, 12561]]}",{}
NC00962.3,LEV-0.25-0.9,0.0,GARC1,RUS,LEV,gyrA@A210V,U,{},"{""proportion"": 0.0, ""confidence"": [0.0, 0.4741955741575127], ""p_value"": 1.0, ""solo_contingency"": [[0, 3], [206, 11346]], ""contingency"": [[0, 3], [2658, 12559]]}",{}
NC00962.3,LEV-0.25-0.9,0.0,GARC1,RUS,LEV,gyrA@D641E,U,{},"{""proportion"": 1.0, ""confidence"": [0.26986594878405434, 1.0000000000000002], ""p_value"": 0.25, ""solo_contingency"": [[1, 0], [206, 11346]], ""contingency"": [[1, 0], [2657, 12562]]}",{}
NC00962.3,LEV-0.25-0.9,0.0,GARC1,RUS,LEV,gyrA@R607H,U,{},"{""proportion"": 0.0, ""confidence"": [0.0, 0.7301340512159458], ""p_value"": 1.0, ""solo_contingency"": [[0, 1], [206, 11346]], ""contingency"": [[2, 2], [2656, 12560]]}",{}
NC00962.3,LEV-0.25-0.9,0.0,GARC1,RUS,LEV,gyrA@Y379C,U,{},"{""proportion"": 0.0, ""confidence"": [0.0, 0.7301340512159458], ""p_value"": 1.0, ""solo_contingency"": [[0, 1], [206, 11346]], ""contingency"": [[2, 1], [2656, 12561]]}",{}
NC00962.3,LEV-0.25-0.9,0.0,GARC1,RUS,LEV,gyrA@A126S,U,{},"{""proportion"": 0.5, ""confidence"": [0.12086631942227369, 0.8791336805777263], ""p_value"": 0.4375, ""solo_contingency"": [[1, 1], [206, 11346]], ""contingency"": [[1, 1], [2657, 12561]]}",{}
NC00962.3,LEV-0.25-0.9,0.0,GARC1,RUS,LEV,gyrB@c-58g,U,{},"{""proportion"": 0.0, ""confidence"": [0.0, 0.7301340512159458], ""p_value"": 1.0, ""solo_contingency"": [[0, 1], [206, 11346]], ""contingency"": [[1, 1], [2657, 12561]]}",{}
NC00962.3,LEV-0.25-0.9,0.0,GARC1,RUS,LEV,gyrA@L465V,U,{},"{""proportion"": 0.0, ""confidence"": [0.0, 0.7301340512159458], ""p_value"": 1.0, ""solo_contingency"": [[0, 1], [206, 11346]], ""contingency"": [[0, 1], [2658, 12561]]}",{}
NC00962.3,LEV-0.25-0.9,0.0,GARC1,RUS,LEV,gyrB@M530T,U,{},"{""proportion"": 0.0, ""confidence"": [0.0, 0.7301340512159458], ""p_value"": 1.0, ""solo_contingency"": [[0, 1], [206, 11346]], ""contingency"": [[0, 1], [2658, 12561]]}",{}
NC00962.3,LEV-0.25-0.9,0.0,GARC1,RUS,LEV,gyrA@P7S,U,{},"{""proportion"": 0.0, ""confidence"": [0.0, 0.7301340512159458], ""p_value"": 1.0, ""solo_contingency"": [[0, 1], [206, 11346]], ""contingency"": [[0, 1], [2658, 12561]]}",{}
NC00962.3,LEV-0.25-0.9,0.0,GARC1,RUS,LEV,gyrB@H285Q,U,{},"{""proportion"": 0.0, ""confidence"": [0.0, 0.7301340512159458], ""p_value"": 1.0, ""solo_contingency"": [[0, 1], [206, 11346]], ""contingency"": [[0, 1], [2658, 12561]]}",{}
NC00962.3,LEV-0.25-0.9,0.0,GARC1,RUS,LEV,gyrA@R789G,U,{},"{""proportion"": 0.0, ""confidence"": [0.0, 0.40347862520270455], ""p_value"": 0.578125, ""solo_contingency"": [[0, 4], [206, 11346]], ""contingency"": [[0, 4], [2658, 12558]]}",{}
NC00962.3,LEV-0.25-0.9,0.0,GARC1,RUS,LEV,gyrB@D259E,U,{},"{""proportion"": 0.0, ""confidence"": [0.0, 0.5749693909936535], ""p_value"": 1.0, ""solo_contingency"": [[0, 2], [206, 11346]], ""contingency"": [[0, 2], [2658, 12560]]}",{}
NC00962.3,LEV-0.25-0.9,0.0,GARC1,RUS,LEV,gyrB@A420E,U,{},"{""proportion"": 0.0, ""confidence"": [0.0, 0.7301340512159458], ""p_value"": 1.0, ""solo_contingency"": [[0, 1], [206, 11346]], ""contingency"": [[0, 1], [2658, 12561]]}",{}
NC00962.3,LEV-0.25-0.9,0.0,GARC1,RUS,LEV,gyrB@A618T,U,{},"{""proportion"": 0.0, ""confidence"": [0.0, 0.5749693909936535], ""p_value"": 1.0, ""solo_contingency"": [[0, 2], [206, 11346]], ""contingency"": [[2, 2], [2656, 12560]]}",{}
NC00962.3,LEV-0.25-0.9,0.0,GARC1,RUS,LEV,gyrA@V651A,U,{},"{""proportion"": 0.0, ""confidence"": [0.0, 0.5749693909936535], ""p_value"": 1.0, ""solo_contingency"": [[0, 2], [206, 11346]], ""contingency"": [[0, 2], [2658, 12560]]}",{}
NC00962.3,LEV-0.25-0.9,0.0,GARC1,RUS,LEV,gyrB@K668R,U,{},"{""proportion"": 0.0, ""confidence"": [0.0, 0.5749693909936535], ""p_value"": 1.0, ""solo_contingency"": [[0, 2], [206, 11346]], ""contingency"": [[0, 2], [2658, 12560]]}",{}
NC00962.3,LEV-0.25-0.9,0.0,GARC1,RUS,LEV,gyrB@S248G,U,{},"{""proportion"": 0.0, ""confidence"": [0.0, 0.5749693909936535], ""p_value"": 1.0, ""solo_contingency"": [[0, 2], [206, 11346]], ""contingency"": [[0, 2], [2658, 12560]]}",{}
NC00962.3,LEV-0.25-0.9,0.0,GARC1,RUS,LEV,gyrA@L455V,U,{},"{""proportion"": 0.0, ""confidence"": [0.0, 0.5749693909936535], ""p_value"": 1.0, ""solo_contingency"": [[0, 2], [206, 11346]], ""contingency"": [[0, 4], [2658, 12558]]}",{}
NC00962.3,LEV-0.25-0.9,0.0,GARC1,RUS,LEV,gyrA@T638N,U,{},"{""proportion"": 0.0, ""confidence"": [0.0, 0.7301340512159458], ""p_value"": 1.0, ""solo_contingency"": [[0, 1], [206, 11346]], ""contingency"": [[0, 1], [2658, 12561]]}",{}
NC00962.3,LEV-0.25-0.9,0.0,GARC1,RUS,LEV,gyrB@I486V,U,{},"{""proportion"": 0.0, ""confidence"": [0.0, 0.7301340512159458], ""p_value"": 1.0, ""solo_contingency"": [[0, 1], [206, 11346]], ""contingency"": [[0, 1], [2658, 12561]]}",{}
NC00962.3,LEV-0.25-0.9,0.0,GARC1,RUS,LEV,gyrB@D494A,U,{},"{""proportion"": 0.0, ""confidence"": [0.0, 0.5749693909936535], ""p_value"": 1.0, ""solo_contingency"": [[0, 2], [206, 11346]], ""contingency"": [[0, 2], [2658, 12560]]}",{}
NC00962.3,LEV-0.25-0.9,0.0,GARC1,RUS,LEV,gyrA@R14L,U,{},"{""proportion"": 0.0, ""confidence"": [0.0, 0.4741955741575127], ""p_value"": 1.0, ""solo_contingency"": [[0, 3], [206, 11346]], ""contingency"": [[0, 3], [2658, 12559]]}",{}
NC00962.3,LEV-0.25-0.9,0.0,GARC1,RUS,LEV,gyrA@Q603H,U,{},"{""proportion"": 0.0, ""confidence"": [0.0, 0.7301340512159458], ""p_value"": 1.0, ""solo_contingency"": [[0, 1], [206, 11346]], ""contingency"": [[0, 1], [2658, 12561]]}",{}
NC00962.3,LEV-0.25-0.9,0.0,GARC1,RUS,LEV,gyrB@S274T,U,{},"{""proportion"": 0.0, ""confidence"": [0.0, 0.5749693909936535], ""p_value"": 1.0, ""solo_contingency"": [[0, 2], [206, 11346]], ""contingency"": [[0, 2], [2658, 12560]]}",{}
NC00962.3,LEV-0.25-0.9,0.0,GARC1,RUS,LEV,gyrA@G351A,U,{},"{""proportion"": 0.0, ""confidence"": [0.0, 0.7301340512159458], ""p_value"": 1.0, ""solo_contingency"": [[0, 1], [206, 11346]], ""contingency"": [[0, 1], [2658, 12561]]}",{}
NC00962.3,LEV-0.25-0.9,0.0,GARC1,RUS,LEV,gyrB@V457L,U,{},"{""proportion"": 0.0, ""confidence"": [0.0, 0.3511165007651012], ""p_value"": 0.34082031250000006, ""solo_contingency"": [[0, 5], [206, 11346]], ""contingency"": [[15, 10], [2643, 12552]]}",{}
NC00962.3,LEV-0.25-0.9,0.0,GARC1,RUS,LEV,gyrB@V327L,U,{},"{""proportion"": 0.0, ""confidence"": [0.0, 0.5749693909936535], ""p_value"": 1.0, ""solo_contingency"": [[0, 2], [206, 11346]], ""contingency"": [[0, 2], [2658, 12560]]}",{}
NC00962.3,LEV-0.25-0.9,0.0,GARC1,RUS,LEV,gyrA@M141V,U,{},"{""proportion"": 0.0, ""confidence"": [0.0, 0.7301340512159458], ""p_value"": 1.0, ""solo_contingency"": [[0, 1], [206, 11346]], ""contingency"": [[0, 1], [2658, 12561]]}",{}
NC00962.3,LEV-0.25-0.9,0.0,GARC1,RUS,LEV,gyrA@T355M,U,{},"{""proportion"": 0.0, ""confidence"": [0.0, 0.7301340512159458], ""p_value"": 1.0, ""solo_contingency"": [[0, 1], [206, 11346]], ""contingency"": [[0, 1], [2658, 12561]]}",{}
NC00962.3,LEV-0.25-0.9,0.0,GARC1,RUS,LEV,gyrA@S536R,U,{},"{""proportion"": 0.0, ""confidence"": [0.0, 0.4741955741575127], ""p_value"": 1.0, ""solo_contingency"": [[0, 3], [206, 11346]], ""contingency"": [[0, 3], [2658, 12559]]}",{}
NC00962.3,LEV-0.25-0.9,0.0,GARC1,RUS,LEV,gyrA@E317G,U,{},"{""proportion"": 0.0, ""confidence"": [0.0, 0.7301340512159458], ""p_value"": 1.0, ""solo_contingency"": [[0, 1], [206, 11346]], ""contingency"": [[0, 1], [2658, 12561]]}",{}
NC00962.3,LEV-0.25-0.9,0.0,GARC1,RUS,LEV,gyrA@R254C,U,{},"{""proportion"": 0.0, ""confidence"": [0.0, 0.3511165007651012], ""p_value"": 0.34082031250000006, ""solo_contingency"": [[0, 5], [206, 11346]], ""contingency"": [[0, 5], [2658, 12557]]}",{}
NC00962.3,LEV-0.25-0.9,0.0,GARC1,RUS,LEV,gyrB@G38S,U,{},"{""proportion"": 0.0, ""confidence"": [0.0, 0.7301340512159458], ""p_value"": 1.0, ""solo_contingency"": [[0, 1], [206, 11346]], ""contingency"": [[0, 1], [2658, 12561]]}",{}
NC00962.3,LEV-0.25-0.9,0.0,GARC1,RUS,LEV,gyrA@D94F,U,{},"{""proportion"": 1.0, ""confidence"": [0.26986594878405434, 1.0000000000000002], ""p_value"": 0.25, ""solo_contingency"": [[1, 0], [206, 11346]], ""contingency"": [[1, 0], [2657, 12562]]}",{}
NC00962.3,LEV-0.25-0.9,0.0,GARC1,RUS,LEV,gyrB@S576G,U,{},"{""proportion"": 0.0, ""confidence"": [0.0, 0.7301340512159458], ""p_value"": 1.0, ""solo_contingency"": [[0, 1], [206, 11346]], ""contingency"": [[0, 1], [2658, 12561]]}",{}
NC00962.3,LEV-0.25-0.9,0.0,GARC1,RUS,LEV,gyrB@D112H,U,{},"{""proportion"": 0.0, ""confidence"": [0.0, 0.5749693909936535], ""p_value"": 1.0, ""solo_contingency"": [[0, 2], [206, 11346]], ""contingency"": [[0, 2], [2658, 12560]]}",{}
NC00962.3,LEV-0.25-0.9,0.0,GARC1,RUS,LEV,gyrA@L205V,U,{},"{""proportion"": 0.0, ""confidence"": [0.0, 0.5749693909936535], ""p_value"": 1.0, ""solo_contingency"": [[0, 2], [206, 11346]], ""contingency"": [[0, 2], [2658, 12560]]}",{}
NC00962.3,LEV-0.25-0.9,0.0,GARC1,RUS,LEV,gyrB@c-1g,U,{},"{""proportion"": 0.0, ""confidence"": [0.0, 0.31078398130591417], ""p_value"": 0.347412109375, ""solo_contingency"": [[0, 6], [206, 11346]], ""contingency"": [[0, 6], [2658, 12556]]}",{}
NC00962.3,LEV-0.25-0.9,0.0,GARC1,RUS,LEV,gyrA@L401V,U,{},"{""proportion"": 0.0, ""confidence"": [0.0, 0.7301340512159458], ""p_value"": 1.0, ""solo_contingency"": [[0, 1], [206, 11346]], ""contingency"": [[0, 1], [2658, 12561]]}",{}
NC00962.3,LEV-0.25-0.9,0.0,GARC1,RUS,LEV,gyrA@D481A,U,{},"{""proportion"": 0.0, ""confidence"": [0.0, 0.5749693909936535], ""p_value"": 1.0, ""solo_contingency"": [[0, 2], [206, 11346]], ""contingency"": [[0, 2], [2658, 12560]]}",{}
NC00962.3,LEV-0.25-0.9,0.0,GARC1,RUS,LEV,gyrB@D434G,U,{},"{""proportion"": 0.0, ""confidence"": [0.0, 0.4741955741575127], ""p_value"": 1.0, ""solo_contingency"": [[0, 3], [206, 11346]], ""contingency"": [[0, 3], [2658, 12559]]}",{}
NC00962.3,LEV-0.25-0.9,0.0,GARC1,RUS,LEV,gyrB@N499I,U,{},"{""proportion"": 0.0, ""confidence"": [0.0, 0.7301340512159458], ""p_value"": 1.0, ""solo_contingency"": [[0, 1], [206, 11346]], ""contingency"": [[1, 1], [2657, 12561]]}",{}
NC00962.3,LEV-0.25-0.9,0.0,GARC1,RUS,LEV,gyrA@R575W,U,{},"{""proportion"": 0.0, ""confidence"": [0.0, 0.7301340512159458], ""p_value"": 1.0, ""solo_contingency"": [[0, 1], [206, 11346]], ""contingency"": [[0, 1], [2658, 12561]]}",{}
NC00962.3,LEV-0.25-0.9,0.0,GARC1,RUS,LEV,gyrB@T167A,U,{},"{""proportion"": 0.0, ""confidence"": [0.0, 0.7301340512159458], ""p_value"": 1.0, ""solo_contingency"": [[0, 1], [206, 11346]], ""contingency"": [[0, 1], [2658, 12561]]}",{}
NC00962.3,LEV-0.25-0.9,0.0,GARC1,RUS,LEV,gyrB@K333N,U,{},"{""proportion"": 0.0, ""confidence"": [0.0, 0.7301340512159458], ""p_value"": 1.0, ""solo_contingency"": [[0, 1], [206, 11346]], ""contingency"": [[0, 1], [2658, 12561]]}",{}
NC00962.3,LEV-0.25-0.9,0.0,GARC1,RUS,LEV,gyrA@E514Q,U,{},"{""proportion"": 0.0, ""confidence"": [0.0, 0.7301340512159458], ""p_value"": 1.0, ""solo_contingency"": [[0, 1], [206, 11346]], ""contingency"": [[0, 1], [2658, 12561]]}",{}
NC00962.3,LEV-0.25-0.9,0.0,GARC1,RUS,LEV,gyrA@V326G,U,{},"{""proportion"": 0.0, ""confidence"": [0.0, 0.7301340512159458], ""p_value"": 1.0, ""solo_contingency"": [[0, 1], [206, 11346]], ""contingency"": [[0, 1], [2658, 12561]]}",{}
NC00962.3,LEV-0.25-0.9,0.0,GARC1,RUS,LEV,gyrA@S698L,U,{},"{""proportion"": 0.0, ""confidence"": [0.0, 0.40347862520270455], ""p_value"": 0.578125, ""solo_contingency"": [[0, 4], [206, 11346]], ""contingency"": [[0, 4], [2658, 12558]]}",{}
NC00962.3,LEV-0.25-0.9,0.0,GARC1,RUS,LEV,gyrA@G702S,U,{},"{""proportion"": 0.0, ""confidence"": [0.0, 0.5749693909936535], ""p_value"": 1.0, ""solo_contingency"": [[0, 2], [206, 11346]], ""contingency"": [[0, 2], [2658, 12560]]}",{}
NC00962.3,LEV-0.25-0.9,0.0,GARC1,RUS,LEV,gyrA@R264H,U,{},"{""proportion"": 0.0, ""confidence"": [0.0, 0.7301340512159458], ""p_value"": 1.0, ""solo_contingency"": [[0, 1], [206, 11346]], ""contingency"": [[0, 1], [2658, 12561]]}",{}
NC00962.3,LEV-0.25-0.9,0.0,GARC1,RUS,LEV,gyrA@I153M,U,{},"{""proportion"": 0.0, ""confidence"": [0.0, 0.5749693909936535], ""p_value"": 1.0, ""solo_contingency"": [[0, 2], [206, 11346]], ""contingency"": [[0, 2], [2658, 12560]]}",{}
NC00962.3,LEV-0.25-0.9,0.0,GARC1,RUS,LEV,gyrA@P154A,U,{},"{""proportion"": 0.0, ""confidence"": [0.0, 0.7301340512159458], ""p_value"": 1.0, ""solo_contingency"": [[0, 1], [206, 11346]], ""contingency"": [[0, 1], [2658, 12561]]}",{}
NC00962.3,LEV-0.25-0.9,0.0,GARC1,RUS,LEV,gyrB@G60A,U,{},"{""proportion"": 0.0, ""confidence"": [0.0, 0.7301340512159458], ""p_value"": 1.0, ""solo_contingency"": [[0, 1], [206, 11346]], ""contingency"": [[0, 1], [2658, 12561]]}",{}
NC00962.3,LEV-0.25-0.9,0.0,GARC1,RUS,LEV,gyrB@A2P,U,{},"{""proportion"": 0.0, ""confidence"": [0.0, 0.7301340512159458], ""p_value"": 1.0, ""solo_contingency"": [[0, 1], [206, 11346]], ""contingency"": [[0, 1], [2658, 12561]]}",{}
NC00962.3,LEV-0.25-0.9,0.0,GARC1,RUS,LEV,gyrA@S772R,U,{},"{""proportion"": 0.0, ""confidence"": [0.0, 0.7301340512159458], ""p_value"": 1.0, ""solo_contingency"": [[0, 1], [206, 11346]], ""contingency"": [[0, 1], [2658, 12561]]}",{}
NC00962.3,LEV-0.25-0.9,0.0,GARC1,RUS,LEV,gyrA@P154S,U,{},"{""proportion"": 0.0, ""confidence"": [0.0, 0.7301340512159458], ""p_value"": 1.0, ""solo_contingency"": [[0, 1], [206, 11346]], ""contingency"": [[0, 1], [2658, 12561]]}",{}
NC00962.3,LEV-0.25-0.9,0.0,GARC1,RUS,LEV,gyrB@D577N,U,{},"{""proportion"": 0.0, ""confidence"": [0.0, 0.7301340512159458], ""p_value"": 1.0, ""solo_contingency"": [[0, 1], [206, 11346]], ""contingency"": [[0, 1], [2658, 12561]]}",{}
NC00962.3,LEV-0.25-0.9,0.0,GARC1,RUS,LEV,gyrB@g-59a,U,{},"{""proportion"": 0.0, ""confidence"": [0.0, 0.7301340512159458], ""p_value"": 1.0, ""solo_contingency"": [[0, 1], [206, 11346]], ""contingency"": [[0, 1], [2658, 12561]]}",{}
NC00962.3,LEV-0.25-0.9,0.0,GARC1,RUS,LEV,gyrB@A416S,U,{},"{""proportion"": 0.0, ""confidence"": [0.0, 0.7301340512159458], ""p_value"": 1.0, ""solo_contingency"": [[0, 1], [206, 11346]], ""contingency"": [[0, 1], [2658, 12561]]}",{}
NC00962.3,LEV-0.25-0.9,0.0,GARC1,RUS,LEV,gyrB@A57T,U,{},"{""proportion"": 0.0, ""confidence"": [0.0, 0.7301340512159458], ""p_value"": 1.0, ""solo_contingency"": [[0, 1], [206, 11346]], ""contingency"": [[0, 1], [2658, 12561]]}",{}
NC00962.3,LEV-0.25-0.9,0.0,GARC1,RUS,LEV,gyrB@E71D,U,{},"{""proportion"": 0.0, ""confidence"": [0.0, 0.7301340512159458], ""p_value"": 1.0, ""solo_contingency"": [[0, 1], [206, 11346]], ""contingency"": [[0, 1], [2658, 12561]]}",{}
NC00962.3,LEV-0.25-0.9,0.0,GARC1,RUS,LEV,gyrA@A556G,U,{},"{""proportion"": 0.0, ""confidence"": [0.0, 0.7301340512159458], ""p_value"": 1.0, ""solo_contingency"": [[0, 1], [206, 11346]], ""contingency"": [[0, 1], [2658, 12561]]}",{}
NC00962.3,LEV-0.25-0.9,0.0,GARC1,RUS,LEV,gyrB@I527F,U,{},"{""proportion"": 1.0, ""confidence"": [0.26986594878405434, 1.0000000000000002], ""p_value"": 0.25, ""solo_contingency"": [[1, 0], [206, 11346]], ""contingency"": [[1, 0], [2657, 12562]]}",{}
NC00962.3,LEV-0.25-0.9,0.0,GARC1,RUS,LEV,gyrA@Q439E,U,{},"{""proportion"": 0.0, ""confidence"": [0.0, 0.5749693909936535], ""p_value"": 1.0, ""solo_contingency"": [[0, 2], [206, 11346]], ""contingency"": [[0, 2], [2658, 12560]]}",{}
NC00962.3,LEV-0.25-0.9,0.0,GARC1,RUS,LEV,gyrB@D645A,U,{},"{""proportion"": 0.0, ""confidence"": [0.0, 0.7301340512159458], ""p_value"": 1.0, ""solo_contingency"": [[0, 1], [206, 11346]], ""contingency"": [[1, 1], [2657, 12561]]}",{}
NC00962.3,LEV-0.25-0.9,0.0,GARC1,RUS,LEV,gyrA@S62T,U,{},"{""proportion"": 0.0, ""confidence"": [0.0, 0.7301340512159458], ""p_value"": 1.0, ""solo_contingency"": [[0, 1], [206, 11346]], ""contingency"": [[0, 1], [2658, 12561]]}",{}
NC00962.3,LEV-0.25-0.9,0.0,GARC1,RUS,LEV,gyrA@K325N,U,{},"{""proportion"": 0.0, ""confidence"": [0.0, 0.7301340512159458], ""p_value"": 1.0, ""solo_contingency"": [[0, 1], [206, 11346]], ""contingency"": [[0, 1], [2658, 12561]]}",{}
NC00962.3,LEV-0.25-0.9,0.0,GARC1,RUS,LEV,gyrA@L105V,U,{},"{""proportion"": 0.0, ""confidence"": [0.0, 0.7301340512159458], ""p_value"": 1.0, ""solo_contingency"": [[0, 1], [206, 11346]], ""contingency"": [[0, 1], [2658, 12561]]}",{}
NC00962.3,LEV-0.25-0.9,0.0,GARC1,RUS,LEV,gyrA@S411A,U,{},"{""proportion"": 0.0, ""confidence"": [0.0, 0.7301340512159458], ""p_value"": 1.0, ""solo_contingency"": [[0, 1], [206, 11346]], ""contingency"": [[0, 2], [2658, 12560]]}",{}
NC00962.3,LEV-0.25-0.9,0.0,GARC1,RUS,LEV,gyrA@F640L,U,{},"{""proportion"": 0.0, ""confidence"": [0.0, 0.7301340512159458], ""p_value"": 1.0, ""solo_contingency"": [[0, 1], [206, 11346]], ""contingency"": [[0, 1], [2658, 12561]]}",{}
NC00962.3,LEV-0.25-0.9,0.0,GARC1,RUS,LEV,gyrB@V427L,U,{},"{""proportion"": 0.0, ""confidence"": [0.0, 0.7301340512159458], ""p_value"": 1.0, ""solo_contingency"": [[0, 1], [206, 11346]], ""contingency"": [[0, 1], [2658, 12561]]}",{}
NC00962.3,LEV-0.25-0.9,0.0,GARC1,RUS,LEV,gyrB@D617Y,U,{},"{""proportion"": 1.0, ""confidence"": [0.26986594878405434, 1.0000000000000002], ""p_value"": 0.25, ""solo_contingency"": [[1, 0], [206, 11346]], ""contingency"": [[3, 1], [2655, 12561]]}",{}
NC00962.3,LEV-0.25-0.9,0.0,GARC1,RUS,LEV,gyrB@D97E,U,{},"{""proportion"": 0.0, ""confidence"": [0.0, 0.7301340512159458], ""p_value"": 1.0, ""solo_contingency"": [[0, 1], [206, 11346]], ""contingency"": [[0, 1], [2658, 12561]]}",{}
NC00962.3,LEV-0.25-0.9,0.0,GARC1,RUS,LEV,gyrB@D461H,U,{},"{""proportion"": 1.0, ""confidence"": [0.26986594878405434, 1.0000000000000002], ""p_value"": 0.25, ""solo_contingency"": [[1, 0], [206, 11346]], ""contingency"": [[2, 1], [2656, 12561]]}",{}
NC00962.3,LEV-0.25-0.9,0.0,GARC1,RUS,LEV,gyrA@R45C,U,{},"{""proportion"": 0.0, ""confidence"": [0.0, 0.5749693909936535], ""p_value"": 1.0, ""solo_contingency"": [[0, 2], [206, 11346]], ""contingency"": [[0, 2], [2658, 12560]]}",{}
NC00962.3,LEV-0.25-0.9,0.0,GARC1,RUS,LEV,gyrB@K152R,U,{},"{""proportion"": 0.0, ""confidence"": [0.0, 0.7301340512159458], ""p_value"": 1.0, ""solo_contingency"": [[0, 1], [206, 11346]], ""contingency"": [[0, 1], [2658, 12561]]}",{}
NC00962.3,LEV-0.25-0.9,0.0,GARC1,RUS,LEV,gyrB@E71A,U,{},"{""proportion"": 0.0, ""confidence"": [0.0, 0.7301340512159458], ""p_value"": 1.0, ""solo_contingency"": [[0, 1], [206, 11346]], ""contingency"": [[0, 1], [2658, 12561]]}",{}
NC00962.3,LEV-0.25-0.9,0.0,GARC1,RUS,LEV,gyrA@A814T,U,{},"{""proportion"": 0.0, ""confidence"": [0.0, 0.7301340512159458], ""p_value"": 1.0, ""solo_contingency"": [[0, 1], [206, 11346]], ""contingency"": [[1, 1], [2657, 12561]]}",{}
NC00962.3,LEV-0.25-0.9,0.0,GARC1,RUS,LEV,gyrB@S469I,U,{},"{""proportion"": 0.0, ""confidence"": [0.0, 0.7301340512159458], ""p_value"": 1.0, ""solo_contingency"": [[0, 1], [206, 11346]], ""contingency"": [[0, 1], [2658, 12561]]}",{}
NC00962.3,LEV-0.25-0.9,0.0,GARC1,RUS,LEV,gyrB@K361T,U,{},"{""proportion"": 0.0, ""confidence"": [0.0, 0.7301340512159458], ""p_value"": 1.0, ""solo_contingency"": [[0, 1], [206, 11346]], ""contingency"": [[0, 1], [2658, 12561]]}",{}
NC00962.3,LEV-0.25-0.9,0.0,GARC1,RUS,LEV,gyrA@G574A,U,{},"{""proportion"": 0.0, ""confidence"": [0.0, 0.7301340512159458], ""p_value"": 1.0, ""solo_contingency"": [[0, 1], [206, 11346]], ""contingency"": [[0, 1], [2658, 12561]]}",{}
NC00962.3,LEV-0.25-0.9,0.0,GARC1,RUS,LEV,gyrB@R523S,U,{},"{""proportion"": 0.0, ""confidence"": [0.0, 0.5749693909936535], ""p_value"": 1.0, ""solo_contingency"": [[0, 2], [206, 11346]], ""contingency"": [[0, 5], [2658, 12557]]}",{}
NC00962.3,LEV-0.25-0.9,0.0,GARC1,RUS,LEV,gyrB@G284W,U,{},"{""proportion"": 0.0, ""confidence"": [0.0, 0.7301340512159458], ""p_value"": 1.0, ""solo_contingency"": [[0, 1], [206, 11346]], ""contingency"": [[0, 1], [2658, 12561]]}",{}
NC00962.3,LEV-0.25-0.9,0.0,GARC1,RUS,LEV,gyrB@R665C,U,{},"{""proportion"": 0.0, ""confidence"": [0.0, 0.5749693909936535], ""p_value"": 1.0, ""solo_contingency"": [[0, 2], [206, 11346]], ""contingency"": [[0, 2], [2658, 12560]]}",{}
NC00962.3,LEV-0.25-0.9,0.0,GARC1,RUS,LEV,gyrB@E352Q,U,{},"{""proportion"": 0.0, ""confidence"": [0.0, 0.7301340512159458], ""p_value"": 1.0, ""solo_contingency"": [[0, 1], [206, 11346]], ""contingency"": [[0, 1], [2658, 12561]]}",{}
NC00962.3,LEV-0.25-0.9,0.0,GARC1,RUS,LEV,gyrA@A434T,U,{},"{""proportion"": 0.0, ""confidence"": [0.0, 0.7301340512159458], ""p_value"": 1.0, ""solo_contingency"": [[0, 1], [206, 11346]], ""contingency"": [[0, 1], [2658, 12561]]}",{}
NC00962.3,LEV-0.25-0.9,0.0,GARC1,RUS,LEV,gyrB@L135I,U,{},"{""proportion"": 0.0, ""confidence"": [0.0, 0.7301340512159458], ""p_value"": 1.0, ""solo_contingency"": [[0, 1], [206, 11346]], ""contingency"": [[0, 1], [2658, 12561]]}",{}
NC00962.3,LEV-0.25-0.9,0.0,GARC1,RUS,LEV,gyrB@S661G,U,{},"{""proportion"": 0.0, ""confidence"": [0.0, 0.7301340512159458], ""p_value"": 1.0, ""solo_contingency"": [[0, 1], [206, 11346]], ""contingency"": [[0, 1], [2658, 12561]]}",{}
NC00962.3,LEV-0.25-0.9,0.0,GARC1,RUS,LEV,gyrB@E221D,U,{},"{""proportion"": 0.0, ""confidence"": [0.0, 0.7301340512159458], ""p_value"": 1.0, ""solo_contingency"": [[0, 1], [206, 11346]], ""contingency"": [[0, 1], [2658, 12561]]}",{}
NC00962.3,LEV-0.25-0.9,0.0,GARC1,RUS,LEV,gyrA@H389P,U,{},"{""proportion"": 0.0, ""confidence"": [0.0, 0.7301340512159458], ""p_value"": 1.0, ""solo_contingency"": [[0, 1], [206, 11346]], ""contingency"": [[0, 1], [2658, 12561]]}",{}
NC00962.3,LEV-0.25-0.9,0.0,GARC1,RUS,LEV,gyrB@G282D,U,{},"{""proportion"": 0.0, ""confidence"": [0.0, 0.7301340512159458], ""p_value"": 1.0, ""solo_contingency"": [[0, 1], [206, 11346]], ""contingency"": [[0, 1], [2658, 12561]]}",{}
NC00962.3,LEV-0.25-0.9,0.0,GARC1,RUS,LEV,gyrA@c-24t,U,{},"{""proportion"": 0.0, ""confidence"": [0.0, 0.7301340512159458], ""p_value"": 1.0, ""solo_contingency"": [[0, 1], [206, 11346]], ""contingency"": [[0, 1], [2658, 12561]]}",{}
NC00962.3,LEV-0.25-0.9,0.0,GARC1,RUS,LEV,gyrB@G203V,U,{},"{""proportion"": 0.0, ""confidence"": [0.0, 0.7301340512159458], ""p_value"": 1.0, ""solo_contingency"": [[0, 1], [206, 11346]], ""contingency"": [[0, 1], [2658, 12561]]}",{}
NC00962.3,LEV-0.25-0.9,0.0,GARC1,RUS,LEV,gyrA@D10E,U,{},"{""proportion"": 0.0, ""confidence"": [0.0, 0.7301340512159458], ""p_value"": 1.0, ""solo_contingency"": [[0, 1], [206, 11346]], ""contingency"": [[0, 1], [2658, 12561]]}",{}
NC00962.3,LEV-0.25-0.9,0.0,GARC1,RUS,LEV,gyrA@R376L,U,{},"{""proportion"": 0.0, ""confidence"": [0.0, 0.7301340512159458], ""p_value"": 1.0, ""solo_contingency"": [[0, 1], [206, 11346]], ""contingency"": [[0, 1], [2658, 12561]]}",{}
NC00962.3,LEV-0.25-0.9,0.0,GARC1,RUS,LEV,gyrA@D94L,U,{},"{""proportion"": 1.0, ""confidence"": [0.26986594878405434, 1.0000000000000002], ""p_value"": 0.25, ""solo_contingency"": [[1, 0], [206, 11346]], ""contingency"": [[1, 0], [2657, 12562]]}",{}
NC00962.3,LEV-0.25-0.9,0.0,GARC1,RUS,LEV,gyrA@D89G,U,{},"{""proportion"": 1.0, ""confidence"": [0.26986594878405434, 1.0000000000000002], ""p_value"": 0.25, ""solo_contingency"": [[1, 0], [206, 11346]], ""contingency"": [[4, 1], [2654, 12561]]}",{}
NC00962.3,LEV-0.25-0.9,0.0,GARC1,RUS,LEV,gyrA@G88D,U,{},"{""proportion"": 1.0, ""confidence"": [0.26986594878405434, 1.0000000000000002], ""p_value"": 0.25, ""solo_contingency"": [[1, 0], [206, 11346]], ""contingency"": [[1, 0], [2657, 12562]]}",{}
NC00962.3,LEV-0.25-0.9,0.0,GARC1,RUS,LEV,gyrA@Q790E,U,{},"{""proportion"": 0.0, ""confidence"": [0.0, 0.7301340512159458], ""p_value"": 1.0, ""solo_contingency"": [[0, 1], [206, 11346]], ""contingency"": [[0, 1], [2658, 12561]]}",{}
NC00962.3,LEV-0.25-0.9,0.0,GARC1,RUS,LEV,gyrB@V636L,U,{},"{""proportion"": 1.0, ""confidence"": [0.26986594878405434, 1.0000000000000002], ""p_value"": 0.25, ""solo_contingency"": [[1, 0], [206, 11346]], ""contingency"": [[1, 0], [2657, 12562]]}",{}
NC00962.3,LEV-0.25-0.9,0.0,GARC1,RUS,LEV,gyrB@A238G,U,{},"{""proportion"": 0.0, ""confidence"": [0.0, 0.7301340512159458], ""p_value"": 1.0, ""solo_contingency"": [[0, 1], [206, 11346]], ""contingency"": [[0, 1], [2658, 12561]]}",{}
NC00962.3,LEV-0.25-0.9,0.0,GARC1,RUS,LEV,gyrB@E604V,U,{},"{""proportion"": 0.0, ""confidence"": [0.0, 0.5749693909936535], ""p_value"": 1.0, ""solo_contingency"": [[0, 2], [206, 11346]], ""contingency"": [[0, 2], [2658, 12560]]}",{}
NC00962.3,LEV-0.25-0.9,0.0,GARC1,RUS,LEV,gyrA@L398F,U,{},"{""proportion"": 0.0, ""confidence"": [0.0, 0.40347862520270455], ""p_value"": 0.578125, ""solo_contingency"": [[0, 4], [206, 11346]], ""contingency"": [[1, 5], [2657, 12557]]}",{}
NC00962.3,LEV-0.25-0.9,0.0,GARC1,RUS,LEV,gyrA@S95A,U,{},"{""proportion"": 0.0, ""confidence"": [0.0, 0.7301340512159458], ""p_value"": 1.0, ""solo_contingency"": [[0, 1], [206, 11346]], ""contingency"": [[2, 2], [2656, 12560]]}",{}
NC00962.3,LEV-0.25-0.9,0.0,GARC1,RUS,LEV,gyrB@I271V,U,{},"{""proportion"": 0.0, ""confidence"": [0.0, 0.7301340512159458], ""p_value"": 1.0, ""solo_contingency"": [[0, 1], [206, 11346]], ""contingency"": [[0, 1], [2658, 12561]]}",{}
NC00962.3,LEV-0.25-0.9,0.0,GARC1,RUS,LEV,gyrB@c-53g,U,{},"{""proportion"": 0.5, ""confidence"": [0.12086631942227369, 0.8791336805777263], ""p_value"": 0.4375, ""solo_contingency"": [[1, 1], [206, 11346]], ""contingency"": [[1, 1], [2657, 12561]]}",{}
NC00962.3,LEV-0.25-0.9,0.0,GARC1,RUS,LEV,gyrA@Y276H,U,{},"{""proportion"": 0.0, ""confidence"": [0.0, 0.7301340512159458], ""p_value"": 1.0, ""solo_contingency"": [[0, 1], [206, 11346]], ""contingency"": [[0, 1], [2658, 12561]]}",{}
NC00962.3,LEV-0.25-0.9,0.0,GARC1,RUS,LEV,gyrB@N66S,U,{},"{""proportion"": 0.0, ""confidence"": [0.0, 0.4741955741575127], ""p_value"": 1.0, ""solo_contingency"": [[0, 3], [206, 11346]], ""contingency"": [[1, 3], [2657, 12559]]}",{}
NC00962.3,LEV-0.25-0.9,0.0,GARC1,RUS,LEV,gyrB@H560R,U,{},"{""proportion"": 0.0, ""confidence"": [0.0, 0.7301340512159458], ""p_value"": 1.0, ""solo_contingency"": [[0, 1], [206, 11346]], ""contingency"": [[0, 1], [2658, 12561]]}",{}
NC00962.3,LEV-0.25-0.9,0.0,GARC1,RUS,LEV,gyrA@A676V,U,{},"{""proportion"": 0.0, ""confidence"": [0.0, 0.7301340512159458], ""p_value"": 1.0, ""solo_contingency"": [[0, 1], [206, 11346]], ""contingency"": [[6, 2], [2652, 12560]]}",{}
NC00962.3,LEV-0.25-0.9,0.0,GARC1,RUS,LEV,gyrA@R380G,U,{},"{""proportion"": 0.0, ""confidence"": [0.0, 0.7301340512159458], ""p_value"": 1.0, ""solo_contingency"": [[0, 1], [206, 11346]], ""contingency"": [[0, 1], [2658, 12561]]}",{}
NC00962.3,LEV-0.25-0.9,0.0,GARC1,RUS,LEV,gyrA@E289Q,U,{},"{""proportion"": 0.0, ""confidence"": [0.0, 0.7301340512159458], ""p_value"": 1.0, ""solo_contingency"": [[0, 1], [206, 11346]], ""contingency"": [[0, 1], [2658, 12561]]}",{}
NC00962.3,LEV-0.25-0.9,0.0,GARC1,RUS,LEV,gyrA@D687N,U,{},"{""proportion"": 0.0, ""confidence"": [0.0, 0.7301340512159458], ""p_value"": 1.0, ""solo_contingency"": [[0, 1], [206, 11346]], ""contingency"": [[0, 1], [2658, 12561]]}",{}
NC00962.3,LEV-0.25-0.9,0.0,GARC1,RUS,LEV,gyrB@A432V,U,{},"{""proportion"": 0.0, ""confidence"": [0.0, 0.7301340512159458], ""p_value"": 1.0, ""solo_contingency"": [[0, 1], [206, 11346]], ""contingency"": [[0, 1], [2658, 12561]]}",{}
NC00962.3,LEV-0.25-0.9,0.0,GARC1,RUS,LEV,gyrB@K404R,U,{},"{""proportion"": 0.0, ""confidence"": [0.0, 0.7301340512159458], ""p_value"": 1.0, ""solo_contingency"": [[0, 1], [206, 11346]], ""contingency"": [[0, 1], [2658, 12561]]}",{}
NC00962.3,LEV-0.25-0.9,0.0,GARC1,RUS,LEV,gyrA@D464E,U,{},"{""proportion"": 0.0, ""confidence"": [0.0, 0.7301340512159458], ""p_value"": 1.0, ""solo_contingency"": [[0, 1], [206, 11346]], ""contingency"": [[0, 1], [2658, 12561]]}",{}
NC00962.3,LEV-0.25-0.9,0.0,GARC1,RUS,LEV,gyrB@K159M,U,{},"{""proportion"": 0.0, ""confidence"": [0.0, 0.7301340512159458], ""p_value"": 1.0, ""solo_contingency"": [[0, 1], [206, 11346]], ""contingency"": [[0, 1], [2658, 12561]]}",{}
NC00962.3,LEV-0.25-0.9,0.0,GARC1,RUS,LEV,gyrA@P119L,U,{},"{""proportion"": 0.0, ""confidence"": [0.0, 0.7301340512159458], ""p_value"": 1.0, ""solo_contingency"": [[0, 1], [206, 11346]], ""contingency"": [[0, 1], [2658, 12561]]}",{}
NC00962.3,LEV-0.25-0.9,0.0,GARC1,RUS,LEV,gyrA@T377I,U,{},"{""proportion"": 0.0, ""confidence"": [0.0, 0.5749693909936535], ""p_value"": 1.0, ""solo_contingency"": [[0, 2], [206, 11346]], ""contingency"": [[1, 2], [2657, 12560]]}",{}
NC00962.3,LEV-0.25-0.9,0.0,GARC1,RUS,LEV,gyrA@G795R,U,{},"{""proportion"": 0.0, ""confidence"": [0.0, 0.7301340512159458], ""p_value"": 1.0, ""solo_contingency"": [[0, 1], [206, 11346]], ""contingency"": [[0, 1], [2658, 12561]]}",{}
NC00962.3,LEV-0.25-0.9,0.0,GARC1,RUS,LEV,gyrB@P578S,U,{},"{""proportion"": 0.0, ""confidence"": [0.0, 0.7301340512159458], ""p_value"": 1.0, ""solo_contingency"": [[0, 1], [206, 11346]], ""contingency"": [[0, 1], [2658, 12561]]}",{}
NC00962.3,LEV-0.25-0.9,0.0,GARC1,RUS,LEV,gyrA@D367E,U,{},"{""proportion"": 0.0, ""confidence"": [0.0, 0.7301340512159458], ""p_value"": 1.0, ""solo_contingency"": [[0, 1], [206, 11346]], ""contingency"": [[0, 1], [2658, 12561]]}",{}
NC00962.3,LEV-0.25-0.9,0.0,GARC1,RUS,LEV,gyrA@D639A,U,{},"{""proportion"": 0.0, ""confidence"": [0.0, 0.4741955741575127], ""p_value"": 1.0, ""solo_contingency"": [[0, 3], [206, 11346]], ""contingency"": [[0, 3], [2658, 12559]]}",{}
NC00962.3,LEV-0.25-0.9,0.0,GARC1,RUS,LEV,gyrA@A74S,U,{},"{""proportion"": 0.5, ""confidence"": [0.12086631942227369, 0.8791336805777263], ""p_value"": 0.4375, ""solo_contingency"": [[1, 1], [206, 11346]], ""contingency"": [[5, 3], [2653, 12559]]}",{}
NC00962.3,LEV-0.25-0.9,0.0,GARC1,RUS,LEV,gyrA@A501V,U,{},"{""proportion"": 0.0, ""confidence"": [0.0, 0.7301340512159458], ""p_value"": 1.0, ""solo_contingency"": [[0, 1], [206, 11346]], ""contingency"": [[0, 1], [2658, 12561]]}",{}
NC00962.3,LEV-0.25-0.9,0.0,GARC1,RUS,LEV,gyrB@R523H,U,{},"{""proportion"": 0.0, ""confidence"": [0.0, 0.7301340512159458], ""p_value"": 1.0, ""solo_contingency"": [[0, 1], [206, 11346]], ""contingency"": [[0, 1], [2658, 12561]]}",{}
NC00962.3,LEV-0.25-0.9,0.0,GARC1,RUS,LEV,gyrA@R309Q,U,{},"{""proportion"": 0.5, ""confidence"": [0.12086631942227369, 0.8791336805777263], ""p_value"": 0.4375, ""solo_contingency"": [[1, 1], [206, 11346]], ""contingency"": [[1, 1], [2657, 12561]]}",{}
NC00962.3,LEV-0.25-0.9,0.0,GARC1,RUS,LEV,gyrA@A347V,U,{},"{""proportion"": 0.0, ""confidence"": [0.0, 0.7301340512159458], ""p_value"": 1.0, ""solo_contingency"": [[0, 1], [206, 11346]], ""contingency"": [[0, 1], [2658, 12561]]}",{}
NC00962.3,LEV-0.25-0.9,0.0,GARC1,RUS,LEV,gyrA@P50R,U,{},"{""proportion"": 0.0, ""confidence"": [0.0, 0.7301340512159458], ""p_value"": 1.0, ""solo_contingency"": [[0, 1], [206, 11346]], ""contingency"": [[0, 1], [2658, 12561]]}",{}
NC00962.3,LEV-0.25-0.9,0.0,GARC1,RUS,LEV,gyrA@R615G,U,{},"{""proportion"": 0.0, ""confidence"": [0.0, 0.7301340512159458], ""p_value"": 1.0, ""solo_contingency"": [[0, 1], [206, 11346]], ""contingency"": [[0, 1], [2658, 12561]]}",{}
NC00962.3,LEV-0.25-0.9,0.0,GARC1,RUS,LEV,gyrB@t-93c,U,{},"{""proportion"": 0.0, ""confidence"": [0.0, 0.7301340512159458], ""p_value"": 1.0, ""solo_contingency"": [[0, 1], [206, 11346]], ""contingency"": [[0, 4], [2658, 12558]]}",{}
NC00962.3,LEV-0.25-0.9,0.0,GARC1,RUS,LEV,gyrB@D176E,U,{},"{""proportion"": 0.0, ""confidence"": [0.0, 0.7301340512159458], ""p_value"": 1.0, ""solo_contingency"": [[0, 1], [206, 11346]], ""contingency"": [[0, 1], [2658, 12561]]}",{}
NC00962.3,LEV-0.25-0.9,0.0,GARC1,RUS,LEV,gyrA@I511V,U,{},"{""proportion"": 0.0, ""confidence"": [0.0, 0.7301340512159458], ""p_value"": 1.0, ""solo_contingency"": [[0, 1], [206, 11346]], ""contingency"": [[0, 1], [2658, 12561]]}",{}
NC00962.3,LEV-0.25-0.9,0.0,GARC1,RUS,LEV,gyrB@T267S,U,{},"{""proportion"": 0.0, ""confidence"": [0.0, 0.4741955741575127], ""p_value"": 1.0, ""solo_contingency"": [[0, 3], [206, 11346]], ""contingency"": [[0, 3], [2658, 12559]]}",{}
NC00962.3,LEV-0.25-0.9,0.0,GARC1,RUS,LEV,gyrA@A794V,U,{},"{""proportion"": 0.0, ""confidence"": [0.0, 0.7301340512159458], ""p_value"": 1.0, ""solo_contingency"": [[0, 1], [206, 11346]], ""contingency"": [[0, 1], [2658, 12561]]}",{}
NC00962.3,LEV-0.25-0.9,0.0,GARC1,RUS,LEV,gyrA@R106C,U,{},"{""proportion"": 0.0, ""confidence"": [0.0, 0.7301340512159458], ""p_value"": 1.0, ""solo_contingency"": [[0, 1], [206, 11346]], ""contingency"": [[0, 1], [2658, 12561]]}",{}
NC00962.3,LEV-0.25-0.9,0.0,GARC1,RUS,LEV,gyrA@T215A,U,{},"{""proportion"": 0.0, ""confidence"": [0.0, 0.7301340512159458], ""p_value"": 1.0, ""solo_contingency"": [[0, 1], [206, 11346]], ""contingency"": [[0, 1], [2658, 12561]]}",{}
NC00962.3,LEV-0.25-0.9,0.0,GARC1,RUS,LEV,gyrB@A564T,U,{},"{""proportion"": 0.0, ""confidence"": [0.0, 0.5749693909936535], ""p_value"": 1.0, ""solo_contingency"": [[0, 2], [206, 11346]], ""contingency"": [[0, 2], [2658, 12560]]}",{}
NC00962.3,LEV-0.25-0.9,0.0,GARC1,RUS,LEV,gyrA@c-27g,U,{},"{""proportion"": 0.0, ""confidence"": [0.0, 0.5749693909936535], ""p_value"": 1.0, ""solo_contingency"": [[0, 2], [206, 11346]], ""contingency"": [[0, 2], [2658, 12560]]}",{}
NC00962.3,LEV-0.25-0.9,0.0,GARC1,RUS,LEV,gyrB@A508V,U,{},"{""proportion"": 0.0, ""confidence"": [0.0, 0.4741955741575127], ""p_value"": 1.0, ""solo_contingency"": [[0, 3], [206, 11346]], ""contingency"": [[0, 3], [2658, 12559]]}",{}
NC00962.3,LEV-0.25-0.9,0.0,GARC1,RUS,LEV,gyrB@G598E,U,{},"{""proportion"": 0.0, ""confidence"": [0.0, 0.31078398130591417], ""p_value"": 0.347412109375, ""solo_contingency"": [[0, 6], [206, 11346]], ""contingency"": [[0, 6], [2658, 12556]]}",{}
NC00962.3,LEV-0.25-0.9,0.0,GARC1,RUS,LEV,gyrB@D434H,U,{},"{""proportion"": 0.0, ""confidence"": [0.0, 0.5749693909936535], ""p_value"": 1.0, ""solo_contingency"": [[0, 2], [206, 11346]], ""contingency"": [[0, 2], [2658, 12560]]}",{}
NC00962.3,LEV-0.25-0.9,0.0,GARC1,RUS,LEV,gyrA@G503R,U,{},"{""proportion"": 0.0, ""confidence"": [0.0, 0.40347862520270455], ""p_value"": 0.578125, ""solo_contingency"": [[0, 4], [206, 11346]], ""contingency"": [[0, 4], [2658, 12558]]}",{}
NC00962.3,LEV-0.25-0.9,0.0,GARC1,RUS,LEV,gyrB@A115V,U,{},"{""proportion"": 0.0, ""confidence"": [0.0, 0.5749693909936535], ""p_value"": 1.0, ""solo_contingency"": [[0, 2], [206, 11346]], ""contingency"": [[0, 2], [2658, 12560]]}",{}
NC00962.3,LEV-0.25-0.9,0.0,GARC1,RUS,LEV,gyrA@A198G,U,{},"{""proportion"": 0.0, ""confidence"": [0.0, 0.5749693909936535], ""p_value"": 1.0, ""solo_contingency"": [[0, 2], [206, 11346]], ""contingency"": [[0, 2], [2658, 12560]]}",{}
NC00962.3,LEV-0.25-0.9,0.0,GARC1,RUS,LEV,gyrB@S413A,U,{},"{""proportion"": 0.0, ""confidence"": [0.0, 0.7301340512159458], ""p_value"": 1.0, ""solo_contingency"": [[0, 1], [206, 11346]], ""contingency"": [[0, 1], [2658, 12561]]}",{}
NC00962.3,LEV-0.25-0.9,0.0,GARC1,RUS,LEV,gyrA@R607C,U,{},"{""proportion"": 0.0, ""confidence"": [0.0, 0.7301340512159458], ""p_value"": 1.0, ""solo_contingency"": [[0, 1], [206, 11346]], ""contingency"": [[0, 1], [2658, 12561]]}",{}
NC00962.3,LEV-0.25-0.9,0.0,GARC1,RUS,LEV,gyrA@T164M,U,{},"{""proportion"": 0.0, ""confidence"": [0.0, 0.7301340512159458], ""p_value"": 1.0, ""solo_contingency"": [[0, 1], [206, 11346]], ""contingency"": [[0, 1], [2658, 12561]]}",{}
NC00962.3,LEV-0.25-0.9,0.0,GARC1,RUS,LEV,gyrB@T401I,U,{},"{""proportion"": 0.0, ""confidence"": [0.0, 0.7301340512159458], ""p_value"": 1.0, ""solo_contingency"": [[0, 1], [206, 11346]], ""contingency"": [[0, 1], [2658, 12561]]}",{}
NC00962.3,LEV-0.25-0.9,0.0,GARC1,RUS,LEV,gyrB@D402E,U,{},"{""proportion"": 0.0, ""confidence"": [0.0, 0.7301340512159458], ""p_value"": 1.0, ""solo_contingency"": [[0, 1], [206, 11346]], ""contingency"": [[0, 1], [2658, 12561]]}",{}
NC00962.3,LEV-0.25-0.9,0.0,GARC1,RUS,LEV,gyrA@G477E,U,{},"{""proportion"": 0.0, ""confidence"": [0.0, 0.4741955741575127], ""p_value"": 1.0, ""solo_contingency"": [[0, 3], [206, 11346]], ""contingency"": [[0, 3], [2658, 12559]]}",{}
NC00962.3,LEV-0.25-0.9,0.0,GARC1,RUS,LEV,gyrB@A504T,U,{},"{""proportion"": 0.0, ""confidence"": [0.0, 0.7301340512159458], ""p_value"": 1.0, ""solo_contingency"": [[0, 1], [206, 11346]], ""contingency"": [[6, 2], [2652, 12560]]}",{}
NC00962.3,LEV-0.25-0.9,0.0,GARC1,RUS,LEV,gyrB@c-52t,U,{},"{""proportion"": 0.0, ""confidence"": [0.0, 0.7301340512159458], ""p_value"": 1.0, ""solo_contingency"": [[0, 1], [206, 11346]], ""contingency"": [[0, 1], [2658, 12561]]}",{}
NC00962.3,LEV-0.25-0.9,0.0,GARC1,RUS,LEV,gyrA@I362M,U,{},"{""proportion"": 0.0, ""confidence"": [0.0, 0.7301340512159458], ""p_value"": 1.0, ""solo_contingency"": [[0, 1], [206, 11346]], ""contingency"": [[0, 1], [2658, 12561]]}",{}
NC00962.3,LEV-0.25-0.9,0.0,GARC1,RUS,LEV,gyrA@A662V,U,{},"{""proportion"": 0.0, ""confidence"": [0.0, 0.5749693909936535], ""p_value"": 1.0, ""solo_contingency"": [[0, 2], [206, 11346]], ""contingency"": [[0, 2], [2658, 12560]]}",{}
NC00962.3,LEV-0.25-0.9,0.0,GARC1,RUS,LEV,gyrA@E386V,U,{},"{""proportion"": 0.0, ""confidence"": [0.0, 0.7301340512159458], ""p_value"": 1.0, ""solo_contingency"": [[0, 1], [206, 11346]], ""contingency"": [[0, 1], [2658, 12561]]}",{}
NC00962.3,LEV-0.25-0.9,0.0,GARC1,RUS,LEV,gyrB@g-84a,U,{},"{""proportion"": 0.0, ""confidence"": [0.0, 0.7301340512159458], ""p_value"": 1.0, ""solo_contingency"": [[0, 1], [206, 11346]], ""contingency"": [[0, 1], [2658, 12561]]}",{}
NC00962.3,LEV-0.25-0.9,0.0,GARC1,RUS,LEV,gyrB@E425A,U,{},"{""proportion"": 0.0, ""confidence"": [0.0, 0.7301340512159458], ""p_value"": 1.0, ""solo_contingency"": [[0, 1], [206, 11346]], ""contingency"": [[0, 1], [2658, 12561]]}",{}
NC00962.3,LEV-0.25-0.9,0.0,GARC1,RUS,LEV,gyrA@V516A,U,{},"{""proportion"": 0.0, ""confidence"": [0.0, 0.7301340512159458], ""p_value"": 1.0, ""solo_contingency"": [[0, 1], [206, 11346]], ""contingency"": [[0, 1], [2658, 12561]]}",{}
NC00962.3,LEV-0.25-0.9,0.0,GARC1,RUS,LEV,gyrA@D293Y,U,{},"{""proportion"": 0.0, ""confidence"": [0.0, 0.5749693909936535], ""p_value"": 1.0, ""solo_contingency"": [[0, 2], [206, 11346]], ""contingency"": [[0, 2], [2658, 12560]]}",{}
NC00962.3,LEV-0.25-0.9,0.0,GARC1,RUS,LEV,gyrA@L465Q,U,{},"{""proportion"": 0.0, ""confidence"": [0.0, 0.7301340512159458], ""p_value"": 1.0, ""solo_contingency"": [[0, 1], [206, 11346]], ""contingency"": [[0, 1], [2658, 12561]]}",{}
NC00962.3,LEV-0.25-0.9,0.0,GARC1,RUS,LEV,gyrB@A162S,U,{},"{""proportion"": 0.0, ""confidence"": [0.0, 0.7301340512159458], ""p_value"": 1.0, ""solo_contingency"": [[0, 1], [206, 11346]], ""contingency"": [[0, 1], [2658, 12561]]}",{}
NC00962.3,LEV-0.25-0.9,0.0,GARC1,RUS,LEV,gyrA@D454G,U,{},"{""proportion"": 0.0, ""confidence"": [0.0, 0.7301340512159458], ""p_value"": 1.0, ""solo_contingency"": [[0, 1], [206, 11346]], ""contingency"": [[0, 1], [2658, 12561]]}",{}
NC00962.3,LEV-0.25-0.9,0.0,GARC1,RUS,LEV,gyrB@P578R,U,{},"{""proportion"": 0.0, ""confidence"": [0.0, 0.7301340512159458], ""p_value"": 1.0, ""solo_contingency"": [[0, 1], [206, 11346]], ""contingency"": [[0, 1], [2658, 12561]]}",{}
NC00962.3,LEV-0.25-0.9,0.0,GARC1,RUS,LEV,gyrA@F683L,U,{},"{""proportion"": 0.0, ""confidence"": [0.0, 0.7301340512159458], ""p_value"": 1.0, ""solo_contingency"": [[0, 1], [206, 11346]], ""contingency"": [[0, 1], [2658, 12561]]}",{}
NC00962.3,LEV-0.25-0.9,0.0,GARC1,RUS,LEV,gyrB@D472H,U,{},"{""proportion"": 0.0, ""confidence"": [0.0, 0.7301340512159458], ""p_value"": 1.0, ""solo_contingency"": [[0, 1], [206, 11346]], ""contingency"": [[0, 1], [2658, 12561]]}",{}
NC00962.3,LEV-0.25-0.9,0.0,GARC1,RUS,LEV,gyrA@S588C,U,{},"{""proportion"": 0.0, ""confidence"": [0.0, 0.7301340512159458], ""p_value"": 1.0, ""solo_contingency"": [[0, 1], [206, 11346]], ""contingency"": [[0, 1], [2658, 12561]]}",{}
NC00962.3,LEV-0.25-0.9,0.0,GARC1,RUS,LEV,gyrB@V411M,U,{},"{""proportion"": 0.0, ""confidence"": [0.0, 0.7301340512159458], ""p_value"": 1.0, ""solo_contingency"": [[0, 1], [206, 11346]], ""contingency"": [[0, 1], [2658, 12561]]}",{}
NC00962.3,LEV-0.25-0.9,0.0,GARC1,RUS,LEV,gyrA@L134P,U,{},"{""proportion"": 0.0, ""confidence"": [0.0, 0.7301340512159458], ""p_value"": 1.0, ""solo_contingency"": [[0, 1], [206, 11346]], ""contingency"": [[0, 1], [2658, 12561]]}",{}
NC00962.3,LEV-0.25-0.9,0.0,GARC1,RUS,LEV,gyrB@A305G,U,{},"{""proportion"": 0.0, ""confidence"": [0.0, 0.7301340512159458], ""p_value"": 1.0, ""solo_contingency"": [[0, 1], [206, 11346]], ""contingency"": [[0, 1], [2658, 12561]]}",{}
NC00962.3,LEV-0.25-0.9,0.0,GARC1,RUS,LEV,gyrA@D415N,U,{},"{""proportion"": 0.0, ""confidence"": [0.0, 0.7301340512159458], ""p_value"": 1.0, ""solo_contingency"": [[0, 1], [206, 11346]], ""contingency"": [[0, 1], [2658, 12561]]}",{}
NC00962.3,LEV-0.25-0.9,0.0,GARC1,RUS,LEV,gyrA@V310I,U,{},"{""proportion"": 0.0, ""confidence"": [0.0, 0.7301340512159458], ""p_value"": 1.0, ""solo_contingency"": [[0, 1], [206, 11346]], ""contingency"": [[0, 1], [2658, 12561]]}",{}
NC00962.3,LEV-0.25-0.9,0.0,GARC1,RUS,LEV,gyrA@t-22g,U,{},"{""proportion"": 0.0, ""confidence"": [0.0, 0.7301340512159458], ""p_value"": 1.0, ""solo_contingency"": [[0, 1], [206, 11346]], ""contingency"": [[0, 1], [2658, 12561]]}",{}
NC00962.3,LEV-0.25-0.9,0.0,GARC1,RUS,LEV,gyrA@A343T,U,{},"{""proportion"": 0.0, ""confidence"": [0.0, 0.7301340512159458], ""p_value"": 1.0, ""solo_contingency"": [[0, 1], [206, 11346]], ""contingency"": [[0, 1], [2658, 12561]]}",{}
NC00962.3,LEV-0.25-0.9,0.0,GARC1,RUS,LEV,gyrA@D350Y,U,{},"{""proportion"": 0.0, ""confidence"": [0.0, 0.7301340512159458], ""p_value"": 1.0, ""solo_contingency"": [[0, 1], [206, 11346]], ""contingency"": [[0, 1], [2658, 12561]]}",{}
NC00962.3,LEV-0.25-0.9,0.0,GARC1,RUS,LEV,gyrA@D532A,U,{},"{""proportion"": 0.0, ""confidence"": [0.0, 0.5749693909936535], ""p_value"": 1.0, ""solo_contingency"": [[0, 2], [206, 11346]], ""contingency"": [[0, 2], [2658, 12560]]}",{}
NC00962.3,LEV-0.25-0.9,0.0,GARC1,RUS,LEV,gyrA@M804I,U,{},"{""proportion"": 0.0, ""confidence"": [0.0, 0.7301340512159458], ""p_value"": 1.0, ""solo_contingency"": [[0, 1], [206, 11346]], ""contingency"": [[0, 1], [2658, 12561]]}",{}
NC00962.3,LEV-0.25-0.9,0.0,GARC1,RUS,LEV,gyrA@R495C,U,{},"{""proportion"": 0.0, ""confidence"": [0.0, 0.7301340512159458], ""p_value"": 1.0, ""solo_contingency"": [[0, 1], [206, 11346]], ""contingency"": [[0, 1], [2658, 12561]]}",{}
NC00962.3,LEV-0.25-0.9,0.0,GARC1,RUS,LEV,gyrA@L48R,U,{},"{""proportion"": 0.0, ""confidence"": [0.0, 0.7301340512159458], ""p_value"": 1.0, ""solo_contingency"": [[0, 1], [206, 11346]], ""contingency"": [[0, 1], [2658, 12561]]}",{}
NC00962.3,LEV-0.25-0.9,0.0,GARC1,RUS,LEV,gyrA@R476C,U,{},"{""proportion"": 0.0, ""confidence"": [0.0, 0.7301340512159458], ""p_value"": 1.0, ""solo_contingency"": [[0, 1], [206, 11346]], ""contingency"": [[0, 1], [2658, 12561]]}",{}
NC00962.3,LEV-0.25-0.9,0.0,GARC1,RUS,LEV,gyrA@D488A,U,{},"{""proportion"": 0.0, ""confidence"": [0.0, 0.7301340512159458], ""p_value"": 1.0, ""solo_contingency"": [[0, 1], [206, 11346]], ""contingency"": [[0, 1], [2658, 12561]]}",{}
NC00962.3,LEV-0.25-0.9,0.0,GARC1,RUS,LEV,gyrB@T214I,U,{},"{""proportion"": 0.0, ""confidence"": [0.0, 0.7301340512159458], ""p_value"": 1.0, ""solo_contingency"": [[0, 1], [206, 11346]], ""contingency"": [[0, 1], [2658, 12561]]}",{}
NC00962.3,LEV-0.25-0.9,0.0,GARC1,RUS,LEV,gyrB@E604K,U,{},"{""proportion"": 0.0, ""confidence"": [0.0, 0.7301340512159458], ""p_value"": 1.0, ""solo_contingency"": [[0, 1], [206, 11346]], ""contingency"": [[0, 1], [2658, 12561]]}",{}
NC00962.3,LEV-0.25-0.9,0.0,GARC1,RUS,LEV,gyrB@t-10c,U,{},"{""proportion"": 0.0, ""confidence"": [0.0, 0.7301340512159458], ""p_value"": 1.0, ""solo_contingency"": [[0, 1], [206, 11346]], ""contingency"": [[0, 1], [2658, 12561]]}",{}
NC00962.3,LEV-0.25-0.9,0.0,GARC1,RUS,LEV,gyrB@g-4a,U,{},"{""proportion"": 1.0, ""confidence"": [0.26986594878405434, 1.0000000000000002], ""p_value"": 0.25, ""solo_contingency"": [[1, 0], [206, 11346]], ""contingency"": [[1, 0], [2657, 12562]]}",{}
NC00962.3,LEV-0.25-0.9,0.0,GARC1,RUS,LEV,gyrB@E379G,U,{},"{""proportion"": 0.0, ""confidence"": [0.0, 0.7301340512159458], ""p_value"": 1.0, ""solo_contingency"": [[0, 1], [206, 11346]], ""contingency"": [[0, 1], [2658, 12561]]}",{}
NC00962.3,LEV-0.25-0.9,0.0,GARC1,RUS,LEV,gyrA@R489S,U,{},"{""proportion"": 0.0, ""confidence"": [0.0, 0.7301340512159458], ""p_value"": 1.0, ""solo_contingency"": [[0, 1], [206, 11346]], ""contingency"": [[0, 1], [2658, 12561]]}",{}
NC00962.3,LEV-0.25-0.9,0.0,GARC1,RUS,LEV,gyrA@A456V,U,{},"{""proportion"": 0.0, ""confidence"": [0.0, 0.40347862520270455], ""p_value"": 0.578125, ""solo_contingency"": [[0, 4], [206, 11346]], ""contingency"": [[0, 4], [2658, 12558]]}",{}
NC00962.3,LEV-0.25-0.9,0.0,GARC1,RUS,LEV,gyrA@D367H,U,{},"{""proportion"": 0.0, ""confidence"": [0.0, 0.7301340512159458], ""p_value"": 1.0, ""solo_contingency"": [[0, 1], [206, 11346]], ""contingency"": [[0, 1], [2658, 12561]]}",{}
NC00962.3,LEV-0.25-0.9,0.0,GARC1,RUS,LEV,gyrA@E214D,U,{},"{""proportion"": 0.2, ""confidence"": [0.045962453880603965, 0.5647074465784567], ""p_value"": 1.0, ""solo_contingency"": [[1, 4], [206, 11346]], ""contingency"": [[2, 4], [2656, 12558]]}",{}
NC00962.3,LEV-0.25-0.9,0.0,GARC1,RUS,LEV,gyrB@S576I,U,{},"{""proportion"": 0.0, ""confidence"": [0.0, 0.4741955741575127], ""p_value"": 1.0, ""solo_contingency"": [[0, 3], [206, 11346]], ""contingency"": [[0, 3], [2658, 12559]]}",{}
NC00962.3,LEV-0.25-0.9,0.0,GARC1,RUS,LEV,gyrA@-*_indel,U,{},"{""default_rule"": ""True""}",{}
NC00962.3,LEV-0.25-0.9,0.0,GARC1,RUS,LEV,gyrA@*_indel,U,{},"{""default_rule"": ""True""}",{}
NC00962.3,LEV-0.25-0.9,0.0,GARC1,RUS,LEV,gyrA@-*?,U,{},"{""default_rule"": ""True""}",{}
NC00962.3,LEV-0.25-0.9,0.0,GARC1,RUS,LEV,gyrA@*?,U,{},"{""default_rule"": ""True""}",{}
NC00962.3,LEV-0.25-0.9,0.0,GARC1,RUS,LEV,gyrA@del_0.0,U,{},"{""default_rule"": ""True""}",{}
NC00962.3,LEV-0.25-0.9,0.0,GARC1,RUS,LEV,gyrB@-*_indel,U,{},"{""default_rule"": ""True""}",{}
NC00962.3,LEV-0.25-0.9,0.0,GARC1,RUS,LEV,gyrB@*_indel,U,{},"{""default_rule"": ""True""}",{}
NC00962.3,LEV-0.25-0.9,0.0,GARC1,RUS,LEV,gyrB@-*?,U,{},"{""default_rule"": ""True""}",{}
NC00962.3,LEV-0.25-0.9,0.0,GARC1,RUS,LEV,gyrB@*?,U,{},"{""default_rule"": ""True""}",{}
NC00962.3,LEV-0.25-0.9,0.0,GARC1,RUS,LEV,gyrB@del_0.0,U,{},"{""default_rule"": ""True""}",{}
