GENBANK_REFERENCE,CATALOGUE_NAME,CATALOGUE_VERSION,CATALOGUE_GRAMMAR,PREDICTION_VALUES,DRUG,MUTATION,PREDICTION,SOURCE,EVIDENCE,OTHER
NC00962.3,STM-0.15-0.95,0.0,GARC1,RUS,STM,gid@L16R,S,{},"{""proportion"": 0.02608695652173913, ""confidence"": [0.017124807076439107, 0.03955064930722824], ""p_value"": 7.368060547771053e-32, ""solo_contingency"": [[21, 784], [128, 5390]], ""contingency"": [[537, 1418], [4006, 8419]]}",{}
NC00962.3,STM-0.15-0.95,0.0,GARC1,RUS,STM,gid@E92D,S,{},"{""proportion"": 0.02495075508864084, ""confidence"": [0.01823159488227621, 0.03406031686759353], ""p_value"": 1.8516570070520395e-60, ""solo_contingency"": [[38, 1485], [128, 5390]], ""contingency"": [[2303, 1897], [2240, 7940]]}",{}
NC00962.3,STM-0.15-0.95,0.0,GARC1,RUS,STM,gid@c-11t,S,{},"{""proportion"": 0.02, ""confidence"": [0.003539259271646236, 0.10495443589637815], ""p_value"": 0.00485503689585835, ""solo_contingency"": [[1, 49], [128, 5390]], ""contingency"": [[31, 59], [4512, 9778]]}",{}
NC00962.3,STM-0.15-0.95,0.0,GARC1,RUS,STM,gid@A205T,S,{},"{""proportion"": 0.0, ""confidence"": [1.1962983316807505e-17, 0.1379762046749802], ""p_value"": 0.04010202685492205, ""solo_contingency"": [[0, 24], [128, 5390]], ""contingency"": [[3, 25], [4540, 9812]]}",{}
NC00962.3,STM-0.15-0.95,0.0,GARC1,RUS,STM,rrs@c492t,S,{},"{""proportion"": 0.011049723756906077, ""confidence"": [0.004305179912241726, 0.02806255352853774], ""p_value"": 4.710541672059156e-20, ""solo_contingency"": [[4, 358], [189, 7736]], ""contingency"": [[33, 389], [4510, 9448]]}",{}
NC00962.3,STM-0.15-0.95,0.0,GARC1,RUS,STM,gid@Y195H,S,{},"{""proportion"": 0.013245033112582781, ""confidence"": [0.00363981286206624, 0.0470020428813268], ""p_value"": 1.5858127546757262e-08, ""solo_contingency"": [[2, 149], [189, 7736]], ""contingency"": [[38, 155], [4505, 9682]]}",{}
NC00962.3,STM-0.15-0.95,0.0,GARC1,RUS,STM,rrs@*=,S,{},"{""default_rule"": ""True""}",{}
NC00962.3,STM-0.15-0.95,0.0,GARC1,RUS,STM,rpsL@*=,S,{},"{""default_rule"": ""True""}",{}
NC00962.3,STM-0.15-0.95,0.0,GARC1,RUS,STM,gid@*=,S,{},"{""default_rule"": ""True""}",{}
NC00962.3,STM-0.15-0.95,0.0,GARC1,RUS,STM,gid@48_del_t,R,{},"{""proportion"": 1.0, ""confidence"": [0.4385029682449545, 1.0], ""p_value"": 0.0033749999999999995, ""solo_contingency"": [[3, 0], [195, 8243]], ""contingency"": [[4, 5], [4539, 9832]]}",{}
NC00962.3,STM-0.15-0.95,0.0,GARC1,RUS,STM,gid@Q125!,R,{},"{""proportion"": 0.75, ""confidence"": [0.5050168346449122, 0.8981793250878696], ""p_value"": 1.3021796988343038e-07, ""solo_contingency"": [[12, 4], [195, 8243]], ""contingency"": [[13, 4], [4530, 9833]]}",{}
NC00962.3,STM-0.15-0.95,0.0,GARC1,RUS,STM,gid@351_ins_g,R,{},"{""proportion"": 0.35294117647058826, ""confidence"": [0.1730972039724374, 0.5869963651478131], ""p_value"": 0.03187041873366048, ""solo_contingency"": [[6, 11], [195, 8243]], ""contingency"": [[9, 14], [4534, 9823]]}",{}
NC00962.3,STM-0.15-0.95,0.0,GARC1,RUS,STM,rpsL@K43R,R,{},"{""proportion"": 0.9653779572994806, ""confidence"": [0.9556893527423167, 0.9730079626103569], ""p_value"": 0.0, ""solo_contingency"": [[1673, 60], [195, 8243]], ""contingency"": [[2127, 69], [2416, 9768]]}",{}
NC00962.3,STM-0.15-0.95,0.0,GARC1,RUS,STM,gid@351_del_g,R,{},"{""proportion"": 0.5783132530120482, ""confidence"": [0.4709282330502335, 0.6787698509817465], ""p_value"": 3.373611974360882e-19, ""solo_contingency"": [[48, 35], [195, 8243]], ""contingency"": [[58, 43], [4485, 9794]]}",{}
NC00962.3,STM-0.15-0.95,0.0,GARC1,RUS,STM,gid@E92!,R,{},"{""proportion"": 0.6, ""confidence"": [0.23072428127601285, 0.8823792257673521], ""p_value"": 0.026611875, ""solo_contingency"": [[3, 2], [195, 8243]], ""contingency"": [[3, 2], [4540, 9835]]}",{}
NC00962.3,STM-0.15-0.95,0.0,GARC1,RUS,STM,gid@A138V,R,{},"{""proportion"": 0.6666666666666666, ""confidence"": [0.4670631683813174, 0.8202780967270225], ""p_value"": 1.4336244134043813e-08, ""solo_contingency"": [[16, 8], [195, 8243]], ""contingency"": [[19, 8], [4524, 9829]]}",{}
NC00962.3,STM-0.15-0.95,0.0,GARC1,RUS,STM,gid@R137W,R,{},"{""proportion"": 0.6, ""confidence"": [0.35746830120624606, 0.8017550385865843], ""p_value"": 8.090462458516906e-05, ""solo_contingency"": [[9, 6], [195, 8243]], ""contingency"": [[13, 6], [4530, 9831]]}",{}
NC00962.3,STM-0.15-0.95,0.0,GARC1,RUS,STM,gid@L79S,R,{},"{""proportion"": 0.7096774193548387, ""confidence"": [0.5340767066925007, 0.8390419984369939], ""p_value"": 3.74974174750696e-12, ""solo_contingency"": [[22, 9], [195, 8243]], ""contingency"": [[39, 13], [4504, 9824]]}",{}
NC00962.3,STM-0.15-0.95,0.0,GARC1,RUS,STM,gid@E92G,R,{},"{""proportion"": 0.75, ""confidence"": [0.3006418425824019, 0.9544127391902995], ""p_value"": 0.01198125, ""solo_contingency"": [[3, 1], [195, 8243]], ""contingency"": [[7, 2], [4536, 9835]]}",{}
NC00962.3,STM-0.15-0.95,0.0,GARC1,RUS,STM,gid@S70R,R,{},"{""proportion"": 0.5625, ""confidence"": [0.331785563988119, 0.7690134759450764], ""p_value"": 0.00016020995205059358, ""solo_contingency"": [[9, 7], [195, 8243]], ""contingency"": [[11, 7], [4532, 9830]]}",{}
NC00962.3,STM-0.15-0.95,0.0,GARC1,RUS,STM,gid@115_del_c,R,{},"{""proportion"": 0.5975609756097561, ""confidence"": [0.4893645537689348, 0.6970255684378749], ""p_value"": 2.0274318051895275e-20, ""solo_contingency"": [[49, 33], [195, 8243]], ""contingency"": [[57, 36], [4486, 9801]]}",{}
NC00962.3,STM-0.15-0.95,0.0,GARC1,RUS,STM,gid@G69D,R,{},"{""proportion"": 0.8571428571428571, ""confidence"": [0.6005862050302965, 0.9599060787285351], ""p_value"": 8.765013856201168e-09, ""solo_contingency"": [[12, 2], [195, 8243]], ""contingency"": [[12, 3], [4531, 9834]]}",{}
NC00962.3,STM-0.15-0.95,0.0,GARC1,RUS,STM,gid@102_del_g,R,{},"{""proportion"": 0.5841584158415841, ""confidence"": [0.48668116469928946, 0.6754684294710318], ""p_value"": 1.4673287481359834e-23, ""solo_contingency"": [[59, 42], [195, 8243]], ""contingency"": [[80, 49], [4463, 9788]]}",{}
NC00962.3,STM-0.15-0.95,0.0,GARC1,RUS,STM,gid@S149R,R,{},"{""proportion"": 0.5217391304347826, ""confidence"": [0.32962737336427406, 0.7076284258335335], ""p_value"": 3.4356723900151256e-05, ""solo_contingency"": [[12, 11], [195, 8243]], ""contingency"": [[16, 13], [4527, 9824]]}",{}
NC00962.3,STM-0.15-0.95,0.0,GARC1,RUS,STM,rpsL@K88R,R,{},"{""proportion"": 0.9571106094808126, ""confidence"": [0.9339885419764391, 0.972373193277218], ""p_value"": 0.0, ""solo_contingency"": [[424, 19], [195, 8243]], ""contingency"": [[482, 22], [4061, 9815]]}",{}
NC00962.3,STM-0.15-0.95,0.0,GARC1,RUS,STM,rpsL@K88M,R,{},"{""proportion"": 1.0, ""confidence"": [0.6456695649333126, 1.0], ""p_value"": 1.7085937499999996e-06, ""solo_contingency"": [[7, 0], [195, 8243]], ""contingency"": [[10, 0], [4533, 9837]]}",{}
NC00962.3,STM-0.15-0.95,0.0,GARC1,RUS,STM,gid@H48Y,R,{},"{""proportion"": 0.7142857142857143, ""confidence"": [0.35893445183261935, 0.9177810759959434], ""p_value"": 0.00122164453125, ""solo_contingency"": [[5, 2], [195, 8243]], ""contingency"": [[5, 3], [4538, 9834]]}",{}
NC00962.3,STM-0.15-0.95,0.0,GARC1,RUS,STM,gid@W45!,R,{},"{""proportion"": 0.5454545454545454, ""confidence"": [0.28009153740932197, 0.7872872837754022], ""p_value"": 0.002656863580253906, ""solo_contingency"": [[6, 5], [195, 8243]], ""contingency"": [[7, 5], [4536, 9832]]}",{}
NC00962.3,STM-0.15-0.95,0.0,GARC1,RUS,STM,gid@S70G,R,{},"{""proportion"": 0.75, ""confidence"": [0.3006418425824019, 0.9544127391902995], ""p_value"": 0.01198125, ""solo_contingency"": [[3, 1], [195, 8243]], ""contingency"": [[3, 1], [4540, 9836]]}",{}
NC00962.3,STM-0.15-0.95,0.0,GARC1,RUS,STM,rrs@c517t,R,{},"{""proportion"": 0.8451612903225807, ""confidence"": [0.8006917590849972, 0.8811811865867978], ""p_value"": 3.85368272326082e-163, ""solo_contingency"": [[262, 48], [195, 8243]], ""contingency"": [[319, 50], [4224, 9787]]}",{}
NC00962.3,STM-0.15-0.95,0.0,GARC1,RUS,STM,gid@V202G,R,{},"{""proportion"": 1.0, ""confidence"": [0.3423802275066531, 1.0], ""p_value"": 0.0225, ""solo_contingency"": [[2, 0], [195, 8243]], ""contingency"": [[3, 0], [4540, 9837]]}",{}
NC00962.3,STM-0.15-0.95,0.0,GARC1,RUS,STM,gid@G117R,R,{},"{""proportion"": 0.7142857142857143, ""confidence"": [0.35893445183261935, 0.9177810759959434], ""p_value"": 0.00122164453125, ""solo_contingency"": [[5, 2], [195, 8243]], ""contingency"": [[8, 2], [4535, 9835]]}",{}
NC00962.3,STM-0.15-0.95,0.0,GARC1,RUS,STM,gid@A138P,R,{},"{""proportion"": 0.8, ""confidence"": [0.37553462976252533, 0.9637758913675698], ""p_value"": 0.0022275, ""solo_contingency"": [[4, 1], [195, 8243]], ""contingency"": [[4, 1], [4539, 9836]]}",{}
NC00962.3,STM-0.15-0.95,0.0,GARC1,RUS,STM,gid@258_ins_g,R,{},"{""proportion"": 1.0, ""confidence"": [0.3423802275066531, 1.0], ""p_value"": 0.0225, ""solo_contingency"": [[2, 0], [195, 8243]], ""contingency"": [[2, 0], [4541, 9837]]}",{}
NC00962.3,STM-0.15-0.95,0.0,GARC1,RUS,STM,gid@H48N,R,{},"{""proportion"": 0.5555555555555556, ""confidence"": [0.26665129349549305, 0.8112214789023354], ""p_value"": 0.005628663105468748, ""solo_contingency"": [[5, 4], [195, 8243]], ""contingency"": [[7, 5], [4536, 9832]]}",{}
NC00962.3,STM-0.15-0.95,0.0,GARC1,RUS,STM,gid@V135G,R,{},"{""proportion"": 1.0, ""confidence"": [0.3423802275066531, 1.0], ""p_value"": 0.0225, ""solo_contingency"": [[2, 0], [195, 8243]], ""contingency"": [[2, 0], [4541, 9837]]}",{}
NC00962.3,STM-0.15-0.95,0.0,GARC1,RUS,STM,gid@L79W,R,{},"{""proportion"": 0.7894736842105263, ""confidence"": [0.5666572155618583, 0.9149232336708374], ""p_value"": 9.263181630850634e-10, ""solo_contingency"": [[15, 4], [195, 8243]], ""contingency"": [[19, 5], [4524, 9832]]}",{}
NC00962.3,STM-0.15-0.95,0.0,GARC1,RUS,STM,gid@E40Q,R,{},"{""proportion"": 1.0, ""confidence"": [0.3423802275066531, 1.0], ""p_value"": 0.0225, ""solo_contingency"": [[2, 0], [195, 8243]], ""contingency"": [[2, 0], [4541, 9837]]}",{}
NC00962.3,STM-0.15-0.95,0.0,GARC1,RUS,STM,gid@P75S,R,{},"{""proportion"": 0.4074074074074074, ""confidence"": [0.24514757074395555, 0.592732990319353], ""p_value"": 0.0010828330024232461, ""solo_contingency"": [[11, 16], [195, 8243]], ""contingency"": [[18, 20], [4525, 9817]]}",{}
NC00962.3,STM-0.15-0.95,0.0,GARC1,RUS,STM,gid@165_ins_atc,R,{},"{""proportion"": 1.0, ""confidence"": [0.3423802275066531, 1.0], ""p_value"": 0.0225, ""solo_contingency"": [[2, 0], [195, 8243]], ""contingency"": [[2, 0], [4541, 9837]]}",{}
NC00962.3,STM-0.15-0.95,0.0,GARC1,RUS,STM,rrs@a514c,R,{},"{""proportion"": 0.95, ""confidence"": [0.9044490208244799, 0.9744494035211655], ""p_value"": 1.430426597705541e-113, ""solo_contingency"": [[152, 8], [195, 8243]], ""contingency"": [[258, 12], [4285, 9825]]}",{}
NC00962.3,STM-0.15-0.95,0.0,GARC1,RUS,STM,gid@227_del_g,R,{},"{""proportion"": 0.8, ""confidence"": [0.37553462976252533, 0.9637758913675698], ""p_value"": 0.0022275, ""solo_contingency"": [[4, 1], [195, 8243]], ""contingency"": [[4, 1], [4539, 9836]]}",{}
NC00962.3,STM-0.15-0.95,0.0,GARC1,RUS,STM,gid@G37E,R,{},"{""proportion"": 1.0, ""confidence"": [0.4385029682449545, 1.0], ""p_value"": 0.0033749999999999995, ""solo_contingency"": [[3, 0], [195, 8243]], ""contingency"": [[3, 0], [4540, 9837]]}",{}
NC00962.3,STM-0.15-0.95,0.0,GARC1,RUS,STM,gid@A161D,R,{},"{""proportion"": 1.0, ""confidence"": [0.3423802275066531, 1.0], ""p_value"": 0.0225, ""solo_contingency"": [[2, 0], [195, 8243]], ""contingency"": [[2, 0], [4541, 9837]]}",{}
NC00962.3,STM-0.15-0.95,0.0,GARC1,RUS,STM,gid@L86P,R,{},"{""proportion"": 0.6, ""confidence"": [0.23072428127601285, 0.8823792257673521], ""p_value"": 0.026611875, ""solo_contingency"": [[3, 2], [195, 8243]], ""contingency"": [[3, 2], [4540, 9835]]}",{}
NC00962.3,STM-0.15-0.95,0.0,GARC1,RUS,STM,gid@A119D,R,{},"{""proportion"": 0.5, ""confidence"": [0.1876163064826506, 0.8123836935173494], ""p_value"": 0.047338593750000005, ""solo_contingency"": [[3, 3], [195, 8243]], ""contingency"": [[3, 3], [4540, 9834]]}",{}
NC00962.3,STM-0.15-0.95,0.0,GARC1,RUS,STM,rrs@a907t,R,{},"{""proportion"": 1.0, ""confidence"": [0.3423802275066531, 1.0], ""p_value"": 0.0225, ""solo_contingency"": [[2, 0], [195, 8243]], ""contingency"": [[3, 0], [4540, 9837]]}",{}
NC00962.3,STM-0.15-0.95,0.0,GARC1,RUS,STM,rpsL@K88Q,R,{},"{""proportion"": 0.6, ""confidence"": [0.3126737697336583, 0.8318196702937638], ""p_value"": 0.0013832352123046873, ""solo_contingency"": [[6, 4], [195, 8243]], ""contingency"": [[9, 4], [4534, 9833]]}",{}
NC00962.3,STM-0.15-0.95,0.0,GARC1,RUS,STM,gid@L91P,R,{},"{""proportion"": 0.75, ""confidence"": [0.3006418425824019, 0.9544127391902995], ""p_value"": 0.01198125, ""solo_contingency"": [[3, 1], [195, 8243]], ""contingency"": [[3, 1], [4540, 9836]]}",{}
NC00962.3,STM-0.15-0.95,0.0,GARC1,RUS,STM,gid@G34V,R,{},"{""proportion"": 0.75, ""confidence"": [0.3006418425824019, 0.9544127391902995], ""p_value"": 0.01198125, ""solo_contingency"": [[3, 1], [195, 8243]], ""contingency"": [[3, 1], [4540, 9836]]}",{}
NC00962.3,STM-0.15-0.95,0.0,GARC1,RUS,STM,gid@507_ins_aaaggcgagcgggctcacgac,R,{},"{""proportion"": 0.75, ""confidence"": [0.3006418425824019, 0.9544127391902995], ""p_value"": 0.01198125, ""solo_contingency"": [[3, 1], [195, 8243]], ""contingency"": [[3, 1], [4540, 9836]]}",{}
NC00962.3,STM-0.15-0.95,0.0,GARC1,RUS,STM,gid@E40K,R,{},"{""proportion"": 1.0, ""confidence"": [0.3423802275066531, 1.0], ""p_value"": 0.0225, ""solo_contingency"": [[2, 0], [195, 8243]], ""contingency"": [[2, 0], [4541, 9837]]}",{}
NC00962.3,STM-0.15-0.95,0.0,GARC1,RUS,STM,gid@342_del_c,R,{},"{""proportion"": 1.0, ""confidence"": [0.3423802275066531, 1.0], ""p_value"": 0.0225, ""solo_contingency"": [[2, 0], [195, 8243]], ""contingency"": [[2, 0], [4541, 9837]]}",{}
NC00962.3,STM-0.15-0.95,0.0,GARC1,RUS,STM,gid@A82P,R,{},"{""proportion"": 0.75, ""confidence"": [0.3006418425824019, 0.9544127391902995], ""p_value"": 0.01198125, ""solo_contingency"": [[3, 1], [195, 8243]], ""contingency"": [[5, 1], [4538, 9836]]}",{}
NC00962.3,STM-0.15-0.95,0.0,GARC1,RUS,STM,gid@574_del_gg,R,{},"{""proportion"": 1.0, ""confidence"": [0.5101091635454027, 1.0], ""p_value"": 0.00050625, ""solo_contingency"": [[4, 0], [195, 8243]], ""contingency"": [[4, 0], [4539, 9837]]}",{}
NC00962.3,STM-0.15-0.95,0.0,GARC1,RUS,STM,gid@H48P,R,{},"{""proportion"": 1.0, ""confidence"": [0.3423802275066531, 1.0], ""p_value"": 0.0225, ""solo_contingency"": [[2, 0], [195, 8243]], ""contingency"": [[2, 0], [4541, 9837]]}",{}
NC00962.3,STM-0.15-0.95,0.0,GARC1,RUS,STM,gid@D67H,R,{},"{""proportion"": 1.0, ""confidence"": [0.4385029682449545, 1.0], ""p_value"": 0.0033749999999999995, ""solo_contingency"": [[3, 0], [195, 8243]], ""contingency"": [[3, 1], [4540, 9836]]}",{}
NC00962.3,STM-0.15-0.95,0.0,GARC1,RUS,STM,gid@V77G,R,{},"{""proportion"": 0.45652173913043476, ""confidence"": [0.3215473378228458, 0.5981981894019872], ""p_value"": 7.414495944007582e-07, ""solo_contingency"": [[21, 25], [195, 8243]], ""contingency"": [[24, 31], [4519, 9806]]}",{}
NC00962.3,STM-0.15-0.95,0.0,GARC1,RUS,STM,gid@G73A,R,{},"{""proportion"": 0.8, ""confidence"": [0.6086904963045967, 0.9113941531319742], ""p_value"": 8.179165052254083e-13, ""solo_contingency"": [[20, 5], [195, 8243]], ""contingency"": [[26, 8], [4517, 9829]]}",{}
NC00962.3,STM-0.15-0.95,0.0,GARC1,RUS,STM,gid@D67G,R,{},"{""proportion"": 0.4444444444444444, ""confidence"": [0.18877852109766458, 0.7333487065045069], ""p_value"": 0.03393151572656249, ""solo_contingency"": [[4, 5], [195, 8243]], ""contingency"": [[38, 6], [4505, 9831]]}",{}
NC00962.3,STM-0.15-0.95,0.0,GARC1,RUS,STM,gid@R97H,R,{},"{""proportion"": 1.0, ""confidence"": [0.3423802275066531, 1.0], ""p_value"": 0.0225, ""solo_contingency"": [[2, 0], [195, 8243]], ""contingency"": [[3, 0], [4540, 9837]]}",{}
NC00962.3,STM-0.15-0.95,0.0,GARC1,RUS,STM,gid@P84L,R,{},"{""proportion"": 0.8369565217391305, ""confidence"": [0.7482715701531195, 0.8986301022848311], ""p_value"": 2.1459163903716176e-48, ""solo_contingency"": [[77, 15], [195, 8243]], ""contingency"": [[81, 17], [4462, 9820]]}",{}
NC00962.3,STM-0.15-0.95,0.0,GARC1,RUS,STM,gid@R47W,R,{},"{""proportion"": 0.6666666666666666, ""confidence"": [0.299993315138392, 0.9032285888942195], ""p_value"": 0.00588515625, ""solo_contingency"": [[4, 2], [195, 8243]], ""contingency"": [[5, 2], [4538, 9835]]}",{}
NC00962.3,STM-0.15-0.95,0.0,GARC1,RUS,STM,gid@41_del_c,R,{},"{""proportion"": 1.0, ""confidence"": [0.4385029682449545, 1.0], ""p_value"": 0.0033749999999999995, ""solo_contingency"": [[3, 0], [195, 8243]], ""contingency"": [[3, 0], [4540, 9837]]}",{}
NC00962.3,STM-0.15-0.95,0.0,GARC1,RUS,STM,gid@R96L,R,{},"{""proportion"": 0.5, ""confidence"": [0.1876163064826506, 0.8123836935173494], ""p_value"": 0.047338593750000005, ""solo_contingency"": [[3, 3], [195, 8243]], ""contingency"": [[5, 4], [4538, 9833]]}",{}
NC00962.3,STM-0.15-0.95,0.0,GARC1,RUS,STM,gid@Q127!,R,{},"{""proportion"": 0.5, ""confidence"": [0.1876163064826506, 0.8123836935173494], ""p_value"": 0.047338593750000005, ""solo_contingency"": [[3, 3], [195, 8243]], ""contingency"": [[4, 3], [4539, 9834]]}",{}
NC00962.3,STM-0.15-0.95,0.0,GARC1,RUS,STM,rpsL@K88T,R,{},"{""proportion"": 1.0, ""confidence"": [0.4385029682449545, 1.0], ""p_value"": 0.0033749999999999995, ""solo_contingency"": [[3, 0], [195, 8243]], ""contingency"": [[41, 0], [4502, 9837]]}",{}
NC00962.3,STM-0.15-0.95,0.0,GARC1,RUS,STM,rrs@a514t,R,{},"{""proportion"": 0.9090909090909091, ""confidence"": [0.6226415635484044, 0.9837678271141151], ""p_value"": 5.478178710937498e-08, ""solo_contingency"": [[10, 1], [195, 8243]], ""contingency"": [[10, 1], [4533, 9836]]}",{}
NC00962.3,STM-0.15-0.95,0.0,GARC1,RUS,STM,gid@L26F,R,{},"{""proportion"": 0.6, ""confidence"": [0.23072428127601285, 0.8823792257673521], ""p_value"": 0.026611875, ""solo_contingency"": [[3, 2], [195, 8243]], ""contingency"": [[3, 2], [4540, 9835]]}",{}
NC00962.3,STM-0.15-0.95,0.0,GARC1,RUS,STM,gid@V77A,R,{},"{""proportion"": 0.5, ""confidence"": [0.236593090512564, 0.763406909487436], ""p_value"": 0.009874090998632812, ""solo_contingency"": [[5, 5], [195, 8243]], ""contingency"": [[8, 5], [4535, 9832]]}",{}
NC00962.3,STM-0.15-0.95,0.0,GARC1,RUS,STM,gid@L26!,R,{},"{""proportion"": 1.0, ""confidence"": [0.3423802275066531, 1.0], ""p_value"": 0.0225, ""solo_contingency"": [[2, 0], [195, 8243]], ""contingency"": [[2, 0], [4541, 9837]]}",{}
NC00962.3,STM-0.15-0.95,0.0,GARC1,RUS,STM,gid@518_ins_a,R,{},"{""proportion"": 1.0, ""confidence"": [0.4385029682449545, 1.0], ""p_value"": 0.0033749999999999995, ""solo_contingency"": [[3, 0], [195, 8243]], ""contingency"": [[4, 0], [4539, 9837]]}",{}
NC00962.3,STM-0.15-0.95,0.0,GARC1,RUS,STM,gid@E60!,R,{},"{""proportion"": 0.75, ""confidence"": [0.3006418425824019, 0.9544127391902995], ""p_value"": 0.01198125, ""solo_contingency"": [[3, 1], [195, 8243]], ""contingency"": [[3, 1], [4540, 9836]]}",{}
NC00962.3,STM-0.15-0.95,0.0,GARC1,RUS,STM,gid@L35P,R,{},"{""proportion"": 1.0, ""confidence"": [0.3423802275066531, 1.0], ""p_value"": 0.0225, ""solo_contingency"": [[2, 0], [195, 8243]], ""contingency"": [[4, 3], [4539, 9834]]}",{}
NC00962.3,STM-0.15-0.95,0.0,GARC1,RUS,STM,gid@R137P,R,{},"{""proportion"": 0.6, ""confidence"": [0.23072428127601285, 0.8823792257673521], ""p_value"": 0.026611875, ""solo_contingency"": [[3, 2], [195, 8243]], ""contingency"": [[4, 2], [4539, 9835]]}",{}
NC00962.3,STM-0.15-0.95,0.0,GARC1,RUS,STM,gid@E170!,R,{},"{""proportion"": 1.0, ""confidence"": [0.3423802275066531, 1.0], ""p_value"": 0.0225, ""solo_contingency"": [[2, 0], [195, 8243]], ""contingency"": [[4, 0], [4539, 9837]]}",{}
NC00962.3,STM-0.15-0.95,0.0,GARC1,RUS,STM,gid@G117E,R,{},"{""proportion"": 0.75, ""confidence"": [0.3006418425824019, 0.9544127391902995], ""p_value"": 0.01198125, ""solo_contingency"": [[3, 1], [195, 8243]], ""contingency"": [[3, 1], [4540, 9836]]}",{}
NC00962.3,STM-0.15-0.95,0.0,GARC1,RUS,STM,gid@R102P,R,{},"{""proportion"": 0.75, ""confidence"": [0.3006418425824019, 0.9544127391902995], ""p_value"": 0.01198125, ""solo_contingency"": [[3, 1], [195, 8243]], ""contingency"": [[3, 1], [4540, 9836]]}",{}
NC00962.3,STM-0.15-0.95,0.0,GARC1,RUS,STM,gid@R96P,R,{},"{""proportion"": 1.0, ""confidence"": [0.3423802275066531, 1.0], ""p_value"": 0.0225, ""solo_contingency"": [[2, 0], [195, 8243]], ""contingency"": [[2, 0], [4541, 9837]]}",{}
NC00962.3,STM-0.15-0.95,0.0,GARC1,RUS,STM,gid@E40G,R,{},"{""proportion"": 1.0, ""confidence"": [0.3423802275066531, 1.0], ""p_value"": 0.0225, ""solo_contingency"": [[2, 0], [195, 8243]], ""contingency"": [[2, 0], [4541, 9837]]}",{}
NC00962.3,STM-0.15-0.95,0.0,GARC1,RUS,STM,gid@L160R,R,{},"{""proportion"": 1.0, ""confidence"": [0.3423802275066531, 1.0], ""p_value"": 0.0225, ""solo_contingency"": [[2, 0], [195, 8243]], ""contingency"": [[3, 0], [4540, 9837]]}",{}
NC00962.3,STM-0.15-0.95,0.0,GARC1,RUS,STM,gid@D85A,R,{},"{""proportion"": 1.0, ""confidence"": [0.5101091635454027, 1.0], ""p_value"": 0.00050625, ""solo_contingency"": [[4, 0], [195, 8243]], ""contingency"": [[4, 0], [4539, 9837]]}",{}
NC00962.3,STM-0.15-0.95,0.0,GARC1,RUS,STM,gid@A133P,R,{},"{""proportion"": 0.6, ""confidence"": [0.23072428127601285, 0.8823792257673521], ""p_value"": 0.026611875, ""solo_contingency"": [[3, 2], [195, 8243]], ""contingency"": [[3, 2], [4540, 9835]]}",{}
NC00962.3,STM-0.15-0.95,0.0,GARC1,RUS,STM,gid@A200E,R,{},"{""proportion"": 0.6, ""confidence"": [0.23072428127601285, 0.8823792257673521], ""p_value"": 0.026611875, ""solo_contingency"": [[3, 2], [195, 8243]], ""contingency"": [[3, 2], [4540, 9835]]}",{}
NC00962.3,STM-0.15-0.95,0.0,GARC1,RUS,STM,gid@A134E,R,{},"{""proportion"": 0.9090909090909091, ""confidence"": [0.6226415635484044, 0.9837678271141151], ""p_value"": 5.478178710937498e-08, ""solo_contingency"": [[10, 1], [195, 8243]], ""contingency"": [[11, 1], [4532, 9836]]}",{}
NC00962.3,STM-0.15-0.95,0.0,GARC1,RUS,STM,rrs@g878a,R,{},"{""proportion"": 0.8421052631578947, ""confidence"": [0.6243452472967093, 0.9447952836146586], ""p_value"": 4.032910772690732e-11, ""solo_contingency"": [[16, 3], [195, 8243]], ""contingency"": [[27, 3], [4516, 9834]]}",{}
NC00962.3,STM-0.15-0.95,0.0,GARC1,RUS,STM,gid@E92K,R,{},"{""proportion"": 1.0, ""confidence"": [0.3423802275066531, 1.0], ""p_value"": 0.0225, ""solo_contingency"": [[2, 0], [195, 8243]], ""contingency"": [[3, 0], [4540, 9837]]}",{}
NC00962.3,STM-0.15-0.95,0.0,GARC1,RUS,STM,rrs@c905a,R,{},"{""proportion"": 1.0, ""confidence"": [0.5101091635454027, 1.0], ""p_value"": 0.00050625, ""solo_contingency"": [[4, 0], [195, 8243]], ""contingency"": [[4, 0], [4539, 9837]]}",{}
NC00962.3,STM-0.15-0.95,0.0,GARC1,RUS,STM,gid@L35R,R,{},"{""proportion"": 0.6, ""confidence"": [0.23072428127601285, 0.8823792257673521], ""p_value"": 0.026611875, ""solo_contingency"": [[3, 2], [195, 8243]], ""contingency"": [[3, 2], [4540, 9835]]}",{}
NC00962.3,STM-0.15-0.95,0.0,GARC1,RUS,STM,gid@A138T,R,{},"{""proportion"": 1.0, ""confidence"": [0.3423802275066531, 1.0], ""p_value"": 0.0225, ""solo_contingency"": [[2, 0], [195, 8243]], ""contingency"": [[2, 0], [4541, 9837]]}",{}
NC00962.3,STM-0.15-0.95,0.0,GARC1,RUS,STM,gid@G157R,R,{},"{""proportion"": 0.5714285714285714, ""confidence"": [0.2504583645276572, 0.8417801447485304], ""p_value"": 0.012103171874999999, ""solo_contingency"": [[4, 3], [195, 8243]], ""contingency"": [[4, 3], [4539, 9834]]}",{}
NC00962.3,STM-0.15-0.95,0.0,GARC1,RUS,STM,gid@P75L,R,{},"{""proportion"": 0.6666666666666666, ""confidence"": [0.299993315138392, 0.9032285888942195], ""p_value"": 0.00588515625, ""solo_contingency"": [[4, 2], [195, 8243]], ""contingency"": [[4, 2], [4539, 9835]]}",{}
NC00962.3,STM-0.15-0.95,0.0,GARC1,RUS,STM,gid@A138E,R,{},"{""proportion"": 0.6, ""confidence"": [0.23072428127601285, 0.8823792257673521], ""p_value"": 0.026611875, ""solo_contingency"": [[3, 2], [195, 8243]], ""contingency"": [[4, 2], [4539, 9835]]}",{}
NC00962.3,STM-0.15-0.95,0.0,GARC1,RUS,STM,gid@P75R,R,{},"{""proportion"": 1.0, ""confidence"": [0.6755924351161198, 1.0], ""p_value"": 2.562890624999999e-07, ""solo_contingency"": [[8, 0], [195, 8243]], ""contingency"": [[9, 0], [4534, 9837]]}",{}
NC00962.3,STM-0.15-0.95,0.0,GARC1,RUS,STM,gid@G117V,R,{},"{""proportion"": 1.0, ""confidence"": [0.4385029682449545, 1.0], ""p_value"": 0.0033749999999999995, ""solo_contingency"": [[3, 0], [195, 8243]], ""contingency"": [[3, 0], [4540, 9837]]}",{}
NC00962.3,STM-0.15-0.95,0.0,GARC1,RUS,STM,gid@L74S,R,{},"{""proportion"": 0.6, ""confidence"": [0.23072428127601285, 0.8823792257673521], ""p_value"": 0.026611875, ""solo_contingency"": [[3, 2], [195, 8243]], ""contingency"": [[3, 2], [4540, 9835]]}",{}
NC00962.3,STM-0.15-0.95,0.0,GARC1,RUS,STM,gid@G71R,R,{},"{""proportion"": 1.0, ""confidence"": [0.3423802275066531, 1.0], ""p_value"": 0.0225, ""solo_contingency"": [[2, 0], [195, 8243]], ""contingency"": [[4, 0], [4539, 9837]]}",{}
NC00962.3,STM-0.15-0.95,0.0,GARC1,RUS,STM,gid@26_del_ctgcgatcttcggaccgcggcttggccttgctcggcggtacgccgaagcgt,R,{},"{""proportion"": 1.0, ""confidence"": [0.3423802275066531, 1.0], ""p_value"": 0.0225, ""solo_contingency"": [[2, 0], [195, 8243]], ""contingency"": [[2, 0], [4541, 9837]]}",{}
NC00962.3,STM-0.15-0.95,0.0,GARC1,RUS,STM,gid@562_ins_g,R,{},"{""proportion"": 1.0, ""confidence"": [0.3423802275066531, 1.0], ""p_value"": 0.0225, ""solo_contingency"": [[2, 0], [195, 8243]], ""contingency"": [[2, 0], [4541, 9837]]}",{}
NC00962.3,STM-0.15-0.95,0.0,GARC1,RUS,STM,gid@L50R,R,{},"{""proportion"": 0.425, ""confidence"": [0.28509392559950375, 0.5780493145800892], ""p_value"": 2.6673872571900016e-05, ""solo_contingency"": [[17, 23], [195, 8243]], ""contingency"": [[22, 24], [4521, 9813]]}",{}
NC00962.3,STM-0.15-0.95,0.0,GARC1,RUS,STM,gid@180_del_a,R,{},"{""proportion"": 0.625, ""confidence"": [0.38641040545502725, 0.8151876744113636], ""p_value"": 1.9222703223172175e-05, ""solo_contingency"": [[10, 6], [195, 8243]], ""contingency"": [[10, 7], [4533, 9830]]}",{}
NC00962.3,STM-0.15-0.95,0.0,GARC1,RUS,STM,gid@R118S,R,{},"{""proportion"": 0.5, ""confidence"": [0.1876163064826506, 0.8123836935173494], ""p_value"": 0.047338593750000005, ""solo_contingency"": [[3, 3], [195, 8243]], ""contingency"": [[3, 3], [4540, 9834]]}",{}
NC00962.3,STM-0.15-0.95,0.0,GARC1,RUS,STM,gid@V110A,R,{},"{""proportion"": 1.0, ""confidence"": [0.3423802275066531, 1.0], ""p_value"": 0.0225, ""solo_contingency"": [[2, 0], [195, 8243]], ""contingency"": [[3, 0], [4540, 9837]]}",{}
NC00962.3,STM-0.15-0.95,0.0,GARC1,RUS,STM,gid@161_del_tgatcggtgagctcctcgaacgcggtgaccgggtcgtggatatcggtagcggagccgggttgccgggcgtgccattggcgatagcgcggccggacctccaggtagttctcctagaaccgctactgcgccg,R,{},"{""proportion"": 0.46153846153846156, ""confidence"": [0.23206067809538303, 0.7085620428549398], ""p_value"": 0.007533647250101364, ""solo_contingency"": [[6, 7], [195, 8243]], ""contingency"": [[13, 8], [4530, 9829]]}",{}
NC00962.3,STM-0.15-0.95,0.0,GARC1,RUS,STM,rrs@c513t,R,{},"{""proportion"": 1.0, ""confidence"": [0.3423802275066531, 1.0], ""p_value"": 0.0225, ""solo_contingency"": [[2, 0], [195, 8243]], ""contingency"": [[3, 0], [4540, 9837]]}",{}
NC00962.3,STM-0.15-0.95,0.0,GARC1,RUS,STM,rrs@a907c,R,{},"{""proportion"": 1.0, ""confidence"": [0.3423802275066531, 1.0], ""p_value"": 0.0225, ""solo_contingency"": [[2, 0], [195, 8243]], ""contingency"": [[2, 0], [4541, 9837]]}",{}
NC00962.3,STM-0.15-0.95,0.0,GARC1,RUS,STM,gid@V105E,R,{},"{""proportion"": 1.0, ""confidence"": [0.4385029682449545, 1.0], ""p_value"": 0.0033749999999999995, ""solo_contingency"": [[3, 0], [195, 8243]], ""contingency"": [[3, 0], [4540, 9837]]}",{}
NC00962.3,STM-0.15-0.95,0.0,GARC1,RUS,STM,gid@R83Q,R,{},"{""proportion"": 1.0, ""confidence"": [0.3423802275066531, 1.0], ""p_value"": 0.0225, ""solo_contingency"": [[2, 0], [195, 8243]], ""contingency"": [[2, 0], [4541, 9837]]}",{}
NC00962.3,STM-0.15-0.95,0.0,GARC1,RUS,STM,gid@-33_del_t,R,{},"{""proportion"": 0.5714285714285714, ""confidence"": [0.2504583645276572, 0.8417801447485304], ""p_value"": 0.012103171874999999, ""solo_contingency"": [[4, 3], [195, 8243]], ""contingency"": [[4, 4], [4539, 9833]]}",{}
NC00962.3,STM-0.15-0.95,0.0,GARC1,RUS,STM,rpsL@I16V,U,{},"{""proportion"": 0.0, ""confidence"": [4.8683609171202235e-17, 0.5614970317550455], ""p_value"": 1.0, ""solo_contingency"": [[0, 3], [195, 8243]], ""contingency"": [[0, 3], [4543, 9834]]}",{}
NC00962.3,STM-0.15-0.95,0.0,GARC1,RUS,STM,rpsL@c-77t,U,{},"{""proportion"": 0.0, ""confidence"": [0.0, 0.6576197724933469], ""p_value"": 1.0, ""solo_contingency"": [[0, 2], [195, 8243]], ""contingency"": [[0, 2], [4543, 9835]]}",{}
NC00962.3,STM-0.15-0.95,0.0,GARC1,RUS,STM,rrs@a1278g,U,{},"{""proportion"": 0.0, ""confidence"": [0.0, 0.43448246478317476], ""p_value"": 1.0, ""solo_contingency"": [[0, 5], [195, 8243]], ""contingency"": [[0, 6], [4543, 9831]]}",{}
NC00962.3,STM-0.15-0.95,0.0,GARC1,RUS,STM,rrs@g1446a,U,{},"{""proportion"": 0.0, ""confidence"": [0.0, 0.6576197724933469], ""p_value"": 1.0, ""solo_contingency"": [[0, 2], [195, 8243]], ""contingency"": [[0, 2], [4543, 9835]]}",{}
NC00962.3,STM-0.15-0.95,0.0,GARC1,RUS,STM,gid@!225C,U,{},"{""proportion"": 0.0, ""confidence"": [0.0, 0.32440756488388023], ""p_value"": 0.6153074940625001, ""solo_contingency"": [[0, 8], [195, 8243]], ""contingency"": [[0, 11], [4543, 9826]]}",{}
NC00962.3,STM-0.15-0.95,0.0,GARC1,RUS,STM,gid@P3S,U,{},"{""proportion"": 0.0, ""confidence"": [0.0, 0.6576197724933469], ""p_value"": 1.0, ""solo_contingency"": [[0, 2], [195, 8243]], ""contingency"": [[1, 2], [4542, 9835]]}",{}
NC00962.3,STM-0.15-0.95,0.0,GARC1,RUS,STM,rrs@c1160g,U,{},"{""proportion"": 0.0, ""confidence"": [0.0, 0.7934506856227626], ""p_value"": 1.0, ""solo_contingency"": [[0, 1], [195, 8243]], ""contingency"": [[0, 1], [4543, 9836]]}",{}
NC00962.3,STM-0.15-0.95,0.0,GARC1,RUS,STM,rrs@g1207a,U,{},"{""proportion"": 0.0, ""confidence"": [0.0, 0.7934506856227626], ""p_value"": 1.0, ""solo_contingency"": [[0, 1], [195, 8243]], ""contingency"": [[0, 1], [4543, 9836]]}",{}
NC00962.3,STM-0.15-0.95,0.0,GARC1,RUS,STM,gid@P199A,U,{},"{""proportion"": 0.0, ""confidence"": [0.0, 0.4898908364545973], ""p_value"": 1.0, ""solo_contingency"": [[0, 4], [195, 8243]], ""contingency"": [[0, 4], [4543, 9833]]}",{}
NC00962.3,STM-0.15-0.95,0.0,GARC1,RUS,STM,gid@A10P,U,{},"{""proportion"": 0.0, ""confidence"": [2.1779500349382702e-17, 0.2153108027376358], ""p_value"": 0.24927729090292916, ""solo_contingency"": [[0, 14], [195, 8243]], ""contingency"": [[5, 17], [4538, 9820]]}",{}
NC00962.3,STM-0.15-0.95,0.0,GARC1,RUS,STM,rrs@t16c,U,{},"{""proportion"": 1.0, ""confidence"": [0.20654931437723742, 1.0], ""p_value"": 0.15, ""solo_contingency"": [[1, 0], [195, 8243]], ""contingency"": [[2, 0], [4541, 9837]]}",{}
NC00962.3,STM-0.15-0.95,0.0,GARC1,RUS,STM,gid@E40A,U,{},"{""proportion"": 0.0, ""confidence"": [0.0, 0.6576197724933469], ""p_value"": 1.0, ""solo_contingency"": [[0, 2], [195, 8243]], ""contingency"": [[0, 2], [4543, 9835]]}",{}
NC00962.3,STM-0.15-0.95,0.0,GARC1,RUS,STM,gid@R102L,U,{},"{""proportion"": 0.0, ""confidence"": [0.0, 0.7934506856227626], ""p_value"": 1.0, ""solo_contingency"": [[0, 1], [195, 8243]], ""contingency"": [[0, 1], [4543, 9836]]}",{}
NC00962.3,STM-0.15-0.95,0.0,GARC1,RUS,STM,gid@R154P,U,{},"{""proportion"": 0.16666666666666666, ""confidence"": [0.04696514218385378, 0.44803086225297345], ""p_value"": 0.6987821613586942, ""solo_contingency"": [[2, 10], [195, 8243]], ""contingency"": [[2, 12], [4541, 9825]]}",{}
NC00962.3,STM-0.15-0.95,0.0,GARC1,RUS,STM,gid@G164V,U,{},"{""proportion"": 0.2, ""confidence"": [0.03622410863243013, 0.6244653702374747], ""p_value"": 0.5562946875, ""solo_contingency"": [[1, 4], [195, 8243]], ""contingency"": [[2, 4], [4541, 9833]]}",{}
NC00962.3,STM-0.15-0.95,0.0,GARC1,RUS,STM,rrs@c569t,U,{},"{""proportion"": 0.0, ""confidence"": [3.384324554477539e-17, 0.39033428790216534], ""p_value"": 0.60066521875, ""solo_contingency"": [[0, 6], [195, 8243]], ""contingency"": [[1, 6], [4542, 9831]]}",{}
NC00962.3,STM-0.15-0.95,0.0,GARC1,RUS,STM,gid@P78R,U,{},"{""proportion"": 0.0, ""confidence"": [4.8683609171202235e-17, 0.5614970317550455], ""p_value"": 1.0, ""solo_contingency"": [[0, 3], [195, 8243]], ""contingency"": [[0, 4], [4543, 9833]]}",{}
NC00962.3,STM-0.15-0.95,0.0,GARC1,RUS,STM,gid@V65G,U,{},"{""proportion"": 0.375, ""confidence"": [0.13684428582359737, 0.6942576053973727], ""p_value"": 0.1052127741796875, ""solo_contingency"": [[3, 5], [195, 8243]], ""contingency"": [[4, 6], [4539, 9831]]}",{}
NC00962.3,STM-0.15-0.95,0.0,GARC1,RUS,STM,rrs@g1323t,U,{},"{""proportion"": 0.0, ""confidence"": [0.0, 0.6576197724933469], ""p_value"": 1.0, ""solo_contingency"": [[0, 2], [195, 8243]], ""contingency"": [[0, 3], [4543, 9834]]}",{}
NC00962.3,STM-0.15-0.95,0.0,GARC1,RUS,STM,gid@c-89t,U,{},"{""proportion"": 0.0, ""confidence"": [0.0, 0.7934506856227626], ""p_value"": 1.0, ""solo_contingency"": [[0, 1], [195, 8243]], ""contingency"": [[0, 1], [4543, 9836]]}",{}
NC00962.3,STM-0.15-0.95,0.0,GARC1,RUS,STM,gid@A27P,U,{},"{""proportion"": 0.0, ""confidence"": [0.0, 0.43448246478317476], ""p_value"": 1.0, ""solo_contingency"": [[0, 5], [195, 8243]], ""contingency"": [[0, 5], [4543, 9832]]}",{}
NC00962.3,STM-0.15-0.95,0.0,GARC1,RUS,STM,gid@E57K,U,{},"{""proportion"": 0.0, ""confidence"": [0.0, 0.6576197724933469], ""p_value"": 1.0, ""solo_contingency"": [[0, 2], [195, 8243]], ""contingency"": [[0, 3], [4543, 9834]]}",{}
NC00962.3,STM-0.15-0.95,0.0,GARC1,RUS,STM,rrs@c1283t,U,{},"{""proportion"": 0.0, ""confidence"": [0.0, 0.6576197724933469], ""p_value"": 1.0, ""solo_contingency"": [[0, 2], [195, 8243]], ""contingency"": [[0, 2], [4543, 9835]]}",{}
NC00962.3,STM-0.15-0.95,0.0,GARC1,RUS,STM,rrs@g891a,U,{},"{""proportion"": 0.0, ""confidence"": [3.584186086443356e-17, 0.3543304350666874], ""p_value"": 0.6039930085937499, ""solo_contingency"": [[0, 7], [195, 8243]], ""contingency"": [[4, 8], [4539, 9829]]}",{}
NC00962.3,STM-0.15-0.95,0.0,GARC1,RUS,STM,rpsL@Q105E,U,{},"{""proportion"": 0.0, ""confidence"": [0.0, 0.7934506856227626], ""p_value"": 1.0, ""solo_contingency"": [[0, 1], [195, 8243]], ""contingency"": [[0, 1], [4543, 9836]]}",{}
NC00962.3,STM-0.15-0.95,0.0,GARC1,RUS,STM,gid@R97L,U,{},"{""proportion"": 0.4, ""confidence"": [0.11762077423264786, 0.769275718723987], ""p_value"": 0.16479000000000002, ""solo_contingency"": [[2, 3], [195, 8243]], ""contingency"": [[2, 3], [4541, 9834]]}",{}
NC00962.3,STM-0.15-0.95,0.0,GARC1,RUS,STM,rrs@g996t,U,{},"{""proportion"": 0.0, ""confidence"": [0.0, 0.7934506856227626], ""p_value"": 1.0, ""solo_contingency"": [[0, 1], [195, 8243]], ""contingency"": [[0, 1], [4543, 9836]]}",{}
NC00962.3,STM-0.15-0.95,0.0,GARC1,RUS,STM,rrs@g280t,U,{},"{""proportion"": 0.0, ""confidence"": [0.0, 0.7934506856227626], ""p_value"": 1.0, ""solo_contingency"": [[0, 1], [195, 8243]], ""contingency"": [[0, 1], [4543, 9836]]}",{}
NC00962.3,STM-0.15-0.95,0.0,GARC1,RUS,STM,gid@T98P,U,{},"{""proportion"": 0.0, ""confidence"": [0.0, 0.6576197724933469], ""p_value"": 1.0, ""solo_contingency"": [[0, 2], [195, 8243]], ""contingency"": [[1, 3], [4542, 9834]]}",{}
NC00962.3,STM-0.15-0.95,0.0,GARC1,RUS,STM,gid@L49P,U,{},"{""proportion"": 0.5, ""confidence"": [0.09453120573423071, 0.9054687942657693], ""p_value"": 0.2775, ""solo_contingency"": [[1, 1], [195, 8243]], ""contingency"": [[1, 1], [4542, 9836]]}",{}
NC00962.3,STM-0.15-0.95,0.0,GARC1,RUS,STM,gid@L101P,U,{},"{""proportion"": 0.0, ""confidence"": [0.0, 0.6576197724933469], ""p_value"": 1.0, ""solo_contingency"": [[0, 2], [195, 8243]], ""contingency"": [[0, 2], [4543, 9835]]}",{}
NC00962.3,STM-0.15-0.95,0.0,GARC1,RUS,STM,rrs@g1079a,U,{},"{""proportion"": 0.0, ""confidence"": [0.0, 0.7934506856227626], ""p_value"": 1.0, ""solo_contingency"": [[0, 1], [195, 8243]], ""contingency"": [[0, 1], [4543, 9836]]}",{}
NC00962.3,STM-0.15-0.95,0.0,GARC1,RUS,STM,rrs@g457t,U,{},"{""proportion"": 0.0, ""confidence"": [0.0, 0.6576197724933469], ""p_value"": 1.0, ""solo_contingency"": [[0, 2], [195, 8243]], ""contingency"": [[0, 2], [4543, 9835]]}",{}
NC00962.3,STM-0.15-0.95,0.0,GARC1,RUS,STM,gid@L108R,U,{},"{""proportion"": 0.3333333333333333, ""confidence"": [0.09677141110578043, 0.7000066848616079], ""p_value"": 0.22351570312500002, ""solo_contingency"": [[2, 4], [195, 8243]], ""contingency"": [[2, 6], [4541, 9831]]}",{}
NC00962.3,STM-0.15-0.95,0.0,GARC1,RUS,STM,rrs@a1012g,U,{},"{""proportion"": 0.0, ""confidence"": [0.0, 0.4898908364545973], ""p_value"": 1.0, ""solo_contingency"": [[0, 4], [195, 8243]], ""contingency"": [[1, 10], [4542, 9827]]}",{}
NC00962.3,STM-0.15-0.95,0.0,GARC1,RUS,STM,gid@L91V,U,{},"{""proportion"": 0.0, ""confidence"": [0.0, 0.7934506856227626], ""p_value"": 1.0, ""solo_contingency"": [[0, 1], [195, 8243]], ""contingency"": [[1, 1], [4542, 9836]]}",{}
NC00962.3,STM-0.15-0.95,0.0,GARC1,RUS,STM,gid@Q127E,U,{},"{""proportion"": 0.0, ""confidence"": [0.0, 0.7934506856227626], ""p_value"": 1.0, ""solo_contingency"": [[0, 1], [195, 8243]], ""contingency"": [[0, 1], [4543, 9836]]}",{}
NC00962.3,STM-0.15-0.95,0.0,GARC1,RUS,STM,rrs@g5t,U,{},"{""proportion"": 0.0, ""confidence"": [3.384324554477539e-17, 0.39033428790216534], ""p_value"": 0.60066521875, ""solo_contingency"": [[0, 6], [195, 8243]], ""contingency"": [[1, 6], [4542, 9831]]}",{}
NC00962.3,STM-0.15-0.95,0.0,GARC1,RUS,STM,gid@L95V,U,{},"{""proportion"": 0.0, ""confidence"": [0.0, 0.7934506856227626], ""p_value"": 1.0, ""solo_contingency"": [[0, 1], [195, 8243]], ""contingency"": [[0, 1], [4543, 9836]]}",{}
NC00962.3,STM-0.15-0.95,0.0,GARC1,RUS,STM,gid@A183P,U,{},"{""proportion"": 0.0, ""confidence"": [0.0, 0.7934506856227626], ""p_value"": 1.0, ""solo_contingency"": [[0, 1], [195, 8243]], ""contingency"": [[0, 1], [4543, 9836]]}",{}
NC00962.3,STM-0.15-0.95,0.0,GARC1,RUS,STM,gid@G221R,U,{},"{""proportion"": 0.0, ""confidence"": [0.0, 0.7934506856227626], ""p_value"": 1.0, ""solo_contingency"": [[0, 1], [195, 8243]], ""contingency"": [[0, 1], [4543, 9836]]}",{}
NC00962.3,STM-0.15-0.95,0.0,GARC1,RUS,STM,gid@137_ins_a,U,{},"{""proportion"": 0.5, ""confidence"": [0.09453120573423071, 0.9054687942657693], ""p_value"": 0.2775, ""solo_contingency"": [[1, 1], [195, 8243]], ""contingency"": [[3, 1], [4540, 9836]]}",{}
NC00962.3,STM-0.15-0.95,0.0,GARC1,RUS,STM,rrs@g1016c,U,{},"{""proportion"": 0.0, ""confidence"": [0.0, 0.6576197724933469], ""p_value"": 1.0, ""solo_contingency"": [[0, 2], [195, 8243]], ""contingency"": [[0, 3], [4543, 9834]]}",{}
NC00962.3,STM-0.15-0.95,0.0,GARC1,RUS,STM,rrs@c1259g,U,{},"{""proportion"": 0.0, ""confidence"": [0.0, 0.7934506856227626], ""p_value"": 1.0, ""solo_contingency"": [[0, 1], [195, 8243]], ""contingency"": [[0, 1], [4543, 9836]]}",{}
NC00962.3,STM-0.15-0.95,0.0,GARC1,RUS,STM,gid@113_ins_tacc,U,{},"{""proportion"": 0.0, ""confidence"": [0.0, 0.7934506856227626], ""p_value"": 1.0, ""solo_contingency"": [[0, 1], [195, 8243]], ""contingency"": [[0, 1], [4543, 9836]]}",{}
NC00962.3,STM-0.15-0.95,0.0,GARC1,RUS,STM,gid@a-25g,U,{},"{""proportion"": 0.0, ""confidence"": [0.0, 0.7934506856227626], ""p_value"": 1.0, ""solo_contingency"": [[0, 1], [195, 8243]], ""contingency"": [[0, 1], [4543, 9836]]}",{}
NC00962.3,STM-0.15-0.95,0.0,GARC1,RUS,STM,rpsL@T35A,U,{},"{""proportion"": 0.0, ""confidence"": [0.0, 0.7934506856227626], ""p_value"": 1.0, ""solo_contingency"": [[0, 1], [195, 8243]], ""contingency"": [[0, 1], [4543, 9836]]}",{}
NC00962.3,STM-0.15-0.95,0.0,GARC1,RUS,STM,gid@G76D,U,{},"{""proportion"": 0.6666666666666666, ""confidence"": [0.20765960080204768, 0.9385080552796037], ""p_value"": 0.06075, ""solo_contingency"": [[2, 1], [195, 8243]], ""contingency"": [[3, 1], [4540, 9836]]}",{}
NC00962.3,STM-0.15-0.95,0.0,GARC1,RUS,STM,gid@A138L,U,{},"{""proportion"": 1.0, ""confidence"": [0.20654931437723742, 1.0], ""p_value"": 0.15, ""solo_contingency"": [[1, 0], [195, 8243]], ""contingency"": [[1, 0], [4542, 9837]]}",{}
NC00962.3,STM-0.15-0.95,0.0,GARC1,RUS,STM,gid@F204S,U,{},"{""proportion"": 0.0, ""confidence"": [0.0, 0.7934506856227626], ""p_value"": 1.0, ""solo_contingency"": [[0, 1], [195, 8243]], ""contingency"": [[0, 1], [4543, 9836]]}",{}
NC00962.3,STM-0.15-0.95,0.0,GARC1,RUS,STM,gid@G109D,U,{},"{""proportion"": 0.0, ""confidence"": [0.0, 0.7934506856227626], ""p_value"": 1.0, ""solo_contingency"": [[0, 1], [195, 8243]], ""contingency"": [[0, 1], [4543, 9836]]}",{}
NC00962.3,STM-0.15-0.95,0.0,GARC1,RUS,STM,rrs@t-89c,U,{},"{""proportion"": 0.0, ""confidence"": [0.0, 0.7934506856227626], ""p_value"": 1.0, ""solo_contingency"": [[0, 1], [195, 8243]], ""contingency"": [[0, 1], [4543, 9836]]}",{}
NC00962.3,STM-0.15-0.95,0.0,GARC1,RUS,STM,gid@R39C,U,{},"{""proportion"": 0.0, ""confidence"": [0.0, 0.7934506856227626], ""p_value"": 1.0, ""solo_contingency"": [[0, 1], [195, 8243]], ""contingency"": [[0, 1], [4543, 9836]]}",{}
NC00962.3,STM-0.15-0.95,0.0,GARC1,RUS,STM,rrs@c1141t,U,{},"{""proportion"": 0.2, ""confidence"": [0.03622410863243013, 0.6244653702374747], ""p_value"": 0.5562946875, ""solo_contingency"": [[1, 4], [195, 8243]], ""contingency"": [[5, 4], [4538, 9833]]}",{}
NC00962.3,STM-0.15-0.95,0.0,GARC1,RUS,STM,gid@386_del_g,U,{},"{""proportion"": 0.3333333333333333, ""confidence"": [0.1205838183869109, 0.6457978644196036], ""p_value"": 0.14085340340624997, ""solo_contingency"": [[3, 6], [195, 8243]], ""contingency"": [[10, 6], [4533, 9831]]}",{}
NC00962.3,STM-0.15-0.95,0.0,GARC1,RUS,STM,gid@V115G,U,{},"{""proportion"": 1.0, ""confidence"": [0.20654931437723742, 1.0], ""p_value"": 0.15, ""solo_contingency"": [[1, 0], [195, 8243]], ""contingency"": [[2, 0], [4541, 9837]]}",{}
NC00962.3,STM-0.15-0.95,0.0,GARC1,RUS,STM,rrs@c279a,U,{},"{""proportion"": 0.0, ""confidence"": [0.0, 0.7934506856227626], ""p_value"": 1.0, ""solo_contingency"": [[0, 1], [195, 8243]], ""contingency"": [[0, 1], [4543, 9836]]}",{}
NC00962.3,STM-0.15-0.95,0.0,GARC1,RUS,STM,gid@g-10t,U,{},"{""proportion"": 0.0, ""confidence"": [0.0, 0.4898908364545973], ""p_value"": 1.0, ""solo_contingency"": [[0, 4], [195, 8243]], ""contingency"": [[0, 4], [4543, 9833]]}",{}
NC00962.3,STM-0.15-0.95,0.0,GARC1,RUS,STM,gid@52_del_c,U,{},"{""proportion"": 0.3333333333333333, ""confidence"": [0.09677141110578043, 0.7000066848616079], ""p_value"": 0.22351570312500002, ""solo_contingency"": [[2, 4], [195, 8243]], ""contingency"": [[3, 4], [4540, 9833]]}",{}
NC00962.3,STM-0.15-0.95,0.0,GARC1,RUS,STM,gid@441_ins_a,U,{},"{""proportion"": 0.5, ""confidence"": [0.09453120573423071, 0.9054687942657693], ""p_value"": 0.2775, ""solo_contingency"": [[1, 1], [195, 8243]], ""contingency"": [[1, 1], [4542, 9836]]}",{}
NC00962.3,STM-0.15-0.95,0.0,GARC1,RUS,STM,gid@a-96g,U,{},"{""proportion"": 0.0, ""confidence"": [0.0, 0.7934506856227626], ""p_value"": 1.0, ""solo_contingency"": [[0, 1], [195, 8243]], ""contingency"": [[0, 1], [4543, 9836]]}",{}
NC00962.3,STM-0.15-0.95,0.0,GARC1,RUS,STM,gid@S136!,U,{},"{""proportion"": 0.6666666666666666, ""confidence"": [0.20765960080204768, 0.9385080552796037], ""p_value"": 0.06075, ""solo_contingency"": [[2, 1], [195, 8243]], ""contingency"": [[5, 2], [4538, 9835]]}",{}
NC00962.3,STM-0.15-0.95,0.0,GARC1,RUS,STM,gid@R137L,U,{},"{""proportion"": 0.6666666666666666, ""confidence"": [0.20765960080204768, 0.9385080552796037], ""p_value"": 0.06075, ""solo_contingency"": [[2, 1], [195, 8243]], ""contingency"": [[2, 1], [4541, 9836]]}",{}
NC00962.3,STM-0.15-0.95,0.0,GARC1,RUS,STM,gid@L58F,U,{},"{""proportion"": 0.1, ""confidence"": [0.01787621309507289, 0.4041500267952385], ""p_value"": 1.0, ""solo_contingency"": [[1, 9], [195, 8243]], ""contingency"": [[1, 11], [4542, 9826]]}",{}
NC00962.3,STM-0.15-0.95,0.0,GARC1,RUS,STM,rrs@c-18a,U,{},"{""proportion"": 0.0, ""confidence"": [0.0, 0.7934506856227626], ""p_value"": 1.0, ""solo_contingency"": [[0, 1], [195, 8243]], ""contingency"": [[0, 1], [4543, 9836]]}",{}
NC00962.3,STM-0.15-0.95,0.0,GARC1,RUS,STM,gid@87_del_c,U,{},"{""proportion"": 0.125, ""confidence"": [0.022417491450056667, 0.47088818221285345], ""p_value"": 1.0, ""solo_contingency"": [[1, 7], [195, 8243]], ""contingency"": [[4, 7], [4539, 9830]]}",{}
NC00962.3,STM-0.15-0.95,0.0,GARC1,RUS,STM,rrs@g673a,U,{},"{""proportion"": 0.0, ""confidence"": [0.0, 0.7934506856227626], ""p_value"": 1.0, ""solo_contingency"": [[0, 1], [195, 8243]], ""contingency"": [[0, 1], [4543, 9836]]}",{}
NC00962.3,STM-0.15-0.95,0.0,GARC1,RUS,STM,rrs@a180g,U,{},"{""proportion"": 0.0, ""confidence"": [0.0, 0.7934506856227626], ""p_value"": 1.0, ""solo_contingency"": [[0, 1], [195, 8243]], ""contingency"": [[0, 1], [4543, 9836]]}",{}
NC00962.3,STM-0.15-0.95,0.0,GARC1,RUS,STM,rrs@g1285a,U,{},"{""proportion"": 0.0, ""confidence"": [4.8683609171202235e-17, 0.5614970317550455], ""p_value"": 1.0, ""solo_contingency"": [[0, 3], [195, 8243]], ""contingency"": [[0, 3], [4543, 9834]]}",{}
NC00962.3,STM-0.15-0.95,0.0,GARC1,RUS,STM,gid@Q127R,U,{},"{""proportion"": 0.0, ""confidence"": [0.0, 0.7934506856227626], ""p_value"": 1.0, ""solo_contingency"": [[0, 1], [195, 8243]], ""contingency"": [[0, 1], [4543, 9836]]}",{}
NC00962.3,STM-0.15-0.95,0.0,GARC1,RUS,STM,rrs@a906g,U,{},"{""proportion"": 0.375, ""confidence"": [0.13684428582359737, 0.6942576053973727], ""p_value"": 0.1052127741796875, ""solo_contingency"": [[3, 5], [195, 8243]], ""contingency"": [[19, 6], [4524, 9831]]}",{}
NC00962.3,STM-0.15-0.95,0.0,GARC1,RUS,STM,gid@V65A,U,{},"{""proportion"": 0.375, ""confidence"": [0.13684428582359737, 0.6942576053973727], ""p_value"": 0.1052127741796875, ""solo_contingency"": [[3, 5], [195, 8243]], ""contingency"": [[6, 5], [4537, 9832]]}",{}
NC00962.3,STM-0.15-0.95,0.0,GARC1,RUS,STM,gid@R116W,U,{},"{""proportion"": 0.25, ""confidence"": [0.045587260809700575, 0.6993581574175981], ""p_value"": 0.47799375, ""solo_contingency"": [[1, 3], [195, 8243]], ""contingency"": [[2, 4], [4541, 9833]]}",{}
NC00962.3,STM-0.15-0.95,0.0,GARC1,RUS,STM,gid@L86H,U,{},"{""proportion"": 1.0, ""confidence"": [0.20654931437723742, 1.0], ""p_value"": 0.15, ""solo_contingency"": [[1, 0], [195, 8243]], ""contingency"": [[1, 0], [4542, 9837]]}",{}
NC00962.3,STM-0.15-0.95,0.0,GARC1,RUS,STM,gid@R20P,U,{},"{""proportion"": 0.3333333333333333, ""confidence"": [0.1205838183869109, 0.6457978644196036], ""p_value"": 0.14085340340624997, ""solo_contingency"": [[3, 6], [195, 8243]], ""contingency"": [[3, 6], [4540, 9831]]}",{}
NC00962.3,STM-0.15-0.95,0.0,GARC1,RUS,STM,gid@P29R,U,{},"{""proportion"": 0.0, ""confidence"": [0.0, 0.7934506856227626], ""p_value"": 1.0, ""solo_contingency"": [[0, 1], [195, 8243]], ""contingency"": [[0, 1], [4543, 9836]]}",{}
NC00962.3,STM-0.15-0.95,0.0,GARC1,RUS,STM,gid@A167D,U,{},"{""proportion"": 0.0, ""confidence"": [0.0, 0.7934506856227626], ""p_value"": 1.0, ""solo_contingency"": [[0, 1], [195, 8243]], ""contingency"": [[0, 1], [4543, 9836]]}",{}
NC00962.3,STM-0.15-0.95,0.0,GARC1,RUS,STM,rrs@a-39g,U,{},"{""proportion"": 0.0, ""confidence"": [0.0, 0.7934506856227626], ""p_value"": 1.0, ""solo_contingency"": [[0, 1], [195, 8243]], ""contingency"": [[0, 1], [4543, 9836]]}",{}
NC00962.3,STM-0.15-0.95,0.0,GARC1,RUS,STM,rrs@a1421c,U,{},"{""proportion"": 0.0, ""confidence"": [0.0, 0.7934506856227626], ""p_value"": 1.0, ""solo_contingency"": [[0, 1], [195, 8243]], ""contingency"": [[0, 1], [4543, 9836]]}",{}
NC00962.3,STM-0.15-0.95,0.0,GARC1,RUS,STM,gid@Y22!,U,{},"{""proportion"": 0.0, ""confidence"": [0.0, 0.4898908364545973], ""p_value"": 1.0, ""solo_contingency"": [[0, 4], [195, 8243]], ""contingency"": [[1, 4], [4542, 9833]]}",{}
NC00962.3,STM-0.15-0.95,0.0,GARC1,RUS,STM,gid@R96C,U,{},"{""proportion"": 0.42857142857142855, ""confidence"": [0.15821985525146973, 0.7495416354723429], ""p_value"": 0.07376516015625, ""solo_contingency"": [[3, 4], [195, 8243]], ""contingency"": [[3, 4], [4540, 9833]]}",{}
NC00962.3,STM-0.15-0.95,0.0,GARC1,RUS,STM,rrs@642_ins_t,U,{},"{""proportion"": 0.0, ""confidence"": [4.8683609171202235e-17, 0.5614970317550455], ""p_value"": 1.0, ""solo_contingency"": [[0, 3], [195, 8243]], ""contingency"": [[0, 3], [4543, 9834]]}",{}
NC00962.3,STM-0.15-0.95,0.0,GARC1,RUS,STM,rrs@c1021t,U,{},"{""proportion"": 0.0, ""confidence"": [0.0, 0.43448246478317476], ""p_value"": 1.0, ""solo_contingency"": [[0, 5], [195, 8243]], ""contingency"": [[1, 5], [4542, 9832]]}",{}
NC00962.3,STM-0.15-0.95,0.0,GARC1,RUS,STM,rrs@827_ins_t,U,{},"{""proportion"": 0.0, ""confidence"": [0.0, 0.7934506856227626], ""p_value"": 1.0, ""solo_contingency"": [[0, 1], [195, 8243]], ""contingency"": [[0, 1], [4543, 9836]]}",{}
NC00962.3,STM-0.15-0.95,0.0,GARC1,RUS,STM,gid@E173!,U,{},"{""proportion"": 0.16666666666666666, ""confidence"": [0.030053369748306632, 0.5635028221864702], ""p_value"": 1.0, ""solo_contingency"": [[1, 5], [195, 8243]], ""contingency"": [[1, 5], [4542, 9832]]}",{}
NC00962.3,STM-0.15-0.95,0.0,GARC1,RUS,STM,gid@193_ins_g,U,{},"{""proportion"": 0.5, ""confidence"": [0.09453120573423071, 0.9054687942657693], ""p_value"": 0.2775, ""solo_contingency"": [[1, 1], [195, 8243]], ""contingency"": [[3, 1], [4540, 9836]]}",{}
NC00962.3,STM-0.15-0.95,0.0,GARC1,RUS,STM,gid@R137Q,U,{},"{""proportion"": 1.0, ""confidence"": [0.20654931437723742, 1.0], ""p_value"": 0.15, ""solo_contingency"": [[1, 0], [195, 8243]], ""contingency"": [[1, 0], [4542, 9837]]}",{}
NC00962.3,STM-0.15-0.95,0.0,GARC1,RUS,STM,gid@H48Q,U,{},"{""proportion"": 0.6666666666666666, ""confidence"": [0.20765960080204768, 0.9385080552796037], ""p_value"": 0.06075, ""solo_contingency"": [[2, 1], [195, 8243]], ""contingency"": [[2, 1], [4541, 9836]]}",{}
NC00962.3,STM-0.15-0.95,0.0,GARC1,RUS,STM,gid@g-85a,U,{},"{""proportion"": 1.0, ""confidence"": [0.20654931437723742, 1.0], ""p_value"": 0.15, ""solo_contingency"": [[1, 0], [195, 8243]], ""contingency"": [[2, 0], [4541, 9837]]}",{}
NC00962.3,STM-0.15-0.95,0.0,GARC1,RUS,STM,gid@R102!,U,{},"{""proportion"": 0.5, ""confidence"": [0.15003898915214947, 0.8499610108478506], ""p_value"": 0.10951875000000001, ""solo_contingency"": [[2, 2], [195, 8243]], ""contingency"": [[2, 2], [4541, 9835]]}",{}
NC00962.3,STM-0.15-0.95,0.0,GARC1,RUS,STM,rrs@g1286a,U,{},"{""proportion"": 0.0, ""confidence"": [0.0, 0.7934506856227626], ""p_value"": 1.0, ""solo_contingency"": [[0, 1], [195, 8243]], ""contingency"": [[0, 1], [4543, 9836]]}",{}
NC00962.3,STM-0.15-0.95,0.0,GARC1,RUS,STM,gid@G37R,U,{},"{""proportion"": 0.5, ""confidence"": [0.15003898915214947, 0.8499610108478506], ""p_value"": 0.10951875000000001, ""solo_contingency"": [[2, 2], [195, 8243]], ""contingency"": [[2, 2], [4541, 9835]]}",{}
NC00962.3,STM-0.15-0.95,0.0,GARC1,RUS,STM,gid@c-30t,U,{},"{""proportion"": 0.0, ""confidence"": [0.0, 0.6576197724933469], ""p_value"": 1.0, ""solo_contingency"": [[0, 2], [195, 8243]], ""contingency"": [[0, 2], [4543, 9835]]}",{}
NC00962.3,STM-0.15-0.95,0.0,GARC1,RUS,STM,gid@A25P,U,{},"{""proportion"": 0.0, ""confidence"": [0.0, 0.6576197724933469], ""p_value"": 1.0, ""solo_contingency"": [[0, 2], [195, 8243]], ""contingency"": [[0, 2], [4543, 9835]]}",{}
NC00962.3,STM-0.15-0.95,0.0,GARC1,RUS,STM,rrs@c799a,U,{},"{""proportion"": 0.0, ""confidence"": [0.0, 0.7934506856227626], ""p_value"": 1.0, ""solo_contingency"": [[0, 1], [195, 8243]], ""contingency"": [[0, 1], [4543, 9836]]}",{}
NC00962.3,STM-0.15-0.95,0.0,GARC1,RUS,STM,gid@P93L,U,{},"{""proportion"": 0.4, ""confidence"": [0.11762077423264786, 0.769275718723987], ""p_value"": 0.16479000000000002, ""solo_contingency"": [[2, 3], [195, 8243]], ""contingency"": [[5, 3], [4538, 9834]]}",{}
NC00962.3,STM-0.15-0.95,0.0,GARC1,RUS,STM,gid@g-74c,U,{},"{""proportion"": 0.0, ""confidence"": [0.0, 0.7934506856227626], ""p_value"": 1.0, ""solo_contingency"": [[0, 1], [195, 8243]], ""contingency"": [[1, 1], [4542, 9836]]}",{}
NC00962.3,STM-0.15-0.95,0.0,GARC1,RUS,STM,gid@A193P,U,{},"{""proportion"": 0.0, ""confidence"": [0.0, 0.7934506856227626], ""p_value"": 1.0, ""solo_contingency"": [[0, 1], [195, 8243]], ""contingency"": [[0, 1], [4543, 9836]]}",{}
NC00962.3,STM-0.15-0.95,0.0,GARC1,RUS,STM,rrs@t23g,U,{},"{""proportion"": 0.5, ""confidence"": [0.09453120573423071, 0.9054687942657693], ""p_value"": 0.2775, ""solo_contingency"": [[1, 1], [195, 8243]], ""contingency"": [[3, 1], [4540, 9836]]}",{}
NC00962.3,STM-0.15-0.95,0.0,GARC1,RUS,STM,rrs@t1208g,U,{},"{""proportion"": 0.08333333333333333, ""confidence"": [0.014865094404917095, 0.35387991114111694], ""p_value"": 1.0, ""solo_contingency"": [[1, 11], [195, 8243]], ""contingency"": [[1, 14], [4542, 9823]]}",{}
NC00962.3,STM-0.15-0.95,0.0,GARC1,RUS,STM,gid@Y195!,U,{},"{""proportion"": 0.3333333333333333, ""confidence"": [0.061491944720396215, 0.7923403991979523], ""p_value"": 0.38587499999999997, ""solo_contingency"": [[1, 2], [195, 8243]], ""contingency"": [[2, 2], [4541, 9835]]}",{}
NC00962.3,STM-0.15-0.95,0.0,GARC1,RUS,STM,gid@L86F,U,{},"{""proportion"": 0.0, ""confidence"": [0.0, 0.43448246478317476], ""p_value"": 1.0, ""solo_contingency"": [[0, 5], [195, 8243]], ""contingency"": [[1, 5], [4542, 9832]]}",{}
NC00962.3,STM-0.15-0.95,0.0,GARC1,RUS,STM,rrs@g655a,U,{},"{""proportion"": 0.0, ""confidence"": [0.0, 0.7934506856227626], ""p_value"": 1.0, ""solo_contingency"": [[0, 1], [195, 8243]], ""contingency"": [[0, 1], [4543, 9836]]}",{}
NC00962.3,STM-0.15-0.95,0.0,GARC1,RUS,STM,rrs@-40_ins_a,U,{},"{""proportion"": 0.0, ""confidence"": [0.0, 0.7934506856227626], ""p_value"": 1.0, ""solo_contingency"": [[0, 1], [195, 8243]], ""contingency"": [[0, 1], [4543, 9836]]}",{}
NC00962.3,STM-0.15-0.95,0.0,GARC1,RUS,STM,gid@A119T,U,{},"{""proportion"": 0.14814814814814814, ""confidence"": [0.05915927776244328, 0.32478685427812976], ""p_value"": 1.0, ""solo_contingency"": [[4, 23], [195, 8243]], ""contingency"": [[35, 31], [4508, 9806]]}",{}
NC00962.3,STM-0.15-0.95,0.0,GARC1,RUS,STM,gid@G76S,U,{},"{""proportion"": 0.25, ""confidence"": [0.045587260809700575, 0.6993581574175981], ""p_value"": 0.47799375, ""solo_contingency"": [[1, 3], [195, 8243]], ""contingency"": [[1, 3], [4542, 9834]]}",{}
NC00962.3,STM-0.15-0.95,0.0,GARC1,RUS,STM,gid@A8V,U,{},"{""proportion"": 0.0, ""confidence"": [0.0, 0.6576197724933469], ""p_value"": 1.0, ""solo_contingency"": [[0, 2], [195, 8243]], ""contingency"": [[1, 3], [4542, 9834]]}",{}
NC00962.3,STM-0.15-0.95,0.0,GARC1,RUS,STM,gid@H48D,U,{},"{""proportion"": 0.0, ""confidence"": [0.0, 0.7934506856227626], ""p_value"": 1.0, ""solo_contingency"": [[0, 1], [195, 8243]], ""contingency"": [[1, 1], [4542, 9836]]}",{}
NC00962.3,STM-0.15-0.95,0.0,GARC1,RUS,STM,rrs@t1164a,U,{},"{""proportion"": 0.0, ""confidence"": [0.0, 0.7934506856227626], ""p_value"": 1.0, ""solo_contingency"": [[0, 1], [195, 8243]], ""contingency"": [[0, 1], [4543, 9836]]}",{}
NC00962.3,STM-0.15-0.95,0.0,GARC1,RUS,STM,gid@G76R,U,{},"{""proportion"": 0.5, ""confidence"": [0.09453120573423071, 0.9054687942657693], ""p_value"": 0.2775, ""solo_contingency"": [[1, 1], [195, 8243]], ""contingency"": [[1, 1], [4542, 9836]]}",{}
NC00962.3,STM-0.15-0.95,0.0,GARC1,RUS,STM,rrs@t-92g,U,{},"{""proportion"": 0.0, ""confidence"": [0.0, 0.6576197724933469], ""p_value"": 1.0, ""solo_contingency"": [[0, 2], [195, 8243]], ""contingency"": [[0, 2], [4543, 9835]]}",{}
NC00962.3,STM-0.15-0.95,0.0,GARC1,RUS,STM,gid@G71!,U,{},"{""proportion"": 0.0, ""confidence"": [0.0, 0.7934506856227626], ""p_value"": 1.0, ""solo_contingency"": [[0, 1], [195, 8243]], ""contingency"": [[4, 2], [4539, 9835]]}",{}
NC00962.3,STM-0.15-0.95,0.0,GARC1,RUS,STM,gid@G69R,U,{},"{""proportion"": 1.0, ""confidence"": [0.20654931437723742, 1.0], ""p_value"": 0.15, ""solo_contingency"": [[1, 0], [195, 8243]], ""contingency"": [[1, 0], [4542, 9837]]}",{}
NC00962.3,STM-0.15-0.95,0.0,GARC1,RUS,STM,gid@V171L,U,{},"{""proportion"": 0.0, ""confidence"": [0.0, 0.7934506856227626], ""p_value"": 1.0, ""solo_contingency"": [[0, 1], [195, 8243]], ""contingency"": [[0, 1], [4543, 9836]]}",{}
NC00962.3,STM-0.15-0.95,0.0,GARC1,RUS,STM,gid@R33P,U,{},"{""proportion"": 0.3333333333333333, ""confidence"": [0.061491944720396215, 0.7923403991979523], ""p_value"": 0.38587499999999997, ""solo_contingency"": [[1, 2], [195, 8243]], ""contingency"": [[1, 2], [4542, 9835]]}",{}
NC00962.3,STM-0.15-0.95,0.0,GARC1,RUS,STM,rrs@c37t,U,{},"{""proportion"": 0.0, ""confidence"": [0.0, 0.7934506856227626], ""p_value"": 1.0, ""solo_contingency"": [[0, 1], [195, 8243]], ""contingency"": [[0, 1], [4543, 9836]]}",{}
NC00962.3,STM-0.15-0.95,0.0,GARC1,RUS,STM,gid@371_del_t,U,{},"{""proportion"": 0.6666666666666666, ""confidence"": [0.20765960080204768, 0.9385080552796037], ""p_value"": 0.06075, ""solo_contingency"": [[2, 1], [195, 8243]], ""contingency"": [[2, 1], [4541, 9836]]}",{}
NC00962.3,STM-0.15-0.95,0.0,GARC1,RUS,STM,gid@309_ins_t,U,{},"{""proportion"": 1.0, ""confidence"": [0.20654931437723742, 1.0], ""p_value"": 0.15, ""solo_contingency"": [[1, 0], [195, 8243]], ""contingency"": [[2, 0], [4541, 9837]]}",{}
NC00962.3,STM-0.15-0.95,0.0,GARC1,RUS,STM,rrs@c699t,U,{},"{""proportion"": 0.0, ""confidence"": [0.0, 0.7934506856227626], ""p_value"": 1.0, ""solo_contingency"": [[0, 1], [195, 8243]], ""contingency"": [[0, 1], [4543, 9836]]}",{}
NC00962.3,STM-0.15-0.95,0.0,GARC1,RUS,STM,gid@M218V,U,{},"{""proportion"": 0.0, ""confidence"": [0.0, 0.7934506856227626], ""p_value"": 1.0, ""solo_contingency"": [[0, 1], [195, 8243]], ""contingency"": [[1, 1], [4542, 9836]]}",{}
NC00962.3,STM-0.15-0.95,0.0,GARC1,RUS,STM,rrs@c905t,U,{},"{""proportion"": 1.0, ""confidence"": [0.20654931437723742, 1.0], ""p_value"": 0.15, ""solo_contingency"": [[1, 0], [195, 8243]], ""contingency"": [[1, 0], [4542, 9837]]}",{}
NC00962.3,STM-0.15-0.95,0.0,GARC1,RUS,STM,gid@257_del_t,U,{},"{""proportion"": 1.0, ""confidence"": [0.20654931437723742, 1.0], ""p_value"": 0.15, ""solo_contingency"": [[1, 0], [195, 8243]], ""contingency"": [[1, 0], [4542, 9837]]}",{}
NC00962.3,STM-0.15-0.95,0.0,GARC1,RUS,STM,rrs@a1401g,U,{},"{""proportion"": 0.17857142857142858, ""confidence"": [0.07878501945604276, 0.35591424789342946], ""p_value"": 0.6001308146731769, ""solo_contingency"": [[5, 23], [195, 8243]], ""contingency"": [[535, 85], [4008, 9752]]}",{}
NC00962.3,STM-0.15-0.95,0.0,GARC1,RUS,STM,gid@V135M,U,{},"{""proportion"": 0.0, ""confidence"": [0.0, 0.6576197724933469], ""p_value"": 1.0, ""solo_contingency"": [[0, 2], [195, 8243]], ""contingency"": [[0, 2], [4543, 9835]]}",{}
NC00962.3,STM-0.15-0.95,0.0,GARC1,RUS,STM,gid@A224V,U,{},"{""proportion"": 0.0, ""confidence"": [4.8683609171202235e-17, 0.5614970317550455], ""p_value"": 1.0, ""solo_contingency"": [[0, 3], [195, 8243]], ""contingency"": [[0, 3], [4543, 9834]]}",{}
NC00962.3,STM-0.15-0.95,0.0,GARC1,RUS,STM,gid@g-9c,U,{},"{""proportion"": 0.0, ""confidence"": [0.0, 0.7934506856227626], ""p_value"": 1.0, ""solo_contingency"": [[0, 1], [195, 8243]], ""contingency"": [[0, 1], [4543, 9836]]}",{}
NC00962.3,STM-0.15-0.95,0.0,GARC1,RUS,STM,gid@489_del_a,U,{},"{""proportion"": 0.0, ""confidence"": [0.0, 0.6576197724933469], ""p_value"": 1.0, ""solo_contingency"": [[0, 2], [195, 8243]], ""contingency"": [[0, 2], [4543, 9835]]}",{}
NC00962.3,STM-0.15-0.95,0.0,GARC1,RUS,STM,gid@395_del_a,U,{},"{""proportion"": 0.0, ""confidence"": [0.0, 0.7934506856227626], ""p_value"": 1.0, ""solo_contingency"": [[0, 1], [195, 8243]], ""contingency"": [[0, 1], [4543, 9836]]}",{}
NC00962.3,STM-0.15-0.95,0.0,GARC1,RUS,STM,gid@L79!,U,{},"{""proportion"": 0.0, ""confidence"": [0.0, 0.7934506856227626], ""p_value"": 1.0, ""solo_contingency"": [[0, 1], [195, 8243]], ""contingency"": [[0, 1], [4543, 9836]]}",{}
NC00962.3,STM-0.15-0.95,0.0,GARC1,RUS,STM,gid@L90R,U,{},"{""proportion"": 0.2857142857142857, ""confidence"": [0.1172137864457692, 0.5464908432989318], ""p_value"": 0.14650762137204482, ""solo_contingency"": [[4, 10], [195, 8243]], ""contingency"": [[11, 16], [4532, 9821]]}",{}
NC00962.3,STM-0.15-0.95,0.0,GARC1,RUS,STM,rrs@c441t,U,{},"{""proportion"": 1.0, ""confidence"": [0.20654931437723742, 1.0], ""p_value"": 0.15, ""solo_contingency"": [[1, 0], [195, 8243]], ""contingency"": [[1, 0], [4542, 9837]]}",{}
NC00962.3,STM-0.15-0.95,0.0,GARC1,RUS,STM,gid@g-7a,U,{},"{""proportion"": 0.0, ""confidence"": [4.8683609171202235e-17, 0.5614970317550455], ""p_value"": 1.0, ""solo_contingency"": [[0, 3], [195, 8243]], ""contingency"": [[0, 3], [4543, 9834]]}",{}
NC00962.3,STM-0.15-0.95,0.0,GARC1,RUS,STM,gid@L91R,U,{},"{""proportion"": 0.6666666666666666, ""confidence"": [0.20765960080204768, 0.9385080552796037], ""p_value"": 0.06075, ""solo_contingency"": [[2, 1], [195, 8243]], ""contingency"": [[4, 1], [4539, 9836]]}",{}
NC00962.3,STM-0.15-0.95,0.0,GARC1,RUS,STM,gid@K163Q,U,{},"{""proportion"": 1.0, ""confidence"": [0.20654931437723742, 1.0], ""p_value"": 0.15, ""solo_contingency"": [[1, 0], [195, 8243]], ""contingency"": [[1, 0], [4542, 9837]]}",{}
NC00962.3,STM-0.15-0.95,0.0,GARC1,RUS,STM,gid@L26S,U,{},"{""proportion"": 0.25, ""confidence"": [0.045587260809700575, 0.6993581574175981], ""p_value"": 0.47799375, ""solo_contingency"": [[1, 3], [195, 8243]], ""contingency"": [[1, 3], [4542, 9834]]}",{}
NC00962.3,STM-0.15-0.95,0.0,GARC1,RUS,STM,gid@102_ins_g,U,{},"{""proportion"": 0.3333333333333333, ""confidence"": [0.061491944720396215, 0.7923403991979523], ""p_value"": 0.38587499999999997, ""solo_contingency"": [[1, 2], [195, 8243]], ""contingency"": [[1, 3], [4542, 9834]]}",{}
NC00962.3,STM-0.15-0.95,0.0,GARC1,RUS,STM,gid@39_ins_a,U,{},"{""proportion"": 0.0, ""confidence"": [0.0, 0.7934506856227626], ""p_value"": 1.0, ""solo_contingency"": [[0, 1], [195, 8243]], ""contingency"": [[0, 1], [4543, 9836]]}",{}
NC00962.3,STM-0.15-0.95,0.0,GARC1,RUS,STM,gid@370_del_g,U,{},"{""proportion"": 0.6666666666666666, ""confidence"": [0.20765960080204768, 0.9385080552796037], ""p_value"": 0.06075, ""solo_contingency"": [[2, 1], [195, 8243]], ""contingency"": [[2, 1], [4541, 9836]]}",{}
NC00962.3,STM-0.15-0.95,0.0,GARC1,RUS,STM,gid@258_ins_a,U,{},"{""proportion"": 0.0, ""confidence"": [0.0, 0.7934506856227626], ""p_value"": 1.0, ""solo_contingency"": [[0, 1], [195, 8243]], ""contingency"": [[0, 1], [4543, 9836]]}",{}
NC00962.3,STM-0.15-0.95,0.0,GARC1,RUS,STM,gid@W45R,U,{},"{""proportion"": 0.0, ""confidence"": [0.0, 0.6576197724933469], ""p_value"": 1.0, ""solo_contingency"": [[0, 2], [195, 8243]], ""contingency"": [[1, 2], [4542, 9835]]}",{}
NC00962.3,STM-0.15-0.95,0.0,GARC1,RUS,STM,gid@I114N,U,{},"{""proportion"": 0.5, ""confidence"": [0.09453120573423071, 0.9054687942657693], ""p_value"": 0.2775, ""solo_contingency"": [[1, 1], [195, 8243]], ""contingency"": [[2, 1], [4541, 9836]]}",{}
NC00962.3,STM-0.15-0.95,0.0,GARC1,RUS,STM,gid@Y22H,U,{},"{""proportion"": 1.0, ""confidence"": [0.20654931437723742, 1.0], ""p_value"": 0.15, ""solo_contingency"": [[1, 0], [195, 8243]], ""contingency"": [[1, 0], [4542, 9837]]}",{}
NC00962.3,STM-0.15-0.95,0.0,GARC1,RUS,STM,gid@R83G,U,{},"{""proportion"": 0.0, ""confidence"": [0.0, 0.7934506856227626], ""p_value"": 1.0, ""solo_contingency"": [[0, 1], [195, 8243]], ""contingency"": [[0, 3], [4543, 9834]]}",{}
NC00962.3,STM-0.15-0.95,0.0,GARC1,RUS,STM,gid@R15P,U,{},"{""proportion"": 0.0, ""confidence"": [0.0, 0.7934506856227626], ""p_value"": 1.0, ""solo_contingency"": [[0, 1], [195, 8243]], ""contingency"": [[0, 1], [4543, 9836]]}",{}
NC00962.3,STM-0.15-0.95,0.0,GARC1,RUS,STM,gid@46_ins_atgtctccgatcgagcccgcggcgtctgcgatcttcggaccgcggc,U,{},"{""proportion"": 1.0, ""confidence"": [0.20654931437723742, 1.0], ""p_value"": 0.15, ""solo_contingency"": [[1, 0], [195, 8243]], ""contingency"": [[1, 0], [4542, 9837]]}",{}
NC00962.3,STM-0.15-0.95,0.0,GARC1,RUS,STM,gid@V36G,U,{},"{""proportion"": 0.5, ""confidence"": [0.09453120573423071, 0.9054687942657693], ""p_value"": 0.2775, ""solo_contingency"": [[1, 1], [195, 8243]], ""contingency"": [[1, 1], [4542, 9836]]}",{}
NC00962.3,STM-0.15-0.95,0.0,GARC1,RUS,STM,rrs@g1379a,U,{},"{""proportion"": 0.0, ""confidence"": [0.0, 0.32440756488388023], ""p_value"": 0.6153074940625001, ""solo_contingency"": [[0, 8], [195, 8243]], ""contingency"": [[0, 8], [4543, 9829]]}",{}
NC00962.3,STM-0.15-0.95,0.0,GARC1,RUS,STM,gid@597_del_c,U,{},"{""proportion"": 0.0, ""confidence"": [0.0, 0.7934506856227626], ""p_value"": 1.0, ""solo_contingency"": [[0, 1], [195, 8243]], ""contingency"": [[0, 1], [4543, 9836]]}",{}
NC00962.3,STM-0.15-0.95,0.0,GARC1,RUS,STM,gid@t-2a,U,{},"{""proportion"": 0.0, ""confidence"": [0.0, 0.7934506856227626], ""p_value"": 1.0, ""solo_contingency"": [[0, 1], [195, 8243]], ""contingency"": [[0, 1], [4543, 9836]]}",{}
NC00962.3,STM-0.15-0.95,0.0,GARC1,RUS,STM,gid@V203L,U,{},"{""proportion"": 0.5, ""confidence"": [0.09453120573423071, 0.9054687942657693], ""p_value"": 0.2775, ""solo_contingency"": [[1, 1], [195, 8243]], ""contingency"": [[1, 1], [4542, 9836]]}",{}
NC00962.3,STM-0.15-0.95,0.0,GARC1,RUS,STM,rrs@1205_ins_t,U,{},"{""proportion"": 0.0, ""confidence"": [0.0, 0.7934506856227626], ""p_value"": 1.0, ""solo_contingency"": [[0, 1], [195, 8243]], ""contingency"": [[0, 1], [4543, 9836]]}",{}
NC00962.3,STM-0.15-0.95,0.0,GARC1,RUS,STM,gid@A134T,U,{},"{""proportion"": 0.0, ""confidence"": [0.0, 0.6576197724933469], ""p_value"": 1.0, ""solo_contingency"": [[0, 2], [195, 8243]], ""contingency"": [[0, 2], [4543, 9835]]}",{}
NC00962.3,STM-0.15-0.95,0.0,GARC1,RUS,STM,gid@V41I,U,{},"{""proportion"": 0.2, ""confidence"": [0.03622410863243013, 0.6244653702374747], ""p_value"": 0.5562946875, ""solo_contingency"": [[1, 4], [195, 8243]], ""contingency"": [[2, 4], [4541, 9833]]}",{}
NC00962.3,STM-0.15-0.95,0.0,GARC1,RUS,STM,rpsL@E70A,U,{},"{""proportion"": 0.0, ""confidence"": [0.0, 0.7934506856227626], ""p_value"": 1.0, ""solo_contingency"": [[0, 1], [195, 8243]], ""contingency"": [[2, 2], [4541, 9835]]}",{}
NC00962.3,STM-0.15-0.95,0.0,GARC1,RUS,STM,rpsL@A113G,U,{},"{""proportion"": 0.0, ""confidence"": [0.0, 0.7934506856227626], ""p_value"": 1.0, ""solo_contingency"": [[0, 1], [195, 8243]], ""contingency"": [[0, 1], [4543, 9836]]}",{}
NC00962.3,STM-0.15-0.95,0.0,GARC1,RUS,STM,gid@M159I,U,{},"{""proportion"": 0.0, ""confidence"": [0.0, 0.7934506856227626], ""p_value"": 1.0, ""solo_contingency"": [[0, 1], [195, 8243]], ""contingency"": [[0, 1], [4543, 9836]]}",{}
NC00962.3,STM-0.15-0.95,0.0,GARC1,RUS,STM,gid@Q87P,U,{},"{""proportion"": 0.0, ""confidence"": [0.0, 0.7934506856227626], ""p_value"": 1.0, ""solo_contingency"": [[0, 1], [195, 8243]], ""contingency"": [[0, 1], [4543, 9836]]}",{}
NC00962.3,STM-0.15-0.95,0.0,GARC1,RUS,STM,rrs@t93g,U,{},"{""proportion"": 0.0, ""confidence"": [0.0, 0.7934506856227626], ""p_value"": 1.0, ""solo_contingency"": [[0, 1], [195, 8243]], ""contingency"": [[0, 1], [4543, 9836]]}",{}
NC00962.3,STM-0.15-0.95,0.0,GARC1,RUS,STM,gid@G73R,U,{},"{""proportion"": 0.6666666666666666, ""confidence"": [0.20765960080204768, 0.9385080552796037], ""p_value"": 0.06075, ""solo_contingency"": [[2, 1], [195, 8243]], ""contingency"": [[26, 18], [4517, 9819]]}",{}
NC00962.3,STM-0.15-0.95,0.0,GARC1,RUS,STM,gid@A82E,U,{},"{""proportion"": 0.0, ""confidence"": [0.0, 0.7934506856227626], ""p_value"": 1.0, ""solo_contingency"": [[0, 1], [195, 8243]], ""contingency"": [[0, 1], [4543, 9836]]}",{}
NC00962.3,STM-0.15-0.95,0.0,GARC1,RUS,STM,gid@230_del_tgccattggcgatagcgcg,U,{},"{""proportion"": 0.6666666666666666, ""confidence"": [0.20765960080204768, 0.9385080552796037], ""p_value"": 0.06075, ""solo_contingency"": [[2, 1], [195, 8243]], ""contingency"": [[2, 1], [4541, 9836]]}",{}
NC00962.3,STM-0.15-0.95,0.0,GARC1,RUS,STM,gid@373_del_c,U,{},"{""proportion"": 1.0, ""confidence"": [0.20654931437723742, 1.0], ""p_value"": 0.15, ""solo_contingency"": [[1, 0], [195, 8243]], ""contingency"": [[1, 0], [4542, 9837]]}",{}
NC00962.3,STM-0.15-0.95,0.0,GARC1,RUS,STM,gid@R21P,U,{},"{""proportion"": 0.3333333333333333, ""confidence"": [0.061491944720396215, 0.7923403991979523], ""p_value"": 0.38587499999999997, ""solo_contingency"": [[1, 2], [195, 8243]], ""contingency"": [[1, 2], [4542, 9835]]}",{}
NC00962.3,STM-0.15-0.95,0.0,GARC1,RUS,STM,rrs@g1481t,U,{},"{""proportion"": 1.0, ""confidence"": [0.20654931437723742, 1.0], ""p_value"": 0.15, ""solo_contingency"": [[1, 0], [195, 8243]], ""contingency"": [[1, 0], [4542, 9837]]}",{}
NC00962.3,STM-0.15-0.95,0.0,GARC1,RUS,STM,gid@E103!,U,{},"{""proportion"": 0.6666666666666666, ""confidence"": [0.20765960080204768, 0.9385080552796037], ""p_value"": 0.06075, ""solo_contingency"": [[2, 1], [195, 8243]], ""contingency"": [[3, 1], [4540, 9836]]}",{}
NC00962.3,STM-0.15-0.95,0.0,GARC1,RUS,STM,gid@V177M,U,{},"{""proportion"": 1.0, ""confidence"": [0.20654931437723742, 1.0], ""p_value"": 0.15, ""solo_contingency"": [[1, 0], [195, 8243]], ""contingency"": [[1, 0], [4542, 9837]]}",{}
NC00962.3,STM-0.15-0.95,0.0,GARC1,RUS,STM,gid@L90P,U,{},"{""proportion"": 0.5, ""confidence"": [0.09453120573423071, 0.9054687942657693], ""p_value"": 0.2775, ""solo_contingency"": [[1, 1], [195, 8243]], ""contingency"": [[2, 1], [4541, 9836]]}",{}
NC00962.3,STM-0.15-0.95,0.0,GARC1,RUS,STM,gid@G37A,U,{},"{""proportion"": 0.25, ""confidence"": [0.045587260809700575, 0.6993581574175981], ""p_value"": 0.47799375, ""solo_contingency"": [[1, 3], [195, 8243]], ""contingency"": [[1, 3], [4542, 9834]]}",{}
NC00962.3,STM-0.15-0.95,0.0,GARC1,RUS,STM,gid@110_del_g,U,{},"{""proportion"": 1.0, ""confidence"": [0.20654931437723742, 1.0], ""p_value"": 0.15, ""solo_contingency"": [[1, 0], [195, 8243]], ""contingency"": [[1, 0], [4542, 9837]]}",{}
NC00962.3,STM-0.15-0.95,0.0,GARC1,RUS,STM,gid@S70N,U,{},"{""proportion"": 0.6666666666666666, ""confidence"": [0.20765960080204768, 0.9385080552796037], ""p_value"": 0.06075, ""solo_contingency"": [[2, 1], [195, 8243]], ""contingency"": [[2, 2], [4541, 9835]]}",{}
NC00962.3,STM-0.15-0.95,0.0,GARC1,RUS,STM,gid@H48R,U,{},"{""proportion"": 0.5, ""confidence"": [0.09453120573423071, 0.9054687942657693], ""p_value"": 0.2775, ""solo_contingency"": [[1, 1], [195, 8243]], ""contingency"": [[1, 1], [4542, 9836]]}",{}
NC00962.3,STM-0.15-0.95,0.0,GARC1,RUS,STM,gid@R206!,U,{},"{""proportion"": 0.6666666666666666, ""confidence"": [0.20765960080204768, 0.9385080552796037], ""p_value"": 0.06075, ""solo_contingency"": [[2, 1], [195, 8243]], ""contingency"": [[2, 1], [4541, 9836]]}",{}
NC00962.3,STM-0.15-0.95,0.0,GARC1,RUS,STM,gid@G30D,U,{},"{""proportion"": 0.5, ""confidence"": [0.15003898915214947, 0.8499610108478506], ""p_value"": 0.10951875000000001, ""solo_contingency"": [[2, 2], [195, 8243]], ""contingency"": [[7, 2], [4536, 9835]]}",{}
NC00962.3,STM-0.15-0.95,0.0,GARC1,RUS,STM,gid@287_del_g,U,{},"{""proportion"": 1.0, ""confidence"": [0.20654931437723742, 1.0], ""p_value"": 0.15, ""solo_contingency"": [[1, 0], [195, 8243]], ""contingency"": [[1, 0], [4542, 9837]]}",{}
NC00962.3,STM-0.15-0.95,0.0,GARC1,RUS,STM,gid@L50P,U,{},"{""proportion"": 0.5, ""confidence"": [0.09453120573423071, 0.9054687942657693], ""p_value"": 0.2775, ""solo_contingency"": [[1, 1], [195, 8243]], ""contingency"": [[1, 1], [4542, 9836]]}",{}
NC00962.3,STM-0.15-0.95,0.0,GARC1,RUS,STM,gid@H168D,U,{},"{""proportion"": 0.0, ""confidence"": [0.0, 0.7934506856227626], ""p_value"": 1.0, ""solo_contingency"": [[0, 1], [195, 8243]], ""contingency"": [[0, 1], [4543, 9836]]}",{}
NC00962.3,STM-0.15-0.95,0.0,GARC1,RUS,STM,gid@115_ins_cc,U,{},"{""proportion"": 0.0, ""confidence"": [0.0, 0.7934506856227626], ""p_value"": 1.0, ""solo_contingency"": [[0, 1], [195, 8243]], ""contingency"": [[0, 1], [4543, 9836]]}",{}
NC00962.3,STM-0.15-0.95,0.0,GARC1,RUS,STM,gid@W148!,U,{},"{""proportion"": 1.0, ""confidence"": [0.20654931437723742, 1.0], ""p_value"": 0.15, ""solo_contingency"": [[1, 0], [195, 8243]], ""contingency"": [[2, 0], [4541, 9837]]}",{}
NC00962.3,STM-0.15-0.95,0.0,GARC1,RUS,STM,gid@G164R,U,{},"{""proportion"": 1.0, ""confidence"": [0.20654931437723742, 1.0], ""p_value"": 0.15, ""solo_contingency"": [[1, 0], [195, 8243]], ""contingency"": [[1, 0], [4542, 9837]]}",{}
NC00962.3,STM-0.15-0.95,0.0,GARC1,RUS,STM,rrs@t1208c,U,{},"{""proportion"": 1.0, ""confidence"": [0.20654931437723742, 1.0], ""p_value"": 0.15, ""solo_contingency"": [[1, 0], [195, 8243]], ""contingency"": [[1, 0], [4542, 9837]]}",{}
NC00962.3,STM-0.15-0.95,0.0,GARC1,RUS,STM,gid@611_ins_t,U,{},"{""proportion"": 1.0, ""confidence"": [0.20654931437723742, 1.0], ""p_value"": 0.15, ""solo_contingency"": [[1, 0], [195, 8243]], ""contingency"": [[1, 0], [4542, 9837]]}",{}
NC00962.3,STM-0.15-0.95,0.0,GARC1,RUS,STM,gid@V202L,U,{},"{""proportion"": 0.0, ""confidence"": [0.0, 0.7934506856227626], ""p_value"": 1.0, ""solo_contingency"": [[0, 1], [195, 8243]], ""contingency"": [[0, 2], [4543, 9835]]}",{}
NC00962.3,STM-0.15-0.95,0.0,GARC1,RUS,STM,gid@V112G,U,{},"{""proportion"": 0.0, ""confidence"": [0.0, 0.6576197724933469], ""p_value"": 1.0, ""solo_contingency"": [[0, 2], [195, 8243]], ""contingency"": [[0, 2], [4543, 9835]]}",{}
NC00962.3,STM-0.15-0.95,0.0,GARC1,RUS,STM,gid@399_ins_t,U,{},"{""proportion"": 0.5, ""confidence"": [0.09453120573423071, 0.9054687942657693], ""p_value"": 0.2775, ""solo_contingency"": [[1, 1], [195, 8243]], ""contingency"": [[1, 1], [4542, 9836]]}",{}
NC00962.3,STM-0.15-0.95,0.0,GARC1,RUS,STM,gid@L101F,U,{},"{""proportion"": 0.3333333333333333, ""confidence"": [0.061491944720396215, 0.7923403991979523], ""p_value"": 0.38587499999999997, ""solo_contingency"": [[1, 2], [195, 8243]], ""contingency"": [[1, 2], [4542, 9835]]}",{}
NC00962.3,STM-0.15-0.95,0.0,GARC1,RUS,STM,rrs@g1302a,U,{},"{""proportion"": 0.0, ""confidence"": [0.0, 0.7934506856227626], ""p_value"": 1.0, ""solo_contingency"": [[0, 1], [195, 8243]], ""contingency"": [[0, 1], [4543, 9836]]}",{}
NC00962.3,STM-0.15-0.95,0.0,GARC1,RUS,STM,gid@445_ins_a,U,{},"{""proportion"": 1.0, ""confidence"": [0.20654931437723742, 1.0], ""p_value"": 0.15, ""solo_contingency"": [[1, 0], [195, 8243]], ""contingency"": [[1, 0], [4542, 9837]]}",{}
NC00962.3,STM-0.15-0.95,0.0,GARC1,RUS,STM,rrs@g1416a,U,{},"{""proportion"": 0.0, ""confidence"": [0.0, 0.7934506856227626], ""p_value"": 1.0, ""solo_contingency"": [[0, 1], [195, 8243]], ""contingency"": [[0, 1], [4543, 9836]]}",{}
NC00962.3,STM-0.15-0.95,0.0,GARC1,RUS,STM,gid@C52!,U,{},"{""proportion"": 0.0, ""confidence"": [0.0, 0.6576197724933469], ""p_value"": 1.0, ""solo_contingency"": [[0, 2], [195, 8243]], ""contingency"": [[0, 2], [4543, 9835]]}",{}
NC00962.3,STM-0.15-0.95,0.0,GARC1,RUS,STM,gid@D169G,U,{},"{""proportion"": 0.0, ""confidence"": [0.0, 0.6576197724933469], ""p_value"": 1.0, ""solo_contingency"": [[0, 2], [195, 8243]], ""contingency"": [[0, 2], [4543, 9835]]}",{}
NC00962.3,STM-0.15-0.95,0.0,GARC1,RUS,STM,gid@C52W,U,{},"{""proportion"": 0.0, ""confidence"": [0.0, 0.7934506856227626], ""p_value"": 1.0, ""solo_contingency"": [[0, 1], [195, 8243]], ""contingency"": [[0, 1], [4543, 9836]]}",{}
NC00962.3,STM-0.15-0.95,0.0,GARC1,RUS,STM,gid@438_del_g,U,{},"{""proportion"": 1.0, ""confidence"": [0.20654931437723742, 1.0], ""p_value"": 0.15, ""solo_contingency"": [[1, 0], [195, 8243]], ""contingency"": [[1, 0], [4542, 9837]]}",{}
NC00962.3,STM-0.15-0.95,0.0,GARC1,RUS,STM,gid@P75T,U,{},"{""proportion"": 0.0, ""confidence"": [3.584186086443356e-17, 0.3543304350666874], ""p_value"": 0.6039930085937499, ""solo_contingency"": [[0, 7], [195, 8243]], ""contingency"": [[3, 7], [4540, 9830]]}",{}
NC00962.3,STM-0.15-0.95,0.0,GARC1,RUS,STM,gid@418_del_g,U,{},"{""proportion"": 0.0, ""confidence"": [0.0, 0.7934506856227626], ""p_value"": 1.0, ""solo_contingency"": [[0, 1], [195, 8243]], ""contingency"": [[0, 1], [4543, 9836]]}",{}
NC00962.3,STM-0.15-0.95,0.0,GARC1,RUS,STM,gid@-75_del_tgggccagcgtctcgagagcggagaatgtttcacgtgaaacatgacacagacctcacgagccggcggagtgcgtaatgtctccgatcgagcccgcggcgtctgcgatcttcggaccgcggcttggccttgctcggcggtacgccgaagcgttggcgggacccggtgtggagcgggggctggtgggaccccgcgaagtcggtaggctatgggaccggcatctactgaactgcgccgtgatcggtgagctcctcgaacgcggtgaccgggtcgtggatatcggtagcggagccgggttgccgggcgtgccattggcgatagcgcggccggacctccaggtagttctcctagaaccgctactgcgccgcaccgagtttcttcgagagatggtgacag,U,{},"{""proportion"": 0.0, ""confidence"": [0.0, 0.7934506856227626], ""p_value"": 1.0, ""solo_contingency"": [[0, 1], [195, 8243]], ""contingency"": [[0, 1], [4543, 9836]]}",{}
NC00962.3,STM-0.15-0.95,0.0,GARC1,RUS,STM,gid@413_del_c,U,{},"{""proportion"": 0.0, ""confidence"": [0.0, 0.7934506856227626], ""p_value"": 1.0, ""solo_contingency"": [[0, 1], [195, 8243]], ""contingency"": [[1, 2], [4542, 9835]]}",{}
NC00962.3,STM-0.15-0.95,0.0,GARC1,RUS,STM,gid@A167P,U,{},"{""proportion"": 0.0, ""confidence"": [0.0, 0.43448246478317476], ""p_value"": 1.0, ""solo_contingency"": [[0, 5], [195, 8243]], ""contingency"": [[0, 5], [4543, 9832]]}",{}
NC00962.3,STM-0.15-0.95,0.0,GARC1,RUS,STM,rrs@c340t,U,{},"{""proportion"": 0.0, ""confidence"": [0.0, 0.7934506856227626], ""p_value"": 1.0, ""solo_contingency"": [[0, 1], [195, 8243]], ""contingency"": [[1, 1], [4542, 9836]]}",{}
NC00962.3,STM-0.15-0.95,0.0,GARC1,RUS,STM,rrs@t-4g,U,{},"{""proportion"": 0.0, ""confidence"": [0.0, 0.16112515805281938], ""p_value"": 0.06069463194135948, ""solo_contingency"": [[0, 20], [195, 8243]], ""contingency"": [[0, 24], [4543, 9813]]}",{}
NC00962.3,STM-0.15-0.95,0.0,GARC1,RUS,STM,rrs@c182g,U,{},"{""proportion"": 0.0, ""confidence"": [0.0, 0.7934506856227626], ""p_value"": 1.0, ""solo_contingency"": [[0, 1], [195, 8243]], ""contingency"": [[0, 2], [4543, 9835]]}",{}
NC00962.3,STM-0.15-0.95,0.0,GARC1,RUS,STM,rrs@t1216g,U,{},"{""proportion"": 0.0, ""confidence"": [0.0, 0.7934506856227626], ""p_value"": 1.0, ""solo_contingency"": [[0, 1], [195, 8243]], ""contingency"": [[0, 1], [4543, 9836]]}",{}
NC00962.3,STM-0.15-0.95,0.0,GARC1,RUS,STM,rrs@c1220g,U,{},"{""proportion"": 0.0, ""confidence"": [0.0, 0.6576197724933469], ""p_value"": 1.0, ""solo_contingency"": [[0, 2], [195, 8243]], ""contingency"": [[0, 2], [4543, 9835]]}",{}
NC00962.3,STM-0.15-0.95,0.0,GARC1,RUS,STM,rrs@t983c,U,{},"{""proportion"": 0.0, ""confidence"": [0.0, 0.7934506856227626], ""p_value"": 1.0, ""solo_contingency"": [[0, 1], [195, 8243]], ""contingency"": [[0, 1], [4543, 9836]]}",{}
NC00962.3,STM-0.15-0.95,0.0,GARC1,RUS,STM,gid@H174R,U,{},"{""proportion"": 0.0, ""confidence"": [0.0, 0.7934506856227626], ""p_value"": 1.0, ""solo_contingency"": [[0, 1], [195, 8243]], ""contingency"": [[0, 2], [4543, 9835]]}",{}
NC00962.3,STM-0.15-0.95,0.0,GARC1,RUS,STM,rpsL@S17N,U,{},"{""proportion"": 0.0, ""confidence"": [0.0, 0.6576197724933469], ""p_value"": 1.0, ""solo_contingency"": [[0, 2], [195, 8243]], ""contingency"": [[1, 2], [4542, 9835]]}",{}
NC00962.3,STM-0.15-0.95,0.0,GARC1,RUS,STM,gid@K163N,U,{},"{""proportion"": 1.0, ""confidence"": [0.20654931437723742, 1.0], ""p_value"": 0.15, ""solo_contingency"": [[1, 0], [195, 8243]], ""contingency"": [[1, 0], [4542, 9837]]}",{}
NC00962.3,STM-0.15-0.95,0.0,GARC1,RUS,STM,gid@L142W,U,{},"{""proportion"": 1.0, ""confidence"": [0.20654931437723742, 1.0], ""p_value"": 0.15, ""solo_contingency"": [[1, 0], [195, 8243]], ""contingency"": [[1, 0], [4542, 9837]]}",{}
NC00962.3,STM-0.15-0.95,0.0,GARC1,RUS,STM,gid@T146K,U,{},"{""proportion"": 0.5, ""confidence"": [0.09453120573423071, 0.9054687942657693], ""p_value"": 0.2775, ""solo_contingency"": [[1, 1], [195, 8243]], ""contingency"": [[1, 1], [4542, 9836]]}",{}
NC00962.3,STM-0.15-0.95,0.0,GARC1,RUS,STM,gid@475_del_a,U,{},"{""proportion"": 1.0, ""confidence"": [0.20654931437723742, 1.0], ""p_value"": 0.15, ""solo_contingency"": [[1, 0], [195, 8243]], ""contingency"": [[1, 0], [4542, 9837]]}",{}
NC00962.3,STM-0.15-0.95,0.0,GARC1,RUS,STM,gid@107_del_t,U,{},"{""proportion"": 0.0, ""confidence"": [0.0, 0.7934506856227626], ""p_value"": 1.0, ""solo_contingency"": [[0, 1], [195, 8243]], ""contingency"": [[0, 1], [4543, 9836]]}",{}
NC00962.3,STM-0.15-0.95,0.0,GARC1,RUS,STM,gid@C52Y,U,{},"{""proportion"": 0.25, ""confidence"": [0.045587260809700575, 0.6993581574175981], ""p_value"": 0.47799375, ""solo_contingency"": [[1, 3], [195, 8243]], ""contingency"": [[2, 3], [4541, 9834]]}",{}
NC00962.3,STM-0.15-0.95,0.0,GARC1,RUS,STM,gid@G34W,U,{},"{""proportion"": 1.0, ""confidence"": [0.20654931437723742, 1.0], ""p_value"": 0.15, ""solo_contingency"": [[1, 0], [195, 8243]], ""contingency"": [[1, 0], [4542, 9837]]}",{}
NC00962.3,STM-0.15-0.95,0.0,GARC1,RUS,STM,gid@A53D,U,{},"{""proportion"": 0.0, ""confidence"": [0.0, 0.7934506856227626], ""p_value"": 1.0, ""solo_contingency"": [[0, 1], [195, 8243]], ""contingency"": [[1, 1], [4542, 9836]]}",{}
NC00962.3,STM-0.15-0.95,0.0,GARC1,RUS,STM,gid@R83P,U,{},"{""proportion"": 0.5, ""confidence"": [0.09453120573423071, 0.9054687942657693], ""p_value"": 0.2775, ""solo_contingency"": [[1, 1], [195, 8243]], ""contingency"": [[1, 1], [4542, 9836]]}",{}
NC00962.3,STM-0.15-0.95,0.0,GARC1,RUS,STM,rrs@g1099a,U,{},"{""proportion"": 0.0, ""confidence"": [0.0, 0.7934506856227626], ""p_value"": 1.0, ""solo_contingency"": [[0, 1], [195, 8243]], ""contingency"": [[0, 1], [4543, 9836]]}",{}
NC00962.3,STM-0.15-0.95,0.0,GARC1,RUS,STM,gid@W148C,U,{},"{""proportion"": 0.0, ""confidence"": [0.0, 0.7934506856227626], ""p_value"": 1.0, ""solo_contingency"": [[0, 1], [195, 8243]], ""contingency"": [[1, 1], [4542, 9836]]}",{}
NC00962.3,STM-0.15-0.95,0.0,GARC1,RUS,STM,rrs@g-65a,U,{},"{""proportion"": 0.0, ""confidence"": [0.0, 0.4898908364545973], ""p_value"": 1.0, ""solo_contingency"": [[0, 4], [195, 8243]], ""contingency"": [[2, 4], [4541, 9833]]}",{}
NC00962.3,STM-0.15-0.95,0.0,GARC1,RUS,STM,rrs@a970c,U,{},"{""proportion"": 0.0, ""confidence"": [0.0, 0.7934506856227626], ""p_value"": 1.0, ""solo_contingency"": [[0, 1], [195, 8243]], ""contingency"": [[0, 1], [4543, 9836]]}",{}
NC00962.3,STM-0.15-0.95,0.0,GARC1,RUS,STM,gid@c-24t,U,{},"{""proportion"": 0.0, ""confidence"": [0.0, 0.43448246478317476], ""p_value"": 1.0, ""solo_contingency"": [[0, 5], [195, 8243]], ""contingency"": [[0, 5], [4543, 9832]]}",{}
NC00962.3,STM-0.15-0.95,0.0,GARC1,RUS,STM,gid@G62V,U,{},"{""proportion"": 1.0, ""confidence"": [0.20654931437723742, 1.0], ""p_value"": 0.15, ""solo_contingency"": [[1, 0], [195, 8243]], ""contingency"": [[1, 0], [4542, 9837]]}",{}
NC00962.3,STM-0.15-0.95,0.0,GARC1,RUS,STM,rrs@a1409g,U,{},"{""proportion"": 0.0, ""confidence"": [0.0, 0.7934506856227626], ""p_value"": 1.0, ""solo_contingency"": [[0, 1], [195, 8243]], ""contingency"": [[0, 1], [4543, 9836]]}",{}
NC00962.3,STM-0.15-0.95,0.0,GARC1,RUS,STM,rrs@a908c,U,{},"{""proportion"": 0.5, ""confidence"": [0.09453120573423071, 0.9054687942657693], ""p_value"": 0.2775, ""solo_contingency"": [[1, 1], [195, 8243]], ""contingency"": [[5, 1], [4538, 9836]]}",{}
NC00962.3,STM-0.15-0.95,0.0,GARC1,RUS,STM,rrs@g-77c,U,{},"{""proportion"": 0.0, ""confidence"": [0.0, 0.7934506856227626], ""p_value"": 1.0, ""solo_contingency"": [[0, 1], [195, 8243]], ""contingency"": [[0, 1], [4543, 9836]]}",{}
NC00962.3,STM-0.15-0.95,0.0,GARC1,RUS,STM,gid@L91I,U,{},"{""proportion"": 0.0, ""confidence"": [0.0, 0.7934506856227626], ""p_value"": 1.0, ""solo_contingency"": [[0, 1], [195, 8243]], ""contingency"": [[0, 1], [4543, 9836]]}",{}
NC00962.3,STM-0.15-0.95,0.0,GARC1,RUS,STM,rrs@a600g,U,{},"{""proportion"": 0.0, ""confidence"": [0.0, 0.7934506856227626], ""p_value"": 1.0, ""solo_contingency"": [[0, 1], [195, 8243]], ""contingency"": [[0, 1], [4543, 9836]]}",{}
NC00962.3,STM-0.15-0.95,0.0,GARC1,RUS,STM,gid@V88A,U,{},"{""proportion"": 0.25, ""confidence"": [0.045587260809700575, 0.6993581574175981], ""p_value"": 0.47799375, ""solo_contingency"": [[1, 3], [195, 8243]], ""contingency"": [[2, 3], [4541, 9834]]}",{}
NC00962.3,STM-0.15-0.95,0.0,GARC1,RUS,STM,gid@355_del_gc,U,{},"{""proportion"": 0.6666666666666666, ""confidence"": [0.20765960080204768, 0.9385080552796037], ""p_value"": 0.06075, ""solo_contingency"": [[2, 1], [195, 8243]], ""contingency"": [[3, 1], [4540, 9836]]}",{}
NC00962.3,STM-0.15-0.95,0.0,GARC1,RUS,STM,gid@548_ins_a,U,{},"{""proportion"": 1.0, ""confidence"": [0.20654931437723742, 1.0], ""p_value"": 0.15, ""solo_contingency"": [[1, 0], [195, 8243]], ""contingency"": [[1, 0], [4542, 9837]]}",{}
NC00962.3,STM-0.15-0.95,0.0,GARC1,RUS,STM,rrs@g415a,U,{},"{""proportion"": 0.0, ""confidence"": [0.0, 0.7934506856227626], ""p_value"": 1.0, ""solo_contingency"": [[0, 1], [195, 8243]], ""contingency"": [[0, 1], [4543, 9836]]}",{}
NC00962.3,STM-0.15-0.95,0.0,GARC1,RUS,STM,gid@D67A,U,{},"{""proportion"": 0.0, ""confidence"": [0.0, 0.6576197724933469], ""p_value"": 1.0, ""solo_contingency"": [[0, 2], [195, 8243]], ""contingency"": [[0, 2], [4543, 9835]]}",{}
NC00962.3,STM-0.15-0.95,0.0,GARC1,RUS,STM,gid@S149T,U,{},"{""proportion"": 0.0, ""confidence"": [0.0, 0.7934506856227626], ""p_value"": 1.0, ""solo_contingency"": [[0, 1], [195, 8243]], ""contingency"": [[0, 1], [4543, 9836]]}",{}
NC00962.3,STM-0.15-0.95,0.0,GARC1,RUS,STM,gid@L145S,U,{},"{""proportion"": 0.0, ""confidence"": [0.0, 0.7934506856227626], ""p_value"": 1.0, ""solo_contingency"": [[0, 1], [195, 8243]], ""contingency"": [[1, 1], [4542, 9836]]}",{}
NC00962.3,STM-0.15-0.95,0.0,GARC1,RUS,STM,gid@A10V,U,{},"{""proportion"": 0.0, ""confidence"": [0.0, 0.6576197724933469], ""p_value"": 1.0, ""solo_contingency"": [[0, 2], [195, 8243]], ""contingency"": [[2, 4], [4541, 9833]]}",{}
NC00962.3,STM-0.15-0.95,0.0,GARC1,RUS,STM,rpsL@G124S,U,{},"{""proportion"": 0.0, ""confidence"": [0.0, 0.7934506856227626], ""p_value"": 1.0, ""solo_contingency"": [[0, 1], [195, 8243]], ""contingency"": [[0, 4], [4543, 9833]]}",{}
NC00962.3,STM-0.15-0.95,0.0,GARC1,RUS,STM,rrs@g-70c,U,{},"{""proportion"": 0.0, ""confidence"": [0.0, 0.7934506856227626], ""p_value"": 1.0, ""solo_contingency"": [[0, 1], [195, 8243]], ""contingency"": [[0, 1], [4543, 9836]]}",{}
NC00962.3,STM-0.15-0.95,0.0,GARC1,RUS,STM,gid@W45C,U,{},"{""proportion"": 0.0, ""confidence"": [0.0, 0.7934506856227626], ""p_value"": 1.0, ""solo_contingency"": [[0, 1], [195, 8243]], ""contingency"": [[0, 1], [4543, 9836]]}",{}
NC00962.3,STM-0.15-0.95,0.0,GARC1,RUS,STM,gid@-6_del_tgcgtaatgtctccgatcgagcccgcggcgtctgcgatcttcggaccgcggcttggccttgctcggcggtacgccgaagcgttggcgggacccggtgtggagcgggggctggtgggaccccgcgaagtcggtaggctatgggaccggcatctactgaactgcgccgtgatcggtgagctcctcgaacgcggtgaccgggtcgtggatatcggtagcggagccgggttgccgggcgtgccattggcgatagcgcggccggacctccaggtagttctcctagaaccgctactgcgccgcaccgagtttcttcgagagatggtgacagatctgggcgtgg,U,{},"{""proportion"": 0.0, ""confidence"": [0.0, 0.7934506856227626], ""p_value"": 1.0, ""solo_contingency"": [[0, 1], [195, 8243]], ""contingency"": [[0, 1], [4543, 9836]]}",{}
NC00962.3,STM-0.15-0.95,0.0,GARC1,RUS,STM,rrs@g765a,U,{},"{""proportion"": 0.0, ""confidence"": [0.0, 0.7934506856227626], ""p_value"": 1.0, ""solo_contingency"": [[0, 1], [195, 8243]], ""contingency"": [[0, 1], [4543, 9836]]}",{}
NC00962.3,STM-0.15-0.95,0.0,GARC1,RUS,STM,gid@A119V,U,{},"{""proportion"": 0.0, ""confidence"": [0.0, 0.7934506856227626], ""p_value"": 1.0, ""solo_contingency"": [[0, 1], [195, 8243]], ""contingency"": [[1, 1], [4542, 9836]]}",{}
NC00962.3,STM-0.15-0.95,0.0,GARC1,RUS,STM,gid@T190A,U,{},"{""proportion"": 0.0, ""confidence"": [0.0, 0.7934506856227626], ""p_value"": 1.0, ""solo_contingency"": [[0, 1], [195, 8243]], ""contingency"": [[0, 1], [4543, 9836]]}",{}
NC00962.3,STM-0.15-0.95,0.0,GARC1,RUS,STM,gid@c-11g,U,{},"{""proportion"": 0.0, ""confidence"": [0.0, 0.7934506856227626], ""p_value"": 1.0, ""solo_contingency"": [[0, 1], [195, 8243]], ""contingency"": [[0, 1], [4543, 9836]]}",{}
NC00962.3,STM-0.15-0.95,0.0,GARC1,RUS,STM,rrs@c-23t,U,{},"{""proportion"": 0.0, ""confidence"": [0.0, 0.7934506856227626], ""p_value"": 1.0, ""solo_contingency"": [[0, 1], [195, 8243]], ""contingency"": [[0, 1], [4543, 9836]]}",{}
NC00962.3,STM-0.15-0.95,0.0,GARC1,RUS,STM,gid@352_ins_c,U,{},"{""proportion"": 0.5, ""confidence"": [0.09453120573423071, 0.9054687942657693], ""p_value"": 0.2775, ""solo_contingency"": [[1, 1], [195, 8243]], ""contingency"": [[1, 1], [4542, 9836]]}",{}
NC00962.3,STM-0.15-0.95,0.0,GARC1,RUS,STM,gid@48_del_tggc,U,{},"{""proportion"": 0.0, ""confidence"": [0.0, 0.7934506856227626], ""p_value"": 1.0, ""solo_contingency"": [[0, 1], [195, 8243]], ""contingency"": [[0, 1], [4543, 9836]]}",{}
NC00962.3,STM-0.15-0.95,0.0,GARC1,RUS,STM,gid@D67E,U,{},"{""proportion"": 0.0, ""confidence"": [0.0, 0.7934506856227626], ""p_value"": 1.0, ""solo_contingency"": [[0, 1], [195, 8243]], ""contingency"": [[0, 1], [4543, 9836]]}",{}
NC00962.3,STM-0.15-0.95,0.0,GARC1,RUS,STM,rrs@g1303a,U,{},"{""proportion"": 0.0, ""confidence"": [0.0, 0.7934506856227626], ""p_value"": 1.0, ""solo_contingency"": [[0, 1], [195, 8243]], ""contingency"": [[0, 1], [4543, 9836]]}",{}
NC00962.3,STM-0.15-0.95,0.0,GARC1,RUS,STM,gid@I179S,U,{},"{""proportion"": 0.0, ""confidence"": [0.0, 0.7934506856227626], ""p_value"": 1.0, ""solo_contingency"": [[0, 1], [195, 8243]], ""contingency"": [[0, 1], [4543, 9836]]}",{}
NC00962.3,STM-0.15-0.95,0.0,GARC1,RUS,STM,gid@R118P,U,{},"{""proportion"": 0.0, ""confidence"": [0.0, 0.7934506856227626], ""p_value"": 1.0, ""solo_contingency"": [[0, 1], [195, 8243]], ""contingency"": [[0, 1], [4543, 9836]]}",{}
NC00962.3,STM-0.15-0.95,0.0,GARC1,RUS,STM,gid@9_del_gatcgagcccgcggcgtctgcgatcttcggaccgcggcttggccttgctcggcggtacgccgaagcgttggcgggacccggtgtggagcgggggctggtgggacc,U,{},"{""proportion"": 0.5, ""confidence"": [0.09453120573423071, 0.9054687942657693], ""p_value"": 0.2775, ""solo_contingency"": [[1, 1], [195, 8243]], ""contingency"": [[1, 1], [4542, 9836]]}",{}
NC00962.3,STM-0.15-0.95,0.0,GARC1,RUS,STM,gid@D169H,U,{},"{""proportion"": 0.0, ""confidence"": [0.0, 0.7934506856227626], ""p_value"": 1.0, ""solo_contingency"": [[0, 1], [195, 8243]], ""contingency"": [[0, 1], [4543, 9836]]}",{}
NC00962.3,STM-0.15-0.95,0.0,GARC1,RUS,STM,gid@R175G,U,{},"{""proportion"": 0.0, ""confidence"": [0.0, 0.7934506856227626], ""p_value"": 1.0, ""solo_contingency"": [[0, 1], [195, 8243]], ""contingency"": [[0, 1], [4543, 9836]]}",{}
NC00962.3,STM-0.15-0.95,0.0,GARC1,RUS,STM,gid@A161V,U,{},"{""proportion"": 0.0, ""confidence"": [0.0, 0.7934506856227626], ""p_value"": 1.0, ""solo_contingency"": [[0, 1], [195, 8243]], ""contingency"": [[0, 1], [4543, 9836]]}",{}
NC00962.3,STM-0.15-0.95,0.0,GARC1,RUS,STM,rpsL@c-31t,U,{},"{""proportion"": 0.0, ""confidence"": [0.0, 0.6576197724933469], ""p_value"": 1.0, ""solo_contingency"": [[0, 2], [195, 8243]], ""contingency"": [[0, 2], [4543, 9835]]}",{}
NC00962.3,STM-0.15-0.95,0.0,GARC1,RUS,STM,rrs@c-69g,U,{},"{""proportion"": 0.0, ""confidence"": [0.0, 0.7934506856227626], ""p_value"": 1.0, ""solo_contingency"": [[0, 1], [195, 8243]], ""contingency"": [[0, 1], [4543, 9836]]}",{}
NC00962.3,STM-0.15-0.95,0.0,GARC1,RUS,STM,rrs@g285a,U,{},"{""proportion"": 0.0, ""confidence"": [0.0, 0.7934506856227626], ""p_value"": 1.0, ""solo_contingency"": [[0, 1], [195, 8243]], ""contingency"": [[0, 1], [4543, 9836]]}",{}
NC00962.3,STM-0.15-0.95,0.0,GARC1,RUS,STM,rrs@g840a,U,{},"{""proportion"": 0.0, ""confidence"": [0.0, 0.7934506856227626], ""p_value"": 1.0, ""solo_contingency"": [[0, 1], [195, 8243]], ""contingency"": [[0, 1], [4543, 9836]]}",{}
NC00962.3,STM-0.15-0.95,0.0,GARC1,RUS,STM,gid@R20G,U,{},"{""proportion"": 0.0, ""confidence"": [0.0, 0.6576197724933469], ""p_value"": 1.0, ""solo_contingency"": [[0, 2], [195, 8243]], ""contingency"": [[0, 2], [4543, 9835]]}",{}
NC00962.3,STM-0.15-0.95,0.0,GARC1,RUS,STM,gid@c-24a,U,{},"{""proportion"": 0.0, ""confidence"": [0.0, 0.6576197724933469], ""p_value"": 1.0, ""solo_contingency"": [[0, 2], [195, 8243]], ""contingency"": [[0, 2], [4543, 9835]]}",{}
NC00962.3,STM-0.15-0.95,0.0,GARC1,RUS,STM,gid@V124G,U,{},"{""proportion"": 0.2, ""confidence"": [0.03622410863243013, 0.6244653702374747], ""p_value"": 0.5562946875, ""solo_contingency"": [[1, 4], [195, 8243]], ""contingency"": [[2, 4], [4541, 9833]]}",{}
NC00962.3,STM-0.15-0.95,0.0,GARC1,RUS,STM,rrs@-20_ins_tccaaagggagtgtttggg,U,{},"{""proportion"": 0.0, ""confidence"": [0.0, 0.7934506856227626], ""p_value"": 1.0, ""solo_contingency"": [[0, 1], [195, 8243]], ""contingency"": [[0, 1], [4543, 9836]]}",{}
NC00962.3,STM-0.15-0.95,0.0,GARC1,RUS,STM,rpsL@K10T,U,{},"{""proportion"": 0.0, ""confidence"": [0.0, 0.7934506856227626], ""p_value"": 1.0, ""solo_contingency"": [[0, 1], [195, 8243]], ""contingency"": [[0, 1], [4543, 9836]]}",{}
NC00962.3,STM-0.15-0.95,0.0,GARC1,RUS,STM,gid@A133V,U,{},"{""proportion"": 0.0, ""confidence"": [0.0, 0.7934506856227626], ""p_value"": 1.0, ""solo_contingency"": [[0, 1], [195, 8243]], ""contingency"": [[0, 1], [4543, 9836]]}",{}
NC00962.3,STM-0.15-0.95,0.0,GARC1,RUS,STM,gid@659_ins_g,U,{},"{""proportion"": 0.0, ""confidence"": [0.0, 0.7934506856227626], ""p_value"": 1.0, ""solo_contingency"": [[0, 1], [195, 8243]], ""contingency"": [[0, 1], [4543, 9836]]}",{}
NC00962.3,STM-0.15-0.95,0.0,GARC1,RUS,STM,gid@E32D,U,{},"{""proportion"": 0.0, ""confidence"": [0.0, 0.2775327998628892], ""p_value"": 0.3766779239731445, ""solo_contingency"": [[0, 10], [195, 8243]], ""contingency"": [[6, 14], [4537, 9823]]}",{}
NC00962.3,STM-0.15-0.95,0.0,GARC1,RUS,STM,rrs@g1013t,U,{},"{""proportion"": 0.0, ""confidence"": [0.0, 0.7934506856227626], ""p_value"": 1.0, ""solo_contingency"": [[0, 1], [195, 8243]], ""contingency"": [[0, 1], [4543, 9836]]}",{}
NC00962.3,STM-0.15-0.95,0.0,GARC1,RUS,STM,gid@I81R,U,{},"{""proportion"": 0.0, ""confidence"": [0.0, 0.6576197724933469], ""p_value"": 1.0, ""solo_contingency"": [[0, 2], [195, 8243]], ""contingency"": [[0, 3], [4543, 9834]]}",{}
NC00962.3,STM-0.15-0.95,0.0,GARC1,RUS,STM,rpsL@E76A,U,{},"{""proportion"": 0.0, ""confidence"": [0.0, 0.7934506856227626], ""p_value"": 1.0, ""solo_contingency"": [[0, 1], [195, 8243]], ""contingency"": [[0, 1], [4543, 9836]]}",{}
NC00962.3,STM-0.15-0.95,0.0,GARC1,RUS,STM,rrs@c1257t,U,{},"{""proportion"": 0.0, ""confidence"": [0.0, 0.7934506856227626], ""p_value"": 1.0, ""solo_contingency"": [[0, 1], [195, 8243]], ""contingency"": [[0, 1], [4543, 9836]]}",{}
NC00962.3,STM-0.15-0.95,0.0,GARC1,RUS,STM,rrs@g-68c,U,{},"{""proportion"": 0.0, ""confidence"": [0.0, 0.7934506856227626], ""p_value"": 1.0, ""solo_contingency"": [[0, 1], [195, 8243]], ""contingency"": [[2, 2], [4541, 9835]]}",{}
NC00962.3,STM-0.15-0.95,0.0,GARC1,RUS,STM,rrs@c735g,U,{},"{""proportion"": 0.0, ""confidence"": [0.0, 0.7934506856227626], ""p_value"": 1.0, ""solo_contingency"": [[0, 1], [195, 8243]], ""contingency"": [[0, 1], [4543, 9836]]}",{}
NC00962.3,STM-0.15-0.95,0.0,GARC1,RUS,STM,gid@c-71t,U,{},"{""proportion"": 0.0, ""confidence"": [0.0, 0.6576197724933469], ""p_value"": 1.0, ""solo_contingency"": [[0, 2], [195, 8243]], ""contingency"": [[0, 3], [4543, 9834]]}",{}
NC00962.3,STM-0.15-0.95,0.0,GARC1,RUS,STM,gid@G69I,U,{},"{""proportion"": 0.0, ""confidence"": [0.0, 0.6576197724933469], ""p_value"": 1.0, ""solo_contingency"": [[0, 2], [195, 8243]], ""contingency"": [[0, 2], [4543, 9835]]}",{}
NC00962.3,STM-0.15-0.95,0.0,GARC1,RUS,STM,gid@G28V,U,{},"{""proportion"": 0.0, ""confidence"": [0.0, 0.7934506856227626], ""p_value"": 1.0, ""solo_contingency"": [[0, 1], [195, 8243]], ""contingency"": [[0, 1], [4543, 9836]]}",{}
NC00962.3,STM-0.15-0.95,0.0,GARC1,RUS,STM,gid@Y22C,U,{},"{""proportion"": 0.0, ""confidence"": [0.0, 0.7934506856227626], ""p_value"": 1.0, ""solo_contingency"": [[0, 1], [195, 8243]], ""contingency"": [[0, 1], [4543, 9836]]}",{}
NC00962.3,STM-0.15-0.95,0.0,GARC1,RUS,STM,gid@245_del_c,U,{},"{""proportion"": 0.0, ""confidence"": [0.0, 0.7934506856227626], ""p_value"": 1.0, ""solo_contingency"": [[0, 1], [195, 8243]], ""contingency"": [[0, 1], [4543, 9836]]}",{}
NC00962.3,STM-0.15-0.95,0.0,GARC1,RUS,STM,gid@P155S,U,{},"{""proportion"": 0.0, ""confidence"": [0.0, 0.6576197724933469], ""p_value"": 1.0, ""solo_contingency"": [[0, 2], [195, 8243]], ""contingency"": [[0, 2], [4543, 9835]]}",{}
NC00962.3,STM-0.15-0.95,0.0,GARC1,RUS,STM,rpsL@g-58t,U,{},"{""proportion"": 0.0, ""confidence"": [0.0, 0.6576197724933469], ""p_value"": 1.0, ""solo_contingency"": [[0, 2], [195, 8243]], ""contingency"": [[2, 2], [4541, 9835]]}",{}
NC00962.3,STM-0.15-0.95,0.0,GARC1,RUS,STM,rrs@a1370g,U,{},"{""proportion"": 0.0, ""confidence"": [0.0, 0.6576197724933469], ""p_value"": 1.0, ""solo_contingency"": [[0, 2], [195, 8243]], ""contingency"": [[0, 2], [4543, 9835]]}",{}
NC00962.3,STM-0.15-0.95,0.0,GARC1,RUS,STM,gid@P198R,U,{},"{""proportion"": 0.0, ""confidence"": [0.0, 0.7934506856227626], ""p_value"": 1.0, ""solo_contingency"": [[0, 1], [195, 8243]], ""contingency"": [[0, 1], [4543, 9836]]}",{}
NC00962.3,STM-0.15-0.95,0.0,GARC1,RUS,STM,gid@V41A,U,{},"{""proportion"": 0.0, ""confidence"": [0.0, 0.7934506856227626], ""p_value"": 1.0, ""solo_contingency"": [[0, 1], [195, 8243]], ""contingency"": [[0, 1], [4543, 9836]]}",{}
NC00962.3,STM-0.15-0.95,0.0,GARC1,RUS,STM,gid@Y22S,U,{},"{""proportion"": 0.5, ""confidence"": [0.09453120573423071, 0.9054687942657693], ""p_value"": 0.2775, ""solo_contingency"": [[1, 1], [195, 8243]], ""contingency"": [[2, 1], [4541, 9836]]}",{}
NC00962.3,STM-0.15-0.95,0.0,GARC1,RUS,STM,gid@L59R,U,{},"{""proportion"": 1.0, ""confidence"": [0.20654931437723742, 1.0], ""p_value"": 0.15, ""solo_contingency"": [[1, 0], [195, 8243]], ""contingency"": [[1, 0], [4542, 9837]]}",{}
NC00962.3,STM-0.15-0.95,0.0,GARC1,RUS,STM,gid@c-94a,U,{},"{""proportion"": 0.0, ""confidence"": [0.0, 0.6576197724933469], ""p_value"": 1.0, ""solo_contingency"": [[0, 2], [195, 8243]], ""contingency"": [[0, 2], [4543, 9835]]}",{}
NC00962.3,STM-0.15-0.95,0.0,GARC1,RUS,STM,gid@D143Y,U,{},"{""proportion"": 0.0, ""confidence"": [0.0, 0.7934506856227626], ""p_value"": 1.0, ""solo_contingency"": [[0, 1], [195, 8243]], ""contingency"": [[0, 1], [4543, 9836]]}",{}
NC00962.3,STM-0.15-0.95,0.0,GARC1,RUS,STM,rpsL@c-79a,U,{},"{""proportion"": 0.0, ""confidence"": [0.0, 0.7934506856227626], ""p_value"": 1.0, ""solo_contingency"": [[0, 1], [195, 8243]], ""contingency"": [[0, 1], [4543, 9836]]}",{}
NC00962.3,STM-0.15-0.95,0.0,GARC1,RUS,STM,rpsL@T58A,U,{},"{""proportion"": 0.0, ""confidence"": [0.0, 0.7934506856227626], ""p_value"": 1.0, ""solo_contingency"": [[0, 1], [195, 8243]], ""contingency"": [[0, 1], [4543, 9836]]}",{}
NC00962.3,STM-0.15-0.95,0.0,GARC1,RUS,STM,gid@G34R,U,{},"{""proportion"": 0.3333333333333333, ""confidence"": [0.061491944720396215, 0.7923403991979523], ""p_value"": 0.38587499999999997, ""solo_contingency"": [[1, 2], [195, 8243]], ""contingency"": [[1, 2], [4542, 9835]]}",{}
NC00962.3,STM-0.15-0.95,0.0,GARC1,RUS,STM,gid@33_del_cttcggaccgcggcttggccttgctcggcggtacgccgaagcgttggcgggacccggtgtggagcgggggctggtgggaccccgcgaagtcggtaggctatgggaccggcatctactgaactgcgccgtgatcggtgagctcctcgaacgcggtgaccgggtcgtggatatcggtagcggagccgggttgccgggcgtgccattggcgatagcgcggccggacctccaggtagttctcctagaaccgctactgcgccgcaccgagtttcttcgagagatggtgacagatctgggcgtggccgttgagatcgtgcgggggcgcgccgaggagtcctgggtgcaggaccaattgggcggcagcgac,U,{},"{""proportion"": 1.0, ""confidence"": [0.20654931437723742, 1.0], ""p_value"": 0.15, ""solo_contingency"": [[1, 0], [195, 8243]], ""contingency"": [[1, 0], [4542, 9837]]}",{}
NC00962.3,STM-0.15-0.95,0.0,GARC1,RUS,STM,rrs@g1450a,U,{},"{""proportion"": 0.0, ""confidence"": [0.0, 0.7934506856227626], ""p_value"": 1.0, ""solo_contingency"": [[0, 1], [195, 8243]], ""contingency"": [[0, 1], [4543, 9836]]}",{}
NC00962.3,STM-0.15-0.95,0.0,GARC1,RUS,STM,rrs@t1360c,U,{},"{""proportion"": 0.0, ""confidence"": [0.0, 0.6576197724933469], ""p_value"": 1.0, ""solo_contingency"": [[0, 2], [195, 8243]], ""contingency"": [[0, 2], [4543, 9835]]}",{}
NC00962.3,STM-0.15-0.95,0.0,GARC1,RUS,STM,gid@A19P,U,{},"{""proportion"": 0.3333333333333333, ""confidence"": [0.061491944720396215, 0.7923403991979523], ""p_value"": 0.38587499999999997, ""solo_contingency"": [[1, 2], [195, 8243]], ""contingency"": [[1, 2], [4542, 9835]]}",{}
NC00962.3,STM-0.15-0.95,0.0,GARC1,RUS,STM,gid@L74F,U,{},"{""proportion"": 0.0, ""confidence"": [0.0, 0.7934506856227626], ""p_value"": 1.0, ""solo_contingency"": [[0, 1], [195, 8243]], ""contingency"": [[0, 1], [4543, 9836]]}",{}
NC00962.3,STM-0.15-0.95,0.0,GARC1,RUS,STM,rrs@t822c,U,{},"{""proportion"": 0.0, ""confidence"": [4.8683609171202235e-17, 0.5614970317550455], ""p_value"": 1.0, ""solo_contingency"": [[0, 3], [195, 8243]], ""contingency"": [[0, 3], [4543, 9834]]}",{}
NC00962.3,STM-0.15-0.95,0.0,GARC1,RUS,STM,rrs@644_ins_g,U,{},"{""proportion"": 0.0, ""confidence"": [0.0, 0.6576197724933469], ""p_value"": 1.0, ""solo_contingency"": [[0, 2], [195, 8243]], ""contingency"": [[0, 2], [4543, 9835]]}",{}
NC00962.3,STM-0.15-0.95,0.0,GARC1,RUS,STM,rrs@g809a,U,{},"{""proportion"": 0.0, ""confidence"": [0.0, 0.7934506856227626], ""p_value"": 1.0, ""solo_contingency"": [[0, 1], [195, 8243]], ""contingency"": [[0, 1], [4543, 9836]]}",{}
NC00962.3,STM-0.15-0.95,0.0,GARC1,RUS,STM,gid@A205E,U,{},"{""proportion"": 1.0, ""confidence"": [0.20654931437723742, 1.0], ""p_value"": 0.15, ""solo_contingency"": [[1, 0], [195, 8243]], ""contingency"": [[1, 0], [4542, 9837]]}",{}
NC00962.3,STM-0.15-0.95,0.0,GARC1,RUS,STM,rrs@a-35g,U,{},"{""proportion"": 0.0, ""confidence"": [4.8683609171202235e-17, 0.5614970317550455], ""p_value"": 1.0, ""solo_contingency"": [[0, 3], [195, 8243]], ""contingency"": [[0, 3], [4543, 9834]]}",{}
NC00962.3,STM-0.15-0.95,0.0,GARC1,RUS,STM,rrs@c1241t,U,{},"{""proportion"": 0.0, ""confidence"": [0.0, 0.7934506856227626], ""p_value"": 1.0, ""solo_contingency"": [[0, 1], [195, 8243]], ""contingency"": [[0, 1], [4543, 9836]]}",{}
NC00962.3,STM-0.15-0.95,0.0,GARC1,RUS,STM,rrs@g704a,U,{},"{""proportion"": 0.0, ""confidence"": [0.0, 0.6576197724933469], ""p_value"": 1.0, ""solo_contingency"": [[0, 2], [195, 8243]], ""contingency"": [[0, 2], [4543, 9835]]}",{}
NC00962.3,STM-0.15-0.95,0.0,GARC1,RUS,STM,gid@L44R,U,{},"{""proportion"": 0.0, ""confidence"": [0.0, 0.7934506856227626], ""p_value"": 1.0, ""solo_contingency"": [[0, 1], [195, 8243]], ""contingency"": [[1, 1], [4542, 9836]]}",{}
NC00962.3,STM-0.15-0.95,0.0,GARC1,RUS,STM,rrs@t454c,U,{},"{""proportion"": 0.0, ""confidence"": [0.0, 0.7934506856227626], ""p_value"": 1.0, ""solo_contingency"": [[0, 1], [195, 8243]], ""contingency"": [[0, 1], [4543, 9836]]}",{}
NC00962.3,STM-0.15-0.95,0.0,GARC1,RUS,STM,gid@t-65c,U,{},"{""proportion"": 0.0, ""confidence"": [0.0, 0.7934506856227626], ""p_value"": 1.0, ""solo_contingency"": [[0, 1], [195, 8243]], ""contingency"": [[0, 1], [4543, 9836]]}",{}
NC00962.3,STM-0.15-0.95,0.0,GARC1,RUS,STM,gid@R47Q,U,{},"{""proportion"": 0.0, ""confidence"": [0.0, 0.6576197724933469], ""p_value"": 1.0, ""solo_contingency"": [[0, 2], [195, 8243]], ""contingency"": [[0, 2], [4543, 9835]]}",{}
NC00962.3,STM-0.15-0.95,0.0,GARC1,RUS,STM,gid@357_del_c,U,{},"{""proportion"": 0.3333333333333333, ""confidence"": [0.061491944720396215, 0.7923403991979523], ""p_value"": 0.38587499999999997, ""solo_contingency"": [[1, 2], [195, 8243]], ""contingency"": [[2, 2], [4541, 9835]]}",{}
NC00962.3,STM-0.15-0.95,0.0,GARC1,RUS,STM,rrs@1204_ins_a,U,{},"{""proportion"": 0.0, ""confidence"": [0.0, 0.7934506856227626], ""p_value"": 1.0, ""solo_contingency"": [[0, 1], [195, 8243]], ""contingency"": [[0, 1], [4543, 9836]]}",{}
NC00962.3,STM-0.15-0.95,0.0,GARC1,RUS,STM,gid@A133G,U,{},"{""proportion"": 0.0, ""confidence"": [0.0, 0.7934506856227626], ""p_value"": 1.0, ""solo_contingency"": [[0, 1], [195, 8243]], ""contingency"": [[0, 1], [4543, 9836]]}",{}
NC00962.3,STM-0.15-0.95,0.0,GARC1,RUS,STM,gid@F204L,U,{},"{""proportion"": 0.0, ""confidence"": [0.0, 0.6576197724933469], ""p_value"": 1.0, ""solo_contingency"": [[0, 2], [195, 8243]], ""contingency"": [[0, 2], [4543, 9835]]}",{}
NC00962.3,STM-0.15-0.95,0.0,GARC1,RUS,STM,rrs@g1108t,U,{},"{""proportion"": 0.0, ""confidence"": [0.0, 0.7934506856227626], ""p_value"": 1.0, ""solo_contingency"": [[0, 1], [195, 8243]], ""contingency"": [[0, 1], [4543, 9836]]}",{}
NC00962.3,STM-0.15-0.95,0.0,GARC1,RUS,STM,rrs@t-32c,U,{},"{""proportion"": 0.0, ""confidence"": [0.0, 0.7934506856227626], ""p_value"": 1.0, ""solo_contingency"": [[0, 1], [195, 8243]], ""contingency"": [[0, 1], [4543, 9836]]}",{}
NC00962.3,STM-0.15-0.95,0.0,GARC1,RUS,STM,rrs@g935a,U,{},"{""proportion"": 0.0, ""confidence"": [0.0, 0.6576197724933469], ""p_value"": 1.0, ""solo_contingency"": [[0, 2], [195, 8243]], ""contingency"": [[0, 2], [4543, 9835]]}",{}
NC00962.3,STM-0.15-0.95,0.0,GARC1,RUS,STM,rrs@g-71a,U,{},"{""proportion"": 0.0, ""confidence"": [0.0, 0.6576197724933469], ""p_value"": 1.0, ""solo_contingency"": [[0, 2], [195, 8243]], ""contingency"": [[0, 2], [4543, 9835]]}",{}
NC00962.3,STM-0.15-0.95,0.0,GARC1,RUS,STM,gid@R102G,U,{},"{""proportion"": 0.0, ""confidence"": [0.0, 0.7934506856227626], ""p_value"": 1.0, ""solo_contingency"": [[0, 1], [195, 8243]], ""contingency"": [[0, 1], [4543, 9836]]}",{}
NC00962.3,STM-0.15-0.95,0.0,GARC1,RUS,STM,rrs@c397t,U,{},"{""proportion"": 0.0, ""confidence"": [0.0, 0.7934506856227626], ""p_value"": 1.0, ""solo_contingency"": [[0, 1], [195, 8243]], ""contingency"": [[0, 1], [4543, 9836]]}",{}
NC00962.3,STM-0.15-0.95,0.0,GARC1,RUS,STM,rrs@c1319a,U,{},"{""proportion"": 0.0, ""confidence"": [0.0, 0.7934506856227626], ""p_value"": 1.0, ""solo_contingency"": [[0, 1], [195, 8243]], ""contingency"": [[0, 1], [4543, 9836]]}",{}
NC00962.3,STM-0.15-0.95,0.0,GARC1,RUS,STM,gid@I162S,U,{},"{""proportion"": 1.0, ""confidence"": [0.20654931437723742, 1.0], ""p_value"": 0.15, ""solo_contingency"": [[1, 0], [195, 8243]], ""contingency"": [[1, 0], [4542, 9837]]}",{}
NC00962.3,STM-0.15-0.95,0.0,GARC1,RUS,STM,gid@L160V,U,{},"{""proportion"": 0.0, ""confidence"": [0.0, 0.7934506856227626], ""p_value"": 1.0, ""solo_contingency"": [[0, 1], [195, 8243]], ""contingency"": [[0, 1], [4543, 9836]]}",{}
NC00962.3,STM-0.15-0.95,0.0,GARC1,RUS,STM,rrs@c181g,U,{},"{""proportion"": 0.0, ""confidence"": [0.0, 0.7934506856227626], ""p_value"": 1.0, ""solo_contingency"": [[0, 1], [195, 8243]], ""contingency"": [[0, 1], [4543, 9836]]}",{}
NC00962.3,STM-0.15-0.95,0.0,GARC1,RUS,STM,gid@R217W,U,{},"{""proportion"": 0.0, ""confidence"": [0.0, 0.7934506856227626], ""p_value"": 1.0, ""solo_contingency"": [[0, 1], [195, 8243]], ""contingency"": [[0, 1], [4543, 9836]]}",{}
NC00962.3,STM-0.15-0.95,0.0,GARC1,RUS,STM,gid@V41L,U,{},"{""proportion"": 0.0, ""confidence"": [0.0, 0.7934506856227626], ""p_value"": 1.0, ""solo_contingency"": [[0, 1], [195, 8243]], ""contingency"": [[0, 1], [4543, 9836]]}",{}
NC00962.3,STM-0.15-0.95,0.0,GARC1,RUS,STM,rrs@c22t,U,{},"{""proportion"": 0.0, ""confidence"": [0.0, 0.7934506856227626], ""p_value"": 1.0, ""solo_contingency"": [[0, 1], [195, 8243]], ""contingency"": [[0, 1], [4543, 9836]]}",{}
NC00962.3,STM-0.15-0.95,0.0,GARC1,RUS,STM,gid@L79F,U,{},"{""proportion"": 1.0, ""confidence"": [0.20654931437723742, 1.0], ""p_value"": 0.15, ""solo_contingency"": [[1, 0], [195, 8243]], ""contingency"": [[1, 2], [4542, 9835]]}",{}
NC00962.3,STM-0.15-0.95,0.0,GARC1,RUS,STM,rpsL@P2R,U,{},"{""proportion"": 0.0, ""confidence"": [0.0, 0.7934506856227626], ""p_value"": 1.0, ""solo_contingency"": [[0, 1], [195, 8243]], ""contingency"": [[0, 1], [4543, 9836]]}",{}
NC00962.3,STM-0.15-0.95,0.0,GARC1,RUS,STM,gid@V139L,U,{},"{""proportion"": 0.0, ""confidence"": [0.0, 0.7934506856227626], ""p_value"": 1.0, ""solo_contingency"": [[0, 1], [195, 8243]], ""contingency"": [[0, 1], [4543, 9836]]}",{}
NC00962.3,STM-0.15-0.95,0.0,GARC1,RUS,STM,rrs@g1068a,U,{},"{""proportion"": 0.0, ""confidence"": [0.0, 0.7934506856227626], ""p_value"": 1.0, ""solo_contingency"": [[0, 1], [195, 8243]], ""contingency"": [[0, 1], [4543, 9836]]}",{}
NC00962.3,STM-0.15-0.95,0.0,GARC1,RUS,STM,gid@P78Q,U,{},"{""proportion"": 0.0, ""confidence"": [0.0, 0.6576197724933469], ""p_value"": 1.0, ""solo_contingency"": [[0, 2], [195, 8243]], ""contingency"": [[0, 2], [4543, 9835]]}",{}
NC00962.3,STM-0.15-0.95,0.0,GARC1,RUS,STM,gid@R176C,U,{},"{""proportion"": 0.0, ""confidence"": [0.0, 0.7934506856227626], ""p_value"": 1.0, ""solo_contingency"": [[0, 1], [195, 8243]], ""contingency"": [[0, 1], [4543, 9836]]}",{}
NC00962.3,STM-0.15-0.95,0.0,GARC1,RUS,STM,rrs@t200a,U,{},"{""proportion"": 0.0, ""confidence"": [0.0, 0.7934506856227626], ""p_value"": 1.0, ""solo_contingency"": [[0, 1], [195, 8243]], ""contingency"": [[0, 1], [4543, 9836]]}",{}
NC00962.3,STM-0.15-0.95,0.0,GARC1,RUS,STM,gid@R96H,U,{},"{""proportion"": 0.2, ""confidence"": [0.03622410863243013, 0.6244653702374747], ""p_value"": 0.5562946875, ""solo_contingency"": [[1, 4], [195, 8243]], ""contingency"": [[1, 4], [4542, 9833]]}",{}
NC00962.3,STM-0.15-0.95,0.0,GARC1,RUS,STM,rrs@g319a,U,{},"{""proportion"": 0.0, ""confidence"": [0.0, 0.7934506856227626], ""p_value"": 1.0, ""solo_contingency"": [[0, 1], [195, 8243]], ""contingency"": [[0, 1], [4543, 9836]]}",{}
NC00962.3,STM-0.15-0.95,0.0,GARC1,RUS,STM,gid@471_del_g,U,{},"{""proportion"": 0.0, ""confidence"": [0.0, 0.7934506856227626], ""p_value"": 1.0, ""solo_contingency"": [[0, 1], [195, 8243]], ""contingency"": [[0, 1], [4543, 9836]]}",{}
NC00962.3,STM-0.15-0.95,0.0,GARC1,RUS,STM,rrs@c462t,U,{},"{""proportion"": 0.0, ""confidence"": [0.0, 0.7934506856227626], ""p_value"": 1.0, ""solo_contingency"": [[0, 1], [195, 8243]], ""contingency"": [[0, 1], [4543, 9836]]}",{}
NC00962.3,STM-0.15-0.95,0.0,GARC1,RUS,STM,gid@575_ins_g,U,{},"{""proportion"": 0.0, ""confidence"": [0.0, 0.7934506856227626], ""p_value"": 1.0, ""solo_contingency"": [[0, 1], [195, 8243]], ""contingency"": [[0, 1], [4543, 9836]]}",{}
NC00962.3,STM-0.15-0.95,0.0,GARC1,RUS,STM,gid@59_ins_cttgctcg,U,{},"{""proportion"": 1.0, ""confidence"": [0.20654931437723742, 1.0], ""p_value"": 0.15, ""solo_contingency"": [[1, 0], [195, 8243]], ""contingency"": [[1, 0], [4542, 9837]]}",{}
NC00962.3,STM-0.15-0.95,0.0,GARC1,RUS,STM,rrs@t-76g,U,{},"{""proportion"": 0.0, ""confidence"": [0.0, 0.6576197724933469], ""p_value"": 1.0, ""solo_contingency"": [[0, 2], [195, 8243]], ""contingency"": [[0, 2], [4543, 9835]]}",{}
NC00962.3,STM-0.15-0.95,0.0,GARC1,RUS,STM,gid@42_del_g,U,{},"{""proportion"": 0.5, ""confidence"": [0.09453120573423071, 0.9054687942657693], ""p_value"": 0.2775, ""solo_contingency"": [[1, 1], [195, 8243]], ""contingency"": [[1, 1], [4542, 9836]]}",{}
NC00962.3,STM-0.15-0.95,0.0,GARC1,RUS,STM,gid@R15W,U,{},"{""proportion"": 0.0, ""confidence"": [0.0, 0.7934506856227626], ""p_value"": 1.0, ""solo_contingency"": [[0, 1], [195, 8243]], ""contingency"": [[0, 2], [4543, 9835]]}",{}
NC00962.3,STM-0.15-0.95,0.0,GARC1,RUS,STM,gid@326_del_g,U,{},"{""proportion"": 0.0, ""confidence"": [0.0, 0.7934506856227626], ""p_value"": 1.0, ""solo_contingency"": [[0, 1], [195, 8243]], ""contingency"": [[0, 1], [4543, 9836]]}",{}
NC00962.3,STM-0.15-0.95,0.0,GARC1,RUS,STM,gid@A161P,U,{},"{""proportion"": 0.0, ""confidence"": [0.0, 0.7934506856227626], ""p_value"": 1.0, ""solo_contingency"": [[0, 1], [195, 8243]], ""contingency"": [[0, 1], [4543, 9836]]}",{}
NC00962.3,STM-0.15-0.95,0.0,GARC1,RUS,STM,gid@195_ins_c,U,{},"{""proportion"": 0.0, ""confidence"": [0.0, 0.7934506856227626], ""p_value"": 1.0, ""solo_contingency"": [[0, 1], [195, 8243]], ""contingency"": [[0, 1], [4543, 9836]]}",{}
NC00962.3,STM-0.15-0.95,0.0,GARC1,RUS,STM,gid@A19T,U,{},"{""proportion"": 0.0, ""confidence"": [0.0, 0.7934506856227626], ""p_value"": 1.0, ""solo_contingency"": [[0, 1], [195, 8243]], ""contingency"": [[1, 1], [4542, 9836]]}",{}
NC00962.3,STM-0.15-0.95,0.0,GARC1,RUS,STM,gid@A193G,U,{},"{""proportion"": 0.0, ""confidence"": [0.0, 0.7934506856227626], ""p_value"": 1.0, ""solo_contingency"": [[0, 1], [195, 8243]], ""contingency"": [[0, 1], [4543, 9836]]}",{}
NC00962.3,STM-0.15-0.95,0.0,GARC1,RUS,STM,rrs@c499t,U,{},"{""proportion"": 0.0, ""confidence"": [0.0, 0.7934506856227626], ""p_value"": 1.0, ""solo_contingency"": [[0, 1], [195, 8243]], ""contingency"": [[0, 1], [4543, 9836]]}",{}
NC00962.3,STM-0.15-0.95,0.0,GARC1,RUS,STM,gid@545_ins_g,U,{},"{""proportion"": 0.0, ""confidence"": [0.0, 0.7934506856227626], ""p_value"": 1.0, ""solo_contingency"": [[0, 1], [195, 8243]], ""contingency"": [[0, 1], [4543, 9836]]}",{}
NC00962.3,STM-0.15-0.95,0.0,GARC1,RUS,STM,gid@E170K,U,{},"{""proportion"": 0.3333333333333333, ""confidence"": [0.061491944720396215, 0.7923403991979523], ""p_value"": 0.38587499999999997, ""solo_contingency"": [[1, 2], [195, 8243]], ""contingency"": [[2, 2], [4541, 9835]]}",{}
NC00962.3,STM-0.15-0.95,0.0,GARC1,RUS,STM,gid@R187S,U,{},"{""proportion"": 0.0, ""confidence"": [0.0, 0.7934506856227626], ""p_value"": 1.0, ""solo_contingency"": [[0, 1], [195, 8243]], ""contingency"": [[0, 1], [4543, 9836]]}",{}
NC00962.3,STM-0.15-0.95,0.0,GARC1,RUS,STM,gid@R207H,U,{},"{""proportion"": 0.0, ""confidence"": [0.0, 0.7934506856227626], ""p_value"": 1.0, ""solo_contingency"": [[0, 1], [195, 8243]], ""contingency"": [[0, 1], [4543, 9836]]}",{}
NC00962.3,STM-0.15-0.95,0.0,GARC1,RUS,STM,gid@G69S,U,{},"{""proportion"": 0.0, ""confidence"": [0.0, 0.7934506856227626], ""p_value"": 1.0, ""solo_contingency"": [[0, 1], [195, 8243]], ""contingency"": [[0, 1], [4543, 9836]]}",{}
NC00962.3,STM-0.15-0.95,0.0,GARC1,RUS,STM,gid@g-9a,U,{},"{""proportion"": 0.0, ""confidence"": [0.0, 0.7934506856227626], ""p_value"": 1.0, ""solo_contingency"": [[0, 1], [195, 8243]], ""contingency"": [[0, 1], [4543, 9836]]}",{}
NC00962.3,STM-0.15-0.95,0.0,GARC1,RUS,STM,gid@A25V,U,{},"{""proportion"": 0.0, ""confidence"": [0.0, 0.7934506856227626], ""p_value"": 1.0, ""solo_contingency"": [[0, 1], [195, 8243]], ""contingency"": [[0, 1], [4543, 9836]]}",{}
NC00962.3,STM-0.15-0.95,0.0,GARC1,RUS,STM,gid@-17_del_agccggcggagtgcgtaatgtctccgatcgagcccgcggcgtctgcgatcttcggaccgcggcttggccttgctcggcggtacgccgaagcgttggcgggacccggtgtggagcgggggctggtgggaccccgcgaagtcggtaggctatgggaccggcatctactgaactgcg,U,{},"{""proportion"": 0.0, ""confidence"": [0.0, 0.7934506856227626], ""p_value"": 1.0, ""solo_contingency"": [[0, 1], [195, 8243]], ""contingency"": [[0, 1], [4543, 9836]]}",{}
NC00962.3,STM-0.15-0.95,0.0,GARC1,RUS,STM,rrs@g222t,U,{},"{""proportion"": 0.0, ""confidence"": [0.0, 0.7934506856227626], ""p_value"": 1.0, ""solo_contingency"": [[0, 1], [195, 8243]], ""contingency"": [[0, 1], [4543, 9836]]}",{}
NC00962.3,STM-0.15-0.95,0.0,GARC1,RUS,STM,gid@A141T,U,{},"{""proportion"": 0.0, ""confidence"": [0.0, 0.7934506856227626], ""p_value"": 1.0, ""solo_contingency"": [[0, 1], [195, 8243]], ""contingency"": [[0, 1], [4543, 9836]]}",{}
NC00962.3,STM-0.15-0.95,0.0,GARC1,RUS,STM,gid@S136P,U,{},"{""proportion"": 0.0, ""confidence"": [0.0, 0.7934506856227626], ""p_value"": 1.0, ""solo_contingency"": [[0, 1], [195, 8243]], ""contingency"": [[4, 1], [4539, 9836]]}",{}
NC00962.3,STM-0.15-0.95,0.0,GARC1,RUS,STM,gid@A25G,U,{},"{""proportion"": 0.0, ""confidence"": [0.0, 0.7934506856227626], ""p_value"": 1.0, ""solo_contingency"": [[0, 1], [195, 8243]], ""contingency"": [[0, 1], [4543, 9836]]}",{}
NC00962.3,STM-0.15-0.95,0.0,GARC1,RUS,STM,gid@M104R,U,{},"{""proportion"": 1.0, ""confidence"": [0.20654931437723742, 1.0], ""p_value"": 0.15, ""solo_contingency"": [[1, 0], [195, 8243]], ""contingency"": [[1, 0], [4542, 9837]]}",{}
NC00962.3,STM-0.15-0.95,0.0,GARC1,RUS,STM,rrs@t1239c,U,{},"{""proportion"": 0.0, ""confidence"": [3.584186086443356e-17, 0.3543304350666874], ""p_value"": 0.6039930085937499, ""solo_contingency"": [[0, 7], [195, 8243]], ""contingency"": [[0, 7], [4543, 9830]]}",{}
NC00962.3,STM-0.15-0.95,0.0,GARC1,RUS,STM,gid@D107G,U,{},"{""proportion"": 0.0, ""confidence"": [0.0, 0.6576197724933469], ""p_value"": 1.0, ""solo_contingency"": [[0, 2], [195, 8243]], ""contingency"": [[0, 2], [4543, 9835]]}",{}
NC00962.3,STM-0.15-0.95,0.0,GARC1,RUS,STM,gid@S131T,U,{},"{""proportion"": 0.0, ""confidence"": [0.0, 0.7934506856227626], ""p_value"": 1.0, ""solo_contingency"": [[0, 1], [195, 8243]], ""contingency"": [[0, 1], [4543, 9836]]}",{}
NC00962.3,STM-0.15-0.95,0.0,GARC1,RUS,STM,rrs@c1236t,U,{},"{""proportion"": 0.0, ""confidence"": [0.0, 0.6576197724933469], ""p_value"": 1.0, ""solo_contingency"": [[0, 2], [195, 8243]], ""contingency"": [[0, 2], [4543, 9835]]}",{}
NC00962.3,STM-0.15-0.95,0.0,GARC1,RUS,STM,gid@C52R,U,{},"{""proportion"": 0.0, ""confidence"": [0.0, 0.6576197724933469], ""p_value"": 1.0, ""solo_contingency"": [[0, 2], [195, 8243]], ""contingency"": [[0, 3], [4543, 9834]]}",{}
NC00962.3,STM-0.15-0.95,0.0,GARC1,RUS,STM,rrs@c171g,U,{},"{""proportion"": 0.0, ""confidence"": [0.0, 0.6576197724933469], ""p_value"": 1.0, ""solo_contingency"": [[0, 2], [195, 8243]], ""contingency"": [[0, 2], [4543, 9835]]}",{}
NC00962.3,STM-0.15-0.95,0.0,GARC1,RUS,STM,gid@288_ins_gc,U,{},"{""proportion"": 0.0, ""confidence"": [0.0, 0.7934506856227626], ""p_value"": 1.0, ""solo_contingency"": [[0, 1], [195, 8243]], ""contingency"": [[0, 1], [4543, 9836]]}",{}
NC00962.3,STM-0.15-0.95,0.0,GARC1,RUS,STM,rrs@g349a,U,{},"{""proportion"": 0.0, ""confidence"": [0.0, 0.43448246478317476], ""p_value"": 1.0, ""solo_contingency"": [[0, 5], [195, 8243]], ""contingency"": [[2, 7], [4541, 9830]]}",{}
NC00962.3,STM-0.15-0.95,0.0,GARC1,RUS,STM,gid@G164D,U,{},"{""proportion"": 1.0, ""confidence"": [0.20654931437723742, 1.0], ""p_value"": 0.15, ""solo_contingency"": [[1, 0], [195, 8243]], ""contingency"": [[1, 0], [4542, 9837]]}",{}
NC00962.3,STM-0.15-0.95,0.0,GARC1,RUS,STM,rpsL@N73K,U,{},"{""proportion"": 0.0, ""confidence"": [0.0, 0.7934506856227626], ""p_value"": 1.0, ""solo_contingency"": [[0, 1], [195, 8243]], ""contingency"": [[0, 1], [4543, 9836]]}",{}
NC00962.3,STM-0.15-0.95,0.0,GARC1,RUS,STM,gid@R83L,U,{},"{""proportion"": 0.0, ""confidence"": [0.0, 0.7934506856227626], ""p_value"": 1.0, ""solo_contingency"": [[0, 1], [195, 8243]], ""contingency"": [[0, 1], [4543, 9836]]}",{}
NC00962.3,STM-0.15-0.95,0.0,GARC1,RUS,STM,rrs@g179c,U,{},"{""proportion"": 0.0, ""confidence"": [3.584186086443356e-17, 0.3543304350666874], ""p_value"": 0.6039930085937499, ""solo_contingency"": [[0, 7], [195, 8243]], ""contingency"": [[0, 7], [4543, 9830]]}",{}
NC00962.3,STM-0.15-0.95,0.0,GARC1,RUS,STM,gid@77_del_t,U,{},"{""proportion"": 0.0, ""confidence"": [0.0, 0.6576197724933469], ""p_value"": 1.0, ""solo_contingency"": [[0, 2], [195, 8243]], ""contingency"": [[0, 2], [4543, 9835]]}",{}
NC00962.3,STM-0.15-0.95,0.0,GARC1,RUS,STM,gid@T201N,U,{},"{""proportion"": 0.0, ""confidence"": [0.0, 0.7934506856227626], ""p_value"": 1.0, ""solo_contingency"": [[0, 1], [195, 8243]], ""contingency"": [[0, 1], [4543, 9836]]}",{}
NC00962.3,STM-0.15-0.95,0.0,GARC1,RUS,STM,rrs@a392g,U,{},"{""proportion"": 0.0, ""confidence"": [0.0, 0.6576197724933469], ""p_value"": 1.0, ""solo_contingency"": [[0, 2], [195, 8243]], ""contingency"": [[0, 2], [4543, 9835]]}",{}
NC00962.3,STM-0.15-0.95,0.0,GARC1,RUS,STM,gid@R97C,U,{},"{""proportion"": 0.0, ""confidence"": [0.0, 0.6576197724933469], ""p_value"": 1.0, ""solo_contingency"": [[0, 2], [195, 8243]], ""contingency"": [[0, 2], [4543, 9835]]}",{}
NC00962.3,STM-0.15-0.95,0.0,GARC1,RUS,STM,gid@-71_del_ccagcgtctcgagagcggagaatgtttcacgtgaaacatgacacagacctcacgagccggcggagtgcgtaatgtctccgatcgagcccgcggcgtctgcgatcttcggaccgcggcttggccttgctcggcggtacgccgaagcgttggcgggacccggtgtggagcgggggctggtgggaccccgcgaagtcggtaggctatgggaccg,U,{},"{""proportion"": 0.0, ""confidence"": [0.0, 0.7934506856227626], ""p_value"": 1.0, ""solo_contingency"": [[0, 1], [195, 8243]], ""contingency"": [[0, 1], [4543, 9836]]}",{}
NC00962.3,STM-0.15-0.95,0.0,GARC1,RUS,STM,rrs@g660t,U,{},"{""proportion"": 0.0, ""confidence"": [0.0, 0.7934506856227626], ""p_value"": 1.0, ""solo_contingency"": [[0, 1], [195, 8243]], ""contingency"": [[0, 1], [4543, 9836]]}",{}
NC00962.3,STM-0.15-0.95,0.0,GARC1,RUS,STM,gid@E99K,U,{},"{""proportion"": 0.0, ""confidence"": [0.0, 0.6576197724933469], ""p_value"": 1.0, ""solo_contingency"": [[0, 2], [195, 8243]], ""contingency"": [[0, 2], [4543, 9835]]}",{}
NC00962.3,STM-0.15-0.95,0.0,GARC1,RUS,STM,rrs@c136a,U,{},"{""proportion"": 0.0, ""confidence"": [0.0, 0.7934506856227626], ""p_value"": 1.0, ""solo_contingency"": [[0, 1], [195, 8243]], ""contingency"": [[0, 1], [4543, 9836]]}",{}
NC00962.3,STM-0.15-0.95,0.0,GARC1,RUS,STM,rpsL@R116H,U,{},"{""proportion"": 0.0, ""confidence"": [0.0, 0.6576197724933469], ""p_value"": 1.0, ""solo_contingency"": [[0, 2], [195, 8243]], ""contingency"": [[0, 2], [4543, 9835]]}",{}
NC00962.3,STM-0.15-0.95,0.0,GARC1,RUS,STM,rrs@g-74t,U,{},"{""proportion"": 0.0, ""confidence"": [0.0, 0.43448246478317476], ""p_value"": 1.0, ""solo_contingency"": [[0, 5], [195, 8243]], ""contingency"": [[0, 8], [4543, 9829]]}",{}
NC00962.3,STM-0.15-0.95,0.0,GARC1,RUS,STM,rrs@t663c,U,{},"{""proportion"": 0.0, ""confidence"": [0.0, 0.7934506856227626], ""p_value"": 1.0, ""solo_contingency"": [[0, 1], [195, 8243]], ""contingency"": [[0, 1], [4543, 9836]]}",{}
NC00962.3,STM-0.15-0.95,0.0,GARC1,RUS,STM,rrs@c923t,U,{},"{""proportion"": 0.0, ""confidence"": [0.0, 0.7934506856227626], ""p_value"": 1.0, ""solo_contingency"": [[0, 1], [195, 8243]], ""contingency"": [[0, 1], [4543, 9836]]}",{}
NC00962.3,STM-0.15-0.95,0.0,GARC1,RUS,STM,gid@A183E,U,{},"{""proportion"": 0.5, ""confidence"": [0.09453120573423071, 0.9054687942657693], ""p_value"": 0.2775, ""solo_contingency"": [[1, 1], [195, 8243]], ""contingency"": [[1, 1], [4542, 9836]]}",{}
NC00962.3,STM-0.15-0.95,0.0,GARC1,RUS,STM,rrs@g-7t,U,{},"{""proportion"": 0.0, ""confidence"": [0.0, 0.7934506856227626], ""p_value"": 1.0, ""solo_contingency"": [[0, 1], [195, 8243]], ""contingency"": [[0, 1], [4543, 9836]]}",{}
NC00962.3,STM-0.15-0.95,0.0,GARC1,RUS,STM,rrs@205_ins_t,U,{},"{""proportion"": 0.0, ""confidence"": [0.0, 0.7934506856227626], ""p_value"": 1.0, ""solo_contingency"": [[0, 1], [195, 8243]], ""contingency"": [[0, 1], [4543, 9836]]}",{}
NC00962.3,STM-0.15-0.95,0.0,GARC1,RUS,STM,rrs@g1031t,U,{},"{""proportion"": 0.0, ""confidence"": [0.0, 0.7934506856227626], ""p_value"": 1.0, ""solo_contingency"": [[0, 1], [195, 8243]], ""contingency"": [[0, 1], [4543, 9836]]}",{}
NC00962.3,STM-0.15-0.95,0.0,GARC1,RUS,STM,gid@E99!,U,{},"{""proportion"": 1.0, ""confidence"": [0.20654931437723742, 1.0], ""p_value"": 0.15, ""solo_contingency"": [[1, 0], [195, 8243]], ""contingency"": [[1, 0], [4542, 9837]]}",{}
NC00962.3,STM-0.15-0.95,0.0,GARC1,RUS,STM,gid@a-50g,U,{},"{""proportion"": 0.0, ""confidence"": [0.0, 0.6576197724933469], ""p_value"": 1.0, ""solo_contingency"": [[0, 2], [195, 8243]], ""contingency"": [[0, 3], [4543, 9834]]}",{}
NC00962.3,STM-0.15-0.95,0.0,GARC1,RUS,STM,gid@L35M,U,{},"{""proportion"": 0.0, ""confidence"": [0.0, 0.7934506856227626], ""p_value"": 1.0, ""solo_contingency"": [[0, 1], [195, 8243]], ""contingency"": [[0, 1], [4543, 9836]]}",{}
NC00962.3,STM-0.15-0.95,0.0,GARC1,RUS,STM,gid@g-99a,U,{},"{""proportion"": 0.0, ""confidence"": [0.0, 0.6576197724933469], ""p_value"": 1.0, ""solo_contingency"": [[0, 2], [195, 8243]], ""contingency"": [[0, 2], [4543, 9835]]}",{}
NC00962.3,STM-0.15-0.95,0.0,GARC1,RUS,STM,rpsL@D14E,U,{},"{""proportion"": 0.0, ""confidence"": [0.0, 0.7934506856227626], ""p_value"": 1.0, ""solo_contingency"": [[0, 1], [195, 8243]], ""contingency"": [[0, 1], [4543, 9836]]}",{}
NC00962.3,STM-0.15-0.95,0.0,GARC1,RUS,STM,gid@P6T,U,{},"{""proportion"": 0.0, ""confidence"": [0.0, 0.7934506856227626], ""p_value"": 1.0, ""solo_contingency"": [[0, 1], [195, 8243]], ""contingency"": [[0, 1], [4543, 9836]]}",{}
NC00962.3,STM-0.15-0.95,0.0,GARC1,RUS,STM,rpsL@K108T,U,{},"{""proportion"": 0.0, ""confidence"": [0.0, 0.7934506856227626], ""p_value"": 1.0, ""solo_contingency"": [[0, 1], [195, 8243]], ""contingency"": [[0, 1], [4543, 9836]]}",{}
NC00962.3,STM-0.15-0.95,0.0,GARC1,RUS,STM,gid@314_del_t,U,{},"{""proportion"": 1.0, ""confidence"": [0.20654931437723742, 1.0], ""p_value"": 0.15, ""solo_contingency"": [[1, 0], [195, 8243]], ""contingency"": [[1, 0], [4542, 9837]]}",{}
NC00962.3,STM-0.15-0.95,0.0,GARC1,RUS,STM,gid@E92Q,U,{},"{""proportion"": 0.0, ""confidence"": [0.0, 0.7934506856227626], ""p_value"": 1.0, ""solo_contingency"": [[0, 1], [195, 8243]], ""contingency"": [[0, 1], [4543, 9836]]}",{}
NC00962.3,STM-0.15-0.95,0.0,GARC1,RUS,STM,rrs@c1441t,U,{},"{""proportion"": 0.0, ""confidence"": [0.0, 0.6576197724933469], ""p_value"": 1.0, ""solo_contingency"": [[0, 2], [195, 8243]], ""contingency"": [[0, 2], [4543, 9835]]}",{}
NC00962.3,STM-0.15-0.95,0.0,GARC1,RUS,STM,gid@G37!,U,{},"{""proportion"": 0.5, ""confidence"": [0.09453120573423071, 0.9054687942657693], ""p_value"": 0.2775, ""solo_contingency"": [[1, 1], [195, 8243]], ""contingency"": [[1, 1], [4542, 9836]]}",{}
NC00962.3,STM-0.15-0.95,0.0,GARC1,RUS,STM,gid@R20Q,U,{},"{""proportion"": 0.0, ""confidence"": [0.0, 0.6576197724933469], ""p_value"": 1.0, ""solo_contingency"": [[0, 2], [195, 8243]], ""contingency"": [[0, 2], [4543, 9835]]}",{}
NC00962.3,STM-0.15-0.95,0.0,GARC1,RUS,STM,gid@G34E,U,{},"{""proportion"": 1.0, ""confidence"": [0.20654931437723742, 1.0], ""p_value"": 0.15, ""solo_contingency"": [[1, 0], [195, 8243]], ""contingency"": [[2, 0], [4541, 9837]]}",{}
NC00962.3,STM-0.15-0.95,0.0,GARC1,RUS,STM,gid@V89A,U,{},"{""proportion"": 0.0, ""confidence"": [0.0, 0.7934506856227626], ""p_value"": 1.0, ""solo_contingency"": [[0, 1], [195, 8243]], ""contingency"": [[0, 1], [4543, 9836]]}",{}
NC00962.3,STM-0.15-0.95,0.0,GARC1,RUS,STM,gid@I68S,U,{},"{""proportion"": 1.0, ""confidence"": [0.20654931437723742, 1.0], ""p_value"": 0.15, ""solo_contingency"": [[1, 0], [195, 8243]], ""contingency"": [[1, 0], [4542, 9837]]}",{}
NC00962.3,STM-0.15-0.95,0.0,GARC1,RUS,STM,gid@G28!,U,{},"{""proportion"": 0.5, ""confidence"": [0.09453120573423071, 0.9054687942657693], ""p_value"": 0.2775, ""solo_contingency"": [[1, 1], [195, 8243]], ""contingency"": [[1, 1], [4542, 9836]]}",{}
NC00962.3,STM-0.15-0.95,0.0,GARC1,RUS,STM,rrs@c196t,U,{},"{""proportion"": 0.0, ""confidence"": [0.0, 0.7934506856227626], ""p_value"": 1.0, ""solo_contingency"": [[0, 1], [195, 8243]], ""contingency"": [[0, 1], [4543, 9836]]}",{}
NC00962.3,STM-0.15-0.95,0.0,GARC1,RUS,STM,gid@V105G,U,{},"{""proportion"": 0.0, ""confidence"": [0.0, 0.7934506856227626], ""p_value"": 1.0, ""solo_contingency"": [[0, 1], [195, 8243]], ""contingency"": [[0, 1], [4543, 9836]]}",{}
NC00962.3,STM-0.15-0.95,0.0,GARC1,RUS,STM,rrs@c270t,U,{},"{""proportion"": 0.0, ""confidence"": [0.0, 0.7934506856227626], ""p_value"": 1.0, ""solo_contingency"": [[0, 1], [195, 8243]], ""contingency"": [[0, 3], [4543, 9834]]}",{}
NC00962.3,STM-0.15-0.95,0.0,GARC1,RUS,STM,gid@L86R,U,{},"{""proportion"": 0.0, ""confidence"": [0.0, 0.7934506856227626], ""p_value"": 1.0, ""solo_contingency"": [[0, 1], [195, 8243]], ""contingency"": [[0, 1], [4543, 9836]]}",{}
NC00962.3,STM-0.15-0.95,0.0,GARC1,RUS,STM,gid@A183T,U,{},"{""proportion"": 0.0, ""confidence"": [0.0, 0.7934506856227626], ""p_value"": 1.0, ""solo_contingency"": [[0, 1], [195, 8243]], ""contingency"": [[0, 1], [4543, 9836]]}",{}
NC00962.3,STM-0.15-0.95,0.0,GARC1,RUS,STM,gid@296_ins_a,U,{},"{""proportion"": 0.0, ""confidence"": [0.0, 0.7934506856227626], ""p_value"": 1.0, ""solo_contingency"": [[0, 1], [195, 8243]], ""contingency"": [[0, 1], [4543, 9836]]}",{}
NC00962.3,STM-0.15-0.95,0.0,GARC1,RUS,STM,gid@I55V,U,{},"{""proportion"": 0.0, ""confidence"": [0.0, 0.7934506856227626], ""p_value"": 1.0, ""solo_contingency"": [[0, 1], [195, 8243]], ""contingency"": [[0, 1], [4543, 9836]]}",{}
NC00962.3,STM-0.15-0.95,0.0,GARC1,RUS,STM,rrs@t1109c,U,{},"{""proportion"": 0.0, ""confidence"": [0.0, 0.6576197724933469], ""p_value"": 1.0, ""solo_contingency"": [[0, 2], [195, 8243]], ""contingency"": [[0, 2], [4543, 9835]]}",{}
NC00962.3,STM-0.15-0.95,0.0,GARC1,RUS,STM,rrs@t847c,U,{},"{""proportion"": 0.0, ""confidence"": [0.0, 0.7934506856227626], ""p_value"": 1.0, ""solo_contingency"": [[0, 1], [195, 8243]], ""contingency"": [[0, 1], [4543, 9836]]}",{}
NC00962.3,STM-0.15-0.95,0.0,GARC1,RUS,STM,rrs@c1112t,U,{},"{""proportion"": 0.0, ""confidence"": [0.0, 0.7934506856227626], ""p_value"": 1.0, ""solo_contingency"": [[0, 1], [195, 8243]], ""contingency"": [[0, 1], [4543, 9836]]}",{}
NC00962.3,STM-0.15-0.95,0.0,GARC1,RUS,STM,gid@T146A,U,{},"{""proportion"": 0.0, ""confidence"": [0.0, 0.7934506856227626], ""p_value"": 1.0, ""solo_contingency"": [[0, 1], [195, 8243]], ""contingency"": [[0, 1], [4543, 9836]]}",{}
NC00962.3,STM-0.15-0.95,0.0,GARC1,RUS,STM,gid@A23P,U,{},"{""proportion"": 0.0, ""confidence"": [0.0, 0.7934506856227626], ""p_value"": 1.0, ""solo_contingency"": [[0, 1], [195, 8243]], ""contingency"": [[0, 1], [4543, 9836]]}",{}
NC00962.3,STM-0.15-0.95,0.0,GARC1,RUS,STM,gid@P151S,U,{},"{""proportion"": 0.0, ""confidence"": [0.0, 0.7934506856227626], ""p_value"": 1.0, ""solo_contingency"": [[0, 1], [195, 8243]], ""contingency"": [[0, 1], [4543, 9836]]}",{}
NC00962.3,STM-0.15-0.95,0.0,GARC1,RUS,STM,gid@a-8c,U,{},"{""proportion"": 0.0, ""confidence"": [0.0, 0.7934506856227626], ""p_value"": 1.0, ""solo_contingency"": [[0, 1], [195, 8243]], ""contingency"": [[0, 1], [4543, 9836]]}",{}
NC00962.3,STM-0.15-0.95,0.0,GARC1,RUS,STM,gid@P38S,U,{},"{""proportion"": 0.0, ""confidence"": [0.0, 0.7934506856227626], ""p_value"": 1.0, ""solo_contingency"": [[0, 1], [195, 8243]], ""contingency"": [[0, 1], [4543, 9836]]}",{}
NC00962.3,STM-0.15-0.95,0.0,GARC1,RUS,STM,gid@N51K,U,{},"{""proportion"": 0.0, ""confidence"": [0.0, 0.7934506856227626], ""p_value"": 1.0, ""solo_contingency"": [[0, 1], [195, 8243]], ""contingency"": [[1, 10], [4542, 9827]]}",{}
NC00962.3,STM-0.15-0.95,0.0,GARC1,RUS,STM,gid@P6L,U,{},"{""proportion"": 0.0, ""confidence"": [0.0, 0.7934506856227626], ""p_value"": 1.0, ""solo_contingency"": [[0, 1], [195, 8243]], ""contingency"": [[1, 1], [4542, 9836]]}",{}
NC00962.3,STM-0.15-0.95,0.0,GARC1,RUS,STM,gid@337_ins_g,U,{},"{""proportion"": 1.0, ""confidence"": [0.20654931437723742, 1.0], ""p_value"": 0.15, ""solo_contingency"": [[1, 0], [195, 8243]], ""contingency"": [[1, 0], [4542, 9837]]}",{}
NC00962.3,STM-0.15-0.95,0.0,GARC1,RUS,STM,rrs@t213a,U,{},"{""proportion"": 0.0, ""confidence"": [0.0, 0.7934506856227626], ""p_value"": 1.0, ""solo_contingency"": [[0, 1], [195, 8243]], ""contingency"": [[0, 1], [4543, 9836]]}",{}
NC00962.3,STM-0.15-0.95,0.0,GARC1,RUS,STM,gid@R64P,U,{},"{""proportion"": 1.0, ""confidence"": [0.20654931437723742, 1.0], ""p_value"": 0.15, ""solo_contingency"": [[1, 0], [195, 8243]], ""contingency"": [[2, 0], [4541, 9837]]}",{}
NC00962.3,STM-0.15-0.95,0.0,GARC1,RUS,STM,gid@550_del_g,U,{},"{""proportion"": 1.0, ""confidence"": [0.20654931437723742, 1.0], ""p_value"": 0.15, ""solo_contingency"": [[1, 0], [195, 8243]], ""contingency"": [[1, 0], [4542, 9837]]}",{}
NC00962.3,STM-0.15-0.95,0.0,GARC1,RUS,STM,gid@c-64a,U,{},"{""proportion"": 0.0, ""confidence"": [0.0, 0.7934506856227626], ""p_value"": 1.0, ""solo_contingency"": [[0, 1], [195, 8243]], ""contingency"": [[0, 1], [4543, 9836]]}",{}
NC00962.3,STM-0.15-0.95,0.0,GARC1,RUS,STM,gid@247_del_c,U,{},"{""proportion"": 1.0, ""confidence"": [0.20654931437723742, 1.0], ""p_value"": 0.15, ""solo_contingency"": [[1, 0], [195, 8243]], ""contingency"": [[1, 0], [4542, 9837]]}",{}
NC00962.3,STM-0.15-0.95,0.0,GARC1,RUS,STM,gid@525_del_g,U,{},"{""proportion"": 1.0, ""confidence"": [0.20654931437723742, 1.0], ""p_value"": 0.15, ""solo_contingency"": [[1, 0], [195, 8243]], ""contingency"": [[1, 0], [4542, 9837]]}",{}
NC00962.3,STM-0.15-0.95,0.0,GARC1,RUS,STM,rrs@g217a,U,{},"{""proportion"": 0.0, ""confidence"": [0.0, 0.7934506856227626], ""p_value"": 1.0, ""solo_contingency"": [[0, 1], [195, 8243]], ""contingency"": [[0, 1], [4543, 9836]]}",{}
NC00962.3,STM-0.15-0.95,0.0,GARC1,RUS,STM,gid@A80P,U,{},"{""proportion"": 0.5, ""confidence"": [0.09453120573423071, 0.9054687942657693], ""p_value"": 0.2775, ""solo_contingency"": [[1, 1], [195, 8243]], ""contingency"": [[3, 1], [4540, 9836]]}",{}
NC00962.3,STM-0.15-0.95,0.0,GARC1,RUS,STM,gid@E60D,U,{},"{""proportion"": 0.0, ""confidence"": [0.0, 0.7934506856227626], ""p_value"": 1.0, ""solo_contingency"": [[0, 1], [195, 8243]], ""contingency"": [[0, 1], [4543, 9836]]}",{}
NC00962.3,STM-0.15-0.95,0.0,GARC1,RUS,STM,gid@253_del_g,U,{},"{""proportion"": 1.0, ""confidence"": [0.20654931437723742, 1.0], ""p_value"": 0.15, ""solo_contingency"": [[1, 0], [195, 8243]], ""contingency"": [[1, 0], [4542, 9837]]}",{}
NC00962.3,STM-0.15-0.95,0.0,GARC1,RUS,STM,gid@92_del_t,U,{},"{""proportion"": 0.0, ""confidence"": [0.0, 0.7934506856227626], ""p_value"": 1.0, ""solo_contingency"": [[0, 1], [195, 8243]], ""contingency"": [[0, 1], [4543, 9836]]}",{}
NC00962.3,STM-0.15-0.95,0.0,GARC1,RUS,STM,gid@R64Q,U,{},"{""proportion"": 0.0, ""confidence"": [0.0, 0.7934506856227626], ""p_value"": 1.0, ""solo_contingency"": [[0, 1], [195, 8243]], ""contingency"": [[0, 1], [4543, 9836]]}",{}
NC00962.3,STM-0.15-0.95,0.0,GARC1,RUS,STM,rrs@a1219g,U,{},"{""proportion"": 0.0, ""confidence"": [0.0, 0.7934506856227626], ""p_value"": 1.0, ""solo_contingency"": [[0, 1], [195, 8243]], ""contingency"": [[0, 1], [4543, 9836]]}",{}
NC00962.3,STM-0.15-0.95,0.0,GARC1,RUS,STM,gid@F100V,U,{},"{""proportion"": 0.0, ""confidence"": [0.0, 0.7934506856227626], ""p_value"": 1.0, ""solo_contingency"": [[0, 1], [195, 8243]], ""contingency"": [[2, 1], [4541, 9836]]}",{}
NC00962.3,STM-0.15-0.95,0.0,GARC1,RUS,STM,gid@V139A,U,{},"{""proportion"": 1.0, ""confidence"": [0.20654931437723742, 1.0], ""p_value"": 0.15, ""solo_contingency"": [[1, 0], [195, 8243]], ""contingency"": [[1, 0], [4542, 9837]]}",{}
NC00962.3,STM-0.15-0.95,0.0,GARC1,RUS,STM,rrs@a1469g,U,{},"{""proportion"": 0.0, ""confidence"": [0.0, 0.6576197724933469], ""p_value"": 1.0, ""solo_contingency"": [[0, 2], [195, 8243]], ""contingency"": [[0, 2], [4543, 9835]]}",{}
NC00962.3,STM-0.15-0.95,0.0,GARC1,RUS,STM,rrs@c1153t,U,{},"{""proportion"": 0.0, ""confidence"": [0.0, 0.7934506856227626], ""p_value"": 1.0, ""solo_contingency"": [[0, 1], [195, 8243]], ""contingency"": [[0, 1], [4543, 9836]]}",{}
NC00962.3,STM-0.15-0.95,0.0,GARC1,RUS,STM,gid@V202A,U,{},"{""proportion"": 0.0, ""confidence"": [0.0, 0.7934506856227626], ""p_value"": 1.0, ""solo_contingency"": [[0, 1], [195, 8243]], ""contingency"": [[2, 1], [4541, 9836]]}",{}
NC00962.3,STM-0.15-0.95,0.0,GARC1,RUS,STM,gid@A8E,U,{},"{""proportion"": 0.0, ""confidence"": [0.0, 0.7934506856227626], ""p_value"": 1.0, ""solo_contingency"": [[0, 1], [195, 8243]], ""contingency"": [[0, 1], [4543, 9836]]}",{}
NC00962.3,STM-0.15-0.95,0.0,GARC1,RUS,STM,rrs@c306t,U,{},"{""proportion"": 0.0, ""confidence"": [0.0, 0.7934506856227626], ""p_value"": 1.0, ""solo_contingency"": [[0, 1], [195, 8243]], ""contingency"": [[0, 1], [4543, 9836]]}",{}
NC00962.3,STM-0.15-0.95,0.0,GARC1,RUS,STM,rrs@c1001g,U,{},"{""proportion"": 0.0, ""confidence"": [0.0, 0.7934506856227626], ""p_value"": 1.0, ""solo_contingency"": [[0, 1], [195, 8243]], ""contingency"": [[0, 1], [4543, 9836]]}",{}
NC00962.3,STM-0.15-0.95,0.0,GARC1,RUS,STM,rrs@480_ins_t,U,{},"{""proportion"": 0.0, ""confidence"": [0.0, 0.7934506856227626], ""p_value"": 1.0, ""solo_contingency"": [[0, 1], [195, 8243]], ""contingency"": [[0, 1], [4543, 9836]]}",{}
NC00962.3,STM-0.15-0.95,0.0,GARC1,RUS,STM,rrs@159_ins_t,U,{},"{""proportion"": 0.0, ""confidence"": [0.0, 0.7934506856227626], ""p_value"": 1.0, ""solo_contingency"": [[0, 1], [195, 8243]], ""contingency"": [[0, 1], [4543, 9836]]}",{}
NC00962.3,STM-0.15-0.95,0.0,GARC1,RUS,STM,rrs@t-67c,U,{},"{""proportion"": 0.0, ""confidence"": [0.0, 0.6576197724933469], ""p_value"": 1.0, ""solo_contingency"": [[0, 2], [195, 8243]], ""contingency"": [[0, 2], [4543, 9835]]}",{}
NC00962.3,STM-0.15-0.95,0.0,GARC1,RUS,STM,gid@c-14t,U,{},"{""proportion"": 0.0, ""confidence"": [0.0, 0.7934506856227626], ""p_value"": 1.0, ""solo_contingency"": [[0, 1], [195, 8243]], ""contingency"": [[0, 1], [4543, 9836]]}",{}
NC00962.3,STM-0.15-0.95,0.0,GARC1,RUS,STM,rrs@t603c,U,{},"{""proportion"": 0.0, ""confidence"": [0.0, 0.7934506856227626], ""p_value"": 1.0, ""solo_contingency"": [[0, 1], [195, 8243]], ""contingency"": [[0, 1], [4543, 9836]]}",{}
NC00962.3,STM-0.15-0.95,0.0,GARC1,RUS,STM,gid@E170D,U,{},"{""proportion"": 0.0, ""confidence"": [0.0, 0.7934506856227626], ""p_value"": 1.0, ""solo_contingency"": [[0, 1], [195, 8243]], ""contingency"": [[1, 2], [4542, 9835]]}",{}
NC00962.3,STM-0.15-0.95,0.0,GARC1,RUS,STM,gid@c-79a,U,{},"{""proportion"": 0.0, ""confidence"": [0.0, 0.7934506856227626], ""p_value"": 1.0, ""solo_contingency"": [[0, 1], [195, 8243]], ""contingency"": [[0, 1], [4543, 9836]]}",{}
NC00962.3,STM-0.15-0.95,0.0,GARC1,RUS,STM,rrs@c1390g,U,{},"{""proportion"": 0.0, ""confidence"": [0.0, 0.7934506856227626], ""p_value"": 1.0, ""solo_contingency"": [[0, 1], [195, 8243]], ""contingency"": [[0, 1], [4543, 9836]]}",{}
NC00962.3,STM-0.15-0.95,0.0,GARC1,RUS,STM,gid@A19G,U,{},"{""proportion"": 0.0, ""confidence"": [0.0, 0.6576197724933469], ""p_value"": 1.0, ""solo_contingency"": [[0, 2], [195, 8243]], ""contingency"": [[0, 2], [4543, 9835]]}",{}
NC00962.3,STM-0.15-0.95,0.0,GARC1,RUS,STM,gid@S181L,U,{},"{""proportion"": 0.0, ""confidence"": [0.0, 0.7934506856227626], ""p_value"": 1.0, ""solo_contingency"": [[0, 1], [195, 8243]], ""contingency"": [[0, 1], [4543, 9836]]}",{}
NC00962.3,STM-0.15-0.95,0.0,GARC1,RUS,STM,gid@W148L,U,{},"{""proportion"": 0.0, ""confidence"": [0.0, 0.7934506856227626], ""p_value"": 1.0, ""solo_contingency"": [[0, 1], [195, 8243]], ""contingency"": [[1, 2], [4542, 9835]]}",{}
NC00962.3,STM-0.15-0.95,0.0,GARC1,RUS,STM,gid@c-56t,U,{},"{""proportion"": 0.0, ""confidence"": [0.0, 0.7934506856227626], ""p_value"": 1.0, ""solo_contingency"": [[0, 1], [195, 8243]], ""contingency"": [[0, 1], [4543, 9836]]}",{}
NC00962.3,STM-0.15-0.95,0.0,GARC1,RUS,STM,gid@H174Y,U,{},"{""proportion"": 0.0, ""confidence"": [0.0, 0.7934506856227626], ""p_value"": 1.0, ""solo_contingency"": [[0, 1], [195, 8243]], ""contingency"": [[1, 1], [4542, 9836]]}",{}
NC00962.3,STM-0.15-0.95,0.0,GARC1,RUS,STM,gid@c-28g,U,{},"{""proportion"": 0.0, ""confidence"": [0.0, 0.7934506856227626], ""p_value"": 1.0, ""solo_contingency"": [[0, 1], [195, 8243]], ""contingency"": [[0, 1], [4543, 9836]]}",{}
NC00962.3,STM-0.15-0.95,0.0,GARC1,RUS,STM,gid@T146M,U,{},"{""proportion"": 0.0, ""confidence"": [0.0, 0.6576197724933469], ""p_value"": 1.0, ""solo_contingency"": [[0, 2], [195, 8243]], ""contingency"": [[0, 2], [4543, 9835]]}",{}
NC00962.3,STM-0.15-0.95,0.0,GARC1,RUS,STM,gid@L108P,U,{},"{""proportion"": 1.0, ""confidence"": [0.20654931437723742, 1.0], ""p_value"": 0.15, ""solo_contingency"": [[1, 0], [195, 8243]], ""contingency"": [[2, 0], [4541, 9837]]}",{}
NC00962.3,STM-0.15-0.95,0.0,GARC1,RUS,STM,gid@P93Q,U,{},"{""proportion"": 0.0, ""confidence"": [4.8683609171202235e-17, 0.5614970317550455], ""p_value"": 1.0, ""solo_contingency"": [[0, 3], [195, 8243]], ""contingency"": [[1, 3], [4542, 9834]]}",{}
NC00962.3,STM-0.15-0.95,0.0,GARC1,RUS,STM,rrs@a447g,U,{},"{""proportion"": 0.0, ""confidence"": [0.0, 0.7934506856227626], ""p_value"": 1.0, ""solo_contingency"": [[0, 1], [195, 8243]], ""contingency"": [[0, 1], [4543, 9836]]}",{}
NC00962.3,STM-0.15-0.95,0.0,GARC1,RUS,STM,rrs@c859t,U,{},"{""proportion"": 0.0, ""confidence"": [0.0, 0.7934506856227626], ""p_value"": 1.0, ""solo_contingency"": [[0, 1], [195, 8243]], ""contingency"": [[0, 1], [4543, 9836]]}",{}
NC00962.3,STM-0.15-0.95,0.0,GARC1,RUS,STM,gid@T146R,U,{},"{""proportion"": 1.0, ""confidence"": [0.20654931437723742, 1.0], ""p_value"": 0.15, ""solo_contingency"": [[1, 0], [195, 8243]], ""contingency"": [[1, 0], [4542, 9837]]}",{}
NC00962.3,STM-0.15-0.95,0.0,GARC1,RUS,STM,gid@I11T,U,{},"{""proportion"": 0.5, ""confidence"": [0.09453120573423071, 0.9054687942657693], ""p_value"": 0.2775, ""solo_contingency"": [[1, 1], [195, 8243]], ""contingency"": [[1, 1], [4542, 9836]]}",{}
NC00962.3,STM-0.15-0.95,0.0,GARC1,RUS,STM,gid@R197P,U,{},"{""proportion"": 0.6666666666666666, ""confidence"": [0.20765960080204768, 0.9385080552796037], ""p_value"": 0.06075, ""solo_contingency"": [[2, 1], [195, 8243]], ""contingency"": [[2, 1], [4541, 9836]]}",{}
NC00962.3,STM-0.15-0.95,0.0,GARC1,RUS,STM,gid@L101V,U,{},"{""proportion"": 1.0, ""confidence"": [0.20654931437723742, 1.0], ""p_value"": 0.15, ""solo_contingency"": [[1, 0], [195, 8243]], ""contingency"": [[1, 0], [4542, 9837]]}",{}
NC00962.3,STM-0.15-0.95,0.0,GARC1,RUS,STM,gid@C191W,U,{},"{""proportion"": 0.5, ""confidence"": [0.09453120573423071, 0.9054687942657693], ""p_value"": 0.2775, ""solo_contingency"": [[1, 1], [195, 8243]], ""contingency"": [[1, 1], [4542, 9836]]}",{}
NC00962.3,STM-0.15-0.95,0.0,GARC1,RUS,STM,gid@R83W,U,{},"{""proportion"": 1.0, ""confidence"": [0.20654931437723742, 1.0], ""p_value"": 0.15, ""solo_contingency"": [[1, 0], [195, 8243]], ""contingency"": [[1, 0], [4542, 9837]]}",{}
NC00962.3,STM-0.15-0.95,0.0,GARC1,RUS,STM,gid@V65F,U,{},"{""proportion"": 0.0, ""confidence"": [0.0, 0.6576197724933469], ""p_value"": 1.0, ""solo_contingency"": [[0, 2], [195, 8243]], ""contingency"": [[0, 2], [4543, 9835]]}",{}
NC00962.3,STM-0.15-0.95,0.0,GARC1,RUS,STM,gid@G192R,U,{},"{""proportion"": 1.0, ""confidence"": [0.20654931437723742, 1.0], ""p_value"": 0.15, ""solo_contingency"": [[1, 0], [195, 8243]], ""contingency"": [[1, 0], [4542, 9837]]}",{}
NC00962.3,STM-0.15-0.95,0.0,GARC1,RUS,STM,rrs@c1443g,U,{},"{""proportion"": 0.0, ""confidence"": [0.0, 0.16817922405261626], ""p_value"": 0.09929556052181812, ""solo_contingency"": [[0, 19], [195, 8243]], ""contingency"": [[5, 19], [4538, 9818]]}",{}
NC00962.3,STM-0.15-0.95,0.0,GARC1,RUS,STM,gid@E99G,U,{},"{""proportion"": 0.0, ""confidence"": [0.0, 0.7934506856227626], ""p_value"": 1.0, ""solo_contingency"": [[0, 1], [195, 8243]], ""contingency"": [[2, 1], [4541, 9836]]}",{}
NC00962.3,STM-0.15-0.95,0.0,GARC1,RUS,STM,gid@L142S,U,{},"{""proportion"": 1.0, ""confidence"": [0.20654931437723742, 1.0], ""p_value"": 0.15, ""solo_contingency"": [[1, 0], [195, 8243]], ""contingency"": [[1, 0], [4542, 9837]]}",{}
NC00962.3,STM-0.15-0.95,0.0,GARC1,RUS,STM,gid@V188A,U,{},"{""proportion"": 1.0, ""confidence"": [0.20654931437723742, 1.0], ""p_value"": 0.15, ""solo_contingency"": [[1, 0], [195, 8243]], ""contingency"": [[1, 0], [4542, 9837]]}",{}
NC00962.3,STM-0.15-0.95,0.0,GARC1,RUS,STM,gid@G28E,U,{},"{""proportion"": 0.0, ""confidence"": [0.0, 0.6576197724933469], ""p_value"": 1.0, ""solo_contingency"": [[0, 2], [195, 8243]], ""contingency"": [[1, 3], [4542, 9834]]}",{}
NC00962.3,STM-0.15-0.95,0.0,GARC1,RUS,STM,gid@L49R,U,{},"{""proportion"": 1.0, ""confidence"": [0.20654931437723742, 1.0], ""p_value"": 0.15, ""solo_contingency"": [[1, 0], [195, 8243]], ""contingency"": [[3, 0], [4540, 9837]]}",{}
NC00962.3,STM-0.15-0.95,0.0,GARC1,RUS,STM,gid@L160F,U,{},"{""proportion"": 0.0, ""confidence"": [0.0, 0.7934506856227626], ""p_value"": 1.0, ""solo_contingency"": [[0, 1], [195, 8243]], ""contingency"": [[0, 1], [4543, 9836]]}",{}
NC00962.3,STM-0.15-0.95,0.0,GARC1,RUS,STM,gid@L152S,U,{},"{""proportion"": 0.5, ""confidence"": [0.09453120573423071, 0.9054687942657693], ""p_value"": 0.2775, ""solo_contingency"": [[1, 1], [195, 8243]], ""contingency"": [[1, 1], [4542, 9836]]}",{}
NC00962.3,STM-0.15-0.95,0.0,GARC1,RUS,STM,gid@G109A,U,{},"{""proportion"": 0.3333333333333333, ""confidence"": [0.061491944720396215, 0.7923403991979523], ""p_value"": 0.38587499999999997, ""solo_contingency"": [[1, 2], [195, 8243]], ""contingency"": [[1, 2], [4542, 9835]]}",{}
NC00962.3,STM-0.15-0.95,0.0,GARC1,RUS,STM,gid@G71E,U,{},"{""proportion"": 0.3333333333333333, ""confidence"": [0.061491944720396215, 0.7923403991979523], ""p_value"": 0.38587499999999997, ""solo_contingency"": [[1, 2], [195, 8243]], ""contingency"": [[1, 3], [4542, 9834]]}",{}
NC00962.3,STM-0.15-0.95,0.0,GARC1,RUS,STM,gid@M104K,U,{},"{""proportion"": 1.0, ""confidence"": [0.20654931437723742, 1.0], ""p_value"": 0.15, ""solo_contingency"": [[1, 0], [195, 8243]], ""contingency"": [[2, 0], [4541, 9837]]}",{}
NC00962.3,STM-0.15-0.95,0.0,GARC1,RUS,STM,gid@I68F,U,{},"{""proportion"": 0.0, ""confidence"": [0.0, 0.7934506856227626], ""p_value"": 1.0, ""solo_contingency"": [[0, 1], [195, 8243]], ""contingency"": [[0, 1], [4543, 9836]]}",{}
NC00962.3,STM-0.15-0.95,0.0,GARC1,RUS,STM,rrs@t268c,U,{},"{""proportion"": 0.0, ""confidence"": [0.0, 0.4898908364545973], ""p_value"": 1.0, ""solo_contingency"": [[0, 4], [195, 8243]], ""contingency"": [[0, 4], [4543, 9833]]}",{}
NC00962.3,STM-0.15-0.95,0.0,GARC1,RUS,STM,gid@D132E,U,{},"{""proportion"": 1.0, ""confidence"": [0.20654931437723742, 1.0], ""p_value"": 0.15, ""solo_contingency"": [[1, 0], [195, 8243]], ""contingency"": [[1, 0], [4542, 9837]]}",{}
NC00962.3,STM-0.15-0.95,0.0,GARC1,RUS,STM,gid@463_ins_tgatacggc,U,{},"{""proportion"": 1.0, ""confidence"": [0.20654931437723742, 1.0], ""p_value"": 0.15, ""solo_contingency"": [[1, 0], [195, 8243]], ""contingency"": [[1, 0], [4542, 9837]]}",{}
NC00962.3,STM-0.15-0.95,0.0,GARC1,RUS,STM,gid@W45S,U,{},"{""proportion"": 0.5, ""confidence"": [0.09453120573423071, 0.9054687942657693], ""p_value"": 0.2775, ""solo_contingency"": [[1, 1], [195, 8243]], ""contingency"": [[1, 1], [4542, 9836]]}",{}
NC00962.3,STM-0.15-0.95,0.0,GARC1,RUS,STM,gid@P78L,U,{},"{""proportion"": 0.23809523809523808, ""confidence"": [0.1062801302263647, 0.4509117368295075], ""p_value"": 0.23041700596997586, ""solo_contingency"": [[5, 16], [195, 8243]], ""contingency"": [[6, 16], [4537, 9821]]}",{}
NC00962.3,STM-0.15-0.95,0.0,GARC1,RUS,STM,gid@L58P,U,{},"{""proportion"": 0.0, ""confidence"": [0.0, 0.7934506856227626], ""p_value"": 1.0, ""solo_contingency"": [[0, 1], [195, 8243]], ""contingency"": [[1, 1], [4542, 9836]]}",{}
NC00962.3,STM-0.15-0.95,0.0,GARC1,RUS,STM,gid@L145F,U,{},"{""proportion"": 0.21428571428571427, ""confidence"": [0.07571386712693182, 0.47589230586600295], ""p_value"": 0.45485846577562017, ""solo_contingency"": [[3, 11], [195, 8243]], ""contingency"": [[3, 13], [4540, 9824]]}",{}
NC00962.3,STM-0.15-0.95,0.0,GARC1,RUS,STM,gid@L94R,U,{},"{""proportion"": 0.5, ""confidence"": [0.09453120573423071, 0.9054687942657693], ""p_value"": 0.2775, ""solo_contingency"": [[1, 1], [195, 8243]], ""contingency"": [[2, 1], [4541, 9836]]}",{}
NC00962.3,STM-0.15-0.95,0.0,GARC1,RUS,STM,gid@319_ins_g,U,{},"{""proportion"": 0.0, ""confidence"": [4.8683609171202235e-17, 0.5614970317550455], ""p_value"": 1.0, ""solo_contingency"": [[0, 3], [195, 8243]], ""contingency"": [[0, 3], [4543, 9834]]}",{}
NC00962.3,STM-0.15-0.95,0.0,GARC1,RUS,STM,gid@E121D,U,{},"{""proportion"": 0.0, ""confidence"": [0.0, 0.6576197724933469], ""p_value"": 1.0, ""solo_contingency"": [[0, 2], [195, 8243]], ""contingency"": [[0, 2], [4543, 9835]]}",{}
NC00962.3,STM-0.15-0.95,0.0,GARC1,RUS,STM,gid@167_ins_cgg,U,{},"{""proportion"": 0.0, ""confidence"": [0.0, 0.7934506856227626], ""p_value"": 1.0, ""solo_contingency"": [[0, 1], [195, 8243]], ""contingency"": [[0, 1], [4543, 9836]]}",{}
NC00962.3,STM-0.15-0.95,0.0,GARC1,RUS,STM,gid@320_ins_a,U,{},"{""proportion"": 0.0, ""confidence"": [0.0, 0.7934506856227626], ""p_value"": 1.0, ""solo_contingency"": [[0, 1], [195, 8243]], ""contingency"": [[0, 1], [4543, 9836]]}",{}
NC00962.3,STM-0.15-0.95,0.0,GARC1,RUS,STM,gid@P75A,U,{},"{""proportion"": 0.0, ""confidence"": [0.0, 0.7934506856227626], ""p_value"": 1.0, ""solo_contingency"": [[0, 1], [195, 8243]], ""contingency"": [[1, 1], [4542, 9836]]}",{}
NC00962.3,STM-0.15-0.95,0.0,GARC1,RUS,STM,gid@N51Y,U,{},"{""proportion"": 0.0, ""confidence"": [0.0, 0.7934506856227626], ""p_value"": 1.0, ""solo_contingency"": [[0, 1], [195, 8243]], ""contingency"": [[0, 1], [4543, 9836]]}",{}
NC00962.3,STM-0.15-0.95,0.0,GARC1,RUS,STM,gid@M150T,U,{},"{""proportion"": 0.0, ""confidence"": [0.0, 0.7934506856227626], ""p_value"": 1.0, ""solo_contingency"": [[0, 1], [195, 8243]], ""contingency"": [[0, 1], [4543, 9836]]}",{}
NC00962.3,STM-0.15-0.95,0.0,GARC1,RUS,STM,gid@T190P,U,{},"{""proportion"": 0.0, ""confidence"": [0.0, 0.7934506856227626], ""p_value"": 1.0, ""solo_contingency"": [[0, 1], [195, 8243]], ""contingency"": [[0, 1], [4543, 9836]]}",{}
NC00962.3,STM-0.15-0.95,0.0,GARC1,RUS,STM,gid@R207P,U,{},"{""proportion"": 0.0, ""confidence"": [0.0, 0.7934506856227626], ""p_value"": 1.0, ""solo_contingency"": [[0, 1], [195, 8243]], ""contingency"": [[0, 1], [4543, 9836]]}",{}
NC00962.3,STM-0.15-0.95,0.0,GARC1,RUS,STM,rrs@1371_ins_g,U,{},"{""proportion"": 0.0, ""confidence"": [0.0, 0.7934506856227626], ""p_value"": 1.0, ""solo_contingency"": [[0, 1], [195, 8243]], ""contingency"": [[0, 1], [4543, 9836]]}",{}
NC00962.3,STM-0.15-0.95,0.0,GARC1,RUS,STM,gid@F100L,U,{},"{""proportion"": 1.0, ""confidence"": [0.20654931437723742, 1.0], ""p_value"": 0.15, ""solo_contingency"": [[1, 0], [195, 8243]], ""contingency"": [[1, 0], [4542, 9837]]}",{}
NC00962.3,STM-0.15-0.95,0.0,GARC1,RUS,STM,gid@E120A,U,{},"{""proportion"": 0.0, ""confidence"": [0.0, 0.7934506856227626], ""p_value"": 1.0, ""solo_contingency"": [[0, 1], [195, 8243]], ""contingency"": [[0, 1], [4543, 9836]]}",{}
NC00962.3,STM-0.15-0.95,0.0,GARC1,RUS,STM,gid@M150R,U,{},"{""proportion"": 0.5, ""confidence"": [0.09453120573423071, 0.9054687942657693], ""p_value"": 0.2775, ""solo_contingency"": [[1, 1], [195, 8243]], ""contingency"": [[1, 1], [4542, 9836]]}",{}
NC00962.3,STM-0.15-0.95,0.0,GARC1,RUS,STM,gid@G164C,U,{},"{""proportion"": 0.3333333333333333, ""confidence"": [0.061491944720396215, 0.7923403991979523], ""p_value"": 0.38587499999999997, ""solo_contingency"": [[1, 2], [195, 8243]], ""contingency"": [[1, 2], [4542, 9835]]}",{}
NC00962.3,STM-0.15-0.95,0.0,GARC1,RUS,STM,gid@V124A,U,{},"{""proportion"": 0.0, ""confidence"": [0.0, 0.7934506856227626], ""p_value"": 1.0, ""solo_contingency"": [[0, 1], [195, 8243]], ""contingency"": [[5, 2], [4538, 9835]]}",{}
NC00962.3,STM-0.15-0.95,0.0,GARC1,RUS,STM,gid@A133T,U,{},"{""proportion"": 1.0, ""confidence"": [0.20654931437723742, 1.0], ""p_value"": 0.15, ""solo_contingency"": [[1, 0], [195, 8243]], ""contingency"": [[1, 0], [4542, 9837]]}",{}
NC00962.3,STM-0.15-0.95,0.0,GARC1,RUS,STM,gid@K163E,U,{},"{""proportion"": 0.0, ""confidence"": [0.0, 0.7934506856227626], ""p_value"": 1.0, ""solo_contingency"": [[0, 1], [195, 8243]], ""contingency"": [[0, 1], [4543, 9836]]}",{}
NC00962.3,STM-0.15-0.95,0.0,GARC1,RUS,STM,rrs@t213c,U,{},"{""proportion"": 0.0, ""confidence"": [0.0, 0.6576197724933469], ""p_value"": 1.0, ""solo_contingency"": [[0, 2], [195, 8243]], ""contingency"": [[0, 2], [4543, 9835]]}",{}
NC00962.3,STM-0.15-0.95,0.0,GARC1,RUS,STM,gid@351_del_gcgcgccgaggagtcctgggtgcaggaccaattgggcggcagcgacgctgcggtgtcacgggcggtggccgcgttggacaagttgacgaaatggag,U,{},"{""proportion"": 0.0, ""confidence"": [0.0, 0.4898908364545973], ""p_value"": 1.0, ""solo_contingency"": [[0, 4], [195, 8243]], ""contingency"": [[0, 4], [4543, 9833]]}",{}
NC00962.3,STM-0.15-0.95,0.0,GARC1,RUS,STM,gid@L90F,U,{},"{""proportion"": 0.0, ""confidence"": [0.0, 0.7934506856227626], ""p_value"": 1.0, ""solo_contingency"": [[0, 1], [195, 8243]], ""contingency"": [[2, 1], [4541, 9836]]}",{}
NC00962.3,STM-0.15-0.95,0.0,GARC1,RUS,STM,gid@V188G,U,{},"{""proportion"": 0.0, ""confidence"": [0.0, 0.7934506856227626], ""p_value"": 1.0, ""solo_contingency"": [[0, 1], [195, 8243]], ""contingency"": [[0, 1], [4543, 9836]]}",{}
NC00962.3,STM-0.15-0.95,0.0,GARC1,RUS,STM,gid@187_del_g,U,{},"{""proportion"": 1.0, ""confidence"": [0.20654931437723742, 1.0], ""p_value"": 0.15, ""solo_contingency"": [[1, 0], [195, 8243]], ""contingency"": [[1, 0], [4542, 9837]]}",{}
NC00962.3,STM-0.15-0.95,0.0,GARC1,RUS,STM,gid@P151L,U,{},"{""proportion"": 1.0, ""confidence"": [0.20654931437723742, 1.0], ""p_value"": 0.15, ""solo_contingency"": [[1, 0], [195, 8243]], ""contingency"": [[2, 0], [4541, 9837]]}",{}
NC00962.3,STM-0.15-0.95,0.0,GARC1,RUS,STM,rrs@a1037g,U,{},"{""proportion"": 0.0, ""confidence"": [0.0, 0.7934506856227626], ""p_value"": 1.0, ""solo_contingency"": [[0, 1], [195, 8243]], ""contingency"": [[0, 1], [4543, 9836]]}",{}
NC00962.3,STM-0.15-0.95,0.0,GARC1,RUS,STM,rrs@c1091g,U,{},"{""proportion"": 0.0, ""confidence"": [0.0, 0.7934506856227626], ""p_value"": 1.0, ""solo_contingency"": [[0, 1], [195, 8243]], ""contingency"": [[0, 1], [4543, 9836]]}",{}
NC00962.3,STM-0.15-0.95,0.0,GARC1,RUS,STM,rrs@c-69t,U,{},"{""proportion"": 0.0, ""confidence"": [4.8683609171202235e-17, 0.5614970317550455], ""p_value"": 1.0, ""solo_contingency"": [[0, 3], [195, 8243]], ""contingency"": [[0, 3], [4543, 9834]]}",{}
NC00962.3,STM-0.15-0.95,0.0,GARC1,RUS,STM,rrs@c-63g,U,{},"{""proportion"": 0.0, ""confidence"": [0.0, 0.7934506856227626], ""p_value"": 1.0, ""solo_contingency"": [[0, 1], [195, 8243]], ""contingency"": [[0, 1], [4543, 9836]]}",{}
NC00962.3,STM-0.15-0.95,0.0,GARC1,RUS,STM,gid@G34A,U,{},"{""proportion"": 0.0, ""confidence"": [0.0, 0.7934506856227626], ""p_value"": 1.0, ""solo_contingency"": [[0, 1], [195, 8243]], ""contingency"": [[1, 1], [4542, 9836]]}",{}
NC00962.3,STM-0.15-0.95,0.0,GARC1,RUS,STM,gid@141_del_g,U,{},"{""proportion"": 0.0, ""confidence"": [0.0, 0.7934506856227626], ""p_value"": 1.0, ""solo_contingency"": [[0, 1], [195, 8243]], ""contingency"": [[0, 1], [4543, 9836]]}",{}
NC00962.3,STM-0.15-0.95,0.0,GARC1,RUS,STM,gid@V41G,U,{},"{""proportion"": 0.0, ""confidence"": [0.0, 0.6576197724933469], ""p_value"": 1.0, ""solo_contingency"": [[0, 2], [195, 8243]], ""contingency"": [[0, 2], [4543, 9835]]}",{}
NC00962.3,STM-0.15-0.95,0.0,GARC1,RUS,STM,rpsL@c-19t,U,{},"{""proportion"": 0.0, ""confidence"": [0.0, 0.7934506856227626], ""p_value"": 1.0, ""solo_contingency"": [[0, 1], [195, 8243]], ""contingency"": [[0, 1], [4543, 9836]]}",{}
NC00962.3,STM-0.15-0.95,0.0,GARC1,RUS,STM,gid@I11N,U,{},"{""proportion"": 1.0, ""confidence"": [0.20654931437723742, 1.0], ""p_value"": 0.15, ""solo_contingency"": [[1, 0], [195, 8243]], ""contingency"": [[1, 0], [4542, 9837]]}",{}
NC00962.3,STM-0.15-0.95,0.0,GARC1,RUS,STM,gid@V124L,U,{},"{""proportion"": 1.0, ""confidence"": [0.20654931437723742, 1.0], ""p_value"": 0.15, ""solo_contingency"": [[1, 0], [195, 8243]], ""contingency"": [[1, 0], [4542, 9837]]}",{}
NC00962.3,STM-0.15-0.95,0.0,GARC1,RUS,STM,gid@S131R,U,{},"{""proportion"": 0.0, ""confidence"": [0.0, 0.6576197724933469], ""p_value"": 1.0, ""solo_contingency"": [[0, 2], [195, 8243]], ""contingency"": [[0, 2], [4543, 9835]]}",{}
NC00962.3,STM-0.15-0.95,0.0,GARC1,RUS,STM,gid@R64W,U,{},"{""proportion"": 1.0, ""confidence"": [0.20654931437723742, 1.0], ""p_value"": 0.15, ""solo_contingency"": [[1, 0], [195, 8243]], ""contingency"": [[1, 0], [4542, 9837]]}",{}
NC00962.3,STM-0.15-0.95,0.0,GARC1,RUS,STM,gid@R154W,U,{},"{""proportion"": 1.0, ""confidence"": [0.20654931437723742, 1.0], ""p_value"": 0.15, ""solo_contingency"": [[1, 0], [195, 8243]], ""contingency"": [[1, 0], [4542, 9837]]}",{}
NC00962.3,STM-0.15-0.95,0.0,GARC1,RUS,STM,rrs@g1498t,U,{},"{""proportion"": 0.0, ""confidence"": [0.0, 0.7934506856227626], ""p_value"": 1.0, ""solo_contingency"": [[0, 1], [195, 8243]], ""contingency"": [[0, 1], [4543, 9836]]}",{}
NC00962.3,STM-0.15-0.95,0.0,GARC1,RUS,STM,rrs@a554t,U,{},"{""proportion"": 0.0, ""confidence"": [0.0, 0.7934506856227626], ""p_value"": 1.0, ""solo_contingency"": [[0, 1], [195, 8243]], ""contingency"": [[0, 1], [4543, 9836]]}",{}
NC00962.3,STM-0.15-0.95,0.0,GARC1,RUS,STM,gid@P6A,U,{},"{""proportion"": 0.0, ""confidence"": [0.0, 0.7934506856227626], ""p_value"": 1.0, ""solo_contingency"": [[0, 1], [195, 8243]], ""contingency"": [[0, 1], [4543, 9836]]}",{}
NC00962.3,STM-0.15-0.95,0.0,GARC1,RUS,STM,gid@A80V,U,{},"{""proportion"": 1.0, ""confidence"": [0.20654931437723742, 1.0], ""p_value"": 0.15, ""solo_contingency"": [[1, 0], [195, 8243]], ""contingency"": [[1, 2], [4542, 9835]]}",{}
NC00962.3,STM-0.15-0.95,0.0,GARC1,RUS,STM,rrs@t140g,U,{},"{""proportion"": 0.0, ""confidence"": [0.0, 0.7934506856227626], ""p_value"": 1.0, ""solo_contingency"": [[0, 1], [195, 8243]], ""contingency"": [[0, 1], [4543, 9836]]}",{}
NC00962.3,STM-0.15-0.95,0.0,GARC1,RUS,STM,gid@V171G,U,{},"{""proportion"": 1.0, ""confidence"": [0.20654931437723742, 1.0], ""p_value"": 0.15, ""solo_contingency"": [[1, 0], [195, 8243]], ""contingency"": [[1, 0], [4542, 9837]]}",{}
NC00962.3,STM-0.15-0.95,0.0,GARC1,RUS,STM,rrs@a87c,U,{},"{""proportion"": 0.0, ""confidence"": [0.0, 0.7934506856227626], ""p_value"": 1.0, ""solo_contingency"": [[0, 1], [195, 8243]], ""contingency"": [[0, 1], [4543, 9836]]}",{}
NC00962.3,STM-0.15-0.95,0.0,GARC1,RUS,STM,gid@250_ins_ggc,U,{},"{""proportion"": 1.0, ""confidence"": [0.20654931437723742, 1.0], ""p_value"": 0.15, ""solo_contingency"": [[1, 0], [195, 8243]], ""contingency"": [[1, 0], [4542, 9837]]}",{}
NC00962.3,STM-0.15-0.95,0.0,GARC1,RUS,STM,gid@C191Y,U,{},"{""proportion"": 0.0, ""confidence"": [0.0, 0.7934506856227626], ""p_value"": 1.0, ""solo_contingency"": [[0, 1], [195, 8243]], ""contingency"": [[0, 1], [4543, 9836]]}",{}
NC00962.3,STM-0.15-0.95,0.0,GARC1,RUS,STM,gid@G42V,U,{},"{""proportion"": 0.0, ""confidence"": [0.0, 0.7934506856227626], ""p_value"": 1.0, ""solo_contingency"": [[0, 1], [195, 8243]], ""contingency"": [[0, 1], [4543, 9836]]}",{}
NC00962.3,STM-0.15-0.95,0.0,GARC1,RUS,STM,gid@g-59a,U,{},"{""proportion"": 0.0, ""confidence"": [0.0, 0.7934506856227626], ""p_value"": 1.0, ""solo_contingency"": [[0, 1], [195, 8243]], ""contingency"": [[0, 1], [4543, 9836]]}",{}
NC00962.3,STM-0.15-0.95,0.0,GARC1,RUS,STM,rrs@t1151c,U,{},"{""proportion"": 0.0, ""confidence"": [0.0, 0.7934506856227626], ""p_value"": 1.0, ""solo_contingency"": [[0, 1], [195, 8243]], ""contingency"": [[1, 1], [4542, 9836]]}",{}
NC00962.3,STM-0.15-0.95,0.0,GARC1,RUS,STM,rrs@c-18t,U,{},"{""proportion"": 0.0, ""confidence"": [0.0, 0.7934506856227626], ""p_value"": 1.0, ""solo_contingency"": [[0, 1], [195, 8243]], ""contingency"": [[0, 1], [4543, 9836]]}",{}
NC00962.3,STM-0.15-0.95,0.0,GARC1,RUS,STM,gid@G214R,U,{},"{""proportion"": 0.0, ""confidence"": [0.0, 0.7934506856227626], ""p_value"": 1.0, ""solo_contingency"": [[0, 1], [195, 8243]], ""contingency"": [[0, 1], [4543, 9836]]}",{}
NC00962.3,STM-0.15-0.95,0.0,GARC1,RUS,STM,gid@G69V,U,{},"{""proportion"": 0.0, ""confidence"": [0.0, 0.7934506856227626], ""p_value"": 1.0, ""solo_contingency"": [[0, 1], [195, 8243]], ""contingency"": [[0, 1], [4543, 9836]]}",{}
NC00962.3,STM-0.15-0.95,0.0,GARC1,RUS,STM,gid@E40D,U,{},"{""proportion"": 0.5, ""confidence"": [0.09453120573423071, 0.9054687942657693], ""p_value"": 0.2775, ""solo_contingency"": [[1, 1], [195, 8243]], ""contingency"": [[1, 1], [4542, 9836]]}",{}
NC00962.3,STM-0.15-0.95,0.0,GARC1,RUS,STM,rrs@t1022g,U,{},"{""proportion"": 0.0, ""confidence"": [0.0, 0.6576197724933469], ""p_value"": 1.0, ""solo_contingency"": [[0, 2], [195, 8243]], ""contingency"": [[4, 2], [4539, 9835]]}",{}
NC00962.3,STM-0.15-0.95,0.0,GARC1,RUS,STM,gid@72_del_a,U,{},"{""proportion"": 0.0, ""confidence"": [0.0, 0.7934506856227626], ""p_value"": 1.0, ""solo_contingency"": [[0, 1], [195, 8243]], ""contingency"": [[0, 1], [4543, 9836]]}",{}
NC00962.3,STM-0.15-0.95,0.0,GARC1,RUS,STM,gid@L26W,U,{},"{""proportion"": 1.0, ""confidence"": [0.20654931437723742, 1.0], ""p_value"": 0.15, ""solo_contingency"": [[1, 0], [195, 8243]], ""contingency"": [[1, 0], [4542, 9837]]}",{}
NC00962.3,STM-0.15-0.95,0.0,GARC1,RUS,STM,gid@V88G,U,{},"{""proportion"": 1.0, ""confidence"": [0.20654931437723742, 1.0], ""p_value"": 0.15, ""solo_contingency"": [[1, 0], [195, 8243]], ""contingency"": [[1, 1], [4542, 9836]]}",{}
NC00962.3,STM-0.15-0.95,0.0,GARC1,RUS,STM,gid@455_del_t,U,{},"{""proportion"": 0.0, ""confidence"": [0.0, 0.7934506856227626], ""p_value"": 1.0, ""solo_contingency"": [[0, 1], [195, 8243]], ""contingency"": [[0, 2], [4543, 9835]]}",{}
NC00962.3,STM-0.15-0.95,0.0,GARC1,RUS,STM,gid@359_ins_tgagatcgtgcgggggcgcgccga,U,{},"{""proportion"": 0.0, ""confidence"": [0.0, 0.7934506856227626], ""p_value"": 1.0, ""solo_contingency"": [[0, 1], [195, 8243]], ""contingency"": [[1, 1], [4542, 9836]]}",{}
NC00962.3,STM-0.15-0.95,0.0,GARC1,RUS,STM,gid@501_del_tc,U,{},"{""proportion"": 0.0, ""confidence"": [0.0, 0.7934506856227626], ""p_value"": 1.0, ""solo_contingency"": [[0, 1], [195, 8243]], ""contingency"": [[0, 1], [4543, 9836]]}",{}
NC00962.3,STM-0.15-0.95,0.0,GARC1,RUS,STM,rrs@g187a,U,{},"{""proportion"": 0.0, ""confidence"": [0.0, 0.6576197724933469], ""p_value"": 1.0, ""solo_contingency"": [[0, 2], [195, 8243]], ""contingency"": [[0, 2], [4543, 9835]]}",{}
NC00962.3,STM-0.15-0.95,0.0,GARC1,RUS,STM,gid@615_ins_a,U,{},"{""proportion"": 0.0, ""confidence"": [0.0, 0.7934506856227626], ""p_value"": 1.0, ""solo_contingency"": [[0, 1], [195, 8243]], ""contingency"": [[0, 1], [4543, 9836]]}",{}
NC00962.3,STM-0.15-0.95,0.0,GARC1,RUS,STM,gid@A140V,U,{},"{""proportion"": 0.0, ""confidence"": [0.0, 0.7934506856227626], ""p_value"": 1.0, ""solo_contingency"": [[0, 1], [195, 8243]], ""contingency"": [[0, 1], [4543, 9836]]}",{}
NC00962.3,STM-0.15-0.95,0.0,GARC1,RUS,STM,gid@136_del_g,U,{},"{""proportion"": 1.0, ""confidence"": [0.20654931437723742, 1.0], ""p_value"": 0.15, ""solo_contingency"": [[1, 0], [195, 8243]], ""contingency"": [[1, 0], [4542, 9837]]}",{}
NC00962.3,STM-0.15-0.95,0.0,GARC1,RUS,STM,gid@-99_del_gtaagcgatgcgtggccgagcggctgggccagcgtctcgagagcggagaatgtttcacgtgaaacatgacacagacctcacgagccggcggagtgcgtaatgtctccgatcgagcccgcggcgtctgcgatcttcggaccgcggcttggccttgctcggcggtacgccgaagcgttggcgggacccggtgtggagcgggggctggtgggaccccgcgaagtcggtaggctatgggaccggcatctactgaactgcgccgtgatcggtgagctcctcgaacgcggtgaccgggtcgtggatatcggtagcggagccgggttgccgggcgtgccattggcgatagcgcggccggacctccaggtagttctcctagaaccgctactgcgccgcaccgagtttcttcgagagatggtgacagatctgggcgtggccgttgagatcgtgcgggggcgcgccgaggagtcctgggtgcaggaccaattgggcggcagcgacgctgcggtgtcacgggcggtggccgcgttggacaagttgacgaaatggagcatgccgttgatacggccgaacgggcgaatgctcgccatcaaaggcgagcgggctcacgacgaagtacgggagcaccggcgtgtgatgatcgcatcgggcgcggttgatgtcagggtggtgacatgtggcgcgaa,U,{},"{""proportion"": 0.0, ""confidence"": [0.0, 0.7934506856227626], ""p_value"": 1.0, ""solo_contingency"": [[0, 1], [195, 8243]], ""contingency"": [[0, 1], [4543, 9836]]}",{}
NC00962.3,STM-0.15-0.95,0.0,GARC1,RUS,STM,gid@P84T,U,{},"{""proportion"": 1.0, ""confidence"": [0.20654931437723742, 1.0], ""p_value"": 0.15, ""solo_contingency"": [[1, 0], [195, 8243]], ""contingency"": [[1, 0], [4542, 9837]]}",{}
NC00962.3,STM-0.15-0.95,0.0,GARC1,RUS,STM,gid@R166W,U,{},"{""proportion"": 0.0, ""confidence"": [0.0, 0.7934506856227626], ""p_value"": 1.0, ""solo_contingency"": [[0, 1], [195, 8243]], ""contingency"": [[0, 1], [4543, 9836]]}",{}
NC00962.3,STM-0.15-0.95,0.0,GARC1,RUS,STM,rrs@c141t,U,{},"{""proportion"": 0.0, ""confidence"": [0.0, 0.7934506856227626], ""p_value"": 1.0, ""solo_contingency"": [[0, 1], [195, 8243]], ""contingency"": [[0, 1], [4543, 9836]]}",{}
NC00962.3,STM-0.15-0.95,0.0,GARC1,RUS,STM,gid@M159T,U,{},"{""proportion"": 0.0, ""confidence"": [0.0, 0.6576197724933469], ""p_value"": 1.0, ""solo_contingency"": [[0, 2], [195, 8243]], ""contingency"": [[0, 2], [4543, 9835]]}",{}
NC00962.3,STM-0.15-0.95,0.0,GARC1,RUS,STM,rrs@g174t,U,{},"{""proportion"": 0.0, ""confidence"": [0.0, 0.7934506856227626], ""p_value"": 1.0, ""solo_contingency"": [[0, 1], [195, 8243]], ""contingency"": [[0, 1], [4543, 9836]]}",{}
NC00962.3,STM-0.15-0.95,0.0,GARC1,RUS,STM,gid@S136A,U,{},"{""proportion"": 0.0, ""confidence"": [0.0, 0.7934506856227626], ""p_value"": 1.0, ""solo_contingency"": [[0, 1], [195, 8243]], ""contingency"": [[0, 1], [4543, 9836]]}",{}
NC00962.3,STM-0.15-0.95,0.0,GARC1,RUS,STM,rrs@1202_ins_t,U,{},"{""proportion"": 0.0, ""confidence"": [0.0, 0.7934506856227626], ""p_value"": 1.0, ""solo_contingency"": [[0, 1], [195, 8243]], ""contingency"": [[0, 1], [4543, 9836]]}",{}
NC00962.3,STM-0.15-0.95,0.0,GARC1,RUS,STM,gid@C52F,U,{},"{""proportion"": 1.0, ""confidence"": [0.20654931437723742, 1.0], ""p_value"": 0.15, ""solo_contingency"": [[1, 0], [195, 8243]], ""contingency"": [[1, 0], [4542, 9837]]}",{}
NC00962.3,STM-0.15-0.95,0.0,GARC1,RUS,STM,gid@553_ins_g,U,{},"{""proportion"": 0.0, ""confidence"": [0.0, 0.7934506856227626], ""p_value"": 1.0, ""solo_contingency"": [[0, 1], [195, 8243]], ""contingency"": [[0, 1], [4543, 9836]]}",{}
NC00962.3,STM-0.15-0.95,0.0,GARC1,RUS,STM,rrs@-*_indel,U,{},"{""default_rule"": ""True""}",{}
NC00962.3,STM-0.15-0.95,0.0,GARC1,RUS,STM,rrs@*_indel,U,{},"{""default_rule"": ""True""}",{}
NC00962.3,STM-0.15-0.95,0.0,GARC1,RUS,STM,rrs@-*?,U,{},"{""default_rule"": ""True""}",{}
NC00962.3,STM-0.15-0.95,0.0,GARC1,RUS,STM,rrs@*?,U,{},"{""default_rule"": ""True""}",{}
NC00962.3,STM-0.15-0.95,0.0,GARC1,RUS,STM,rrs@del_0.0,U,{},"{""default_rule"": ""True""}",{}
NC00962.3,STM-0.15-0.95,0.0,GARC1,RUS,STM,rpsL@-*_indel,U,{},"{""default_rule"": ""True""}",{}
NC00962.3,STM-0.15-0.95,0.0,GARC1,RUS,STM,rpsL@*_indel,U,{},"{""default_rule"": ""True""}",{}
NC00962.3,STM-0.15-0.95,0.0,GARC1,RUS,STM,rpsL@-*?,U,{},"{""default_rule"": ""True""}",{}
NC00962.3,STM-0.15-0.95,0.0,GARC1,RUS,STM,rpsL@*?,U,{},"{""default_rule"": ""True""}",{}
NC00962.3,STM-0.15-0.95,0.0,GARC1,RUS,STM,rpsL@del_0.0,U,{},"{""default_rule"": ""True""}",{}
NC00962.3,STM-0.15-0.95,0.0,GARC1,RUS,STM,gid@-*_indel,U,{},"{""default_rule"": ""True""}",{}
NC00962.3,STM-0.15-0.95,0.0,GARC1,RUS,STM,gid@*_indel,U,{},"{""default_rule"": ""True""}",{}
NC00962.3,STM-0.15-0.95,0.0,GARC1,RUS,STM,gid@-*?,U,{},"{""default_rule"": ""True""}",{}
NC00962.3,STM-0.15-0.95,0.0,GARC1,RUS,STM,gid@*?,U,{},"{""default_rule"": ""True""}",{}
NC00962.3,STM-0.15-0.95,0.0,GARC1,RUS,STM,gid@del_0.0,U,{},"{""default_rule"": ""True""}",{}
