,GENBANK_REFERENCE,CATALOGUE_NAME,CATALOGUE_VERSION,CATALOGUE_GRAMMAR,PREDICTION_VALUES,DRUG,MUTATION,PREDICTION,SOURCE,EVIDENCE,OTHER
0,NC00962.3,STM-0.1-0.95,0.0,GARC1,RUS,STM,gid@L16R,S,{},"{""proportion"": 0.02700348432055749, ""confidence"": [0.019088077384709953, 0.038073833498499195], ""p_value"": 1.3458263488918954e-21, ""contingency"": [[31, 1117], [161, 6034]]}",{}
1,NC00962.3,STM-0.1-0.95,0.0,GARC1,RUS,STM,gid@E92D,S,{},"{""proportion"": 0.038649972781709306, ""confidence"": [0.030754716610337886, 0.048470714847580885], ""p_value"": 9.080923596028417e-23, ""contingency"": [[71, 1766], [161, 6034]]}",{}
2,NC00962.3,STM-0.1-0.95,0.0,GARC1,RUS,STM,rrs@c492t,S,{},"{""proportion"": 0.012376237623762377, ""confidence"": [0.0052976597998664375, 0.02864067217039916], ""p_value"": 9.222049764784588e-13, ""contingency"": [[5, 399], [264, 8924]]}",{}
3,NC00962.3,STM-0.1-0.95,0.0,GARC1,RUS,STM,gid@Y195H,S,{},"{""proportion"": 0.012903225806451613, ""confidence"": [0.0035456916701159086, 0.045820883523239896], ""p_value"": 2.272202591109841e-05, ""contingency"": [[2, 153], [264, 8924]]}",{}
749,NC00962.3,STM-0.1-0.95,0.0,GARC1,RUS,STM,rrs@*=,S,{},"{""default_rule"": ""True""}",{}
755,NC00962.3,STM-0.1-0.95,0.0,GARC1,RUS,STM,rpsL@*=,S,{},"{""default_rule"": ""True""}",{}
761,NC00962.3,STM-0.1-0.95,0.0,GARC1,RUS,STM,gid@*=,S,{},"{""default_rule"": ""True""}",{}
4,NC00962.3,STM-0.1-0.95,0.0,GARC1,RUS,STM,gid@G157R,R,{},"{""proportion"": 0.5714285714285714, ""confidence"": [0.2504583645276572, 0.8417801447485304], ""p_value"": 0.0027280000000000004, ""contingency"": [[4, 3], [271, 9476]]}",{}
5,NC00962.3,STM-0.1-0.95,0.0,GARC1,RUS,STM,rpsL@K88R,R,{},"{""proportion"": 0.9461077844311377, ""confidence"": [0.9227257092537053, 0.9627007789831932], ""p_value"": 0.0, ""contingency"": [[474, 27], [271, 9476]]}",{}
6,NC00962.3,STM-0.1-0.95,0.0,GARC1,RUS,STM,rrs@c517t,R,{},"{""proportion"": 0.8440366972477065, ""confidence"": [0.800742684355023, 0.8793413679944835], ""p_value"": 8.683282921749042e-219, ""contingency"": [[276, 51], [271, 9476]]}",{}
7,NC00962.3,STM-0.1-0.95,0.0,GARC1,RUS,STM,gid@48_del_t,R,{},"{""proportion"": 1.0, ""confidence"": [0.4385029682449545, 1.0], ""p_value"": 0.0010000000000000002, ""contingency"": [[3, 0], [271, 9476]]}",{}
8,NC00962.3,STM-0.1-0.95,0.0,GARC1,RUS,STM,gid@Q125!,R,{},"{""proportion"": 0.7368421052631579, ""confidence"": [0.5120844910218489, 0.8819358765321749], ""p_value"": 7.127726320000006e-11, ""contingency"": [[14, 5], [271, 9476]]}",{}
17,NC00962.3,STM-0.1-0.95,0.0,GARC1,RUS,STM,gid@351_ins_g,R,{},"{""proportion"": 0.2857142857142857, ""confidence"": [0.13813862952122133, 0.49956380716085597], ""p_value"": 0.014445270276504444, ""contingency"": [[6, 15], [271, 9476]]}",{}
18,NC00962.3,STM-0.1-0.95,0.0,GARC1,RUS,STM,rpsL@K43R,R,{},"{""proportion"": 0.9657980456026058, ""confidence"": [0.9578515868078926, 0.9722896594075935], ""p_value"": 0.0, ""contingency"": [[2372, 84], [271, 9476]]}",{}
20,NC00962.3,STM-0.1-0.95,0.0,GARC1,RUS,STM,gid@351_del_g,R,{},"{""proportion"": 0.5376344086021505, ""confidence"": [0.43682930427717453, 0.6354537869240926], ""p_value"": 7.481370911364066e-26, ""contingency"": [[50, 43], [271, 9476]]}",{}
23,NC00962.3,STM-0.1-0.95,0.0,GARC1,RUS,STM,gid@E92!,R,{},"{""proportion"": 0.6, ""confidence"": [0.23072428127601285, 0.8823792257673521], ""p_value"": 0.008560000000000002, ""contingency"": [[3, 2], [271, 9476]]}",{}
27,NC00962.3,STM-0.1-0.95,0.0,GARC1,RUS,STM,gid@A138V,R,{},"{""proportion"": 0.5925925925925926, ""confidence"": [0.40726700968064683, 0.7548524292560443], ""p_value"": 4.4047421570989916e-10, ""contingency"": [[16, 11], [271, 9476]]}",{}
33,NC00962.3,STM-0.1-0.95,0.0,GARC1,RUS,STM,gid@R137W,R,{},"{""proportion"": 0.47619047619047616, ""confidence"": [0.28344006101534175, 0.6763046541715557], ""p_value"": 1.242166679301143e-05, ""contingency"": [[10, 11], [271, 9476]]}",{}
34,NC00962.3,STM-0.1-0.95,0.0,GARC1,RUS,STM,gid@V65G,R,{},"{""proportion"": 0.375, ""confidence"": [0.13684428582359737, 0.6942576053973727], ""p_value"": 0.03809179000000002, ""contingency"": [[3, 5], [271, 9476]]}",{}
36,NC00962.3,STM-0.1-0.95,0.0,GARC1,RUS,STM,gid@L79S,R,{},"{""proportion"": 0.6388888888888888, ""confidence"": [0.47575075485558044, 0.7752440705348462], ""p_value"": 6.247005891532742e-15, ""contingency"": [[23, 13], [271, 9476]]}",{}
37,NC00962.3,STM-0.1-0.95,0.0,GARC1,RUS,STM,gid@E92G,R,{},"{""proportion"": 0.6, ""confidence"": [0.23072428127601285, 0.8823792257673521], ""p_value"": 0.008560000000000002, ""contingency"": [[3, 2], [271, 9476]]}",{}
42,NC00962.3,STM-0.1-0.95,0.0,GARC1,RUS,STM,rrs@a514c,R,{},"{""proportion"": 0.925, ""confidence"": [0.8799563897637055, 0.954025082815618], ""p_value"": 3.0392831952196996e-164, ""contingency"": [[185, 15], [271, 9476]]}",{}
44,NC00962.3,STM-0.1-0.95,0.0,GARC1,RUS,STM,gid@S70R,R,{},"{""proportion"": 0.5294117647058824, ""confidence"": [0.3096323506000443, 0.7383489355759056], ""p_value"": 1.1464435997200009e-05, ""contingency"": [[9, 8], [271, 9476]]}",{}
46,NC00962.3,STM-0.1-0.95,0.0,GARC1,RUS,STM,gid@115_del_c,R,{},"{""proportion"": 0.5567010309278351, ""confidence"": [0.4575580532092354, 0.6515240656795747], ""p_value"": 8.136062197309711e-29, ""contingency"": [[54, 43], [271, 9476]]}",{}
49,NC00962.3,STM-0.1-0.95,0.0,GARC1,RUS,STM,gid@G69D,R,{},"{""proportion"": 0.75, ""confidence"": [0.5050168346449122, 0.8981793250878696], ""p_value"": 1.235912500000001e-09, ""contingency"": [[12, 4], [271, 9476]]}",{}
57,NC00962.3,STM-0.1-0.95,0.0,GARC1,RUS,STM,gid@102_del_g,R,{},"{""proportion"": 0.5726495726495726, ""confidence"": [0.4821082285158197, 0.6585719665588259], ""p_value"": 2.008093071441775e-36, ""contingency"": [[67, 50], [271, 9476]]}",{}
59,NC00962.3,STM-0.1-0.95,0.0,GARC1,RUS,STM,gid@S149R,R,{},"{""proportion"": 0.5, ""confidence"": [0.32060593525759046, 0.6793940647424095], ""p_value"": 2.9426806468919976e-07, ""contingency"": [[13, 13], [271, 9476]]}",{}
64,NC00962.3,STM-0.1-0.95,0.0,GARC1,RUS,STM,rpsL@K88M,R,{},"{""proportion"": 0.8333333333333334, ""confidence"": [0.5519691377470266, 0.9530348578161463], ""p_value"": 5.455000000000004e-09, ""contingency"": [[10, 2], [271, 9476]]}",{}
67,NC00962.3,STM-0.1-0.95,0.0,GARC1,RUS,STM,gid@H48Y,R,{},"{""proportion"": 0.625, ""confidence"": [0.3057423946026273, 0.8631557141764027], ""p_value"": 0.0004316500000000002, ""contingency"": [[5, 3], [271, 9476]]}",{}
68,NC00962.3,STM-0.1-0.95,0.0,GARC1,RUS,STM,gid@W45!,R,{},"{""proportion"": 0.5, ""confidence"": [0.26799202452413634, 0.7320079754758637], ""p_value"": 0.00018136123444000005, ""contingency"": [[7, 7], [271, 9476]]}",{}
73,NC00962.3,STM-0.1-0.95,0.0,GARC1,RUS,STM,rrs@a1401g,R,{},"{""proportion"": 0.1791044776119403, ""confidence"": [0.10553591339881956, 0.28747489247918007], ""p_value"": 0.039977196265408466, ""contingency"": [[12, 55], [271, 9476]]}",{}
92,NC00962.3,STM-0.1-0.95,0.0,GARC1,RUS,STM,gid@G76D,R,{},"{""proportion"": 0.6666666666666666, ""confidence"": [0.20765960080204768, 0.9385080552796037], ""p_value"": 0.028000000000000008, ""contingency"": [[2, 1], [271, 9476]]}",{}
94,NC00962.3,STM-0.1-0.95,0.0,GARC1,RUS,STM,gid@S70G,R,{},"{""proportion"": 0.75, ""confidence"": [0.3006418425824019, 0.9544127391902995], ""p_value"": 0.0037000000000000006, ""contingency"": [[3, 1], [271, 9476]]}",{}
101,NC00962.3,STM-0.1-0.95,0.0,GARC1,RUS,STM,gid@87_del_c,R,{},"{""proportion"": 0.3333333333333333, ""confidence"": [0.13812009109121315, 0.6093779111272004], ""p_value"": 0.025637470165000006, ""contingency"": [[4, 8], [271, 9476]]}",{}
105,NC00962.3,STM-0.1-0.95,0.0,GARC1,RUS,STM,rpsL@K88Q,R,{},"{""proportion"": 0.7058823529411765, ""confidence"": [0.46866889933460154, 0.8672001038970478], ""p_value"": 3.815172820000003e-09, ""contingency"": [[12, 5], [271, 9476]]}",{}
115,NC00962.3,STM-0.1-0.95,0.0,GARC1,RUS,STM,gid@V202G,R,{},"{""proportion"": 1.0, ""confidence"": [0.3423802275066531, 1.0], ""p_value"": 0.010000000000000002, ""contingency"": [[2, 0], [271, 9476]]}",{}
116,NC00962.3,STM-0.1-0.95,0.0,GARC1,RUS,STM,gid@386_del_g,R,{},"{""proportion"": 0.3333333333333333, ""confidence"": [0.1627877475083369, 0.5625053270405489], ""p_value"": 0.006415150096133849, ""contingency"": [[6, 12], [271, 9476]]}",{}
120,NC00962.3,STM-0.1-0.95,0.0,GARC1,RUS,STM,gid@G117R,R,{},"{""proportion"": 0.6666666666666666, ""confidence"": [0.35420213558039626, 0.8794161816130891], ""p_value"": 6.423400000000001e-05, ""contingency"": [[6, 3], [271, 9476]]}",{}
126,NC00962.3,STM-0.1-0.95,0.0,GARC1,RUS,STM,gid@A138P,R,{},"{""proportion"": 0.6666666666666666, ""confidence"": [0.299993315138392, 0.9032285888942195], ""p_value"": 0.0012700000000000003, ""contingency"": [[4, 2], [271, 9476]]}",{}
127,NC00962.3,STM-0.1-0.95,0.0,GARC1,RUS,STM,gid@L50R,R,{},"{""proportion"": 0.38461538461538464, ""confidence"": [0.27595007375002106, 0.5061579719398691], ""p_value"": 1.1589729538879289e-09, ""contingency"": [[25, 40], [271, 9476]]}",{}
128,NC00962.3,STM-0.1-0.95,0.0,GARC1,RUS,STM,gid@R206!,R,{},"{""proportion"": 0.6666666666666666, ""confidence"": [0.20765960080204768, 0.9385080552796037], ""p_value"": 0.028000000000000008, ""contingency"": [[2, 1], [271, 9476]]}",{}
129,NC00962.3,STM-0.1-0.95,0.0,GARC1,RUS,STM,gid@258_ins_g,R,{},"{""proportion"": 1.0, ""confidence"": [0.3423802275066531, 1.0], ""p_value"": 0.010000000000000002, ""contingency"": [[2, 0], [271, 9476]]}",{}
130,NC00962.3,STM-0.1-0.95,0.0,GARC1,RUS,STM,gid@I11T,R,{},"{""proportion"": 0.6666666666666666, ""confidence"": [0.20765960080204768, 0.9385080552796037], ""p_value"": 0.028000000000000008, ""contingency"": [[2, 1], [271, 9476]]}",{}
131,NC00962.3,STM-0.1-0.95,0.0,GARC1,RUS,STM,gid@H48N,R,{},"{""proportion"": 0.5, ""confidence"": [0.236593090512564, 0.763406909487436], ""p_value"": 0.0016349374000000003, ""contingency"": [[5, 5], [271, 9476]]}",{}
132,NC00962.3,STM-0.1-0.95,0.0,GARC1,RUS,STM,gid@V135G,R,{},"{""proportion"": 0.6666666666666666, ""confidence"": [0.20765960080204768, 0.9385080552796037], ""p_value"": 0.028000000000000008, ""contingency"": [[2, 1], [271, 9476]]}",{}
133,NC00962.3,STM-0.1-0.95,0.0,GARC1,RUS,STM,gid@L79W,R,{},"{""proportion"": 0.6666666666666666, ""confidence"": [0.5033399787115652, 0.7978538117569468], ""p_value"": 3.732887708346946e-16, ""contingency"": [[24, 12], [271, 9476]]}",{}
134,NC00962.3,STM-0.1-0.95,0.0,GARC1,RUS,STM,gid@E40Q,R,{},"{""proportion"": 1.0, ""confidence"": [0.3423802275066531, 1.0], ""p_value"": 0.010000000000000002, ""contingency"": [[2, 0], [271, 9476]]}",{}
135,NC00962.3,STM-0.1-0.95,0.0,GARC1,RUS,STM,rrs@a514t,R,{},"{""proportion"": 0.8125, ""confidence"": [0.5699111903802586, 0.9340840092857186], ""p_value"": 4.181050000000003e-11, ""contingency"": [[13, 3], [271, 9476]]}",{}
139,NC00962.3,STM-0.1-0.95,0.0,GARC1,RUS,STM,gid@P75S,R,{},"{""proportion"": 0.375, ""confidence"": [0.2422297916723327, 0.5296756086269889], ""p_value"": 3.4805502670009244e-06, ""contingency"": [[15, 25], [271, 9476]]}",{}
142,NC00962.3,STM-0.1-0.95,0.0,GARC1,RUS,STM,gid@S136!,R,{},"{""proportion"": 0.6, ""confidence"": [0.23072428127601285, 0.8823792257673521], ""p_value"": 0.008560000000000002, ""contingency"": [[3, 2], [271, 9476]]}",{}
143,NC00962.3,STM-0.1-0.95,0.0,GARC1,RUS,STM,gid@R137L,R,{},"{""proportion"": 0.6666666666666666, ""confidence"": [0.20765960080204768, 0.9385080552796037], ""p_value"": 0.028000000000000008, ""contingency"": [[2, 1], [271, 9476]]}",{}
144,NC00962.3,STM-0.1-0.95,0.0,GARC1,RUS,STM,gid@165_ins_atc,R,{},"{""proportion"": 1.0, ""confidence"": [0.3423802275066531, 1.0], ""p_value"": 0.010000000000000002, ""contingency"": [[2, 0], [271, 9476]]}",{}
146,NC00962.3,STM-0.1-0.95,0.0,GARC1,RUS,STM,gid@R197P,R,{},"{""proportion"": 0.6666666666666666, ""confidence"": [0.20765960080204768, 0.9385080552796037], ""p_value"": 0.028000000000000008, ""contingency"": [[2, 1], [271, 9476]]}",{}
151,NC00962.3,STM-0.1-0.95,0.0,GARC1,RUS,STM,gid@V77A,R,{},"{""proportion"": 0.3333333333333333, ""confidence"": [0.13812009109121315, 0.6093779111272004], ""p_value"": 0.025637470165000006, ""contingency"": [[4, 8], [271, 9476]]}",{}
152,NC00962.3,STM-0.1-0.95,0.0,GARC1,RUS,STM,gid@227_del_g,R,{},"{""proportion"": 0.8, ""confidence"": [0.37553462976252533, 0.9637758913675698], ""p_value"": 0.0004600000000000001, ""contingency"": [[4, 1], [271, 9476]]}",{}
156,NC00962.3,STM-0.1-0.95,0.0,GARC1,RUS,STM,gid@R83W,R,{},"{""proportion"": 1.0, ""confidence"": [0.3423802275066531, 1.0], ""p_value"": 0.010000000000000002, ""contingency"": [[2, 0], [271, 9476]]}",{}
159,NC00962.3,STM-0.1-0.95,0.0,GARC1,RUS,STM,gid@G37E,R,{},"{""proportion"": 1.0, ""confidence"": [0.5655175352168252, 1.0], ""p_value"": 1.0000000000000003e-05, ""contingency"": [[5, 0], [271, 9476]]}",{}
160,NC00962.3,STM-0.1-0.95,0.0,GARC1,RUS,STM,rrs@a906g,R,{},"{""proportion"": 0.5, ""confidence"": [0.29031021505169974, 0.7096897849483003], ""p_value"": 2.0882628084790013e-05, ""contingency"": [[9, 9], [271, 9476]]}",{}
161,NC00962.3,STM-0.1-0.95,0.0,GARC1,RUS,STM,gid@V65A,R,{},"{""proportion"": 0.375, ""confidence"": [0.13684428582359737, 0.6942576053973727], ""p_value"": 0.03809179000000002, ""contingency"": [[3, 5], [271, 9476]]}",{}
168,NC00962.3,STM-0.1-0.95,0.0,GARC1,RUS,STM,gid@A161D,R,{},"{""proportion"": 1.0, ""confidence"": [0.3423802275066531, 1.0], ""p_value"": 0.010000000000000002, ""contingency"": [[2, 0], [271, 9476]]}",{}
175,NC00962.3,STM-0.1-0.95,0.0,GARC1,RUS,STM,gid@L86P,R,{},"{""proportion"": 0.6, ""confidence"": [0.3126737697336583, 0.8318196702937638], ""p_value"": 0.0001469026, ""contingency"": [[6, 4], [271, 9476]]}",{}
178,NC00962.3,STM-0.1-0.95,0.0,GARC1,RUS,STM,gid@L74S,R,{},"{""proportion"": 0.6, ""confidence"": [0.23072428127601285, 0.8823792257673521], ""p_value"": 0.008560000000000002, ""contingency"": [[3, 2], [271, 9476]]}",{}
184,NC00962.3,STM-0.1-0.95,0.0,GARC1,RUS,STM,gid@A119D,R,{},"{""proportion"": 0.5, ""confidence"": [0.1876163064826506, 0.8123836935173494], ""p_value"": 0.015850000000000003, ""contingency"": [[3, 3], [271, 9476]]}",{}
187,NC00962.3,STM-0.1-0.95,0.0,GARC1,RUS,STM,rrs@a907t,R,{},"{""proportion"": 1.0, ""confidence"": [0.4385029682449545, 1.0], ""p_value"": 0.0010000000000000002, ""contingency"": [[3, 0], [271, 9476]]}",{}
190,NC00962.3,STM-0.1-0.95,0.0,GARC1,RUS,STM,gid@H48Q,R,{},"{""proportion"": 0.6666666666666666, ""confidence"": [0.20765960080204768, 0.9385080552796037], ""p_value"": 0.028000000000000008, ""contingency"": [[2, 1], [271, 9476]]}",{}
193,NC00962.3,STM-0.1-0.95,0.0,GARC1,RUS,STM,gid@L91P,R,{},"{""proportion"": 0.75, ""confidence"": [0.3006418425824019, 0.9544127391902995], ""p_value"": 0.0037000000000000006, ""contingency"": [[3, 1], [271, 9476]]}",{}
194,NC00962.3,STM-0.1-0.95,0.0,GARC1,RUS,STM,gid@G34V,R,{},"{""proportion"": 0.75, ""confidence"": [0.3006418425824019, 0.9544127391902995], ""p_value"": 0.0037000000000000006, ""contingency"": [[3, 1], [271, 9476]]}",{}
195,NC00962.3,STM-0.1-0.95,0.0,GARC1,RUS,STM,gid@507_ins_aaaggcgagcgggctcacgac,R,{},"{""proportion"": 0.75, ""confidence"": [0.3006418425824019, 0.9544127391902995], ""p_value"": 0.0037000000000000006, ""contingency"": [[3, 1], [271, 9476]]}",{}
196,NC00962.3,STM-0.1-0.95,0.0,GARC1,RUS,STM,gid@G37R,R,{},"{""proportion"": 0.5555555555555556, ""confidence"": [0.33716415642042774, 0.7544048187299437], ""p_value"": 2.0462439096100013e-06, ""contingency"": [[10, 8], [271, 9476]]}",{}
198,NC00962.3,STM-0.1-0.95,0.0,GARC1,RUS,STM,gid@L35P,R,{},"{""proportion"": 1.0, ""confidence"": [0.3423802275066531, 1.0], ""p_value"": 0.010000000000000002, ""contingency"": [[2, 0], [271, 9476]]}",{}
202,NC00962.3,STM-0.1-0.95,0.0,GARC1,RUS,STM,gid@E40K,R,{},"{""proportion"": 1.0, ""confidence"": [0.3423802275066531, 1.0], ""p_value"": 0.010000000000000002, ""contingency"": [[2, 0], [271, 9476]]}",{}
206,NC00962.3,STM-0.1-0.95,0.0,GARC1,RUS,STM,gid@342_del_c,R,{},"{""proportion"": 1.0, ""confidence"": [0.3423802275066531, 1.0], ""p_value"": 0.010000000000000002, ""contingency"": [[2, 0], [271, 9476]]}",{}
207,NC00962.3,STM-0.1-0.95,0.0,GARC1,RUS,STM,rrs@t23g,R,{},"{""proportion"": 0.6666666666666666, ""confidence"": [0.20765960080204768, 0.9385080552796037], ""p_value"": 0.028000000000000008, ""contingency"": [[2, 1], [271, 9476]]}",{}
208,NC00962.3,STM-0.1-0.95,0.0,GARC1,RUS,STM,gid@A82P,R,{},"{""proportion"": 0.75, ""confidence"": [0.3006418425824019, 0.9544127391902995], ""p_value"": 0.0037000000000000006, ""contingency"": [[3, 1], [271, 9476]]}",{}
210,NC00962.3,STM-0.1-0.95,0.0,GARC1,RUS,STM,gid@Y195!,R,{},"{""proportion"": 0.5714285714285714, ""confidence"": [0.2504583645276572, 0.8417801447485304], ""p_value"": 0.0027280000000000004, ""contingency"": [[4, 3], [271, 9476]]}",{}
215,NC00962.3,STM-0.1-0.95,0.0,GARC1,RUS,STM,gid@574_del_gg,R,{},"{""proportion"": 1.0, ""confidence"": [0.5101091635454027, 1.0], ""p_value"": 0.00010000000000000002, ""contingency"": [[4, 0], [271, 9476]]}",{}
224,NC00962.3,STM-0.1-0.95,0.0,GARC1,RUS,STM,gid@P75R,R,{},"{""proportion"": 1.0, ""confidence"": [0.6755924351161198, 1.0], ""p_value"": 1.0000000000000005e-08, ""contingency"": [[8, 0], [271, 9476]]}",{}
230,NC00962.3,STM-0.1-0.95,0.0,GARC1,RUS,STM,gid@H48P,R,{},"{""proportion"": 1.0, ""confidence"": [0.3423802275066531, 1.0], ""p_value"": 0.010000000000000002, ""contingency"": [[2, 0], [271, 9476]]}",{}
231,NC00962.3,STM-0.1-0.95,0.0,GARC1,RUS,STM,gid@371_del_t,R,{},"{""proportion"": 0.6666666666666666, ""confidence"": [0.20765960080204768, 0.9385080552796037], ""p_value"": 0.028000000000000008, ""contingency"": [[2, 1], [271, 9476]]}",{}
237,NC00962.3,STM-0.1-0.95,0.0,GARC1,RUS,STM,gid@D67H,R,{},"{""proportion"": 1.0, ""confidence"": [0.5101091635454027, 1.0], ""p_value"": 0.00010000000000000002, ""contingency"": [[4, 0], [271, 9476]]}",{}
239,NC00962.3,STM-0.1-0.95,0.0,GARC1,RUS,STM,gid@V77G,R,{},"{""proportion"": 0.39473684210526316, ""confidence"": [0.29246582640329877, 0.5071370336104145], ""p_value"": 1.2126755762987412e-11, ""contingency"": [[30, 46], [271, 9476]]}",{}
245,NC00962.3,STM-0.1-0.95,0.0,GARC1,RUS,STM,gid@P84L,R,{},"{""proportion"": 0.8378378378378378, ""confidence"": [0.7700427540196234, 0.8885389059345762], ""p_value"": 2.2295625254025495e-98, ""contingency"": [[124, 24], [271, 9476]]}",{}
248,NC00962.3,STM-0.1-0.95,0.0,GARC1,RUS,STM,gid@P78L,R,{},"{""proportion"": 0.25, ""confidence"": [0.1325240091850904, 0.42106558994244486], ""p_value"": 0.011685454625858856, ""contingency"": [[8, 24], [271, 9476]]}",{}
250,NC00962.3,STM-0.1-0.95,0.0,GARC1,RUS,STM,gid@180_del_a,R,{},"{""proportion"": 0.6060606060606061, ""confidence"": [0.4368344081994023, 0.7531689256552292], ""p_value"": 1.5635347671293781e-12, ""contingency"": [[20, 13], [271, 9476]]}",{}
251,NC00962.3,STM-0.1-0.95,0.0,GARC1,RUS,STM,gid@G73A,R,{},"{""proportion"": 0.8297872340425532, ""confidence"": [0.6986022402737561, 0.9111363612350973], ""p_value"": 1.3842970289962647e-31, ""contingency"": [[39, 8], [271, 9476]]}",{}
252,NC00962.3,STM-0.1-0.95,0.0,GARC1,RUS,STM,gid@D67G,R,{},"{""proportion"": 0.4666666666666667, ""confidence"": [0.24809535365737387, 0.698830199745016], ""p_value"": 0.00031063053760300015, ""contingency"": [[7, 8], [271, 9476]]}",{}
253,NC00962.3,STM-0.1-0.95,0.0,GARC1,RUS,STM,gid@R118S,R,{},"{""proportion"": 0.5, ""confidence"": [0.1876163064826506, 0.8123836935173494], ""p_value"": 0.015850000000000003, ""contingency"": [[3, 3], [271, 9476]]}",{}
259,NC00962.3,STM-0.1-0.95,0.0,GARC1,RUS,STM,gid@R97H,R,{},"{""proportion"": 0.5, ""confidence"": [0.1876163064826506, 0.8123836935173494], ""p_value"": 0.015850000000000003, ""contingency"": [[3, 3], [271, 9476]]}",{}
261,NC00962.3,STM-0.1-0.95,0.0,GARC1,RUS,STM,gid@-33_del_t,R,{},"{""proportion"": 0.5, ""confidence"": [0.2152160622138776, 0.7847839377861224], ""p_value"": 0.005024350000000003, ""contingency"": [[4, 4], [271, 9476]]}",{}
268,NC00962.3,STM-0.1-0.95,0.0,GARC1,RUS,STM,gid@R47W,R,{},"{""proportion"": 0.7142857142857143, ""confidence"": [0.35893445183261935, 0.9177810759959434], ""p_value"": 0.00017650000000000003, ""contingency"": [[5, 2], [271, 9476]]}",{}
269,NC00962.3,STM-0.1-0.95,0.0,GARC1,RUS,STM,gid@41_del_c,R,{},"{""proportion"": 1.0, ""confidence"": [0.4385029682449545, 1.0], ""p_value"": 0.0010000000000000002, ""contingency"": [[3, 0], [271, 9476]]}",{}
270,NC00962.3,STM-0.1-0.95,0.0,GARC1,RUS,STM,gid@A138E,R,{},"{""proportion"": 0.45454545454545453, ""confidence"": [0.21271271622459764, 0.719908462590678], ""p_value"": 0.0027509635000000014, ""contingency"": [[5, 6], [271, 9476]]}",{}
271,NC00962.3,STM-0.1-0.95,0.0,GARC1,RUS,STM,gid@R96L,R,{},"{""proportion"": 0.6, ""confidence"": [0.3126737697336583, 0.8318196702937638], ""p_value"": 0.0001469026, ""contingency"": [[6, 4], [271, 9476]]}",{}
272,NC00962.3,STM-0.1-0.95,0.0,GARC1,RUS,STM,gid@L91R,R,{},"{""proportion"": 0.6666666666666666, ""confidence"": [0.20765960080204768, 0.9385080552796037], ""p_value"": 0.028000000000000008, ""contingency"": [[2, 1], [271, 9476]]}",{}
273,NC00962.3,STM-0.1-0.95,0.0,GARC1,RUS,STM,gid@V110A,R,{},"{""proportion"": 1.0, ""confidence"": [0.700854951580456, 1.0], ""p_value"": 1.0000000000000005e-09, ""contingency"": [[9, 0], [271, 9476]]}",{}
282,NC00962.3,STM-0.1-0.95,0.0,GARC1,RUS,STM,gid@39_ins_a,R,{},"{""proportion"": 0.5909090909090909, ""confidence"": [0.38734818476315125, 0.7674418380352813], ""p_value"": 2.0733271281667017e-08, ""contingency"": [[13, 9], [271, 9476]]}",{}
283,NC00962.3,STM-0.1-0.95,0.0,GARC1,RUS,STM,gid@Q127!,R,{},"{""proportion"": 0.42857142857142855, ""confidence"": [0.15821985525146973, 0.7495416354723429], ""p_value"": 0.025691500000000006, ""contingency"": [[3, 4], [271, 9476]]}",{}
286,NC00962.3,STM-0.1-0.95,0.0,GARC1,RUS,STM,gid@370_del_g,R,{},"{""proportion"": 0.6666666666666666, ""confidence"": [0.20765960080204768, 0.9385080552796037], ""p_value"": 0.028000000000000008, ""contingency"": [[2, 1], [271, 9476]]}",{}
288,NC00962.3,STM-0.1-0.95,0.0,GARC1,RUS,STM,rpsL@K88T,R,{},"{""proportion"": 1.0, ""confidence"": [0.4385029682449545, 1.0], ""p_value"": 0.0010000000000000002, ""contingency"": [[3, 0], [271, 9476]]}",{}
290,NC00962.3,STM-0.1-0.95,0.0,GARC1,RUS,STM,gid@E92K,R,{},"{""proportion"": 0.6666666666666666, ""confidence"": [0.20765960080204768, 0.9385080552796037], ""p_value"": 0.028000000000000008, ""contingency"": [[2, 1], [271, 9476]]}",{}
293,NC00962.3,STM-0.1-0.95,0.0,GARC1,RUS,STM,gid@G71R,R,{},"{""proportion"": 1.0, ""confidence"": [0.5101091635454027, 1.0], ""p_value"": 0.00010000000000000002, ""contingency"": [[4, 0], [271, 9476]]}",{}
295,NC00962.3,STM-0.1-0.95,0.0,GARC1,RUS,STM,gid@A133P,R,{},"{""proportion"": 0.6666666666666666, ""confidence"": [0.299993315138392, 0.9032285888942195], ""p_value"": 0.0012700000000000003, ""contingency"": [[4, 2], [271, 9476]]}",{}
297,NC00962.3,STM-0.1-0.95,0.0,GARC1,RUS,STM,gid@L26F,R,{},"{""proportion"": 0.6, ""confidence"": [0.3126737697336583, 0.8318196702937638], ""p_value"": 0.0001469026, ""contingency"": [[6, 4], [271, 9476]]}",{}
305,NC00962.3,STM-0.1-0.95,0.0,GARC1,RUS,STM,gid@597_del_c,R,{},"{""proportion"": 0.4444444444444444, ""confidence"": [0.18877852109766458, 0.7333487065045069], ""p_value"": 0.008331094, ""contingency"": [[4, 5], [271, 9476]]}",{}
318,NC00962.3,STM-0.1-0.95,0.0,GARC1,RUS,STM,gid@L26!,R,{},"{""proportion"": 1.0, ""confidence"": [0.3423802275066531, 1.0], ""p_value"": 0.010000000000000002, ""contingency"": [[2, 0], [271, 9476]]}",{}
320,NC00962.3,STM-0.1-0.95,0.0,GARC1,RUS,STM,gid@G73R,R,{},"{""proportion"": 0.5, ""confidence"": [0.1876163064826506, 0.8123836935173494], ""p_value"": 0.015850000000000003, ""contingency"": [[3, 3], [271, 9476]]}",{}
322,NC00962.3,STM-0.1-0.95,0.0,GARC1,RUS,STM,gid@230_del_tgccattggcgatagcgcg,R,{},"{""proportion"": 0.6666666666666666, ""confidence"": [0.20765960080204768, 0.9385080552796037], ""p_value"": 0.028000000000000008, ""contingency"": [[2, 1], [271, 9476]]}",{}
326,NC00962.3,STM-0.1-0.95,0.0,GARC1,RUS,STM,gid@E103!,R,{},"{""proportion"": 0.6666666666666666, ""confidence"": [0.20765960080204768, 0.9385080552796037], ""p_value"": 0.028000000000000008, ""contingency"": [[2, 1], [271, 9476]]}",{}
327,NC00962.3,STM-0.1-0.95,0.0,GARC1,RUS,STM,gid@518_ins_a,R,{},"{""proportion"": 0.75, ""confidence"": [0.3006418425824019, 0.9544127391902995], ""p_value"": 0.0037000000000000006, ""contingency"": [[3, 1], [271, 9476]]}",{}
329,NC00962.3,STM-0.1-0.95,0.0,GARC1,RUS,STM,gid@E60!,R,{},"{""proportion"": 0.75, ""confidence"": [0.3006418425824019, 0.9544127391902995], ""p_value"": 0.0037000000000000006, ""contingency"": [[3, 1], [271, 9476]]}",{}
331,NC00962.3,STM-0.1-0.95,0.0,GARC1,RUS,STM,gid@R137P,R,{},"{""proportion"": 0.6, ""confidence"": [0.23072428127601285, 0.8823792257673521], ""p_value"": 0.008560000000000002, ""contingency"": [[3, 2], [271, 9476]]}",{}
334,NC00962.3,STM-0.1-0.95,0.0,GARC1,RUS,STM,gid@E170!,R,{},"{""proportion"": 0.6666666666666666, ""confidence"": [0.20765960080204768, 0.9385080552796037], ""p_value"": 0.028000000000000008, ""contingency"": [[2, 1], [271, 9476]]}",{}
335,NC00962.3,STM-0.1-0.95,0.0,GARC1,RUS,STM,gid@S70N,R,{},"{""proportion"": 0.6666666666666666, ""confidence"": [0.20765960080204768, 0.9385080552796037], ""p_value"": 0.028000000000000008, ""contingency"": [[2, 1], [271, 9476]]}",{}
336,NC00962.3,STM-0.1-0.95,0.0,GARC1,RUS,STM,gid@H48R,R,{},"{""proportion"": 0.75, ""confidence"": [0.3006418425824019, 0.9544127391902995], ""p_value"": 0.0037000000000000006, ""contingency"": [[3, 1], [271, 9476]]}",{}
337,NC00962.3,STM-0.1-0.95,0.0,GARC1,RUS,STM,gid@G117E,R,{},"{""proportion"": 0.75, ""confidence"": [0.3006418425824019, 0.9544127391902995], ""p_value"": 0.0037000000000000006, ""contingency"": [[3, 1], [271, 9476]]}",{}
339,NC00962.3,STM-0.1-0.95,0.0,GARC1,RUS,STM,gid@R102P,R,{},"{""proportion"": 0.75, ""confidence"": [0.3006418425824019, 0.9544127391902995], ""p_value"": 0.0037000000000000006, ""contingency"": [[3, 1], [271, 9476]]}",{}
345,NC00962.3,STM-0.1-0.95,0.0,GARC1,RUS,STM,gid@R96P,R,{},"{""proportion"": 1.0, ""confidence"": [0.3423802275066531, 1.0], ""p_value"": 0.010000000000000002, ""contingency"": [[2, 0], [271, 9476]]}",{}
346,NC00962.3,STM-0.1-0.95,0.0,GARC1,RUS,STM,gid@E40G,R,{},"{""proportion"": 1.0, ""confidence"": [0.3423802275066531, 1.0], ""p_value"": 0.010000000000000002, ""contingency"": [[2, 0], [271, 9476]]}",{}
347,NC00962.3,STM-0.1-0.95,0.0,GARC1,RUS,STM,gid@L160R,R,{},"{""proportion"": 1.0, ""confidence"": [0.3423802275066531, 1.0], ""p_value"": 0.010000000000000002, ""contingency"": [[2, 0], [271, 9476]]}",{}
351,NC00962.3,STM-0.1-0.95,0.0,GARC1,RUS,STM,gid@D85A,R,{},"{""proportion"": 0.8333333333333334, ""confidence"": [0.4364971778135299, 0.9699466302516934], ""p_value"": 5.5000000000000016e-05, ""contingency"": [[5, 1], [271, 9476]]}",{}
355,NC00962.3,STM-0.1-0.95,0.0,GARC1,RUS,STM,gid@L101F,R,{},"{""proportion"": 0.5714285714285714, ""confidence"": [0.2504583645276572, 0.8417801447485304], ""p_value"": 0.0027280000000000004, ""contingency"": [[4, 3], [271, 9476]]}",{}
371,NC00962.3,STM-0.1-0.95,0.0,GARC1,RUS,STM,gid@A200E,R,{},"{""proportion"": 0.6, ""confidence"": [0.23072428127601285, 0.8823792257673521], ""p_value"": 0.008560000000000002, ""contingency"": [[3, 2], [271, 9476]]}",{}
375,NC00962.3,STM-0.1-0.95,0.0,GARC1,RUS,STM,gid@161_del_tgatcggtgagctcctcgaacgcggtgaccgggtcgtggatatcggtagcggagccgggttgccgggcgtgccattggcgatagcgcggccggacctccaggtagttctcctagaaccgctactgcgccg,R,{},"{""proportion"": 0.46153846153846156, ""confidence"": [0.23206067809538303, 0.7085620428549398], ""p_value"": 0.0009200429667999999, ""contingency"": [[6, 7], [271, 9476]]}",{}
380,NC00962.3,STM-0.1-0.95,0.0,GARC1,RUS,STM,gid@A134E,R,{},"{""proportion"": 0.9090909090909091, ""confidence"": [0.6226415635484044, 0.9837678271141151], ""p_value"": 1.0000000000000005e-09, ""contingency"": [[10, 1], [271, 9476]]}",{}
383,NC00962.3,STM-0.1-0.95,0.0,GARC1,RUS,STM,rrs@g878a,R,{},"{""proportion"": 0.8636363636363636, ""confidence"": [0.6666501283342828, 0.9525099628594474], ""p_value"": 1.1415700000000014e-16, ""contingency"": [[19, 3], [271, 9476]]}",{}
385,NC00962.3,STM-0.1-0.95,0.0,GARC1,RUS,STM,gid@K163N,R,{},"{""proportion"": 1.0, ""confidence"": [0.3423802275066531, 1.0], ""p_value"": 0.010000000000000002, ""contingency"": [[2, 0], [271, 9476]]}",{}
386,NC00962.3,STM-0.1-0.95,0.0,GARC1,RUS,STM,gid@L142W,R,{},"{""proportion"": 1.0, ""confidence"": [0.3423802275066531, 1.0], ""p_value"": 0.010000000000000002, ""contingency"": [[2, 0], [271, 9476]]}",{}
392,NC00962.3,STM-0.1-0.95,0.0,GARC1,RUS,STM,rrs@c905a,R,{},"{""proportion"": 0.8, ""confidence"": [0.37553462976252533, 0.9637758913675698], ""p_value"": 0.0004600000000000001, ""contingency"": [[4, 1], [271, 9476]]}",{}
411,NC00962.3,STM-0.1-0.95,0.0,GARC1,RUS,STM,gid@355_del_gc,R,{},"{""proportion"": 0.6666666666666666, ""confidence"": [0.20765960080204768, 0.9385080552796037], ""p_value"": 0.028000000000000008, ""contingency"": [[2, 1], [271, 9476]]}",{}
423,NC00962.3,STM-0.1-0.95,0.0,GARC1,RUS,STM,gid@L35R,R,{},"{""proportion"": 0.6, ""confidence"": [0.23072428127601285, 0.8823792257673521], ""p_value"": 0.008560000000000002, ""contingency"": [[3, 2], [271, 9476]]}",{}
430,NC00962.3,STM-0.1-0.95,0.0,GARC1,RUS,STM,gid@A138T,R,{},"{""proportion"": 1.0, ""confidence"": [0.3423802275066531, 1.0], ""p_value"": 0.010000000000000002, ""contingency"": [[2, 0], [271, 9476]]}",{}
459,NC00962.3,STM-0.1-0.95,0.0,GARC1,RUS,STM,gid@P75L,R,{},"{""proportion"": 0.6666666666666666, ""confidence"": [0.299993315138392, 0.9032285888942195], ""p_value"": 0.0012700000000000003, ""contingency"": [[4, 2], [271, 9476]]}",{}
492,NC00962.3,STM-0.1-0.95,0.0,GARC1,RUS,STM,gid@G117V,R,{},"{""proportion"": 1.0, ""confidence"": [0.4385029682449545, 1.0], ""p_value"": 0.0010000000000000002, ""contingency"": [[3, 0], [271, 9476]]}",{}
495,NC00962.3,STM-0.1-0.95,0.0,GARC1,RUS,STM,rrs@c513t,R,{},"{""proportion"": 1.0, ""confidence"": [0.6456695649333126, 1.0], ""p_value"": 1.0000000000000004e-07, ""contingency"": [[7, 0], [271, 9476]]}",{}
515,NC00962.3,STM-0.1-0.95,0.0,GARC1,RUS,STM,gid@R83Q,R,{},"{""proportion"": 1.0, ""confidence"": [0.3423802275066531, 1.0], ""p_value"": 0.010000000000000002, ""contingency"": [[2, 0], [271, 9476]]}",{}
544,NC00962.3,STM-0.1-0.95,0.0,GARC1,RUS,STM,rrs@a907c,R,{},"{""proportion"": 1.0, ""confidence"": [0.3423802275066531, 1.0], ""p_value"": 0.010000000000000002, ""contingency"": [[2, 0], [271, 9476]]}",{}
613,NC00962.3,STM-0.1-0.95,0.0,GARC1,RUS,STM,gid@E92Q,R,{},"{""proportion"": 0.75, ""confidence"": [0.3006418425824019, 0.9544127391902995], ""p_value"": 0.0037000000000000006, ""contingency"": [[3, 1], [271, 9476]]}",{}
615,NC00962.3,STM-0.1-0.95,0.0,GARC1,RUS,STM,gid@V105E,R,{},"{""proportion"": 1.0, ""confidence"": [0.4385029682449545, 1.0], ""p_value"": 0.0010000000000000002, ""contingency"": [[3, 0], [271, 9476]]}",{}
616,NC00962.3,STM-0.1-0.95,0.0,GARC1,RUS,STM,gid@G34E,R,{},"{""proportion"": 1.0, ""confidence"": [0.3423802275066531, 1.0], ""p_value"": 0.010000000000000002, ""contingency"": [[2, 0], [271, 9476]]}",{}
620,NC00962.3,STM-0.1-0.95,0.0,GARC1,RUS,STM,gid@G28!,R,{},"{""proportion"": 0.75, ""confidence"": [0.3006418425824019, 0.9544127391902995], ""p_value"": 0.0037000000000000006, ""contingency"": [[3, 1], [271, 9476]]}",{}
651,NC00962.3,STM-0.1-0.95,0.0,GARC1,RUS,STM,gid@26_del_ctgcgatcttcggaccgcggcttggccttgctcggcggtacgccgaagcgt,R,{},"{""proportion"": 1.0, ""confidence"": [0.3423802275066531, 1.0], ""p_value"": 0.010000000000000002, ""contingency"": [[2, 0], [271, 9476]]}",{}
655,NC00962.3,STM-0.1-0.95,0.0,GARC1,RUS,STM,gid@562_ins_g,R,{},"{""proportion"": 1.0, ""confidence"": [0.3423802275066531, 1.0], ""p_value"": 0.010000000000000002, ""contingency"": [[2, 0], [271, 9476]]}",{}
672,NC00962.3,STM-0.1-0.95,0.0,GARC1,RUS,STM,gid@444_ins_gaaatgg,R,{},"{""proportion"": 1.0, ""confidence"": [0.5101091635454027, 1.0], ""p_value"": 0.00010000000000000002, ""contingency"": [[4, 0], [271, 9476]]}",{}
686,NC00962.3,STM-0.1-0.95,0.0,GARC1,RUS,STM,gid@L18H,R,{},"{""proportion"": 0.6666666666666666, ""confidence"": [0.299993315138392, 0.9032285888942195], ""p_value"": 0.0012700000000000003, ""contingency"": [[4, 2], [271, 9476]]}",{}
700,NC00962.3,STM-0.1-0.95,0.0,GARC1,RUS,STM,gid@G76C,R,{},"{""proportion"": 0.8571428571428571, ""confidence"": [0.48687217072568106, 0.9743203756552565], ""p_value"": 6.400000000000001e-06, ""contingency"": [[6, 1], [271, 9476]]}",{}
705,NC00962.3,STM-0.1-0.95,0.0,GARC1,RUS,STM,gid@452_del_c,R,{},"{""proportion"": 1.0, ""confidence"": [0.3423802275066531, 1.0], ""p_value"": 0.010000000000000002, ""contingency"": [[2, 0], [271, 9476]]}",{}
9,NC00962.3,STM-0.1-0.95,0.0,GARC1,RUS,STM,rpsL@I16V,U,{},"{""proportion"": 0.0, ""confidence"": [4.8683609171202235e-17, 0.5614970317550455], ""p_value"": 1.0, ""contingency"": [[0, 3], [271, 9476]]}",{}
10,NC00962.3,STM-0.1-0.95,0.0,GARC1,RUS,STM,rpsL@c-77t,U,{},"{""proportion"": 0.0, ""confidence"": [0.0, 0.6576197724933469], ""p_value"": 1.0, ""contingency"": [[0, 2], [271, 9476]]}",{}
11,NC00962.3,STM-0.1-0.95,0.0,GARC1,RUS,STM,rrs@a1278g,U,{},"{""proportion"": 0.0, ""confidence"": [3.384324554477539e-17, 0.39033428790216534], ""p_value"": 1.0, ""contingency"": [[0, 6], [271, 9476]]}",{}
12,NC00962.3,STM-0.1-0.95,0.0,GARC1,RUS,STM,rrs@g1446a,U,{},"{""proportion"": 0.0, ""confidence"": [0.0, 0.6576197724933469], ""p_value"": 1.0, ""contingency"": [[0, 2], [271, 9476]]}",{}
13,NC00962.3,STM-0.1-0.95,0.0,GARC1,RUS,STM,gid@!225C,U,{},"{""proportion"": 0.0, ""confidence"": [0.0, 0.32440756488388023], ""p_value"": 1.0, ""contingency"": [[0, 8], [271, 9476]]}",{}
14,NC00962.3,STM-0.1-0.95,0.0,GARC1,RUS,STM,gid@P3S,U,{},"{""proportion"": 0.0, ""confidence"": [0.0, 0.6576197724933469], ""p_value"": 1.0, ""contingency"": [[0, 2], [271, 9476]]}",{}
15,NC00962.3,STM-0.1-0.95,0.0,GARC1,RUS,STM,rrs@c1160g,U,{},"{""proportion"": 0.0, ""confidence"": [0.0, 0.7934506856227626], ""p_value"": 1.0, ""contingency"": [[0, 1], [271, 9476]]}",{}
16,NC00962.3,STM-0.1-0.95,0.0,GARC1,RUS,STM,rrs@g1207a,U,{},"{""proportion"": 0.0, ""confidence"": [0.0, 0.7934506856227626], ""p_value"": 1.0, ""contingency"": [[0, 1], [271, 9476]]}",{}
19,NC00962.3,STM-0.1-0.95,0.0,GARC1,RUS,STM,rrs@a1219g,U,{},"{""proportion"": 0.0, ""confidence"": [0.0, 0.7934506856227626], ""p_value"": 1.0, ""contingency"": [[0, 1], [271, 9476]]}",{}
21,NC00962.3,STM-0.1-0.95,0.0,GARC1,RUS,STM,gid@P199A,U,{},"{""proportion"": 0.0, ""confidence"": [0.0, 0.4898908364545973], ""p_value"": 1.0, ""contingency"": [[0, 4], [271, 9476]]}",{}
22,NC00962.3,STM-0.1-0.95,0.0,GARC1,RUS,STM,gid@A10P,U,{},"{""proportion"": 0.0, ""confidence"": [0.0, 0.16817922405261626], ""p_value"": 0.25008272957165995, ""contingency"": [[0, 19], [271, 9476]]}",{}
24,NC00962.3,STM-0.1-0.95,0.0,GARC1,RUS,STM,gid@c-11t,U,{},"{""proportion"": 0.02, ""confidence"": [0.003539259271646236, 0.10495443589637815], ""p_value"": 0.05832379539702333, ""contingency"": [[1, 49], [271, 9476]]}",{}
25,NC00962.3,STM-0.1-0.95,0.0,GARC1,RUS,STM,rrs@t16c,U,{},"{""proportion"": 1.0, ""confidence"": [0.20654931437723742, 1.0], ""p_value"": 0.1, ""contingency"": [[1, 0], [271, 9476]]}",{}
26,NC00962.3,STM-0.1-0.95,0.0,GARC1,RUS,STM,gid@E40A,U,{},"{""proportion"": 0.0, ""confidence"": [0.0, 0.6576197724933469], ""p_value"": 1.0, ""contingency"": [[0, 2], [271, 9476]]}",{}
28,NC00962.3,STM-0.1-0.95,0.0,GARC1,RUS,STM,gid@R102L,U,{},"{""proportion"": 0.0, ""confidence"": [0.0, 0.7934506856227626], ""p_value"": 1.0, ""contingency"": [[0, 1], [271, 9476]]}",{}
29,NC00962.3,STM-0.1-0.95,0.0,GARC1,RUS,STM,gid@R154P,U,{},"{""proportion"": 0.16666666666666666, ""confidence"": [0.04696514218385378, 0.44803086225297345], ""p_value"": 0.3409977482110001, ""contingency"": [[2, 10], [271, 9476]]}",{}
30,NC00962.3,STM-0.1-0.95,0.0,GARC1,RUS,STM,gid@G164V,U,{},"{""proportion"": 0.2, ""confidence"": [0.03622410863243013, 0.6244653702374747], ""p_value"": 0.40951000000000004, ""contingency"": [[1, 4], [271, 9476]]}",{}
31,NC00962.3,STM-0.1-0.95,0.0,GARC1,RUS,STM,rrs@c569t,U,{},"{""proportion"": 0.0, ""confidence"": [3.384324554477539e-17, 0.39033428790216534], ""p_value"": 1.0, ""contingency"": [[0, 6], [271, 9476]]}",{}
32,NC00962.3,STM-0.1-0.95,0.0,GARC1,RUS,STM,gid@P78R,U,{},"{""proportion"": 0.0, ""confidence"": [4.8683609171202235e-17, 0.5614970317550455], ""p_value"": 1.0, ""contingency"": [[0, 3], [271, 9476]]}",{}
35,NC00962.3,STM-0.1-0.95,0.0,GARC1,RUS,STM,gid@A205T,U,{},"{""proportion"": 0.0, ""confidence"": [0.0, 0.12455502974186705], ""p_value"": 0.10520663037800315, ""contingency"": [[0, 27], [271, 9476]]}",{}
38,NC00962.3,STM-0.1-0.95,0.0,GARC1,RUS,STM,gid@F100V,U,{},"{""proportion"": 0.0, ""confidence"": [0.0, 0.7934506856227626], ""p_value"": 1.0, ""contingency"": [[0, 1], [271, 9476]]}",{}
39,NC00962.3,STM-0.1-0.95,0.0,GARC1,RUS,STM,gid@V139A,U,{},"{""proportion"": 1.0, ""confidence"": [0.20654931437723742, 1.0], ""p_value"": 0.1, ""contingency"": [[1, 0], [271, 9476]]}",{}
40,NC00962.3,STM-0.1-0.95,0.0,GARC1,RUS,STM,rrs@g1323t,U,{},"{""proportion"": 0.0, ""confidence"": [0.0, 0.6576197724933469], ""p_value"": 1.0, ""contingency"": [[0, 2], [271, 9476]]}",{}
41,NC00962.3,STM-0.1-0.95,0.0,GARC1,RUS,STM,gid@c-89t,U,{},"{""proportion"": 0.0, ""confidence"": [0.0, 0.7934506856227626], ""p_value"": 1.0, ""contingency"": [[0, 1], [271, 9476]]}",{}
43,NC00962.3,STM-0.1-0.95,0.0,GARC1,RUS,STM,gid@A27P,U,{},"{""proportion"": 0.0, ""confidence"": [0.0, 0.43448246478317476], ""p_value"": 1.0, ""contingency"": [[0, 5], [271, 9476]]}",{}
45,NC00962.3,STM-0.1-0.95,0.0,GARC1,RUS,STM,gid@E57K,U,{},"{""proportion"": 0.0, ""confidence"": [0.0, 0.6576197724933469], ""p_value"": 1.0, ""contingency"": [[0, 2], [271, 9476]]}",{}
47,NC00962.3,STM-0.1-0.95,0.0,GARC1,RUS,STM,rrs@c1283t,U,{},"{""proportion"": 0.0, ""confidence"": [0.0, 0.6576197724933469], ""p_value"": 1.0, ""contingency"": [[0, 2], [271, 9476]]}",{}
48,NC00962.3,STM-0.1-0.95,0.0,GARC1,RUS,STM,rrs@g891a,U,{},"{""proportion"": 0.0, ""confidence"": [3.584186086443356e-17, 0.3543304350666874], ""p_value"": 1.0, ""contingency"": [[0, 7], [271, 9476]]}",{}
50,NC00962.3,STM-0.1-0.95,0.0,GARC1,RUS,STM,rpsL@Q105E,U,{},"{""proportion"": 0.0, ""confidence"": [0.0, 0.7934506856227626], ""p_value"": 1.0, ""contingency"": [[0, 1], [271, 9476]]}",{}
51,NC00962.3,STM-0.1-0.95,0.0,GARC1,RUS,STM,gid@R97L,U,{},"{""proportion"": 0.4, ""confidence"": [0.11762077423264786, 0.769275718723987], ""p_value"": 0.08146, ""contingency"": [[2, 3], [271, 9476]]}",{}
52,NC00962.3,STM-0.1-0.95,0.0,GARC1,RUS,STM,rrs@g996t,U,{},"{""proportion"": 0.0, ""confidence"": [0.0, 0.7934506856227626], ""p_value"": 1.0, ""contingency"": [[0, 1], [271, 9476]]}",{}
53,NC00962.3,STM-0.1-0.95,0.0,GARC1,RUS,STM,gid@R20Q,U,{},"{""proportion"": 0.0, ""confidence"": [0.0, 0.6576197724933469], ""p_value"": 1.0, ""contingency"": [[0, 2], [271, 9476]]}",{}
54,NC00962.3,STM-0.1-0.95,0.0,GARC1,RUS,STM,rrs@g280t,U,{},"{""proportion"": 0.0, ""confidence"": [0.0, 0.7934506856227626], ""p_value"": 1.0, ""contingency"": [[0, 1], [271, 9476]]}",{}
55,NC00962.3,STM-0.1-0.95,0.0,GARC1,RUS,STM,gid@T98P,U,{},"{""proportion"": 0.0, ""confidence"": [0.0, 0.6576197724933469], ""p_value"": 1.0, ""contingency"": [[0, 2], [271, 9476]]}",{}
56,NC00962.3,STM-0.1-0.95,0.0,GARC1,RUS,STM,gid@L49P,U,{},"{""proportion"": 0.5, ""confidence"": [0.09453120573423071, 0.9054687942657693], ""p_value"": 0.19000000000000003, ""contingency"": [[1, 1], [271, 9476]]}",{}
58,NC00962.3,STM-0.1-0.95,0.0,GARC1,RUS,STM,gid@L101P,U,{},"{""proportion"": 0.0, ""confidence"": [0.0, 0.6576197724933469], ""p_value"": 1.0, ""contingency"": [[0, 2], [271, 9476]]}",{}
60,NC00962.3,STM-0.1-0.95,0.0,GARC1,RUS,STM,rrs@g1079a,U,{},"{""proportion"": 0.0, ""confidence"": [0.0, 0.7934506856227626], ""p_value"": 1.0, ""contingency"": [[0, 1], [271, 9476]]}",{}
61,NC00962.3,STM-0.1-0.95,0.0,GARC1,RUS,STM,rrs@g457t,U,{},"{""proportion"": 0.0, ""confidence"": [0.0, 0.6576197724933469], ""p_value"": 1.0, ""contingency"": [[0, 2], [271, 9476]]}",{}
62,NC00962.3,STM-0.1-0.95,0.0,GARC1,RUS,STM,gid@L108R,U,{},"{""proportion"": 0.3, ""confidence"": [0.10779126740630099, 0.6032218525388546], ""p_value"": 0.0701908264, ""contingency"": [[3, 7], [271, 9476]]}",{}
63,NC00962.3,STM-0.1-0.95,0.0,GARC1,RUS,STM,rrs@a1469g,U,{},"{""proportion"": 0.0, ""confidence"": [0.0, 0.6576197724933469], ""p_value"": 1.0, ""contingency"": [[0, 2], [271, 9476]]}",{}
65,NC00962.3,STM-0.1-0.95,0.0,GARC1,RUS,STM,rrs@a1012g,U,{},"{""proportion"": 0.0, ""confidence"": [0.0, 0.32440756488388023], ""p_value"": 1.0, ""contingency"": [[0, 8], [271, 9476]]}",{}
66,NC00962.3,STM-0.1-0.95,0.0,GARC1,RUS,STM,gid@L91V,U,{},"{""proportion"": 0.0, ""confidence"": [0.0, 0.6576197724933469], ""p_value"": 1.0, ""contingency"": [[0, 2], [271, 9476]]}",{}
69,NC00962.3,STM-0.1-0.95,0.0,GARC1,RUS,STM,rrs@c1153t,U,{},"{""proportion"": 0.0, ""confidence"": [0.0, 0.7934506856227626], ""p_value"": 1.0, ""contingency"": [[0, 1], [271, 9476]]}",{}
70,NC00962.3,STM-0.1-0.95,0.0,GARC1,RUS,STM,gid@Q127E,U,{},"{""proportion"": 0.0, ""confidence"": [0.0, 0.7934506856227626], ""p_value"": 1.0, ""contingency"": [[0, 1], [271, 9476]]}",{}
71,NC00962.3,STM-0.1-0.95,0.0,GARC1,RUS,STM,rrs@g5t,U,{},"{""proportion"": 0.0, ""confidence"": [3.384324554477539e-17, 0.39033428790216534], ""p_value"": 1.0, ""contingency"": [[0, 6], [271, 9476]]}",{}
72,NC00962.3,STM-0.1-0.95,0.0,GARC1,RUS,STM,gid@V202A,U,{},"{""proportion"": 0.0, ""confidence"": [0.0, 0.7934506856227626], ""p_value"": 1.0, ""contingency"": [[0, 1], [271, 9476]]}",{}
74,NC00962.3,STM-0.1-0.95,0.0,GARC1,RUS,STM,gid@A8E,U,{},"{""proportion"": 0.0, ""confidence"": [0.0, 0.7934506856227626], ""p_value"": 1.0, ""contingency"": [[0, 1], [271, 9476]]}",{}
75,NC00962.3,STM-0.1-0.95,0.0,GARC1,RUS,STM,rrs@g1285a,U,{},"{""proportion"": 0.0, ""confidence"": [0.0, 0.4898908364545973], ""p_value"": 1.0, ""contingency"": [[0, 4], [271, 9476]]}",{}
76,NC00962.3,STM-0.1-0.95,0.0,GARC1,RUS,STM,gid@L95V,U,{},"{""proportion"": 0.0, ""confidence"": [0.0, 0.7934506856227626], ""p_value"": 1.0, ""contingency"": [[0, 1], [271, 9476]]}",{}
77,NC00962.3,STM-0.1-0.95,0.0,GARC1,RUS,STM,gid@G37!,U,{},"{""proportion"": 0.5, ""confidence"": [0.09453120573423071, 0.9054687942657693], ""p_value"": 0.19000000000000003, ""contingency"": [[1, 1], [271, 9476]]}",{}
78,NC00962.3,STM-0.1-0.95,0.0,GARC1,RUS,STM,gid@A183P,U,{},"{""proportion"": 0.0, ""confidence"": [0.0, 0.7934506856227626], ""p_value"": 1.0, ""contingency"": [[0, 1], [271, 9476]]}",{}
79,NC00962.3,STM-0.1-0.95,0.0,GARC1,RUS,STM,gid@G221R,U,{},"{""proportion"": 0.0, ""confidence"": [0.0, 0.7934506856227626], ""p_value"": 1.0, ""contingency"": [[0, 1], [271, 9476]]}",{}
80,NC00962.3,STM-0.1-0.95,0.0,GARC1,RUS,STM,gid@137_ins_a,U,{},"{""proportion"": 0.5, ""confidence"": [0.09453120573423071, 0.9054687942657693], ""p_value"": 0.19000000000000003, ""contingency"": [[1, 1], [271, 9476]]}",{}
81,NC00962.3,STM-0.1-0.95,0.0,GARC1,RUS,STM,rrs@g1016c,U,{},"{""proportion"": 0.0, ""confidence"": [0.0, 0.6576197724933469], ""p_value"": 1.0, ""contingency"": [[0, 2], [271, 9476]]}",{}
82,NC00962.3,STM-0.1-0.95,0.0,GARC1,RUS,STM,rrs@c306t,U,{},"{""proportion"": 0.0, ""confidence"": [0.0, 0.7934506856227626], ""p_value"": 1.0, ""contingency"": [[0, 1], [271, 9476]]}",{}
83,NC00962.3,STM-0.1-0.95,0.0,GARC1,RUS,STM,rrs@c1259g,U,{},"{""proportion"": 0.0, ""confidence"": [0.0, 0.7934506856227626], ""p_value"": 1.0, ""contingency"": [[0, 1], [271, 9476]]}",{}
84,NC00962.3,STM-0.1-0.95,0.0,GARC1,RUS,STM,rrs@c1001g,U,{},"{""proportion"": 0.0, ""confidence"": [0.0, 0.7934506856227626], ""p_value"": 1.0, ""contingency"": [[0, 1], [271, 9476]]}",{}
85,NC00962.3,STM-0.1-0.95,0.0,GARC1,RUS,STM,gid@113_ins_tacc,U,{},"{""proportion"": 0.0, ""confidence"": [0.0, 0.7934506856227626], ""p_value"": 1.0, ""contingency"": [[0, 1], [271, 9476]]}",{}
86,NC00962.3,STM-0.1-0.95,0.0,GARC1,RUS,STM,rrs@480_ins_t,U,{},"{""proportion"": 0.0, ""confidence"": [0.0, 0.7934506856227626], ""p_value"": 1.0, ""contingency"": [[0, 1], [271, 9476]]}",{}
87,NC00962.3,STM-0.1-0.95,0.0,GARC1,RUS,STM,gid@R102!,U,{},"{""proportion"": 0.5, ""confidence"": [0.15003898915214947, 0.8499610108478506], ""p_value"": 0.05230000000000001, ""contingency"": [[2, 2], [271, 9476]]}",{}
88,NC00962.3,STM-0.1-0.95,0.0,GARC1,RUS,STM,rrs@159_ins_t,U,{},"{""proportion"": 0.0, ""confidence"": [0.0, 0.7934506856227626], ""p_value"": 1.0, ""contingency"": [[0, 1], [271, 9476]]}",{}
89,NC00962.3,STM-0.1-0.95,0.0,GARC1,RUS,STM,gid@a-25g,U,{},"{""proportion"": 0.0, ""confidence"": [0.0, 0.7934506856227626], ""p_value"": 1.0, ""contingency"": [[0, 1], [271, 9476]]}",{}
90,NC00962.3,STM-0.1-0.95,0.0,GARC1,RUS,STM,rpsL@T35A,U,{},"{""proportion"": 0.0, ""confidence"": [0.0, 0.7934506856227626], ""p_value"": 1.0, ""contingency"": [[0, 1], [271, 9476]]}",{}
91,NC00962.3,STM-0.1-0.95,0.0,GARC1,RUS,STM,rrs@t-67c,U,{},"{""proportion"": 0.0, ""confidence"": [0.0, 0.6576197724933469], ""p_value"": 1.0, ""contingency"": [[0, 2], [271, 9476]]}",{}
93,NC00962.3,STM-0.1-0.95,0.0,GARC1,RUS,STM,gid@A138L,U,{},"{""proportion"": 1.0, ""confidence"": [0.20654931437723742, 1.0], ""p_value"": 0.1, ""contingency"": [[1, 0], [271, 9476]]}",{}
95,NC00962.3,STM-0.1-0.95,0.0,GARC1,RUS,STM,gid@F204S,U,{},"{""proportion"": 0.0, ""confidence"": [0.0, 0.7934506856227626], ""p_value"": 1.0, ""contingency"": [[0, 1], [271, 9476]]}",{}
96,NC00962.3,STM-0.1-0.95,0.0,GARC1,RUS,STM,gid@c-14t,U,{},"{""proportion"": 0.0, ""confidence"": [0.0, 0.7934506856227626], ""p_value"": 1.0, ""contingency"": [[0, 1], [271, 9476]]}",{}
97,NC00962.3,STM-0.1-0.95,0.0,GARC1,RUS,STM,rrs@t603c,U,{},"{""proportion"": 0.0, ""confidence"": [0.0, 0.7934506856227626], ""p_value"": 1.0, ""contingency"": [[0, 1], [271, 9476]]}",{}
98,NC00962.3,STM-0.1-0.95,0.0,GARC1,RUS,STM,gid@E170D,U,{},"{""proportion"": 0.0, ""confidence"": [0.0, 0.6576197724933469], ""p_value"": 1.0, ""contingency"": [[0, 2], [271, 9476]]}",{}
99,NC00962.3,STM-0.1-0.95,0.0,GARC1,RUS,STM,gid@c-79a,U,{},"{""proportion"": 0.0, ""confidence"": [0.0, 0.7934506856227626], ""p_value"": 1.0, ""contingency"": [[0, 1], [271, 9476]]}",{}
100,NC00962.3,STM-0.1-0.95,0.0,GARC1,RUS,STM,rrs@c1390g,U,{},"{""proportion"": 0.0, ""confidence"": [0.0, 0.7934506856227626], ""p_value"": 1.0, ""contingency"": [[0, 1], [271, 9476]]}",{}
102,NC00962.3,STM-0.1-0.95,0.0,GARC1,RUS,STM,gid@A19G,U,{},"{""proportion"": 0.3333333333333333, ""confidence"": [0.061491944720396215, 0.7923403991979523], ""p_value"": 0.271, ""contingency"": [[1, 2], [271, 9476]]}",{}
103,NC00962.3,STM-0.1-0.95,0.0,GARC1,RUS,STM,gid@S181L,U,{},"{""proportion"": 0.0, ""confidence"": [0.0, 0.43448246478317476], ""p_value"": 1.0, ""contingency"": [[0, 5], [271, 9476]]}",{}
104,NC00962.3,STM-0.1-0.95,0.0,GARC1,RUS,STM,gid@R20G,U,{},"{""proportion"": 0.0, ""confidence"": [0.0, 0.6576197724933469], ""p_value"": 1.0, ""contingency"": [[0, 2], [271, 9476]]}",{}
106,NC00962.3,STM-0.1-0.95,0.0,GARC1,RUS,STM,gid@W148L,U,{},"{""proportion"": 0.0, ""confidence"": [0.0, 0.7934506856227626], ""p_value"": 1.0, ""contingency"": [[0, 1], [271, 9476]]}",{}
107,NC00962.3,STM-0.1-0.95,0.0,GARC1,RUS,STM,gid@G109D,U,{},"{""proportion"": 0.0, ""confidence"": [0.0, 0.7934506856227626], ""p_value"": 1.0, ""contingency"": [[0, 1], [271, 9476]]}",{}
108,NC00962.3,STM-0.1-0.95,0.0,GARC1,RUS,STM,gid@c-56t,U,{},"{""proportion"": 0.0, ""confidence"": [0.0, 0.7934506856227626], ""p_value"": 1.0, ""contingency"": [[0, 1], [271, 9476]]}",{}
109,NC00962.3,STM-0.1-0.95,0.0,GARC1,RUS,STM,rrs@t-89c,U,{},"{""proportion"": 0.0, ""confidence"": [0.0, 0.7934506856227626], ""p_value"": 1.0, ""contingency"": [[0, 1], [271, 9476]]}",{}
110,NC00962.3,STM-0.1-0.95,0.0,GARC1,RUS,STM,gid@R39C,U,{},"{""proportion"": 0.0, ""confidence"": [0.0, 0.7934506856227626], ""p_value"": 1.0, ""contingency"": [[0, 1], [271, 9476]]}",{}
111,NC00962.3,STM-0.1-0.95,0.0,GARC1,RUS,STM,gid@H174Y,U,{},"{""proportion"": 0.0, ""confidence"": [0.0, 0.7934506856227626], ""p_value"": 1.0, ""contingency"": [[0, 1], [271, 9476]]}",{}
112,NC00962.3,STM-0.1-0.95,0.0,GARC1,RUS,STM,gid@c-28g,U,{},"{""proportion"": 0.0, ""confidence"": [0.0, 0.7934506856227626], ""p_value"": 1.0, ""contingency"": [[0, 1], [271, 9476]]}",{}
113,NC00962.3,STM-0.1-0.95,0.0,GARC1,RUS,STM,gid@T146M,U,{},"{""proportion"": 0.0, ""confidence"": [4.8683609171202235e-17, 0.5614970317550455], ""p_value"": 1.0, ""contingency"": [[0, 3], [271, 9476]]}",{}
114,NC00962.3,STM-0.1-0.95,0.0,GARC1,RUS,STM,rrs@c1141t,U,{},"{""proportion"": 0.16666666666666666, ""confidence"": [0.030053369748306632, 0.5635028221864702], ""p_value"": 0.46855900000000006, ""contingency"": [[1, 5], [271, 9476]]}",{}
117,NC00962.3,STM-0.1-0.95,0.0,GARC1,RUS,STM,gid@L108P,U,{},"{""proportion"": 1.0, ""confidence"": [0.20654931437723742, 1.0], ""p_value"": 0.1, ""contingency"": [[1, 0], [271, 9476]]}",{}
118,NC00962.3,STM-0.1-0.95,0.0,GARC1,RUS,STM,gid@P93Q,U,{},"{""proportion"": 0.0, ""confidence"": [0.0, 0.4898908364545973], ""p_value"": 1.0, ""contingency"": [[0, 4], [271, 9476]]}",{}
119,NC00962.3,STM-0.1-0.95,0.0,GARC1,RUS,STM,gid@V115G,U,{},"{""proportion"": 1.0, ""confidence"": [0.20654931437723742, 1.0], ""p_value"": 0.1, ""contingency"": [[1, 0], [271, 9476]]}",{}
121,NC00962.3,STM-0.1-0.95,0.0,GARC1,RUS,STM,rrs@a447g,U,{},"{""proportion"": 0.0, ""confidence"": [0.0, 0.7934506856227626], ""p_value"": 1.0, ""contingency"": [[0, 1], [271, 9476]]}",{}
122,NC00962.3,STM-0.1-0.95,0.0,GARC1,RUS,STM,rrs@c859t,U,{},"{""proportion"": 0.0, ""confidence"": [0.0, 0.7934506856227626], ""p_value"": 1.0, ""contingency"": [[0, 1], [271, 9476]]}",{}
123,NC00962.3,STM-0.1-0.95,0.0,GARC1,RUS,STM,rrs@g-65a,U,{},"{""proportion"": 0.0, ""confidence"": [0.0, 0.4898908364545973], ""p_value"": 1.0, ""contingency"": [[0, 4], [271, 9476]]}",{}
124,NC00962.3,STM-0.1-0.95,0.0,GARC1,RUS,STM,gid@T146R,U,{},"{""proportion"": 1.0, ""confidence"": [0.20654931437723742, 1.0], ""p_value"": 0.1, ""contingency"": [[1, 0], [271, 9476]]}",{}
125,NC00962.3,STM-0.1-0.95,0.0,GARC1,RUS,STM,rrs@c279a,U,{},"{""proportion"": 0.0, ""confidence"": [0.0, 0.7934506856227626], ""p_value"": 1.0, ""contingency"": [[0, 1], [271, 9476]]}",{}
136,NC00962.3,STM-0.1-0.95,0.0,GARC1,RUS,STM,gid@g-10t,U,{},"{""proportion"": 0.0, ""confidence"": [0.0, 0.4898908364545973], ""p_value"": 1.0, ""contingency"": [[0, 4], [271, 9476]]}",{}
137,NC00962.3,STM-0.1-0.95,0.0,GARC1,RUS,STM,gid@52_del_c,U,{},"{""proportion"": 0.3333333333333333, ""confidence"": [0.09677141110578043, 0.7000066848616079], ""p_value"": 0.11426500000000002, ""contingency"": [[2, 4], [271, 9476]]}",{}
138,NC00962.3,STM-0.1-0.95,0.0,GARC1,RUS,STM,gid@441_ins_a,U,{},"{""proportion"": 0.5, ""confidence"": [0.09453120573423071, 0.9054687942657693], ""p_value"": 0.19000000000000003, ""contingency"": [[1, 1], [271, 9476]]}",{}
140,NC00962.3,STM-0.1-0.95,0.0,GARC1,RUS,STM,gid@P93L,U,{},"{""proportion"": 0.4, ""confidence"": [0.11762077423264786, 0.769275718723987], ""p_value"": 0.08146, ""contingency"": [[2, 3], [271, 9476]]}",{}
141,NC00962.3,STM-0.1-0.95,0.0,GARC1,RUS,STM,gid@a-96g,U,{},"{""proportion"": 0.0, ""confidence"": [0.0, 0.7934506856227626], ""p_value"": 1.0, ""contingency"": [[0, 1], [271, 9476]]}",{}
145,NC00962.3,STM-0.1-0.95,0.0,GARC1,RUS,STM,gid@L58F,U,{},"{""proportion"": 0.09090909090909091, ""confidence"": [0.01623217288588484, 0.37735843645159567], ""p_value"": 1.0, ""contingency"": [[1, 10], [271, 9476]]}",{}
147,NC00962.3,STM-0.1-0.95,0.0,GARC1,RUS,STM,gid@L101V,U,{},"{""proportion"": 1.0, ""confidence"": [0.20654931437723742, 1.0], ""p_value"": 0.1, ""contingency"": [[1, 0], [271, 9476]]}",{}
148,NC00962.3,STM-0.1-0.95,0.0,GARC1,RUS,STM,rrs@c-18a,U,{},"{""proportion"": 0.0, ""confidence"": [0.0, 0.7934506856227626], ""p_value"": 1.0, ""contingency"": [[0, 1], [271, 9476]]}",{}
149,NC00962.3,STM-0.1-0.95,0.0,GARC1,RUS,STM,rrs@g673a,U,{},"{""proportion"": 0.0, ""confidence"": [0.0, 0.7934506856227626], ""p_value"": 1.0, ""contingency"": [[0, 1], [271, 9476]]}",{}
150,NC00962.3,STM-0.1-0.95,0.0,GARC1,RUS,STM,rrs@a180g,U,{},"{""proportion"": 0.0, ""confidence"": [0.0, 0.7934506856227626], ""p_value"": 1.0, ""contingency"": [[0, 1], [271, 9476]]}",{}
153,NC00962.3,STM-0.1-0.95,0.0,GARC1,RUS,STM,gid@Q127R,U,{},"{""proportion"": 0.0, ""confidence"": [0.0, 0.7934506856227626], ""p_value"": 1.0, ""contingency"": [[0, 1], [271, 9476]]}",{}
154,NC00962.3,STM-0.1-0.95,0.0,GARC1,RUS,STM,gid@C191W,U,{},"{""proportion"": 0.25, ""confidence"": [0.045587260809700575, 0.6993581574175981], ""p_value"": 0.34390000000000004, ""contingency"": [[1, 3], [271, 9476]]}",{}
155,NC00962.3,STM-0.1-0.95,0.0,GARC1,RUS,STM,gid@E32D,U,{},"{""proportion"": 0.0, ""confidence"": [0.0, 0.2775327998628892], ""p_value"": 0.6125795109999999, ""contingency"": [[0, 10], [271, 9476]]}",{}
157,NC00962.3,STM-0.1-0.95,0.0,GARC1,RUS,STM,gid@V65F,U,{},"{""proportion"": 0.0, ""confidence"": [0.0, 0.6576197724933469], ""p_value"": 1.0, ""contingency"": [[0, 2], [271, 9476]]}",{}
158,NC00962.3,STM-0.1-0.95,0.0,GARC1,RUS,STM,gid@G192R,U,{},"{""proportion"": 1.0, ""confidence"": [0.20654931437723742, 1.0], ""p_value"": 0.1, ""contingency"": [[1, 0], [271, 9476]]}",{}
162,NC00962.3,STM-0.1-0.95,0.0,GARC1,RUS,STM,gid@R116W,U,{},"{""proportion"": 0.25, ""confidence"": [0.045587260809700575, 0.6993581574175981], ""p_value"": 0.34390000000000004, ""contingency"": [[1, 3], [271, 9476]]}",{}
163,NC00962.3,STM-0.1-0.95,0.0,GARC1,RUS,STM,gid@L86H,U,{},"{""proportion"": 1.0, ""confidence"": [0.20654931437723742, 1.0], ""p_value"": 0.1, ""contingency"": [[1, 0], [271, 9476]]}",{}
164,NC00962.3,STM-0.1-0.95,0.0,GARC1,RUS,STM,gid@R20P,U,{},"{""proportion"": 0.3, ""confidence"": [0.10779126740630099, 0.6032218525388546], ""p_value"": 0.0701908264, ""contingency"": [[3, 7], [271, 9476]]}",{}
165,NC00962.3,STM-0.1-0.95,0.0,GARC1,RUS,STM,rrs@c1443g,U,{},"{""proportion"": 0.0, ""confidence"": [0.0, 0.16817922405261626], ""p_value"": 0.25008272957165995, ""contingency"": [[0, 19], [271, 9476]]}",{}
166,NC00962.3,STM-0.1-0.95,0.0,GARC1,RUS,STM,gid@P29R,U,{},"{""proportion"": 0.0, ""confidence"": [0.0, 0.7934506856227626], ""p_value"": 1.0, ""contingency"": [[0, 1], [271, 9476]]}",{}
167,NC00962.3,STM-0.1-0.95,0.0,GARC1,RUS,STM,gid@L142S,U,{},"{""proportion"": 1.0, ""confidence"": [0.20654931437723742, 1.0], ""p_value"": 0.1, ""contingency"": [[1, 0], [271, 9476]]}",{}
169,NC00962.3,STM-0.1-0.95,0.0,GARC1,RUS,STM,gid@A167D,U,{},"{""proportion"": 0.3333333333333333, ""confidence"": [0.061491944720396215, 0.7923403991979523], ""p_value"": 0.271, ""contingency"": [[1, 2], [271, 9476]]}",{}
170,NC00962.3,STM-0.1-0.95,0.0,GARC1,RUS,STM,rrs@a-39g,U,{},"{""proportion"": 0.0, ""confidence"": [0.0, 0.7934506856227626], ""p_value"": 1.0, ""contingency"": [[0, 1], [271, 9476]]}",{}
171,NC00962.3,STM-0.1-0.95,0.0,GARC1,RUS,STM,rrs@a1421c,U,{},"{""proportion"": 0.0, ""confidence"": [0.0, 0.43448246478317476], ""p_value"": 1.0, ""contingency"": [[0, 5], [271, 9476]]}",{}
172,NC00962.3,STM-0.1-0.95,0.0,GARC1,RUS,STM,gid@G28E,U,{},"{""proportion"": 0.0, ""confidence"": [0.0, 0.6576197724933469], ""p_value"": 1.0, ""contingency"": [[0, 2], [271, 9476]]}",{}
173,NC00962.3,STM-0.1-0.95,0.0,GARC1,RUS,STM,gid@Y22!,U,{},"{""proportion"": 0.0, ""confidence"": [0.0, 0.4898908364545973], ""p_value"": 1.0, ""contingency"": [[0, 4], [271, 9476]]}",{}
174,NC00962.3,STM-0.1-0.95,0.0,GARC1,RUS,STM,gid@G76R,U,{},"{""proportion"": 0.5, ""confidence"": [0.09453120573423071, 0.9054687942657693], ""p_value"": 0.19000000000000003, ""contingency"": [[1, 1], [271, 9476]]}",{}
176,NC00962.3,STM-0.1-0.95,0.0,GARC1,RUS,STM,gid@R96C,U,{},"{""proportion"": 0.2857142857142857, ""confidence"": [0.0822189240040568, 0.6410655481673808], ""p_value"": 0.14969440000000003, ""contingency"": [[2, 5], [271, 9476]]}",{}
177,NC00962.3,STM-0.1-0.95,0.0,GARC1,RUS,STM,gid@489_del_a,U,{},"{""proportion"": 0.0, ""confidence"": [0.0, 0.6576197724933469], ""p_value"": 1.0, ""contingency"": [[0, 2], [271, 9476]]}",{}
179,NC00962.3,STM-0.1-0.95,0.0,GARC1,RUS,STM,gid@L160F,U,{},"{""proportion"": 0.0, ""confidence"": [0.0, 0.7934506856227626], ""p_value"": 1.0, ""contingency"": [[0, 1], [271, 9476]]}",{}
180,NC00962.3,STM-0.1-0.95,0.0,GARC1,RUS,STM,rrs@642_ins_t,U,{},"{""proportion"": 0.0, ""confidence"": [4.8683609171202235e-17, 0.5614970317550455], ""p_value"": 1.0, ""contingency"": [[0, 3], [271, 9476]]}",{}
181,NC00962.3,STM-0.1-0.95,0.0,GARC1,RUS,STM,gid@L152S,U,{},"{""proportion"": 0.5, ""confidence"": [0.15003898915214947, 0.8499610108478506], ""p_value"": 0.05230000000000001, ""contingency"": [[2, 2], [271, 9476]]}",{}
182,NC00962.3,STM-0.1-0.95,0.0,GARC1,RUS,STM,rrs@c1021t,U,{},"{""proportion"": 0.0, ""confidence"": [0.0, 0.43448246478317476], ""p_value"": 1.0, ""contingency"": [[0, 5], [271, 9476]]}",{}
183,NC00962.3,STM-0.1-0.95,0.0,GARC1,RUS,STM,rrs@827_ins_t,U,{},"{""proportion"": 0.0, ""confidence"": [0.0, 0.7934506856227626], ""p_value"": 1.0, ""contingency"": [[0, 1], [271, 9476]]}",{}
185,NC00962.3,STM-0.1-0.95,0.0,GARC1,RUS,STM,gid@E173!,U,{},"{""proportion"": 0.16666666666666666, ""confidence"": [0.030053369748306632, 0.5635028221864702], ""p_value"": 0.46855900000000006, ""contingency"": [[1, 5], [271, 9476]]}",{}
186,NC00962.3,STM-0.1-0.95,0.0,GARC1,RUS,STM,gid@193_ins_g,U,{},"{""proportion"": 0.5, ""confidence"": [0.09453120573423071, 0.9054687942657693], ""p_value"": 0.19000000000000003, ""contingency"": [[1, 1], [271, 9476]]}",{}
188,NC00962.3,STM-0.1-0.95,0.0,GARC1,RUS,STM,gid@R137Q,U,{},"{""proportion"": 1.0, ""confidence"": [0.20654931437723742, 1.0], ""p_value"": 0.1, ""contingency"": [[1, 0], [271, 9476]]}",{}
189,NC00962.3,STM-0.1-0.95,0.0,GARC1,RUS,STM,gid@G109A,U,{},"{""proportion"": 0.3333333333333333, ""confidence"": [0.061491944720396215, 0.7923403991979523], ""p_value"": 0.271, ""contingency"": [[1, 2], [271, 9476]]}",{}
191,NC00962.3,STM-0.1-0.95,0.0,GARC1,RUS,STM,gid@g-85a,U,{},"{""proportion"": 1.0, ""confidence"": [0.20654931437723742, 1.0], ""p_value"": 0.1, ""contingency"": [[1, 0], [271, 9476]]}",{}
192,NC00962.3,STM-0.1-0.95,0.0,GARC1,RUS,STM,rrs@g1286a,U,{},"{""proportion"": 0.0, ""confidence"": [0.0, 0.7934506856227626], ""p_value"": 1.0, ""contingency"": [[0, 1], [271, 9476]]}",{}
197,NC00962.3,STM-0.1-0.95,0.0,GARC1,RUS,STM,gid@c-30t,U,{},"{""proportion"": 0.0, ""confidence"": [0.0, 0.6576197724933469], ""p_value"": 1.0, ""contingency"": [[0, 2], [271, 9476]]}",{}
199,NC00962.3,STM-0.1-0.95,0.0,GARC1,RUS,STM,gid@A25P,U,{},"{""proportion"": 0.0, ""confidence"": [0.0, 0.6576197724933469], ""p_value"": 1.0, ""contingency"": [[0, 2], [271, 9476]]}",{}
200,NC00962.3,STM-0.1-0.95,0.0,GARC1,RUS,STM,rrs@c799a,U,{},"{""proportion"": 0.0, ""confidence"": [0.0, 0.7934506856227626], ""p_value"": 1.0, ""contingency"": [[0, 1], [271, 9476]]}",{}
201,NC00962.3,STM-0.1-0.95,0.0,GARC1,RUS,STM,gid@G71E,U,{},"{""proportion"": 0.3333333333333333, ""confidence"": [0.061491944720396215, 0.7923403991979523], ""p_value"": 0.271, ""contingency"": [[1, 2], [271, 9476]]}",{}
203,NC00962.3,STM-0.1-0.95,0.0,GARC1,RUS,STM,gid@M104K,U,{},"{""proportion"": 1.0, ""confidence"": [0.20654931437723742, 1.0], ""p_value"": 0.1, ""contingency"": [[1, 0], [271, 9476]]}",{}
204,NC00962.3,STM-0.1-0.95,0.0,GARC1,RUS,STM,gid@g-74c,U,{},"{""proportion"": 0.0, ""confidence"": [0.0, 0.7934506856227626], ""p_value"": 1.0, ""contingency"": [[0, 1], [271, 9476]]}",{}
205,NC00962.3,STM-0.1-0.95,0.0,GARC1,RUS,STM,gid@A193P,U,{},"{""proportion"": 0.0, ""confidence"": [0.0, 0.7934506856227626], ""p_value"": 1.0, ""contingency"": [[0, 1], [271, 9476]]}",{}
209,NC00962.3,STM-0.1-0.95,0.0,GARC1,RUS,STM,rrs@t1208g,U,{},"{""proportion"": 0.07692307692307693, ""confidence"": [0.013710421242556585, 0.3331395092109959], ""p_value"": 1.0, ""contingency"": [[1, 12], [271, 9476]]}",{}
211,NC00962.3,STM-0.1-0.95,0.0,GARC1,RUS,STM,gid@I68F,U,{},"{""proportion"": 0.0, ""confidence"": [0.0, 0.7934506856227626], ""p_value"": 1.0, ""contingency"": [[0, 1], [271, 9476]]}",{}
212,NC00962.3,STM-0.1-0.95,0.0,GARC1,RUS,STM,gid@L86F,U,{},"{""proportion"": 0.0, ""confidence"": [0.0, 0.43448246478317476], ""p_value"": 1.0, ""contingency"": [[0, 5], [271, 9476]]}",{}
213,NC00962.3,STM-0.1-0.95,0.0,GARC1,RUS,STM,gid@D132E,U,{},"{""proportion"": 0.5, ""confidence"": [0.09453120573423071, 0.9054687942657693], ""p_value"": 0.19000000000000003, ""contingency"": [[1, 1], [271, 9476]]}",{}
214,NC00962.3,STM-0.1-0.95,0.0,GARC1,RUS,STM,rrs@g655a,U,{},"{""proportion"": 0.0, ""confidence"": [0.0, 0.7934506856227626], ""p_value"": 1.0, ""contingency"": [[0, 1], [271, 9476]]}",{}
216,NC00962.3,STM-0.1-0.95,0.0,GARC1,RUS,STM,rrs@-40_ins_a,U,{},"{""proportion"": 0.0, ""confidence"": [0.0, 0.7934506856227626], ""p_value"": 1.0, ""contingency"": [[0, 1], [271, 9476]]}",{}
217,NC00962.3,STM-0.1-0.95,0.0,GARC1,RUS,STM,gid@A119T,U,{},"{""proportion"": 0.10810810810810811, ""confidence"": [0.04285189940411472, 0.24708531544126025], ""p_value"": 0.783894241402251, ""contingency"": [[4, 33], [271, 9476]]}",{}
218,NC00962.3,STM-0.1-0.95,0.0,GARC1,RUS,STM,gid@G76S,U,{},"{""proportion"": 0.25, ""confidence"": [0.045587260809700575, 0.6993581574175981], ""p_value"": 0.34390000000000004, ""contingency"": [[1, 3], [271, 9476]]}",{}
219,NC00962.3,STM-0.1-0.95,0.0,GARC1,RUS,STM,gid@A8V,U,{},"{""proportion"": 0.0, ""confidence"": [0.0, 0.6576197724933469], ""p_value"": 1.0, ""contingency"": [[0, 2], [271, 9476]]}",{}
220,NC00962.3,STM-0.1-0.95,0.0,GARC1,RUS,STM,gid@463_ins_tgatacggc,U,{},"{""proportion"": 1.0, ""confidence"": [0.20654931437723742, 1.0], ""p_value"": 0.1, ""contingency"": [[1, 0], [271, 9476]]}",{}
221,NC00962.3,STM-0.1-0.95,0.0,GARC1,RUS,STM,gid@H48D,U,{},"{""proportion"": 0.0, ""confidence"": [0.0, 0.7934506856227626], ""p_value"": 1.0, ""contingency"": [[0, 1], [271, 9476]]}",{}
222,NC00962.3,STM-0.1-0.95,0.0,GARC1,RUS,STM,rrs@t1164a,U,{},"{""proportion"": 0.0, ""confidence"": [0.0, 0.7934506856227626], ""p_value"": 1.0, ""contingency"": [[0, 1], [271, 9476]]}",{}
223,NC00962.3,STM-0.1-0.95,0.0,GARC1,RUS,STM,rrs@t-92g,U,{},"{""proportion"": 0.0, ""confidence"": [0.0, 0.6576197724933469], ""p_value"": 1.0, ""contingency"": [[0, 2], [271, 9476]]}",{}
225,NC00962.3,STM-0.1-0.95,0.0,GARC1,RUS,STM,gid@G71!,U,{},"{""proportion"": 0.0, ""confidence"": [0.0, 0.7934506856227626], ""p_value"": 1.0, ""contingency"": [[0, 1], [271, 9476]]}",{}
226,NC00962.3,STM-0.1-0.95,0.0,GARC1,RUS,STM,gid@G69R,U,{},"{""proportion"": 1.0, ""confidence"": [0.20654931437723742, 1.0], ""p_value"": 0.1, ""contingency"": [[1, 0], [271, 9476]]}",{}
227,NC00962.3,STM-0.1-0.95,0.0,GARC1,RUS,STM,gid@V171L,U,{},"{""proportion"": 0.0, ""confidence"": [0.0, 0.7934506856227626], ""p_value"": 1.0, ""contingency"": [[0, 1], [271, 9476]]}",{}
228,NC00962.3,STM-0.1-0.95,0.0,GARC1,RUS,STM,gid@R33P,U,{},"{""proportion"": 0.4, ""confidence"": [0.11762077423264786, 0.769275718723987], ""p_value"": 0.08146, ""contingency"": [[2, 3], [271, 9476]]}",{}
229,NC00962.3,STM-0.1-0.95,0.0,GARC1,RUS,STM,rrs@c37t,U,{},"{""proportion"": 0.0, ""confidence"": [0.0, 0.7934506856227626], ""p_value"": 1.0, ""contingency"": [[0, 1], [271, 9476]]}",{}
232,NC00962.3,STM-0.1-0.95,0.0,GARC1,RUS,STM,gid@309_ins_t,U,{},"{""proportion"": 1.0, ""confidence"": [0.20654931437723742, 1.0], ""p_value"": 0.1, ""contingency"": [[1, 0], [271, 9476]]}",{}
233,NC00962.3,STM-0.1-0.95,0.0,GARC1,RUS,STM,rrs@c699t,U,{},"{""proportion"": 0.0, ""confidence"": [0.0, 0.7934506856227626], ""p_value"": 1.0, ""contingency"": [[0, 1], [271, 9476]]}",{}
234,NC00962.3,STM-0.1-0.95,0.0,GARC1,RUS,STM,gid@M218V,U,{},"{""proportion"": 0.0, ""confidence"": [0.0, 0.7934506856227626], ""p_value"": 1.0, ""contingency"": [[0, 1], [271, 9476]]}",{}
235,NC00962.3,STM-0.1-0.95,0.0,GARC1,RUS,STM,rrs@c905t,U,{},"{""proportion"": 1.0, ""confidence"": [0.20654931437723742, 1.0], ""p_value"": 0.1, ""contingency"": [[1, 0], [271, 9476]]}",{}
236,NC00962.3,STM-0.1-0.95,0.0,GARC1,RUS,STM,gid@V124G,U,{},"{""proportion"": 0.3333333333333333, ""confidence"": [0.1205838183869109, 0.6457978644196036], ""p_value"": 0.052972138, ""contingency"": [[3, 6], [271, 9476]]}",{}
238,NC00962.3,STM-0.1-0.95,0.0,GARC1,RUS,STM,gid@257_del_t,U,{},"{""proportion"": 1.0, ""confidence"": [0.20654931437723742, 1.0], ""p_value"": 0.1, ""contingency"": [[1, 0], [271, 9476]]}",{}
240,NC00962.3,STM-0.1-0.95,0.0,GARC1,RUS,STM,gid@V135M,U,{},"{""proportion"": 0.0, ""confidence"": [0.0, 0.6576197724933469], ""p_value"": 1.0, ""contingency"": [[0, 2], [271, 9476]]}",{}
241,NC00962.3,STM-0.1-0.95,0.0,GARC1,RUS,STM,gid@W45S,U,{},"{""proportion"": 0.3333333333333333, ""confidence"": [0.061491944720396215, 0.7923403991979523], ""p_value"": 0.271, ""contingency"": [[1, 2], [271, 9476]]}",{}
242,NC00962.3,STM-0.1-0.95,0.0,GARC1,RUS,STM,gid@A224V,U,{},"{""proportion"": 0.0, ""confidence"": [4.8683609171202235e-17, 0.5614970317550455], ""p_value"": 1.0, ""contingency"": [[0, 3], [271, 9476]]}",{}
243,NC00962.3,STM-0.1-0.95,0.0,GARC1,RUS,STM,gid@g-9c,U,{},"{""proportion"": 0.0, ""confidence"": [0.0, 0.7934506856227626], ""p_value"": 1.0, ""contingency"": [[0, 1], [271, 9476]]}",{}
244,NC00962.3,STM-0.1-0.95,0.0,GARC1,RUS,STM,gid@395_del_a,U,{},"{""proportion"": 0.0, ""confidence"": [0.0, 0.7934506856227626], ""p_value"": 1.0, ""contingency"": [[0, 1], [271, 9476]]}",{}
246,NC00962.3,STM-0.1-0.95,0.0,GARC1,RUS,STM,gid@102_ins_g,U,{},"{""proportion"": 0.4, ""confidence"": [0.11762077423264786, 0.769275718723987], ""p_value"": 0.08146, ""contingency"": [[2, 3], [271, 9476]]}",{}
247,NC00962.3,STM-0.1-0.95,0.0,GARC1,RUS,STM,gid@A80P,U,{},"{""proportion"": 0.4, ""confidence"": [0.11762077423264786, 0.769275718723987], ""p_value"": 0.08146, ""contingency"": [[2, 3], [271, 9476]]}",{}
249,NC00962.3,STM-0.1-0.95,0.0,GARC1,RUS,STM,gid@L79!,U,{},"{""proportion"": 0.0, ""confidence"": [0.0, 0.7934506856227626], ""p_value"": 1.0, ""contingency"": [[0, 1], [271, 9476]]}",{}
254,NC00962.3,STM-0.1-0.95,0.0,GARC1,RUS,STM,gid@L58P,U,{},"{""proportion"": 0.4, ""confidence"": [0.11762077423264786, 0.769275718723987], ""p_value"": 0.08146, ""contingency"": [[2, 3], [271, 9476]]}",{}
255,NC00962.3,STM-0.1-0.95,0.0,GARC1,RUS,STM,gid@L145F,U,{},"{""proportion"": 0.2, ""confidence"": [0.0950510717728987, 0.37305696413148254], ""p_value"": 0.11558126667509608, ""contingency"": [[6, 24], [271, 9476]]}",{}
256,NC00962.3,STM-0.1-0.95,0.0,GARC1,RUS,STM,gid@L90R,U,{},"{""proportion"": 0.21052631578947367, ""confidence"": [0.0850767663291625, 0.43334278443814167], ""p_value"": 0.11499755780436077, ""contingency"": [[4, 15], [271, 9476]]}",{}
257,NC00962.3,STM-0.1-0.95,0.0,GARC1,RUS,STM,gid@L94R,U,{},"{""proportion"": 0.3333333333333333, ""confidence"": [0.061491944720396215, 0.7923403991979523], ""p_value"": 0.271, ""contingency"": [[1, 2], [271, 9476]]}",{}
258,NC00962.3,STM-0.1-0.95,0.0,GARC1,RUS,STM,gid@E170K,U,{},"{""proportion"": 0.3333333333333333, ""confidence"": [0.061491944720396215, 0.7923403991979523], ""p_value"": 0.271, ""contingency"": [[1, 2], [271, 9476]]}",{}
260,NC00962.3,STM-0.1-0.95,0.0,GARC1,RUS,STM,rrs@c441t,U,{},"{""proportion"": 1.0, ""confidence"": [0.20654931437723742, 1.0], ""p_value"": 0.1, ""contingency"": [[1, 0], [271, 9476]]}",{}
262,NC00962.3,STM-0.1-0.95,0.0,GARC1,RUS,STM,gid@319_ins_g,U,{},"{""proportion"": 0.2, ""confidence"": [0.03622410863243013, 0.6244653702374747], ""p_value"": 0.40951000000000004, ""contingency"": [[1, 4], [271, 9476]]}",{}
263,NC00962.3,STM-0.1-0.95,0.0,GARC1,RUS,STM,gid@-99_del_gtaagcgatgcgtggccgagcggctgggccagcgtctcgagagcggagaatgtttcacgtgaaacatgacacagacctcacgagccggcggagtgcgtaatgtctccgatcgagcccgcggcgtctgcgatcttcggaccgcggcttggccttgctcggcggtacgccgaagcgttggcgggacccggtgtggagcgggggctggtgggaccccgcgaagtcggtaggctatgggaccggcatctactgaactgcgccgtgatcggtgagctcctcgaacgcggtgaccgggtcgtggatatcggtagcggagccgggttgccgggcgtgccattggcgatagcgcggccggacctccaggtagttctcctagaaccgctactgcgccgcaccgagtttcttcgagagatggtgacagatctgggcgtggccgttgagatcgtgcgggggcgcgccgaggagtcctgggtgcaggaccaattgggcggcagcgacgctgcggtgtcacgggcggtggccgcgttggacaagttgacgaaatggagcatgccgttgatacggccgaacgggcgaatgctcgccatcaaaggcgagcgggctcacgacgaagtacgggagcaccggcgtgtgatgatcgcatcgggcgcggttgatgtcagggtggtgacatgtggcgcgaa,U,{},"{""proportion"": 0.0, ""confidence"": [0.0, 0.7934506856227626], ""p_value"": 1.0, ""contingency"": [[0, 1], [271, 9476]]}",{}
264,NC00962.3,STM-0.1-0.95,0.0,GARC1,RUS,STM,gid@E121D,U,{},"{""proportion"": 0.0, ""confidence"": [0.0, 0.6576197724933469], ""p_value"": 1.0, ""contingency"": [[0, 2], [271, 9476]]}",{}
265,NC00962.3,STM-0.1-0.95,0.0,GARC1,RUS,STM,gid@167_ins_cgg,U,{},"{""proportion"": 0.0, ""confidence"": [0.0, 0.7934506856227626], ""p_value"": 1.0, ""contingency"": [[0, 1], [271, 9476]]}",{}
266,NC00962.3,STM-0.1-0.95,0.0,GARC1,RUS,STM,gid@320_ins_a,U,{},"{""proportion"": 0.0, ""confidence"": [0.0, 0.7934506856227626], ""p_value"": 1.0, ""contingency"": [[0, 1], [271, 9476]]}",{}
267,NC00962.3,STM-0.1-0.95,0.0,GARC1,RUS,STM,gid@g-7a,U,{},"{""proportion"": 0.0, ""confidence"": [4.8683609171202235e-17, 0.5614970317550455], ""p_value"": 1.0, ""contingency"": [[0, 3], [271, 9476]]}",{}
274,NC00962.3,STM-0.1-0.95,0.0,GARC1,RUS,STM,gid@P75A,U,{},"{""proportion"": 0.0, ""confidence"": [4.8683609171202235e-17, 0.5614970317550455], ""p_value"": 1.0, ""contingency"": [[0, 3], [271, 9476]]}",{}
275,NC00962.3,STM-0.1-0.95,0.0,GARC1,RUS,STM,gid@W45R,U,{},"{""proportion"": 0.3333333333333333, ""confidence"": [0.061491944720396215, 0.7923403991979523], ""p_value"": 0.271, ""contingency"": [[1, 2], [271, 9476]]}",{}
276,NC00962.3,STM-0.1-0.95,0.0,GARC1,RUS,STM,gid@N51Y,U,{},"{""proportion"": 0.0, ""confidence"": [0.0, 0.7934506856227626], ""p_value"": 1.0, ""contingency"": [[0, 1], [271, 9476]]}",{}
277,NC00962.3,STM-0.1-0.95,0.0,GARC1,RUS,STM,gid@K163Q,U,{},"{""proportion"": 1.0, ""confidence"": [0.20654931437723742, 1.0], ""p_value"": 0.1, ""contingency"": [[1, 0], [271, 9476]]}",{}
278,NC00962.3,STM-0.1-0.95,0.0,GARC1,RUS,STM,gid@M150T,U,{},"{""proportion"": 0.0, ""confidence"": [0.0, 0.7934506856227626], ""p_value"": 1.0, ""contingency"": [[0, 1], [271, 9476]]}",{}
279,NC00962.3,STM-0.1-0.95,0.0,GARC1,RUS,STM,gid@L26S,U,{},"{""proportion"": 0.25, ""confidence"": [0.045587260809700575, 0.6993581574175981], ""p_value"": 0.34390000000000004, ""contingency"": [[1, 3], [271, 9476]]}",{}
280,NC00962.3,STM-0.1-0.95,0.0,GARC1,RUS,STM,gid@T190P,U,{},"{""proportion"": 0.0, ""confidence"": [0.0, 0.7934506856227626], ""p_value"": 1.0, ""contingency"": [[0, 1], [271, 9476]]}",{}
281,NC00962.3,STM-0.1-0.95,0.0,GARC1,RUS,STM,gid@R207P,U,{},"{""proportion"": 0.0, ""confidence"": [0.0, 0.7934506856227626], ""p_value"": 1.0, ""contingency"": [[0, 1], [271, 9476]]}",{}
284,NC00962.3,STM-0.1-0.95,0.0,GARC1,RUS,STM,rrs@1371_ins_g,U,{},"{""proportion"": 0.0, ""confidence"": [0.0, 0.7934506856227626], ""p_value"": 1.0, ""contingency"": [[0, 1], [271, 9476]]}",{}
285,NC00962.3,STM-0.1-0.95,0.0,GARC1,RUS,STM,gid@C52Y,U,{},"{""proportion"": 0.25, ""confidence"": [0.045587260809700575, 0.6993581574175981], ""p_value"": 0.34390000000000004, ""contingency"": [[1, 3], [271, 9476]]}",{}
287,NC00962.3,STM-0.1-0.95,0.0,GARC1,RUS,STM,gid@258_ins_a,U,{},"{""proportion"": 0.0, ""confidence"": [0.0, 0.7934506856227626], ""p_value"": 1.0, ""contingency"": [[0, 1], [271, 9476]]}",{}
289,NC00962.3,STM-0.1-0.95,0.0,GARC1,RUS,STM,gid@I114N,U,{},"{""proportion"": 0.5, ""confidence"": [0.09453120573423071, 0.9054687942657693], ""p_value"": 0.19000000000000003, ""contingency"": [[1, 1], [271, 9476]]}",{}
291,NC00962.3,STM-0.1-0.95,0.0,GARC1,RUS,STM,gid@F100L,U,{},"{""proportion"": 1.0, ""confidence"": [0.20654931437723742, 1.0], ""p_value"": 0.1, ""contingency"": [[1, 0], [271, 9476]]}",{}
292,NC00962.3,STM-0.1-0.95,0.0,GARC1,RUS,STM,gid@Y22S,U,{},"{""proportion"": 0.3333333333333333, ""confidence"": [0.061491944720396215, 0.7923403991979523], ""p_value"": 0.271, ""contingency"": [[1, 2], [271, 9476]]}",{}
294,NC00962.3,STM-0.1-0.95,0.0,GARC1,RUS,STM,gid@Y22H,U,{},"{""proportion"": 1.0, ""confidence"": [0.20654931437723742, 1.0], ""p_value"": 0.1, ""contingency"": [[1, 0], [271, 9476]]}",{}
296,NC00962.3,STM-0.1-0.95,0.0,GARC1,RUS,STM,gid@E120A,U,{},"{""proportion"": 0.0, ""confidence"": [0.0, 0.7934506856227626], ""p_value"": 1.0, ""contingency"": [[0, 1], [271, 9476]]}",{}
298,NC00962.3,STM-0.1-0.95,0.0,GARC1,RUS,STM,gid@R83G,U,{},"{""proportion"": 0.0, ""confidence"": [0.0, 0.7934506856227626], ""p_value"": 1.0, ""contingency"": [[0, 1], [271, 9476]]}",{}
299,NC00962.3,STM-0.1-0.95,0.0,GARC1,RUS,STM,gid@M150R,U,{},"{""proportion"": 0.5, ""confidence"": [0.09453120573423071, 0.9054687942657693], ""p_value"": 0.19000000000000003, ""contingency"": [[1, 1], [271, 9476]]}",{}
300,NC00962.3,STM-0.1-0.95,0.0,GARC1,RUS,STM,gid@G164C,U,{},"{""proportion"": 0.0, ""confidence"": [0.0, 0.6576197724933469], ""p_value"": 1.0, ""contingency"": [[0, 2], [271, 9476]]}",{}
301,NC00962.3,STM-0.1-0.95,0.0,GARC1,RUS,STM,gid@R15P,U,{},"{""proportion"": 0.0, ""confidence"": [0.0, 0.6576197724933469], ""p_value"": 1.0, ""contingency"": [[0, 2], [271, 9476]]}",{}
302,NC00962.3,STM-0.1-0.95,0.0,GARC1,RUS,STM,gid@46_ins_atgtctccgatcgagcccgcggcgtctgcgatcttcggaccgcggc,U,{},"{""proportion"": 1.0, ""confidence"": [0.20654931437723742, 1.0], ""p_value"": 0.1, ""contingency"": [[1, 0], [271, 9476]]}",{}
303,NC00962.3,STM-0.1-0.95,0.0,GARC1,RUS,STM,gid@V36G,U,{},"{""proportion"": 0.5, ""confidence"": [0.09453120573423071, 0.9054687942657693], ""p_value"": 0.19000000000000003, ""contingency"": [[1, 1], [271, 9476]]}",{}
304,NC00962.3,STM-0.1-0.95,0.0,GARC1,RUS,STM,rrs@g1379a,U,{},"{""proportion"": 0.0, ""confidence"": [0.0, 0.32440756488388023], ""p_value"": 1.0, ""contingency"": [[0, 8], [271, 9476]]}",{}
306,NC00962.3,STM-0.1-0.95,0.0,GARC1,RUS,STM,gid@P84T,U,{},"{""proportion"": 1.0, ""confidence"": [0.20654931437723742, 1.0], ""p_value"": 0.1, ""contingency"": [[1, 0], [271, 9476]]}",{}
307,NC00962.3,STM-0.1-0.95,0.0,GARC1,RUS,STM,gid@V124A,U,{},"{""proportion"": 0.0, ""confidence"": [0.0, 0.7934506856227626], ""p_value"": 1.0, ""contingency"": [[0, 1], [271, 9476]]}",{}
308,NC00962.3,STM-0.1-0.95,0.0,GARC1,RUS,STM,gid@t-2a,U,{},"{""proportion"": 0.0, ""confidence"": [0.0, 0.7934506856227626], ""p_value"": 1.0, ""contingency"": [[0, 1], [271, 9476]]}",{}
309,NC00962.3,STM-0.1-0.95,0.0,GARC1,RUS,STM,gid@V203L,U,{},"{""proportion"": 0.5, ""confidence"": [0.09453120573423071, 0.9054687942657693], ""p_value"": 0.19000000000000003, ""contingency"": [[1, 1], [271, 9476]]}",{}
310,NC00962.3,STM-0.1-0.95,0.0,GARC1,RUS,STM,rrs@1205_ins_t,U,{},"{""proportion"": 0.0, ""confidence"": [0.0, 0.7934506856227626], ""p_value"": 1.0, ""contingency"": [[0, 1], [271, 9476]]}",{}
311,NC00962.3,STM-0.1-0.95,0.0,GARC1,RUS,STM,gid@A134T,U,{},"{""proportion"": 0.0, ""confidence"": [0.0, 0.6576197724933469], ""p_value"": 1.0, ""contingency"": [[0, 2], [271, 9476]]}",{}
312,NC00962.3,STM-0.1-0.95,0.0,GARC1,RUS,STM,gid@A133T,U,{},"{""proportion"": 1.0, ""confidence"": [0.20654931437723742, 1.0], ""p_value"": 0.1, ""contingency"": [[1, 0], [271, 9476]]}",{}
313,NC00962.3,STM-0.1-0.95,0.0,GARC1,RUS,STM,gid@V41I,U,{},"{""proportion"": 0.2, ""confidence"": [0.03622410863243013, 0.6244653702374747], ""p_value"": 0.40951000000000004, ""contingency"": [[1, 4], [271, 9476]]}",{}
314,NC00962.3,STM-0.1-0.95,0.0,GARC1,RUS,STM,rpsL@E70A,U,{},"{""proportion"": 0.0, ""confidence"": [0.0, 0.7934506856227626], ""p_value"": 1.0, ""contingency"": [[0, 1], [271, 9476]]}",{}
315,NC00962.3,STM-0.1-0.95,0.0,GARC1,RUS,STM,rpsL@A113G,U,{},"{""proportion"": 0.0, ""confidence"": [0.0, 0.7934506856227626], ""p_value"": 1.0, ""contingency"": [[0, 1], [271, 9476]]}",{}
316,NC00962.3,STM-0.1-0.95,0.0,GARC1,RUS,STM,gid@M159I,U,{},"{""proportion"": 0.0, ""confidence"": [0.0, 0.7934506856227626], ""p_value"": 1.0, ""contingency"": [[0, 1], [271, 9476]]}",{}
317,NC00962.3,STM-0.1-0.95,0.0,GARC1,RUS,STM,gid@Q87P,U,{},"{""proportion"": 0.0, ""confidence"": [0.0, 0.7934506856227626], ""p_value"": 1.0, ""contingency"": [[0, 1], [271, 9476]]}",{}
319,NC00962.3,STM-0.1-0.95,0.0,GARC1,RUS,STM,rrs@t93g,U,{},"{""proportion"": 0.0, ""confidence"": [0.0, 0.7934506856227626], ""p_value"": 1.0, ""contingency"": [[0, 1], [271, 9476]]}",{}
321,NC00962.3,STM-0.1-0.95,0.0,GARC1,RUS,STM,gid@A82E,U,{},"{""proportion"": 0.0, ""confidence"": [0.0, 0.7934506856227626], ""p_value"": 1.0, ""contingency"": [[0, 1], [271, 9476]]}",{}
323,NC00962.3,STM-0.1-0.95,0.0,GARC1,RUS,STM,gid@373_del_c,U,{},"{""proportion"": 1.0, ""confidence"": [0.20654931437723742, 1.0], ""p_value"": 0.1, ""contingency"": [[1, 0], [271, 9476]]}",{}
324,NC00962.3,STM-0.1-0.95,0.0,GARC1,RUS,STM,gid@R21P,U,{},"{""proportion"": 0.4, ""confidence"": [0.11762077423264786, 0.769275718723987], ""p_value"": 0.08146, ""contingency"": [[2, 3], [271, 9476]]}",{}
325,NC00962.3,STM-0.1-0.95,0.0,GARC1,RUS,STM,rrs@g1481t,U,{},"{""proportion"": 1.0, ""confidence"": [0.20654931437723742, 1.0], ""p_value"": 0.1, ""contingency"": [[1, 0], [271, 9476]]}",{}
328,NC00962.3,STM-0.1-0.95,0.0,GARC1,RUS,STM,gid@V177M,U,{},"{""proportion"": 1.0, ""confidence"": [0.20654931437723742, 1.0], ""p_value"": 0.1, ""contingency"": [[1, 0], [271, 9476]]}",{}
330,NC00962.3,STM-0.1-0.95,0.0,GARC1,RUS,STM,gid@L90P,U,{},"{""proportion"": 0.3333333333333333, ""confidence"": [0.061491944720396215, 0.7923403991979523], ""p_value"": 0.271, ""contingency"": [[1, 2], [271, 9476]]}",{}
332,NC00962.3,STM-0.1-0.95,0.0,GARC1,RUS,STM,gid@G37A,U,{},"{""proportion"": 0.25, ""confidence"": [0.045587260809700575, 0.6993581574175981], ""p_value"": 0.34390000000000004, ""contingency"": [[1, 3], [271, 9476]]}",{}
333,NC00962.3,STM-0.1-0.95,0.0,GARC1,RUS,STM,gid@110_del_g,U,{},"{""proportion"": 1.0, ""confidence"": [0.20654931437723742, 1.0], ""p_value"": 0.1, ""contingency"": [[1, 0], [271, 9476]]}",{}
338,NC00962.3,STM-0.1-0.95,0.0,GARC1,RUS,STM,gid@G30D,U,{},"{""proportion"": 0.4, ""confidence"": [0.11762077423264786, 0.769275718723987], ""p_value"": 0.08146, ""contingency"": [[2, 3], [271, 9476]]}",{}
340,NC00962.3,STM-0.1-0.95,0.0,GARC1,RUS,STM,gid@287_del_g,U,{},"{""proportion"": 1.0, ""confidence"": [0.20654931437723742, 1.0], ""p_value"": 0.1, ""contingency"": [[1, 0], [271, 9476]]}",{}
341,NC00962.3,STM-0.1-0.95,0.0,GARC1,RUS,STM,gid@L50P,U,{},"{""proportion"": 0.3333333333333333, ""confidence"": [0.061491944720396215, 0.7923403991979523], ""p_value"": 0.271, ""contingency"": [[1, 2], [271, 9476]]}",{}
342,NC00962.3,STM-0.1-0.95,0.0,GARC1,RUS,STM,gid@H168D,U,{},"{""proportion"": 0.0, ""confidence"": [0.0, 0.7934506856227626], ""p_value"": 1.0, ""contingency"": [[0, 1], [271, 9476]]}",{}
343,NC00962.3,STM-0.1-0.95,0.0,GARC1,RUS,STM,gid@115_ins_cc,U,{},"{""proportion"": 0.0, ""confidence"": [0.0, 0.7934506856227626], ""p_value"": 1.0, ""contingency"": [[0, 1], [271, 9476]]}",{}
344,NC00962.3,STM-0.1-0.95,0.0,GARC1,RUS,STM,gid@W148!,U,{},"{""proportion"": 1.0, ""confidence"": [0.20654931437723742, 1.0], ""p_value"": 0.1, ""contingency"": [[1, 0], [271, 9476]]}",{}
348,NC00962.3,STM-0.1-0.95,0.0,GARC1,RUS,STM,gid@G164R,U,{},"{""proportion"": 1.0, ""confidence"": [0.20654931437723742, 1.0], ""p_value"": 0.1, ""contingency"": [[1, 0], [271, 9476]]}",{}
349,NC00962.3,STM-0.1-0.95,0.0,GARC1,RUS,STM,rrs@t1208c,U,{},"{""proportion"": 1.0, ""confidence"": [0.20654931437723742, 1.0], ""p_value"": 0.1, ""contingency"": [[1, 0], [271, 9476]]}",{}
350,NC00962.3,STM-0.1-0.95,0.0,GARC1,RUS,STM,gid@611_ins_t,U,{},"{""proportion"": 1.0, ""confidence"": [0.20654931437723742, 1.0], ""p_value"": 0.1, ""contingency"": [[1, 0], [271, 9476]]}",{}
352,NC00962.3,STM-0.1-0.95,0.0,GARC1,RUS,STM,gid@V202L,U,{},"{""proportion"": 0.0, ""confidence"": [0.0, 0.7934506856227626], ""p_value"": 1.0, ""contingency"": [[0, 1], [271, 9476]]}",{}
353,NC00962.3,STM-0.1-0.95,0.0,GARC1,RUS,STM,gid@V112G,U,{},"{""proportion"": 0.0, ""confidence"": [0.0, 0.6576197724933469], ""p_value"": 1.0, ""contingency"": [[0, 2], [271, 9476]]}",{}
354,NC00962.3,STM-0.1-0.95,0.0,GARC1,RUS,STM,gid@399_ins_t,U,{},"{""proportion"": 0.5, ""confidence"": [0.09453120573423071, 0.9054687942657693], ""p_value"": 0.19000000000000003, ""contingency"": [[1, 1], [271, 9476]]}",{}
356,NC00962.3,STM-0.1-0.95,0.0,GARC1,RUS,STM,rrs@g1302a,U,{},"{""proportion"": 0.0, ""confidence"": [0.0, 0.7934506856227626], ""p_value"": 1.0, ""contingency"": [[0, 1], [271, 9476]]}",{}
357,NC00962.3,STM-0.1-0.95,0.0,GARC1,RUS,STM,gid@445_ins_a,U,{},"{""proportion"": 1.0, ""confidence"": [0.20654931437723742, 1.0], ""p_value"": 0.1, ""contingency"": [[1, 0], [271, 9476]]}",{}
358,NC00962.3,STM-0.1-0.95,0.0,GARC1,RUS,STM,rrs@g1416a,U,{},"{""proportion"": 0.0, ""confidence"": [0.0, 0.7934506856227626], ""p_value"": 1.0, ""contingency"": [[0, 1], [271, 9476]]}",{}
359,NC00962.3,STM-0.1-0.95,0.0,GARC1,RUS,STM,gid@C52!,U,{},"{""proportion"": 0.0, ""confidence"": [0.0, 0.6576197724933469], ""p_value"": 1.0, ""contingency"": [[0, 2], [271, 9476]]}",{}
360,NC00962.3,STM-0.1-0.95,0.0,GARC1,RUS,STM,gid@D169G,U,{},"{""proportion"": 0.0, ""confidence"": [0.0, 0.6576197724933469], ""p_value"": 1.0, ""contingency"": [[0, 2], [271, 9476]]}",{}
361,NC00962.3,STM-0.1-0.95,0.0,GARC1,RUS,STM,gid@C52W,U,{},"{""proportion"": 0.0, ""confidence"": [0.0, 0.7934506856227626], ""p_value"": 1.0, ""contingency"": [[0, 1], [271, 9476]]}",{}
362,NC00962.3,STM-0.1-0.95,0.0,GARC1,RUS,STM,gid@438_del_g,U,{},"{""proportion"": 1.0, ""confidence"": [0.20654931437723742, 1.0], ""p_value"": 0.1, ""contingency"": [[1, 0], [271, 9476]]}",{}
363,NC00962.3,STM-0.1-0.95,0.0,GARC1,RUS,STM,gid@P75T,U,{},"{""proportion"": 0.0, ""confidence"": [3.584186086443356e-17, 0.3543304350666874], ""p_value"": 1.0, ""contingency"": [[0, 7], [271, 9476]]}",{}
364,NC00962.3,STM-0.1-0.95,0.0,GARC1,RUS,STM,gid@418_del_g,U,{},"{""proportion"": 0.0, ""confidence"": [0.0, 0.7934506856227626], ""p_value"": 1.0, ""contingency"": [[0, 1], [271, 9476]]}",{}
365,NC00962.3,STM-0.1-0.95,0.0,GARC1,RUS,STM,gid@-75_del_tgggccagcgtctcgagagcggagaatgtttcacgtgaaacatgacacagacctcacgagccggcggagtgcgtaatgtctccgatcgagcccgcggcgtctgcgatcttcggaccgcggcttggccttgctcggcggtacgccgaagcgttggcgggacccggtgtggagcgggggctggtgggaccccgcgaagtcggtaggctatgggaccggcatctactgaactgcgccgtgatcggtgagctcctcgaacgcggtgaccgggtcgtggatatcggtagcggagccgggttgccgggcgtgccattggcgatagcgcggccggacctccaggtagttctcctagaaccgctactgcgccgcaccgagtttcttcgagagatggtgacag,U,{},"{""proportion"": 0.0, ""confidence"": [0.0, 0.7934506856227626], ""p_value"": 1.0, ""contingency"": [[0, 1], [271, 9476]]}",{}
366,NC00962.3,STM-0.1-0.95,0.0,GARC1,RUS,STM,gid@413_del_c,U,{},"{""proportion"": 0.0, ""confidence"": [0.0, 0.7934506856227626], ""p_value"": 1.0, ""contingency"": [[0, 1], [271, 9476]]}",{}
367,NC00962.3,STM-0.1-0.95,0.0,GARC1,RUS,STM,gid@K163E,U,{},"{""proportion"": 0.0, ""confidence"": [0.0, 0.7934506856227626], ""p_value"": 1.0, ""contingency"": [[0, 1], [271, 9476]]}",{}
368,NC00962.3,STM-0.1-0.95,0.0,GARC1,RUS,STM,gid@A167P,U,{},"{""proportion"": 0.0, ""confidence"": [3.384324554477539e-17, 0.39033428790216534], ""p_value"": 1.0, ""contingency"": [[0, 6], [271, 9476]]}",{}
369,NC00962.3,STM-0.1-0.95,0.0,GARC1,RUS,STM,rrs@c340t,U,{},"{""proportion"": 0.0, ""confidence"": [0.0, 0.7934506856227626], ""p_value"": 1.0, ""contingency"": [[0, 1], [271, 9476]]}",{}
370,NC00962.3,STM-0.1-0.95,0.0,GARC1,RUS,STM,rrs@t-4g,U,{},"{""proportion"": 0.0, ""confidence"": [1.2203525623840559e-17, 0.12064330476584562], ""p_value"": 0.10734171217102745, ""contingency"": [[0, 28], [271, 9476]]}",{}
372,NC00962.3,STM-0.1-0.95,0.0,GARC1,RUS,STM,rrs@c182g,U,{},"{""proportion"": 0.0, ""confidence"": [0.0, 0.7934506856227626], ""p_value"": 1.0, ""contingency"": [[0, 1], [271, 9476]]}",{}
373,NC00962.3,STM-0.1-0.95,0.0,GARC1,RUS,STM,rrs@t1216g,U,{},"{""proportion"": 0.0, ""confidence"": [0.0, 0.7934506856227626], ""p_value"": 1.0, ""contingency"": [[0, 1], [271, 9476]]}",{}
374,NC00962.3,STM-0.1-0.95,0.0,GARC1,RUS,STM,rrs@t213c,U,{},"{""proportion"": 0.0, ""confidence"": [0.0, 0.6576197724933469], ""p_value"": 1.0, ""contingency"": [[0, 2], [271, 9476]]}",{}
376,NC00962.3,STM-0.1-0.95,0.0,GARC1,RUS,STM,gid@R166W,U,{},"{""proportion"": 0.0, ""confidence"": [0.0, 0.7934506856227626], ""p_value"": 1.0, ""contingency"": [[0, 1], [271, 9476]]}",{}
377,NC00962.3,STM-0.1-0.95,0.0,GARC1,RUS,STM,rrs@c1220g,U,{},"{""proportion"": 0.0, ""confidence"": [0.0, 0.6576197724933469], ""p_value"": 1.0, ""contingency"": [[0, 2], [271, 9476]]}",{}
378,NC00962.3,STM-0.1-0.95,0.0,GARC1,RUS,STM,rrs@t983c,U,{},"{""proportion"": 0.0, ""confidence"": [0.0, 0.7934506856227626], ""p_value"": 1.0, ""contingency"": [[0, 1], [271, 9476]]}",{}
379,NC00962.3,STM-0.1-0.95,0.0,GARC1,RUS,STM,gid@H174R,U,{},"{""proportion"": 0.0, ""confidence"": [0.0, 0.7934506856227626], ""p_value"": 1.0, ""contingency"": [[0, 1], [271, 9476]]}",{}
381,NC00962.3,STM-0.1-0.95,0.0,GARC1,RUS,STM,rpsL@S17N,U,{},"{""proportion"": 0.0, ""confidence"": [0.0, 0.6576197724933469], ""p_value"": 1.0, ""contingency"": [[0, 2], [271, 9476]]}",{}
382,NC00962.3,STM-0.1-0.95,0.0,GARC1,RUS,STM,rrs@c141t,U,{},"{""proportion"": 0.0, ""confidence"": [0.0, 0.7934506856227626], ""p_value"": 1.0, ""contingency"": [[0, 1], [271, 9476]]}",{}
384,NC00962.3,STM-0.1-0.95,0.0,GARC1,RUS,STM,gid@351_del_gcgcgccgaggagtcctgggtgcaggaccaattgggcggcagcgacgctgcggtgtcacgggcggtggccgcgttggacaagttgacgaaatggag,U,{},"{""proportion"": 0.0, ""confidence"": [0.0, 0.4898908364545973], ""p_value"": 1.0, ""contingency"": [[0, 4], [271, 9476]]}",{}
387,NC00962.3,STM-0.1-0.95,0.0,GARC1,RUS,STM,gid@T146K,U,{},"{""proportion"": 0.5, ""confidence"": [0.09453120573423071, 0.9054687942657693], ""p_value"": 0.19000000000000003, ""contingency"": [[1, 1], [271, 9476]]}",{}
388,NC00962.3,STM-0.1-0.95,0.0,GARC1,RUS,STM,gid@L90F,U,{},"{""proportion"": 0.0, ""confidence"": [0.0, 0.7934506856227626], ""p_value"": 1.0, ""contingency"": [[0, 1], [271, 9476]]}",{}
389,NC00962.3,STM-0.1-0.95,0.0,GARC1,RUS,STM,gid@V88A,U,{},"{""proportion"": 0.25, ""confidence"": [0.045587260809700575, 0.6993581574175981], ""p_value"": 0.34390000000000004, ""contingency"": [[1, 3], [271, 9476]]}",{}
390,NC00962.3,STM-0.1-0.95,0.0,GARC1,RUS,STM,gid@475_del_a,U,{},"{""proportion"": 1.0, ""confidence"": [0.20654931437723742, 1.0], ""p_value"": 0.1, ""contingency"": [[1, 0], [271, 9476]]}",{}
391,NC00962.3,STM-0.1-0.95,0.0,GARC1,RUS,STM,gid@M159T,U,{},"{""proportion"": 0.0, ""confidence"": [0.0, 0.6576197724933469], ""p_value"": 1.0, ""contingency"": [[0, 2], [271, 9476]]}",{}
393,NC00962.3,STM-0.1-0.95,0.0,GARC1,RUS,STM,gid@107_del_t,U,{},"{""proportion"": 0.0, ""confidence"": [0.0, 0.7934506856227626], ""p_value"": 1.0, ""contingency"": [[0, 1], [271, 9476]]}",{}
394,NC00962.3,STM-0.1-0.95,0.0,GARC1,RUS,STM,gid@G34W,U,{},"{""proportion"": 0.3333333333333333, ""confidence"": [0.061491944720396215, 0.7923403991979523], ""p_value"": 0.271, ""contingency"": [[1, 2], [271, 9476]]}",{}
395,NC00962.3,STM-0.1-0.95,0.0,GARC1,RUS,STM,gid@A53D,U,{},"{""proportion"": 0.0, ""confidence"": [0.0, 0.7934506856227626], ""p_value"": 1.0, ""contingency"": [[0, 1], [271, 9476]]}",{}
396,NC00962.3,STM-0.1-0.95,0.0,GARC1,RUS,STM,rrs@g174t,U,{},"{""proportion"": 0.0, ""confidence"": [0.0, 0.7934506856227626], ""p_value"": 1.0, ""contingency"": [[0, 1], [271, 9476]]}",{}
397,NC00962.3,STM-0.1-0.95,0.0,GARC1,RUS,STM,gid@R83P,U,{},"{""proportion"": 0.5, ""confidence"": [0.09453120573423071, 0.9054687942657693], ""p_value"": 0.19000000000000003, ""contingency"": [[1, 1], [271, 9476]]}",{}
398,NC00962.3,STM-0.1-0.95,0.0,GARC1,RUS,STM,gid@V188G,U,{},"{""proportion"": 0.0, ""confidence"": [0.0, 0.7934506856227626], ""p_value"": 1.0, ""contingency"": [[0, 1], [271, 9476]]}",{}
399,NC00962.3,STM-0.1-0.95,0.0,GARC1,RUS,STM,gid@187_del_g,U,{},"{""proportion"": 1.0, ""confidence"": [0.20654931437723742, 1.0], ""p_value"": 0.1, ""contingency"": [[1, 0], [271, 9476]]}",{}
400,NC00962.3,STM-0.1-0.95,0.0,GARC1,RUS,STM,rrs@g1099a,U,{},"{""proportion"": 0.0, ""confidence"": [0.0, 0.7934506856227626], ""p_value"": 1.0, ""contingency"": [[0, 1], [271, 9476]]}",{}
401,NC00962.3,STM-0.1-0.95,0.0,GARC1,RUS,STM,gid@W148C,U,{},"{""proportion"": 0.0, ""confidence"": [0.0, 0.7934506856227626], ""p_value"": 1.0, ""contingency"": [[0, 1], [271, 9476]]}",{}
402,NC00962.3,STM-0.1-0.95,0.0,GARC1,RUS,STM,rrs@a970c,U,{},"{""proportion"": 0.0, ""confidence"": [0.0, 0.7934506856227626], ""p_value"": 1.0, ""contingency"": [[0, 1], [271, 9476]]}",{}
403,NC00962.3,STM-0.1-0.95,0.0,GARC1,RUS,STM,gid@c-24t,U,{},"{""proportion"": 0.0, ""confidence"": [0.0, 0.43448246478317476], ""p_value"": 1.0, ""contingency"": [[0, 5], [271, 9476]]}",{}
404,NC00962.3,STM-0.1-0.95,0.0,GARC1,RUS,STM,gid@G62V,U,{},"{""proportion"": 1.0, ""confidence"": [0.20654931437723742, 1.0], ""p_value"": 0.1, ""contingency"": [[1, 0], [271, 9476]]}",{}
405,NC00962.3,STM-0.1-0.95,0.0,GARC1,RUS,STM,rrs@a1409g,U,{},"{""proportion"": 0.0, ""confidence"": [0.0, 0.7934506856227626], ""p_value"": 1.0, ""contingency"": [[0, 1], [271, 9476]]}",{}
406,NC00962.3,STM-0.1-0.95,0.0,GARC1,RUS,STM,rrs@a908c,U,{},"{""proportion"": 0.0, ""confidence"": [4.8683609171202235e-17, 0.5614970317550455], ""p_value"": 1.0, ""contingency"": [[0, 3], [271, 9476]]}",{}
407,NC00962.3,STM-0.1-0.95,0.0,GARC1,RUS,STM,rrs@g-77c,U,{},"{""proportion"": 0.0, ""confidence"": [0.0, 0.7934506856227626], ""p_value"": 1.0, ""contingency"": [[0, 1], [271, 9476]]}",{}
408,NC00962.3,STM-0.1-0.95,0.0,GARC1,RUS,STM,gid@L91I,U,{},"{""proportion"": 0.0, ""confidence"": [0.0, 0.7934506856227626], ""p_value"": 1.0, ""contingency"": [[0, 1], [271, 9476]]}",{}
409,NC00962.3,STM-0.1-0.95,0.0,GARC1,RUS,STM,rrs@a600g,U,{},"{""proportion"": 0.0, ""confidence"": [0.0, 0.7934506856227626], ""p_value"": 1.0, ""contingency"": [[0, 1], [271, 9476]]}",{}
410,NC00962.3,STM-0.1-0.95,0.0,GARC1,RUS,STM,gid@P151L,U,{},"{""proportion"": 1.0, ""confidence"": [0.20654931437723742, 1.0], ""p_value"": 0.1, ""contingency"": [[1, 0], [271, 9476]]}",{}
412,NC00962.3,STM-0.1-0.95,0.0,GARC1,RUS,STM,gid@548_ins_a,U,{},"{""proportion"": 1.0, ""confidence"": [0.20654931437723742, 1.0], ""p_value"": 0.1, ""contingency"": [[1, 0], [271, 9476]]}",{}
413,NC00962.3,STM-0.1-0.95,0.0,GARC1,RUS,STM,rrs@g415a,U,{},"{""proportion"": 0.0, ""confidence"": [0.0, 0.7934506856227626], ""p_value"": 1.0, ""contingency"": [[0, 1], [271, 9476]]}",{}
414,NC00962.3,STM-0.1-0.95,0.0,GARC1,RUS,STM,gid@D67A,U,{},"{""proportion"": 0.0, ""confidence"": [0.0, 0.6576197724933469], ""p_value"": 1.0, ""contingency"": [[0, 2], [271, 9476]]}",{}
415,NC00962.3,STM-0.1-0.95,0.0,GARC1,RUS,STM,gid@S149T,U,{},"{""proportion"": 0.0, ""confidence"": [0.0, 0.7934506856227626], ""p_value"": 1.0, ""contingency"": [[0, 1], [271, 9476]]}",{}
416,NC00962.3,STM-0.1-0.95,0.0,GARC1,RUS,STM,gid@L145S,U,{},"{""proportion"": 0.0, ""confidence"": [0.0, 0.7934506856227626], ""p_value"": 1.0, ""contingency"": [[0, 1], [271, 9476]]}",{}
417,NC00962.3,STM-0.1-0.95,0.0,GARC1,RUS,STM,gid@A10V,U,{},"{""proportion"": 0.0, ""confidence"": [4.8683609171202235e-17, 0.5614970317550455], ""p_value"": 1.0, ""contingency"": [[0, 3], [271, 9476]]}",{}
418,NC00962.3,STM-0.1-0.95,0.0,GARC1,RUS,STM,rpsL@G124S,U,{},"{""proportion"": 0.0, ""confidence"": [0.0, 0.7934506856227626], ""p_value"": 1.0, ""contingency"": [[0, 1], [271, 9476]]}",{}
419,NC00962.3,STM-0.1-0.95,0.0,GARC1,RUS,STM,rrs@g-70c,U,{},"{""proportion"": 0.0, ""confidence"": [0.0, 0.7934506856227626], ""p_value"": 1.0, ""contingency"": [[0, 1], [271, 9476]]}",{}
420,NC00962.3,STM-0.1-0.95,0.0,GARC1,RUS,STM,gid@W45C,U,{},"{""proportion"": 0.0, ""confidence"": [0.0, 0.7934506856227626], ""p_value"": 1.0, ""contingency"": [[0, 1], [271, 9476]]}",{}
421,NC00962.3,STM-0.1-0.95,0.0,GARC1,RUS,STM,gid@-6_del_tgcgtaatgtctccgatcgagcccgcggcgtctgcgatcttcggaccgcggcttggccttgctcggcggtacgccgaagcgttggcgggacccggtgtggagcgggggctggtgggaccccgcgaagtcggtaggctatgggaccggcatctactgaactgcgccgtgatcggtgagctcctcgaacgcggtgaccgggtcgtggatatcggtagcggagccgggttgccgggcgtgccattggcgatagcgcggccggacctccaggtagttctcctagaaccgctactgcgccgcaccgagtttcttcgagagatggtgacagatctgggcgtgg,U,{},"{""proportion"": 0.0, ""confidence"": [0.0, 0.7934506856227626], ""p_value"": 1.0, ""contingency"": [[0, 1], [271, 9476]]}",{}
422,NC00962.3,STM-0.1-0.95,0.0,GARC1,RUS,STM,rrs@a1037g,U,{},"{""proportion"": 0.0, ""confidence"": [0.0, 0.7934506856227626], ""p_value"": 1.0, ""contingency"": [[0, 1], [271, 9476]]}",{}
424,NC00962.3,STM-0.1-0.95,0.0,GARC1,RUS,STM,rrs@g765a,U,{},"{""proportion"": 0.0, ""confidence"": [0.0, 0.7934506856227626], ""p_value"": 1.0, ""contingency"": [[0, 1], [271, 9476]]}",{}
425,NC00962.3,STM-0.1-0.95,0.0,GARC1,RUS,STM,gid@A119V,U,{},"{""proportion"": 0.0, ""confidence"": [0.0, 0.7934506856227626], ""p_value"": 1.0, ""contingency"": [[0, 1], [271, 9476]]}",{}
426,NC00962.3,STM-0.1-0.95,0.0,GARC1,RUS,STM,gid@T190A,U,{},"{""proportion"": 0.0, ""confidence"": [0.0, 0.7934506856227626], ""p_value"": 1.0, ""contingency"": [[0, 1], [271, 9476]]}",{}
427,NC00962.3,STM-0.1-0.95,0.0,GARC1,RUS,STM,gid@c-11g,U,{},"{""proportion"": 0.0, ""confidence"": [0.0, 0.7934506856227626], ""p_value"": 1.0, ""contingency"": [[0, 1], [271, 9476]]}",{}
428,NC00962.3,STM-0.1-0.95,0.0,GARC1,RUS,STM,rrs@c-23t,U,{},"{""proportion"": 0.0, ""confidence"": [0.0, 0.7934506856227626], ""p_value"": 1.0, ""contingency"": [[0, 1], [271, 9476]]}",{}
429,NC00962.3,STM-0.1-0.95,0.0,GARC1,RUS,STM,gid@352_ins_c,U,{},"{""proportion"": 0.5, ""confidence"": [0.09453120573423071, 0.9054687942657693], ""p_value"": 0.19000000000000003, ""contingency"": [[1, 1], [271, 9476]]}",{}
431,NC00962.3,STM-0.1-0.95,0.0,GARC1,RUS,STM,gid@48_del_tggc,U,{},"{""proportion"": 0.0, ""confidence"": [0.0, 0.7934506856227626], ""p_value"": 1.0, ""contingency"": [[0, 1], [271, 9476]]}",{}
432,NC00962.3,STM-0.1-0.95,0.0,GARC1,RUS,STM,gid@D67E,U,{},"{""proportion"": 0.0, ""confidence"": [0.0, 0.7934506856227626], ""p_value"": 1.0, ""contingency"": [[0, 1], [271, 9476]]}",{}
433,NC00962.3,STM-0.1-0.95,0.0,GARC1,RUS,STM,rrs@g1303a,U,{},"{""proportion"": 0.0, ""confidence"": [0.0, 0.7934506856227626], ""p_value"": 1.0, ""contingency"": [[0, 1], [271, 9476]]}",{}
434,NC00962.3,STM-0.1-0.95,0.0,GARC1,RUS,STM,gid@I179S,U,{},"{""proportion"": 0.0, ""confidence"": [0.0, 0.7934506856227626], ""p_value"": 1.0, ""contingency"": [[0, 1], [271, 9476]]}",{}
435,NC00962.3,STM-0.1-0.95,0.0,GARC1,RUS,STM,gid@R118P,U,{},"{""proportion"": 0.0, ""confidence"": [0.0, 0.7934506856227626], ""p_value"": 1.0, ""contingency"": [[0, 1], [271, 9476]]}",{}
436,NC00962.3,STM-0.1-0.95,0.0,GARC1,RUS,STM,rrs@c1091g,U,{},"{""proportion"": 0.0, ""confidence"": [0.0, 0.7934506856227626], ""p_value"": 1.0, ""contingency"": [[0, 1], [271, 9476]]}",{}
437,NC00962.3,STM-0.1-0.95,0.0,GARC1,RUS,STM,rrs@c-69t,U,{},"{""proportion"": 0.0, ""confidence"": [3.584186086443356e-17, 0.3543304350666874], ""p_value"": 1.0, ""contingency"": [[0, 7], [271, 9476]]}",{}
438,NC00962.3,STM-0.1-0.95,0.0,GARC1,RUS,STM,gid@9_del_gatcgagcccgcggcgtctgcgatcttcggaccgcggcttggccttgctcggcggtacgccgaagcgttggcgggacccggtgtggagcgggggctggtgggacc,U,{},"{""proportion"": 0.5, ""confidence"": [0.09453120573423071, 0.9054687942657693], ""p_value"": 0.19000000000000003, ""contingency"": [[1, 1], [271, 9476]]}",{}
439,NC00962.3,STM-0.1-0.95,0.0,GARC1,RUS,STM,gid@D169H,U,{},"{""proportion"": 0.0, ""confidence"": [0.0, 0.7934506856227626], ""p_value"": 1.0, ""contingency"": [[0, 1], [271, 9476]]}",{}
440,NC00962.3,STM-0.1-0.95,0.0,GARC1,RUS,STM,gid@R175G,U,{},"{""proportion"": 0.0, ""confidence"": [0.0, 0.7934506856227626], ""p_value"": 1.0, ""contingency"": [[0, 1], [271, 9476]]}",{}
441,NC00962.3,STM-0.1-0.95,0.0,GARC1,RUS,STM,gid@A161V,U,{},"{""proportion"": 0.0, ""confidence"": [0.0, 0.7934506856227626], ""p_value"": 1.0, ""contingency"": [[0, 1], [271, 9476]]}",{}
442,NC00962.3,STM-0.1-0.95,0.0,GARC1,RUS,STM,rpsL@c-31t,U,{},"{""proportion"": 0.0, ""confidence"": [0.0, 0.6576197724933469], ""p_value"": 1.0, ""contingency"": [[0, 2], [271, 9476]]}",{}
443,NC00962.3,STM-0.1-0.95,0.0,GARC1,RUS,STM,rrs@c-69g,U,{},"{""proportion"": 0.0, ""confidence"": [0.0, 0.7934506856227626], ""p_value"": 1.0, ""contingency"": [[0, 1], [271, 9476]]}",{}
444,NC00962.3,STM-0.1-0.95,0.0,GARC1,RUS,STM,rrs@g285a,U,{},"{""proportion"": 0.0, ""confidence"": [0.0, 0.7934506856227626], ""p_value"": 1.0, ""contingency"": [[0, 1], [271, 9476]]}",{}
445,NC00962.3,STM-0.1-0.95,0.0,GARC1,RUS,STM,rrs@g840a,U,{},"{""proportion"": 0.0, ""confidence"": [0.0, 0.7934506856227626], ""p_value"": 1.0, ""contingency"": [[0, 1], [271, 9476]]}",{}
446,NC00962.3,STM-0.1-0.95,0.0,GARC1,RUS,STM,gid@c-24a,U,{},"{""proportion"": 0.0, ""confidence"": [0.0, 0.6576197724933469], ""p_value"": 1.0, ""contingency"": [[0, 2], [271, 9476]]}",{}
447,NC00962.3,STM-0.1-0.95,0.0,GARC1,RUS,STM,gid@S136A,U,{},"{""proportion"": 0.0, ""confidence"": [0.0, 0.6576197724933469], ""p_value"": 1.0, ""contingency"": [[0, 2], [271, 9476]]}",{}
448,NC00962.3,STM-0.1-0.95,0.0,GARC1,RUS,STM,rrs@1202_ins_t,U,{},"{""proportion"": 0.0, ""confidence"": [0.0, 0.7934506856227626], ""p_value"": 1.0, ""contingency"": [[0, 1], [271, 9476]]}",{}
449,NC00962.3,STM-0.1-0.95,0.0,GARC1,RUS,STM,rrs@-20_ins_tccaaagggagtgtttggg,U,{},"{""proportion"": 0.0, ""confidence"": [0.0, 0.7934506856227626], ""p_value"": 1.0, ""contingency"": [[0, 1], [271, 9476]]}",{}
450,NC00962.3,STM-0.1-0.95,0.0,GARC1,RUS,STM,rpsL@K10T,U,{},"{""proportion"": 0.0, ""confidence"": [0.0, 0.7934506856227626], ""p_value"": 1.0, ""contingency"": [[0, 1], [271, 9476]]}",{}
451,NC00962.3,STM-0.1-0.95,0.0,GARC1,RUS,STM,gid@A133V,U,{},"{""proportion"": 0.0, ""confidence"": [0.0, 0.7934506856227626], ""p_value"": 1.0, ""contingency"": [[0, 1], [271, 9476]]}",{}
452,NC00962.3,STM-0.1-0.95,0.0,GARC1,RUS,STM,gid@659_ins_g,U,{},"{""proportion"": 0.0, ""confidence"": [0.0, 0.7934506856227626], ""p_value"": 1.0, ""contingency"": [[0, 1], [271, 9476]]}",{}
453,NC00962.3,STM-0.1-0.95,0.0,GARC1,RUS,STM,rrs@c-63g,U,{},"{""proportion"": 0.0, ""confidence"": [0.0, 0.7934506856227626], ""p_value"": 1.0, ""contingency"": [[0, 1], [271, 9476]]}",{}
454,NC00962.3,STM-0.1-0.95,0.0,GARC1,RUS,STM,rrs@g1013t,U,{},"{""proportion"": 0.0, ""confidence"": [0.0, 0.7934506856227626], ""p_value"": 1.0, ""contingency"": [[0, 1], [271, 9476]]}",{}
455,NC00962.3,STM-0.1-0.95,0.0,GARC1,RUS,STM,gid@G34A,U,{},"{""proportion"": 0.0, ""confidence"": [0.0, 0.7934506856227626], ""p_value"": 1.0, ""contingency"": [[0, 1], [271, 9476]]}",{}
456,NC00962.3,STM-0.1-0.95,0.0,GARC1,RUS,STM,gid@I81R,U,{},"{""proportion"": 0.0, ""confidence"": [0.0, 0.6576197724933469], ""p_value"": 1.0, ""contingency"": [[0, 2], [271, 9476]]}",{}
457,NC00962.3,STM-0.1-0.95,0.0,GARC1,RUS,STM,rpsL@E76A,U,{},"{""proportion"": 0.0, ""confidence"": [0.0, 0.7934506856227626], ""p_value"": 1.0, ""contingency"": [[0, 1], [271, 9476]]}",{}
458,NC00962.3,STM-0.1-0.95,0.0,GARC1,RUS,STM,rrs@c1257t,U,{},"{""proportion"": 0.0, ""confidence"": [4.8683609171202235e-17, 0.5614970317550455], ""p_value"": 1.0, ""contingency"": [[0, 3], [271, 9476]]}",{}
460,NC00962.3,STM-0.1-0.95,0.0,GARC1,RUS,STM,rrs@g-68c,U,{},"{""proportion"": 0.0, ""confidence"": [0.0, 0.7934506856227626], ""p_value"": 1.0, ""contingency"": [[0, 1], [271, 9476]]}",{}
461,NC00962.3,STM-0.1-0.95,0.0,GARC1,RUS,STM,rrs@c735g,U,{},"{""proportion"": 0.0, ""confidence"": [0.0, 0.6576197724933469], ""p_value"": 1.0, ""contingency"": [[0, 2], [271, 9476]]}",{}
462,NC00962.3,STM-0.1-0.95,0.0,GARC1,RUS,STM,gid@c-71t,U,{},"{""proportion"": 0.0, ""confidence"": [0.0, 0.4898908364545973], ""p_value"": 1.0, ""contingency"": [[0, 4], [271, 9476]]}",{}
463,NC00962.3,STM-0.1-0.95,0.0,GARC1,RUS,STM,gid@G69I,U,{},"{""proportion"": 0.0, ""confidence"": [0.0, 0.6576197724933469], ""p_value"": 1.0, ""contingency"": [[0, 2], [271, 9476]]}",{}
464,NC00962.3,STM-0.1-0.95,0.0,GARC1,RUS,STM,gid@G28V,U,{},"{""proportion"": 0.0, ""confidence"": [0.0, 0.7934506856227626], ""p_value"": 1.0, ""contingency"": [[0, 1], [271, 9476]]}",{}
465,NC00962.3,STM-0.1-0.95,0.0,GARC1,RUS,STM,gid@Y22C,U,{},"{""proportion"": 0.0, ""confidence"": [0.0, 0.7934506856227626], ""p_value"": 1.0, ""contingency"": [[0, 1], [271, 9476]]}",{}
466,NC00962.3,STM-0.1-0.95,0.0,GARC1,RUS,STM,gid@245_del_c,U,{},"{""proportion"": 0.0, ""confidence"": [0.0, 0.7934506856227626], ""p_value"": 1.0, ""contingency"": [[0, 1], [271, 9476]]}",{}
467,NC00962.3,STM-0.1-0.95,0.0,GARC1,RUS,STM,gid@P155S,U,{},"{""proportion"": 0.0, ""confidence"": [0.0, 0.6576197724933469], ""p_value"": 1.0, ""contingency"": [[0, 2], [271, 9476]]}",{}
468,NC00962.3,STM-0.1-0.95,0.0,GARC1,RUS,STM,rpsL@g-58t,U,{},"{""proportion"": 0.0, ""confidence"": [0.0, 0.6576197724933469], ""p_value"": 1.0, ""contingency"": [[0, 2], [271, 9476]]}",{}
469,NC00962.3,STM-0.1-0.95,0.0,GARC1,RUS,STM,rrs@a1370g,U,{},"{""proportion"": 0.0, ""confidence"": [0.0, 0.6576197724933469], ""p_value"": 1.0, ""contingency"": [[0, 2], [271, 9476]]}",{}
470,NC00962.3,STM-0.1-0.95,0.0,GARC1,RUS,STM,gid@P198R,U,{},"{""proportion"": 0.0, ""confidence"": [0.0, 0.7934506856227626], ""p_value"": 1.0, ""contingency"": [[0, 1], [271, 9476]]}",{}
471,NC00962.3,STM-0.1-0.95,0.0,GARC1,RUS,STM,gid@V41A,U,{},"{""proportion"": 0.0, ""confidence"": [0.0, 0.7934506856227626], ""p_value"": 1.0, ""contingency"": [[0, 1], [271, 9476]]}",{}
472,NC00962.3,STM-0.1-0.95,0.0,GARC1,RUS,STM,gid@141_del_g,U,{},"{""proportion"": 0.0, ""confidence"": [0.0, 0.7934506856227626], ""p_value"": 1.0, ""contingency"": [[0, 1], [271, 9476]]}",{}
473,NC00962.3,STM-0.1-0.95,0.0,GARC1,RUS,STM,gid@L59R,U,{},"{""proportion"": 1.0, ""confidence"": [0.20654931437723742, 1.0], ""p_value"": 0.1, ""contingency"": [[1, 0], [271, 9476]]}",{}
474,NC00962.3,STM-0.1-0.95,0.0,GARC1,RUS,STM,gid@c-94a,U,{},"{""proportion"": 0.0, ""confidence"": [0.0, 0.6576197724933469], ""p_value"": 1.0, ""contingency"": [[0, 2], [271, 9476]]}",{}
475,NC00962.3,STM-0.1-0.95,0.0,GARC1,RUS,STM,gid@D143Y,U,{},"{""proportion"": 0.0, ""confidence"": [0.0, 0.7934506856227626], ""p_value"": 1.0, ""contingency"": [[0, 1], [271, 9476]]}",{}
476,NC00962.3,STM-0.1-0.95,0.0,GARC1,RUS,STM,rpsL@c-79a,U,{},"{""proportion"": 0.0, ""confidence"": [0.0, 0.7934506856227626], ""p_value"": 1.0, ""contingency"": [[0, 1], [271, 9476]]}",{}
477,NC00962.3,STM-0.1-0.95,0.0,GARC1,RUS,STM,rpsL@T58A,U,{},"{""proportion"": 0.0, ""confidence"": [0.0, 0.7934506856227626], ""p_value"": 1.0, ""contingency"": [[0, 1], [271, 9476]]}",{}
478,NC00962.3,STM-0.1-0.95,0.0,GARC1,RUS,STM,rrs@t1109c,U,{},"{""proportion"": 0.0, ""confidence"": [0.0, 0.6576197724933469], ""p_value"": 1.0, ""contingency"": [[0, 2], [271, 9476]]}",{}
479,NC00962.3,STM-0.1-0.95,0.0,GARC1,RUS,STM,gid@G34R,U,{},"{""proportion"": 0.3333333333333333, ""confidence"": [0.061491944720396215, 0.7923403991979523], ""p_value"": 0.271, ""contingency"": [[1, 2], [271, 9476]]}",{}
480,NC00962.3,STM-0.1-0.95,0.0,GARC1,RUS,STM,gid@33_del_cttcggaccgcggcttggccttgctcggcggtacgccgaagcgttggcgggacccggtgtggagcgggggctggtgggaccccgcgaagtcggtaggctatgggaccggcatctactgaactgcgccgtgatcggtgagctcctcgaacgcggtgaccgggtcgtggatatcggtagcggagccgggttgccgggcgtgccattggcgatagcgcggccggacctccaggtagttctcctagaaccgctactgcgccgcaccgagtttcttcgagagatggtgacagatctgggcgtggccgttgagatcgtgcgggggcgcgccgaggagtcctgggtgcaggaccaattgggcggcagcgac,U,{},"{""proportion"": 1.0, ""confidence"": [0.20654931437723742, 1.0], ""p_value"": 0.1, ""contingency"": [[1, 0], [271, 9476]]}",{}
481,NC00962.3,STM-0.1-0.95,0.0,GARC1,RUS,STM,rpsL@c-19t,U,{},"{""proportion"": 0.0, ""confidence"": [0.0, 0.7934506856227626], ""p_value"": 1.0, ""contingency"": [[0, 1], [271, 9476]]}",{}
482,NC00962.3,STM-0.1-0.95,0.0,GARC1,RUS,STM,rrs@g1450a,U,{},"{""proportion"": 0.0, ""confidence"": [0.0, 0.7934506856227626], ""p_value"": 1.0, ""contingency"": [[0, 1], [271, 9476]]}",{}
483,NC00962.3,STM-0.1-0.95,0.0,GARC1,RUS,STM,rrs@t1360c,U,{},"{""proportion"": 0.0, ""confidence"": [0.0, 0.6576197724933469], ""p_value"": 1.0, ""contingency"": [[0, 2], [271, 9476]]}",{}
484,NC00962.3,STM-0.1-0.95,0.0,GARC1,RUS,STM,gid@A19P,U,{},"{""proportion"": 0.25, ""confidence"": [0.045587260809700575, 0.6993581574175981], ""p_value"": 0.34390000000000004, ""contingency"": [[1, 3], [271, 9476]]}",{}
485,NC00962.3,STM-0.1-0.95,0.0,GARC1,RUS,STM,gid@L74F,U,{},"{""proportion"": 0.0, ""confidence"": [0.0, 0.7934506856227626], ""p_value"": 1.0, ""contingency"": [[0, 1], [271, 9476]]}",{}
486,NC00962.3,STM-0.1-0.95,0.0,GARC1,RUS,STM,rrs@t822c,U,{},"{""proportion"": 0.0, ""confidence"": [4.8683609171202235e-17, 0.5614970317550455], ""p_value"": 1.0, ""contingency"": [[0, 3], [271, 9476]]}",{}
487,NC00962.3,STM-0.1-0.95,0.0,GARC1,RUS,STM,gid@C52F,U,{},"{""proportion"": 1.0, ""confidence"": [0.20654931437723742, 1.0], ""p_value"": 0.1, ""contingency"": [[1, 0], [271, 9476]]}",{}
488,NC00962.3,STM-0.1-0.95,0.0,GARC1,RUS,STM,rrs@644_ins_g,U,{},"{""proportion"": 0.0, ""confidence"": [0.0, 0.6576197724933469], ""p_value"": 1.0, ""contingency"": [[0, 2], [271, 9476]]}",{}
489,NC00962.3,STM-0.1-0.95,0.0,GARC1,RUS,STM,rrs@g809a,U,{},"{""proportion"": 0.0, ""confidence"": [0.0, 0.6576197724933469], ""p_value"": 1.0, ""contingency"": [[0, 2], [271, 9476]]}",{}
490,NC00962.3,STM-0.1-0.95,0.0,GARC1,RUS,STM,gid@A205E,U,{},"{""proportion"": 1.0, ""confidence"": [0.20654931437723742, 1.0], ""p_value"": 0.1, ""contingency"": [[1, 0], [271, 9476]]}",{}
491,NC00962.3,STM-0.1-0.95,0.0,GARC1,RUS,STM,rrs@a-35g,U,{},"{""proportion"": 0.0, ""confidence"": [4.8683609171202235e-17, 0.5614970317550455], ""p_value"": 1.0, ""contingency"": [[0, 3], [271, 9476]]}",{}
493,NC00962.3,STM-0.1-0.95,0.0,GARC1,RUS,STM,rrs@c1241t,U,{},"{""proportion"": 0.0, ""confidence"": [0.0, 0.7934506856227626], ""p_value"": 1.0, ""contingency"": [[0, 1], [271, 9476]]}",{}
494,NC00962.3,STM-0.1-0.95,0.0,GARC1,RUS,STM,gid@I11N,U,{},"{""proportion"": 1.0, ""confidence"": [0.20654931437723742, 1.0], ""p_value"": 0.1, ""contingency"": [[1, 0], [271, 9476]]}",{}
496,NC00962.3,STM-0.1-0.95,0.0,GARC1,RUS,STM,rrs@g704a,U,{},"{""proportion"": 0.0, ""confidence"": [0.0, 0.6576197724933469], ""p_value"": 1.0, ""contingency"": [[0, 2], [271, 9476]]}",{}
497,NC00962.3,STM-0.1-0.95,0.0,GARC1,RUS,STM,gid@L44R,U,{},"{""proportion"": 0.0, ""confidence"": [0.0, 0.6576197724933469], ""p_value"": 1.0, ""contingency"": [[0, 2], [271, 9476]]}",{}
498,NC00962.3,STM-0.1-0.95,0.0,GARC1,RUS,STM,rrs@t454c,U,{},"{""proportion"": 0.0, ""confidence"": [0.0, 0.7934506856227626], ""p_value"": 1.0, ""contingency"": [[0, 1], [271, 9476]]}",{}
499,NC00962.3,STM-0.1-0.95,0.0,GARC1,RUS,STM,gid@t-65c,U,{},"{""proportion"": 0.0, ""confidence"": [0.0, 0.7934506856227626], ""p_value"": 1.0, ""contingency"": [[0, 1], [271, 9476]]}",{}
500,NC00962.3,STM-0.1-0.95,0.0,GARC1,RUS,STM,gid@R47Q,U,{},"{""proportion"": 0.0, ""confidence"": [0.0, 0.6576197724933469], ""p_value"": 1.0, ""contingency"": [[0, 2], [271, 9476]]}",{}
501,NC00962.3,STM-0.1-0.95,0.0,GARC1,RUS,STM,gid@357_del_c,U,{},"{""proportion"": 0.2, ""confidence"": [0.03622410863243013, 0.6244653702374747], ""p_value"": 0.40951000000000004, ""contingency"": [[1, 4], [271, 9476]]}",{}
502,NC00962.3,STM-0.1-0.95,0.0,GARC1,RUS,STM,rrs@1204_ins_a,U,{},"{""proportion"": 0.0, ""confidence"": [0.0, 0.7934506856227626], ""p_value"": 1.0, ""contingency"": [[0, 1], [271, 9476]]}",{}
503,NC00962.3,STM-0.1-0.95,0.0,GARC1,RUS,STM,gid@A133G,U,{},"{""proportion"": 0.0, ""confidence"": [0.0, 0.6576197724933469], ""p_value"": 1.0, ""contingency"": [[0, 2], [271, 9476]]}",{}
504,NC00962.3,STM-0.1-0.95,0.0,GARC1,RUS,STM,gid@F204L,U,{},"{""proportion"": 0.0, ""confidence"": [0.0, 0.7934506856227626], ""p_value"": 1.0, ""contingency"": [[0, 1], [271, 9476]]}",{}
505,NC00962.3,STM-0.1-0.95,0.0,GARC1,RUS,STM,rrs@g1108t,U,{},"{""proportion"": 0.0, ""confidence"": [0.0, 0.7934506856227626], ""p_value"": 1.0, ""contingency"": [[0, 1], [271, 9476]]}",{}
506,NC00962.3,STM-0.1-0.95,0.0,GARC1,RUS,STM,rrs@t-32c,U,{},"{""proportion"": 0.0, ""confidence"": [0.0, 0.7934506856227626], ""p_value"": 1.0, ""contingency"": [[0, 1], [271, 9476]]}",{}
507,NC00962.3,STM-0.1-0.95,0.0,GARC1,RUS,STM,rrs@g935a,U,{},"{""proportion"": 0.0, ""confidence"": [0.0, 0.6576197724933469], ""p_value"": 1.0, ""contingency"": [[0, 2], [271, 9476]]}",{}
508,NC00962.3,STM-0.1-0.95,0.0,GARC1,RUS,STM,rrs@g-71a,U,{},"{""proportion"": 0.0, ""confidence"": [0.0, 0.6576197724933469], ""p_value"": 1.0, ""contingency"": [[0, 2], [271, 9476]]}",{}
509,NC00962.3,STM-0.1-0.95,0.0,GARC1,RUS,STM,gid@V124L,U,{},"{""proportion"": 1.0, ""confidence"": [0.20654931437723742, 1.0], ""p_value"": 0.1, ""contingency"": [[1, 0], [271, 9476]]}",{}
510,NC00962.3,STM-0.1-0.95,0.0,GARC1,RUS,STM,gid@S131R,U,{},"{""proportion"": 0.0, ""confidence"": [0.0, 0.6576197724933469], ""p_value"": 1.0, ""contingency"": [[0, 2], [271, 9476]]}",{}
511,NC00962.3,STM-0.1-0.95,0.0,GARC1,RUS,STM,gid@R102G,U,{},"{""proportion"": 0.0, ""confidence"": [0.0, 0.7934506856227626], ""p_value"": 1.0, ""contingency"": [[0, 1], [271, 9476]]}",{}
512,NC00962.3,STM-0.1-0.95,0.0,GARC1,RUS,STM,rrs@c397t,U,{},"{""proportion"": 0.0, ""confidence"": [0.0, 0.7934506856227626], ""p_value"": 1.0, ""contingency"": [[0, 1], [271, 9476]]}",{}
513,NC00962.3,STM-0.1-0.95,0.0,GARC1,RUS,STM,rrs@c1319a,U,{},"{""proportion"": 0.0, ""confidence"": [0.0, 0.7934506856227626], ""p_value"": 1.0, ""contingency"": [[0, 1], [271, 9476]]}",{}
514,NC00962.3,STM-0.1-0.95,0.0,GARC1,RUS,STM,gid@I162S,U,{},"{""proportion"": 1.0, ""confidence"": [0.20654931437723742, 1.0], ""p_value"": 0.1, ""contingency"": [[1, 0], [271, 9476]]}",{}
516,NC00962.3,STM-0.1-0.95,0.0,GARC1,RUS,STM,gid@L160V,U,{},"{""proportion"": 0.0, ""confidence"": [0.0, 0.7934506856227626], ""p_value"": 1.0, ""contingency"": [[0, 1], [271, 9476]]}",{}
517,NC00962.3,STM-0.1-0.95,0.0,GARC1,RUS,STM,rrs@c181g,U,{},"{""proportion"": 0.0, ""confidence"": [0.0, 0.7934506856227626], ""p_value"": 1.0, ""contingency"": [[0, 1], [271, 9476]]}",{}
518,NC00962.3,STM-0.1-0.95,0.0,GARC1,RUS,STM,gid@R64W,U,{},"{""proportion"": 1.0, ""confidence"": [0.20654931437723742, 1.0], ""p_value"": 0.1, ""contingency"": [[1, 0], [271, 9476]]}",{}
519,NC00962.3,STM-0.1-0.95,0.0,GARC1,RUS,STM,gid@R217W,U,{},"{""proportion"": 0.0, ""confidence"": [4.8683609171202235e-17, 0.5614970317550455], ""p_value"": 1.0, ""contingency"": [[0, 3], [271, 9476]]}",{}
520,NC00962.3,STM-0.1-0.95,0.0,GARC1,RUS,STM,gid@V41L,U,{},"{""proportion"": 0.0, ""confidence"": [0.0, 0.7934506856227626], ""p_value"": 1.0, ""contingency"": [[0, 1], [271, 9476]]}",{}
521,NC00962.3,STM-0.1-0.95,0.0,GARC1,RUS,STM,rrs@c22t,U,{},"{""proportion"": 0.0, ""confidence"": [0.0, 0.7934506856227626], ""p_value"": 1.0, ""contingency"": [[0, 1], [271, 9476]]}",{}
522,NC00962.3,STM-0.1-0.95,0.0,GARC1,RUS,STM,gid@R154W,U,{},"{""proportion"": 1.0, ""confidence"": [0.20654931437723742, 1.0], ""p_value"": 0.1, ""contingency"": [[1, 0], [271, 9476]]}",{}
523,NC00962.3,STM-0.1-0.95,0.0,GARC1,RUS,STM,gid@L79F,U,{},"{""proportion"": 1.0, ""confidence"": [0.20654931437723742, 1.0], ""p_value"": 0.1, ""contingency"": [[1, 0], [271, 9476]]}",{}
524,NC00962.3,STM-0.1-0.95,0.0,GARC1,RUS,STM,rpsL@P2R,U,{},"{""proportion"": 0.0, ""confidence"": [0.0, 0.7934506856227626], ""p_value"": 1.0, ""contingency"": [[0, 1], [271, 9476]]}",{}
525,NC00962.3,STM-0.1-0.95,0.0,GARC1,RUS,STM,rrs@g1498t,U,{},"{""proportion"": 0.0, ""confidence"": [0.0, 0.6576197724933469], ""p_value"": 1.0, ""contingency"": [[0, 2], [271, 9476]]}",{}
526,NC00962.3,STM-0.1-0.95,0.0,GARC1,RUS,STM,rrs@a554t,U,{},"{""proportion"": 0.0, ""confidence"": [0.0, 0.7934506856227626], ""p_value"": 1.0, ""contingency"": [[0, 1], [271, 9476]]}",{}
527,NC00962.3,STM-0.1-0.95,0.0,GARC1,RUS,STM,gid@V139L,U,{},"{""proportion"": 0.0, ""confidence"": [0.0, 0.7934506856227626], ""p_value"": 1.0, ""contingency"": [[0, 1], [271, 9476]]}",{}
528,NC00962.3,STM-0.1-0.95,0.0,GARC1,RUS,STM,rrs@g1068a,U,{},"{""proportion"": 0.0, ""confidence"": [0.0, 0.6576197724933469], ""p_value"": 1.0, ""contingency"": [[0, 2], [271, 9476]]}",{}
529,NC00962.3,STM-0.1-0.95,0.0,GARC1,RUS,STM,gid@P78Q,U,{},"{""proportion"": 0.0, ""confidence"": [0.0, 0.6576197724933469], ""p_value"": 1.0, ""contingency"": [[0, 2], [271, 9476]]}",{}
530,NC00962.3,STM-0.1-0.95,0.0,GARC1,RUS,STM,gid@E40D,U,{},"{""proportion"": 0.5, ""confidence"": [0.09453120573423071, 0.9054687942657693], ""p_value"": 0.19000000000000003, ""contingency"": [[1, 1], [271, 9476]]}",{}
531,NC00962.3,STM-0.1-0.95,0.0,GARC1,RUS,STM,gid@P6A,U,{},"{""proportion"": 0.0, ""confidence"": [0.0, 0.7934506856227626], ""p_value"": 1.0, ""contingency"": [[0, 1], [271, 9476]]}",{}
532,NC00962.3,STM-0.1-0.95,0.0,GARC1,RUS,STM,gid@R176C,U,{},"{""proportion"": 0.0, ""confidence"": [0.0, 0.7934506856227626], ""p_value"": 1.0, ""contingency"": [[0, 1], [271, 9476]]}",{}
533,NC00962.3,STM-0.1-0.95,0.0,GARC1,RUS,STM,rrs@t200a,U,{},"{""proportion"": 0.0, ""confidence"": [0.0, 0.6576197724933469], ""p_value"": 1.0, ""contingency"": [[0, 2], [271, 9476]]}",{}
534,NC00962.3,STM-0.1-0.95,0.0,GARC1,RUS,STM,gid@R96H,U,{},"{""proportion"": 0.2, ""confidence"": [0.03622410863243013, 0.6244653702374747], ""p_value"": 0.40951000000000004, ""contingency"": [[1, 4], [271, 9476]]}",{}
535,NC00962.3,STM-0.1-0.95,0.0,GARC1,RUS,STM,rrs@g319a,U,{},"{""proportion"": 0.0, ""confidence"": [0.0, 0.7934506856227626], ""p_value"": 1.0, ""contingency"": [[0, 1], [271, 9476]]}",{}
536,NC00962.3,STM-0.1-0.95,0.0,GARC1,RUS,STM,gid@471_del_g,U,{},"{""proportion"": 0.5, ""confidence"": [0.09453120573423071, 0.9054687942657693], ""p_value"": 0.19000000000000003, ""contingency"": [[1, 1], [271, 9476]]}",{}
537,NC00962.3,STM-0.1-0.95,0.0,GARC1,RUS,STM,gid@A80V,U,{},"{""proportion"": 1.0, ""confidence"": [0.20654931437723742, 1.0], ""p_value"": 0.1, ""contingency"": [[1, 0], [271, 9476]]}",{}
538,NC00962.3,STM-0.1-0.95,0.0,GARC1,RUS,STM,rrs@c462t,U,{},"{""proportion"": 0.0, ""confidence"": [0.0, 0.7934506856227626], ""p_value"": 1.0, ""contingency"": [[0, 1], [271, 9476]]}",{}
539,NC00962.3,STM-0.1-0.95,0.0,GARC1,RUS,STM,gid@553_ins_g,U,{},"{""proportion"": 0.0, ""confidence"": [0.0, 0.7934506856227626], ""p_value"": 1.0, ""contingency"": [[0, 1], [271, 9476]]}",{}
540,NC00962.3,STM-0.1-0.95,0.0,GARC1,RUS,STM,rrs@t140g,U,{},"{""proportion"": 0.0, ""confidence"": [0.0, 0.7934506856227626], ""p_value"": 1.0, ""contingency"": [[0, 1], [271, 9476]]}",{}
541,NC00962.3,STM-0.1-0.95,0.0,GARC1,RUS,STM,gid@V171G,U,{},"{""proportion"": 1.0, ""confidence"": [0.20654931437723742, 1.0], ""p_value"": 0.1, ""contingency"": [[1, 0], [271, 9476]]}",{}
542,NC00962.3,STM-0.1-0.95,0.0,GARC1,RUS,STM,gid@575_ins_g,U,{},"{""proportion"": 0.0, ""confidence"": [0.0, 0.7934506856227626], ""p_value"": 1.0, ""contingency"": [[0, 1], [271, 9476]]}",{}
543,NC00962.3,STM-0.1-0.95,0.0,GARC1,RUS,STM,gid@59_ins_cttgctcg,U,{},"{""proportion"": 1.0, ""confidence"": [0.20654931437723742, 1.0], ""p_value"": 0.1, ""contingency"": [[1, 0], [271, 9476]]}",{}
545,NC00962.3,STM-0.1-0.95,0.0,GARC1,RUS,STM,rrs@t-76g,U,{},"{""proportion"": 0.0, ""confidence"": [0.0, 0.6576197724933469], ""p_value"": 1.0, ""contingency"": [[0, 2], [271, 9476]]}",{}
546,NC00962.3,STM-0.1-0.95,0.0,GARC1,RUS,STM,rrs@a87c,U,{},"{""proportion"": 0.0, ""confidence"": [0.0, 0.7934506856227626], ""p_value"": 1.0, ""contingency"": [[0, 1], [271, 9476]]}",{}
547,NC00962.3,STM-0.1-0.95,0.0,GARC1,RUS,STM,gid@42_del_g,U,{},"{""proportion"": 0.5, ""confidence"": [0.09453120573423071, 0.9054687942657693], ""p_value"": 0.19000000000000003, ""contingency"": [[1, 1], [271, 9476]]}",{}
548,NC00962.3,STM-0.1-0.95,0.0,GARC1,RUS,STM,gid@250_ins_ggc,U,{},"{""proportion"": 1.0, ""confidence"": [0.20654931437723742, 1.0], ""p_value"": 0.1, ""contingency"": [[1, 0], [271, 9476]]}",{}
549,NC00962.3,STM-0.1-0.95,0.0,GARC1,RUS,STM,gid@C191Y,U,{},"{""proportion"": 0.0, ""confidence"": [0.0, 0.7934506856227626], ""p_value"": 1.0, ""contingency"": [[0, 1], [271, 9476]]}",{}
550,NC00962.3,STM-0.1-0.95,0.0,GARC1,RUS,STM,gid@R15W,U,{},"{""proportion"": 0.0, ""confidence"": [0.0, 0.7934506856227626], ""p_value"": 1.0, ""contingency"": [[0, 1], [271, 9476]]}",{}
551,NC00962.3,STM-0.1-0.95,0.0,GARC1,RUS,STM,gid@326_del_g,U,{},"{""proportion"": 0.0, ""confidence"": [0.0, 0.7934506856227626], ""p_value"": 1.0, ""contingency"": [[0, 1], [271, 9476]]}",{}
552,NC00962.3,STM-0.1-0.95,0.0,GARC1,RUS,STM,gid@A161P,U,{},"{""proportion"": 0.0, ""confidence"": [0.0, 0.7934506856227626], ""p_value"": 1.0, ""contingency"": [[0, 1], [271, 9476]]}",{}
553,NC00962.3,STM-0.1-0.95,0.0,GARC1,RUS,STM,gid@G42V,U,{},"{""proportion"": 0.0, ""confidence"": [0.0, 0.7934506856227626], ""p_value"": 1.0, ""contingency"": [[0, 1], [271, 9476]]}",{}
554,NC00962.3,STM-0.1-0.95,0.0,GARC1,RUS,STM,gid@195_ins_c,U,{},"{""proportion"": 0.0, ""confidence"": [0.0, 0.7934506856227626], ""p_value"": 1.0, ""contingency"": [[0, 1], [271, 9476]]}",{}
555,NC00962.3,STM-0.1-0.95,0.0,GARC1,RUS,STM,gid@A19T,U,{},"{""proportion"": 0.0, ""confidence"": [0.0, 0.7934506856227626], ""p_value"": 1.0, ""contingency"": [[0, 1], [271, 9476]]}",{}
556,NC00962.3,STM-0.1-0.95,0.0,GARC1,RUS,STM,gid@A193G,U,{},"{""proportion"": 0.0, ""confidence"": [0.0, 0.7934506856227626], ""p_value"": 1.0, ""contingency"": [[0, 1], [271, 9476]]}",{}
557,NC00962.3,STM-0.1-0.95,0.0,GARC1,RUS,STM,rrs@c499t,U,{},"{""proportion"": 0.0, ""confidence"": [0.0, 0.7934506856227626], ""p_value"": 1.0, ""contingency"": [[0, 1], [271, 9476]]}",{}
558,NC00962.3,STM-0.1-0.95,0.0,GARC1,RUS,STM,gid@g-59a,U,{},"{""proportion"": 0.0, ""confidence"": [0.0, 0.7934506856227626], ""p_value"": 1.0, ""contingency"": [[0, 1], [271, 9476]]}",{}
559,NC00962.3,STM-0.1-0.95,0.0,GARC1,RUS,STM,gid@545_ins_g,U,{},"{""proportion"": 0.0, ""confidence"": [0.0, 0.7934506856227626], ""p_value"": 1.0, ""contingency"": [[0, 1], [271, 9476]]}",{}
560,NC00962.3,STM-0.1-0.95,0.0,GARC1,RUS,STM,gid@R187S,U,{},"{""proportion"": 0.0, ""confidence"": [0.0, 0.7934506856227626], ""p_value"": 1.0, ""contingency"": [[0, 1], [271, 9476]]}",{}
561,NC00962.3,STM-0.1-0.95,0.0,GARC1,RUS,STM,rrs@t1151c,U,{},"{""proportion"": 0.5, ""confidence"": [0.09453120573423071, 0.9054687942657693], ""p_value"": 0.19000000000000003, ""contingency"": [[1, 1], [271, 9476]]}",{}
562,NC00962.3,STM-0.1-0.95,0.0,GARC1,RUS,STM,rrs@c-18t,U,{},"{""proportion"": 0.0, ""confidence"": [0.0, 0.7934506856227626], ""p_value"": 1.0, ""contingency"": [[0, 1], [271, 9476]]}",{}
563,NC00962.3,STM-0.1-0.95,0.0,GARC1,RUS,STM,gid@R207H,U,{},"{""proportion"": 0.0, ""confidence"": [0.0, 0.7934506856227626], ""p_value"": 1.0, ""contingency"": [[0, 1], [271, 9476]]}",{}
564,NC00962.3,STM-0.1-0.95,0.0,GARC1,RUS,STM,gid@G69S,U,{},"{""proportion"": 0.0, ""confidence"": [0.0, 0.7934506856227626], ""p_value"": 1.0, ""contingency"": [[0, 1], [271, 9476]]}",{}
565,NC00962.3,STM-0.1-0.95,0.0,GARC1,RUS,STM,gid@G214R,U,{},"{""proportion"": 0.0, ""confidence"": [0.0, 0.7934506856227626], ""p_value"": 1.0, ""contingency"": [[0, 1], [271, 9476]]}",{}
566,NC00962.3,STM-0.1-0.95,0.0,GARC1,RUS,STM,gid@g-9a,U,{},"{""proportion"": 0.0, ""confidence"": [0.0, 0.7934506856227626], ""p_value"": 1.0, ""contingency"": [[0, 1], [271, 9476]]}",{}
567,NC00962.3,STM-0.1-0.95,0.0,GARC1,RUS,STM,gid@A25V,U,{},"{""proportion"": 0.0, ""confidence"": [0.0, 0.7934506856227626], ""p_value"": 1.0, ""contingency"": [[0, 1], [271, 9476]]}",{}
568,NC00962.3,STM-0.1-0.95,0.0,GARC1,RUS,STM,gid@-17_del_agccggcggagtgcgtaatgtctccgatcgagcccgcggcgtctgcgatcttcggaccgcggcttggccttgctcggcggtacgccgaagcgttggcgggacccggtgtggagcgggggctggtgggaccccgcgaagtcggtaggctatgggaccggcatctactgaactgcg,U,{},"{""proportion"": 0.0, ""confidence"": [0.0, 0.7934506856227626], ""p_value"": 1.0, ""contingency"": [[0, 1], [271, 9476]]}",{}
569,NC00962.3,STM-0.1-0.95,0.0,GARC1,RUS,STM,rrs@g222t,U,{},"{""proportion"": 0.0, ""confidence"": [0.0, 0.7934506856227626], ""p_value"": 1.0, ""contingency"": [[0, 1], [271, 9476]]}",{}
570,NC00962.3,STM-0.1-0.95,0.0,GARC1,RUS,STM,gid@A141T,U,{},"{""proportion"": 0.0, ""confidence"": [0.0, 0.7934506856227626], ""p_value"": 1.0, ""contingency"": [[0, 1], [271, 9476]]}",{}
571,NC00962.3,STM-0.1-0.95,0.0,GARC1,RUS,STM,gid@S136P,U,{},"{""proportion"": 0.5, ""confidence"": [0.09453120573423071, 0.9054687942657693], ""p_value"": 0.19000000000000003, ""contingency"": [[1, 1], [271, 9476]]}",{}
572,NC00962.3,STM-0.1-0.95,0.0,GARC1,RUS,STM,gid@A25G,U,{},"{""proportion"": 0.0, ""confidence"": [0.0, 0.7934506856227626], ""p_value"": 1.0, ""contingency"": [[0, 1], [271, 9476]]}",{}
573,NC00962.3,STM-0.1-0.95,0.0,GARC1,RUS,STM,gid@M104R,U,{},"{""proportion"": 1.0, ""confidence"": [0.20654931437723742, 1.0], ""p_value"": 0.1, ""contingency"": [[1, 0], [271, 9476]]}",{}
574,NC00962.3,STM-0.1-0.95,0.0,GARC1,RUS,STM,rrs@t1239c,U,{},"{""proportion"": 0.09523809523809523, ""confidence"": [0.02651876743807452, 0.2891413907391826], ""p_value"": 1.0, ""contingency"": [[2, 19], [271, 9476]]}",{}
575,NC00962.3,STM-0.1-0.95,0.0,GARC1,RUS,STM,gid@D107G,U,{},"{""proportion"": 0.0, ""confidence"": [0.0, 0.6576197724933469], ""p_value"": 1.0, ""contingency"": [[0, 2], [271, 9476]]}",{}
576,NC00962.3,STM-0.1-0.95,0.0,GARC1,RUS,STM,gid@S131T,U,{},"{""proportion"": 0.0, ""confidence"": [0.0, 0.7934506856227626], ""p_value"": 1.0, ""contingency"": [[0, 1], [271, 9476]]}",{}
577,NC00962.3,STM-0.1-0.95,0.0,GARC1,RUS,STM,rrs@c1236t,U,{},"{""proportion"": 0.0, ""confidence"": [0.0, 0.6576197724933469], ""p_value"": 1.0, ""contingency"": [[0, 2], [271, 9476]]}",{}
578,NC00962.3,STM-0.1-0.95,0.0,GARC1,RUS,STM,gid@C52R,U,{},"{""proportion"": 0.0, ""confidence"": [4.8683609171202235e-17, 0.5614970317550455], ""p_value"": 1.0, ""contingency"": [[0, 3], [271, 9476]]}",{}
579,NC00962.3,STM-0.1-0.95,0.0,GARC1,RUS,STM,gid@G69V,U,{},"{""proportion"": 0.0, ""confidence"": [0.0, 0.7934506856227626], ""p_value"": 1.0, ""contingency"": [[0, 1], [271, 9476]]}",{}
580,NC00962.3,STM-0.1-0.95,0.0,GARC1,RUS,STM,rrs@c171g,U,{},"{""proportion"": 0.0, ""confidence"": [0.0, 0.6576197724933469], ""p_value"": 1.0, ""contingency"": [[0, 2], [271, 9476]]}",{}
581,NC00962.3,STM-0.1-0.95,0.0,GARC1,RUS,STM,gid@288_ins_gc,U,{},"{""proportion"": 0.0, ""confidence"": [0.0, 0.7934506856227626], ""p_value"": 1.0, ""contingency"": [[0, 1], [271, 9476]]}",{}
582,NC00962.3,STM-0.1-0.95,0.0,GARC1,RUS,STM,rrs@g349a,U,{},"{""proportion"": 0.0, ""confidence"": [3.384324554477539e-17, 0.39033428790216534], ""p_value"": 1.0, ""contingency"": [[0, 6], [271, 9476]]}",{}
583,NC00962.3,STM-0.1-0.95,0.0,GARC1,RUS,STM,gid@G164D,U,{},"{""proportion"": 0.3333333333333333, ""confidence"": [0.061491944720396215, 0.7923403991979523], ""p_value"": 0.271, ""contingency"": [[1, 2], [271, 9476]]}",{}
584,NC00962.3,STM-0.1-0.95,0.0,GARC1,RUS,STM,rpsL@N73K,U,{},"{""proportion"": 0.0, ""confidence"": [0.0, 0.7934506856227626], ""p_value"": 1.0, ""contingency"": [[0, 1], [271, 9476]]}",{}
585,NC00962.3,STM-0.1-0.95,0.0,GARC1,RUS,STM,gid@R83L,U,{},"{""proportion"": 0.0, ""confidence"": [0.0, 0.6576197724933469], ""p_value"": 1.0, ""contingency"": [[0, 2], [271, 9476]]}",{}
586,NC00962.3,STM-0.1-0.95,0.0,GARC1,RUS,STM,rrs@g179c,U,{},"{""proportion"": 0.0, ""confidence"": [3.584186086443356e-17, 0.3543304350666874], ""p_value"": 1.0, ""contingency"": [[0, 7], [271, 9476]]}",{}
587,NC00962.3,STM-0.1-0.95,0.0,GARC1,RUS,STM,gid@77_del_t,U,{},"{""proportion"": 0.0, ""confidence"": [0.0, 0.6576197724933469], ""p_value"": 1.0, ""contingency"": [[0, 2], [271, 9476]]}",{}
588,NC00962.3,STM-0.1-0.95,0.0,GARC1,RUS,STM,gid@T201N,U,{},"{""proportion"": 0.0, ""confidence"": [0.0, 0.7934506856227626], ""p_value"": 1.0, ""contingency"": [[0, 1], [271, 9476]]}",{}
589,NC00962.3,STM-0.1-0.95,0.0,GARC1,RUS,STM,rrs@a392g,U,{},"{""proportion"": 0.0, ""confidence"": [0.0, 0.6576197724933469], ""p_value"": 1.0, ""contingency"": [[0, 2], [271, 9476]]}",{}
590,NC00962.3,STM-0.1-0.95,0.0,GARC1,RUS,STM,gid@R97C,U,{},"{""proportion"": 0.0, ""confidence"": [4.8683609171202235e-17, 0.5614970317550455], ""p_value"": 1.0, ""contingency"": [[0, 3], [271, 9476]]}",{}
591,NC00962.3,STM-0.1-0.95,0.0,GARC1,RUS,STM,gid@-71_del_ccagcgtctcgagagcggagaatgtttcacgtgaaacatgacacagacctcacgagccggcggagtgcgtaatgtctccgatcgagcccgcggcgtctgcgatcttcggaccgcggcttggccttgctcggcggtacgccgaagcgttggcgggacccggtgtggagcgggggctggtgggaccccgcgaagtcggtaggctatgggaccg,U,{},"{""proportion"": 0.0, ""confidence"": [0.0, 0.7934506856227626], ""p_value"": 1.0, ""contingency"": [[0, 1], [271, 9476]]}",{}
592,NC00962.3,STM-0.1-0.95,0.0,GARC1,RUS,STM,rrs@g660t,U,{},"{""proportion"": 0.0, ""confidence"": [0.0, 0.7934506856227626], ""p_value"": 1.0, ""contingency"": [[0, 1], [271, 9476]]}",{}
593,NC00962.3,STM-0.1-0.95,0.0,GARC1,RUS,STM,gid@E99K,U,{},"{""proportion"": 0.0, ""confidence"": [0.0, 0.6576197724933469], ""p_value"": 1.0, ""contingency"": [[0, 2], [271, 9476]]}",{}
594,NC00962.3,STM-0.1-0.95,0.0,GARC1,RUS,STM,rrs@t1022g,U,{},"{""proportion"": 0.0, ""confidence"": [0.0, 0.6576197724933469], ""p_value"": 1.0, ""contingency"": [[0, 2], [271, 9476]]}",{}
595,NC00962.3,STM-0.1-0.95,0.0,GARC1,RUS,STM,rrs@c136a,U,{},"{""proportion"": 0.0, ""confidence"": [0.0, 0.7934506856227626], ""p_value"": 1.0, ""contingency"": [[0, 1], [271, 9476]]}",{}
596,NC00962.3,STM-0.1-0.95,0.0,GARC1,RUS,STM,rpsL@R116H,U,{},"{""proportion"": 0.0, ""confidence"": [0.0, 0.6576197724933469], ""p_value"": 1.0, ""contingency"": [[0, 2], [271, 9476]]}",{}
597,NC00962.3,STM-0.1-0.95,0.0,GARC1,RUS,STM,rrs@g-74t,U,{},"{""proportion"": 0.0, ""confidence"": [0.0, 0.43448246478317476], ""p_value"": 1.0, ""contingency"": [[0, 5], [271, 9476]]}",{}
598,NC00962.3,STM-0.1-0.95,0.0,GARC1,RUS,STM,rrs@t663c,U,{},"{""proportion"": 0.0, ""confidence"": [0.0, 0.7934506856227626], ""p_value"": 1.0, ""contingency"": [[0, 1], [271, 9476]]}",{}
599,NC00962.3,STM-0.1-0.95,0.0,GARC1,RUS,STM,rrs@c923t,U,{},"{""proportion"": 0.0, ""confidence"": [0.0, 0.7934506856227626], ""p_value"": 1.0, ""contingency"": [[0, 1], [271, 9476]]}",{}
600,NC00962.3,STM-0.1-0.95,0.0,GARC1,RUS,STM,gid@A183E,U,{},"{""proportion"": 0.5, ""confidence"": [0.09453120573423071, 0.9054687942657693], ""p_value"": 0.19000000000000003, ""contingency"": [[1, 1], [271, 9476]]}",{}
601,NC00962.3,STM-0.1-0.95,0.0,GARC1,RUS,STM,rrs@g-7t,U,{},"{""proportion"": 0.0, ""confidence"": [0.0, 0.7934506856227626], ""p_value"": 1.0, ""contingency"": [[0, 1], [271, 9476]]}",{}
602,NC00962.3,STM-0.1-0.95,0.0,GARC1,RUS,STM,rrs@205_ins_t,U,{},"{""proportion"": 0.0, ""confidence"": [0.0, 0.7934506856227626], ""p_value"": 1.0, ""contingency"": [[0, 1], [271, 9476]]}",{}
603,NC00962.3,STM-0.1-0.95,0.0,GARC1,RUS,STM,rrs@g1031t,U,{},"{""proportion"": 0.0, ""confidence"": [0.0, 0.7934506856227626], ""p_value"": 1.0, ""contingency"": [[0, 1], [271, 9476]]}",{}
604,NC00962.3,STM-0.1-0.95,0.0,GARC1,RUS,STM,gid@72_del_a,U,{},"{""proportion"": 0.0, ""confidence"": [0.0, 0.7934506856227626], ""p_value"": 1.0, ""contingency"": [[0, 1], [271, 9476]]}",{}
605,NC00962.3,STM-0.1-0.95,0.0,GARC1,RUS,STM,gid@E99!,U,{},"{""proportion"": 1.0, ""confidence"": [0.20654931437723742, 1.0], ""p_value"": 0.1, ""contingency"": [[1, 0], [271, 9476]]}",{}
606,NC00962.3,STM-0.1-0.95,0.0,GARC1,RUS,STM,gid@a-50g,U,{},"{""proportion"": 0.0, ""confidence"": [0.0, 0.6576197724933469], ""p_value"": 1.0, ""contingency"": [[0, 2], [271, 9476]]}",{}
607,NC00962.3,STM-0.1-0.95,0.0,GARC1,RUS,STM,gid@L35M,U,{},"{""proportion"": 0.0, ""confidence"": [0.0, 0.7934506856227626], ""p_value"": 1.0, ""contingency"": [[0, 1], [271, 9476]]}",{}
608,NC00962.3,STM-0.1-0.95,0.0,GARC1,RUS,STM,gid@g-99a,U,{},"{""proportion"": 0.0, ""confidence"": [0.0, 0.6576197724933469], ""p_value"": 1.0, ""contingency"": [[0, 2], [271, 9476]]}",{}
609,NC00962.3,STM-0.1-0.95,0.0,GARC1,RUS,STM,rpsL@D14E,U,{},"{""proportion"": 0.0, ""confidence"": [0.0, 0.7934506856227626], ""p_value"": 1.0, ""contingency"": [[0, 1], [271, 9476]]}",{}
610,NC00962.3,STM-0.1-0.95,0.0,GARC1,RUS,STM,gid@P6T,U,{},"{""proportion"": 0.0, ""confidence"": [0.0, 0.7934506856227626], ""p_value"": 1.0, ""contingency"": [[0, 1], [271, 9476]]}",{}
611,NC00962.3,STM-0.1-0.95,0.0,GARC1,RUS,STM,rpsL@K108T,U,{},"{""proportion"": 0.0, ""confidence"": [0.0, 0.7934506856227626], ""p_value"": 1.0, ""contingency"": [[0, 1], [271, 9476]]}",{}
612,NC00962.3,STM-0.1-0.95,0.0,GARC1,RUS,STM,gid@314_del_t,U,{},"{""proportion"": 1.0, ""confidence"": [0.20654931437723742, 1.0], ""p_value"": 0.1, ""contingency"": [[1, 0], [271, 9476]]}",{}
614,NC00962.3,STM-0.1-0.95,0.0,GARC1,RUS,STM,rrs@c1441t,U,{},"{""proportion"": 0.0, ""confidence"": [0.0, 0.6576197724933469], ""p_value"": 1.0, ""contingency"": [[0, 2], [271, 9476]]}",{}
617,NC00962.3,STM-0.1-0.95,0.0,GARC1,RUS,STM,gid@V89A,U,{},"{""proportion"": 0.0, ""confidence"": [0.0, 0.7934506856227626], ""p_value"": 1.0, ""contingency"": [[0, 1], [271, 9476]]}",{}
618,NC00962.3,STM-0.1-0.95,0.0,GARC1,RUS,STM,gid@I68S,U,{},"{""proportion"": 1.0, ""confidence"": [0.20654931437723742, 1.0], ""p_value"": 0.1, ""contingency"": [[1, 0], [271, 9476]]}",{}
619,NC00962.3,STM-0.1-0.95,0.0,GARC1,RUS,STM,gid@L26W,U,{},"{""proportion"": 1.0, ""confidence"": [0.20654931437723742, 1.0], ""p_value"": 0.1, ""contingency"": [[1, 0], [271, 9476]]}",{}
621,NC00962.3,STM-0.1-0.95,0.0,GARC1,RUS,STM,rrs@c196t,U,{},"{""proportion"": 0.0, ""confidence"": [0.0, 0.7934506856227626], ""p_value"": 1.0, ""contingency"": [[0, 1], [271, 9476]]}",{}
622,NC00962.3,STM-0.1-0.95,0.0,GARC1,RUS,STM,gid@V105G,U,{},"{""proportion"": 0.0, ""confidence"": [0.0, 0.7934506856227626], ""p_value"": 1.0, ""contingency"": [[0, 1], [271, 9476]]}",{}
623,NC00962.3,STM-0.1-0.95,0.0,GARC1,RUS,STM,rrs@c270t,U,{},"{""proportion"": 0.5, ""confidence"": [0.09453120573423071, 0.9054687942657693], ""p_value"": 0.19000000000000003, ""contingency"": [[1, 1], [271, 9476]]}",{}
624,NC00962.3,STM-0.1-0.95,0.0,GARC1,RUS,STM,gid@L86R,U,{},"{""proportion"": 0.0, ""confidence"": [0.0, 0.6576197724933469], ""p_value"": 1.0, ""contingency"": [[0, 2], [271, 9476]]}",{}
625,NC00962.3,STM-0.1-0.95,0.0,GARC1,RUS,STM,gid@A183T,U,{},"{""proportion"": 0.0, ""confidence"": [0.0, 0.7934506856227626], ""p_value"": 1.0, ""contingency"": [[0, 1], [271, 9476]]}",{}
626,NC00962.3,STM-0.1-0.95,0.0,GARC1,RUS,STM,gid@296_ins_a,U,{},"{""proportion"": 0.0, ""confidence"": [0.0, 0.7934506856227626], ""p_value"": 1.0, ""contingency"": [[0, 1], [271, 9476]]}",{}
627,NC00962.3,STM-0.1-0.95,0.0,GARC1,RUS,STM,gid@I55V,U,{},"{""proportion"": 0.0, ""confidence"": [0.0, 0.7934506856227626], ""p_value"": 1.0, ""contingency"": [[0, 1], [271, 9476]]}",{}
628,NC00962.3,STM-0.1-0.95,0.0,GARC1,RUS,STM,rrs@t847c,U,{},"{""proportion"": 0.0, ""confidence"": [0.0, 0.7934506856227626], ""p_value"": 1.0, ""contingency"": [[0, 1], [271, 9476]]}",{}
629,NC00962.3,STM-0.1-0.95,0.0,GARC1,RUS,STM,gid@V88G,U,{},"{""proportion"": 1.0, ""confidence"": [0.20654931437723742, 1.0], ""p_value"": 0.1, ""contingency"": [[1, 0], [271, 9476]]}",{}
630,NC00962.3,STM-0.1-0.95,0.0,GARC1,RUS,STM,gid@455_del_t,U,{},"{""proportion"": 0.5, ""confidence"": [0.09453120573423071, 0.9054687942657693], ""p_value"": 0.19000000000000003, ""contingency"": [[1, 1], [271, 9476]]}",{}
631,NC00962.3,STM-0.1-0.95,0.0,GARC1,RUS,STM,rrs@c1112t,U,{},"{""proportion"": 0.0, ""confidence"": [0.0, 0.7934506856227626], ""p_value"": 1.0, ""contingency"": [[0, 1], [271, 9476]]}",{}
632,NC00962.3,STM-0.1-0.95,0.0,GARC1,RUS,STM,gid@T146A,U,{},"{""proportion"": 0.0, ""confidence"": [0.0, 0.7934506856227626], ""p_value"": 1.0, ""contingency"": [[0, 1], [271, 9476]]}",{}
633,NC00962.3,STM-0.1-0.95,0.0,GARC1,RUS,STM,gid@A23P,U,{},"{""proportion"": 0.0, ""confidence"": [0.0, 0.7934506856227626], ""p_value"": 1.0, ""contingency"": [[0, 1], [271, 9476]]}",{}
634,NC00962.3,STM-0.1-0.95,0.0,GARC1,RUS,STM,gid@P151S,U,{},"{""proportion"": 0.0, ""confidence"": [0.0, 0.7934506856227626], ""p_value"": 1.0, ""contingency"": [[0, 1], [271, 9476]]}",{}
635,NC00962.3,STM-0.1-0.95,0.0,GARC1,RUS,STM,gid@a-8c,U,{},"{""proportion"": 0.0, ""confidence"": [0.0, 0.7934506856227626], ""p_value"": 1.0, ""contingency"": [[0, 1], [271, 9476]]}",{}
636,NC00962.3,STM-0.1-0.95,0.0,GARC1,RUS,STM,gid@P38S,U,{},"{""proportion"": 0.0, ""confidence"": [0.0, 0.6576197724933469], ""p_value"": 1.0, ""contingency"": [[0, 2], [271, 9476]]}",{}
637,NC00962.3,STM-0.1-0.95,0.0,GARC1,RUS,STM,gid@N51K,U,{},"{""proportion"": 0.0, ""confidence"": [0.0, 0.7934506856227626], ""p_value"": 1.0, ""contingency"": [[0, 1], [271, 9476]]}",{}
638,NC00962.3,STM-0.1-0.95,0.0,GARC1,RUS,STM,gid@359_ins_tgagatcgtgcgggggcgcgccga,U,{},"{""proportion"": 0.0, ""confidence"": [0.0, 0.7934506856227626], ""p_value"": 1.0, ""contingency"": [[0, 1], [271, 9476]]}",{}
639,NC00962.3,STM-0.1-0.95,0.0,GARC1,RUS,STM,gid@P6L,U,{},"{""proportion"": 0.0, ""confidence"": [0.0, 0.7934506856227626], ""p_value"": 1.0, ""contingency"": [[0, 1], [271, 9476]]}",{}
640,NC00962.3,STM-0.1-0.95,0.0,GARC1,RUS,STM,gid@501_del_tc,U,{},"{""proportion"": 0.0, ""confidence"": [0.0, 0.7934506856227626], ""p_value"": 1.0, ""contingency"": [[0, 1], [271, 9476]]}",{}
641,NC00962.3,STM-0.1-0.95,0.0,GARC1,RUS,STM,rrs@g187a,U,{},"{""proportion"": 0.0, ""confidence"": [0.0, 0.6576197724933469], ""p_value"": 1.0, ""contingency"": [[0, 2], [271, 9476]]}",{}
642,NC00962.3,STM-0.1-0.95,0.0,GARC1,RUS,STM,gid@615_ins_a,U,{},"{""proportion"": 0.0, ""confidence"": [0.0, 0.7934506856227626], ""p_value"": 1.0, ""contingency"": [[0, 1], [271, 9476]]}",{}
643,NC00962.3,STM-0.1-0.95,0.0,GARC1,RUS,STM,gid@A140V,U,{},"{""proportion"": 0.0, ""confidence"": [0.0, 0.6576197724933469], ""p_value"": 1.0, ""contingency"": [[0, 2], [271, 9476]]}",{}
644,NC00962.3,STM-0.1-0.95,0.0,GARC1,RUS,STM,gid@337_ins_g,U,{},"{""proportion"": 1.0, ""confidence"": [0.20654931437723742, 1.0], ""p_value"": 0.1, ""contingency"": [[1, 0], [271, 9476]]}",{}
645,NC00962.3,STM-0.1-0.95,0.0,GARC1,RUS,STM,rrs@t213a,U,{},"{""proportion"": 0.0, ""confidence"": [0.0, 0.7934506856227626], ""p_value"": 1.0, ""contingency"": [[0, 1], [271, 9476]]}",{}
646,NC00962.3,STM-0.1-0.95,0.0,GARC1,RUS,STM,gid@R64P,U,{},"{""proportion"": 1.0, ""confidence"": [0.20654931437723742, 1.0], ""p_value"": 0.1, ""contingency"": [[1, 0], [271, 9476]]}",{}
647,NC00962.3,STM-0.1-0.95,0.0,GARC1,RUS,STM,gid@550_del_g,U,{},"{""proportion"": 1.0, ""confidence"": [0.20654931437723742, 1.0], ""p_value"": 0.1, ""contingency"": [[1, 0], [271, 9476]]}",{}
648,NC00962.3,STM-0.1-0.95,0.0,GARC1,RUS,STM,gid@c-64a,U,{},"{""proportion"": 0.0, ""confidence"": [0.0, 0.6576197724933469], ""p_value"": 1.0, ""contingency"": [[0, 2], [271, 9476]]}",{}
649,NC00962.3,STM-0.1-0.95,0.0,GARC1,RUS,STM,gid@247_del_c,U,{},"{""proportion"": 1.0, ""confidence"": [0.20654931437723742, 1.0], ""p_value"": 0.1, ""contingency"": [[1, 0], [271, 9476]]}",{}
650,NC00962.3,STM-0.1-0.95,0.0,GARC1,RUS,STM,gid@525_del_g,U,{},"{""proportion"": 1.0, ""confidence"": [0.20654931437723742, 1.0], ""p_value"": 0.1, ""contingency"": [[1, 0], [271, 9476]]}",{}
652,NC00962.3,STM-0.1-0.95,0.0,GARC1,RUS,STM,gid@136_del_g,U,{},"{""proportion"": 0.5, ""confidence"": [0.09453120573423071, 0.9054687942657693], ""p_value"": 0.19000000000000003, ""contingency"": [[1, 1], [271, 9476]]}",{}
653,NC00962.3,STM-0.1-0.95,0.0,GARC1,RUS,STM,rrs@g217a,U,{},"{""proportion"": 0.0, ""confidence"": [0.0, 0.7934506856227626], ""p_value"": 1.0, ""contingency"": [[0, 1], [271, 9476]]}",{}
654,NC00962.3,STM-0.1-0.95,0.0,GARC1,RUS,STM,gid@E60D,U,{},"{""proportion"": 0.0, ""confidence"": [0.0, 0.7934506856227626], ""p_value"": 1.0, ""contingency"": [[0, 1], [271, 9476]]}",{}
656,NC00962.3,STM-0.1-0.95,0.0,GARC1,RUS,STM,gid@253_del_g,U,{},"{""proportion"": 1.0, ""confidence"": [0.20654931437723742, 1.0], ""p_value"": 0.1, ""contingency"": [[1, 0], [271, 9476]]}",{}
657,NC00962.3,STM-0.1-0.95,0.0,GARC1,RUS,STM,gid@92_del_t,U,{},"{""proportion"": 0.0, ""confidence"": [0.0, 0.7934506856227626], ""p_value"": 1.0, ""contingency"": [[0, 1], [271, 9476]]}",{}
658,NC00962.3,STM-0.1-0.95,0.0,GARC1,RUS,STM,gid@R64Q,U,{},"{""proportion"": 0.0, ""confidence"": [0.0, 0.7934506856227626], ""p_value"": 1.0, ""contingency"": [[0, 1], [271, 9476]]}",{}
659,NC00962.3,STM-0.1-0.95,0.0,GARC1,RUS,STM,gid@H168R,U,{},"{""proportion"": 0.0, ""confidence"": [0.0, 0.7934506856227626], ""p_value"": 1.0, ""contingency"": [[0, 1], [271, 9476]]}",{}
660,NC00962.3,STM-0.1-0.95,0.0,GARC1,RUS,STM,gid@L74!,U,{},"{""proportion"": 1.0, ""confidence"": [0.20654931437723742, 1.0], ""p_value"": 0.1, ""contingency"": [[1, 0], [271, 9476]]}",{}
661,NC00962.3,STM-0.1-0.95,0.0,GARC1,RUS,STM,gid@W45G,U,{},"{""proportion"": 0.0, ""confidence"": [0.0, 0.7934506856227626], ""p_value"": 1.0, ""contingency"": [[0, 1], [271, 9476]]}",{}
662,NC00962.3,STM-0.1-0.95,0.0,GARC1,RUS,STM,gid@E40!,U,{},"{""proportion"": 0.0, ""confidence"": [0.0, 0.7934506856227626], ""p_value"": 1.0, ""contingency"": [[0, 1], [271, 9476]]}",{}
663,NC00962.3,STM-0.1-0.95,0.0,GARC1,RUS,STM,gid@R197C,U,{},"{""proportion"": 0.0, ""confidence"": [0.0, 0.7934506856227626], ""p_value"": 1.0, ""contingency"": [[0, 1], [271, 9476]]}",{}
664,NC00962.3,STM-0.1-0.95,0.0,GARC1,RUS,STM,rrs@c889t,U,{},"{""proportion"": 0.0, ""confidence"": [0.0, 0.7934506856227626], ""p_value"": 1.0, ""contingency"": [[0, 1], [271, 9476]]}",{}
665,NC00962.3,STM-0.1-0.95,0.0,GARC1,RUS,STM,gid@K163T,U,{},"{""proportion"": 1.0, ""confidence"": [0.20654931437723742, 1.0], ""p_value"": 0.1, ""contingency"": [[1, 0], [271, 9476]]}",{}
666,NC00962.3,STM-0.1-0.95,0.0,GARC1,RUS,STM,gid@361_del_g,U,{},"{""proportion"": 0.0, ""confidence"": [0.0, 0.7934506856227626], ""p_value"": 1.0, ""contingency"": [[0, 1], [271, 9476]]}",{}
667,NC00962.3,STM-0.1-0.95,0.0,GARC1,RUS,STM,gid@V36A,U,{},"{""proportion"": 1.0, ""confidence"": [0.20654931437723742, 1.0], ""p_value"": 0.1, ""contingency"": [[1, 0], [271, 9476]]}",{}
668,NC00962.3,STM-0.1-0.95,0.0,GARC1,RUS,STM,gid@L101R,U,{},"{""proportion"": 0.0, ""confidence"": [0.0, 0.7934506856227626], ""p_value"": 1.0, ""contingency"": [[0, 1], [271, 9476]]}",{}
669,NC00962.3,STM-0.1-0.95,0.0,GARC1,RUS,STM,gid@80_del_cgggacccggtgtggagcgggggctgg,U,{},"{""proportion"": 0.0, ""confidence"": [3.584186086443356e-17, 0.3543304350666874], ""p_value"": 1.0, ""contingency"": [[0, 7], [271, 9476]]}",{}
670,NC00962.3,STM-0.1-0.95,0.0,GARC1,RUS,STM,rpsL@a-94t,U,{},"{""proportion"": 0.0, ""confidence"": [0.0, 0.7934506856227626], ""p_value"": 1.0, ""contingency"": [[0, 1], [271, 9476]]}",{}
671,NC00962.3,STM-0.1-0.95,0.0,GARC1,RUS,STM,gid@G73W,U,{},"{""proportion"": 1.0, ""confidence"": [0.20654931437723742, 1.0], ""p_value"": 0.1, ""contingency"": [[1, 0], [271, 9476]]}",{}
673,NC00962.3,STM-0.1-0.95,0.0,GARC1,RUS,STM,gid@A72V,U,{},"{""proportion"": 0.0, ""confidence"": [0.0, 0.7934506856227626], ""p_value"": 1.0, ""contingency"": [[0, 1], [271, 9476]]}",{}
674,NC00962.3,STM-0.1-0.95,0.0,GARC1,RUS,STM,gid@314_del_tg,U,{},"{""proportion"": 0.0, ""confidence"": [0.0, 0.7934506856227626], ""p_value"": 1.0, ""contingency"": [[0, 1], [271, 9476]]}",{}
675,NC00962.3,STM-0.1-0.95,0.0,GARC1,RUS,STM,rrs@t1069g,U,{},"{""proportion"": 0.0, ""confidence"": [0.0, 0.7934506856227626], ""p_value"": 1.0, ""contingency"": [[0, 1], [271, 9476]]}",{}
676,NC00962.3,STM-0.1-0.95,0.0,GARC1,RUS,STM,gid@257_ins_t,U,{},"{""proportion"": 0.0, ""confidence"": [0.0, 0.7934506856227626], ""p_value"": 1.0, ""contingency"": [[0, 1], [271, 9476]]}",{}
677,NC00962.3,STM-0.1-0.95,0.0,GARC1,RUS,STM,gid@565_ins_g,U,{},"{""proportion"": 0.0, ""confidence"": [0.0, 0.6576197724933469], ""p_value"": 1.0, ""contingency"": [[0, 2], [271, 9476]]}",{}
678,NC00962.3,STM-0.1-0.95,0.0,GARC1,RUS,STM,gid@t-2c,U,{},"{""proportion"": 0.0, ""confidence"": [0.0, 0.7934506856227626], ""p_value"": 1.0, ""contingency"": [[0, 1], [271, 9476]]}",{}
679,NC00962.3,STM-0.1-0.95,0.0,GARC1,RUS,STM,gid@G30V,U,{},"{""proportion"": 0.3333333333333333, ""confidence"": [0.061491944720396215, 0.7923403991979523], ""p_value"": 0.271, ""contingency"": [[1, 2], [271, 9476]]}",{}
680,NC00962.3,STM-0.1-0.95,0.0,GARC1,RUS,STM,gid@R64L,U,{},"{""proportion"": 0.0, ""confidence"": [0.0, 0.7934506856227626], ""p_value"": 1.0, ""contingency"": [[0, 1], [271, 9476]]}",{}
681,NC00962.3,STM-0.1-0.95,0.0,GARC1,RUS,STM,gid@222_del_g,U,{},"{""proportion"": 0.0, ""confidence"": [0.0, 0.6576197724933469], ""p_value"": 1.0, ""contingency"": [[0, 2], [271, 9476]]}",{}
682,NC00962.3,STM-0.1-0.95,0.0,GARC1,RUS,STM,gid@371_ins_t,U,{},"{""proportion"": 0.0, ""confidence"": [0.0, 0.7934506856227626], ""p_value"": 1.0, ""contingency"": [[0, 1], [271, 9476]]}",{}
683,NC00962.3,STM-0.1-0.95,0.0,GARC1,RUS,STM,gid@D67N,U,{},"{""proportion"": 0.0, ""confidence"": [0.0, 0.7934506856227626], ""p_value"": 1.0, ""contingency"": [[0, 1], [271, 9476]]}",{}
684,NC00962.3,STM-0.1-0.95,0.0,GARC1,RUS,STM,gid@c-71g,U,{},"{""proportion"": 0.0, ""confidence"": [0.0, 0.7934506856227626], ""p_value"": 1.0, ""contingency"": [[0, 1], [271, 9476]]}",{}
685,NC00962.3,STM-0.1-0.95,0.0,GARC1,RUS,STM,gid@G71V,U,{},"{""proportion"": 0.0, ""confidence"": [0.0, 0.43448246478317476], ""p_value"": 1.0, ""contingency"": [[0, 5], [271, 9476]]}",{}
687,NC00962.3,STM-0.1-0.95,0.0,GARC1,RUS,STM,gid@G30R,U,{},"{""proportion"": 0.3333333333333333, ""confidence"": [0.09677141110578043, 0.7000066848616079], ""p_value"": 0.11426500000000002, ""contingency"": [[2, 4], [271, 9476]]}",{}
688,NC00962.3,STM-0.1-0.95,0.0,GARC1,RUS,STM,gid@545_del_g,U,{},"{""proportion"": 0.25, ""confidence"": [0.045587260809700575, 0.6993581574175981], ""p_value"": 0.34390000000000004, ""contingency"": [[1, 3], [271, 9476]]}",{}
689,NC00962.3,STM-0.1-0.95,0.0,GARC1,RUS,STM,gid@I81T,U,{},"{""proportion"": 1.0, ""confidence"": [0.20654931437723742, 1.0], ""p_value"": 0.1, ""contingency"": [[1, 0], [271, 9476]]}",{}
690,NC00962.3,STM-0.1-0.95,0.0,GARC1,RUS,STM,gid@G164S,U,{},"{""proportion"": 0.0, ""confidence"": [0.0, 0.7934506856227626], ""p_value"": 1.0, ""contingency"": [[0, 1], [271, 9476]]}",{}
691,NC00962.3,STM-0.1-0.95,0.0,GARC1,RUS,STM,gid@Q87!,U,{},"{""proportion"": 0.0, ""confidence"": [0.0, 0.7934506856227626], ""p_value"": 1.0, ""contingency"": [[0, 1], [271, 9476]]}",{}
692,NC00962.3,STM-0.1-0.95,0.0,GARC1,RUS,STM,gid@V135A,U,{},"{""proportion"": 0.0, ""confidence"": [0.0, 0.7934506856227626], ""p_value"": 1.0, ""contingency"": [[0, 1], [271, 9476]]}",{}
693,NC00962.3,STM-0.1-0.95,0.0,GARC1,RUS,STM,gid@601_del_a,U,{},"{""proportion"": 1.0, ""confidence"": [0.20654931437723742, 1.0], ""p_value"": 0.1, ""contingency"": [[1, 0], [271, 9476]]}",{}
694,NC00962.3,STM-0.1-0.95,0.0,GARC1,RUS,STM,gid@12_del_cgagcccgcggcgtctgcgatcttcggaccgcggcttggccttgctcggcggtacgccgaagcgttggcgggacccggtgtggagcgggggctggtgggaccccgcgaagtcggtaggctatgggaccggcatctact,U,{},"{""proportion"": 0.0, ""confidence"": [0.0, 0.7934506856227626], ""p_value"": 1.0, ""contingency"": [[0, 1], [271, 9476]]}",{}
695,NC00962.3,STM-0.1-0.95,0.0,GARC1,RUS,STM,gid@P93S,U,{},"{""proportion"": 0.0, ""confidence"": [0.0, 0.7934506856227626], ""p_value"": 1.0, ""contingency"": [[0, 1], [271, 9476]]}",{}
696,NC00962.3,STM-0.1-0.95,0.0,GARC1,RUS,STM,gid@R21W,U,{},"{""proportion"": 1.0, ""confidence"": [0.20654931437723742, 1.0], ""p_value"": 0.1, ""contingency"": [[1, 0], [271, 9476]]}",{}
697,NC00962.3,STM-0.1-0.95,0.0,GARC1,RUS,STM,gid@E120K,U,{},"{""proportion"": 1.0, ""confidence"": [0.20654931437723742, 1.0], ""p_value"": 0.1, ""contingency"": [[1, 0], [271, 9476]]}",{}
698,NC00962.3,STM-0.1-0.95,0.0,GARC1,RUS,STM,gid@G164A,U,{},"{""proportion"": 0.0, ""confidence"": [0.0, 0.7934506856227626], ""p_value"": 1.0, ""contingency"": [[0, 1], [271, 9476]]}",{}
699,NC00962.3,STM-0.1-0.95,0.0,GARC1,RUS,STM,rpsL@E70K,U,{},"{""proportion"": 0.0, ""confidence"": [0.0, 0.7934506856227626], ""p_value"": 1.0, ""contingency"": [[0, 1], [271, 9476]]}",{}
701,NC00962.3,STM-0.1-0.95,0.0,GARC1,RUS,STM,rrs@c1489t,U,{},"{""proportion"": 0.0, ""confidence"": [0.0, 0.7934506856227626], ""p_value"": 1.0, ""contingency"": [[0, 1], [271, 9476]]}",{}
702,NC00962.3,STM-0.1-0.95,0.0,GARC1,RUS,STM,gid@A180G,U,{},"{""proportion"": 0.0, ""confidence"": [0.0, 0.7934506856227626], ""p_value"": 1.0, ""contingency"": [[0, 1], [271, 9476]]}",{}
703,NC00962.3,STM-0.1-0.95,0.0,GARC1,RUS,STM,gid@G182R,U,{},"{""proportion"": 1.0, ""confidence"": [0.20654931437723742, 1.0], ""p_value"": 0.1, ""contingency"": [[1, 0], [271, 9476]]}",{}
704,NC00962.3,STM-0.1-0.95,0.0,GARC1,RUS,STM,rrs@t868c,U,{},"{""proportion"": 0.0, ""confidence"": [0.0, 0.7934506856227626], ""p_value"": 1.0, ""contingency"": [[0, 1], [271, 9476]]}",{}
706,NC00962.3,STM-0.1-0.95,0.0,GARC1,RUS,STM,gid@559_del_agggtggtgacatg,U,{},"{""proportion"": 0.0, ""confidence"": [0.0, 0.7934506856227626], ""p_value"": 1.0, ""contingency"": [[0, 1], [271, 9476]]}",{}
707,NC00962.3,STM-0.1-0.95,0.0,GARC1,RUS,STM,gid@S181!,U,{},"{""proportion"": 0.0, ""confidence"": [0.0, 0.7934506856227626], ""p_value"": 1.0, ""contingency"": [[0, 1], [271, 9476]]}",{}
708,NC00962.3,STM-0.1-0.95,0.0,GARC1,RUS,STM,gid@T190I,U,{},"{""proportion"": 0.0, ""confidence"": [0.0, 0.7934506856227626], ""p_value"": 1.0, ""contingency"": [[0, 1], [271, 9476]]}",{}
709,NC00962.3,STM-0.1-0.95,0.0,GARC1,RUS,STM,rpsL@c-21a,U,{},"{""proportion"": 0.0, ""confidence"": [0.0, 0.7934506856227626], ""p_value"": 1.0, ""contingency"": [[0, 1], [271, 9476]]}",{}
710,NC00962.3,STM-0.1-0.95,0.0,GARC1,RUS,STM,rrs@a335c,U,{},"{""proportion"": 0.0, ""confidence"": [0.0, 0.7934506856227626], ""p_value"": 1.0, ""contingency"": [[0, 1], [271, 9476]]}",{}
711,NC00962.3,STM-0.1-0.95,0.0,GARC1,RUS,STM,rrs@g1353t,U,{},"{""proportion"": 0.0, ""confidence"": [0.0, 0.7934506856227626], ""p_value"": 1.0, ""contingency"": [[0, 1], [271, 9476]]}",{}
712,NC00962.3,STM-0.1-0.95,0.0,GARC1,RUS,STM,rrs@g754a,U,{},"{""proportion"": 0.0, ""confidence"": [0.0, 0.7934506856227626], ""p_value"": 1.0, ""contingency"": [[0, 1], [271, 9476]]}",{}
713,NC00962.3,STM-0.1-0.95,0.0,GARC1,RUS,STM,rrs@c1346t,U,{},"{""proportion"": 0.0, ""confidence"": [0.0, 0.7934506856227626], ""p_value"": 1.0, ""contingency"": [[0, 1], [271, 9476]]}",{}
714,NC00962.3,STM-0.1-0.95,0.0,GARC1,RUS,STM,gid@V66G,U,{},"{""proportion"": 0.0, ""confidence"": [0.0, 0.7934506856227626], ""p_value"": 1.0, ""contingency"": [[0, 1], [271, 9476]]}",{}
715,NC00962.3,STM-0.1-0.95,0.0,GARC1,RUS,STM,rrs@c638t,U,{},"{""proportion"": 0.0, ""confidence"": [0.0, 0.7934506856227626], ""p_value"": 1.0, ""contingency"": [[0, 1], [271, 9476]]}",{}
716,NC00962.3,STM-0.1-0.95,0.0,GARC1,RUS,STM,gid@V203G,U,{},"{""proportion"": 0.0, ""confidence"": [0.0, 0.7934506856227626], ""p_value"": 1.0, ""contingency"": [[0, 1], [271, 9476]]}",{}
717,NC00962.3,STM-0.1-0.95,0.0,GARC1,RUS,STM,rrs@a1482c,U,{},"{""proportion"": 0.0, ""confidence"": [0.0, 0.7934506856227626], ""p_value"": 1.0, ""contingency"": [[0, 1], [271, 9476]]}",{}
718,NC00962.3,STM-0.1-0.95,0.0,GARC1,RUS,STM,gid@316_del_acagatctgggcgtggcc,U,{},"{""proportion"": 0.0, ""confidence"": [0.0, 0.7934506856227626], ""p_value"": 1.0, ""contingency"": [[0, 1], [271, 9476]]}",{}
719,NC00962.3,STM-0.1-0.95,0.0,GARC1,RUS,STM,gid@W123!,U,{},"{""proportion"": 0.3333333333333333, ""confidence"": [0.061491944720396215, 0.7923403991979523], ""p_value"": 0.271, ""contingency"": [[1, 2], [271, 9476]]}",{}
720,NC00962.3,STM-0.1-0.95,0.0,GARC1,RUS,STM,gid@g-52a,U,{},"{""proportion"": 0.0, ""confidence"": [0.0, 0.43448246478317476], ""p_value"": 1.0, ""contingency"": [[0, 5], [271, 9476]]}",{}
721,NC00962.3,STM-0.1-0.95,0.0,GARC1,RUS,STM,rpsL@g-50a,U,{},"{""proportion"": 0.0, ""confidence"": [0.0, 0.7934506856227626], ""p_value"": 1.0, ""contingency"": [[0, 1], [271, 9476]]}",{}
722,NC00962.3,STM-0.1-0.95,0.0,GARC1,RUS,STM,gid@I179V,U,{},"{""proportion"": 0.0, ""confidence"": [0.0, 0.6576197724933469], ""p_value"": 1.0, ""contingency"": [[0, 2], [271, 9476]]}",{}
723,NC00962.3,STM-0.1-0.95,0.0,GARC1,RUS,STM,rrs@g256a,U,{},"{""proportion"": 0.0, ""confidence"": [0.0, 0.7934506856227626], ""p_value"": 1.0, ""contingency"": [[0, 1], [271, 9476]]}",{}
724,NC00962.3,STM-0.1-0.95,0.0,GARC1,RUS,STM,rrs@g-58a,U,{},"{""proportion"": 0.0, ""confidence"": [0.0, 0.6576197724933469], ""p_value"": 1.0, ""contingency"": [[0, 2], [271, 9476]]}",{}
725,NC00962.3,STM-0.1-0.95,0.0,GARC1,RUS,STM,gid@G109R,U,{},"{""proportion"": 0.0, ""confidence"": [0.0, 0.7934506856227626], ""p_value"": 1.0, ""contingency"": [[0, 1], [271, 9476]]}",{}
726,NC00962.3,STM-0.1-0.95,0.0,GARC1,RUS,STM,rrs@g1234a,U,{},"{""proportion"": 0.0, ""confidence"": [0.0, 0.7934506856227626], ""p_value"": 1.0, ""contingency"": [[0, 1], [271, 9476]]}",{}
727,NC00962.3,STM-0.1-0.95,0.0,GARC1,RUS,STM,gid@A140P,U,{},"{""proportion"": 1.0, ""confidence"": [0.20654931437723742, 1.0], ""p_value"": 0.1, ""contingency"": [[1, 0], [271, 9476]]}",{}
728,NC00962.3,STM-0.1-0.95,0.0,GARC1,RUS,STM,gid@P3T,U,{},"{""proportion"": 0.0, ""confidence"": [0.0, 0.7934506856227626], ""p_value"": 1.0, ""contingency"": [[0, 1], [271, 9476]]}",{}
729,NC00962.3,STM-0.1-0.95,0.0,GARC1,RUS,STM,gid@G73E,U,{},"{""proportion"": 1.0, ""confidence"": [0.20654931437723742, 1.0], ""p_value"": 0.1, ""contingency"": [[1, 0], [271, 9476]]}",{}
730,NC00962.3,STM-0.1-0.95,0.0,GARC1,RUS,STM,gid@c-70g,U,{},"{""proportion"": 0.0, ""confidence"": [0.0, 0.7934506856227626], ""p_value"": 1.0, ""contingency"": [[0, 1], [271, 9476]]}",{}
731,NC00962.3,STM-0.1-0.95,0.0,GARC1,RUS,STM,rrs@a842g,U,{},"{""proportion"": 0.0, ""confidence"": [0.0, 0.7934506856227626], ""p_value"": 1.0, ""contingency"": [[0, 1], [271, 9476]]}",{}
732,NC00962.3,STM-0.1-0.95,0.0,GARC1,RUS,STM,gid@V188A,U,{},"{""proportion"": 0.0, ""confidence"": [0.0, 0.7934506856227626], ""p_value"": 1.0, ""contingency"": [[0, 1], [271, 9476]]}",{}
733,NC00962.3,STM-0.1-0.95,0.0,GARC1,RUS,STM,gid@S2C,U,{},"{""proportion"": 0.0, ""confidence"": [0.0, 0.7934506856227626], ""p_value"": 1.0, ""contingency"": [[0, 1], [271, 9476]]}",{}
734,NC00962.3,STM-0.1-0.95,0.0,GARC1,RUS,STM,gid@S220R,U,{},"{""proportion"": 0.0, ""confidence"": [0.0, 0.7934506856227626], ""p_value"": 1.0, ""contingency"": [[0, 1], [271, 9476]]}",{}
735,NC00962.3,STM-0.1-0.95,0.0,GARC1,RUS,STM,gid@D132Y,U,{},"{""proportion"": 0.0, ""confidence"": [0.0, 0.7934506856227626], ""p_value"": 1.0, ""contingency"": [[0, 1], [271, 9476]]}",{}
736,NC00962.3,STM-0.1-0.95,0.0,GARC1,RUS,STM,rrs@a530g,U,{},"{""proportion"": 0.5, ""confidence"": [0.09453120573423071, 0.9054687942657693], ""p_value"": 0.19000000000000003, ""contingency"": [[1, 1], [271, 9476]]}",{}
737,NC00962.3,STM-0.1-0.95,0.0,GARC1,RUS,STM,gid@134_ins_tcggtaggctatg,U,{},"{""proportion"": 1.0, ""confidence"": [0.20654931437723742, 1.0], ""p_value"": 0.1, ""contingency"": [[1, 0], [271, 9476]]}",{}
738,NC00962.3,STM-0.1-0.95,0.0,GARC1,RUS,STM,gid@L59P,U,{},"{""proportion"": 1.0, ""confidence"": [0.20654931437723742, 1.0], ""p_value"": 0.1, ""contingency"": [[1, 0], [271, 9476]]}",{}
739,NC00962.3,STM-0.1-0.95,0.0,GARC1,RUS,STM,rrs@g1450t,U,{},"{""proportion"": 0.0, ""confidence"": [0.0, 0.7934506856227626], ""p_value"": 1.0, ""contingency"": [[0, 1], [271, 9476]]}",{}
740,NC00962.3,STM-0.1-0.95,0.0,GARC1,RUS,STM,gid@323_ins_t,U,{},"{""proportion"": 1.0, ""confidence"": [0.20654931437723742, 1.0], ""p_value"": 0.1, ""contingency"": [[1, 0], [271, 9476]]}",{}
741,NC00962.3,STM-0.1-0.95,0.0,GARC1,RUS,STM,gid@R172P,U,{},"{""proportion"": 0.0, ""confidence"": [0.0, 0.7934506856227626], ""p_value"": 1.0, ""contingency"": [[0, 1], [271, 9476]]}",{}
742,NC00962.3,STM-0.1-0.95,0.0,GARC1,RUS,STM,rrs@431_ins_c,U,{},"{""proportion"": 0.0, ""confidence"": [0.0, 0.7934506856227626], ""p_value"": 1.0, ""contingency"": [[0, 1], [271, 9476]]}",{}
743,NC00962.3,STM-0.1-0.95,0.0,GARC1,RUS,STM,gid@V112D,U,{},"{""proportion"": 0.0, ""confidence"": [0.0, 0.7934506856227626], ""p_value"": 1.0, ""contingency"": [[0, 1], [271, 9476]]}",{}
744,NC00962.3,STM-0.1-0.95,0.0,GARC1,RUS,STM,gid@P75Q,U,{},"{""proportion"": 0.0, ""confidence"": [0.0, 0.7934506856227626], ""p_value"": 1.0, ""contingency"": [[0, 1], [271, 9476]]}",{}
745,NC00962.3,STM-0.1-0.95,0.0,GARC1,RUS,STM,rrs@c94t,U,{},"{""proportion"": 1.0, ""confidence"": [0.20654931437723742, 1.0], ""p_value"": 0.1, ""contingency"": [[1, 0], [271, 9476]]}",{}
746,NC00962.3,STM-0.1-0.95,0.0,GARC1,RUS,STM,rrs@-81_ins_g,U,{},"{""proportion"": 1.0, ""confidence"": [0.20654931437723742, 1.0], ""p_value"": 0.1, ""contingency"": [[1, 0], [271, 9476]]}",{}
747,NC00962.3,STM-0.1-0.95,0.0,GARC1,RUS,STM,gid@S136L,U,{},"{""proportion"": 0.0, ""confidence"": [0.0, 0.7934506856227626], ""p_value"": 1.0, ""contingency"": [[0, 1], [271, 9476]]}",{}
748,NC00962.3,STM-0.1-0.95,0.0,GARC1,RUS,STM,rrs@-25_del_c,U,{},"{""proportion"": 1.0, ""confidence"": [0.20654931437723742, 1.0], ""p_value"": 0.1, ""contingency"": [[1, 0], [271, 9476]]}",{}
750,NC00962.3,STM-0.1-0.95,0.0,GARC1,RUS,STM,rrs@-*_indel,U,{},"{""default_rule"": ""True""}",{}
751,NC00962.3,STM-0.1-0.95,0.0,GARC1,RUS,STM,rrs@*_indel,U,{},"{""default_rule"": ""True""}",{}
752,NC00962.3,STM-0.1-0.95,0.0,GARC1,RUS,STM,rrs@-*?,U,{},"{""default_rule"": ""True""}",{}
753,NC00962.3,STM-0.1-0.95,0.0,GARC1,RUS,STM,rrs@*?,U,{},"{""default_rule"": ""True""}",{}
754,NC00962.3,STM-0.1-0.95,0.0,GARC1,RUS,STM,rrs@del_0.0,U,{},"{""default_rule"": ""True""}",{}
756,NC00962.3,STM-0.1-0.95,0.0,GARC1,RUS,STM,rpsL@-*_indel,U,{},"{""default_rule"": ""True""}",{}
757,NC00962.3,STM-0.1-0.95,0.0,GARC1,RUS,STM,rpsL@*_indel,U,{},"{""default_rule"": ""True""}",{}
758,NC00962.3,STM-0.1-0.95,0.0,GARC1,RUS,STM,rpsL@-*?,U,{},"{""default_rule"": ""True""}",{}
759,NC00962.3,STM-0.1-0.95,0.0,GARC1,RUS,STM,rpsL@*?,U,{},"{""default_rule"": ""True""}",{}
760,NC00962.3,STM-0.1-0.95,0.0,GARC1,RUS,STM,rpsL@del_0.0,U,{},"{""default_rule"": ""True""}",{}
762,NC00962.3,STM-0.1-0.95,0.0,GARC1,RUS,STM,gid@-*_indel,U,{},"{""default_rule"": ""True""}",{}
763,NC00962.3,STM-0.1-0.95,0.0,GARC1,RUS,STM,gid@*_indel,U,{},"{""default_rule"": ""True""}",{}
764,NC00962.3,STM-0.1-0.95,0.0,GARC1,RUS,STM,gid@-*?,U,{},"{""default_rule"": ""True""}",{}
765,NC00962.3,STM-0.1-0.95,0.0,GARC1,RUS,STM,gid@*?,U,{},"{""default_rule"": ""True""}",{}
766,NC00962.3,STM-0.1-0.95,0.0,GARC1,RUS,STM,gid@del_0.0,U,{},"{""default_rule"": ""True""}",{}
