,GENBANK_REFERENCE,CATALOGUE_NAME,CATALOGUE_VERSION,CATALOGUE_GRAMMAR,PREDICTION_VALUES,DRUG,MUTATION,PREDICTION,SOURCE,EVIDENCE,OTHER
0,NC00962.3,EMB-0.25-0.95,0.0,GARC1,RUS,EMB,embB@T1082A,S,{},"{""proportion"": 0.020202020202020204, ""confidence"": [0.009290860367513977, 0.043366306243740445], ""p_value"": 1.412649099925418e-28, ""contingency"": [[6, 291], [308, 22042]]}",{}
1,NC00962.3,EMB-0.25-0.95,0.0,GARC1,RUS,EMB,embA@T608N,S,{},"{""proportion"": 0.06666666666666667, ""confidence"": [0.018477023791270374, 0.2132345836261692], ""p_value"": 0.0187750627148012, ""contingency"": [[2, 28], [308, 22042]]}",{}
2,NC00962.3,EMB-0.25-0.95,0.0,GARC1,RUS,EMB,embA@Y296H,S,{},"{""proportion"": 0.0, ""confidence"": [0.0, 0.16817922405261626], ""p_value"": 0.006516711702715842, ""contingency"": [[0, 19], [308, 22042]]}",{}
3,NC00962.3,EMB-0.25-0.95,0.0,GARC1,RUS,EMB,embB@S773P,S,{},"{""proportion"": 0.0, ""confidence"": [0.0, 0.11025539546043596], ""p_value"": 0.0002254225340144896, ""contingency"": [[0, 31], [308, 22042]]}",{}
4,NC00962.3,EMB-0.25-0.95,0.0,GARC1,RUS,EMB,embB@L402V,S,{},"{""proportion"": 0.0, ""confidence"": [0.0, 0.22809537235419838], ""p_value"": 0.048047408461570754, ""contingency"": [[0, 13], [308, 22042]]}",{}
5,NC00962.3,EMB-0.25-0.95,0.0,GARC1,RUS,EMB,embB@S203L,S,{},"{""proportion"": 0.0, ""confidence"": [0.0, 0.08200980322579117], ""p_value"": 8.17319001535359e-06, ""contingency"": [[0, 43], [308, 22042]]}",{}
6,NC00962.3,EMB-0.25-0.95,0.0,GARC1,RUS,EMB,embB@E378A,S,{},"{""proportion"": 0.0, ""confidence"": [0.0, 0.1936076805344365], ""p_value"": 0.017492316197603944, ""contingency"": [[0, 16], [308, 22042]]}",{}
7,NC00962.3,EMB-0.25-0.95,0.0,GARC1,RUS,EMB,embB@T11P,S,{},"{""proportion"": 0.0, ""confidence"": [2.1779500349382702e-17, 0.2153108027376358], ""p_value"": 0.02812748029828072, ""contingency"": [[0, 14], [308, 22042]]}",{}
8,NC00962.3,EMB-0.25-0.95,0.0,GARC1,RUS,EMB,embA@E951D,S,{},"{""proportion"": 0.00909090909090909, ""confidence"": [0.0016065753043216027, 0.0497056520793305], ""p_value"": 1.3251364277440512e-12, ""contingency"": [[1, 109], [308, 22042]]}",{}
9,NC00962.3,EMB-0.25-0.95,0.0,GARC1,RUS,EMB,embA@D176E,S,{},"{""proportion"": 0.0, ""confidence"": [0.0, 0.11696979849974075], ""p_value"": 0.0003599573412089791, ""contingency"": [[0, 29], [308, 22042]]}",{}
10,NC00962.3,EMB-0.25-0.95,0.0,GARC1,RUS,EMB,embB@G246R,S,{},"{""proportion"": 0.075, ""confidence"": [0.025836025774588198, 0.19864233524310546], ""p_value"": 0.009347148417940206, ""contingency"": [[3, 37], [308, 22042]]}",{}
11,NC00962.3,EMB-0.25-0.95,0.0,GARC1,RUS,EMB,embA@A84S,S,{},"{""proportion"": 0.0, ""confidence"": [2.1025014877572554e-17, 0.24249400665524087], ""p_value"": 0.04592913389205933, ""contingency"": [[0, 12], [308, 22042]]}",{}
12,NC00962.3,EMB-0.25-0.95,0.0,GARC1,RUS,EMB,embB@R24P,S,{},"{""proportion"": 0.027083333333333334, ""confidence"": [0.020712849352509333, 0.03534242397900544], ""p_value"": 1.618733131924748e-162, ""contingency"": [[52, 1868], [308, 22042]]}",{}
13,NC00962.3,EMB-0.25-0.95,0.0,GARC1,RUS,EMB,embB@C361S,S,{},"{""proportion"": 0.03125, ""confidence"": [0.005537860164003125, 0.15744263820012558], ""p_value"": 0.0017722395584319653, ""contingency"": [[1, 31], [308, 22042]]}",{}
14,NC00962.3,EMB-0.25-0.95,0.0,GARC1,RUS,EMB,embB@A5G,S,{},"{""proportion"": 0.0, ""confidence"": [2.1025014877572554e-17, 0.24249400665524087], ""p_value"": 0.04592913389205933, ""contingency"": [[0, 12], [308, 22042]]}",{}
15,NC00962.3,EMB-0.25-0.95,0.0,GARC1,RUS,EMB,embA@L373P,S,{},"{""proportion"": 0.0, ""confidence"": [1.2029374011637166e-17, 0.1331922509390485], ""p_value"": 0.0016683748994763552, ""contingency"": [[0, 25], [308, 22042]]}",{}
16,NC00962.3,EMB-0.25-0.95,0.0,GARC1,RUS,EMB,embA@V31A,S,{},"{""proportion"": 0.0, ""confidence"": [1.1962983316807505e-17, 0.1379762046749802], ""p_value"": 0.00152648405845568, ""contingency"": [[0, 24], [308, 22042]]}",{}
17,NC00962.3,EMB-0.25-0.95,0.0,GARC1,RUS,EMB,embB@I709T,S,{},"{""proportion"": 0.0, ""confidence"": [1.2203525623840559e-17, 0.12064330476584562], ""p_value"": 0.0006076026348967452, ""contingency"": [[0, 28], [308, 22042]]}",{}
18,NC00962.3,EMB-0.25-0.95,0.0,GARC1,RUS,EMB,embB@P731L,S,{},"{""proportion"": 0.0, ""confidence"": [0.0, 0.12455502974186705], ""p_value"": 0.0005852191723511595, ""contingency"": [[0, 27], [308, 22042]]}",{}
19,NC00962.3,EMB-0.25-0.95,0.0,GARC1,RUS,EMB,embB@L172R,S,{},"{""proportion"": 0.0, ""confidence"": [0.0, 0.026160587422281553], ""p_value"": 1.9935493187126414e-18, ""contingency"": [[0, 143], [308, 22042]]}",{}
20,NC00962.3,EMB-0.25-0.95,0.0,GARC1,RUS,EMB,embA@Q1004P,S,{},"{""proportion"": 0.0, ""confidence"": [0.0, 0.1843181350088518], ""p_value"": 0.010617725958582017, ""contingency"": [[0, 17], [308, 22042]]}",{}
21,NC00962.3,EMB-0.25-0.95,0.0,GARC1,RUS,EMB,embA@K166N,S,{},"{""proportion"": 0.0, ""confidence"": [0.0, 0.16112515805281938], ""p_value"": 0.007113353603017462, ""contingency"": [[0, 20], [308, 22042]]}",{}
22,NC00962.3,EMB-0.25-0.95,0.0,GARC1,RUS,EMB,embB@R620C,S,{},"{""proportion"": 0.0, ""confidence"": [2.1779500349382702e-17, 0.2153108027376358], ""p_value"": 0.02812748029828072, ""contingency"": [[0, 14], [308, 22042]]}",{}
23,NC00962.3,EMB-0.25-0.95,0.0,GARC1,RUS,EMB,embB@E951Q,S,{},"{""proportion"": 0.0, ""confidence"": [0.0, 0.22809537235419838], ""p_value"": 0.048047408461570754, ""contingency"": [[0, 13], [308, 22042]]}",{}
24,NC00962.3,EMB-0.25-0.95,0.0,GARC1,RUS,EMB,embA@A852T,S,{},"{""proportion"": 0.0, ""confidence"": [0.0, 0.14311661845042686], ""p_value"": 0.002580968695056641, ""contingency"": [[0, 23], [308, 22042]]}",{}
25,NC00962.3,EMB-0.25-0.95,0.0,GARC1,RUS,EMB,embB@L370R,S,{},"{""proportion"": 0.0, ""confidence"": [0.0, 0.16112515805281938], ""p_value"": 0.007113353603017462, ""contingency"": [[0, 20], [308, 22042]]}",{}
26,NC00962.3,EMB-0.25-0.95,0.0,GARC1,RUS,EMB,embB@R213Q,S,{},"{""proportion"": 0.0, ""confidence"": [1.6899518857824105e-18, 0.025809064565282463], ""p_value"": 1.2572200553683527e-18, ""contingency"": [[0, 145], [308, 22042]]}",{}
27,NC00962.3,EMB-0.25-0.95,0.0,GARC1,RUS,EMB,embA@G451R,S,{},"{""proportion"": 0.0, ""confidence"": [2.1779500349382702e-17, 0.2153108027376358], ""p_value"": 0.02812748029828072, ""contingency"": [[0, 14], [308, 22042]]}",{}
28,NC00962.3,EMB-0.25-0.95,0.0,GARC1,RUS,EMB,embB@S738A,S,{},"{""proportion"": 0.0, ""confidence"": [0.0, 0.1071791982550706], ""p_value"": 0.00013846000806662284, ""contingency"": [[0, 32], [308, 22042]]}",{}
29,NC00962.3,EMB-0.25-0.95,0.0,GARC1,RUS,EMB,embB@S297A,S,{},"{""proportion"": 0.16279069767441862, ""confidence"": [0.11509674795000202, 0.22521809714983637], ""p_value"": 0.008004791331063868, ""contingency"": [[28, 144], [382, 25308]]}",{}
30,NC00962.3,EMB-0.25-0.95,0.0,GARC1,RUS,EMB,embA@P913S,S,{},"{""proportion"": 0.0032258064516129032, ""confidence"": [0.0012551463867193394, 0.008264924468549628], ""p_value"": 3.2485931732578577e-146, ""contingency"": [[4, 1236], [382, 25308]]}",{}
31,NC00962.3,EMB-0.25-0.95,0.0,GARC1,RUS,EMB,embA@T308A,S,{},"{""proportion"": 0.0, ""confidence"": [0.0, 0.08200980322579117], ""p_value"": 8.17319001535359e-06, ""contingency"": [[0, 43], [382, 25308]]}",{}
32,NC00962.3,EMB-0.25-0.95,0.0,GARC1,RUS,EMB,embB@N13S,S,{},"{""proportion"": 0.01276595744680851, ""confidence"": [0.00435090218779474, 0.03685408319994911], ""p_value"": 5.4968720284387e-25, ""contingency"": [[3, 232], [382, 25308]]}",{}
33,NC00962.3,EMB-0.25-0.95,0.0,GARC1,RUS,EMB,embA@P383S,S,{},"{""proportion"": 0.0, ""confidence"": [0.0, 0.06017185214208986], ""p_value"": 4.161821150213562e-08, ""contingency"": [[0, 60], [382, 25308]]}",{}
34,NC00962.3,EMB-0.25-0.95,0.0,GARC1,RUS,EMB,embB@D328G,S,{},"{""proportion"": 0.0, ""confidence"": [6.252630411177045e-18, 0.09890099232440402], ""p_value"": 9.369523149016535e-05, ""contingency"": [[0, 35], [382, 25308]]}",{}
35,NC00962.3,EMB-0.25-0.95,0.0,GARC1,RUS,EMB,embA@G884D,S,{},"{""proportion"": 0.0, ""confidence"": [2.1025014877572554e-17, 0.24249400665524087], ""p_value"": 0.04592913389205933, ""contingency"": [[0, 12], [382, 25308]]}",{}
36,NC00962.3,EMB-0.25-0.95,0.0,GARC1,RUS,EMB,embA@g-17a,S,{},"{""proportion"": 0.05, ""confidence"": [0.008881448800795402, 0.23613119344674208], ""p_value"": 0.038177041808921786, ""contingency"": [[1, 19], [382, 25308]]}",{}
37,NC00962.3,EMB-0.25-0.95,0.0,GARC1,RUS,EMB,embA@V206M,S,{},"{""proportion"": 0.047619047619047616, ""confidence"": [0.0084559878098264, 0.2266936007412256], ""p_value"": 0.039656876268054475, ""contingency"": [[1, 20], [382, 25308]]}",{}
38,NC00962.3,EMB-0.25-0.95,0.0,GARC1,RUS,EMB,embA@A249P,S,{},"{""proportion"": 0.0, ""confidence"": [0.0, 0.22809537235419838], ""p_value"": 0.048047408461570754, ""contingency"": [[0, 13], [382, 25308]]}",{}
39,NC00962.3,EMB-0.25-0.95,0.0,GARC1,RUS,EMB,embB@G286D,S,{},"{""proportion"": 0.0, ""confidence"": [0.0, 0.04751842528243408], ""p_value"": 3.5053413775258803e-10, ""contingency"": [[0, 77], [382, 25308]]}",{}
40,NC00962.3,EMB-0.25-0.95,0.0,GARC1,RUS,EMB,embB@P171A,S,{},"{""proportion"": 0.0, ""confidence"": [2.1025014877572554e-17, 0.24249400665524087], ""p_value"": 0.04592913389205933, ""contingency"": [[0, 12], [382, 25308]]}",{}
41,NC00962.3,EMB-0.25-0.95,0.0,GARC1,RUS,EMB,embA@c-59a,S,{},"{""proportion"": 0.0, ""confidence"": [2.1025014877572554e-17, 0.24249400665524087], ""p_value"": 0.04592913389205933, ""contingency"": [[0, 12], [432, 28643]]}",{}
42,NC00962.3,EMB-0.25-0.95,0.0,GARC1,RUS,EMB,embB@S1054P,S,{},"{""proportion"": 0.0, ""confidence"": [0.0, 0.09641862859446367], ""p_value"": 5.349402118172382e-05, ""contingency"": [[0, 36], [432, 28643]]}",{}
43,NC00962.3,EMB-0.25-0.95,0.0,GARC1,RUS,EMB,embB@V668I,S,{},"{""proportion"": 0.0, ""confidence"": [0.0, 0.14311661845042686], ""p_value"": 0.002580968695056641, ""contingency"": [[0, 23], [432, 28643]]}",{}
44,NC00962.3,EMB-0.25-0.95,0.0,GARC1,RUS,EMB,embA@A1015T,S,{},"{""proportion"": 0.0, ""confidence"": [-1.1731740316366828e-17, 0.154639018924847], ""p_value"": 0.004065488054720845, ""contingency"": [[0, 21], [432, 28643]]}",{}
45,NC00962.3,EMB-0.25-0.95,0.0,GARC1,RUS,EMB,embB@R741W,S,{},"{""proportion"": 0.0, ""confidence"": [2.1779500349382702e-17, 0.2153108027376358], ""p_value"": 0.02812748029828072, ""contingency"": [[0, 14], [432, 28643]]}",{}
46,NC00962.3,EMB-0.25-0.95,0.0,GARC1,RUS,EMB,embA@P901L,S,{},"{""proportion"": 0.038461538461538464, ""confidence"": [0.006821984993543487, 0.18892778903034757], ""p_value"": 0.010667350611231141, ""contingency"": [[1, 25], [432, 28643]]}",{}
47,NC00962.3,EMB-0.25-0.95,0.0,GARC1,RUS,EMB,embA@A312V,S,{},"{""proportion"": 0.037037037037037035, ""confidence"": [0.006568145980785116, 0.18283465933575843], ""p_value"": 0.006683023785712172, ""contingency"": [[1, 26], [432, 28643]]}",{}
48,NC00962.3,EMB-0.25-0.95,0.0,GARC1,RUS,EMB,embB@V283M,S,{},"{""proportion"": 0.0, ""confidence"": [0.0, 0.22809537235419838], ""p_value"": 0.048047408461570754, ""contingency"": [[0, 13], [432, 28643]]}",{}
49,NC00962.3,EMB-0.25-0.95,0.0,GARC1,RUS,EMB,embB@K561R,S,{},"{""proportion"": 0.0, ""confidence"": [2.1025014877572554e-17, 0.24249400665524087], ""p_value"": 0.04592913389205933, ""contingency"": [[0, 12], [432, 28643]]}",{}
50,NC00962.3,EMB-0.25-0.95,0.0,GARC1,RUS,EMB,embB@A937E,S,{},"{""proportion"": 0.0, ""confidence"": [0.0, 0.1843181350088518], ""p_value"": 0.010617725958582017, ""contingency"": [[0, 17], [432, 28643]]}",{}
1259,NC00962.3,EMB-0.25-0.95,0.0,GARC1,RUS,EMB,embA@*=,S,{},"{""default_rule"": ""True""}",{}
1265,NC00962.3,EMB-0.25-0.95,0.0,GARC1,RUS,EMB,embB@*=,S,{},"{""default_rule"": ""True""}",{}
51,NC00962.3,EMB-0.25-0.95,0.0,GARC1,RUS,EMB,embB@M306V,R,{},"{""proportion"": 0.7805730258560447, ""confidence"": [0.7650401372923625, 0.7953537376224332], ""p_value"": 0.0, ""contingency"": [[2234, 628], [434, 28842]]}",{}
52,NC00962.3,EMB-0.25-0.95,0.0,GARC1,RUS,EMB,embB@G406A,R,{},"{""proportion"": 0.47074468085106386, ""confidence"": [0.42084331624986976, 0.5212377823529418], ""p_value"": 3.054195364378568e-20, ""contingency"": [[177, 199], [434, 28842]]}",{}
53,NC00962.3,EMB-0.25-0.95,0.0,GARC1,RUS,EMB,embB@M306I,R,{},"{""proportion"": 0.4888093106535363, ""confidence"": [0.46811781836312377, 0.5095392226203118], ""p_value"": 4.2821519651073925e-130, ""contingency"": [[1092, 1142], [434, 28842]]}",{}
54,NC00962.3,EMB-0.25-0.95,0.0,GARC1,RUS,EMB,embB@Q497R,R,{},"{""proportion"": 0.7300319488817891, ""confidence"": [0.6939301297239054, 0.7633277975952122], ""p_value"": 8.2585664622040945e-140, ""contingency"": [[457, 169], [434, 28842]]}",{}
57,NC00962.3,EMB-0.25-0.95,0.0,GARC1,RUS,EMB,embB@G406D,R,{},"{""proportion"": 0.37547892720306514, ""confidence"": [0.318936586444492, 0.4356335617134403], ""p_value"": 7.97457659901973e-06, ""contingency"": [[98, 163], [434, 28842]]}",{}
62,NC00962.3,EMB-0.25-0.95,0.0,GARC1,RUS,EMB,embB@Q497K,R,{},"{""proportion"": 0.5632183908045977, ""confidence"": [0.45851554321048027, 0.662574542118424], ""p_value"": 5.115847538761101e-10, ""contingency"": [[49, 38], [434, 28842]]}",{}
63,NC00962.3,EMB-0.25-0.95,0.0,GARC1,RUS,EMB,embB@D354A,R,{},"{""proportion"": 0.49278846153846156, ""confidence"": [0.44503212230228123, 0.5406767688185394], ""p_value"": 2.4304856402103027e-26, ""contingency"": [[205, 211], [434, 28842]]}",{}
64,NC00962.3,EMB-0.25-0.95,0.0,GARC1,RUS,EMB,embB@D328Y,R,{},"{""proportion"": 0.6923076923076923, ""confidence"": [0.5001174167780164, 0.8349868440453624], ""p_value"": 2.6365135050721022e-06, ""contingency"": [[18, 8], [434, 28842]]}",{}
72,NC00962.3,EMB-0.25-0.95,0.0,GARC1,RUS,EMB,embB@Y319S,R,{},"{""proportion"": 0.7517241379310344, ""confidence"": [0.6989282123158871, 0.7979383652799282], ""p_value"": 1.328180184125078e-71, ""contingency"": [[218, 72], [434, 28842]]}",{}
75,NC00962.3,EMB-0.25-0.95,0.0,GARC1,RUS,EMB,embB@M306L,R,{},"{""proportion"": 0.6666666666666666, ""confidence"": [0.5783110162063498, 0.7446825949874156], ""p_value"": 9.42267150337994e-22, ""contingency"": [[80, 40], [434, 28842]]}",{}
91,NC00962.3,EMB-0.25-0.95,0.0,GARC1,RUS,EMB,embB@G406S,R,{},"{""proportion"": 0.5241935483870968, ""confidence"": [0.4368923545313545, 0.610040776984419], ""p_value"": 9.953427463344173e-11, ""contingency"": [[65, 59], [434, 28842]]}",{}
92,NC00962.3,EMB-0.25-0.95,0.0,GARC1,RUS,EMB,embA@c-16t,R,{},"{""proportion"": 0.34146341463414637, ""confidence"": [0.2636013620103963, 0.4289281913186044], ""p_value"": 0.021935462282160038, ""contingency"": [[42, 81], [434, 28842]]}",{}
103,NC00962.3,EMB-0.25-0.95,0.0,GARC1,RUS,EMB,embB@Q497H,R,{},"{""proportion"": 0.625, ""confidence"": [0.3057423946026273, 0.8631557141764027], ""p_value"": 0.0272979736328125, ""contingency"": [[5, 3], [434, 28842]]}",{}
151,NC00962.3,EMB-0.25-0.95,0.0,GARC1,RUS,EMB,embB@E405D,R,{},"{""proportion"": 0.5333333333333333, ""confidence"": [0.30116980025498397, 0.7519046463426261], ""p_value"": 0.017299838364124298, ""contingency"": [[8, 7], [434, 28842]]}",{}
220,NC00962.3,EMB-0.25-0.95,0.0,GARC1,RUS,EMB,embB@L74R,R,{},"{""proportion"": 0.6666666666666666, ""confidence"": [0.4782476050732008, 0.8135673850128434], ""p_value"": 6.0504780411418935e-06, ""contingency"": [[18, 9], [434, 28842]]}",{}
246,NC00962.3,EMB-0.25-0.95,0.0,GARC1,RUS,EMB,embB@D328V,R,{},"{""proportion"": 1.0, ""confidence"": [0.4385029682449545, 1.0], ""p_value"": 0.015625, ""contingency"": [[3, 0], [434, 28842]]}",{}
55,NC00962.3,EMB-0.25-0.95,0.0,GARC1,RUS,EMB,embA@D1067Y,U,{},"{""proportion"": 0.0, ""confidence"": [0.0, 0.7934506856227626], ""p_value"": 1.0, ""contingency"": [[0, 1], [434, 28842]]}",{}
56,NC00962.3,EMB-0.25-0.95,0.0,GARC1,RUS,EMB,embB@G374W,U,{},"{""proportion"": 0.0, ""confidence"": [0.0, 0.7934506856227626], ""p_value"": 1.0, ""contingency"": [[0, 1], [434, 28842]]}",{}
58,NC00962.3,EMB-0.25-0.95,0.0,GARC1,RUS,EMB,embB@Q497P,U,{},"{""proportion"": 0.27586206896551724, ""confidence"": [0.14698755102087954, 0.45717132416865935], ""p_value"": 0.8300701998502938, ""contingency"": [[8, 21], [434, 28842]]}",{}
59,NC00962.3,EMB-0.25-0.95,0.0,GARC1,RUS,EMB,embA@L584F,U,{},"{""proportion"": 0.0, ""confidence"": [0.0, 0.7934506856227626], ""p_value"": 1.0, ""contingency"": [[0, 1], [434, 28842]]}",{}
60,NC00962.3,EMB-0.25-0.95,0.0,GARC1,RUS,EMB,embA@c-16g,U,{},"{""proportion"": 0.1320754716981132, ""confidence"": [0.06547853284463251, 0.2484025530890492], ""p_value"": 0.05557772055801538, ""contingency"": [[7, 46], [434, 28842]]}",{}
61,NC00962.3,EMB-0.25-0.95,0.0,GARC1,RUS,EMB,embA@c-8t,U,{},"{""proportion"": 0.26666666666666666, ""confidence"": [0.10897453325692374, 0.5195043405598057], ""p_value"": 1.0, ""contingency"": [[4, 11], [434, 28842]]}",{}
65,NC00962.3,EMB-0.25-0.95,0.0,GARC1,RUS,EMB,embB@N296H,U,{},"{""proportion"": 0.17307692307692307, ""confidence"": [0.09382474391310204, 0.297308641244808], ""p_value"": 0.26144868181545433, ""contingency"": [[9, 43], [434, 28842]]}",{}
66,NC00962.3,EMB-0.25-0.95,0.0,GARC1,RUS,EMB,embA@A320T,U,{},"{""proportion"": 0.0, ""confidence"": [0.0, 0.6576197724933469], ""p_value"": 1.0, ""contingency"": [[0, 2], [434, 28842]]}",{}
67,NC00962.3,EMB-0.25-0.95,0.0,GARC1,RUS,EMB,embA@T420M,U,{},"{""proportion"": 0.0, ""confidence"": [0.0, 0.7934506856227626], ""p_value"": 1.0, ""contingency"": [[0, 1], [434, 28842]]}",{}
68,NC00962.3,EMB-0.25-0.95,0.0,GARC1,RUS,EMB,embA@T604R,U,{},"{""proportion"": 0.0, ""confidence"": [0.0, 0.6576197724933469], ""p_value"": 1.0, ""contingency"": [[0, 2], [434, 28842]]}",{}
69,NC00962.3,EMB-0.25-0.95,0.0,GARC1,RUS,EMB,embA@W495C,U,{},"{""proportion"": 0.0, ""confidence"": [0.0, 0.7934506856227626], ""p_value"": 1.0, ""contingency"": [[0, 1], [434, 28842]]}",{}
70,NC00962.3,EMB-0.25-0.95,0.0,GARC1,RUS,EMB,embA@V31I,U,{},"{""proportion"": 0.07142857142857142, ""confidence"": [0.012722215247890944, 0.31468704424151117], ""p_value"": 0.21263734251260757, ""contingency"": [[1, 13], [434, 28842]]}",{}
71,NC00962.3,EMB-0.25-0.95,0.0,GARC1,RUS,EMB,embA@G547V,U,{},"{""proportion"": 0.0, ""confidence"": [0.0, 0.7934506856227626], ""p_value"": 1.0, ""contingency"": [[0, 1], [434, 28842]]}",{}
73,NC00962.3,EMB-0.25-0.95,0.0,GARC1,RUS,EMB,embB@A313V,U,{},"{""proportion"": 0.0, ""confidence"": [0.0, 0.2588329669680317], ""p_value"": 0.07656264305114746, ""contingency"": [[0, 11], [434, 28842]]}",{}
74,NC00962.3,EMB-0.25-0.95,0.0,GARC1,RUS,EMB,embB@R620P,U,{},"{""proportion"": 0.0, ""confidence"": [0.0, 0.43448246478317476], ""p_value"": 0.34082031250000006, ""contingency"": [[0, 5], [434, 28842]]}",{}
76,NC00962.3,EMB-0.25-0.95,0.0,GARC1,RUS,EMB,embB@R947L,U,{},"{""proportion"": 0.0, ""confidence"": [0.0, 0.7934506856227626], ""p_value"": 1.0, ""contingency"": [[0, 1], [434, 28842]]}",{}
77,NC00962.3,EMB-0.25-0.95,0.0,GARC1,RUS,EMB,embB@H1002R,U,{},"{""proportion"": 0.32653061224489793, ""confidence"": [0.21207497001811862, 0.46620794685429845], ""p_value"": 0.24692782281229636, ""contingency"": [[16, 33], [434, 28842]]}",{}
78,NC00962.3,EMB-0.25-0.95,0.0,GARC1,RUS,EMB,embB@P832S,U,{},"{""proportion"": 0.0, ""confidence"": [3.384324554477539e-17, 0.39033428790216534], ""p_value"": 0.347412109375, ""contingency"": [[0, 6], [434, 28842]]}",{}
79,NC00962.3,EMB-0.25-0.95,0.0,GARC1,RUS,EMB,embB@T811A,U,{},"{""proportion"": 0.0, ""confidence"": [0.0, 0.32440756488388023], ""p_value"": 0.21392822265625003, ""contingency"": [[0, 8], [434, 28842]]}",{}
80,NC00962.3,EMB-0.25-0.95,0.0,GARC1,RUS,EMB,embA@c-8a,U,{},"{""proportion"": 0.2647058823529412, ""confidence"": [0.14601190677211745, 0.43117141282944665], ""p_value"": 0.8436355681002516, ""contingency"": [[9, 25], [434, 28842]]}",{}
81,NC00962.3,EMB-0.25-0.95,0.0,GARC1,RUS,EMB,embA@g-43c,U,{},"{""proportion"": 0.2631578947368421, ""confidence"": [0.16645786597973067, 0.3897657926348382], ""p_value"": 0.8783861553966592, ""contingency"": [[15, 42], [434, 28842]]}",{}
82,NC00962.3,EMB-0.25-0.95,0.0,GARC1,RUS,EMB,embB@D1024N,U,{},"{""proportion"": 0.29473684210526313, ""confidence"": [0.21247932282989435, 0.39294940651788923], ""p_value"": 0.3427217410439366, ""contingency"": [[28, 67], [434, 28842]]}",{}
83,NC00962.3,EMB-0.25-0.95,0.0,GARC1,RUS,EMB,embA@c-12t,U,{},"{""proportion"": 0.2755102040816326, ""confidence"": [0.19679552609602996, 0.3711603878361531], ""p_value"": 0.5603198666827826, ""contingency"": [[27, 71], [434, 28842]]}",{}
84,NC00962.3,EMB-0.25-0.95,0.0,GARC1,RUS,EMB,embA@D1071E,U,{},"{""proportion"": 0.0, ""confidence"": [0.0, 0.7934506856227626], ""p_value"": 1.0, ""contingency"": [[0, 1], [434, 28842]]}",{}
85,NC00962.3,EMB-0.25-0.95,0.0,GARC1,RUS,EMB,embA@V339A,U,{},"{""proportion"": 0.0, ""confidence"": [0.0, 0.7934506856227626], ""p_value"": 1.0, ""contingency"": [[0, 1], [434, 28842]]}",{}
86,NC00962.3,EMB-0.25-0.95,0.0,GARC1,RUS,EMB,embA@A813T,U,{},"{""proportion"": 0.0, ""confidence"": [0.0, 0.7934506856227626], ""p_value"": 1.0, ""contingency"": [[0, 1], [434, 28842]]}",{}
87,NC00962.3,EMB-0.25-0.95,0.0,GARC1,RUS,EMB,embA@G158D,U,{},"{""proportion"": 0.0, ""confidence"": [0.0, 0.2588329669680317], ""p_value"": 0.07656264305114746, ""contingency"": [[0, 11], [434, 28842]]}",{}
88,NC00962.3,EMB-0.25-0.95,0.0,GARC1,RUS,EMB,embB@V186L,U,{},"{""proportion"": 0.0, ""confidence"": [0.0, 0.4898908364545973], ""p_value"": 0.578125, ""contingency"": [[0, 4], [434, 28842]]}",{}
89,NC00962.3,EMB-0.25-0.95,0.0,GARC1,RUS,EMB,embA@K488N,U,{},"{""proportion"": 0.0, ""confidence"": [0.0, 0.4898908364545973], ""p_value"": 0.578125, ""contingency"": [[0, 4], [434, 28842]]}",{}
90,NC00962.3,EMB-0.25-0.95,0.0,GARC1,RUS,EMB,embA@c-16a,U,{},"{""proportion"": 0.3611111111111111, ""confidence"": [0.2247559294651537, 0.5242492451444195], ""p_value"": 0.12636410808818893, ""contingency"": [[13, 23], [434, 28842]]}",{}
93,NC00962.3,EMB-0.25-0.95,0.0,GARC1,RUS,EMB,embB@G406C,U,{},"{""proportion"": 0.38461538461538464, ""confidence"": [0.2489137346556135, 0.5410093854307493], ""p_value"": 0.06331131920597576, ""contingency"": [[15, 24], [434, 28842]]}",{}
94,NC00962.3,EMB-0.25-0.95,0.0,GARC1,RUS,EMB,embA@A576T,U,{},"{""proportion"": 0.0, ""confidence"": [0.0, 0.4898908364545973], ""p_value"": 0.578125, ""contingency"": [[0, 4], [434, 28842]]}",{}
95,NC00962.3,EMB-0.25-0.95,0.0,GARC1,RUS,EMB,embB@N644I,U,{},"{""proportion"": 0.5, ""confidence"": [0.09453120573423071, 0.9054687942657693], ""p_value"": 0.4375, ""contingency"": [[1, 1], [434, 28842]]}",{}
96,NC00962.3,EMB-0.25-0.95,0.0,GARC1,RUS,EMB,embA@T899A,U,{},"{""proportion"": 0.0, ""confidence"": [4.8683609171202235e-17, 0.5614970317550455], ""p_value"": 1.0, ""contingency"": [[0, 3], [434, 28842]]}",{}
97,NC00962.3,EMB-0.25-0.95,0.0,GARC1,RUS,EMB,embA@T100S,U,{},"{""proportion"": 0.0, ""confidence"": [0.0, 0.6576197724933469], ""p_value"": 1.0, ""contingency"": [[0, 2], [434, 28842]]}",{}
98,NC00962.3,EMB-0.25-0.95,0.0,GARC1,RUS,EMB,embB@R1095!,U,{},"{""proportion"": 0.0, ""confidence"": [0.0, 0.7934506856227626], ""p_value"": 1.0, ""contingency"": [[0, 1], [434, 28842]]}",{}
99,NC00962.3,EMB-0.25-0.95,0.0,GARC1,RUS,EMB,embA@I338V,U,{},"{""proportion"": 0.0, ""confidence"": [0.0, 0.43448246478317476], ""p_value"": 0.34082031250000006, ""contingency"": [[0, 5], [434, 28842]]}",{}
100,NC00962.3,EMB-0.25-0.95,0.0,GARC1,RUS,EMB,embB@D300G,U,{},"{""proportion"": 0.0, ""confidence"": [0.0, 0.6576197724933469], ""p_value"": 1.0, ""contingency"": [[0, 2], [434, 28842]]}",{}
101,NC00962.3,EMB-0.25-0.95,0.0,GARC1,RUS,EMB,embA@I196V,U,{},"{""proportion"": 0.0, ""confidence"": [0.0, 0.7934506856227626], ""p_value"": 1.0, ""contingency"": [[0, 1], [434, 28842]]}",{}
102,NC00962.3,EMB-0.25-0.95,0.0,GARC1,RUS,EMB,embA@V391L,U,{},"{""proportion"": 0.0, ""confidence"": [0.0, 0.6576197724933469], ""p_value"": 1.0, ""contingency"": [[0, 2], [434, 28842]]}",{}
104,NC00962.3,EMB-0.25-0.95,0.0,GARC1,RUS,EMB,embA@Y635C,U,{},"{""proportion"": 1.0, ""confidence"": [0.20654931437723742, 1.0], ""p_value"": 0.25, ""contingency"": [[1, 0], [434, 28842]]}",{}
105,NC00962.3,EMB-0.25-0.95,0.0,GARC1,RUS,EMB,embB@C361Y,U,{},"{""proportion"": 1.0, ""confidence"": [0.20654931437723742, 1.0], ""p_value"": 0.25, ""contingency"": [[1, 0], [434, 28842]]}",{}
106,NC00962.3,EMB-0.25-0.95,0.0,GARC1,RUS,EMB,embA@I905V,U,{},"{""proportion"": 0.16666666666666666, ""confidence"": [0.030053369748306632, 0.5635028221864702], ""p_value"": 1.0, ""contingency"": [[1, 5], [434, 28842]]}",{}
107,NC00962.3,EMB-0.25-0.95,0.0,GARC1,RUS,EMB,embA@V280I,U,{},"{""proportion"": 0.0, ""confidence"": [0.0, 0.6576197724933469], ""p_value"": 1.0, ""contingency"": [[0, 2], [434, 28842]]}",{}
108,NC00962.3,EMB-0.25-0.95,0.0,GARC1,RUS,EMB,embB@Y319C,U,{},"{""proportion"": 0.30952380952380953, ""confidence"": [0.19071102858794878, 0.46025993936089077], ""p_value"": 0.3747279171975492, ""contingency"": [[13, 29], [434, 28842]]}",{}
109,NC00962.3,EMB-0.25-0.95,0.0,GARC1,RUS,EMB,embA@V63I,U,{},"{""proportion"": 0.0, ""confidence"": [0.0, 0.4898908364545973], ""p_value"": 0.578125, ""contingency"": [[0, 4], [434, 28842]]}",{}
110,NC00962.3,EMB-0.25-0.95,0.0,GARC1,RUS,EMB,embA@R940S,U,{},"{""proportion"": 0.0, ""confidence"": [0.0, 0.7934506856227626], ""p_value"": 1.0, ""contingency"": [[0, 1], [434, 28842]]}",{}
111,NC00962.3,EMB-0.25-0.95,0.0,GARC1,RUS,EMB,embA@g-76a,U,{},"{""proportion"": 0.0, ""confidence"": [0.0, 0.6576197724933469], ""p_value"": 1.0, ""contingency"": [[0, 2], [434, 28842]]}",{}
112,NC00962.3,EMB-0.25-0.95,0.0,GARC1,RUS,EMB,embA@C335W,U,{},"{""proportion"": 0.0, ""confidence"": [0.0, 0.32440756488388023], ""p_value"": 0.21392822265625003, ""contingency"": [[0, 8], [434, 28842]]}",{}
113,NC00962.3,EMB-0.25-0.95,0.0,GARC1,RUS,EMB,embA@G547S,U,{},"{""proportion"": 0.0, ""confidence"": [0.0, 0.43448246478317476], ""p_value"": 0.34082031250000006, ""contingency"": [[0, 5], [434, 28842]]}",{}
114,NC00962.3,EMB-0.25-0.95,0.0,GARC1,RUS,EMB,embA@A408S,U,{},"{""proportion"": 0.0, ""confidence"": [0.0, 0.32440756488388023], ""p_value"": 0.21392822265625003, ""contingency"": [[0, 8], [434, 28842]]}",{}
115,NC00962.3,EMB-0.25-0.95,0.0,GARC1,RUS,EMB,embB@54_ins_t,U,{},"{""proportion"": 0.2, ""confidence"": [0.03622410863243013, 0.6244653702374747], ""p_value"": 1.0, ""contingency"": [[1, 4], [434, 28842]]}",{}
116,NC00962.3,EMB-0.25-0.95,0.0,GARC1,RUS,EMB,embB@T208I,U,{},"{""proportion"": 0.0, ""confidence"": [0.0, 0.6576197724933469], ""p_value"": 1.0, ""contingency"": [[0, 2], [434, 28842]]}",{}
117,NC00962.3,EMB-0.25-0.95,0.0,GARC1,RUS,EMB,embB@M423I,U,{},"{""proportion"": 0.0, ""confidence"": [4.8683609171202235e-17, 0.5614970317550455], ""p_value"": 1.0, ""contingency"": [[0, 3], [434, 28842]]}",{}
118,NC00962.3,EMB-0.25-0.95,0.0,GARC1,RUS,EMB,embB@D869G,U,{},"{""proportion"": 0.0, ""confidence"": [0.0, 0.43448246478317476], ""p_value"": 0.34082031250000006, ""contingency"": [[0, 5], [434, 28842]]}",{}
119,NC00962.3,EMB-0.25-0.95,0.0,GARC1,RUS,EMB,embA@P946Q,U,{},"{""proportion"": 0.0, ""confidence"": [0.0, 0.7934506856227626], ""p_value"": 1.0, ""contingency"": [[0, 1], [434, 28842]]}",{}
120,NC00962.3,EMB-0.25-0.95,0.0,GARC1,RUS,EMB,embA@A409P,U,{},"{""proportion"": 0.0, ""confidence"": [3.584186086443356e-17, 0.3543304350666874], ""p_value"": 0.20404052734375, ""contingency"": [[0, 7], [434, 28842]]}",{}
121,NC00962.3,EMB-0.25-0.95,0.0,GARC1,RUS,EMB,embB@A761V,U,{},"{""proportion"": 0.0, ""confidence"": [0.0, 0.6576197724933469], ""p_value"": 1.0, ""contingency"": [[0, 2], [434, 28842]]}",{}
122,NC00962.3,EMB-0.25-0.95,0.0,GARC1,RUS,EMB,embB@V614L,U,{},"{""proportion"": 0.0, ""confidence"": [0.0, 0.7934506856227626], ""p_value"": 1.0, ""contingency"": [[0, 1], [434, 28842]]}",{}
123,NC00962.3,EMB-0.25-0.95,0.0,GARC1,RUS,EMB,embB@I883V,U,{},"{""proportion"": 0.0, ""confidence"": [0.0, 0.7934506856227626], ""p_value"": 1.0, ""contingency"": [[0, 1], [434, 28842]]}",{}
124,NC00962.3,EMB-0.25-0.95,0.0,GARC1,RUS,EMB,embA@E7K,U,{},"{""proportion"": 0.0, ""confidence"": [3.384324554477539e-17, 0.39033428790216534], ""p_value"": 0.347412109375, ""contingency"": [[0, 6], [434, 28842]]}",{}
125,NC00962.3,EMB-0.25-0.95,0.0,GARC1,RUS,EMB,embA@L562M,U,{},"{""proportion"": 0.0, ""confidence"": [0.0, 0.7934506856227626], ""p_value"": 1.0, ""contingency"": [[0, 1], [434, 28842]]}",{}
126,NC00962.3,EMB-0.25-0.95,0.0,GARC1,RUS,EMB,embB@A379T,U,{},"{""proportion"": 0.0, ""confidence"": [4.8683609171202235e-17, 0.5614970317550455], ""p_value"": 1.0, ""contingency"": [[0, 3], [434, 28842]]}",{}
127,NC00962.3,EMB-0.25-0.95,0.0,GARC1,RUS,EMB,embB@P404L,U,{},"{""proportion"": 0.0, ""confidence"": [0.0, 0.7934506856227626], ""p_value"": 1.0, ""contingency"": [[0, 1], [434, 28842]]}",{}
128,NC00962.3,EMB-0.25-0.95,0.0,GARC1,RUS,EMB,embA@T1014A,U,{},"{""proportion"": 0.0, ""confidence"": [0.0, 0.7934506856227626], ""p_value"": 1.0, ""contingency"": [[0, 1], [434, 28842]]}",{}
129,NC00962.3,EMB-0.25-0.95,0.0,GARC1,RUS,EMB,embA@T983N,U,{},"{""proportion"": 0.0, ""confidence"": [0.0, 0.7934506856227626], ""p_value"": 1.0, ""contingency"": [[0, 1], [434, 28842]]}",{}
130,NC00962.3,EMB-0.25-0.95,0.0,GARC1,RUS,EMB,embA@A835E,U,{},"{""proportion"": 0.0, ""confidence"": [0.0, 0.6576197724933469], ""p_value"": 1.0, ""contingency"": [[0, 2], [434, 28842]]}",{}
131,NC00962.3,EMB-0.25-0.95,0.0,GARC1,RUS,EMB,embB@R257Q,U,{},"{""proportion"": 0.0, ""confidence"": [0.0, 0.7934506856227626], ""p_value"": 1.0, ""contingency"": [[0, 1], [434, 28842]]}",{}
132,NC00962.3,EMB-0.25-0.95,0.0,GARC1,RUS,EMB,embA@G844V,U,{},"{""proportion"": 0.0, ""confidence"": [0.0, 0.7934506856227626], ""p_value"": 1.0, ""contingency"": [[0, 1], [434, 28842]]}",{}
133,NC00962.3,EMB-0.25-0.95,0.0,GARC1,RUS,EMB,embB@M904I,U,{},"{""proportion"": 0.0, ""confidence"": [0.0, 0.6576197724933469], ""p_value"": 1.0, ""contingency"": [[0, 2], [434, 28842]]}",{}
134,NC00962.3,EMB-0.25-0.95,0.0,GARC1,RUS,EMB,embA@G154R,U,{},"{""proportion"": 0.0, ""confidence"": [0.0, 0.7934506856227626], ""p_value"": 1.0, ""contingency"": [[0, 1], [434, 28842]]}",{}
135,NC00962.3,EMB-0.25-0.95,0.0,GARC1,RUS,EMB,embA@K773N,U,{},"{""proportion"": 0.0, ""confidence"": [4.8683609171202235e-17, 0.5614970317550455], ""p_value"": 1.0, ""contingency"": [[0, 3], [434, 28842]]}",{}
136,NC00962.3,EMB-0.25-0.95,0.0,GARC1,RUS,EMB,embB@N160D,U,{},"{""proportion"": 0.0, ""confidence"": [0.0, 0.7934506856227626], ""p_value"": 1.0, ""contingency"": [[0, 1], [434, 28842]]}",{}
137,NC00962.3,EMB-0.25-0.95,0.0,GARC1,RUS,EMB,embB@A439V,U,{},"{""proportion"": 0.0, ""confidence"": [0.0, 0.6576197724933469], ""p_value"": 1.0, ""contingency"": [[0, 2], [434, 28842]]}",{}
138,NC00962.3,EMB-0.25-0.95,0.0,GARC1,RUS,EMB,embA@c-11a,U,{},"{""proportion"": 0.30434782608695654, ""confidence"": [0.15604024453214022, 0.5086575626875921], ""p_value"": 0.6294857273153127, ""contingency"": [[7, 16], [434, 28842]]}",{}
139,NC00962.3,EMB-0.25-0.95,0.0,GARC1,RUS,EMB,embB@F330S,U,{},"{""proportion"": 0.5, ""confidence"": [0.15003898915214947, 0.8499610108478506], ""p_value"": 0.26171875, ""contingency"": [[2, 2], [434, 28842]]}",{}
140,NC00962.3,EMB-0.25-0.95,0.0,GARC1,RUS,EMB,embB@Y319N,U,{},"{""proportion"": 0.0, ""confidence"": [0.0, 0.6576197724933469], ""p_value"": 1.0, ""contingency"": [[0, 2], [434, 28842]]}",{}
141,NC00962.3,EMB-0.25-0.95,0.0,GARC1,RUS,EMB,embA@G5V,U,{},"{""proportion"": 0.0, ""confidence"": [0.0, 0.7934506856227626], ""p_value"": 1.0, ""contingency"": [[0, 1], [434, 28842]]}",{}
142,NC00962.3,EMB-0.25-0.95,0.0,GARC1,RUS,EMB,embB@M1000R,U,{},"{""proportion"": 0.4, ""confidence"": [0.11762077423264786, 0.769275718723987], ""p_value"": 0.6044921875, ""contingency"": [[2, 3], [434, 28842]]}",{}
143,NC00962.3,EMB-0.25-0.95,0.0,GARC1,RUS,EMB,embA@H1061Q,U,{},"{""proportion"": 0.0, ""confidence"": [0.0, 0.7934506856227626], ""p_value"": 1.0, ""contingency"": [[0, 1], [434, 28842]]}",{}
144,NC00962.3,EMB-0.25-0.95,0.0,GARC1,RUS,EMB,embB@P404S,U,{},"{""proportion"": 0.2857142857142857, ""confidence"": [0.0822189240040568, 0.6410655481673808], ""p_value"": 1.0, ""contingency"": [[2, 5], [434, 28842]]}",{}
145,NC00962.3,EMB-0.25-0.95,0.0,GARC1,RUS,EMB,embA@A985P,U,{},"{""proportion"": 0.0, ""confidence"": [4.8683609171202235e-17, 0.5614970317550455], ""p_value"": 1.0, ""contingency"": [[0, 3], [434, 28842]]}",{}
146,NC00962.3,EMB-0.25-0.95,0.0,GARC1,RUS,EMB,embB@A30T,U,{},"{""proportion"": 0.0, ""confidence"": [4.8683609171202235e-17, 0.5614970317550455], ""p_value"": 1.0, ""contingency"": [[0, 3], [434, 28842]]}",{}
147,NC00962.3,EMB-0.25-0.95,0.0,GARC1,RUS,EMB,embB@I563L,U,{},"{""proportion"": 0.06666666666666667, ""confidence"": [0.011866895493268559, 0.29816529873780023], ""p_value"": 0.13680107612162828, ""contingency"": [[1, 14], [434, 28842]]}",{}
148,NC00962.3,EMB-0.25-0.95,0.0,GARC1,RUS,EMB,embB@A679T,U,{},"{""proportion"": 0.0, ""confidence"": [3.384324554477539e-17, 0.39033428790216534], ""p_value"": 0.347412109375, ""contingency"": [[0, 6], [434, 28842]]}",{}
149,NC00962.3,EMB-0.25-0.95,0.0,GARC1,RUS,EMB,embB@A457T,U,{},"{""proportion"": 0.0, ""confidence"": [0.0, 0.7934506856227626], ""p_value"": 1.0, ""contingency"": [[0, 1], [434, 28842]]}",{}
150,NC00962.3,EMB-0.25-0.95,0.0,GARC1,RUS,EMB,embA@P745L,U,{},"{""proportion"": 0.0, ""confidence"": [0.0, 0.7934506856227626], ""p_value"": 1.0, ""contingency"": [[0, 1], [434, 28842]]}",{}
152,NC00962.3,EMB-0.25-0.95,0.0,GARC1,RUS,EMB,embB@Y319D,U,{},"{""proportion"": 0.2857142857142857, ""confidence"": [0.0822189240040568, 0.6410655481673808], ""p_value"": 1.0, ""contingency"": [[2, 5], [434, 28842]]}",{}
153,NC00962.3,EMB-0.25-0.95,0.0,GARC1,RUS,EMB,embA@L653P,U,{},"{""proportion"": 0.0, ""confidence"": [0.0, 0.7934506856227626], ""p_value"": 1.0, ""contingency"": [[0, 1], [434, 28842]]}",{}
154,NC00962.3,EMB-0.25-0.95,0.0,GARC1,RUS,EMB,embB@T588M,U,{},"{""proportion"": 0.0, ""confidence"": [4.8683609171202235e-17, 0.5614970317550455], ""p_value"": 1.0, ""contingency"": [[0, 3], [434, 28842]]}",{}
155,NC00962.3,EMB-0.25-0.95,0.0,GARC1,RUS,EMB,embB@H687Y,U,{},"{""proportion"": 0.0, ""confidence"": [0.0, 0.6576197724933469], ""p_value"": 1.0, ""contingency"": [[0, 2], [434, 28842]]}",{}
156,NC00962.3,EMB-0.25-0.95,0.0,GARC1,RUS,EMB,embB@S412L,U,{},"{""proportion"": 0.0, ""confidence"": [0.0, 0.7934506856227626], ""p_value"": 1.0, ""contingency"": [[0, 1], [434, 28842]]}",{}
157,NC00962.3,EMB-0.25-0.95,0.0,GARC1,RUS,EMB,embA@K1012M,U,{},"{""proportion"": 0.0, ""confidence"": [0.0, 0.7934506856227626], ""p_value"": 1.0, ""contingency"": [[0, 1], [434, 28842]]}",{}
158,NC00962.3,EMB-0.25-0.95,0.0,GARC1,RUS,EMB,embB@V963M,U,{},"{""proportion"": 0.0, ""confidence"": [0.0, 0.7934506856227626], ""p_value"": 1.0, ""contingency"": [[0, 1], [434, 28842]]}",{}
159,NC00962.3,EMB-0.25-0.95,0.0,GARC1,RUS,EMB,embA@R11W,U,{},"{""proportion"": 0.0, ""confidence"": [0.0, 0.7934506856227626], ""p_value"": 1.0, ""contingency"": [[0, 1], [434, 28842]]}",{}
160,NC00962.3,EMB-0.25-0.95,0.0,GARC1,RUS,EMB,embA@g-75c,U,{},"{""proportion"": 0.0, ""confidence"": [0.0, 0.4898908364545973], ""p_value"": 0.578125, ""contingency"": [[0, 4], [434, 28842]]}",{}
161,NC00962.3,EMB-0.25-0.95,0.0,GARC1,RUS,EMB,embB@A720V,U,{},"{""proportion"": 0.0, ""confidence"": [0.0, 0.7934506856227626], ""p_value"": 1.0, ""contingency"": [[0, 1], [434, 28842]]}",{}
162,NC00962.3,EMB-0.25-0.95,0.0,GARC1,RUS,EMB,embA@G1083D,U,{},"{""proportion"": 0.0, ""confidence"": [0.0, 0.7934506856227626], ""p_value"": 1.0, ""contingency"": [[0, 1], [434, 28842]]}",{}
163,NC00962.3,EMB-0.25-0.95,0.0,GARC1,RUS,EMB,embA@A974T,U,{},"{""proportion"": 0.0, ""confidence"": [0.0, 0.7934506856227626], ""p_value"": 1.0, ""contingency"": [[0, 1], [434, 28842]]}",{}
164,NC00962.3,EMB-0.25-0.95,0.0,GARC1,RUS,EMB,embB@Q497E,U,{},"{""proportion"": 0.0, ""confidence"": [0.0, 0.7934506856227626], ""p_value"": 1.0, ""contingency"": [[0, 1], [434, 28842]]}",{}
165,NC00962.3,EMB-0.25-0.95,0.0,GARC1,RUS,EMB,embA@G29V,U,{},"{""proportion"": 0.0, ""confidence"": [0.0, 0.7934506856227626], ""p_value"": 1.0, ""contingency"": [[0, 1], [434, 28842]]}",{}
166,NC00962.3,EMB-0.25-0.95,0.0,GARC1,RUS,EMB,embA@A483T,U,{},"{""proportion"": 0.0, ""confidence"": [0.0, 0.6576197724933469], ""p_value"": 1.0, ""contingency"": [[0, 2], [434, 28842]]}",{}
167,NC00962.3,EMB-0.25-0.95,0.0,GARC1,RUS,EMB,embB@K107E,U,{},"{""proportion"": 0.0, ""confidence"": [0.0, 0.7934506856227626], ""p_value"": 1.0, ""contingency"": [[0, 1], [434, 28842]]}",{}
168,NC00962.3,EMB-0.25-0.95,0.0,GARC1,RUS,EMB,embB@1836_ins_ttggta,U,{},"{""proportion"": 0.0, ""confidence"": [0.0, 0.7934506856227626], ""p_value"": 1.0, ""contingency"": [[0, 1], [434, 28842]]}",{}
169,NC00962.3,EMB-0.25-0.95,0.0,GARC1,RUS,EMB,embB@H872Y,U,{},"{""proportion"": 0.0, ""confidence"": [0.0, 0.7934506856227626], ""p_value"": 1.0, ""contingency"": [[0, 1], [434, 28842]]}",{}
170,NC00962.3,EMB-0.25-0.95,0.0,GARC1,RUS,EMB,embA@S654L,U,{},"{""proportion"": 0.0, ""confidence"": [0.0, 0.7934506856227626], ""p_value"": 1.0, ""contingency"": [[0, 1], [434, 28842]]}",{}
171,NC00962.3,EMB-0.25-0.95,0.0,GARC1,RUS,EMB,embB@V444M,U,{},"{""proportion"": 0.0, ""confidence"": [0.0, 0.6576197724933469], ""p_value"": 1.0, ""contingency"": [[0, 2], [434, 28842]]}",{}
172,NC00962.3,EMB-0.25-0.95,0.0,GARC1,RUS,EMB,embA@D235N,U,{},"{""proportion"": 0.0, ""confidence"": [0.0, 0.6576197724933469], ""p_value"": 1.0, ""contingency"": [[0, 2], [434, 28842]]}",{}
173,NC00962.3,EMB-0.25-0.95,0.0,GARC1,RUS,EMB,embB@A225E,U,{},"{""proportion"": 0.0, ""confidence"": [0.0, 0.7934506856227626], ""p_value"": 1.0, ""contingency"": [[0, 1], [434, 28842]]}",{}
174,NC00962.3,EMB-0.25-0.95,0.0,GARC1,RUS,EMB,embA@A150T,U,{},"{""proportion"": 0.0, ""confidence"": [0.0, 0.7934506856227626], ""p_value"": 1.0, ""contingency"": [[0, 1], [434, 28842]]}",{}
175,NC00962.3,EMB-0.25-0.95,0.0,GARC1,RUS,EMB,embA@Q47H,U,{},"{""proportion"": 0.0, ""confidence"": [0.0, 0.6576197724933469], ""p_value"": 1.0, ""contingency"": [[0, 2], [434, 28842]]}",{}
176,NC00962.3,EMB-0.25-0.95,0.0,GARC1,RUS,EMB,embA@G275S,U,{},"{""proportion"": 0.0, ""confidence"": [0.0, 0.7934506856227626], ""p_value"": 1.0, ""contingency"": [[0, 1], [434, 28842]]}",{}
177,NC00962.3,EMB-0.25-0.95,0.0,GARC1,RUS,EMB,embA@T566M,U,{},"{""proportion"": 0.0, ""confidence"": [0.0, 0.6576197724933469], ""p_value"": 1.0, ""contingency"": [[0, 2], [434, 28842]]}",{}
178,NC00962.3,EMB-0.25-0.95,0.0,GARC1,RUS,EMB,embA@A80T,U,{},"{""proportion"": 0.0, ""confidence"": [0.0, 0.7934506856227626], ""p_value"": 1.0, ""contingency"": [[0, 1], [434, 28842]]}",{}
179,NC00962.3,EMB-0.25-0.95,0.0,GARC1,RUS,EMB,embB@A495T,U,{},"{""proportion"": 0.0, ""confidence"": [4.8683609171202235e-17, 0.5614970317550455], ""p_value"": 1.0, ""contingency"": [[0, 3], [434, 28842]]}",{}
180,NC00962.3,EMB-0.25-0.95,0.0,GARC1,RUS,EMB,embA@A95T,U,{},"{""proportion"": 0.0, ""confidence"": [0.0, 0.7934506856227626], ""p_value"": 1.0, ""contingency"": [[0, 1], [434, 28842]]}",{}
181,NC00962.3,EMB-0.25-0.95,0.0,GARC1,RUS,EMB,embB@G187W,U,{},"{""proportion"": 0.0, ""confidence"": [0.0, 0.7934506856227626], ""p_value"": 1.0, ""contingency"": [[0, 1], [434, 28842]]}",{}
182,NC00962.3,EMB-0.25-0.95,0.0,GARC1,RUS,EMB,embA@A686S,U,{},"{""proportion"": 0.0, ""confidence"": [0.0, 0.7934506856227626], ""p_value"": 1.0, ""contingency"": [[0, 1], [434, 28842]]}",{}
183,NC00962.3,EMB-0.25-0.95,0.0,GARC1,RUS,EMB,embB@K765N,U,{},"{""proportion"": 0.0, ""confidence"": [0.0, 0.7934506856227626], ""p_value"": 1.0, ""contingency"": [[0, 1], [434, 28842]]}",{}
184,NC00962.3,EMB-0.25-0.95,0.0,GARC1,RUS,EMB,embB@V116I,U,{},"{""proportion"": 0.0, ""confidence"": [0.0, 0.7934506856227626], ""p_value"": 1.0, ""contingency"": [[0, 1], [434, 28842]]}",{}
185,NC00962.3,EMB-0.25-0.95,0.0,GARC1,RUS,EMB,embA@A874T,U,{},"{""proportion"": 0.0, ""confidence"": [0.0, 0.7934506856227626], ""p_value"": 1.0, ""contingency"": [[0, 1], [434, 28842]]}",{}
186,NC00962.3,EMB-0.25-0.95,0.0,GARC1,RUS,EMB,embA@V607M,U,{},"{""proportion"": 0.0, ""confidence"": [0.0, 0.4898908364545973], ""p_value"": 0.578125, ""contingency"": [[0, 4], [434, 28842]]}",{}
187,NC00962.3,EMB-0.25-0.95,0.0,GARC1,RUS,EMB,embA@P714S,U,{},"{""proportion"": 1.0, ""confidence"": [0.20654931437723742, 1.0], ""p_value"": 0.25, ""contingency"": [[1, 0], [434, 28842]]}",{}
188,NC00962.3,EMB-0.25-0.95,0.0,GARC1,RUS,EMB,embA@D902E,U,{},"{""proportion"": 0.0, ""confidence"": [0.0, 0.7934506856227626], ""p_value"": 1.0, ""contingency"": [[0, 1], [434, 28842]]}",{}
189,NC00962.3,EMB-0.25-0.95,0.0,GARC1,RUS,EMB,embB@V123A,U,{},"{""proportion"": 0.0, ""confidence"": [0.0, 0.7934506856227626], ""p_value"": 1.0, ""contingency"": [[0, 1], [434, 28842]]}",{}
190,NC00962.3,EMB-0.25-0.95,0.0,GARC1,RUS,EMB,embB@M660R,U,{},"{""proportion"": 0.0, ""confidence"": [0.0, 0.7934506856227626], ""p_value"": 1.0, ""contingency"": [[0, 1], [434, 28842]]}",{}
191,NC00962.3,EMB-0.25-0.95,0.0,GARC1,RUS,EMB,embA@G909R,U,{},"{""proportion"": 0.0, ""confidence"": [0.0, 0.4898908364545973], ""p_value"": 0.578125, ""contingency"": [[0, 4], [434, 28842]]}",{}
192,NC00962.3,EMB-0.25-0.95,0.0,GARC1,RUS,EMB,embA@R380L,U,{},"{""proportion"": 0.0, ""confidence"": [0.0, 0.6576197724933469], ""p_value"": 1.0, ""contingency"": [[0, 2], [434, 28842]]}",{}
193,NC00962.3,EMB-0.25-0.95,0.0,GARC1,RUS,EMB,embB@G65S,U,{},"{""proportion"": 0.0, ""confidence"": [0.0, 0.4898908364545973], ""p_value"": 0.578125, ""contingency"": [[0, 4], [434, 28842]]}",{}
194,NC00962.3,EMB-0.25-0.95,0.0,GARC1,RUS,EMB,embB@P866S,U,{},"{""proportion"": 0.0, ""confidence"": [0.0, 0.7934506856227626], ""p_value"": 1.0, ""contingency"": [[0, 1], [434, 28842]]}",{}
195,NC00962.3,EMB-0.25-0.95,0.0,GARC1,RUS,EMB,embA@S309A,U,{},"{""proportion"": 0.0, ""confidence"": [0.0, 0.7934506856227626], ""p_value"": 1.0, ""contingency"": [[0, 1], [434, 28842]]}",{}
196,NC00962.3,EMB-0.25-0.95,0.0,GARC1,RUS,EMB,embB@T126N,U,{},"{""proportion"": 0.0, ""confidence"": [0.0, 0.6576197724933469], ""p_value"": 1.0, ""contingency"": [[0, 2], [434, 28842]]}",{}
197,NC00962.3,EMB-0.25-0.95,0.0,GARC1,RUS,EMB,embB@P824L,U,{},"{""proportion"": 0.0, ""confidence"": [0.0, 0.6576197724933469], ""p_value"": 1.0, ""contingency"": [[0, 2], [434, 28842]]}",{}
198,NC00962.3,EMB-0.25-0.95,0.0,GARC1,RUS,EMB,embA@V1074A,U,{},"{""proportion"": 0.0, ""confidence"": [0.0, 0.7934506856227626], ""p_value"": 1.0, ""contingency"": [[0, 1], [434, 28842]]}",{}
199,NC00962.3,EMB-0.25-0.95,0.0,GARC1,RUS,EMB,embB@G374E,U,{},"{""proportion"": 0.0, ""confidence"": [0.0, 0.6576197724933469], ""p_value"": 1.0, ""contingency"": [[0, 2], [434, 28842]]}",{}
200,NC00962.3,EMB-0.25-0.95,0.0,GARC1,RUS,EMB,embA@K816N,U,{},"{""proportion"": 0.0, ""confidence"": [0.0, 0.6576197724933469], ""p_value"": 1.0, ""contingency"": [[0, 2], [434, 28842]]}",{}
201,NC00962.3,EMB-0.25-0.95,0.0,GARC1,RUS,EMB,embB@A33P,U,{},"{""proportion"": 0.0, ""confidence"": [0.0, 0.7934506856227626], ""p_value"": 1.0, ""contingency"": [[0, 1], [434, 28842]]}",{}
202,NC00962.3,EMB-0.25-0.95,0.0,GARC1,RUS,EMB,embA@Y289C,U,{},"{""proportion"": 0.0, ""confidence"": [0.0, 0.7934506856227626], ""p_value"": 1.0, ""contingency"": [[0, 1], [434, 28842]]}",{}
203,NC00962.3,EMB-0.25-0.95,0.0,GARC1,RUS,EMB,embB@T216A,U,{},"{""proportion"": 0.0, ""confidence"": [0.0, 0.6576197724933469], ""p_value"": 1.0, ""contingency"": [[0, 2], [434, 28842]]}",{}
204,NC00962.3,EMB-0.25-0.95,0.0,GARC1,RUS,EMB,embA@R325C,U,{},"{""proportion"": 0.0, ""confidence"": [0.0, 0.7934506856227626], ""p_value"": 1.0, ""contingency"": [[0, 1], [434, 28842]]}",{}
205,NC00962.3,EMB-0.25-0.95,0.0,GARC1,RUS,EMB,embA@P1094T,U,{},"{""proportion"": 0.0, ""confidence"": [0.0, 0.7934506856227626], ""p_value"": 1.0, ""contingency"": [[0, 1], [434, 28842]]}",{}
206,NC00962.3,EMB-0.25-0.95,0.0,GARC1,RUS,EMB,embB@M586V,U,{},"{""proportion"": 0.0, ""confidence"": [0.0, 0.7934506856227626], ""p_value"": 1.0, ""contingency"": [[0, 1], [434, 28842]]}",{}
207,NC00962.3,EMB-0.25-0.95,0.0,GARC1,RUS,EMB,embB@P983T,U,{},"{""proportion"": 0.0, ""confidence"": [0.0, 0.7934506856227626], ""p_value"": 1.0, ""contingency"": [[0, 1], [434, 28842]]}",{}
208,NC00962.3,EMB-0.25-0.95,0.0,GARC1,RUS,EMB,embA@A148E,U,{},"{""proportion"": 0.0, ""confidence"": [0.0, 0.7934506856227626], ""p_value"": 1.0, ""contingency"": [[0, 1], [434, 28842]]}",{}
209,NC00962.3,EMB-0.25-0.95,0.0,GARC1,RUS,EMB,embA@-41_del_a,U,{},"{""proportion"": 0.0, ""confidence"": [0.0, 0.7934506856227626], ""p_value"": 1.0, ""contingency"": [[0, 1], [434, 28842]]}",{}
210,NC00962.3,EMB-0.25-0.95,0.0,GARC1,RUS,EMB,embB@D870N,U,{},"{""proportion"": 0.0, ""confidence"": [4.8683609171202235e-17, 0.5614970317550455], ""p_value"": 1.0, ""contingency"": [[0, 3], [434, 28842]]}",{}
211,NC00962.3,EMB-0.25-0.95,0.0,GARC1,RUS,EMB,embB@A601P,U,{},"{""proportion"": 0.0, ""confidence"": [0.0, 0.7934506856227626], ""p_value"": 1.0, ""contingency"": [[0, 1], [434, 28842]]}",{}
212,NC00962.3,EMB-0.25-0.95,0.0,GARC1,RUS,EMB,embB@Q3H,U,{},"{""proportion"": 0.0, ""confidence"": [0.0, 0.7934506856227626], ""p_value"": 1.0, ""contingency"": [[0, 1], [434, 28842]]}",{}
213,NC00962.3,EMB-0.25-0.95,0.0,GARC1,RUS,EMB,embB@W332R,U,{},"{""proportion"": 0.2857142857142857, ""confidence"": [0.0822189240040568, 0.6410655481673808], ""p_value"": 1.0, ""contingency"": [[2, 5], [434, 28842]]}",{}
214,NC00962.3,EMB-0.25-0.95,0.0,GARC1,RUS,EMB,embB@T849A,U,{},"{""proportion"": 0.0, ""confidence"": [0.0, 0.4898908364545973], ""p_value"": 0.578125, ""contingency"": [[0, 4], [434, 28842]]}",{}
215,NC00962.3,EMB-0.25-0.95,0.0,GARC1,RUS,EMB,embA@I155V,U,{},"{""proportion"": 0.0, ""confidence"": [3.584186086443356e-17, 0.3543304350666874], ""p_value"": 0.20404052734375, ""contingency"": [[0, 7], [434, 28842]]}",{}
216,NC00962.3,EMB-0.25-0.95,0.0,GARC1,RUS,EMB,embB@A388S,U,{},"{""proportion"": 0.0, ""confidence"": [0.0, 0.7934506856227626], ""p_value"": 1.0, ""contingency"": [[0, 1], [434, 28842]]}",{}
217,NC00962.3,EMB-0.25-0.95,0.0,GARC1,RUS,EMB,embB@G769A,U,{},"{""proportion"": 0.0, ""confidence"": [0.0, 0.7934506856227626], ""p_value"": 1.0, ""contingency"": [[0, 1], [434, 28842]]}",{}
218,NC00962.3,EMB-0.25-0.95,0.0,GARC1,RUS,EMB,embB@R182L,U,{},"{""proportion"": 0.0, ""confidence"": [0.0, 0.7934506856227626], ""p_value"": 1.0, ""contingency"": [[0, 1], [434, 28842]]}",{}
219,NC00962.3,EMB-0.25-0.95,0.0,GARC1,RUS,EMB,embB@R14Q,U,{},"{""proportion"": 0.16666666666666666, ""confidence"": [0.030053369748306632, 0.5635028221864702], ""p_value"": 1.0, ""contingency"": [[1, 5], [434, 28842]]}",{}
221,NC00962.3,EMB-0.25-0.95,0.0,GARC1,RUS,EMB,embB@S22P,U,{},"{""proportion"": 0.0, ""confidence"": [0.0, 0.7934506856227626], ""p_value"": 1.0, ""contingency"": [[0, 1], [434, 28842]]}",{}
222,NC00962.3,EMB-0.25-0.95,0.0,GARC1,RUS,EMB,embA@S788F,U,{},"{""proportion"": 0.0, ""confidence"": [0.0, 0.7934506856227626], ""p_value"": 1.0, ""contingency"": [[0, 1], [434, 28842]]}",{}
223,NC00962.3,EMB-0.25-0.95,0.0,GARC1,RUS,EMB,embB@S651N,U,{},"{""proportion"": 1.0, ""confidence"": [0.20654931437723742, 1.0], ""p_value"": 0.25, ""contingency"": [[1, 0], [434, 28842]]}",{}
224,NC00962.3,EMB-0.25-0.95,0.0,GARC1,RUS,EMB,embB@A102S,U,{},"{""proportion"": 0.0, ""confidence"": [0.0, 0.7934506856227626], ""p_value"": 1.0, ""contingency"": [[0, 1], [434, 28842]]}",{}
225,NC00962.3,EMB-0.25-0.95,0.0,GARC1,RUS,EMB,embB@A1073V,U,{},"{""proportion"": 0.0, ""confidence"": [0.0, 0.6576197724933469], ""p_value"": 1.0, ""contingency"": [[0, 2], [434, 28842]]}",{}
226,NC00962.3,EMB-0.25-0.95,0.0,GARC1,RUS,EMB,embB@P818L,U,{},"{""proportion"": 0.0, ""confidence"": [0.0, 0.7934506856227626], ""p_value"": 1.0, ""contingency"": [[0, 1], [434, 28842]]}",{}
227,NC00962.3,EMB-0.25-0.95,0.0,GARC1,RUS,EMB,embB@V618M,U,{},"{""proportion"": 0.06666666666666667, ""confidence"": [0.011866895493268559, 0.29816529873780023], ""p_value"": 0.13680107612162828, ""contingency"": [[1, 14], [434, 28842]]}",{}
228,NC00962.3,EMB-0.25-0.95,0.0,GARC1,RUS,EMB,embB@F398L,U,{},"{""proportion"": 0.0, ""confidence"": [0.0, 0.7934506856227626], ""p_value"": 1.0, ""contingency"": [[0, 1], [434, 28842]]}",{}
229,NC00962.3,EMB-0.25-0.95,0.0,GARC1,RUS,EMB,embB@P103T,U,{},"{""proportion"": 0.0, ""confidence"": [0.0, 0.2775327998628892], ""p_value"": 0.07604122161865237, ""contingency"": [[0, 10], [434, 28842]]}",{}
230,NC00962.3,EMB-0.25-0.95,0.0,GARC1,RUS,EMB,embB@V417A,U,{},"{""proportion"": 0.0, ""confidence"": [0.0, 0.4898908364545973], ""p_value"": 0.578125, ""contingency"": [[0, 4], [434, 28842]]}",{}
231,NC00962.3,EMB-0.25-0.95,0.0,GARC1,RUS,EMB,embB@E138K,U,{},"{""proportion"": 0.0, ""confidence"": [0.0, 0.7934506856227626], ""p_value"": 1.0, ""contingency"": [[0, 1], [434, 28842]]}",{}
232,NC00962.3,EMB-0.25-0.95,0.0,GARC1,RUS,EMB,embA@S77P,U,{},"{""proportion"": 0.0, ""confidence"": [0.0, 0.4898908364545973], ""p_value"": 0.578125, ""contingency"": [[0, 4], [434, 28842]]}",{}
233,NC00962.3,EMB-0.25-0.95,0.0,GARC1,RUS,EMB,embB@M396I,U,{},"{""proportion"": 0.0, ""confidence"": [0.0, 0.6576197724933469], ""p_value"": 1.0, ""contingency"": [[0, 2], [434, 28842]]}",{}
234,NC00962.3,EMB-0.25-0.95,0.0,GARC1,RUS,EMB,embA@P754S,U,{},"{""proportion"": 0.0, ""confidence"": [0.0, 0.7934506856227626], ""p_value"": 1.0, ""contingency"": [[0, 1], [434, 28842]]}",{}
235,NC00962.3,EMB-0.25-0.95,0.0,GARC1,RUS,EMB,embB@V131M,U,{},"{""proportion"": 0.0, ""confidence"": [0.0, 0.43448246478317476], ""p_value"": 0.34082031250000006, ""contingency"": [[0, 5], [434, 28842]]}",{}
236,NC00962.3,EMB-0.25-0.95,0.0,GARC1,RUS,EMB,embB@I489T,U,{},"{""proportion"": 0.0, ""confidence"": [0.0, 0.6576197724933469], ""p_value"": 1.0, ""contingency"": [[0, 2], [434, 28842]]}",{}
237,NC00962.3,EMB-0.25-0.95,0.0,GARC1,RUS,EMB,embA@F577Y,U,{},"{""proportion"": 1.0, ""confidence"": [0.20654931437723742, 1.0], ""p_value"": 0.25, ""contingency"": [[1, 0], [434, 28842]]}",{}
238,NC00962.3,EMB-0.25-0.95,0.0,GARC1,RUS,EMB,embA@A921E,U,{},"{""proportion"": 0.0, ""confidence"": [0.0, 0.7934506856227626], ""p_value"": 1.0, ""contingency"": [[0, 1], [434, 28842]]}",{}
239,NC00962.3,EMB-0.25-0.95,0.0,GARC1,RUS,EMB,embA@V18I,U,{},"{""proportion"": 0.0, ""confidence"": [0.0, 0.6576197724933469], ""p_value"": 1.0, ""contingency"": [[0, 2], [434, 28842]]}",{}
240,NC00962.3,EMB-0.25-0.95,0.0,GARC1,RUS,EMB,embB@A1083E,U,{},"{""proportion"": 0.0, ""confidence"": [0.0, 0.6576197724933469], ""p_value"": 1.0, ""contingency"": [[0, 2], [434, 28842]]}",{}
241,NC00962.3,EMB-0.25-0.95,0.0,GARC1,RUS,EMB,embA@P901Q,U,{},"{""proportion"": 0.0, ""confidence"": [0.0, 0.7934506856227626], ""p_value"": 1.0, ""contingency"": [[0, 1], [434, 28842]]}",{}
242,NC00962.3,EMB-0.25-0.95,0.0,GARC1,RUS,EMB,embA@R229S,U,{},"{""proportion"": 0.0, ""confidence"": [0.0, 0.7934506856227626], ""p_value"": 1.0, ""contingency"": [[0, 1], [434, 28842]]}",{}
243,NC00962.3,EMB-0.25-0.95,0.0,GARC1,RUS,EMB,embA@G759R,U,{},"{""proportion"": 0.0, ""confidence"": [0.0, 0.7934506856227626], ""p_value"": 1.0, ""contingency"": [[0, 1], [434, 28842]]}",{}
244,NC00962.3,EMB-0.25-0.95,0.0,GARC1,RUS,EMB,embA@N722D,U,{},"{""proportion"": 0.0, ""confidence"": [0.0, 0.7934506856227626], ""p_value"": 1.0, ""contingency"": [[0, 1], [434, 28842]]}",{}
245,NC00962.3,EMB-0.25-0.95,0.0,GARC1,RUS,EMB,embB@S347I,U,{},"{""proportion"": 0.2, ""confidence"": [0.03622410863243013, 0.6244653702374747], ""p_value"": 1.0, ""contingency"": [[1, 4], [434, 28842]]}",{}
247,NC00962.3,EMB-0.25-0.95,0.0,GARC1,RUS,EMB,embB@V77I,U,{},"{""proportion"": 0.0, ""confidence"": [0.0, 0.4898908364545973], ""p_value"": 0.578125, ""contingency"": [[0, 4], [434, 28842]]}",{}
248,NC00962.3,EMB-0.25-0.95,0.0,GARC1,RUS,EMB,embA@A331S,U,{},"{""proportion"": 0.0, ""confidence"": [0.0, 0.7934506856227626], ""p_value"": 1.0, ""contingency"": [[0, 1], [434, 28842]]}",{}
249,NC00962.3,EMB-0.25-0.95,0.0,GARC1,RUS,EMB,embA@V98L,U,{},"{""proportion"": 0.0, ""confidence"": [0.0, 0.6576197724933469], ""p_value"": 1.0, ""contingency"": [[0, 2], [434, 28842]]}",{}
250,NC00962.3,EMB-0.25-0.95,0.0,GARC1,RUS,EMB,embB@I32T,U,{},"{""proportion"": 0.0, ""confidence"": [0.0, 0.4898908364545973], ""p_value"": 0.578125, ""contingency"": [[0, 4], [434, 28842]]}",{}
251,NC00962.3,EMB-0.25-0.95,0.0,GARC1,RUS,EMB,embA@S824A,U,{},"{""proportion"": 0.0, ""confidence"": [0.0, 0.7934506856227626], ""p_value"": 1.0, ""contingency"": [[0, 1], [434, 28842]]}",{}
252,NC00962.3,EMB-0.25-0.95,0.0,GARC1,RUS,EMB,embB@T643P,U,{},"{""proportion"": 0.0, ""confidence"": [0.0, 0.7934506856227626], ""p_value"": 1.0, ""contingency"": [[0, 1], [434, 28842]]}",{}
253,NC00962.3,EMB-0.25-0.95,0.0,GARC1,RUS,EMB,embA@P838L,U,{},"{""proportion"": 0.0, ""confidence"": [4.8683609171202235e-17, 0.5614970317550455], ""p_value"": 1.0, ""contingency"": [[0, 3], [434, 28842]]}",{}
254,NC00962.3,EMB-0.25-0.95,0.0,GARC1,RUS,EMB,embB@S347T,U,{},"{""proportion"": 0.6666666666666666, ""confidence"": [0.20765960080204768, 0.9385080552796037], ""p_value"": 0.15625, ""contingency"": [[2, 1], [434, 28842]]}",{}
255,NC00962.3,EMB-0.25-0.95,0.0,GARC1,RUS,EMB,embA@D678A,U,{},"{""proportion"": 0.0, ""confidence"": [0.0, 0.7934506856227626], ""p_value"": 1.0, ""contingency"": [[0, 1], [434, 28842]]}",{}
256,NC00962.3,EMB-0.25-0.95,0.0,GARC1,RUS,EMB,embA@F565L,U,{},"{""proportion"": 0.0, ""confidence"": [0.0, 0.7934506856227626], ""p_value"": 1.0, ""contingency"": [[0, 1], [434, 28842]]}",{}
257,NC00962.3,EMB-0.25-0.95,0.0,GARC1,RUS,EMB,embB@M575R,U,{},"{""proportion"": 0.0, ""confidence"": [0.0, 0.6576197724933469], ""p_value"": 1.0, ""contingency"": [[0, 2], [434, 28842]]}",{}
258,NC00962.3,EMB-0.25-0.95,0.0,GARC1,RUS,EMB,embA@V531L,U,{},"{""proportion"": 0.0, ""confidence"": [3.584186086443356e-17, 0.3543304350666874], ""p_value"": 0.20404052734375, ""contingency"": [[0, 7], [434, 28842]]}",{}
259,NC00962.3,EMB-0.25-0.95,0.0,GARC1,RUS,EMB,embA@P976L,U,{},"{""proportion"": 0.0, ""confidence"": [0.0, 0.7934506856227626], ""p_value"": 1.0, ""contingency"": [[0, 1], [434, 28842]]}",{}
260,NC00962.3,EMB-0.25-0.95,0.0,GARC1,RUS,EMB,embB@S650P,U,{},"{""proportion"": 0.0, ""confidence"": [0.0, 0.7934506856227626], ""p_value"": 1.0, ""contingency"": [[0, 1], [434, 28842]]}",{}
261,NC00962.3,EMB-0.25-0.95,0.0,GARC1,RUS,EMB,embA@E1075G,U,{},"{""proportion"": 0.0, ""confidence"": [0.0, 0.7934506856227626], ""p_value"": 1.0, ""contingency"": [[0, 1], [434, 28842]]}",{}
262,NC00962.3,EMB-0.25-0.95,0.0,GARC1,RUS,EMB,embA@T475M,U,{},"{""proportion"": 0.0, ""confidence"": [0.0, 0.7934506856227626], ""p_value"": 1.0, ""contingency"": [[0, 1], [434, 28842]]}",{}
263,NC00962.3,EMB-0.25-0.95,0.0,GARC1,RUS,EMB,embA@Q858R,U,{},"{""proportion"": 0.0, ""confidence"": [0.0, 0.6576197724933469], ""p_value"": 1.0, ""contingency"": [[0, 2], [434, 28842]]}",{}
264,NC00962.3,EMB-0.25-0.95,0.0,GARC1,RUS,EMB,embA@P1094S,U,{},"{""proportion"": 0.0, ""confidence"": [4.8683609171202235e-17, 0.5614970317550455], ""p_value"": 1.0, ""contingency"": [[0, 3], [434, 28842]]}",{}
265,NC00962.3,EMB-0.25-0.95,0.0,GARC1,RUS,EMB,embB@R173C,U,{},"{""proportion"": 0.0, ""confidence"": [0.0, 0.7934506856227626], ""p_value"": 1.0, ""contingency"": [[0, 1], [434, 28842]]}",{}
266,NC00962.3,EMB-0.25-0.95,0.0,GARC1,RUS,EMB,embA@R472L,U,{},"{""proportion"": 0.0, ""confidence"": [0.0, 0.6576197724933469], ""p_value"": 1.0, ""contingency"": [[0, 2], [434, 28842]]}",{}
267,NC00962.3,EMB-0.25-0.95,0.0,GARC1,RUS,EMB,embB@Q445R,U,{},"{""proportion"": 0.5, ""confidence"": [0.15003898915214947, 0.8499610108478506], ""p_value"": 0.26171875, ""contingency"": [[2, 2], [434, 28842]]}",{}
268,NC00962.3,EMB-0.25-0.95,0.0,GARC1,RUS,EMB,embB@T157I,U,{},"{""proportion"": 0.0, ""confidence"": [0.0, 0.43448246478317476], ""p_value"": 0.34082031250000006, ""contingency"": [[0, 5], [434, 28842]]}",{}
269,NC00962.3,EMB-0.25-0.95,0.0,GARC1,RUS,EMB,embA@P548L,U,{},"{""proportion"": 0.0, ""confidence"": [0.0, 0.7934506856227626], ""p_value"": 1.0, ""contingency"": [[0, 1], [434, 28842]]}",{}
270,NC00962.3,EMB-0.25-0.95,0.0,GARC1,RUS,EMB,embB@G851D,U,{},"{""proportion"": 0.0, ""confidence"": [0.0, 0.7934506856227626], ""p_value"": 1.0, ""contingency"": [[0, 1], [434, 28842]]}",{}
271,NC00962.3,EMB-0.25-0.95,0.0,GARC1,RUS,EMB,embB@F688V,U,{},"{""proportion"": 0.0, ""confidence"": [0.0, 0.7934506856227626], ""p_value"": 1.0, ""contingency"": [[0, 1], [434, 28842]]}",{}
272,NC00962.3,EMB-0.25-0.95,0.0,GARC1,RUS,EMB,embA@Q1004R,U,{},"{""proportion"": 0.0, ""confidence"": [0.0, 0.7934506856227626], ""p_value"": 1.0, ""contingency"": [[0, 1], [434, 28842]]}",{}
273,NC00962.3,EMB-0.25-0.95,0.0,GARC1,RUS,EMB,embA@L459R,U,{},"{""proportion"": 0.0, ""confidence"": [0.0, 0.7934506856227626], ""p_value"": 1.0, ""contingency"": [[0, 1], [434, 28842]]}",{}
274,NC00962.3,EMB-0.25-0.95,0.0,GARC1,RUS,EMB,embB@V135M,U,{},"{""proportion"": 0.0, ""confidence"": [0.0, 0.6576197724933469], ""p_value"": 1.0, ""contingency"": [[0, 2], [434, 28842]]}",{}
275,NC00962.3,EMB-0.25-0.95,0.0,GARC1,RUS,EMB,embA@L390M,U,{},"{""proportion"": 0.0, ""confidence"": [0.0, 0.7934506856227626], ""p_value"": 1.0, ""contingency"": [[0, 1], [434, 28842]]}",{}
276,NC00962.3,EMB-0.25-0.95,0.0,GARC1,RUS,EMB,embA@S1017A,U,{},"{""proportion"": 0.0, ""confidence"": [4.8683609171202235e-17, 0.5614970317550455], ""p_value"": 1.0, ""contingency"": [[0, 3], [434, 28842]]}",{}
277,NC00962.3,EMB-0.25-0.95,0.0,GARC1,RUS,EMB,embB@D78A,U,{},"{""proportion"": 0.0, ""confidence"": [0.0, 0.7934506856227626], ""p_value"": 1.0, ""contingency"": [[0, 1], [434, 28842]]}",{}
278,NC00962.3,EMB-0.25-0.95,0.0,GARC1,RUS,EMB,embB@K662T,U,{},"{""proportion"": 0.0, ""confidence"": [0.0, 0.7934506856227626], ""p_value"": 1.0, ""contingency"": [[0, 1], [434, 28842]]}",{}
279,NC00962.3,EMB-0.25-0.95,0.0,GARC1,RUS,EMB,embB@C549F,U,{},"{""proportion"": 0.0, ""confidence"": [0.0, 0.6576197724933469], ""p_value"": 1.0, ""contingency"": [[0, 2], [434, 28842]]}",{}
280,NC00962.3,EMB-0.25-0.95,0.0,GARC1,RUS,EMB,embA@V898I,U,{},"{""proportion"": 0.0, ""confidence"": [0.0, 0.7934506856227626], ""p_value"": 1.0, ""contingency"": [[0, 1], [434, 28842]]}",{}
281,NC00962.3,EMB-0.25-0.95,0.0,GARC1,RUS,EMB,embA@W550S,U,{},"{""proportion"": 0.0, ""confidence"": [0.0, 0.7934506856227626], ""p_value"": 1.0, ""contingency"": [[0, 1], [434, 28842]]}",{}
282,NC00962.3,EMB-0.25-0.95,0.0,GARC1,RUS,EMB,embA@G146D,U,{},"{""proportion"": 0.0, ""confidence"": [0.0, 0.7934506856227626], ""p_value"": 1.0, ""contingency"": [[0, 1], [434, 28842]]}",{}
283,NC00962.3,EMB-0.25-0.95,0.0,GARC1,RUS,EMB,embA@A589E,U,{},"{""proportion"": 0.0, ""confidence"": [0.0, 0.7934506856227626], ""p_value"": 1.0, ""contingency"": [[0, 1], [434, 28842]]}",{}
284,NC00962.3,EMB-0.25-0.95,0.0,GARC1,RUS,EMB,embA@P164S,U,{},"{""proportion"": 0.0, ""confidence"": [0.0, 0.7934506856227626], ""p_value"": 1.0, ""contingency"": [[0, 1], [434, 28842]]}",{}
285,NC00962.3,EMB-0.25-0.95,0.0,GARC1,RUS,EMB,embA@D865N,U,{},"{""proportion"": 0.0, ""confidence"": [0.0, 0.2775327998628892], ""p_value"": 0.07604122161865237, ""contingency"": [[0, 10], [434, 28842]]}",{}
286,NC00962.3,EMB-0.25-0.95,0.0,GARC1,RUS,EMB,embA@V695M,U,{},"{""proportion"": 0.0, ""confidence"": [3.584186086443356e-17, 0.3543304350666874], ""p_value"": 0.20404052734375, ""contingency"": [[0, 7], [434, 28842]]}",{}
287,NC00962.3,EMB-0.25-0.95,0.0,GARC1,RUS,EMB,embB@P167R,U,{},"{""proportion"": 0.0, ""confidence"": [0.0, 0.7934506856227626], ""p_value"": 1.0, ""contingency"": [[0, 1], [434, 28842]]}",{}
288,NC00962.3,EMB-0.25-0.95,0.0,GARC1,RUS,EMB,embB@A338T,U,{},"{""proportion"": 0.0, ""confidence"": [3.384324554477539e-17, 0.39033428790216534], ""p_value"": 0.347412109375, ""contingency"": [[0, 6], [434, 28842]]}",{}
289,NC00962.3,EMB-0.25-0.95,0.0,GARC1,RUS,EMB,embA@E675K,U,{},"{""proportion"": 0.0, ""confidence"": [0.0, 0.7934506856227626], ""p_value"": 1.0, ""contingency"": [[0, 1], [434, 28842]]}",{}
290,NC00962.3,EMB-0.25-0.95,0.0,GARC1,RUS,EMB,embB@N807T,U,{},"{""proportion"": 0.0, ""confidence"": [0.0, 0.7934506856227626], ""p_value"": 1.0, ""contingency"": [[0, 1], [434, 28842]]}",{}
291,NC00962.3,EMB-0.25-0.95,0.0,GARC1,RUS,EMB,embA@Q751P,U,{},"{""proportion"": 0.0, ""confidence"": [0.0, 0.7934506856227626], ""p_value"": 1.0, ""contingency"": [[0, 1], [434, 28842]]}",{}
292,NC00962.3,EMB-0.25-0.95,0.0,GARC1,RUS,EMB,embB@L410P,U,{},"{""proportion"": 1.0, ""confidence"": [0.20654931437723742, 1.0], ""p_value"": 0.25, ""contingency"": [[1, 0], [434, 28842]]}",{}
293,NC00962.3,EMB-0.25-0.95,0.0,GARC1,RUS,EMB,embB@P531H,U,{},"{""proportion"": 0.0, ""confidence"": [0.0, 0.7934506856227626], ""p_value"": 1.0, ""contingency"": [[0, 1], [434, 28842]]}",{}
294,NC00962.3,EMB-0.25-0.95,0.0,GARC1,RUS,EMB,embA@P327S,U,{},"{""proportion"": 0.0, ""confidence"": [0.0, 0.7934506856227626], ""p_value"": 1.0, ""contingency"": [[0, 1], [434, 28842]]}",{}
295,NC00962.3,EMB-0.25-0.95,0.0,GARC1,RUS,EMB,embA@g-20a,U,{},"{""proportion"": 0.0, ""confidence"": [0.0, 0.7934506856227626], ""p_value"": 1.0, ""contingency"": [[0, 1], [434, 28842]]}",{}
296,NC00962.3,EMB-0.25-0.95,0.0,GARC1,RUS,EMB,embA@-32_del_g,U,{},"{""proportion"": 0.25, ""confidence"": [0.045587260809700575, 0.6993581574175981], ""p_value"": 1.0, ""contingency"": [[1, 3], [434, 28842]]}",{}
297,NC00962.3,EMB-0.25-0.95,0.0,GARC1,RUS,EMB,embB@R1045Q,U,{},"{""proportion"": 0.0, ""confidence"": [0.0, 0.7934506856227626], ""p_value"": 1.0, ""contingency"": [[0, 1], [434, 28842]]}",{}
298,NC00962.3,EMB-0.25-0.95,0.0,GARC1,RUS,EMB,embA@V898F,U,{},"{""proportion"": 0.0, ""confidence"": [0.0, 0.7934506856227626], ""p_value"": 1.0, ""contingency"": [[0, 1], [434, 28842]]}",{}
299,NC00962.3,EMB-0.25-0.95,0.0,GARC1,RUS,EMB,embB@F330I,U,{},"{""proportion"": 0.16666666666666666, ""confidence"": [0.030053369748306632, 0.5635028221864702], ""p_value"": 1.0, ""contingency"": [[1, 5], [434, 28842]]}",{}
300,NC00962.3,EMB-0.25-0.95,0.0,GARC1,RUS,EMB,embA@A438T,U,{},"{""proportion"": 0.0, ""confidence"": [0.0, 0.7934506856227626], ""p_value"": 1.0, ""contingency"": [[0, 1], [434, 28842]]}",{}
301,NC00962.3,EMB-0.25-0.95,0.0,GARC1,RUS,EMB,embA@g-43t,U,{},"{""proportion"": 0.0, ""confidence"": [0.0, 0.7934506856227626], ""p_value"": 1.0, ""contingency"": [[0, 1], [434, 28842]]}",{}
302,NC00962.3,EMB-0.25-0.95,0.0,GARC1,RUS,EMB,embA@2602_ins_tgg,U,{},"{""proportion"": 0.0, ""confidence"": [4.8683609171202235e-17, 0.5614970317550455], ""p_value"": 1.0, ""contingency"": [[0, 3], [434, 28842]]}",{}
303,NC00962.3,EMB-0.25-0.95,0.0,GARC1,RUS,EMB,embB@T893A,U,{},"{""proportion"": 0.0, ""confidence"": [0.0, 0.7934506856227626], ""p_value"": 1.0, ""contingency"": [[0, 1], [434, 28842]]}",{}
304,NC00962.3,EMB-0.25-0.95,0.0,GARC1,RUS,EMB,embA@A60D,U,{},"{""proportion"": 0.0, ""confidence"": [0.0, 0.7934506856227626], ""p_value"": 1.0, ""contingency"": [[0, 1], [434, 28842]]}",{}
305,NC00962.3,EMB-0.25-0.95,0.0,GARC1,RUS,EMB,embA@A430T,U,{},"{""proportion"": 0.0, ""confidence"": [0.0, 0.7934506856227626], ""p_value"": 1.0, ""contingency"": [[0, 1], [434, 28842]]}",{}
306,NC00962.3,EMB-0.25-0.95,0.0,GARC1,RUS,EMB,embA@c-11t,U,{},"{""proportion"": 0.25, ""confidence"": [0.045587260809700575, 0.6993581574175981], ""p_value"": 1.0, ""contingency"": [[1, 3], [434, 28842]]}",{}
307,NC00962.3,EMB-0.25-0.95,0.0,GARC1,RUS,EMB,embB@G825S,U,{},"{""proportion"": 0.0, ""confidence"": [0.0, 0.7934506856227626], ""p_value"": 1.0, ""contingency"": [[0, 1], [434, 28842]]}",{}
308,NC00962.3,EMB-0.25-0.95,0.0,GARC1,RUS,EMB,embB@V456A,U,{},"{""proportion"": 0.0, ""confidence"": [0.0, 0.6576197724933469], ""p_value"": 1.0, ""contingency"": [[0, 2], [434, 28842]]}",{}
309,NC00962.3,EMB-0.25-0.95,0.0,GARC1,RUS,EMB,embB@D191Y,U,{},"{""proportion"": 0.0, ""confidence"": [3.384324554477539e-17, 0.39033428790216534], ""p_value"": 0.347412109375, ""contingency"": [[0, 6], [434, 28842]]}",{}
310,NC00962.3,EMB-0.25-0.95,0.0,GARC1,RUS,EMB,embB@N807D,U,{},"{""proportion"": 0.0, ""confidence"": [3.384324554477539e-17, 0.39033428790216534], ""p_value"": 0.347412109375, ""contingency"": [[0, 6], [434, 28842]]}",{}
311,NC00962.3,EMB-0.25-0.95,0.0,GARC1,RUS,EMB,embA@-28_del_t,U,{},"{""proportion"": 0.0, ""confidence"": [0.0, 0.43448246478317476], ""p_value"": 0.34082031250000006, ""contingency"": [[0, 5], [434, 28842]]}",{}
312,NC00962.3,EMB-0.25-0.95,0.0,GARC1,RUS,EMB,embA@G350A,U,{},"{""proportion"": 0.0, ""confidence"": [0.0, 0.7934506856227626], ""p_value"": 1.0, ""contingency"": [[0, 1], [434, 28842]]}",{}
313,NC00962.3,EMB-0.25-0.95,0.0,GARC1,RUS,EMB,embA@A557T,U,{},"{""proportion"": 0.0, ""confidence"": [0.0, 0.7934506856227626], ""p_value"": 1.0, ""contingency"": [[0, 1], [434, 28842]]}",{}
314,NC00962.3,EMB-0.25-0.95,0.0,GARC1,RUS,EMB,embB@A677E,U,{},"{""proportion"": 0.0, ""confidence"": [0.0, 0.7934506856227626], ""p_value"": 1.0, ""contingency"": [[0, 1], [434, 28842]]}",{}
315,NC00962.3,EMB-0.25-0.95,0.0,GARC1,RUS,EMB,embA@A331T,U,{},"{""proportion"": 0.0, ""confidence"": [0.0, 0.6576197724933469], ""p_value"": 1.0, ""contingency"": [[0, 2], [434, 28842]]}",{}
316,NC00962.3,EMB-0.25-0.95,0.0,GARC1,RUS,EMB,embB@R464L,U,{},"{""proportion"": 0.0, ""confidence"": [0.0, 0.7934506856227626], ""p_value"": 1.0, ""contingency"": [[0, 1], [434, 28842]]}",{}
317,NC00962.3,EMB-0.25-0.95,0.0,GARC1,RUS,EMB,embA@L208F,U,{},"{""proportion"": 0.0, ""confidence"": [0.0, 0.6576197724933469], ""p_value"": 1.0, ""contingency"": [[0, 2], [434, 28842]]}",{}
318,NC00962.3,EMB-0.25-0.95,0.0,GARC1,RUS,EMB,embA@G332E,U,{},"{""proportion"": 0.0, ""confidence"": [4.8683609171202235e-17, 0.5614970317550455], ""p_value"": 1.0, ""contingency"": [[0, 3], [434, 28842]]}",{}
319,NC00962.3,EMB-0.25-0.95,0.0,GARC1,RUS,EMB,embB@L953M,U,{},"{""proportion"": 0.0, ""confidence"": [0.0, 0.7934506856227626], ""p_value"": 1.0, ""contingency"": [[0, 1], [434, 28842]]}",{}
320,NC00962.3,EMB-0.25-0.95,0.0,GARC1,RUS,EMB,embA@E508K,U,{},"{""proportion"": 0.0, ""confidence"": [0.0, 0.7934506856227626], ""p_value"": 1.0, ""contingency"": [[0, 1], [434, 28842]]}",{}
321,NC00962.3,EMB-0.25-0.95,0.0,GARC1,RUS,EMB,embA@D112G,U,{},"{""proportion"": 0.2, ""confidence"": [0.03622410863243013, 0.6244653702374747], ""p_value"": 1.0, ""contingency"": [[1, 4], [434, 28842]]}",{}
322,NC00962.3,EMB-0.25-0.95,0.0,GARC1,RUS,EMB,embB@R469H,U,{},"{""proportion"": 0.0, ""confidence"": [0.0, 0.6576197724933469], ""p_value"": 1.0, ""contingency"": [[0, 2], [434, 28842]]}",{}
323,NC00962.3,EMB-0.25-0.95,0.0,GARC1,RUS,EMB,embB@A438T,U,{},"{""proportion"": 0.0, ""confidence"": [4.8683609171202235e-17, 0.5614970317550455], ""p_value"": 1.0, ""contingency"": [[0, 3], [434, 28842]]}",{}
324,NC00962.3,EMB-0.25-0.95,0.0,GARC1,RUS,EMB,embA@c-39t,U,{},"{""proportion"": 0.0, ""confidence"": [0.0, 0.7934506856227626], ""p_value"": 1.0, ""contingency"": [[0, 1], [434, 28842]]}",{}
325,NC00962.3,EMB-0.25-0.95,0.0,GARC1,RUS,EMB,embB@A383S,U,{},"{""proportion"": 0.0, ""confidence"": [0.0, 0.7934506856227626], ""p_value"": 1.0, ""contingency"": [[0, 1], [434, 28842]]}",{}
326,NC00962.3,EMB-0.25-0.95,0.0,GARC1,RUS,EMB,embA@I655T,U,{},"{""proportion"": 0.0, ""confidence"": [0.0, 0.7934506856227626], ""p_value"": 1.0, ""contingency"": [[0, 1], [434, 28842]]}",{}
327,NC00962.3,EMB-0.25-0.95,0.0,GARC1,RUS,EMB,embB@F584L,U,{},"{""proportion"": 0.0, ""confidence"": [0.0, 0.7934506856227626], ""p_value"": 1.0, ""contingency"": [[0, 1], [434, 28842]]}",{}
328,NC00962.3,EMB-0.25-0.95,0.0,GARC1,RUS,EMB,embB@D280N,U,{},"{""proportion"": 0.0, ""confidence"": [4.8683609171202235e-17, 0.5614970317550455], ""p_value"": 1.0, ""contingency"": [[0, 3], [434, 28842]]}",{}
329,NC00962.3,EMB-0.25-0.95,0.0,GARC1,RUS,EMB,embA@M840V,U,{},"{""proportion"": 0.0, ""confidence"": [0.0, 0.7934506856227626], ""p_value"": 1.0, ""contingency"": [[0, 1], [434, 28842]]}",{}
330,NC00962.3,EMB-0.25-0.95,0.0,GARC1,RUS,EMB,embB@L932M,U,{},"{""proportion"": 0.0, ""confidence"": [0.0, 0.7934506856227626], ""p_value"": 1.0, ""contingency"": [[0, 1], [434, 28842]]}",{}
331,NC00962.3,EMB-0.25-0.95,0.0,GARC1,RUS,EMB,embA@L215P,U,{},"{""proportion"": 0.0, ""confidence"": [0.0, 0.4898908364545973], ""p_value"": 0.578125, ""contingency"": [[0, 4], [434, 28842]]}",{}
332,NC00962.3,EMB-0.25-0.95,0.0,GARC1,RUS,EMB,embA@A1072T,U,{},"{""proportion"": 0.0, ""confidence"": [0.0, 0.6576197724933469], ""p_value"": 1.0, ""contingency"": [[0, 2], [434, 28842]]}",{}
333,NC00962.3,EMB-0.25-0.95,0.0,GARC1,RUS,EMB,embB@G580S,U,{},"{""proportion"": 0.0, ""confidence"": [0.0, 0.6576197724933469], ""p_value"": 1.0, ""contingency"": [[0, 2], [434, 28842]]}",{}
334,NC00962.3,EMB-0.25-0.95,0.0,GARC1,RUS,EMB,embB@P12Q,U,{},"{""proportion"": 0.0, ""confidence"": [0.0, 0.43448246478317476], ""p_value"": 0.34082031250000006, ""contingency"": [[0, 5], [434, 28842]]}",{}
335,NC00962.3,EMB-0.25-0.95,0.0,GARC1,RUS,EMB,embA@A719T,U,{},"{""proportion"": 0.0, ""confidence"": [0.0, 0.7934506856227626], ""p_value"": 1.0, ""contingency"": [[0, 1], [434, 28842]]}",{}
336,NC00962.3,EMB-0.25-0.95,0.0,GARC1,RUS,EMB,embB@K882E,U,{},"{""proportion"": 0.0, ""confidence"": [0.0, 0.7934506856227626], ""p_value"": 1.0, ""contingency"": [[0, 1], [434, 28842]]}",{}
337,NC00962.3,EMB-0.25-0.95,0.0,GARC1,RUS,EMB,embA@G771D,U,{},"{""proportion"": 0.0, ""confidence"": [0.0, 0.7934506856227626], ""p_value"": 1.0, ""contingency"": [[0, 1], [434, 28842]]}",{}
338,NC00962.3,EMB-0.25-0.95,0.0,GARC1,RUS,EMB,embB@G825D,U,{},"{""proportion"": 0.0, ""confidence"": [0.0, 0.7934506856227626], ""p_value"": 1.0, ""contingency"": [[0, 1], [434, 28842]]}",{}
339,NC00962.3,EMB-0.25-0.95,0.0,GARC1,RUS,EMB,embA@c-23t,U,{},"{""proportion"": 0.0, ""confidence"": [0.0, 0.7934506856227626], ""p_value"": 1.0, ""contingency"": [[0, 1], [434, 28842]]}",{}
340,NC00962.3,EMB-0.25-0.95,0.0,GARC1,RUS,EMB,embA@-31_del_c,U,{},"{""proportion"": 0.0, ""confidence"": [0.0, 0.7934506856227626], ""p_value"": 1.0, ""contingency"": [[0, 1], [434, 28842]]}",{}
341,NC00962.3,EMB-0.25-0.95,0.0,GARC1,RUS,EMB,embB@V77L,U,{},"{""proportion"": 0.0, ""confidence"": [0.0, 0.7934506856227626], ""p_value"": 1.0, ""contingency"": [[0, 1], [434, 28842]]}",{}
342,NC00962.3,EMB-0.25-0.95,0.0,GARC1,RUS,EMB,embB@T151P,U,{},"{""proportion"": 0.0, ""confidence"": [0.0, 0.7934506856227626], ""p_value"": 1.0, ""contingency"": [[0, 1], [434, 28842]]}",{}
343,NC00962.3,EMB-0.25-0.95,0.0,GARC1,RUS,EMB,embA@E882K,U,{},"{""proportion"": 0.0, ""confidence"": [0.0, 0.7934506856227626], ""p_value"": 1.0, ""contingency"": [[0, 1], [434, 28842]]}",{}
344,NC00962.3,EMB-0.25-0.95,0.0,GARC1,RUS,EMB,embA@T718I,U,{},"{""proportion"": 0.0, ""confidence"": [0.0, 0.7934506856227626], ""p_value"": 1.0, ""contingency"": [[0, 1], [434, 28842]]}",{}
345,NC00962.3,EMB-0.25-0.95,0.0,GARC1,RUS,EMB,embA@V394A,U,{},"{""proportion"": 0.0, ""confidence"": [0.0, 0.7934506856227626], ""p_value"": 1.0, ""contingency"": [[0, 1], [434, 28842]]}",{}
346,NC00962.3,EMB-0.25-0.95,0.0,GARC1,RUS,EMB,embA@F471L,U,{},"{""proportion"": 0.0, ""confidence"": [4.8683609171202235e-17, 0.5614970317550455], ""p_value"": 1.0, ""contingency"": [[0, 3], [434, 28842]]}",{}
347,NC00962.3,EMB-0.25-0.95,0.0,GARC1,RUS,EMB,embA@G180R,U,{},"{""proportion"": 0.0, ""confidence"": [0.0, 0.6576197724933469], ""p_value"": 1.0, ""contingency"": [[0, 2], [434, 28842]]}",{}
348,NC00962.3,EMB-0.25-0.95,0.0,GARC1,RUS,EMB,embA@N803K,U,{},"{""proportion"": 0.0, ""confidence"": [0.0, 0.6576197724933469], ""p_value"": 1.0, ""contingency"": [[0, 2], [434, 28842]]}",{}
349,NC00962.3,EMB-0.25-0.95,0.0,GARC1,RUS,EMB,embA@A328D,U,{},"{""proportion"": 0.0, ""confidence"": [0.0, 0.7934506856227626], ""p_value"": 1.0, ""contingency"": [[0, 1], [434, 28842]]}",{}
350,NC00962.3,EMB-0.25-0.95,0.0,GARC1,RUS,EMB,embB@S480L,U,{},"{""proportion"": 0.0, ""confidence"": [0.0, 0.6576197724933469], ""p_value"": 1.0, ""contingency"": [[0, 2], [434, 28842]]}",{}
351,NC00962.3,EMB-0.25-0.95,0.0,GARC1,RUS,EMB,embB@G979A,U,{},"{""proportion"": 0.0, ""confidence"": [0.0, 0.7934506856227626], ""p_value"": 1.0, ""contingency"": [[0, 1], [434, 28842]]}",{}
352,NC00962.3,EMB-0.25-0.95,0.0,GARC1,RUS,EMB,embA@R358Q,U,{},"{""proportion"": 0.0, ""confidence"": [0.0, 0.7934506856227626], ""p_value"": 1.0, ""contingency"": [[0, 1], [434, 28842]]}",{}
353,NC00962.3,EMB-0.25-0.95,0.0,GARC1,RUS,EMB,embB@M316V,U,{},"{""proportion"": 0.0, ""confidence"": [0.0, 0.7934506856227626], ""p_value"": 1.0, ""contingency"": [[0, 1], [434, 28842]]}",{}
354,NC00962.3,EMB-0.25-0.95,0.0,GARC1,RUS,EMB,embA@D737E,U,{},"{""proportion"": 0.0, ""confidence"": [0.0, 0.7934506856227626], ""p_value"": 1.0, ""contingency"": [[0, 1], [434, 28842]]}",{}
355,NC00962.3,EMB-0.25-0.95,0.0,GARC1,RUS,EMB,embB@P616T,U,{},"{""proportion"": 0.0, ""confidence"": [0.0, 0.6576197724933469], ""p_value"": 1.0, ""contingency"": [[0, 2], [434, 28842]]}",{}
356,NC00962.3,EMB-0.25-0.95,0.0,GARC1,RUS,EMB,embB@G792S,U,{},"{""proportion"": 0.0, ""confidence"": [0.0, 0.7934506856227626], ""p_value"": 1.0, ""contingency"": [[0, 1], [434, 28842]]}",{}
357,NC00962.3,EMB-0.25-0.95,0.0,GARC1,RUS,EMB,embB@G175R,U,{},"{""proportion"": 0.0, ""confidence"": [4.8683609171202235e-17, 0.5614970317550455], ""p_value"": 1.0, ""contingency"": [[0, 3], [434, 28842]]}",{}
358,NC00962.3,EMB-0.25-0.95,0.0,GARC1,RUS,EMB,embB@P1075L,U,{},"{""proportion"": 0.0, ""confidence"": [0.0, 0.7934506856227626], ""p_value"": 1.0, ""contingency"": [[0, 1], [434, 28842]]}",{}
359,NC00962.3,EMB-0.25-0.95,0.0,GARC1,RUS,EMB,embB@D207E,U,{},"{""proportion"": 0.0, ""confidence"": [0.0, 0.7934506856227626], ""p_value"": 1.0, ""contingency"": [[0, 1], [434, 28842]]}",{}
360,NC00962.3,EMB-0.25-0.95,0.0,GARC1,RUS,EMB,embB@A221S,U,{},"{""proportion"": 0.0, ""confidence"": [0.0, 0.7934506856227626], ""p_value"": 1.0, ""contingency"": [[0, 1], [434, 28842]]}",{}
361,NC00962.3,EMB-0.25-0.95,0.0,GARC1,RUS,EMB,embA@G765D,U,{},"{""proportion"": 0.0, ""confidence"": [0.0, 0.6576197724933469], ""p_value"": 1.0, ""contingency"": [[0, 2], [434, 28842]]}",{}
362,NC00962.3,EMB-0.25-0.95,0.0,GARC1,RUS,EMB,embA@D273G,U,{},"{""proportion"": 0.0, ""confidence"": [4.8683609171202235e-17, 0.5614970317550455], ""p_value"": 1.0, ""contingency"": [[0, 3], [434, 28842]]}",{}
363,NC00962.3,EMB-0.25-0.95,0.0,GARC1,RUS,EMB,embB@T275N,U,{},"{""proportion"": 0.0, ""confidence"": [0.0, 0.7934506856227626], ""p_value"": 1.0, ""contingency"": [[0, 1], [434, 28842]]}",{}
364,NC00962.3,EMB-0.25-0.95,0.0,GARC1,RUS,EMB,embB@R7T,U,{},"{""proportion"": 0.0, ""confidence"": [3.384324554477539e-17, 0.39033428790216534], ""p_value"": 0.347412109375, ""contingency"": [[0, 6], [434, 28842]]}",{}
365,NC00962.3,EMB-0.25-0.95,0.0,GARC1,RUS,EMB,embB@A43P,U,{},"{""proportion"": 0.0, ""confidence"": [0.0, 0.7934506856227626], ""p_value"": 1.0, ""contingency"": [[0, 1], [434, 28842]]}",{}
366,NC00962.3,EMB-0.25-0.95,0.0,GARC1,RUS,EMB,embA@A217T,U,{},"{""proportion"": 0.0, ""confidence"": [0.0, 0.4898908364545973], ""p_value"": 0.578125, ""contingency"": [[0, 4], [434, 28842]]}",{}
367,NC00962.3,EMB-0.25-0.95,0.0,GARC1,RUS,EMB,embB@T501A,U,{},"{""proportion"": 0.0, ""confidence"": [0.0, 0.7934506856227626], ""p_value"": 1.0, ""contingency"": [[0, 1], [434, 28842]]}",{}
368,NC00962.3,EMB-0.25-0.95,0.0,GARC1,RUS,EMB,embA@V283L,U,{},"{""proportion"": 0.0, ""confidence"": [0.0, 0.7934506856227626], ""p_value"": 1.0, ""contingency"": [[0, 1], [434, 28842]]}",{}
369,NC00962.3,EMB-0.25-0.95,0.0,GARC1,RUS,EMB,embB@A454T,U,{},"{""proportion"": 0.0, ""confidence"": [4.8683609171202235e-17, 0.5614970317550455], ""p_value"": 1.0, ""contingency"": [[0, 3], [434, 28842]]}",{}
370,NC00962.3,EMB-0.25-0.95,0.0,GARC1,RUS,EMB,embA@P645L,U,{},"{""proportion"": 0.0, ""confidence"": [4.8683609171202235e-17, 0.5614970317550455], ""p_value"": 1.0, ""contingency"": [[0, 3], [434, 28842]]}",{}
371,NC00962.3,EMB-0.25-0.95,0.0,GARC1,RUS,EMB,embB@L686V,U,{},"{""proportion"": 0.0, ""confidence"": [0.0, 0.7934506856227626], ""p_value"": 1.0, ""contingency"": [[0, 1], [434, 28842]]}",{}
372,NC00962.3,EMB-0.25-0.95,0.0,GARC1,RUS,EMB,embB@D1056E,U,{},"{""proportion"": 0.0, ""confidence"": [0.0, 0.4898908364545973], ""p_value"": 0.578125, ""contingency"": [[0, 4], [434, 28842]]}",{}
373,NC00962.3,EMB-0.25-0.95,0.0,GARC1,RUS,EMB,embB@V783I,U,{},"{""proportion"": 0.0, ""confidence"": [0.0, 0.7934506856227626], ""p_value"": 1.0, ""contingency"": [[0, 1], [434, 28842]]}",{}
374,NC00962.3,EMB-0.25-0.95,0.0,GARC1,RUS,EMB,embA@A549P,U,{},"{""proportion"": 0.0, ""confidence"": [0.0, 0.6576197724933469], ""p_value"": 1.0, ""contingency"": [[0, 2], [434, 28842]]}",{}
375,NC00962.3,EMB-0.25-0.95,0.0,GARC1,RUS,EMB,embA@V583A,U,{},"{""proportion"": 0.0, ""confidence"": [0.0, 0.7934506856227626], ""p_value"": 1.0, ""contingency"": [[0, 1], [434, 28842]]}",{}
376,NC00962.3,EMB-0.25-0.95,0.0,GARC1,RUS,EMB,embA@H10P,U,{},"{""proportion"": 0.0, ""confidence"": [4.8683609171202235e-17, 0.5614970317550455], ""p_value"": 1.0, ""contingency"": [[0, 3], [434, 28842]]}",{}
377,NC00962.3,EMB-0.25-0.95,0.0,GARC1,RUS,EMB,embB@D243H,U,{},"{""proportion"": 0.0, ""confidence"": [0.0, 0.6576197724933469], ""p_value"": 1.0, ""contingency"": [[0, 2], [434, 28842]]}",{}
378,NC00962.3,EMB-0.25-0.95,0.0,GARC1,RUS,EMB,embB@I303L,U,{},"{""proportion"": 0.0, ""confidence"": [3.384324554477539e-17, 0.39033428790216534], ""p_value"": 0.347412109375, ""contingency"": [[0, 6], [434, 28842]]}",{}
379,NC00962.3,EMB-0.25-0.95,0.0,GARC1,RUS,EMB,embA@A617T,U,{},"{""proportion"": 0.0, ""confidence"": [0.0, 0.7934506856227626], ""p_value"": 1.0, ""contingency"": [[0, 1], [434, 28842]]}",{}
380,NC00962.3,EMB-0.25-0.95,0.0,GARC1,RUS,EMB,embA@A852S,U,{},"{""proportion"": 0.0, ""confidence"": [0.0, 0.6576197724933469], ""p_value"": 1.0, ""contingency"": [[0, 2], [434, 28842]]}",{}
381,NC00962.3,EMB-0.25-0.95,0.0,GARC1,RUS,EMB,embB@T643I,U,{},"{""proportion"": 0.0, ""confidence"": [0.0, 0.2991450484195441], ""p_value"": 0.12401199340820315, ""contingency"": [[0, 9], [434, 28842]]}",{}
382,NC00962.3,EMB-0.25-0.95,0.0,GARC1,RUS,EMB,embA@G403R,U,{},"{""proportion"": 0.0, ""confidence"": [0.0, 0.6576197724933469], ""p_value"": 1.0, ""contingency"": [[0, 2], [434, 28842]]}",{}
383,NC00962.3,EMB-0.25-0.95,0.0,GARC1,RUS,EMB,embA@A320V,U,{},"{""proportion"": 0.0, ""confidence"": [0.0, 0.7934506856227626], ""p_value"": 1.0, ""contingency"": [[0, 1], [434, 28842]]}",{}
384,NC00962.3,EMB-0.25-0.95,0.0,GARC1,RUS,EMB,embA@A150V,U,{},"{""proportion"": 0.0, ""confidence"": [0.0, 0.7934506856227626], ""p_value"": 1.0, ""contingency"": [[0, 1], [434, 28842]]}",{}
385,NC00962.3,EMB-0.25-0.95,0.0,GARC1,RUS,EMB,embB@D240G,U,{},"{""proportion"": 0.0, ""confidence"": [4.8683609171202235e-17, 0.5614970317550455], ""p_value"": 1.0, ""contingency"": [[0, 3], [434, 28842]]}",{}
386,NC00962.3,EMB-0.25-0.95,0.0,GARC1,RUS,EMB,embB@S174R,U,{},"{""proportion"": 0.0, ""confidence"": [0.0, 0.6576197724933469], ""p_value"": 1.0, ""contingency"": [[0, 2], [434, 28842]]}",{}
387,NC00962.3,EMB-0.25-0.95,0.0,GARC1,RUS,EMB,embA@N54D,U,{},"{""proportion"": 0.3333333333333333, ""confidence"": [0.09677141110578043, 0.7000066848616079], ""p_value"": 0.64404296875, ""contingency"": [[2, 4], [434, 28842]]}",{}
388,NC00962.3,EMB-0.25-0.95,0.0,GARC1,RUS,EMB,embB@P143S,U,{},"{""proportion"": 0.0, ""confidence"": [0.0, 0.6576197724933469], ""p_value"": 1.0, ""contingency"": [[0, 2], [434, 28842]]}",{}
389,NC00962.3,EMB-0.25-0.95,0.0,GARC1,RUS,EMB,embA@V479M,U,{},"{""proportion"": 0.0, ""confidence"": [0.0, 0.7934506856227626], ""p_value"": 1.0, ""contingency"": [[0, 1], [434, 28842]]}",{}
390,NC00962.3,EMB-0.25-0.95,0.0,GARC1,RUS,EMB,embB@D328H,U,{},"{""proportion"": 0.2222222222222222, ""confidence"": [0.06322510711784671, 0.5474110308930111], ""p_value"": 1.0, ""contingency"": [[2, 7], [434, 28842]]}",{}
391,NC00962.3,EMB-0.25-0.95,0.0,GARC1,RUS,EMB,embB@V803M,U,{},"{""proportion"": 0.0, ""confidence"": [4.8683609171202235e-17, 0.5614970317550455], ""p_value"": 1.0, ""contingency"": [[0, 3], [434, 28842]]}",{}
392,NC00962.3,EMB-0.25-0.95,0.0,GARC1,RUS,EMB,embB@M389V,U,{},"{""proportion"": 0.0, ""confidence"": [0.0, 0.7934506856227626], ""p_value"": 1.0, ""contingency"": [[0, 1], [434, 28842]]}",{}
393,NC00962.3,EMB-0.25-0.95,0.0,GARC1,RUS,EMB,embB@E958A,U,{},"{""proportion"": 0.0, ""confidence"": [0.0, 0.43448246478317476], ""p_value"": 0.34082031250000006, ""contingency"": [[0, 5], [434, 28842]]}",{}
394,NC00962.3,EMB-0.25-0.95,0.0,GARC1,RUS,EMB,embB@A505V,U,{},"{""proportion"": 0.0, ""confidence"": [0.0, 0.6576197724933469], ""p_value"": 1.0, ""contingency"": [[0, 2], [434, 28842]]}",{}
395,NC00962.3,EMB-0.25-0.95,0.0,GARC1,RUS,EMB,embB@D78G,U,{},"{""proportion"": 0.0, ""confidence"": [0.0, 0.2991450484195441], ""p_value"": 0.12401199340820315, ""contingency"": [[0, 9], [434, 28842]]}",{}
396,NC00962.3,EMB-0.25-0.95,0.0,GARC1,RUS,EMB,embA@I155M,U,{},"{""proportion"": 0.0, ""confidence"": [3.584186086443356e-17, 0.3543304350666874], ""p_value"": 0.20404052734375, ""contingency"": [[0, 7], [434, 28842]]}",{}
397,NC00962.3,EMB-0.25-0.95,0.0,GARC1,RUS,EMB,embA@T238I,U,{},"{""proportion"": 0.0, ""confidence"": [0.0, 0.7934506856227626], ""p_value"": 1.0, ""contingency"": [[0, 1], [434, 28842]]}",{}
398,NC00962.3,EMB-0.25-0.95,0.0,GARC1,RUS,EMB,embA@G700C,U,{},"{""proportion"": 0.0, ""confidence"": [0.0, 0.7934506856227626], ""p_value"": 1.0, ""contingency"": [[0, 1], [434, 28842]]}",{}
399,NC00962.3,EMB-0.25-0.95,0.0,GARC1,RUS,EMB,embA@A721V,U,{},"{""proportion"": 0.0, ""confidence"": [0.0, 0.7934506856227626], ""p_value"": 1.0, ""contingency"": [[0, 1], [434, 28842]]}",{}
400,NC00962.3,EMB-0.25-0.95,0.0,GARC1,RUS,EMB,embA@D1053G,U,{},"{""proportion"": 0.0, ""confidence"": [4.8683609171202235e-17, 0.5614970317550455], ""p_value"": 1.0, ""contingency"": [[0, 3], [434, 28842]]}",{}
401,NC00962.3,EMB-0.25-0.95,0.0,GARC1,RUS,EMB,embA@E397G,U,{},"{""proportion"": 0.0, ""confidence"": [0.0, 0.7934506856227626], ""p_value"": 1.0, ""contingency"": [[0, 1], [434, 28842]]}",{}
402,NC00962.3,EMB-0.25-0.95,0.0,GARC1,RUS,EMB,embA@A955T,U,{},"{""proportion"": 0.0, ""confidence"": [0.0, 0.7934506856227626], ""p_value"": 1.0, ""contingency"": [[0, 1], [434, 28842]]}",{}
403,NC00962.3,EMB-0.25-0.95,0.0,GARC1,RUS,EMB,embA@G844R,U,{},"{""proportion"": 0.0, ""confidence"": [0.0, 0.7934506856227626], ""p_value"": 1.0, ""contingency"": [[0, 1], [434, 28842]]}",{}
404,NC00962.3,EMB-0.25-0.95,0.0,GARC1,RUS,EMB,embB@V414L,U,{},"{""proportion"": 0.0, ""confidence"": [0.0, 0.7934506856227626], ""p_value"": 1.0, ""contingency"": [[0, 1], [434, 28842]]}",{}
405,NC00962.3,EMB-0.25-0.95,0.0,GARC1,RUS,EMB,embB@T857A,U,{},"{""proportion"": 0.0, ""confidence"": [0.0, 0.7934506856227626], ""p_value"": 1.0, ""contingency"": [[0, 1], [434, 28842]]}",{}
406,NC00962.3,EMB-0.25-0.95,0.0,GARC1,RUS,EMB,embB@A454V,U,{},"{""proportion"": 1.0, ""confidence"": [0.20654931437723742, 1.0], ""p_value"": 0.25, ""contingency"": [[1, 0], [434, 28842]]}",{}
407,NC00962.3,EMB-0.25-0.95,0.0,GARC1,RUS,EMB,embA@G729R,U,{},"{""proportion"": 0.0, ""confidence"": [0.0, 0.4898908364545973], ""p_value"": 0.578125, ""contingency"": [[0, 4], [434, 28842]]}",{}
408,NC00962.3,EMB-0.25-0.95,0.0,GARC1,RUS,EMB,embB@G1081D,U,{},"{""proportion"": 0.0, ""confidence"": [0.0, 0.7934506856227626], ""p_value"": 1.0, ""contingency"": [[0, 1], [434, 28842]]}",{}
409,NC00962.3,EMB-0.25-0.95,0.0,GARC1,RUS,EMB,embA@G220E,U,{},"{""proportion"": 0.0, ""confidence"": [0.0, 0.4898908364545973], ""p_value"": 0.578125, ""contingency"": [[0, 4], [434, 28842]]}",{}
410,NC00962.3,EMB-0.25-0.95,0.0,GARC1,RUS,EMB,embB@S73L,U,{},"{""proportion"": 0.0, ""confidence"": [0.0, 0.7934506856227626], ""p_value"": 1.0, ""contingency"": [[0, 1], [434, 28842]]}",{}
411,NC00962.3,EMB-0.25-0.95,0.0,GARC1,RUS,EMB,embA@I621V,U,{},"{""proportion"": 0.0, ""confidence"": [0.0, 0.7934506856227626], ""p_value"": 1.0, ""contingency"": [[0, 1], [434, 28842]]}",{}
412,NC00962.3,EMB-0.25-0.95,0.0,GARC1,RUS,EMB,embA@G135D,U,{},"{""proportion"": 0.5, ""confidence"": [0.09453120573423071, 0.9054687942657693], ""p_value"": 0.4375, ""contingency"": [[1, 1], [434, 28842]]}",{}
413,NC00962.3,EMB-0.25-0.95,0.0,GARC1,RUS,EMB,embA@G5S,U,{},"{""proportion"": 0.0, ""confidence"": [0.0, 0.6576197724933469], ""p_value"": 1.0, ""contingency"": [[0, 2], [434, 28842]]}",{}
414,NC00962.3,EMB-0.25-0.95,0.0,GARC1,RUS,EMB,embB@S651C,U,{},"{""proportion"": 0.0, ""confidence"": [0.0, 0.6576197724933469], ""p_value"": 1.0, ""contingency"": [[0, 2], [434, 28842]]}",{}
415,NC00962.3,EMB-0.25-0.95,0.0,GARC1,RUS,EMB,embB@M340I,U,{},"{""proportion"": 0.0, ""confidence"": [0.0, 0.43448246478317476], ""p_value"": 0.34082031250000006, ""contingency"": [[0, 5], [434, 28842]]}",{}
416,NC00962.3,EMB-0.25-0.95,0.0,GARC1,RUS,EMB,embB@P1074A,U,{},"{""proportion"": 0.0, ""confidence"": [0.0, 0.7934506856227626], ""p_value"": 1.0, ""contingency"": [[0, 1], [434, 28842]]}",{}
417,NC00962.3,EMB-0.25-0.95,0.0,GARC1,RUS,EMB,embB@N886T,U,{},"{""proportion"": 0.0, ""confidence"": [4.8683609171202235e-17, 0.5614970317550455], ""p_value"": 1.0, ""contingency"": [[0, 3], [434, 28842]]}",{}
418,NC00962.3,EMB-0.25-0.95,0.0,GARC1,RUS,EMB,embA@A371T,U,{},"{""proportion"": 0.0, ""confidence"": [0.0, 0.7934506856227626], ""p_value"": 1.0, ""contingency"": [[0, 1], [434, 28842]]}",{}
419,NC00962.3,EMB-0.25-0.95,0.0,GARC1,RUS,EMB,embB@Y863H,U,{},"{""proportion"": 0.0, ""confidence"": [0.0, 0.7934506856227626], ""p_value"": 1.0, ""contingency"": [[0, 1], [434, 28842]]}",{}
420,NC00962.3,EMB-0.25-0.95,0.0,GARC1,RUS,EMB,embA@T113R,U,{},"{""proportion"": 0.0, ""confidence"": [3.384324554477539e-17, 0.39033428790216534], ""p_value"": 0.347412109375, ""contingency"": [[0, 6], [434, 28842]]}",{}
421,NC00962.3,EMB-0.25-0.95,0.0,GARC1,RUS,EMB,embA@G321A,U,{},"{""proportion"": 0.0, ""confidence"": [0.0, 0.6576197724933469], ""p_value"": 1.0, ""contingency"": [[0, 2], [434, 28842]]}",{}
422,NC00962.3,EMB-0.25-0.95,0.0,GARC1,RUS,EMB,embB@F763V,U,{},"{""proportion"": 0.0, ""confidence"": [0.0, 0.7934506856227626], ""p_value"": 1.0, ""contingency"": [[0, 1], [434, 28842]]}",{}
423,NC00962.3,EMB-0.25-0.95,0.0,GARC1,RUS,EMB,embA@G547D,U,{},"{""proportion"": 0.0, ""confidence"": [0.0, 0.7934506856227626], ""p_value"": 1.0, ""contingency"": [[0, 1], [434, 28842]]}",{}
424,NC00962.3,EMB-0.25-0.95,0.0,GARC1,RUS,EMB,embA@G352S,U,{},"{""proportion"": 0.0, ""confidence"": [0.0, 0.43448246478317476], ""p_value"": 0.34082031250000006, ""contingency"": [[0, 5], [434, 28842]]}",{}
425,NC00962.3,EMB-0.25-0.95,0.0,GARC1,RUS,EMB,embB@P353S,U,{},"{""proportion"": 0.0, ""confidence"": [0.0, 0.7934506856227626], ""p_value"": 1.0, ""contingency"": [[0, 1], [434, 28842]]}",{}
426,NC00962.3,EMB-0.25-0.95,0.0,GARC1,RUS,EMB,embA@N376D,U,{},"{""proportion"": 0.0, ""confidence"": [0.0, 0.7934506856227626], ""p_value"": 1.0, ""contingency"": [[0, 1], [434, 28842]]}",{}
427,NC00962.3,EMB-0.25-0.95,0.0,GARC1,RUS,EMB,embA@g-76c,U,{},"{""proportion"": 0.1, ""confidence"": [0.03459988874733419, 0.2562108257918408], ""p_value"": 0.059042966603656336, ""contingency"": [[3, 27], [434, 28842]]}",{}
428,NC00962.3,EMB-0.25-0.95,0.0,GARC1,RUS,EMB,embA@V125E,U,{},"{""proportion"": 0.0, ""confidence"": [0.0, 0.6576197724933469], ""p_value"": 1.0, ""contingency"": [[0, 2], [434, 28842]]}",{}
429,NC00962.3,EMB-0.25-0.95,0.0,GARC1,RUS,EMB,embB@G156D,U,{},"{""proportion"": 0.0, ""confidence"": [4.8683609171202235e-17, 0.5614970317550455], ""p_value"": 1.0, ""contingency"": [[0, 3], [434, 28842]]}",{}
430,NC00962.3,EMB-0.25-0.95,0.0,GARC1,RUS,EMB,embA@V468M,U,{},"{""proportion"": 0.0, ""confidence"": [0.0, 0.7934506856227626], ""p_value"": 1.0, ""contingency"": [[0, 1], [434, 28842]]}",{}
431,NC00962.3,EMB-0.25-0.95,0.0,GARC1,RUS,EMB,embB@A604G,U,{},"{""proportion"": 0.0, ""confidence"": [0.0, 0.6576197724933469], ""p_value"": 1.0, ""contingency"": [[0, 2], [434, 28842]]}",{}
432,NC00962.3,EMB-0.25-0.95,0.0,GARC1,RUS,EMB,embA@L233M,U,{},"{""proportion"": 0.0, ""confidence"": [0.0, 0.2588329669680317], ""p_value"": 0.07656264305114746, ""contingency"": [[0, 11], [434, 28842]]}",{}
433,NC00962.3,EMB-0.25-0.95,0.0,GARC1,RUS,EMB,embB@G603R,U,{},"{""proportion"": 0.1111111111111111, ""confidence"": [0.019890887638544918, 0.434999705576656], ""p_value"": 0.466064453125, ""contingency"": [[1, 8], [434, 28842]]}",{}
434,NC00962.3,EMB-0.25-0.95,0.0,GARC1,RUS,EMB,embA@G149D,U,{},"{""proportion"": 0.0, ""confidence"": [0.0, 0.7934506856227626], ""p_value"": 1.0, ""contingency"": [[0, 1], [434, 28842]]}",{}
435,NC00962.3,EMB-0.25-0.95,0.0,GARC1,RUS,EMB,embB@D1056A,U,{},"{""proportion"": 1.0, ""confidence"": [0.20654931437723742, 1.0], ""p_value"": 0.25, ""contingency"": [[1, 0], [434, 28842]]}",{}
436,NC00962.3,EMB-0.25-0.95,0.0,GARC1,RUS,EMB,embB@V436G,U,{},"{""proportion"": 0.0, ""confidence"": [0.0, 0.7934506856227626], ""p_value"": 1.0, ""contingency"": [[0, 1], [434, 28842]]}",{}
437,NC00962.3,EMB-0.25-0.95,0.0,GARC1,RUS,EMB,embB@D240N,U,{},"{""proportion"": 0.0, ""confidence"": [4.8683609171202235e-17, 0.5614970317550455], ""p_value"": 1.0, ""contingency"": [[0, 3], [434, 28842]]}",{}
438,NC00962.3,EMB-0.25-0.95,0.0,GARC1,RUS,EMB,embA@V541M,U,{},"{""proportion"": 0.0, ""confidence"": [0.0, 0.7934506856227626], ""p_value"": 1.0, ""contingency"": [[0, 1], [434, 28842]]}",{}
439,NC00962.3,EMB-0.25-0.95,0.0,GARC1,RUS,EMB,embB@A1058V,U,{},"{""proportion"": 0.0, ""confidence"": [0.0, 0.7934506856227626], ""p_value"": 1.0, ""contingency"": [[0, 1], [434, 28842]]}",{}
440,NC00962.3,EMB-0.25-0.95,0.0,GARC1,RUS,EMB,embB@W621S,U,{},"{""proportion"": 0.0, ""confidence"": [0.0, 0.6576197724933469], ""p_value"": 1.0, ""contingency"": [[0, 2], [434, 28842]]}",{}
441,NC00962.3,EMB-0.25-0.95,0.0,GARC1,RUS,EMB,embB@G100S,U,{},"{""proportion"": 0.0, ""confidence"": [0.0, 0.32440756488388023], ""p_value"": 0.21392822265625003, ""contingency"": [[0, 8], [434, 28842]]}",{}
442,NC00962.3,EMB-0.25-0.95,0.0,GARC1,RUS,EMB,embB@E378D,U,{},"{""proportion"": 0.0, ""confidence"": [0.0, 0.7934506856227626], ""p_value"": 1.0, ""contingency"": [[0, 1], [434, 28842]]}",{}
443,NC00962.3,EMB-0.25-0.95,0.0,GARC1,RUS,EMB,embB@T498N,U,{},"{""proportion"": 0.0, ""confidence"": [0.0, 0.4898908364545973], ""p_value"": 0.578125, ""contingency"": [[0, 4], [434, 28842]]}",{}
444,NC00962.3,EMB-0.25-0.95,0.0,GARC1,RUS,EMB,embA@T308K,U,{},"{""proportion"": 0.0, ""confidence"": [0.0, 0.6576197724933469], ""p_value"": 1.0, ""contingency"": [[0, 2], [434, 28842]]}",{}
445,NC00962.3,EMB-0.25-0.95,0.0,GARC1,RUS,EMB,embB@F579V,U,{},"{""proportion"": 0.0, ""confidence"": [0.0, 0.7934506856227626], ""p_value"": 1.0, ""contingency"": [[0, 1], [434, 28842]]}",{}
446,NC00962.3,EMB-0.25-0.95,0.0,GARC1,RUS,EMB,embB@S617L,U,{},"{""proportion"": 0.0, ""confidence"": [0.0, 0.7934506856227626], ""p_value"": 1.0, ""contingency"": [[0, 1], [434, 28842]]}",{}
447,NC00962.3,EMB-0.25-0.95,0.0,GARC1,RUS,EMB,embB@P136S,U,{},"{""proportion"": 0.0, ""confidence"": [0.0, 0.6576197724933469], ""p_value"": 1.0, ""contingency"": [[0, 2], [434, 28842]]}",{}
448,NC00962.3,EMB-0.25-0.95,0.0,GARC1,RUS,EMB,embA@A316P,U,{},"{""proportion"": 0.0, ""confidence"": [0.0, 0.7934506856227626], ""p_value"": 1.0, ""contingency"": [[0, 1], [434, 28842]]}",{}
449,NC00962.3,EMB-0.25-0.95,0.0,GARC1,RUS,EMB,embB@A113T,U,{},"{""proportion"": 0.0, ""confidence"": [0.0, 0.7934506856227626], ""p_value"": 1.0, ""contingency"": [[0, 1], [434, 28842]]}",{}
450,NC00962.3,EMB-0.25-0.95,0.0,GARC1,RUS,EMB,embB@P1091Q,U,{},"{""proportion"": 0.0, ""confidence"": [0.0, 0.6576197724933469], ""p_value"": 1.0, ""contingency"": [[0, 2], [434, 28842]]}",{}
451,NC00962.3,EMB-0.25-0.95,0.0,GARC1,RUS,EMB,embB@A680T,U,{},"{""proportion"": 0.0, ""confidence"": [0.0, 0.4898908364545973], ""p_value"": 0.578125, ""contingency"": [[0, 4], [434, 28842]]}",{}
452,NC00962.3,EMB-0.25-0.95,0.0,GARC1,RUS,EMB,embA@-26_del_a,U,{},"{""proportion"": 1.0, ""confidence"": [0.20654931437723742, 1.0], ""p_value"": 0.25, ""contingency"": [[1, 0], [434, 28842]]}",{}
453,NC00962.3,EMB-0.25-0.95,0.0,GARC1,RUS,EMB,embB@A547S,U,{},"{""proportion"": 0.0, ""confidence"": [0.0, 0.43448246478317476], ""p_value"": 0.34082031250000006, ""contingency"": [[0, 5], [434, 28842]]}",{}
454,NC00962.3,EMB-0.25-0.95,0.0,GARC1,RUS,EMB,embA@P752L,U,{},"{""proportion"": 0.0, ""confidence"": [0.0, 0.6576197724933469], ""p_value"": 1.0, ""contingency"": [[0, 2], [434, 28842]]}",{}
455,NC00962.3,EMB-0.25-0.95,0.0,GARC1,RUS,EMB,embB@I489S,U,{},"{""proportion"": 0.0, ""confidence"": [0.0, 0.6576197724933469], ""p_value"": 1.0, ""contingency"": [[0, 2], [434, 28842]]}",{}
456,NC00962.3,EMB-0.25-0.95,0.0,GARC1,RUS,EMB,embA@D4Y,U,{},"{""proportion"": 0.0, ""confidence"": [0.0, 0.7934506856227626], ""p_value"": 1.0, ""contingency"": [[0, 1], [434, 28842]]}",{}
457,NC00962.3,EMB-0.25-0.95,0.0,GARC1,RUS,EMB,embA@Q497R,U,{},"{""proportion"": 0.0, ""confidence"": [0.0, 0.7934506856227626], ""p_value"": 1.0, ""contingency"": [[0, 1], [434, 28842]]}",{}
458,NC00962.3,EMB-0.25-0.95,0.0,GARC1,RUS,EMB,embB@E504D,U,{},"{""proportion"": 0.6, ""confidence"": [0.23072428127601285, 0.8823792257673521], ""p_value"": 0.103515625, ""contingency"": [[3, 2], [434, 28842]]}",{}
459,NC00962.3,EMB-0.25-0.95,0.0,GARC1,RUS,EMB,embB@P195H,U,{},"{""proportion"": 0.0, ""confidence"": [0.0, 0.32440756488388023], ""p_value"": 0.21392822265625003, ""contingency"": [[0, 8], [434, 28842]]}",{}
460,NC00962.3,EMB-0.25-0.95,0.0,GARC1,RUS,EMB,embA@T899S,U,{},"{""proportion"": 0.0, ""confidence"": [0.0, 0.7934506856227626], ""p_value"": 1.0, ""contingency"": [[0, 1], [434, 28842]]}",{}
461,NC00962.3,EMB-0.25-0.95,0.0,GARC1,RUS,EMB,embB@R1055S,U,{},"{""proportion"": 0.0, ""confidence"": [0.0, 0.7934506856227626], ""p_value"": 1.0, ""contingency"": [[0, 1], [434, 28842]]}",{}
462,NC00962.3,EMB-0.25-0.95,0.0,GARC1,RUS,EMB,embB@P708L,U,{},"{""proportion"": 0.0, ""confidence"": [0.0, 0.6576197724933469], ""p_value"": 1.0, ""contingency"": [[0, 2], [434, 28842]]}",{}
463,NC00962.3,EMB-0.25-0.95,0.0,GARC1,RUS,EMB,embB@S823R,U,{},"{""proportion"": 0.25, ""confidence"": [0.045587260809700575, 0.6993581574175981], ""p_value"": 1.0, ""contingency"": [[1, 3], [434, 28842]]}",{}
464,NC00962.3,EMB-0.25-0.95,0.0,GARC1,RUS,EMB,embB@A505T,U,{},"{""proportion"": 0.0, ""confidence"": [0.0, 0.7934506856227626], ""p_value"": 1.0, ""contingency"": [[0, 1], [434, 28842]]}",{}
465,NC00962.3,EMB-0.25-0.95,0.0,GARC1,RUS,EMB,embB@A451T,U,{},"{""proportion"": 0.0, ""confidence"": [0.0, 0.7934506856227626], ""p_value"": 1.0, ""contingency"": [[0, 1], [434, 28842]]}",{}
466,NC00962.3,EMB-0.25-0.95,0.0,GARC1,RUS,EMB,embB@910_ins_tgg,U,{},"{""proportion"": 0.5, ""confidence"": [0.09453120573423071, 0.9054687942657693], ""p_value"": 0.4375, ""contingency"": [[1, 1], [434, 28842]]}",{}
467,NC00962.3,EMB-0.25-0.95,0.0,GARC1,RUS,EMB,embB@D328F,U,{},"{""proportion"": 1.0, ""confidence"": [0.3423802275066531, 1.0], ""p_value"": 0.0625, ""contingency"": [[2, 0], [434, 28842]]}",{}
468,NC00962.3,EMB-0.25-0.95,0.0,GARC1,RUS,EMB,embB@Y334H,U,{},"{""proportion"": 0.0, ""confidence"": [0.0, 0.7934506856227626], ""p_value"": 1.0, ""contingency"": [[0, 1], [434, 28842]]}",{}
469,NC00962.3,EMB-0.25-0.95,0.0,GARC1,RUS,EMB,embA@-41_del_at,U,{},"{""proportion"": 1.0, ""confidence"": [0.20654931437723742, 1.0], ""p_value"": 0.25, ""contingency"": [[1, 0], [434, 28842]]}",{}
470,NC00962.3,EMB-0.25-0.95,0.0,GARC1,RUS,EMB,embB@T546I,U,{},"{""proportion"": 1.0, ""confidence"": [0.20654931437723742, 1.0], ""p_value"": 0.25, ""contingency"": [[1, 0], [434, 28842]]}",{}
471,NC00962.3,EMB-0.25-0.95,0.0,GARC1,RUS,EMB,embA@A571T,U,{},"{""proportion"": 0.0, ""confidence"": [0.0, 0.7934506856227626], ""p_value"": 1.0, ""contingency"": [[0, 1], [434, 28842]]}",{}
472,NC00962.3,EMB-0.25-0.95,0.0,GARC1,RUS,EMB,embB@G34E,U,{},"{""proportion"": 0.0, ""confidence"": [0.0, 0.7934506856227626], ""p_value"": 1.0, ""contingency"": [[0, 1], [434, 28842]]}",{}
473,NC00962.3,EMB-0.25-0.95,0.0,GARC1,RUS,EMB,embB@A228T,U,{},"{""proportion"": 0.0, ""confidence"": [0.0, 0.43448246478317476], ""p_value"": 0.34082031250000006, ""contingency"": [[0, 5], [434, 28842]]}",{}
474,NC00962.3,EMB-0.25-0.95,0.0,GARC1,RUS,EMB,embA@K677E,U,{},"{""proportion"": 0.0, ""confidence"": [0.0, 0.7934506856227626], ""p_value"": 1.0, ""contingency"": [[0, 1], [434, 28842]]}",{}
475,NC00962.3,EMB-0.25-0.95,0.0,GARC1,RUS,EMB,embA@T853A,U,{},"{""proportion"": 0.0, ""confidence"": [3.384324554477539e-17, 0.39033428790216534], ""p_value"": 0.347412109375, ""contingency"": [[0, 6], [434, 28842]]}",{}
476,NC00962.3,EMB-0.25-0.95,0.0,GARC1,RUS,EMB,embA@A23G,U,{},"{""proportion"": 0.0, ""confidence"": [0.0, 0.7934506856227626], ""p_value"": 1.0, ""contingency"": [[0, 1], [434, 28842]]}",{}
477,NC00962.3,EMB-0.25-0.95,0.0,GARC1,RUS,EMB,embA@V1078M,U,{},"{""proportion"": 0.0, ""confidence"": [0.0, 0.7934506856227626], ""p_value"": 1.0, ""contingency"": [[0, 1], [434, 28842]]}",{}
478,NC00962.3,EMB-0.25-0.95,0.0,GARC1,RUS,EMB,embA@T300M,U,{},"{""proportion"": 0.0, ""confidence"": [3.384324554477539e-17, 0.39033428790216534], ""p_value"": 0.347412109375, ""contingency"": [[0, 6], [434, 28842]]}",{}
479,NC00962.3,EMB-0.25-0.95,0.0,GARC1,RUS,EMB,embB@H154R,U,{},"{""proportion"": 0.0, ""confidence"": [0.0, 0.7934506856227626], ""p_value"": 1.0, ""contingency"": [[0, 1], [434, 28842]]}",{}
480,NC00962.3,EMB-0.25-0.95,0.0,GARC1,RUS,EMB,embB@V282A,U,{},"{""proportion"": 0.0, ""confidence"": [3.384324554477539e-17, 0.39033428790216534], ""p_value"": 0.347412109375, ""contingency"": [[0, 6], [434, 28842]]}",{}
481,NC00962.3,EMB-0.25-0.95,0.0,GARC1,RUS,EMB,embB@Q853P,U,{},"{""proportion"": 0.14285714285714285, ""confidence"": [0.025679624344743555, 0.5131278292743189], ""p_value"": 1.0, ""contingency"": [[1, 6], [434, 28842]]}",{}
482,NC00962.3,EMB-0.25-0.95,0.0,GARC1,RUS,EMB,embA@t-82c,U,{},"{""proportion"": 0.0, ""confidence"": [0.0, 0.6576197724933469], ""p_value"": 1.0, ""contingency"": [[0, 2], [434, 28842]]}",{}
483,NC00962.3,EMB-0.25-0.95,0.0,GARC1,RUS,EMB,embA@V489I,U,{},"{""proportion"": 0.0, ""confidence"": [0.0, 0.7934506856227626], ""p_value"": 1.0, ""contingency"": [[0, 1], [434, 28842]]}",{}
484,NC00962.3,EMB-0.25-0.95,0.0,GARC1,RUS,EMB,embA@L659F,U,{},"{""proportion"": 0.0, ""confidence"": [0.0, 0.43448246478317476], ""p_value"": 0.34082031250000006, ""contingency"": [[0, 5], [434, 28842]]}",{}
485,NC00962.3,EMB-0.25-0.95,0.0,GARC1,RUS,EMB,embA@S340N,U,{},"{""proportion"": 0.0, ""confidence"": [0.0, 0.7934506856227626], ""p_value"": 1.0, ""contingency"": [[0, 1], [434, 28842]]}",{}
486,NC00962.3,EMB-0.25-0.95,0.0,GARC1,RUS,EMB,embB@I556V,U,{},"{""proportion"": 0.0, ""confidence"": [0.0, 0.7934506856227626], ""p_value"": 1.0, ""contingency"": [[0, 1], [434, 28842]]}",{}
487,NC00962.3,EMB-0.25-0.95,0.0,GARC1,RUS,EMB,embB@G62R,U,{},"{""proportion"": 0.0, ""confidence"": [4.8683609171202235e-17, 0.5614970317550455], ""p_value"": 1.0, ""contingency"": [[0, 3], [434, 28842]]}",{}
488,NC00962.3,EMB-0.25-0.95,0.0,GARC1,RUS,EMB,embA@-40_del_t,U,{},"{""proportion"": 0.0, ""confidence"": [3.384324554477539e-17, 0.39033428790216534], ""p_value"": 0.347412109375, ""contingency"": [[0, 6], [434, 28842]]}",{}
489,NC00962.3,EMB-0.25-0.95,0.0,GARC1,RUS,EMB,embB@P70R,U,{},"{""proportion"": 0.0, ""confidence"": [0.0, 0.2991450484195441], ""p_value"": 0.12401199340820315, ""contingency"": [[0, 9], [434, 28842]]}",{}
490,NC00962.3,EMB-0.25-0.95,0.0,GARC1,RUS,EMB,embA@V613M,U,{},"{""proportion"": 0.0, ""confidence"": [0.0, 0.7934506856227626], ""p_value"": 1.0, ""contingency"": [[0, 1], [434, 28842]]}",{}
491,NC00962.3,EMB-0.25-0.95,0.0,GARC1,RUS,EMB,embB@V1048I,U,{},"{""proportion"": 0.0, ""confidence"": [0.0, 0.6576197724933469], ""p_value"": 1.0, ""contingency"": [[0, 2], [434, 28842]]}",{}
492,NC00962.3,EMB-0.25-0.95,0.0,GARC1,RUS,EMB,embA@D273N,U,{},"{""proportion"": 0.0, ""confidence"": [0.0, 0.7934506856227626], ""p_value"": 1.0, ""contingency"": [[0, 1], [434, 28842]]}",{}
493,NC00962.3,EMB-0.25-0.95,0.0,GARC1,RUS,EMB,embB@P655Q,U,{},"{""proportion"": 0.0, ""confidence"": [0.0, 0.4898908364545973], ""p_value"": 0.578125, ""contingency"": [[0, 4], [434, 28842]]}",{}
494,NC00962.3,EMB-0.25-0.95,0.0,GARC1,RUS,EMB,embA@G1085V,U,{},"{""proportion"": 0.0, ""confidence"": [0.0, 0.7934506856227626], ""p_value"": 1.0, ""contingency"": [[0, 1], [434, 28842]]}",{}
495,NC00962.3,EMB-0.25-0.95,0.0,GARC1,RUS,EMB,embA@G623A,U,{},"{""proportion"": 0.0, ""confidence"": [0.0, 0.7934506856227626], ""p_value"": 1.0, ""contingency"": [[0, 1], [434, 28842]]}",{}
496,NC00962.3,EMB-0.25-0.95,0.0,GARC1,RUS,EMB,embA@V558L,U,{},"{""proportion"": 0.0, ""confidence"": [0.0, 0.2588329669680317], ""p_value"": 0.07656264305114746, ""contingency"": [[0, 11], [434, 28842]]}",{}
497,NC00962.3,EMB-0.25-0.95,0.0,GARC1,RUS,EMB,embB@S174N,U,{},"{""proportion"": 0.0, ""confidence"": [0.0, 0.7934506856227626], ""p_value"": 1.0, ""contingency"": [[0, 1], [434, 28842]]}",{}
498,NC00962.3,EMB-0.25-0.95,0.0,GARC1,RUS,EMB,embB@M91I,U,{},"{""proportion"": 0.0, ""confidence"": [4.8683609171202235e-17, 0.5614970317550455], ""p_value"": 1.0, ""contingency"": [[0, 3], [434, 28842]]}",{}
499,NC00962.3,EMB-0.25-0.95,0.0,GARC1,RUS,EMB,embB@L239R,U,{},"{""proportion"": 0.0, ""confidence"": [0.0, 0.7934506856227626], ""p_value"": 1.0, ""contingency"": [[0, 1], [434, 28842]]}",{}
500,NC00962.3,EMB-0.25-0.95,0.0,GARC1,RUS,EMB,embA@T434P,U,{},"{""proportion"": 0.0, ""confidence"": [0.0, 0.6576197724933469], ""p_value"": 1.0, ""contingency"": [[0, 2], [434, 28842]]}",{}
501,NC00962.3,EMB-0.25-0.95,0.0,GARC1,RUS,EMB,embB@P477A,U,{},"{""proportion"": 0.0, ""confidence"": [0.0, 0.7934506856227626], ""p_value"": 1.0, ""contingency"": [[0, 1], [434, 28842]]}",{}
502,NC00962.3,EMB-0.25-0.95,0.0,GARC1,RUS,EMB,embB@S142C,U,{},"{""proportion"": 0.0, ""confidence"": [4.8683609171202235e-17, 0.5614970317550455], ""p_value"": 1.0, ""contingency"": [[0, 3], [434, 28842]]}",{}
503,NC00962.3,EMB-0.25-0.95,0.0,GARC1,RUS,EMB,embA@A315V,U,{},"{""proportion"": 0.0, ""confidence"": [0.0, 0.7934506856227626], ""p_value"": 1.0, ""contingency"": [[0, 1], [434, 28842]]}",{}
504,NC00962.3,EMB-0.25-0.95,0.0,GARC1,RUS,EMB,embA@A419T,U,{},"{""proportion"": 0.0, ""confidence"": [0.0, 0.7934506856227626], ""p_value"": 1.0, ""contingency"": [[0, 1], [434, 28842]]}",{}
505,NC00962.3,EMB-0.25-0.95,0.0,GARC1,RUS,EMB,embA@D883E,U,{},"{""proportion"": 0.0, ""confidence"": [0.0, 0.7934506856227626], ""p_value"": 1.0, ""contingency"": [[0, 1], [434, 28842]]}",{}
506,NC00962.3,EMB-0.25-0.95,0.0,GARC1,RUS,EMB,embA@M735I,U,{},"{""proportion"": 0.0, ""confidence"": [4.8683609171202235e-17, 0.5614970317550455], ""p_value"": 1.0, ""contingency"": [[0, 3], [434, 28842]]}",{}
507,NC00962.3,EMB-0.25-0.95,0.0,GARC1,RUS,EMB,embB@V39G,U,{},"{""proportion"": 0.0, ""confidence"": [0.0, 0.6576197724933469], ""p_value"": 1.0, ""contingency"": [[0, 2], [434, 28842]]}",{}
508,NC00962.3,EMB-0.25-0.95,0.0,GARC1,RUS,EMB,embA@T837A,U,{},"{""proportion"": 0.0, ""confidence"": [0.0, 0.4898908364545973], ""p_value"": 0.578125, ""contingency"": [[0, 4], [434, 28842]]}",{}
509,NC00962.3,EMB-0.25-0.95,0.0,GARC1,RUS,EMB,embA@I413V,U,{},"{""proportion"": 0.0, ""confidence"": [0.0, 0.7934506856227626], ""p_value"": 1.0, ""contingency"": [[0, 1], [434, 28842]]}",{}
510,NC00962.3,EMB-0.25-0.95,0.0,GARC1,RUS,EMB,embB@A485V,U,{},"{""proportion"": 0.0, ""confidence"": [0.0, 0.6576197724933469], ""p_value"": 1.0, ""contingency"": [[0, 2], [434, 28842]]}",{}
511,NC00962.3,EMB-0.25-0.95,0.0,GARC1,RUS,EMB,embB@G194R,U,{},"{""proportion"": 0.0, ""confidence"": [0.0, 0.6576197724933469], ""p_value"": 1.0, ""contingency"": [[0, 2], [434, 28842]]}",{}
512,NC00962.3,EMB-0.25-0.95,0.0,GARC1,RUS,EMB,embB@T498I,U,{},"{""proportion"": 0.0, ""confidence"": [0.0, 0.6576197724933469], ""p_value"": 1.0, ""contingency"": [[0, 2], [434, 28842]]}",{}
513,NC00962.3,EMB-0.25-0.95,0.0,GARC1,RUS,EMB,embA@D1053A,U,{},"{""proportion"": 0.0, ""confidence"": [0.0, 0.7934506856227626], ""p_value"": 1.0, ""contingency"": [[0, 1], [434, 28842]]}",{}
514,NC00962.3,EMB-0.25-0.95,0.0,GARC1,RUS,EMB,embB@N129D,U,{},"{""proportion"": 0.0, ""confidence"": [0.0, 0.6576197724933469], ""p_value"": 1.0, ""contingency"": [[0, 2], [434, 28842]]}",{}
515,NC00962.3,EMB-0.25-0.95,0.0,GARC1,RUS,EMB,embA@A66V,U,{},"{""proportion"": 0.0, ""confidence"": [0.0, 0.7934506856227626], ""p_value"": 1.0, ""contingency"": [[0, 1], [434, 28842]]}",{}
516,NC00962.3,EMB-0.25-0.95,0.0,GARC1,RUS,EMB,embB@G244R,U,{},"{""proportion"": 0.0, ""confidence"": [0.0, 0.7934506856227626], ""p_value"": 1.0, ""contingency"": [[0, 1], [434, 28842]]}",{}
517,NC00962.3,EMB-0.25-0.95,0.0,GARC1,RUS,EMB,embA@L1008P,U,{},"{""proportion"": 0.0, ""confidence"": [4.8683609171202235e-17, 0.5614970317550455], ""p_value"": 1.0, ""contingency"": [[0, 3], [434, 28842]]}",{}
518,NC00962.3,EMB-0.25-0.95,0.0,GARC1,RUS,EMB,embA@G157R,U,{},"{""proportion"": 0.0, ""confidence"": [0.0, 0.7934506856227626], ""p_value"": 1.0, ""contingency"": [[0, 1], [434, 28842]]}",{}
519,NC00962.3,EMB-0.25-0.95,0.0,GARC1,RUS,EMB,embB@C549Y,U,{},"{""proportion"": 0.0, ""confidence"": [4.8683609171202235e-17, 0.5614970317550455], ""p_value"": 1.0, ""contingency"": [[0, 3], [434, 28842]]}",{}
520,NC00962.3,EMB-0.25-0.95,0.0,GARC1,RUS,EMB,embA@D865V,U,{},"{""proportion"": 0.0, ""confidence"": [0.0, 0.7934506856227626], ""p_value"": 1.0, ""contingency"": [[0, 1], [434, 28842]]}",{}
521,NC00962.3,EMB-0.25-0.95,0.0,GARC1,RUS,EMB,embA@W306R,U,{},"{""proportion"": 0.0, ""confidence"": [0.0, 0.2588329669680317], ""p_value"": 0.07656264305114746, ""contingency"": [[0, 11], [434, 28842]]}",{}
522,NC00962.3,EMB-0.25-0.95,0.0,GARC1,RUS,EMB,embA@N37S,U,{},"{""proportion"": 0.0, ""confidence"": [0.0, 0.7934506856227626], ""p_value"": 1.0, ""contingency"": [[0, 1], [434, 28842]]}",{}
523,NC00962.3,EMB-0.25-0.95,0.0,GARC1,RUS,EMB,embA@G823E,U,{},"{""proportion"": 0.0, ""confidence"": [4.8683609171202235e-17, 0.5614970317550455], ""p_value"": 1.0, ""contingency"": [[0, 3], [434, 28842]]}",{}
524,NC00962.3,EMB-0.25-0.95,0.0,GARC1,RUS,EMB,embA@S1040L,U,{},"{""proportion"": 0.0, ""confidence"": [0.0, 0.7934506856227626], ""p_value"": 1.0, ""contingency"": [[0, 1], [434, 28842]]}",{}
525,NC00962.3,EMB-0.25-0.95,0.0,GARC1,RUS,EMB,embA@A804T,U,{},"{""proportion"": 0.0, ""confidence"": [0.0, 0.7934506856227626], ""p_value"": 1.0, ""contingency"": [[0, 1], [434, 28842]]}",{}
526,NC00962.3,EMB-0.25-0.95,0.0,GARC1,RUS,EMB,embB@A155G,U,{},"{""proportion"": 0.0, ""confidence"": [0.0, 0.7934506856227626], ""p_value"": 1.0, ""contingency"": [[0, 1], [434, 28842]]}",{}
527,NC00962.3,EMB-0.25-0.95,0.0,GARC1,RUS,EMB,embA@W393S,U,{},"{""proportion"": 0.0, ""confidence"": [0.0, 0.7934506856227626], ""p_value"": 1.0, ""contingency"": [[0, 1], [434, 28842]]}",{}
528,NC00962.3,EMB-0.25-0.95,0.0,GARC1,RUS,EMB,embA@V534L,U,{},"{""proportion"": 0.0, ""confidence"": [0.0, 0.6576197724933469], ""p_value"": 1.0, ""contingency"": [[0, 2], [434, 28842]]}",{}
529,NC00962.3,EMB-0.25-0.95,0.0,GARC1,RUS,EMB,embA@Y502C,U,{},"{""proportion"": 0.0, ""confidence"": [0.0, 0.4898908364545973], ""p_value"": 0.578125, ""contingency"": [[0, 4], [434, 28842]]}",{}
530,NC00962.3,EMB-0.25-0.95,0.0,GARC1,RUS,EMB,embA@H1011Y,U,{},"{""proportion"": 0.0, ""confidence"": [0.0, 0.7934506856227626], ""p_value"": 1.0, ""contingency"": [[0, 1], [434, 28842]]}",{}
531,NC00962.3,EMB-0.25-0.95,0.0,GARC1,RUS,EMB,embB@M396L,U,{},"{""proportion"": 0.0, ""confidence"": [0.0, 0.7934506856227626], ""p_value"": 1.0, ""contingency"": [[0, 1], [434, 28842]]}",{}
532,NC00962.3,EMB-0.25-0.95,0.0,GARC1,RUS,EMB,embA@R194Q,U,{},"{""proportion"": 0.0, ""confidence"": [0.0, 0.32440756488388023], ""p_value"": 0.21392822265625003, ""contingency"": [[0, 8], [434, 28842]]}",{}
533,NC00962.3,EMB-0.25-0.95,0.0,GARC1,RUS,EMB,embA@V911G,U,{},"{""proportion"": 0.0, ""confidence"": [0.0, 0.7934506856227626], ""p_value"": 1.0, ""contingency"": [[0, 1], [434, 28842]]}",{}
534,NC00962.3,EMB-0.25-0.95,0.0,GARC1,RUS,EMB,embA@A223V,U,{},"{""proportion"": 0.0, ""confidence"": [0.0, 0.7934506856227626], ""p_value"": 1.0, ""contingency"": [[0, 1], [434, 28842]]}",{}
535,NC00962.3,EMB-0.25-0.95,0.0,GARC1,RUS,EMB,embB@S22F,U,{},"{""proportion"": 0.0, ""confidence"": [0.0, 0.7934506856227626], ""p_value"": 1.0, ""contingency"": [[0, 1], [434, 28842]]}",{}
536,NC00962.3,EMB-0.25-0.95,0.0,GARC1,RUS,EMB,embB@G305C,U,{},"{""proportion"": 0.0, ""confidence"": [4.8683609171202235e-17, 0.5614970317550455], ""p_value"": 1.0, ""contingency"": [[0, 3], [434, 28842]]}",{}
537,NC00962.3,EMB-0.25-0.95,0.0,GARC1,RUS,EMB,embA@R866Q,U,{},"{""proportion"": 0.0, ""confidence"": [0.0, 0.6576197724933469], ""p_value"": 1.0, ""contingency"": [[0, 2], [434, 28842]]}",{}
538,NC00962.3,EMB-0.25-0.95,0.0,GARC1,RUS,EMB,embA@D4N,U,{},"{""proportion"": 0.0, ""confidence"": [0.0, 0.7934506856227626], ""p_value"": 1.0, ""contingency"": [[0, 1], [434, 28842]]}",{}
539,NC00962.3,EMB-0.25-0.95,0.0,GARC1,RUS,EMB,embA@R229T,U,{},"{""proportion"": 0.0, ""confidence"": [0.0, 0.7934506856227626], ""p_value"": 1.0, ""contingency"": [[0, 1], [434, 28842]]}",{}
540,NC00962.3,EMB-0.25-0.95,0.0,GARC1,RUS,EMB,embB@V377M,U,{},"{""proportion"": 0.0, ""confidence"": [0.0, 0.7934506856227626], ""p_value"": 1.0, ""contingency"": [[0, 1], [434, 28842]]}",{}
541,NC00962.3,EMB-0.25-0.95,0.0,GARC1,RUS,EMB,embA@L261S,U,{},"{""proportion"": 0.0, ""confidence"": [0.0, 0.6576197724933469], ""p_value"": 1.0, ""contingency"": [[0, 2], [434, 28842]]}",{}
542,NC00962.3,EMB-0.25-0.95,0.0,GARC1,RUS,EMB,embA@R445P,U,{},"{""proportion"": 0.0, ""confidence"": [0.0, 0.7934506856227626], ""p_value"": 1.0, ""contingency"": [[0, 1], [434, 28842]]}",{}
543,NC00962.3,EMB-0.25-0.95,0.0,GARC1,RUS,EMB,embB@E138G,U,{},"{""proportion"": 0.0, ""confidence"": [4.8683609171202235e-17, 0.5614970317550455], ""p_value"": 1.0, ""contingency"": [[0, 3], [434, 28842]]}",{}
544,NC00962.3,EMB-0.25-0.95,0.0,GARC1,RUS,EMB,embB@A155V,U,{},"{""proportion"": 0.0, ""confidence"": [0.0, 0.7934506856227626], ""p_value"": 1.0, ""contingency"": [[0, 1], [434, 28842]]}",{}
545,NC00962.3,EMB-0.25-0.95,0.0,GARC1,RUS,EMB,embB@A852V,U,{},"{""proportion"": 0.0, ""confidence"": [0.0, 0.7934506856227626], ""p_value"": 1.0, ""contingency"": [[0, 1], [434, 28842]]}",{}
546,NC00962.3,EMB-0.25-0.95,0.0,GARC1,RUS,EMB,embA@A259T,U,{},"{""proportion"": 0.0, ""confidence"": [0.0, 0.7934506856227626], ""p_value"": 1.0, ""contingency"": [[0, 1], [434, 28842]]}",{}
547,NC00962.3,EMB-0.25-0.95,0.0,GARC1,RUS,EMB,embA@H673R,U,{},"{""proportion"": 0.0, ""confidence"": [3.584186086443356e-17, 0.3543304350666874], ""p_value"": 0.20404052734375, ""contingency"": [[0, 7], [434, 28842]]}",{}
548,NC00962.3,EMB-0.25-0.95,0.0,GARC1,RUS,EMB,embB@F79L,U,{},"{""proportion"": 0.0, ""confidence"": [0.0, 0.7934506856227626], ""p_value"": 1.0, ""contingency"": [[0, 1], [434, 28842]]}",{}
549,NC00962.3,EMB-0.25-0.95,0.0,GARC1,RUS,EMB,embA@L781H,U,{},"{""proportion"": 0.0, ""confidence"": [0.0, 0.7934506856227626], ""p_value"": 1.0, ""contingency"": [[0, 1], [434, 28842]]}",{}
550,NC00962.3,EMB-0.25-0.95,0.0,GARC1,RUS,EMB,embB@A693T,U,{},"{""proportion"": 0.0, ""confidence"": [4.8683609171202235e-17, 0.5614970317550455], ""p_value"": 1.0, ""contingency"": [[0, 3], [434, 28842]]}",{}
551,NC00962.3,EMB-0.25-0.95,0.0,GARC1,RUS,EMB,embB@T797A,U,{},"{""proportion"": 0.0, ""confidence"": [0.0, 0.4898908364545973], ""p_value"": 0.578125, ""contingency"": [[0, 4], [434, 28842]]}",{}
552,NC00962.3,EMB-0.25-0.95,0.0,GARC1,RUS,EMB,embA@G596S,U,{},"{""proportion"": 0.0, ""confidence"": [0.0, 0.2775327998628892], ""p_value"": 0.07604122161865237, ""contingency"": [[0, 10], [434, 28842]]}",{}
553,NC00962.3,EMB-0.25-0.95,0.0,GARC1,RUS,EMB,embA@V627A,U,{},"{""proportion"": 0.0, ""confidence"": [0.0, 0.6576197724933469], ""p_value"": 1.0, ""contingency"": [[0, 2], [434, 28842]]}",{}
554,NC00962.3,EMB-0.25-0.95,0.0,GARC1,RUS,EMB,embB@P93H,U,{},"{""proportion"": 0.0, ""confidence"": [0.0, 0.7934506856227626], ""p_value"": 1.0, ""contingency"": [[0, 1], [434, 28842]]}",{}
555,NC00962.3,EMB-0.25-0.95,0.0,GARC1,RUS,EMB,embB@S272N,U,{},"{""proportion"": 0.0, ""confidence"": [4.8683609171202235e-17, 0.5614970317550455], ""p_value"": 1.0, ""contingency"": [[0, 3], [434, 28842]]}",{}
556,NC00962.3,EMB-0.25-0.95,0.0,GARC1,RUS,EMB,embA@V646L,U,{},"{""proportion"": 0.0, ""confidence"": [0.0, 0.7934506856227626], ""p_value"": 1.0, ""contingency"": [[0, 1], [434, 28842]]}",{}
557,NC00962.3,EMB-0.25-0.95,0.0,GARC1,RUS,EMB,embB@Y848H,U,{},"{""proportion"": 0.0, ""confidence"": [0.0, 0.43448246478317476], ""p_value"": 0.34082031250000006, ""contingency"": [[0, 5], [434, 28842]]}",{}
558,NC00962.3,EMB-0.25-0.95,0.0,GARC1,RUS,EMB,embA@V396M,U,{},"{""proportion"": 0.0, ""confidence"": [0.0, 0.6576197724933469], ""p_value"": 1.0, ""contingency"": [[0, 2], [434, 28842]]}",{}
559,NC00962.3,EMB-0.25-0.95,0.0,GARC1,RUS,EMB,embB@P45L,U,{},"{""proportion"": 0.0, ""confidence"": [4.8683609171202235e-17, 0.5614970317550455], ""p_value"": 1.0, ""contingency"": [[0, 3], [434, 28842]]}",{}
560,NC00962.3,EMB-0.25-0.95,0.0,GARC1,RUS,EMB,embA@S20P,U,{},"{""proportion"": 0.0, ""confidence"": [0.0, 0.4898908364545973], ""p_value"": 0.578125, ""contingency"": [[0, 4], [434, 28842]]}",{}
561,NC00962.3,EMB-0.25-0.95,0.0,GARC1,RUS,EMB,embB@T532A,U,{},"{""proportion"": 0.0, ""confidence"": [0.0, 0.6576197724933469], ""p_value"": 1.0, ""contingency"": [[0, 2], [434, 28842]]}",{}
562,NC00962.3,EMB-0.25-0.95,0.0,GARC1,RUS,EMB,embA@I553L,U,{},"{""proportion"": 0.0, ""confidence"": [0.0, 0.6576197724933469], ""p_value"": 1.0, ""contingency"": [[0, 2], [434, 28842]]}",{}
563,NC00962.3,EMB-0.25-0.95,0.0,GARC1,RUS,EMB,embB@A388D,U,{},"{""proportion"": 0.0, ""confidence"": [0.0, 0.6576197724933469], ""p_value"": 1.0, ""contingency"": [[0, 2], [434, 28842]]}",{}
564,NC00962.3,EMB-0.25-0.95,0.0,GARC1,RUS,EMB,embB@P907S,U,{},"{""proportion"": 0.0, ""confidence"": [0.0, 0.7934506856227626], ""p_value"": 1.0, ""contingency"": [[0, 1], [434, 28842]]}",{}
565,NC00962.3,EMB-0.25-0.95,0.0,GARC1,RUS,EMB,embA@L967M,U,{},"{""proportion"": 0.0, ""confidence"": [0.0, 0.7934506856227626], ""p_value"": 1.0, ""contingency"": [[0, 1], [434, 28842]]}",{}
566,NC00962.3,EMB-0.25-0.95,0.0,GARC1,RUS,EMB,embA@D144G,U,{},"{""proportion"": 0.0, ""confidence"": [0.0, 0.7934506856227626], ""p_value"": 1.0, ""contingency"": [[0, 1], [434, 28842]]}",{}
567,NC00962.3,EMB-0.25-0.95,0.0,GARC1,RUS,EMB,embB@A627V,U,{},"{""proportion"": 0.0, ""confidence"": [0.0, 0.7934506856227626], ""p_value"": 1.0, ""contingency"": [[0, 1], [434, 28842]]}",{}
568,NC00962.3,EMB-0.25-0.95,0.0,GARC1,RUS,EMB,embB@A155P,U,{},"{""proportion"": 0.0, ""confidence"": [3.584186086443356e-17, 0.3543304350666874], ""p_value"": 0.20404052734375, ""contingency"": [[0, 7], [434, 28842]]}",{}
569,NC00962.3,EMB-0.25-0.95,0.0,GARC1,RUS,EMB,embB@A204T,U,{},"{""proportion"": 0.0, ""confidence"": [0.0, 0.7934506856227626], ""p_value"": 1.0, ""contingency"": [[0, 1], [434, 28842]]}",{}
570,NC00962.3,EMB-0.25-0.95,0.0,GARC1,RUS,EMB,embA@M697V,U,{},"{""proportion"": 0.0, ""confidence"": [0.0, 0.32440756488388023], ""p_value"": 0.21392822265625003, ""contingency"": [[0, 8], [434, 28842]]}",{}
571,NC00962.3,EMB-0.25-0.95,0.0,GARC1,RUS,EMB,embA@A586T,U,{},"{""proportion"": 0.0, ""confidence"": [0.0, 0.6576197724933469], ""p_value"": 1.0, ""contingency"": [[0, 2], [434, 28842]]}",{}
572,NC00962.3,EMB-0.25-0.95,0.0,GARC1,RUS,EMB,embB@A454P,U,{},"{""proportion"": 0.0, ""confidence"": [0.0, 0.7934506856227626], ""p_value"": 1.0, ""contingency"": [[0, 1], [434, 28842]]}",{}
573,NC00962.3,EMB-0.25-0.95,0.0,GARC1,RUS,EMB,embB@D970A,U,{},"{""proportion"": 0.0, ""confidence"": [0.0, 0.7934506856227626], ""p_value"": 1.0, ""contingency"": [[0, 1], [434, 28842]]}",{}
574,NC00962.3,EMB-0.25-0.95,0.0,GARC1,RUS,EMB,embA@L525M,U,{},"{""proportion"": 0.0, ""confidence"": [0.0, 0.6576197724933469], ""p_value"": 1.0, ""contingency"": [[0, 2], [434, 28842]]}",{}
575,NC00962.3,EMB-0.25-0.95,0.0,GARC1,RUS,EMB,embB@D664G,U,{},"{""proportion"": 0.0, ""confidence"": [0.0, 0.7934506856227626], ""p_value"": 1.0, ""contingency"": [[0, 1], [434, 28842]]}",{}
576,NC00962.3,EMB-0.25-0.95,0.0,GARC1,RUS,EMB,embB@G65D,U,{},"{""proportion"": 0.0, ""confidence"": [0.0, 0.4898908364545973], ""p_value"": 0.578125, ""contingency"": [[0, 4], [434, 28842]]}",{}
577,NC00962.3,EMB-0.25-0.95,0.0,GARC1,RUS,EMB,embA@W306G,U,{},"{""proportion"": 0.0, ""confidence"": [0.0, 0.7934506856227626], ""p_value"": 1.0, ""contingency"": [[0, 1], [434, 28842]]}",{}
578,NC00962.3,EMB-0.25-0.95,0.0,GARC1,RUS,EMB,embB@V414G,U,{},"{""proportion"": 0.0, ""confidence"": [0.0, 0.6576197724933469], ""p_value"": 1.0, ""contingency"": [[0, 2], [434, 28842]]}",{}
579,NC00962.3,EMB-0.25-0.95,0.0,GARC1,RUS,EMB,embA@D274G,U,{},"{""proportion"": 0.0, ""confidence"": [0.0, 0.7934506856227626], ""p_value"": 1.0, ""contingency"": [[0, 1], [434, 28842]]}",{}
580,NC00962.3,EMB-0.25-0.95,0.0,GARC1,RUS,EMB,embA@A364T,U,{},"{""proportion"": 0.0, ""confidence"": [0.0, 0.7934506856227626], ""p_value"": 1.0, ""contingency"": [[0, 1], [434, 28842]]}",{}
581,NC00962.3,EMB-0.25-0.95,0.0,GARC1,RUS,EMB,embA@E512A,U,{},"{""proportion"": 0.0, ""confidence"": [0.0, 0.7934506856227626], ""p_value"": 1.0, ""contingency"": [[0, 1], [434, 28842]]}",{}
582,NC00962.3,EMB-0.25-0.95,0.0,GARC1,RUS,EMB,embA@S318L,U,{},"{""proportion"": 0.0, ""confidence"": [0.0, 0.43448246478317476], ""p_value"": 0.34082031250000006, ""contingency"": [[0, 5], [434, 28842]]}",{}
583,NC00962.3,EMB-0.25-0.95,0.0,GARC1,RUS,EMB,embA@R188H,U,{},"{""proportion"": 0.0, ""confidence"": [0.0, 0.7934506856227626], ""p_value"": 1.0, ""contingency"": [[0, 1], [434, 28842]]}",{}
584,NC00962.3,EMB-0.25-0.95,0.0,GARC1,RUS,EMB,embB@G106V,U,{},"{""proportion"": 0.0, ""confidence"": [0.0, 0.7934506856227626], ""p_value"": 1.0, ""contingency"": [[0, 1], [434, 28842]]}",{}
585,NC00962.3,EMB-0.25-0.95,0.0,GARC1,RUS,EMB,embA@I595V,U,{},"{""proportion"": 0.0, ""confidence"": [0.0, 0.43448246478317476], ""p_value"": 0.34082031250000006, ""contingency"": [[0, 5], [434, 28842]]}",{}
586,NC00962.3,EMB-0.25-0.95,0.0,GARC1,RUS,EMB,embB@I16L,U,{},"{""proportion"": 0.0, ""confidence"": [0.0, 0.4898908364545973], ""p_value"": 0.578125, ""contingency"": [[0, 4], [434, 28842]]}",{}
587,NC00962.3,EMB-0.25-0.95,0.0,GARC1,RUS,EMB,embB@A235V,U,{},"{""proportion"": 0.0, ""confidence"": [0.0, 0.7934506856227626], ""p_value"": 1.0, ""contingency"": [[0, 1], [434, 28842]]}",{}
588,NC00962.3,EMB-0.25-0.95,0.0,GARC1,RUS,EMB,embA@I131V,U,{},"{""proportion"": 0.0, ""confidence"": [0.0, 0.4898908364545973], ""p_value"": 0.578125, ""contingency"": [[0, 4], [434, 28842]]}",{}
589,NC00962.3,EMB-0.25-0.95,0.0,GARC1,RUS,EMB,embB@F176L,U,{},"{""proportion"": 0.0, ""confidence"": [0.0, 0.7934506856227626], ""p_value"": 1.0, ""contingency"": [[0, 1], [434, 28842]]}",{}
590,NC00962.3,EMB-0.25-0.95,0.0,GARC1,RUS,EMB,embB@P197R,U,{},"{""proportion"": 0.0, ""confidence"": [0.0, 0.6576197724933469], ""p_value"": 1.0, ""contingency"": [[0, 2], [434, 28842]]}",{}
591,NC00962.3,EMB-0.25-0.95,0.0,GARC1,RUS,EMB,embA@N110D,U,{},"{""proportion"": 0.0, ""confidence"": [0.0, 0.6576197724933469], ""p_value"": 1.0, ""contingency"": [[0, 2], [434, 28842]]}",{}
592,NC00962.3,EMB-0.25-0.95,0.0,GARC1,RUS,EMB,embA@W931L,U,{},"{""proportion"": 0.0, ""confidence"": [0.0, 0.7934506856227626], ""p_value"": 1.0, ""contingency"": [[0, 1], [434, 28842]]}",{}
593,NC00962.3,EMB-0.25-0.95,0.0,GARC1,RUS,EMB,embB@R257W,U,{},"{""proportion"": 0.0, ""confidence"": [0.0, 0.6576197724933469], ""p_value"": 1.0, ""contingency"": [[0, 2], [434, 28842]]}",{}
594,NC00962.3,EMB-0.25-0.95,0.0,GARC1,RUS,EMB,embA@P381L,U,{},"{""proportion"": 0.0, ""confidence"": [0.0, 0.6576197724933469], ""p_value"": 1.0, ""contingency"": [[0, 2], [434, 28842]]}",{}
595,NC00962.3,EMB-0.25-0.95,0.0,GARC1,RUS,EMB,embA@G1088!,U,{},"{""proportion"": 0.0, ""confidence"": [0.0, 0.7934506856227626], ""p_value"": 1.0, ""contingency"": [[0, 1], [434, 28842]]}",{}
596,NC00962.3,EMB-0.25-0.95,0.0,GARC1,RUS,EMB,embB@R623P,U,{},"{""proportion"": 0.0, ""confidence"": [0.0, 0.7934506856227626], ""p_value"": 1.0, ""contingency"": [[0, 1], [434, 28842]]}",{}
597,NC00962.3,EMB-0.25-0.95,0.0,GARC1,RUS,EMB,embA@A109T,U,{},"{""proportion"": 0.0, ""confidence"": [4.8683609171202235e-17, 0.5614970317550455], ""p_value"": 1.0, ""contingency"": [[0, 3], [434, 28842]]}",{}
598,NC00962.3,EMB-0.25-0.95,0.0,GARC1,RUS,EMB,embA@L563V,U,{},"{""proportion"": 0.0, ""confidence"": [0.0, 0.7934506856227626], ""p_value"": 1.0, ""contingency"": [[0, 1], [434, 28842]]}",{}
599,NC00962.3,EMB-0.25-0.95,0.0,GARC1,RUS,EMB,embB@G665W,U,{},"{""proportion"": 0.0, ""confidence"": [0.0, 0.4898908364545973], ""p_value"": 0.578125, ""contingency"": [[0, 4], [434, 28842]]}",{}
600,NC00962.3,EMB-0.25-0.95,0.0,GARC1,RUS,EMB,embB@A1083V,U,{},"{""proportion"": 0.0, ""confidence"": [0.0, 0.7934506856227626], ""p_value"": 1.0, ""contingency"": [[0, 1], [434, 28842]]}",{}
601,NC00962.3,EMB-0.25-0.95,0.0,GARC1,RUS,EMB,embB@L1053V,U,{},"{""proportion"": 0.0, ""confidence"": [0.0, 0.7934506856227626], ""p_value"": 1.0, ""contingency"": [[0, 1], [434, 28842]]}",{}
602,NC00962.3,EMB-0.25-0.95,0.0,GARC1,RUS,EMB,embB@A993T,U,{},"{""proportion"": 0.0, ""confidence"": [0.0, 0.7934506856227626], ""p_value"": 1.0, ""contingency"": [[0, 1], [434, 28842]]}",{}
603,NC00962.3,EMB-0.25-0.95,0.0,GARC1,RUS,EMB,embA@A494S,U,{},"{""proportion"": 0.0, ""confidence"": [0.0, 0.7934506856227626], ""p_value"": 1.0, ""contingency"": [[0, 1], [434, 28842]]}",{}
604,NC00962.3,EMB-0.25-0.95,0.0,GARC1,RUS,EMB,embA@I821T,U,{},"{""proportion"": 0.0, ""confidence"": [0.0, 0.7934506856227626], ""p_value"": 1.0, ""contingency"": [[0, 1], [434, 28842]]}",{}
605,NC00962.3,EMB-0.25-0.95,0.0,GARC1,RUS,EMB,embB@D752H,U,{},"{""proportion"": 0.0, ""confidence"": [0.0, 0.7934506856227626], ""p_value"": 1.0, ""contingency"": [[0, 1], [434, 28842]]}",{}
606,NC00962.3,EMB-0.25-0.95,0.0,GARC1,RUS,EMB,embB@V898M,U,{},"{""proportion"": 0.0, ""confidence"": [0.0, 0.7934506856227626], ""p_value"": 1.0, ""contingency"": [[0, 1], [434, 28842]]}",{}
607,NC00962.3,EMB-0.25-0.95,0.0,GARC1,RUS,EMB,embA@T300A,U,{},"{""proportion"": 0.0, ""confidence"": [0.0, 0.7934506856227626], ""p_value"": 1.0, ""contingency"": [[0, 1], [434, 28842]]}",{}
608,NC00962.3,EMB-0.25-0.95,0.0,GARC1,RUS,EMB,embA@N847S,U,{},"{""proportion"": 0.0, ""confidence"": [0.0, 0.7934506856227626], ""p_value"": 1.0, ""contingency"": [[0, 1], [434, 28842]]}",{}
609,NC00962.3,EMB-0.25-0.95,0.0,GARC1,RUS,EMB,embA@R11Q,U,{},"{""proportion"": 0.0, ""confidence"": [4.8683609171202235e-17, 0.5614970317550455], ""p_value"": 1.0, ""contingency"": [[0, 3], [434, 28842]]}",{}
610,NC00962.3,EMB-0.25-0.95,0.0,GARC1,RUS,EMB,embB@D78E,U,{},"{""proportion"": 0.0, ""confidence"": [0.0, 0.6576197724933469], ""p_value"": 1.0, ""contingency"": [[0, 2], [434, 28842]]}",{}
611,NC00962.3,EMB-0.25-0.95,0.0,GARC1,RUS,EMB,embA@G817S,U,{},"{""proportion"": 0.0, ""confidence"": [0.0, 0.7934506856227626], ""p_value"": 1.0, ""contingency"": [[0, 1], [434, 28842]]}",{}
612,NC00962.3,EMB-0.25-0.95,0.0,GARC1,RUS,EMB,embA@V458P,U,{},"{""proportion"": 0.0, ""confidence"": [0.0, 0.6576197724933469], ""p_value"": 1.0, ""contingency"": [[0, 2], [434, 28842]]}",{}
613,NC00962.3,EMB-0.25-0.95,0.0,GARC1,RUS,EMB,embA@R234P,U,{},"{""proportion"": 0.0, ""confidence"": [0.0, 0.7934506856227626], ""p_value"": 1.0, ""contingency"": [[0, 1], [434, 28842]]}",{}
614,NC00962.3,EMB-0.25-0.95,0.0,GARC1,RUS,EMB,embB@P809S,U,{},"{""proportion"": 0.0, ""confidence"": [0.0, 0.43448246478317476], ""p_value"": 0.34082031250000006, ""contingency"": [[0, 5], [434, 28842]]}",{}
615,NC00962.3,EMB-0.25-0.95,0.0,GARC1,RUS,EMB,embA@A571S,U,{},"{""proportion"": 0.0, ""confidence"": [0.0, 0.7934506856227626], ""p_value"": 1.0, ""contingency"": [[0, 1], [434, 28842]]}",{}
616,NC00962.3,EMB-0.25-0.95,0.0,GARC1,RUS,EMB,embA@T983I,U,{},"{""proportion"": 0.0, ""confidence"": [0.0, 0.6576197724933469], ""p_value"": 1.0, ""contingency"": [[0, 2], [434, 28842]]}",{}
617,NC00962.3,EMB-0.25-0.95,0.0,GARC1,RUS,EMB,embB@V727A,U,{},"{""proportion"": 0.0, ""confidence"": [0.0, 0.7934506856227626], ""p_value"": 1.0, ""contingency"": [[0, 1], [434, 28842]]}",{}
618,NC00962.3,EMB-0.25-0.95,0.0,GARC1,RUS,EMB,embA@M324V,U,{},"{""proportion"": 0.0, ""confidence"": [0.0, 0.7934506856227626], ""p_value"": 1.0, ""contingency"": [[0, 1], [434, 28842]]}",{}
619,NC00962.3,EMB-0.25-0.95,0.0,GARC1,RUS,EMB,embA@V458A,U,{},"{""proportion"": 0.0, ""confidence"": [0.0, 0.7934506856227626], ""p_value"": 1.0, ""contingency"": [[0, 1], [434, 28842]]}",{}
620,NC00962.3,EMB-0.25-0.95,0.0,GARC1,RUS,EMB,embB@L268P,U,{},"{""proportion"": 0.0, ""confidence"": [0.0, 0.7934506856227626], ""p_value"": 1.0, ""contingency"": [[0, 1], [434, 28842]]}",{}
621,NC00962.3,EMB-0.25-0.95,0.0,GARC1,RUS,EMB,embA@F650L,U,{},"{""proportion"": 0.0, ""confidence"": [0.0, 0.7934506856227626], ""p_value"": 1.0, ""contingency"": [[0, 1], [434, 28842]]}",{}
622,NC00962.3,EMB-0.25-0.95,0.0,GARC1,RUS,EMB,embA@Q990H,U,{},"{""proportion"": 0.0, ""confidence"": [0.0, 0.7934506856227626], ""p_value"": 1.0, ""contingency"": [[0, 1], [434, 28842]]}",{}
623,NC00962.3,EMB-0.25-0.95,0.0,GARC1,RUS,EMB,embA@E397K,U,{},"{""proportion"": 0.0, ""confidence"": [0.0, 0.7934506856227626], ""p_value"": 1.0, ""contingency"": [[0, 1], [434, 28842]]}",{}
624,NC00962.3,EMB-0.25-0.95,0.0,GARC1,RUS,EMB,embB@P818T,U,{},"{""proportion"": 0.0, ""confidence"": [0.0, 0.6576197724933469], ""p_value"": 1.0, ""contingency"": [[0, 2], [434, 28842]]}",{}
625,NC00962.3,EMB-0.25-0.95,0.0,GARC1,RUS,EMB,embB@A705T,U,{},"{""proportion"": 0.0, ""confidence"": [0.0, 0.7934506856227626], ""p_value"": 1.0, ""contingency"": [[0, 1], [434, 28842]]}",{}
626,NC00962.3,EMB-0.25-0.95,0.0,GARC1,RUS,EMB,embB@I226V,U,{},"{""proportion"": 0.0, ""confidence"": [4.8683609171202235e-17, 0.5614970317550455], ""p_value"": 1.0, ""contingency"": [[0, 3], [434, 28842]]}",{}
627,NC00962.3,EMB-0.25-0.95,0.0,GARC1,RUS,EMB,embB@W28S,U,{},"{""proportion"": 0.0, ""confidence"": [0.0, 0.7934506856227626], ""p_value"": 1.0, ""contingency"": [[0, 1], [434, 28842]]}",{}
628,NC00962.3,EMB-0.25-0.95,0.0,GARC1,RUS,EMB,embB@T819I,U,{},"{""proportion"": 0.0, ""confidence"": [0.0, 0.7934506856227626], ""p_value"": 1.0, ""contingency"": [[0, 1], [434, 28842]]}",{}
629,NC00962.3,EMB-0.25-0.95,0.0,GARC1,RUS,EMB,embA@A284S,U,{},"{""proportion"": 0.0, ""confidence"": [0.0, 0.7934506856227626], ""p_value"": 1.0, ""contingency"": [[0, 1], [434, 28842]]}",{}
630,NC00962.3,EMB-0.25-0.95,0.0,GARC1,RUS,EMB,embB@A677T,U,{},"{""proportion"": 0.0, ""confidence"": [0.0, 0.7934506856227626], ""p_value"": 1.0, ""contingency"": [[0, 1], [434, 28842]]}",{}
631,NC00962.3,EMB-0.25-0.95,0.0,GARC1,RUS,EMB,embB@R1059G,U,{},"{""proportion"": 0.0, ""confidence"": [0.0, 0.7934506856227626], ""p_value"": 1.0, ""contingency"": [[0, 1], [434, 28842]]}",{}
632,NC00962.3,EMB-0.25-0.95,0.0,GARC1,RUS,EMB,embA@T1033I,U,{},"{""proportion"": 0.0, ""confidence"": [0.0, 0.7934506856227626], ""p_value"": 1.0, ""contingency"": [[0, 1], [434, 28842]]}",{}
633,NC00962.3,EMB-0.25-0.95,0.0,GARC1,RUS,EMB,embB@T830M,U,{},"{""proportion"": 0.0, ""confidence"": [0.0, 0.7934506856227626], ""p_value"": 1.0, ""contingency"": [[0, 1], [434, 28842]]}",{}
634,NC00962.3,EMB-0.25-0.95,0.0,GARC1,RUS,EMB,embB@C549G,U,{},"{""proportion"": 0.0, ""confidence"": [0.0, 0.7934506856227626], ""p_value"": 1.0, ""contingency"": [[0, 1], [434, 28842]]}",{}
635,NC00962.3,EMB-0.25-0.95,0.0,GARC1,RUS,EMB,embA@T113M,U,{},"{""proportion"": 0.0, ""confidence"": [0.0, 0.7934506856227626], ""p_value"": 1.0, ""contingency"": [[0, 1], [434, 28842]]}",{}
636,NC00962.3,EMB-0.25-0.95,0.0,GARC1,RUS,EMB,embB@A201T,U,{},"{""proportion"": 0.0, ""confidence"": [0.0, 0.6576197724933469], ""p_value"": 1.0, ""contingency"": [[0, 2], [434, 28842]]}",{}
637,NC00962.3,EMB-0.25-0.95,0.0,GARC1,RUS,EMB,embA@L723V,U,{},"{""proportion"": 0.0, ""confidence"": [0.0, 0.7934506856227626], ""p_value"": 1.0, ""contingency"": [[0, 1], [434, 28842]]}",{}
638,NC00962.3,EMB-0.25-0.95,0.0,GARC1,RUS,EMB,embB@D869E,U,{},"{""proportion"": 0.0, ""confidence"": [4.8683609171202235e-17, 0.5614970317550455], ""p_value"": 1.0, ""contingency"": [[0, 3], [434, 28842]]}",{}
639,NC00962.3,EMB-0.25-0.95,0.0,GARC1,RUS,EMB,embA@T688M,U,{},"{""proportion"": 0.0, ""confidence"": [0.0, 0.7934506856227626], ""p_value"": 1.0, ""contingency"": [[0, 1], [434, 28842]]}",{}
640,NC00962.3,EMB-0.25-0.95,0.0,GARC1,RUS,EMB,embB@F628S,U,{},"{""proportion"": 0.0, ""confidence"": [0.0, 0.6576197724933469], ""p_value"": 1.0, ""contingency"": [[0, 2], [434, 28842]]}",{}
641,NC00962.3,EMB-0.25-0.95,0.0,GARC1,RUS,EMB,embA@I877T,U,{},"{""proportion"": 0.0, ""confidence"": [0.0, 0.6576197724933469], ""p_value"": 1.0, ""contingency"": [[0, 2], [434, 28842]]}",{}
642,NC00962.3,EMB-0.25-0.95,0.0,GARC1,RUS,EMB,embB@S261P,U,{},"{""proportion"": 0.0, ""confidence"": [0.0, 0.7934506856227626], ""p_value"": 1.0, ""contingency"": [[0, 1], [434, 28842]]}",{}
643,NC00962.3,EMB-0.25-0.95,0.0,GARC1,RUS,EMB,embB@K820N,U,{},"{""proportion"": 0.0, ""confidence"": [0.0, 0.7934506856227626], ""p_value"": 1.0, ""contingency"": [[0, 1], [434, 28842]]}",{}
644,NC00962.3,EMB-0.25-0.95,0.0,GARC1,RUS,EMB,embB@G914R,U,{},"{""proportion"": 0.0, ""confidence"": [0.0, 0.7934506856227626], ""p_value"": 1.0, ""contingency"": [[0, 1], [434, 28842]]}",{}
645,NC00962.3,EMB-0.25-0.95,0.0,GARC1,RUS,EMB,embA@T652M,U,{},"{""proportion"": 0.0, ""confidence"": [0.0, 0.7934506856227626], ""p_value"": 1.0, ""contingency"": [[0, 1], [434, 28842]]}",{}
646,NC00962.3,EMB-0.25-0.95,0.0,GARC1,RUS,EMB,embA@P645Q,U,{},"{""proportion"": 0.0, ""confidence"": [3.384324554477539e-17, 0.39033428790216534], ""p_value"": 0.347412109375, ""contingency"": [[0, 6], [434, 28842]]}",{}
647,NC00962.3,EMB-0.25-0.95,0.0,GARC1,RUS,EMB,embB@V508F,U,{},"{""proportion"": 0.0, ""confidence"": [0.0, 0.4898908364545973], ""p_value"": 0.578125, ""contingency"": [[0, 4], [434, 28842]]}",{}
648,NC00962.3,EMB-0.25-0.95,0.0,GARC1,RUS,EMB,embB@I1039M,U,{},"{""proportion"": 0.0, ""confidence"": [3.384324554477539e-17, 0.39033428790216534], ""p_value"": 0.347412109375, ""contingency"": [[0, 6], [434, 28842]]}",{}
649,NC00962.3,EMB-0.25-0.95,0.0,GARC1,RUS,EMB,embA@T40I,U,{},"{""proportion"": 0.0, ""confidence"": [0.0, 0.7934506856227626], ""p_value"": 1.0, ""contingency"": [[0, 1], [434, 28842]]}",{}
650,NC00962.3,EMB-0.25-0.95,0.0,GARC1,RUS,EMB,embA@V89M,U,{},"{""proportion"": 0.0, ""confidence"": [0.0, 0.7934506856227626], ""p_value"": 1.0, ""contingency"": [[0, 1], [434, 28842]]}",{}
651,NC00962.3,EMB-0.25-0.95,0.0,GARC1,RUS,EMB,embA@Y307H,U,{},"{""proportion"": 0.0, ""confidence"": [4.8683609171202235e-17, 0.5614970317550455], ""p_value"": 1.0, ""contingency"": [[0, 3], [434, 28842]]}",{}
652,NC00962.3,EMB-0.25-0.95,0.0,GARC1,RUS,EMB,embB@V888M,U,{},"{""proportion"": 0.0, ""confidence"": [0.0, 0.7934506856227626], ""p_value"": 1.0, ""contingency"": [[0, 1], [434, 28842]]}",{}
653,NC00962.3,EMB-0.25-0.95,0.0,GARC1,RUS,EMB,embA@c-3t,U,{},"{""proportion"": 0.0, ""confidence"": [0.0, 0.7934506856227626], ""p_value"": 1.0, ""contingency"": [[0, 1], [434, 28842]]}",{}
654,NC00962.3,EMB-0.25-0.95,0.0,GARC1,RUS,EMB,embB@I578V,U,{},"{""proportion"": 0.0, ""confidence"": [0.0, 0.7934506856227626], ""p_value"": 1.0, ""contingency"": [[0, 1], [434, 28842]]}",{}
655,NC00962.3,EMB-0.25-0.95,0.0,GARC1,RUS,EMB,embB@A196T,U,{},"{""proportion"": 0.0, ""confidence"": [0.0, 0.7934506856227626], ""p_value"": 1.0, ""contingency"": [[0, 1], [434, 28842]]}",{}
656,NC00962.3,EMB-0.25-0.95,0.0,GARC1,RUS,EMB,embA@P976T,U,{},"{""proportion"": 0.0, ""confidence"": [0.0, 0.6576197724933469], ""p_value"": 1.0, ""contingency"": [[0, 2], [434, 28842]]}",{}
657,NC00962.3,EMB-0.25-0.95,0.0,GARC1,RUS,EMB,embB@I545M,U,{},"{""proportion"": 0.0, ""confidence"": [0.0, 0.6576197724933469], ""p_value"": 1.0, ""contingency"": [[0, 2], [434, 28842]]}",{}
658,NC00962.3,EMB-0.25-0.95,0.0,GARC1,RUS,EMB,embB@D758N,U,{},"{""proportion"": 0.0, ""confidence"": [0.0, 0.6576197724933469], ""p_value"": 1.0, ""contingency"": [[0, 2], [434, 28842]]}",{}
659,NC00962.3,EMB-0.25-0.95,0.0,GARC1,RUS,EMB,embB@M939I,U,{},"{""proportion"": 0.0, ""confidence"": [0.0, 0.7934506856227626], ""p_value"": 1.0, ""contingency"": [[0, 1], [434, 28842]]}",{}
660,NC00962.3,EMB-0.25-0.95,0.0,GARC1,RUS,EMB,embA@P774H,U,{},"{""proportion"": 0.0, ""confidence"": [0.0, 0.6576197724933469], ""p_value"": 1.0, ""contingency"": [[0, 2], [434, 28842]]}",{}
661,NC00962.3,EMB-0.25-0.95,0.0,GARC1,RUS,EMB,embB@G37S,U,{},"{""proportion"": 0.0, ""confidence"": [3.384324554477539e-17, 0.39033428790216534], ""p_value"": 0.347412109375, ""contingency"": [[0, 6], [434, 28842]]}",{}
662,NC00962.3,EMB-0.25-0.95,0.0,GARC1,RUS,EMB,embA@V819I,U,{},"{""proportion"": 0.0, ""confidence"": [0.0, 0.7934506856227626], ""p_value"": 1.0, ""contingency"": [[0, 1], [434, 28842]]}",{}
663,NC00962.3,EMB-0.25-0.95,0.0,GARC1,RUS,EMB,embB@G836E,U,{},"{""proportion"": 0.0, ""confidence"": [0.0, 0.6576197724933469], ""p_value"": 1.0, ""contingency"": [[0, 2], [434, 28842]]}",{}
664,NC00962.3,EMB-0.25-0.95,0.0,GARC1,RUS,EMB,embA@G841A,U,{},"{""proportion"": 0.0, ""confidence"": [4.8683609171202235e-17, 0.5614970317550455], ""p_value"": 1.0, ""contingency"": [[0, 3], [434, 28842]]}",{}
665,NC00962.3,EMB-0.25-0.95,0.0,GARC1,RUS,EMB,embB@R568H,U,{},"{""proportion"": 0.0, ""confidence"": [0.0, 0.7934506856227626], ""p_value"": 1.0, ""contingency"": [[0, 1], [434, 28842]]}",{}
666,NC00962.3,EMB-0.25-0.95,0.0,GARC1,RUS,EMB,embA@S994F,U,{},"{""proportion"": 0.0, ""confidence"": [0.0, 0.7934506856227626], ""p_value"": 1.0, ""contingency"": [[0, 1], [434, 28842]]}",{}
667,NC00962.3,EMB-0.25-0.95,0.0,GARC1,RUS,EMB,embA@P1087S,U,{},"{""proportion"": 0.0, ""confidence"": [0.0, 0.6576197724933469], ""p_value"": 1.0, ""contingency"": [[0, 2], [434, 28842]]}",{}
668,NC00962.3,EMB-0.25-0.95,0.0,GARC1,RUS,EMB,embA@A721T,U,{},"{""proportion"": 0.0, ""confidence"": [4.8683609171202235e-17, 0.5614970317550455], ""p_value"": 1.0, ""contingency"": [[0, 3], [434, 28842]]}",{}
669,NC00962.3,EMB-0.25-0.95,0.0,GARC1,RUS,EMB,embB@D57G,U,{},"{""proportion"": 0.0, ""confidence"": [4.8683609171202235e-17, 0.5614970317550455], ""p_value"": 1.0, ""contingency"": [[0, 3], [434, 28842]]}",{}
670,NC00962.3,EMB-0.25-0.95,0.0,GARC1,RUS,EMB,embA@L614M,U,{},"{""proportion"": 0.0, ""confidence"": [0.0, 0.7934506856227626], ""p_value"": 1.0, ""contingency"": [[0, 1], [434, 28842]]}",{}
671,NC00962.3,EMB-0.25-0.95,0.0,GARC1,RUS,EMB,embA@Y276C,U,{},"{""proportion"": 0.0, ""confidence"": [0.0, 0.7934506856227626], ""p_value"": 1.0, ""contingency"": [[0, 1], [434, 28842]]}",{}
672,NC00962.3,EMB-0.25-0.95,0.0,GARC1,RUS,EMB,embB@E1008A,U,{},"{""proportion"": 0.0, ""confidence"": [0.0, 0.7934506856227626], ""p_value"": 1.0, ""contingency"": [[0, 1], [434, 28842]]}",{}
673,NC00962.3,EMB-0.25-0.95,0.0,GARC1,RUS,EMB,embA@L832F,U,{},"{""proportion"": 0.0, ""confidence"": [0.0, 0.7934506856227626], ""p_value"": 1.0, ""contingency"": [[0, 1], [434, 28842]]}",{}
674,NC00962.3,EMB-0.25-0.95,0.0,GARC1,RUS,EMB,embB@P766R,U,{},"{""proportion"": 0.0, ""confidence"": [0.0, 0.6576197724933469], ""p_value"": 1.0, ""contingency"": [[0, 2], [434, 28842]]}",{}
675,NC00962.3,EMB-0.25-0.95,0.0,GARC1,RUS,EMB,embA@A1069V,U,{},"{""proportion"": 0.0, ""confidence"": [0.0, 0.7934506856227626], ""p_value"": 1.0, ""contingency"": [[0, 1], [434, 28842]]}",{}
676,NC00962.3,EMB-0.25-0.95,0.0,GARC1,RUS,EMB,embA@V698I,U,{},"{""proportion"": 0.0, ""confidence"": [0.0, 0.4898908364545973], ""p_value"": 0.578125, ""contingency"": [[0, 4], [434, 28842]]}",{}
677,NC00962.3,EMB-0.25-0.95,0.0,GARC1,RUS,EMB,embA@R472G,U,{},"{""proportion"": 0.0, ""confidence"": [0.0, 0.7934506856227626], ""p_value"": 1.0, ""contingency"": [[0, 1], [434, 28842]]}",{}
678,NC00962.3,EMB-0.25-0.95,0.0,GARC1,RUS,EMB,embA@a-68g,U,{},"{""proportion"": 0.0, ""confidence"": [0.0, 0.7934506856227626], ""p_value"": 1.0, ""contingency"": [[0, 1], [434, 28842]]}",{}
679,NC00962.3,EMB-0.25-0.95,0.0,GARC1,RUS,EMB,embB@V42L,U,{},"{""proportion"": 0.0, ""confidence"": [0.0, 0.7934506856227626], ""p_value"": 1.0, ""contingency"": [[0, 1], [434, 28842]]}",{}
680,NC00962.3,EMB-0.25-0.95,0.0,GARC1,RUS,EMB,embA@L62M,U,{},"{""proportion"": 0.0, ""confidence"": [0.0, 0.7934506856227626], ""p_value"": 1.0, ""contingency"": [[0, 1], [434, 28842]]}",{}
681,NC00962.3,EMB-0.25-0.95,0.0,GARC1,RUS,EMB,embA@H665Y,U,{},"{""proportion"": 0.0, ""confidence"": [0.0, 0.6576197724933469], ""p_value"": 1.0, ""contingency"": [[0, 2], [434, 28842]]}",{}
682,NC00962.3,EMB-0.25-0.95,0.0,GARC1,RUS,EMB,embB@A630T,U,{},"{""proportion"": 0.0, ""confidence"": [0.0, 0.7934506856227626], ""p_value"": 1.0, ""contingency"": [[0, 1], [434, 28842]]}",{}
683,NC00962.3,EMB-0.25-0.95,0.0,GARC1,RUS,EMB,embA@D176A,U,{},"{""proportion"": 0.0, ""confidence"": [0.0, 0.6576197724933469], ""p_value"": 1.0, ""contingency"": [[0, 2], [434, 28842]]}",{}
684,NC00962.3,EMB-0.25-0.95,0.0,GARC1,RUS,EMB,embA@A736V,U,{},"{""proportion"": 0.0, ""confidence"": [0.0, 0.7934506856227626], ""p_value"": 1.0, ""contingency"": [[0, 1], [434, 28842]]}",{}
685,NC00962.3,EMB-0.25-0.95,0.0,GARC1,RUS,EMB,embB@V793I,U,{},"{""proportion"": 0.0, ""confidence"": [4.8683609171202235e-17, 0.5614970317550455], ""p_value"": 1.0, ""contingency"": [[0, 3], [434, 28842]]}",{}
686,NC00962.3,EMB-0.25-0.95,0.0,GARC1,RUS,EMB,embB@2943_del_gca,U,{},"{""proportion"": 0.0, ""confidence"": [4.8683609171202235e-17, 0.5614970317550455], ""p_value"": 1.0, ""contingency"": [[0, 3], [434, 28842]]}",{}
687,NC00962.3,EMB-0.25-0.95,0.0,GARC1,RUS,EMB,embB@M764L,U,{},"{""proportion"": 0.0, ""confidence"": [0.0, 0.7934506856227626], ""p_value"": 1.0, ""contingency"": [[0, 1], [434, 28842]]}",{}
688,NC00962.3,EMB-0.25-0.95,0.0,GARC1,RUS,EMB,embB@A903T,U,{},"{""proportion"": 0.0, ""confidence"": [0.0, 0.7934506856227626], ""p_value"": 1.0, ""contingency"": [[0, 1], [434, 28842]]}",{}
689,NC00962.3,EMB-0.25-0.95,0.0,GARC1,RUS,EMB,embB@A15P,U,{},"{""proportion"": 0.0, ""confidence"": [4.8683609171202235e-17, 0.5614970317550455], ""p_value"": 1.0, ""contingency"": [[0, 3], [434, 28842]]}",{}
690,NC00962.3,EMB-0.25-0.95,0.0,GARC1,RUS,EMB,embB@G851V,U,{},"{""proportion"": 0.0, ""confidence"": [0.0, 0.7934506856227626], ""p_value"": 1.0, ""contingency"": [[0, 1], [434, 28842]]}",{}
691,NC00962.3,EMB-0.25-0.95,0.0,GARC1,RUS,EMB,embA@D144N,U,{},"{""proportion"": 0.0, ""confidence"": [0.0, 0.7934506856227626], ""p_value"": 1.0, ""contingency"": [[0, 1], [434, 28842]]}",{}
692,NC00962.3,EMB-0.25-0.95,0.0,GARC1,RUS,EMB,embA@A460T,U,{},"{""proportion"": 0.0, ""confidence"": [0.0, 0.4898908364545973], ""p_value"": 0.578125, ""contingency"": [[0, 4], [434, 28842]]}",{}
693,NC00962.3,EMB-0.25-0.95,0.0,GARC1,RUS,EMB,embA@R1047G,U,{},"{""proportion"": 0.0, ""confidence"": [0.0, 0.6576197724933469], ""p_value"": 1.0, ""contingency"": [[0, 2], [434, 28842]]}",{}
694,NC00962.3,EMB-0.25-0.95,0.0,GARC1,RUS,EMB,embA@I1007L,U,{},"{""proportion"": 0.0, ""confidence"": [0.0, 0.7934506856227626], ""p_value"": 1.0, ""contingency"": [[0, 1], [434, 28842]]}",{}
695,NC00962.3,EMB-0.25-0.95,0.0,GARC1,RUS,EMB,embA@G154S,U,{},"{""proportion"": 0.0, ""confidence"": [0.0, 0.7934506856227626], ""p_value"": 1.0, ""contingency"": [[0, 1], [434, 28842]]}",{}
696,NC00962.3,EMB-0.25-0.95,0.0,GARC1,RUS,EMB,embA@R836G,U,{},"{""proportion"": 0.0, ""confidence"": [0.0, 0.7934506856227626], ""p_value"": 1.0, ""contingency"": [[0, 1], [434, 28842]]}",{}
697,NC00962.3,EMB-0.25-0.95,0.0,GARC1,RUS,EMB,embB@A840G,U,{},"{""proportion"": 0.0, ""confidence"": [0.0, 0.7934506856227626], ""p_value"": 1.0, ""contingency"": [[0, 1], [434, 28842]]}",{}
698,NC00962.3,EMB-0.25-0.95,0.0,GARC1,RUS,EMB,embB@M575V,U,{},"{""proportion"": 0.0, ""confidence"": [0.0, 0.6576197724933469], ""p_value"": 1.0, ""contingency"": [[0, 2], [434, 28842]]}",{}
699,NC00962.3,EMB-0.25-0.95,0.0,GARC1,RUS,EMB,embA@L505F,U,{},"{""proportion"": 0.0, ""confidence"": [0.0, 0.2775327998628892], ""p_value"": 0.07604122161865237, ""contingency"": [[0, 10], [434, 28842]]}",{}
700,NC00962.3,EMB-0.25-0.95,0.0,GARC1,RUS,EMB,embB@E149K,U,{},"{""proportion"": 0.0, ""confidence"": [0.0, 0.7934506856227626], ""p_value"": 1.0, ""contingency"": [[0, 1], [434, 28842]]}",{}
701,NC00962.3,EMB-0.25-0.95,0.0,GARC1,RUS,EMB,embA@A127V,U,{},"{""proportion"": 0.0, ""confidence"": [0.0, 0.6576197724933469], ""p_value"": 1.0, ""contingency"": [[0, 2], [434, 28842]]}",{}
702,NC00962.3,EMB-0.25-0.95,0.0,GARC1,RUS,EMB,embA@G1077S,U,{},"{""proportion"": 0.0, ""confidence"": [0.0, 0.7934506856227626], ""p_value"": 1.0, ""contingency"": [[0, 1], [434, 28842]]}",{}
703,NC00962.3,EMB-0.25-0.95,0.0,GARC1,RUS,EMB,embB@G314S,U,{},"{""proportion"": 0.0, ""confidence"": [0.0, 0.7934506856227626], ""p_value"": 1.0, ""contingency"": [[0, 1], [434, 28842]]}",{}
704,NC00962.3,EMB-0.25-0.95,0.0,GARC1,RUS,EMB,embB@D814A,U,{},"{""proportion"": 0.0, ""confidence"": [4.8683609171202235e-17, 0.5614970317550455], ""p_value"": 1.0, ""contingency"": [[0, 3], [434, 28842]]}",{}
705,NC00962.3,EMB-0.25-0.95,0.0,GARC1,RUS,EMB,embA@H140D,U,{},"{""proportion"": 0.0, ""confidence"": [0.0, 0.7934506856227626], ""p_value"": 1.0, ""contingency"": [[0, 1], [434, 28842]]}",{}
706,NC00962.3,EMB-0.25-0.95,0.0,GARC1,RUS,EMB,embB@G694D,U,{},"{""proportion"": 0.0, ""confidence"": [0.0, 0.7934506856227626], ""p_value"": 1.0, ""contingency"": [[0, 1], [434, 28842]]}",{}
707,NC00962.3,EMB-0.25-0.95,0.0,GARC1,RUS,EMB,embB@A102T,U,{},"{""proportion"": 0.0, ""confidence"": [0.0, 0.7934506856227626], ""p_value"": 1.0, ""contingency"": [[0, 1], [434, 28842]]}",{}
708,NC00962.3,EMB-0.25-0.95,0.0,GARC1,RUS,EMB,embA@G86V,U,{},"{""proportion"": 0.0, ""confidence"": [0.0, 0.43448246478317476], ""p_value"": 0.34082031250000006, ""contingency"": [[0, 5], [434, 28842]]}",{}
709,NC00962.3,EMB-0.25-0.95,0.0,GARC1,RUS,EMB,embB@Y384S,U,{},"{""proportion"": 0.0, ""confidence"": [0.0, 0.7934506856227626], ""p_value"": 1.0, ""contingency"": [[0, 1], [434, 28842]]}",{}
710,NC00962.3,EMB-0.25-0.95,0.0,GARC1,RUS,EMB,embB@D108N,U,{},"{""proportion"": 0.0, ""confidence"": [0.0, 0.7934506856227626], ""p_value"": 1.0, ""contingency"": [[0, 1], [434, 28842]]}",{}
711,NC00962.3,EMB-0.25-0.95,0.0,GARC1,RUS,EMB,embA@V1073I,U,{},"{""proportion"": 0.0, ""confidence"": [0.0, 0.2775327998628892], ""p_value"": 0.07604122161865237, ""contingency"": [[0, 10], [434, 28842]]}",{}
712,NC00962.3,EMB-0.25-0.95,0.0,GARC1,RUS,EMB,embB@G748E,U,{},"{""proportion"": 0.0, ""confidence"": [0.0, 0.6576197724933469], ""p_value"": 1.0, ""contingency"": [[0, 2], [434, 28842]]}",{}
713,NC00962.3,EMB-0.25-0.95,0.0,GARC1,RUS,EMB,embB@V948M,U,{},"{""proportion"": 0.0, ""confidence"": [0.0, 0.7934506856227626], ""p_value"": 1.0, ""contingency"": [[0, 1], [434, 28842]]}",{}
714,NC00962.3,EMB-0.25-0.95,0.0,GARC1,RUS,EMB,embA@P164L,U,{},"{""proportion"": 0.0, ""confidence"": [0.0, 0.7934506856227626], ""p_value"": 1.0, ""contingency"": [[0, 1], [434, 28842]]}",{}
715,NC00962.3,EMB-0.25-0.95,0.0,GARC1,RUS,EMB,embA@G353R,U,{},"{""proportion"": 0.0, ""confidence"": [0.0, 0.6576197724933469], ""p_value"": 1.0, ""contingency"": [[0, 2], [434, 28842]]}",{}
716,NC00962.3,EMB-0.25-0.95,0.0,GARC1,RUS,EMB,embB@A683V,U,{},"{""proportion"": 0.0, ""confidence"": [0.0, 0.7934506856227626], ""p_value"": 1.0, ""contingency"": [[0, 1], [434, 28842]]}",{}
717,NC00962.3,EMB-0.25-0.95,0.0,GARC1,RUS,EMB,embB@A608T,U,{},"{""proportion"": 0.0, ""confidence"": [0.0, 0.7934506856227626], ""p_value"": 1.0, ""contingency"": [[0, 1], [434, 28842]]}",{}
718,NC00962.3,EMB-0.25-0.95,0.0,GARC1,RUS,EMB,embB@R728Q,U,{},"{""proportion"": 0.0, ""confidence"": [0.0, 0.7934506856227626], ""p_value"": 1.0, ""contingency"": [[0, 1], [434, 28842]]}",{}
719,NC00962.3,EMB-0.25-0.95,0.0,GARC1,RUS,EMB,embB@A1073D,U,{},"{""proportion"": 0.0625, ""confidence"": [0.011119344764642517, 0.2832873757029894], ""p_value"": 0.14303369168192148, ""contingency"": [[1, 15], [434, 28842]]}",{}
720,NC00962.3,EMB-0.25-0.95,0.0,GARC1,RUS,EMB,embA@A159S,U,{},"{""proportion"": 0.0, ""confidence"": [0.0, 0.6576197724933469], ""p_value"": 1.0, ""contingency"": [[0, 2], [434, 28842]]}",{}
721,NC00962.3,EMB-0.25-0.95,0.0,GARC1,RUS,EMB,embB@L1037I,U,{},"{""proportion"": 0.0, ""confidence"": [0.0, 0.43448246478317476], ""p_value"": 0.34082031250000006, ""contingency"": [[0, 5], [434, 28842]]}",{}
722,NC00962.3,EMB-0.25-0.95,0.0,GARC1,RUS,EMB,embB@S66G,U,{},"{""proportion"": 0.0, ""confidence"": [0.0, 0.7934506856227626], ""p_value"": 1.0, ""contingency"": [[0, 1], [434, 28842]]}",{}
723,NC00962.3,EMB-0.25-0.95,0.0,GARC1,RUS,EMB,embB@N399T,U,{},"{""proportion"": 0.0, ""confidence"": [0.0, 0.6576197724933469], ""p_value"": 1.0, ""contingency"": [[0, 2], [434, 28842]]}",{}
724,NC00962.3,EMB-0.25-0.95,0.0,GARC1,RUS,EMB,embA@P327L,U,{},"{""proportion"": 0.0, ""confidence"": [0.0, 0.6576197724933469], ""p_value"": 1.0, ""contingency"": [[0, 2], [434, 28842]]}",{}
725,NC00962.3,EMB-0.25-0.95,0.0,GARC1,RUS,EMB,embA@G554A,U,{},"{""proportion"": 0.0, ""confidence"": [0.0, 0.7934506856227626], ""p_value"": 1.0, ""contingency"": [[0, 1], [434, 28842]]}",{}
726,NC00962.3,EMB-0.25-0.95,0.0,GARC1,RUS,EMB,embB@V39L,U,{},"{""proportion"": 0.0, ""confidence"": [0.0, 0.6576197724933469], ""p_value"": 1.0, ""contingency"": [[0, 2], [434, 28842]]}",{}
727,NC00962.3,EMB-0.25-0.95,0.0,GARC1,RUS,EMB,embB@W685L,U,{},"{""proportion"": 1.0, ""confidence"": [0.20654931437723742, 1.0], ""p_value"": 0.25, ""contingency"": [[1, 0], [434, 28842]]}",{}
728,NC00962.3,EMB-0.25-0.95,0.0,GARC1,RUS,EMB,embA@A827G,U,{},"{""proportion"": 0.0, ""confidence"": [0.0, 0.7934506856227626], ""p_value"": 1.0, ""contingency"": [[0, 1], [434, 28842]]}",{}
729,NC00962.3,EMB-0.25-0.95,0.0,GARC1,RUS,EMB,embB@F743L,U,{},"{""proportion"": 0.0, ""confidence"": [0.0, 0.6576197724933469], ""p_value"": 1.0, ""contingency"": [[0, 2], [434, 28842]]}",{}
730,NC00962.3,EMB-0.25-0.95,0.0,GARC1,RUS,EMB,embB@P136A,U,{},"{""proportion"": 0.0, ""confidence"": [0.0, 0.6576197724933469], ""p_value"": 1.0, ""contingency"": [[0, 2], [434, 28842]]}",{}
731,NC00962.3,EMB-0.25-0.95,0.0,GARC1,RUS,EMB,embA@N679K,U,{},"{""proportion"": 0.0, ""confidence"": [0.0, 0.7934506856227626], ""p_value"": 1.0, ""contingency"": [[0, 1], [434, 28842]]}",{}
732,NC00962.3,EMB-0.25-0.95,0.0,GARC1,RUS,EMB,embA@Q169E,U,{},"{""proportion"": 0.0, ""confidence"": [4.8683609171202235e-17, 0.5614970317550455], ""p_value"": 1.0, ""contingency"": [[0, 3], [434, 28842]]}",{}
733,NC00962.3,EMB-0.25-0.95,0.0,GARC1,RUS,EMB,embA@A936V,U,{},"{""proportion"": 0.0, ""confidence"": [0.0, 0.6576197724933469], ""p_value"": 1.0, ""contingency"": [[0, 2], [434, 28842]]}",{}
734,NC00962.3,EMB-0.25-0.95,0.0,GARC1,RUS,EMB,embA@L894V,U,{},"{""proportion"": 0.0, ""confidence"": [0.0, 0.6576197724933469], ""p_value"": 1.0, ""contingency"": [[0, 2], [434, 28842]]}",{}
735,NC00962.3,EMB-0.25-0.95,0.0,GARC1,RUS,EMB,embB@A295V,U,{},"{""proportion"": 0.0, ""confidence"": [0.0, 0.6576197724933469], ""p_value"": 1.0, ""contingency"": [[0, 2], [434, 28842]]}",{}
736,NC00962.3,EMB-0.25-0.95,0.0,GARC1,RUS,EMB,embA@E1075V,U,{},"{""proportion"": 0.0, ""confidence"": [0.0, 0.6576197724933469], ""p_value"": 1.0, ""contingency"": [[0, 2], [434, 28842]]}",{}
737,NC00962.3,EMB-0.25-0.95,0.0,GARC1,RUS,EMB,embB@R61W,U,{},"{""proportion"": 0.0, ""confidence"": [0.0, 0.6576197724933469], ""p_value"": 1.0, ""contingency"": [[0, 2], [434, 28842]]}",{}
738,NC00962.3,EMB-0.25-0.95,0.0,GARC1,RUS,EMB,embB@D970G,U,{},"{""proportion"": 0.0, ""confidence"": [4.8683609171202235e-17, 0.5614970317550455], ""p_value"": 1.0, ""contingency"": [[0, 3], [434, 28842]]}",{}
739,NC00962.3,EMB-0.25-0.95,0.0,GARC1,RUS,EMB,embA@g-83a,U,{},"{""proportion"": 0.0, ""confidence"": [0.0, 0.6576197724933469], ""p_value"": 1.0, ""contingency"": [[0, 2], [434, 28842]]}",{}
740,NC00962.3,EMB-0.25-0.95,0.0,GARC1,RUS,EMB,embA@R346Q,U,{},"{""proportion"": 0.0, ""confidence"": [0.0, 0.6576197724933469], ""p_value"": 1.0, ""contingency"": [[0, 2], [434, 28842]]}",{}
741,NC00962.3,EMB-0.25-0.95,0.0,GARC1,RUS,EMB,embB@L971V,U,{},"{""proportion"": 0.0, ""confidence"": [4.8683609171202235e-17, 0.5614970317550455], ""p_value"": 1.0, ""contingency"": [[0, 3], [434, 28842]]}",{}
742,NC00962.3,EMB-0.25-0.95,0.0,GARC1,RUS,EMB,embB@E901D,U,{},"{""proportion"": 0.0, ""confidence"": [0.0, 0.4898908364545973], ""p_value"": 0.578125, ""contingency"": [[0, 4], [434, 28842]]}",{}
743,NC00962.3,EMB-0.25-0.95,0.0,GARC1,RUS,EMB,embB@R267P,U,{},"{""proportion"": 0.0, ""confidence"": [0.0, 0.4898908364545973], ""p_value"": 0.578125, ""contingency"": [[0, 4], [434, 28842]]}",{}
744,NC00962.3,EMB-0.25-0.95,0.0,GARC1,RUS,EMB,embB@A716V,U,{},"{""proportion"": 0.0, ""confidence"": [0.0, 0.7934506856227626], ""p_value"": 1.0, ""contingency"": [[0, 1], [434, 28842]]}",{}
745,NC00962.3,EMB-0.25-0.95,0.0,GARC1,RUS,EMB,embA@V211M,U,{},"{""proportion"": 0.0, ""confidence"": [0.0, 0.7934506856227626], ""p_value"": 1.0, ""contingency"": [[0, 1], [434, 28842]]}",{}
746,NC00962.3,EMB-0.25-0.95,0.0,GARC1,RUS,EMB,embA@D498G,U,{},"{""proportion"": 0.0, ""confidence"": [0.0, 0.7934506856227626], ""p_value"": 1.0, ""contingency"": [[0, 1], [434, 28842]]}",{}
747,NC00962.3,EMB-0.25-0.95,0.0,GARC1,RUS,EMB,embB@A43V,U,{},"{""proportion"": 0.0, ""confidence"": [0.0, 0.7934506856227626], ""p_value"": 1.0, ""contingency"": [[0, 1], [434, 28842]]}",{}
748,NC00962.3,EMB-0.25-0.95,0.0,GARC1,RUS,EMB,embB@A571T,U,{},"{""proportion"": 0.0, ""confidence"": [0.0, 0.7934506856227626], ""p_value"": 1.0, ""contingency"": [[0, 1], [434, 28842]]}",{}
749,NC00962.3,EMB-0.25-0.95,0.0,GARC1,RUS,EMB,embB@S119N,U,{},"{""proportion"": 0.0, ""confidence"": [0.0, 0.6576197724933469], ""p_value"": 1.0, ""contingency"": [[0, 2], [434, 28842]]}",{}
750,NC00962.3,EMB-0.25-0.95,0.0,GARC1,RUS,EMB,embA@R1062L,U,{},"{""proportion"": 0.0, ""confidence"": [0.0, 0.7934506856227626], ""p_value"": 1.0, ""contingency"": [[0, 1], [434, 28842]]}",{}
751,NC00962.3,EMB-0.25-0.95,0.0,GARC1,RUS,EMB,embA@A1000T,U,{},"{""proportion"": 0.0, ""confidence"": [0.0, 0.7934506856227626], ""p_value"": 1.0, ""contingency"": [[0, 1], [434, 28842]]}",{}
752,NC00962.3,EMB-0.25-0.95,0.0,GARC1,RUS,EMB,embB@G736S,U,{},"{""proportion"": 0.0, ""confidence"": [0.0, 0.7934506856227626], ""p_value"": 1.0, ""contingency"": [[0, 1], [434, 28842]]}",{}
753,NC00962.3,EMB-0.25-0.95,0.0,GARC1,RUS,EMB,embA@V911A,U,{},"{""proportion"": 0.0, ""confidence"": [0.0, 0.6576197724933469], ""p_value"": 1.0, ""contingency"": [[0, 2], [434, 28842]]}",{}
754,NC00962.3,EMB-0.25-0.95,0.0,GARC1,RUS,EMB,embB@A679S,U,{},"{""proportion"": 0.0, ""confidence"": [0.0, 0.6576197724933469], ""p_value"": 1.0, ""contingency"": [[0, 2], [434, 28842]]}",{}
755,NC00962.3,EMB-0.25-0.95,0.0,GARC1,RUS,EMB,embB@Q112H,U,{},"{""proportion"": 0.0, ""confidence"": [0.0, 0.7934506856227626], ""p_value"": 1.0, ""contingency"": [[0, 1], [434, 28842]]}",{}
756,NC00962.3,EMB-0.25-0.95,0.0,GARC1,RUS,EMB,embB@K218N,U,{},"{""proportion"": 0.0, ""confidence"": [0.0, 0.7934506856227626], ""p_value"": 1.0, ""contingency"": [[0, 1], [434, 28842]]}",{}
757,NC00962.3,EMB-0.25-0.95,0.0,GARC1,RUS,EMB,embA@D305G,U,{},"{""proportion"": 0.0, ""confidence"": [0.0, 0.6576197724933469], ""p_value"": 1.0, ""contingency"": [[0, 2], [434, 28842]]}",{}
758,NC00962.3,EMB-0.25-0.95,0.0,GARC1,RUS,EMB,embA@H265Y,U,{},"{""proportion"": 1.0, ""confidence"": [0.20654931437723742, 1.0], ""p_value"": 0.25, ""contingency"": [[1, 0], [434, 28842]]}",{}
759,NC00962.3,EMB-0.25-0.95,0.0,GARC1,RUS,EMB,embB@A553T,U,{},"{""proportion"": 0.0, ""confidence"": [0.0, 0.6576197724933469], ""p_value"": 1.0, ""contingency"": [[0, 2], [434, 28842]]}",{}
760,NC00962.3,EMB-0.25-0.95,0.0,GARC1,RUS,EMB,embA@P633S,U,{},"{""proportion"": 0.0, ""confidence"": [0.0, 0.7934506856227626], ""p_value"": 1.0, ""contingency"": [[0, 1], [434, 28842]]}",{}
761,NC00962.3,EMB-0.25-0.95,0.0,GARC1,RUS,EMB,embB@G294S,U,{},"{""proportion"": 0.5, ""confidence"": [0.09453120573423071, 0.9054687942657693], ""p_value"": 0.4375, ""contingency"": [[1, 1], [434, 28842]]}",{}
762,NC00962.3,EMB-0.25-0.95,0.0,GARC1,RUS,EMB,embA@R245W,U,{},"{""proportion"": 0.0, ""confidence"": [0.0, 0.7934506856227626], ""p_value"": 1.0, ""contingency"": [[0, 1], [434, 28842]]}",{}
763,NC00962.3,EMB-0.25-0.95,0.0,GARC1,RUS,EMB,embA@C28Y,U,{},"{""proportion"": 0.0, ""confidence"": [0.0, 0.7934506856227626], ""p_value"": 1.0, ""contingency"": [[0, 1], [434, 28842]]}",{}
764,NC00962.3,EMB-0.25-0.95,0.0,GARC1,RUS,EMB,embA@P349Q,U,{},"{""proportion"": 0.0, ""confidence"": [0.0, 0.7934506856227626], ""p_value"": 1.0, ""contingency"": [[0, 1], [434, 28842]]}",{}
765,NC00962.3,EMB-0.25-0.95,0.0,GARC1,RUS,EMB,embB@F330V,U,{},"{""proportion"": 1.0, ""confidence"": [0.3423802275066531, 1.0], ""p_value"": 0.0625, ""contingency"": [[2, 0], [434, 28842]]}",{}
766,NC00962.3,EMB-0.25-0.95,0.0,GARC1,RUS,EMB,embA@2545_del_gcc,U,{},"{""proportion"": 0.0, ""confidence"": [0.0, 0.7934506856227626], ""p_value"": 1.0, ""contingency"": [[0, 1], [434, 28842]]}",{}
767,NC00962.3,EMB-0.25-0.95,0.0,GARC1,RUS,EMB,embA@V911I,U,{},"{""proportion"": 0.07692307692307693, ""confidence"": [0.013710421242556585, 0.3331395092109959], ""p_value"": 0.20691800117492676, ""contingency"": [[1, 12], [434, 28842]]}",{}
768,NC00962.3,EMB-0.25-0.95,0.0,GARC1,RUS,EMB,embA@S1025L,U,{},"{""proportion"": 0.0, ""confidence"": [0.0, 0.6576197724933469], ""p_value"": 1.0, ""contingency"": [[0, 2], [434, 28842]]}",{}
769,NC00962.3,EMB-0.25-0.95,0.0,GARC1,RUS,EMB,embA@E701D,U,{},"{""proportion"": 0.0, ""confidence"": [0.0, 0.7934506856227626], ""p_value"": 1.0, ""contingency"": [[0, 1], [434, 28842]]}",{}
770,NC00962.3,EMB-0.25-0.95,0.0,GARC1,RUS,EMB,embA@S20A,U,{},"{""proportion"": 0.0, ""confidence"": [0.0, 0.43448246478317476], ""p_value"": 0.34082031250000006, ""contingency"": [[0, 5], [434, 28842]]}",{}
771,NC00962.3,EMB-0.25-0.95,0.0,GARC1,RUS,EMB,embB@V452L,U,{},"{""proportion"": 0.0, ""confidence"": [4.8683609171202235e-17, 0.5614970317550455], ""p_value"": 1.0, ""contingency"": [[0, 3], [434, 28842]]}",{}
772,NC00962.3,EMB-0.25-0.95,0.0,GARC1,RUS,EMB,embA@S809F,U,{},"{""proportion"": 0.0, ""confidence"": [0.0, 0.7934506856227626], ""p_value"": 1.0, ""contingency"": [[0, 1], [434, 28842]]}",{}
773,NC00962.3,EMB-0.25-0.95,0.0,GARC1,RUS,EMB,embA@P774S,U,{},"{""proportion"": 0.0, ""confidence"": [0.0, 0.6576197724933469], ""p_value"": 1.0, ""contingency"": [[0, 2], [434, 28842]]}",{}
774,NC00962.3,EMB-0.25-0.95,0.0,GARC1,RUS,EMB,embA@R68P,U,{},"{""proportion"": 0.0, ""confidence"": [4.8683609171202235e-17, 0.5614970317550455], ""p_value"": 1.0, ""contingency"": [[0, 3], [434, 28842]]}",{}
775,NC00962.3,EMB-0.25-0.95,0.0,GARC1,RUS,EMB,embB@F1012L,U,{},"{""proportion"": 0.0, ""confidence"": [3.384324554477539e-17, 0.39033428790216534], ""p_value"": 0.347412109375, ""contingency"": [[0, 6], [434, 28842]]}",{}
776,NC00962.3,EMB-0.25-0.95,0.0,GARC1,RUS,EMB,embA@S768I,U,{},"{""proportion"": 0.0, ""confidence"": [0.0, 0.7934506856227626], ""p_value"": 1.0, ""contingency"": [[0, 1], [434, 28842]]}",{}
777,NC00962.3,EMB-0.25-0.95,0.0,GARC1,RUS,EMB,embB@A1007V,U,{},"{""proportion"": 0.0, ""confidence"": [0.0, 0.7934506856227626], ""p_value"": 1.0, ""contingency"": [[0, 1], [434, 28842]]}",{}
778,NC00962.3,EMB-0.25-0.95,0.0,GARC1,RUS,EMB,embB@M916T,U,{},"{""proportion"": 0.0, ""confidence"": [0.0, 0.6576197724933469], ""p_value"": 1.0, ""contingency"": [[0, 2], [434, 28842]]}",{}
779,NC00962.3,EMB-0.25-0.95,0.0,GARC1,RUS,EMB,embA@C527S,U,{},"{""proportion"": 0.0, ""confidence"": [0.0, 0.7934506856227626], ""p_value"": 1.0, ""contingency"": [[0, 1], [434, 28842]]}",{}
780,NC00962.3,EMB-0.25-0.95,0.0,GARC1,RUS,EMB,embB@K938N,U,{},"{""proportion"": 0.0, ""confidence"": [4.8683609171202235e-17, 0.5614970317550455], ""p_value"": 1.0, ""contingency"": [[0, 3], [434, 28842]]}",{}
781,NC00962.3,EMB-0.25-0.95,0.0,GARC1,RUS,EMB,embB@Q51P,U,{},"{""proportion"": 0.0, ""confidence"": [0.0, 0.2991450484195441], ""p_value"": 0.12401199340820315, ""contingency"": [[0, 9], [434, 28842]]}",{}
782,NC00962.3,EMB-0.25-0.95,0.0,GARC1,RUS,EMB,embA@G972R,U,{},"{""proportion"": 0.0, ""confidence"": [0.0, 0.6576197724933469], ""p_value"": 1.0, ""contingency"": [[0, 2], [434, 28842]]}",{}
783,NC00962.3,EMB-0.25-0.95,0.0,GARC1,RUS,EMB,embB@M714I,U,{},"{""proportion"": 0.0, ""confidence"": [0.0, 0.7934506856227626], ""p_value"": 1.0, ""contingency"": [[0, 1], [434, 28842]]}",{}
784,NC00962.3,EMB-0.25-0.95,0.0,GARC1,RUS,EMB,embA@V676A,U,{},"{""proportion"": 0.0, ""confidence"": [0.0, 0.6576197724933469], ""p_value"": 1.0, ""contingency"": [[0, 2], [434, 28842]]}",{}
785,NC00962.3,EMB-0.25-0.95,0.0,GARC1,RUS,EMB,embA@c-15g,U,{},"{""proportion"": 0.25, ""confidence"": [0.045587260809700575, 0.6993581574175981], ""p_value"": 1.0, ""contingency"": [[1, 3], [434, 28842]]}",{}
786,NC00962.3,EMB-0.25-0.95,0.0,GARC1,RUS,EMB,embA@D883A,U,{},"{""proportion"": 0.0, ""confidence"": [0.0, 0.7934506856227626], ""p_value"": 1.0, ""contingency"": [[0, 1], [434, 28842]]}",{}
787,NC00962.3,EMB-0.25-0.95,0.0,GARC1,RUS,EMB,embB@E976K,U,{},"{""proportion"": 0.0, ""confidence"": [0.0, 0.7934506856227626], ""p_value"": 1.0, ""contingency"": [[0, 1], [434, 28842]]}",{}
788,NC00962.3,EMB-0.25-0.95,0.0,GARC1,RUS,EMB,embA@R969W,U,{},"{""proportion"": 0.0, ""confidence"": [0.0, 0.6576197724933469], ""p_value"": 1.0, ""contingency"": [[0, 2], [434, 28842]]}",{}
789,NC00962.3,EMB-0.25-0.95,0.0,GARC1,RUS,EMB,embB@2325_ins_cccttg,U,{},"{""proportion"": 0.0, ""confidence"": [0.0, 0.6576197724933469], ""p_value"": 1.0, ""contingency"": [[0, 2], [434, 28842]]}",{}
790,NC00962.3,EMB-0.25-0.95,0.0,GARC1,RUS,EMB,embB@L17W,U,{},"{""proportion"": 0.0, ""confidence"": [0.0, 0.6576197724933469], ""p_value"": 1.0, ""contingency"": [[0, 2], [434, 28842]]}",{}
791,NC00962.3,EMB-0.25-0.95,0.0,GARC1,RUS,EMB,embA@G998D,U,{},"{""proportion"": 0.0, ""confidence"": [0.0, 0.7934506856227626], ""p_value"": 1.0, ""contingency"": [[0, 1], [434, 28842]]}",{}
792,NC00962.3,EMB-0.25-0.95,0.0,GARC1,RUS,EMB,embA@I1079T,U,{},"{""proportion"": 0.0, ""confidence"": [0.0, 0.7934506856227626], ""p_value"": 1.0, ""contingency"": [[0, 1], [434, 28842]]}",{}
793,NC00962.3,EMB-0.25-0.95,0.0,GARC1,RUS,EMB,embB@G199R,U,{},"{""proportion"": 0.0, ""confidence"": [0.0, 0.7934506856227626], ""p_value"": 1.0, ""contingency"": [[0, 1], [434, 28842]]}",{}
794,NC00962.3,EMB-0.25-0.95,0.0,GARC1,RUS,EMB,embB@R173P,U,{},"{""proportion"": 0.0, ""confidence"": [0.0, 0.7934506856227626], ""p_value"": 1.0, ""contingency"": [[0, 1], [434, 28842]]}",{}
795,NC00962.3,EMB-0.25-0.95,0.0,GARC1,RUS,EMB,embA@P913L,U,{},"{""proportion"": 0.0, ""confidence"": [0.0, 0.7934506856227626], ""p_value"": 1.0, ""contingency"": [[0, 1], [434, 28842]]}",{}
796,NC00962.3,EMB-0.25-0.95,0.0,GARC1,RUS,EMB,embA@P455L,U,{},"{""proportion"": 0.0, ""confidence"": [0.0, 0.7934506856227626], ""p_value"": 1.0, ""contingency"": [[0, 1], [434, 28842]]}",{}
797,NC00962.3,EMB-0.25-0.95,0.0,GARC1,RUS,EMB,embA@L344R,U,{},"{""proportion"": 0.0, ""confidence"": [0.0, 0.32440756488388023], ""p_value"": 0.21392822265625003, ""contingency"": [[0, 8], [434, 28842]]}",{}
798,NC00962.3,EMB-0.25-0.95,0.0,GARC1,RUS,EMB,embA@C76F,U,{},"{""proportion"": 0.0, ""confidence"": [0.0, 0.7934506856227626], ""p_value"": 1.0, ""contingency"": [[0, 1], [434, 28842]]}",{}
799,NC00962.3,EMB-0.25-0.95,0.0,GARC1,RUS,EMB,embA@V676I,U,{},"{""proportion"": 0.0, ""confidence"": [0.0, 0.7934506856227626], ""p_value"": 1.0, ""contingency"": [[0, 1], [434, 28842]]}",{}
800,NC00962.3,EMB-0.25-0.95,0.0,GARC1,RUS,EMB,embB@E958G,U,{},"{""proportion"": 0.0, ""confidence"": [0.0, 0.7934506856227626], ""p_value"": 1.0, ""contingency"": [[0, 1], [434, 28842]]}",{}
801,NC00962.3,EMB-0.25-0.95,0.0,GARC1,RUS,EMB,embA@N510T,U,{},"{""proportion"": 0.0, ""confidence"": [0.0, 0.7934506856227626], ""p_value"": 1.0, ""contingency"": [[0, 1], [434, 28842]]}",{}
802,NC00962.3,EMB-0.25-0.95,0.0,GARC1,RUS,EMB,embA@L347R,U,{},"{""proportion"": 0.0, ""confidence"": [0.0, 0.7934506856227626], ""p_value"": 1.0, ""contingency"": [[0, 1], [434, 28842]]}",{}
803,NC00962.3,EMB-0.25-0.95,0.0,GARC1,RUS,EMB,embA@A409T,U,{},"{""proportion"": 0.0, ""confidence"": [4.8683609171202235e-17, 0.5614970317550455], ""p_value"": 1.0, ""contingency"": [[0, 3], [434, 28842]]}",{}
804,NC00962.3,EMB-0.25-0.95,0.0,GARC1,RUS,EMB,embA@R904H,U,{},"{""proportion"": 0.0, ""confidence"": [0.0, 0.7934506856227626], ""p_value"": 1.0, ""contingency"": [[0, 1], [434, 28842]]}",{}
805,NC00962.3,EMB-0.25-0.95,0.0,GARC1,RUS,EMB,embA@Q474H,U,{},"{""proportion"": 0.0, ""confidence"": [0.0, 0.7934506856227626], ""p_value"": 1.0, ""contingency"": [[0, 1], [434, 28842]]}",{}
806,NC00962.3,EMB-0.25-0.95,0.0,GARC1,RUS,EMB,embA@L659S,U,{},"{""proportion"": 0.0, ""confidence"": [0.0, 0.7934506856227626], ""p_value"": 1.0, ""contingency"": [[0, 1], [434, 28842]]}",{}
807,NC00962.3,EMB-0.25-0.95,0.0,GARC1,RUS,EMB,embB@G1035S,U,{},"{""proportion"": 0.0, ""confidence"": [0.0, 0.6576197724933469], ""p_value"": 1.0, ""contingency"": [[0, 2], [434, 28842]]}",{}
808,NC00962.3,EMB-0.25-0.95,0.0,GARC1,RUS,EMB,embB@G871V,U,{},"{""proportion"": 0.0, ""confidence"": [0.0, 0.7934506856227626], ""p_value"": 1.0, ""contingency"": [[0, 1], [434, 28842]]}",{}
809,NC00962.3,EMB-0.25-0.95,0.0,GARC1,RUS,EMB,embA@c-34t,U,{},"{""proportion"": 0.0, ""confidence"": [3.384324554477539e-17, 0.39033428790216534], ""p_value"": 0.347412109375, ""contingency"": [[0, 6], [434, 28842]]}",{}
810,NC00962.3,EMB-0.25-0.95,0.0,GARC1,RUS,EMB,embB@A801T,U,{},"{""proportion"": 0.0, ""confidence"": [0.0, 0.43448246478317476], ""p_value"": 0.34082031250000006, ""contingency"": [[0, 5], [434, 28842]]}",{}
811,NC00962.3,EMB-0.25-0.95,0.0,GARC1,RUS,EMB,embA@A159P,U,{},"{""proportion"": 0.0, ""confidence"": [0.0, 0.7934506856227626], ""p_value"": 1.0, ""contingency"": [[0, 1], [434, 28842]]}",{}
812,NC00962.3,EMB-0.25-0.95,0.0,GARC1,RUS,EMB,embA@P1082L,U,{},"{""proportion"": 0.0, ""confidence"": [0.0, 0.7934506856227626], ""p_value"": 1.0, ""contingency"": [[0, 1], [434, 28842]]}",{}
813,NC00962.3,EMB-0.25-0.95,0.0,GARC1,RUS,EMB,embA@P32L,U,{},"{""proportion"": 0.0, ""confidence"": [0.0, 0.7934506856227626], ""p_value"": 1.0, ""contingency"": [[0, 1], [434, 28842]]}",{}
814,NC00962.3,EMB-0.25-0.95,0.0,GARC1,RUS,EMB,embB@A637T,U,{},"{""proportion"": 0.0, ""confidence"": [0.0, 0.7934506856227626], ""p_value"": 1.0, ""contingency"": [[0, 1], [434, 28842]]}",{}
815,NC00962.3,EMB-0.25-0.95,0.0,GARC1,RUS,EMB,embB@D178H,U,{},"{""proportion"": 0.0, ""confidence"": [0.0, 0.7934506856227626], ""p_value"": 1.0, ""contingency"": [[0, 1], [434, 28842]]}",{}
816,NC00962.3,EMB-0.25-0.95,0.0,GARC1,RUS,EMB,embB@V230A,U,{},"{""proportion"": 0.0, ""confidence"": [0.0, 0.6576197724933469], ""p_value"": 1.0, ""contingency"": [[0, 2], [434, 28842]]}",{}
817,NC00962.3,EMB-0.25-0.95,0.0,GARC1,RUS,EMB,embA@-39_del_cctcaccgc,U,{},"{""proportion"": 0.0, ""confidence"": [0.0, 0.7934506856227626], ""p_value"": 1.0, ""contingency"": [[0, 1], [434, 28842]]}",{}
818,NC00962.3,EMB-0.25-0.95,0.0,GARC1,RUS,EMB,embA@Y635H,U,{},"{""proportion"": 0.0, ""confidence"": [0.0, 0.7934506856227626], ""p_value"": 1.0, ""contingency"": [[0, 1], [434, 28842]]}",{}
819,NC00962.3,EMB-0.25-0.95,0.0,GARC1,RUS,EMB,embB@T642A,U,{},"{""proportion"": 0.0, ""confidence"": [0.0, 0.7934506856227626], ""p_value"": 1.0, ""contingency"": [[0, 1], [434, 28842]]}",{}
820,NC00962.3,EMB-0.25-0.95,0.0,GARC1,RUS,EMB,embB@A1076T,U,{},"{""proportion"": 0.0, ""confidence"": [4.8683609171202235e-17, 0.5614970317550455], ""p_value"": 1.0, ""contingency"": [[0, 3], [434, 28842]]}",{}
821,NC00962.3,EMB-0.25-0.95,0.0,GARC1,RUS,EMB,embB@Y813D,U,{},"{""proportion"": 0.0, ""confidence"": [0.0, 0.6576197724933469], ""p_value"": 1.0, ""contingency"": [[0, 2], [434, 28842]]}",{}
822,NC00962.3,EMB-0.25-0.95,0.0,GARC1,RUS,EMB,embA@F927L,U,{},"{""proportion"": 0.0, ""confidence"": [0.0, 0.7934506856227626], ""p_value"": 1.0, ""contingency"": [[0, 1], [434, 28842]]}",{}
823,NC00962.3,EMB-0.25-0.95,0.0,GARC1,RUS,EMB,embB@Q139H,U,{},"{""proportion"": 0.0, ""confidence"": [4.8683609171202235e-17, 0.5614970317550455], ""p_value"": 1.0, ""contingency"": [[0, 3], [434, 28842]]}",{}
824,NC00962.3,EMB-0.25-0.95,0.0,GARC1,RUS,EMB,embB@P93L,U,{},"{""proportion"": 0.0, ""confidence"": [0.0, 0.43448246478317476], ""p_value"": 0.34082031250000006, ""contingency"": [[0, 5], [434, 28842]]}",{}
825,NC00962.3,EMB-0.25-0.95,0.0,GARC1,RUS,EMB,embA@G29S,U,{},"{""proportion"": 0.0, ""confidence"": [0.0, 0.4898908364545973], ""p_value"": 0.578125, ""contingency"": [[0, 4], [434, 28842]]}",{}
826,NC00962.3,EMB-0.25-0.95,0.0,GARC1,RUS,EMB,embA@G596D,U,{},"{""proportion"": 0.0, ""confidence"": [0.0, 0.6576197724933469], ""p_value"": 1.0, ""contingency"": [[0, 2], [434, 28842]]}",{}
827,NC00962.3,EMB-0.25-0.95,0.0,GARC1,RUS,EMB,embB@R351C,U,{},"{""proportion"": 1.0, ""confidence"": [0.20654931437723742, 1.0], ""p_value"": 0.25, ""contingency"": [[1, 0], [434, 28842]]}",{}
828,NC00962.3,EMB-0.25-0.95,0.0,GARC1,RUS,EMB,embB@P12L,U,{},"{""proportion"": 0.0, ""confidence"": [0.0, 0.7934506856227626], ""p_value"": 1.0, ""contingency"": [[0, 1], [434, 28842]]}",{}
829,NC00962.3,EMB-0.25-0.95,0.0,GARC1,RUS,EMB,embA@L34R,U,{},"{""proportion"": 0.0, ""confidence"": [0.0, 0.7934506856227626], ""p_value"": 1.0, ""contingency"": [[0, 1], [434, 28842]]}",{}
830,NC00962.3,EMB-0.25-0.95,0.0,GARC1,RUS,EMB,embB@A201E,U,{},"{""proportion"": 0.0, ""confidence"": [0.0, 0.4898908364545973], ""p_value"": 0.578125, ""contingency"": [[0, 4], [434, 28842]]}",{}
831,NC00962.3,EMB-0.25-0.95,0.0,GARC1,RUS,EMB,embB@T667A,U,{},"{""proportion"": 0.0, ""confidence"": [0.0, 0.7934506856227626], ""p_value"": 1.0, ""contingency"": [[0, 1], [434, 28842]]}",{}
832,NC00962.3,EMB-0.25-0.95,0.0,GARC1,RUS,EMB,embB@F676S,U,{},"{""proportion"": 0.0, ""confidence"": [0.0, 0.6576197724933469], ""p_value"": 1.0, ""contingency"": [[0, 2], [434, 28842]]}",{}
833,NC00962.3,EMB-0.25-0.95,0.0,GARC1,RUS,EMB,embB@A379V,U,{},"{""proportion"": 0.0, ""confidence"": [0.0, 0.7934506856227626], ""p_value"": 1.0, ""contingency"": [[0, 1], [434, 28842]]}",{}
834,NC00962.3,EMB-0.25-0.95,0.0,GARC1,RUS,EMB,embB@Y977H,U,{},"{""proportion"": 0.0, ""confidence"": [0.0, 0.7934506856227626], ""p_value"": 1.0, ""contingency"": [[0, 1], [434, 28842]]}",{}
835,NC00962.3,EMB-0.25-0.95,0.0,GARC1,RUS,EMB,embB@T31A,U,{},"{""proportion"": 0.0, ""confidence"": [0.0, 0.7934506856227626], ""p_value"": 1.0, ""contingency"": [[0, 1], [434, 28842]]}",{}
836,NC00962.3,EMB-0.25-0.95,0.0,GARC1,RUS,EMB,embB@D311F,U,{},"{""proportion"": 0.0, ""confidence"": [0.0, 0.7934506856227626], ""p_value"": 1.0, ""contingency"": [[0, 1], [434, 28842]]}",{}
837,NC00962.3,EMB-0.25-0.95,0.0,GARC1,RUS,EMB,embB@A943V,U,{},"{""proportion"": 0.0, ""confidence"": [0.0, 0.7934506856227626], ""p_value"": 1.0, ""contingency"": [[0, 1], [434, 28842]]}",{}
838,NC00962.3,EMB-0.25-0.95,0.0,GARC1,RUS,EMB,embB@V654M,U,{},"{""proportion"": 0.0, ""confidence"": [0.0, 0.7934506856227626], ""p_value"": 1.0, ""contingency"": [[0, 1], [434, 28842]]}",{}
839,NC00962.3,EMB-0.25-0.95,0.0,GARC1,RUS,EMB,embB@P183S,U,{},"{""proportion"": 0.0, ""confidence"": [0.0, 0.6576197724933469], ""p_value"": 1.0, ""contingency"": [[0, 2], [434, 28842]]}",{}
840,NC00962.3,EMB-0.25-0.95,0.0,GARC1,RUS,EMB,embB@T797P,U,{},"{""proportion"": 0.0, ""confidence"": [4.8683609171202235e-17, 0.5614970317550455], ""p_value"": 1.0, ""contingency"": [[0, 3], [434, 28842]]}",{}
841,NC00962.3,EMB-0.25-0.95,0.0,GARC1,RUS,EMB,embB@G106R,U,{},"{""proportion"": 0.0, ""confidence"": [0.0, 0.6576197724933469], ""p_value"": 1.0, ""contingency"": [[0, 2], [434, 28842]]}",{}
842,NC00962.3,EMB-0.25-0.95,0.0,GARC1,RUS,EMB,embB@V292F,U,{},"{""proportion"": 0.0, ""confidence"": [0.0, 0.43448246478317476], ""p_value"": 0.34082031250000006, ""contingency"": [[0, 5], [434, 28842]]}",{}
843,NC00962.3,EMB-0.25-0.95,0.0,GARC1,RUS,EMB,embB@V492L,U,{},"{""proportion"": 0.0, ""confidence"": [0.0, 0.6576197724933469], ""p_value"": 1.0, ""contingency"": [[0, 2], [434, 28842]]}",{}
844,NC00962.3,EMB-0.25-0.95,0.0,GARC1,RUS,EMB,embA@D1049A,U,{},"{""proportion"": 0.0, ""confidence"": [0.0, 0.6576197724933469], ""p_value"": 1.0, ""contingency"": [[0, 2], [434, 28842]]}",{}
845,NC00962.3,EMB-0.25-0.95,0.0,GARC1,RUS,EMB,embB@T520S,U,{},"{""proportion"": 0.0, ""confidence"": [0.0, 0.7934506856227626], ""p_value"": 1.0, ""contingency"": [[0, 1], [434, 28842]]}",{}
846,NC00962.3,EMB-0.25-0.95,0.0,GARC1,RUS,EMB,embB@G1005D,U,{},"{""proportion"": 0.0, ""confidence"": [0.0, 0.6576197724933469], ""p_value"": 1.0, ""contingency"": [[0, 2], [434, 28842]]}",{}
847,NC00962.3,EMB-0.25-0.95,0.0,GARC1,RUS,EMB,embB@F176V,U,{},"{""proportion"": 0.0, ""confidence"": [0.0, 0.7934506856227626], ""p_value"": 1.0, ""contingency"": [[0, 1], [434, 28842]]}",{}
848,NC00962.3,EMB-0.25-0.95,0.0,GARC1,RUS,EMB,embB@A232T,U,{},"{""proportion"": 0.0, ""confidence"": [0.0, 0.6576197724933469], ""p_value"": 1.0, ""contingency"": [[0, 2], [434, 28842]]}",{}
849,NC00962.3,EMB-0.25-0.95,0.0,GARC1,RUS,EMB,embA@P988L,U,{},"{""proportion"": 0.0, ""confidence"": [0.0, 0.7934506856227626], ""p_value"": 1.0, ""contingency"": [[0, 1], [434, 28842]]}",{}
850,NC00962.3,EMB-0.25-0.95,0.0,GARC1,RUS,EMB,embA@A355S,U,{},"{""proportion"": 0.0, ""confidence"": [0.0, 0.7934506856227626], ""p_value"": 1.0, ""contingency"": [[0, 1], [434, 28842]]}",{}
851,NC00962.3,EMB-0.25-0.95,0.0,GARC1,RUS,EMB,embB@L181Q,U,{},"{""proportion"": 0.0, ""confidence"": [0.0, 0.7934506856227626], ""p_value"": 1.0, ""contingency"": [[0, 1], [434, 28842]]}",{}
852,NC00962.3,EMB-0.25-0.95,0.0,GARC1,RUS,EMB,embB@D240Y,U,{},"{""proportion"": 0.0, ""confidence"": [0.0, 0.7934506856227626], ""p_value"": 1.0, ""contingency"": [[0, 1], [434, 28842]]}",{}
853,NC00962.3,EMB-0.25-0.95,0.0,GARC1,RUS,EMB,embB@D191E,U,{},"{""proportion"": 0.0, ""confidence"": [0.0, 0.6576197724933469], ""p_value"": 1.0, ""contingency"": [[0, 2], [434, 28842]]}",{}
854,NC00962.3,EMB-0.25-0.95,0.0,GARC1,RUS,EMB,embB@G96E,U,{},"{""proportion"": 0.0, ""confidence"": [0.0, 0.7934506856227626], ""p_value"": 1.0, ""contingency"": [[0, 1], [434, 28842]]}",{}
855,NC00962.3,EMB-0.25-0.95,0.0,GARC1,RUS,EMB,embB@A840V,U,{},"{""proportion"": 0.0, ""confidence"": [0.0, 0.7934506856227626], ""p_value"": 1.0, ""contingency"": [[0, 1], [434, 28842]]}",{}
856,NC00962.3,EMB-0.25-0.95,0.0,GARC1,RUS,EMB,embB@S119I,U,{},"{""proportion"": 0.0, ""confidence"": [0.0, 0.6576197724933469], ""p_value"": 1.0, ""contingency"": [[0, 2], [434, 28842]]}",{}
857,NC00962.3,EMB-0.25-0.95,0.0,GARC1,RUS,EMB,embB@D1041A,U,{},"{""proportion"": 0.0, ""confidence"": [0.0, 0.7934506856227626], ""p_value"": 1.0, ""contingency"": [[0, 1], [434, 28842]]}",{}
858,NC00962.3,EMB-0.25-0.95,0.0,GARC1,RUS,EMB,embB@G745R,U,{},"{""proportion"": 0.0, ""confidence"": [0.0, 0.7934506856227626], ""p_value"": 1.0, ""contingency"": [[0, 1], [434, 28842]]}",{}
859,NC00962.3,EMB-0.25-0.95,0.0,GARC1,RUS,EMB,embA@A461T,U,{},"{""proportion"": 0.0, ""confidence"": [0.0, 0.7934506856227626], ""p_value"": 1.0, ""contingency"": [[0, 1], [434, 28842]]}",{}
860,NC00962.3,EMB-0.25-0.95,0.0,GARC1,RUS,EMB,embB@G1087C,U,{},"{""proportion"": 0.0, ""confidence"": [0.0, 0.7934506856227626], ""p_value"": 1.0, ""contingency"": [[0, 1], [434, 28842]]}",{}
861,NC00962.3,EMB-0.25-0.95,0.0,GARC1,RUS,EMB,embA@I30V,U,{},"{""proportion"": 0.0, ""confidence"": [0.0, 0.7934506856227626], ""p_value"": 1.0, ""contingency"": [[0, 1], [434, 28842]]}",{}
862,NC00962.3,EMB-0.25-0.95,0.0,GARC1,RUS,EMB,embA@A593V,U,{},"{""proportion"": 0.0, ""confidence"": [0.0, 0.7934506856227626], ""p_value"": 1.0, ""contingency"": [[0, 1], [434, 28842]]}",{}
863,NC00962.3,EMB-0.25-0.95,0.0,GARC1,RUS,EMB,embA@T197R,U,{},"{""proportion"": 0.0, ""confidence"": [0.0, 0.7934506856227626], ""p_value"": 1.0, ""contingency"": [[0, 1], [434, 28842]]}",{}
864,NC00962.3,EMB-0.25-0.95,0.0,GARC1,RUS,EMB,embB@A386E,U,{},"{""proportion"": 0.0, ""confidence"": [3.384324554477539e-17, 0.39033428790216534], ""p_value"": 0.347412109375, ""contingency"": [[0, 6], [434, 28842]]}",{}
865,NC00962.3,EMB-0.25-0.95,0.0,GARC1,RUS,EMB,embB@G745A,U,{},"{""proportion"": 0.0, ""confidence"": [0.0, 0.7934506856227626], ""p_value"": 1.0, ""contingency"": [[0, 1], [434, 28842]]}",{}
866,NC00962.3,EMB-0.25-0.95,0.0,GARC1,RUS,EMB,embA@R444W,U,{},"{""proportion"": 0.0, ""confidence"": [0.0, 0.7934506856227626], ""p_value"": 1.0, ""contingency"": [[0, 1], [434, 28842]]}",{}
867,NC00962.3,EMB-0.25-0.95,0.0,GARC1,RUS,EMB,embA@P958L,U,{},"{""proportion"": 0.0, ""confidence"": [0.0, 0.7934506856227626], ""p_value"": 1.0, ""contingency"": [[0, 1], [434, 28842]]}",{}
868,NC00962.3,EMB-0.25-0.95,0.0,GARC1,RUS,EMB,embA@P934R,U,{},"{""proportion"": 0.0, ""confidence"": [0.0, 0.7934506856227626], ""p_value"": 1.0, ""contingency"": [[0, 1], [434, 28842]]}",{}
869,NC00962.3,EMB-0.25-0.95,0.0,GARC1,RUS,EMB,embB@R238H,U,{},"{""proportion"": 0.0, ""confidence"": [0.0, 0.7934506856227626], ""p_value"": 1.0, ""contingency"": [[0, 1], [434, 28842]]}",{}
870,NC00962.3,EMB-0.25-0.95,0.0,GARC1,RUS,EMB,embB@P76L,U,{},"{""proportion"": 0.0, ""confidence"": [0.0, 0.7934506856227626], ""p_value"": 1.0, ""contingency"": [[0, 1], [434, 28842]]}",{}
871,NC00962.3,EMB-0.25-0.95,0.0,GARC1,RUS,EMB,embA@E779Q,U,{},"{""proportion"": 0.0, ""confidence"": [4.8683609171202235e-17, 0.5614970317550455], ""p_value"": 1.0, ""contingency"": [[0, 3], [434, 28842]]}",{}
872,NC00962.3,EMB-0.25-0.95,0.0,GARC1,RUS,EMB,embB@F285V,U,{},"{""proportion"": 0.0, ""confidence"": [0.0, 0.7934506856227626], ""p_value"": 1.0, ""contingency"": [[0, 1], [434, 28842]]}",{}
873,NC00962.3,EMB-0.25-0.95,0.0,GARC1,RUS,EMB,embA@1783_ins_tcggtctacatagtcgac,U,{},"{""proportion"": 0.0, ""confidence"": [0.0, 0.7934506856227626], ""p_value"": 1.0, ""contingency"": [[0, 1], [434, 28842]]}",{}
874,NC00962.3,EMB-0.25-0.95,0.0,GARC1,RUS,EMB,embB@S261A,U,{},"{""proportion"": 0.0, ""confidence"": [0.0, 0.7934506856227626], ""p_value"": 1.0, ""contingency"": [[0, 1], [434, 28842]]}",{}
875,NC00962.3,EMB-0.25-0.95,0.0,GARC1,RUS,EMB,embB@D311A,U,{},"{""proportion"": 0.0, ""confidence"": [4.8683609171202235e-17, 0.5614970317550455], ""p_value"": 1.0, ""contingency"": [[0, 3], [434, 28842]]}",{}
876,NC00962.3,EMB-0.25-0.95,0.0,GARC1,RUS,EMB,embB@T212A,U,{},"{""proportion"": 0.0, ""confidence"": [4.8683609171202235e-17, 0.5614970317550455], ""p_value"": 1.0, ""contingency"": [[0, 3], [434, 28842]]}",{}
877,NC00962.3,EMB-0.25-0.95,0.0,GARC1,RUS,EMB,embB@V67L,U,{},"{""proportion"": 0.0, ""confidence"": [4.8683609171202235e-17, 0.5614970317550455], ""p_value"": 1.0, ""contingency"": [[0, 3], [434, 28842]]}",{}
878,NC00962.3,EMB-0.25-0.95,0.0,GARC1,RUS,EMB,embA@S250G,U,{},"{""proportion"": 0.0, ""confidence"": [0.0, 0.7934506856227626], ""p_value"": 1.0, ""contingency"": [[0, 1], [434, 28842]]}",{}
879,NC00962.3,EMB-0.25-0.95,0.0,GARC1,RUS,EMB,embB@G748V,U,{},"{""proportion"": 0.0, ""confidence"": [0.0, 0.7934506856227626], ""p_value"": 1.0, ""contingency"": [[0, 1], [434, 28842]]}",{}
880,NC00962.3,EMB-0.25-0.95,0.0,GARC1,RUS,EMB,embB@V369M,U,{},"{""proportion"": 0.0, ""confidence"": [0.0, 0.6576197724933469], ""p_value"": 1.0, ""contingency"": [[0, 2], [434, 28842]]}",{}
881,NC00962.3,EMB-0.25-0.95,0.0,GARC1,RUS,EMB,embA@I1007V,U,{},"{""proportion"": 0.0, ""confidence"": [0.0, 0.7934506856227626], ""p_value"": 1.0, ""contingency"": [[0, 1], [434, 28842]]}",{}
882,NC00962.3,EMB-0.25-0.95,0.0,GARC1,RUS,EMB,embB@V944A,U,{},"{""proportion"": 0.0, ""confidence"": [4.8683609171202235e-17, 0.5614970317550455], ""p_value"": 1.0, ""contingency"": [[0, 3], [434, 28842]]}",{}
883,NC00962.3,EMB-0.25-0.95,0.0,GARC1,RUS,EMB,embA@A355V,U,{},"{""proportion"": 0.0, ""confidence"": [0.0, 0.7934506856227626], ""p_value"": 1.0, ""contingency"": [[0, 1], [434, 28842]]}",{}
884,NC00962.3,EMB-0.25-0.95,0.0,GARC1,RUS,EMB,embB@G459S,U,{},"{""proportion"": 0.0, ""confidence"": [0.0, 0.7934506856227626], ""p_value"": 1.0, ""contingency"": [[0, 1], [434, 28842]]}",{}
885,NC00962.3,EMB-0.25-0.95,0.0,GARC1,RUS,EMB,embB@A941T,U,{},"{""proportion"": 0.0, ""confidence"": [0.0, 0.7934506856227626], ""p_value"": 1.0, ""contingency"": [[0, 1], [434, 28842]]}",{}
886,NC00962.3,EMB-0.25-0.95,0.0,GARC1,RUS,EMB,embA@g-75a,U,{},"{""proportion"": 0.0, ""confidence"": [0.0, 0.7934506856227626], ""p_value"": 1.0, ""contingency"": [[0, 1], [434, 28842]]}",{}
887,NC00962.3,EMB-0.25-0.95,0.0,GARC1,RUS,EMB,embA@A316G,U,{},"{""proportion"": 0.0, ""confidence"": [0.0, 0.7934506856227626], ""p_value"": 1.0, ""contingency"": [[0, 1], [434, 28842]]}",{}
888,NC00962.3,EMB-0.25-0.95,0.0,GARC1,RUS,EMB,embB@G163E,U,{},"{""proportion"": 0.0, ""confidence"": [0.0, 0.7934506856227626], ""p_value"": 1.0, ""contingency"": [[0, 1], [434, 28842]]}",{}
889,NC00962.3,EMB-0.25-0.95,0.0,GARC1,RUS,EMB,embA@A930V,U,{},"{""proportion"": 0.0, ""confidence"": [0.0, 0.7934506856227626], ""p_value"": 1.0, ""contingency"": [[0, 1], [434, 28842]]}",{}
890,NC00962.3,EMB-0.25-0.95,0.0,GARC1,RUS,EMB,embB@A313T,U,{},"{""proportion"": 0.0, ""confidence"": [0.0, 0.7934506856227626], ""p_value"": 1.0, ""contingency"": [[0, 1], [434, 28842]]}",{}
891,NC00962.3,EMB-0.25-0.95,0.0,GARC1,RUS,EMB,embA@T604M,U,{},"{""proportion"": 0.0, ""confidence"": [0.0, 0.7934506856227626], ""p_value"": 1.0, ""contingency"": [[0, 1], [434, 28842]]}",{}
892,NC00962.3,EMB-0.25-0.95,0.0,GARC1,RUS,EMB,embB@R213W,U,{},"{""proportion"": 0.0, ""confidence"": [0.0, 0.7934506856227626], ""p_value"": 1.0, ""contingency"": [[0, 1], [434, 28842]]}",{}
893,NC00962.3,EMB-0.25-0.95,0.0,GARC1,RUS,EMB,embA@G210V,U,{},"{""proportion"": 0.0, ""confidence"": [0.0, 0.7934506856227626], ""p_value"": 1.0, ""contingency"": [[0, 1], [434, 28842]]}",{}
894,NC00962.3,EMB-0.25-0.95,0.0,GARC1,RUS,EMB,embB@R625W,U,{},"{""proportion"": 0.0, ""confidence"": [0.0, 0.7934506856227626], ""p_value"": 1.0, ""contingency"": [[0, 1], [434, 28842]]}",{}
895,NC00962.3,EMB-0.25-0.95,0.0,GARC1,RUS,EMB,embB@V612M,U,{},"{""proportion"": 0.0, ""confidence"": [0.0, 0.7934506856227626], ""p_value"": 1.0, ""contingency"": [[0, 1], [434, 28842]]}",{}
896,NC00962.3,EMB-0.25-0.95,0.0,GARC1,RUS,EMB,embB@G696A,U,{},"{""proportion"": 0.0, ""confidence"": [0.0, 0.7934506856227626], ""p_value"": 1.0, ""contingency"": [[0, 1], [434, 28842]]}",{}
897,NC00962.3,EMB-0.25-0.95,0.0,GARC1,RUS,EMB,embA@A921S,U,{},"{""proportion"": 0.0, ""confidence"": [0.0, 0.6576197724933469], ""p_value"": 1.0, ""contingency"": [[0, 2], [434, 28842]]}",{}
898,NC00962.3,EMB-0.25-0.95,0.0,GARC1,RUS,EMB,embB@G458C,U,{},"{""proportion"": 0.0, ""confidence"": [0.0, 0.7934506856227626], ""p_value"": 1.0, ""contingency"": [[0, 1], [434, 28842]]}",{}
899,NC00962.3,EMB-0.25-0.95,0.0,GARC1,RUS,EMB,embB@R464Q,U,{},"{""proportion"": 0.0, ""confidence"": [0.0, 0.7934506856227626], ""p_value"": 1.0, ""contingency"": [[0, 1], [434, 28842]]}",{}
900,NC00962.3,EMB-0.25-0.95,0.0,GARC1,RUS,EMB,embB@A484T,U,{},"{""proportion"": 0.0, ""confidence"": [0.0, 0.7934506856227626], ""p_value"": 1.0, ""contingency"": [[0, 1], [434, 28842]]}",{}
901,NC00962.3,EMB-0.25-0.95,0.0,GARC1,RUS,EMB,embA@G230S,U,{},"{""proportion"": 0.0, ""confidence"": [4.8683609171202235e-17, 0.5614970317550455], ""p_value"": 1.0, ""contingency"": [[0, 3], [434, 28842]]}",{}
902,NC00962.3,EMB-0.25-0.95,0.0,GARC1,RUS,EMB,embA@I141T,U,{},"{""proportion"": 0.0, ""confidence"": [0.0, 0.6576197724933469], ""p_value"": 1.0, ""contingency"": [[0, 2], [434, 28842]]}",{}
903,NC00962.3,EMB-0.25-0.95,0.0,GARC1,RUS,EMB,embA@G547R,U,{},"{""proportion"": 0.0, ""confidence"": [0.0, 0.7934506856227626], ""p_value"": 1.0, ""contingency"": [[0, 1], [434, 28842]]}",{}
904,NC00962.3,EMB-0.25-0.95,0.0,GARC1,RUS,EMB,embB@R468H,U,{},"{""proportion"": 0.0, ""confidence"": [0.0, 0.7934506856227626], ""p_value"": 1.0, ""contingency"": [[0, 1], [434, 28842]]}",{}
905,NC00962.3,EMB-0.25-0.95,0.0,GARC1,RUS,EMB,embA@g-51a,U,{},"{""proportion"": 0.0, ""confidence"": [0.0, 0.7934506856227626], ""p_value"": 1.0, ""contingency"": [[0, 1], [434, 28842]]}",{}
906,NC00962.3,EMB-0.25-0.95,0.0,GARC1,RUS,EMB,embB@S622W,U,{},"{""proportion"": 0.0, ""confidence"": [0.0, 0.7934506856227626], ""p_value"": 1.0, ""contingency"": [[0, 1], [434, 28842]]}",{}
907,NC00962.3,EMB-0.25-0.95,0.0,GARC1,RUS,EMB,embB@D1060N,U,{},"{""proportion"": 0.0, ""confidence"": [0.0, 0.7934506856227626], ""p_value"": 1.0, ""contingency"": [[0, 1], [434, 28842]]}",{}
908,NC00962.3,EMB-0.25-0.95,0.0,GARC1,RUS,EMB,embA@P802L,U,{},"{""proportion"": 0.0, ""confidence"": [0.0, 0.4898908364545973], ""p_value"": 0.578125, ""contingency"": [[0, 4], [434, 28842]]}",{}
909,NC00962.3,EMB-0.25-0.95,0.0,GARC1,RUS,EMB,embB@T215I,U,{},"{""proportion"": 0.0, ""confidence"": [0.0, 0.7934506856227626], ""p_value"": 1.0, ""contingency"": [[0, 1], [434, 28842]]}",{}
910,NC00962.3,EMB-0.25-0.95,0.0,GARC1,RUS,EMB,embB@P655L,U,{},"{""proportion"": 0.0, ""confidence"": [0.0, 0.7934506856227626], ""p_value"": 1.0, ""contingency"": [[0, 1], [434, 28842]]}",{}
911,NC00962.3,EMB-0.25-0.95,0.0,GARC1,RUS,EMB,embA@t-28g,U,{},"{""proportion"": 0.0, ""confidence"": [0.0, 0.7934506856227626], ""p_value"": 1.0, ""contingency"": [[0, 1], [434, 28842]]}",{}
912,NC00962.3,EMB-0.25-0.95,0.0,GARC1,RUS,EMB,embA@A448G,U,{},"{""proportion"": 0.0, ""confidence"": [0.0, 0.7934506856227626], ""p_value"": 1.0, ""contingency"": [[0, 1], [434, 28842]]}",{}
913,NC00962.3,EMB-0.25-0.95,0.0,GARC1,RUS,EMB,embB@H890R,U,{},"{""proportion"": 0.0, ""confidence"": [0.0, 0.7934506856227626], ""p_value"": 1.0, ""contingency"": [[0, 1], [434, 28842]]}",{}
914,NC00962.3,EMB-0.25-0.95,0.0,GARC1,RUS,EMB,embA@T588I,U,{},"{""proportion"": 0.0, ""confidence"": [0.0, 0.7934506856227626], ""p_value"": 1.0, ""contingency"": [[0, 1], [434, 28842]]}",{}
915,NC00962.3,EMB-0.25-0.95,0.0,GARC1,RUS,EMB,embB@P957L,U,{},"{""proportion"": 0.0, ""confidence"": [0.0, 0.7934506856227626], ""p_value"": 1.0, ""contingency"": [[0, 1], [434, 28842]]}",{}
916,NC00962.3,EMB-0.25-0.95,0.0,GARC1,RUS,EMB,embB@S980A,U,{},"{""proportion"": 0.0, ""confidence"": [0.0, 0.7934506856227626], ""p_value"": 1.0, ""contingency"": [[0, 1], [434, 28842]]}",{}
917,NC00962.3,EMB-0.25-0.95,0.0,GARC1,RUS,EMB,embB@A271T,U,{},"{""proportion"": 0.0, ""confidence"": [0.0, 0.6576197724933469], ""p_value"": 1.0, ""contingency"": [[0, 2], [434, 28842]]}",{}
918,NC00962.3,EMB-0.25-0.95,0.0,GARC1,RUS,EMB,embB@E976Q,U,{},"{""proportion"": 0.0, ""confidence"": [0.0, 0.7934506856227626], ""p_value"": 1.0, ""contingency"": [[0, 1], [434, 28842]]}",{}
919,NC00962.3,EMB-0.25-0.95,0.0,GARC1,RUS,EMB,embA@T434A,U,{},"{""proportion"": 0.0, ""confidence"": [0.0, 0.7934506856227626], ""p_value"": 1.0, ""contingency"": [[0, 1], [434, 28842]]}",{}
920,NC00962.3,EMB-0.25-0.95,0.0,GARC1,RUS,EMB,embB@D952E,U,{},"{""proportion"": 0.0, ""confidence"": [0.0, 0.6576197724933469], ""p_value"": 1.0, ""contingency"": [[0, 2], [434, 28842]]}",{}
921,NC00962.3,EMB-0.25-0.95,0.0,GARC1,RUS,EMB,embB@T822M,U,{},"{""proportion"": 0.0, ""confidence"": [0.0, 0.7934506856227626], ""p_value"": 1.0, ""contingency"": [[0, 1], [434, 28842]]}",{}
922,NC00962.3,EMB-0.25-0.95,0.0,GARC1,RUS,EMB,embB@P776L,U,{},"{""proportion"": 0.16666666666666666, ""confidence"": [0.030053369748306632, 0.5635028221864702], ""p_value"": 1.0, ""contingency"": [[1, 5], [434, 28842]]}",{}
923,NC00962.3,EMB-0.25-0.95,0.0,GARC1,RUS,EMB,embA@V414M,U,{},"{""proportion"": 0.0, ""confidence"": [0.0, 0.6576197724933469], ""p_value"": 1.0, ""contingency"": [[0, 2], [434, 28842]]}",{}
924,NC00962.3,EMB-0.25-0.95,0.0,GARC1,RUS,EMB,embA@W634S,U,{},"{""proportion"": 0.0, ""confidence"": [0.0, 0.7934506856227626], ""p_value"": 1.0, ""contingency"": [[0, 1], [434, 28842]]}",{}
925,NC00962.3,EMB-0.25-0.95,0.0,GARC1,RUS,EMB,embB@V755I,U,{},"{""proportion"": 0.0, ""confidence"": [0.0, 0.6576197724933469], ""p_value"": 1.0, ""contingency"": [[0, 2], [434, 28842]]}",{}
926,NC00962.3,EMB-0.25-0.95,0.0,GARC1,RUS,EMB,embA@E508D,U,{},"{""proportion"": 0.0, ""confidence"": [0.0, 0.7934506856227626], ""p_value"": 1.0, ""contingency"": [[0, 1], [434, 28842]]}",{}
927,NC00962.3,EMB-0.25-0.95,0.0,GARC1,RUS,EMB,embB@P103H,U,{},"{""proportion"": 0.0, ""confidence"": [0.0, 0.7934506856227626], ""p_value"": 1.0, ""contingency"": [[0, 1], [434, 28842]]}",{}
928,NC00962.3,EMB-0.25-0.95,0.0,GARC1,RUS,EMB,embB@M265I,U,{},"{""proportion"": 0.0, ""confidence"": [0.0, 0.7934506856227626], ""p_value"": 1.0, ""contingency"": [[0, 1], [434, 28842]]}",{}
929,NC00962.3,EMB-0.25-0.95,0.0,GARC1,RUS,EMB,embB@D127A,U,{},"{""proportion"": 0.0, ""confidence"": [0.0, 0.7934506856227626], ""p_value"": 1.0, ""contingency"": [[0, 1], [434, 28842]]}",{}
930,NC00962.3,EMB-0.25-0.95,0.0,GARC1,RUS,EMB,embB@A94V,U,{},"{""proportion"": 0.0, ""confidence"": [0.0, 0.6576197724933469], ""p_value"": 1.0, ""contingency"": [[0, 2], [434, 28842]]}",{}
931,NC00962.3,EMB-0.25-0.95,0.0,GARC1,RUS,EMB,embB@D166A,U,{},"{""proportion"": 0.0, ""confidence"": [0.0, 0.7934506856227626], ""p_value"": 1.0, ""contingency"": [[0, 1], [434, 28842]]}",{}
932,NC00962.3,EMB-0.25-0.95,0.0,GARC1,RUS,EMB,embA@G823R,U,{},"{""proportion"": 0.0, ""confidence"": [0.0, 0.7934506856227626], ""p_value"": 1.0, ""contingency"": [[0, 1], [434, 28842]]}",{}
933,NC00962.3,EMB-0.25-0.95,0.0,GARC1,RUS,EMB,embB@V83A,U,{},"{""proportion"": 0.0, ""confidence"": [0.0, 0.7934506856227626], ""p_value"": 1.0, ""contingency"": [[0, 1], [434, 28842]]}",{}
934,NC00962.3,EMB-0.25-0.95,0.0,GARC1,RUS,EMB,embB@G1097A,U,{},"{""proportion"": 0.0, ""confidence"": [0.0, 0.7934506856227626], ""p_value"": 1.0, ""contingency"": [[0, 1], [434, 28842]]}",{}
935,NC00962.3,EMB-0.25-0.95,0.0,GARC1,RUS,EMB,embA@L978W,U,{},"{""proportion"": 0.0, ""confidence"": [0.0, 0.7934506856227626], ""p_value"": 1.0, ""contingency"": [[0, 1], [434, 28842]]}",{}
936,NC00962.3,EMB-0.25-0.95,0.0,GARC1,RUS,EMB,embB@L528V,U,{},"{""proportion"": 0.0, ""confidence"": [0.0, 0.7934506856227626], ""p_value"": 1.0, ""contingency"": [[0, 1], [434, 28842]]}",{}
937,NC00962.3,EMB-0.25-0.95,0.0,GARC1,RUS,EMB,embB@I726T,U,{},"{""proportion"": 0.0, ""confidence"": [0.0, 0.7934506856227626], ""p_value"": 1.0, ""contingency"": [[0, 1], [434, 28842]]}",{}
938,NC00962.3,EMB-0.25-0.95,0.0,GARC1,RUS,EMB,embA@P860L,U,{},"{""proportion"": 0.0, ""confidence"": [0.0, 0.7934506856227626], ""p_value"": 1.0, ""contingency"": [[0, 1], [434, 28842]]}",{}
939,NC00962.3,EMB-0.25-0.95,0.0,GARC1,RUS,EMB,embA@V283A,U,{},"{""proportion"": 0.0, ""confidence"": [0.0, 0.7934506856227626], ""p_value"": 1.0, ""contingency"": [[0, 1], [434, 28842]]}",{}
940,NC00962.3,EMB-0.25-0.95,0.0,GARC1,RUS,EMB,embA@L263F,U,{},"{""proportion"": 0.0, ""confidence"": [0.0, 0.7934506856227626], ""p_value"": 1.0, ""contingency"": [[0, 1], [434, 28842]]}",{}
941,NC00962.3,EMB-0.25-0.95,0.0,GARC1,RUS,EMB,embA@T161I,U,{},"{""proportion"": 0.0, ""confidence"": [0.0, 0.7934506856227626], ""p_value"": 1.0, ""contingency"": [[0, 1], [434, 28842]]}",{}
942,NC00962.3,EMB-0.25-0.95,0.0,GARC1,RUS,EMB,embB@P766L,U,{},"{""proportion"": 0.0, ""confidence"": [0.0, 0.7934506856227626], ""p_value"": 1.0, ""contingency"": [[0, 1], [434, 28842]]}",{}
943,NC00962.3,EMB-0.25-0.95,0.0,GARC1,RUS,EMB,embB@A701T,U,{},"{""proportion"": 0.0, ""confidence"": [0.0, 0.6576197724933469], ""p_value"": 1.0, ""contingency"": [[0, 2], [434, 28842]]}",{}
944,NC00962.3,EMB-0.25-0.95,0.0,GARC1,RUS,EMB,embA@V391I,U,{},"{""proportion"": 0.0, ""confidence"": [0.0, 0.7934506856227626], ""p_value"": 1.0, ""contingency"": [[0, 1], [434, 28842]]}",{}
945,NC00962.3,EMB-0.25-0.95,0.0,GARC1,RUS,EMB,embA@P327H,U,{},"{""proportion"": 0.0, ""confidence"": [0.0, 0.7934506856227626], ""p_value"": 1.0, ""contingency"": [[0, 1], [434, 28842]]}",{}
946,NC00962.3,EMB-0.25-0.95,0.0,GARC1,RUS,EMB,embA@A1016S,U,{},"{""proportion"": 0.0, ""confidence"": [4.8683609171202235e-17, 0.5614970317550455], ""p_value"": 1.0, ""contingency"": [[0, 3], [434, 28842]]}",{}
947,NC00962.3,EMB-0.25-0.95,0.0,GARC1,RUS,EMB,embB@F161L,U,{},"{""proportion"": 0.0, ""confidence"": [0.0, 0.7934506856227626], ""p_value"": 1.0, ""contingency"": [[0, 1], [434, 28842]]}",{}
948,NC00962.3,EMB-0.25-0.95,0.0,GARC1,RUS,EMB,embB@W273L,U,{},"{""proportion"": 0.0, ""confidence"": [0.0, 0.7934506856227626], ""p_value"": 1.0, ""contingency"": [[0, 1], [434, 28842]]}",{}
949,NC00962.3,EMB-0.25-0.95,0.0,GARC1,RUS,EMB,embB@A221T,U,{},"{""proportion"": 0.0, ""confidence"": [0.0, 0.7934506856227626], ""p_value"": 1.0, ""contingency"": [[0, 1], [434, 28842]]}",{}
950,NC00962.3,EMB-0.25-0.95,0.0,GARC1,RUS,EMB,embA@A438V,U,{},"{""proportion"": 0.0, ""confidence"": [0.0, 0.7934506856227626], ""p_value"": 1.0, ""contingency"": [[0, 1], [434, 28842]]}",{}
951,NC00962.3,EMB-0.25-0.95,0.0,GARC1,RUS,EMB,embB@A357T,U,{},"{""proportion"": 0.0, ""confidence"": [0.0, 0.7934506856227626], ""p_value"": 1.0, ""contingency"": [[0, 1], [434, 28842]]}",{}
952,NC00962.3,EMB-0.25-0.95,0.0,GARC1,RUS,EMB,embB@M350T,U,{},"{""proportion"": 0.0, ""confidence"": [0.0, 0.7934506856227626], ""p_value"": 1.0, ""contingency"": [[0, 1], [434, 28842]]}",{}
953,NC00962.3,EMB-0.25-0.95,0.0,GARC1,RUS,EMB,embB@S344R,U,{},"{""proportion"": 0.0, ""confidence"": [0.0, 0.7934506856227626], ""p_value"": 1.0, ""contingency"": [[0, 1], [434, 28842]]}",{}
954,NC00962.3,EMB-0.25-0.95,0.0,GARC1,RUS,EMB,embA@Q57E,U,{},"{""proportion"": 0.0, ""confidence"": [0.0, 0.7934506856227626], ""p_value"": 1.0, ""contingency"": [[0, 1], [434, 28842]]}",{}
955,NC00962.3,EMB-0.25-0.95,0.0,GARC1,RUS,EMB,embA@T591A,U,{},"{""proportion"": 0.0, ""confidence"": [0.0, 0.7934506856227626], ""p_value"": 1.0, ""contingency"": [[0, 1], [434, 28842]]}",{}
956,NC00962.3,EMB-0.25-0.95,0.0,GARC1,RUS,EMB,embA@N54S,U,{},"{""proportion"": 0.0, ""confidence"": [0.0, 0.6576197724933469], ""p_value"": 1.0, ""contingency"": [[0, 2], [434, 28842]]}",{}
957,NC00962.3,EMB-0.25-0.95,0.0,GARC1,RUS,EMB,embB@A271G,U,{},"{""proportion"": 0.0, ""confidence"": [0.0, 0.7934506856227626], ""p_value"": 1.0, ""contingency"": [[0, 1], [434, 28842]]}",{}
958,NC00962.3,EMB-0.25-0.95,0.0,GARC1,RUS,EMB,embB@T341I,U,{},"{""proportion"": 0.0, ""confidence"": [0.0, 0.7934506856227626], ""p_value"": 1.0, ""contingency"": [[0, 1], [434, 28842]]}",{}
959,NC00962.3,EMB-0.25-0.95,0.0,GARC1,RUS,EMB,embA@A331P,U,{},"{""proportion"": 0.0, ""confidence"": [0.0, 0.7934506856227626], ""p_value"": 1.0, ""contingency"": [[0, 1], [434, 28842]]}",{}
960,NC00962.3,EMB-0.25-0.95,0.0,GARC1,RUS,EMB,embB@A861T,U,{},"{""proportion"": 0.0, ""confidence"": [0.0, 0.7934506856227626], ""p_value"": 1.0, ""contingency"": [[0, 1], [434, 28842]]}",{}
961,NC00962.3,EMB-0.25-0.95,0.0,GARC1,RUS,EMB,embB@A840P,U,{},"{""proportion"": 0.0, ""confidence"": [0.0, 0.7934506856227626], ""p_value"": 1.0, ""contingency"": [[0, 1], [434, 28842]]}",{}
962,NC00962.3,EMB-0.25-0.95,0.0,GARC1,RUS,EMB,embA@D678N,U,{},"{""proportion"": 0.0, ""confidence"": [0.0, 0.7934506856227626], ""p_value"": 1.0, ""contingency"": [[0, 1], [434, 28842]]}",{}
963,NC00962.3,EMB-0.25-0.95,0.0,GARC1,RUS,EMB,embB@H342N,U,{},"{""proportion"": 0.0, ""confidence"": [0.0, 0.7934506856227626], ""p_value"": 1.0, ""contingency"": [[0, 1], [434, 28842]]}",{}
964,NC00962.3,EMB-0.25-0.95,0.0,GARC1,RUS,EMB,embB@M557I,U,{},"{""proportion"": 0.0, ""confidence"": [0.0, 0.6576197724933469], ""p_value"": 1.0, ""contingency"": [[0, 2], [434, 28842]]}",{}
965,NC00962.3,EMB-0.25-0.95,0.0,GARC1,RUS,EMB,embB@R1059P,U,{},"{""proportion"": 0.0, ""confidence"": [0.0, 0.7934506856227626], ""p_value"": 1.0, ""contingency"": [[0, 1], [434, 28842]]}",{}
966,NC00962.3,EMB-0.25-0.95,0.0,GARC1,RUS,EMB,embB@A950V,U,{},"{""proportion"": 0.0, ""confidence"": [0.0, 0.7934506856227626], ""p_value"": 1.0, ""contingency"": [[0, 1], [434, 28842]]}",{}
967,NC00962.3,EMB-0.25-0.95,0.0,GARC1,RUS,EMB,embA@A734T,U,{},"{""proportion"": 0.0, ""confidence"": [0.0, 0.7934506856227626], ""p_value"": 1.0, ""contingency"": [[0, 1], [434, 28842]]}",{}
968,NC00962.3,EMB-0.25-0.95,0.0,GARC1,RUS,EMB,embB@L348P,U,{},"{""proportion"": 0.0, ""confidence"": [0.0, 0.7934506856227626], ""p_value"": 1.0, ""contingency"": [[0, 1], [434, 28842]]}",{}
969,NC00962.3,EMB-0.25-0.95,0.0,GARC1,RUS,EMB,embB@N400S,U,{},"{""proportion"": 0.0, ""confidence"": [0.0, 0.7934506856227626], ""p_value"": 1.0, ""contingency"": [[0, 1], [434, 28842]]}",{}
970,NC00962.3,EMB-0.25-0.95,0.0,GARC1,RUS,EMB,embA@T363I,U,{},"{""proportion"": 0.0, ""confidence"": [0.0, 0.7934506856227626], ""p_value"": 1.0, ""contingency"": [[0, 1], [434, 28842]]}",{}
971,NC00962.3,EMB-0.25-0.95,0.0,GARC1,RUS,EMB,embA@P689L,U,{},"{""proportion"": 0.0, ""confidence"": [0.0, 0.7934506856227626], ""p_value"": 1.0, ""contingency"": [[0, 1], [434, 28842]]}",{}
972,NC00962.3,EMB-0.25-0.95,0.0,GARC1,RUS,EMB,embB@M462T,U,{},"{""proportion"": 0.0, ""confidence"": [0.0, 0.7934506856227626], ""p_value"": 1.0, ""contingency"": [[0, 1], [434, 28842]]}",{}
973,NC00962.3,EMB-0.25-0.95,0.0,GARC1,RUS,EMB,embB@P59T,U,{},"{""proportion"": 0.0, ""confidence"": [0.0, 0.7934506856227626], ""p_value"": 1.0, ""contingency"": [[0, 1], [434, 28842]]}",{}
974,NC00962.3,EMB-0.25-0.95,0.0,GARC1,RUS,EMB,embB@V602A,U,{},"{""proportion"": 0.0, ""confidence"": [0.0, 0.7934506856227626], ""p_value"": 1.0, ""contingency"": [[0, 1], [434, 28842]]}",{}
975,NC00962.3,EMB-0.25-0.95,0.0,GARC1,RUS,EMB,embB@L364V,U,{},"{""proportion"": 0.0, ""confidence"": [0.0, 0.6576197724933469], ""p_value"": 1.0, ""contingency"": [[0, 2], [434, 28842]]}",{}
976,NC00962.3,EMB-0.25-0.95,0.0,GARC1,RUS,EMB,embB@I1006M,U,{},"{""proportion"": 0.0, ""confidence"": [0.0, 0.43448246478317476], ""p_value"": 0.34082031250000006, ""contingency"": [[0, 5], [434, 28842]]}",{}
977,NC00962.3,EMB-0.25-0.95,0.0,GARC1,RUS,EMB,embB@Q997H,U,{},"{""proportion"": 0.0, ""confidence"": [0.0, 0.7934506856227626], ""p_value"": 1.0, ""contingency"": [[0, 1], [434, 28842]]}",{}
978,NC00962.3,EMB-0.25-0.95,0.0,GARC1,RUS,EMB,embA@T591P,U,{},"{""proportion"": 0.0, ""confidence"": [0.0, 0.6576197724933469], ""p_value"": 1.0, ""contingency"": [[0, 2], [434, 28842]]}",{}
979,NC00962.3,EMB-0.25-0.95,0.0,GARC1,RUS,EMB,embB@R147C,U,{},"{""proportion"": 0.0, ""confidence"": [0.0, 0.7934506856227626], ""p_value"": 1.0, ""contingency"": [[0, 1], [434, 28842]]}",{}
980,NC00962.3,EMB-0.25-0.95,0.0,GARC1,RUS,EMB,embB@A1083T,U,{},"{""proportion"": 0.0, ""confidence"": [0.0, 0.7934506856227626], ""p_value"": 1.0, ""contingency"": [[0, 1], [434, 28842]]}",{}
981,NC00962.3,EMB-0.25-0.95,0.0,GARC1,RUS,EMB,embA@A852D,U,{},"{""proportion"": 0.0, ""confidence"": [0.0, 0.7934506856227626], ""p_value"": 1.0, ""contingency"": [[0, 1], [434, 28842]]}",{}
982,NC00962.3,EMB-0.25-0.95,0.0,GARC1,RUS,EMB,embA@G554D,U,{},"{""proportion"": 1.0, ""confidence"": [0.20654931437723742, 1.0], ""p_value"": 0.25, ""contingency"": [[1, 0], [434, 28842]]}",{}
983,NC00962.3,EMB-0.25-0.95,0.0,GARC1,RUS,EMB,embB@E149A,U,{},"{""proportion"": 0.0, ""confidence"": [0.0, 0.7934506856227626], ""p_value"": 1.0, ""contingency"": [[0, 1], [434, 28842]]}",{}
984,NC00962.3,EMB-0.25-0.95,0.0,GARC1,RUS,EMB,embA@P763S,U,{},"{""proportion"": 0.0, ""confidence"": [0.0, 0.7934506856227626], ""p_value"": 1.0, ""contingency"": [[0, 1], [434, 28842]]}",{}
985,NC00962.3,EMB-0.25-0.95,0.0,GARC1,RUS,EMB,embA@g-48c,U,{},"{""proportion"": 0.0, ""confidence"": [0.0, 0.7934506856227626], ""p_value"": 1.0, ""contingency"": [[0, 1], [434, 28842]]}",{}
986,NC00962.3,EMB-0.25-0.95,0.0,GARC1,RUS,EMB,embA@A291T,U,{},"{""proportion"": 0.0, ""confidence"": [0.0, 0.6576197724933469], ""p_value"": 1.0, ""contingency"": [[0, 2], [434, 28842]]}",{}
987,NC00962.3,EMB-0.25-0.95,0.0,GARC1,RUS,EMB,embB@D354N,U,{},"{""proportion"": 0.0, ""confidence"": [4.8683609171202235e-17, 0.5614970317550455], ""p_value"": 1.0, ""contingency"": [[0, 3], [434, 28842]]}",{}
988,NC00962.3,EMB-0.25-0.95,0.0,GARC1,RUS,EMB,embA@T270P,U,{},"{""proportion"": 0.0, ""confidence"": [0.0, 0.7934506856227626], ""p_value"": 1.0, ""contingency"": [[0, 1], [434, 28842]]}",{}
989,NC00962.3,EMB-0.25-0.95,0.0,GARC1,RUS,EMB,embB@M482I,U,{},"{""proportion"": 0.0, ""confidence"": [0.0, 0.7934506856227626], ""p_value"": 1.0, ""contingency"": [[0, 1], [434, 28842]]}",{}
990,NC00962.3,EMB-0.25-0.95,0.0,GARC1,RUS,EMB,embA@G21R,U,{},"{""proportion"": 0.0, ""confidence"": [0.0, 0.7934506856227626], ""p_value"": 1.0, ""contingency"": [[0, 1], [434, 28842]]}",{}
991,NC00962.3,EMB-0.25-0.95,0.0,GARC1,RUS,EMB,embA@G157C,U,{},"{""proportion"": 0.0, ""confidence"": [0.0, 0.6576197724933469], ""p_value"": 1.0, ""contingency"": [[0, 2], [434, 28842]]}",{}
992,NC00962.3,EMB-0.25-0.95,0.0,GARC1,RUS,EMB,embA@H665R,U,{},"{""proportion"": 0.0, ""confidence"": [0.0, 0.6576197724933469], ""p_value"": 1.0, ""contingency"": [[0, 2], [434, 28842]]}",{}
993,NC00962.3,EMB-0.25-0.95,0.0,GARC1,RUS,EMB,embB@N1004T,U,{},"{""proportion"": 0.0, ""confidence"": [0.0, 0.7934506856227626], ""p_value"": 1.0, ""contingency"": [[0, 1], [434, 28842]]}",{}
994,NC00962.3,EMB-0.25-0.95,0.0,GARC1,RUS,EMB,embB@T797M,U,{},"{""proportion"": 0.0, ""confidence"": [0.0, 0.4898908364545973], ""p_value"": 0.578125, ""contingency"": [[0, 4], [434, 28842]]}",{}
995,NC00962.3,EMB-0.25-0.95,0.0,GARC1,RUS,EMB,embB@A510T,U,{},"{""proportion"": 0.0, ""confidence"": [4.8683609171202235e-17, 0.5614970317550455], ""p_value"": 1.0, ""contingency"": [[0, 3], [434, 28842]]}",{}
996,NC00962.3,EMB-0.25-0.95,0.0,GARC1,RUS,EMB,embA@L215M,U,{},"{""proportion"": 0.0, ""confidence"": [0.0, 0.7934506856227626], ""p_value"": 1.0, ""contingency"": [[0, 1], [434, 28842]]}",{}
997,NC00962.3,EMB-0.25-0.95,0.0,GARC1,RUS,EMB,embA@A255V,U,{},"{""proportion"": 0.0, ""confidence"": [0.0, 0.7934506856227626], ""p_value"": 1.0, ""contingency"": [[0, 1], [434, 28842]]}",{}
998,NC00962.3,EMB-0.25-0.95,0.0,GARC1,RUS,EMB,embA@g-78t,U,{},"{""proportion"": 0.0, ""confidence"": [0.0, 0.7934506856227626], ""p_value"": 1.0, ""contingency"": [[0, 1], [434, 28842]]}",{}
999,NC00962.3,EMB-0.25-0.95,0.0,GARC1,RUS,EMB,embB@D354G,U,{},"{""proportion"": 0.0, ""confidence"": [0.0, 0.6576197724933469], ""p_value"": 1.0, ""contingency"": [[0, 2], [434, 28842]]}",{}
1000,NC00962.3,EMB-0.25-0.95,0.0,GARC1,RUS,EMB,embA@A428V,U,{},"{""proportion"": 0.0, ""confidence"": [0.0, 0.7934506856227626], ""p_value"": 1.0, ""contingency"": [[0, 1], [434, 28842]]}",{}
1001,NC00962.3,EMB-0.25-0.95,0.0,GARC1,RUS,EMB,embB@P430L,U,{},"{""proportion"": 0.0, ""confidence"": [0.0, 0.7934506856227626], ""p_value"": 1.0, ""contingency"": [[0, 1], [434, 28842]]}",{}
1002,NC00962.3,EMB-0.25-0.95,0.0,GARC1,RUS,EMB,embA@S49R,U,{},"{""proportion"": 0.0, ""confidence"": [0.0, 0.7934506856227626], ""p_value"": 1.0, ""contingency"": [[0, 1], [434, 28842]]}",{}
1003,NC00962.3,EMB-0.25-0.95,0.0,GARC1,RUS,EMB,embB@T341A,U,{},"{""proportion"": 0.0, ""confidence"": [0.0, 0.7934506856227626], ""p_value"": 1.0, ""contingency"": [[0, 1], [434, 28842]]}",{}
1004,NC00962.3,EMB-0.25-0.95,0.0,GARC1,RUS,EMB,embB@S658N,U,{},"{""proportion"": 0.0, ""confidence"": [0.0, 0.7934506856227626], ""p_value"": 1.0, ""contingency"": [[0, 1], [434, 28842]]}",{}
1005,NC00962.3,EMB-0.25-0.95,0.0,GARC1,RUS,EMB,embB@D869H,U,{},"{""proportion"": 0.0, ""confidence"": [0.0, 0.7934506856227626], ""p_value"": 1.0, ""contingency"": [[0, 1], [434, 28842]]}",{}
1006,NC00962.3,EMB-0.25-0.95,0.0,GARC1,RUS,EMB,embA@T728I,U,{},"{""proportion"": 0.0, ""confidence"": [3.384324554477539e-17, 0.39033428790216534], ""p_value"": 0.347412109375, ""contingency"": [[0, 6], [434, 28842]]}",{}
1007,NC00962.3,EMB-0.25-0.95,0.0,GARC1,RUS,EMB,embA@G1085S,U,{},"{""proportion"": 0.0, ""confidence"": [0.0, 0.7934506856227626], ""p_value"": 1.0, ""contingency"": [[0, 1], [434, 28842]]}",{}
1008,NC00962.3,EMB-0.25-0.95,0.0,GARC1,RUS,EMB,embB@D178N,U,{},"{""proportion"": 0.0, ""confidence"": [0.0, 0.7934506856227626], ""p_value"": 1.0, ""contingency"": [[0, 1], [434, 28842]]}",{}
1009,NC00962.3,EMB-0.25-0.95,0.0,GARC1,RUS,EMB,embB@A1020S,U,{},"{""proportion"": 0.0, ""confidence"": [0.0, 0.7934506856227626], ""p_value"": 1.0, ""contingency"": [[0, 1], [434, 28842]]}",{}
1010,NC00962.3,EMB-0.25-0.95,0.0,GARC1,RUS,EMB,embB@V602I,U,{},"{""proportion"": 0.0, ""confidence"": [0.0, 0.7934506856227626], ""p_value"": 1.0, ""contingency"": [[0, 1], [434, 28842]]}",{}
1011,NC00962.3,EMB-0.25-0.95,0.0,GARC1,RUS,EMB,embA@2046_del_ccgcatcttggc,U,{},"{""proportion"": 0.0, ""confidence"": [0.0, 0.7934506856227626], ""p_value"": 1.0, ""contingency"": [[0, 1], [434, 28842]]}",{}
1012,NC00962.3,EMB-0.25-0.95,0.0,GARC1,RUS,EMB,embA@T238S,U,{},"{""proportion"": 0.0, ""confidence"": [0.0, 0.7934506856227626], ""p_value"": 1.0, ""contingency"": [[0, 1], [434, 28842]]}",{}
1013,NC00962.3,EMB-0.25-0.95,0.0,GARC1,RUS,EMB,embA@D784N,U,{},"{""proportion"": 0.0, ""confidence"": [0.0, 0.7934506856227626], ""p_value"": 1.0, ""contingency"": [[0, 1], [434, 28842]]}",{}
1014,NC00962.3,EMB-0.25-0.95,0.0,GARC1,RUS,EMB,embB@P195L,U,{},"{""proportion"": 0.0, ""confidence"": [0.0, 0.7934506856227626], ""p_value"": 1.0, ""contingency"": [[0, 1], [434, 28842]]}",{}
1015,NC00962.3,EMB-0.25-0.95,0.0,GARC1,RUS,EMB,embB@R930H,U,{},"{""proportion"": 0.0, ""confidence"": [0.0, 0.7934506856227626], ""p_value"": 1.0, ""contingency"": [[0, 1], [434, 28842]]}",{}
1016,NC00962.3,EMB-0.25-0.95,0.0,GARC1,RUS,EMB,embA@T238N,U,{},"{""proportion"": 0.0, ""confidence"": [0.0, 0.6576197724933469], ""p_value"": 1.0, ""contingency"": [[0, 2], [434, 28842]]}",{}
1017,NC00962.3,EMB-0.25-0.95,0.0,GARC1,RUS,EMB,embA@I191V,U,{},"{""proportion"": 0.0, ""confidence"": [0.0, 0.7934506856227626], ""p_value"": 1.0, ""contingency"": [[0, 1], [434, 28842]]}",{}
1018,NC00962.3,EMB-0.25-0.95,0.0,GARC1,RUS,EMB,embB@P375S,U,{},"{""proportion"": 0.0, ""confidence"": [0.0, 0.7934506856227626], ""p_value"": 1.0, ""contingency"": [[0, 1], [434, 28842]]}",{}
1019,NC00962.3,EMB-0.25-0.95,0.0,GARC1,RUS,EMB,embB@V231I,U,{},"{""proportion"": 0.0, ""confidence"": [0.0, 0.7934506856227626], ""p_value"": 1.0, ""contingency"": [[0, 1], [434, 28842]]}",{}
1020,NC00962.3,EMB-0.25-0.95,0.0,GARC1,RUS,EMB,embB@N657D,U,{},"{""proportion"": 0.0, ""confidence"": [0.0, 0.7934506856227626], ""p_value"": 1.0, ""contingency"": [[0, 1], [434, 28842]]}",{}
1021,NC00962.3,EMB-0.25-0.95,0.0,GARC1,RUS,EMB,embB@R182C,U,{},"{""proportion"": 0.0, ""confidence"": [4.8683609171202235e-17, 0.5614970317550455], ""p_value"": 1.0, ""contingency"": [[0, 3], [434, 28842]]}",{}
1022,NC00962.3,EMB-0.25-0.95,0.0,GARC1,RUS,EMB,embB@G665R,U,{},"{""proportion"": 0.0, ""confidence"": [0.0, 0.7934506856227626], ""p_value"": 1.0, ""contingency"": [[0, 1], [434, 28842]]}",{}
1023,NC00962.3,EMB-0.25-0.95,0.0,GARC1,RUS,EMB,embB@M462L,U,{},"{""proportion"": 0.0, ""confidence"": [0.0, 0.7934506856227626], ""p_value"": 1.0, ""contingency"": [[0, 1], [434, 28842]]}",{}
1024,NC00962.3,EMB-0.25-0.95,0.0,GARC1,RUS,EMB,embA@W1050G,U,{},"{""proportion"": 0.0, ""confidence"": [0.0, 0.7934506856227626], ""p_value"": 1.0, ""contingency"": [[0, 1], [434, 28842]]}",{}
1025,NC00962.3,EMB-0.25-0.95,0.0,GARC1,RUS,EMB,embA@2723_ins_ggg,U,{},"{""proportion"": 0.0, ""confidence"": [0.0, 0.7934506856227626], ""p_value"": 1.0, ""contingency"": [[0, 1], [434, 28842]]}",{}
1026,NC00962.3,EMB-0.25-0.95,0.0,GARC1,RUS,EMB,embA@D761G,U,{},"{""proportion"": 0.0, ""confidence"": [0.0, 0.7934506856227626], ""p_value"": 1.0, ""contingency"": [[0, 1], [434, 28842]]}",{}
1027,NC00962.3,EMB-0.25-0.95,0.0,GARC1,RUS,EMB,embA@R683L,U,{},"{""proportion"": 0.0, ""confidence"": [0.0, 0.7934506856227626], ""p_value"": 1.0, ""contingency"": [[0, 1], [434, 28842]]}",{}
1028,NC00962.3,EMB-0.25-0.95,0.0,GARC1,RUS,EMB,embA@L263P,U,{},"{""proportion"": 0.0, ""confidence"": [0.0, 0.7934506856227626], ""p_value"": 1.0, ""contingency"": [[0, 1], [434, 28842]]}",{}
1029,NC00962.3,EMB-0.25-0.95,0.0,GARC1,RUS,EMB,embB@T1069P,U,{},"{""proportion"": 0.0, ""confidence"": [0.0, 0.7934506856227626], ""p_value"": 1.0, ""contingency"": [[0, 1], [434, 28842]]}",{}
1030,NC00962.3,EMB-0.25-0.95,0.0,GARC1,RUS,EMB,embA@R239!,U,{},"{""proportion"": 0.0, ""confidence"": [0.0, 0.7934506856227626], ""p_value"": 1.0, ""contingency"": [[0, 1], [434, 28842]]}",{}
1031,NC00962.3,EMB-0.25-0.95,0.0,GARC1,RUS,EMB,embB@D86N,U,{},"{""proportion"": 0.0, ""confidence"": [0.0, 0.7934506856227626], ""p_value"": 1.0, ""contingency"": [[0, 1], [434, 28842]]}",{}
1032,NC00962.3,EMB-0.25-0.95,0.0,GARC1,RUS,EMB,embB@G1097S,U,{},"{""proportion"": 0.0, ""confidence"": [0.0, 0.7934506856227626], ""p_value"": 1.0, ""contingency"": [[0, 1], [434, 28842]]}",{}
1033,NC00962.3,EMB-0.25-0.95,0.0,GARC1,RUS,EMB,embA@T983A,U,{},"{""proportion"": 0.0, ""confidence"": [0.0, 0.6576197724933469], ""p_value"": 1.0, ""contingency"": [[0, 2], [434, 28842]]}",{}
1034,NC00962.3,EMB-0.25-0.95,0.0,GARC1,RUS,EMB,embA@c-73t,U,{},"{""proportion"": 0.0, ""confidence"": [0.0, 0.7934506856227626], ""p_value"": 1.0, ""contingency"": [[0, 1], [434, 28842]]}",{}
1035,NC00962.3,EMB-0.25-0.95,0.0,GARC1,RUS,EMB,embB@T546A,U,{},"{""proportion"": 0.0, ""confidence"": [0.0, 0.7934506856227626], ""p_value"": 1.0, ""contingency"": [[0, 1], [434, 28842]]}",{}
1036,NC00962.3,EMB-0.25-0.95,0.0,GARC1,RUS,EMB,embB@K107R,U,{},"{""proportion"": 0.0, ""confidence"": [0.0, 0.7934506856227626], ""p_value"": 1.0, ""contingency"": [[0, 1], [434, 28842]]}",{}
1037,NC00962.3,EMB-0.25-0.95,0.0,GARC1,RUS,EMB,embB@N1033K,U,{},"{""proportion"": 1.0, ""confidence"": [0.20654931437723742, 1.0], ""p_value"": 0.25, ""contingency"": [[1, 0], [434, 28842]]}",{}
1038,NC00962.3,EMB-0.25-0.95,0.0,GARC1,RUS,EMB,embB@A259V,U,{},"{""proportion"": 0.0, ""confidence"": [0.0, 0.7934506856227626], ""p_value"": 1.0, ""contingency"": [[0, 1], [434, 28842]]}",{}
1039,NC00962.3,EMB-0.25-0.95,0.0,GARC1,RUS,EMB,embB@G443S,U,{},"{""proportion"": 0.0, ""confidence"": [4.8683609171202235e-17, 0.5614970317550455], ""p_value"": 1.0, ""contingency"": [[0, 3], [434, 28842]]}",{}
1040,NC00962.3,EMB-0.25-0.95,0.0,GARC1,RUS,EMB,embB@P214A,U,{},"{""proportion"": 0.5, ""confidence"": [0.09453120573423071, 0.9054687942657693], ""p_value"": 0.4375, ""contingency"": [[1, 1], [434, 28842]]}",{}
1041,NC00962.3,EMB-0.25-0.95,0.0,GARC1,RUS,EMB,embB@R122H,U,{},"{""proportion"": 0.0, ""confidence"": [0.0, 0.7934506856227626], ""p_value"": 1.0, ""contingency"": [[0, 1], [434, 28842]]}",{}
1042,NC00962.3,EMB-0.25-0.95,0.0,GARC1,RUS,EMB,embB@A356V,U,{},"{""proportion"": 0.0, ""confidence"": [0.0, 0.7934506856227626], ""p_value"": 1.0, ""contingency"": [[0, 1], [434, 28842]]}",{}
1043,NC00962.3,EMB-0.25-0.95,0.0,GARC1,RUS,EMB,embB@V479M,U,{},"{""proportion"": 0.0, ""confidence"": [0.0, 0.7934506856227626], ""p_value"": 1.0, ""contingency"": [[0, 1], [434, 28842]]}",{}
1044,NC00962.3,EMB-0.25-0.95,0.0,GARC1,RUS,EMB,embA@G101S,U,{},"{""proportion"": 0.0, ""confidence"": [0.0, 0.6576197724933469], ""p_value"": 1.0, ""contingency"": [[0, 2], [434, 28842]]}",{}
1045,NC00962.3,EMB-0.25-0.95,0.0,GARC1,RUS,EMB,embA@R442K,U,{},"{""proportion"": 0.0, ""confidence"": [0.0, 0.7934506856227626], ""p_value"": 1.0, ""contingency"": [[0, 1], [434, 28842]]}",{}
1046,NC00962.3,EMB-0.25-0.95,0.0,GARC1,RUS,EMB,embB@G603A,U,{},"{""proportion"": 0.0, ""confidence"": [0.0, 0.7934506856227626], ""p_value"": 1.0, ""contingency"": [[0, 1], [434, 28842]]}",{}
1047,NC00962.3,EMB-0.25-0.95,0.0,GARC1,RUS,EMB,embA@N679S,U,{},"{""proportion"": 0.0, ""confidence"": [0.0, 0.7934506856227626], ""p_value"": 1.0, ""contingency"": [[0, 1], [434, 28842]]}",{}
1048,NC00962.3,EMB-0.25-0.95,0.0,GARC1,RUS,EMB,embB@P706S,U,{},"{""proportion"": 0.0, ""confidence"": [0.0, 0.7934506856227626], ""p_value"": 1.0, ""contingency"": [[0, 1], [434, 28842]]}",{}
1049,NC00962.3,EMB-0.25-0.95,0.0,GARC1,RUS,EMB,embA@R346P,U,{},"{""proportion"": 0.0, ""confidence"": [0.0, 0.7934506856227626], ""p_value"": 1.0, ""contingency"": [[0, 1], [434, 28842]]}",{}
1050,NC00962.3,EMB-0.25-0.95,0.0,GARC1,RUS,EMB,embA@R346W,U,{},"{""proportion"": 0.0, ""confidence"": [0.0, 0.7934506856227626], ""p_value"": 1.0, ""contingency"": [[0, 1], [434, 28842]]}",{}
1051,NC00962.3,EMB-0.25-0.95,0.0,GARC1,RUS,EMB,embB@T279P,U,{},"{""proportion"": 0.0, ""confidence"": [0.0, 0.2775327998628892], ""p_value"": 0.07604122161865237, ""contingency"": [[0, 10], [434, 28842]]}",{}
1052,NC00962.3,EMB-0.25-0.95,0.0,GARC1,RUS,EMB,embB@G474D,U,{},"{""proportion"": 0.0, ""confidence"": [0.0, 0.7934506856227626], ""p_value"": 1.0, ""contingency"": [[0, 1], [434, 28842]]}",{}
1053,NC00962.3,EMB-0.25-0.95,0.0,GARC1,RUS,EMB,embA@L221M,U,{},"{""proportion"": 0.0, ""confidence"": [0.0, 0.7934506856227626], ""p_value"": 1.0, ""contingency"": [[0, 1], [434, 28842]]}",{}
1054,NC00962.3,EMB-0.25-0.95,0.0,GARC1,RUS,EMB,embA@G748S,U,{},"{""proportion"": 0.0, ""confidence"": [0.0, 0.7934506856227626], ""p_value"": 1.0, ""contingency"": [[0, 1], [434, 28842]]}",{}
1055,NC00962.3,EMB-0.25-0.95,0.0,GARC1,RUS,EMB,embA@S250N,U,{},"{""proportion"": 0.0, ""confidence"": [0.0, 0.7934506856227626], ""p_value"": 1.0, ""contingency"": [[0, 1], [434, 28842]]}",{}
1056,NC00962.3,EMB-0.25-0.95,0.0,GARC1,RUS,EMB,embA@M979L,U,{},"{""proportion"": 0.0, ""confidence"": [0.0, 0.7934506856227626], ""p_value"": 1.0, ""contingency"": [[0, 1], [434, 28842]]}",{}
1057,NC00962.3,EMB-0.25-0.95,0.0,GARC1,RUS,EMB,embA@T1044M,U,{},"{""proportion"": 0.0, ""confidence"": [0.0, 0.7934506856227626], ""p_value"": 1.0, ""contingency"": [[0, 1], [434, 28842]]}",{}
1058,NC00962.3,EMB-0.25-0.95,0.0,GARC1,RUS,EMB,embA@G972W,U,{},"{""proportion"": 0.0, ""confidence"": [0.0, 0.7934506856227626], ""p_value"": 1.0, ""contingency"": [[0, 1], [434, 28842]]}",{}
1059,NC00962.3,EMB-0.25-0.95,0.0,GARC1,RUS,EMB,embA@c-36t,U,{},"{""proportion"": 0.0, ""confidence"": [0.0, 0.7934506856227626], ""p_value"": 1.0, ""contingency"": [[0, 1], [434, 28842]]}",{}
1060,NC00962.3,EMB-0.25-0.95,0.0,GARC1,RUS,EMB,embB@A684V,U,{},"{""proportion"": 0.0, ""confidence"": [0.0, 0.7934506856227626], ""p_value"": 1.0, ""contingency"": [[0, 1], [434, 28842]]}",{}
1061,NC00962.3,EMB-0.25-0.95,0.0,GARC1,RUS,EMB,embA@S318T,U,{},"{""proportion"": 0.0, ""confidence"": [0.0, 0.7934506856227626], ""p_value"": 1.0, ""contingency"": [[0, 1], [434, 28842]]}",{}
1062,NC00962.3,EMB-0.25-0.95,0.0,GARC1,RUS,EMB,embA@A436G,U,{},"{""proportion"": 0.0, ""confidence"": [0.0, 0.7934506856227626], ""p_value"": 1.0, ""contingency"": [[0, 1], [434, 28842]]}",{}
1063,NC00962.3,EMB-0.25-0.95,0.0,GARC1,RUS,EMB,embB@T506N,U,{},"{""proportion"": 0.0, ""confidence"": [0.0, 0.7934506856227626], ""p_value"": 1.0, ""contingency"": [[0, 1], [434, 28842]]}",{}
1064,NC00962.3,EMB-0.25-0.95,0.0,GARC1,RUS,EMB,embA@D473G,U,{},"{""proportion"": 0.0, ""confidence"": [0.0, 0.7934506856227626], ""p_value"": 1.0, ""contingency"": [[0, 1], [434, 28842]]}",{}
1065,NC00962.3,EMB-0.25-0.95,0.0,GARC1,RUS,EMB,embA@N377G,U,{},"{""proportion"": 0.0, ""confidence"": [0.0, 0.7934506856227626], ""p_value"": 1.0, ""contingency"": [[0, 1], [434, 28842]]}",{}
1066,NC00962.3,EMB-0.25-0.95,0.0,GARC1,RUS,EMB,embA@R68H,U,{},"{""proportion"": 0.0, ""confidence"": [0.0, 0.7934506856227626], ""p_value"": 1.0, ""contingency"": [[0, 1], [434, 28842]]}",{}
1067,NC00962.3,EMB-0.25-0.95,0.0,GARC1,RUS,EMB,embB@P177L,U,{},"{""proportion"": 0.0, ""confidence"": [0.0, 0.7934506856227626], ""p_value"": 1.0, ""contingency"": [[0, 1], [434, 28842]]}",{}
1068,NC00962.3,EMB-0.25-0.95,0.0,GARC1,RUS,EMB,embB@K927E,U,{},"{""proportion"": 0.0, ""confidence"": [0.0, 0.7934506856227626], ""p_value"": 1.0, ""contingency"": [[0, 1], [434, 28842]]}",{}
1069,NC00962.3,EMB-0.25-0.95,0.0,GARC1,RUS,EMB,embA@P164A,U,{},"{""proportion"": 0.0, ""confidence"": [0.0, 0.7934506856227626], ""p_value"": 1.0, ""contingency"": [[0, 1], [434, 28842]]}",{}
1070,NC00962.3,EMB-0.25-0.95,0.0,GARC1,RUS,EMB,embA@L925V,U,{},"{""proportion"": 0.0, ""confidence"": [0.0, 0.7934506856227626], ""p_value"": 1.0, ""contingency"": [[0, 1], [434, 28842]]}",{}
1071,NC00962.3,EMB-0.25-0.95,0.0,GARC1,RUS,EMB,embA@I887T,U,{},"{""proportion"": 0.0, ""confidence"": [0.0, 0.7934506856227626], ""p_value"": 1.0, ""contingency"": [[0, 1], [434, 28842]]}",{}
1072,NC00962.3,EMB-0.25-0.95,0.0,GARC1,RUS,EMB,embA@632_del_tgc,U,{},"{""proportion"": 0.0, ""confidence"": [0.0, 0.7934506856227626], ""p_value"": 1.0, ""contingency"": [[0, 1], [434, 28842]]}",{}
1073,NC00962.3,EMB-0.25-0.95,0.0,GARC1,RUS,EMB,embA@S516C,U,{},"{""proportion"": 0.0, ""confidence"": [0.0, 0.7934506856227626], ""p_value"": 1.0, ""contingency"": [[0, 1], [434, 28842]]}",{}
1074,NC00962.3,EMB-0.25-0.95,0.0,GARC1,RUS,EMB,embA@S516P,U,{},"{""proportion"": 0.0, ""confidence"": [0.0, 0.7934506856227626], ""p_value"": 1.0, ""contingency"": [[0, 1], [434, 28842]]}",{}
1075,NC00962.3,EMB-0.25-0.95,0.0,GARC1,RUS,EMB,embA@L552P,U,{},"{""proportion"": 0.0, ""confidence"": [0.0, 0.7934506856227626], ""p_value"": 1.0, ""contingency"": [[0, 1], [434, 28842]]}",{}
1076,NC00962.3,EMB-0.25-0.95,0.0,GARC1,RUS,EMB,embA@2071_ins_tgg,U,{},"{""proportion"": 0.0, ""confidence"": [0.0, 0.6576197724933469], ""p_value"": 1.0, ""contingency"": [[0, 2], [434, 28842]]}",{}
1077,NC00962.3,EMB-0.25-0.95,0.0,GARC1,RUS,EMB,embA@V31F,U,{},"{""proportion"": 0.0, ""confidence"": [0.0, 0.7934506856227626], ""p_value"": 1.0, ""contingency"": [[0, 1], [434, 28842]]}",{}
1078,NC00962.3,EMB-0.25-0.95,0.0,GARC1,RUS,EMB,embA@A661P,U,{},"{""proportion"": 0.0, ""confidence"": [0.0, 0.7934506856227626], ""p_value"": 1.0, ""contingency"": [[0, 1], [434, 28842]]}",{}
1079,NC00962.3,EMB-0.25-0.95,0.0,GARC1,RUS,EMB,embB@Q516E,U,{},"{""proportion"": 0.0, ""confidence"": [0.0, 0.7934506856227626], ""p_value"": 1.0, ""contingency"": [[0, 1], [434, 28842]]}",{}
1080,NC00962.3,EMB-0.25-0.95,0.0,GARC1,RUS,EMB,embA@A415V,U,{},"{""proportion"": 0.0, ""confidence"": [0.0, 0.7934506856227626], ""p_value"": 1.0, ""contingency"": [[0, 1], [434, 28842]]}",{}
1081,NC00962.3,EMB-0.25-0.95,0.0,GARC1,RUS,EMB,embA@I338L,U,{},"{""proportion"": 0.0, ""confidence"": [0.0, 0.32440756488388023], ""p_value"": 0.21392822265625003, ""contingency"": [[0, 8], [434, 28842]]}",{}
1082,NC00962.3,EMB-0.25-0.95,0.0,GARC1,RUS,EMB,embB@S565G,U,{},"{""proportion"": 0.0, ""confidence"": [4.8683609171202235e-17, 0.5614970317550455], ""p_value"": 1.0, ""contingency"": [[0, 3], [434, 28842]]}",{}
1083,NC00962.3,EMB-0.25-0.95,0.0,GARC1,RUS,EMB,embA@V317L,U,{},"{""proportion"": 0.0, ""confidence"": [0.0, 0.43448246478317476], ""p_value"": 0.34082031250000006, ""contingency"": [[0, 5], [434, 28842]]}",{}
1084,NC00962.3,EMB-0.25-0.95,0.0,GARC1,RUS,EMB,embB@S325R,U,{},"{""proportion"": 0.0, ""confidence"": [0.0, 0.7934506856227626], ""p_value"": 1.0, ""contingency"": [[0, 1], [434, 28842]]}",{}
1085,NC00962.3,EMB-0.25-0.95,0.0,GARC1,RUS,EMB,embA@A581T,U,{},"{""proportion"": 0.0, ""confidence"": [0.0, 0.6576197724933469], ""p_value"": 1.0, ""contingency"": [[0, 2], [434, 28842]]}",{}
1086,NC00962.3,EMB-0.25-0.95,0.0,GARC1,RUS,EMB,embA@A642G,U,{},"{""proportion"": 0.0, ""confidence"": [0.0, 0.7934506856227626], ""p_value"": 1.0, ""contingency"": [[0, 1], [434, 28842]]}",{}
1087,NC00962.3,EMB-0.25-0.95,0.0,GARC1,RUS,EMB,embB@I284L,U,{},"{""proportion"": 0.0, ""confidence"": [0.0, 0.7934506856227626], ""p_value"": 1.0, ""contingency"": [[0, 1], [434, 28842]]}",{}
1088,NC00962.3,EMB-0.25-0.95,0.0,GARC1,RUS,EMB,embA@P645R,U,{},"{""proportion"": 0.0, ""confidence"": [0.0, 0.6576197724933469], ""p_value"": 1.0, ""contingency"": [[0, 2], [434, 28842]]}",{}
1089,NC00962.3,EMB-0.25-0.95,0.0,GARC1,RUS,EMB,embB@G535S,U,{},"{""proportion"": 0.0, ""confidence"": [0.0, 0.7934506856227626], ""p_value"": 1.0, ""contingency"": [[0, 1], [434, 28842]]}",{}
1090,NC00962.3,EMB-0.25-0.95,0.0,GARC1,RUS,EMB,embB@V717G,U,{},"{""proportion"": 0.0, ""confidence"": [0.0, 0.7934506856227626], ""p_value"": 1.0, ""contingency"": [[0, 1], [434, 28842]]}",{}
1091,NC00962.3,EMB-0.25-0.95,0.0,GARC1,RUS,EMB,embB@N931T,U,{},"{""proportion"": 0.0, ""confidence"": [3.384324554477539e-17, 0.39033428790216534], ""p_value"": 0.347412109375, ""contingency"": [[0, 6], [434, 28842]]}",{}
1092,NC00962.3,EMB-0.25-0.95,0.0,GARC1,RUS,EMB,embA@M705T,U,{},"{""proportion"": 0.0, ""confidence"": [0.0, 0.7934506856227626], ""p_value"": 1.0, ""contingency"": [[0, 1], [434, 28842]]}",{}
1093,NC00962.3,EMB-0.25-0.95,0.0,GARC1,RUS,EMB,embB@T964P,U,{},"{""proportion"": 0.0, ""confidence"": [0.0, 0.7934506856227626], ""p_value"": 1.0, ""contingency"": [[0, 1], [434, 28842]]}",{}
1094,NC00962.3,EMB-0.25-0.95,0.0,GARC1,RUS,EMB,embA@S137N,U,{},"{""proportion"": 0.0, ""confidence"": [0.0, 0.7934506856227626], ""p_value"": 1.0, ""contingency"": [[0, 1], [434, 28842]]}",{}
1095,NC00962.3,EMB-0.25-0.95,0.0,GARC1,RUS,EMB,embA@T40P,U,{},"{""proportion"": 0.0, ""confidence"": [4.8683609171202235e-17, 0.5614970317550455], ""p_value"": 1.0, ""contingency"": [[0, 3], [434, 28842]]}",{}
1096,NC00962.3,EMB-0.25-0.95,0.0,GARC1,RUS,EMB,embB@K561Q,U,{},"{""proportion"": 0.0, ""confidence"": [0.0, 0.7934506856227626], ""p_value"": 1.0, ""contingency"": [[0, 1], [434, 28842]]}",{}
1097,NC00962.3,EMB-0.25-0.95,0.0,GARC1,RUS,EMB,embA@c-50t,U,{},"{""proportion"": 0.0, ""confidence"": [0.0, 0.7934506856227626], ""p_value"": 1.0, ""contingency"": [[0, 1], [434, 28842]]}",{}
1098,NC00962.3,EMB-0.25-0.95,0.0,GARC1,RUS,EMB,embA@V583M,U,{},"{""proportion"": 0.0, ""confidence"": [0.0, 0.7934506856227626], ""p_value"": 1.0, ""contingency"": [[0, 1], [434, 28842]]}",{}
1099,NC00962.3,EMB-0.25-0.95,0.0,GARC1,RUS,EMB,embB@V614I,U,{},"{""proportion"": 0.0, ""confidence"": [0.0, 0.7934506856227626], ""p_value"": 1.0, ""contingency"": [[0, 1], [434, 28842]]}",{}
1100,NC00962.3,EMB-0.25-0.95,0.0,GARC1,RUS,EMB,embA@S514P,U,{},"{""proportion"": 0.0, ""confidence"": [0.0, 0.7934506856227626], ""p_value"": 1.0, ""contingency"": [[0, 1], [434, 28842]]}",{}
1101,NC00962.3,EMB-0.25-0.95,0.0,GARC1,RUS,EMB,embA@M153V,U,{},"{""proportion"": 0.0, ""confidence"": [0.0, 0.7934506856227626], ""p_value"": 1.0, ""contingency"": [[0, 1], [434, 28842]]}",{}
1102,NC00962.3,EMB-0.25-0.95,0.0,GARC1,RUS,EMB,embB@A517T,U,{},"{""proportion"": 0.0, ""confidence"": [0.0, 0.7934506856227626], ""p_value"": 1.0, ""contingency"": [[0, 1], [434, 28842]]}",{}
1103,NC00962.3,EMB-0.25-0.95,0.0,GARC1,RUS,EMB,embB@R700H,U,{},"{""proportion"": 0.0, ""confidence"": [0.0, 0.7934506856227626], ""p_value"": 1.0, ""contingency"": [[0, 1], [434, 28842]]}",{}
1104,NC00962.3,EMB-0.25-0.95,0.0,GARC1,RUS,EMB,embA@L603F,U,{},"{""proportion"": 0.0, ""confidence"": [0.0, 0.7934506856227626], ""p_value"": 1.0, ""contingency"": [[0, 1], [434, 28842]]}",{}
1105,NC00962.3,EMB-0.25-0.95,0.0,GARC1,RUS,EMB,embA@P163L,U,{},"{""proportion"": 0.0, ""confidence"": [0.0, 0.6576197724933469], ""p_value"": 1.0, ""contingency"": [[0, 2], [434, 28842]]}",{}
1106,NC00962.3,EMB-0.25-0.95,0.0,GARC1,RUS,EMB,embA@P861S,U,{},"{""proportion"": 0.0, ""confidence"": [0.0, 0.7934506856227626], ""p_value"": 1.0, ""contingency"": [[0, 1], [434, 28842]]}",{}
1107,NC00962.3,EMB-0.25-0.95,0.0,GARC1,RUS,EMB,embB@F763L,U,{},"{""proportion"": 0.0, ""confidence"": [0.0, 0.7934506856227626], ""p_value"": 1.0, ""contingency"": [[0, 1], [434, 28842]]}",{}
1108,NC00962.3,EMB-0.25-0.95,0.0,GARC1,RUS,EMB,embA@P156L,U,{},"{""proportion"": 0.0, ""confidence"": [0.0, 0.7934506856227626], ""p_value"": 1.0, ""contingency"": [[0, 1], [434, 28842]]}",{}
1109,NC00962.3,EMB-0.25-0.95,0.0,GARC1,RUS,EMB,embB@V668A,U,{},"{""proportion"": 0.0, ""confidence"": [4.8683609171202235e-17, 0.5614970317550455], ""p_value"": 1.0, ""contingency"": [[0, 3], [434, 28842]]}",{}
1110,NC00962.3,EMB-0.25-0.95,0.0,GARC1,RUS,EMB,embA@F529L,U,{},"{""proportion"": 0.0, ""confidence"": [4.8683609171202235e-17, 0.5614970317550455], ""p_value"": 1.0, ""contingency"": [[0, 3], [434, 28842]]}",{}
1111,NC00962.3,EMB-0.25-0.95,0.0,GARC1,RUS,EMB,embB@A295T,U,{},"{""proportion"": 0.0, ""confidence"": [0.0, 0.7934506856227626], ""p_value"": 1.0, ""contingency"": [[0, 1], [434, 28842]]}",{}
1112,NC00962.3,EMB-0.25-0.95,0.0,GARC1,RUS,EMB,embB@S973L,U,{},"{""proportion"": 0.0, ""confidence"": [0.0, 0.7934506856227626], ""p_value"": 1.0, ""contingency"": [[0, 1], [434, 28842]]}",{}
1113,NC00962.3,EMB-0.25-0.95,0.0,GARC1,RUS,EMB,embA@A849P,U,{},"{""proportion"": 0.0, ""confidence"": [0.0, 0.7934506856227626], ""p_value"": 1.0, ""contingency"": [[0, 1], [434, 28842]]}",{}
1114,NC00962.3,EMB-0.25-0.95,0.0,GARC1,RUS,EMB,embA@W45G,U,{},"{""proportion"": 0.0, ""confidence"": [0.0, 0.7934506856227626], ""p_value"": 1.0, ""contingency"": [[0, 1], [434, 28842]]}",{}
1115,NC00962.3,EMB-0.25-0.95,0.0,GARC1,RUS,EMB,embB@P866A,U,{},"{""proportion"": 0.0, ""confidence"": [0.0, 0.7934506856227626], ""p_value"": 1.0, ""contingency"": [[0, 1], [434, 28842]]}",{}
1116,NC00962.3,EMB-0.25-0.95,0.0,GARC1,RUS,EMB,embA@P754A,U,{},"{""proportion"": 0.0, ""confidence"": [0.0, 0.7934506856227626], ""p_value"": 1.0, ""contingency"": [[0, 1], [434, 28842]]}",{}
1117,NC00962.3,EMB-0.25-0.95,0.0,GARC1,RUS,EMB,embB@R89H,U,{},"{""proportion"": 0.0, ""confidence"": [0.0, 0.7934506856227626], ""p_value"": 1.0, ""contingency"": [[0, 1], [434, 28842]]}",{}
1118,NC00962.3,EMB-0.25-0.95,0.0,GARC1,RUS,EMB,embB@T732I,U,{},"{""proportion"": 0.0, ""confidence"": [0.0, 0.7934506856227626], ""p_value"": 1.0, ""contingency"": [[0, 1], [434, 28842]]}",{}
1119,NC00962.3,EMB-0.25-0.95,0.0,GARC1,RUS,EMB,embA@L212V,U,{},"{""proportion"": 0.0, ""confidence"": [0.0, 0.7934506856227626], ""p_value"": 1.0, ""contingency"": [[0, 1], [434, 28842]]}",{}
1120,NC00962.3,EMB-0.25-0.95,0.0,GARC1,RUS,EMB,embA@R447G,U,{},"{""proportion"": 0.0, ""confidence"": [0.0, 0.7934506856227626], ""p_value"": 1.0, ""contingency"": [[0, 1], [434, 28842]]}",{}
1121,NC00962.3,EMB-0.25-0.95,0.0,GARC1,RUS,EMB,embB@G34V,U,{},"{""proportion"": 0.0, ""confidence"": [0.0, 0.7934506856227626], ""p_value"": 1.0, ""contingency"": [[0, 1], [434, 28842]]}",{}
1122,NC00962.3,EMB-0.25-0.95,0.0,GARC1,RUS,EMB,embB@G199E,U,{},"{""proportion"": 0.0, ""confidence"": [0.0, 0.7934506856227626], ""p_value"": 1.0, ""contingency"": [[0, 1], [434, 28842]]}",{}
1123,NC00962.3,EMB-0.25-0.95,0.0,GARC1,RUS,EMB,embB@V502L,U,{},"{""proportion"": 0.0, ""confidence"": [0.0, 0.7934506856227626], ""p_value"": 1.0, ""contingency"": [[0, 1], [434, 28842]]}",{}
1124,NC00962.3,EMB-0.25-0.95,0.0,GARC1,RUS,EMB,embB@G923E,U,{},"{""proportion"": 0.0, ""confidence"": [0.0, 0.7934506856227626], ""p_value"": 1.0, ""contingency"": [[0, 1], [434, 28842]]}",{}
1125,NC00962.3,EMB-0.25-0.95,0.0,GARC1,RUS,EMB,embB@A232E,U,{},"{""proportion"": 0.0, ""confidence"": [0.0, 0.6576197724933469], ""p_value"": 1.0, ""contingency"": [[0, 2], [434, 28842]]}",{}
1126,NC00962.3,EMB-0.25-0.95,0.0,GARC1,RUS,EMB,embB@G1092A,U,{},"{""proportion"": 0.0, ""confidence"": [0.0, 0.7934506856227626], ""p_value"": 1.0, ""contingency"": [[0, 1], [434, 28842]]}",{}
1127,NC00962.3,EMB-0.25-0.95,0.0,GARC1,RUS,EMB,embA@-23_del_cg,U,{},"{""proportion"": 0.0, ""confidence"": [0.0, 0.7934506856227626], ""p_value"": 1.0, ""contingency"": [[0, 1], [434, 28842]]}",{}
1128,NC00962.3,EMB-0.25-0.95,0.0,GARC1,RUS,EMB,embB@A102V,U,{},"{""proportion"": 0.0, ""confidence"": [0.0, 0.7934506856227626], ""p_value"": 1.0, ""contingency"": [[0, 1], [434, 28842]]}",{}
1129,NC00962.3,EMB-0.25-0.95,0.0,GARC1,RUS,EMB,embA@c-29t,U,{},"{""proportion"": 0.0, ""confidence"": [0.0, 0.6576197724933469], ""p_value"": 1.0, ""contingency"": [[0, 2], [434, 28842]]}",{}
1130,NC00962.3,EMB-0.25-0.95,0.0,GARC1,RUS,EMB,embB@G846S,U,{},"{""proportion"": 0.0, ""confidence"": [0.0, 0.7934506856227626], ""p_value"": 1.0, ""contingency"": [[0, 1], [434, 28842]]}",{}
1131,NC00962.3,EMB-0.25-0.95,0.0,GARC1,RUS,EMB,embB@S66N,U,{},"{""proportion"": 0.0, ""confidence"": [0.0, 0.7934506856227626], ""p_value"": 1.0, ""contingency"": [[0, 1], [434, 28842]]}",{}
1132,NC00962.3,EMB-0.25-0.95,0.0,GARC1,RUS,EMB,embB@L638S,U,{},"{""proportion"": 0.0, ""confidence"": [0.0, 0.7934506856227626], ""p_value"": 1.0, ""contingency"": [[0, 1], [434, 28842]]}",{}
1133,NC00962.3,EMB-0.25-0.95,0.0,GARC1,RUS,EMB,embB@G891E,U,{},"{""proportion"": 0.0, ""confidence"": [0.0, 0.7934506856227626], ""p_value"": 1.0, ""contingency"": [[0, 1], [434, 28842]]}",{}
1134,NC00962.3,EMB-0.25-0.95,0.0,GARC1,RUS,EMB,embA@G200S,U,{},"{""proportion"": 0.0, ""confidence"": [0.0, 0.7934506856227626], ""p_value"": 1.0, ""contingency"": [[0, 1], [434, 28842]]}",{}
1135,NC00962.3,EMB-0.25-0.95,0.0,GARC1,RUS,EMB,embB@A567T,U,{},"{""proportion"": 0.0, ""confidence"": [0.0, 0.7934506856227626], ""p_value"": 1.0, ""contingency"": [[0, 1], [434, 28842]]}",{}
1136,NC00962.3,EMB-0.25-0.95,0.0,GARC1,RUS,EMB,embB@E924K,U,{},"{""proportion"": 1.0, ""confidence"": [0.20654931437723742, 1.0], ""p_value"": 0.25, ""contingency"": [[1, 0], [434, 28842]]}",{}
1137,NC00962.3,EMB-0.25-0.95,0.0,GARC1,RUS,EMB,embB@V842I,U,{},"{""proportion"": 0.0, ""confidence"": [0.0, 0.7934506856227626], ""p_value"": 1.0, ""contingency"": [[0, 1], [434, 28842]]}",{}
1138,NC00962.3,EMB-0.25-0.95,0.0,GARC1,RUS,EMB,embA@V246G,U,{},"{""proportion"": 0.0, ""confidence"": [0.0, 0.6576197724933469], ""p_value"": 1.0, ""contingency"": [[0, 2], [434, 28842]]}",{}
1139,NC00962.3,EMB-0.25-0.95,0.0,GARC1,RUS,EMB,embA@D669Y,U,{},"{""proportion"": 0.0, ""confidence"": [0.0, 0.7934506856227626], ""p_value"": 1.0, ""contingency"": [[0, 1], [434, 28842]]}",{}
1140,NC00962.3,EMB-0.25-0.95,0.0,GARC1,RUS,EMB,embA@R241H,U,{},"{""proportion"": 0.0, ""confidence"": [0.0, 0.7934506856227626], ""p_value"": 1.0, ""contingency"": [[0, 1], [434, 28842]]}",{}
1141,NC00962.3,EMB-0.25-0.95,0.0,GARC1,RUS,EMB,embB@A431P,U,{},"{""proportion"": 0.0, ""confidence"": [0.0, 0.7934506856227626], ""p_value"": 1.0, ""contingency"": [[0, 1], [434, 28842]]}",{}
1142,NC00962.3,EMB-0.25-0.95,0.0,GARC1,RUS,EMB,embA@-43_del_g,U,{},"{""proportion"": 0.0, ""confidence"": [0.0, 0.6576197724933469], ""p_value"": 1.0, ""contingency"": [[0, 2], [434, 28842]]}",{}
1143,NC00962.3,EMB-0.25-0.95,0.0,GARC1,RUS,EMB,embB@L754R,U,{},"{""proportion"": 0.0, ""confidence"": [0.0, 0.6576197724933469], ""p_value"": 1.0, ""contingency"": [[0, 2], [434, 28842]]}",{}
1144,NC00962.3,EMB-0.25-0.95,0.0,GARC1,RUS,EMB,embA@K789Q,U,{},"{""proportion"": 0.0, ""confidence"": [0.0, 0.7934506856227626], ""p_value"": 1.0, ""contingency"": [[0, 1], [434, 28842]]}",{}
1145,NC00962.3,EMB-0.25-0.95,0.0,GARC1,RUS,EMB,embA@A409E,U,{},"{""proportion"": 0.0, ""confidence"": [0.0, 0.7934506856227626], ""p_value"": 1.0, ""contingency"": [[0, 1], [434, 28842]]}",{}
1146,NC00962.3,EMB-0.25-0.95,0.0,GARC1,RUS,EMB,embA@T652K,U,{},"{""proportion"": 0.0, ""confidence"": [0.0, 0.6576197724933469], ""p_value"": 1.0, ""contingency"": [[0, 2], [434, 28842]]}",{}
1147,NC00962.3,EMB-0.25-0.95,0.0,GARC1,RUS,EMB,embA@D865E,U,{},"{""proportion"": 0.0, ""confidence"": [0.0, 0.7934506856227626], ""p_value"": 1.0, ""contingency"": [[0, 1], [434, 28842]]}",{}
1148,NC00962.3,EMB-0.25-0.95,0.0,GARC1,RUS,EMB,embA@G759E,U,{},"{""proportion"": 0.0, ""confidence"": [0.0, 0.7934506856227626], ""p_value"": 1.0, ""contingency"": [[0, 1], [434, 28842]]}",{}
1149,NC00962.3,EMB-0.25-0.95,0.0,GARC1,RUS,EMB,embA@G247R,U,{},"{""proportion"": 0.0, ""confidence"": [0.0, 0.7934506856227626], ""p_value"": 1.0, ""contingency"": [[0, 1], [434, 28842]]}",{}
1150,NC00962.3,EMB-0.25-0.95,0.0,GARC1,RUS,EMB,embB@L974M,U,{},"{""proportion"": 0.0, ""confidence"": [0.0, 0.7934506856227626], ""p_value"": 1.0, ""contingency"": [[0, 1], [434, 28842]]}",{}
1151,NC00962.3,EMB-0.25-0.95,0.0,GARC1,RUS,EMB,embB@V309F,U,{},"{""proportion"": 0.0, ""confidence"": [0.0, 0.7934506856227626], ""p_value"": 1.0, ""contingency"": [[0, 1], [434, 28842]]}",{}
1152,NC00962.3,EMB-0.25-0.95,0.0,GARC1,RUS,EMB,embA@I655M,U,{},"{""proportion"": 0.0, ""confidence"": [0.0, 0.7934506856227626], ""p_value"": 1.0, ""contingency"": [[0, 1], [434, 28842]]}",{}
1153,NC00962.3,EMB-0.25-0.95,0.0,GARC1,RUS,EMB,embA@-35_del_a,U,{},"{""proportion"": 0.5, ""confidence"": [0.09453120573423071, 0.9054687942657693], ""p_value"": 0.4375, ""contingency"": [[1, 1], [434, 28842]]}",{}
1154,NC00962.3,EMB-0.25-0.95,0.0,GARC1,RUS,EMB,embB@I450S,U,{},"{""proportion"": 0.0, ""confidence"": [0.0, 0.7934506856227626], ""p_value"": 1.0, ""contingency"": [[0, 1], [434, 28842]]}",{}
1155,NC00962.3,EMB-0.25-0.95,0.0,GARC1,RUS,EMB,embA@G543R,U,{},"{""proportion"": 0.0, ""confidence"": [0.0, 0.7934506856227626], ""p_value"": 1.0, ""contingency"": [[0, 1], [434, 28842]]}",{}
1156,NC00962.3,EMB-0.25-0.95,0.0,GARC1,RUS,EMB,embB@G175S,U,{},"{""proportion"": 0.0, ""confidence"": [0.0, 0.7934506856227626], ""p_value"": 1.0, ""contingency"": [[0, 1], [434, 28842]]}",{}
1157,NC00962.3,EMB-0.25-0.95,0.0,GARC1,RUS,EMB,embB@G486A,U,{},"{""proportion"": 0.0, ""confidence"": [0.0, 0.7934506856227626], ""p_value"": 1.0, ""contingency"": [[0, 1], [434, 28842]]}",{}
1158,NC00962.3,EMB-0.25-0.95,0.0,GARC1,RUS,EMB,embB@G851R,U,{},"{""proportion"": 0.0, ""confidence"": [0.0, 0.7934506856227626], ""p_value"": 1.0, ""contingency"": [[0, 1], [434, 28842]]}",{}
1159,NC00962.3,EMB-0.25-0.95,0.0,GARC1,RUS,EMB,embB@W1089R,U,{},"{""proportion"": 0.0, ""confidence"": [0.0, 0.7934506856227626], ""p_value"": 1.0, ""contingency"": [[0, 1], [434, 28842]]}",{}
1160,NC00962.3,EMB-0.25-0.95,0.0,GARC1,RUS,EMB,embB@F115S,U,{},"{""proportion"": 0.0, ""confidence"": [0.0, 0.7934506856227626], ""p_value"": 1.0, ""contingency"": [[0, 1], [434, 28842]]}",{}
1161,NC00962.3,EMB-0.25-0.95,0.0,GARC1,RUS,EMB,embA@R1091G,U,{},"{""proportion"": 0.0, ""confidence"": [0.0, 0.7934506856227626], ""p_value"": 1.0, ""contingency"": [[0, 1], [434, 28842]]}",{}
1162,NC00962.3,EMB-0.25-0.95,0.0,GARC1,RUS,EMB,embA@V343M,U,{},"{""proportion"": 0.0, ""confidence"": [0.0, 0.7934506856227626], ""p_value"": 1.0, ""contingency"": [[0, 1], [434, 28842]]}",{}
1163,NC00962.3,EMB-0.25-0.95,0.0,GARC1,RUS,EMB,embA@-36_del_ca,U,{},"{""proportion"": 0.0, ""confidence"": [0.0, 0.7934506856227626], ""p_value"": 1.0, ""contingency"": [[0, 1], [434, 28842]]}",{}
1164,NC00962.3,EMB-0.25-0.95,0.0,GARC1,RUS,EMB,embA@W372G,U,{},"{""proportion"": 0.0, ""confidence"": [0.0, 0.7934506856227626], ""p_value"": 1.0, ""contingency"": [[0, 1], [434, 28842]]}",{}
1165,NC00962.3,EMB-0.25-0.95,0.0,GARC1,RUS,EMB,embA@V963M,U,{},"{""proportion"": 0.0, ""confidence"": [0.0, 0.7934506856227626], ""p_value"": 1.0, ""contingency"": [[0, 1], [434, 28842]]}",{}
1166,NC00962.3,EMB-0.25-0.95,0.0,GARC1,RUS,EMB,embA@D808A,U,{},"{""proportion"": 0.0, ""confidence"": [0.0, 0.6576197724933469], ""p_value"": 1.0, ""contingency"": [[0, 2], [434, 28842]]}",{}
1167,NC00962.3,EMB-0.25-0.95,0.0,GARC1,RUS,EMB,embA@L277V,U,{},"{""proportion"": 0.0, ""confidence"": [0.0, 0.7934506856227626], ""p_value"": 1.0, ""contingency"": [[0, 1], [434, 28842]]}",{}
1168,NC00962.3,EMB-0.25-0.95,0.0,GARC1,RUS,EMB,embA@L892V,U,{},"{""proportion"": 0.0, ""confidence"": [0.0, 0.7934506856227626], ""p_value"": 1.0, ""contingency"": [[0, 1], [434, 28842]]}",{}
1169,NC00962.3,EMB-0.25-0.95,0.0,GARC1,RUS,EMB,embB@L17S,U,{},"{""proportion"": 0.0, ""confidence"": [0.0, 0.7934506856227626], ""p_value"": 1.0, ""contingency"": [[0, 1], [434, 28842]]}",{}
1170,NC00962.3,EMB-0.25-0.95,0.0,GARC1,RUS,EMB,embA@G530A,U,{},"{""proportion"": 0.0, ""confidence"": [0.0, 0.7934506856227626], ""p_value"": 1.0, ""contingency"": [[0, 1], [434, 28842]]}",{}
1171,NC00962.3,EMB-0.25-0.95,0.0,GARC1,RUS,EMB,embA@V468A,U,{},"{""proportion"": 0.0, ""confidence"": [0.0, 0.7934506856227626], ""p_value"": 1.0, ""contingency"": [[0, 1], [434, 28842]]}",{}
1172,NC00962.3,EMB-0.25-0.95,0.0,GARC1,RUS,EMB,embA@G275V,U,{},"{""proportion"": 0.0, ""confidence"": [0.0, 0.7934506856227626], ""p_value"": 1.0, ""contingency"": [[0, 1], [434, 28842]]}",{}
1173,NC00962.3,EMB-0.25-0.95,0.0,GARC1,RUS,EMB,embA@M218I,U,{},"{""proportion"": 0.0, ""confidence"": [0.0, 0.7934506856227626], ""p_value"": 1.0, ""contingency"": [[0, 1], [434, 28842]]}",{}
1174,NC00962.3,EMB-0.25-0.95,0.0,GARC1,RUS,EMB,embA@P2L,U,{},"{""proportion"": 0.0, ""confidence"": [0.0, 0.32440756488388023], ""p_value"": 0.21392822265625003, ""contingency"": [[0, 8], [434, 28842]]}",{}
1175,NC00962.3,EMB-0.25-0.95,0.0,GARC1,RUS,EMB,embB@S1086N,U,{},"{""proportion"": 0.0, ""confidence"": [0.0, 0.7934506856227626], ""p_value"": 1.0, ""contingency"": [[0, 1], [434, 28842]]}",{}
1176,NC00962.3,EMB-0.25-0.95,0.0,GARC1,RUS,EMB,embB@G694S,U,{},"{""proportion"": 0.0, ""confidence"": [0.0, 0.6576197724933469], ""p_value"": 1.0, ""contingency"": [[0, 2], [434, 28842]]}",{}
1177,NC00962.3,EMB-0.25-0.95,0.0,GARC1,RUS,EMB,embA@L868R,U,{},"{""proportion"": 0.0, ""confidence"": [0.0, 0.7934506856227626], ""p_value"": 1.0, ""contingency"": [[0, 1], [434, 28842]]}",{}
1178,NC00962.3,EMB-0.25-0.95,0.0,GARC1,RUS,EMB,embB@A94T,U,{},"{""proportion"": 0.0, ""confidence"": [0.0, 0.6576197724933469], ""p_value"": 1.0, ""contingency"": [[0, 2], [434, 28842]]}",{}
1179,NC00962.3,EMB-0.25-0.95,0.0,GARC1,RUS,EMB,embA@G755V,U,{},"{""proportion"": 0.0, ""confidence"": [0.0, 0.7934506856227626], ""p_value"": 1.0, ""contingency"": [[0, 1], [434, 28842]]}",{}
1180,NC00962.3,EMB-0.25-0.95,0.0,GARC1,RUS,EMB,embA@D52N,U,{},"{""proportion"": 0.0, ""confidence"": [0.0, 0.7934506856227626], ""p_value"": 1.0, ""contingency"": [[0, 1], [434, 28842]]}",{}
1181,NC00962.3,EMB-0.25-0.95,0.0,GARC1,RUS,EMB,embA@-5_del_g,U,{},"{""proportion"": 0.0, ""confidence"": [0.0, 0.7934506856227626], ""p_value"": 1.0, ""contingency"": [[0, 1], [434, 28842]]}",{}
1182,NC00962.3,EMB-0.25-0.95,0.0,GARC1,RUS,EMB,embA@G530E,U,{},"{""proportion"": 0.0, ""confidence"": [0.0, 0.7934506856227626], ""p_value"": 1.0, ""contingency"": [[0, 1], [434, 28842]]}",{}
1183,NC00962.3,EMB-0.25-0.95,0.0,GARC1,RUS,EMB,embA@L417R,U,{},"{""proportion"": 0.0, ""confidence"": [0.0, 0.7934506856227626], ""p_value"": 1.0, ""contingency"": [[0, 1], [434, 28842]]}",{}
1184,NC00962.3,EMB-0.25-0.95,0.0,GARC1,RUS,EMB,embB@S6R,U,{},"{""proportion"": 0.0, ""confidence"": [0.0, 0.4898908364545973], ""p_value"": 0.578125, ""contingency"": [[0, 4], [434, 28842]]}",{}
1185,NC00962.3,EMB-0.25-0.95,0.0,GARC1,RUS,EMB,embB@A601V,U,{},"{""proportion"": 0.0, ""confidence"": [0.0, 0.7934506856227626], ""p_value"": 1.0, ""contingency"": [[0, 1], [434, 28842]]}",{}
1186,NC00962.3,EMB-0.25-0.95,0.0,GARC1,RUS,EMB,embB@R1055H,U,{},"{""proportion"": 0.0, ""confidence"": [0.0, 0.7934506856227626], ""p_value"": 1.0, ""contingency"": [[0, 1], [434, 28842]]}",{}
1187,NC00962.3,EMB-0.25-0.95,0.0,GARC1,RUS,EMB,embB@T205A,U,{},"{""proportion"": 0.0, ""confidence"": [3.384324554477539e-17, 0.39033428790216534], ""p_value"": 0.347412109375, ""contingency"": [[0, 6], [434, 28842]]}",{}
1188,NC00962.3,EMB-0.25-0.95,0.0,GARC1,RUS,EMB,embA@V19I,U,{},"{""proportion"": 0.0, ""confidence"": [0.0, 0.6576197724933469], ""p_value"": 1.0, ""contingency"": [[0, 2], [434, 28842]]}",{}
1189,NC00962.3,EMB-0.25-0.95,0.0,GARC1,RUS,EMB,embA@H598R,U,{},"{""proportion"": 0.0, ""confidence"": [4.8683609171202235e-17, 0.5614970317550455], ""p_value"": 1.0, ""contingency"": [[0, 3], [434, 28842]]}",{}
1190,NC00962.3,EMB-0.25-0.95,0.0,GARC1,RUS,EMB,embA@L656F,U,{},"{""proportion"": 0.0, ""confidence"": [0.0, 0.7934506856227626], ""p_value"": 1.0, ""contingency"": [[0, 1], [434, 28842]]}",{}
1191,NC00962.3,EMB-0.25-0.95,0.0,GARC1,RUS,EMB,embA@-42_del_cat,U,{},"{""proportion"": 1.0, ""confidence"": [0.20654931437723742, 1.0], ""p_value"": 0.25, ""contingency"": [[1, 0], [434, 28842]]}",{}
1192,NC00962.3,EMB-0.25-0.95,0.0,GARC1,RUS,EMB,embB@A228V,U,{},"{""proportion"": 0.0, ""confidence"": [0.0, 0.7934506856227626], ""p_value"": 1.0, ""contingency"": [[0, 1], [434, 28842]]}",{}
1193,NC00962.3,EMB-0.25-0.95,0.0,GARC1,RUS,EMB,embA@F1030L,U,{},"{""proportion"": 0.0, ""confidence"": [0.0, 0.7934506856227626], ""p_value"": 1.0, ""contingency"": [[0, 1], [434, 28842]]}",{}
1194,NC00962.3,EMB-0.25-0.95,0.0,GARC1,RUS,EMB,embB@V436A,U,{},"{""proportion"": 0.0, ""confidence"": [0.0, 0.7934506856227626], ""p_value"": 1.0, ""contingency"": [[0, 1], [434, 28842]]}",{}
1195,NC00962.3,EMB-0.25-0.95,0.0,GARC1,RUS,EMB,embA@V283G,U,{},"{""proportion"": 0.0, ""confidence"": [0.0, 0.6576197724933469], ""p_value"": 1.0, ""contingency"": [[0, 2], [434, 28842]]}",{}
1196,NC00962.3,EMB-0.25-0.95,0.0,GARC1,RUS,EMB,embB@L837R,U,{},"{""proportion"": 0.0, ""confidence"": [0.0, 0.7934506856227626], ""p_value"": 1.0, ""contingency"": [[0, 1], [434, 28842]]}",{}
1197,NC00962.3,EMB-0.25-0.95,0.0,GARC1,RUS,EMB,embA@V541G,U,{},"{""proportion"": 0.0, ""confidence"": [0.0, 0.7934506856227626], ""p_value"": 1.0, ""contingency"": [[0, 1], [434, 28842]]}",{}
1198,NC00962.3,EMB-0.25-0.95,0.0,GARC1,RUS,EMB,embA@-33_del_cg,U,{},"{""proportion"": 0.0, ""confidence"": [0.0, 0.6576197724933469], ""p_value"": 1.0, ""contingency"": [[0, 2], [434, 28842]]}",{}
1199,NC00962.3,EMB-0.25-0.95,0.0,GARC1,RUS,EMB,embA@D112H,U,{},"{""proportion"": 0.0, ""confidence"": [4.8683609171202235e-17, 0.5614970317550455], ""p_value"": 1.0, ""contingency"": [[0, 3], [434, 28842]]}",{}
1200,NC00962.3,EMB-0.25-0.95,0.0,GARC1,RUS,EMB,embA@S842N,U,{},"{""proportion"": 0.0, ""confidence"": [0.0, 0.7934506856227626], ""p_value"": 1.0, ""contingency"": [[0, 1], [434, 28842]]}",{}
1201,NC00962.3,EMB-0.25-0.95,0.0,GARC1,RUS,EMB,embB@S658R,U,{},"{""proportion"": 0.0, ""confidence"": [0.0, 0.7934506856227626], ""p_value"": 1.0, ""contingency"": [[0, 1], [434, 28842]]}",{}
1202,NC00962.3,EMB-0.25-0.95,0.0,GARC1,RUS,EMB,embB@S422P,U,{},"{""proportion"": 0.0, ""confidence"": [0.0, 0.7934506856227626], ""p_value"": 1.0, ""contingency"": [[0, 1], [434, 28842]]}",{}
1203,NC00962.3,EMB-0.25-0.95,0.0,GARC1,RUS,EMB,embA@L314P,U,{},"{""proportion"": 0.0, ""confidence"": [0.0, 0.7934506856227626], ""p_value"": 1.0, ""contingency"": [[0, 1], [434, 28842]]}",{}
1204,NC00962.3,EMB-0.25-0.95,0.0,GARC1,RUS,EMB,embB@L971M,U,{},"{""proportion"": 0.0, ""confidence"": [0.0, 0.7934506856227626], ""p_value"": 1.0, ""contingency"": [[0, 1], [434, 28842]]}",{}
1205,NC00962.3,EMB-0.25-0.95,0.0,GARC1,RUS,EMB,embB@A716P,U,{},"{""proportion"": 0.0, ""confidence"": [0.0, 0.7934506856227626], ""p_value"": 1.0, ""contingency"": [[0, 1], [434, 28842]]}",{}
1206,NC00962.3,EMB-0.25-0.95,0.0,GARC1,RUS,EMB,embB@M1049I,U,{},"{""proportion"": 0.0, ""confidence"": [0.0, 0.7934506856227626], ""p_value"": 1.0, ""contingency"": [[0, 1], [434, 28842]]}",{}
1207,NC00962.3,EMB-0.25-0.95,0.0,GARC1,RUS,EMB,embB@2617_ins_cgctgg,U,{},"{""proportion"": 0.0, ""confidence"": [0.0, 0.7934506856227626], ""p_value"": 1.0, ""contingency"": [[0, 1], [434, 28842]]}",{}
1208,NC00962.3,EMB-0.25-0.95,0.0,GARC1,RUS,EMB,embB@1060_ins_acc,U,{},"{""proportion"": 0.0, ""confidence"": [0.0, 0.7934506856227626], ""p_value"": 1.0, ""contingency"": [[0, 1], [434, 28842]]}",{}
1209,NC00962.3,EMB-0.25-0.95,0.0,GARC1,RUS,EMB,embB@D280Y,U,{},"{""proportion"": 1.0, ""confidence"": [0.20654931437723742, 1.0], ""p_value"": 0.25, ""contingency"": [[1, 0], [434, 28842]]}",{}
1210,NC00962.3,EMB-0.25-0.95,0.0,GARC1,RUS,EMB,embB@V360L,U,{},"{""proportion"": 0.0, ""confidence"": [0.0, 0.7934506856227626], ""p_value"": 1.0, ""contingency"": [[0, 1], [434, 28842]]}",{}
1211,NC00962.3,EMB-0.25-0.95,0.0,GARC1,RUS,EMB,embB@T897P,U,{},"{""proportion"": 0.0, ""confidence"": [0.0, 0.7934506856227626], ""p_value"": 1.0, ""contingency"": [[0, 1], [434, 28842]]}",{}
1212,NC00962.3,EMB-0.25-0.95,0.0,GARC1,RUS,EMB,embB@K561N,U,{},"{""proportion"": 0.0, ""confidence"": [0.0, 0.7934506856227626], ""p_value"": 1.0, ""contingency"": [[0, 1], [434, 28842]]}",{}
1213,NC00962.3,EMB-0.25-0.95,0.0,GARC1,RUS,EMB,embA@G180E,U,{},"{""proportion"": 0.0, ""confidence"": [0.0, 0.7934506856227626], ""p_value"": 1.0, ""contingency"": [[0, 1], [434, 28842]]}",{}
1214,NC00962.3,EMB-0.25-0.95,0.0,GARC1,RUS,EMB,embB@A386T,U,{},"{""proportion"": 0.0, ""confidence"": [0.0, 0.7934506856227626], ""p_value"": 1.0, ""contingency"": [[0, 1], [434, 28842]]}",{}
1215,NC00962.3,EMB-0.25-0.95,0.0,GARC1,RUS,EMB,embA@T1080P,U,{},"{""proportion"": 1.0, ""confidence"": [0.20654931437723742, 1.0], ""p_value"": 0.25, ""contingency"": [[1, 0], [434, 28842]]}",{}
1216,NC00962.3,EMB-0.25-0.95,0.0,GARC1,RUS,EMB,embA@H10N,U,{},"{""proportion"": 0.0, ""confidence"": [0.0, 0.7934506856227626], ""p_value"": 1.0, ""contingency"": [[0, 1], [434, 28842]]}",{}
1217,NC00962.3,EMB-0.25-0.95,0.0,GARC1,RUS,EMB,embB@A409P,U,{},"{""proportion"": 0.5, ""confidence"": [0.09453120573423071, 0.9054687942657693], ""p_value"": 0.4375, ""contingency"": [[1, 1], [434, 28842]]}",{}
1218,NC00962.3,EMB-0.25-0.95,0.0,GARC1,RUS,EMB,embB@T532I,U,{},"{""proportion"": 0.0, ""confidence"": [0.0, 0.7934506856227626], ""p_value"": 1.0, ""contingency"": [[0, 1], [434, 28842]]}",{}
1219,NC00962.3,EMB-0.25-0.95,0.0,GARC1,RUS,EMB,embB@T75P,U,{},"{""proportion"": 0.0, ""confidence"": [0.0, 0.7934506856227626], ""p_value"": 1.0, ""contingency"": [[0, 1], [434, 28842]]}",{}
1220,NC00962.3,EMB-0.25-0.95,0.0,GARC1,RUS,EMB,embA@G814R,U,{},"{""proportion"": 0.0, ""confidence"": [0.0, 0.7934506856227626], ""p_value"": 1.0, ""contingency"": [[0, 1], [434, 28842]]}",{}
1221,NC00962.3,EMB-0.25-0.95,0.0,GARC1,RUS,EMB,embA@M515T,U,{},"{""proportion"": 0.0, ""confidence"": [0.0, 0.7934506856227626], ""p_value"": 1.0, ""contingency"": [[0, 1], [434, 28842]]}",{}
1222,NC00962.3,EMB-0.25-0.95,0.0,GARC1,RUS,EMB,embA@T652R,U,{},"{""proportion"": 0.0, ""confidence"": [0.0, 0.7934506856227626], ""p_value"": 1.0, ""contingency"": [[0, 1], [434, 28842]]}",{}
1223,NC00962.3,EMB-0.25-0.95,0.0,GARC1,RUS,EMB,embB@I407T,U,{},"{""proportion"": 0.0, ""confidence"": [0.0, 0.7934506856227626], ""p_value"": 1.0, ""contingency"": [[0, 1], [434, 28842]]}",{}
1224,NC00962.3,EMB-0.25-0.95,0.0,GARC1,RUS,EMB,embB@V493G,U,{},"{""proportion"": 1.0, ""confidence"": [0.20654931437723742, 1.0], ""p_value"": 0.25, ""contingency"": [[1, 0], [434, 28842]]}",{}
1225,NC00962.3,EMB-0.25-0.95,0.0,GARC1,RUS,EMB,embA@T193A,U,{},"{""proportion"": 0.0, ""confidence"": [0.0, 0.7934506856227626], ""p_value"": 1.0, ""contingency"": [[0, 1], [434, 28842]]}",{}
1226,NC00962.3,EMB-0.25-0.95,0.0,GARC1,RUS,EMB,embB@P969S,U,{},"{""proportion"": 0.0, ""confidence"": [0.0, 0.7934506856227626], ""p_value"": 1.0, ""contingency"": [[0, 1], [434, 28842]]}",{}
1227,NC00962.3,EMB-0.25-0.95,0.0,GARC1,RUS,EMB,embB@T501K,U,{},"{""proportion"": 0.0, ""confidence"": [0.0, 0.7934506856227626], ""p_value"": 1.0, ""contingency"": [[0, 1], [434, 28842]]}",{}
1228,NC00962.3,EMB-0.25-0.95,0.0,GARC1,RUS,EMB,embA@R234H,U,{},"{""proportion"": 0.0, ""confidence"": [0.0, 0.7934506856227626], ""p_value"": 1.0, ""contingency"": [[0, 1], [434, 28842]]}",{}
1229,NC00962.3,EMB-0.25-0.95,0.0,GARC1,RUS,EMB,embA@V770I,U,{},"{""proportion"": 1.0, ""confidence"": [0.20654931437723742, 1.0], ""p_value"": 0.25, ""contingency"": [[1, 0], [434, 28842]]}",{}
1230,NC00962.3,EMB-0.25-0.95,0.0,GARC1,RUS,EMB,embB@G745D,U,{},"{""proportion"": 0.0, ""confidence"": [0.0, 0.7934506856227626], ""p_value"": 1.0, ""contingency"": [[0, 1], [434, 28842]]}",{}
1231,NC00962.3,EMB-0.25-0.95,0.0,GARC1,RUS,EMB,embA@C76G,U,{},"{""proportion"": 0.0, ""confidence"": [0.0, 0.7934506856227626], ""p_value"": 1.0, ""contingency"": [[0, 1], [434, 28842]]}",{}
1232,NC00962.3,EMB-0.25-0.95,0.0,GARC1,RUS,EMB,embB@P785S,U,{},"{""proportion"": 0.0, ""confidence"": [0.0, 0.7934506856227626], ""p_value"": 1.0, ""contingency"": [[0, 1], [434, 28842]]}",{}
1233,NC00962.3,EMB-0.25-0.95,0.0,GARC1,RUS,EMB,embA@g-43a,U,{},"{""proportion"": 0.0, ""confidence"": [0.0, 0.7934506856227626], ""p_value"": 1.0, ""contingency"": [[0, 1], [434, 28842]]}",{}
1234,NC00962.3,EMB-0.25-0.95,0.0,GARC1,RUS,EMB,embB@T157A,U,{},"{""proportion"": 0.0, ""confidence"": [0.0, 0.7934506856227626], ""p_value"": 1.0, ""contingency"": [[0, 1], [434, 28842]]}",{}
1235,NC00962.3,EMB-0.25-0.95,0.0,GARC1,RUS,EMB,embB@V593M,U,{},"{""proportion"": 0.5, ""confidence"": [0.09453120573423071, 0.9054687942657693], ""p_value"": 0.4375, ""contingency"": [[1, 1], [434, 28842]]}",{}
1236,NC00962.3,EMB-0.25-0.95,0.0,GARC1,RUS,EMB,embA@A422P,U,{},"{""proportion"": 0.0, ""confidence"": [0.0, 0.7934506856227626], ""p_value"": 1.0, ""contingency"": [[0, 1], [434, 28842]]}",{}
1237,NC00962.3,EMB-0.25-0.95,0.0,GARC1,RUS,EMB,embB@A485T,U,{},"{""proportion"": 0.0, ""confidence"": [0.0, 0.7934506856227626], ""p_value"": 1.0, ""contingency"": [[0, 1], [434, 28842]]}",{}
1238,NC00962.3,EMB-0.25-0.95,0.0,GARC1,RUS,EMB,embA@G585S,U,{},"{""proportion"": 0.0, ""confidence"": [0.0, 0.7934506856227626], ""p_value"": 1.0, ""contingency"": [[0, 1], [434, 28842]]}",{}
1239,NC00962.3,EMB-0.25-0.95,0.0,GARC1,RUS,EMB,embB@E138A,U,{},"{""proportion"": 0.0, ""confidence"": [0.0, 0.7934506856227626], ""p_value"": 1.0, ""contingency"": [[0, 1], [434, 28842]]}",{}
1240,NC00962.3,EMB-0.25-0.95,0.0,GARC1,RUS,EMB,embB@A439T,U,{},"{""proportion"": 0.0, ""confidence"": [0.0, 0.7934506856227626], ""p_value"": 1.0, ""contingency"": [[0, 1], [434, 28842]]}",{}
1241,NC00962.3,EMB-0.25-0.95,0.0,GARC1,RUS,EMB,embA@I905T,U,{},"{""proportion"": 0.0, ""confidence"": [4.8683609171202235e-17, 0.5614970317550455], ""p_value"": 1.0, ""contingency"": [[0, 3], [434, 28842]]}",{}
1242,NC00962.3,EMB-0.25-0.95,0.0,GARC1,RUS,EMB,embB@S615C,U,{},"{""proportion"": 1.0, ""confidence"": [0.20654931437723742, 1.0], ""p_value"": 0.25, ""contingency"": [[1, 0], [434, 28842]]}",{}
1243,NC00962.3,EMB-0.25-0.95,0.0,GARC1,RUS,EMB,embA@T392K,U,{},"{""proportion"": 0.0, ""confidence"": [0.0, 0.6576197724933469], ""p_value"": 1.0, ""contingency"": [[0, 2], [434, 28842]]}",{}
1244,NC00962.3,EMB-0.25-0.95,0.0,GARC1,RUS,EMB,embA@R862H,U,{},"{""proportion"": 0.0, ""confidence"": [0.0, 0.7934506856227626], ""p_value"": 1.0, ""contingency"": [[0, 1], [434, 28842]]}",{}
1245,NC00962.3,EMB-0.25-0.95,0.0,GARC1,RUS,EMB,embB@P375R,U,{},"{""proportion"": 0.0, ""confidence"": [0.0, 0.7934506856227626], ""p_value"": 1.0, ""contingency"": [[0, 1], [434, 28842]]}",{}
1246,NC00962.3,EMB-0.25-0.95,0.0,GARC1,RUS,EMB,embA@P867L,U,{},"{""proportion"": 0.0, ""confidence"": [0.0, 0.7934506856227626], ""p_value"": 1.0, ""contingency"": [[0, 1], [434, 28842]]}",{}
1247,NC00962.3,EMB-0.25-0.95,0.0,GARC1,RUS,EMB,embB@L1070R,U,{},"{""proportion"": 0.0, ""confidence"": [0.0, 0.7934506856227626], ""p_value"": 1.0, ""contingency"": [[0, 1], [434, 28842]]}",{}
1248,NC00962.3,EMB-0.25-0.95,0.0,GARC1,RUS,EMB,embB@P1075R,U,{},"{""proportion"": 0.0, ""confidence"": [0.0, 0.7934506856227626], ""p_value"": 1.0, ""contingency"": [[0, 1], [434, 28842]]}",{}
1249,NC00962.3,EMB-0.25-0.95,0.0,GARC1,RUS,EMB,embA@L233R,U,{},"{""proportion"": 0.0, ""confidence"": [0.0, 0.7934506856227626], ""p_value"": 1.0, ""contingency"": [[0, 1], [434, 28842]]}",{}
1250,NC00962.3,EMB-0.25-0.95,0.0,GARC1,RUS,EMB,embB@V649A,U,{},"{""proportion"": 0.0, ""confidence"": [0.0, 0.7934506856227626], ""p_value"": 1.0, ""contingency"": [[0, 1], [434, 28842]]}",{}
1251,NC00962.3,EMB-0.25-0.95,0.0,GARC1,RUS,EMB,embB@N886K,U,{},"{""proportion"": 1.0, ""confidence"": [0.20654931437723742, 1.0], ""p_value"": 0.25, ""contingency"": [[1, 0], [434, 28842]]}",{}
1252,NC00962.3,EMB-0.25-0.95,0.0,GARC1,RUS,EMB,embB@V917M,U,{},"{""proportion"": 0.0, ""confidence"": [0.0, 0.7934506856227626], ""p_value"": 1.0, ""contingency"": [[0, 1], [434, 28842]]}",{}
1253,NC00962.3,EMB-0.25-0.95,0.0,GARC1,RUS,EMB,embA@G403A,U,{},"{""proportion"": 1.0, ""confidence"": [0.20654931437723742, 1.0], ""p_value"": 0.25, ""contingency"": [[1, 0], [434, 28842]]}",{}
1254,NC00962.3,EMB-0.25-0.95,0.0,GARC1,RUS,EMB,embA@D780N,U,{},"{""proportion"": 0.0, ""confidence"": [0.0, 0.7934506856227626], ""p_value"": 1.0, ""contingency"": [[0, 1], [434, 28842]]}",{}
1255,NC00962.3,EMB-0.25-0.95,0.0,GARC1,RUS,EMB,embB@S66R,U,{},"{""proportion"": 0.0, ""confidence"": [0.0, 0.7934506856227626], ""p_value"": 1.0, ""contingency"": [[0, 1], [434, 28842]]}",{}
1256,NC00962.3,EMB-0.25-0.95,0.0,GARC1,RUS,EMB,embB@S651T,U,{},"{""proportion"": 1.0, ""confidence"": [0.20654931437723742, 1.0], ""p_value"": 0.25, ""contingency"": [[1, 0], [434, 28842]]}",{}
1257,NC00962.3,EMB-0.25-0.95,0.0,GARC1,RUS,EMB,embB@N644T,U,{},"{""proportion"": 1.0, ""confidence"": [0.20654931437723742, 1.0], ""p_value"": 0.25, ""contingency"": [[1, 0], [434, 28842]]}",{}
1258,NC00962.3,EMB-0.25-0.95,0.0,GARC1,RUS,EMB,embB@T667K,U,{},"{""proportion"": 0.0, ""confidence"": [0.0, 0.7934506856227626], ""p_value"": 1.0, ""contingency"": [[0, 1], [434, 28842]]}",{}
1260,NC00962.3,EMB-0.25-0.95,0.0,GARC1,RUS,EMB,embA@-*_indel,U,{},"{""default_rule"": ""True""}",{}
1261,NC00962.3,EMB-0.25-0.95,0.0,GARC1,RUS,EMB,embA@*_indel,U,{},"{""default_rule"": ""True""}",{}
1262,NC00962.3,EMB-0.25-0.95,0.0,GARC1,RUS,EMB,embA@-*?,U,{},"{""default_rule"": ""True""}",{}
1263,NC00962.3,EMB-0.25-0.95,0.0,GARC1,RUS,EMB,embA@*?,U,{},"{""default_rule"": ""True""}",{}
1264,NC00962.3,EMB-0.25-0.95,0.0,GARC1,RUS,EMB,embA@del_0.0,U,{},"{""default_rule"": ""True""}",{}
1266,NC00962.3,EMB-0.25-0.95,0.0,GARC1,RUS,EMB,embB@-*_indel,U,{},"{""default_rule"": ""True""}",{}
1267,NC00962.3,EMB-0.25-0.95,0.0,GARC1,RUS,EMB,embB@*_indel,U,{},"{""default_rule"": ""True""}",{}
1268,NC00962.3,EMB-0.25-0.95,0.0,GARC1,RUS,EMB,embB@-*?,U,{},"{""default_rule"": ""True""}",{}
1269,NC00962.3,EMB-0.25-0.95,0.0,GARC1,RUS,EMB,embB@*?,U,{},"{""default_rule"": ""True""}",{}
1270,NC00962.3,EMB-0.25-0.95,0.0,GARC1,RUS,EMB,embB@del_0.0,U,{},"{""default_rule"": ""True""}",{}
