,GENBANK_REFERENCE,CATALOGUE_NAME,CATALOGUE_VERSION,CATALOGUE_GRAMMAR,PREDICTION_VALUES,DRUG,MUTATION,PREDICTION,SOURCE,EVIDENCE,OTHER
0,NC00962.3,EMB-0.25-0.9,0.0,GARC1,RUS,EMB,embB@T1082A,S,{},"{""proportion"": 0.02142857142857143, ""confidence"": [0.011120424054669273, 0.04089674997886091], ""p_value"": 2.054998950375054e-26, ""contingency"": [[6, 274], [314, 21278]]}",{}
1,NC00962.3,EMB-0.25-0.9,0.0,GARC1,RUS,EMB,embA@c-59a,S,{},"{""proportion"": 0.0, ""confidence"": [0.0, 0.21294197008340696], ""p_value"": 0.07604122161865237, ""contingency"": [[0, 10], [314, 21278]]}",{}
2,NC00962.3,EMB-0.25-0.9,0.0,GARC1,RUS,EMB,embB@N296H,S,{},"{""proportion"": 0.1282051282051282, ""confidence"": [0.06382328081106835, 0.2408255116949012], ""p_value"": 0.09508168575142936, ""contingency"": [[5, 34], [314, 21278]]}",{}
3,NC00962.3,EMB-0.25-0.9,0.0,GARC1,RUS,EMB,embA@G158D,S,{},"{""proportion"": 0.0, ""confidence"": [-1.1138242448922617e-17, 0.19740504731951777], ""p_value"": 0.07656264305114746, ""contingency"": [[0, 11], [314, 21278]]}",{}
4,NC00962.3,EMB-0.25-0.9,0.0,GARC1,RUS,EMB,embA@T608N,S,{},"{""proportion"": 0.06666666666666667, ""confidence"": [0.02231217083333183, 0.18271556287508753], ""p_value"": 0.0187750627148012, ""contingency"": [[2, 28], [314, 21278]]}",{}
5,NC00962.3,EMB-0.25-0.9,0.0,GARC1,RUS,EMB,embA@Y296H,S,{},"{""proportion"": 0.0, ""confidence"": [0.0, 0.12464757953733377], ""p_value"": 0.006516711702715842, ""contingency"": [[0, 19], [314, 21278]]}",{}
6,NC00962.3,EMB-0.25-0.9,0.0,GARC1,RUS,EMB,embB@S773P,S,{},"{""proportion"": 0.0, ""confidence"": [-6.30690819358384e-18, 0.09107873950450844], ""p_value"": 0.0005852191723511595, ""contingency"": [[0, 27], [314, 21278]]}",{}
7,NC00962.3,EMB-0.25-0.9,0.0,GARC1,RUS,EMB,embB@L402V,S,{},"{""proportion"": 0.0, ""confidence"": [0.0, 0.172266783508845], ""p_value"": 0.048047408461570754, ""contingency"": [[0, 13], [314, 21278]]}",{}
8,NC00962.3,EMB-0.25-0.9,0.0,GARC1,RUS,EMB,embB@S203L,S,{},"{""proportion"": 0.0, ""confidence"": [0.0, 0.06190389685777697], ""p_value"": 1.2738053398067942e-05, ""contingency"": [[0, 41], [314, 21278]]}",{}
9,NC00962.3,EMB-0.25-0.9,0.0,GARC1,RUS,EMB,embB@E378A,S,{},"{""proportion"": 0.0, ""confidence"": [0.0, 0.14463859126760936], ""p_value"": 0.017492316197603944, ""contingency"": [[0, 16], [314, 21278]]}",{}
10,NC00962.3,EMB-0.25-0.9,0.0,GARC1,RUS,EMB,embB@T11P,S,{},"{""proportion"": 0.0, ""confidence"": [0.0, 0.16195483023523788], ""p_value"": 0.02812748029828072, ""contingency"": [[0, 14], [314, 21278]]}",{}
11,NC00962.3,EMB-0.25-0.9,0.0,GARC1,RUS,EMB,embA@E951D,S,{},"{""proportion"": 0.0, ""confidence"": [-1.6866876166061486e-18, 0.027690787630351255], ""p_value"": 1.886517800654366e-12, ""contingency"": [[0, 95], [314, 21278]]}",{}
12,NC00962.3,EMB-0.25-0.9,0.0,GARC1,RUS,EMB,embA@D176E,S,{},"{""proportion"": 0.0, ""confidence"": [-6.30690819358384e-18, 0.09107873950450844], ""p_value"": 0.0005852191723511595, ""contingency"": [[0, 27], [314, 21278]]}",{}
13,NC00962.3,EMB-0.25-0.9,0.0,GARC1,RUS,EMB,embB@I563L,S,{},"{""proportion"": 0.0, ""confidence"": [0.0, 0.16195483023523788], ""p_value"": 0.02812748029828072, ""contingency"": [[0, 14], [314, 21278]]}",{}
14,NC00962.3,EMB-0.25-0.9,0.0,GARC1,RUS,EMB,embB@G246R,S,{},"{""proportion"": 0.075, ""confidence"": [0.030370252611739014, 0.17348017873690033], ""p_value"": 0.009347148417940206, ""contingency"": [[3, 37], [314, 21278]]}",{}
15,NC00962.3,EMB-0.25-0.9,0.0,GARC1,RUS,EMB,embA@A84S,S,{},"{""proportion"": 0.0, ""confidence"": [0.0, 0.1839811947474769], ""p_value"": 0.04592913389205933, ""contingency"": [[0, 12], [314, 21278]]}",{}
16,NC00962.3,EMB-0.25-0.9,0.0,GARC1,RUS,EMB,embB@R24P,S,{},"{""proportion"": 0.030456852791878174, ""confidence"": [0.024426614177563553, 0.037917924792986384], ""p_value"": 5.945143262781264e-144, ""contingency"": [[54, 1719], [314, 21278]]}",{}
17,NC00962.3,EMB-0.25-0.9,0.0,GARC1,RUS,EMB,embB@C361S,S,{},"{""proportion"": 0.03125, ""confidence"": [0.007002788780185032, 0.12858199064617304], ""p_value"": 0.0017722395584319653, ""contingency"": [[1, 31], [314, 21278]]}",{}
18,NC00962.3,EMB-0.25-0.9,0.0,GARC1,RUS,EMB,embB@A5G,S,{},"{""proportion"": 0.0, ""confidence"": [0.0, 0.1839811947474769], ""p_value"": 0.04592913389205933, ""contingency"": [[0, 12], [314, 21278]]}",{}
19,NC00962.3,EMB-0.25-0.9,0.0,GARC1,RUS,EMB,embA@L373P,S,{},"{""proportion"": 0.0, ""confidence"": [-6.2612865863866736e-18, 0.09765350600605095], ""p_value"": 0.0016683748994763552, ""contingency"": [[0, 25], [314, 21278]]}",{}
20,NC00962.3,EMB-0.25-0.9,0.0,GARC1,RUS,EMB,embA@V31A,S,{},"{""proportion"": 0.0, ""confidence"": [0.0, 0.1013101814889487], ""p_value"": 0.00152648405845568, ""contingency"": [[0, 24], [314, 21278]]}",{}
21,NC00962.3,EMB-0.25-0.9,0.0,GARC1,RUS,EMB,embA@g-17a,S,{},"{""proportion"": 0.05555555555555555, ""confidence"": [0.01249319576298488, 0.21476688386388854], ""p_value"": 0.05881175039394293, ""contingency"": [[1, 17], [314, 21278]]}",{}
22,NC00962.3,EMB-0.25-0.9,0.0,GARC1,RUS,EMB,embB@I709T,S,{},"{""proportion"": 0.0, ""confidence"": [-6.2612865863866736e-18, 0.09765350600605095], ""p_value"": 0.0016683748994763552, ""contingency"": [[0, 25], [314, 21278]]}",{}
23,NC00962.3,EMB-0.25-0.9,0.0,GARC1,RUS,EMB,embB@L172R,S,{},"{""proportion"": 0.0, ""confidence"": [0.0, 0.02260165549587043], ""p_value"": 3.990220879951234e-15, ""contingency"": [[0, 117], [314, 21278]]}",{}
24,NC00962.3,EMB-0.25-0.9,0.0,GARC1,RUS,EMB,embB@P731L,S,{},"{""proportion"": 0.0, ""confidence"": [0.0, 0.1013101814889487], ""p_value"": 0.00152648405845568, ""contingency"": [[0, 24], [314, 21278]]}",{}
25,NC00962.3,EMB-0.25-0.9,0.0,GARC1,RUS,EMB,embA@Q1004P,S,{},"{""proportion"": 0.0, ""confidence"": [0.0, 0.15280770461014012], ""p_value"": 0.030663299374282364, ""contingency"": [[0, 15], [314, 21278]]}",{}
26,NC00962.3,EMB-0.25-0.9,0.0,GARC1,RUS,EMB,embA@g-76c,S,{},"{""proportion"": 0.1, ""confidence"": [0.04067696700923086, 0.22550247949084853], ""p_value"": 0.059042966603656336, ""contingency"": [[3, 27], [314, 21278]]}",{}
27,NC00962.3,EMB-0.25-0.9,0.0,GARC1,RUS,EMB,embA@K166N,S,{},"{""proportion"": 0.0, ""confidence"": [0.0, 0.11915783736096446], ""p_value"": 0.007113353603017462, ""contingency"": [[0, 20], [314, 21278]]}",{}
28,NC00962.3,EMB-0.25-0.9,0.0,GARC1,RUS,EMB,embA@L233M,S,{},"{""proportion"": 0.0, ""confidence"": [0.0, 0.21294197008340696], ""p_value"": 0.07604122161865237, ""contingency"": [[0, 10], [314, 21278]]}",{}
29,NC00962.3,EMB-0.25-0.9,0.0,GARC1,RUS,EMB,embB@R620C,S,{},"{""proportion"": 0.0, ""confidence"": [0.0, 0.1839811947474769], ""p_value"": 0.04592913389205933, ""contingency"": [[0, 12], [314, 21278]]}",{}
30,NC00962.3,EMB-0.25-0.9,0.0,GARC1,RUS,EMB,embB@E951Q,S,{},"{""proportion"": 0.0, ""confidence"": [0.0, 0.172266783508845], ""p_value"": 0.048047408461570754, ""contingency"": [[0, 13], [314, 21278]]}",{}
31,NC00962.3,EMB-0.25-0.9,0.0,GARC1,RUS,EMB,embA@V558L,S,{},"{""proportion"": 0.0, ""confidence"": [-1.1138242448922617e-17, 0.19740504731951777], ""p_value"": 0.07656264305114746, ""contingency"": [[0, 11], [314, 21278]]}",{}
32,NC00962.3,EMB-0.25-0.9,0.0,GARC1,RUS,EMB,embA@A852T,S,{},"{""proportion"": 0.0, ""confidence"": [0.0, 0.10525136178999416], ""p_value"": 0.002580968695056641, ""contingency"": [[0, 23], [314, 21278]]}",{}
33,NC00962.3,EMB-0.25-0.9,0.0,GARC1,RUS,EMB,embB@L370R,S,{},"{""proportion"": 0.0, ""confidence"": [0.0, 0.12464757953733377], ""p_value"": 0.006516711702715842, ""contingency"": [[0, 19], [314, 21278]]}",{}
34,NC00962.3,EMB-0.25-0.9,0.0,GARC1,RUS,EMB,embA@G596S,S,{},"{""proportion"": 0.0, ""confidence"": [0.0, 0.21294197008340696], ""p_value"": 0.07604122161865237, ""contingency"": [[0, 10], [314, 21278]]}",{}
35,NC00962.3,EMB-0.25-0.9,0.0,GARC1,RUS,EMB,embA@G884D,S,{},"{""proportion"": 0.0, ""confidence"": [-1.1138242448922617e-17, 0.19740504731951777], ""p_value"": 0.07656264305114746, ""contingency"": [[0, 11], [314, 21278]]}",{}
36,NC00962.3,EMB-0.25-0.9,0.0,GARC1,RUS,EMB,embA@L505F,S,{},"{""proportion"": 0.0, ""confidence"": [0.0, 0.21294197008340696], ""p_value"": 0.07604122161865237, ""contingency"": [[0, 10], [314, 21278]]}",{}
37,NC00962.3,EMB-0.25-0.9,0.0,GARC1,RUS,EMB,embA@V1073I,S,{},"{""proportion"": 0.0, ""confidence"": [0.0, 0.21294197008340696], ""p_value"": 0.07604122161865237, ""contingency"": [[0, 10], [314, 21278]]}",{}
38,NC00962.3,EMB-0.25-0.9,0.0,GARC1,RUS,EMB,embB@R213Q,S,{},"{""proportion"": 0.0, ""confidence"": [-1.7027317077409785e-18, 0.018441998784742477], ""p_value"": 2.2046566603662376e-18, ""contingency"": [[0, 144], [314, 21278]]}",{}
39,NC00962.3,EMB-0.25-0.9,0.0,GARC1,RUS,EMB,embA@V911I,S,{},"{""proportion"": 0.0, ""confidence"": [-1.1138242448922617e-17, 0.19740504731951777], ""p_value"": 0.07656264305114746, ""contingency"": [[0, 11], [314, 21278]]}",{}
40,NC00962.3,EMB-0.25-0.9,0.0,GARC1,RUS,EMB,embA@G451R,S,{},"{""proportion"": 0.0, ""confidence"": [0.0, 0.16195483023523788], ""p_value"": 0.02812748029828072, ""contingency"": [[0, 14], [314, 21278]]}",{}
41,NC00962.3,EMB-0.25-0.9,0.0,GARC1,RUS,EMB,embB@S738A,S,{},"{""proportion"": 0.0, ""confidence"": [0.0, 0.07795709805478195], ""p_value"": 0.00013846000806662284, ""contingency"": [[0, 32], [314, 21278]]}",{}
42,NC00962.3,EMB-0.25-0.9,0.0,GARC1,RUS,EMB,embB@S297A,S,{},"{""proportion"": 0.1686746987951807, ""confidence"": [0.1262701755215082, 0.2217061994816589], ""p_value"": 0.015247799427504205, ""contingency"": [[28, 138], [401, 24509]]}",{}
43,NC00962.3,EMB-0.25-0.9,0.0,GARC1,RUS,EMB,embA@P913S,S,{},"{""proportion"": 0.0024390243902439024, ""confidence"": [0.0009751601204450031, 0.006086983390082332], ""p_value"": 3.146485338611593e-147, ""contingency"": [[3, 1227], [401, 24509]]}",{}
44,NC00962.3,EMB-0.25-0.9,0.0,GARC1,RUS,EMB,embA@T308A,S,{},"{""proportion"": 0.0, ""confidence"": [6.528145500943067e-18, 0.059195083345037515], ""p_value"": 8.17319001535359e-06, ""contingency"": [[0, 43], [401, 24509]]}",{}
45,NC00962.3,EMB-0.25-0.9,0.0,GARC1,RUS,EMB,embB@N13S,S,{},"{""proportion"": 0.012987012987012988, ""confidence"": [0.005201850467612184, 0.032048200709737656], ""p_value"": 2.3863724249900577e-24, ""contingency"": [[3, 228], [401, 24509]]}",{}
46,NC00962.3,EMB-0.25-0.9,0.0,GARC1,RUS,EMB,embB@A313V,S,{},"{""proportion"": 0.0, ""confidence"": [-1.1138242448922617e-17, 0.19740504731951777], ""p_value"": 0.07656264305114746, ""contingency"": [[0, 11], [401, 24509]]}",{}
47,NC00962.3,EMB-0.25-0.9,0.0,GARC1,RUS,EMB,embA@P383S,S,{},"{""proportion"": 0.0, ""confidence"": [0.0, 0.04314679859327028], ""p_value"": 4.161821150213562e-08, ""contingency"": [[0, 60], [401, 24509]]}",{}
48,NC00962.3,EMB-0.25-0.9,0.0,GARC1,RUS,EMB,embB@P103T,S,{},"{""proportion"": 0.0, ""confidence"": [0.0, 0.21294197008340696], ""p_value"": 0.07604122161865237, ""contingency"": [[0, 10], [401, 24509]]}",{}
49,NC00962.3,EMB-0.25-0.9,0.0,GARC1,RUS,EMB,embB@D328G,S,{},"{""proportion"": 0.0, ""confidence"": [0.0, 0.08026998460298297], ""p_value"": 0.0002254225340144896, ""contingency"": [[0, 31], [401, 24509]]}",{}
50,NC00962.3,EMB-0.25-0.9,0.0,GARC1,RUS,EMB,embA@V206M,S,{},"{""proportion"": 0.047619047619047616, ""confidence"": [0.010696136643627155, 0.18780357137645934], ""p_value"": 0.039656876268054475, ""contingency"": [[1, 20], [401, 24509]]}",{}
51,NC00962.3,EMB-0.25-0.9,0.0,GARC1,RUS,EMB,embA@A249P,S,{},"{""proportion"": 0.0, ""confidence"": [0.0, 0.172266783508845], ""p_value"": 0.048047408461570754, ""contingency"": [[0, 13], [401, 24509]]}",{}
52,NC00962.3,EMB-0.25-0.9,0.0,GARC1,RUS,EMB,embB@G286D,S,{},"{""proportion"": 0.0, ""confidence"": [-3.343797113184189e-18, 0.036216100291913376], ""p_value"": 1.460416822715823e-09, ""contingency"": [[0, 72], [401, 24509]]}",{}
53,NC00962.3,EMB-0.25-0.9,0.0,GARC1,RUS,EMB,embB@P171A,S,{},"{""proportion"": 0.0, ""confidence"": [0.0, 0.1839811947474769], ""p_value"": 0.04592913389205933, ""contingency"": [[0, 12], [401, 24509]]}",{}
54,NC00962.3,EMB-0.25-0.9,0.0,GARC1,RUS,EMB,embB@S1054P,S,{},"{""proportion"": 0.0, ""confidence"": [-6.453860564880636e-18, 0.06990067087687772], ""p_value"": 5.349402118172382e-05, ""contingency"": [[0, 36], [449, 27780]]}",{}
55,NC00962.3,EMB-0.25-0.9,0.0,GARC1,RUS,EMB,embB@V668I,S,{},"{""proportion"": 0.0, ""confidence"": [0.0, 0.10525136178999416], ""p_value"": 0.002580968695056641, ""contingency"": [[0, 23], [449, 27780]]}",{}
56,NC00962.3,EMB-0.25-0.9,0.0,GARC1,RUS,EMB,embA@A1015T,S,{},"{""proportion"": 0.0, ""confidence"": [0.0, 0.1141312562327272], ""p_value"": 0.004065488054720845, ""contingency"": [[0, 21], [449, 27780]]}",{}
57,NC00962.3,EMB-0.25-0.9,0.0,GARC1,RUS,EMB,embB@R741W,S,{},"{""proportion"": 0.0, ""confidence"": [0.0, 0.16195483023523788], ""p_value"": 0.02812748029828072, ""contingency"": [[0, 14], [449, 27780]]}",{}
58,NC00962.3,EMB-0.25-0.9,0.0,GARC1,RUS,EMB,embA@P901L,S,{},"{""proportion"": 0.04, ""confidence"": [0.00897486843424125, 0.16086635709132566], ""p_value"": 0.010394187011740996, ""contingency"": [[1, 24], [449, 27780]]}",{}
59,NC00962.3,EMB-0.25-0.9,0.0,GARC1,RUS,EMB,embA@A312V,S,{},"{""proportion"": 0.037037037037037035, ""confidence"": [0.008306514650210659, 0.15009972563174157], ""p_value"": 0.006683023785712172, ""contingency"": [[1, 26], [449, 27780]]}",{}
60,NC00962.3,EMB-0.25-0.9,0.0,GARC1,RUS,EMB,embB@V283M,S,{},"{""proportion"": 0.0, ""confidence"": [0.0, 0.172266783508845], ""p_value"": 0.048047408461570754, ""contingency"": [[0, 13], [449, 27780]]}",{}
61,NC00962.3,EMB-0.25-0.9,0.0,GARC1,RUS,EMB,embA@W306R,S,{},"{""proportion"": 0.0, ""confidence"": [-1.1138242448922617e-17, 0.19740504731951777], ""p_value"": 0.07656264305114746, ""contingency"": [[0, 11], [449, 27780]]}",{}
62,NC00962.3,EMB-0.25-0.9,0.0,GARC1,RUS,EMB,embB@K561R,S,{},"{""proportion"": 0.0, ""confidence"": [-1.1138242448922617e-17, 0.19740504731951777], ""p_value"": 0.07656264305114746, ""contingency"": [[0, 11], [449, 27780]]}",{}
63,NC00962.3,EMB-0.25-0.9,0.0,GARC1,RUS,EMB,embB@A1073D,S,{},"{""proportion"": 0.0, ""confidence"": [0.0, 0.14463859126760936], ""p_value"": 0.017492316197603944, ""contingency"": [[0, 16], [449, 27780]]}",{}
64,NC00962.3,EMB-0.25-0.9,0.0,GARC1,RUS,EMB,embB@T279P,S,{},"{""proportion"": 0.0, ""confidence"": [0.0, 0.21294197008340696], ""p_value"": 0.07604122161865237, ""contingency"": [[0, 10], [449, 27780]]}",{}
65,NC00962.3,EMB-0.25-0.9,0.0,GARC1,RUS,EMB,embB@A937E,S,{},"{""proportion"": 0.0, ""confidence"": [0.0, 0.13729859622486673], ""p_value"": 0.010617725958582017, ""contingency"": [[0, 17], [449, 27780]]}",{}
1244,NC00962.3,EMB-0.25-0.9,0.0,GARC1,RUS,EMB,embA@*=,S,{},"{""default_rule"": ""True""}",{}
1250,NC00962.3,EMB-0.25-0.9,0.0,GARC1,RUS,EMB,embB@*=,S,{},"{""default_rule"": ""True""}",{}
66,NC00962.3,EMB-0.25-0.9,0.0,GARC1,RUS,EMB,embB@M306V,R,{},"{""proportion"": 0.8012134189864383, ""confidence"": [0.7885243150000691, 0.8133213953061784], ""p_value"": 0.0, ""contingency"": [[2245, 557], [451, 28002]]}",{}
67,NC00962.3,EMB-0.25-0.9,0.0,GARC1,RUS,EMB,embB@G406A,R,{},"{""proportion"": 0.48509485094850946, ""confidence"": [0.4425644315363253, 0.5278422514047417], ""p_value"": 2.842356191736304e-22, ""contingency"": [[179, 190], [451, 28002]]}",{}
68,NC00962.3,EMB-0.25-0.9,0.0,GARC1,RUS,EMB,embB@M306I,R,{},"{""proportion"": 0.5097947761194029, ""confidence"": [0.4920353158206051, 0.5275295472450676], ""p_value"": 2.2193392846177454e-146, ""contingency"": [[1093, 1051], [451, 28002]]}",{}
69,NC00962.3,EMB-0.25-0.9,0.0,GARC1,RUS,EMB,embB@Q497R,R,{},"{""proportion"": 0.7418831168831169, ""confidence"": [0.7118685460374158, 0.7697822216869727], ""p_value"": 2.4509858884905755e-144, ""contingency"": [[457, 159], [451, 28002]]}",{}
72,NC00962.3,EMB-0.25-0.9,0.0,GARC1,RUS,EMB,embB@G406D,R,{},"{""proportion"": 0.38132295719844356, ""confidence"": [0.33296861503347835, 0.4321499912592589], ""p_value"": 3.3858950016728055e-06, ""contingency"": [[98, 159], [451, 28002]]}",{}
77,NC00962.3,EMB-0.25-0.9,0.0,GARC1,RUS,EMB,embB@Q497K,R,{},"{""proportion"": 0.5862068965517241, ""confidence"": [0.4980341684741055, 0.6691795779949282], ""p_value"": 4.3148727984288994e-11, ""contingency"": [[51, 36], [451, 28002]]}",{}
78,NC00962.3,EMB-0.25-0.9,0.0,GARC1,RUS,EMB,embB@D354A,R,{},"{""proportion"": 0.5234567901234568, ""confidence"": [0.48261478425450044, 0.563987476384468], ""p_value"": 7.053195592064982e-32, ""contingency"": [[212, 193], [451, 28002]]}",{}
79,NC00962.3,EMB-0.25-0.9,0.0,GARC1,RUS,EMB,embB@D328Y,R,{},"{""proportion"": 0.68, ""confidence"": [0.5155946602895805, 0.8092500775482413], ""p_value"": 7.3635413242456585e-06, ""contingency"": [[17, 8], [451, 28002]]}",{}
86,NC00962.3,EMB-0.25-0.9,0.0,GARC1,RUS,EMB,embB@Y319S,R,{},"{""proportion"": 0.7955390334572491, ""confidence"": [0.7522435241235995, 0.8329488057004073], ""p_value"": 1.9086532172422465e-78, ""contingency"": [[214, 55], [451, 28002]]}",{}
88,NC00962.3,EMB-0.25-0.9,0.0,GARC1,RUS,EMB,embB@M306L,R,{},"{""proportion"": 0.6779661016949152, ""confidence"": [0.6039085102122028, 0.7440456830927027], ""p_value"": 1.812343872276869e-22, ""contingency"": [[80, 38], [451, 28002]]}",{}
103,NC00962.3,EMB-0.25-0.9,0.0,GARC1,RUS,EMB,embB@G406S,R,{},"{""proportion"": 0.5254237288135594, ""confidence"": [0.4500913191763363, 0.5996164227243646], ""p_value"": 1.5954943813948225e-10, ""contingency"": [[62, 56], [451, 28002]]}",{}
104,NC00962.3,EMB-0.25-0.9,0.0,GARC1,RUS,EMB,embA@c-16t,R,{},"{""proportion"": 0.3458646616541353, ""confidence"": [0.28170664825425273, 0.4161686267239657], ""p_value"": 0.01575954217434669, ""contingency"": [[46, 87], [451, 28002]]}",{}
105,NC00962.3,EMB-0.25-0.9,0.0,GARC1,RUS,EMB,embB@G406C,R,{},"{""proportion"": 0.42105263157894735, ""confidence"": [0.29890363228928984, 0.5536962965934594], ""p_value"": 0.022779103335076517, ""contingency"": [[16, 22], [451, 28002]]}",{}
115,NC00962.3,EMB-0.25-0.9,0.0,GARC1,RUS,EMB,embB@Q497H,R,{},"{""proportion"": 0.625, ""confidence"": [0.3479914384047327, 0.8388276622393264], ""p_value"": 0.0272979736328125, ""contingency"": [[5, 3], [451, 28002]]}",{}
162,NC00962.3,EMB-0.25-0.9,0.0,GARC1,RUS,EMB,embB@E405D,R,{},"{""proportion"": 0.5, ""confidence"": [0.29878194027670013, 0.7012180597232999], ""p_value"": 0.056088704615831375, ""contingency"": [[7, 7], [451, 28002]]}",{}
226,NC00962.3,EMB-0.25-0.9,0.0,GARC1,RUS,EMB,embB@L74R,R,{},"{""proportion"": 0.6923076923076923, ""confidence"": [0.5313335442002599, 0.8170312242979063], ""p_value"": 2.6365135050721022e-06, ""contingency"": [[18, 8], [451, 28002]]}",{}
252,NC00962.3,EMB-0.25-0.9,0.0,GARC1,RUS,EMB,embB@D328V,R,{},"{""proportion"": 1.0, ""confidence"": [0.5258044258424873, 1.0], ""p_value"": 0.015625, ""contingency"": [[3, 0], [451, 28002]]}",{}
462,NC00962.3,EMB-0.25-0.9,0.0,GARC1,RUS,EMB,embB@D328F,R,{},"{""proportion"": 1.0, ""confidence"": [0.4250306090063464, 1.0], ""p_value"": 0.0625, ""contingency"": [[2, 0], [451, 28002]]}",{}
755,NC00962.3,EMB-0.25-0.9,0.0,GARC1,RUS,EMB,embB@F330V,R,{},"{""proportion"": 1.0, ""confidence"": [0.4250306090063464, 1.0], ""p_value"": 0.0625, ""contingency"": [[2, 0], [451, 28002]]}",{}
70,NC00962.3,EMB-0.25-0.9,0.0,GARC1,RUS,EMB,embA@D1067Y,U,{},"{""proportion"": 0.0, ""confidence"": [0.0, 0.7301340512159458], ""p_value"": 1.0, ""contingency"": [[0, 1], [451, 28002]]}",{}
71,NC00962.3,EMB-0.25-0.9,0.0,GARC1,RUS,EMB,embB@G374W,U,{},"{""proportion"": 0.0, ""confidence"": [0.0, 0.7301340512159458], ""p_value"": 1.0, ""contingency"": [[0, 1], [451, 28002]]}",{}
73,NC00962.3,EMB-0.25-0.9,0.0,GARC1,RUS,EMB,embB@Q497P,U,{},"{""proportion"": 0.2857142857142857, ""confidence"": [0.16917526113882672, 0.4400158278272448], ""p_value"": 0.6640468318879371, ""contingency"": [[8, 20], [451, 28002]]}",{}
74,NC00962.3,EMB-0.25-0.9,0.0,GARC1,RUS,EMB,embA@L584F,U,{},"{""proportion"": 0.0, ""confidence"": [0.0, 0.7301340512159458], ""p_value"": 1.0, ""contingency"": [[0, 1], [451, 28002]]}",{}
75,NC00962.3,EMB-0.25-0.9,0.0,GARC1,RUS,EMB,embA@c-16g,U,{},"{""proportion"": 0.19230769230769232, ""confidence"": [0.11856767654852521, 0.2964824631717413], ""p_value"": 0.4234842102224715, ""contingency"": [[10, 42], [451, 28002]]}",{}
76,NC00962.3,EMB-0.25-0.9,0.0,GARC1,RUS,EMB,embA@c-8t,U,{},"{""proportion"": 0.375, ""confidence"": [0.2080756351426112, 0.5780840126742911], ""p_value"": 0.2531310124322772, ""contingency"": [[6, 10], [451, 28002]]}",{}
80,NC00962.3,EMB-0.25-0.9,0.0,GARC1,RUS,EMB,embA@A320T,U,{},"{""proportion"": 0.0, ""confidence"": [0.0, 0.5749693909936535], ""p_value"": 1.0, ""contingency"": [[0, 2], [451, 28002]]}",{}
81,NC00962.3,EMB-0.25-0.9,0.0,GARC1,RUS,EMB,embA@T420M,U,{},"{""proportion"": 0.0, ""confidence"": [0.0, 0.7301340512159458], ""p_value"": 1.0, ""contingency"": [[0, 1], [451, 28002]]}",{}
82,NC00962.3,EMB-0.25-0.9,0.0,GARC1,RUS,EMB,embA@T604R,U,{},"{""proportion"": 0.0, ""confidence"": [0.0, 0.5749693909936535], ""p_value"": 1.0, ""contingency"": [[0, 2], [451, 28002]]}",{}
83,NC00962.3,EMB-0.25-0.9,0.0,GARC1,RUS,EMB,embA@W495C,U,{},"{""proportion"": 0.0, ""confidence"": [0.0, 0.7301340512159458], ""p_value"": 1.0, ""contingency"": [[0, 1], [451, 28002]]}",{}
84,NC00962.3,EMB-0.25-0.9,0.0,GARC1,RUS,EMB,embA@V31I,U,{},"{""proportion"": 0.07142857142857142, ""confidence"": [0.016099895800737347, 0.2655756729723237], ""p_value"": 0.21263734251260757, ""contingency"": [[1, 13], [451, 28002]]}",{}
85,NC00962.3,EMB-0.25-0.9,0.0,GARC1,RUS,EMB,embA@G547V,U,{},"{""proportion"": 0.0, ""confidence"": [0.0, 0.7301340512159458], ""p_value"": 1.0, ""contingency"": [[0, 1], [451, 28002]]}",{}
87,NC00962.3,EMB-0.25-0.9,0.0,GARC1,RUS,EMB,embB@R620P,U,{},"{""proportion"": 0.0, ""confidence"": [0.0, 0.3511165007651012], ""p_value"": 0.34082031250000006, ""contingency"": [[0, 5], [451, 28002]]}",{}
89,NC00962.3,EMB-0.25-0.9,0.0,GARC1,RUS,EMB,embB@R947L,U,{},"{""proportion"": 0.0, ""confidence"": [0.0, 0.7301340512159458], ""p_value"": 1.0, ""contingency"": [[0, 1], [451, 28002]]}",{}
90,NC00962.3,EMB-0.25-0.9,0.0,GARC1,RUS,EMB,embB@H1002R,U,{},"{""proportion"": 0.3, ""confidence"": [0.2059336469114289, 0.41459962740307904], ""p_value"": 0.41560275572733146, ""contingency"": [[15, 35], [451, 28002]]}",{}
91,NC00962.3,EMB-0.25-0.9,0.0,GARC1,RUS,EMB,embB@P832S,U,{},"{""proportion"": 0.0, ""confidence"": [0.0, 0.31078398130591417], ""p_value"": 0.347412109375, ""contingency"": [[0, 6], [451, 28002]]}",{}
92,NC00962.3,EMB-0.25-0.9,0.0,GARC1,RUS,EMB,embB@T811A,U,{},"{""proportion"": 0.0, ""confidence"": [0.0, 0.25272359742376316], ""p_value"": 0.21392822265625003, ""contingency"": [[0, 8], [451, 28002]]}",{}
93,NC00962.3,EMB-0.25-0.9,0.0,GARC1,RUS,EMB,embA@c-8a,U,{},"{""proportion"": 0.28125, ""confidence"": [0.17161564817209635, 0.42499058222687075], ""p_value"": 0.6843600138795334, ""contingency"": [[9, 23], [451, 28002]]}",{}
94,NC00962.3,EMB-0.25-0.9,0.0,GARC1,RUS,EMB,embA@g-43c,U,{},"{""proportion"": 0.3090909090909091, ""confidence"": [0.21757954262989423, 0.4185039470489537], ""p_value"": 0.34930187619377273, ""contingency"": [[17, 38], [451, 28002]]}",{}
95,NC00962.3,EMB-0.25-0.9,0.0,GARC1,RUS,EMB,embB@D1024N,U,{},"{""proportion"": 0.30434782608695654, ""confidence"": [0.2319650685206494, 0.38790934762216595], ""p_value"": 0.22959673719519189, ""contingency"": [[28, 64], [451, 28002]]}",{}
96,NC00962.3,EMB-0.25-0.9,0.0,GARC1,RUS,EMB,embA@c-12t,U,{},"{""proportion"": 0.2871287128712871, ""confidence"": [0.21939630348013453, 0.36596819519747303], ""p_value"": 0.42084303610811197, ""contingency"": [[29, 72], [451, 28002]]}",{}
97,NC00962.3,EMB-0.25-0.9,0.0,GARC1,RUS,EMB,embA@D1071E,U,{},"{""proportion"": 0.0, ""confidence"": [0.0, 0.7301340512159458], ""p_value"": 1.0, ""contingency"": [[0, 1], [451, 28002]]}",{}
98,NC00962.3,EMB-0.25-0.9,0.0,GARC1,RUS,EMB,embA@V339A,U,{},"{""proportion"": 0.0, ""confidence"": [0.0, 0.7301340512159458], ""p_value"": 1.0, ""contingency"": [[0, 1], [451, 28002]]}",{}
99,NC00962.3,EMB-0.25-0.9,0.0,GARC1,RUS,EMB,embA@A813T,U,{},"{""proportion"": 0.0, ""confidence"": [0.0, 0.7301340512159458], ""p_value"": 1.0, ""contingency"": [[0, 1], [451, 28002]]}",{}
100,NC00962.3,EMB-0.25-0.9,0.0,GARC1,RUS,EMB,embB@V186L,U,{},"{""proportion"": 0.0, ""confidence"": [0.0, 0.40347862520270455], ""p_value"": 0.578125, ""contingency"": [[0, 4], [451, 28002]]}",{}
101,NC00962.3,EMB-0.25-0.9,0.0,GARC1,RUS,EMB,embA@K488N,U,{},"{""proportion"": 0.0, ""confidence"": [0.0, 0.40347862520270455], ""p_value"": 0.578125, ""contingency"": [[0, 4], [451, 28002]]}",{}
102,NC00962.3,EMB-0.25-0.9,0.0,GARC1,RUS,EMB,embA@c-16a,U,{},"{""proportion"": 0.37142857142857144, ""confidence"": [0.25089438717432755, 0.5104139198931188], ""p_value"": 0.11657736956034812, ""contingency"": [[13, 22], [451, 28002]]}",{}
106,NC00962.3,EMB-0.25-0.9,0.0,GARC1,RUS,EMB,embA@A576T,U,{},"{""proportion"": 0.0, ""confidence"": [0.0, 0.40347862520270455], ""p_value"": 0.578125, ""contingency"": [[0, 4], [451, 28002]]}",{}
107,NC00962.3,EMB-0.25-0.9,0.0,GARC1,RUS,EMB,embB@N644I,U,{},"{""proportion"": 0.5, ""confidence"": [0.12086631942227369, 0.8791336805777263], ""p_value"": 0.4375, ""contingency"": [[1, 1], [451, 28002]]}",{}
108,NC00962.3,EMB-0.25-0.9,0.0,GARC1,RUS,EMB,embA@T899A,U,{},"{""proportion"": 0.0, ""confidence"": [0.0, 0.4741955741575127], ""p_value"": 1.0, ""contingency"": [[0, 3], [451, 28002]]}",{}
109,NC00962.3,EMB-0.25-0.9,0.0,GARC1,RUS,EMB,embA@T100S,U,{},"{""proportion"": 0.0, ""confidence"": [0.0, 0.5749693909936535], ""p_value"": 1.0, ""contingency"": [[0, 2], [451, 28002]]}",{}
110,NC00962.3,EMB-0.25-0.9,0.0,GARC1,RUS,EMB,embB@R1095!,U,{},"{""proportion"": 0.0, ""confidence"": [0.0, 0.7301340512159458], ""p_value"": 1.0, ""contingency"": [[0, 1], [451, 28002]]}",{}
111,NC00962.3,EMB-0.25-0.9,0.0,GARC1,RUS,EMB,embA@I338V,U,{},"{""proportion"": 0.0, ""confidence"": [0.0, 0.3511165007651012], ""p_value"": 0.34082031250000006, ""contingency"": [[0, 5], [451, 28002]]}",{}
112,NC00962.3,EMB-0.25-0.9,0.0,GARC1,RUS,EMB,embB@D300G,U,{},"{""proportion"": 0.0, ""confidence"": [0.0, 0.5749693909936535], ""p_value"": 1.0, ""contingency"": [[0, 2], [451, 28002]]}",{}
113,NC00962.3,EMB-0.25-0.9,0.0,GARC1,RUS,EMB,embA@I196V,U,{},"{""proportion"": 0.0, ""confidence"": [0.0, 0.7301340512159458], ""p_value"": 1.0, ""contingency"": [[0, 1], [451, 28002]]}",{}
114,NC00962.3,EMB-0.25-0.9,0.0,GARC1,RUS,EMB,embA@V391L,U,{},"{""proportion"": 0.0, ""confidence"": [0.0, 0.5749693909936535], ""p_value"": 1.0, ""contingency"": [[0, 2], [451, 28002]]}",{}
116,NC00962.3,EMB-0.25-0.9,0.0,GARC1,RUS,EMB,embA@Y635C,U,{},"{""proportion"": 1.0, ""confidence"": [0.26986594878405434, 1.0000000000000002], ""p_value"": 0.25, ""contingency"": [[1, 0], [451, 28002]]}",{}
117,NC00962.3,EMB-0.25-0.9,0.0,GARC1,RUS,EMB,embB@C361Y,U,{},"{""proportion"": 1.0, ""confidence"": [0.26986594878405434, 1.0000000000000002], ""p_value"": 0.25, ""contingency"": [[1, 0], [451, 28002]]}",{}
118,NC00962.3,EMB-0.25-0.9,0.0,GARC1,RUS,EMB,embA@I905V,U,{},"{""proportion"": 0.16666666666666666, ""confidence"": [0.038105570079342885, 0.5024170841245998], ""p_value"": 1.0, ""contingency"": [[1, 5], [451, 28002]]}",{}
119,NC00962.3,EMB-0.25-0.9,0.0,GARC1,RUS,EMB,embA@V280I,U,{},"{""proportion"": 0.0, ""confidence"": [0.0, 0.5749693909936535], ""p_value"": 1.0, ""contingency"": [[0, 2], [451, 28002]]}",{}
120,NC00962.3,EMB-0.25-0.9,0.0,GARC1,RUS,EMB,embB@Y319C,U,{},"{""proportion"": 0.34210526315789475, ""confidence"": [0.22984146852193427, 0.4753583892435645], ""p_value"": 0.19214415683530556, ""contingency"": [[13, 25], [451, 28002]]}",{}
121,NC00962.3,EMB-0.25-0.9,0.0,GARC1,RUS,EMB,embA@V63I,U,{},"{""proportion"": 0.0, ""confidence"": [0.0, 0.40347862520270455], ""p_value"": 0.578125, ""contingency"": [[0, 4], [451, 28002]]}",{}
122,NC00962.3,EMB-0.25-0.9,0.0,GARC1,RUS,EMB,embA@R940S,U,{},"{""proportion"": 0.0, ""confidence"": [0.0, 0.7301340512159458], ""p_value"": 1.0, ""contingency"": [[0, 1], [451, 28002]]}",{}
123,NC00962.3,EMB-0.25-0.9,0.0,GARC1,RUS,EMB,embA@g-76a,U,{},"{""proportion"": 0.0, ""confidence"": [0.0, 0.5749693909936535], ""p_value"": 1.0, ""contingency"": [[0, 2], [451, 28002]]}",{}
124,NC00962.3,EMB-0.25-0.9,0.0,GARC1,RUS,EMB,embA@C335W,U,{},"{""proportion"": 0.0, ""confidence"": [0.0, 0.25272359742376316], ""p_value"": 0.21392822265625003, ""contingency"": [[0, 8], [451, 28002]]}",{}
125,NC00962.3,EMB-0.25-0.9,0.0,GARC1,RUS,EMB,embA@G547S,U,{},"{""proportion"": 0.0, ""confidence"": [0.0, 0.3511165007651012], ""p_value"": 0.34082031250000006, ""contingency"": [[0, 5], [451, 28002]]}",{}
126,NC00962.3,EMB-0.25-0.9,0.0,GARC1,RUS,EMB,embA@A408S,U,{},"{""proportion"": 0.0, ""confidence"": [0.0, 0.25272359742376316], ""p_value"": 0.21392822265625003, ""contingency"": [[0, 8], [451, 28002]]}",{}
127,NC00962.3,EMB-0.25-0.9,0.0,GARC1,RUS,EMB,embB@54_ins_t,U,{},"{""proportion"": 0.2, ""confidence"": [0.045962453880603965, 0.5647074465784567], ""p_value"": 1.0, ""contingency"": [[1, 4], [451, 28002]]}",{}
128,NC00962.3,EMB-0.25-0.9,0.0,GARC1,RUS,EMB,embB@T208I,U,{},"{""proportion"": 0.0, ""confidence"": [0.0, 0.5749693909936535], ""p_value"": 1.0, ""contingency"": [[0, 2], [451, 28002]]}",{}
129,NC00962.3,EMB-0.25-0.9,0.0,GARC1,RUS,EMB,embB@M423I,U,{},"{""proportion"": 0.0, ""confidence"": [0.0, 0.4741955741575127], ""p_value"": 1.0, ""contingency"": [[0, 3], [451, 28002]]}",{}
130,NC00962.3,EMB-0.25-0.9,0.0,GARC1,RUS,EMB,embB@D869G,U,{},"{""proportion"": 0.0, ""confidence"": [0.0, 0.3511165007651012], ""p_value"": 0.34082031250000006, ""contingency"": [[0, 5], [451, 28002]]}",{}
131,NC00962.3,EMB-0.25-0.9,0.0,GARC1,RUS,EMB,embA@P946Q,U,{},"{""proportion"": 0.0, ""confidence"": [0.0, 0.7301340512159458], ""p_value"": 1.0, ""contingency"": [[0, 1], [451, 28002]]}",{}
132,NC00962.3,EMB-0.25-0.9,0.0,GARC1,RUS,EMB,embA@A409P,U,{},"{""proportion"": 0.0, ""confidence"": [0.0, 0.31078398130591417], ""p_value"": 0.347412109375, ""contingency"": [[0, 6], [451, 28002]]}",{}
133,NC00962.3,EMB-0.25-0.9,0.0,GARC1,RUS,EMB,embB@A761V,U,{},"{""proportion"": 0.0, ""confidence"": [0.0, 0.5749693909936535], ""p_value"": 1.0, ""contingency"": [[0, 2], [451, 28002]]}",{}
134,NC00962.3,EMB-0.25-0.9,0.0,GARC1,RUS,EMB,embB@V614L,U,{},"{""proportion"": 0.0, ""confidence"": [0.0, 0.7301340512159458], ""p_value"": 1.0, ""contingency"": [[0, 1], [451, 28002]]}",{}
135,NC00962.3,EMB-0.25-0.9,0.0,GARC1,RUS,EMB,embB@I883V,U,{},"{""proportion"": 0.0, ""confidence"": [0.0, 0.7301340512159458], ""p_value"": 1.0, ""contingency"": [[0, 1], [451, 28002]]}",{}
136,NC00962.3,EMB-0.25-0.9,0.0,GARC1,RUS,EMB,embA@E7K,U,{},"{""proportion"": 0.0, ""confidence"": [0.0, 0.31078398130591417], ""p_value"": 0.347412109375, ""contingency"": [[0, 6], [451, 28002]]}",{}
137,NC00962.3,EMB-0.25-0.9,0.0,GARC1,RUS,EMB,embA@L562M,U,{},"{""proportion"": 0.0, ""confidence"": [0.0, 0.7301340512159458], ""p_value"": 1.0, ""contingency"": [[0, 1], [451, 28002]]}",{}
138,NC00962.3,EMB-0.25-0.9,0.0,GARC1,RUS,EMB,embB@A379T,U,{},"{""proportion"": 0.0, ""confidence"": [0.0, 0.4741955741575127], ""p_value"": 1.0, ""contingency"": [[0, 3], [451, 28002]]}",{}
139,NC00962.3,EMB-0.25-0.9,0.0,GARC1,RUS,EMB,embB@P404L,U,{},"{""proportion"": 0.0, ""confidence"": [0.0, 0.7301340512159458], ""p_value"": 1.0, ""contingency"": [[0, 1], [451, 28002]]}",{}
140,NC00962.3,EMB-0.25-0.9,0.0,GARC1,RUS,EMB,embA@T1014A,U,{},"{""proportion"": 0.0, ""confidence"": [0.0, 0.7301340512159458], ""p_value"": 1.0, ""contingency"": [[0, 1], [451, 28002]]}",{}
141,NC00962.3,EMB-0.25-0.9,0.0,GARC1,RUS,EMB,embA@T983N,U,{},"{""proportion"": 0.0, ""confidence"": [0.0, 0.7301340512159458], ""p_value"": 1.0, ""contingency"": [[0, 1], [451, 28002]]}",{}
142,NC00962.3,EMB-0.25-0.9,0.0,GARC1,RUS,EMB,embA@A835E,U,{},"{""proportion"": 0.0, ""confidence"": [0.0, 0.5749693909936535], ""p_value"": 1.0, ""contingency"": [[0, 2], [451, 28002]]}",{}
143,NC00962.3,EMB-0.25-0.9,0.0,GARC1,RUS,EMB,embB@R257Q,U,{},"{""proportion"": 0.0, ""confidence"": [0.0, 0.7301340512159458], ""p_value"": 1.0, ""contingency"": [[0, 1], [451, 28002]]}",{}
144,NC00962.3,EMB-0.25-0.9,0.0,GARC1,RUS,EMB,embA@G844V,U,{},"{""proportion"": 0.0, ""confidence"": [0.0, 0.7301340512159458], ""p_value"": 1.0, ""contingency"": [[0, 1], [451, 28002]]}",{}
145,NC00962.3,EMB-0.25-0.9,0.0,GARC1,RUS,EMB,embB@M904I,U,{},"{""proportion"": 0.0, ""confidence"": [0.0, 0.5749693909936535], ""p_value"": 1.0, ""contingency"": [[0, 2], [451, 28002]]}",{}
146,NC00962.3,EMB-0.25-0.9,0.0,GARC1,RUS,EMB,embA@G154R,U,{},"{""proportion"": 0.0, ""confidence"": [0.0, 0.7301340512159458], ""p_value"": 1.0, ""contingency"": [[0, 1], [451, 28002]]}",{}
147,NC00962.3,EMB-0.25-0.9,0.0,GARC1,RUS,EMB,embA@K773N,U,{},"{""proportion"": 0.0, ""confidence"": [0.0, 0.4741955741575127], ""p_value"": 1.0, ""contingency"": [[0, 3], [451, 28002]]}",{}
148,NC00962.3,EMB-0.25-0.9,0.0,GARC1,RUS,EMB,embB@N160D,U,{},"{""proportion"": 0.0, ""confidence"": [0.0, 0.7301340512159458], ""p_value"": 1.0, ""contingency"": [[0, 1], [451, 28002]]}",{}
149,NC00962.3,EMB-0.25-0.9,0.0,GARC1,RUS,EMB,embB@A439V,U,{},"{""proportion"": 0.0, ""confidence"": [0.0, 0.5749693909936535], ""p_value"": 1.0, ""contingency"": [[0, 2], [451, 28002]]}",{}
150,NC00962.3,EMB-0.25-0.9,0.0,GARC1,RUS,EMB,embA@c-11a,U,{},"{""proportion"": 0.34615384615384615, ""confidence"": [0.21388096673111992, 0.5074272184703471], ""p_value"": 0.26063938617044724, ""contingency"": [[9, 17], [451, 28002]]}",{}
151,NC00962.3,EMB-0.25-0.9,0.0,GARC1,RUS,EMB,embB@F330S,U,{},"{""proportion"": 0.5, ""confidence"": [0.18240016325464498, 0.8175998367453551], ""p_value"": 0.26171875, ""contingency"": [[2, 2], [451, 28002]]}",{}
152,NC00962.3,EMB-0.25-0.9,0.0,GARC1,RUS,EMB,embB@Y319N,U,{},"{""proportion"": 0.0, ""confidence"": [0.0, 0.5749693909936535], ""p_value"": 1.0, ""contingency"": [[0, 2], [451, 28002]]}",{}
153,NC00962.3,EMB-0.25-0.9,0.0,GARC1,RUS,EMB,embA@G5V,U,{},"{""proportion"": 0.0, ""confidence"": [0.0, 0.7301340512159458], ""p_value"": 1.0, ""contingency"": [[0, 1], [451, 28002]]}",{}
154,NC00962.3,EMB-0.25-0.9,0.0,GARC1,RUS,EMB,embB@M1000R,U,{},"{""proportion"": 0.4, ""confidence"": [0.1427064720192132, 0.7275168281338072], ""p_value"": 0.6044921875, ""contingency"": [[2, 3], [451, 28002]]}",{}
155,NC00962.3,EMB-0.25-0.9,0.0,GARC1,RUS,EMB,embA@H1061Q,U,{},"{""proportion"": 0.0, ""confidence"": [0.0, 0.7301340512159458], ""p_value"": 1.0, ""contingency"": [[0, 1], [451, 28002]]}",{}
156,NC00962.3,EMB-0.25-0.9,0.0,GARC1,RUS,EMB,embB@P404S,U,{},"{""proportion"": 0.3333333333333333, ""confidence"": [0.1172760941022896, 0.6529852329996817], ""p_value"": 0.64404296875, ""contingency"": [[2, 4], [451, 28002]]}",{}
157,NC00962.3,EMB-0.25-0.9,0.0,GARC1,RUS,EMB,embA@A985P,U,{},"{""proportion"": 0.0, ""confidence"": [0.0, 0.4741955741575127], ""p_value"": 1.0, ""contingency"": [[0, 3], [451, 28002]]}",{}
158,NC00962.3,EMB-0.25-0.9,0.0,GARC1,RUS,EMB,embB@A30T,U,{},"{""proportion"": 0.0, ""confidence"": [0.0, 0.4741955741575127], ""p_value"": 1.0, ""contingency"": [[0, 3], [451, 28002]]}",{}
159,NC00962.3,EMB-0.25-0.9,0.0,GARC1,RUS,EMB,embB@A679T,U,{},"{""proportion"": 0.0, ""confidence"": [0.0, 0.31078398130591417], ""p_value"": 0.347412109375, ""contingency"": [[0, 6], [451, 28002]]}",{}
160,NC00962.3,EMB-0.25-0.9,0.0,GARC1,RUS,EMB,embB@A457T,U,{},"{""proportion"": 0.0, ""confidence"": [0.0, 0.7301340512159458], ""p_value"": 1.0, ""contingency"": [[0, 1], [451, 28002]]}",{}
161,NC00962.3,EMB-0.25-0.9,0.0,GARC1,RUS,EMB,embA@P745L,U,{},"{""proportion"": 0.0, ""confidence"": [0.0, 0.7301340512159458], ""p_value"": 1.0, ""contingency"": [[0, 1], [451, 28002]]}",{}
163,NC00962.3,EMB-0.25-0.9,0.0,GARC1,RUS,EMB,embB@Y319D,U,{},"{""proportion"": 0.2857142857142857, ""confidence"": [0.09956584356228707, 0.5913324544888023], ""p_value"": 1.0, ""contingency"": [[2, 5], [451, 28002]]}",{}
164,NC00962.3,EMB-0.25-0.9,0.0,GARC1,RUS,EMB,embA@L653P,U,{},"{""proportion"": 1.0, ""confidence"": [0.26986594878405434, 1.0000000000000002], ""p_value"": 0.25, ""contingency"": [[1, 0], [451, 28002]]}",{}
165,NC00962.3,EMB-0.25-0.9,0.0,GARC1,RUS,EMB,embB@T588M,U,{},"{""proportion"": 0.0, ""confidence"": [0.0, 0.4741955741575127], ""p_value"": 1.0, ""contingency"": [[0, 3], [451, 28002]]}",{}
166,NC00962.3,EMB-0.25-0.9,0.0,GARC1,RUS,EMB,embB@H687Y,U,{},"{""proportion"": 0.0, ""confidence"": [0.0, 0.5749693909936535], ""p_value"": 1.0, ""contingency"": [[0, 2], [451, 28002]]}",{}
167,NC00962.3,EMB-0.25-0.9,0.0,GARC1,RUS,EMB,embB@S412L,U,{},"{""proportion"": 0.0, ""confidence"": [0.0, 0.7301340512159458], ""p_value"": 1.0, ""contingency"": [[0, 1], [451, 28002]]}",{}
168,NC00962.3,EMB-0.25-0.9,0.0,GARC1,RUS,EMB,embA@K1012M,U,{},"{""proportion"": 0.0, ""confidence"": [0.0, 0.7301340512159458], ""p_value"": 1.0, ""contingency"": [[0, 1], [451, 28002]]}",{}
169,NC00962.3,EMB-0.25-0.9,0.0,GARC1,RUS,EMB,embB@V963M,U,{},"{""proportion"": 0.0, ""confidence"": [0.0, 0.7301340512159458], ""p_value"": 1.0, ""contingency"": [[0, 1], [451, 28002]]}",{}
170,NC00962.3,EMB-0.25-0.9,0.0,GARC1,RUS,EMB,embA@R11W,U,{},"{""proportion"": 0.0, ""confidence"": [0.0, 0.7301340512159458], ""p_value"": 1.0, ""contingency"": [[0, 1], [451, 28002]]}",{}
171,NC00962.3,EMB-0.25-0.9,0.0,GARC1,RUS,EMB,embA@g-75c,U,{},"{""proportion"": 0.0, ""confidence"": [0.0, 0.40347862520270455], ""p_value"": 0.578125, ""contingency"": [[0, 4], [451, 28002]]}",{}
172,NC00962.3,EMB-0.25-0.9,0.0,GARC1,RUS,EMB,embB@A720V,U,{},"{""proportion"": 0.0, ""confidence"": [0.0, 0.7301340512159458], ""p_value"": 1.0, ""contingency"": [[0, 1], [451, 28002]]}",{}
173,NC00962.3,EMB-0.25-0.9,0.0,GARC1,RUS,EMB,embA@G1083D,U,{},"{""proportion"": 0.0, ""confidence"": [0.0, 0.7301340512159458], ""p_value"": 1.0, ""contingency"": [[0, 1], [451, 28002]]}",{}
174,NC00962.3,EMB-0.25-0.9,0.0,GARC1,RUS,EMB,embA@A974T,U,{},"{""proportion"": 0.0, ""confidence"": [0.0, 0.7301340512159458], ""p_value"": 1.0, ""contingency"": [[0, 1], [451, 28002]]}",{}
175,NC00962.3,EMB-0.25-0.9,0.0,GARC1,RUS,EMB,embB@Q497E,U,{},"{""proportion"": 0.0, ""confidence"": [0.0, 0.7301340512159458], ""p_value"": 1.0, ""contingency"": [[0, 1], [451, 28002]]}",{}
176,NC00962.3,EMB-0.25-0.9,0.0,GARC1,RUS,EMB,embA@G29V,U,{},"{""proportion"": 0.0, ""confidence"": [0.0, 0.7301340512159458], ""p_value"": 1.0, ""contingency"": [[0, 1], [451, 28002]]}",{}
177,NC00962.3,EMB-0.25-0.9,0.0,GARC1,RUS,EMB,embA@A483T,U,{},"{""proportion"": 0.0, ""confidence"": [0.0, 0.5749693909936535], ""p_value"": 1.0, ""contingency"": [[0, 2], [451, 28002]]}",{}
178,NC00962.3,EMB-0.25-0.9,0.0,GARC1,RUS,EMB,embB@K107E,U,{},"{""proportion"": 0.0, ""confidence"": [0.0, 0.7301340512159458], ""p_value"": 1.0, ""contingency"": [[0, 1], [451, 28002]]}",{}
179,NC00962.3,EMB-0.25-0.9,0.0,GARC1,RUS,EMB,embB@H872Y,U,{},"{""proportion"": 0.0, ""confidence"": [0.0, 0.7301340512159458], ""p_value"": 1.0, ""contingency"": [[0, 1], [451, 28002]]}",{}
180,NC00962.3,EMB-0.25-0.9,0.0,GARC1,RUS,EMB,embA@S654L,U,{},"{""proportion"": 0.0, ""confidence"": [0.0, 0.7301340512159458], ""p_value"": 1.0, ""contingency"": [[0, 1], [451, 28002]]}",{}
181,NC00962.3,EMB-0.25-0.9,0.0,GARC1,RUS,EMB,embB@V444M,U,{},"{""proportion"": 0.0, ""confidence"": [0.0, 0.5749693909936535], ""p_value"": 1.0, ""contingency"": [[0, 2], [451, 28002]]}",{}
182,NC00962.3,EMB-0.25-0.9,0.0,GARC1,RUS,EMB,embA@D235N,U,{},"{""proportion"": 0.0, ""confidence"": [0.0, 0.7301340512159458], ""p_value"": 1.0, ""contingency"": [[0, 1], [451, 28002]]}",{}
183,NC00962.3,EMB-0.25-0.9,0.0,GARC1,RUS,EMB,embB@A225E,U,{},"{""proportion"": 0.0, ""confidence"": [0.0, 0.7301340512159458], ""p_value"": 1.0, ""contingency"": [[0, 1], [451, 28002]]}",{}
184,NC00962.3,EMB-0.25-0.9,0.0,GARC1,RUS,EMB,embA@Q47H,U,{},"{""proportion"": 0.0, ""confidence"": [0.0, 0.5749693909936535], ""p_value"": 1.0, ""contingency"": [[0, 2], [451, 28002]]}",{}
185,NC00962.3,EMB-0.25-0.9,0.0,GARC1,RUS,EMB,embA@G275S,U,{},"{""proportion"": 0.0, ""confidence"": [0.0, 0.5749693909936535], ""p_value"": 1.0, ""contingency"": [[0, 2], [451, 28002]]}",{}
186,NC00962.3,EMB-0.25-0.9,0.0,GARC1,RUS,EMB,embA@T566M,U,{},"{""proportion"": 0.5, ""confidence"": [0.12086631942227369, 0.8791336805777263], ""p_value"": 0.4375, ""contingency"": [[1, 1], [451, 28002]]}",{}
187,NC00962.3,EMB-0.25-0.9,0.0,GARC1,RUS,EMB,embA@A80T,U,{},"{""proportion"": 0.0, ""confidence"": [0.0, 0.7301340512159458], ""p_value"": 1.0, ""contingency"": [[0, 1], [451, 28002]]}",{}
188,NC00962.3,EMB-0.25-0.9,0.0,GARC1,RUS,EMB,embB@A495T,U,{},"{""proportion"": 0.0, ""confidence"": [0.0, 0.4741955741575127], ""p_value"": 1.0, ""contingency"": [[0, 3], [451, 28002]]}",{}
189,NC00962.3,EMB-0.25-0.9,0.0,GARC1,RUS,EMB,embA@A95T,U,{},"{""proportion"": 0.0, ""confidence"": [0.0, 0.7301340512159458], ""p_value"": 1.0, ""contingency"": [[0, 1], [451, 28002]]}",{}
190,NC00962.3,EMB-0.25-0.9,0.0,GARC1,RUS,EMB,embB@G187W,U,{},"{""proportion"": 0.0, ""confidence"": [0.0, 0.7301340512159458], ""p_value"": 1.0, ""contingency"": [[0, 1], [451, 28002]]}",{}
191,NC00962.3,EMB-0.25-0.9,0.0,GARC1,RUS,EMB,embA@A686S,U,{},"{""proportion"": 0.0, ""confidence"": [0.0, 0.7301340512159458], ""p_value"": 1.0, ""contingency"": [[0, 1], [451, 28002]]}",{}
192,NC00962.3,EMB-0.25-0.9,0.0,GARC1,RUS,EMB,embB@K765N,U,{},"{""proportion"": 0.0, ""confidence"": [0.0, 0.7301340512159458], ""p_value"": 1.0, ""contingency"": [[0, 1], [451, 28002]]}",{}
193,NC00962.3,EMB-0.25-0.9,0.0,GARC1,RUS,EMB,embB@V116I,U,{},"{""proportion"": 0.0, ""confidence"": [0.0, 0.7301340512159458], ""p_value"": 1.0, ""contingency"": [[0, 1], [451, 28002]]}",{}
194,NC00962.3,EMB-0.25-0.9,0.0,GARC1,RUS,EMB,embA@A874T,U,{},"{""proportion"": 0.0, ""confidence"": [0.0, 0.7301340512159458], ""p_value"": 1.0, ""contingency"": [[0, 1], [451, 28002]]}",{}
195,NC00962.3,EMB-0.25-0.9,0.0,GARC1,RUS,EMB,embA@V607M,U,{},"{""proportion"": 0.0, ""confidence"": [0.0, 0.40347862520270455], ""p_value"": 0.578125, ""contingency"": [[0, 4], [451, 28002]]}",{}
196,NC00962.3,EMB-0.25-0.9,0.0,GARC1,RUS,EMB,embA@P714S,U,{},"{""proportion"": 1.0, ""confidence"": [0.26986594878405434, 1.0000000000000002], ""p_value"": 0.25, ""contingency"": [[1, 0], [451, 28002]]}",{}
197,NC00962.3,EMB-0.25-0.9,0.0,GARC1,RUS,EMB,embB@V123A,U,{},"{""proportion"": 0.0, ""confidence"": [0.0, 0.7301340512159458], ""p_value"": 1.0, ""contingency"": [[0, 1], [451, 28002]]}",{}
198,NC00962.3,EMB-0.25-0.9,0.0,GARC1,RUS,EMB,embA@R380L,U,{},"{""proportion"": 0.0, ""confidence"": [0.0, 0.7301340512159458], ""p_value"": 1.0, ""contingency"": [[0, 1], [451, 28002]]}",{}
199,NC00962.3,EMB-0.25-0.9,0.0,GARC1,RUS,EMB,embB@G65S,U,{},"{""proportion"": 0.0, ""confidence"": [0.0, 0.40347862520270455], ""p_value"": 0.578125, ""contingency"": [[0, 4], [451, 28002]]}",{}
200,NC00962.3,EMB-0.25-0.9,0.0,GARC1,RUS,EMB,embB@P866S,U,{},"{""proportion"": 0.0, ""confidence"": [0.0, 0.7301340512159458], ""p_value"": 1.0, ""contingency"": [[0, 1], [451, 28002]]}",{}
201,NC00962.3,EMB-0.25-0.9,0.0,GARC1,RUS,EMB,embA@S309A,U,{},"{""proportion"": 0.0, ""confidence"": [0.0, 0.7301340512159458], ""p_value"": 1.0, ""contingency"": [[0, 1], [451, 28002]]}",{}
202,NC00962.3,EMB-0.25-0.9,0.0,GARC1,RUS,EMB,embB@T126N,U,{},"{""proportion"": 0.0, ""confidence"": [0.0, 0.5749693909936535], ""p_value"": 1.0, ""contingency"": [[0, 2], [451, 28002]]}",{}
203,NC00962.3,EMB-0.25-0.9,0.0,GARC1,RUS,EMB,embB@P824L,U,{},"{""proportion"": 0.0, ""confidence"": [0.0, 0.5749693909936535], ""p_value"": 1.0, ""contingency"": [[0, 2], [451, 28002]]}",{}
204,NC00962.3,EMB-0.25-0.9,0.0,GARC1,RUS,EMB,embA@V1074A,U,{},"{""proportion"": 0.0, ""confidence"": [0.0, 0.7301340512159458], ""p_value"": 1.0, ""contingency"": [[0, 1], [451, 28002]]}",{}
205,NC00962.3,EMB-0.25-0.9,0.0,GARC1,RUS,EMB,embB@G374E,U,{},"{""proportion"": 0.0, ""confidence"": [0.0, 0.5749693909936535], ""p_value"": 1.0, ""contingency"": [[0, 2], [451, 28002]]}",{}
206,NC00962.3,EMB-0.25-0.9,0.0,GARC1,RUS,EMB,embA@K816N,U,{},"{""proportion"": 0.0, ""confidence"": [0.0, 0.5749693909936535], ""p_value"": 1.0, ""contingency"": [[0, 2], [451, 28002]]}",{}
207,NC00962.3,EMB-0.25-0.9,0.0,GARC1,RUS,EMB,embB@A33P,U,{},"{""proportion"": 0.0, ""confidence"": [0.0, 0.7301340512159458], ""p_value"": 1.0, ""contingency"": [[0, 1], [451, 28002]]}",{}
208,NC00962.3,EMB-0.25-0.9,0.0,GARC1,RUS,EMB,embA@Y289C,U,{},"{""proportion"": 0.0, ""confidence"": [0.0, 0.7301340512159458], ""p_value"": 1.0, ""contingency"": [[0, 1], [451, 28002]]}",{}
209,NC00962.3,EMB-0.25-0.9,0.0,GARC1,RUS,EMB,embB@T216A,U,{},"{""proportion"": 0.0, ""confidence"": [0.0, 0.5749693909936535], ""p_value"": 1.0, ""contingency"": [[0, 2], [451, 28002]]}",{}
210,NC00962.3,EMB-0.25-0.9,0.0,GARC1,RUS,EMB,embA@R325C,U,{},"{""proportion"": 0.0, ""confidence"": [0.0, 0.7301340512159458], ""p_value"": 1.0, ""contingency"": [[0, 1], [451, 28002]]}",{}
211,NC00962.3,EMB-0.25-0.9,0.0,GARC1,RUS,EMB,embA@P1094T,U,{},"{""proportion"": 0.0, ""confidence"": [0.0, 0.7301340512159458], ""p_value"": 1.0, ""contingency"": [[0, 1], [451, 28002]]}",{}
212,NC00962.3,EMB-0.25-0.9,0.0,GARC1,RUS,EMB,embB@M586V,U,{},"{""proportion"": 0.0, ""confidence"": [0.0, 0.7301340512159458], ""p_value"": 1.0, ""contingency"": [[0, 1], [451, 28002]]}",{}
213,NC00962.3,EMB-0.25-0.9,0.0,GARC1,RUS,EMB,embB@P983T,U,{},"{""proportion"": 0.0, ""confidence"": [0.0, 0.7301340512159458], ""p_value"": 1.0, ""contingency"": [[0, 1], [451, 28002]]}",{}
214,NC00962.3,EMB-0.25-0.9,0.0,GARC1,RUS,EMB,embA@A148E,U,{},"{""proportion"": 0.0, ""confidence"": [0.0, 0.7301340512159458], ""p_value"": 1.0, ""contingency"": [[0, 1], [451, 28002]]}",{}
215,NC00962.3,EMB-0.25-0.9,0.0,GARC1,RUS,EMB,embA@-41_del_a,U,{},"{""proportion"": 0.0, ""confidence"": [0.0, 0.7301340512159458], ""p_value"": 1.0, ""contingency"": [[0, 1], [451, 28002]]}",{}
216,NC00962.3,EMB-0.25-0.9,0.0,GARC1,RUS,EMB,embB@D870N,U,{},"{""proportion"": 0.0, ""confidence"": [0.0, 0.4741955741575127], ""p_value"": 1.0, ""contingency"": [[0, 3], [451, 28002]]}",{}
217,NC00962.3,EMB-0.25-0.9,0.0,GARC1,RUS,EMB,embB@A601P,U,{},"{""proportion"": 0.0, ""confidence"": [0.0, 0.7301340512159458], ""p_value"": 1.0, ""contingency"": [[0, 1], [451, 28002]]}",{}
218,NC00962.3,EMB-0.25-0.9,0.0,GARC1,RUS,EMB,embB@Q3H,U,{},"{""proportion"": 0.0, ""confidence"": [0.0, 0.7301340512159458], ""p_value"": 1.0, ""contingency"": [[0, 1], [451, 28002]]}",{}
219,NC00962.3,EMB-0.25-0.9,0.0,GARC1,RUS,EMB,embB@W332R,U,{},"{""proportion"": 0.2857142857142857, ""confidence"": [0.09956584356228707, 0.5913324544888023], ""p_value"": 1.0, ""contingency"": [[2, 5], [451, 28002]]}",{}
220,NC00962.3,EMB-0.25-0.9,0.0,GARC1,RUS,EMB,embB@T849A,U,{},"{""proportion"": 0.0, ""confidence"": [0.0, 0.40347862520270455], ""p_value"": 0.578125, ""contingency"": [[0, 4], [451, 28002]]}",{}
221,NC00962.3,EMB-0.25-0.9,0.0,GARC1,RUS,EMB,embA@I155V,U,{},"{""proportion"": 0.0, ""confidence"": [0.0, 0.278762695452542], ""p_value"": 0.20404052734375, ""contingency"": [[0, 7], [451, 28002]]}",{}
222,NC00962.3,EMB-0.25-0.9,0.0,GARC1,RUS,EMB,embB@A388S,U,{},"{""proportion"": 0.0, ""confidence"": [0.0, 0.7301340512159458], ""p_value"": 1.0, ""contingency"": [[0, 1], [451, 28002]]}",{}
223,NC00962.3,EMB-0.25-0.9,0.0,GARC1,RUS,EMB,embB@G769A,U,{},"{""proportion"": 0.0, ""confidence"": [0.0, 0.7301340512159458], ""p_value"": 1.0, ""contingency"": [[0, 1], [451, 28002]]}",{}
224,NC00962.3,EMB-0.25-0.9,0.0,GARC1,RUS,EMB,embB@R182L,U,{},"{""proportion"": 0.0, ""confidence"": [0.0, 0.7301340512159458], ""p_value"": 1.0, ""contingency"": [[0, 1], [451, 28002]]}",{}
225,NC00962.3,EMB-0.25-0.9,0.0,GARC1,RUS,EMB,embB@R14Q,U,{},"{""proportion"": 0.16666666666666666, ""confidence"": [0.038105570079342885, 0.5024170841245998], ""p_value"": 1.0, ""contingency"": [[1, 5], [451, 28002]]}",{}
227,NC00962.3,EMB-0.25-0.9,0.0,GARC1,RUS,EMB,embB@S22P,U,{},"{""proportion"": 0.0, ""confidence"": [0.0, 0.7301340512159458], ""p_value"": 1.0, ""contingency"": [[0, 1], [451, 28002]]}",{}
228,NC00962.3,EMB-0.25-0.9,0.0,GARC1,RUS,EMB,embA@S788F,U,{},"{""proportion"": 0.0, ""confidence"": [0.0, 0.7301340512159458], ""p_value"": 1.0, ""contingency"": [[0, 1], [451, 28002]]}",{}
229,NC00962.3,EMB-0.25-0.9,0.0,GARC1,RUS,EMB,embB@S651N,U,{},"{""proportion"": 1.0, ""confidence"": [0.26986594878405434, 1.0000000000000002], ""p_value"": 0.25, ""contingency"": [[1, 0], [451, 28002]]}",{}
230,NC00962.3,EMB-0.25-0.9,0.0,GARC1,RUS,EMB,embB@A102S,U,{},"{""proportion"": 0.0, ""confidence"": [0.0, 0.7301340512159458], ""p_value"": 1.0, ""contingency"": [[0, 1], [451, 28002]]}",{}
231,NC00962.3,EMB-0.25-0.9,0.0,GARC1,RUS,EMB,embB@A1073V,U,{},"{""proportion"": 0.0, ""confidence"": [0.0, 0.5749693909936535], ""p_value"": 1.0, ""contingency"": [[0, 2], [451, 28002]]}",{}
232,NC00962.3,EMB-0.25-0.9,0.0,GARC1,RUS,EMB,embB@P818L,U,{},"{""proportion"": 0.0, ""confidence"": [0.0, 0.7301340512159458], ""p_value"": 1.0, ""contingency"": [[0, 1], [451, 28002]]}",{}
233,NC00962.3,EMB-0.25-0.9,0.0,GARC1,RUS,EMB,embB@V618M,U,{},"{""proportion"": 0.0625, ""confidence"": [0.01406905355763439, 0.2374897138015238], ""p_value"": 0.14303369168192148, ""contingency"": [[1, 15], [451, 28002]]}",{}
234,NC00962.3,EMB-0.25-0.9,0.0,GARC1,RUS,EMB,embB@F398L,U,{},"{""proportion"": 0.0, ""confidence"": [0.0, 0.7301340512159458], ""p_value"": 1.0, ""contingency"": [[0, 1], [451, 28002]]}",{}
235,NC00962.3,EMB-0.25-0.9,0.0,GARC1,RUS,EMB,embA@F342V,U,{},"{""proportion"": 0.0, ""confidence"": [0.0, 0.7301340512159458], ""p_value"": 1.0, ""contingency"": [[0, 1], [451, 28002]]}",{}
236,NC00962.3,EMB-0.25-0.9,0.0,GARC1,RUS,EMB,embB@V417A,U,{},"{""proportion"": 0.0, ""confidence"": [0.0, 0.4741955741575127], ""p_value"": 1.0, ""contingency"": [[0, 3], [451, 28002]]}",{}
237,NC00962.3,EMB-0.25-0.9,0.0,GARC1,RUS,EMB,embB@E138K,U,{},"{""proportion"": 0.0, ""confidence"": [0.0, 0.7301340512159458], ""p_value"": 1.0, ""contingency"": [[0, 1], [451, 28002]]}",{}
238,NC00962.3,EMB-0.25-0.9,0.0,GARC1,RUS,EMB,embA@S77P,U,{},"{""proportion"": 0.0, ""confidence"": [0.0, 0.40347862520270455], ""p_value"": 0.578125, ""contingency"": [[0, 4], [451, 28002]]}",{}
239,NC00962.3,EMB-0.25-0.9,0.0,GARC1,RUS,EMB,embB@M396I,U,{},"{""proportion"": 0.0, ""confidence"": [0.0, 0.5749693909936535], ""p_value"": 1.0, ""contingency"": [[0, 2], [451, 28002]]}",{}
240,NC00962.3,EMB-0.25-0.9,0.0,GARC1,RUS,EMB,embA@P754S,U,{},"{""proportion"": 0.0, ""confidence"": [0.0, 0.7301340512159458], ""p_value"": 1.0, ""contingency"": [[0, 1], [451, 28002]]}",{}
241,NC00962.3,EMB-0.25-0.9,0.0,GARC1,RUS,EMB,embB@V131M,U,{},"{""proportion"": 0.0, ""confidence"": [0.0, 0.3511165007651012], ""p_value"": 0.34082031250000006, ""contingency"": [[0, 5], [451, 28002]]}",{}
242,NC00962.3,EMB-0.25-0.9,0.0,GARC1,RUS,EMB,embB@I489T,U,{},"{""proportion"": 0.0, ""confidence"": [0.0, 0.5749693909936535], ""p_value"": 1.0, ""contingency"": [[0, 2], [451, 28002]]}",{}
243,NC00962.3,EMB-0.25-0.9,0.0,GARC1,RUS,EMB,embA@F577Y,U,{},"{""proportion"": 1.0, ""confidence"": [0.26986594878405434, 1.0000000000000002], ""p_value"": 0.25, ""contingency"": [[1, 0], [451, 28002]]}",{}
244,NC00962.3,EMB-0.25-0.9,0.0,GARC1,RUS,EMB,embA@A921E,U,{},"{""proportion"": 0.0, ""confidence"": [0.0, 0.7301340512159458], ""p_value"": 1.0, ""contingency"": [[0, 1], [451, 28002]]}",{}
245,NC00962.3,EMB-0.25-0.9,0.0,GARC1,RUS,EMB,embA@V18I,U,{},"{""proportion"": 0.0, ""confidence"": [0.0, 0.5749693909936535], ""p_value"": 1.0, ""contingency"": [[0, 2], [451, 28002]]}",{}
246,NC00962.3,EMB-0.25-0.9,0.0,GARC1,RUS,EMB,embB@A1083E,U,{},"{""proportion"": 0.0, ""confidence"": [0.0, 0.5749693909936535], ""p_value"": 1.0, ""contingency"": [[0, 2], [451, 28002]]}",{}
247,NC00962.3,EMB-0.25-0.9,0.0,GARC1,RUS,EMB,embA@P901Q,U,{},"{""proportion"": 0.0, ""confidence"": [0.0, 0.7301340512159458], ""p_value"": 1.0, ""contingency"": [[0, 1], [451, 28002]]}",{}
248,NC00962.3,EMB-0.25-0.9,0.0,GARC1,RUS,EMB,embA@R229S,U,{},"{""proportion"": 0.0, ""confidence"": [0.0, 0.7301340512159458], ""p_value"": 1.0, ""contingency"": [[0, 1], [451, 28002]]}",{}
249,NC00962.3,EMB-0.25-0.9,0.0,GARC1,RUS,EMB,embA@G759R,U,{},"{""proportion"": 0.0, ""confidence"": [0.0, 0.7301340512159458], ""p_value"": 1.0, ""contingency"": [[0, 1], [451, 28002]]}",{}
250,NC00962.3,EMB-0.25-0.9,0.0,GARC1,RUS,EMB,embA@N722D,U,{},"{""proportion"": 0.0, ""confidence"": [0.0, 0.7301340512159458], ""p_value"": 1.0, ""contingency"": [[0, 1], [451, 28002]]}",{}
251,NC00962.3,EMB-0.25-0.9,0.0,GARC1,RUS,EMB,embB@S347I,U,{},"{""proportion"": 0.2, ""confidence"": [0.045962453880603965, 0.5647074465784567], ""p_value"": 1.0, ""contingency"": [[1, 4], [451, 28002]]}",{}
253,NC00962.3,EMB-0.25-0.9,0.0,GARC1,RUS,EMB,embB@V77I,U,{},"{""proportion"": 0.0, ""confidence"": [0.0, 0.4741955741575127], ""p_value"": 1.0, ""contingency"": [[0, 3], [451, 28002]]}",{}
254,NC00962.3,EMB-0.25-0.9,0.0,GARC1,RUS,EMB,embA@A331S,U,{},"{""proportion"": 0.0, ""confidence"": [0.0, 0.7301340512159458], ""p_value"": 1.0, ""contingency"": [[0, 1], [451, 28002]]}",{}
255,NC00962.3,EMB-0.25-0.9,0.0,GARC1,RUS,EMB,embA@V98L,U,{},"{""proportion"": 0.0, ""confidence"": [0.0, 0.5749693909936535], ""p_value"": 1.0, ""contingency"": [[0, 2], [451, 28002]]}",{}
256,NC00962.3,EMB-0.25-0.9,0.0,GARC1,RUS,EMB,embB@I32T,U,{},"{""proportion"": 0.0, ""confidence"": [0.0, 0.40347862520270455], ""p_value"": 0.578125, ""contingency"": [[0, 4], [451, 28002]]}",{}
257,NC00962.3,EMB-0.25-0.9,0.0,GARC1,RUS,EMB,embA@S824A,U,{},"{""proportion"": 0.0, ""confidence"": [0.0, 0.7301340512159458], ""p_value"": 1.0, ""contingency"": [[0, 1], [451, 28002]]}",{}
258,NC00962.3,EMB-0.25-0.9,0.0,GARC1,RUS,EMB,embB@T643P,U,{},"{""proportion"": 0.0, ""confidence"": [0.0, 0.7301340512159458], ""p_value"": 1.0, ""contingency"": [[0, 1], [451, 28002]]}",{}
259,NC00962.3,EMB-0.25-0.9,0.0,GARC1,RUS,EMB,embA@P838L,U,{},"{""proportion"": 0.0, ""confidence"": [0.0, 0.5749693909936535], ""p_value"": 1.0, ""contingency"": [[0, 2], [451, 28002]]}",{}
260,NC00962.3,EMB-0.25-0.9,0.0,GARC1,RUS,EMB,embB@S347T,U,{},"{""proportion"": 0.5, ""confidence"": [0.12086631942227369, 0.8791336805777263], ""p_value"": 0.4375, ""contingency"": [[1, 1], [451, 28002]]}",{}
261,NC00962.3,EMB-0.25-0.9,0.0,GARC1,RUS,EMB,embA@D678A,U,{},"{""proportion"": 0.0, ""confidence"": [0.0, 0.7301340512159458], ""p_value"": 1.0, ""contingency"": [[0, 1], [451, 28002]]}",{}
262,NC00962.3,EMB-0.25-0.9,0.0,GARC1,RUS,EMB,embA@F565L,U,{},"{""proportion"": 0.0, ""confidence"": [0.0, 0.7301340512159458], ""p_value"": 1.0, ""contingency"": [[0, 1], [451, 28002]]}",{}
263,NC00962.3,EMB-0.25-0.9,0.0,GARC1,RUS,EMB,embB@M575R,U,{},"{""proportion"": 0.0, ""confidence"": [0.0, 0.5749693909936535], ""p_value"": 1.0, ""contingency"": [[0, 2], [451, 28002]]}",{}
264,NC00962.3,EMB-0.25-0.9,0.0,GARC1,RUS,EMB,embA@V531L,U,{},"{""proportion"": 0.0, ""confidence"": [0.0, 0.278762695452542], ""p_value"": 0.20404052734375, ""contingency"": [[0, 7], [451, 28002]]}",{}
265,NC00962.3,EMB-0.25-0.9,0.0,GARC1,RUS,EMB,embA@P976L,U,{},"{""proportion"": 0.0, ""confidence"": [0.0, 0.7301340512159458], ""p_value"": 1.0, ""contingency"": [[0, 1], [451, 28002]]}",{}
266,NC00962.3,EMB-0.25-0.9,0.0,GARC1,RUS,EMB,embB@S650P,U,{},"{""proportion"": 0.0, ""confidence"": [0.0, 0.7301340512159458], ""p_value"": 1.0, ""contingency"": [[0, 1], [451, 28002]]}",{}
267,NC00962.3,EMB-0.25-0.9,0.0,GARC1,RUS,EMB,embA@E1075G,U,{},"{""proportion"": 0.0, ""confidence"": [0.0, 0.7301340512159458], ""p_value"": 1.0, ""contingency"": [[0, 1], [451, 28002]]}",{}
268,NC00962.3,EMB-0.25-0.9,0.0,GARC1,RUS,EMB,embA@T475M,U,{},"{""proportion"": 0.0, ""confidence"": [0.0, 0.7301340512159458], ""p_value"": 1.0, ""contingency"": [[0, 1], [451, 28002]]}",{}
269,NC00962.3,EMB-0.25-0.9,0.0,GARC1,RUS,EMB,embA@Q858R,U,{},"{""proportion"": 0.0, ""confidence"": [0.0, 0.5749693909936535], ""p_value"": 1.0, ""contingency"": [[0, 2], [451, 28002]]}",{}
270,NC00962.3,EMB-0.25-0.9,0.0,GARC1,RUS,EMB,embA@P1094S,U,{},"{""proportion"": 0.0, ""confidence"": [0.0, 0.4741955741575127], ""p_value"": 1.0, ""contingency"": [[0, 3], [451, 28002]]}",{}
271,NC00962.3,EMB-0.25-0.9,0.0,GARC1,RUS,EMB,embB@R173C,U,{},"{""proportion"": 0.0, ""confidence"": [0.0, 0.7301340512159458], ""p_value"": 1.0, ""contingency"": [[0, 1], [451, 28002]]}",{}
272,NC00962.3,EMB-0.25-0.9,0.0,GARC1,RUS,EMB,embA@R472L,U,{},"{""proportion"": 0.0, ""confidence"": [0.0, 0.5749693909936535], ""p_value"": 1.0, ""contingency"": [[0, 2], [451, 28002]]}",{}
273,NC00962.3,EMB-0.25-0.9,0.0,GARC1,RUS,EMB,embB@T157I,U,{},"{""proportion"": 0.0, ""confidence"": [0.0, 0.3511165007651012], ""p_value"": 0.34082031250000006, ""contingency"": [[0, 5], [451, 28002]]}",{}
274,NC00962.3,EMB-0.25-0.9,0.0,GARC1,RUS,EMB,embA@P548L,U,{},"{""proportion"": 0.0, ""confidence"": [0.0, 0.7301340512159458], ""p_value"": 1.0, ""contingency"": [[0, 1], [451, 28002]]}",{}
275,NC00962.3,EMB-0.25-0.9,0.0,GARC1,RUS,EMB,embB@G851D,U,{},"{""proportion"": 0.0, ""confidence"": [0.0, 0.7301340512159458], ""p_value"": 1.0, ""contingency"": [[0, 1], [451, 28002]]}",{}
276,NC00962.3,EMB-0.25-0.9,0.0,GARC1,RUS,EMB,embB@F688V,U,{},"{""proportion"": 0.0, ""confidence"": [0.0, 0.7301340512159458], ""p_value"": 1.0, ""contingency"": [[0, 1], [451, 28002]]}",{}
277,NC00962.3,EMB-0.25-0.9,0.0,GARC1,RUS,EMB,embA@Q1004R,U,{},"{""proportion"": 0.0, ""confidence"": [0.0, 0.7301340512159458], ""p_value"": 1.0, ""contingency"": [[0, 1], [451, 28002]]}",{}
278,NC00962.3,EMB-0.25-0.9,0.0,GARC1,RUS,EMB,embA@L459R,U,{},"{""proportion"": 0.0, ""confidence"": [0.0, 0.7301340512159458], ""p_value"": 1.0, ""contingency"": [[0, 1], [451, 28002]]}",{}
279,NC00962.3,EMB-0.25-0.9,0.0,GARC1,RUS,EMB,embB@V135M,U,{},"{""proportion"": 0.0, ""confidence"": [0.0, 0.5749693909936535], ""p_value"": 1.0, ""contingency"": [[0, 2], [451, 28002]]}",{}
280,NC00962.3,EMB-0.25-0.9,0.0,GARC1,RUS,EMB,embA@L390M,U,{},"{""proportion"": 0.0, ""confidence"": [0.0, 0.7301340512159458], ""p_value"": 1.0, ""contingency"": [[0, 1], [451, 28002]]}",{}
281,NC00962.3,EMB-0.25-0.9,0.0,GARC1,RUS,EMB,embA@S1017A,U,{},"{""proportion"": 0.0, ""confidence"": [0.0, 0.4741955741575127], ""p_value"": 1.0, ""contingency"": [[0, 3], [451, 28002]]}",{}
282,NC00962.3,EMB-0.25-0.9,0.0,GARC1,RUS,EMB,embB@D78A,U,{},"{""proportion"": 0.0, ""confidence"": [0.0, 0.7301340512159458], ""p_value"": 1.0, ""contingency"": [[0, 1], [451, 28002]]}",{}
283,NC00962.3,EMB-0.25-0.9,0.0,GARC1,RUS,EMB,embB@C549F,U,{},"{""proportion"": 0.0, ""confidence"": [0.0, 0.5749693909936535], ""p_value"": 1.0, ""contingency"": [[0, 2], [451, 28002]]}",{}
284,NC00962.3,EMB-0.25-0.9,0.0,GARC1,RUS,EMB,embA@V898I,U,{},"{""proportion"": 0.0, ""confidence"": [0.0, 0.7301340512159458], ""p_value"": 1.0, ""contingency"": [[0, 1], [451, 28002]]}",{}
285,NC00962.3,EMB-0.25-0.9,0.0,GARC1,RUS,EMB,embA@W550S,U,{},"{""proportion"": 0.0, ""confidence"": [0.0, 0.7301340512159458], ""p_value"": 1.0, ""contingency"": [[0, 1], [451, 28002]]}",{}
286,NC00962.3,EMB-0.25-0.9,0.0,GARC1,RUS,EMB,embA@G146D,U,{},"{""proportion"": 0.0, ""confidence"": [0.0, 0.7301340512159458], ""p_value"": 1.0, ""contingency"": [[0, 1], [451, 28002]]}",{}
287,NC00962.3,EMB-0.25-0.9,0.0,GARC1,RUS,EMB,embA@G909R,U,{},"{""proportion"": 0.0, ""confidence"": [0.0, 0.4741955741575127], ""p_value"": 1.0, ""contingency"": [[0, 3], [451, 28002]]}",{}
288,NC00962.3,EMB-0.25-0.9,0.0,GARC1,RUS,EMB,embA@A589E,U,{},"{""proportion"": 0.0, ""confidence"": [0.0, 0.7301340512159458], ""p_value"": 1.0, ""contingency"": [[0, 1], [451, 28002]]}",{}
289,NC00962.3,EMB-0.25-0.9,0.0,GARC1,RUS,EMB,embA@P164S,U,{},"{""proportion"": 0.0, ""confidence"": [0.0, 0.7301340512159458], ""p_value"": 1.0, ""contingency"": [[0, 1], [451, 28002]]}",{}
290,NC00962.3,EMB-0.25-0.9,0.0,GARC1,RUS,EMB,embA@D865N,U,{},"{""proportion"": 0.0, ""confidence"": [-2.1340331742842984e-17, 0.2311335193197566], ""p_value"": 0.12401199340820315, ""contingency"": [[0, 9], [451, 28002]]}",{}
291,NC00962.3,EMB-0.25-0.9,0.0,GARC1,RUS,EMB,embA@V695M,U,{},"{""proportion"": 0.0, ""confidence"": [0.0, 0.278762695452542], ""p_value"": 0.20404052734375, ""contingency"": [[0, 7], [451, 28002]]}",{}
292,NC00962.3,EMB-0.25-0.9,0.0,GARC1,RUS,EMB,embB@P167R,U,{},"{""proportion"": 0.0, ""confidence"": [0.0, 0.7301340512159458], ""p_value"": 1.0, ""contingency"": [[0, 1], [451, 28002]]}",{}
293,NC00962.3,EMB-0.25-0.9,0.0,GARC1,RUS,EMB,embB@A338T,U,{},"{""proportion"": 0.0, ""confidence"": [0.0, 0.31078398130591417], ""p_value"": 0.347412109375, ""contingency"": [[0, 6], [451, 28002]]}",{}
294,NC00962.3,EMB-0.25-0.9,0.0,GARC1,RUS,EMB,embA@E675K,U,{},"{""proportion"": 0.0, ""confidence"": [0.0, 0.7301340512159458], ""p_value"": 1.0, ""contingency"": [[0, 1], [451, 28002]]}",{}
295,NC00962.3,EMB-0.25-0.9,0.0,GARC1,RUS,EMB,embB@N807T,U,{},"{""proportion"": 0.0, ""confidence"": [0.0, 0.7301340512159458], ""p_value"": 1.0, ""contingency"": [[0, 1], [451, 28002]]}",{}
296,NC00962.3,EMB-0.25-0.9,0.0,GARC1,RUS,EMB,embA@Q751P,U,{},"{""proportion"": 0.0, ""confidence"": [0.0, 0.7301340512159458], ""p_value"": 1.0, ""contingency"": [[0, 1], [451, 28002]]}",{}
297,NC00962.3,EMB-0.25-0.9,0.0,GARC1,RUS,EMB,embB@L410P,U,{},"{""proportion"": 1.0, ""confidence"": [0.26986594878405434, 1.0000000000000002], ""p_value"": 0.25, ""contingency"": [[1, 0], [451, 28002]]}",{}
298,NC00962.3,EMB-0.25-0.9,0.0,GARC1,RUS,EMB,embB@P531H,U,{},"{""proportion"": 0.0, ""confidence"": [0.0, 0.7301340512159458], ""p_value"": 1.0, ""contingency"": [[0, 1], [451, 28002]]}",{}
299,NC00962.3,EMB-0.25-0.9,0.0,GARC1,RUS,EMB,embA@P327S,U,{},"{""proportion"": 0.0, ""confidence"": [0.0, 0.7301340512159458], ""p_value"": 1.0, ""contingency"": [[0, 1], [451, 28002]]}",{}
300,NC00962.3,EMB-0.25-0.9,0.0,GARC1,RUS,EMB,embA@g-20a,U,{},"{""proportion"": 0.0, ""confidence"": [0.0, 0.7301340512159458], ""p_value"": 1.0, ""contingency"": [[0, 1], [451, 28002]]}",{}
301,NC00962.3,EMB-0.25-0.9,0.0,GARC1,RUS,EMB,embA@-32_del_g,U,{},"{""proportion"": 0.25, ""confidence"": [0.05790732119985871, 0.6438319914014936], ""p_value"": 1.0, ""contingency"": [[1, 3], [451, 28002]]}",{}
302,NC00962.3,EMB-0.25-0.9,0.0,GARC1,RUS,EMB,embB@R1045Q,U,{},"{""proportion"": 0.0, ""confidence"": [0.0, 0.7301340512159458], ""p_value"": 1.0, ""contingency"": [[0, 1], [451, 28002]]}",{}
303,NC00962.3,EMB-0.25-0.9,0.0,GARC1,RUS,EMB,embA@V898F,U,{},"{""proportion"": 0.0, ""confidence"": [0.0, 0.7301340512159458], ""p_value"": 1.0, ""contingency"": [[0, 1], [451, 28002]]}",{}
304,NC00962.3,EMB-0.25-0.9,0.0,GARC1,RUS,EMB,embB@F330I,U,{},"{""proportion"": 0.16666666666666666, ""confidence"": [0.038105570079342885, 0.5024170841245998], ""p_value"": 1.0, ""contingency"": [[1, 5], [451, 28002]]}",{}
305,NC00962.3,EMB-0.25-0.9,0.0,GARC1,RUS,EMB,embA@A438T,U,{},"{""proportion"": 0.0, ""confidence"": [0.0, 0.7301340512159458], ""p_value"": 1.0, ""contingency"": [[0, 1], [451, 28002]]}",{}
306,NC00962.3,EMB-0.25-0.9,0.0,GARC1,RUS,EMB,embA@g-43t,U,{},"{""proportion"": 0.0, ""confidence"": [0.0, 0.7301340512159458], ""p_value"": 1.0, ""contingency"": [[0, 1], [451, 28002]]}",{}
307,NC00962.3,EMB-0.25-0.9,0.0,GARC1,RUS,EMB,embA@2602_ins_tgg,U,{},"{""proportion"": 0.0, ""confidence"": [0.0, 0.4741955741575127], ""p_value"": 1.0, ""contingency"": [[0, 3], [451, 28002]]}",{}
308,NC00962.3,EMB-0.25-0.9,0.0,GARC1,RUS,EMB,embB@T893A,U,{},"{""proportion"": 0.0, ""confidence"": [0.0, 0.7301340512159458], ""p_value"": 1.0, ""contingency"": [[0, 1], [451, 28002]]}",{}
309,NC00962.3,EMB-0.25-0.9,0.0,GARC1,RUS,EMB,embA@A60D,U,{},"{""proportion"": 0.0, ""confidence"": [0.0, 0.7301340512159458], ""p_value"": 1.0, ""contingency"": [[0, 1], [451, 28002]]}",{}
310,NC00962.3,EMB-0.25-0.9,0.0,GARC1,RUS,EMB,embA@A430T,U,{},"{""proportion"": 0.0, ""confidence"": [0.0, 0.7301340512159458], ""p_value"": 1.0, ""contingency"": [[0, 1], [451, 28002]]}",{}
311,NC00962.3,EMB-0.25-0.9,0.0,GARC1,RUS,EMB,embA@c-11t,U,{},"{""proportion"": 0.25, ""confidence"": [0.05790732119985871, 0.6438319914014936], ""p_value"": 1.0, ""contingency"": [[1, 3], [451, 28002]]}",{}
312,NC00962.3,EMB-0.25-0.9,0.0,GARC1,RUS,EMB,embB@G825S,U,{},"{""proportion"": 0.0, ""confidence"": [0.0, 0.7301340512159458], ""p_value"": 1.0, ""contingency"": [[0, 1], [451, 28002]]}",{}
313,NC00962.3,EMB-0.25-0.9,0.0,GARC1,RUS,EMB,embB@V456A,U,{},"{""proportion"": 0.0, ""confidence"": [0.0, 0.5749693909936535], ""p_value"": 1.0, ""contingency"": [[0, 2], [451, 28002]]}",{}
314,NC00962.3,EMB-0.25-0.9,0.0,GARC1,RUS,EMB,embB@D191Y,U,{},"{""proportion"": 0.0, ""confidence"": [0.0, 0.31078398130591417], ""p_value"": 0.347412109375, ""contingency"": [[0, 6], [451, 28002]]}",{}
315,NC00962.3,EMB-0.25-0.9,0.0,GARC1,RUS,EMB,embB@N807D,U,{},"{""proportion"": 0.0, ""confidence"": [0.0, 0.31078398130591417], ""p_value"": 0.347412109375, ""contingency"": [[0, 6], [451, 28002]]}",{}
316,NC00962.3,EMB-0.25-0.9,0.0,GARC1,RUS,EMB,embA@-28_del_t,U,{},"{""proportion"": 0.0, ""confidence"": [0.0, 0.3511165007651012], ""p_value"": 0.34082031250000006, ""contingency"": [[0, 5], [451, 28002]]}",{}
317,NC00962.3,EMB-0.25-0.9,0.0,GARC1,RUS,EMB,embA@G350A,U,{},"{""proportion"": 0.0, ""confidence"": [0.0, 0.7301340512159458], ""p_value"": 1.0, ""contingency"": [[0, 1], [451, 28002]]}",{}
318,NC00962.3,EMB-0.25-0.9,0.0,GARC1,RUS,EMB,embA@A557T,U,{},"{""proportion"": 0.0, ""confidence"": [0.0, 0.7301340512159458], ""p_value"": 1.0, ""contingency"": [[0, 1], [451, 28002]]}",{}
319,NC00962.3,EMB-0.25-0.9,0.0,GARC1,RUS,EMB,embB@A677E,U,{},"{""proportion"": 0.0, ""confidence"": [0.0, 0.7301340512159458], ""p_value"": 1.0, ""contingency"": [[0, 1], [451, 28002]]}",{}
320,NC00962.3,EMB-0.25-0.9,0.0,GARC1,RUS,EMB,embB@R464L,U,{},"{""proportion"": 0.0, ""confidence"": [0.0, 0.7301340512159458], ""p_value"": 1.0, ""contingency"": [[0, 1], [451, 28002]]}",{}
321,NC00962.3,EMB-0.25-0.9,0.0,GARC1,RUS,EMB,embA@L208F,U,{},"{""proportion"": 0.0, ""confidence"": [0.0, 0.5749693909936535], ""p_value"": 1.0, ""contingency"": [[0, 2], [451, 28002]]}",{}
322,NC00962.3,EMB-0.25-0.9,0.0,GARC1,RUS,EMB,embA@G332E,U,{},"{""proportion"": 0.0, ""confidence"": [0.0, 0.4741955741575127], ""p_value"": 1.0, ""contingency"": [[0, 3], [451, 28002]]}",{}
323,NC00962.3,EMB-0.25-0.9,0.0,GARC1,RUS,EMB,embB@L953M,U,{},"{""proportion"": 0.0, ""confidence"": [0.0, 0.7301340512159458], ""p_value"": 1.0, ""contingency"": [[0, 1], [451, 28002]]}",{}
324,NC00962.3,EMB-0.25-0.9,0.0,GARC1,RUS,EMB,embA@E508K,U,{},"{""proportion"": 0.0, ""confidence"": [0.0, 0.7301340512159458], ""p_value"": 1.0, ""contingency"": [[0, 1], [451, 28002]]}",{}
325,NC00962.3,EMB-0.25-0.9,0.0,GARC1,RUS,EMB,embA@D112G,U,{},"{""proportion"": 0.2, ""confidence"": [0.045962453880603965, 0.5647074465784567], ""p_value"": 1.0, ""contingency"": [[1, 4], [451, 28002]]}",{}
326,NC00962.3,EMB-0.25-0.9,0.0,GARC1,RUS,EMB,embB@R469H,U,{},"{""proportion"": 0.0, ""confidence"": [0.0, 0.5749693909936535], ""p_value"": 1.0, ""contingency"": [[0, 2], [451, 28002]]}",{}
327,NC00962.3,EMB-0.25-0.9,0.0,GARC1,RUS,EMB,embB@A438T,U,{},"{""proportion"": 0.0, ""confidence"": [0.0, 0.4741955741575127], ""p_value"": 1.0, ""contingency"": [[0, 3], [451, 28002]]}",{}
328,NC00962.3,EMB-0.25-0.9,0.0,GARC1,RUS,EMB,embA@c-39t,U,{},"{""proportion"": 0.0, ""confidence"": [0.0, 0.7301340512159458], ""p_value"": 1.0, ""contingency"": [[0, 1], [451, 28002]]}",{}
329,NC00962.3,EMB-0.25-0.9,0.0,GARC1,RUS,EMB,embA@I655T,U,{},"{""proportion"": 0.0, ""confidence"": [0.0, 0.7301340512159458], ""p_value"": 1.0, ""contingency"": [[0, 1], [451, 28002]]}",{}
330,NC00962.3,EMB-0.25-0.9,0.0,GARC1,RUS,EMB,embB@F584L,U,{},"{""proportion"": 0.0, ""confidence"": [0.0, 0.7301340512159458], ""p_value"": 1.0, ""contingency"": [[0, 1], [451, 28002]]}",{}
331,NC00962.3,EMB-0.25-0.9,0.0,GARC1,RUS,EMB,embB@D280N,U,{},"{""proportion"": 0.0, ""confidence"": [0.0, 0.4741955741575127], ""p_value"": 1.0, ""contingency"": [[0, 3], [451, 28002]]}",{}
332,NC00962.3,EMB-0.25-0.9,0.0,GARC1,RUS,EMB,embA@M840V,U,{},"{""proportion"": 0.0, ""confidence"": [0.0, 0.7301340512159458], ""p_value"": 1.0, ""contingency"": [[0, 1], [451, 28002]]}",{}
333,NC00962.3,EMB-0.25-0.9,0.0,GARC1,RUS,EMB,embB@L932M,U,{},"{""proportion"": 0.0, ""confidence"": [0.0, 0.7301340512159458], ""p_value"": 1.0, ""contingency"": [[0, 1], [451, 28002]]}",{}
334,NC00962.3,EMB-0.25-0.9,0.0,GARC1,RUS,EMB,embA@L215P,U,{},"{""proportion"": 0.0, ""confidence"": [0.0, 0.40347862520270455], ""p_value"": 0.578125, ""contingency"": [[0, 4], [451, 28002]]}",{}
335,NC00962.3,EMB-0.25-0.9,0.0,GARC1,RUS,EMB,embA@A1072T,U,{},"{""proportion"": 0.0, ""confidence"": [0.0, 0.5749693909936535], ""p_value"": 1.0, ""contingency"": [[0, 2], [451, 28002]]}",{}
336,NC00962.3,EMB-0.25-0.9,0.0,GARC1,RUS,EMB,embB@G580S,U,{},"{""proportion"": 0.0, ""confidence"": [0.0, 0.7301340512159458], ""p_value"": 1.0, ""contingency"": [[0, 1], [451, 28002]]}",{}
337,NC00962.3,EMB-0.25-0.9,0.0,GARC1,RUS,EMB,embB@P12Q,U,{},"{""proportion"": 0.0, ""confidence"": [0.0, 0.3511165007651012], ""p_value"": 0.34082031250000006, ""contingency"": [[0, 5], [451, 28002]]}",{}
338,NC00962.3,EMB-0.25-0.9,0.0,GARC1,RUS,EMB,embA@A719T,U,{},"{""proportion"": 0.0, ""confidence"": [0.0, 0.7301340512159458], ""p_value"": 1.0, ""contingency"": [[0, 1], [451, 28002]]}",{}
339,NC00962.3,EMB-0.25-0.9,0.0,GARC1,RUS,EMB,embB@K882E,U,{},"{""proportion"": 0.0, ""confidence"": [0.0, 0.7301340512159458], ""p_value"": 1.0, ""contingency"": [[0, 1], [451, 28002]]}",{}
340,NC00962.3,EMB-0.25-0.9,0.0,GARC1,RUS,EMB,embA@G771D,U,{},"{""proportion"": 0.0, ""confidence"": [0.0, 0.7301340512159458], ""p_value"": 1.0, ""contingency"": [[0, 1], [451, 28002]]}",{}
341,NC00962.3,EMB-0.25-0.9,0.0,GARC1,RUS,EMB,embB@G825D,U,{},"{""proportion"": 0.0, ""confidence"": [0.0, 0.7301340512159458], ""p_value"": 1.0, ""contingency"": [[0, 1], [451, 28002]]}",{}
342,NC00962.3,EMB-0.25-0.9,0.0,GARC1,RUS,EMB,embA@c-23t,U,{},"{""proportion"": 0.0, ""confidence"": [0.0, 0.7301340512159458], ""p_value"": 1.0, ""contingency"": [[0, 1], [451, 28002]]}",{}
343,NC00962.3,EMB-0.25-0.9,0.0,GARC1,RUS,EMB,embA@-31_del_c,U,{},"{""proportion"": 0.0, ""confidence"": [0.0, 0.7301340512159458], ""p_value"": 1.0, ""contingency"": [[0, 1], [451, 28002]]}",{}
344,NC00962.3,EMB-0.25-0.9,0.0,GARC1,RUS,EMB,embB@V77L,U,{},"{""proportion"": 0.0, ""confidence"": [0.0, 0.7301340512159458], ""p_value"": 1.0, ""contingency"": [[0, 1], [451, 28002]]}",{}
345,NC00962.3,EMB-0.25-0.9,0.0,GARC1,RUS,EMB,embB@T151P,U,{},"{""proportion"": 0.0, ""confidence"": [0.0, 0.7301340512159458], ""p_value"": 1.0, ""contingency"": [[0, 1], [451, 28002]]}",{}
346,NC00962.3,EMB-0.25-0.9,0.0,GARC1,RUS,EMB,embA@E882K,U,{},"{""proportion"": 0.0, ""confidence"": [0.0, 0.7301340512159458], ""p_value"": 1.0, ""contingency"": [[0, 1], [451, 28002]]}",{}
347,NC00962.3,EMB-0.25-0.9,0.0,GARC1,RUS,EMB,embA@T718I,U,{},"{""proportion"": 0.0, ""confidence"": [0.0, 0.7301340512159458], ""p_value"": 1.0, ""contingency"": [[0, 1], [451, 28002]]}",{}
348,NC00962.3,EMB-0.25-0.9,0.0,GARC1,RUS,EMB,embA@V394A,U,{},"{""proportion"": 0.0, ""confidence"": [0.0, 0.7301340512159458], ""p_value"": 1.0, ""contingency"": [[0, 1], [451, 28002]]}",{}
349,NC00962.3,EMB-0.25-0.9,0.0,GARC1,RUS,EMB,embA@F471L,U,{},"{""proportion"": 0.0, ""confidence"": [0.0, 0.4741955741575127], ""p_value"": 1.0, ""contingency"": [[0, 3], [451, 28002]]}",{}
350,NC00962.3,EMB-0.25-0.9,0.0,GARC1,RUS,EMB,embA@G180R,U,{},"{""proportion"": 0.0, ""confidence"": [0.0, 0.5749693909936535], ""p_value"": 1.0, ""contingency"": [[0, 2], [451, 28002]]}",{}
351,NC00962.3,EMB-0.25-0.9,0.0,GARC1,RUS,EMB,embA@N803K,U,{},"{""proportion"": 0.0, ""confidence"": [0.0, 0.5749693909936535], ""p_value"": 1.0, ""contingency"": [[0, 2], [451, 28002]]}",{}
352,NC00962.3,EMB-0.25-0.9,0.0,GARC1,RUS,EMB,embA@A328D,U,{},"{""proportion"": 0.0, ""confidence"": [0.0, 0.7301340512159458], ""p_value"": 1.0, ""contingency"": [[0, 1], [451, 28002]]}",{}
353,NC00962.3,EMB-0.25-0.9,0.0,GARC1,RUS,EMB,embB@S480L,U,{},"{""proportion"": 0.0, ""confidence"": [0.0, 0.5749693909936535], ""p_value"": 1.0, ""contingency"": [[0, 2], [451, 28002]]}",{}
354,NC00962.3,EMB-0.25-0.9,0.0,GARC1,RUS,EMB,embB@G979A,U,{},"{""proportion"": 0.0, ""confidence"": [0.0, 0.7301340512159458], ""p_value"": 1.0, ""contingency"": [[0, 1], [451, 28002]]}",{}
355,NC00962.3,EMB-0.25-0.9,0.0,GARC1,RUS,EMB,embA@R358Q,U,{},"{""proportion"": 0.0, ""confidence"": [0.0, 0.7301340512159458], ""p_value"": 1.0, ""contingency"": [[0, 1], [451, 28002]]}",{}
356,NC00962.3,EMB-0.25-0.9,0.0,GARC1,RUS,EMB,embB@Q445R,U,{},"{""proportion"": 0.3333333333333333, ""confidence"": [0.0782657263337284, 0.7464661317187757], ""p_value"": 1.0, ""contingency"": [[1, 2], [451, 28002]]}",{}
357,NC00962.3,EMB-0.25-0.9,0.0,GARC1,RUS,EMB,embB@M316V,U,{},"{""proportion"": 0.0, ""confidence"": [0.0, 0.7301340512159458], ""p_value"": 1.0, ""contingency"": [[0, 1], [451, 28002]]}",{}
358,NC00962.3,EMB-0.25-0.9,0.0,GARC1,RUS,EMB,embA@D737E,U,{},"{""proportion"": 0.0, ""confidence"": [0.0, 0.7301340512159458], ""p_value"": 1.0, ""contingency"": [[0, 1], [451, 28002]]}",{}
359,NC00962.3,EMB-0.25-0.9,0.0,GARC1,RUS,EMB,embB@P616T,U,{},"{""proportion"": 0.0, ""confidence"": [0.0, 0.5749693909936535], ""p_value"": 1.0, ""contingency"": [[0, 2], [451, 28002]]}",{}
360,NC00962.3,EMB-0.25-0.9,0.0,GARC1,RUS,EMB,embB@G792S,U,{},"{""proportion"": 0.0, ""confidence"": [0.0, 0.7301340512159458], ""p_value"": 1.0, ""contingency"": [[0, 1], [451, 28002]]}",{}
361,NC00962.3,EMB-0.25-0.9,0.0,GARC1,RUS,EMB,embB@G175R,U,{},"{""proportion"": 0.0, ""confidence"": [0.0, 0.4741955741575127], ""p_value"": 1.0, ""contingency"": [[0, 3], [451, 28002]]}",{}
362,NC00962.3,EMB-0.25-0.9,0.0,GARC1,RUS,EMB,embB@P1075L,U,{},"{""proportion"": 0.0, ""confidence"": [0.0, 0.7301340512159458], ""p_value"": 1.0, ""contingency"": [[0, 1], [451, 28002]]}",{}
363,NC00962.3,EMB-0.25-0.9,0.0,GARC1,RUS,EMB,embB@D207E,U,{},"{""proportion"": 0.0, ""confidence"": [0.0, 0.7301340512159458], ""p_value"": 1.0, ""contingency"": [[0, 1], [451, 28002]]}",{}
364,NC00962.3,EMB-0.25-0.9,0.0,GARC1,RUS,EMB,embB@A221S,U,{},"{""proportion"": 1.0, ""confidence"": [0.26986594878405434, 1.0000000000000002], ""p_value"": 0.25, ""contingency"": [[1, 0], [451, 28002]]}",{}
365,NC00962.3,EMB-0.25-0.9,0.0,GARC1,RUS,EMB,embA@G765D,U,{},"{""proportion"": 0.0, ""confidence"": [0.0, 0.5749693909936535], ""p_value"": 1.0, ""contingency"": [[0, 2], [451, 28002]]}",{}
366,NC00962.3,EMB-0.25-0.9,0.0,GARC1,RUS,EMB,embA@D273G,U,{},"{""proportion"": 0.0, ""confidence"": [0.0, 0.4741955741575127], ""p_value"": 1.0, ""contingency"": [[0, 3], [451, 28002]]}",{}
367,NC00962.3,EMB-0.25-0.9,0.0,GARC1,RUS,EMB,embA@G5R,U,{},"{""proportion"": 0.0, ""confidence"": [0.0, 0.3511165007651012], ""p_value"": 0.34082031250000006, ""contingency"": [[0, 5], [451, 28002]]}",{}
368,NC00962.3,EMB-0.25-0.9,0.0,GARC1,RUS,EMB,embB@T275N,U,{},"{""proportion"": 0.0, ""confidence"": [0.0, 0.7301340512159458], ""p_value"": 1.0, ""contingency"": [[0, 1], [451, 28002]]}",{}
369,NC00962.3,EMB-0.25-0.9,0.0,GARC1,RUS,EMB,embB@R7T,U,{},"{""proportion"": 0.0, ""confidence"": [0.0, 0.31078398130591417], ""p_value"": 0.347412109375, ""contingency"": [[0, 6], [451, 28002]]}",{}
370,NC00962.3,EMB-0.25-0.9,0.0,GARC1,RUS,EMB,embB@A43P,U,{},"{""proportion"": 0.0, ""confidence"": [0.0, 0.7301340512159458], ""p_value"": 1.0, ""contingency"": [[0, 1], [451, 28002]]}",{}
371,NC00962.3,EMB-0.25-0.9,0.0,GARC1,RUS,EMB,embA@A217T,U,{},"{""proportion"": 0.0, ""confidence"": [0.0, 0.40347862520270455], ""p_value"": 0.578125, ""contingency"": [[0, 4], [451, 28002]]}",{}
372,NC00962.3,EMB-0.25-0.9,0.0,GARC1,RUS,EMB,embA@I155M,U,{},"{""proportion"": 0.0, ""confidence"": [0.0, 0.25272359742376316], ""p_value"": 0.21392822265625003, ""contingency"": [[0, 8], [451, 28002]]}",{}
373,NC00962.3,EMB-0.25-0.9,0.0,GARC1,RUS,EMB,embA@V283L,U,{},"{""proportion"": 0.0, ""confidence"": [0.0, 0.7301340512159458], ""p_value"": 1.0, ""contingency"": [[0, 1], [451, 28002]]}",{}
374,NC00962.3,EMB-0.25-0.9,0.0,GARC1,RUS,EMB,embB@A454T,U,{},"{""proportion"": 0.0, ""confidence"": [0.0, 0.4741955741575127], ""p_value"": 1.0, ""contingency"": [[0, 3], [451, 28002]]}",{}
375,NC00962.3,EMB-0.25-0.9,0.0,GARC1,RUS,EMB,embA@P645L,U,{},"{""proportion"": 0.0, ""confidence"": [0.0, 0.4741955741575127], ""p_value"": 1.0, ""contingency"": [[0, 3], [451, 28002]]}",{}
376,NC00962.3,EMB-0.25-0.9,0.0,GARC1,RUS,EMB,embB@L686V,U,{},"{""proportion"": 0.0, ""confidence"": [0.0, 0.7301340512159458], ""p_value"": 1.0, ""contingency"": [[0, 1], [451, 28002]]}",{}
377,NC00962.3,EMB-0.25-0.9,0.0,GARC1,RUS,EMB,embB@D1056E,U,{},"{""proportion"": 0.0, ""confidence"": [0.0, 0.40347862520270455], ""p_value"": 0.578125, ""contingency"": [[0, 4], [451, 28002]]}",{}
378,NC00962.3,EMB-0.25-0.9,0.0,GARC1,RUS,EMB,embB@V783I,U,{},"{""proportion"": 0.0, ""confidence"": [0.0, 0.7301340512159458], ""p_value"": 1.0, ""contingency"": [[0, 1], [451, 28002]]}",{}
379,NC00962.3,EMB-0.25-0.9,0.0,GARC1,RUS,EMB,embA@A549P,U,{},"{""proportion"": 0.0, ""confidence"": [0.0, 0.5749693909936535], ""p_value"": 1.0, ""contingency"": [[0, 2], [451, 28002]]}",{}
380,NC00962.3,EMB-0.25-0.9,0.0,GARC1,RUS,EMB,embA@V583A,U,{},"{""proportion"": 0.0, ""confidence"": [0.0, 0.7301340512159458], ""p_value"": 1.0, ""contingency"": [[0, 1], [451, 28002]]}",{}
381,NC00962.3,EMB-0.25-0.9,0.0,GARC1,RUS,EMB,embA@H10P,U,{},"{""proportion"": 0.0, ""confidence"": [0.0, 0.4741955741575127], ""p_value"": 1.0, ""contingency"": [[0, 3], [451, 28002]]}",{}
382,NC00962.3,EMB-0.25-0.9,0.0,GARC1,RUS,EMB,embB@D243H,U,{},"{""proportion"": 0.0, ""confidence"": [0.0, 0.5749693909936535], ""p_value"": 1.0, ""contingency"": [[0, 2], [451, 28002]]}",{}
383,NC00962.3,EMB-0.25-0.9,0.0,GARC1,RUS,EMB,embB@I303L,U,{},"{""proportion"": 0.0, ""confidence"": [0.0, 0.31078398130591417], ""p_value"": 0.347412109375, ""contingency"": [[0, 6], [451, 28002]]}",{}
384,NC00962.3,EMB-0.25-0.9,0.0,GARC1,RUS,EMB,embA@A617T,U,{},"{""proportion"": 0.0, ""confidence"": [0.0, 0.7301340512159458], ""p_value"": 1.0, ""contingency"": [[0, 1], [451, 28002]]}",{}
385,NC00962.3,EMB-0.25-0.9,0.0,GARC1,RUS,EMB,embA@A852S,U,{},"{""proportion"": 0.0, ""confidence"": [0.0, 0.5749693909936535], ""p_value"": 1.0, ""contingency"": [[0, 2], [451, 28002]]}",{}
386,NC00962.3,EMB-0.25-0.9,0.0,GARC1,RUS,EMB,embB@T643I,U,{},"{""proportion"": 0.0, ""confidence"": [-2.1340331742842984e-17, 0.2311335193197566], ""p_value"": 0.12401199340820315, ""contingency"": [[0, 9], [451, 28002]]}",{}
387,NC00962.3,EMB-0.25-0.9,0.0,GARC1,RUS,EMB,embA@G403R,U,{},"{""proportion"": 0.0, ""confidence"": [0.0, 0.5749693909936535], ""p_value"": 1.0, ""contingency"": [[0, 2], [451, 28002]]}",{}
388,NC00962.3,EMB-0.25-0.9,0.0,GARC1,RUS,EMB,embA@A320V,U,{},"{""proportion"": 0.0, ""confidence"": [0.0, 0.7301340512159458], ""p_value"": 1.0, ""contingency"": [[0, 1], [451, 28002]]}",{}
389,NC00962.3,EMB-0.25-0.9,0.0,GARC1,RUS,EMB,embA@A150V,U,{},"{""proportion"": 0.0, ""confidence"": [0.0, 0.7301340512159458], ""p_value"": 1.0, ""contingency"": [[0, 1], [451, 28002]]}",{}
390,NC00962.3,EMB-0.25-0.9,0.0,GARC1,RUS,EMB,embB@D240G,U,{},"{""proportion"": 0.0, ""confidence"": [0.0, 0.4741955741575127], ""p_value"": 1.0, ""contingency"": [[0, 3], [451, 28002]]}",{}
391,NC00962.3,EMB-0.25-0.9,0.0,GARC1,RUS,EMB,embB@S174R,U,{},"{""proportion"": 0.0, ""confidence"": [0.0, 0.5749693909936535], ""p_value"": 1.0, ""contingency"": [[0, 2], [451, 28002]]}",{}
392,NC00962.3,EMB-0.25-0.9,0.0,GARC1,RUS,EMB,embA@N54D,U,{},"{""proportion"": 0.3333333333333333, ""confidence"": [0.1172760941022896, 0.6529852329996817], ""p_value"": 0.64404296875, ""contingency"": [[2, 4], [451, 28002]]}",{}
393,NC00962.3,EMB-0.25-0.9,0.0,GARC1,RUS,EMB,embB@P143S,U,{},"{""proportion"": 0.0, ""confidence"": [0.0, 0.5749693909936535], ""p_value"": 1.0, ""contingency"": [[0, 2], [451, 28002]]}",{}
394,NC00962.3,EMB-0.25-0.9,0.0,GARC1,RUS,EMB,embA@V479M,U,{},"{""proportion"": 0.0, ""confidence"": [0.0, 0.7301340512159458], ""p_value"": 1.0, ""contingency"": [[0, 1], [451, 28002]]}",{}
395,NC00962.3,EMB-0.25-0.9,0.0,GARC1,RUS,EMB,embB@D328H,U,{},"{""proportion"": 0.2222222222222222, ""confidence"": [0.07649473755439651, 0.496357217623246], ""p_value"": 1.0, ""contingency"": [[2, 7], [451, 28002]]}",{}
396,NC00962.3,EMB-0.25-0.9,0.0,GARC1,RUS,EMB,embB@V803M,U,{},"{""proportion"": 0.0, ""confidence"": [0.0, 0.4741955741575127], ""p_value"": 1.0, ""contingency"": [[0, 3], [451, 28002]]}",{}
397,NC00962.3,EMB-0.25-0.9,0.0,GARC1,RUS,EMB,embB@M389V,U,{},"{""proportion"": 0.0, ""confidence"": [0.0, 0.7301340512159458], ""p_value"": 1.0, ""contingency"": [[0, 1], [451, 28002]]}",{}
398,NC00962.3,EMB-0.25-0.9,0.0,GARC1,RUS,EMB,embB@E958A,U,{},"{""proportion"": 0.0, ""confidence"": [0.0, 0.3511165007651012], ""p_value"": 0.34082031250000006, ""contingency"": [[0, 5], [451, 28002]]}",{}
399,NC00962.3,EMB-0.25-0.9,0.0,GARC1,RUS,EMB,embB@A505V,U,{},"{""proportion"": 0.0, ""confidence"": [0.0, 0.5749693909936535], ""p_value"": 1.0, ""contingency"": [[0, 2], [451, 28002]]}",{}
400,NC00962.3,EMB-0.25-0.9,0.0,GARC1,RUS,EMB,embB@D78G,U,{},"{""proportion"": 0.0, ""confidence"": [-2.1340331742842984e-17, 0.2311335193197566], ""p_value"": 0.12401199340820315, ""contingency"": [[0, 9], [451, 28002]]}",{}
401,NC00962.3,EMB-0.25-0.9,0.0,GARC1,RUS,EMB,embA@T238I,U,{},"{""proportion"": 0.0, ""confidence"": [0.0, 0.7301340512159458], ""p_value"": 1.0, ""contingency"": [[0, 1], [451, 28002]]}",{}
402,NC00962.3,EMB-0.25-0.9,0.0,GARC1,RUS,EMB,embA@G700C,U,{},"{""proportion"": 0.0, ""confidence"": [0.0, 0.7301340512159458], ""p_value"": 1.0, ""contingency"": [[0, 1], [451, 28002]]}",{}
403,NC00962.3,EMB-0.25-0.9,0.0,GARC1,RUS,EMB,embA@A721V,U,{},"{""proportion"": 0.0, ""confidence"": [0.0, 0.7301340512159458], ""p_value"": 1.0, ""contingency"": [[0, 1], [451, 28002]]}",{}
404,NC00962.3,EMB-0.25-0.9,0.0,GARC1,RUS,EMB,embA@D1053G,U,{},"{""proportion"": 0.0, ""confidence"": [0.0, 0.4741955741575127], ""p_value"": 1.0, ""contingency"": [[0, 3], [451, 28002]]}",{}
405,NC00962.3,EMB-0.25-0.9,0.0,GARC1,RUS,EMB,embA@E397G,U,{},"{""proportion"": 0.0, ""confidence"": [0.0, 0.7301340512159458], ""p_value"": 1.0, ""contingency"": [[0, 1], [451, 28002]]}",{}
406,NC00962.3,EMB-0.25-0.9,0.0,GARC1,RUS,EMB,embA@A955T,U,{},"{""proportion"": 0.0, ""confidence"": [0.0, 0.7301340512159458], ""p_value"": 1.0, ""contingency"": [[0, 1], [451, 28002]]}",{}
407,NC00962.3,EMB-0.25-0.9,0.0,GARC1,RUS,EMB,embA@G844R,U,{},"{""proportion"": 0.0, ""confidence"": [0.0, 0.7301340512159458], ""p_value"": 1.0, ""contingency"": [[0, 1], [451, 28002]]}",{}
408,NC00962.3,EMB-0.25-0.9,0.0,GARC1,RUS,EMB,embB@V414L,U,{},"{""proportion"": 0.0, ""confidence"": [0.0, 0.7301340512159458], ""p_value"": 1.0, ""contingency"": [[0, 1], [451, 28002]]}",{}
409,NC00962.3,EMB-0.25-0.9,0.0,GARC1,RUS,EMB,embB@T857A,U,{},"{""proportion"": 0.0, ""confidence"": [0.0, 0.7301340512159458], ""p_value"": 1.0, ""contingency"": [[0, 1], [451, 28002]]}",{}
410,NC00962.3,EMB-0.25-0.9,0.0,GARC1,RUS,EMB,embB@A454V,U,{},"{""proportion"": 1.0, ""confidence"": [0.26986594878405434, 1.0000000000000002], ""p_value"": 0.25, ""contingency"": [[1, 0], [451, 28002]]}",{}
411,NC00962.3,EMB-0.25-0.9,0.0,GARC1,RUS,EMB,embB@G1081D,U,{},"{""proportion"": 0.0, ""confidence"": [0.0, 0.7301340512159458], ""p_value"": 1.0, ""contingency"": [[0, 1], [451, 28002]]}",{}
412,NC00962.3,EMB-0.25-0.9,0.0,GARC1,RUS,EMB,embA@G220E,U,{},"{""proportion"": 0.0, ""confidence"": [0.0, 0.40347862520270455], ""p_value"": 0.578125, ""contingency"": [[0, 4], [451, 28002]]}",{}
413,NC00962.3,EMB-0.25-0.9,0.0,GARC1,RUS,EMB,embB@S73L,U,{},"{""proportion"": 0.0, ""confidence"": [0.0, 0.7301340512159458], ""p_value"": 1.0, ""contingency"": [[0, 1], [451, 28002]]}",{}
414,NC00962.3,EMB-0.25-0.9,0.0,GARC1,RUS,EMB,embA@G135D,U,{},"{""proportion"": 0.5, ""confidence"": [0.12086631942227369, 0.8791336805777263], ""p_value"": 0.4375, ""contingency"": [[1, 1], [451, 28002]]}",{}
415,NC00962.3,EMB-0.25-0.9,0.0,GARC1,RUS,EMB,embA@G5S,U,{},"{""proportion"": 0.0, ""confidence"": [0.0, 0.5749693909936535], ""p_value"": 1.0, ""contingency"": [[0, 2], [451, 28002]]}",{}
416,NC00962.3,EMB-0.25-0.9,0.0,GARC1,RUS,EMB,embB@S651C,U,{},"{""proportion"": 0.0, ""confidence"": [0.0, 0.5749693909936535], ""p_value"": 1.0, ""contingency"": [[0, 2], [451, 28002]]}",{}
417,NC00962.3,EMB-0.25-0.9,0.0,GARC1,RUS,EMB,embB@M340I,U,{},"{""proportion"": 0.0, ""confidence"": [0.0, 0.3511165007651012], ""p_value"": 0.34082031250000006, ""contingency"": [[0, 5], [451, 28002]]}",{}
418,NC00962.3,EMB-0.25-0.9,0.0,GARC1,RUS,EMB,embB@P1074A,U,{},"{""proportion"": 0.0, ""confidence"": [0.0, 0.7301340512159458], ""p_value"": 1.0, ""contingency"": [[0, 1], [451, 28002]]}",{}
419,NC00962.3,EMB-0.25-0.9,0.0,GARC1,RUS,EMB,embB@N886T,U,{},"{""proportion"": 0.0, ""confidence"": [0.0, 0.4741955741575127], ""p_value"": 1.0, ""contingency"": [[0, 3], [451, 28002]]}",{}
420,NC00962.3,EMB-0.25-0.9,0.0,GARC1,RUS,EMB,embA@A371T,U,{},"{""proportion"": 0.0, ""confidence"": [0.0, 0.7301340512159458], ""p_value"": 1.0, ""contingency"": [[0, 1], [451, 28002]]}",{}
421,NC00962.3,EMB-0.25-0.9,0.0,GARC1,RUS,EMB,embB@Y863H,U,{},"{""proportion"": 0.0, ""confidence"": [0.0, 0.7301340512159458], ""p_value"": 1.0, ""contingency"": [[0, 1], [451, 28002]]}",{}
422,NC00962.3,EMB-0.25-0.9,0.0,GARC1,RUS,EMB,embA@T113R,U,{},"{""proportion"": 0.0, ""confidence"": [0.0, 0.31078398130591417], ""p_value"": 0.347412109375, ""contingency"": [[0, 6], [451, 28002]]}",{}
423,NC00962.3,EMB-0.25-0.9,0.0,GARC1,RUS,EMB,embA@G321A,U,{},"{""proportion"": 0.0, ""confidence"": [0.0, 0.5749693909936535], ""p_value"": 1.0, ""contingency"": [[0, 2], [451, 28002]]}",{}
424,NC00962.3,EMB-0.25-0.9,0.0,GARC1,RUS,EMB,embB@F763V,U,{},"{""proportion"": 0.0, ""confidence"": [0.0, 0.7301340512159458], ""p_value"": 1.0, ""contingency"": [[0, 1], [451, 28002]]}",{}
425,NC00962.3,EMB-0.25-0.9,0.0,GARC1,RUS,EMB,embA@G547D,U,{},"{""proportion"": 0.0, ""confidence"": [0.0, 0.7301340512159458], ""p_value"": 1.0, ""contingency"": [[0, 1], [451, 28002]]}",{}
426,NC00962.3,EMB-0.25-0.9,0.0,GARC1,RUS,EMB,embA@G352S,U,{},"{""proportion"": 0.0, ""confidence"": [0.0, 0.3511165007651012], ""p_value"": 0.34082031250000006, ""contingency"": [[0, 5], [451, 28002]]}",{}
427,NC00962.3,EMB-0.25-0.9,0.0,GARC1,RUS,EMB,embA@N376D,U,{},"{""proportion"": 0.0, ""confidence"": [0.0, 0.7301340512159458], ""p_value"": 1.0, ""contingency"": [[0, 1], [451, 28002]]}",{}
428,NC00962.3,EMB-0.25-0.9,0.0,GARC1,RUS,EMB,embA@V125E,U,{},"{""proportion"": 0.0, ""confidence"": [0.0, 0.5749693909936535], ""p_value"": 1.0, ""contingency"": [[0, 2], [451, 28002]]}",{}
429,NC00962.3,EMB-0.25-0.9,0.0,GARC1,RUS,EMB,embB@G156D,U,{},"{""proportion"": 0.0, ""confidence"": [0.0, 0.5749693909936535], ""p_value"": 1.0, ""contingency"": [[0, 2], [451, 28002]]}",{}
430,NC00962.3,EMB-0.25-0.9,0.0,GARC1,RUS,EMB,embB@A604G,U,{},"{""proportion"": 0.0, ""confidence"": [0.0, 0.5749693909936535], ""p_value"": 1.0, ""contingency"": [[0, 2], [451, 28002]]}",{}
431,NC00962.3,EMB-0.25-0.9,0.0,GARC1,RUS,EMB,embB@G603R,U,{},"{""proportion"": 0.1111111111111111, ""confidence"": [0.025191472713156953, 0.3768012645355425], ""p_value"": 0.466064453125, ""contingency"": [[1, 8], [451, 28002]]}",{}
432,NC00962.3,EMB-0.25-0.9,0.0,GARC1,RUS,EMB,embA@G149D,U,{},"{""proportion"": 0.0, ""confidence"": [0.0, 0.7301340512159458], ""p_value"": 1.0, ""contingency"": [[0, 1], [451, 28002]]}",{}
433,NC00962.3,EMB-0.25-0.9,0.0,GARC1,RUS,EMB,embB@D1056A,U,{},"{""proportion"": 1.0, ""confidence"": [0.26986594878405434, 1.0000000000000002], ""p_value"": 0.25, ""contingency"": [[1, 0], [451, 28002]]}",{}
434,NC00962.3,EMB-0.25-0.9,0.0,GARC1,RUS,EMB,embB@D240N,U,{},"{""proportion"": 0.0, ""confidence"": [0.0, 0.4741955741575127], ""p_value"": 1.0, ""contingency"": [[0, 3], [451, 28002]]}",{}
435,NC00962.3,EMB-0.25-0.9,0.0,GARC1,RUS,EMB,embA@V541M,U,{},"{""proportion"": 0.0, ""confidence"": [0.0, 0.7301340512159458], ""p_value"": 1.0, ""contingency"": [[0, 1], [451, 28002]]}",{}
436,NC00962.3,EMB-0.25-0.9,0.0,GARC1,RUS,EMB,embB@G100S,U,{},"{""proportion"": 0.0, ""confidence"": [0.0, 0.25272359742376316], ""p_value"": 0.21392822265625003, ""contingency"": [[0, 8], [451, 28002]]}",{}
437,NC00962.3,EMB-0.25-0.9,0.0,GARC1,RUS,EMB,embB@E378D,U,{},"{""proportion"": 0.0, ""confidence"": [0.0, 0.7301340512159458], ""p_value"": 1.0, ""contingency"": [[0, 1], [451, 28002]]}",{}
438,NC00962.3,EMB-0.25-0.9,0.0,GARC1,RUS,EMB,embB@T498N,U,{},"{""proportion"": 0.0, ""confidence"": [0.0, 0.40347862520270455], ""p_value"": 0.578125, ""contingency"": [[0, 4], [451, 28002]]}",{}
439,NC00962.3,EMB-0.25-0.9,0.0,GARC1,RUS,EMB,embB@F579V,U,{},"{""proportion"": 0.0, ""confidence"": [0.0, 0.7301340512159458], ""p_value"": 1.0, ""contingency"": [[0, 1], [451, 28002]]}",{}
440,NC00962.3,EMB-0.25-0.9,0.0,GARC1,RUS,EMB,embB@S617L,U,{},"{""proportion"": 0.0, ""confidence"": [0.0, 0.7301340512159458], ""p_value"": 1.0, ""contingency"": [[0, 1], [451, 28002]]}",{}
441,NC00962.3,EMB-0.25-0.9,0.0,GARC1,RUS,EMB,embB@P136S,U,{},"{""proportion"": 0.0, ""confidence"": [0.0, 0.5749693909936535], ""p_value"": 1.0, ""contingency"": [[0, 2], [451, 28002]]}",{}
442,NC00962.3,EMB-0.25-0.9,0.0,GARC1,RUS,EMB,embA@A316P,U,{},"{""proportion"": 0.0, ""confidence"": [0.0, 0.7301340512159458], ""p_value"": 1.0, ""contingency"": [[0, 1], [451, 28002]]}",{}
443,NC00962.3,EMB-0.25-0.9,0.0,GARC1,RUS,EMB,embB@A113T,U,{},"{""proportion"": 0.0, ""confidence"": [0.0, 0.7301340512159458], ""p_value"": 1.0, ""contingency"": [[0, 1], [451, 28002]]}",{}
444,NC00962.3,EMB-0.25-0.9,0.0,GARC1,RUS,EMB,embB@P1091Q,U,{},"{""proportion"": 0.0, ""confidence"": [0.0, 0.5749693909936535], ""p_value"": 1.0, ""contingency"": [[0, 2], [451, 28002]]}",{}
445,NC00962.3,EMB-0.25-0.9,0.0,GARC1,RUS,EMB,embB@A680T,U,{},"{""proportion"": 0.0, ""confidence"": [0.0, 0.40347862520270455], ""p_value"": 0.578125, ""contingency"": [[0, 4], [451, 28002]]}",{}
446,NC00962.3,EMB-0.25-0.9,0.0,GARC1,RUS,EMB,embA@A440T,U,{},"{""proportion"": 0.0, ""confidence"": [0.0, 0.7301340512159458], ""p_value"": 1.0, ""contingency"": [[0, 1], [451, 28002]]}",{}
447,NC00962.3,EMB-0.25-0.9,0.0,GARC1,RUS,EMB,embA@-26_del_a,U,{},"{""proportion"": 1.0, ""confidence"": [0.26986594878405434, 1.0000000000000002], ""p_value"": 0.25, ""contingency"": [[1, 0], [451, 28002]]}",{}
448,NC00962.3,EMB-0.25-0.9,0.0,GARC1,RUS,EMB,embB@A547S,U,{},"{""proportion"": 0.0, ""confidence"": [0.0, 0.3511165007651012], ""p_value"": 0.34082031250000006, ""contingency"": [[0, 5], [451, 28002]]}",{}
449,NC00962.3,EMB-0.25-0.9,0.0,GARC1,RUS,EMB,embA@P752L,U,{},"{""proportion"": 0.0, ""confidence"": [0.0, 0.5749693909936535], ""p_value"": 1.0, ""contingency"": [[0, 2], [451, 28002]]}",{}
450,NC00962.3,EMB-0.25-0.9,0.0,GARC1,RUS,EMB,embB@I489S,U,{},"{""proportion"": 0.0, ""confidence"": [0.0, 0.5749693909936535], ""p_value"": 1.0, ""contingency"": [[0, 2], [451, 28002]]}",{}
451,NC00962.3,EMB-0.25-0.9,0.0,GARC1,RUS,EMB,embA@D4Y,U,{},"{""proportion"": 0.0, ""confidence"": [0.0, 0.7301340512159458], ""p_value"": 1.0, ""contingency"": [[0, 1], [451, 28002]]}",{}
452,NC00962.3,EMB-0.25-0.9,0.0,GARC1,RUS,EMB,embA@Q497R,U,{},"{""proportion"": 0.0, ""confidence"": [0.0, 0.7301340512159458], ""p_value"": 1.0, ""contingency"": [[0, 1], [451, 28002]]}",{}
453,NC00962.3,EMB-0.25-0.9,0.0,GARC1,RUS,EMB,embB@E504D,U,{},"{""proportion"": 0.6, ""confidence"": [0.2724831718661929, 0.857293527980787], ""p_value"": 0.103515625, ""contingency"": [[3, 2], [451, 28002]]}",{}
454,NC00962.3,EMB-0.25-0.9,0.0,GARC1,RUS,EMB,embB@P195H,U,{},"{""proportion"": 0.0, ""confidence"": [0.0, 0.25272359742376316], ""p_value"": 0.21392822265625003, ""contingency"": [[0, 8], [451, 28002]]}",{}
455,NC00962.3,EMB-0.25-0.9,0.0,GARC1,RUS,EMB,embA@T899S,U,{},"{""proportion"": 0.0, ""confidence"": [0.0, 0.7301340512159458], ""p_value"": 1.0, ""contingency"": [[0, 1], [451, 28002]]}",{}
456,NC00962.3,EMB-0.25-0.9,0.0,GARC1,RUS,EMB,embB@R1055S,U,{},"{""proportion"": 0.0, ""confidence"": [0.0, 0.7301340512159458], ""p_value"": 1.0, ""contingency"": [[0, 1], [451, 28002]]}",{}
457,NC00962.3,EMB-0.25-0.9,0.0,GARC1,RUS,EMB,embB@P708L,U,{},"{""proportion"": 0.0, ""confidence"": [0.0, 0.5749693909936535], ""p_value"": 1.0, ""contingency"": [[0, 2], [451, 28002]]}",{}
458,NC00962.3,EMB-0.25-0.9,0.0,GARC1,RUS,EMB,embB@S823R,U,{},"{""proportion"": 0.0, ""confidence"": [0.0, 0.40347862520270455], ""p_value"": 0.578125, ""contingency"": [[0, 4], [451, 28002]]}",{}
459,NC00962.3,EMB-0.25-0.9,0.0,GARC1,RUS,EMB,embB@A505T,U,{},"{""proportion"": 0.0, ""confidence"": [0.0, 0.7301340512159458], ""p_value"": 1.0, ""contingency"": [[0, 1], [451, 28002]]}",{}
460,NC00962.3,EMB-0.25-0.9,0.0,GARC1,RUS,EMB,embB@A451T,U,{},"{""proportion"": 0.0, ""confidence"": [0.0, 0.7301340512159458], ""p_value"": 1.0, ""contingency"": [[0, 1], [451, 28002]]}",{}
461,NC00962.3,EMB-0.25-0.9,0.0,GARC1,RUS,EMB,embB@910_ins_tgg,U,{},"{""proportion"": 0.5, ""confidence"": [0.12086631942227369, 0.8791336805777263], ""p_value"": 0.4375, ""contingency"": [[1, 1], [451, 28002]]}",{}
463,NC00962.3,EMB-0.25-0.9,0.0,GARC1,RUS,EMB,embB@Y334H,U,{},"{""proportion"": 0.0, ""confidence"": [0.0, 0.7301340512159458], ""p_value"": 1.0, ""contingency"": [[0, 1], [451, 28002]]}",{}
464,NC00962.3,EMB-0.25-0.9,0.0,GARC1,RUS,EMB,embA@-41_del_at,U,{},"{""proportion"": 1.0, ""confidence"": [0.26986594878405434, 1.0000000000000002], ""p_value"": 0.25, ""contingency"": [[1, 0], [451, 28002]]}",{}
465,NC00962.3,EMB-0.25-0.9,0.0,GARC1,RUS,EMB,embB@T546I,U,{},"{""proportion"": 1.0, ""confidence"": [0.26986594878405434, 1.0000000000000002], ""p_value"": 0.25, ""contingency"": [[1, 0], [451, 28002]]}",{}
466,NC00962.3,EMB-0.25-0.9,0.0,GARC1,RUS,EMB,embA@A571T,U,{},"{""proportion"": 0.0, ""confidence"": [0.0, 0.7301340512159458], ""p_value"": 1.0, ""contingency"": [[0, 1], [451, 28002]]}",{}
467,NC00962.3,EMB-0.25-0.9,0.0,GARC1,RUS,EMB,embB@G34E,U,{},"{""proportion"": 0.0, ""confidence"": [0.0, 0.7301340512159458], ""p_value"": 1.0, ""contingency"": [[0, 1], [451, 28002]]}",{}
468,NC00962.3,EMB-0.25-0.9,0.0,GARC1,RUS,EMB,embB@A228T,U,{},"{""proportion"": 0.0, ""confidence"": [0.0, 0.3511165007651012], ""p_value"": 0.34082031250000006, ""contingency"": [[0, 5], [451, 28002]]}",{}
469,NC00962.3,EMB-0.25-0.9,0.0,GARC1,RUS,EMB,embA@K677E,U,{},"{""proportion"": 0.0, ""confidence"": [0.0, 0.7301340512159458], ""p_value"": 1.0, ""contingency"": [[0, 1], [451, 28002]]}",{}
470,NC00962.3,EMB-0.25-0.9,0.0,GARC1,RUS,EMB,embA@T853A,U,{},"{""proportion"": 0.0, ""confidence"": [0.0, 0.31078398130591417], ""p_value"": 0.347412109375, ""contingency"": [[0, 6], [451, 28002]]}",{}
471,NC00962.3,EMB-0.25-0.9,0.0,GARC1,RUS,EMB,embA@A23G,U,{},"{""proportion"": 0.0, ""confidence"": [0.0, 0.7301340512159458], ""p_value"": 1.0, ""contingency"": [[0, 1], [451, 28002]]}",{}
472,NC00962.3,EMB-0.25-0.9,0.0,GARC1,RUS,EMB,embA@V1078M,U,{},"{""proportion"": 0.0, ""confidence"": [0.0, 0.7301340512159458], ""p_value"": 1.0, ""contingency"": [[0, 1], [451, 28002]]}",{}
473,NC00962.3,EMB-0.25-0.9,0.0,GARC1,RUS,EMB,embA@T300M,U,{},"{""proportion"": 0.0, ""confidence"": [0.0, 0.31078398130591417], ""p_value"": 0.347412109375, ""contingency"": [[0, 6], [451, 28002]]}",{}
474,NC00962.3,EMB-0.25-0.9,0.0,GARC1,RUS,EMB,embB@H154R,U,{},"{""proportion"": 0.0, ""confidence"": [0.0, 0.7301340512159458], ""p_value"": 1.0, ""contingency"": [[0, 1], [451, 28002]]}",{}
475,NC00962.3,EMB-0.25-0.9,0.0,GARC1,RUS,EMB,embB@V282A,U,{},"{""proportion"": 0.0, ""confidence"": [0.0, 0.31078398130591417], ""p_value"": 0.347412109375, ""contingency"": [[0, 6], [451, 28002]]}",{}
476,NC00962.3,EMB-0.25-0.9,0.0,GARC1,RUS,EMB,embB@Q853P,U,{},"{""proportion"": 0.14285714285714285, ""confidence"": [0.03254380205478664, 0.45228669469702903], ""p_value"": 1.0, ""contingency"": [[1, 6], [451, 28002]]}",{}
477,NC00962.3,EMB-0.25-0.9,0.0,GARC1,RUS,EMB,embA@t-82c,U,{},"{""proportion"": 0.0, ""confidence"": [0.0, 0.5749693909936535], ""p_value"": 1.0, ""contingency"": [[0, 2], [451, 28002]]}",{}
478,NC00962.3,EMB-0.25-0.9,0.0,GARC1,RUS,EMB,embA@V489I,U,{},"{""proportion"": 0.0, ""confidence"": [0.0, 0.7301340512159458], ""p_value"": 1.0, ""contingency"": [[0, 1], [451, 28002]]}",{}
479,NC00962.3,EMB-0.25-0.9,0.0,GARC1,RUS,EMB,embA@L659F,U,{},"{""proportion"": 0.0, ""confidence"": [0.0, 0.3511165007651012], ""p_value"": 0.34082031250000006, ""contingency"": [[0, 5], [451, 28002]]}",{}
480,NC00962.3,EMB-0.25-0.9,0.0,GARC1,RUS,EMB,embA@S340N,U,{},"{""proportion"": 0.0, ""confidence"": [0.0, 0.7301340512159458], ""p_value"": 1.0, ""contingency"": [[0, 1], [451, 28002]]}",{}
481,NC00962.3,EMB-0.25-0.9,0.0,GARC1,RUS,EMB,embB@I556V,U,{},"{""proportion"": 0.0, ""confidence"": [0.0, 0.7301340512159458], ""p_value"": 1.0, ""contingency"": [[0, 1], [451, 28002]]}",{}
482,NC00962.3,EMB-0.25-0.9,0.0,GARC1,RUS,EMB,embB@G62R,U,{},"{""proportion"": 0.0, ""confidence"": [0.0, 0.4741955741575127], ""p_value"": 1.0, ""contingency"": [[0, 3], [451, 28002]]}",{}
483,NC00962.3,EMB-0.25-0.9,0.0,GARC1,RUS,EMB,embA@-40_del_t,U,{},"{""proportion"": 0.0, ""confidence"": [0.0, 0.31078398130591417], ""p_value"": 0.347412109375, ""contingency"": [[0, 6], [451, 28002]]}",{}
484,NC00962.3,EMB-0.25-0.9,0.0,GARC1,RUS,EMB,embB@P70R,U,{},"{""proportion"": 0.0, ""confidence"": [-2.1340331742842984e-17, 0.2311335193197566], ""p_value"": 0.12401199340820315, ""contingency"": [[0, 9], [451, 28002]]}",{}
485,NC00962.3,EMB-0.25-0.9,0.0,GARC1,RUS,EMB,embA@V613M,U,{},"{""proportion"": 0.0, ""confidence"": [0.0, 0.7301340512159458], ""p_value"": 1.0, ""contingency"": [[0, 1], [451, 28002]]}",{}
486,NC00962.3,EMB-0.25-0.9,0.0,GARC1,RUS,EMB,embB@V1048I,U,{},"{""proportion"": 0.0, ""confidence"": [0.0, 0.5749693909936535], ""p_value"": 1.0, ""contingency"": [[0, 2], [451, 28002]]}",{}
487,NC00962.3,EMB-0.25-0.9,0.0,GARC1,RUS,EMB,embA@D273N,U,{},"{""proportion"": 0.0, ""confidence"": [0.0, 0.7301340512159458], ""p_value"": 1.0, ""contingency"": [[0, 1], [451, 28002]]}",{}
488,NC00962.3,EMB-0.25-0.9,0.0,GARC1,RUS,EMB,embB@P655Q,U,{},"{""proportion"": 0.0, ""confidence"": [0.0, 0.40347862520270455], ""p_value"": 0.578125, ""contingency"": [[0, 4], [451, 28002]]}",{}
489,NC00962.3,EMB-0.25-0.9,0.0,GARC1,RUS,EMB,embA@G1085V,U,{},"{""proportion"": 0.0, ""confidence"": [0.0, 0.7301340512159458], ""p_value"": 1.0, ""contingency"": [[0, 1], [451, 28002]]}",{}
490,NC00962.3,EMB-0.25-0.9,0.0,GARC1,RUS,EMB,embA@G623A,U,{},"{""proportion"": 0.0, ""confidence"": [0.0, 0.7301340512159458], ""p_value"": 1.0, ""contingency"": [[0, 1], [451, 28002]]}",{}
491,NC00962.3,EMB-0.25-0.9,0.0,GARC1,RUS,EMB,embB@S174N,U,{},"{""proportion"": 0.0, ""confidence"": [0.0, 0.7301340512159458], ""p_value"": 1.0, ""contingency"": [[0, 1], [451, 28002]]}",{}
492,NC00962.3,EMB-0.25-0.9,0.0,GARC1,RUS,EMB,embB@M91I,U,{},"{""proportion"": 0.0, ""confidence"": [0.0, 0.4741955741575127], ""p_value"": 1.0, ""contingency"": [[0, 3], [451, 28002]]}",{}
493,NC00962.3,EMB-0.25-0.9,0.0,GARC1,RUS,EMB,embB@L239R,U,{},"{""proportion"": 0.0, ""confidence"": [0.0, 0.7301340512159458], ""p_value"": 1.0, ""contingency"": [[0, 1], [451, 28002]]}",{}
494,NC00962.3,EMB-0.25-0.9,0.0,GARC1,RUS,EMB,embA@T434P,U,{},"{""proportion"": 0.0, ""confidence"": [0.0, 0.5749693909936535], ""p_value"": 1.0, ""contingency"": [[0, 2], [451, 28002]]}",{}
495,NC00962.3,EMB-0.25-0.9,0.0,GARC1,RUS,EMB,embB@P477A,U,{},"{""proportion"": 0.0, ""confidence"": [0.0, 0.7301340512159458], ""p_value"": 1.0, ""contingency"": [[0, 1], [451, 28002]]}",{}
496,NC00962.3,EMB-0.25-0.9,0.0,GARC1,RUS,EMB,embB@S142C,U,{},"{""proportion"": 0.0, ""confidence"": [0.0, 0.4741955741575127], ""p_value"": 1.0, ""contingency"": [[0, 3], [451, 28002]]}",{}
497,NC00962.3,EMB-0.25-0.9,0.0,GARC1,RUS,EMB,embA@A315V,U,{},"{""proportion"": 0.0, ""confidence"": [0.0, 0.7301340512159458], ""p_value"": 1.0, ""contingency"": [[0, 1], [451, 28002]]}",{}
498,NC00962.3,EMB-0.25-0.9,0.0,GARC1,RUS,EMB,embA@A419T,U,{},"{""proportion"": 0.0, ""confidence"": [0.0, 0.7301340512159458], ""p_value"": 1.0, ""contingency"": [[0, 1], [451, 28002]]}",{}
499,NC00962.3,EMB-0.25-0.9,0.0,GARC1,RUS,EMB,embA@D883E,U,{},"{""proportion"": 0.0, ""confidence"": [0.0, 0.7301340512159458], ""p_value"": 1.0, ""contingency"": [[0, 1], [451, 28002]]}",{}
500,NC00962.3,EMB-0.25-0.9,0.0,GARC1,RUS,EMB,embB@T341N,U,{},"{""proportion"": 0.0, ""confidence"": [0.0, 0.40347862520270455], ""p_value"": 0.578125, ""contingency"": [[0, 4], [451, 28002]]}",{}
501,NC00962.3,EMB-0.25-0.9,0.0,GARC1,RUS,EMB,embA@M735I,U,{},"{""proportion"": 0.0, ""confidence"": [0.0, 0.4741955741575127], ""p_value"": 1.0, ""contingency"": [[0, 3], [451, 28002]]}",{}
502,NC00962.3,EMB-0.25-0.9,0.0,GARC1,RUS,EMB,embB@V39G,U,{},"{""proportion"": 0.0, ""confidence"": [0.0, 0.5749693909936535], ""p_value"": 1.0, ""contingency"": [[0, 2], [451, 28002]]}",{}
503,NC00962.3,EMB-0.25-0.9,0.0,GARC1,RUS,EMB,embA@T837A,U,{},"{""proportion"": 0.0, ""confidence"": [0.0, 0.40347862520270455], ""p_value"": 0.578125, ""contingency"": [[0, 4], [451, 28002]]}",{}
504,NC00962.3,EMB-0.25-0.9,0.0,GARC1,RUS,EMB,embA@I413V,U,{},"{""proportion"": 0.0, ""confidence"": [0.0, 0.7301340512159458], ""p_value"": 1.0, ""contingency"": [[0, 1], [451, 28002]]}",{}
505,NC00962.3,EMB-0.25-0.9,0.0,GARC1,RUS,EMB,embB@A485V,U,{},"{""proportion"": 0.0, ""confidence"": [0.0, 0.5749693909936535], ""p_value"": 1.0, ""contingency"": [[0, 2], [451, 28002]]}",{}
506,NC00962.3,EMB-0.25-0.9,0.0,GARC1,RUS,EMB,embB@G194R,U,{},"{""proportion"": 0.0, ""confidence"": [0.0, 0.5749693909936535], ""p_value"": 1.0, ""contingency"": [[0, 2], [451, 28002]]}",{}
507,NC00962.3,EMB-0.25-0.9,0.0,GARC1,RUS,EMB,embB@T498I,U,{},"{""proportion"": 0.0, ""confidence"": [0.0, 0.5749693909936535], ""p_value"": 1.0, ""contingency"": [[0, 2], [451, 28002]]}",{}
508,NC00962.3,EMB-0.25-0.9,0.0,GARC1,RUS,EMB,embA@D1053A,U,{},"{""proportion"": 0.0, ""confidence"": [0.0, 0.7301340512159458], ""p_value"": 1.0, ""contingency"": [[0, 1], [451, 28002]]}",{}
509,NC00962.3,EMB-0.25-0.9,0.0,GARC1,RUS,EMB,embB@N129D,U,{},"{""proportion"": 0.0, ""confidence"": [0.0, 0.5749693909936535], ""p_value"": 1.0, ""contingency"": [[0, 2], [451, 28002]]}",{}
510,NC00962.3,EMB-0.25-0.9,0.0,GARC1,RUS,EMB,embA@A66V,U,{},"{""proportion"": 0.0, ""confidence"": [0.0, 0.7301340512159458], ""p_value"": 1.0, ""contingency"": [[0, 1], [451, 28002]]}",{}
511,NC00962.3,EMB-0.25-0.9,0.0,GARC1,RUS,EMB,embB@G244R,U,{},"{""proportion"": 0.0, ""confidence"": [0.0, 0.7301340512159458], ""p_value"": 1.0, ""contingency"": [[0, 1], [451, 28002]]}",{}
512,NC00962.3,EMB-0.25-0.9,0.0,GARC1,RUS,EMB,embA@L1008P,U,{},"{""proportion"": 0.0, ""confidence"": [0.0, 0.4741955741575127], ""p_value"": 1.0, ""contingency"": [[0, 3], [451, 28002]]}",{}
513,NC00962.3,EMB-0.25-0.9,0.0,GARC1,RUS,EMB,embA@G157R,U,{},"{""proportion"": 0.0, ""confidence"": [0.0, 0.7301340512159458], ""p_value"": 1.0, ""contingency"": [[0, 1], [451, 28002]]}",{}
514,NC00962.3,EMB-0.25-0.9,0.0,GARC1,RUS,EMB,embB@C549Y,U,{},"{""proportion"": 0.0, ""confidence"": [0.0, 0.4741955741575127], ""p_value"": 1.0, ""contingency"": [[0, 3], [451, 28002]]}",{}
515,NC00962.3,EMB-0.25-0.9,0.0,GARC1,RUS,EMB,embA@D865V,U,{},"{""proportion"": 0.0, ""confidence"": [0.0, 0.7301340512159458], ""p_value"": 1.0, ""contingency"": [[0, 1], [451, 28002]]}",{}
516,NC00962.3,EMB-0.25-0.9,0.0,GARC1,RUS,EMB,embA@N37S,U,{},"{""proportion"": 0.0, ""confidence"": [0.0, 0.7301340512159458], ""p_value"": 1.0, ""contingency"": [[0, 1], [451, 28002]]}",{}
517,NC00962.3,EMB-0.25-0.9,0.0,GARC1,RUS,EMB,embA@G823E,U,{},"{""proportion"": 0.0, ""confidence"": [0.0, 0.4741955741575127], ""p_value"": 1.0, ""contingency"": [[0, 3], [451, 28002]]}",{}
518,NC00962.3,EMB-0.25-0.9,0.0,GARC1,RUS,EMB,embA@S1040L,U,{},"{""proportion"": 0.0, ""confidence"": [0.0, 0.7301340512159458], ""p_value"": 1.0, ""contingency"": [[0, 1], [451, 28002]]}",{}
519,NC00962.3,EMB-0.25-0.9,0.0,GARC1,RUS,EMB,embA@A804T,U,{},"{""proportion"": 0.0, ""confidence"": [0.0, 0.7301340512159458], ""p_value"": 1.0, ""contingency"": [[0, 1], [451, 28002]]}",{}
520,NC00962.3,EMB-0.25-0.9,0.0,GARC1,RUS,EMB,embB@A155G,U,{},"{""proportion"": 0.0, ""confidence"": [0.0, 0.7301340512159458], ""p_value"": 1.0, ""contingency"": [[0, 1], [451, 28002]]}",{}
521,NC00962.3,EMB-0.25-0.9,0.0,GARC1,RUS,EMB,embA@W393S,U,{},"{""proportion"": 0.0, ""confidence"": [0.0, 0.7301340512159458], ""p_value"": 1.0, ""contingency"": [[0, 1], [451, 28002]]}",{}
522,NC00962.3,EMB-0.25-0.9,0.0,GARC1,RUS,EMB,embA@V534L,U,{},"{""proportion"": 0.0, ""confidence"": [0.0, 0.5749693909936535], ""p_value"": 1.0, ""contingency"": [[0, 2], [451, 28002]]}",{}
523,NC00962.3,EMB-0.25-0.9,0.0,GARC1,RUS,EMB,embA@Y502C,U,{},"{""proportion"": 0.0, ""confidence"": [0.0, 0.40347862520270455], ""p_value"": 0.578125, ""contingency"": [[0, 4], [451, 28002]]}",{}
524,NC00962.3,EMB-0.25-0.9,0.0,GARC1,RUS,EMB,embA@H1011Y,U,{},"{""proportion"": 0.0, ""confidence"": [0.0, 0.7301340512159458], ""p_value"": 1.0, ""contingency"": [[0, 1], [451, 28002]]}",{}
525,NC00962.3,EMB-0.25-0.9,0.0,GARC1,RUS,EMB,embB@M396L,U,{},"{""proportion"": 0.0, ""confidence"": [0.0, 0.7301340512159458], ""p_value"": 1.0, ""contingency"": [[0, 1], [451, 28002]]}",{}
526,NC00962.3,EMB-0.25-0.9,0.0,GARC1,RUS,EMB,embA@R194Q,U,{},"{""proportion"": 0.0, ""confidence"": [0.0, 0.25272359742376316], ""p_value"": 0.21392822265625003, ""contingency"": [[0, 8], [451, 28002]]}",{}
527,NC00962.3,EMB-0.25-0.9,0.0,GARC1,RUS,EMB,embA@V911G,U,{},"{""proportion"": 0.0, ""confidence"": [0.0, 0.7301340512159458], ""p_value"": 1.0, ""contingency"": [[0, 1], [451, 28002]]}",{}
528,NC00962.3,EMB-0.25-0.9,0.0,GARC1,RUS,EMB,embA@A223V,U,{},"{""proportion"": 0.0, ""confidence"": [0.0, 0.7301340512159458], ""p_value"": 1.0, ""contingency"": [[0, 1], [451, 28002]]}",{}
529,NC00962.3,EMB-0.25-0.9,0.0,GARC1,RUS,EMB,embB@S22F,U,{},"{""proportion"": 0.0, ""confidence"": [0.0, 0.7301340512159458], ""p_value"": 1.0, ""contingency"": [[0, 1], [451, 28002]]}",{}
530,NC00962.3,EMB-0.25-0.9,0.0,GARC1,RUS,EMB,embB@G305C,U,{},"{""proportion"": 0.0, ""confidence"": [0.0, 0.4741955741575127], ""p_value"": 1.0, ""contingency"": [[0, 3], [451, 28002]]}",{}
531,NC00962.3,EMB-0.25-0.9,0.0,GARC1,RUS,EMB,embA@R866Q,U,{},"{""proportion"": 0.0, ""confidence"": [0.0, 0.5749693909936535], ""p_value"": 1.0, ""contingency"": [[0, 2], [451, 28002]]}",{}
532,NC00962.3,EMB-0.25-0.9,0.0,GARC1,RUS,EMB,embA@D4N,U,{},"{""proportion"": 0.0, ""confidence"": [0.0, 0.7301340512159458], ""p_value"": 1.0, ""contingency"": [[0, 1], [451, 28002]]}",{}
533,NC00962.3,EMB-0.25-0.9,0.0,GARC1,RUS,EMB,embA@R229T,U,{},"{""proportion"": 0.0, ""confidence"": [0.0, 0.7301340512159458], ""p_value"": 1.0, ""contingency"": [[0, 1], [451, 28002]]}",{}
534,NC00962.3,EMB-0.25-0.9,0.0,GARC1,RUS,EMB,embB@V377M,U,{},"{""proportion"": 0.0, ""confidence"": [0.0, 0.7301340512159458], ""p_value"": 1.0, ""contingency"": [[0, 1], [451, 28002]]}",{}
535,NC00962.3,EMB-0.25-0.9,0.0,GARC1,RUS,EMB,embA@L261S,U,{},"{""proportion"": 0.0, ""confidence"": [0.0, 0.5749693909936535], ""p_value"": 1.0, ""contingency"": [[0, 2], [451, 28002]]}",{}
536,NC00962.3,EMB-0.25-0.9,0.0,GARC1,RUS,EMB,embA@R445P,U,{},"{""proportion"": 0.0, ""confidence"": [0.0, 0.7301340512159458], ""p_value"": 1.0, ""contingency"": [[0, 1], [451, 28002]]}",{}
537,NC00962.3,EMB-0.25-0.9,0.0,GARC1,RUS,EMB,embB@E138G,U,{},"{""proportion"": 0.0, ""confidence"": [0.0, 0.4741955741575127], ""p_value"": 1.0, ""contingency"": [[0, 3], [451, 28002]]}",{}
538,NC00962.3,EMB-0.25-0.9,0.0,GARC1,RUS,EMB,embB@A155V,U,{},"{""proportion"": 0.0, ""confidence"": [0.0, 0.7301340512159458], ""p_value"": 1.0, ""contingency"": [[0, 1], [451, 28002]]}",{}
539,NC00962.3,EMB-0.25-0.9,0.0,GARC1,RUS,EMB,embB@A852V,U,{},"{""proportion"": 0.0, ""confidence"": [0.0, 0.7301340512159458], ""p_value"": 1.0, ""contingency"": [[0, 1], [451, 28002]]}",{}
540,NC00962.3,EMB-0.25-0.9,0.0,GARC1,RUS,EMB,embA@A259T,U,{},"{""proportion"": 0.0, ""confidence"": [0.0, 0.7301340512159458], ""p_value"": 1.0, ""contingency"": [[0, 1], [451, 28002]]}",{}
541,NC00962.3,EMB-0.25-0.9,0.0,GARC1,RUS,EMB,embA@H673R,U,{},"{""proportion"": 0.0, ""confidence"": [0.0, 0.278762695452542], ""p_value"": 0.20404052734375, ""contingency"": [[0, 7], [451, 28002]]}",{}
542,NC00962.3,EMB-0.25-0.9,0.0,GARC1,RUS,EMB,embB@F79L,U,{},"{""proportion"": 0.0, ""confidence"": [0.0, 0.7301340512159458], ""p_value"": 1.0, ""contingency"": [[0, 1], [451, 28002]]}",{}
543,NC00962.3,EMB-0.25-0.9,0.0,GARC1,RUS,EMB,embA@L781H,U,{},"{""proportion"": 0.0, ""confidence"": [0.0, 0.7301340512159458], ""p_value"": 1.0, ""contingency"": [[0, 1], [451, 28002]]}",{}
544,NC00962.3,EMB-0.25-0.9,0.0,GARC1,RUS,EMB,embB@A693T,U,{},"{""proportion"": 0.0, ""confidence"": [0.0, 0.4741955741575127], ""p_value"": 1.0, ""contingency"": [[0, 3], [451, 28002]]}",{}
545,NC00962.3,EMB-0.25-0.9,0.0,GARC1,RUS,EMB,embB@T797A,U,{},"{""proportion"": 0.0, ""confidence"": [0.0, 0.40347862520270455], ""p_value"": 0.578125, ""contingency"": [[0, 4], [451, 28002]]}",{}
546,NC00962.3,EMB-0.25-0.9,0.0,GARC1,RUS,EMB,embA@V627A,U,{},"{""proportion"": 0.0, ""confidence"": [0.0, 0.5749693909936535], ""p_value"": 1.0, ""contingency"": [[0, 2], [451, 28002]]}",{}
547,NC00962.3,EMB-0.25-0.9,0.0,GARC1,RUS,EMB,embB@P93H,U,{},"{""proportion"": 0.0, ""confidence"": [0.0, 0.7301340512159458], ""p_value"": 1.0, ""contingency"": [[0, 1], [451, 28002]]}",{}
548,NC00962.3,EMB-0.25-0.9,0.0,GARC1,RUS,EMB,embB@S272N,U,{},"{""proportion"": 0.0, ""confidence"": [0.0, 0.4741955741575127], ""p_value"": 1.0, ""contingency"": [[0, 3], [451, 28002]]}",{}
549,NC00962.3,EMB-0.25-0.9,0.0,GARC1,RUS,EMB,embA@V646L,U,{},"{""proportion"": 0.0, ""confidence"": [0.0, 0.7301340512159458], ""p_value"": 1.0, ""contingency"": [[0, 1], [451, 28002]]}",{}
550,NC00962.3,EMB-0.25-0.9,0.0,GARC1,RUS,EMB,embB@Y848H,U,{},"{""proportion"": 0.0, ""confidence"": [0.0, 0.3511165007651012], ""p_value"": 0.34082031250000006, ""contingency"": [[0, 5], [451, 28002]]}",{}
551,NC00962.3,EMB-0.25-0.9,0.0,GARC1,RUS,EMB,embA@V396M,U,{},"{""proportion"": 0.0, ""confidence"": [0.0, 0.5749693909936535], ""p_value"": 1.0, ""contingency"": [[0, 2], [451, 28002]]}",{}
552,NC00962.3,EMB-0.25-0.9,0.0,GARC1,RUS,EMB,embB@P45L,U,{},"{""proportion"": 0.0, ""confidence"": [0.0, 0.4741955741575127], ""p_value"": 1.0, ""contingency"": [[0, 3], [451, 28002]]}",{}
553,NC00962.3,EMB-0.25-0.9,0.0,GARC1,RUS,EMB,embB@P371R,U,{},"{""proportion"": 0.0, ""confidence"": [0.0, 0.5749693909936535], ""p_value"": 1.0, ""contingency"": [[0, 2], [451, 28002]]}",{}
554,NC00962.3,EMB-0.25-0.9,0.0,GARC1,RUS,EMB,embA@S20P,U,{},"{""proportion"": 0.0, ""confidence"": [0.0, 0.40347862520270455], ""p_value"": 0.578125, ""contingency"": [[0, 4], [451, 28002]]}",{}
555,NC00962.3,EMB-0.25-0.9,0.0,GARC1,RUS,EMB,embB@T532A,U,{},"{""proportion"": 0.0, ""confidence"": [0.0, 0.5749693909936535], ""p_value"": 1.0, ""contingency"": [[0, 2], [451, 28002]]}",{}
556,NC00962.3,EMB-0.25-0.9,0.0,GARC1,RUS,EMB,embA@I553L,U,{},"{""proportion"": 0.0, ""confidence"": [0.0, 0.5749693909936535], ""p_value"": 1.0, ""contingency"": [[0, 2], [451, 28002]]}",{}
557,NC00962.3,EMB-0.25-0.9,0.0,GARC1,RUS,EMB,embB@A388D,U,{},"{""proportion"": 0.0, ""confidence"": [0.0, 0.5749693909936535], ""p_value"": 1.0, ""contingency"": [[0, 2], [451, 28002]]}",{}
558,NC00962.3,EMB-0.25-0.9,0.0,GARC1,RUS,EMB,embB@P907S,U,{},"{""proportion"": 0.0, ""confidence"": [0.0, 0.7301340512159458], ""p_value"": 1.0, ""contingency"": [[0, 1], [451, 28002]]}",{}
559,NC00962.3,EMB-0.25-0.9,0.0,GARC1,RUS,EMB,embA@L967M,U,{},"{""proportion"": 0.0, ""confidence"": [0.0, 0.7301340512159458], ""p_value"": 1.0, ""contingency"": [[0, 1], [451, 28002]]}",{}
560,NC00962.3,EMB-0.25-0.9,0.0,GARC1,RUS,EMB,embA@D144G,U,{},"{""proportion"": 0.0, ""confidence"": [0.0, 0.7301340512159458], ""p_value"": 1.0, ""contingency"": [[0, 1], [451, 28002]]}",{}
561,NC00962.3,EMB-0.25-0.9,0.0,GARC1,RUS,EMB,embB@A627V,U,{},"{""proportion"": 0.0, ""confidence"": [0.0, 0.7301340512159458], ""p_value"": 1.0, ""contingency"": [[0, 1], [451, 28002]]}",{}
562,NC00962.3,EMB-0.25-0.9,0.0,GARC1,RUS,EMB,embB@A155P,U,{},"{""proportion"": 0.0, ""confidence"": [0.0, 0.278762695452542], ""p_value"": 0.20404052734375, ""contingency"": [[0, 7], [451, 28002]]}",{}
563,NC00962.3,EMB-0.25-0.9,0.0,GARC1,RUS,EMB,embB@A204T,U,{},"{""proportion"": 0.0, ""confidence"": [0.0, 0.7301340512159458], ""p_value"": 1.0, ""contingency"": [[0, 1], [451, 28002]]}",{}
564,NC00962.3,EMB-0.25-0.9,0.0,GARC1,RUS,EMB,embA@M697V,U,{},"{""proportion"": 0.0, ""confidence"": [0.0, 0.25272359742376316], ""p_value"": 0.21392822265625003, ""contingency"": [[0, 8], [451, 28002]]}",{}
565,NC00962.3,EMB-0.25-0.9,0.0,GARC1,RUS,EMB,embA@A586T,U,{},"{""proportion"": 0.0, ""confidence"": [0.0, 0.5749693909936535], ""p_value"": 1.0, ""contingency"": [[0, 2], [451, 28002]]}",{}
566,NC00962.3,EMB-0.25-0.9,0.0,GARC1,RUS,EMB,embB@A454P,U,{},"{""proportion"": 0.0, ""confidence"": [0.0, 0.7301340512159458], ""p_value"": 1.0, ""contingency"": [[0, 1], [451, 28002]]}",{}
567,NC00962.3,EMB-0.25-0.9,0.0,GARC1,RUS,EMB,embB@D970A,U,{},"{""proportion"": 0.0, ""confidence"": [0.0, 0.7301340512159458], ""p_value"": 1.0, ""contingency"": [[0, 1], [451, 28002]]}",{}
568,NC00962.3,EMB-0.25-0.9,0.0,GARC1,RUS,EMB,embA@L525M,U,{},"{""proportion"": 0.0, ""confidence"": [0.0, 0.5749693909936535], ""p_value"": 1.0, ""contingency"": [[0, 2], [451, 28002]]}",{}
569,NC00962.3,EMB-0.25-0.9,0.0,GARC1,RUS,EMB,embB@D664G,U,{},"{""proportion"": 0.0, ""confidence"": [0.0, 0.7301340512159458], ""p_value"": 1.0, ""contingency"": [[0, 1], [451, 28002]]}",{}
570,NC00962.3,EMB-0.25-0.9,0.0,GARC1,RUS,EMB,embB@G65D,U,{},"{""proportion"": 0.0, ""confidence"": [0.0, 0.40347862520270455], ""p_value"": 0.578125, ""contingency"": [[0, 4], [451, 28002]]}",{}
571,NC00962.3,EMB-0.25-0.9,0.0,GARC1,RUS,EMB,embA@W306G,U,{},"{""proportion"": 0.0, ""confidence"": [0.0, 0.7301340512159458], ""p_value"": 1.0, ""contingency"": [[0, 1], [451, 28002]]}",{}
572,NC00962.3,EMB-0.25-0.9,0.0,GARC1,RUS,EMB,embB@V414G,U,{},"{""proportion"": 0.0, ""confidence"": [0.0, 0.5749693909936535], ""p_value"": 1.0, ""contingency"": [[0, 2], [451, 28002]]}",{}
573,NC00962.3,EMB-0.25-0.9,0.0,GARC1,RUS,EMB,embA@D274G,U,{},"{""proportion"": 0.0, ""confidence"": [0.0, 0.7301340512159458], ""p_value"": 1.0, ""contingency"": [[0, 1], [451, 28002]]}",{}
574,NC00962.3,EMB-0.25-0.9,0.0,GARC1,RUS,EMB,embA@A364T,U,{},"{""proportion"": 0.0, ""confidence"": [0.0, 0.7301340512159458], ""p_value"": 1.0, ""contingency"": [[0, 1], [451, 28002]]}",{}
575,NC00962.3,EMB-0.25-0.9,0.0,GARC1,RUS,EMB,embA@E512A,U,{},"{""proportion"": 0.0, ""confidence"": [0.0, 0.7301340512159458], ""p_value"": 1.0, ""contingency"": [[0, 1], [451, 28002]]}",{}
576,NC00962.3,EMB-0.25-0.9,0.0,GARC1,RUS,EMB,embA@S318L,U,{},"{""proportion"": 0.0, ""confidence"": [0.0, 0.3511165007651012], ""p_value"": 0.34082031250000006, ""contingency"": [[0, 5], [451, 28002]]}",{}
577,NC00962.3,EMB-0.25-0.9,0.0,GARC1,RUS,EMB,embB@W621S,U,{},"{""proportion"": 0.0, ""confidence"": [0.0, 0.7301340512159458], ""p_value"": 1.0, ""contingency"": [[0, 1], [451, 28002]]}",{}
578,NC00962.3,EMB-0.25-0.9,0.0,GARC1,RUS,EMB,embA@R188H,U,{},"{""proportion"": 0.0, ""confidence"": [0.0, 0.7301340512159458], ""p_value"": 1.0, ""contingency"": [[0, 1], [451, 28002]]}",{}
579,NC00962.3,EMB-0.25-0.9,0.0,GARC1,RUS,EMB,embB@G106V,U,{},"{""proportion"": 0.0, ""confidence"": [0.0, 0.7301340512159458], ""p_value"": 1.0, ""contingency"": [[0, 1], [451, 28002]]}",{}
580,NC00962.3,EMB-0.25-0.9,0.0,GARC1,RUS,EMB,embA@I595V,U,{},"{""proportion"": 0.0, ""confidence"": [0.0, 0.3511165007651012], ""p_value"": 0.34082031250000006, ""contingency"": [[0, 5], [451, 28002]]}",{}
581,NC00962.3,EMB-0.25-0.9,0.0,GARC1,RUS,EMB,embB@I16L,U,{},"{""proportion"": 0.0, ""confidence"": [0.0, 0.40347862520270455], ""p_value"": 0.578125, ""contingency"": [[0, 4], [451, 28002]]}",{}
582,NC00962.3,EMB-0.25-0.9,0.0,GARC1,RUS,EMB,embA@G729R,U,{},"{""proportion"": 0.0, ""confidence"": [0.0, 0.4741955741575127], ""p_value"": 1.0, ""contingency"": [[0, 3], [451, 28002]]}",{}
583,NC00962.3,EMB-0.25-0.9,0.0,GARC1,RUS,EMB,embB@A235V,U,{},"{""proportion"": 0.0, ""confidence"": [0.0, 0.7301340512159458], ""p_value"": 1.0, ""contingency"": [[0, 1], [451, 28002]]}",{}
584,NC00962.3,EMB-0.25-0.9,0.0,GARC1,RUS,EMB,embA@I131V,U,{},"{""proportion"": 0.0, ""confidence"": [0.0, 0.40347862520270455], ""p_value"": 0.578125, ""contingency"": [[0, 4], [451, 28002]]}",{}
585,NC00962.3,EMB-0.25-0.9,0.0,GARC1,RUS,EMB,embB@F176L,U,{},"{""proportion"": 0.0, ""confidence"": [0.0, 0.7301340512159458], ""p_value"": 1.0, ""contingency"": [[0, 1], [451, 28002]]}",{}
586,NC00962.3,EMB-0.25-0.9,0.0,GARC1,RUS,EMB,embB@P197R,U,{},"{""proportion"": 0.0, ""confidence"": [0.0, 0.5749693909936535], ""p_value"": 1.0, ""contingency"": [[0, 2], [451, 28002]]}",{}
587,NC00962.3,EMB-0.25-0.9,0.0,GARC1,RUS,EMB,embA@N110D,U,{},"{""proportion"": 0.0, ""confidence"": [0.0, 0.5749693909936535], ""p_value"": 1.0, ""contingency"": [[0, 2], [451, 28002]]}",{}
588,NC00962.3,EMB-0.25-0.9,0.0,GARC1,RUS,EMB,embA@W931L,U,{},"{""proportion"": 0.0, ""confidence"": [0.0, 0.7301340512159458], ""p_value"": 1.0, ""contingency"": [[0, 1], [451, 28002]]}",{}
589,NC00962.3,EMB-0.25-0.9,0.0,GARC1,RUS,EMB,embB@R257W,U,{},"{""proportion"": 0.0, ""confidence"": [0.0, 0.5749693909936535], ""p_value"": 1.0, ""contingency"": [[0, 2], [451, 28002]]}",{}
590,NC00962.3,EMB-0.25-0.9,0.0,GARC1,RUS,EMB,embA@P381L,U,{},"{""proportion"": 0.0, ""confidence"": [0.0, 0.5749693909936535], ""p_value"": 1.0, ""contingency"": [[0, 2], [451, 28002]]}",{}
591,NC00962.3,EMB-0.25-0.9,0.0,GARC1,RUS,EMB,embA@G1088!,U,{},"{""proportion"": 0.0, ""confidence"": [0.0, 0.7301340512159458], ""p_value"": 1.0, ""contingency"": [[0, 1], [451, 28002]]}",{}
592,NC00962.3,EMB-0.25-0.9,0.0,GARC1,RUS,EMB,embB@R623P,U,{},"{""proportion"": 0.0, ""confidence"": [0.0, 0.7301340512159458], ""p_value"": 1.0, ""contingency"": [[0, 1], [451, 28002]]}",{}
593,NC00962.3,EMB-0.25-0.9,0.0,GARC1,RUS,EMB,embA@A109T,U,{},"{""proportion"": 0.0, ""confidence"": [0.0, 0.4741955741575127], ""p_value"": 1.0, ""contingency"": [[0, 3], [451, 28002]]}",{}
594,NC00962.3,EMB-0.25-0.9,0.0,GARC1,RUS,EMB,embA@L563V,U,{},"{""proportion"": 0.0, ""confidence"": [0.0, 0.7301340512159458], ""p_value"": 1.0, ""contingency"": [[0, 1], [451, 28002]]}",{}
595,NC00962.3,EMB-0.25-0.9,0.0,GARC1,RUS,EMB,embB@G665W,U,{},"{""proportion"": 0.0, ""confidence"": [0.0, 0.40347862520270455], ""p_value"": 0.578125, ""contingency"": [[0, 4], [451, 28002]]}",{}
596,NC00962.3,EMB-0.25-0.9,0.0,GARC1,RUS,EMB,embB@A1083V,U,{},"{""proportion"": 0.0, ""confidence"": [0.0, 0.7301340512159458], ""p_value"": 1.0, ""contingency"": [[0, 1], [451, 28002]]}",{}
597,NC00962.3,EMB-0.25-0.9,0.0,GARC1,RUS,EMB,embB@L1053V,U,{},"{""proportion"": 0.0, ""confidence"": [0.0, 0.7301340512159458], ""p_value"": 1.0, ""contingency"": [[0, 1], [451, 28002]]}",{}
598,NC00962.3,EMB-0.25-0.9,0.0,GARC1,RUS,EMB,embB@A993T,U,{},"{""proportion"": 0.0, ""confidence"": [0.0, 0.7301340512159458], ""p_value"": 1.0, ""contingency"": [[0, 1], [451, 28002]]}",{}
599,NC00962.3,EMB-0.25-0.9,0.0,GARC1,RUS,EMB,embA@A494S,U,{},"{""proportion"": 0.0, ""confidence"": [0.0, 0.7301340512159458], ""p_value"": 1.0, ""contingency"": [[0, 1], [451, 28002]]}",{}
600,NC00962.3,EMB-0.25-0.9,0.0,GARC1,RUS,EMB,embA@I821T,U,{},"{""proportion"": 0.0, ""confidence"": [0.0, 0.7301340512159458], ""p_value"": 1.0, ""contingency"": [[0, 1], [451, 28002]]}",{}
601,NC00962.3,EMB-0.25-0.9,0.0,GARC1,RUS,EMB,embB@D752H,U,{},"{""proportion"": 0.0, ""confidence"": [0.0, 0.7301340512159458], ""p_value"": 1.0, ""contingency"": [[0, 1], [451, 28002]]}",{}
602,NC00962.3,EMB-0.25-0.9,0.0,GARC1,RUS,EMB,embB@V898M,U,{},"{""proportion"": 0.0, ""confidence"": [0.0, 0.7301340512159458], ""p_value"": 1.0, ""contingency"": [[0, 1], [451, 28002]]}",{}
603,NC00962.3,EMB-0.25-0.9,0.0,GARC1,RUS,EMB,embA@T300A,U,{},"{""proportion"": 0.0, ""confidence"": [0.0, 0.7301340512159458], ""p_value"": 1.0, ""contingency"": [[0, 1], [451, 28002]]}",{}
604,NC00962.3,EMB-0.25-0.9,0.0,GARC1,RUS,EMB,embA@N847S,U,{},"{""proportion"": 0.0, ""confidence"": [0.0, 0.7301340512159458], ""p_value"": 1.0, ""contingency"": [[0, 1], [451, 28002]]}",{}
605,NC00962.3,EMB-0.25-0.9,0.0,GARC1,RUS,EMB,embA@R11Q,U,{},"{""proportion"": 0.0, ""confidence"": [0.0, 0.4741955741575127], ""p_value"": 1.0, ""contingency"": [[0, 3], [451, 28002]]}",{}
606,NC00962.3,EMB-0.25-0.9,0.0,GARC1,RUS,EMB,embB@D78E,U,{},"{""proportion"": 0.0, ""confidence"": [0.0, 0.5749693909936535], ""p_value"": 1.0, ""contingency"": [[0, 2], [451, 28002]]}",{}
607,NC00962.3,EMB-0.25-0.9,0.0,GARC1,RUS,EMB,embA@G817S,U,{},"{""proportion"": 0.0, ""confidence"": [0.0, 0.7301340512159458], ""p_value"": 1.0, ""contingency"": [[0, 1], [451, 28002]]}",{}
608,NC00962.3,EMB-0.25-0.9,0.0,GARC1,RUS,EMB,embA@V458P,U,{},"{""proportion"": 0.0, ""confidence"": [0.0, 0.5749693909936535], ""p_value"": 1.0, ""contingency"": [[0, 2], [451, 28002]]}",{}
609,NC00962.3,EMB-0.25-0.9,0.0,GARC1,RUS,EMB,embA@R234P,U,{},"{""proportion"": 0.0, ""confidence"": [0.0, 0.7301340512159458], ""p_value"": 1.0, ""contingency"": [[0, 1], [451, 28002]]}",{}
610,NC00962.3,EMB-0.25-0.9,0.0,GARC1,RUS,EMB,embB@P809S,U,{},"{""proportion"": 0.0, ""confidence"": [0.0, 0.3511165007651012], ""p_value"": 0.34082031250000006, ""contingency"": [[0, 5], [451, 28002]]}",{}
611,NC00962.3,EMB-0.25-0.9,0.0,GARC1,RUS,EMB,embA@A571S,U,{},"{""proportion"": 0.0, ""confidence"": [0.0, 0.7301340512159458], ""p_value"": 1.0, ""contingency"": [[0, 1], [451, 28002]]}",{}
612,NC00962.3,EMB-0.25-0.9,0.0,GARC1,RUS,EMB,embA@T983I,U,{},"{""proportion"": 0.0, ""confidence"": [0.0, 0.5749693909936535], ""p_value"": 1.0, ""contingency"": [[0, 2], [451, 28002]]}",{}
613,NC00962.3,EMB-0.25-0.9,0.0,GARC1,RUS,EMB,embB@V727A,U,{},"{""proportion"": 0.0, ""confidence"": [0.0, 0.7301340512159458], ""p_value"": 1.0, ""contingency"": [[0, 1], [451, 28002]]}",{}
614,NC00962.3,EMB-0.25-0.9,0.0,GARC1,RUS,EMB,embA@M324V,U,{},"{""proportion"": 0.0, ""confidence"": [0.0, 0.7301340512159458], ""p_value"": 1.0, ""contingency"": [[0, 1], [451, 28002]]}",{}
615,NC00962.3,EMB-0.25-0.9,0.0,GARC1,RUS,EMB,embA@V458A,U,{},"{""proportion"": 0.0, ""confidence"": [0.0, 0.7301340512159458], ""p_value"": 1.0, ""contingency"": [[0, 1], [451, 28002]]}",{}
616,NC00962.3,EMB-0.25-0.9,0.0,GARC1,RUS,EMB,embB@L268P,U,{},"{""proportion"": 0.0, ""confidence"": [0.0, 0.7301340512159458], ""p_value"": 1.0, ""contingency"": [[0, 1], [451, 28002]]}",{}
617,NC00962.3,EMB-0.25-0.9,0.0,GARC1,RUS,EMB,embA@F650L,U,{},"{""proportion"": 0.0, ""confidence"": [0.0, 0.7301340512159458], ""p_value"": 1.0, ""contingency"": [[0, 1], [451, 28002]]}",{}
618,NC00962.3,EMB-0.25-0.9,0.0,GARC1,RUS,EMB,embA@Q990H,U,{},"{""proportion"": 0.0, ""confidence"": [0.0, 0.7301340512159458], ""p_value"": 1.0, ""contingency"": [[0, 1], [451, 28002]]}",{}
619,NC00962.3,EMB-0.25-0.9,0.0,GARC1,RUS,EMB,embA@E397K,U,{},"{""proportion"": 0.0, ""confidence"": [0.0, 0.7301340512159458], ""p_value"": 1.0, ""contingency"": [[0, 1], [451, 28002]]}",{}
620,NC00962.3,EMB-0.25-0.9,0.0,GARC1,RUS,EMB,embB@P818T,U,{},"{""proportion"": 0.0, ""confidence"": [0.0, 0.5749693909936535], ""p_value"": 1.0, ""contingency"": [[0, 2], [451, 28002]]}",{}
621,NC00962.3,EMB-0.25-0.9,0.0,GARC1,RUS,EMB,embB@A705T,U,{},"{""proportion"": 0.0, ""confidence"": [0.0, 0.7301340512159458], ""p_value"": 1.0, ""contingency"": [[0, 1], [451, 28002]]}",{}
622,NC00962.3,EMB-0.25-0.9,0.0,GARC1,RUS,EMB,embB@I226V,U,{},"{""proportion"": 0.0, ""confidence"": [0.0, 0.4741955741575127], ""p_value"": 1.0, ""contingency"": [[0, 3], [451, 28002]]}",{}
623,NC00962.3,EMB-0.25-0.9,0.0,GARC1,RUS,EMB,embB@W28S,U,{},"{""proportion"": 0.0, ""confidence"": [0.0, 0.7301340512159458], ""p_value"": 1.0, ""contingency"": [[0, 1], [451, 28002]]}",{}
624,NC00962.3,EMB-0.25-0.9,0.0,GARC1,RUS,EMB,embB@T819I,U,{},"{""proportion"": 0.0, ""confidence"": [0.0, 0.7301340512159458], ""p_value"": 1.0, ""contingency"": [[0, 1], [451, 28002]]}",{}
625,NC00962.3,EMB-0.25-0.9,0.0,GARC1,RUS,EMB,embA@A284S,U,{},"{""proportion"": 0.0, ""confidence"": [0.0, 0.7301340512159458], ""p_value"": 1.0, ""contingency"": [[0, 1], [451, 28002]]}",{}
626,NC00962.3,EMB-0.25-0.9,0.0,GARC1,RUS,EMB,embB@A677T,U,{},"{""proportion"": 0.0, ""confidence"": [0.0, 0.7301340512159458], ""p_value"": 1.0, ""contingency"": [[0, 1], [451, 28002]]}",{}
627,NC00962.3,EMB-0.25-0.9,0.0,GARC1,RUS,EMB,embB@R1059G,U,{},"{""proportion"": 0.0, ""confidence"": [0.0, 0.7301340512159458], ""p_value"": 1.0, ""contingency"": [[0, 1], [451, 28002]]}",{}
628,NC00962.3,EMB-0.25-0.9,0.0,GARC1,RUS,EMB,embA@T1033I,U,{},"{""proportion"": 0.0, ""confidence"": [0.0, 0.7301340512159458], ""p_value"": 1.0, ""contingency"": [[0, 1], [451, 28002]]}",{}
629,NC00962.3,EMB-0.25-0.9,0.0,GARC1,RUS,EMB,embB@T830M,U,{},"{""proportion"": 0.0, ""confidence"": [0.0, 0.7301340512159458], ""p_value"": 1.0, ""contingency"": [[0, 1], [451, 28002]]}",{}
630,NC00962.3,EMB-0.25-0.9,0.0,GARC1,RUS,EMB,embB@C549G,U,{},"{""proportion"": 0.0, ""confidence"": [0.0, 0.7301340512159458], ""p_value"": 1.0, ""contingency"": [[0, 1], [451, 28002]]}",{}
631,NC00962.3,EMB-0.25-0.9,0.0,GARC1,RUS,EMB,embA@T113M,U,{},"{""proportion"": 0.0, ""confidence"": [0.0, 0.7301340512159458], ""p_value"": 1.0, ""contingency"": [[0, 1], [451, 28002]]}",{}
632,NC00962.3,EMB-0.25-0.9,0.0,GARC1,RUS,EMB,embB@A201T,U,{},"{""proportion"": 0.0, ""confidence"": [0.0, 0.5749693909936535], ""p_value"": 1.0, ""contingency"": [[0, 2], [451, 28002]]}",{}
633,NC00962.3,EMB-0.25-0.9,0.0,GARC1,RUS,EMB,embA@L723V,U,{},"{""proportion"": 0.0, ""confidence"": [0.0, 0.7301340512159458], ""p_value"": 1.0, ""contingency"": [[0, 1], [451, 28002]]}",{}
634,NC00962.3,EMB-0.25-0.9,0.0,GARC1,RUS,EMB,embB@D869E,U,{},"{""proportion"": 0.0, ""confidence"": [0.0, 0.4741955741575127], ""p_value"": 1.0, ""contingency"": [[0, 3], [451, 28002]]}",{}
635,NC00962.3,EMB-0.25-0.9,0.0,GARC1,RUS,EMB,embA@T688M,U,{},"{""proportion"": 0.0, ""confidence"": [0.0, 0.7301340512159458], ""p_value"": 1.0, ""contingency"": [[0, 1], [451, 28002]]}",{}
636,NC00962.3,EMB-0.25-0.9,0.0,GARC1,RUS,EMB,embB@F628S,U,{},"{""proportion"": 0.0, ""confidence"": [0.0, 0.5749693909936535], ""p_value"": 1.0, ""contingency"": [[0, 2], [451, 28002]]}",{}
637,NC00962.3,EMB-0.25-0.9,0.0,GARC1,RUS,EMB,embA@I877T,U,{},"{""proportion"": 0.0, ""confidence"": [0.0, 0.5749693909936535], ""p_value"": 1.0, ""contingency"": [[0, 2], [451, 28002]]}",{}
638,NC00962.3,EMB-0.25-0.9,0.0,GARC1,RUS,EMB,embB@S261P,U,{},"{""proportion"": 0.0, ""confidence"": [0.0, 0.7301340512159458], ""p_value"": 1.0, ""contingency"": [[0, 1], [451, 28002]]}",{}
639,NC00962.3,EMB-0.25-0.9,0.0,GARC1,RUS,EMB,embB@K820N,U,{},"{""proportion"": 0.0, ""confidence"": [0.0, 0.7301340512159458], ""p_value"": 1.0, ""contingency"": [[0, 1], [451, 28002]]}",{}
640,NC00962.3,EMB-0.25-0.9,0.0,GARC1,RUS,EMB,embB@G914R,U,{},"{""proportion"": 0.0, ""confidence"": [0.0, 0.7301340512159458], ""p_value"": 1.0, ""contingency"": [[0, 1], [451, 28002]]}",{}
641,NC00962.3,EMB-0.25-0.9,0.0,GARC1,RUS,EMB,embA@T652M,U,{},"{""proportion"": 0.0, ""confidence"": [0.0, 0.7301340512159458], ""p_value"": 1.0, ""contingency"": [[0, 1], [451, 28002]]}",{}
642,NC00962.3,EMB-0.25-0.9,0.0,GARC1,RUS,EMB,embA@P645Q,U,{},"{""proportion"": 0.0, ""confidence"": [0.0, 0.31078398130591417], ""p_value"": 0.347412109375, ""contingency"": [[0, 6], [451, 28002]]}",{}
643,NC00962.3,EMB-0.25-0.9,0.0,GARC1,RUS,EMB,embB@V508F,U,{},"{""proportion"": 0.0, ""confidence"": [0.0, 0.40347862520270455], ""p_value"": 0.578125, ""contingency"": [[0, 4], [451, 28002]]}",{}
644,NC00962.3,EMB-0.25-0.9,0.0,GARC1,RUS,EMB,embB@I1039M,U,{},"{""proportion"": 0.0, ""confidence"": [0.0, 0.31078398130591417], ""p_value"": 0.347412109375, ""contingency"": [[0, 6], [451, 28002]]}",{}
645,NC00962.3,EMB-0.25-0.9,0.0,GARC1,RUS,EMB,embA@T40I,U,{},"{""proportion"": 0.0, ""confidence"": [0.0, 0.7301340512159458], ""p_value"": 1.0, ""contingency"": [[0, 1], [451, 28002]]}",{}
646,NC00962.3,EMB-0.25-0.9,0.0,GARC1,RUS,EMB,embA@V89M,U,{},"{""proportion"": 0.0, ""confidence"": [0.0, 0.7301340512159458], ""p_value"": 1.0, ""contingency"": [[0, 1], [451, 28002]]}",{}
647,NC00962.3,EMB-0.25-0.9,0.0,GARC1,RUS,EMB,embA@Y307H,U,{},"{""proportion"": 0.0, ""confidence"": [0.0, 0.4741955741575127], ""p_value"": 1.0, ""contingency"": [[0, 3], [451, 28002]]}",{}
648,NC00962.3,EMB-0.25-0.9,0.0,GARC1,RUS,EMB,embB@V888M,U,{},"{""proportion"": 0.0, ""confidence"": [0.0, 0.7301340512159458], ""p_value"": 1.0, ""contingency"": [[0, 1], [451, 28002]]}",{}
649,NC00962.3,EMB-0.25-0.9,0.0,GARC1,RUS,EMB,embA@c-3t,U,{},"{""proportion"": 0.0, ""confidence"": [0.0, 0.7301340512159458], ""p_value"": 1.0, ""contingency"": [[0, 1], [451, 28002]]}",{}
650,NC00962.3,EMB-0.25-0.9,0.0,GARC1,RUS,EMB,embB@I578V,U,{},"{""proportion"": 0.0, ""confidence"": [0.0, 0.7301340512159458], ""p_value"": 1.0, ""contingency"": [[0, 1], [451, 28002]]}",{}
651,NC00962.3,EMB-0.25-0.9,0.0,GARC1,RUS,EMB,embB@A196T,U,{},"{""proportion"": 0.0, ""confidence"": [0.0, 0.7301340512159458], ""p_value"": 1.0, ""contingency"": [[0, 1], [451, 28002]]}",{}
652,NC00962.3,EMB-0.25-0.9,0.0,GARC1,RUS,EMB,embA@P976T,U,{},"{""proportion"": 0.0, ""confidence"": [0.0, 0.5749693909936535], ""p_value"": 1.0, ""contingency"": [[0, 2], [451, 28002]]}",{}
653,NC00962.3,EMB-0.25-0.9,0.0,GARC1,RUS,EMB,embB@I545M,U,{},"{""proportion"": 0.0, ""confidence"": [0.0, 0.5749693909936535], ""p_value"": 1.0, ""contingency"": [[0, 2], [451, 28002]]}",{}
654,NC00962.3,EMB-0.25-0.9,0.0,GARC1,RUS,EMB,embB@D758N,U,{},"{""proportion"": 0.0, ""confidence"": [0.0, 0.5749693909936535], ""p_value"": 1.0, ""contingency"": [[0, 2], [451, 28002]]}",{}
655,NC00962.3,EMB-0.25-0.9,0.0,GARC1,RUS,EMB,embB@M939I,U,{},"{""proportion"": 0.0, ""confidence"": [0.0, 0.7301340512159458], ""p_value"": 1.0, ""contingency"": [[0, 1], [451, 28002]]}",{}
656,NC00962.3,EMB-0.25-0.9,0.0,GARC1,RUS,EMB,embA@P774H,U,{},"{""proportion"": 0.0, ""confidence"": [0.0, 0.5749693909936535], ""p_value"": 1.0, ""contingency"": [[0, 2], [451, 28002]]}",{}
657,NC00962.3,EMB-0.25-0.9,0.0,GARC1,RUS,EMB,embB@G37S,U,{},"{""proportion"": 0.0, ""confidence"": [0.0, 0.31078398130591417], ""p_value"": 0.347412109375, ""contingency"": [[0, 6], [451, 28002]]}",{}
658,NC00962.3,EMB-0.25-0.9,0.0,GARC1,RUS,EMB,embA@V819I,U,{},"{""proportion"": 0.0, ""confidence"": [0.0, 0.7301340512159458], ""p_value"": 1.0, ""contingency"": [[0, 1], [451, 28002]]}",{}
659,NC00962.3,EMB-0.25-0.9,0.0,GARC1,RUS,EMB,embB@G836E,U,{},"{""proportion"": 0.0, ""confidence"": [0.0, 0.5749693909936535], ""p_value"": 1.0, ""contingency"": [[0, 2], [451, 28002]]}",{}
660,NC00962.3,EMB-0.25-0.9,0.0,GARC1,RUS,EMB,embA@G841A,U,{},"{""proportion"": 0.0, ""confidence"": [0.0, 0.4741955741575127], ""p_value"": 1.0, ""contingency"": [[0, 3], [451, 28002]]}",{}
661,NC00962.3,EMB-0.25-0.9,0.0,GARC1,RUS,EMB,embB@R568H,U,{},"{""proportion"": 0.0, ""confidence"": [0.0, 0.7301340512159458], ""p_value"": 1.0, ""contingency"": [[0, 1], [451, 28002]]}",{}
662,NC00962.3,EMB-0.25-0.9,0.0,GARC1,RUS,EMB,embA@S994F,U,{},"{""proportion"": 0.0, ""confidence"": [0.0, 0.7301340512159458], ""p_value"": 1.0, ""contingency"": [[0, 1], [451, 28002]]}",{}
663,NC00962.3,EMB-0.25-0.9,0.0,GARC1,RUS,EMB,embA@P1087S,U,{},"{""proportion"": 0.0, ""confidence"": [0.0, 0.5749693909936535], ""p_value"": 1.0, ""contingency"": [[0, 2], [451, 28002]]}",{}
664,NC00962.3,EMB-0.25-0.9,0.0,GARC1,RUS,EMB,embA@A721T,U,{},"{""proportion"": 0.0, ""confidence"": [0.0, 0.4741955741575127], ""p_value"": 1.0, ""contingency"": [[0, 3], [451, 28002]]}",{}
665,NC00962.3,EMB-0.25-0.9,0.0,GARC1,RUS,EMB,embB@D57G,U,{},"{""proportion"": 0.0, ""confidence"": [0.0, 0.4741955741575127], ""p_value"": 1.0, ""contingency"": [[0, 3], [451, 28002]]}",{}
666,NC00962.3,EMB-0.25-0.9,0.0,GARC1,RUS,EMB,embA@L614M,U,{},"{""proportion"": 0.0, ""confidence"": [0.0, 0.7301340512159458], ""p_value"": 1.0, ""contingency"": [[0, 1], [451, 28002]]}",{}
667,NC00962.3,EMB-0.25-0.9,0.0,GARC1,RUS,EMB,embA@Y276C,U,{},"{""proportion"": 0.0, ""confidence"": [0.0, 0.7301340512159458], ""p_value"": 1.0, ""contingency"": [[0, 1], [451, 28002]]}",{}
668,NC00962.3,EMB-0.25-0.9,0.0,GARC1,RUS,EMB,embB@E1008A,U,{},"{""proportion"": 0.0, ""confidence"": [0.0, 0.7301340512159458], ""p_value"": 1.0, ""contingency"": [[0, 1], [451, 28002]]}",{}
669,NC00962.3,EMB-0.25-0.9,0.0,GARC1,RUS,EMB,embA@L832F,U,{},"{""proportion"": 0.0, ""confidence"": [0.0, 0.7301340512159458], ""p_value"": 1.0, ""contingency"": [[0, 1], [451, 28002]]}",{}
670,NC00962.3,EMB-0.25-0.9,0.0,GARC1,RUS,EMB,embB@P766R,U,{},"{""proportion"": 0.0, ""confidence"": [0.0, 0.5749693909936535], ""p_value"": 1.0, ""contingency"": [[0, 2], [451, 28002]]}",{}
671,NC00962.3,EMB-0.25-0.9,0.0,GARC1,RUS,EMB,embA@A1069V,U,{},"{""proportion"": 0.0, ""confidence"": [0.0, 0.7301340512159458], ""p_value"": 1.0, ""contingency"": [[0, 1], [451, 28002]]}",{}
672,NC00962.3,EMB-0.25-0.9,0.0,GARC1,RUS,EMB,embA@V698I,U,{},"{""proportion"": 0.0, ""confidence"": [0.0, 0.40347862520270455], ""p_value"": 0.578125, ""contingency"": [[0, 4], [451, 28002]]}",{}
673,NC00962.3,EMB-0.25-0.9,0.0,GARC1,RUS,EMB,embA@R472G,U,{},"{""proportion"": 0.0, ""confidence"": [0.0, 0.7301340512159458], ""p_value"": 1.0, ""contingency"": [[0, 1], [451, 28002]]}",{}
674,NC00962.3,EMB-0.25-0.9,0.0,GARC1,RUS,EMB,embA@a-68g,U,{},"{""proportion"": 0.0, ""confidence"": [0.0, 0.7301340512159458], ""p_value"": 1.0, ""contingency"": [[0, 1], [451, 28002]]}",{}
675,NC00962.3,EMB-0.25-0.9,0.0,GARC1,RUS,EMB,embB@V42L,U,{},"{""proportion"": 0.0, ""confidence"": [0.0, 0.7301340512159458], ""p_value"": 1.0, ""contingency"": [[0, 1], [451, 28002]]}",{}
676,NC00962.3,EMB-0.25-0.9,0.0,GARC1,RUS,EMB,embA@L62M,U,{},"{""proportion"": 0.0, ""confidence"": [0.0, 0.7301340512159458], ""p_value"": 1.0, ""contingency"": [[0, 1], [451, 28002]]}",{}
677,NC00962.3,EMB-0.25-0.9,0.0,GARC1,RUS,EMB,embA@H665Y,U,{},"{""proportion"": 0.0, ""confidence"": [0.0, 0.5749693909936535], ""p_value"": 1.0, ""contingency"": [[0, 2], [451, 28002]]}",{}
678,NC00962.3,EMB-0.25-0.9,0.0,GARC1,RUS,EMB,embB@A630T,U,{},"{""proportion"": 0.0, ""confidence"": [0.0, 0.7301340512159458], ""p_value"": 1.0, ""contingency"": [[0, 1], [451, 28002]]}",{}
679,NC00962.3,EMB-0.25-0.9,0.0,GARC1,RUS,EMB,embA@D176A,U,{},"{""proportion"": 0.0, ""confidence"": [0.0, 0.5749693909936535], ""p_value"": 1.0, ""contingency"": [[0, 2], [451, 28002]]}",{}
680,NC00962.3,EMB-0.25-0.9,0.0,GARC1,RUS,EMB,embA@A736V,U,{},"{""proportion"": 0.0, ""confidence"": [0.0, 0.7301340512159458], ""p_value"": 1.0, ""contingency"": [[0, 1], [451, 28002]]}",{}
681,NC00962.3,EMB-0.25-0.9,0.0,GARC1,RUS,EMB,embB@V793I,U,{},"{""proportion"": 0.0, ""confidence"": [0.0, 0.4741955741575127], ""p_value"": 1.0, ""contingency"": [[0, 3], [451, 28002]]}",{}
682,NC00962.3,EMB-0.25-0.9,0.0,GARC1,RUS,EMB,embB@2943_del_gca,U,{},"{""proportion"": 0.0, ""confidence"": [0.0, 0.4741955741575127], ""p_value"": 1.0, ""contingency"": [[0, 3], [451, 28002]]}",{}
683,NC00962.3,EMB-0.25-0.9,0.0,GARC1,RUS,EMB,embB@M764L,U,{},"{""proportion"": 0.0, ""confidence"": [0.0, 0.7301340512159458], ""p_value"": 1.0, ""contingency"": [[0, 1], [451, 28002]]}",{}
684,NC00962.3,EMB-0.25-0.9,0.0,GARC1,RUS,EMB,embB@A903T,U,{},"{""proportion"": 0.0, ""confidence"": [0.0, 0.7301340512159458], ""p_value"": 1.0, ""contingency"": [[0, 1], [451, 28002]]}",{}
685,NC00962.3,EMB-0.25-0.9,0.0,GARC1,RUS,EMB,embB@A15P,U,{},"{""proportion"": 0.0, ""confidence"": [0.0, 0.4741955741575127], ""p_value"": 1.0, ""contingency"": [[0, 3], [451, 28002]]}",{}
686,NC00962.3,EMB-0.25-0.9,0.0,GARC1,RUS,EMB,embB@G851V,U,{},"{""proportion"": 0.0, ""confidence"": [0.0, 0.7301340512159458], ""p_value"": 1.0, ""contingency"": [[0, 1], [451, 28002]]}",{}
687,NC00962.3,EMB-0.25-0.9,0.0,GARC1,RUS,EMB,embA@D144N,U,{},"{""proportion"": 0.0, ""confidence"": [0.0, 0.7301340512159458], ""p_value"": 1.0, ""contingency"": [[0, 1], [451, 28002]]}",{}
688,NC00962.3,EMB-0.25-0.9,0.0,GARC1,RUS,EMB,embA@A460T,U,{},"{""proportion"": 0.0, ""confidence"": [0.0, 0.40347862520270455], ""p_value"": 0.578125, ""contingency"": [[0, 4], [451, 28002]]}",{}
689,NC00962.3,EMB-0.25-0.9,0.0,GARC1,RUS,EMB,embA@R1047G,U,{},"{""proportion"": 0.0, ""confidence"": [0.0, 0.5749693909936535], ""p_value"": 1.0, ""contingency"": [[0, 2], [451, 28002]]}",{}
690,NC00962.3,EMB-0.25-0.9,0.0,GARC1,RUS,EMB,embA@I1007L,U,{},"{""proportion"": 0.0, ""confidence"": [0.0, 0.7301340512159458], ""p_value"": 1.0, ""contingency"": [[0, 1], [451, 28002]]}",{}
691,NC00962.3,EMB-0.25-0.9,0.0,GARC1,RUS,EMB,embA@G154S,U,{},"{""proportion"": 0.0, ""confidence"": [0.0, 0.7301340512159458], ""p_value"": 1.0, ""contingency"": [[0, 1], [451, 28002]]}",{}
692,NC00962.3,EMB-0.25-0.9,0.0,GARC1,RUS,EMB,embA@R836G,U,{},"{""proportion"": 0.0, ""confidence"": [0.0, 0.7301340512159458], ""p_value"": 1.0, ""contingency"": [[0, 1], [451, 28002]]}",{}
693,NC00962.3,EMB-0.25-0.9,0.0,GARC1,RUS,EMB,embB@A840G,U,{},"{""proportion"": 0.0, ""confidence"": [0.0, 0.7301340512159458], ""p_value"": 1.0, ""contingency"": [[0, 1], [451, 28002]]}",{}
694,NC00962.3,EMB-0.25-0.9,0.0,GARC1,RUS,EMB,embB@M575V,U,{},"{""proportion"": 0.0, ""confidence"": [0.0, 0.5749693909936535], ""p_value"": 1.0, ""contingency"": [[0, 2], [451, 28002]]}",{}
695,NC00962.3,EMB-0.25-0.9,0.0,GARC1,RUS,EMB,embB@E149K,U,{},"{""proportion"": 0.0, ""confidence"": [0.0, 0.7301340512159458], ""p_value"": 1.0, ""contingency"": [[0, 1], [451, 28002]]}",{}
696,NC00962.3,EMB-0.25-0.9,0.0,GARC1,RUS,EMB,embA@A127V,U,{},"{""proportion"": 0.0, ""confidence"": [0.0, 0.5749693909936535], ""p_value"": 1.0, ""contingency"": [[0, 2], [451, 28002]]}",{}
697,NC00962.3,EMB-0.25-0.9,0.0,GARC1,RUS,EMB,embA@G1077S,U,{},"{""proportion"": 0.0, ""confidence"": [0.0, 0.7301340512159458], ""p_value"": 1.0, ""contingency"": [[0, 1], [451, 28002]]}",{}
698,NC00962.3,EMB-0.25-0.9,0.0,GARC1,RUS,EMB,embB@G314S,U,{},"{""proportion"": 0.0, ""confidence"": [0.0, 0.7301340512159458], ""p_value"": 1.0, ""contingency"": [[0, 1], [451, 28002]]}",{}
699,NC00962.3,EMB-0.25-0.9,0.0,GARC1,RUS,EMB,embB@D814A,U,{},"{""proportion"": 0.0, ""confidence"": [0.0, 0.4741955741575127], ""p_value"": 1.0, ""contingency"": [[0, 3], [451, 28002]]}",{}
700,NC00962.3,EMB-0.25-0.9,0.0,GARC1,RUS,EMB,embA@H140D,U,{},"{""proportion"": 0.0, ""confidence"": [0.0, 0.7301340512159458], ""p_value"": 1.0, ""contingency"": [[0, 1], [451, 28002]]}",{}
701,NC00962.3,EMB-0.25-0.9,0.0,GARC1,RUS,EMB,embB@G694D,U,{},"{""proportion"": 0.0, ""confidence"": [0.0, 0.7301340512159458], ""p_value"": 1.0, ""contingency"": [[0, 1], [451, 28002]]}",{}
702,NC00962.3,EMB-0.25-0.9,0.0,GARC1,RUS,EMB,embB@A102T,U,{},"{""proportion"": 0.0, ""confidence"": [0.0, 0.7301340512159458], ""p_value"": 1.0, ""contingency"": [[0, 1], [451, 28002]]}",{}
703,NC00962.3,EMB-0.25-0.9,0.0,GARC1,RUS,EMB,embA@G86V,U,{},"{""proportion"": 0.0, ""confidence"": [0.0, 0.3511165007651012], ""p_value"": 0.34082031250000006, ""contingency"": [[0, 5], [451, 28002]]}",{}
704,NC00962.3,EMB-0.25-0.9,0.0,GARC1,RUS,EMB,embB@Y384S,U,{},"{""proportion"": 0.0, ""confidence"": [0.0, 0.7301340512159458], ""p_value"": 1.0, ""contingency"": [[0, 1], [451, 28002]]}",{}
705,NC00962.3,EMB-0.25-0.9,0.0,GARC1,RUS,EMB,embB@D108N,U,{},"{""proportion"": 0.0, ""confidence"": [0.0, 0.7301340512159458], ""p_value"": 1.0, ""contingency"": [[0, 1], [451, 28002]]}",{}
706,NC00962.3,EMB-0.25-0.9,0.0,GARC1,RUS,EMB,embB@G748E,U,{},"{""proportion"": 0.0, ""confidence"": [0.0, 0.5749693909936535], ""p_value"": 1.0, ""contingency"": [[0, 2], [451, 28002]]}",{}
707,NC00962.3,EMB-0.25-0.9,0.0,GARC1,RUS,EMB,embB@V948M,U,{},"{""proportion"": 0.0, ""confidence"": [0.0, 0.7301340512159458], ""p_value"": 1.0, ""contingency"": [[0, 1], [451, 28002]]}",{}
708,NC00962.3,EMB-0.25-0.9,0.0,GARC1,RUS,EMB,embA@P164L,U,{},"{""proportion"": 0.0, ""confidence"": [0.0, 0.7301340512159458], ""p_value"": 1.0, ""contingency"": [[0, 1], [451, 28002]]}",{}
709,NC00962.3,EMB-0.25-0.9,0.0,GARC1,RUS,EMB,embA@G353R,U,{},"{""proportion"": 0.0, ""confidence"": [0.0, 0.5749693909936535], ""p_value"": 1.0, ""contingency"": [[0, 2], [451, 28002]]}",{}
710,NC00962.3,EMB-0.25-0.9,0.0,GARC1,RUS,EMB,embB@A683V,U,{},"{""proportion"": 0.0, ""confidence"": [0.0, 0.7301340512159458], ""p_value"": 1.0, ""contingency"": [[0, 1], [451, 28002]]}",{}
711,NC00962.3,EMB-0.25-0.9,0.0,GARC1,RUS,EMB,embB@A608T,U,{},"{""proportion"": 0.0, ""confidence"": [0.0, 0.7301340512159458], ""p_value"": 1.0, ""contingency"": [[0, 1], [451, 28002]]}",{}
712,NC00962.3,EMB-0.25-0.9,0.0,GARC1,RUS,EMB,embB@R728Q,U,{},"{""proportion"": 0.0, ""confidence"": [0.0, 0.7301340512159458], ""p_value"": 1.0, ""contingency"": [[0, 1], [451, 28002]]}",{}
713,NC00962.3,EMB-0.25-0.9,0.0,GARC1,RUS,EMB,embB@L1037I,U,{},"{""proportion"": 0.0, ""confidence"": [0.0, 0.40347862520270455], ""p_value"": 0.578125, ""contingency"": [[0, 4], [451, 28002]]}",{}
714,NC00962.3,EMB-0.25-0.9,0.0,GARC1,RUS,EMB,embB@S66G,U,{},"{""proportion"": 0.0, ""confidence"": [0.0, 0.7301340512159458], ""p_value"": 1.0, ""contingency"": [[0, 1], [451, 28002]]}",{}
715,NC00962.3,EMB-0.25-0.9,0.0,GARC1,RUS,EMB,embA@A159S,U,{},"{""proportion"": 0.0, ""confidence"": [0.0, 0.7301340512159458], ""p_value"": 1.0, ""contingency"": [[0, 1], [451, 28002]]}",{}
716,NC00962.3,EMB-0.25-0.9,0.0,GARC1,RUS,EMB,embB@N399T,U,{},"{""proportion"": 0.0, ""confidence"": [0.0, 0.5749693909936535], ""p_value"": 1.0, ""contingency"": [[0, 2], [451, 28002]]}",{}
717,NC00962.3,EMB-0.25-0.9,0.0,GARC1,RUS,EMB,embA@P327L,U,{},"{""proportion"": 0.0, ""confidence"": [0.0, 0.5749693909936535], ""p_value"": 1.0, ""contingency"": [[0, 2], [451, 28002]]}",{}
718,NC00962.3,EMB-0.25-0.9,0.0,GARC1,RUS,EMB,embA@G1048R,U,{},"{""proportion"": 0.0, ""confidence"": [0.0, 0.7301340512159458], ""p_value"": 1.0, ""contingency"": [[0, 1], [451, 28002]]}",{}
719,NC00962.3,EMB-0.25-0.9,0.0,GARC1,RUS,EMB,embA@G554A,U,{},"{""proportion"": 0.0, ""confidence"": [0.0, 0.7301340512159458], ""p_value"": 1.0, ""contingency"": [[0, 1], [451, 28002]]}",{}
720,NC00962.3,EMB-0.25-0.9,0.0,GARC1,RUS,EMB,embB@V39L,U,{},"{""proportion"": 0.0, ""confidence"": [0.0, 0.5749693909936535], ""p_value"": 1.0, ""contingency"": [[0, 2], [451, 28002]]}",{}
721,NC00962.3,EMB-0.25-0.9,0.0,GARC1,RUS,EMB,embA@A827G,U,{},"{""proportion"": 0.0, ""confidence"": [0.0, 0.7301340512159458], ""p_value"": 1.0, ""contingency"": [[0, 1], [451, 28002]]}",{}
722,NC00962.3,EMB-0.25-0.9,0.0,GARC1,RUS,EMB,embB@F743L,U,{},"{""proportion"": 0.0, ""confidence"": [0.0, 0.5749693909936535], ""p_value"": 1.0, ""contingency"": [[0, 2], [451, 28002]]}",{}
723,NC00962.3,EMB-0.25-0.9,0.0,GARC1,RUS,EMB,embA@N679K,U,{},"{""proportion"": 0.0, ""confidence"": [0.0, 0.7301340512159458], ""p_value"": 1.0, ""contingency"": [[0, 1], [451, 28002]]}",{}
724,NC00962.3,EMB-0.25-0.9,0.0,GARC1,RUS,EMB,embA@Q169E,U,{},"{""proportion"": 0.0, ""confidence"": [0.0, 0.4741955741575127], ""p_value"": 1.0, ""contingency"": [[0, 3], [451, 28002]]}",{}
725,NC00962.3,EMB-0.25-0.9,0.0,GARC1,RUS,EMB,embA@A936V,U,{},"{""proportion"": 0.0, ""confidence"": [0.0, 0.5749693909936535], ""p_value"": 1.0, ""contingency"": [[0, 2], [451, 28002]]}",{}
726,NC00962.3,EMB-0.25-0.9,0.0,GARC1,RUS,EMB,embA@L894V,U,{},"{""proportion"": 0.0, ""confidence"": [0.0, 0.5749693909936535], ""p_value"": 1.0, ""contingency"": [[0, 2], [451, 28002]]}",{}
727,NC00962.3,EMB-0.25-0.9,0.0,GARC1,RUS,EMB,embB@A295V,U,{},"{""proportion"": 0.0, ""confidence"": [0.0, 0.5749693909936535], ""p_value"": 1.0, ""contingency"": [[0, 2], [451, 28002]]}",{}
728,NC00962.3,EMB-0.25-0.9,0.0,GARC1,RUS,EMB,embA@E1075V,U,{},"{""proportion"": 0.0, ""confidence"": [0.0, 0.5749693909936535], ""p_value"": 1.0, ""contingency"": [[0, 2], [451, 28002]]}",{}
729,NC00962.3,EMB-0.25-0.9,0.0,GARC1,RUS,EMB,embB@R61W,U,{},"{""proportion"": 0.0, ""confidence"": [0.0, 0.5749693909936535], ""p_value"": 1.0, ""contingency"": [[0, 2], [451, 28002]]}",{}
730,NC00962.3,EMB-0.25-0.9,0.0,GARC1,RUS,EMB,embB@D970G,U,{},"{""proportion"": 0.0, ""confidence"": [0.0, 0.4741955741575127], ""p_value"": 1.0, ""contingency"": [[0, 3], [451, 28002]]}",{}
731,NC00962.3,EMB-0.25-0.9,0.0,GARC1,RUS,EMB,embA@g-83a,U,{},"{""proportion"": 0.0, ""confidence"": [0.0, 0.5749693909936535], ""p_value"": 1.0, ""contingency"": [[0, 2], [451, 28002]]}",{}
732,NC00962.3,EMB-0.25-0.9,0.0,GARC1,RUS,EMB,embA@R346Q,U,{},"{""proportion"": 0.0, ""confidence"": [0.0, 0.5749693909936535], ""p_value"": 1.0, ""contingency"": [[0, 2], [451, 28002]]}",{}
733,NC00962.3,EMB-0.25-0.9,0.0,GARC1,RUS,EMB,embB@L971V,U,{},"{""proportion"": 0.0, ""confidence"": [0.0, 0.4741955741575127], ""p_value"": 1.0, ""contingency"": [[0, 3], [451, 28002]]}",{}
734,NC00962.3,EMB-0.25-0.9,0.0,GARC1,RUS,EMB,embB@E901D,U,{},"{""proportion"": 0.0, ""confidence"": [0.0, 0.40347862520270455], ""p_value"": 0.578125, ""contingency"": [[0, 4], [451, 28002]]}",{}
735,NC00962.3,EMB-0.25-0.9,0.0,GARC1,RUS,EMB,embB@R267P,U,{},"{""proportion"": 0.0, ""confidence"": [0.0, 0.40347862520270455], ""p_value"": 0.578125, ""contingency"": [[0, 4], [451, 28002]]}",{}
736,NC00962.3,EMB-0.25-0.9,0.0,GARC1,RUS,EMB,embB@A716V,U,{},"{""proportion"": 0.0, ""confidence"": [0.0, 0.7301340512159458], ""p_value"": 1.0, ""contingency"": [[0, 1], [451, 28002]]}",{}
737,NC00962.3,EMB-0.25-0.9,0.0,GARC1,RUS,EMB,embA@V211M,U,{},"{""proportion"": 0.0, ""confidence"": [0.0, 0.7301340512159458], ""p_value"": 1.0, ""contingency"": [[0, 1], [451, 28002]]}",{}
738,NC00962.3,EMB-0.25-0.9,0.0,GARC1,RUS,EMB,embB@A43V,U,{},"{""proportion"": 0.0, ""confidence"": [0.0, 0.7301340512159458], ""p_value"": 1.0, ""contingency"": [[0, 1], [451, 28002]]}",{}
739,NC00962.3,EMB-0.25-0.9,0.0,GARC1,RUS,EMB,embB@A571T,U,{},"{""proportion"": 0.0, ""confidence"": [0.0, 0.7301340512159458], ""p_value"": 1.0, ""contingency"": [[0, 1], [451, 28002]]}",{}
740,NC00962.3,EMB-0.25-0.9,0.0,GARC1,RUS,EMB,embB@S119N,U,{},"{""proportion"": 0.0, ""confidence"": [0.0, 0.5749693909936535], ""p_value"": 1.0, ""contingency"": [[0, 2], [451, 28002]]}",{}
741,NC00962.3,EMB-0.25-0.9,0.0,GARC1,RUS,EMB,embA@R1062L,U,{},"{""proportion"": 0.0, ""confidence"": [0.0, 0.7301340512159458], ""p_value"": 1.0, ""contingency"": [[0, 1], [451, 28002]]}",{}
742,NC00962.3,EMB-0.25-0.9,0.0,GARC1,RUS,EMB,embA@A1000T,U,{},"{""proportion"": 0.0, ""confidence"": [0.0, 0.7301340512159458], ""p_value"": 1.0, ""contingency"": [[0, 1], [451, 28002]]}",{}
743,NC00962.3,EMB-0.25-0.9,0.0,GARC1,RUS,EMB,embB@G736S,U,{},"{""proportion"": 0.0, ""confidence"": [0.0, 0.7301340512159458], ""p_value"": 1.0, ""contingency"": [[0, 1], [451, 28002]]}",{}
744,NC00962.3,EMB-0.25-0.9,0.0,GARC1,RUS,EMB,embA@V911A,U,{},"{""proportion"": 0.0, ""confidence"": [0.0, 0.5749693909936535], ""p_value"": 1.0, ""contingency"": [[0, 2], [451, 28002]]}",{}
745,NC00962.3,EMB-0.25-0.9,0.0,GARC1,RUS,EMB,embB@Q112H,U,{},"{""proportion"": 0.0, ""confidence"": [0.0, 0.7301340512159458], ""p_value"": 1.0, ""contingency"": [[0, 1], [451, 28002]]}",{}
746,NC00962.3,EMB-0.25-0.9,0.0,GARC1,RUS,EMB,embB@K218N,U,{},"{""proportion"": 0.0, ""confidence"": [0.0, 0.7301340512159458], ""p_value"": 1.0, ""contingency"": [[0, 1], [451, 28002]]}",{}
747,NC00962.3,EMB-0.25-0.9,0.0,GARC1,RUS,EMB,embA@D305G,U,{},"{""proportion"": 0.0, ""confidence"": [0.0, 0.5749693909936535], ""p_value"": 1.0, ""contingency"": [[0, 2], [451, 28002]]}",{}
748,NC00962.3,EMB-0.25-0.9,0.0,GARC1,RUS,EMB,embB@A679S,U,{},"{""proportion"": 0.0, ""confidence"": [0.0, 0.7301340512159458], ""p_value"": 1.0, ""contingency"": [[0, 1], [451, 28002]]}",{}
749,NC00962.3,EMB-0.25-0.9,0.0,GARC1,RUS,EMB,embB@A553T,U,{},"{""proportion"": 0.0, ""confidence"": [0.0, 0.5749693909936535], ""p_value"": 1.0, ""contingency"": [[0, 2], [451, 28002]]}",{}
750,NC00962.3,EMB-0.25-0.9,0.0,GARC1,RUS,EMB,embA@P633S,U,{},"{""proportion"": 0.0, ""confidence"": [0.0, 0.7301340512159458], ""p_value"": 1.0, ""contingency"": [[0, 1], [451, 28002]]}",{}
751,NC00962.3,EMB-0.25-0.9,0.0,GARC1,RUS,EMB,embB@G294S,U,{},"{""proportion"": 0.5, ""confidence"": [0.12086631942227369, 0.8791336805777263], ""p_value"": 0.4375, ""contingency"": [[1, 1], [451, 28002]]}",{}
752,NC00962.3,EMB-0.25-0.9,0.0,GARC1,RUS,EMB,embA@R245W,U,{},"{""proportion"": 0.0, ""confidence"": [0.0, 0.7301340512159458], ""p_value"": 1.0, ""contingency"": [[0, 1], [451, 28002]]}",{}
753,NC00962.3,EMB-0.25-0.9,0.0,GARC1,RUS,EMB,embA@C28Y,U,{},"{""proportion"": 0.0, ""confidence"": [0.0, 0.7301340512159458], ""p_value"": 1.0, ""contingency"": [[0, 1], [451, 28002]]}",{}
754,NC00962.3,EMB-0.25-0.9,0.0,GARC1,RUS,EMB,embA@P349Q,U,{},"{""proportion"": 0.0, ""confidence"": [0.0, 0.7301340512159458], ""p_value"": 1.0, ""contingency"": [[0, 1], [451, 28002]]}",{}
756,NC00962.3,EMB-0.25-0.9,0.0,GARC1,RUS,EMB,embA@2545_del_gcc,U,{},"{""proportion"": 0.0, ""confidence"": [0.0, 0.7301340512159458], ""p_value"": 1.0, ""contingency"": [[0, 1], [451, 28002]]}",{}
757,NC00962.3,EMB-0.25-0.9,0.0,GARC1,RUS,EMB,embA@S1025L,U,{},"{""proportion"": 0.0, ""confidence"": [0.0, 0.5749693909936535], ""p_value"": 1.0, ""contingency"": [[0, 2], [451, 28002]]}",{}
758,NC00962.3,EMB-0.25-0.9,0.0,GARC1,RUS,EMB,embA@E701D,U,{},"{""proportion"": 0.0, ""confidence"": [0.0, 0.7301340512159458], ""p_value"": 1.0, ""contingency"": [[0, 1], [451, 28002]]}",{}
759,NC00962.3,EMB-0.25-0.9,0.0,GARC1,RUS,EMB,embA@S20A,U,{},"{""proportion"": 0.0, ""confidence"": [0.0, 0.3511165007651012], ""p_value"": 0.34082031250000006, ""contingency"": [[0, 5], [451, 28002]]}",{}
760,NC00962.3,EMB-0.25-0.9,0.0,GARC1,RUS,EMB,embB@V452L,U,{},"{""proportion"": 0.0, ""confidence"": [0.0, 0.4741955741575127], ""p_value"": 1.0, ""contingency"": [[0, 3], [451, 28002]]}",{}
761,NC00962.3,EMB-0.25-0.9,0.0,GARC1,RUS,EMB,embA@S809F,U,{},"{""proportion"": 0.0, ""confidence"": [0.0, 0.7301340512159458], ""p_value"": 1.0, ""contingency"": [[0, 1], [451, 28002]]}",{}
762,NC00962.3,EMB-0.25-0.9,0.0,GARC1,RUS,EMB,embA@P774S,U,{},"{""proportion"": 0.0, ""confidence"": [0.0, 0.5749693909936535], ""p_value"": 1.0, ""contingency"": [[0, 2], [451, 28002]]}",{}
763,NC00962.3,EMB-0.25-0.9,0.0,GARC1,RUS,EMB,embA@R68P,U,{},"{""proportion"": 0.0, ""confidence"": [0.0, 0.4741955741575127], ""p_value"": 1.0, ""contingency"": [[0, 3], [451, 28002]]}",{}
764,NC00962.3,EMB-0.25-0.9,0.0,GARC1,RUS,EMB,embB@F1012L,U,{},"{""proportion"": 0.0, ""confidence"": [0.0, 0.31078398130591417], ""p_value"": 0.347412109375, ""contingency"": [[0, 6], [451, 28002]]}",{}
765,NC00962.3,EMB-0.25-0.9,0.0,GARC1,RUS,EMB,embA@S768I,U,{},"{""proportion"": 0.0, ""confidence"": [0.0, 0.7301340512159458], ""p_value"": 1.0, ""contingency"": [[0, 1], [451, 28002]]}",{}
766,NC00962.3,EMB-0.25-0.9,0.0,GARC1,RUS,EMB,embB@A1007V,U,{},"{""proportion"": 0.0, ""confidence"": [0.0, 0.7301340512159458], ""p_value"": 1.0, ""contingency"": [[0, 1], [451, 28002]]}",{}
767,NC00962.3,EMB-0.25-0.9,0.0,GARC1,RUS,EMB,embB@M916T,U,{},"{""proportion"": 0.0, ""confidence"": [0.0, 0.5749693909936535], ""p_value"": 1.0, ""contingency"": [[0, 2], [451, 28002]]}",{}
768,NC00962.3,EMB-0.25-0.9,0.0,GARC1,RUS,EMB,embA@C527S,U,{},"{""proportion"": 0.0, ""confidence"": [0.0, 0.7301340512159458], ""p_value"": 1.0, ""contingency"": [[0, 1], [451, 28002]]}",{}
769,NC00962.3,EMB-0.25-0.9,0.0,GARC1,RUS,EMB,embB@K938N,U,{},"{""proportion"": 0.0, ""confidence"": [0.0, 0.4741955741575127], ""p_value"": 1.0, ""contingency"": [[0, 3], [451, 28002]]}",{}
770,NC00962.3,EMB-0.25-0.9,0.0,GARC1,RUS,EMB,embB@Q51P,U,{},"{""proportion"": 0.0, ""confidence"": [0.0, 0.25272359742376316], ""p_value"": 0.21392822265625003, ""contingency"": [[0, 8], [451, 28002]]}",{}
771,NC00962.3,EMB-0.25-0.9,0.0,GARC1,RUS,EMB,embA@G972R,U,{},"{""proportion"": 0.0, ""confidence"": [0.0, 0.5749693909936535], ""p_value"": 1.0, ""contingency"": [[0, 2], [451, 28002]]}",{}
772,NC00962.3,EMB-0.25-0.9,0.0,GARC1,RUS,EMB,embB@M714I,U,{},"{""proportion"": 0.0, ""confidence"": [0.0, 0.7301340512159458], ""p_value"": 1.0, ""contingency"": [[0, 1], [451, 28002]]}",{}
773,NC00962.3,EMB-0.25-0.9,0.0,GARC1,RUS,EMB,embA@V676A,U,{},"{""proportion"": 0.0, ""confidence"": [0.0, 0.7301340512159458], ""p_value"": 1.0, ""contingency"": [[0, 1], [451, 28002]]}",{}
774,NC00962.3,EMB-0.25-0.9,0.0,GARC1,RUS,EMB,embA@c-15g,U,{},"{""proportion"": 0.25, ""confidence"": [0.05790732119985871, 0.6438319914014936], ""p_value"": 1.0, ""contingency"": [[1, 3], [451, 28002]]}",{}
775,NC00962.3,EMB-0.25-0.9,0.0,GARC1,RUS,EMB,embA@D883A,U,{},"{""proportion"": 0.0, ""confidence"": [0.0, 0.7301340512159458], ""p_value"": 1.0, ""contingency"": [[0, 1], [451, 28002]]}",{}
776,NC00962.3,EMB-0.25-0.9,0.0,GARC1,RUS,EMB,embB@E976K,U,{},"{""proportion"": 0.0, ""confidence"": [0.0, 0.7301340512159458], ""p_value"": 1.0, ""contingency"": [[0, 1], [451, 28002]]}",{}
777,NC00962.3,EMB-0.25-0.9,0.0,GARC1,RUS,EMB,embA@R969W,U,{},"{""proportion"": 0.0, ""confidence"": [0.0, 0.5749693909936535], ""p_value"": 1.0, ""contingency"": [[0, 2], [451, 28002]]}",{}
778,NC00962.3,EMB-0.25-0.9,0.0,GARC1,RUS,EMB,embB@2325_ins_cccttg,U,{},"{""proportion"": 0.0, ""confidence"": [0.0, 0.5749693909936535], ""p_value"": 1.0, ""contingency"": [[0, 2], [451, 28002]]}",{}
779,NC00962.3,EMB-0.25-0.9,0.0,GARC1,RUS,EMB,embB@L17W,U,{},"{""proportion"": 0.0, ""confidence"": [0.0, 0.5749693909936535], ""p_value"": 1.0, ""contingency"": [[0, 2], [451, 28002]]}",{}
780,NC00962.3,EMB-0.25-0.9,0.0,GARC1,RUS,EMB,embA@G998D,U,{},"{""proportion"": 0.0, ""confidence"": [0.0, 0.7301340512159458], ""p_value"": 1.0, ""contingency"": [[0, 1], [451, 28002]]}",{}
781,NC00962.3,EMB-0.25-0.9,0.0,GARC1,RUS,EMB,embB@G199R,U,{},"{""proportion"": 0.0, ""confidence"": [0.0, 0.7301340512159458], ""p_value"": 1.0, ""contingency"": [[0, 1], [451, 28002]]}",{}
782,NC00962.3,EMB-0.25-0.9,0.0,GARC1,RUS,EMB,embB@R173P,U,{},"{""proportion"": 0.0, ""confidence"": [0.0, 0.7301340512159458], ""p_value"": 1.0, ""contingency"": [[0, 1], [451, 28002]]}",{}
783,NC00962.3,EMB-0.25-0.9,0.0,GARC1,RUS,EMB,embA@P913L,U,{},"{""proportion"": 0.0, ""confidence"": [0.0, 0.7301340512159458], ""p_value"": 1.0, ""contingency"": [[0, 1], [451, 28002]]}",{}
784,NC00962.3,EMB-0.25-0.9,0.0,GARC1,RUS,EMB,embA@P455L,U,{},"{""proportion"": 0.0, ""confidence"": [0.0, 0.7301340512159458], ""p_value"": 1.0, ""contingency"": [[0, 1], [451, 28002]]}",{}
785,NC00962.3,EMB-0.25-0.9,0.0,GARC1,RUS,EMB,embA@L344R,U,{},"{""proportion"": 0.0, ""confidence"": [0.0, 0.25272359742376316], ""p_value"": 0.21392822265625003, ""contingency"": [[0, 8], [451, 28002]]}",{}
786,NC00962.3,EMB-0.25-0.9,0.0,GARC1,RUS,EMB,embA@C76F,U,{},"{""proportion"": 0.0, ""confidence"": [0.0, 0.7301340512159458], ""p_value"": 1.0, ""contingency"": [[0, 1], [451, 28002]]}",{}
787,NC00962.3,EMB-0.25-0.9,0.0,GARC1,RUS,EMB,embA@V676I,U,{},"{""proportion"": 0.0, ""confidence"": [0.0, 0.7301340512159458], ""p_value"": 1.0, ""contingency"": [[0, 1], [451, 28002]]}",{}
788,NC00962.3,EMB-0.25-0.9,0.0,GARC1,RUS,EMB,embB@E958G,U,{},"{""proportion"": 0.0, ""confidence"": [0.0, 0.7301340512159458], ""p_value"": 1.0, ""contingency"": [[0, 1], [451, 28002]]}",{}
789,NC00962.3,EMB-0.25-0.9,0.0,GARC1,RUS,EMB,embA@N510T,U,{},"{""proportion"": 0.0, ""confidence"": [0.0, 0.7301340512159458], ""p_value"": 1.0, ""contingency"": [[0, 1], [451, 28002]]}",{}
790,NC00962.3,EMB-0.25-0.9,0.0,GARC1,RUS,EMB,embA@L347R,U,{},"{""proportion"": 0.0, ""confidence"": [0.0, 0.7301340512159458], ""p_value"": 1.0, ""contingency"": [[0, 1], [451, 28002]]}",{}
791,NC00962.3,EMB-0.25-0.9,0.0,GARC1,RUS,EMB,embA@A409T,U,{},"{""proportion"": 0.0, ""confidence"": [0.0, 0.4741955741575127], ""p_value"": 1.0, ""contingency"": [[0, 3], [451, 28002]]}",{}
792,NC00962.3,EMB-0.25-0.9,0.0,GARC1,RUS,EMB,embB@S856R,U,{},"{""proportion"": 0.0, ""confidence"": [0.0, 0.7301340512159458], ""p_value"": 1.0, ""contingency"": [[0, 1], [451, 28002]]}",{}
793,NC00962.3,EMB-0.25-0.9,0.0,GARC1,RUS,EMB,embA@Q474H,U,{},"{""proportion"": 0.0, ""confidence"": [0.0, 0.7301340512159458], ""p_value"": 1.0, ""contingency"": [[0, 1], [451, 28002]]}",{}
794,NC00962.3,EMB-0.25-0.9,0.0,GARC1,RUS,EMB,embB@G1035S,U,{},"{""proportion"": 0.0, ""confidence"": [0.0, 0.5749693909936535], ""p_value"": 1.0, ""contingency"": [[0, 2], [451, 28002]]}",{}
795,NC00962.3,EMB-0.25-0.9,0.0,GARC1,RUS,EMB,embB@G871V,U,{},"{""proportion"": 0.0, ""confidence"": [0.0, 0.7301340512159458], ""p_value"": 1.0, ""contingency"": [[0, 1], [451, 28002]]}",{}
796,NC00962.3,EMB-0.25-0.9,0.0,GARC1,RUS,EMB,embA@c-34t,U,{},"{""proportion"": 0.0, ""confidence"": [0.0, 0.3511165007651012], ""p_value"": 0.34082031250000006, ""contingency"": [[0, 5], [451, 28002]]}",{}
797,NC00962.3,EMB-0.25-0.9,0.0,GARC1,RUS,EMB,embB@A801T,U,{},"{""proportion"": 0.0, ""confidence"": [0.0, 0.3511165007651012], ""p_value"": 0.34082031250000006, ""contingency"": [[0, 5], [451, 28002]]}",{}
798,NC00962.3,EMB-0.25-0.9,0.0,GARC1,RUS,EMB,embA@A159P,U,{},"{""proportion"": 0.0, ""confidence"": [0.0, 0.7301340512159458], ""p_value"": 1.0, ""contingency"": [[0, 1], [451, 28002]]}",{}
799,NC00962.3,EMB-0.25-0.9,0.0,GARC1,RUS,EMB,embA@P32L,U,{},"{""proportion"": 0.0, ""confidence"": [0.0, 0.7301340512159458], ""p_value"": 1.0, ""contingency"": [[0, 1], [451, 28002]]}",{}
800,NC00962.3,EMB-0.25-0.9,0.0,GARC1,RUS,EMB,embB@A637T,U,{},"{""proportion"": 0.0, ""confidence"": [0.0, 0.7301340512159458], ""p_value"": 1.0, ""contingency"": [[0, 1], [451, 28002]]}",{}
801,NC00962.3,EMB-0.25-0.9,0.0,GARC1,RUS,EMB,embB@D178H,U,{},"{""proportion"": 0.0, ""confidence"": [0.0, 0.7301340512159458], ""p_value"": 1.0, ""contingency"": [[0, 1], [451, 28002]]}",{}
802,NC00962.3,EMB-0.25-0.9,0.0,GARC1,RUS,EMB,embB@V230A,U,{},"{""proportion"": 0.0, ""confidence"": [0.0, 0.5749693909936535], ""p_value"": 1.0, ""contingency"": [[0, 2], [451, 28002]]}",{}
803,NC00962.3,EMB-0.25-0.9,0.0,GARC1,RUS,EMB,embA@-39_del_cctcaccgc,U,{},"{""proportion"": 0.0, ""confidence"": [0.0, 0.7301340512159458], ""p_value"": 1.0, ""contingency"": [[0, 1], [451, 28002]]}",{}
804,NC00962.3,EMB-0.25-0.9,0.0,GARC1,RUS,EMB,embA@Y635H,U,{},"{""proportion"": 0.0, ""confidence"": [0.0, 0.7301340512159458], ""p_value"": 1.0, ""contingency"": [[0, 1], [451, 28002]]}",{}
805,NC00962.3,EMB-0.25-0.9,0.0,GARC1,RUS,EMB,embB@T642A,U,{},"{""proportion"": 0.0, ""confidence"": [0.0, 0.7301340512159458], ""p_value"": 1.0, ""contingency"": [[0, 1], [451, 28002]]}",{}
806,NC00962.3,EMB-0.25-0.9,0.0,GARC1,RUS,EMB,embB@A1076T,U,{},"{""proportion"": 0.0, ""confidence"": [0.0, 0.4741955741575127], ""p_value"": 1.0, ""contingency"": [[0, 3], [451, 28002]]}",{}
807,NC00962.3,EMB-0.25-0.9,0.0,GARC1,RUS,EMB,embB@Y813D,U,{},"{""proportion"": 0.0, ""confidence"": [0.0, 0.5749693909936535], ""p_value"": 1.0, ""contingency"": [[0, 2], [451, 28002]]}",{}
808,NC00962.3,EMB-0.25-0.9,0.0,GARC1,RUS,EMB,embA@F927L,U,{},"{""proportion"": 0.0, ""confidence"": [0.0, 0.7301340512159458], ""p_value"": 1.0, ""contingency"": [[0, 1], [451, 28002]]}",{}
809,NC00962.3,EMB-0.25-0.9,0.0,GARC1,RUS,EMB,embB@Q139H,U,{},"{""proportion"": 0.0, ""confidence"": [0.0, 0.4741955741575127], ""p_value"": 1.0, ""contingency"": [[0, 3], [451, 28002]]}",{}
810,NC00962.3,EMB-0.25-0.9,0.0,GARC1,RUS,EMB,embB@P93L,U,{},"{""proportion"": 0.0, ""confidence"": [0.0, 0.3511165007651012], ""p_value"": 0.34082031250000006, ""contingency"": [[0, 5], [451, 28002]]}",{}
811,NC00962.3,EMB-0.25-0.9,0.0,GARC1,RUS,EMB,embA@G29S,U,{},"{""proportion"": 0.0, ""confidence"": [0.0, 0.40347862520270455], ""p_value"": 0.578125, ""contingency"": [[0, 4], [451, 28002]]}",{}
812,NC00962.3,EMB-0.25-0.9,0.0,GARC1,RUS,EMB,embA@G596D,U,{},"{""proportion"": 0.0, ""confidence"": [0.0, 0.5749693909936535], ""p_value"": 1.0, ""contingency"": [[0, 2], [451, 28002]]}",{}
813,NC00962.3,EMB-0.25-0.9,0.0,GARC1,RUS,EMB,embB@R351C,U,{},"{""proportion"": 1.0, ""confidence"": [0.26986594878405434, 1.0000000000000002], ""p_value"": 0.25, ""contingency"": [[1, 0], [451, 28002]]}",{}
814,NC00962.3,EMB-0.25-0.9,0.0,GARC1,RUS,EMB,embB@P12L,U,{},"{""proportion"": 0.0, ""confidence"": [0.0, 0.7301340512159458], ""p_value"": 1.0, ""contingency"": [[0, 1], [451, 28002]]}",{}
815,NC00962.3,EMB-0.25-0.9,0.0,GARC1,RUS,EMB,embA@L34R,U,{},"{""proportion"": 0.0, ""confidence"": [0.0, 0.7301340512159458], ""p_value"": 1.0, ""contingency"": [[0, 1], [451, 28002]]}",{}
816,NC00962.3,EMB-0.25-0.9,0.0,GARC1,RUS,EMB,embB@A201E,U,{},"{""proportion"": 0.0, ""confidence"": [0.0, 0.40347862520270455], ""p_value"": 0.578125, ""contingency"": [[0, 4], [451, 28002]]}",{}
817,NC00962.3,EMB-0.25-0.9,0.0,GARC1,RUS,EMB,embB@T667A,U,{},"{""proportion"": 0.0, ""confidence"": [0.0, 0.7301340512159458], ""p_value"": 1.0, ""contingency"": [[0, 1], [451, 28002]]}",{}
818,NC00962.3,EMB-0.25-0.9,0.0,GARC1,RUS,EMB,embB@F676S,U,{},"{""proportion"": 0.0, ""confidence"": [0.0, 0.5749693909936535], ""p_value"": 1.0, ""contingency"": [[0, 2], [451, 28002]]}",{}
819,NC00962.3,EMB-0.25-0.9,0.0,GARC1,RUS,EMB,embB@A379V,U,{},"{""proportion"": 0.0, ""confidence"": [0.0, 0.7301340512159458], ""p_value"": 1.0, ""contingency"": [[0, 1], [451, 28002]]}",{}
820,NC00962.3,EMB-0.25-0.9,0.0,GARC1,RUS,EMB,embB@Y977H,U,{},"{""proportion"": 0.0, ""confidence"": [0.0, 0.7301340512159458], ""p_value"": 1.0, ""contingency"": [[0, 1], [451, 28002]]}",{}
821,NC00962.3,EMB-0.25-0.9,0.0,GARC1,RUS,EMB,embB@T31A,U,{},"{""proportion"": 0.0, ""confidence"": [0.0, 0.7301340512159458], ""p_value"": 1.0, ""contingency"": [[0, 1], [451, 28002]]}",{}
822,NC00962.3,EMB-0.25-0.9,0.0,GARC1,RUS,EMB,embB@D311F,U,{},"{""proportion"": 0.0, ""confidence"": [0.0, 0.7301340512159458], ""p_value"": 1.0, ""contingency"": [[0, 1], [451, 28002]]}",{}
823,NC00962.3,EMB-0.25-0.9,0.0,GARC1,RUS,EMB,embB@A943V,U,{},"{""proportion"": 0.0, ""confidence"": [0.0, 0.7301340512159458], ""p_value"": 1.0, ""contingency"": [[0, 1], [451, 28002]]}",{}
824,NC00962.3,EMB-0.25-0.9,0.0,GARC1,RUS,EMB,embB@V654M,U,{},"{""proportion"": 0.0, ""confidence"": [0.0, 0.7301340512159458], ""p_value"": 1.0, ""contingency"": [[0, 1], [451, 28002]]}",{}
825,NC00962.3,EMB-0.25-0.9,0.0,GARC1,RUS,EMB,embB@P183S,U,{},"{""proportion"": 0.0, ""confidence"": [0.0, 0.5749693909936535], ""p_value"": 1.0, ""contingency"": [[0, 2], [451, 28002]]}",{}
826,NC00962.3,EMB-0.25-0.9,0.0,GARC1,RUS,EMB,embB@T797P,U,{},"{""proportion"": 0.0, ""confidence"": [0.0, 0.4741955741575127], ""p_value"": 1.0, ""contingency"": [[0, 3], [451, 28002]]}",{}
827,NC00962.3,EMB-0.25-0.9,0.0,GARC1,RUS,EMB,embB@G106R,U,{},"{""proportion"": 0.0, ""confidence"": [0.0, 0.5749693909936535], ""p_value"": 1.0, ""contingency"": [[0, 2], [451, 28002]]}",{}
828,NC00962.3,EMB-0.25-0.9,0.0,GARC1,RUS,EMB,embB@V292F,U,{},"{""proportion"": 0.0, ""confidence"": [0.0, 0.3511165007651012], ""p_value"": 0.34082031250000006, ""contingency"": [[0, 5], [451, 28002]]}",{}
829,NC00962.3,EMB-0.25-0.9,0.0,GARC1,RUS,EMB,embB@V492L,U,{},"{""proportion"": 0.0, ""confidence"": [0.0, 0.5749693909936535], ""p_value"": 1.0, ""contingency"": [[0, 2], [451, 28002]]}",{}
830,NC00962.3,EMB-0.25-0.9,0.0,GARC1,RUS,EMB,embA@D1049A,U,{},"{""proportion"": 0.0, ""confidence"": [0.0, 0.5749693909936535], ""p_value"": 1.0, ""contingency"": [[0, 2], [451, 28002]]}",{}
831,NC00962.3,EMB-0.25-0.9,0.0,GARC1,RUS,EMB,embB@T520S,U,{},"{""proportion"": 0.0, ""confidence"": [0.0, 0.7301340512159458], ""p_value"": 1.0, ""contingency"": [[0, 1], [451, 28002]]}",{}
832,NC00962.3,EMB-0.25-0.9,0.0,GARC1,RUS,EMB,embB@G1005D,U,{},"{""proportion"": 0.0, ""confidence"": [0.0, 0.5749693909936535], ""p_value"": 1.0, ""contingency"": [[0, 2], [451, 28002]]}",{}
833,NC00962.3,EMB-0.25-0.9,0.0,GARC1,RUS,EMB,embB@F176V,U,{},"{""proportion"": 0.0, ""confidence"": [0.0, 0.7301340512159458], ""p_value"": 1.0, ""contingency"": [[0, 1], [451, 28002]]}",{}
834,NC00962.3,EMB-0.25-0.9,0.0,GARC1,RUS,EMB,embB@A232T,U,{},"{""proportion"": 0.0, ""confidence"": [0.0, 0.5749693909936535], ""p_value"": 1.0, ""contingency"": [[0, 2], [451, 28002]]}",{}
835,NC00962.3,EMB-0.25-0.9,0.0,GARC1,RUS,EMB,embA@P988L,U,{},"{""proportion"": 0.0, ""confidence"": [0.0, 0.7301340512159458], ""p_value"": 1.0, ""contingency"": [[0, 1], [451, 28002]]}",{}
836,NC00962.3,EMB-0.25-0.9,0.0,GARC1,RUS,EMB,embA@A355S,U,{},"{""proportion"": 0.0, ""confidence"": [0.0, 0.7301340512159458], ""p_value"": 1.0, ""contingency"": [[0, 1], [451, 28002]]}",{}
837,NC00962.3,EMB-0.25-0.9,0.0,GARC1,RUS,EMB,embB@L181Q,U,{},"{""proportion"": 0.0, ""confidence"": [0.0, 0.7301340512159458], ""p_value"": 1.0, ""contingency"": [[0, 1], [451, 28002]]}",{}
838,NC00962.3,EMB-0.25-0.9,0.0,GARC1,RUS,EMB,embB@D240Y,U,{},"{""proportion"": 0.0, ""confidence"": [0.0, 0.7301340512159458], ""p_value"": 1.0, ""contingency"": [[0, 1], [451, 28002]]}",{}
839,NC00962.3,EMB-0.25-0.9,0.0,GARC1,RUS,EMB,embB@D191E,U,{},"{""proportion"": 0.0, ""confidence"": [0.0, 0.5749693909936535], ""p_value"": 1.0, ""contingency"": [[0, 2], [451, 28002]]}",{}
840,NC00962.3,EMB-0.25-0.9,0.0,GARC1,RUS,EMB,embB@G96E,U,{},"{""proportion"": 0.0, ""confidence"": [0.0, 0.7301340512159458], ""p_value"": 1.0, ""contingency"": [[0, 1], [451, 28002]]}",{}
841,NC00962.3,EMB-0.25-0.9,0.0,GARC1,RUS,EMB,embB@A840V,U,{},"{""proportion"": 0.0, ""confidence"": [0.0, 0.7301340512159458], ""p_value"": 1.0, ""contingency"": [[0, 1], [451, 28002]]}",{}
842,NC00962.3,EMB-0.25-0.9,0.0,GARC1,RUS,EMB,embB@S119I,U,{},"{""proportion"": 0.0, ""confidence"": [0.0, 0.5749693909936535], ""p_value"": 1.0, ""contingency"": [[0, 2], [451, 28002]]}",{}
843,NC00962.3,EMB-0.25-0.9,0.0,GARC1,RUS,EMB,embB@D1041A,U,{},"{""proportion"": 0.0, ""confidence"": [0.0, 0.7301340512159458], ""p_value"": 1.0, ""contingency"": [[0, 1], [451, 28002]]}",{}
844,NC00962.3,EMB-0.25-0.9,0.0,GARC1,RUS,EMB,embB@G745R,U,{},"{""proportion"": 0.0, ""confidence"": [0.0, 0.7301340512159458], ""p_value"": 1.0, ""contingency"": [[0, 1], [451, 28002]]}",{}
845,NC00962.3,EMB-0.25-0.9,0.0,GARC1,RUS,EMB,embA@A461T,U,{},"{""proportion"": 0.0, ""confidence"": [0.0, 0.7301340512159458], ""p_value"": 1.0, ""contingency"": [[0, 1], [451, 28002]]}",{}
846,NC00962.3,EMB-0.25-0.9,0.0,GARC1,RUS,EMB,embB@G1087C,U,{},"{""proportion"": 0.0, ""confidence"": [0.0, 0.7301340512159458], ""p_value"": 1.0, ""contingency"": [[0, 1], [451, 28002]]}",{}
847,NC00962.3,EMB-0.25-0.9,0.0,GARC1,RUS,EMB,embA@I30V,U,{},"{""proportion"": 0.0, ""confidence"": [0.0, 0.7301340512159458], ""p_value"": 1.0, ""contingency"": [[0, 1], [451, 28002]]}",{}
848,NC00962.3,EMB-0.25-0.9,0.0,GARC1,RUS,EMB,embA@A593V,U,{},"{""proportion"": 0.0, ""confidence"": [0.0, 0.7301340512159458], ""p_value"": 1.0, ""contingency"": [[0, 1], [451, 28002]]}",{}
849,NC00962.3,EMB-0.25-0.9,0.0,GARC1,RUS,EMB,embA@T197R,U,{},"{""proportion"": 0.0, ""confidence"": [0.0, 0.7301340512159458], ""p_value"": 1.0, ""contingency"": [[0, 1], [451, 28002]]}",{}
850,NC00962.3,EMB-0.25-0.9,0.0,GARC1,RUS,EMB,embB@A386E,U,{},"{""proportion"": 0.0, ""confidence"": [0.0, 0.31078398130591417], ""p_value"": 0.347412109375, ""contingency"": [[0, 6], [451, 28002]]}",{}
851,NC00962.3,EMB-0.25-0.9,0.0,GARC1,RUS,EMB,embB@G745A,U,{},"{""proportion"": 0.0, ""confidence"": [0.0, 0.7301340512159458], ""p_value"": 1.0, ""contingency"": [[0, 1], [451, 28002]]}",{}
852,NC00962.3,EMB-0.25-0.9,0.0,GARC1,RUS,EMB,embA@R444W,U,{},"{""proportion"": 0.0, ""confidence"": [0.0, 0.7301340512159458], ""p_value"": 1.0, ""contingency"": [[0, 1], [451, 28002]]}",{}
853,NC00962.3,EMB-0.25-0.9,0.0,GARC1,RUS,EMB,embA@P958L,U,{},"{""proportion"": 0.0, ""confidence"": [0.0, 0.7301340512159458], ""p_value"": 1.0, ""contingency"": [[0, 1], [451, 28002]]}",{}
854,NC00962.3,EMB-0.25-0.9,0.0,GARC1,RUS,EMB,embA@P934R,U,{},"{""proportion"": 0.0, ""confidence"": [0.0, 0.7301340512159458], ""p_value"": 1.0, ""contingency"": [[0, 1], [451, 28002]]}",{}
855,NC00962.3,EMB-0.25-0.9,0.0,GARC1,RUS,EMB,embB@R238H,U,{},"{""proportion"": 0.0, ""confidence"": [0.0, 0.7301340512159458], ""p_value"": 1.0, ""contingency"": [[0, 1], [451, 28002]]}",{}
856,NC00962.3,EMB-0.25-0.9,0.0,GARC1,RUS,EMB,embB@P76L,U,{},"{""proportion"": 0.0, ""confidence"": [0.0, 0.7301340512159458], ""p_value"": 1.0, ""contingency"": [[0, 1], [451, 28002]]}",{}
857,NC00962.3,EMB-0.25-0.9,0.0,GARC1,RUS,EMB,embA@E779Q,U,{},"{""proportion"": 0.0, ""confidence"": [0.0, 0.4741955741575127], ""p_value"": 1.0, ""contingency"": [[0, 3], [451, 28002]]}",{}
858,NC00962.3,EMB-0.25-0.9,0.0,GARC1,RUS,EMB,embB@F285V,U,{},"{""proportion"": 0.0, ""confidence"": [0.0, 0.7301340512159458], ""p_value"": 1.0, ""contingency"": [[0, 1], [451, 28002]]}",{}
859,NC00962.3,EMB-0.25-0.9,0.0,GARC1,RUS,EMB,embA@1783_ins_tcggtctacatagtcgac,U,{},"{""proportion"": 0.0, ""confidence"": [0.0, 0.7301340512159458], ""p_value"": 1.0, ""contingency"": [[0, 1], [451, 28002]]}",{}
860,NC00962.3,EMB-0.25-0.9,0.0,GARC1,RUS,EMB,embB@S261A,U,{},"{""proportion"": 0.0, ""confidence"": [0.0, 0.7301340512159458], ""p_value"": 1.0, ""contingency"": [[0, 1], [451, 28002]]}",{}
861,NC00962.3,EMB-0.25-0.9,0.0,GARC1,RUS,EMB,embA@T308K,U,{},"{""proportion"": 0.0, ""confidence"": [0.0, 0.7301340512159458], ""p_value"": 1.0, ""contingency"": [[0, 1], [451, 28002]]}",{}
862,NC00962.3,EMB-0.25-0.9,0.0,GARC1,RUS,EMB,embB@D311A,U,{},"{""proportion"": 0.0, ""confidence"": [0.0, 0.4741955741575127], ""p_value"": 1.0, ""contingency"": [[0, 3], [451, 28002]]}",{}
863,NC00962.3,EMB-0.25-0.9,0.0,GARC1,RUS,EMB,embB@T212A,U,{},"{""proportion"": 0.0, ""confidence"": [0.0, 0.4741955741575127], ""p_value"": 1.0, ""contingency"": [[0, 3], [451, 28002]]}",{}
864,NC00962.3,EMB-0.25-0.9,0.0,GARC1,RUS,EMB,embB@V67L,U,{},"{""proportion"": 0.0, ""confidence"": [0.0, 0.4741955741575127], ""p_value"": 1.0, ""contingency"": [[0, 3], [451, 28002]]}",{}
865,NC00962.3,EMB-0.25-0.9,0.0,GARC1,RUS,EMB,embA@S250G,U,{},"{""proportion"": 0.0, ""confidence"": [0.0, 0.7301340512159458], ""p_value"": 1.0, ""contingency"": [[0, 1], [451, 28002]]}",{}
866,NC00962.3,EMB-0.25-0.9,0.0,GARC1,RUS,EMB,embB@G748V,U,{},"{""proportion"": 0.0, ""confidence"": [0.0, 0.7301340512159458], ""p_value"": 1.0, ""contingency"": [[0, 1], [451, 28002]]}",{}
867,NC00962.3,EMB-0.25-0.9,0.0,GARC1,RUS,EMB,embB@V369M,U,{},"{""proportion"": 0.0, ""confidence"": [0.0, 0.5749693909936535], ""p_value"": 1.0, ""contingency"": [[0, 2], [451, 28002]]}",{}
868,NC00962.3,EMB-0.25-0.9,0.0,GARC1,RUS,EMB,embA@I1007V,U,{},"{""proportion"": 0.0, ""confidence"": [0.0, 0.7301340512159458], ""p_value"": 1.0, ""contingency"": [[0, 1], [451, 28002]]}",{}
869,NC00962.3,EMB-0.25-0.9,0.0,GARC1,RUS,EMB,embB@V944A,U,{},"{""proportion"": 0.0, ""confidence"": [0.0, 0.4741955741575127], ""p_value"": 1.0, ""contingency"": [[0, 3], [451, 28002]]}",{}
870,NC00962.3,EMB-0.25-0.9,0.0,GARC1,RUS,EMB,embA@A355V,U,{},"{""proportion"": 0.0, ""confidence"": [0.0, 0.7301340512159458], ""p_value"": 1.0, ""contingency"": [[0, 1], [451, 28002]]}",{}
871,NC00962.3,EMB-0.25-0.9,0.0,GARC1,RUS,EMB,embB@G459S,U,{},"{""proportion"": 0.0, ""confidence"": [0.0, 0.7301340512159458], ""p_value"": 1.0, ""contingency"": [[0, 1], [451, 28002]]}",{}
872,NC00962.3,EMB-0.25-0.9,0.0,GARC1,RUS,EMB,embB@A941T,U,{},"{""proportion"": 0.0, ""confidence"": [0.0, 0.7301340512159458], ""p_value"": 1.0, ""contingency"": [[0, 1], [451, 28002]]}",{}
873,NC00962.3,EMB-0.25-0.9,0.0,GARC1,RUS,EMB,embA@g-75a,U,{},"{""proportion"": 0.0, ""confidence"": [0.0, 0.7301340512159458], ""p_value"": 1.0, ""contingency"": [[0, 1], [451, 28002]]}",{}
874,NC00962.3,EMB-0.25-0.9,0.0,GARC1,RUS,EMB,embA@A316G,U,{},"{""proportion"": 0.0, ""confidence"": [0.0, 0.7301340512159458], ""p_value"": 1.0, ""contingency"": [[0, 1], [451, 28002]]}",{}
875,NC00962.3,EMB-0.25-0.9,0.0,GARC1,RUS,EMB,embB@G163E,U,{},"{""proportion"": 0.0, ""confidence"": [0.0, 0.7301340512159458], ""p_value"": 1.0, ""contingency"": [[0, 1], [451, 28002]]}",{}
876,NC00962.3,EMB-0.25-0.9,0.0,GARC1,RUS,EMB,embA@A930V,U,{},"{""proportion"": 0.0, ""confidence"": [0.0, 0.7301340512159458], ""p_value"": 1.0, ""contingency"": [[0, 1], [451, 28002]]}",{}
877,NC00962.3,EMB-0.25-0.9,0.0,GARC1,RUS,EMB,embB@A313T,U,{},"{""proportion"": 0.0, ""confidence"": [0.0, 0.7301340512159458], ""p_value"": 1.0, ""contingency"": [[0, 1], [451, 28002]]}",{}
878,NC00962.3,EMB-0.25-0.9,0.0,GARC1,RUS,EMB,embA@T604M,U,{},"{""proportion"": 0.0, ""confidence"": [0.0, 0.7301340512159458], ""p_value"": 1.0, ""contingency"": [[0, 1], [451, 28002]]}",{}
879,NC00962.3,EMB-0.25-0.9,0.0,GARC1,RUS,EMB,embB@R213W,U,{},"{""proportion"": 0.0, ""confidence"": [0.0, 0.7301340512159458], ""p_value"": 1.0, ""contingency"": [[0, 1], [451, 28002]]}",{}
880,NC00962.3,EMB-0.25-0.9,0.0,GARC1,RUS,EMB,embA@G210V,U,{},"{""proportion"": 0.0, ""confidence"": [0.0, 0.7301340512159458], ""p_value"": 1.0, ""contingency"": [[0, 1], [451, 28002]]}",{}
881,NC00962.3,EMB-0.25-0.9,0.0,GARC1,RUS,EMB,embB@R625W,U,{},"{""proportion"": 0.0, ""confidence"": [0.0, 0.7301340512159458], ""p_value"": 1.0, ""contingency"": [[0, 1], [451, 28002]]}",{}
882,NC00962.3,EMB-0.25-0.9,0.0,GARC1,RUS,EMB,embB@V612M,U,{},"{""proportion"": 0.0, ""confidence"": [0.0, 0.7301340512159458], ""p_value"": 1.0, ""contingency"": [[0, 1], [451, 28002]]}",{}
883,NC00962.3,EMB-0.25-0.9,0.0,GARC1,RUS,EMB,embB@G696A,U,{},"{""proportion"": 0.0, ""confidence"": [0.0, 0.7301340512159458], ""p_value"": 1.0, ""contingency"": [[0, 1], [451, 28002]]}",{}
884,NC00962.3,EMB-0.25-0.9,0.0,GARC1,RUS,EMB,embA@A921S,U,{},"{""proportion"": 0.0, ""confidence"": [0.0, 0.5749693909936535], ""p_value"": 1.0, ""contingency"": [[0, 2], [451, 28002]]}",{}
885,NC00962.3,EMB-0.25-0.9,0.0,GARC1,RUS,EMB,embB@G458C,U,{},"{""proportion"": 0.0, ""confidence"": [0.0, 0.7301340512159458], ""p_value"": 1.0, ""contingency"": [[0, 1], [451, 28002]]}",{}
886,NC00962.3,EMB-0.25-0.9,0.0,GARC1,RUS,EMB,embB@R464Q,U,{},"{""proportion"": 0.0, ""confidence"": [0.0, 0.7301340512159458], ""p_value"": 1.0, ""contingency"": [[0, 1], [451, 28002]]}",{}
887,NC00962.3,EMB-0.25-0.9,0.0,GARC1,RUS,EMB,embB@A484T,U,{},"{""proportion"": 0.0, ""confidence"": [0.0, 0.7301340512159458], ""p_value"": 1.0, ""contingency"": [[0, 1], [451, 28002]]}",{}
888,NC00962.3,EMB-0.25-0.9,0.0,GARC1,RUS,EMB,embA@G230S,U,{},"{""proportion"": 0.0, ""confidence"": [0.0, 0.4741955741575127], ""p_value"": 1.0, ""contingency"": [[0, 3], [451, 28002]]}",{}
889,NC00962.3,EMB-0.25-0.9,0.0,GARC1,RUS,EMB,embA@I141T,U,{},"{""proportion"": 0.0, ""confidence"": [0.0, 0.5749693909936535], ""p_value"": 1.0, ""contingency"": [[0, 2], [451, 28002]]}",{}
890,NC00962.3,EMB-0.25-0.9,0.0,GARC1,RUS,EMB,embA@G547R,U,{},"{""proportion"": 0.0, ""confidence"": [0.0, 0.7301340512159458], ""p_value"": 1.0, ""contingency"": [[0, 1], [451, 28002]]}",{}
891,NC00962.3,EMB-0.25-0.9,0.0,GARC1,RUS,EMB,embB@R468H,U,{},"{""proportion"": 0.0, ""confidence"": [0.0, 0.7301340512159458], ""p_value"": 1.0, ""contingency"": [[0, 1], [451, 28002]]}",{}
892,NC00962.3,EMB-0.25-0.9,0.0,GARC1,RUS,EMB,embA@g-51a,U,{},"{""proportion"": 0.0, ""confidence"": [0.0, 0.7301340512159458], ""p_value"": 1.0, ""contingency"": [[0, 1], [451, 28002]]}",{}
893,NC00962.3,EMB-0.25-0.9,0.0,GARC1,RUS,EMB,embB@S622W,U,{},"{""proportion"": 0.0, ""confidence"": [0.0, 0.7301340512159458], ""p_value"": 1.0, ""contingency"": [[0, 1], [451, 28002]]}",{}
894,NC00962.3,EMB-0.25-0.9,0.0,GARC1,RUS,EMB,embB@D1060N,U,{},"{""proportion"": 0.0, ""confidence"": [0.0, 0.7301340512159458], ""p_value"": 1.0, ""contingency"": [[0, 1], [451, 28002]]}",{}
895,NC00962.3,EMB-0.25-0.9,0.0,GARC1,RUS,EMB,embA@P802L,U,{},"{""proportion"": 0.0, ""confidence"": [0.0, 0.40347862520270455], ""p_value"": 0.578125, ""contingency"": [[0, 4], [451, 28002]]}",{}
896,NC00962.3,EMB-0.25-0.9,0.0,GARC1,RUS,EMB,embB@T215I,U,{},"{""proportion"": 0.0, ""confidence"": [0.0, 0.7301340512159458], ""p_value"": 1.0, ""contingency"": [[0, 1], [451, 28002]]}",{}
897,NC00962.3,EMB-0.25-0.9,0.0,GARC1,RUS,EMB,embB@P655L,U,{},"{""proportion"": 0.0, ""confidence"": [0.0, 0.7301340512159458], ""p_value"": 1.0, ""contingency"": [[0, 1], [451, 28002]]}",{}
898,NC00962.3,EMB-0.25-0.9,0.0,GARC1,RUS,EMB,embA@t-28g,U,{},"{""proportion"": 0.0, ""confidence"": [0.0, 0.7301340512159458], ""p_value"": 1.0, ""contingency"": [[0, 1], [451, 28002]]}",{}
899,NC00962.3,EMB-0.25-0.9,0.0,GARC1,RUS,EMB,embA@A448G,U,{},"{""proportion"": 0.0, ""confidence"": [0.0, 0.7301340512159458], ""p_value"": 1.0, ""contingency"": [[0, 1], [451, 28002]]}",{}
900,NC00962.3,EMB-0.25-0.9,0.0,GARC1,RUS,EMB,embB@H890R,U,{},"{""proportion"": 0.0, ""confidence"": [0.0, 0.7301340512159458], ""p_value"": 1.0, ""contingency"": [[0, 1], [451, 28002]]}",{}
901,NC00962.3,EMB-0.25-0.9,0.0,GARC1,RUS,EMB,embA@T588I,U,{},"{""proportion"": 0.0, ""confidence"": [0.0, 0.7301340512159458], ""p_value"": 1.0, ""contingency"": [[0, 1], [451, 28002]]}",{}
902,NC00962.3,EMB-0.25-0.9,0.0,GARC1,RUS,EMB,embB@P957L,U,{},"{""proportion"": 0.0, ""confidence"": [0.0, 0.7301340512159458], ""p_value"": 1.0, ""contingency"": [[0, 1], [451, 28002]]}",{}
903,NC00962.3,EMB-0.25-0.9,0.0,GARC1,RUS,EMB,embB@S980A,U,{},"{""proportion"": 0.0, ""confidence"": [0.0, 0.7301340512159458], ""p_value"": 1.0, ""contingency"": [[0, 1], [451, 28002]]}",{}
904,NC00962.3,EMB-0.25-0.9,0.0,GARC1,RUS,EMB,embB@A271T,U,{},"{""proportion"": 0.0, ""confidence"": [0.0, 0.5749693909936535], ""p_value"": 1.0, ""contingency"": [[0, 2], [451, 28002]]}",{}
905,NC00962.3,EMB-0.25-0.9,0.0,GARC1,RUS,EMB,embB@P136A,U,{},"{""proportion"": 0.0, ""confidence"": [0.0, 0.7301340512159458], ""p_value"": 1.0, ""contingency"": [[0, 1], [451, 28002]]}",{}
906,NC00962.3,EMB-0.25-0.9,0.0,GARC1,RUS,EMB,embB@E976Q,U,{},"{""proportion"": 0.0, ""confidence"": [0.0, 0.7301340512159458], ""p_value"": 1.0, ""contingency"": [[0, 1], [451, 28002]]}",{}
907,NC00962.3,EMB-0.25-0.9,0.0,GARC1,RUS,EMB,embA@T434A,U,{},"{""proportion"": 0.0, ""confidence"": [0.0, 0.7301340512159458], ""p_value"": 1.0, ""contingency"": [[0, 1], [451, 28002]]}",{}
908,NC00962.3,EMB-0.25-0.9,0.0,GARC1,RUS,EMB,embB@D952E,U,{},"{""proportion"": 0.0, ""confidence"": [0.0, 0.5749693909936535], ""p_value"": 1.0, ""contingency"": [[0, 2], [451, 28002]]}",{}
909,NC00962.3,EMB-0.25-0.9,0.0,GARC1,RUS,EMB,embB@T822M,U,{},"{""proportion"": 0.0, ""confidence"": [0.0, 0.7301340512159458], ""p_value"": 1.0, ""contingency"": [[0, 1], [451, 28002]]}",{}
910,NC00962.3,EMB-0.25-0.9,0.0,GARC1,RUS,EMB,embB@P776L,U,{},"{""proportion"": 0.16666666666666666, ""confidence"": [0.038105570079342885, 0.5024170841245998], ""p_value"": 1.0, ""contingency"": [[1, 5], [451, 28002]]}",{}
911,NC00962.3,EMB-0.25-0.9,0.0,GARC1,RUS,EMB,embA@V414M,U,{},"{""proportion"": 0.0, ""confidence"": [0.0, 0.5749693909936535], ""p_value"": 1.0, ""contingency"": [[0, 2], [451, 28002]]}",{}
912,NC00962.3,EMB-0.25-0.9,0.0,GARC1,RUS,EMB,embA@W634S,U,{},"{""proportion"": 0.0, ""confidence"": [0.0, 0.7301340512159458], ""p_value"": 1.0, ""contingency"": [[0, 1], [451, 28002]]}",{}
913,NC00962.3,EMB-0.25-0.9,0.0,GARC1,RUS,EMB,embB@V755I,U,{},"{""proportion"": 0.0, ""confidence"": [0.0, 0.5749693909936535], ""p_value"": 1.0, ""contingency"": [[0, 2], [451, 28002]]}",{}
914,NC00962.3,EMB-0.25-0.9,0.0,GARC1,RUS,EMB,embA@E508D,U,{},"{""proportion"": 0.0, ""confidence"": [0.0, 0.7301340512159458], ""p_value"": 1.0, ""contingency"": [[0, 1], [451, 28002]]}",{}
915,NC00962.3,EMB-0.25-0.9,0.0,GARC1,RUS,EMB,embB@P103H,U,{},"{""proportion"": 0.0, ""confidence"": [0.0, 0.7301340512159458], ""p_value"": 1.0, ""contingency"": [[0, 1], [451, 28002]]}",{}
916,NC00962.3,EMB-0.25-0.9,0.0,GARC1,RUS,EMB,embB@M265I,U,{},"{""proportion"": 0.0, ""confidence"": [0.0, 0.7301340512159458], ""p_value"": 1.0, ""contingency"": [[0, 1], [451, 28002]]}",{}
917,NC00962.3,EMB-0.25-0.9,0.0,GARC1,RUS,EMB,embB@D127A,U,{},"{""proportion"": 0.0, ""confidence"": [0.0, 0.7301340512159458], ""p_value"": 1.0, ""contingency"": [[0, 1], [451, 28002]]}",{}
918,NC00962.3,EMB-0.25-0.9,0.0,GARC1,RUS,EMB,embB@A94V,U,{},"{""proportion"": 0.0, ""confidence"": [0.0, 0.5749693909936535], ""p_value"": 1.0, ""contingency"": [[0, 2], [451, 28002]]}",{}
919,NC00962.3,EMB-0.25-0.9,0.0,GARC1,RUS,EMB,embB@D166A,U,{},"{""proportion"": 0.0, ""confidence"": [0.0, 0.7301340512159458], ""p_value"": 1.0, ""contingency"": [[0, 1], [451, 28002]]}",{}
920,NC00962.3,EMB-0.25-0.9,0.0,GARC1,RUS,EMB,embA@G823R,U,{},"{""proportion"": 0.0, ""confidence"": [0.0, 0.7301340512159458], ""p_value"": 1.0, ""contingency"": [[0, 1], [451, 28002]]}",{}
921,NC00962.3,EMB-0.25-0.9,0.0,GARC1,RUS,EMB,embB@V83A,U,{},"{""proportion"": 0.0, ""confidence"": [0.0, 0.7301340512159458], ""p_value"": 1.0, ""contingency"": [[0, 1], [451, 28002]]}",{}
922,NC00962.3,EMB-0.25-0.9,0.0,GARC1,RUS,EMB,embB@G1097A,U,{},"{""proportion"": 0.0, ""confidence"": [0.0, 0.7301340512159458], ""p_value"": 1.0, ""contingency"": [[0, 1], [451, 28002]]}",{}
923,NC00962.3,EMB-0.25-0.9,0.0,GARC1,RUS,EMB,embA@L978W,U,{},"{""proportion"": 0.0, ""confidence"": [0.0, 0.7301340512159458], ""p_value"": 1.0, ""contingency"": [[0, 1], [451, 28002]]}",{}
924,NC00962.3,EMB-0.25-0.9,0.0,GARC1,RUS,EMB,embB@L528V,U,{},"{""proportion"": 0.0, ""confidence"": [0.0, 0.7301340512159458], ""p_value"": 1.0, ""contingency"": [[0, 1], [451, 28002]]}",{}
925,NC00962.3,EMB-0.25-0.9,0.0,GARC1,RUS,EMB,embB@I726T,U,{},"{""proportion"": 0.0, ""confidence"": [0.0, 0.7301340512159458], ""p_value"": 1.0, ""contingency"": [[0, 1], [451, 28002]]}",{}
926,NC00962.3,EMB-0.25-0.9,0.0,GARC1,RUS,EMB,embA@P860L,U,{},"{""proportion"": 0.0, ""confidence"": [0.0, 0.7301340512159458], ""p_value"": 1.0, ""contingency"": [[0, 1], [451, 28002]]}",{}
927,NC00962.3,EMB-0.25-0.9,0.0,GARC1,RUS,EMB,embA@V283A,U,{},"{""proportion"": 0.0, ""confidence"": [0.0, 0.7301340512159458], ""p_value"": 1.0, ""contingency"": [[0, 1], [451, 28002]]}",{}
928,NC00962.3,EMB-0.25-0.9,0.0,GARC1,RUS,EMB,embA@L263F,U,{},"{""proportion"": 0.0, ""confidence"": [0.0, 0.7301340512159458], ""p_value"": 1.0, ""contingency"": [[0, 1], [451, 28002]]}",{}
929,NC00962.3,EMB-0.25-0.9,0.0,GARC1,RUS,EMB,embA@T161I,U,{},"{""proportion"": 0.0, ""confidence"": [0.0, 0.7301340512159458], ""p_value"": 1.0, ""contingency"": [[0, 1], [451, 28002]]}",{}
930,NC00962.3,EMB-0.25-0.9,0.0,GARC1,RUS,EMB,embB@P766L,U,{},"{""proportion"": 0.0, ""confidence"": [0.0, 0.7301340512159458], ""p_value"": 1.0, ""contingency"": [[0, 1], [451, 28002]]}",{}
931,NC00962.3,EMB-0.25-0.9,0.0,GARC1,RUS,EMB,embB@A701T,U,{},"{""proportion"": 0.0, ""confidence"": [0.0, 0.5749693909936535], ""p_value"": 1.0, ""contingency"": [[0, 2], [451, 28002]]}",{}
932,NC00962.3,EMB-0.25-0.9,0.0,GARC1,RUS,EMB,embA@V391I,U,{},"{""proportion"": 0.0, ""confidence"": [0.0, 0.7301340512159458], ""p_value"": 1.0, ""contingency"": [[0, 1], [451, 28002]]}",{}
933,NC00962.3,EMB-0.25-0.9,0.0,GARC1,RUS,EMB,embA@P327H,U,{},"{""proportion"": 0.0, ""confidence"": [0.0, 0.7301340512159458], ""p_value"": 1.0, ""contingency"": [[0, 1], [451, 28002]]}",{}
934,NC00962.3,EMB-0.25-0.9,0.0,GARC1,RUS,EMB,embA@A1016S,U,{},"{""proportion"": 0.0, ""confidence"": [0.0, 0.4741955741575127], ""p_value"": 1.0, ""contingency"": [[0, 3], [451, 28002]]}",{}
935,NC00962.3,EMB-0.25-0.9,0.0,GARC1,RUS,EMB,embB@F161L,U,{},"{""proportion"": 0.0, ""confidence"": [0.0, 0.7301340512159458], ""p_value"": 1.0, ""contingency"": [[0, 1], [451, 28002]]}",{}
936,NC00962.3,EMB-0.25-0.9,0.0,GARC1,RUS,EMB,embB@W273L,U,{},"{""proportion"": 0.0, ""confidence"": [0.0, 0.7301340512159458], ""p_value"": 1.0, ""contingency"": [[0, 1], [451, 28002]]}",{}
937,NC00962.3,EMB-0.25-0.9,0.0,GARC1,RUS,EMB,embB@A221T,U,{},"{""proportion"": 0.0, ""confidence"": [0.0, 0.7301340512159458], ""p_value"": 1.0, ""contingency"": [[0, 1], [451, 28002]]}",{}
938,NC00962.3,EMB-0.25-0.9,0.0,GARC1,RUS,EMB,embA@A438V,U,{},"{""proportion"": 0.0, ""confidence"": [0.0, 0.7301340512159458], ""p_value"": 1.0, ""contingency"": [[0, 1], [451, 28002]]}",{}
939,NC00962.3,EMB-0.25-0.9,0.0,GARC1,RUS,EMB,embB@A357T,U,{},"{""proportion"": 0.0, ""confidence"": [0.0, 0.7301340512159458], ""p_value"": 1.0, ""contingency"": [[0, 1], [451, 28002]]}",{}
940,NC00962.3,EMB-0.25-0.9,0.0,GARC1,RUS,EMB,embB@M350T,U,{},"{""proportion"": 0.0, ""confidence"": [0.0, 0.7301340512159458], ""p_value"": 1.0, ""contingency"": [[0, 1], [451, 28002]]}",{}
941,NC00962.3,EMB-0.25-0.9,0.0,GARC1,RUS,EMB,embB@S344R,U,{},"{""proportion"": 0.0, ""confidence"": [0.0, 0.7301340512159458], ""p_value"": 1.0, ""contingency"": [[0, 1], [451, 28002]]}",{}
942,NC00962.3,EMB-0.25-0.9,0.0,GARC1,RUS,EMB,embA@Q57E,U,{},"{""proportion"": 0.0, ""confidence"": [0.0, 0.7301340512159458], ""p_value"": 1.0, ""contingency"": [[0, 1], [451, 28002]]}",{}
943,NC00962.3,EMB-0.25-0.9,0.0,GARC1,RUS,EMB,embA@T591A,U,{},"{""proportion"": 0.0, ""confidence"": [0.0, 0.7301340512159458], ""p_value"": 1.0, ""contingency"": [[0, 1], [451, 28002]]}",{}
944,NC00962.3,EMB-0.25-0.9,0.0,GARC1,RUS,EMB,embA@N54S,U,{},"{""proportion"": 0.0, ""confidence"": [0.0, 0.5749693909936535], ""p_value"": 1.0, ""contingency"": [[0, 2], [451, 28002]]}",{}
945,NC00962.3,EMB-0.25-0.9,0.0,GARC1,RUS,EMB,embB@A271G,U,{},"{""proportion"": 0.0, ""confidence"": [0.0, 0.7301340512159458], ""p_value"": 1.0, ""contingency"": [[0, 1], [451, 28002]]}",{}
946,NC00962.3,EMB-0.25-0.9,0.0,GARC1,RUS,EMB,embB@T341I,U,{},"{""proportion"": 0.0, ""confidence"": [0.0, 0.7301340512159458], ""p_value"": 1.0, ""contingency"": [[0, 1], [451, 28002]]}",{}
947,NC00962.3,EMB-0.25-0.9,0.0,GARC1,RUS,EMB,embA@A331P,U,{},"{""proportion"": 0.0, ""confidence"": [0.0, 0.7301340512159458], ""p_value"": 1.0, ""contingency"": [[0, 1], [451, 28002]]}",{}
948,NC00962.3,EMB-0.25-0.9,0.0,GARC1,RUS,EMB,embB@A861T,U,{},"{""proportion"": 0.0, ""confidence"": [0.0, 0.7301340512159458], ""p_value"": 1.0, ""contingency"": [[0, 1], [451, 28002]]}",{}
949,NC00962.3,EMB-0.25-0.9,0.0,GARC1,RUS,EMB,embB@A840P,U,{},"{""proportion"": 0.0, ""confidence"": [0.0, 0.7301340512159458], ""p_value"": 1.0, ""contingency"": [[0, 1], [451, 28002]]}",{}
950,NC00962.3,EMB-0.25-0.9,0.0,GARC1,RUS,EMB,embA@D678N,U,{},"{""proportion"": 0.0, ""confidence"": [0.0, 0.7301340512159458], ""p_value"": 1.0, ""contingency"": [[0, 1], [451, 28002]]}",{}
951,NC00962.3,EMB-0.25-0.9,0.0,GARC1,RUS,EMB,embB@H342N,U,{},"{""proportion"": 0.0, ""confidence"": [0.0, 0.7301340512159458], ""p_value"": 1.0, ""contingency"": [[0, 1], [451, 28002]]}",{}
952,NC00962.3,EMB-0.25-0.9,0.0,GARC1,RUS,EMB,embB@M557I,U,{},"{""proportion"": 0.0, ""confidence"": [0.0, 0.5749693909936535], ""p_value"": 1.0, ""contingency"": [[0, 2], [451, 28002]]}",{}
953,NC00962.3,EMB-0.25-0.9,0.0,GARC1,RUS,EMB,embB@R1059P,U,{},"{""proportion"": 0.0, ""confidence"": [0.0, 0.7301340512159458], ""p_value"": 1.0, ""contingency"": [[0, 1], [451, 28002]]}",{}
954,NC00962.3,EMB-0.25-0.9,0.0,GARC1,RUS,EMB,embB@A950V,U,{},"{""proportion"": 0.0, ""confidence"": [0.0, 0.7301340512159458], ""p_value"": 1.0, ""contingency"": [[0, 1], [451, 28002]]}",{}
955,NC00962.3,EMB-0.25-0.9,0.0,GARC1,RUS,EMB,embA@A734T,U,{},"{""proportion"": 0.0, ""confidence"": [0.0, 0.7301340512159458], ""p_value"": 1.0, ""contingency"": [[0, 1], [451, 28002]]}",{}
956,NC00962.3,EMB-0.25-0.9,0.0,GARC1,RUS,EMB,embB@L348P,U,{},"{""proportion"": 0.0, ""confidence"": [0.0, 0.7301340512159458], ""p_value"": 1.0, ""contingency"": [[0, 1], [451, 28002]]}",{}
957,NC00962.3,EMB-0.25-0.9,0.0,GARC1,RUS,EMB,embB@N400S,U,{},"{""proportion"": 0.0, ""confidence"": [0.0, 0.7301340512159458], ""p_value"": 1.0, ""contingency"": [[0, 1], [451, 28002]]}",{}
958,NC00962.3,EMB-0.25-0.9,0.0,GARC1,RUS,EMB,embA@T363I,U,{},"{""proportion"": 0.0, ""confidence"": [0.0, 0.7301340512159458], ""p_value"": 1.0, ""contingency"": [[0, 1], [451, 28002]]}",{}
959,NC00962.3,EMB-0.25-0.9,0.0,GARC1,RUS,EMB,embA@P689L,U,{},"{""proportion"": 0.0, ""confidence"": [0.0, 0.7301340512159458], ""p_value"": 1.0, ""contingency"": [[0, 1], [451, 28002]]}",{}
960,NC00962.3,EMB-0.25-0.9,0.0,GARC1,RUS,EMB,embB@M462T,U,{},"{""proportion"": 0.0, ""confidence"": [0.0, 0.7301340512159458], ""p_value"": 1.0, ""contingency"": [[0, 1], [451, 28002]]}",{}
961,NC00962.3,EMB-0.25-0.9,0.0,GARC1,RUS,EMB,embB@P59T,U,{},"{""proportion"": 0.0, ""confidence"": [0.0, 0.7301340512159458], ""p_value"": 1.0, ""contingency"": [[0, 1], [451, 28002]]}",{}
962,NC00962.3,EMB-0.25-0.9,0.0,GARC1,RUS,EMB,embB@V602A,U,{},"{""proportion"": 0.0, ""confidence"": [0.0, 0.7301340512159458], ""p_value"": 1.0, ""contingency"": [[0, 1], [451, 28002]]}",{}
963,NC00962.3,EMB-0.25-0.9,0.0,GARC1,RUS,EMB,embB@L364V,U,{},"{""proportion"": 0.0, ""confidence"": [0.0, 0.5749693909936535], ""p_value"": 1.0, ""contingency"": [[0, 2], [451, 28002]]}",{}
964,NC00962.3,EMB-0.25-0.9,0.0,GARC1,RUS,EMB,embB@I1006M,U,{},"{""proportion"": 0.0, ""confidence"": [0.0, 0.3511165007651012], ""p_value"": 0.34082031250000006, ""contingency"": [[0, 5], [451, 28002]]}",{}
965,NC00962.3,EMB-0.25-0.9,0.0,GARC1,RUS,EMB,embB@Q997H,U,{},"{""proportion"": 0.0, ""confidence"": [0.0, 0.7301340512159458], ""p_value"": 1.0, ""contingency"": [[0, 1], [451, 28002]]}",{}
966,NC00962.3,EMB-0.25-0.9,0.0,GARC1,RUS,EMB,embA@T591P,U,{},"{""proportion"": 0.0, ""confidence"": [0.0, 0.5749693909936535], ""p_value"": 1.0, ""contingency"": [[0, 2], [451, 28002]]}",{}
967,NC00962.3,EMB-0.25-0.9,0.0,GARC1,RUS,EMB,embB@R147C,U,{},"{""proportion"": 0.0, ""confidence"": [0.0, 0.7301340512159458], ""p_value"": 1.0, ""contingency"": [[0, 1], [451, 28002]]}",{}
968,NC00962.3,EMB-0.25-0.9,0.0,GARC1,RUS,EMB,embB@A1083T,U,{},"{""proportion"": 0.0, ""confidence"": [0.0, 0.7301340512159458], ""p_value"": 1.0, ""contingency"": [[0, 1], [451, 28002]]}",{}
969,NC00962.3,EMB-0.25-0.9,0.0,GARC1,RUS,EMB,embA@A852D,U,{},"{""proportion"": 0.0, ""confidence"": [0.0, 0.7301340512159458], ""p_value"": 1.0, ""contingency"": [[0, 1], [451, 28002]]}",{}
970,NC00962.3,EMB-0.25-0.9,0.0,GARC1,RUS,EMB,embA@G554D,U,{},"{""proportion"": 1.0, ""confidence"": [0.26986594878405434, 1.0000000000000002], ""p_value"": 0.25, ""contingency"": [[1, 0], [451, 28002]]}",{}
971,NC00962.3,EMB-0.25-0.9,0.0,GARC1,RUS,EMB,embB@E149A,U,{},"{""proportion"": 0.0, ""confidence"": [0.0, 0.7301340512159458], ""p_value"": 1.0, ""contingency"": [[0, 1], [451, 28002]]}",{}
972,NC00962.3,EMB-0.25-0.9,0.0,GARC1,RUS,EMB,embA@P763S,U,{},"{""proportion"": 0.0, ""confidence"": [0.0, 0.7301340512159458], ""p_value"": 1.0, ""contingency"": [[0, 1], [451, 28002]]}",{}
973,NC00962.3,EMB-0.25-0.9,0.0,GARC1,RUS,EMB,embA@g-48c,U,{},"{""proportion"": 0.0, ""confidence"": [0.0, 0.7301340512159458], ""p_value"": 1.0, ""contingency"": [[0, 1], [451, 28002]]}",{}
974,NC00962.3,EMB-0.25-0.9,0.0,GARC1,RUS,EMB,embA@A291T,U,{},"{""proportion"": 0.0, ""confidence"": [0.0, 0.5749693909936535], ""p_value"": 1.0, ""contingency"": [[0, 2], [451, 28002]]}",{}
975,NC00962.3,EMB-0.25-0.9,0.0,GARC1,RUS,EMB,embB@D354N,U,{},"{""proportion"": 0.0, ""confidence"": [0.0, 0.4741955741575127], ""p_value"": 1.0, ""contingency"": [[0, 3], [451, 28002]]}",{}
976,NC00962.3,EMB-0.25-0.9,0.0,GARC1,RUS,EMB,embA@T270P,U,{},"{""proportion"": 0.0, ""confidence"": [0.0, 0.7301340512159458], ""p_value"": 1.0, ""contingency"": [[0, 1], [451, 28002]]}",{}
977,NC00962.3,EMB-0.25-0.9,0.0,GARC1,RUS,EMB,embB@M482I,U,{},"{""proportion"": 0.0, ""confidence"": [0.0, 0.7301340512159458], ""p_value"": 1.0, ""contingency"": [[0, 1], [451, 28002]]}",{}
978,NC00962.3,EMB-0.25-0.9,0.0,GARC1,RUS,EMB,embA@G21R,U,{},"{""proportion"": 0.0, ""confidence"": [0.0, 0.7301340512159458], ""p_value"": 1.0, ""contingency"": [[0, 1], [451, 28002]]}",{}
979,NC00962.3,EMB-0.25-0.9,0.0,GARC1,RUS,EMB,embA@G157C,U,{},"{""proportion"": 0.0, ""confidence"": [0.0, 0.5749693909936535], ""p_value"": 1.0, ""contingency"": [[0, 2], [451, 28002]]}",{}
980,NC00962.3,EMB-0.25-0.9,0.0,GARC1,RUS,EMB,embA@H665R,U,{},"{""proportion"": 0.0, ""confidence"": [0.0, 0.5749693909936535], ""p_value"": 1.0, ""contingency"": [[0, 2], [451, 28002]]}",{}
981,NC00962.3,EMB-0.25-0.9,0.0,GARC1,RUS,EMB,embB@N1004T,U,{},"{""proportion"": 0.0, ""confidence"": [0.0, 0.7301340512159458], ""p_value"": 1.0, ""contingency"": [[0, 1], [451, 28002]]}",{}
982,NC00962.3,EMB-0.25-0.9,0.0,GARC1,RUS,EMB,embB@T797M,U,{},"{""proportion"": 0.0, ""confidence"": [0.0, 0.40347862520270455], ""p_value"": 0.578125, ""contingency"": [[0, 4], [451, 28002]]}",{}
983,NC00962.3,EMB-0.25-0.9,0.0,GARC1,RUS,EMB,embB@A510T,U,{},"{""proportion"": 0.0, ""confidence"": [0.0, 0.4741955741575127], ""p_value"": 1.0, ""contingency"": [[0, 3], [451, 28002]]}",{}
984,NC00962.3,EMB-0.25-0.9,0.0,GARC1,RUS,EMB,embA@L215M,U,{},"{""proportion"": 0.0, ""confidence"": [0.0, 0.7301340512159458], ""p_value"": 1.0, ""contingency"": [[0, 1], [451, 28002]]}",{}
985,NC00962.3,EMB-0.25-0.9,0.0,GARC1,RUS,EMB,embA@A255V,U,{},"{""proportion"": 0.0, ""confidence"": [0.0, 0.7301340512159458], ""p_value"": 1.0, ""contingency"": [[0, 1], [451, 28002]]}",{}
986,NC00962.3,EMB-0.25-0.9,0.0,GARC1,RUS,EMB,embA@g-78t,U,{},"{""proportion"": 0.0, ""confidence"": [0.0, 0.7301340512159458], ""p_value"": 1.0, ""contingency"": [[0, 1], [451, 28002]]}",{}
987,NC00962.3,EMB-0.25-0.9,0.0,GARC1,RUS,EMB,embB@D354G,U,{},"{""proportion"": 0.0, ""confidence"": [0.0, 0.5749693909936535], ""p_value"": 1.0, ""contingency"": [[0, 2], [451, 28002]]}",{}
988,NC00962.3,EMB-0.25-0.9,0.0,GARC1,RUS,EMB,embA@A428V,U,{},"{""proportion"": 0.0, ""confidence"": [0.0, 0.7301340512159458], ""p_value"": 1.0, ""contingency"": [[0, 1], [451, 28002]]}",{}
989,NC00962.3,EMB-0.25-0.9,0.0,GARC1,RUS,EMB,embB@P430L,U,{},"{""proportion"": 0.0, ""confidence"": [0.0, 0.7301340512159458], ""p_value"": 1.0, ""contingency"": [[0, 1], [451, 28002]]}",{}
990,NC00962.3,EMB-0.25-0.9,0.0,GARC1,RUS,EMB,embA@S49R,U,{},"{""proportion"": 0.0, ""confidence"": [0.0, 0.7301340512159458], ""p_value"": 1.0, ""contingency"": [[0, 1], [451, 28002]]}",{}
991,NC00962.3,EMB-0.25-0.9,0.0,GARC1,RUS,EMB,embB@T341A,U,{},"{""proportion"": 0.0, ""confidence"": [0.0, 0.7301340512159458], ""p_value"": 1.0, ""contingency"": [[0, 1], [451, 28002]]}",{}
992,NC00962.3,EMB-0.25-0.9,0.0,GARC1,RUS,EMB,embB@S658N,U,{},"{""proportion"": 0.0, ""confidence"": [0.0, 0.7301340512159458], ""p_value"": 1.0, ""contingency"": [[0, 1], [451, 28002]]}",{}
993,NC00962.3,EMB-0.25-0.9,0.0,GARC1,RUS,EMB,embB@D869H,U,{},"{""proportion"": 0.0, ""confidence"": [0.0, 0.7301340512159458], ""p_value"": 1.0, ""contingency"": [[0, 1], [451, 28002]]}",{}
994,NC00962.3,EMB-0.25-0.9,0.0,GARC1,RUS,EMB,embA@T728I,U,{},"{""proportion"": 0.0, ""confidence"": [0.0, 0.31078398130591417], ""p_value"": 0.347412109375, ""contingency"": [[0, 6], [451, 28002]]}",{}
995,NC00962.3,EMB-0.25-0.9,0.0,GARC1,RUS,EMB,embA@G1085S,U,{},"{""proportion"": 0.0, ""confidence"": [0.0, 0.7301340512159458], ""p_value"": 1.0, ""contingency"": [[0, 1], [451, 28002]]}",{}
996,NC00962.3,EMB-0.25-0.9,0.0,GARC1,RUS,EMB,embB@D178N,U,{},"{""proportion"": 0.0, ""confidence"": [0.0, 0.7301340512159458], ""p_value"": 1.0, ""contingency"": [[0, 1], [451, 28002]]}",{}
997,NC00962.3,EMB-0.25-0.9,0.0,GARC1,RUS,EMB,embB@A1020S,U,{},"{""proportion"": 0.0, ""confidence"": [0.0, 0.7301340512159458], ""p_value"": 1.0, ""contingency"": [[0, 1], [451, 28002]]}",{}
998,NC00962.3,EMB-0.25-0.9,0.0,GARC1,RUS,EMB,embB@V602I,U,{},"{""proportion"": 0.0, ""confidence"": [0.0, 0.7301340512159458], ""p_value"": 1.0, ""contingency"": [[0, 1], [451, 28002]]}",{}
999,NC00962.3,EMB-0.25-0.9,0.0,GARC1,RUS,EMB,embA@2046_del_ccgcatcttggc,U,{},"{""proportion"": 0.0, ""confidence"": [0.0, 0.7301340512159458], ""p_value"": 1.0, ""contingency"": [[0, 1], [451, 28002]]}",{}
1000,NC00962.3,EMB-0.25-0.9,0.0,GARC1,RUS,EMB,embA@T238S,U,{},"{""proportion"": 0.0, ""confidence"": [0.0, 0.7301340512159458], ""p_value"": 1.0, ""contingency"": [[0, 1], [451, 28002]]}",{}
1001,NC00962.3,EMB-0.25-0.9,0.0,GARC1,RUS,EMB,embA@D784N,U,{},"{""proportion"": 0.0, ""confidence"": [0.0, 0.7301340512159458], ""p_value"": 1.0, ""contingency"": [[0, 1], [451, 28002]]}",{}
1002,NC00962.3,EMB-0.25-0.9,0.0,GARC1,RUS,EMB,embB@P195L,U,{},"{""proportion"": 0.0, ""confidence"": [0.0, 0.7301340512159458], ""p_value"": 1.0, ""contingency"": [[0, 1], [451, 28002]]}",{}
1003,NC00962.3,EMB-0.25-0.9,0.0,GARC1,RUS,EMB,embB@R930H,U,{},"{""proportion"": 0.0, ""confidence"": [0.0, 0.7301340512159458], ""p_value"": 1.0, ""contingency"": [[0, 1], [451, 28002]]}",{}
1004,NC00962.3,EMB-0.25-0.9,0.0,GARC1,RUS,EMB,embA@T238N,U,{},"{""proportion"": 0.0, ""confidence"": [0.0, 0.5749693909936535], ""p_value"": 1.0, ""contingency"": [[0, 2], [451, 28002]]}",{}
1005,NC00962.3,EMB-0.25-0.9,0.0,GARC1,RUS,EMB,embA@I191V,U,{},"{""proportion"": 0.0, ""confidence"": [0.0, 0.7301340512159458], ""p_value"": 1.0, ""contingency"": [[0, 1], [451, 28002]]}",{}
1006,NC00962.3,EMB-0.25-0.9,0.0,GARC1,RUS,EMB,embB@P375S,U,{},"{""proportion"": 0.0, ""confidence"": [0.0, 0.7301340512159458], ""p_value"": 1.0, ""contingency"": [[0, 1], [451, 28002]]}",{}
1007,NC00962.3,EMB-0.25-0.9,0.0,GARC1,RUS,EMB,embB@V231I,U,{},"{""proportion"": 0.0, ""confidence"": [0.0, 0.7301340512159458], ""p_value"": 1.0, ""contingency"": [[0, 1], [451, 28002]]}",{}
1008,NC00962.3,EMB-0.25-0.9,0.0,GARC1,RUS,EMB,embB@N657D,U,{},"{""proportion"": 0.0, ""confidence"": [0.0, 0.7301340512159458], ""p_value"": 1.0, ""contingency"": [[0, 1], [451, 28002]]}",{}
1009,NC00962.3,EMB-0.25-0.9,0.0,GARC1,RUS,EMB,embB@R182C,U,{},"{""proportion"": 0.0, ""confidence"": [0.0, 0.4741955741575127], ""p_value"": 1.0, ""contingency"": [[0, 3], [451, 28002]]}",{}
1010,NC00962.3,EMB-0.25-0.9,0.0,GARC1,RUS,EMB,embB@G665R,U,{},"{""proportion"": 0.0, ""confidence"": [0.0, 0.7301340512159458], ""p_value"": 1.0, ""contingency"": [[0, 1], [451, 28002]]}",{}
1011,NC00962.3,EMB-0.25-0.9,0.0,GARC1,RUS,EMB,embB@M462L,U,{},"{""proportion"": 0.0, ""confidence"": [0.0, 0.7301340512159458], ""p_value"": 1.0, ""contingency"": [[0, 1], [451, 28002]]}",{}
1012,NC00962.3,EMB-0.25-0.9,0.0,GARC1,RUS,EMB,embA@W1050G,U,{},"{""proportion"": 0.0, ""confidence"": [0.0, 0.7301340512159458], ""p_value"": 1.0, ""contingency"": [[0, 1], [451, 28002]]}",{}
1013,NC00962.3,EMB-0.25-0.9,0.0,GARC1,RUS,EMB,embA@2723_ins_ggg,U,{},"{""proportion"": 0.0, ""confidence"": [0.0, 0.7301340512159458], ""p_value"": 1.0, ""contingency"": [[0, 1], [451, 28002]]}",{}
1014,NC00962.3,EMB-0.25-0.9,0.0,GARC1,RUS,EMB,embA@D761G,U,{},"{""proportion"": 0.0, ""confidence"": [0.0, 0.7301340512159458], ""p_value"": 1.0, ""contingency"": [[0, 1], [451, 28002]]}",{}
1015,NC00962.3,EMB-0.25-0.9,0.0,GARC1,RUS,EMB,embA@R683L,U,{},"{""proportion"": 0.0, ""confidence"": [0.0, 0.7301340512159458], ""p_value"": 1.0, ""contingency"": [[0, 1], [451, 28002]]}",{}
1016,NC00962.3,EMB-0.25-0.9,0.0,GARC1,RUS,EMB,embA@L263P,U,{},"{""proportion"": 0.0, ""confidence"": [0.0, 0.7301340512159458], ""p_value"": 1.0, ""contingency"": [[0, 1], [451, 28002]]}",{}
1017,NC00962.3,EMB-0.25-0.9,0.0,GARC1,RUS,EMB,embB@T1069P,U,{},"{""proportion"": 0.0, ""confidence"": [0.0, 0.7301340512159458], ""p_value"": 1.0, ""contingency"": [[0, 1], [451, 28002]]}",{}
1018,NC00962.3,EMB-0.25-0.9,0.0,GARC1,RUS,EMB,embA@R239!,U,{},"{""proportion"": 0.0, ""confidence"": [0.0, 0.7301340512159458], ""p_value"": 1.0, ""contingency"": [[0, 1], [451, 28002]]}",{}
1019,NC00962.3,EMB-0.25-0.9,0.0,GARC1,RUS,EMB,embB@D86N,U,{},"{""proportion"": 0.0, ""confidence"": [0.0, 0.7301340512159458], ""p_value"": 1.0, ""contingency"": [[0, 1], [451, 28002]]}",{}
1020,NC00962.3,EMB-0.25-0.9,0.0,GARC1,RUS,EMB,embB@G1097S,U,{},"{""proportion"": 0.0, ""confidence"": [0.0, 0.7301340512159458], ""p_value"": 1.0, ""contingency"": [[0, 1], [451, 28002]]}",{}
1021,NC00962.3,EMB-0.25-0.9,0.0,GARC1,RUS,EMB,embA@T983A,U,{},"{""proportion"": 0.0, ""confidence"": [0.0, 0.5749693909936535], ""p_value"": 1.0, ""contingency"": [[0, 2], [451, 28002]]}",{}
1022,NC00962.3,EMB-0.25-0.9,0.0,GARC1,RUS,EMB,embA@c-73t,U,{},"{""proportion"": 0.0, ""confidence"": [0.0, 0.7301340512159458], ""p_value"": 1.0, ""contingency"": [[0, 1], [451, 28002]]}",{}
1023,NC00962.3,EMB-0.25-0.9,0.0,GARC1,RUS,EMB,embB@T546A,U,{},"{""proportion"": 0.0, ""confidence"": [0.0, 0.7301340512159458], ""p_value"": 1.0, ""contingency"": [[0, 1], [451, 28002]]}",{}
1024,NC00962.3,EMB-0.25-0.9,0.0,GARC1,RUS,EMB,embB@K107R,U,{},"{""proportion"": 0.0, ""confidence"": [0.0, 0.7301340512159458], ""p_value"": 1.0, ""contingency"": [[0, 1], [451, 28002]]}",{}
1025,NC00962.3,EMB-0.25-0.9,0.0,GARC1,RUS,EMB,embB@N1033K,U,{},"{""proportion"": 1.0, ""confidence"": [0.26986594878405434, 1.0000000000000002], ""p_value"": 0.25, ""contingency"": [[1, 0], [451, 28002]]}",{}
1026,NC00962.3,EMB-0.25-0.9,0.0,GARC1,RUS,EMB,embB@A259V,U,{},"{""proportion"": 0.0, ""confidence"": [0.0, 0.7301340512159458], ""p_value"": 1.0, ""contingency"": [[0, 1], [451, 28002]]}",{}
1027,NC00962.3,EMB-0.25-0.9,0.0,GARC1,RUS,EMB,embB@G443S,U,{},"{""proportion"": 0.0, ""confidence"": [0.0, 0.4741955741575127], ""p_value"": 1.0, ""contingency"": [[0, 3], [451, 28002]]}",{}
1028,NC00962.3,EMB-0.25-0.9,0.0,GARC1,RUS,EMB,embB@P214A,U,{},"{""proportion"": 0.5, ""confidence"": [0.12086631942227369, 0.8791336805777263], ""p_value"": 0.4375, ""contingency"": [[1, 1], [451, 28002]]}",{}
1029,NC00962.3,EMB-0.25-0.9,0.0,GARC1,RUS,EMB,embB@R122H,U,{},"{""proportion"": 0.0, ""confidence"": [0.0, 0.7301340512159458], ""p_value"": 1.0, ""contingency"": [[0, 1], [451, 28002]]}",{}
1030,NC00962.3,EMB-0.25-0.9,0.0,GARC1,RUS,EMB,embB@A356V,U,{},"{""proportion"": 0.0, ""confidence"": [0.0, 0.7301340512159458], ""p_value"": 1.0, ""contingency"": [[0, 1], [451, 28002]]}",{}
1031,NC00962.3,EMB-0.25-0.9,0.0,GARC1,RUS,EMB,embB@V479M,U,{},"{""proportion"": 0.0, ""confidence"": [0.0, 0.7301340512159458], ""p_value"": 1.0, ""contingency"": [[0, 1], [451, 28002]]}",{}
1032,NC00962.3,EMB-0.25-0.9,0.0,GARC1,RUS,EMB,embA@G101S,U,{},"{""proportion"": 0.0, ""confidence"": [0.0, 0.5749693909936535], ""p_value"": 1.0, ""contingency"": [[0, 2], [451, 28002]]}",{}
1033,NC00962.3,EMB-0.25-0.9,0.0,GARC1,RUS,EMB,embA@R442K,U,{},"{""proportion"": 0.0, ""confidence"": [0.0, 0.7301340512159458], ""p_value"": 1.0, ""contingency"": [[0, 1], [451, 28002]]}",{}
1034,NC00962.3,EMB-0.25-0.9,0.0,GARC1,RUS,EMB,embB@G603A,U,{},"{""proportion"": 0.0, ""confidence"": [0.0, 0.7301340512159458], ""p_value"": 1.0, ""contingency"": [[0, 1], [451, 28002]]}",{}
1035,NC00962.3,EMB-0.25-0.9,0.0,GARC1,RUS,EMB,embA@N679S,U,{},"{""proportion"": 0.0, ""confidence"": [0.0, 0.7301340512159458], ""p_value"": 1.0, ""contingency"": [[0, 1], [451, 28002]]}",{}
1036,NC00962.3,EMB-0.25-0.9,0.0,GARC1,RUS,EMB,embB@P706S,U,{},"{""proportion"": 0.0, ""confidence"": [0.0, 0.7301340512159458], ""p_value"": 1.0, ""contingency"": [[0, 1], [451, 28002]]}",{}
1037,NC00962.3,EMB-0.25-0.9,0.0,GARC1,RUS,EMB,embB@R147H,U,{},"{""proportion"": 0.0, ""confidence"": [0.0, 0.7301340512159458], ""p_value"": 1.0, ""contingency"": [[0, 1], [451, 28002]]}",{}
1038,NC00962.3,EMB-0.25-0.9,0.0,GARC1,RUS,EMB,embA@R346P,U,{},"{""proportion"": 0.0, ""confidence"": [0.0, 0.7301340512159458], ""p_value"": 1.0, ""contingency"": [[0, 1], [451, 28002]]}",{}
1039,NC00962.3,EMB-0.25-0.9,0.0,GARC1,RUS,EMB,embA@R346W,U,{},"{""proportion"": 0.0, ""confidence"": [0.0, 0.7301340512159458], ""p_value"": 1.0, ""contingency"": [[0, 1], [451, 28002]]}",{}
1040,NC00962.3,EMB-0.25-0.9,0.0,GARC1,RUS,EMB,embB@G474D,U,{},"{""proportion"": 0.0, ""confidence"": [0.0, 0.7301340512159458], ""p_value"": 1.0, ""contingency"": [[0, 1], [451, 28002]]}",{}
1041,NC00962.3,EMB-0.25-0.9,0.0,GARC1,RUS,EMB,embA@L221M,U,{},"{""proportion"": 0.0, ""confidence"": [0.0, 0.7301340512159458], ""p_value"": 1.0, ""contingency"": [[0, 1], [451, 28002]]}",{}
1042,NC00962.3,EMB-0.25-0.9,0.0,GARC1,RUS,EMB,embA@G748S,U,{},"{""proportion"": 0.0, ""confidence"": [0.0, 0.7301340512159458], ""p_value"": 1.0, ""contingency"": [[0, 1], [451, 28002]]}",{}
1043,NC00962.3,EMB-0.25-0.9,0.0,GARC1,RUS,EMB,embA@S250N,U,{},"{""proportion"": 0.0, ""confidence"": [0.0, 0.7301340512159458], ""p_value"": 1.0, ""contingency"": [[0, 1], [451, 28002]]}",{}
1044,NC00962.3,EMB-0.25-0.9,0.0,GARC1,RUS,EMB,embA@M979L,U,{},"{""proportion"": 0.0, ""confidence"": [0.0, 0.7301340512159458], ""p_value"": 1.0, ""contingency"": [[0, 1], [451, 28002]]}",{}
1045,NC00962.3,EMB-0.25-0.9,0.0,GARC1,RUS,EMB,embA@T1044M,U,{},"{""proportion"": 0.0, ""confidence"": [0.0, 0.7301340512159458], ""p_value"": 1.0, ""contingency"": [[0, 1], [451, 28002]]}",{}
1046,NC00962.3,EMB-0.25-0.9,0.0,GARC1,RUS,EMB,embA@G972W,U,{},"{""proportion"": 0.0, ""confidence"": [0.0, 0.7301340512159458], ""p_value"": 1.0, ""contingency"": [[0, 1], [451, 28002]]}",{}
1047,NC00962.3,EMB-0.25-0.9,0.0,GARC1,RUS,EMB,embA@c-36t,U,{},"{""proportion"": 0.0, ""confidence"": [0.0, 0.7301340512159458], ""p_value"": 1.0, ""contingency"": [[0, 1], [451, 28002]]}",{}
1048,NC00962.3,EMB-0.25-0.9,0.0,GARC1,RUS,EMB,embB@A684V,U,{},"{""proportion"": 0.0, ""confidence"": [0.0, 0.7301340512159458], ""p_value"": 1.0, ""contingency"": [[0, 1], [451, 28002]]}",{}
1049,NC00962.3,EMB-0.25-0.9,0.0,GARC1,RUS,EMB,embA@S318T,U,{},"{""proportion"": 0.0, ""confidence"": [0.0, 0.7301340512159458], ""p_value"": 1.0, ""contingency"": [[0, 1], [451, 28002]]}",{}
1050,NC00962.3,EMB-0.25-0.9,0.0,GARC1,RUS,EMB,embA@A436G,U,{},"{""proportion"": 0.0, ""confidence"": [0.0, 0.7301340512159458], ""p_value"": 1.0, ""contingency"": [[0, 1], [451, 28002]]}",{}
1051,NC00962.3,EMB-0.25-0.9,0.0,GARC1,RUS,EMB,embB@T506N,U,{},"{""proportion"": 0.0, ""confidence"": [0.0, 0.7301340512159458], ""p_value"": 1.0, ""contingency"": [[0, 1], [451, 28002]]}",{}
1052,NC00962.3,EMB-0.25-0.9,0.0,GARC1,RUS,EMB,embA@D473G,U,{},"{""proportion"": 0.0, ""confidence"": [0.0, 0.7301340512159458], ""p_value"": 1.0, ""contingency"": [[0, 1], [451, 28002]]}",{}
1053,NC00962.3,EMB-0.25-0.9,0.0,GARC1,RUS,EMB,embA@N377G,U,{},"{""proportion"": 0.0, ""confidence"": [0.0, 0.7301340512159458], ""p_value"": 1.0, ""contingency"": [[0, 1], [451, 28002]]}",{}
1054,NC00962.3,EMB-0.25-0.9,0.0,GARC1,RUS,EMB,embA@R68H,U,{},"{""proportion"": 0.0, ""confidence"": [0.0, 0.7301340512159458], ""p_value"": 1.0, ""contingency"": [[0, 1], [451, 28002]]}",{}
1055,NC00962.3,EMB-0.25-0.9,0.0,GARC1,RUS,EMB,embB@P177L,U,{},"{""proportion"": 0.0, ""confidence"": [0.0, 0.7301340512159458], ""p_value"": 1.0, ""contingency"": [[0, 1], [451, 28002]]}",{}
1056,NC00962.3,EMB-0.25-0.9,0.0,GARC1,RUS,EMB,embB@K927E,U,{},"{""proportion"": 0.0, ""confidence"": [0.0, 0.7301340512159458], ""p_value"": 1.0, ""contingency"": [[0, 1], [451, 28002]]}",{}
1057,NC00962.3,EMB-0.25-0.9,0.0,GARC1,RUS,EMB,embA@P164A,U,{},"{""proportion"": 0.0, ""confidence"": [0.0, 0.7301340512159458], ""p_value"": 1.0, ""contingency"": [[0, 1], [451, 28002]]}",{}
1058,NC00962.3,EMB-0.25-0.9,0.0,GARC1,RUS,EMB,embA@L925V,U,{},"{""proportion"": 0.0, ""confidence"": [0.0, 0.7301340512159458], ""p_value"": 1.0, ""contingency"": [[0, 1], [451, 28002]]}",{}
1059,NC00962.3,EMB-0.25-0.9,0.0,GARC1,RUS,EMB,embA@I887T,U,{},"{""proportion"": 0.0, ""confidence"": [0.0, 0.7301340512159458], ""p_value"": 1.0, ""contingency"": [[0, 1], [451, 28002]]}",{}
1060,NC00962.3,EMB-0.25-0.9,0.0,GARC1,RUS,EMB,embA@632_del_tgc,U,{},"{""proportion"": 0.0, ""confidence"": [0.0, 0.7301340512159458], ""p_value"": 1.0, ""contingency"": [[0, 1], [451, 28002]]}",{}
1061,NC00962.3,EMB-0.25-0.9,0.0,GARC1,RUS,EMB,embA@S516C,U,{},"{""proportion"": 0.0, ""confidence"": [0.0, 0.7301340512159458], ""p_value"": 1.0, ""contingency"": [[0, 1], [451, 28002]]}",{}
1062,NC00962.3,EMB-0.25-0.9,0.0,GARC1,RUS,EMB,embA@S516P,U,{},"{""proportion"": 0.0, ""confidence"": [0.0, 0.7301340512159458], ""p_value"": 1.0, ""contingency"": [[0, 1], [451, 28002]]}",{}
1063,NC00962.3,EMB-0.25-0.9,0.0,GARC1,RUS,EMB,embA@L552P,U,{},"{""proportion"": 0.0, ""confidence"": [0.0, 0.7301340512159458], ""p_value"": 1.0, ""contingency"": [[0, 1], [451, 28002]]}",{}
1064,NC00962.3,EMB-0.25-0.9,0.0,GARC1,RUS,EMB,embA@2071_ins_tgg,U,{},"{""proportion"": 0.0, ""confidence"": [0.0, 0.5749693909936535], ""p_value"": 1.0, ""contingency"": [[0, 2], [451, 28002]]}",{}
1065,NC00962.3,EMB-0.25-0.9,0.0,GARC1,RUS,EMB,embA@V31F,U,{},"{""proportion"": 0.0, ""confidence"": [0.0, 0.7301340512159458], ""p_value"": 1.0, ""contingency"": [[0, 1], [451, 28002]]}",{}
1066,NC00962.3,EMB-0.25-0.9,0.0,GARC1,RUS,EMB,embA@A661P,U,{},"{""proportion"": 0.0, ""confidence"": [0.0, 0.7301340512159458], ""p_value"": 1.0, ""contingency"": [[0, 1], [451, 28002]]}",{}
1067,NC00962.3,EMB-0.25-0.9,0.0,GARC1,RUS,EMB,embB@Q516E,U,{},"{""proportion"": 0.0, ""confidence"": [0.0, 0.7301340512159458], ""p_value"": 1.0, ""contingency"": [[0, 1], [451, 28002]]}",{}
1068,NC00962.3,EMB-0.25-0.9,0.0,GARC1,RUS,EMB,embA@A415V,U,{},"{""proportion"": 0.0, ""confidence"": [0.0, 0.7301340512159458], ""p_value"": 1.0, ""contingency"": [[0, 1], [451, 28002]]}",{}
1069,NC00962.3,EMB-0.25-0.9,0.0,GARC1,RUS,EMB,embA@I338L,U,{},"{""proportion"": 0.0, ""confidence"": [0.0, 0.25272359742376316], ""p_value"": 0.21392822265625003, ""contingency"": [[0, 8], [451, 28002]]}",{}
1070,NC00962.3,EMB-0.25-0.9,0.0,GARC1,RUS,EMB,embB@S565G,U,{},"{""proportion"": 0.0, ""confidence"": [0.0, 0.4741955741575127], ""p_value"": 1.0, ""contingency"": [[0, 3], [451, 28002]]}",{}
1071,NC00962.3,EMB-0.25-0.9,0.0,GARC1,RUS,EMB,embA@V317L,U,{},"{""proportion"": 0.0, ""confidence"": [0.0, 0.3511165007651012], ""p_value"": 0.34082031250000006, ""contingency"": [[0, 5], [451, 28002]]}",{}
1072,NC00962.3,EMB-0.25-0.9,0.0,GARC1,RUS,EMB,embB@S325R,U,{},"{""proportion"": 0.0, ""confidence"": [0.0, 0.7301340512159458], ""p_value"": 1.0, ""contingency"": [[0, 1], [451, 28002]]}",{}
1073,NC00962.3,EMB-0.25-0.9,0.0,GARC1,RUS,EMB,embA@A581T,U,{},"{""proportion"": 0.0, ""confidence"": [0.0, 0.5749693909936535], ""p_value"": 1.0, ""contingency"": [[0, 2], [451, 28002]]}",{}
1074,NC00962.3,EMB-0.25-0.9,0.0,GARC1,RUS,EMB,embA@A642G,U,{},"{""proportion"": 0.0, ""confidence"": [0.0, 0.7301340512159458], ""p_value"": 1.0, ""contingency"": [[0, 1], [451, 28002]]}",{}
1075,NC00962.3,EMB-0.25-0.9,0.0,GARC1,RUS,EMB,embB@I284L,U,{},"{""proportion"": 0.0, ""confidence"": [0.0, 0.7301340512159458], ""p_value"": 1.0, ""contingency"": [[0, 1], [451, 28002]]}",{}
1076,NC00962.3,EMB-0.25-0.9,0.0,GARC1,RUS,EMB,embA@P645R,U,{},"{""proportion"": 0.0, ""confidence"": [0.0, 0.5749693909936535], ""p_value"": 1.0, ""contingency"": [[0, 2], [451, 28002]]}",{}
1077,NC00962.3,EMB-0.25-0.9,0.0,GARC1,RUS,EMB,embB@G535S,U,{},"{""proportion"": 0.0, ""confidence"": [0.0, 0.7301340512159458], ""p_value"": 1.0, ""contingency"": [[0, 1], [451, 28002]]}",{}
1078,NC00962.3,EMB-0.25-0.9,0.0,GARC1,RUS,EMB,embB@V717G,U,{},"{""proportion"": 0.0, ""confidence"": [0.0, 0.7301340512159458], ""p_value"": 1.0, ""contingency"": [[0, 1], [451, 28002]]}",{}
1079,NC00962.3,EMB-0.25-0.9,0.0,GARC1,RUS,EMB,embB@N931T,U,{},"{""proportion"": 0.0, ""confidence"": [0.0, 0.31078398130591417], ""p_value"": 0.347412109375, ""contingency"": [[0, 6], [451, 28002]]}",{}
1080,NC00962.3,EMB-0.25-0.9,0.0,GARC1,RUS,EMB,embA@M705T,U,{},"{""proportion"": 0.0, ""confidence"": [0.0, 0.7301340512159458], ""p_value"": 1.0, ""contingency"": [[0, 1], [451, 28002]]}",{}
1081,NC00962.3,EMB-0.25-0.9,0.0,GARC1,RUS,EMB,embB@T964P,U,{},"{""proportion"": 0.0, ""confidence"": [0.0, 0.7301340512159458], ""p_value"": 1.0, ""contingency"": [[0, 1], [451, 28002]]}",{}
1082,NC00962.3,EMB-0.25-0.9,0.0,GARC1,RUS,EMB,embA@S137N,U,{},"{""proportion"": 0.0, ""confidence"": [0.0, 0.7301340512159458], ""p_value"": 1.0, ""contingency"": [[0, 1], [451, 28002]]}",{}
1083,NC00962.3,EMB-0.25-0.9,0.0,GARC1,RUS,EMB,embA@T40P,U,{},"{""proportion"": 0.0, ""confidence"": [0.0, 0.4741955741575127], ""p_value"": 1.0, ""contingency"": [[0, 3], [451, 28002]]}",{}
1084,NC00962.3,EMB-0.25-0.9,0.0,GARC1,RUS,EMB,embB@K561Q,U,{},"{""proportion"": 0.0, ""confidence"": [0.0, 0.7301340512159458], ""p_value"": 1.0, ""contingency"": [[0, 1], [451, 28002]]}",{}
1085,NC00962.3,EMB-0.25-0.9,0.0,GARC1,RUS,EMB,embA@c-50t,U,{},"{""proportion"": 0.0, ""confidence"": [0.0, 0.7301340512159458], ""p_value"": 1.0, ""contingency"": [[0, 1], [451, 28002]]}",{}
1086,NC00962.3,EMB-0.25-0.9,0.0,GARC1,RUS,EMB,embA@V583M,U,{},"{""proportion"": 0.0, ""confidence"": [0.0, 0.7301340512159458], ""p_value"": 1.0, ""contingency"": [[0, 1], [451, 28002]]}",{}
1087,NC00962.3,EMB-0.25-0.9,0.0,GARC1,RUS,EMB,embB@V614I,U,{},"{""proportion"": 0.0, ""confidence"": [0.0, 0.7301340512159458], ""p_value"": 1.0, ""contingency"": [[0, 1], [451, 28002]]}",{}
1088,NC00962.3,EMB-0.25-0.9,0.0,GARC1,RUS,EMB,embA@S514P,U,{},"{""proportion"": 0.0, ""confidence"": [0.0, 0.7301340512159458], ""p_value"": 1.0, ""contingency"": [[0, 1], [451, 28002]]}",{}
1089,NC00962.3,EMB-0.25-0.9,0.0,GARC1,RUS,EMB,embA@M153V,U,{},"{""proportion"": 0.0, ""confidence"": [0.0, 0.7301340512159458], ""p_value"": 1.0, ""contingency"": [[0, 1], [451, 28002]]}",{}
1090,NC00962.3,EMB-0.25-0.9,0.0,GARC1,RUS,EMB,embB@A517T,U,{},"{""proportion"": 0.0, ""confidence"": [0.0, 0.7301340512159458], ""p_value"": 1.0, ""contingency"": [[0, 1], [451, 28002]]}",{}
1091,NC00962.3,EMB-0.25-0.9,0.0,GARC1,RUS,EMB,embB@R700H,U,{},"{""proportion"": 0.0, ""confidence"": [0.0, 0.7301340512159458], ""p_value"": 1.0, ""contingency"": [[0, 1], [451, 28002]]}",{}
1092,NC00962.3,EMB-0.25-0.9,0.0,GARC1,RUS,EMB,embA@L603F,U,{},"{""proportion"": 0.0, ""confidence"": [0.0, 0.7301340512159458], ""p_value"": 1.0, ""contingency"": [[0, 1], [451, 28002]]}",{}
1093,NC00962.3,EMB-0.25-0.9,0.0,GARC1,RUS,EMB,embA@P163L,U,{},"{""proportion"": 0.0, ""confidence"": [0.0, 0.5749693909936535], ""p_value"": 1.0, ""contingency"": [[0, 2], [451, 28002]]}",{}
1094,NC00962.3,EMB-0.25-0.9,0.0,GARC1,RUS,EMB,embA@P861S,U,{},"{""proportion"": 0.0, ""confidence"": [0.0, 0.7301340512159458], ""p_value"": 1.0, ""contingency"": [[0, 1], [451, 28002]]}",{}
1095,NC00962.3,EMB-0.25-0.9,0.0,GARC1,RUS,EMB,embB@F763L,U,{},"{""proportion"": 0.0, ""confidence"": [0.0, 0.7301340512159458], ""p_value"": 1.0, ""contingency"": [[0, 1], [451, 28002]]}",{}
1096,NC00962.3,EMB-0.25-0.9,0.0,GARC1,RUS,EMB,embA@P156L,U,{},"{""proportion"": 0.0, ""confidence"": [0.0, 0.7301340512159458], ""p_value"": 1.0, ""contingency"": [[0, 1], [451, 28002]]}",{}
1097,NC00962.3,EMB-0.25-0.9,0.0,GARC1,RUS,EMB,embB@V668A,U,{},"{""proportion"": 0.0, ""confidence"": [0.0, 0.4741955741575127], ""p_value"": 1.0, ""contingency"": [[0, 3], [451, 28002]]}",{}
1098,NC00962.3,EMB-0.25-0.9,0.0,GARC1,RUS,EMB,embA@F529L,U,{},"{""proportion"": 0.0, ""confidence"": [0.0, 0.4741955741575127], ""p_value"": 1.0, ""contingency"": [[0, 3], [451, 28002]]}",{}
1099,NC00962.3,EMB-0.25-0.9,0.0,GARC1,RUS,EMB,embB@A295T,U,{},"{""proportion"": 0.0, ""confidence"": [0.0, 0.7301340512159458], ""p_value"": 1.0, ""contingency"": [[0, 1], [451, 28002]]}",{}
1100,NC00962.3,EMB-0.25-0.9,0.0,GARC1,RUS,EMB,embB@S973L,U,{},"{""proportion"": 0.0, ""confidence"": [0.0, 0.7301340512159458], ""p_value"": 1.0, ""contingency"": [[0, 1], [451, 28002]]}",{}
1101,NC00962.3,EMB-0.25-0.9,0.0,GARC1,RUS,EMB,embA@A849P,U,{},"{""proportion"": 0.0, ""confidence"": [0.0, 0.7301340512159458], ""p_value"": 1.0, ""contingency"": [[0, 1], [451, 28002]]}",{}
1102,NC00962.3,EMB-0.25-0.9,0.0,GARC1,RUS,EMB,embA@W45G,U,{},"{""proportion"": 0.0, ""confidence"": [0.0, 0.7301340512159458], ""p_value"": 1.0, ""contingency"": [[0, 1], [451, 28002]]}",{}
1103,NC00962.3,EMB-0.25-0.9,0.0,GARC1,RUS,EMB,embB@P866A,U,{},"{""proportion"": 0.0, ""confidence"": [0.0, 0.7301340512159458], ""p_value"": 1.0, ""contingency"": [[0, 1], [451, 28002]]}",{}
1104,NC00962.3,EMB-0.25-0.9,0.0,GARC1,RUS,EMB,embA@P754A,U,{},"{""proportion"": 0.0, ""confidence"": [0.0, 0.7301340512159458], ""p_value"": 1.0, ""contingency"": [[0, 1], [451, 28002]]}",{}
1105,NC00962.3,EMB-0.25-0.9,0.0,GARC1,RUS,EMB,embB@R89H,U,{},"{""proportion"": 0.0, ""confidence"": [0.0, 0.7301340512159458], ""p_value"": 1.0, ""contingency"": [[0, 1], [451, 28002]]}",{}
1106,NC00962.3,EMB-0.25-0.9,0.0,GARC1,RUS,EMB,embB@T732I,U,{},"{""proportion"": 0.0, ""confidence"": [0.0, 0.7301340512159458], ""p_value"": 1.0, ""contingency"": [[0, 1], [451, 28002]]}",{}
1107,NC00962.3,EMB-0.25-0.9,0.0,GARC1,RUS,EMB,embA@L212V,U,{},"{""proportion"": 0.0, ""confidence"": [0.0, 0.7301340512159458], ""p_value"": 1.0, ""contingency"": [[0, 1], [451, 28002]]}",{}
1108,NC00962.3,EMB-0.25-0.9,0.0,GARC1,RUS,EMB,embA@R447G,U,{},"{""proportion"": 0.0, ""confidence"": [0.0, 0.7301340512159458], ""p_value"": 1.0, ""contingency"": [[0, 1], [451, 28002]]}",{}
1109,NC00962.3,EMB-0.25-0.9,0.0,GARC1,RUS,EMB,embB@G34V,U,{},"{""proportion"": 0.0, ""confidence"": [0.0, 0.7301340512159458], ""p_value"": 1.0, ""contingency"": [[0, 1], [451, 28002]]}",{}
1110,NC00962.3,EMB-0.25-0.9,0.0,GARC1,RUS,EMB,embB@G199E,U,{},"{""proportion"": 0.0, ""confidence"": [0.0, 0.7301340512159458], ""p_value"": 1.0, ""contingency"": [[0, 1], [451, 28002]]}",{}
1111,NC00962.3,EMB-0.25-0.9,0.0,GARC1,RUS,EMB,embB@V502L,U,{},"{""proportion"": 0.0, ""confidence"": [0.0, 0.7301340512159458], ""p_value"": 1.0, ""contingency"": [[0, 1], [451, 28002]]}",{}
1112,NC00962.3,EMB-0.25-0.9,0.0,GARC1,RUS,EMB,embB@G923E,U,{},"{""proportion"": 0.0, ""confidence"": [0.0, 0.7301340512159458], ""p_value"": 1.0, ""contingency"": [[0, 1], [451, 28002]]}",{}
1113,NC00962.3,EMB-0.25-0.9,0.0,GARC1,RUS,EMB,embB@A232E,U,{},"{""proportion"": 0.0, ""confidence"": [0.0, 0.5749693909936535], ""p_value"": 1.0, ""contingency"": [[0, 2], [451, 28002]]}",{}
1114,NC00962.3,EMB-0.25-0.9,0.0,GARC1,RUS,EMB,embB@G1092A,U,{},"{""proportion"": 0.0, ""confidence"": [0.0, 0.7301340512159458], ""p_value"": 1.0, ""contingency"": [[0, 1], [451, 28002]]}",{}
1115,NC00962.3,EMB-0.25-0.9,0.0,GARC1,RUS,EMB,embA@-23_del_cg,U,{},"{""proportion"": 0.0, ""confidence"": [0.0, 0.7301340512159458], ""p_value"": 1.0, ""contingency"": [[0, 1], [451, 28002]]}",{}
1116,NC00962.3,EMB-0.25-0.9,0.0,GARC1,RUS,EMB,embB@A102V,U,{},"{""proportion"": 0.0, ""confidence"": [0.0, 0.7301340512159458], ""p_value"": 1.0, ""contingency"": [[0, 1], [451, 28002]]}",{}
1117,NC00962.3,EMB-0.25-0.9,0.0,GARC1,RUS,EMB,embA@c-29t,U,{},"{""proportion"": 0.0, ""confidence"": [0.0, 0.5749693909936535], ""p_value"": 1.0, ""contingency"": [[0, 2], [451, 28002]]}",{}
1118,NC00962.3,EMB-0.25-0.9,0.0,GARC1,RUS,EMB,embB@G846S,U,{},"{""proportion"": 0.0, ""confidence"": [0.0, 0.7301340512159458], ""p_value"": 1.0, ""contingency"": [[0, 1], [451, 28002]]}",{}
1119,NC00962.3,EMB-0.25-0.9,0.0,GARC1,RUS,EMB,embB@S66N,U,{},"{""proportion"": 0.0, ""confidence"": [0.0, 0.7301340512159458], ""p_value"": 1.0, ""contingency"": [[0, 1], [451, 28002]]}",{}
1120,NC00962.3,EMB-0.25-0.9,0.0,GARC1,RUS,EMB,embB@L638S,U,{},"{""proportion"": 0.0, ""confidence"": [0.0, 0.7301340512159458], ""p_value"": 1.0, ""contingency"": [[0, 1], [451, 28002]]}",{}
1121,NC00962.3,EMB-0.25-0.9,0.0,GARC1,RUS,EMB,embB@G891E,U,{},"{""proportion"": 0.0, ""confidence"": [0.0, 0.7301340512159458], ""p_value"": 1.0, ""contingency"": [[0, 1], [451, 28002]]}",{}
1122,NC00962.3,EMB-0.25-0.9,0.0,GARC1,RUS,EMB,embA@G200S,U,{},"{""proportion"": 0.0, ""confidence"": [0.0, 0.7301340512159458], ""p_value"": 1.0, ""contingency"": [[0, 1], [451, 28002]]}",{}
1123,NC00962.3,EMB-0.25-0.9,0.0,GARC1,RUS,EMB,embB@A567T,U,{},"{""proportion"": 0.0, ""confidence"": [0.0, 0.7301340512159458], ""p_value"": 1.0, ""contingency"": [[0, 1], [451, 28002]]}",{}
1124,NC00962.3,EMB-0.25-0.9,0.0,GARC1,RUS,EMB,embB@E924K,U,{},"{""proportion"": 1.0, ""confidence"": [0.26986594878405434, 1.0000000000000002], ""p_value"": 0.25, ""contingency"": [[1, 0], [451, 28002]]}",{}
1125,NC00962.3,EMB-0.25-0.9,0.0,GARC1,RUS,EMB,embB@V842I,U,{},"{""proportion"": 0.0, ""confidence"": [0.0, 0.7301340512159458], ""p_value"": 1.0, ""contingency"": [[0, 1], [451, 28002]]}",{}
1126,NC00962.3,EMB-0.25-0.9,0.0,GARC1,RUS,EMB,embA@V246G,U,{},"{""proportion"": 0.0, ""confidence"": [0.0, 0.5749693909936535], ""p_value"": 1.0, ""contingency"": [[0, 2], [451, 28002]]}",{}
1127,NC00962.3,EMB-0.25-0.9,0.0,GARC1,RUS,EMB,embA@D669Y,U,{},"{""proportion"": 0.0, ""confidence"": [0.0, 0.7301340512159458], ""p_value"": 1.0, ""contingency"": [[0, 1], [451, 28002]]}",{}
1128,NC00962.3,EMB-0.25-0.9,0.0,GARC1,RUS,EMB,embA@R241H,U,{},"{""proportion"": 0.0, ""confidence"": [0.0, 0.7301340512159458], ""p_value"": 1.0, ""contingency"": [[0, 1], [451, 28002]]}",{}
1129,NC00962.3,EMB-0.25-0.9,0.0,GARC1,RUS,EMB,embB@A431P,U,{},"{""proportion"": 0.0, ""confidence"": [0.0, 0.7301340512159458], ""p_value"": 1.0, ""contingency"": [[0, 1], [451, 28002]]}",{}
1130,NC00962.3,EMB-0.25-0.9,0.0,GARC1,RUS,EMB,embA@-43_del_g,U,{},"{""proportion"": 0.0, ""confidence"": [0.0, 0.7301340512159458], ""p_value"": 1.0, ""contingency"": [[0, 1], [451, 28002]]}",{}
1131,NC00962.3,EMB-0.25-0.9,0.0,GARC1,RUS,EMB,embB@L754R,U,{},"{""proportion"": 0.0, ""confidence"": [0.0, 0.5749693909936535], ""p_value"": 1.0, ""contingency"": [[0, 2], [451, 28002]]}",{}
1132,NC00962.3,EMB-0.25-0.9,0.0,GARC1,RUS,EMB,embA@K789Q,U,{},"{""proportion"": 0.0, ""confidence"": [0.0, 0.7301340512159458], ""p_value"": 1.0, ""contingency"": [[0, 1], [451, 28002]]}",{}
1133,NC00962.3,EMB-0.25-0.9,0.0,GARC1,RUS,EMB,embA@A409E,U,{},"{""proportion"": 0.0, ""confidence"": [0.0, 0.7301340512159458], ""p_value"": 1.0, ""contingency"": [[0, 1], [451, 28002]]}",{}
1134,NC00962.3,EMB-0.25-0.9,0.0,GARC1,RUS,EMB,embA@T652K,U,{},"{""proportion"": 0.0, ""confidence"": [0.0, 0.5749693909936535], ""p_value"": 1.0, ""contingency"": [[0, 2], [451, 28002]]}",{}
1135,NC00962.3,EMB-0.25-0.9,0.0,GARC1,RUS,EMB,embA@D865E,U,{},"{""proportion"": 0.0, ""confidence"": [0.0, 0.7301340512159458], ""p_value"": 1.0, ""contingency"": [[0, 1], [451, 28002]]}",{}
1136,NC00962.3,EMB-0.25-0.9,0.0,GARC1,RUS,EMB,embA@G759E,U,{},"{""proportion"": 0.0, ""confidence"": [0.0, 0.7301340512159458], ""p_value"": 1.0, ""contingency"": [[0, 1], [451, 28002]]}",{}
1137,NC00962.3,EMB-0.25-0.9,0.0,GARC1,RUS,EMB,embA@G247R,U,{},"{""proportion"": 0.0, ""confidence"": [0.0, 0.7301340512159458], ""p_value"": 1.0, ""contingency"": [[0, 1], [451, 28002]]}",{}
1138,NC00962.3,EMB-0.25-0.9,0.0,GARC1,RUS,EMB,embB@L974M,U,{},"{""proportion"": 0.0, ""confidence"": [0.0, 0.7301340512159458], ""p_value"": 1.0, ""contingency"": [[0, 1], [451, 28002]]}",{}
1139,NC00962.3,EMB-0.25-0.9,0.0,GARC1,RUS,EMB,embB@P616S,U,{},"{""proportion"": 0.0, ""confidence"": [0.0, 0.7301340512159458], ""p_value"": 1.0, ""contingency"": [[0, 1], [451, 28002]]}",{}
1140,NC00962.3,EMB-0.25-0.9,0.0,GARC1,RUS,EMB,embB@V309F,U,{},"{""proportion"": 0.0, ""confidence"": [0.0, 0.7301340512159458], ""p_value"": 1.0, ""contingency"": [[0, 1], [451, 28002]]}",{}
1141,NC00962.3,EMB-0.25-0.9,0.0,GARC1,RUS,EMB,embA@I655M,U,{},"{""proportion"": 0.0, ""confidence"": [0.0, 0.7301340512159458], ""p_value"": 1.0, ""contingency"": [[0, 1], [451, 28002]]}",{}
1142,NC00962.3,EMB-0.25-0.9,0.0,GARC1,RUS,EMB,embA@-35_del_a,U,{},"{""proportion"": 0.5, ""confidence"": [0.12086631942227369, 0.8791336805777263], ""p_value"": 0.4375, ""contingency"": [[1, 1], [451, 28002]]}",{}
1143,NC00962.3,EMB-0.25-0.9,0.0,GARC1,RUS,EMB,embB@I450S,U,{},"{""proportion"": 0.0, ""confidence"": [0.0, 0.7301340512159458], ""p_value"": 1.0, ""contingency"": [[0, 1], [451, 28002]]}",{}
1144,NC00962.3,EMB-0.25-0.9,0.0,GARC1,RUS,EMB,embA@G543R,U,{},"{""proportion"": 0.0, ""confidence"": [0.0, 0.7301340512159458], ""p_value"": 1.0, ""contingency"": [[0, 1], [451, 28002]]}",{}
1145,NC00962.3,EMB-0.25-0.9,0.0,GARC1,RUS,EMB,embB@G175S,U,{},"{""proportion"": 0.0, ""confidence"": [0.0, 0.7301340512159458], ""p_value"": 1.0, ""contingency"": [[0, 1], [451, 28002]]}",{}
1146,NC00962.3,EMB-0.25-0.9,0.0,GARC1,RUS,EMB,embB@G486A,U,{},"{""proportion"": 0.0, ""confidence"": [0.0, 0.7301340512159458], ""p_value"": 1.0, ""contingency"": [[0, 1], [451, 28002]]}",{}
1147,NC00962.3,EMB-0.25-0.9,0.0,GARC1,RUS,EMB,embB@G851R,U,{},"{""proportion"": 0.0, ""confidence"": [0.0, 0.7301340512159458], ""p_value"": 1.0, ""contingency"": [[0, 1], [451, 28002]]}",{}
1148,NC00962.3,EMB-0.25-0.9,0.0,GARC1,RUS,EMB,embB@W1089R,U,{},"{""proportion"": 0.0, ""confidence"": [0.0, 0.7301340512159458], ""p_value"": 1.0, ""contingency"": [[0, 1], [451, 28002]]}",{}
1149,NC00962.3,EMB-0.25-0.9,0.0,GARC1,RUS,EMB,embB@F115S,U,{},"{""proportion"": 0.0, ""confidence"": [0.0, 0.7301340512159458], ""p_value"": 1.0, ""contingency"": [[0, 1], [451, 28002]]}",{}
1150,NC00962.3,EMB-0.25-0.9,0.0,GARC1,RUS,EMB,embA@R1091G,U,{},"{""proportion"": 0.0, ""confidence"": [0.0, 0.7301340512159458], ""p_value"": 1.0, ""contingency"": [[0, 1], [451, 28002]]}",{}
1151,NC00962.3,EMB-0.25-0.9,0.0,GARC1,RUS,EMB,embA@-36_del_ca,U,{},"{""proportion"": 0.0, ""confidence"": [0.0, 0.7301340512159458], ""p_value"": 1.0, ""contingency"": [[0, 1], [451, 28002]]}",{}
1152,NC00962.3,EMB-0.25-0.9,0.0,GARC1,RUS,EMB,embA@W372G,U,{},"{""proportion"": 0.0, ""confidence"": [0.0, 0.7301340512159458], ""p_value"": 1.0, ""contingency"": [[0, 1], [451, 28002]]}",{}
1153,NC00962.3,EMB-0.25-0.9,0.0,GARC1,RUS,EMB,embA@D808A,U,{},"{""proportion"": 0.0, ""confidence"": [0.0, 0.7301340512159458], ""p_value"": 1.0, ""contingency"": [[0, 1], [451, 28002]]}",{}
1154,NC00962.3,EMB-0.25-0.9,0.0,GARC1,RUS,EMB,embA@L277V,U,{},"{""proportion"": 0.0, ""confidence"": [0.0, 0.7301340512159458], ""p_value"": 1.0, ""contingency"": [[0, 1], [451, 28002]]}",{}
1155,NC00962.3,EMB-0.25-0.9,0.0,GARC1,RUS,EMB,embB@L17S,U,{},"{""proportion"": 0.0, ""confidence"": [0.0, 0.7301340512159458], ""p_value"": 1.0, ""contingency"": [[0, 1], [451, 28002]]}",{}
1156,NC00962.3,EMB-0.25-0.9,0.0,GARC1,RUS,EMB,embA@G530A,U,{},"{""proportion"": 0.0, ""confidence"": [0.0, 0.7301340512159458], ""p_value"": 1.0, ""contingency"": [[0, 1], [451, 28002]]}",{}
1157,NC00962.3,EMB-0.25-0.9,0.0,GARC1,RUS,EMB,embA@V468A,U,{},"{""proportion"": 0.0, ""confidence"": [0.0, 0.7301340512159458], ""p_value"": 1.0, ""contingency"": [[0, 1], [451, 28002]]}",{}
1158,NC00962.3,EMB-0.25-0.9,0.0,GARC1,RUS,EMB,embA@M218I,U,{},"{""proportion"": 0.0, ""confidence"": [0.0, 0.7301340512159458], ""p_value"": 1.0, ""contingency"": [[0, 1], [451, 28002]]}",{}
1159,NC00962.3,EMB-0.25-0.9,0.0,GARC1,RUS,EMB,embA@P2L,U,{},"{""proportion"": 0.0, ""confidence"": [0.0, 0.31078398130591417], ""p_value"": 0.347412109375, ""contingency"": [[0, 6], [451, 28002]]}",{}
1160,NC00962.3,EMB-0.25-0.9,0.0,GARC1,RUS,EMB,embB@S1086N,U,{},"{""proportion"": 0.0, ""confidence"": [0.0, 0.7301340512159458], ""p_value"": 1.0, ""contingency"": [[0, 1], [451, 28002]]}",{}
1161,NC00962.3,EMB-0.25-0.9,0.0,GARC1,RUS,EMB,embB@G694S,U,{},"{""proportion"": 0.0, ""confidence"": [0.0, 0.5749693909936535], ""p_value"": 1.0, ""contingency"": [[0, 2], [451, 28002]]}",{}
1162,NC00962.3,EMB-0.25-0.9,0.0,GARC1,RUS,EMB,embA@L868R,U,{},"{""proportion"": 0.0, ""confidence"": [0.0, 0.7301340512159458], ""p_value"": 1.0, ""contingency"": [[0, 1], [451, 28002]]}",{}
1163,NC00962.3,EMB-0.25-0.9,0.0,GARC1,RUS,EMB,embB@A94T,U,{},"{""proportion"": 0.0, ""confidence"": [0.0, 0.5749693909936535], ""p_value"": 1.0, ""contingency"": [[0, 2], [451, 28002]]}",{}
1164,NC00962.3,EMB-0.25-0.9,0.0,GARC1,RUS,EMB,embA@G755V,U,{},"{""proportion"": 0.0, ""confidence"": [0.0, 0.7301340512159458], ""p_value"": 1.0, ""contingency"": [[0, 1], [451, 28002]]}",{}
1165,NC00962.3,EMB-0.25-0.9,0.0,GARC1,RUS,EMB,embA@D52N,U,{},"{""proportion"": 0.0, ""confidence"": [0.0, 0.7301340512159458], ""p_value"": 1.0, ""contingency"": [[0, 1], [451, 28002]]}",{}
1166,NC00962.3,EMB-0.25-0.9,0.0,GARC1,RUS,EMB,embA@-5_del_g,U,{},"{""proportion"": 0.0, ""confidence"": [0.0, 0.7301340512159458], ""p_value"": 1.0, ""contingency"": [[0, 1], [451, 28002]]}",{}
1167,NC00962.3,EMB-0.25-0.9,0.0,GARC1,RUS,EMB,embA@G530E,U,{},"{""proportion"": 0.0, ""confidence"": [0.0, 0.7301340512159458], ""p_value"": 1.0, ""contingency"": [[0, 1], [451, 28002]]}",{}
1168,NC00962.3,EMB-0.25-0.9,0.0,GARC1,RUS,EMB,embA@L417R,U,{},"{""proportion"": 0.0, ""confidence"": [0.0, 0.7301340512159458], ""p_value"": 1.0, ""contingency"": [[0, 1], [451, 28002]]}",{}
1169,NC00962.3,EMB-0.25-0.9,0.0,GARC1,RUS,EMB,embB@S6R,U,{},"{""proportion"": 0.0, ""confidence"": [0.0, 0.40347862520270455], ""p_value"": 0.578125, ""contingency"": [[0, 4], [451, 28002]]}",{}
1170,NC00962.3,EMB-0.25-0.9,0.0,GARC1,RUS,EMB,embB@A601V,U,{},"{""proportion"": 0.0, ""confidence"": [0.0, 0.7301340512159458], ""p_value"": 1.0, ""contingency"": [[0, 1], [451, 28002]]}",{}
1171,NC00962.3,EMB-0.25-0.9,0.0,GARC1,RUS,EMB,embB@R1055H,U,{},"{""proportion"": 0.0, ""confidence"": [0.0, 0.7301340512159458], ""p_value"": 1.0, ""contingency"": [[0, 1], [451, 28002]]}",{}
1172,NC00962.3,EMB-0.25-0.9,0.0,GARC1,RUS,EMB,embB@T205A,U,{},"{""proportion"": 0.0, ""confidence"": [0.0, 0.31078398130591417], ""p_value"": 0.347412109375, ""contingency"": [[0, 6], [451, 28002]]}",{}
1173,NC00962.3,EMB-0.25-0.9,0.0,GARC1,RUS,EMB,embA@V19I,U,{},"{""proportion"": 0.0, ""confidence"": [0.0, 0.5749693909936535], ""p_value"": 1.0, ""contingency"": [[0, 2], [451, 28002]]}",{}
1174,NC00962.3,EMB-0.25-0.9,0.0,GARC1,RUS,EMB,embA@H598R,U,{},"{""proportion"": 0.0, ""confidence"": [0.0, 0.4741955741575127], ""p_value"": 1.0, ""contingency"": [[0, 3], [451, 28002]]}",{}
1175,NC00962.3,EMB-0.25-0.9,0.0,GARC1,RUS,EMB,embA@L656F,U,{},"{""proportion"": 0.0, ""confidence"": [0.0, 0.7301340512159458], ""p_value"": 1.0, ""contingency"": [[0, 1], [451, 28002]]}",{}
1176,NC00962.3,EMB-0.25-0.9,0.0,GARC1,RUS,EMB,embA@-42_del_cat,U,{},"{""proportion"": 1.0, ""confidence"": [0.26986594878405434, 1.0000000000000002], ""p_value"": 0.25, ""contingency"": [[1, 0], [451, 28002]]}",{}
1177,NC00962.3,EMB-0.25-0.9,0.0,GARC1,RUS,EMB,embB@A228V,U,{},"{""proportion"": 0.0, ""confidence"": [0.0, 0.7301340512159458], ""p_value"": 1.0, ""contingency"": [[0, 1], [451, 28002]]}",{}
1178,NC00962.3,EMB-0.25-0.9,0.0,GARC1,RUS,EMB,embA@F1030L,U,{},"{""proportion"": 0.0, ""confidence"": [0.0, 0.7301340512159458], ""p_value"": 1.0, ""contingency"": [[0, 1], [451, 28002]]}",{}
1179,NC00962.3,EMB-0.25-0.9,0.0,GARC1,RUS,EMB,embB@V436A,U,{},"{""proportion"": 0.0, ""confidence"": [0.0, 0.7301340512159458], ""p_value"": 1.0, ""contingency"": [[0, 1], [451, 28002]]}",{}
1180,NC00962.3,EMB-0.25-0.9,0.0,GARC1,RUS,EMB,embA@V283G,U,{},"{""proportion"": 0.0, ""confidence"": [0.0, 0.5749693909936535], ""p_value"": 1.0, ""contingency"": [[0, 2], [451, 28002]]}",{}
1181,NC00962.3,EMB-0.25-0.9,0.0,GARC1,RUS,EMB,embB@L837R,U,{},"{""proportion"": 0.0, ""confidence"": [0.0, 0.7301340512159458], ""p_value"": 1.0, ""contingency"": [[0, 1], [451, 28002]]}",{}
1182,NC00962.3,EMB-0.25-0.9,0.0,GARC1,RUS,EMB,embA@V541G,U,{},"{""proportion"": 0.0, ""confidence"": [0.0, 0.7301340512159458], ""p_value"": 1.0, ""contingency"": [[0, 1], [451, 28002]]}",{}
1183,NC00962.3,EMB-0.25-0.9,0.0,GARC1,RUS,EMB,embA@-33_del_cg,U,{},"{""proportion"": 0.0, ""confidence"": [0.0, 0.5749693909936535], ""p_value"": 1.0, ""contingency"": [[0, 2], [451, 28002]]}",{}
1184,NC00962.3,EMB-0.25-0.9,0.0,GARC1,RUS,EMB,embA@D112H,U,{},"{""proportion"": 0.0, ""confidence"": [0.0, 0.4741955741575127], ""p_value"": 1.0, ""contingency"": [[0, 3], [451, 28002]]}",{}
1185,NC00962.3,EMB-0.25-0.9,0.0,GARC1,RUS,EMB,embA@S842N,U,{},"{""proportion"": 0.0, ""confidence"": [0.0, 0.7301340512159458], ""p_value"": 1.0, ""contingency"": [[0, 1], [451, 28002]]}",{}
1186,NC00962.3,EMB-0.25-0.9,0.0,GARC1,RUS,EMB,embB@S658R,U,{},"{""proportion"": 0.0, ""confidence"": [0.0, 0.7301340512159458], ""p_value"": 1.0, ""contingency"": [[0, 1], [451, 28002]]}",{}
1187,NC00962.3,EMB-0.25-0.9,0.0,GARC1,RUS,EMB,embB@S422P,U,{},"{""proportion"": 0.0, ""confidence"": [0.0, 0.7301340512159458], ""p_value"": 1.0, ""contingency"": [[0, 1], [451, 28002]]}",{}
1188,NC00962.3,EMB-0.25-0.9,0.0,GARC1,RUS,EMB,embA@L314P,U,{},"{""proportion"": 0.0, ""confidence"": [0.0, 0.7301340512159458], ""p_value"": 1.0, ""contingency"": [[0, 1], [451, 28002]]}",{}
1189,NC00962.3,EMB-0.25-0.9,0.0,GARC1,RUS,EMB,embB@L971M,U,{},"{""proportion"": 0.0, ""confidence"": [0.0, 0.7301340512159458], ""p_value"": 1.0, ""contingency"": [[0, 1], [451, 28002]]}",{}
1190,NC00962.3,EMB-0.25-0.9,0.0,GARC1,RUS,EMB,embB@A716P,U,{},"{""proportion"": 0.0, ""confidence"": [0.0, 0.7301340512159458], ""p_value"": 1.0, ""contingency"": [[0, 1], [451, 28002]]}",{}
1191,NC00962.3,EMB-0.25-0.9,0.0,GARC1,RUS,EMB,embB@M1049I,U,{},"{""proportion"": 0.0, ""confidence"": [0.0, 0.7301340512159458], ""p_value"": 1.0, ""contingency"": [[0, 1], [451, 28002]]}",{}
1192,NC00962.3,EMB-0.25-0.9,0.0,GARC1,RUS,EMB,embB@2617_ins_cgctgg,U,{},"{""proportion"": 0.0, ""confidence"": [0.0, 0.7301340512159458], ""p_value"": 1.0, ""contingency"": [[0, 1], [451, 28002]]}",{}
1193,NC00962.3,EMB-0.25-0.9,0.0,GARC1,RUS,EMB,embB@1060_ins_acc,U,{},"{""proportion"": 0.0, ""confidence"": [0.0, 0.7301340512159458], ""p_value"": 1.0, ""contingency"": [[0, 1], [451, 28002]]}",{}
1194,NC00962.3,EMB-0.25-0.9,0.0,GARC1,RUS,EMB,embB@D280Y,U,{},"{""proportion"": 1.0, ""confidence"": [0.26986594878405434, 1.0000000000000002], ""p_value"": 0.25, ""contingency"": [[1, 0], [451, 28002]]}",{}
1195,NC00962.3,EMB-0.25-0.9,0.0,GARC1,RUS,EMB,embB@V360L,U,{},"{""proportion"": 0.0, ""confidence"": [0.0, 0.7301340512159458], ""p_value"": 1.0, ""contingency"": [[0, 1], [451, 28002]]}",{}
1196,NC00962.3,EMB-0.25-0.9,0.0,GARC1,RUS,EMB,embB@T897P,U,{},"{""proportion"": 0.0, ""confidence"": [0.0, 0.7301340512159458], ""p_value"": 1.0, ""contingency"": [[0, 1], [451, 28002]]}",{}
1197,NC00962.3,EMB-0.25-0.9,0.0,GARC1,RUS,EMB,embB@K561N,U,{},"{""proportion"": 0.0, ""confidence"": [0.0, 0.7301340512159458], ""p_value"": 1.0, ""contingency"": [[0, 1], [451, 28002]]}",{}
1198,NC00962.3,EMB-0.25-0.9,0.0,GARC1,RUS,EMB,embA@G180E,U,{},"{""proportion"": 0.0, ""confidence"": [0.0, 0.7301340512159458], ""p_value"": 1.0, ""contingency"": [[0, 1], [451, 28002]]}",{}
1199,NC00962.3,EMB-0.25-0.9,0.0,GARC1,RUS,EMB,embB@A386T,U,{},"{""proportion"": 0.0, ""confidence"": [0.0, 0.7301340512159458], ""p_value"": 1.0, ""contingency"": [[0, 1], [451, 28002]]}",{}
1200,NC00962.3,EMB-0.25-0.9,0.0,GARC1,RUS,EMB,embA@T1080P,U,{},"{""proportion"": 1.0, ""confidence"": [0.26986594878405434, 1.0000000000000002], ""p_value"": 0.25, ""contingency"": [[1, 0], [451, 28002]]}",{}
1201,NC00962.3,EMB-0.25-0.9,0.0,GARC1,RUS,EMB,embA@H10N,U,{},"{""proportion"": 0.0, ""confidence"": [0.0, 0.7301340512159458], ""p_value"": 1.0, ""contingency"": [[0, 1], [451, 28002]]}",{}
1202,NC00962.3,EMB-0.25-0.9,0.0,GARC1,RUS,EMB,embB@A409P,U,{},"{""proportion"": 0.5, ""confidence"": [0.12086631942227369, 0.8791336805777263], ""p_value"": 0.4375, ""contingency"": [[1, 1], [451, 28002]]}",{}
1203,NC00962.3,EMB-0.25-0.9,0.0,GARC1,RUS,EMB,embB@T532I,U,{},"{""proportion"": 0.0, ""confidence"": [0.0, 0.7301340512159458], ""p_value"": 1.0, ""contingency"": [[0, 1], [451, 28002]]}",{}
1204,NC00962.3,EMB-0.25-0.9,0.0,GARC1,RUS,EMB,embB@T75P,U,{},"{""proportion"": 0.0, ""confidence"": [0.0, 0.7301340512159458], ""p_value"": 1.0, ""contingency"": [[0, 1], [451, 28002]]}",{}
1205,NC00962.3,EMB-0.25-0.9,0.0,GARC1,RUS,EMB,embA@G814R,U,{},"{""proportion"": 0.0, ""confidence"": [0.0, 0.7301340512159458], ""p_value"": 1.0, ""contingency"": [[0, 1], [451, 28002]]}",{}
1206,NC00962.3,EMB-0.25-0.9,0.0,GARC1,RUS,EMB,embA@M515T,U,{},"{""proportion"": 0.0, ""confidence"": [0.0, 0.7301340512159458], ""p_value"": 1.0, ""contingency"": [[0, 1], [451, 28002]]}",{}
1207,NC00962.3,EMB-0.25-0.9,0.0,GARC1,RUS,EMB,embA@T652R,U,{},"{""proportion"": 0.0, ""confidence"": [0.0, 0.7301340512159458], ""p_value"": 1.0, ""contingency"": [[0, 1], [451, 28002]]}",{}
1208,NC00962.3,EMB-0.25-0.9,0.0,GARC1,RUS,EMB,embB@I407T,U,{},"{""proportion"": 0.0, ""confidence"": [0.0, 0.7301340512159458], ""p_value"": 1.0, ""contingency"": [[0, 1], [451, 28002]]}",{}
1209,NC00962.3,EMB-0.25-0.9,0.0,GARC1,RUS,EMB,embB@V493G,U,{},"{""proportion"": 1.0, ""confidence"": [0.26986594878405434, 1.0000000000000002], ""p_value"": 0.25, ""contingency"": [[1, 0], [451, 28002]]}",{}
1210,NC00962.3,EMB-0.25-0.9,0.0,GARC1,RUS,EMB,embA@T193A,U,{},"{""proportion"": 0.0, ""confidence"": [0.0, 0.7301340512159458], ""p_value"": 1.0, ""contingency"": [[0, 1], [451, 28002]]}",{}
1211,NC00962.3,EMB-0.25-0.9,0.0,GARC1,RUS,EMB,embB@P969S,U,{},"{""proportion"": 0.0, ""confidence"": [0.0, 0.7301340512159458], ""p_value"": 1.0, ""contingency"": [[0, 1], [451, 28002]]}",{}
1212,NC00962.3,EMB-0.25-0.9,0.0,GARC1,RUS,EMB,embB@T501K,U,{},"{""proportion"": 0.0, ""confidence"": [0.0, 0.7301340512159458], ""p_value"": 1.0, ""contingency"": [[0, 1], [451, 28002]]}",{}
1213,NC00962.3,EMB-0.25-0.9,0.0,GARC1,RUS,EMB,embA@R234H,U,{},"{""proportion"": 0.0, ""confidence"": [0.0, 0.7301340512159458], ""p_value"": 1.0, ""contingency"": [[0, 1], [451, 28002]]}",{}
1214,NC00962.3,EMB-0.25-0.9,0.0,GARC1,RUS,EMB,embA@V770I,U,{},"{""proportion"": 1.0, ""confidence"": [0.26986594878405434, 1.0000000000000002], ""p_value"": 0.25, ""contingency"": [[1, 0], [451, 28002]]}",{}
1215,NC00962.3,EMB-0.25-0.9,0.0,GARC1,RUS,EMB,embB@G745D,U,{},"{""proportion"": 0.0, ""confidence"": [0.0, 0.7301340512159458], ""p_value"": 1.0, ""contingency"": [[0, 1], [451, 28002]]}",{}
1216,NC00962.3,EMB-0.25-0.9,0.0,GARC1,RUS,EMB,embA@C76G,U,{},"{""proportion"": 0.0, ""confidence"": [0.0, 0.7301340512159458], ""p_value"": 1.0, ""contingency"": [[0, 1], [451, 28002]]}",{}
1217,NC00962.3,EMB-0.25-0.9,0.0,GARC1,RUS,EMB,embB@P785S,U,{},"{""proportion"": 0.0, ""confidence"": [0.0, 0.7301340512159458], ""p_value"": 1.0, ""contingency"": [[0, 1], [451, 28002]]}",{}
1218,NC00962.3,EMB-0.25-0.9,0.0,GARC1,RUS,EMB,embA@g-43a,U,{},"{""proportion"": 0.0, ""confidence"": [0.0, 0.7301340512159458], ""p_value"": 1.0, ""contingency"": [[0, 1], [451, 28002]]}",{}
1219,NC00962.3,EMB-0.25-0.9,0.0,GARC1,RUS,EMB,embB@T157A,U,{},"{""proportion"": 0.0, ""confidence"": [0.0, 0.7301340512159458], ""p_value"": 1.0, ""contingency"": [[0, 1], [451, 28002]]}",{}
1220,NC00962.3,EMB-0.25-0.9,0.0,GARC1,RUS,EMB,embB@V593M,U,{},"{""proportion"": 0.5, ""confidence"": [0.12086631942227369, 0.8791336805777263], ""p_value"": 0.4375, ""contingency"": [[1, 1], [451, 28002]]}",{}
1221,NC00962.3,EMB-0.25-0.9,0.0,GARC1,RUS,EMB,embA@A422P,U,{},"{""proportion"": 0.0, ""confidence"": [0.0, 0.7301340512159458], ""p_value"": 1.0, ""contingency"": [[0, 1], [451, 28002]]}",{}
1222,NC00962.3,EMB-0.25-0.9,0.0,GARC1,RUS,EMB,embB@A485T,U,{},"{""proportion"": 0.0, ""confidence"": [0.0, 0.7301340512159458], ""p_value"": 1.0, ""contingency"": [[0, 1], [451, 28002]]}",{}
1223,NC00962.3,EMB-0.25-0.9,0.0,GARC1,RUS,EMB,embA@G585S,U,{},"{""proportion"": 0.0, ""confidence"": [0.0, 0.7301340512159458], ""p_value"": 1.0, ""contingency"": [[0, 1], [451, 28002]]}",{}
1224,NC00962.3,EMB-0.25-0.9,0.0,GARC1,RUS,EMB,embB@E138A,U,{},"{""proportion"": 0.0, ""confidence"": [0.0, 0.7301340512159458], ""p_value"": 1.0, ""contingency"": [[0, 1], [451, 28002]]}",{}
1225,NC00962.3,EMB-0.25-0.9,0.0,GARC1,RUS,EMB,embB@A439T,U,{},"{""proportion"": 0.0, ""confidence"": [0.0, 0.7301340512159458], ""p_value"": 1.0, ""contingency"": [[0, 1], [451, 28002]]}",{}
1226,NC00962.3,EMB-0.25-0.9,0.0,GARC1,RUS,EMB,embA@I905T,U,{},"{""proportion"": 0.0, ""confidence"": [0.0, 0.4741955741575127], ""p_value"": 1.0, ""contingency"": [[0, 3], [451, 28002]]}",{}
1227,NC00962.3,EMB-0.25-0.9,0.0,GARC1,RUS,EMB,embB@S615C,U,{},"{""proportion"": 1.0, ""confidence"": [0.26986594878405434, 1.0000000000000002], ""p_value"": 0.25, ""contingency"": [[1, 0], [451, 28002]]}",{}
1228,NC00962.3,EMB-0.25-0.9,0.0,GARC1,RUS,EMB,embA@T392K,U,{},"{""proportion"": 0.0, ""confidence"": [0.0, 0.5749693909936535], ""p_value"": 1.0, ""contingency"": [[0, 2], [451, 28002]]}",{}
1229,NC00962.3,EMB-0.25-0.9,0.0,GARC1,RUS,EMB,embA@R862H,U,{},"{""proportion"": 0.0, ""confidence"": [0.0, 0.7301340512159458], ""p_value"": 1.0, ""contingency"": [[0, 1], [451, 28002]]}",{}
1230,NC00962.3,EMB-0.25-0.9,0.0,GARC1,RUS,EMB,embB@P375R,U,{},"{""proportion"": 0.0, ""confidence"": [0.0, 0.7301340512159458], ""p_value"": 1.0, ""contingency"": [[0, 1], [451, 28002]]}",{}
1231,NC00962.3,EMB-0.25-0.9,0.0,GARC1,RUS,EMB,embA@P867L,U,{},"{""proportion"": 0.0, ""confidence"": [0.0, 0.7301340512159458], ""p_value"": 1.0, ""contingency"": [[0, 1], [451, 28002]]}",{}
1232,NC00962.3,EMB-0.25-0.9,0.0,GARC1,RUS,EMB,embB@L1070R,U,{},"{""proportion"": 0.0, ""confidence"": [0.0, 0.7301340512159458], ""p_value"": 1.0, ""contingency"": [[0, 1], [451, 28002]]}",{}
1233,NC00962.3,EMB-0.25-0.9,0.0,GARC1,RUS,EMB,embB@P1075R,U,{},"{""proportion"": 0.0, ""confidence"": [0.0, 0.7301340512159458], ""p_value"": 1.0, ""contingency"": [[0, 1], [451, 28002]]}",{}
1234,NC00962.3,EMB-0.25-0.9,0.0,GARC1,RUS,EMB,embA@L233R,U,{},"{""proportion"": 0.0, ""confidence"": [0.0, 0.7301340512159458], ""p_value"": 1.0, ""contingency"": [[0, 1], [451, 28002]]}",{}
1235,NC00962.3,EMB-0.25-0.9,0.0,GARC1,RUS,EMB,embB@V649A,U,{},"{""proportion"": 0.0, ""confidence"": [0.0, 0.7301340512159458], ""p_value"": 1.0, ""contingency"": [[0, 1], [451, 28002]]}",{}
1236,NC00962.3,EMB-0.25-0.9,0.0,GARC1,RUS,EMB,embB@N886K,U,{},"{""proportion"": 1.0, ""confidence"": [0.26986594878405434, 1.0000000000000002], ""p_value"": 0.25, ""contingency"": [[1, 0], [451, 28002]]}",{}
1237,NC00962.3,EMB-0.25-0.9,0.0,GARC1,RUS,EMB,embB@V917M,U,{},"{""proportion"": 0.0, ""confidence"": [0.0, 0.7301340512159458], ""p_value"": 1.0, ""contingency"": [[0, 1], [451, 28002]]}",{}
1238,NC00962.3,EMB-0.25-0.9,0.0,GARC1,RUS,EMB,embA@G403A,U,{},"{""proportion"": 1.0, ""confidence"": [0.26986594878405434, 1.0000000000000002], ""p_value"": 0.25, ""contingency"": [[1, 0], [451, 28002]]}",{}
1239,NC00962.3,EMB-0.25-0.9,0.0,GARC1,RUS,EMB,embA@D780N,U,{},"{""proportion"": 0.0, ""confidence"": [0.0, 0.7301340512159458], ""p_value"": 1.0, ""contingency"": [[0, 1], [451, 28002]]}",{}
1240,NC00962.3,EMB-0.25-0.9,0.0,GARC1,RUS,EMB,embB@S66R,U,{},"{""proportion"": 0.0, ""confidence"": [0.0, 0.7301340512159458], ""p_value"": 1.0, ""contingency"": [[0, 1], [451, 28002]]}",{}
1241,NC00962.3,EMB-0.25-0.9,0.0,GARC1,RUS,EMB,embB@S651T,U,{},"{""proportion"": 1.0, ""confidence"": [0.26986594878405434, 1.0000000000000002], ""p_value"": 0.25, ""contingency"": [[1, 0], [451, 28002]]}",{}
1242,NC00962.3,EMB-0.25-0.9,0.0,GARC1,RUS,EMB,embB@N644T,U,{},"{""proportion"": 1.0, ""confidence"": [0.26986594878405434, 1.0000000000000002], ""p_value"": 0.25, ""contingency"": [[1, 0], [451, 28002]]}",{}
1243,NC00962.3,EMB-0.25-0.9,0.0,GARC1,RUS,EMB,embB@T667K,U,{},"{""proportion"": 0.0, ""confidence"": [0.0, 0.7301340512159458], ""p_value"": 1.0, ""contingency"": [[0, 1], [451, 28002]]}",{}
1245,NC00962.3,EMB-0.25-0.9,0.0,GARC1,RUS,EMB,embA@-*_indel,U,{},"{""default_rule"": ""True""}",{}
1246,NC00962.3,EMB-0.25-0.9,0.0,GARC1,RUS,EMB,embA@*_indel,U,{},"{""default_rule"": ""True""}",{}
1247,NC00962.3,EMB-0.25-0.9,0.0,GARC1,RUS,EMB,embA@-*?,U,{},"{""default_rule"": ""True""}",{}
1248,NC00962.3,EMB-0.25-0.9,0.0,GARC1,RUS,EMB,embA@*?,U,{},"{""default_rule"": ""True""}",{}
1249,NC00962.3,EMB-0.25-0.9,0.0,GARC1,RUS,EMB,embA@del_0.0,U,{},"{""default_rule"": ""True""}",{}
1251,NC00962.3,EMB-0.25-0.9,0.0,GARC1,RUS,EMB,embB@-*_indel,U,{},"{""default_rule"": ""True""}",{}
1252,NC00962.3,EMB-0.25-0.9,0.0,GARC1,RUS,EMB,embB@*_indel,U,{},"{""default_rule"": ""True""}",{}
1253,NC00962.3,EMB-0.25-0.9,0.0,GARC1,RUS,EMB,embB@-*?,U,{},"{""default_rule"": ""True""}",{}
1254,NC00962.3,EMB-0.25-0.9,0.0,GARC1,RUS,EMB,embB@*?,U,{},"{""default_rule"": ""True""}",{}
1255,NC00962.3,EMB-0.25-0.9,0.0,GARC1,RUS,EMB,embB@del_0.0,U,{},"{""default_rule"": ""True""}",{}
