GENBANK_REFERENCE,CATALOGUE_NAME,CATALOGUE_VERSION,CATALOGUE_GRAMMAR,PREDICTION_VALUES,DRUG,MUTATION,PREDICTION,SOURCE,EVIDENCE,OTHER
NC00962.3,EMB-0.2-0.95,0.0,GARC1,RUS,EMB,embB@T1082A,S,{},"{""proportion"": 0.02142857142857143, ""confidence"": [0.009857032458149666, 0.04595390822159563], ""p_value"": 2.355211289148921e-19, ""solo_contingency"": [[6, 274], [314, 21278]], ""contingency"": [[204, 523], [7354, 33460]]}",{}
NC00962.3,EMB-0.2-0.95,0.0,GARC1,RUS,EMB,embA@Y296H,S,{},"{""proportion"": 0.0, ""confidence"": [0.0, 0.16817922405261626], ""p_value"": 0.02106917361428725, ""solo_contingency"": [[0, 19], [314, 21278]], ""contingency"": [[0, 20], [7558, 33963]]}",{}
NC00962.3,EMB-0.2-0.95,0.0,GARC1,RUS,EMB,embB@S773P,S,{},"{""proportion"": 0.0, ""confidence"": [0.0, 0.12455502974186705], ""p_value"": 0.00336905567817728, ""solo_contingency"": [[0, 27], [314, 21278]], ""contingency"": [[0, 29], [7558, 33954]]}",{}
NC00962.3,EMB-0.2-0.95,0.0,GARC1,RUS,EMB,embB@S203L,S,{},"{""proportion"": 0.0, ""confidence"": [-6.344455723391929e-18, 0.08566757018443186], ""p_value"": 0.0002353762743554068, ""solo_contingency"": [[0, 41], [314, 21278]], ""contingency"": [[1, 54], [7557, 33929]]}",{}
NC00962.3,EMB-0.2-0.95,0.0,GARC1,RUS,EMB,embA@E951D,S,{},"{""proportion"": 0.0, ""confidence"": [0.0, 0.038864853539472964], ""p_value"": 1.1431672007597418e-09, ""solo_contingency"": [[0, 95], [314, 21278]], ""contingency"": [[28, 135], [7530, 33848]]}",{}
NC00962.3,EMB-0.2-0.95,0.0,GARC1,RUS,EMB,embA@D176E,S,{},"{""proportion"": 0.0, ""confidence"": [0.0, 0.12455502974186705], ""p_value"": 0.00336905567817728, ""solo_contingency"": [[0, 27], [314, 21278]], ""contingency"": [[2, 32], [7556, 33951]]}",{}
NC00962.3,EMB-0.2-0.95,0.0,GARC1,RUS,EMB,embB@G246R,S,{},"{""proportion"": 0.075, ""confidence"": [0.025836025774588198, 0.19864233524310546], ""p_value"": 0.04786946338839313, ""solo_contingency"": [[3, 37], [314, 21278]], ""contingency"": [[8, 40], [7550, 33943]]}",{}
NC00962.3,EMB-0.2-0.95,0.0,GARC1,RUS,EMB,embB@R24P,S,{},"{""proportion"": 0.030456852791878174, ""confidence"": [0.02341770177432519, 0.03952627010649998], ""p_value"": 4.2933955081296997e-101, ""solo_contingency"": [[54, 1719], [314, 21278]], ""contingency"": [[1078, 3013], [6480, 30970]]}",{}
NC00962.3,EMB-0.2-0.95,0.0,GARC1,RUS,EMB,embB@C361S,S,{},"{""proportion"": 0.03125, ""confidence"": [0.005537860164003125, 0.15744263820012558], ""p_value"": 0.013184055060077431, ""solo_contingency"": [[1, 31], [314, 21278]], ""contingency"": [[1, 36], [7557, 33947]]}",{}
NC00962.3,EMB-0.2-0.95,0.0,GARC1,RUS,EMB,embB@A5G,S,{},"{""proportion"": 0.038461538461538464, ""confidence"": [0.006821984993543487, 0.18892778903034757], ""p_value"": 0.045887703186805476, ""solo_contingency"": [[1, 25], [382, 24140]], ""contingency"": [[15, 36], [7543, 33947]]}",{}
NC00962.3,EMB-0.2-0.95,0.0,GARC1,RUS,EMB,embB@D328G,S,{},"{""proportion"": 0.0, ""confidence"": [0.0, 0.11025539546043596], ""p_value"": 0.0023340572208070056, ""solo_contingency"": [[0, 31], [382, 24140]], ""contingency"": [[40, 45], [7518, 33938]]}",{}
NC00962.3,EMB-0.2-0.95,0.0,GARC1,RUS,EMB,embA@L373P,S,{},"{""proportion"": 0.0, ""confidence"": [1.2029374011637166e-17, 0.1331922509390485], ""p_value"": 0.00531794467796228, ""solo_contingency"": [[0, 25], [314, 21278]], ""contingency"": [[6, 29], [7552, 33954]]}",{}
NC00962.3,EMB-0.2-0.95,0.0,GARC1,RUS,EMB,embA@V31A,S,{},"{""proportion"": 0.0, ""confidence"": [1.1962983316807505e-17, 0.1379762046749802], ""p_value"": 0.00851074461218883, ""solo_contingency"": [[0, 24], [314, 21278]], ""contingency"": [[0, 28], [7558, 33955]]}",{}
NC00962.3,EMB-0.2-0.95,0.0,GARC1,RUS,EMB,embB@I709T,S,{},"{""proportion"": 0.0, ""confidence"": [1.2029374011637166e-17, 0.1331922509390485], ""p_value"": 0.00531794467796228, ""solo_contingency"": [[0, 25], [314, 21278]], ""contingency"": [[1, 31], [7557, 33952]]}",{}
NC00962.3,EMB-0.2-0.95,0.0,GARC1,RUS,EMB,embB@L172R,S,{},"{""proportion"": 0.0, ""confidence"": [0.0, 0.03178924566273338], ""p_value"": 8.080370610318203e-12, ""solo_contingency"": [[0, 117], [314, 21278]], ""contingency"": [[43, 190], [7515, 33793]]}",{}
NC00962.3,EMB-0.2-0.95,0.0,GARC1,RUS,EMB,embB@P731L,S,{},"{""proportion"": 0.0, ""confidence"": [1.1962983316807505e-17, 0.1379762046749802], ""p_value"": 0.00851074461218883, ""solo_contingency"": [[0, 24], [314, 21278]], ""contingency"": [[1, 26], [7557, 33957]]}",{}
NC00962.3,EMB-0.2-0.95,0.0,GARC1,RUS,EMB,embA@K166N,S,{},"{""proportion"": 0.0, ""confidence"": [0.0, 0.16112515805281938], ""p_value"": 0.021511001366792765, ""solo_contingency"": [[0, 20], [314, 21278]], ""contingency"": [[0, 20], [7558, 33963]]}",{}
NC00962.3,EMB-0.2-0.95,0.0,GARC1,RUS,EMB,embA@A852T,S,{},"{""proportion"": 0.0, ""confidence"": [0.0, 0.14311661845042686], ""p_value"": 0.008403232430084423, ""solo_contingency"": [[0, 23], [314, 21278]], ""contingency"": [[0, 23], [7558, 33960]]}",{}
NC00962.3,EMB-0.2-0.95,0.0,GARC1,RUS,EMB,embB@L370R,S,{},"{""proportion"": 0.0, ""confidence"": [0.0, 0.16817922405261626], ""p_value"": 0.02106917361428725, ""solo_contingency"": [[0, 19], [314, 21278]], ""contingency"": [[2, 20], [7556, 33963]]}",{}
NC00962.3,EMB-0.2-0.95,0.0,GARC1,RUS,EMB,embB@R213Q,S,{},"{""proportion"": 0.0, ""confidence"": [0.0, 0.025983637143036746], ""p_value"": 1.496922979538703e-14, ""solo_contingency"": [[0, 144], [314, 21278]], ""contingency"": [[0, 214], [7558, 33769]]}",{}
NC00962.3,EMB-0.2-0.95,0.0,GARC1,RUS,EMB,embB@S738A,S,{},"{""proportion"": 0.0, ""confidence"": [0.0, 0.1071791982550706], ""p_value"": 0.0013533061470821302, ""solo_contingency"": [[0, 32], [314, 21278]], ""contingency"": [[2, 51], [7556, 33932]]}",{}
NC00962.3,EMB-0.2-0.95,0.0,GARC1,RUS,EMB,embB@G286D,S,{},"{""proportion"": 0.0, ""confidence"": [0.0, 0.05065117259645781], ""p_value"": 1.5669161831873673e-07, ""solo_contingency"": [[0, 72], [382, 24140]], ""contingency"": [[0, 72], [7558, 33911]]}",{}
NC00962.3,EMB-0.2-0.95,0.0,GARC1,RUS,EMB,embA@*=,S,{},"{""default_rule"": ""True""}",{}
NC00962.3,EMB-0.2-0.95,0.0,GARC1,RUS,EMB,embB@*=,S,{},"{""default_rule"": ""True""}",{}
NC00962.3,EMB-0.2-0.95,0.0,GARC1,RUS,EMB,embB@M306V,R,{},"{""proportion"": 0.8004451038575667, ""confidence"": [0.784935911026033, 0.8150993224160169], ""p_value"": 0.0, ""solo_contingency"": [[2158, 538], [383, 24268]], ""contingency"": [[2819, 634], [4739, 33349]]}",{}
NC00962.3,EMB-0.2-0.95,0.0,GARC1,RUS,EMB,embB@G406A,R,{},"{""proportion"": 0.4774011299435028, ""confidence"": [0.4258909739112022, 0.5293964876011398], ""p_value"": 1.3566002520662532e-31, ""solo_contingency"": [[169, 185], [383, 24268]], ""contingency"": [[284, 228], [7274, 33755]]}",{}
NC00962.3,EMB-0.2-0.95,0.0,GARC1,RUS,EMB,embB@M306I,R,{},"{""proportion"": 0.5063045586808923, ""confidence"": [0.484733511328315, 0.527852159217208], ""p_value"": 4.360010088556568e-210, ""solo_contingency"": [[1044, 1018], [383, 24268]], ""contingency"": [[1655, 1157], [5903, 32826]]}",{}
NC00962.3,EMB-0.2-0.95,0.0,GARC1,RUS,EMB,embB@Q497R,R,{},"{""proportion"": 0.7407407407407407, ""confidence"": [0.7040316527646011, 0.7743560464828974], ""p_value"": 5.9228952678281005e-177, ""solo_contingency"": [[440, 154], [383, 24268]], ""contingency"": [[749, 192], [6809, 33791]]}",{}
NC00962.3,EMB-0.2-0.95,0.0,GARC1,RUS,EMB,embB@D354A,R,{},"{""proportion"": 0.5251256281407035, ""confidence"": [0.47605990825078914, 0.5737109642189034], ""p_value"": 8.007450129299998e-47, ""solo_contingency"": [[209, 189], [383, 24268]], ""contingency"": [[303, 216], [7255, 33767]]}",{}
NC00962.3,EMB-0.2-0.95,0.0,GARC1,RUS,EMB,embB@D328Y,R,{},"{""proportion"": 0.68, ""confidence"": [0.4841026927310224, 0.8279480969309202], ""p_value"": 2.668955935254254e-07, ""solo_contingency"": [[17, 8], [383, 24268]], ""contingency"": [[37, 9], [7521, 33974]]}",{}
NC00962.3,EMB-0.2-0.95,0.0,GARC1,RUS,EMB,embB@G406D,R,{},"{""proportion"": 0.375, ""confidence"": [0.31617283473340607, 0.4377656452519836], ""p_value"": 3.9795197497692323e-10, ""solo_contingency"": [[90, 150], [383, 24268]], ""contingency"": [[166, 190], [7392, 33793]]}",{}
NC00962.3,EMB-0.2-0.95,0.0,GARC1,RUS,EMB,embB@Y319S,R,{},"{""proportion"": 0.793233082706767, ""confidence"": [0.7405577757125751, 0.8375594664702128], ""p_value"": 7.441453959318332e-96, ""solo_contingency"": [[211, 55], [383, 24268]], ""contingency"": [[225, 58], [7333, 33925]]}",{}
NC00962.3,EMB-0.2-0.95,0.0,GARC1,RUS,EMB,embB@M306L,R,{},"{""proportion"": 0.6666666666666666, ""confidence"": [0.5733891673119, 0.7484950461059142], ""p_value"": 1.015696558632579e-25, ""solo_contingency"": [[72, 36], [383, 24268]], ""contingency"": [[122, 46], [7436, 33937]]}",{}
NC00962.3,EMB-0.2-0.95,0.0,GARC1,RUS,EMB,embB@D1024N,R,{},"{""proportion"": 0.29545454545454547, ""confidence"": [0.21030859946892314, 0.3977115641667146], ""p_value"": 0.032153362916424774, ""solo_contingency"": [[26, 62], [383, 24268]], ""contingency"": [[172, 100], [7386, 33883]]}",{}
NC00962.3,EMB-0.2-0.95,0.0,GARC1,RUS,EMB,embB@Q497K,R,{},"{""proportion"": 0.5714285714285714, ""confidence"": [0.46476952745720773, 0.6718402256264122], ""p_value"": 8.01220473981174e-14, ""solo_contingency"": [[48, 36], [383, 24268]], ""contingency"": [[128, 44], [7430, 33939]]}",{}
NC00962.3,EMB-0.2-0.95,0.0,GARC1,RUS,EMB,embB@G406S,R,{},"{""proportion"": 0.5, ""confidence"": [0.4047444724091258, 0.5952555275908742], ""p_value"": 1.3559588808924259e-11, ""solo_contingency"": [[51, 51], [383, 24268]], ""contingency"": [[135, 71], [7423, 33912]]}",{}
NC00962.3,EMB-0.2-0.95,0.0,GARC1,RUS,EMB,embB@G406C,R,{},"{""proportion"": 0.40540540540540543, ""confidence"": [0.2634651819201429, 0.5651403526977063], ""p_value"": 0.0036305241107608306, ""solo_contingency"": [[15, 22], [383, 24268]], ""contingency"": [[34, 25], [7524, 33958]]}",{}
NC00962.3,EMB-0.2-0.95,0.0,GARC1,RUS,EMB,embB@Y319C,R,{},"{""proportion"": 0.34210526315789475, ""confidence"": [0.21212415179959415, 0.5010789644821693], ""p_value"": 0.04009833263313026, ""solo_contingency"": [[13, 25], [383, 24268]], ""contingency"": [[24, 26], [7534, 33957]]}",{}
NC00962.3,EMB-0.2-0.95,0.0,GARC1,RUS,EMB,embB@E405D,R,{},"{""proportion"": 0.46153846153846156, ""confidence"": [0.23206067809538303, 0.7085620428549398], ""p_value"": 0.030035323289600024, ""solo_contingency"": [[6, 7], [383, 24268]], ""contingency"": [[40, 9], [7518, 33974]]}",{}
NC00962.3,EMB-0.2-0.95,0.0,GARC1,RUS,EMB,embB@D328F,R,{},"{""proportion"": 1.0, ""confidence"": [0.3423802275066531, 1.0], ""p_value"": 0.04000000000000001, ""solo_contingency"": [[2, 0], [383, 24268]], ""contingency"": [[2, 0], [7556, 33983]]}",{}
NC00962.3,EMB-0.2-0.95,0.0,GARC1,RUS,EMB,embB@F330V,R,{},"{""proportion"": 1.0, ""confidence"": [0.3423802275066531, 1.0], ""p_value"": 0.04000000000000001, ""solo_contingency"": [[2, 0], [383, 24268]], ""contingency"": [[5, 0], [7553, 33983]]}",{}
NC00962.3,EMB-0.2-0.95,0.0,GARC1,RUS,EMB,embB@L74R,R,{},"{""proportion"": 0.6923076923076923, ""confidence"": [0.5001174167780164, 0.8349868440453624], ""p_value"": 7.662290731553268e-08, ""solo_contingency"": [[18, 8], [383, 24268]], ""contingency"": [[20, 9], [7538, 33974]]}",{}
NC00962.3,EMB-0.2-0.95,0.0,GARC1,RUS,EMB,embB@S297A,U,{},"{""proportion"": 0.17365269461077845, ""confidence"": [0.12371546697953684, 0.23826609913199787], ""p_value"": 0.4395627826002222, ""solo_contingency"": [[29, 138], [383, 24268]], ""contingency"": [[70, 145], [7488, 33838]]}",{}
NC00962.3,EMB-0.2-0.95,0.0,GARC1,RUS,EMB,embA@D1067Y,U,{},"{""proportion"": 0.0, ""confidence"": [0.0, 0.7934506856227626], ""p_value"": 1.0, ""solo_contingency"": [[0, 1], [383, 24268]], ""contingency"": [[0, 1], [7558, 33982]]}",{}
NC00962.3,EMB-0.2-0.95,0.0,GARC1,RUS,EMB,embB@G374W,U,{},"{""proportion"": 0.0, ""confidence"": [0.0, 0.7934506856227626], ""p_value"": 1.0, ""solo_contingency"": [[0, 1], [383, 24268]], ""contingency"": [[0, 1], [7558, 33982]]}",{}
NC00962.3,EMB-0.2-0.95,0.0,GARC1,RUS,EMB,embB@Q497P,U,{},"{""proportion"": 0.23076923076923078, ""confidence"": [0.11033849405783289, 0.42051554078943687], ""p_value"": 0.6293532606757695, ""solo_contingency"": [[6, 20], [383, 24268]], ""contingency"": [[48, 25], [7510, 33958]]}",{}
NC00962.3,EMB-0.2-0.95,0.0,GARC1,RUS,EMB,embA@L584F,U,{},"{""proportion"": 0.0, ""confidence"": [0.0, 0.7934506856227626], ""p_value"": 1.0, ""solo_contingency"": [[0, 1], [383, 24268]], ""contingency"": [[0, 1], [7558, 33982]]}",{}
NC00962.3,EMB-0.2-0.95,0.0,GARC1,RUS,EMB,embA@c-16g,U,{},"{""proportion"": 0.2222222222222222, ""confidence"": [0.12544685532626396, 0.36269292174756296], ""p_value"": 0.7095012233282431, ""solo_contingency"": [[10, 35], [383, 24268]], ""contingency"": [[121, 51], [7437, 33932]]}",{}
NC00962.3,EMB-0.2-0.95,0.0,GARC1,RUS,EMB,embA@c-8t,U,{},"{""proportion"": 0.18181818181818182, ""confidence"": [0.05136768974608512, 0.4769805619608442], ""p_value"": 1.0, ""solo_contingency"": [[2, 9], [383, 24268]], ""contingency"": [[55, 15], [7503, 33968]]}",{}
NC00962.3,EMB-0.2-0.95,0.0,GARC1,RUS,EMB,embA@c-59a,U,{},"{""proportion"": 0.0, ""confidence"": [0.0, 0.2588329669680317], ""p_value"": 0.13630892031999994, ""solo_contingency"": [[0, 11], [383, 24268]], ""contingency"": [[2, 16], [7556, 33967]]}",{}
NC00962.3,EMB-0.2-0.95,0.0,GARC1,RUS,EMB,embB@N296H,U,{},"{""proportion"": 0.17647058823529413, ""confidence"": [0.09572403469126317, 0.3025414252430807], ""p_value"": 0.8608630387533667, ""solo_contingency"": [[9, 42], [383, 24268]], ""contingency"": [[34, 53], [7524, 33930]]}",{}
NC00962.3,EMB-0.2-0.95,0.0,GARC1,RUS,EMB,embA@A320T,U,{},"{""proportion"": 0.0, ""confidence"": [0.0, 0.6576197724933469], ""p_value"": 1.0, ""solo_contingency"": [[0, 2], [383, 24268]], ""contingency"": [[1, 2], [7557, 33981]]}",{}
NC00962.3,EMB-0.2-0.95,0.0,GARC1,RUS,EMB,embA@T420M,U,{},"{""proportion"": 0.0, ""confidence"": [0.0, 0.7934506856227626], ""p_value"": 1.0, ""solo_contingency"": [[0, 1], [383, 24268]], ""contingency"": [[0, 1], [7558, 33982]]}",{}
NC00962.3,EMB-0.2-0.95,0.0,GARC1,RUS,EMB,embA@T604R,U,{},"{""proportion"": 0.0, ""confidence"": [0.0, 0.6576197724933469], ""p_value"": 1.0, ""solo_contingency"": [[0, 2], [383, 24268]], ""contingency"": [[0, 2], [7558, 33981]]}",{}
NC00962.3,EMB-0.2-0.95,0.0,GARC1,RUS,EMB,embA@V31I,U,{},"{""proportion"": 0.07692307692307693, ""confidence"": [0.013710421242556585, 0.3331395092109959], ""p_value"": 0.4863219113984004, ""solo_contingency"": [[1, 12], [383, 24268]], ""contingency"": [[1, 13], [7557, 33970]]}",{}
NC00962.3,EMB-0.2-0.95,0.0,GARC1,RUS,EMB,embA@G547V,U,{},"{""proportion"": 0.0, ""confidence"": [0.0, 0.7934506856227626], ""p_value"": 1.0, ""solo_contingency"": [[0, 1], [383, 24268]], ""contingency"": [[0, 1], [7558, 33982]]}",{}
NC00962.3,EMB-0.2-0.95,0.0,GARC1,RUS,EMB,embB@A313V,U,{},"{""proportion"": 0.0, ""confidence"": [0.0, 0.2588329669680317], ""p_value"": 0.13630892031999994, ""solo_contingency"": [[0, 11], [383, 24268]], ""contingency"": [[0, 13], [7558, 33970]]}",{}
NC00962.3,EMB-0.2-0.95,0.0,GARC1,RUS,EMB,embB@R947L,U,{},"{""proportion"": 0.0, ""confidence"": [0.0, 0.7934506856227626], ""p_value"": 1.0, ""solo_contingency"": [[0, 1], [383, 24268]], ""contingency"": [[0, 1], [7558, 33982]]}",{}
NC00962.3,EMB-0.2-0.95,0.0,GARC1,RUS,EMB,embB@H1002R,U,{},"{""proportion"": 0.2553191489361702, ""confidence"": [0.15253154035054697, 0.3950817553041745], ""p_value"": 0.360925188240115, ""solo_contingency"": [[12, 35], [383, 24268]], ""contingency"": [[25, 38], [7533, 33945]]}",{}
NC00962.3,EMB-0.2-0.95,0.0,GARC1,RUS,EMB,embB@P832S,U,{},"{""proportion"": 0.0, ""confidence"": [3.384324554477539e-17, 0.39033428790216534], ""p_value"": 0.6067840000000001, ""solo_contingency"": [[0, 6], [383, 24268]], ""contingency"": [[0, 9], [7558, 33974]]}",{}
NC00962.3,EMB-0.2-0.95,0.0,GARC1,RUS,EMB,embB@T811A,U,{},"{""proportion"": 0.0, ""confidence"": [0.0, 0.32440756488388023], ""p_value"": 0.37085440000000003, ""solo_contingency"": [[0, 8], [383, 24268]], ""contingency"": [[0, 9], [7558, 33974]]}",{}
NC00962.3,EMB-0.2-0.95,0.0,GARC1,RUS,EMB,embA@c-8a,U,{},"{""proportion"": 0.21428571428571427, ""confidence"": [0.10212460332897881, 0.39538585653721864], ""p_value"": 0.8143543288254298, ""solo_contingency"": [[6, 22], [383, 24268]], ""contingency"": [[27, 30], [7531, 33953]]}",{}
NC00962.3,EMB-0.2-0.95,0.0,GARC1,RUS,EMB,embA@g-43c,U,{},"{""proportion"": 0.2962962962962963, ""confidence"": [0.19137425132179783, 0.4282757290115304], ""p_value"": 0.0878508730211635, ""solo_contingency"": [[16, 38], [383, 24268]], ""contingency"": [[110, 48], [7448, 33935]]}",{}
NC00962.3,EMB-0.2-0.95,0.0,GARC1,RUS,EMB,embA@c-12t,U,{},"{""proportion"": 0.2808988764044944, ""confidence"": [0.1980948950798778, 0.3818341528326374], ""p_value"": 0.06320329661301033, ""solo_contingency"": [[25, 64], [383, 24268]], ""contingency"": [[426, 138], [7132, 33845]]}",{}
NC00962.3,EMB-0.2-0.95,0.0,GARC1,RUS,EMB,embA@D1071E,U,{},"{""proportion"": 0.0, ""confidence"": [0.0, 0.7934506856227626], ""p_value"": 1.0, ""solo_contingency"": [[0, 1], [383, 24268]], ""contingency"": [[0, 1], [7558, 33982]]}",{}
NC00962.3,EMB-0.2-0.95,0.0,GARC1,RUS,EMB,embA@A813T,U,{},"{""proportion"": 0.0, ""confidence"": [0.0, 0.7934506856227626], ""p_value"": 1.0, ""solo_contingency"": [[0, 1], [383, 24268]], ""contingency"": [[0, 1], [7558, 33982]]}",{}
NC00962.3,EMB-0.2-0.95,0.0,GARC1,RUS,EMB,embA@G158D,U,{},"{""proportion"": 0.0, ""confidence"": [0.0, 0.2588329669680317], ""p_value"": 0.13630892031999994, ""solo_contingency"": [[0, 11], [383, 24268]], ""contingency"": [[0, 11], [7558, 33972]]}",{}
NC00962.3,EMB-0.2-0.95,0.0,GARC1,RUS,EMB,embB@V186L,U,{},"{""proportion"": 0.0, ""confidence"": [0.0, 0.4898908364545973], ""p_value"": 1.0, ""solo_contingency"": [[0, 4], [383, 24268]], ""contingency"": [[0, 4], [7558, 33979]]}",{}
NC00962.3,EMB-0.2-0.95,0.0,GARC1,RUS,EMB,embA@K488N,U,{},"{""proportion"": 0.0, ""confidence"": [0.0, 0.4898908364545973], ""p_value"": 1.0, ""solo_contingency"": [[0, 4], [383, 24268]], ""contingency"": [[0, 4], [7558, 33979]]}",{}
NC00962.3,EMB-0.2-0.95,0.0,GARC1,RUS,EMB,embA@c-16a,U,{},"{""proportion"": 0.3333333333333333, ""confidence"": [0.1975022767922068, 0.5039210557219439], ""p_value"": 0.07761625403050892, ""solo_contingency"": [[11, 22], [383, 24268]], ""contingency"": [[84, 31], [7474, 33952]]}",{}
NC00962.3,EMB-0.2-0.95,0.0,GARC1,RUS,EMB,embA@T608N,U,{},"{""proportion"": 0.06451612903225806, ""confidence"": [0.01787478352191458, 0.2071863673629813], ""p_value"": 0.07015812011437521, ""solo_contingency"": [[2, 29], [383, 24268]], ""contingency"": [[26, 36], [7532, 33947]]}",{}
NC00962.3,EMB-0.2-0.95,0.0,GARC1,RUS,EMB,embA@c-16t,U,{},"{""proportion"": 0.1836734693877551, ""confidence"": [0.11946063375519513, 0.27174997224015385], ""p_value"": 0.8006472960277402, ""solo_contingency"": [[18, 80], [383, 24268]], ""contingency"": [[221, 106], [7337, 33877]]}",{}
NC00962.3,EMB-0.2-0.95,0.0,GARC1,RUS,EMB,embA@A576T,U,{},"{""proportion"": 0.0, ""confidence"": [0.0, 0.4898908364545973], ""p_value"": 1.0, ""solo_contingency"": [[0, 4], [383, 24268]], ""contingency"": [[39, 6], [7519, 33977]]}",{}
NC00962.3,EMB-0.2-0.95,0.0,GARC1,RUS,EMB,embB@N644I,U,{},"{""proportion"": 0.5, ""confidence"": [0.09453120573423071, 0.9054687942657693], ""p_value"": 0.3600000000000001, ""solo_contingency"": [[1, 1], [383, 24268]], ""contingency"": [[1, 1], [7557, 33982]]}",{}
NC00962.3,EMB-0.2-0.95,0.0,GARC1,RUS,EMB,embA@T899A,U,{},"{""proportion"": 0.0, ""confidence"": [4.8683609171202235e-17, 0.5614970317550455], ""p_value"": 1.0, ""solo_contingency"": [[0, 3], [383, 24268]], ""contingency"": [[0, 3], [7558, 33980]]}",{}
NC00962.3,EMB-0.2-0.95,0.0,GARC1,RUS,EMB,embA@T100S,U,{},"{""proportion"": 0.0, ""confidence"": [0.0, 0.6576197724933469], ""p_value"": 1.0, ""solo_contingency"": [[0, 2], [383, 24268]], ""contingency"": [[0, 2], [7558, 33981]]}",{}
NC00962.3,EMB-0.2-0.95,0.0,GARC1,RUS,EMB,embB@R1095!,U,{},"{""proportion"": 0.0, ""confidence"": [0.0, 0.7934506856227626], ""p_value"": 1.0, ""solo_contingency"": [[0, 1], [383, 24268]], ""contingency"": [[0, 1], [7558, 33982]]}",{}
NC00962.3,EMB-0.2-0.95,0.0,GARC1,RUS,EMB,embB@D300G,U,{},"{""proportion"": 0.0, ""confidence"": [0.0, 0.6576197724933469], ""p_value"": 1.0, ""solo_contingency"": [[0, 2], [383, 24268]], ""contingency"": [[0, 2], [7558, 33981]]}",{}
NC00962.3,EMB-0.2-0.95,0.0,GARC1,RUS,EMB,embA@I196V,U,{},"{""proportion"": 0.0, ""confidence"": [0.0, 0.7934506856227626], ""p_value"": 1.0, ""solo_contingency"": [[0, 1], [383, 24268]], ""contingency"": [[0, 1], [7558, 33982]]}",{}
NC00962.3,EMB-0.2-0.95,0.0,GARC1,RUS,EMB,embA@V391L,U,{},"{""proportion"": 0.0, ""confidence"": [0.0, 0.6576197724933469], ""p_value"": 1.0, ""solo_contingency"": [[0, 2], [383, 24268]], ""contingency"": [[0, 2], [7558, 33981]]}",{}
NC00962.3,EMB-0.2-0.95,0.0,GARC1,RUS,EMB,embB@Q497H,U,{},"{""proportion"": 0.25, ""confidence"": [0.045587260809700575, 0.6993581574175981], ""p_value"": 1.0, ""solo_contingency"": [[1, 3], [383, 24268]], ""contingency"": [[22, 6], [7536, 33977]]}",{}
NC00962.3,EMB-0.2-0.95,0.0,GARC1,RUS,EMB,embB@C361Y,U,{},"{""proportion"": 1.0, ""confidence"": [0.20654931437723742, 1.0], ""p_value"": 0.2, ""solo_contingency"": [[1, 0], [383, 24268]], ""contingency"": [[1, 2], [7557, 33981]]}",{}
NC00962.3,EMB-0.2-0.95,0.0,GARC1,RUS,EMB,embB@L402V,U,{},"{""proportion"": 0.0, ""confidence"": [0.0, 0.1936076805344365], ""p_value"": 0.05480482918236159, ""solo_contingency"": [[0, 16], [383, 24268]], ""contingency"": [[12, 26], [7546, 33957]]}",{}
NC00962.3,EMB-0.2-0.95,0.0,GARC1,RUS,EMB,embA@I905V,U,{},"{""proportion"": 0.16666666666666666, ""confidence"": [0.030053369748306632, 0.5635028221864702], ""p_value"": 1.0, ""solo_contingency"": [[1, 5], [383, 24268]], ""contingency"": [[6, 5], [7552, 33978]]}",{}
NC00962.3,EMB-0.2-0.95,0.0,GARC1,RUS,EMB,embA@V280I,U,{},"{""proportion"": 0.0, ""confidence"": [0.0, 0.7934506856227626], ""p_value"": 1.0, ""solo_contingency"": [[0, 1], [383, 24268]], ""contingency"": [[0, 2], [7558, 33981]]}",{}
NC00962.3,EMB-0.2-0.95,0.0,GARC1,RUS,EMB,embA@V63I,U,{},"{""proportion"": 0.0, ""confidence"": [0.0, 0.4898908364545973], ""p_value"": 1.0, ""solo_contingency"": [[0, 4], [383, 24268]], ""contingency"": [[0, 5], [7558, 33978]]}",{}
NC00962.3,EMB-0.2-0.95,0.0,GARC1,RUS,EMB,embA@R940S,U,{},"{""proportion"": 0.0, ""confidence"": [0.0, 0.7934506856227626], ""p_value"": 1.0, ""solo_contingency"": [[0, 1], [383, 24268]], ""contingency"": [[0, 1], [7558, 33982]]}",{}
NC00962.3,EMB-0.2-0.95,0.0,GARC1,RUS,EMB,embA@g-76a,U,{},"{""proportion"": 0.0, ""confidence"": [0.0, 0.6576197724933469], ""p_value"": 1.0, ""solo_contingency"": [[0, 2], [383, 24268]], ""contingency"": [[0, 2], [7558, 33981]]}",{}
NC00962.3,EMB-0.2-0.95,0.0,GARC1,RUS,EMB,embA@G547S,U,{},"{""proportion"": 0.0, ""confidence"": [0.0, 0.43448246478317476], ""p_value"": 0.5904, ""solo_contingency"": [[0, 5], [383, 24268]], ""contingency"": [[0, 5], [7558, 33978]]}",{}
NC00962.3,EMB-0.2-0.95,0.0,GARC1,RUS,EMB,embA@A408S,U,{},"{""proportion"": 0.0, ""confidence"": [0.0, 0.32440756488388023], ""p_value"": 0.37085440000000003, ""solo_contingency"": [[0, 8], [383, 24268]], ""contingency"": [[0, 8], [7558, 33975]]}",{}
NC00962.3,EMB-0.2-0.95,0.0,GARC1,RUS,EMB,embB@T208I,U,{},"{""proportion"": 0.0, ""confidence"": [0.0, 0.6576197724933469], ""p_value"": 1.0, ""solo_contingency"": [[0, 2], [383, 24268]], ""contingency"": [[0, 2], [7558, 33981]]}",{}
NC00962.3,EMB-0.2-0.95,0.0,GARC1,RUS,EMB,embB@M423I,U,{},"{""proportion"": 0.0, ""confidence"": [4.8683609171202235e-17, 0.5614970317550455], ""p_value"": 1.0, ""solo_contingency"": [[0, 3], [383, 24268]], ""contingency"": [[1, 3], [7557, 33980]]}",{}
NC00962.3,EMB-0.2-0.95,0.0,GARC1,RUS,EMB,embB@D869G,U,{},"{""proportion"": 0.0, ""confidence"": [0.0, 0.43448246478317476], ""p_value"": 0.5904, ""solo_contingency"": [[0, 5], [383, 24268]], ""contingency"": [[0, 8], [7558, 33975]]}",{}
NC00962.3,EMB-0.2-0.95,0.0,GARC1,RUS,EMB,embB@E378A,U,{},"{""proportion"": 0.1111111111111111, ""confidence"": [0.031019522645612366, 0.32799765130178804], ""p_value"": 0.5549880618204535, ""solo_contingency"": [[2, 16], [383, 24268]], ""contingency"": [[304, 3813], [7254, 30170]]}",{}
NC00962.3,EMB-0.2-0.95,0.0,GARC1,RUS,EMB,embA@P946Q,U,{},"{""proportion"": 0.0, ""confidence"": [0.0, 0.7934506856227626], ""p_value"": 1.0, ""solo_contingency"": [[0, 1], [383, 24268]], ""contingency"": [[0, 1], [7558, 33982]]}",{}
NC00962.3,EMB-0.2-0.95,0.0,GARC1,RUS,EMB,embB@T11P,U,{},"{""proportion"": 0.05, ""confidence"": [0.008881448800795402, 0.23613119344674208], ""p_value"": 0.15586780384381124, ""solo_contingency"": [[1, 19], [383, 24268]], ""contingency"": [[23, 181], [7535, 33802]]}",{}
NC00962.3,EMB-0.2-0.95,0.0,GARC1,RUS,EMB,embA@A409P,U,{},"{""proportion"": 0.0, ""confidence"": [3.384324554477539e-17, 0.39033428790216534], ""p_value"": 0.6067840000000001, ""solo_contingency"": [[0, 6], [383, 24268]], ""contingency"": [[0, 6], [7558, 33977]]}",{}
NC00962.3,EMB-0.2-0.95,0.0,GARC1,RUS,EMB,embB@A761V,U,{},"{""proportion"": 0.0, ""confidence"": [0.0, 0.6576197724933469], ""p_value"": 1.0, ""solo_contingency"": [[0, 2], [383, 24268]], ""contingency"": [[0, 2], [7558, 33981]]}",{}
NC00962.3,EMB-0.2-0.95,0.0,GARC1,RUS,EMB,embB@I883V,U,{},"{""proportion"": 0.0, ""confidence"": [0.0, 0.7934506856227626], ""p_value"": 1.0, ""solo_contingency"": [[0, 1], [383, 24268]], ""contingency"": [[0, 1], [7558, 33982]]}",{}
NC00962.3,EMB-0.2-0.95,0.0,GARC1,RUS,EMB,embA@L562M,U,{},"{""proportion"": 0.0, ""confidence"": [0.0, 0.7934506856227626], ""p_value"": 1.0, ""solo_contingency"": [[0, 1], [383, 24268]], ""contingency"": [[0, 1], [7558, 33982]]}",{}
NC00962.3,EMB-0.2-0.95,0.0,GARC1,RUS,EMB,embB@A379T,U,{},"{""proportion"": 0.0, ""confidence"": [4.8683609171202235e-17, 0.5614970317550455], ""p_value"": 1.0, ""solo_contingency"": [[0, 3], [383, 24268]], ""contingency"": [[0, 3], [7558, 33980]]}",{}
NC00962.3,EMB-0.2-0.95,0.0,GARC1,RUS,EMB,embA@T983N,U,{},"{""proportion"": 0.0, ""confidence"": [0.0, 0.7934506856227626], ""p_value"": 1.0, ""solo_contingency"": [[0, 1], [383, 24268]], ""contingency"": [[0, 1], [7558, 33982]]}",{}
NC00962.3,EMB-0.2-0.95,0.0,GARC1,RUS,EMB,embA@A835E,U,{},"{""proportion"": 0.0, ""confidence"": [0.0, 0.6576197724933469], ""p_value"": 1.0, ""solo_contingency"": [[0, 2], [383, 24268]], ""contingency"": [[0, 3], [7558, 33980]]}",{}
NC00962.3,EMB-0.2-0.95,0.0,GARC1,RUS,EMB,embB@R257Q,U,{},"{""proportion"": 0.0, ""confidence"": [0.0, 0.7934506856227626], ""p_value"": 1.0, ""solo_contingency"": [[0, 1], [383, 24268]], ""contingency"": [[0, 1], [7558, 33982]]}",{}
NC00962.3,EMB-0.2-0.95,0.0,GARC1,RUS,EMB,embA@G844V,U,{},"{""proportion"": 0.0, ""confidence"": [0.0, 0.7934506856227626], ""p_value"": 1.0, ""solo_contingency"": [[0, 1], [383, 24268]], ""contingency"": [[0, 1], [7558, 33982]]}",{}
NC00962.3,EMB-0.2-0.95,0.0,GARC1,RUS,EMB,embB@M904I,U,{},"{""proportion"": 0.0, ""confidence"": [0.0, 0.6576197724933469], ""p_value"": 1.0, ""solo_contingency"": [[0, 2], [383, 24268]], ""contingency"": [[0, 2], [7558, 33981]]}",{}
NC00962.3,EMB-0.2-0.95,0.0,GARC1,RUS,EMB,embA@G154R,U,{},"{""proportion"": 0.0, ""confidence"": [0.0, 0.7934506856227626], ""p_value"": 1.0, ""solo_contingency"": [[0, 1], [383, 24268]], ""contingency"": [[0, 1], [7558, 33982]]}",{}
NC00962.3,EMB-0.2-0.95,0.0,GARC1,RUS,EMB,embB@A439V,U,{},"{""proportion"": 0.0, ""confidence"": [0.0, 0.6576197724933469], ""p_value"": 1.0, ""solo_contingency"": [[0, 2], [383, 24268]], ""contingency"": [[1, 3], [7557, 33980]]}",{}
NC00962.3,EMB-0.2-0.95,0.0,GARC1,RUS,EMB,embA@c-11a,U,{},"{""proportion"": 0.30434782608695654, ""confidence"": [0.15604024453214022, 0.5086575626875921], ""p_value"": 0.19967792029894596, ""solo_contingency"": [[7, 16], [383, 24268]], ""contingency"": [[117, 30], [7441, 33953]]}",{}
NC00962.3,EMB-0.2-0.95,0.0,GARC1,RUS,EMB,embB@F330S,U,{},"{""proportion"": 0.5, ""confidence"": [0.15003898915214947, 0.8499610108478506], ""p_value"": 0.18080000000000004, ""solo_contingency"": [[2, 2], [383, 24268]], ""contingency"": [[8, 3], [7550, 33980]]}",{}
NC00962.3,EMB-0.2-0.95,0.0,GARC1,RUS,EMB,embB@M1000R,U,{},"{""proportion"": 0.3333333333333333, ""confidence"": [0.061491944720396215, 0.7923403991979523], ""p_value"": 0.4880000000000001, ""solo_contingency"": [[1, 2], [383, 24268]], ""contingency"": [[8, 4], [7550, 33979]]}",{}
NC00962.3,EMB-0.2-0.95,0.0,GARC1,RUS,EMB,embA@A985P,U,{},"{""proportion"": 0.0, ""confidence"": [4.8683609171202235e-17, 0.5614970317550455], ""p_value"": 1.0, ""solo_contingency"": [[0, 3], [383, 24268]], ""contingency"": [[0, 3], [7558, 33980]]}",{}
NC00962.3,EMB-0.2-0.95,0.0,GARC1,RUS,EMB,embB@A30T,U,{},"{""proportion"": 0.0, ""confidence"": [4.8683609171202235e-17, 0.5614970317550455], ""p_value"": 1.0, ""solo_contingency"": [[0, 3], [383, 24268]], ""contingency"": [[2, 3], [7556, 33980]]}",{}
NC00962.3,EMB-0.2-0.95,0.0,GARC1,RUS,EMB,embB@I563L,U,{},"{""proportion"": 0.0, ""confidence"": [2.1779500349382702e-17, 0.2153108027376358], ""p_value"": 0.08783484567551998, ""solo_contingency"": [[0, 14], [383, 24268]], ""contingency"": [[15, 17], [7543, 33966]]}",{}
NC00962.3,EMB-0.2-0.95,0.0,GARC1,RUS,EMB,embB@A679T,U,{},"{""proportion"": 0.0, ""confidence"": [3.384324554477539e-17, 0.39033428790216534], ""p_value"": 0.6067840000000001, ""solo_contingency"": [[0, 6], [383, 24268]], ""contingency"": [[1, 9], [7557, 33974]]}",{}
NC00962.3,EMB-0.2-0.95,0.0,GARC1,RUS,EMB,embB@A457T,U,{},"{""proportion"": 0.0, ""confidence"": [0.0, 0.7934506856227626], ""p_value"": 1.0, ""solo_contingency"": [[0, 1], [383, 24268]], ""contingency"": [[1, 1], [7557, 33982]]}",{}
NC00962.3,EMB-0.2-0.95,0.0,GARC1,RUS,EMB,embA@P745L,U,{},"{""proportion"": 0.0, ""confidence"": [0.0, 0.7934506856227626], ""p_value"": 1.0, ""solo_contingency"": [[0, 1], [383, 24268]], ""contingency"": [[0, 1], [7558, 33982]]}",{}
NC00962.3,EMB-0.2-0.95,0.0,GARC1,RUS,EMB,embB@Y319D,U,{},"{""proportion"": 0.2857142857142857, ""confidence"": [0.0822189240040568, 0.6410655481673808], ""p_value"": 0.6329984000000002, ""solo_contingency"": [[2, 5], [383, 24268]], ""contingency"": [[3, 8], [7555, 33975]]}",{}
NC00962.3,EMB-0.2-0.95,0.0,GARC1,RUS,EMB,embA@L653P,U,{},"{""proportion"": 1.0, ""confidence"": [0.20654931437723742, 1.0], ""p_value"": 0.2, ""solo_contingency"": [[1, 0], [383, 24268]], ""contingency"": [[2, 0], [7556, 33983]]}",{}
NC00962.3,EMB-0.2-0.95,0.0,GARC1,RUS,EMB,embB@H687Y,U,{},"{""proportion"": 0.0, ""confidence"": [0.0, 0.6576197724933469], ""p_value"": 1.0, ""solo_contingency"": [[0, 2], [383, 24268]], ""contingency"": [[0, 2], [7558, 33981]]}",{}
NC00962.3,EMB-0.2-0.95,0.0,GARC1,RUS,EMB,embB@S412L,U,{},"{""proportion"": 0.0, ""confidence"": [0.0, 0.7934506856227626], ""p_value"": 1.0, ""solo_contingency"": [[0, 1], [383, 24268]], ""contingency"": [[0, 1], [7558, 33982]]}",{}
NC00962.3,EMB-0.2-0.95,0.0,GARC1,RUS,EMB,embA@K1012M,U,{},"{""proportion"": 0.0, ""confidence"": [0.0, 0.7934506856227626], ""p_value"": 1.0, ""solo_contingency"": [[0, 1], [383, 24268]], ""contingency"": [[0, 1], [7558, 33982]]}",{}
NC00962.3,EMB-0.2-0.95,0.0,GARC1,RUS,EMB,embB@V963M,U,{},"{""proportion"": 0.0, ""confidence"": [0.0, 0.7934506856227626], ""p_value"": 1.0, ""solo_contingency"": [[0, 1], [383, 24268]], ""contingency"": [[0, 1], [7558, 33982]]}",{}
NC00962.3,EMB-0.2-0.95,0.0,GARC1,RUS,EMB,embA@R11W,U,{},"{""proportion"": 0.0, ""confidence"": [0.0, 0.7934506856227626], ""p_value"": 1.0, ""solo_contingency"": [[0, 1], [383, 24268]], ""contingency"": [[1, 1], [7557, 33982]]}",{}
NC00962.3,EMB-0.2-0.95,0.0,GARC1,RUS,EMB,embA@g-75c,U,{},"{""proportion"": 0.0, ""confidence"": [0.0, 0.4898908364545973], ""p_value"": 1.0, ""solo_contingency"": [[0, 4], [383, 24268]], ""contingency"": [[0, 4], [7558, 33979]]}",{}
NC00962.3,EMB-0.2-0.95,0.0,GARC1,RUS,EMB,embA@A84S,U,{},"{""proportion"": 0.0, ""confidence"": [2.1025014877572554e-17, 0.24249400665524087], ""p_value"": 0.141274976256, ""solo_contingency"": [[0, 12], [383, 24268]], ""contingency"": [[0, 12], [7558, 33971]]}",{}
NC00962.3,EMB-0.2-0.95,0.0,GARC1,RUS,EMB,embB@A720V,U,{},"{""proportion"": 0.0, ""confidence"": [0.0, 0.7934506856227626], ""p_value"": 1.0, ""solo_contingency"": [[0, 1], [383, 24268]], ""contingency"": [[0, 1], [7558, 33982]]}",{}
NC00962.3,EMB-0.2-0.95,0.0,GARC1,RUS,EMB,embA@G1083D,U,{},"{""proportion"": 0.0, ""confidence"": [0.0, 0.7934506856227626], ""p_value"": 1.0, ""solo_contingency"": [[0, 1], [383, 24268]], ""contingency"": [[0, 1], [7558, 33982]]}",{}
NC00962.3,EMB-0.2-0.95,0.0,GARC1,RUS,EMB,embA@A974T,U,{},"{""proportion"": 0.0, ""confidence"": [0.0, 0.7934506856227626], ""p_value"": 1.0, ""solo_contingency"": [[0, 1], [383, 24268]], ""contingency"": [[0, 1], [7558, 33982]]}",{}
NC00962.3,EMB-0.2-0.95,0.0,GARC1,RUS,EMB,embB@Q497E,U,{},"{""proportion"": 0.0, ""confidence"": [0.0, 0.7934506856227626], ""p_value"": 1.0, ""solo_contingency"": [[0, 1], [383, 24268]], ""contingency"": [[0, 1], [7558, 33982]]}",{}
NC00962.3,EMB-0.2-0.95,0.0,GARC1,RUS,EMB,embA@A483T,U,{},"{""proportion"": 0.0, ""confidence"": [0.0, 0.6576197724933469], ""p_value"": 1.0, ""solo_contingency"": [[0, 2], [383, 24268]], ""contingency"": [[0, 2], [7558, 33981]]}",{}
NC00962.3,EMB-0.2-0.95,0.0,GARC1,RUS,EMB,embB@K107E,U,{},"{""proportion"": 0.0, ""confidence"": [0.0, 0.7934506856227626], ""p_value"": 1.0, ""solo_contingency"": [[0, 1], [383, 24268]], ""contingency"": [[0, 1], [7558, 33982]]}",{}
NC00962.3,EMB-0.2-0.95,0.0,GARC1,RUS,EMB,embB@H872Y,U,{},"{""proportion"": 0.0, ""confidence"": [0.0, 0.7934506856227626], ""p_value"": 1.0, ""solo_contingency"": [[0, 1], [383, 24268]], ""contingency"": [[0, 1], [7558, 33982]]}",{}
NC00962.3,EMB-0.2-0.95,0.0,GARC1,RUS,EMB,embA@S654L,U,{},"{""proportion"": 0.0, ""confidence"": [0.0, 0.7934506856227626], ""p_value"": 1.0, ""solo_contingency"": [[0, 1], [383, 24268]], ""contingency"": [[0, 1], [7558, 33982]]}",{}
NC00962.3,EMB-0.2-0.95,0.0,GARC1,RUS,EMB,embA@D235N,U,{},"{""proportion"": 0.0, ""confidence"": [0.0, 0.7934506856227626], ""p_value"": 1.0, ""solo_contingency"": [[0, 1], [383, 24268]], ""contingency"": [[0, 1], [7558, 33982]]}",{}
NC00962.3,EMB-0.2-0.95,0.0,GARC1,RUS,EMB,embB@A225E,U,{},"{""proportion"": 0.0, ""confidence"": [0.0, 0.7934506856227626], ""p_value"": 1.0, ""solo_contingency"": [[0, 1], [383, 24268]], ""contingency"": [[0, 1], [7558, 33982]]}",{}
NC00962.3,EMB-0.2-0.95,0.0,GARC1,RUS,EMB,embA@Q47H,U,{},"{""proportion"": 0.0, ""confidence"": [0.0, 0.6576197724933469], ""p_value"": 1.0, ""solo_contingency"": [[0, 2], [383, 24268]], ""contingency"": [[0, 2], [7558, 33981]]}",{}
NC00962.3,EMB-0.2-0.95,0.0,GARC1,RUS,EMB,embA@G275S,U,{},"{""proportion"": 0.0, ""confidence"": [0.0, 0.6576197724933469], ""p_value"": 1.0, ""solo_contingency"": [[0, 2], [383, 24268]], ""contingency"": [[1, 2], [7557, 33981]]}",{}
NC00962.3,EMB-0.2-0.95,0.0,GARC1,RUS,EMB,embB@A495T,U,{},"{""proportion"": 0.0, ""confidence"": [4.8683609171202235e-17, 0.5614970317550455], ""p_value"": 1.0, ""solo_contingency"": [[0, 3], [383, 24268]], ""contingency"": [[1, 3], [7557, 33980]]}",{}
NC00962.3,EMB-0.2-0.95,0.0,GARC1,RUS,EMB,embA@A95T,U,{},"{""proportion"": 0.0, ""confidence"": [0.0, 0.7934506856227626], ""p_value"": 1.0, ""solo_contingency"": [[0, 1], [383, 24268]], ""contingency"": [[0, 1], [7558, 33982]]}",{}
NC00962.3,EMB-0.2-0.95,0.0,GARC1,RUS,EMB,embB@G187W,U,{},"{""proportion"": 0.0, ""confidence"": [0.0, 0.7934506856227626], ""p_value"": 1.0, ""solo_contingency"": [[0, 1], [383, 24268]], ""contingency"": [[0, 1], [7558, 33982]]}",{}
NC00962.3,EMB-0.2-0.95,0.0,GARC1,RUS,EMB,embA@A686S,U,{},"{""proportion"": 0.0, ""confidence"": [0.0, 0.7934506856227626], ""p_value"": 1.0, ""solo_contingency"": [[0, 1], [383, 24268]], ""contingency"": [[0, 1], [7558, 33982]]}",{}
NC00962.3,EMB-0.2-0.95,0.0,GARC1,RUS,EMB,embB@K765N,U,{},"{""proportion"": 0.0, ""confidence"": [0.0, 0.7934506856227626], ""p_value"": 1.0, ""solo_contingency"": [[0, 1], [383, 24268]], ""contingency"": [[0, 1], [7558, 33982]]}",{}
NC00962.3,EMB-0.2-0.95,0.0,GARC1,RUS,EMB,embB@V116I,U,{},"{""proportion"": 0.0, ""confidence"": [0.0, 0.7934506856227626], ""p_value"": 1.0, ""solo_contingency"": [[0, 1], [383, 24268]], ""contingency"": [[0, 1], [7558, 33982]]}",{}
NC00962.3,EMB-0.2-0.95,0.0,GARC1,RUS,EMB,embA@A874T,U,{},"{""proportion"": 0.0, ""confidence"": [0.0, 0.7934506856227626], ""p_value"": 1.0, ""solo_contingency"": [[0, 1], [383, 24268]], ""contingency"": [[0, 1], [7558, 33982]]}",{}
NC00962.3,EMB-0.2-0.95,0.0,GARC1,RUS,EMB,embA@V607M,U,{},"{""proportion"": 0.0, ""confidence"": [0.0, 0.4898908364545973], ""p_value"": 1.0, ""solo_contingency"": [[0, 4], [383, 24268]], ""contingency"": [[0, 4], [7558, 33979]]}",{}
NC00962.3,EMB-0.2-0.95,0.0,GARC1,RUS,EMB,embB@V444M,U,{},"{""proportion"": 0.0, ""confidence"": [0.0, 0.6576197724933469], ""p_value"": 1.0, ""solo_contingency"": [[0, 2], [383, 24268]], ""contingency"": [[1, 2], [7557, 33981]]}",{}
NC00962.3,EMB-0.2-0.95,0.0,GARC1,RUS,EMB,embA@P714S,U,{},"{""proportion"": 1.0, ""confidence"": [0.20654931437723742, 1.0], ""p_value"": 0.2, ""solo_contingency"": [[1, 0], [383, 24268]], ""contingency"": [[1, 0], [7557, 33983]]}",{}
NC00962.3,EMB-0.2-0.95,0.0,GARC1,RUS,EMB,embB@V123A,U,{},"{""proportion"": 0.0, ""confidence"": [0.0, 0.7934506856227626], ""p_value"": 1.0, ""solo_contingency"": [[0, 1], [383, 24268]], ""contingency"": [[0, 1], [7558, 33982]]}",{}
NC00962.3,EMB-0.2-0.95,0.0,GARC1,RUS,EMB,embA@R380L,U,{},"{""proportion"": 0.0, ""confidence"": [0.0, 0.7934506856227626], ""p_value"": 1.0, ""solo_contingency"": [[0, 1], [383, 24268]], ""contingency"": [[1, 1], [7557, 33982]]}",{}
NC00962.3,EMB-0.2-0.95,0.0,GARC1,RUS,EMB,embB@G65S,U,{},"{""proportion"": 0.0, ""confidence"": [0.0, 0.4898908364545973], ""p_value"": 1.0, ""solo_contingency"": [[0, 4], [383, 24268]], ""contingency"": [[0, 4], [7558, 33979]]}",{}
NC00962.3,EMB-0.2-0.95,0.0,GARC1,RUS,EMB,embB@P866S,U,{},"{""proportion"": 0.0, ""confidence"": [0.0, 0.7934506856227626], ""p_value"": 1.0, ""solo_contingency"": [[0, 1], [383, 24268]], ""contingency"": [[1, 1], [7557, 33982]]}",{}
NC00962.3,EMB-0.2-0.95,0.0,GARC1,RUS,EMB,embA@S309A,U,{},"{""proportion"": 0.0, ""confidence"": [0.0, 0.7934506856227626], ""p_value"": 1.0, ""solo_contingency"": [[0, 1], [383, 24268]], ""contingency"": [[0, 1], [7558, 33982]]}",{}
NC00962.3,EMB-0.2-0.95,0.0,GARC1,RUS,EMB,embB@T126N,U,{},"{""proportion"": 0.0, ""confidence"": [0.0, 0.6576197724933469], ""p_value"": 1.0, ""solo_contingency"": [[0, 2], [383, 24268]], ""contingency"": [[1, 2], [7557, 33981]]}",{}
NC00962.3,EMB-0.2-0.95,0.0,GARC1,RUS,EMB,embB@P824L,U,{},"{""proportion"": 0.0, ""confidence"": [0.0, 0.6576197724933469], ""p_value"": 1.0, ""solo_contingency"": [[0, 2], [383, 24268]], ""contingency"": [[0, 2], [7558, 33981]]}",{}
NC00962.3,EMB-0.2-0.95,0.0,GARC1,RUS,EMB,embA@V1074A,U,{},"{""proportion"": 0.0, ""confidence"": [0.0, 0.7934506856227626], ""p_value"": 1.0, ""solo_contingency"": [[0, 1], [383, 24268]], ""contingency"": [[0, 1], [7558, 33982]]}",{}
NC00962.3,EMB-0.2-0.95,0.0,GARC1,RUS,EMB,embB@G374E,U,{},"{""proportion"": 0.0, ""confidence"": [0.0, 0.6576197724933469], ""p_value"": 1.0, ""solo_contingency"": [[0, 2], [383, 24268]], ""contingency"": [[0, 3], [7558, 33980]]}",{}
NC00962.3,EMB-0.2-0.95,0.0,GARC1,RUS,EMB,embA@K816N,U,{},"{""proportion"": 0.0, ""confidence"": [0.0, 0.6576197724933469], ""p_value"": 1.0, ""solo_contingency"": [[0, 2], [383, 24268]], ""contingency"": [[0, 3], [7558, 33980]]}",{}
NC00962.3,EMB-0.2-0.95,0.0,GARC1,RUS,EMB,embB@A33P,U,{},"{""proportion"": 0.0, ""confidence"": [0.0, 0.7934506856227626], ""p_value"": 1.0, ""solo_contingency"": [[0, 1], [383, 24268]], ""contingency"": [[0, 1], [7558, 33982]]}",{}
NC00962.3,EMB-0.2-0.95,0.0,GARC1,RUS,EMB,embA@Y289C,U,{},"{""proportion"": 0.0, ""confidence"": [0.0, 0.7934506856227626], ""p_value"": 1.0, ""solo_contingency"": [[0, 1], [383, 24268]], ""contingency"": [[0, 1], [7558, 33982]]}",{}
NC00962.3,EMB-0.2-0.95,0.0,GARC1,RUS,EMB,embB@T216A,U,{},"{""proportion"": 0.0, ""confidence"": [0.0, 0.6576197724933469], ""p_value"": 1.0, ""solo_contingency"": [[0, 2], [383, 24268]], ""contingency"": [[0, 2], [7558, 33981]]}",{}
NC00962.3,EMB-0.2-0.95,0.0,GARC1,RUS,EMB,embA@R325C,U,{},"{""proportion"": 0.0, ""confidence"": [0.0, 0.7934506856227626], ""p_value"": 1.0, ""solo_contingency"": [[0, 1], [383, 24268]], ""contingency"": [[0, 1], [7558, 33982]]}",{}
NC00962.3,EMB-0.2-0.95,0.0,GARC1,RUS,EMB,embA@P1094T,U,{},"{""proportion"": 0.0, ""confidence"": [0.0, 0.7934506856227626], ""p_value"": 1.0, ""solo_contingency"": [[0, 1], [383, 24268]], ""contingency"": [[0, 1], [7558, 33982]]}",{}
NC00962.3,EMB-0.2-0.95,0.0,GARC1,RUS,EMB,embB@M586V,U,{},"{""proportion"": 0.0, ""confidence"": [0.0, 0.7934506856227626], ""p_value"": 1.0, ""solo_contingency"": [[0, 1], [383, 24268]], ""contingency"": [[0, 1], [7558, 33982]]}",{}
NC00962.3,EMB-0.2-0.95,0.0,GARC1,RUS,EMB,embA@-41_del_a,U,{},"{""proportion"": 0.0, ""confidence"": [0.0, 0.7934506856227626], ""p_value"": 1.0, ""solo_contingency"": [[0, 1], [383, 24268]], ""contingency"": [[13, 1], [7545, 33982]]}",{}
NC00962.3,EMB-0.2-0.95,0.0,GARC1,RUS,EMB,embB@D870N,U,{},"{""proportion"": 0.0, ""confidence"": [4.8683609171202235e-17, 0.5614970317550455], ""p_value"": 1.0, ""solo_contingency"": [[0, 3], [383, 24268]], ""contingency"": [[0, 3], [7558, 33980]]}",{}
NC00962.3,EMB-0.2-0.95,0.0,GARC1,RUS,EMB,embB@A601P,U,{},"{""proportion"": 0.0, ""confidence"": [0.0, 0.7934506856227626], ""p_value"": 1.0, ""solo_contingency"": [[0, 1], [383, 24268]], ""contingency"": [[0, 2], [7558, 33981]]}",{}
NC00962.3,EMB-0.2-0.95,0.0,GARC1,RUS,EMB,embB@T849A,U,{},"{""proportion"": 0.0, ""confidence"": [0.0, 0.4898908364545973], ""p_value"": 1.0, ""solo_contingency"": [[0, 4], [383, 24268]], ""contingency"": [[0, 4], [7558, 33979]]}",{}
NC00962.3,EMB-0.2-0.95,0.0,GARC1,RUS,EMB,embB@G769A,U,{},"{""proportion"": 0.0, ""confidence"": [0.0, 0.7934506856227626], ""p_value"": 1.0, ""solo_contingency"": [[0, 1], [383, 24268]], ""contingency"": [[0, 1], [7558, 33982]]}",{}
NC00962.3,EMB-0.2-0.95,0.0,GARC1,RUS,EMB,embB@R14Q,U,{},"{""proportion"": 0.16666666666666666, ""confidence"": [0.030053369748306632, 0.5635028221864702], ""p_value"": 1.0, ""solo_contingency"": [[1, 5], [383, 24268]], ""contingency"": [[6, 11], [7552, 33972]]}",{}
NC00962.3,EMB-0.2-0.95,0.0,GARC1,RUS,EMB,embB@S22P,U,{},"{""proportion"": 0.0, ""confidence"": [0.0, 0.7934506856227626], ""p_value"": 1.0, ""solo_contingency"": [[0, 1], [383, 24268]], ""contingency"": [[0, 1], [7558, 33982]]}",{}
NC00962.3,EMB-0.2-0.95,0.0,GARC1,RUS,EMB,embB@R741W,U,{},"{""proportion"": 0.0, ""confidence"": [0.0, 0.7934506856227626], ""p_value"": 1.0, ""solo_contingency"": [[0, 1], [383, 24268]], ""contingency"": [[0, 14], [7558, 33969]]}",{}
NC00962.3,EMB-0.2-0.95,0.0,GARC1,RUS,EMB,embB@A102S,U,{},"{""proportion"": 0.0, ""confidence"": [0.0, 0.7934506856227626], ""p_value"": 1.0, ""solo_contingency"": [[0, 1], [383, 24268]], ""contingency"": [[0, 1], [7558, 33982]]}",{}
NC00962.3,EMB-0.2-0.95,0.0,GARC1,RUS,EMB,embB@P818L,U,{},"{""proportion"": 0.0, ""confidence"": [0.0, 0.7934506856227626], ""p_value"": 1.0, ""solo_contingency"": [[0, 1], [383, 24268]], ""contingency"": [[0, 1], [7558, 33982]]}",{}
NC00962.3,EMB-0.2-0.95,0.0,GARC1,RUS,EMB,embB@V417A,U,{},"{""proportion"": 0.0, ""confidence"": [4.8683609171202235e-17, 0.5614970317550455], ""p_value"": 1.0, ""solo_contingency"": [[0, 3], [383, 24268]], ""contingency"": [[0, 3], [7558, 33980]]}",{}
NC00962.3,EMB-0.2-0.95,0.0,GARC1,RUS,EMB,embA@I155V,U,{},"{""proportion"": 0.0, ""confidence"": [3.584186086443356e-17, 0.3543304350666874], ""p_value"": 0.35774719999999993, ""solo_contingency"": [[0, 7], [383, 24268]], ""contingency"": [[0, 7], [7558, 33976]]}",{}
NC00962.3,EMB-0.2-0.95,0.0,GARC1,RUS,EMB,embA@F577Y,U,{},"{""proportion"": 1.0, ""confidence"": [0.20654931437723742, 1.0], ""p_value"": 0.2, ""solo_contingency"": [[1, 0], [383, 24268]], ""contingency"": [[1, 0], [7557, 33983]]}",{}
NC00962.3,EMB-0.2-0.95,0.0,GARC1,RUS,EMB,embA@A921E,U,{},"{""proportion"": 0.0, ""confidence"": [0.0, 0.7934506856227626], ""p_value"": 1.0, ""solo_contingency"": [[0, 1], [383, 24268]], ""contingency"": [[0, 1], [7558, 33982]]}",{}
NC00962.3,EMB-0.2-0.95,0.0,GARC1,RUS,EMB,embB@A1083E,U,{},"{""proportion"": 0.0, ""confidence"": [0.0, 0.6576197724933469], ""p_value"": 1.0, ""solo_contingency"": [[0, 2], [383, 24268]], ""contingency"": [[0, 2], [7558, 33981]]}",{}
NC00962.3,EMB-0.2-0.95,0.0,GARC1,RUS,EMB,embB@V618M,U,{},"{""proportion"": 0.07142857142857142, ""confidence"": [0.012722215247890944, 0.31468704424151117], ""p_value"": 0.32775171883008025, ""solo_contingency"": [[1, 13], [383, 24268]], ""contingency"": [[1, 18], [7557, 33965]]}",{}
NC00962.3,EMB-0.2-0.95,0.0,GARC1,RUS,EMB,embA@G759R,U,{},"{""proportion"": 0.0, ""confidence"": [0.0, 0.7934506856227626], ""p_value"": 1.0, ""solo_contingency"": [[0, 1], [383, 24268]], ""contingency"": [[3, 1], [7555, 33982]]}",{}
NC00962.3,EMB-0.2-0.95,0.0,GARC1,RUS,EMB,embB@S347I,U,{},"{""proportion"": 0.25, ""confidence"": [0.045587260809700575, 0.6993581574175981], ""p_value"": 1.0, ""solo_contingency"": [[1, 3], [383, 24268]], ""contingency"": [[4, 4], [7554, 33979]]}",{}
NC00962.3,EMB-0.2-0.95,0.0,GARC1,RUS,EMB,embA@A331S,U,{},"{""proportion"": 0.0, ""confidence"": [0.0, 0.7934506856227626], ""p_value"": 1.0, ""solo_contingency"": [[0, 1], [383, 24268]], ""contingency"": [[0, 1], [7558, 33982]]}",{}
NC00962.3,EMB-0.2-0.95,0.0,GARC1,RUS,EMB,embA@V98L,U,{},"{""proportion"": 0.0, ""confidence"": [0.0, 0.6576197724933469], ""p_value"": 1.0, ""solo_contingency"": [[0, 2], [383, 24268]], ""contingency"": [[0, 2], [7558, 33981]]}",{}
NC00962.3,EMB-0.2-0.95,0.0,GARC1,RUS,EMB,embB@I32T,U,{},"{""proportion"": 0.0, ""confidence"": [0.0, 0.4898908364545973], ""p_value"": 1.0, ""solo_contingency"": [[0, 4], [383, 24268]], ""contingency"": [[0, 4], [7558, 33979]]}",{}
NC00962.3,EMB-0.2-0.95,0.0,GARC1,RUS,EMB,embB@T643P,U,{},"{""proportion"": 0.0, ""confidence"": [0.0, 0.7934506856227626], ""p_value"": 1.0, ""solo_contingency"": [[0, 1], [383, 24268]], ""contingency"": [[0, 1], [7558, 33982]]}",{}
NC00962.3,EMB-0.2-0.95,0.0,GARC1,RUS,EMB,embA@D678A,U,{},"{""proportion"": 0.0, ""confidence"": [0.0, 0.7934506856227626], ""p_value"": 1.0, ""solo_contingency"": [[0, 1], [383, 24268]], ""contingency"": [[0, 1], [7558, 33982]]}",{}
NC00962.3,EMB-0.2-0.95,0.0,GARC1,RUS,EMB,embA@V531L,U,{},"{""proportion"": 0.0, ""confidence"": [3.584186086443356e-17, 0.3543304350666874], ""p_value"": 0.35774719999999993, ""solo_contingency"": [[0, 7], [383, 24268]], ""contingency"": [[5, 13], [7553, 33970]]}",{}
NC00962.3,EMB-0.2-0.95,0.0,GARC1,RUS,EMB,embB@W332R,U,{},"{""proportion"": 0.2857142857142857, ""confidence"": [0.0822189240040568, 0.6410655481673808], ""p_value"": 0.6329984000000002, ""solo_contingency"": [[2, 5], [383, 24268]], ""contingency"": [[10, 9], [7548, 33974]]}",{}
NC00962.3,EMB-0.2-0.95,0.0,GARC1,RUS,EMB,embA@P976L,U,{},"{""proportion"": 0.0, ""confidence"": [0.0, 0.7934506856227626], ""p_value"": 1.0, ""solo_contingency"": [[0, 1], [383, 24268]], ""contingency"": [[0, 1], [7558, 33982]]}",{}
NC00962.3,EMB-0.2-0.95,0.0,GARC1,RUS,EMB,embA@Q858R,U,{},"{""proportion"": 0.0, ""confidence"": [0.0, 0.6576197724933469], ""p_value"": 1.0, ""solo_contingency"": [[0, 2], [383, 24268]], ""contingency"": [[1, 2], [7557, 33981]]}",{}
NC00962.3,EMB-0.2-0.95,0.0,GARC1,RUS,EMB,embA@P838L,U,{},"{""proportion"": 0.0, ""confidence"": [0.0, 0.6576197724933469], ""p_value"": 1.0, ""solo_contingency"": [[0, 2], [383, 24268]], ""contingency"": [[0, 3], [7558, 33980]]}",{}
NC00962.3,EMB-0.2-0.95,0.0,GARC1,RUS,EMB,embA@P1094S,U,{},"{""proportion"": 0.0, ""confidence"": [4.8683609171202235e-17, 0.5614970317550455], ""p_value"": 1.0, ""solo_contingency"": [[0, 3], [383, 24268]], ""contingency"": [[0, 3], [7558, 33980]]}",{}
NC00962.3,EMB-0.2-0.95,0.0,GARC1,RUS,EMB,embB@R173C,U,{},"{""proportion"": 0.0, ""confidence"": [0.0, 0.7934506856227626], ""p_value"": 1.0, ""solo_contingency"": [[0, 1], [383, 24268]], ""contingency"": [[0, 1], [7558, 33982]]}",{}
NC00962.3,EMB-0.2-0.95,0.0,GARC1,RUS,EMB,embB@L410P,U,{},"{""proportion"": 1.0, ""confidence"": [0.20654931437723742, 1.0], ""p_value"": 0.2, ""solo_contingency"": [[1, 0], [383, 24268]], ""contingency"": [[2, 0], [7556, 33983]]}",{}
NC00962.3,EMB-0.2-0.95,0.0,GARC1,RUS,EMB,embB@P531H,U,{},"{""proportion"": 0.0, ""confidence"": [0.0, 0.7934506856227626], ""p_value"": 1.0, ""solo_contingency"": [[0, 1], [383, 24268]], ""contingency"": [[0, 1], [7558, 33982]]}",{}
NC00962.3,EMB-0.2-0.95,0.0,GARC1,RUS,EMB,embA@P327S,U,{},"{""proportion"": 0.0, ""confidence"": [0.0, 0.7934506856227626], ""p_value"": 1.0, ""solo_contingency"": [[0, 1], [383, 24268]], ""contingency"": [[0, 1], [7558, 33982]]}",{}
NC00962.3,EMB-0.2-0.95,0.0,GARC1,RUS,EMB,embA@g-43t,U,{},"{""proportion"": 0.0, ""confidence"": [0.0, 0.7934506856227626], ""p_value"": 1.0, ""solo_contingency"": [[0, 1], [383, 24268]], ""contingency"": [[5, 1], [7553, 33982]]}",{}
NC00962.3,EMB-0.2-0.95,0.0,GARC1,RUS,EMB,embA@G350A,U,{},"{""proportion"": 0.0, ""confidence"": [0.0, 0.7934506856227626], ""p_value"": 1.0, ""solo_contingency"": [[0, 1], [383, 24268]], ""contingency"": [[0, 1], [7558, 33982]]}",{}
NC00962.3,EMB-0.2-0.95,0.0,GARC1,RUS,EMB,embA@A557T,U,{},"{""proportion"": 0.0, ""confidence"": [0.0, 0.7934506856227626], ""p_value"": 1.0, ""solo_contingency"": [[0, 1], [383, 24268]], ""contingency"": [[0, 2], [7558, 33981]]}",{}
NC00962.3,EMB-0.2-0.95,0.0,GARC1,RUS,EMB,embB@V283M,U,{},"{""proportion"": 0.0, ""confidence"": [3.584186086443356e-17, 0.3543304350666874], ""p_value"": 0.35774719999999993, ""solo_contingency"": [[0, 7], [383, 24268]], ""contingency"": [[0, 13], [7558, 33970]]}",{}
NC00962.3,EMB-0.2-0.95,0.0,GARC1,RUS,EMB,embA@L208F,U,{},"{""proportion"": 0.0, ""confidence"": [0.0, 0.6576197724933469], ""p_value"": 1.0, ""solo_contingency"": [[0, 2], [383, 24268]], ""contingency"": [[1, 2], [7557, 33981]]}",{}
NC00962.3,EMB-0.2-0.95,0.0,GARC1,RUS,EMB,embA@G332E,U,{},"{""proportion"": 0.0, ""confidence"": [4.8683609171202235e-17, 0.5614970317550455], ""p_value"": 1.0, ""solo_contingency"": [[0, 3], [383, 24268]], ""contingency"": [[0, 3], [7558, 33980]]}",{}
NC00962.3,EMB-0.2-0.95,0.0,GARC1,RUS,EMB,embB@L953M,U,{},"{""proportion"": 0.0, ""confidence"": [0.0, 0.7934506856227626], ""p_value"": 1.0, ""solo_contingency"": [[0, 1], [383, 24268]], ""contingency"": [[0, 1], [7558, 33982]]}",{}
NC00962.3,EMB-0.2-0.95,0.0,GARC1,RUS,EMB,embA@E508K,U,{},"{""proportion"": 0.0, ""confidence"": [0.0, 0.7934506856227626], ""p_value"": 1.0, ""solo_contingency"": [[0, 1], [383, 24268]], ""contingency"": [[0, 1], [7558, 33982]]}",{}
NC00962.3,EMB-0.2-0.95,0.0,GARC1,RUS,EMB,embB@A438T,U,{},"{""proportion"": 0.0, ""confidence"": [4.8683609171202235e-17, 0.5614970317550455], ""p_value"": 1.0, ""solo_contingency"": [[0, 3], [383, 24268]], ""contingency"": [[0, 3], [7558, 33980]]}",{}
NC00962.3,EMB-0.2-0.95,0.0,GARC1,RUS,EMB,embA@I655T,U,{},"{""proportion"": 0.0, ""confidence"": [0.0, 0.7934506856227626], ""p_value"": 1.0, ""solo_contingency"": [[0, 1], [383, 24268]], ""contingency"": [[1, 1], [7557, 33982]]}",{}
NC00962.3,EMB-0.2-0.95,0.0,GARC1,RUS,EMB,embA@L215P,U,{},"{""proportion"": 0.0, ""confidence"": [0.0, 0.4898908364545973], ""p_value"": 1.0, ""solo_contingency"": [[0, 4], [383, 24268]], ""contingency"": [[0, 4], [7558, 33979]]}",{}
NC00962.3,EMB-0.2-0.95,0.0,GARC1,RUS,EMB,embB@V456A,U,{},"{""proportion"": 0.0, ""confidence"": [0.0, 0.6576197724933469], ""p_value"": 1.0, ""solo_contingency"": [[0, 2], [383, 24268]], ""contingency"": [[62, 12], [7496, 33971]]}",{}
NC00962.3,EMB-0.2-0.95,0.0,GARC1,RUS,EMB,embA@A1072T,U,{},"{""proportion"": 0.0, ""confidence"": [0.0, 0.6576197724933469], ""p_value"": 1.0, ""solo_contingency"": [[0, 2], [383, 24268]], ""contingency"": [[1, 2], [7557, 33981]]}",{}
NC00962.3,EMB-0.2-0.95,0.0,GARC1,RUS,EMB,embB@P12Q,U,{},"{""proportion"": 0.0, ""confidence"": [0.0, 0.4898908364545973], ""p_value"": 1.0, ""solo_contingency"": [[0, 4], [383, 24268]], ""contingency"": [[35, 212], [7523, 33771]]}",{}
NC00962.3,EMB-0.2-0.95,0.0,GARC1,RUS,EMB,embB@K882E,U,{},"{""proportion"": 0.0, ""confidence"": [0.0, 0.7934506856227626], ""p_value"": 1.0, ""solo_contingency"": [[0, 1], [383, 24268]], ""contingency"": [[0, 1], [7558, 33982]]}",{}
NC00962.3,EMB-0.2-0.95,0.0,GARC1,RUS,EMB,embA@G771D,U,{},"{""proportion"": 0.0, ""confidence"": [0.0, 0.7934506856227626], ""p_value"": 1.0, ""solo_contingency"": [[0, 1], [383, 24268]], ""contingency"": [[0, 1], [7558, 33982]]}",{}
NC00962.3,EMB-0.2-0.95,0.0,GARC1,RUS,EMB,embA@c-23t,U,{},"{""proportion"": 0.0, ""confidence"": [0.0, 0.7934506856227626], ""p_value"": 1.0, ""solo_contingency"": [[0, 1], [383, 24268]], ""contingency"": [[0, 1], [7558, 33982]]}",{}
NC00962.3,EMB-0.2-0.95,0.0,GARC1,RUS,EMB,embA@g-17a,U,{},"{""proportion"": 0.05263157894736842, ""confidence"": [0.009351994062300369, 0.2463873116689879], ""p_value"": 0.15046629904073372, ""solo_contingency"": [[1, 18], [383, 24268]], ""contingency"": [[8, 26], [7550, 33957]]}",{}
NC00962.3,EMB-0.2-0.95,0.0,GARC1,RUS,EMB,embB@V77L,U,{},"{""proportion"": 0.0, ""confidence"": [0.0, 0.7934506856227626], ""p_value"": 1.0, ""solo_contingency"": [[0, 1], [383, 24268]], ""contingency"": [[0, 1], [7558, 33982]]}",{}
NC00962.3,EMB-0.2-0.95,0.0,GARC1,RUS,EMB,embA@V394A,U,{},"{""proportion"": 0.0, ""confidence"": [0.0, 0.7934506856227626], ""p_value"": 1.0, ""solo_contingency"": [[0, 1], [383, 24268]], ""contingency"": [[0, 1], [7558, 33982]]}",{}
NC00962.3,EMB-0.2-0.95,0.0,GARC1,RUS,EMB,embA@F471L,U,{},"{""proportion"": 0.0, ""confidence"": [4.8683609171202235e-17, 0.5614970317550455], ""p_value"": 1.0, ""solo_contingency"": [[0, 3], [383, 24268]], ""contingency"": [[0, 3], [7558, 33980]]}",{}
NC00962.3,EMB-0.2-0.95,0.0,GARC1,RUS,EMB,embA@G180R,U,{},"{""proportion"": 0.0, ""confidence"": [0.0, 0.6576197724933469], ""p_value"": 1.0, ""solo_contingency"": [[0, 2], [383, 24268]], ""contingency"": [[0, 2], [7558, 33981]]}",{}
NC00962.3,EMB-0.2-0.95,0.0,GARC1,RUS,EMB,embA@N803K,U,{},"{""proportion"": 0.0, ""confidence"": [0.0, 0.6576197724933469], ""p_value"": 1.0, ""solo_contingency"": [[0, 2], [383, 24268]], ""contingency"": [[0, 2], [7558, 33981]]}",{}
NC00962.3,EMB-0.2-0.95,0.0,GARC1,RUS,EMB,embA@A328D,U,{},"{""proportion"": 0.0, ""confidence"": [0.0, 0.7934506856227626], ""p_value"": 1.0, ""solo_contingency"": [[0, 1], [383, 24268]], ""contingency"": [[0, 1], [7558, 33982]]}",{}
NC00962.3,EMB-0.2-0.95,0.0,GARC1,RUS,EMB,embB@S480L,U,{},"{""proportion"": 0.0, ""confidence"": [0.0, 0.6576197724933469], ""p_value"": 1.0, ""solo_contingency"": [[0, 2], [383, 24268]], ""contingency"": [[0, 2], [7558, 33981]]}",{}
NC00962.3,EMB-0.2-0.95,0.0,GARC1,RUS,EMB,embA@D737E,U,{},"{""proportion"": 0.0, ""confidence"": [0.0, 0.7934506856227626], ""p_value"": 1.0, ""solo_contingency"": [[0, 1], [383, 24268]], ""contingency"": [[0, 1], [7558, 33982]]}",{}
NC00962.3,EMB-0.2-0.95,0.0,GARC1,RUS,EMB,embB@G175R,U,{},"{""proportion"": 0.0, ""confidence"": [4.8683609171202235e-17, 0.5614970317550455], ""p_value"": 1.0, ""solo_contingency"": [[0, 3], [383, 24268]], ""contingency"": [[0, 3], [7558, 33980]]}",{}
NC00962.3,EMB-0.2-0.95,0.0,GARC1,RUS,EMB,embB@A221S,U,{},"{""proportion"": 1.0, ""confidence"": [0.20654931437723742, 1.0], ""p_value"": 0.2, ""solo_contingency"": [[1, 0], [383, 24268]], ""contingency"": [[1, 0], [7557, 33983]]}",{}
NC00962.3,EMB-0.2-0.95,0.0,GARC1,RUS,EMB,embA@D273G,U,{},"{""proportion"": 0.0, ""confidence"": [4.8683609171202235e-17, 0.5614970317550455], ""p_value"": 1.0, ""solo_contingency"": [[0, 3], [383, 24268]], ""contingency"": [[0, 3], [7558, 33980]]}",{}
NC00962.3,EMB-0.2-0.95,0.0,GARC1,RUS,EMB,embB@T275N,U,{},"{""proportion"": 0.0, ""confidence"": [0.0, 0.7934506856227626], ""p_value"": 1.0, ""solo_contingency"": [[0, 1], [383, 24268]], ""contingency"": [[0, 1], [7558, 33982]]}",{}
NC00962.3,EMB-0.2-0.95,0.0,GARC1,RUS,EMB,embB@R7T,U,{},"{""proportion"": 0.0, ""confidence"": [3.384324554477539e-17, 0.39033428790216534], ""p_value"": 0.6067840000000001, ""solo_contingency"": [[0, 6], [383, 24268]], ""contingency"": [[0, 7], [7558, 33976]]}",{}
NC00962.3,EMB-0.2-0.95,0.0,GARC1,RUS,EMB,embA@I155M,U,{},"{""proportion"": 0.0, ""confidence"": [0.0, 0.32440756488388023], ""p_value"": 0.37085440000000003, ""solo_contingency"": [[0, 8], [383, 24268]], ""contingency"": [[1, 12], [7557, 33971]]}",{}
NC00962.3,EMB-0.2-0.95,0.0,GARC1,RUS,EMB,embA@V283L,U,{},"{""proportion"": 0.0, ""confidence"": [0.0, 0.7934506856227626], ""p_value"": 1.0, ""solo_contingency"": [[0, 1], [383, 24268]], ""contingency"": [[0, 1], [7558, 33982]]}",{}
NC00962.3,EMB-0.2-0.95,0.0,GARC1,RUS,EMB,embA@P645L,U,{},"{""proportion"": 0.0, ""confidence"": [4.8683609171202235e-17, 0.5614970317550455], ""p_value"": 1.0, ""solo_contingency"": [[0, 3], [383, 24268]], ""contingency"": [[1, 3], [7557, 33980]]}",{}
NC00962.3,EMB-0.2-0.95,0.0,GARC1,RUS,EMB,embB@L686V,U,{},"{""proportion"": 0.0, ""confidence"": [0.0, 0.7934506856227626], ""p_value"": 1.0, ""solo_contingency"": [[0, 1], [383, 24268]], ""contingency"": [[0, 1], [7558, 33982]]}",{}
NC00962.3,EMB-0.2-0.95,0.0,GARC1,RUS,EMB,embB@D1056E,U,{},"{""proportion"": 0.0, ""confidence"": [0.0, 0.4898908364545973], ""p_value"": 1.0, ""solo_contingency"": [[0, 4], [383, 24268]], ""contingency"": [[0, 4], [7558, 33979]]}",{}
NC00962.3,EMB-0.2-0.95,0.0,GARC1,RUS,EMB,embB@V783I,U,{},"{""proportion"": 0.0, ""confidence"": [0.0, 0.7934506856227626], ""p_value"": 1.0, ""solo_contingency"": [[0, 1], [383, 24268]], ""contingency"": [[0, 2], [7558, 33981]]}",{}
NC00962.3,EMB-0.2-0.95,0.0,GARC1,RUS,EMB,embA@A549P,U,{},"{""proportion"": 0.0, ""confidence"": [0.0, 0.6576197724933469], ""p_value"": 1.0, ""solo_contingency"": [[0, 2], [383, 24268]], ""contingency"": [[0, 2], [7558, 33981]]}",{}
NC00962.3,EMB-0.2-0.95,0.0,GARC1,RUS,EMB,embA@V583A,U,{},"{""proportion"": 0.0, ""confidence"": [0.0, 0.7934506856227626], ""p_value"": 1.0, ""solo_contingency"": [[0, 1], [383, 24268]], ""contingency"": [[0, 1], [7558, 33982]]}",{}
NC00962.3,EMB-0.2-0.95,0.0,GARC1,RUS,EMB,embA@H10P,U,{},"{""proportion"": 0.0, ""confidence"": [0.0, 0.6576197724933469], ""p_value"": 1.0, ""solo_contingency"": [[0, 2], [383, 24268]], ""contingency"": [[0, 3], [7558, 33980]]}",{}
NC00962.3,EMB-0.2-0.95,0.0,GARC1,RUS,EMB,embB@I303L,U,{},"{""proportion"": 0.0, ""confidence"": [3.384324554477539e-17, 0.39033428790216534], ""p_value"": 0.6067840000000001, ""solo_contingency"": [[0, 6], [383, 24268]], ""contingency"": [[2, 6], [7556, 33977]]}",{}
NC00962.3,EMB-0.2-0.95,0.0,GARC1,RUS,EMB,embA@A617T,U,{},"{""proportion"": 0.0, ""confidence"": [0.0, 0.7934506856227626], ""p_value"": 1.0, ""solo_contingency"": [[0, 1], [383, 24268]], ""contingency"": [[0, 1], [7558, 33982]]}",{}
NC00962.3,EMB-0.2-0.95,0.0,GARC1,RUS,EMB,embA@A852S,U,{},"{""proportion"": 0.0, ""confidence"": [0.0, 0.6576197724933469], ""p_value"": 1.0, ""solo_contingency"": [[0, 2], [383, 24268]], ""contingency"": [[0, 2], [7558, 33981]]}",{}
NC00962.3,EMB-0.2-0.95,0.0,GARC1,RUS,EMB,embB@T643I,U,{},"{""proportion"": 0.0, ""confidence"": [0.0, 0.32440756488388023], ""p_value"": 0.37085440000000003, ""solo_contingency"": [[0, 8], [383, 24268]], ""contingency"": [[2, 9], [7556, 33974]]}",{}
NC00962.3,EMB-0.2-0.95,0.0,GARC1,RUS,EMB,embA@-28_del_t,U,{},"{""proportion"": 0.0, ""confidence"": [0.0, 0.43448246478317476], ""p_value"": 0.5904, ""solo_contingency"": [[0, 5], [383, 24268]], ""contingency"": [[10, 7], [7548, 33976]]}",{}
NC00962.3,EMB-0.2-0.95,0.0,GARC1,RUS,EMB,embA@G403R,U,{},"{""proportion"": 0.0, ""confidence"": [0.0, 0.7934506856227626], ""p_value"": 1.0, ""solo_contingency"": [[0, 1], [383, 24268]], ""contingency"": [[0, 2], [7558, 33981]]}",{}
NC00962.3,EMB-0.2-0.95,0.0,GARC1,RUS,EMB,embA@A320V,U,{},"{""proportion"": 0.0, ""confidence"": [0.0, 0.7934506856227626], ""p_value"": 1.0, ""solo_contingency"": [[0, 1], [383, 24268]], ""contingency"": [[0, 1], [7558, 33982]]}",{}
NC00962.3,EMB-0.2-0.95,0.0,GARC1,RUS,EMB,embB@D240G,U,{},"{""proportion"": 0.0, ""confidence"": [4.8683609171202235e-17, 0.5614970317550455], ""p_value"": 1.0, ""solo_contingency"": [[0, 3], [383, 24268]], ""contingency"": [[0, 3], [7558, 33980]]}",{}
NC00962.3,EMB-0.2-0.95,0.0,GARC1,RUS,EMB,embA@N54D,U,{},"{""proportion"": 0.3333333333333333, ""confidence"": [0.09677141110578043, 0.7000066848616079], ""p_value"": 0.3446400000000002, ""solo_contingency"": [[2, 4], [383, 24268]], ""contingency"": [[65, 12], [7493, 33971]]}",{}
NC00962.3,EMB-0.2-0.95,0.0,GARC1,RUS,EMB,embB@P143S,U,{},"{""proportion"": 0.0, ""confidence"": [0.0, 0.6576197724933469], ""p_value"": 1.0, ""solo_contingency"": [[0, 2], [383, 24268]], ""contingency"": [[0, 2], [7558, 33981]]}",{}
NC00962.3,EMB-0.2-0.95,0.0,GARC1,RUS,EMB,embA@V479M,U,{},"{""proportion"": 0.0, ""confidence"": [0.0, 0.7934506856227626], ""p_value"": 1.0, ""solo_contingency"": [[0, 1], [383, 24268]], ""contingency"": [[0, 1], [7558, 33982]]}",{}
NC00962.3,EMB-0.2-0.95,0.0,GARC1,RUS,EMB,embB@Y319N,U,{},"{""proportion"": 0.0, ""confidence"": [0.0, 0.7934506856227626], ""p_value"": 1.0, ""solo_contingency"": [[0, 1], [383, 24268]], ""contingency"": [[0, 2], [7558, 33981]]}",{}
NC00962.3,EMB-0.2-0.95,0.0,GARC1,RUS,EMB,embB@D328H,U,{},"{""proportion"": 0.125, ""confidence"": [0.022417491450056667, 0.47088818221285345], ""p_value"": 1.0, ""solo_contingency"": [[1, 7], [383, 24268]], ""contingency"": [[4, 9], [7554, 33974]]}",{}
NC00962.3,EMB-0.2-0.95,0.0,GARC1,RUS,EMB,embB@V803M,U,{},"{""proportion"": 0.0, ""confidence"": [4.8683609171202235e-17, 0.5614970317550455], ""p_value"": 1.0, ""solo_contingency"": [[0, 3], [383, 24268]], ""contingency"": [[0, 3], [7558, 33980]]}",{}
NC00962.3,EMB-0.2-0.95,0.0,GARC1,RUS,EMB,embB@M389V,U,{},"{""proportion"": 0.0, ""confidence"": [0.0, 0.7934506856227626], ""p_value"": 1.0, ""solo_contingency"": [[0, 1], [383, 24268]], ""contingency"": [[0, 1], [7558, 33982]]}",{}
NC00962.3,EMB-0.2-0.95,0.0,GARC1,RUS,EMB,embB@E958A,U,{},"{""proportion"": 0.0, ""confidence"": [0.0, 0.43448246478317476], ""p_value"": 0.5904, ""solo_contingency"": [[0, 5], [383, 24268]], ""contingency"": [[0, 5], [7558, 33978]]}",{}
NC00962.3,EMB-0.2-0.95,0.0,GARC1,RUS,EMB,embB@A505V,U,{},"{""proportion"": 0.0, ""confidence"": [0.0, 0.6576197724933469], ""p_value"": 1.0, ""solo_contingency"": [[0, 2], [383, 24268]], ""contingency"": [[2, 3], [7556, 33980]]}",{}
NC00962.3,EMB-0.2-0.95,0.0,GARC1,RUS,EMB,embA@T238I,U,{},"{""proportion"": 0.0, ""confidence"": [0.0, 0.7934506856227626], ""p_value"": 1.0, ""solo_contingency"": [[0, 1], [383, 24268]], ""contingency"": [[0, 1], [7558, 33982]]}",{}
NC00962.3,EMB-0.2-0.95,0.0,GARC1,RUS,EMB,embA@G700C,U,{},"{""proportion"": 0.0, ""confidence"": [0.0, 0.7934506856227626], ""p_value"": 1.0, ""solo_contingency"": [[0, 1], [383, 24268]], ""contingency"": [[0, 1], [7558, 33982]]}",{}
NC00962.3,EMB-0.2-0.95,0.0,GARC1,RUS,EMB,embA@A721V,U,{},"{""proportion"": 0.0, ""confidence"": [0.0, 0.7934506856227626], ""p_value"": 1.0, ""solo_contingency"": [[0, 1], [383, 24268]], ""contingency"": [[0, 1], [7558, 33982]]}",{}
NC00962.3,EMB-0.2-0.95,0.0,GARC1,RUS,EMB,embA@D1053G,U,{},"{""proportion"": 0.0, ""confidence"": [4.8683609171202235e-17, 0.5614970317550455], ""p_value"": 1.0, ""solo_contingency"": [[0, 3], [383, 24268]], ""contingency"": [[0, 3], [7558, 33980]]}",{}
NC00962.3,EMB-0.2-0.95,0.0,GARC1,RUS,EMB,embA@E397G,U,{},"{""proportion"": 0.0, ""confidence"": [0.0, 0.7934506856227626], ""p_value"": 1.0, ""solo_contingency"": [[0, 1], [383, 24268]], ""contingency"": [[0, 1], [7558, 33982]]}",{}
NC00962.3,EMB-0.2-0.95,0.0,GARC1,RUS,EMB,embA@A955T,U,{},"{""proportion"": 0.0, ""confidence"": [0.0, 0.7934506856227626], ""p_value"": 1.0, ""solo_contingency"": [[0, 1], [383, 24268]], ""contingency"": [[0, 1], [7558, 33982]]}",{}
NC00962.3,EMB-0.2-0.95,0.0,GARC1,RUS,EMB,embA@Q1004P,U,{},"{""proportion"": 0.0, ""confidence"": [0.0, 0.20388330103584862], ""p_value"": 0.05324317907353598, ""solo_contingency"": [[0, 15], [383, 24268]], ""contingency"": [[0, 19], [7558, 33964]]}",{}
NC00962.3,EMB-0.2-0.95,0.0,GARC1,RUS,EMB,embA@G844R,U,{},"{""proportion"": 0.0, ""confidence"": [0.0, 0.7934506856227626], ""p_value"": 1.0, ""solo_contingency"": [[0, 1], [383, 24268]], ""contingency"": [[0, 1], [7558, 33982]]}",{}
NC00962.3,EMB-0.2-0.95,0.0,GARC1,RUS,EMB,embB@V414L,U,{},"{""proportion"": 0.0, ""confidence"": [0.0, 0.7934506856227626], ""p_value"": 1.0, ""solo_contingency"": [[0, 1], [383, 24268]], ""contingency"": [[0, 1], [7558, 33982]]}",{}
NC00962.3,EMB-0.2-0.95,0.0,GARC1,RUS,EMB,embB@T857A,U,{},"{""proportion"": 0.0, ""confidence"": [0.0, 0.7934506856227626], ""p_value"": 1.0, ""solo_contingency"": [[0, 1], [383, 24268]], ""contingency"": [[1, 1], [7557, 33982]]}",{}
NC00962.3,EMB-0.2-0.95,0.0,GARC1,RUS,EMB,embB@A454V,U,{},"{""proportion"": 1.0, ""confidence"": [0.20654931437723742, 1.0], ""p_value"": 0.2, ""solo_contingency"": [[1, 0], [383, 24268]], ""contingency"": [[1, 1], [7557, 33982]]}",{}
NC00962.3,EMB-0.2-0.95,0.0,GARC1,RUS,EMB,embB@G1081D,U,{},"{""proportion"": 0.0, ""confidence"": [0.0, 0.7934506856227626], ""p_value"": 1.0, ""solo_contingency"": [[0, 1], [383, 24268]], ""contingency"": [[0, 1], [7558, 33982]]}",{}
NC00962.3,EMB-0.2-0.95,0.0,GARC1,RUS,EMB,embA@G220E,U,{},"{""proportion"": 0.0, ""confidence"": [0.0, 0.4898908364545973], ""p_value"": 1.0, ""solo_contingency"": [[0, 4], [383, 24268]], ""contingency"": [[0, 4], [7558, 33979]]}",{}
NC00962.3,EMB-0.2-0.95,0.0,GARC1,RUS,EMB,embA@G135D,U,{},"{""proportion"": 0.0, ""confidence"": [0.0, 0.7934506856227626], ""p_value"": 1.0, ""solo_contingency"": [[0, 1], [383, 24268]], ""contingency"": [[1, 1], [7557, 33982]]}",{}
NC00962.3,EMB-0.2-0.95,0.0,GARC1,RUS,EMB,embB@S651C,U,{},"{""proportion"": 0.0, ""confidence"": [0.0, 0.6576197724933469], ""p_value"": 1.0, ""solo_contingency"": [[0, 2], [383, 24268]], ""contingency"": [[0, 2], [7558, 33981]]}",{}
NC00962.3,EMB-0.2-0.95,0.0,GARC1,RUS,EMB,embB@P1074A,U,{},"{""proportion"": 0.0, ""confidence"": [0.0, 0.7934506856227626], ""p_value"": 1.0, ""solo_contingency"": [[0, 1], [383, 24268]], ""contingency"": [[0, 1], [7558, 33982]]}",{}
NC00962.3,EMB-0.2-0.95,0.0,GARC1,RUS,EMB,embB@N886T,U,{},"{""proportion"": 0.0, ""confidence"": [4.8683609171202235e-17, 0.5614970317550455], ""p_value"": 1.0, ""solo_contingency"": [[0, 3], [383, 24268]], ""contingency"": [[0, 3], [7558, 33980]]}",{}
NC00962.3,EMB-0.2-0.95,0.0,GARC1,RUS,EMB,embA@A371T,U,{},"{""proportion"": 0.0, ""confidence"": [0.0, 0.7934506856227626], ""p_value"": 1.0, ""solo_contingency"": [[0, 1], [383, 24268]], ""contingency"": [[0, 1], [7558, 33982]]}",{}
NC00962.3,EMB-0.2-0.95,0.0,GARC1,RUS,EMB,embA@G321A,U,{},"{""proportion"": 0.0, ""confidence"": [0.0, 0.6576197724933469], ""p_value"": 1.0, ""solo_contingency"": [[0, 2], [383, 24268]], ""contingency"": [[0, 2], [7558, 33981]]}",{}
NC00962.3,EMB-0.2-0.95,0.0,GARC1,RUS,EMB,embB@F763V,U,{},"{""proportion"": 0.0, ""confidence"": [0.0, 0.7934506856227626], ""p_value"": 1.0, ""solo_contingency"": [[0, 1], [383, 24268]], ""contingency"": [[0, 1], [7558, 33982]]}",{}
NC00962.3,EMB-0.2-0.95,0.0,GARC1,RUS,EMB,embA@G352S,U,{},"{""proportion"": 0.0, ""confidence"": [0.0, 0.43448246478317476], ""p_value"": 0.5904, ""solo_contingency"": [[0, 5], [383, 24268]], ""contingency"": [[0, 6], [7558, 33977]]}",{}
NC00962.3,EMB-0.2-0.95,0.0,GARC1,RUS,EMB,embB@V77I,U,{},"{""proportion"": 0.0, ""confidence"": [4.8683609171202235e-17, 0.5614970317550455], ""p_value"": 1.0, ""solo_contingency"": [[0, 3], [383, 24268]], ""contingency"": [[1, 4], [7557, 33979]]}",{}
NC00962.3,EMB-0.2-0.95,0.0,GARC1,RUS,EMB,embA@N376D,U,{},"{""proportion"": 0.0, ""confidence"": [0.0, 0.7934506856227626], ""p_value"": 1.0, ""solo_contingency"": [[0, 1], [383, 24268]], ""contingency"": [[0, 1], [7558, 33982]]}",{}
NC00962.3,EMB-0.2-0.95,0.0,GARC1,RUS,EMB,embA@g-76c,U,{},"{""proportion"": 0.1, ""confidence"": [0.03459988874733419, 0.2562108257918408], ""p_value"": 0.25136156030820767, ""solo_contingency"": [[3, 27], [383, 24268]], ""contingency"": [[3, 27], [7555, 33956]]}",{}
NC00962.3,EMB-0.2-0.95,0.0,GARC1,RUS,EMB,embA@V125E,U,{},"{""proportion"": 0.0, ""confidence"": [0.0, 0.6576197724933469], ""p_value"": 1.0, ""solo_contingency"": [[0, 2], [383, 24268]], ""contingency"": [[0, 2], [7558, 33981]]}",{}
NC00962.3,EMB-0.2-0.95,0.0,GARC1,RUS,EMB,embB@A604G,U,{},"{""proportion"": 0.0, ""confidence"": [0.0, 0.6576197724933469], ""p_value"": 1.0, ""solo_contingency"": [[0, 2], [383, 24268]], ""contingency"": [[2, 3], [7556, 33980]]}",{}
NC00962.3,EMB-0.2-0.95,0.0,GARC1,RUS,EMB,embB@G603R,U,{},"{""proportion"": 0.1111111111111111, ""confidence"": [0.019890887638544918, 0.434999705576656], ""p_value"": 1.0, ""solo_contingency"": [[1, 8], [383, 24268]], ""contingency"": [[3, 16], [7555, 33967]]}",{}
NC00962.3,EMB-0.2-0.95,0.0,GARC1,RUS,EMB,embB@D1056A,U,{},"{""proportion"": 1.0, ""confidence"": [0.20654931437723742, 1.0], ""p_value"": 0.2, ""solo_contingency"": [[1, 0], [383, 24268]], ""contingency"": [[2, 1], [7556, 33982]]}",{}
NC00962.3,EMB-0.2-0.95,0.0,GARC1,RUS,EMB,embB@G100S,U,{},"{""proportion"": 0.0, ""confidence"": [0.0, 0.32440756488388023], ""p_value"": 0.37085440000000003, ""solo_contingency"": [[0, 8], [383, 24268]], ""contingency"": [[2, 8], [7556, 33975]]}",{}
NC00962.3,EMB-0.2-0.95,0.0,GARC1,RUS,EMB,embB@E378D,U,{},"{""proportion"": 0.0, ""confidence"": [0.0, 0.7934506856227626], ""p_value"": 1.0, ""solo_contingency"": [[0, 1], [383, 24268]], ""contingency"": [[0, 1], [7558, 33982]]}",{}
NC00962.3,EMB-0.2-0.95,0.0,GARC1,RUS,EMB,embB@T498N,U,{},"{""proportion"": 0.0, ""confidence"": [0.0, 0.4898908364545973], ""p_value"": 1.0, ""solo_contingency"": [[0, 4], [383, 24268]], ""contingency"": [[0, 5], [7558, 33978]]}",{}
NC00962.3,EMB-0.2-0.95,0.0,GARC1,RUS,EMB,embB@P136S,U,{},"{""proportion"": 0.0, ""confidence"": [0.0, 0.6576197724933469], ""p_value"": 1.0, ""solo_contingency"": [[0, 2], [383, 24268]], ""contingency"": [[0, 2], [7558, 33981]]}",{}
NC00962.3,EMB-0.2-0.95,0.0,GARC1,RUS,EMB,embA@A316P,U,{},"{""proportion"": 0.0, ""confidence"": [0.0, 0.7934506856227626], ""p_value"": 1.0, ""solo_contingency"": [[0, 1], [383, 24268]], ""contingency"": [[0, 1], [7558, 33982]]}",{}
NC00962.3,EMB-0.2-0.95,0.0,GARC1,RUS,EMB,embB@A113T,U,{},"{""proportion"": 0.0, ""confidence"": [0.0, 0.7934506856227626], ""p_value"": 1.0, ""solo_contingency"": [[0, 1], [383, 24268]], ""contingency"": [[0, 1], [7558, 33982]]}",{}
NC00962.3,EMB-0.2-0.95,0.0,GARC1,RUS,EMB,embB@P1091Q,U,{},"{""proportion"": 0.0, ""confidence"": [0.0, 0.7934506856227626], ""p_value"": 1.0, ""solo_contingency"": [[0, 1], [383, 24268]], ""contingency"": [[0, 2], [7558, 33981]]}",{}
NC00962.3,EMB-0.2-0.95,0.0,GARC1,RUS,EMB,embA@-26_del_a,U,{},"{""proportion"": 1.0, ""confidence"": [0.20654931437723742, 1.0], ""p_value"": 0.2, ""solo_contingency"": [[1, 0], [383, 24268]], ""contingency"": [[10, 3], [7548, 33980]]}",{}
NC00962.3,EMB-0.2-0.95,0.0,GARC1,RUS,EMB,embA@D4Y,U,{},"{""proportion"": 0.0, ""confidence"": [0.0, 0.7934506856227626], ""p_value"": 1.0, ""solo_contingency"": [[0, 1], [383, 24268]], ""contingency"": [[0, 1], [7558, 33982]]}",{}
NC00962.3,EMB-0.2-0.95,0.0,GARC1,RUS,EMB,embB@E504D,U,{},"{""proportion"": 0.5, ""confidence"": [0.15003898915214947, 0.8499610108478506], ""p_value"": 0.18080000000000004, ""solo_contingency"": [[2, 2], [383, 24268]], ""contingency"": [[15, 10], [7543, 33973]]}",{}
NC00962.3,EMB-0.2-0.95,0.0,GARC1,RUS,EMB,embA@T899S,U,{},"{""proportion"": 0.0, ""confidence"": [0.0, 0.7934506856227626], ""p_value"": 1.0, ""solo_contingency"": [[0, 1], [383, 24268]], ""contingency"": [[0, 1], [7558, 33982]]}",{}
NC00962.3,EMB-0.2-0.95,0.0,GARC1,RUS,EMB,embA@P752L,U,{},"{""proportion"": 0.0, ""confidence"": [0.0, 0.6576197724933469], ""p_value"": 1.0, ""solo_contingency"": [[0, 2], [383, 24268]], ""contingency"": [[0, 2], [7558, 33981]]}",{}
NC00962.3,EMB-0.2-0.95,0.0,GARC1,RUS,EMB,embB@S823R,U,{},"{""proportion"": 0.0, ""confidence"": [4.8683609171202235e-17, 0.5614970317550455], ""p_value"": 1.0, ""solo_contingency"": [[0, 3], [383, 24268]], ""contingency"": [[0, 4], [7558, 33979]]}",{}
NC00962.3,EMB-0.2-0.95,0.0,GARC1,RUS,EMB,embB@A451T,U,{},"{""proportion"": 0.0, ""confidence"": [0.0, 0.7934506856227626], ""p_value"": 1.0, ""solo_contingency"": [[0, 1], [383, 24268]], ""contingency"": [[1, 2], [7557, 33981]]}",{}
NC00962.3,EMB-0.2-0.95,0.0,GARC1,RUS,EMB,embB@910_ins_tgg,U,{},"{""proportion"": 0.5, ""confidence"": [0.09453120573423071, 0.9054687942657693], ""p_value"": 0.3600000000000001, ""solo_contingency"": [[1, 1], [383, 24268]], ""contingency"": [[2, 2], [7556, 33981]]}",{}
NC00962.3,EMB-0.2-0.95,0.0,GARC1,RUS,EMB,embB@T546I,U,{},"{""proportion"": 1.0, ""confidence"": [0.20654931437723742, 1.0], ""p_value"": 0.2, ""solo_contingency"": [[1, 0], [383, 24268]], ""contingency"": [[1, 1], [7557, 33982]]}",{}
NC00962.3,EMB-0.2-0.95,0.0,GARC1,RUS,EMB,embA@A571T,U,{},"{""proportion"": 0.0, ""confidence"": [0.0, 0.7934506856227626], ""p_value"": 1.0, ""solo_contingency"": [[0, 1], [383, 24268]], ""contingency"": [[0, 1], [7558, 33982]]}",{}
NC00962.3,EMB-0.2-0.95,0.0,GARC1,RUS,EMB,embB@G34E,U,{},"{""proportion"": 0.0, ""confidence"": [0.0, 0.7934506856227626], ""p_value"": 1.0, ""solo_contingency"": [[0, 1], [383, 24268]], ""contingency"": [[0, 1], [7558, 33982]]}",{}
NC00962.3,EMB-0.2-0.95,0.0,GARC1,RUS,EMB,embB@A228T,U,{},"{""proportion"": 0.0, ""confidence"": [0.0, 0.43448246478317476], ""p_value"": 0.5904, ""solo_contingency"": [[0, 5], [383, 24268]], ""contingency"": [[0, 5], [7558, 33978]]}",{}
NC00962.3,EMB-0.2-0.95,0.0,GARC1,RUS,EMB,embA@K677E,U,{},"{""proportion"": 0.0, ""confidence"": [0.0, 0.7934506856227626], ""p_value"": 1.0, ""solo_contingency"": [[0, 1], [383, 24268]], ""contingency"": [[0, 1], [7558, 33982]]}",{}
NC00962.3,EMB-0.2-0.95,0.0,GARC1,RUS,EMB,embA@T853A,U,{},"{""proportion"": 0.0, ""confidence"": [3.384324554477539e-17, 0.39033428790216534], ""p_value"": 0.6067840000000001, ""solo_contingency"": [[0, 6], [383, 24268]], ""contingency"": [[0, 6], [7558, 33977]]}",{}
NC00962.3,EMB-0.2-0.95,0.0,GARC1,RUS,EMB,embA@A23G,U,{},"{""proportion"": 0.0, ""confidence"": [0.0, 0.7934506856227626], ""p_value"": 1.0, ""solo_contingency"": [[0, 1], [383, 24268]], ""contingency"": [[0, 1], [7558, 33982]]}",{}
NC00962.3,EMB-0.2-0.95,0.0,GARC1,RUS,EMB,embA@V1078M,U,{},"{""proportion"": 0.0, ""confidence"": [0.0, 0.7934506856227626], ""p_value"": 1.0, ""solo_contingency"": [[0, 1], [383, 24268]], ""contingency"": [[0, 2], [7558, 33981]]}",{}
NC00962.3,EMB-0.2-0.95,0.0,GARC1,RUS,EMB,embA@T300M,U,{},"{""proportion"": 0.0, ""confidence"": [3.384324554477539e-17, 0.39033428790216534], ""p_value"": 0.6067840000000001, ""solo_contingency"": [[0, 6], [383, 24268]], ""contingency"": [[0, 6], [7558, 33977]]}",{}
NC00962.3,EMB-0.2-0.95,0.0,GARC1,RUS,EMB,embB@V282A,U,{},"{""proportion"": 0.0, ""confidence"": [3.384324554477539e-17, 0.39033428790216534], ""p_value"": 0.6067840000000001, ""solo_contingency"": [[0, 6], [383, 24268]], ""contingency"": [[0, 6], [7558, 33977]]}",{}
NC00962.3,EMB-0.2-0.95,0.0,GARC1,RUS,EMB,embA@t-82c,U,{},"{""proportion"": 0.0, ""confidence"": [0.0, 0.6576197724933469], ""p_value"": 1.0, ""solo_contingency"": [[0, 2], [383, 24268]], ""contingency"": [[0, 2], [7558, 33981]]}",{}
NC00962.3,EMB-0.2-0.95,0.0,GARC1,RUS,EMB,embA@V489I,U,{},"{""proportion"": 0.0, ""confidence"": [0.0, 0.7934506856227626], ""p_value"": 1.0, ""solo_contingency"": [[0, 1], [383, 24268]], ""contingency"": [[1, 2], [7557, 33981]]}",{}
NC00962.3,EMB-0.2-0.95,0.0,GARC1,RUS,EMB,embA@L659F,U,{},"{""proportion"": 0.0, ""confidence"": [0.0, 0.43448246478317476], ""p_value"": 0.5904, ""solo_contingency"": [[0, 5], [383, 24268]], ""contingency"": [[1, 6], [7557, 33977]]}",{}
NC00962.3,EMB-0.2-0.95,0.0,GARC1,RUS,EMB,embA@S340N,U,{},"{""proportion"": 0.0, ""confidence"": [0.0, 0.7934506856227626], ""p_value"": 1.0, ""solo_contingency"": [[0, 1], [383, 24268]], ""contingency"": [[0, 1], [7558, 33982]]}",{}
NC00962.3,EMB-0.2-0.95,0.0,GARC1,RUS,EMB,embB@P195H,U,{},"{""proportion"": 0.0, ""confidence"": [0.0, 0.32440756488388023], ""p_value"": 0.37085440000000003, ""solo_contingency"": [[0, 8], [383, 24268]], ""contingency"": [[0, 9], [7558, 33974]]}",{}
NC00962.3,EMB-0.2-0.95,0.0,GARC1,RUS,EMB,embB@G62R,U,{},"{""proportion"": 0.0, ""confidence"": [4.8683609171202235e-17, 0.5614970317550455], ""p_value"": 1.0, ""solo_contingency"": [[0, 3], [383, 24268]], ""contingency"": [[0, 3], [7558, 33980]]}",{}
NC00962.3,EMB-0.2-0.95,0.0,GARC1,RUS,EMB,embB@D78G,U,{},"{""proportion"": 0.0, ""confidence"": [0.0, 0.32440756488388023], ""p_value"": 0.37085440000000003, ""solo_contingency"": [[0, 8], [383, 24268]], ""contingency"": [[1, 9], [7557, 33974]]}",{}
NC00962.3,EMB-0.2-0.95,0.0,GARC1,RUS,EMB,embA@-40_del_t,U,{},"{""proportion"": 0.0, ""confidence"": [3.384324554477539e-17, 0.39033428790216534], ""p_value"": 0.6067840000000001, ""solo_contingency"": [[0, 6], [383, 24268]], ""contingency"": [[1, 7], [7557, 33976]]}",{}
NC00962.3,EMB-0.2-0.95,0.0,GARC1,RUS,EMB,embB@P70R,U,{},"{""proportion"": 0.0, ""confidence"": [0.0, 0.2991450484195441], ""p_value"": 0.21985945599999998, ""solo_contingency"": [[0, 9], [383, 24268]], ""contingency"": [[0, 9], [7558, 33974]]}",{}
NC00962.3,EMB-0.2-0.95,0.0,GARC1,RUS,EMB,embA@V613M,U,{},"{""proportion"": 0.0, ""confidence"": [0.0, 0.7934506856227626], ""p_value"": 1.0, ""solo_contingency"": [[0, 1], [383, 24268]], ""contingency"": [[0, 1], [7558, 33982]]}",{}
NC00962.3,EMB-0.2-0.95,0.0,GARC1,RUS,EMB,embB@V1048I,U,{},"{""proportion"": 0.0, ""confidence"": [0.0, 0.6576197724933469], ""p_value"": 1.0, ""solo_contingency"": [[0, 2], [383, 24268]], ""contingency"": [[0, 4], [7558, 33979]]}",{}
NC00962.3,EMB-0.2-0.95,0.0,GARC1,RUS,EMB,embA@D273N,U,{},"{""proportion"": 0.0, ""confidence"": [0.0, 0.7934506856227626], ""p_value"": 1.0, ""solo_contingency"": [[0, 1], [383, 24268]], ""contingency"": [[0, 1], [7558, 33982]]}",{}
NC00962.3,EMB-0.2-0.95,0.0,GARC1,RUS,EMB,embA@L233M,U,{},"{""proportion"": 0.0, ""confidence"": [0.0, 0.2775327998628892], ""p_value"": 0.22824806400000003, ""solo_contingency"": [[0, 10], [383, 24268]], ""contingency"": [[0, 16], [7558, 33967]]}",{}
NC00962.3,EMB-0.2-0.95,0.0,GARC1,RUS,EMB,embB@P655Q,U,{},"{""proportion"": 0.0, ""confidence"": [0.0, 0.4898908364545973], ""p_value"": 1.0, ""solo_contingency"": [[0, 4], [383, 24268]], ""contingency"": [[0, 4], [7558, 33979]]}",{}
NC00962.3,EMB-0.2-0.95,0.0,GARC1,RUS,EMB,embB@R620C,U,{},"{""proportion"": 0.0, ""confidence"": [2.1025014877572554e-17, 0.24249400665524087], ""p_value"": 0.141274976256, ""solo_contingency"": [[0, 12], [383, 24268]], ""contingency"": [[0, 13], [7558, 33970]]}",{}
NC00962.3,EMB-0.2-0.95,0.0,GARC1,RUS,EMB,embA@G1085V,U,{},"{""proportion"": 0.0, ""confidence"": [0.0, 0.7934506856227626], ""p_value"": 1.0, ""solo_contingency"": [[0, 1], [383, 24268]], ""contingency"": [[0, 1], [7558, 33982]]}",{}
NC00962.3,EMB-0.2-0.95,0.0,GARC1,RUS,EMB,embB@E951Q,U,{},"{""proportion"": 0.0, ""confidence"": [0.0, 0.22809537235419838], ""p_value"": 0.08501090467839999, ""solo_contingency"": [[0, 13], [383, 24268]], ""contingency"": [[0, 13], [7558, 33970]]}",{}
NC00962.3,EMB-0.2-0.95,0.0,GARC1,RUS,EMB,embA@G623A,U,{},"{""proportion"": 0.0, ""confidence"": [0.0, 0.7934506856227626], ""p_value"": 1.0, ""solo_contingency"": [[0, 1], [383, 24268]], ""contingency"": [[0, 1], [7558, 33982]]}",{}
NC00962.3,EMB-0.2-0.95,0.0,GARC1,RUS,EMB,embA@V558L,U,{},"{""proportion"": 0.0, ""confidence"": [0.0, 0.2588329669680317], ""p_value"": 0.13630892031999994, ""solo_contingency"": [[0, 11], [383, 24268]], ""contingency"": [[0, 11], [7558, 33972]]}",{}
NC00962.3,EMB-0.2-0.95,0.0,GARC1,RUS,EMB,embB@L239R,U,{},"{""proportion"": 0.0, ""confidence"": [0.0, 0.7934506856227626], ""p_value"": 1.0, ""solo_contingency"": [[0, 1], [383, 24268]], ""contingency"": [[0, 1], [7558, 33982]]}",{}
NC00962.3,EMB-0.2-0.95,0.0,GARC1,RUS,EMB,embA@T434P,U,{},"{""proportion"": 0.0, ""confidence"": [0.0, 0.6576197724933469], ""p_value"": 1.0, ""solo_contingency"": [[0, 2], [383, 24268]], ""contingency"": [[0, 2], [7558, 33981]]}",{}
NC00962.3,EMB-0.2-0.95,0.0,GARC1,RUS,EMB,embB@P477A,U,{},"{""proportion"": 0.0, ""confidence"": [0.0, 0.7934506856227626], ""p_value"": 1.0, ""solo_contingency"": [[0, 1], [383, 24268]], ""contingency"": [[0, 1], [7558, 33982]]}",{}
NC00962.3,EMB-0.2-0.95,0.0,GARC1,RUS,EMB,embB@S142C,U,{},"{""proportion"": 0.0, ""confidence"": [4.8683609171202235e-17, 0.5614970317550455], ""p_value"": 1.0, ""solo_contingency"": [[0, 3], [383, 24268]], ""contingency"": [[0, 3], [7558, 33980]]}",{}
NC00962.3,EMB-0.2-0.95,0.0,GARC1,RUS,EMB,embA@A315V,U,{},"{""proportion"": 0.0, ""confidence"": [0.0, 0.7934506856227626], ""p_value"": 1.0, ""solo_contingency"": [[0, 1], [383, 24268]], ""contingency"": [[0, 1], [7558, 33982]]}",{}
NC00962.3,EMB-0.2-0.95,0.0,GARC1,RUS,EMB,embA@A419T,U,{},"{""proportion"": 0.0, ""confidence"": [0.0, 0.7934506856227626], ""p_value"": 1.0, ""solo_contingency"": [[0, 1], [383, 24268]], ""contingency"": [[0, 1], [7558, 33982]]}",{}
NC00962.3,EMB-0.2-0.95,0.0,GARC1,RUS,EMB,embA@D883E,U,{},"{""proportion"": 0.0, ""confidence"": [0.0, 0.7934506856227626], ""p_value"": 1.0, ""solo_contingency"": [[0, 1], [383, 24268]], ""contingency"": [[0, 1], [7558, 33982]]}",{}
NC00962.3,EMB-0.2-0.95,0.0,GARC1,RUS,EMB,embB@V39G,U,{},"{""proportion"": 0.0, ""confidence"": [0.0, 0.6576197724933469], ""p_value"": 1.0, ""solo_contingency"": [[0, 2], [383, 24268]], ""contingency"": [[0, 2], [7558, 33981]]}",{}
NC00962.3,EMB-0.2-0.95,0.0,GARC1,RUS,EMB,embA@T837A,U,{},"{""proportion"": 0.0, ""confidence"": [0.0, 0.4898908364545973], ""p_value"": 1.0, ""solo_contingency"": [[0, 4], [383, 24268]], ""contingency"": [[0, 4], [7558, 33979]]}",{}
NC00962.3,EMB-0.2-0.95,0.0,GARC1,RUS,EMB,embB@T157I,U,{},"{""proportion"": 0.0, ""confidence"": [0.0, 0.43448246478317476], ""p_value"": 0.5904, ""solo_contingency"": [[0, 5], [383, 24268]], ""contingency"": [[0, 5], [7558, 33978]]}",{}
NC00962.3,EMB-0.2-0.95,0.0,GARC1,RUS,EMB,embA@I413V,U,{},"{""proportion"": 0.0, ""confidence"": [0.0, 0.7934506856227626], ""p_value"": 1.0, ""solo_contingency"": [[0, 1], [383, 24268]], ""contingency"": [[0, 1], [7558, 33982]]}",{}
NC00962.3,EMB-0.2-0.95,0.0,GARC1,RUS,EMB,embA@D865N,U,{},"{""proportion"": 0.0, ""confidence"": [0.0, 0.2991450484195441], ""p_value"": 0.21985945599999998, ""solo_contingency"": [[0, 9], [383, 24268]], ""contingency"": [[2, 9], [7556, 33974]]}",{}
NC00962.3,EMB-0.2-0.95,0.0,GARC1,RUS,EMB,embB@A485V,U,{},"{""proportion"": 0.0, ""confidence"": [0.0, 0.6576197724933469], ""p_value"": 1.0, ""solo_contingency"": [[0, 2], [383, 24268]], ""contingency"": [[0, 2], [7558, 33981]]}",{}
NC00962.3,EMB-0.2-0.95,0.0,GARC1,RUS,EMB,embB@G194R,U,{},"{""proportion"": 0.0, ""confidence"": [0.0, 0.6576197724933469], ""p_value"": 1.0, ""solo_contingency"": [[0, 2], [383, 24268]], ""contingency"": [[0, 2], [7558, 33981]]}",{}
NC00962.3,EMB-0.2-0.95,0.0,GARC1,RUS,EMB,embB@N129D,U,{},"{""proportion"": 0.0, ""confidence"": [0.0, 0.6576197724933469], ""p_value"": 1.0, ""solo_contingency"": [[0, 2], [383, 24268]], ""contingency"": [[2, 2], [7556, 33981]]}",{}
NC00962.3,EMB-0.2-0.95,0.0,GARC1,RUS,EMB,embB@G244R,U,{},"{""proportion"": 0.0, ""confidence"": [0.0, 0.7934506856227626], ""p_value"": 1.0, ""solo_contingency"": [[0, 1], [383, 24268]], ""contingency"": [[0, 1], [7558, 33982]]}",{}
NC00962.3,EMB-0.2-0.95,0.0,GARC1,RUS,EMB,embA@L1008P,U,{},"{""proportion"": 0.0, ""confidence"": [4.8683609171202235e-17, 0.5614970317550455], ""p_value"": 1.0, ""solo_contingency"": [[0, 3], [383, 24268]], ""contingency"": [[0, 3], [7558, 33980]]}",{}
NC00962.3,EMB-0.2-0.95,0.0,GARC1,RUS,EMB,embA@G157R,U,{},"{""proportion"": 0.0, ""confidence"": [0.0, 0.7934506856227626], ""p_value"": 1.0, ""solo_contingency"": [[0, 1], [383, 24268]], ""contingency"": [[0, 1], [7558, 33982]]}",{}
NC00962.3,EMB-0.2-0.95,0.0,GARC1,RUS,EMB,embB@C549Y,U,{},"{""proportion"": 0.0, ""confidence"": [4.8683609171202235e-17, 0.5614970317550455], ""p_value"": 1.0, ""solo_contingency"": [[0, 3], [383, 24268]], ""contingency"": [[0, 3], [7558, 33980]]}",{}
NC00962.3,EMB-0.2-0.95,0.0,GARC1,RUS,EMB,embB@P103T,U,{},"{""proportion"": 0.0, ""confidence"": [0.0, 0.2775327998628892], ""p_value"": 0.22824806400000003, ""solo_contingency"": [[0, 10], [383, 24268]], ""contingency"": [[0, 11], [7558, 33972]]}",{}
NC00962.3,EMB-0.2-0.95,0.0,GARC1,RUS,EMB,embA@N37S,U,{},"{""proportion"": 0.0, ""confidence"": [0.0, 0.7934506856227626], ""p_value"": 1.0, ""solo_contingency"": [[0, 1], [383, 24268]], ""contingency"": [[0, 1], [7558, 33982]]}",{}
NC00962.3,EMB-0.2-0.95,0.0,GARC1,RUS,EMB,embA@G823E,U,{},"{""proportion"": 0.0, ""confidence"": [4.8683609171202235e-17, 0.5614970317550455], ""p_value"": 1.0, ""solo_contingency"": [[0, 3], [383, 24268]], ""contingency"": [[0, 3], [7558, 33980]]}",{}
NC00962.3,EMB-0.2-0.95,0.0,GARC1,RUS,EMB,embA@S1040L,U,{},"{""proportion"": 0.0, ""confidence"": [0.0, 0.7934506856227626], ""p_value"": 1.0, ""solo_contingency"": [[0, 1], [383, 24268]], ""contingency"": [[0, 1], [7558, 33982]]}",{}
NC00962.3,EMB-0.2-0.95,0.0,GARC1,RUS,EMB,embA@A804T,U,{},"{""proportion"": 0.0, ""confidence"": [0.0, 0.7934506856227626], ""p_value"": 1.0, ""solo_contingency"": [[0, 1], [383, 24268]], ""contingency"": [[0, 1], [7558, 33982]]}",{}
NC00962.3,EMB-0.2-0.95,0.0,GARC1,RUS,EMB,embB@A155G,U,{},"{""proportion"": 0.0, ""confidence"": [0.0, 0.7934506856227626], ""p_value"": 1.0, ""solo_contingency"": [[0, 1], [383, 24268]], ""contingency"": [[0, 1], [7558, 33982]]}",{}
NC00962.3,EMB-0.2-0.95,0.0,GARC1,RUS,EMB,embA@W393S,U,{},"{""proportion"": 0.0, ""confidence"": [0.0, 0.7934506856227626], ""p_value"": 1.0, ""solo_contingency"": [[0, 1], [383, 24268]], ""contingency"": [[1, 2], [7557, 33981]]}",{}
NC00962.3,EMB-0.2-0.95,0.0,GARC1,RUS,EMB,embA@V534L,U,{},"{""proportion"": 0.0, ""confidence"": [0.0, 0.6576197724933469], ""p_value"": 1.0, ""solo_contingency"": [[0, 2], [383, 24268]], ""contingency"": [[0, 2], [7558, 33981]]}",{}
NC00962.3,EMB-0.2-0.95,0.0,GARC1,RUS,EMB,embB@M396L,U,{},"{""proportion"": 0.0, ""confidence"": [0.0, 0.7934506856227626], ""p_value"": 1.0, ""solo_contingency"": [[0, 1], [383, 24268]], ""contingency"": [[0, 1], [7558, 33982]]}",{}
NC00962.3,EMB-0.2-0.95,0.0,GARC1,RUS,EMB,embA@R194Q,U,{},"{""proportion"": 0.0, ""confidence"": [0.0, 0.32440756488388023], ""p_value"": 0.37085440000000003, ""solo_contingency"": [[0, 8], [383, 24268]], ""contingency"": [[0, 8], [7558, 33975]]}",{}
NC00962.3,EMB-0.2-0.95,0.0,GARC1,RUS,EMB,embA@V911G,U,{},"{""proportion"": 0.0, ""confidence"": [0.0, 0.7934506856227626], ""p_value"": 1.0, ""solo_contingency"": [[0, 1], [383, 24268]], ""contingency"": [[0, 1], [7558, 33982]]}",{}
NC00962.3,EMB-0.2-0.95,0.0,GARC1,RUS,EMB,embA@A223V,U,{},"{""proportion"": 0.0, ""confidence"": [0.0, 0.7934506856227626], ""p_value"": 1.0, ""solo_contingency"": [[0, 1], [383, 24268]], ""contingency"": [[0, 1], [7558, 33982]]}",{}
NC00962.3,EMB-0.2-0.95,0.0,GARC1,RUS,EMB,embB@S22F,U,{},"{""proportion"": 0.0, ""confidence"": [0.0, 0.7934506856227626], ""p_value"": 1.0, ""solo_contingency"": [[0, 1], [383, 24268]], ""contingency"": [[0, 1], [7558, 33982]]}",{}
NC00962.3,EMB-0.2-0.95,0.0,GARC1,RUS,EMB,embB@G305C,U,{},"{""proportion"": 0.0, ""confidence"": [4.8683609171202235e-17, 0.5614970317550455], ""p_value"": 1.0, ""solo_contingency"": [[0, 3], [383, 24268]], ""contingency"": [[0, 3], [7558, 33980]]}",{}
NC00962.3,EMB-0.2-0.95,0.0,GARC1,RUS,EMB,embA@R866Q,U,{},"{""proportion"": 0.0, ""confidence"": [0.0, 0.6576197724933469], ""p_value"": 1.0, ""solo_contingency"": [[0, 2], [383, 24268]], ""contingency"": [[0, 2], [7558, 33981]]}",{}
NC00962.3,EMB-0.2-0.95,0.0,GARC1,RUS,EMB,embA@R229T,U,{},"{""proportion"": 0.0, ""confidence"": [0.0, 0.7934506856227626], ""p_value"": 1.0, ""solo_contingency"": [[0, 1], [383, 24268]], ""contingency"": [[0, 1], [7558, 33982]]}",{}
NC00962.3,EMB-0.2-0.95,0.0,GARC1,RUS,EMB,embB@V377M,U,{},"{""proportion"": 0.0, ""confidence"": [0.0, 0.7934506856227626], ""p_value"": 1.0, ""solo_contingency"": [[0, 1], [383, 24268]], ""contingency"": [[0, 1], [7558, 33982]]}",{}
NC00962.3,EMB-0.2-0.95,0.0,GARC1,RUS,EMB,embA@L261S,U,{},"{""proportion"": 0.0, ""confidence"": [0.0, 0.6576197724933469], ""p_value"": 1.0, ""solo_contingency"": [[0, 2], [383, 24268]], ""contingency"": [[0, 2], [7558, 33981]]}",{}
NC00962.3,EMB-0.2-0.95,0.0,GARC1,RUS,EMB,embA@R445P,U,{},"{""proportion"": 0.0, ""confidence"": [0.0, 0.7934506856227626], ""p_value"": 1.0, ""solo_contingency"": [[0, 1], [383, 24268]], ""contingency"": [[0, 1], [7558, 33982]]}",{}
NC00962.3,EMB-0.2-0.95,0.0,GARC1,RUS,EMB,embB@A155V,U,{},"{""proportion"": 0.0, ""confidence"": [0.0, 0.7934506856227626], ""p_value"": 1.0, ""solo_contingency"": [[0, 1], [383, 24268]], ""contingency"": [[0, 1], [7558, 33982]]}",{}
NC00962.3,EMB-0.2-0.95,0.0,GARC1,RUS,EMB,embB@A852V,U,{},"{""proportion"": 0.0, ""confidence"": [0.0, 0.7934506856227626], ""p_value"": 1.0, ""solo_contingency"": [[0, 1], [383, 24268]], ""contingency"": [[0, 1], [7558, 33982]]}",{}
NC00962.3,EMB-0.2-0.95,0.0,GARC1,RUS,EMB,embA@H673R,U,{},"{""proportion"": 0.0, ""confidence"": [3.584186086443356e-17, 0.3543304350666874], ""p_value"": 0.35774719999999993, ""solo_contingency"": [[0, 7], [383, 24268]], ""contingency"": [[1, 7], [7557, 33976]]}",{}
NC00962.3,EMB-0.2-0.95,0.0,GARC1,RUS,EMB,embB@F79L,U,{},"{""proportion"": 0.0, ""confidence"": [0.0, 0.7934506856227626], ""p_value"": 1.0, ""solo_contingency"": [[0, 1], [383, 24268]], ""contingency"": [[0, 1], [7558, 33982]]}",{}
NC00962.3,EMB-0.2-0.95,0.0,GARC1,RUS,EMB,embA@L781H,U,{},"{""proportion"": 0.0, ""confidence"": [0.0, 0.7934506856227626], ""p_value"": 1.0, ""solo_contingency"": [[0, 1], [383, 24268]], ""contingency"": [[0, 1], [7558, 33982]]}",{}
NC00962.3,EMB-0.2-0.95,0.0,GARC1,RUS,EMB,embB@A693T,U,{},"{""proportion"": 0.0, ""confidence"": [4.8683609171202235e-17, 0.5614970317550455], ""p_value"": 1.0, ""solo_contingency"": [[0, 3], [383, 24268]], ""contingency"": [[0, 3], [7558, 33980]]}",{}
NC00962.3,EMB-0.2-0.95,0.0,GARC1,RUS,EMB,embA@G596S,U,{},"{""proportion"": 0.0, ""confidence"": [0.0, 0.2775327998628892], ""p_value"": 0.22824806400000003, ""solo_contingency"": [[0, 10], [383, 24268]], ""contingency"": [[2, 12], [7556, 33971]]}",{}
NC00962.3,EMB-0.2-0.95,0.0,GARC1,RUS,EMB,embA@G884D,U,{},"{""proportion"": 0.0, ""confidence"": [2.1025014877572554e-17, 0.24249400665524087], ""p_value"": 0.141274976256, ""solo_contingency"": [[0, 12], [383, 24268]], ""contingency"": [[5, 15], [7553, 33968]]}",{}
NC00962.3,EMB-0.2-0.95,0.0,GARC1,RUS,EMB,embA@V627A,U,{},"{""proportion"": 0.0, ""confidence"": [0.0, 0.6576197724933469], ""p_value"": 1.0, ""solo_contingency"": [[0, 2], [383, 24268]], ""contingency"": [[0, 2], [7558, 33981]]}",{}
NC00962.3,EMB-0.2-0.95,0.0,GARC1,RUS,EMB,embB@P93H,U,{},"{""proportion"": 0.0, ""confidence"": [0.0, 0.7934506856227626], ""p_value"": 1.0, ""solo_contingency"": [[0, 1], [383, 24268]], ""contingency"": [[0, 1], [7558, 33982]]}",{}
NC00962.3,EMB-0.2-0.95,0.0,GARC1,RUS,EMB,embA@V695M,U,{},"{""proportion"": 0.0, ""confidence"": [3.584186086443356e-17, 0.3543304350666874], ""p_value"": 0.35774719999999993, ""solo_contingency"": [[0, 7], [383, 24268]], ""contingency"": [[2, 10], [7556, 33973]]}",{}
NC00962.3,EMB-0.2-0.95,0.0,GARC1,RUS,EMB,embB@S272N,U,{},"{""proportion"": 0.0, ""confidence"": [4.8683609171202235e-17, 0.5614970317550455], ""p_value"": 1.0, ""solo_contingency"": [[0, 3], [383, 24268]], ""contingency"": [[0, 4], [7558, 33979]]}",{}
NC00962.3,EMB-0.2-0.95,0.0,GARC1,RUS,EMB,embA@S77P,U,{},"{""proportion"": 0.0, ""confidence"": [0.0, 0.4898908364545973], ""p_value"": 1.0, ""solo_contingency"": [[0, 4], [383, 24268]], ""contingency"": [[0, 4], [7558, 33979]]}",{}
NC00962.3,EMB-0.2-0.95,0.0,GARC1,RUS,EMB,embA@V396M,U,{},"{""proportion"": 0.0, ""confidence"": [0.0, 0.6576197724933469], ""p_value"": 1.0, ""solo_contingency"": [[0, 2], [383, 24268]], ""contingency"": [[0, 2], [7558, 33981]]}",{}
NC00962.3,EMB-0.2-0.95,0.0,GARC1,RUS,EMB,embB@P45L,U,{},"{""proportion"": 0.0, ""confidence"": [4.8683609171202235e-17, 0.5614970317550455], ""p_value"": 1.0, ""solo_contingency"": [[0, 3], [383, 24268]], ""contingency"": [[0, 3], [7558, 33980]]}",{}
NC00962.3,EMB-0.2-0.95,0.0,GARC1,RUS,EMB,embA@S20P,U,{},"{""proportion"": 0.0, ""confidence"": [0.0, 0.4898908364545973], ""p_value"": 1.0, ""solo_contingency"": [[0, 4], [383, 24268]], ""contingency"": [[1, 5], [7557, 33978]]}",{}
NC00962.3,EMB-0.2-0.95,0.0,GARC1,RUS,EMB,embB@T532A,U,{},"{""proportion"": 0.0, ""confidence"": [0.0, 0.6576197724933469], ""p_value"": 1.0, ""solo_contingency"": [[0, 2], [383, 24268]], ""contingency"": [[0, 2], [7558, 33981]]}",{}
NC00962.3,EMB-0.2-0.95,0.0,GARC1,RUS,EMB,embA@I553L,U,{},"{""proportion"": 0.0, ""confidence"": [0.0, 0.6576197724933469], ""p_value"": 1.0, ""solo_contingency"": [[0, 2], [383, 24268]], ""contingency"": [[0, 2], [7558, 33981]]}",{}
NC00962.3,EMB-0.2-0.95,0.0,GARC1,RUS,EMB,embB@A388D,U,{},"{""proportion"": 0.0, ""confidence"": [0.0, 0.6576197724933469], ""p_value"": 1.0, ""solo_contingency"": [[0, 2], [383, 24268]], ""contingency"": [[0, 2], [7558, 33981]]}",{}
NC00962.3,EMB-0.2-0.95,0.0,GARC1,RUS,EMB,embA@D144G,U,{},"{""proportion"": 0.0, ""confidence"": [0.0, 0.7934506856227626], ""p_value"": 1.0, ""solo_contingency"": [[0, 1], [383, 24268]], ""contingency"": [[0, 1], [7558, 33982]]}",{}
NC00962.3,EMB-0.2-0.95,0.0,GARC1,RUS,EMB,embA@A586T,U,{},"{""proportion"": 0.0, ""confidence"": [0.0, 0.6576197724933469], ""p_value"": 1.0, ""solo_contingency"": [[0, 2], [383, 24268]], ""contingency"": [[0, 2], [7558, 33981]]}",{}
NC00962.3,EMB-0.2-0.95,0.0,GARC1,RUS,EMB,embB@A454P,U,{},"{""proportion"": 0.0, ""confidence"": [0.0, 0.7934506856227626], ""p_value"": 1.0, ""solo_contingency"": [[0, 1], [383, 24268]], ""contingency"": [[0, 1], [7558, 33982]]}",{}
NC00962.3,EMB-0.2-0.95,0.0,GARC1,RUS,EMB,embB@D970A,U,{},"{""proportion"": 0.0, ""confidence"": [0.0, 0.7934506856227626], ""p_value"": 1.0, ""solo_contingency"": [[0, 1], [383, 24268]], ""contingency"": [[0, 1], [7558, 33982]]}",{}
NC00962.3,EMB-0.2-0.95,0.0,GARC1,RUS,EMB,embA@L525M,U,{},"{""proportion"": 0.0, ""confidence"": [0.0, 0.6576197724933469], ""p_value"": 1.0, ""solo_contingency"": [[0, 2], [383, 24268]], ""contingency"": [[0, 2], [7558, 33981]]}",{}
NC00962.3,EMB-0.2-0.95,0.0,GARC1,RUS,EMB,embB@G65D,U,{},"{""proportion"": 0.0, ""confidence"": [0.0, 0.4898908364545973], ""p_value"": 1.0, ""solo_contingency"": [[0, 4], [383, 24268]], ""contingency"": [[0, 4], [7558, 33979]]}",{}
NC00962.3,EMB-0.2-0.95,0.0,GARC1,RUS,EMB,embA@W306G,U,{},"{""proportion"": 0.0, ""confidence"": [0.0, 0.7934506856227626], ""p_value"": 1.0, ""solo_contingency"": [[0, 1], [383, 24268]], ""contingency"": [[0, 1], [7558, 33982]]}",{}
NC00962.3,EMB-0.2-0.95,0.0,GARC1,RUS,EMB,embB@V414G,U,{},"{""proportion"": 0.0, ""confidence"": [0.0, 0.6576197724933469], ""p_value"": 1.0, ""solo_contingency"": [[0, 2], [383, 24268]], ""contingency"": [[0, 2], [7558, 33981]]}",{}
NC00962.3,EMB-0.2-0.95,0.0,GARC1,RUS,EMB,embA@D274G,U,{},"{""proportion"": 0.0, ""confidence"": [0.0, 0.7934506856227626], ""p_value"": 1.0, ""solo_contingency"": [[0, 1], [383, 24268]], ""contingency"": [[0, 1], [7558, 33982]]}",{}
NC00962.3,EMB-0.2-0.95,0.0,GARC1,RUS,EMB,embA@E512A,U,{},"{""proportion"": 0.0, ""confidence"": [0.0, 0.7934506856227626], ""p_value"": 1.0, ""solo_contingency"": [[0, 1], [383, 24268]], ""contingency"": [[0, 1], [7558, 33982]]}",{}
NC00962.3,EMB-0.2-0.95,0.0,GARC1,RUS,EMB,embA@S318L,U,{},"{""proportion"": 0.0, ""confidence"": [0.0, 0.43448246478317476], ""p_value"": 0.5904, ""solo_contingency"": [[0, 5], [383, 24268]], ""contingency"": [[0, 7], [7558, 33976]]}",{}
NC00962.3,EMB-0.2-0.95,0.0,GARC1,RUS,EMB,embB@W621S,U,{},"{""proportion"": 0.0, ""confidence"": [0.0, 0.7934506856227626], ""p_value"": 1.0, ""solo_contingency"": [[0, 1], [383, 24268]], ""contingency"": [[0, 2], [7558, 33981]]}",{}
NC00962.3,EMB-0.2-0.95,0.0,GARC1,RUS,EMB,embA@R188H,U,{},"{""proportion"": 0.0, ""confidence"": [0.0, 0.7934506856227626], ""p_value"": 1.0, ""solo_contingency"": [[0, 1], [383, 24268]], ""contingency"": [[0, 1], [7558, 33982]]}",{}
NC00962.3,EMB-0.2-0.95,0.0,GARC1,RUS,EMB,embB@D240N,U,{},"{""proportion"": 0.0, ""confidence"": [4.8683609171202235e-17, 0.5614970317550455], ""p_value"": 1.0, ""solo_contingency"": [[0, 3], [383, 24268]], ""contingency"": [[0, 3], [7558, 33980]]}",{}
NC00962.3,EMB-0.2-0.95,0.0,GARC1,RUS,EMB,embA@I595V,U,{},"{""proportion"": 0.0, ""confidence"": [0.0, 0.43448246478317476], ""p_value"": 0.5904, ""solo_contingency"": [[0, 5], [383, 24268]], ""contingency"": [[0, 8], [7558, 33975]]}",{}
NC00962.3,EMB-0.2-0.95,0.0,GARC1,RUS,EMB,embA@G729R,U,{},"{""proportion"": 0.0, ""confidence"": [4.8683609171202235e-17, 0.5614970317550455], ""p_value"": 1.0, ""solo_contingency"": [[0, 3], [383, 24268]], ""contingency"": [[8, 3], [7550, 33980]]}",{}
NC00962.3,EMB-0.2-0.95,0.0,GARC1,RUS,EMB,embB@A235V,U,{},"{""proportion"": 0.0, ""confidence"": [0.0, 0.7934506856227626], ""p_value"": 1.0, ""solo_contingency"": [[0, 1], [383, 24268]], ""contingency"": [[0, 1], [7558, 33982]]}",{}
NC00962.3,EMB-0.2-0.95,0.0,GARC1,RUS,EMB,embA@I131V,U,{},"{""proportion"": 0.0, ""confidence"": [0.0, 0.4898908364545973], ""p_value"": 1.0, ""solo_contingency"": [[0, 4], [383, 24268]], ""contingency"": [[0, 4], [7558, 33979]]}",{}
NC00962.3,EMB-0.2-0.95,0.0,GARC1,RUS,EMB,embB@P197R,U,{},"{""proportion"": 0.0, ""confidence"": [0.0, 0.6576197724933469], ""p_value"": 1.0, ""solo_contingency"": [[0, 2], [383, 24268]], ""contingency"": [[1, 2], [7557, 33981]]}",{}
NC00962.3,EMB-0.2-0.95,0.0,GARC1,RUS,EMB,embA@N110D,U,{},"{""proportion"": 0.0, ""confidence"": [0.0, 0.6576197724933469], ""p_value"": 1.0, ""solo_contingency"": [[0, 2], [383, 24268]], ""contingency"": [[0, 2], [7558, 33981]]}",{}
NC00962.3,EMB-0.2-0.95,0.0,GARC1,RUS,EMB,embA@W931L,U,{},"{""proportion"": 0.0, ""confidence"": [0.0, 0.7934506856227626], ""p_value"": 1.0, ""solo_contingency"": [[0, 1], [383, 24268]], ""contingency"": [[0, 1], [7558, 33982]]}",{}
NC00962.3,EMB-0.2-0.95,0.0,GARC1,RUS,EMB,embA@P381L,U,{},"{""proportion"": 0.0, ""confidence"": [0.0, 0.6576197724933469], ""p_value"": 1.0, ""solo_contingency"": [[0, 2], [383, 24268]], ""contingency"": [[0, 2], [7558, 33981]]}",{}
NC00962.3,EMB-0.2-0.95,0.0,GARC1,RUS,EMB,embA@G1088!,U,{},"{""proportion"": 0.0, ""confidence"": [0.0, 0.7934506856227626], ""p_value"": 1.0, ""solo_contingency"": [[0, 1], [383, 24268]], ""contingency"": [[0, 1], [7558, 33982]]}",{}
NC00962.3,EMB-0.2-0.95,0.0,GARC1,RUS,EMB,embB@R623P,U,{},"{""proportion"": 0.0, ""confidence"": [0.0, 0.7934506856227626], ""p_value"": 1.0, ""solo_contingency"": [[0, 1], [383, 24268]], ""contingency"": [[0, 1], [7558, 33982]]}",{}
NC00962.3,EMB-0.2-0.95,0.0,GARC1,RUS,EMB,embA@A109T,U,{},"{""proportion"": 0.0, ""confidence"": [4.8683609171202235e-17, 0.5614970317550455], ""p_value"": 1.0, ""solo_contingency"": [[0, 3], [383, 24268]], ""contingency"": [[0, 3], [7558, 33980]]}",{}
NC00962.3,EMB-0.2-0.95,0.0,GARC1,RUS,EMB,embA@L563V,U,{},"{""proportion"": 0.0, ""confidence"": [0.0, 0.7934506856227626], ""p_value"": 1.0, ""solo_contingency"": [[0, 1], [383, 24268]], ""contingency"": [[1, 1], [7557, 33982]]}",{}
NC00962.3,EMB-0.2-0.95,0.0,GARC1,RUS,EMB,embB@G665W,U,{},"{""proportion"": 0.0, ""confidence"": [0.0, 0.4898908364545973], ""p_value"": 1.0, ""solo_contingency"": [[0, 4], [383, 24268]], ""contingency"": [[0, 4], [7558, 33979]]}",{}
NC00962.3,EMB-0.2-0.95,0.0,GARC1,RUS,EMB,embB@L1053V,U,{},"{""proportion"": 0.0, ""confidence"": [0.0, 0.7934506856227626], ""p_value"": 1.0, ""solo_contingency"": [[0, 1], [383, 24268]], ""contingency"": [[0, 1], [7558, 33982]]}",{}
NC00962.3,EMB-0.2-0.95,0.0,GARC1,RUS,EMB,embB@A993T,U,{},"{""proportion"": 0.0, ""confidence"": [0.0, 0.7934506856227626], ""p_value"": 1.0, ""solo_contingency"": [[0, 1], [383, 24268]], ""contingency"": [[0, 1], [7558, 33982]]}",{}
NC00962.3,EMB-0.2-0.95,0.0,GARC1,RUS,EMB,embA@I821T,U,{},"{""proportion"": 0.0, ""confidence"": [0.0, 0.7934506856227626], ""p_value"": 1.0, ""solo_contingency"": [[0, 1], [383, 24268]], ""contingency"": [[0, 2], [7558, 33981]]}",{}
NC00962.3,EMB-0.2-0.95,0.0,GARC1,RUS,EMB,embB@D752H,U,{},"{""proportion"": 0.0, ""confidence"": [0.0, 0.7934506856227626], ""p_value"": 1.0, ""solo_contingency"": [[0, 1], [383, 24268]], ""contingency"": [[0, 1], [7558, 33982]]}",{}
NC00962.3,EMB-0.2-0.95,0.0,GARC1,RUS,EMB,embB@V898M,U,{},"{""proportion"": 0.0, ""confidence"": [0.0, 0.7934506856227626], ""p_value"": 1.0, ""solo_contingency"": [[0, 1], [383, 24268]], ""contingency"": [[0, 1], [7558, 33982]]}",{}
NC00962.3,EMB-0.2-0.95,0.0,GARC1,RUS,EMB,embA@T300A,U,{},"{""proportion"": 0.0, ""confidence"": [0.0, 0.7934506856227626], ""p_value"": 1.0, ""solo_contingency"": [[0, 1], [383, 24268]], ""contingency"": [[0, 1], [7558, 33982]]}",{}
NC00962.3,EMB-0.2-0.95,0.0,GARC1,RUS,EMB,embB@P708L,U,{},"{""proportion"": 0.0, ""confidence"": [0.0, 0.6576197724933469], ""p_value"": 1.0, ""solo_contingency"": [[0, 2], [383, 24268]], ""contingency"": [[0, 2], [7558, 33981]]}",{}
NC00962.3,EMB-0.2-0.95,0.0,GARC1,RUS,EMB,embA@R11Q,U,{},"{""proportion"": 0.0, ""confidence"": [4.8683609171202235e-17, 0.5614970317550455], ""p_value"": 1.0, ""solo_contingency"": [[0, 3], [383, 24268]], ""contingency"": [[1, 4], [7557, 33979]]}",{}
NC00962.3,EMB-0.2-0.95,0.0,GARC1,RUS,EMB,embB@D78E,U,{},"{""proportion"": 0.0, ""confidence"": [0.0, 0.6576197724933469], ""p_value"": 1.0, ""solo_contingency"": [[0, 2], [383, 24268]], ""contingency"": [[0, 2], [7558, 33981]]}",{}
NC00962.3,EMB-0.2-0.95,0.0,GARC1,RUS,EMB,embA@V458P,U,{},"{""proportion"": 0.0, ""confidence"": [0.0, 0.6576197724933469], ""p_value"": 1.0, ""solo_contingency"": [[0, 2], [383, 24268]], ""contingency"": [[0, 2], [7558, 33981]]}",{}
NC00962.3,EMB-0.2-0.95,0.0,GARC1,RUS,EMB,embA@R234P,U,{},"{""proportion"": 0.0, ""confidence"": [0.0, 0.7934506856227626], ""p_value"": 1.0, ""solo_contingency"": [[0, 1], [383, 24268]], ""contingency"": [[0, 1], [7558, 33982]]}",{}
NC00962.3,EMB-0.2-0.95,0.0,GARC1,RUS,EMB,embB@P809S,U,{},"{""proportion"": 0.0, ""confidence"": [0.0, 0.43448246478317476], ""p_value"": 0.5904, ""solo_contingency"": [[0, 5], [383, 24268]], ""contingency"": [[0, 5], [7558, 33978]]}",{}
NC00962.3,EMB-0.2-0.95,0.0,GARC1,RUS,EMB,embA@A571S,U,{},"{""proportion"": 0.0, ""confidence"": [0.0, 0.7934506856227626], ""p_value"": 1.0, ""solo_contingency"": [[0, 1], [383, 24268]], ""contingency"": [[0, 1], [7558, 33982]]}",{}
NC00962.3,EMB-0.2-0.95,0.0,GARC1,RUS,EMB,embA@R472L,U,{},"{""proportion"": 0.0, ""confidence"": [0.0, 0.6576197724933469], ""p_value"": 1.0, ""solo_contingency"": [[0, 2], [383, 24268]], ""contingency"": [[0, 2], [7558, 33981]]}",{}
NC00962.3,EMB-0.2-0.95,0.0,GARC1,RUS,EMB,embB@V727A,U,{},"{""proportion"": 0.0, ""confidence"": [0.0, 0.7934506856227626], ""p_value"": 1.0, ""solo_contingency"": [[0, 1], [383, 24268]], ""contingency"": [[0, 1], [7558, 33982]]}",{}
NC00962.3,EMB-0.2-0.95,0.0,GARC1,RUS,EMB,embA@M324V,U,{},"{""proportion"": 0.0, ""confidence"": [0.0, 0.7934506856227626], ""p_value"": 1.0, ""solo_contingency"": [[0, 1], [383, 24268]], ""contingency"": [[0, 1], [7558, 33982]]}",{}
NC00962.3,EMB-0.2-0.95,0.0,GARC1,RUS,EMB,embA@V458A,U,{},"{""proportion"": 0.0, ""confidence"": [0.0, 0.7934506856227626], ""p_value"": 1.0, ""solo_contingency"": [[0, 1], [383, 24268]], ""contingency"": [[0, 1], [7558, 33982]]}",{}
NC00962.3,EMB-0.2-0.95,0.0,GARC1,RUS,EMB,embB@L268P,U,{},"{""proportion"": 0.0, ""confidence"": [0.0, 0.7934506856227626], ""p_value"": 1.0, ""solo_contingency"": [[0, 1], [383, 24268]], ""contingency"": [[0, 1], [7558, 33982]]}",{}
NC00962.3,EMB-0.2-0.95,0.0,GARC1,RUS,EMB,embA@F650L,U,{},"{""proportion"": 0.0, ""confidence"": [0.0, 0.7934506856227626], ""p_value"": 1.0, ""solo_contingency"": [[0, 1], [383, 24268]], ""contingency"": [[0, 1], [7558, 33982]]}",{}
NC00962.3,EMB-0.2-0.95,0.0,GARC1,RUS,EMB,embA@Q990H,U,{},"{""proportion"": 0.0, ""confidence"": [0.0, 0.7934506856227626], ""p_value"": 1.0, ""solo_contingency"": [[0, 1], [383, 24268]], ""contingency"": [[0, 1], [7558, 33982]]}",{}
NC00962.3,EMB-0.2-0.95,0.0,GARC1,RUS,EMB,embA@E397K,U,{},"{""proportion"": 0.0, ""confidence"": [0.0, 0.7934506856227626], ""p_value"": 1.0, ""solo_contingency"": [[0, 1], [383, 24268]], ""contingency"": [[0, 1], [7558, 33982]]}",{}
NC00962.3,EMB-0.2-0.95,0.0,GARC1,RUS,EMB,embB@P818T,U,{},"{""proportion"": 0.0, ""confidence"": [0.0, 0.6576197724933469], ""p_value"": 1.0, ""solo_contingency"": [[0, 2], [383, 24268]], ""contingency"": [[0, 2], [7558, 33981]]}",{}
NC00962.3,EMB-0.2-0.95,0.0,GARC1,RUS,EMB,embB@A705T,U,{},"{""proportion"": 0.0, ""confidence"": [0.0, 0.7934506856227626], ""p_value"": 1.0, ""solo_contingency"": [[0, 1], [383, 24268]], ""contingency"": [[0, 3], [7558, 33980]]}",{}
NC00962.3,EMB-0.2-0.95,0.0,GARC1,RUS,EMB,embA@A284S,U,{},"{""proportion"": 0.0, ""confidence"": [0.0, 0.7934506856227626], ""p_value"": 1.0, ""solo_contingency"": [[0, 1], [383, 24268]], ""contingency"": [[0, 1], [7558, 33982]]}",{}
NC00962.3,EMB-0.2-0.95,0.0,GARC1,RUS,EMB,embB@A677T,U,{},"{""proportion"": 0.0, ""confidence"": [0.0, 0.7934506856227626], ""p_value"": 1.0, ""solo_contingency"": [[0, 1], [383, 24268]], ""contingency"": [[0, 1], [7558, 33982]]}",{}
NC00962.3,EMB-0.2-0.95,0.0,GARC1,RUS,EMB,embB@R1059G,U,{},"{""proportion"": 0.0, ""confidence"": [0.0, 0.7934506856227626], ""p_value"": 1.0, ""solo_contingency"": [[0, 1], [383, 24268]], ""contingency"": [[0, 1], [7558, 33982]]}",{}
NC00962.3,EMB-0.2-0.95,0.0,GARC1,RUS,EMB,embA@T1033I,U,{},"{""proportion"": 0.0, ""confidence"": [0.0, 0.7934506856227626], ""p_value"": 1.0, ""solo_contingency"": [[0, 1], [383, 24268]], ""contingency"": [[0, 1], [7558, 33982]]}",{}
NC00962.3,EMB-0.2-0.95,0.0,GARC1,RUS,EMB,embB@T830M,U,{},"{""proportion"": 0.0, ""confidence"": [0.0, 0.7934506856227626], ""p_value"": 1.0, ""solo_contingency"": [[0, 1], [383, 24268]], ""contingency"": [[0, 1], [7558, 33982]]}",{}
NC00962.3,EMB-0.2-0.95,0.0,GARC1,RUS,EMB,embB@C549G,U,{},"{""proportion"": 0.0, ""confidence"": [0.0, 0.7934506856227626], ""p_value"": 1.0, ""solo_contingency"": [[0, 1], [383, 24268]], ""contingency"": [[0, 1], [7558, 33982]]}",{}
NC00962.3,EMB-0.2-0.95,0.0,GARC1,RUS,EMB,embB@R257W,U,{},"{""proportion"": 0.0, ""confidence"": [0.0, 0.7934506856227626], ""p_value"": 1.0, ""solo_contingency"": [[0, 1], [383, 24268]], ""contingency"": [[0, 2], [7558, 33981]]}",{}
NC00962.3,EMB-0.2-0.95,0.0,GARC1,RUS,EMB,embA@T113M,U,{},"{""proportion"": 0.0, ""confidence"": [0.0, 0.7934506856227626], ""p_value"": 1.0, ""solo_contingency"": [[0, 1], [383, 24268]], ""contingency"": [[0, 1], [7558, 33982]]}",{}
NC00962.3,EMB-0.2-0.95,0.0,GARC1,RUS,EMB,embB@A201T,U,{},"{""proportion"": 0.0, ""confidence"": [0.0, 0.6576197724933469], ""p_value"": 1.0, ""solo_contingency"": [[0, 2], [383, 24268]], ""contingency"": [[0, 2], [7558, 33981]]}",{}
NC00962.3,EMB-0.2-0.95,0.0,GARC1,RUS,EMB,embB@D869E,U,{},"{""proportion"": 0.0, ""confidence"": [4.8683609171202235e-17, 0.5614970317550455], ""p_value"": 1.0, ""solo_contingency"": [[0, 3], [383, 24268]], ""contingency"": [[0, 3], [7558, 33980]]}",{}
NC00962.3,EMB-0.2-0.95,0.0,GARC1,RUS,EMB,embA@T688M,U,{},"{""proportion"": 0.0, ""confidence"": [0.0, 0.7934506856227626], ""p_value"": 1.0, ""solo_contingency"": [[0, 1], [383, 24268]], ""contingency"": [[0, 1], [7558, 33982]]}",{}
NC00962.3,EMB-0.2-0.95,0.0,GARC1,RUS,EMB,embB@S261P,U,{},"{""proportion"": 0.0, ""confidence"": [0.0, 0.7934506856227626], ""p_value"": 1.0, ""solo_contingency"": [[0, 1], [383, 24268]], ""contingency"": [[0, 1], [7558, 33982]]}",{}
NC00962.3,EMB-0.2-0.95,0.0,GARC1,RUS,EMB,embB@K820N,U,{},"{""proportion"": 0.0, ""confidence"": [0.0, 0.7934506856227626], ""p_value"": 1.0, ""solo_contingency"": [[0, 1], [383, 24268]], ""contingency"": [[0, 1], [7558, 33982]]}",{}
NC00962.3,EMB-0.2-0.95,0.0,GARC1,RUS,EMB,embB@G914R,U,{},"{""proportion"": 0.0, ""confidence"": [0.0, 0.7934506856227626], ""p_value"": 1.0, ""solo_contingency"": [[0, 1], [383, 24268]], ""contingency"": [[0, 1], [7558, 33982]]}",{}
NC00962.3,EMB-0.2-0.95,0.0,GARC1,RUS,EMB,embA@T652M,U,{},"{""proportion"": 0.0, ""confidence"": [0.0, 0.7934506856227626], ""p_value"": 1.0, ""solo_contingency"": [[0, 1], [383, 24268]], ""contingency"": [[0, 1], [7558, 33982]]}",{}
NC00962.3,EMB-0.2-0.95,0.0,GARC1,RUS,EMB,embA@V89M,U,{},"{""proportion"": 0.0, ""confidence"": [0.0, 0.7934506856227626], ""p_value"": 1.0, ""solo_contingency"": [[0, 1], [383, 24268]], ""contingency"": [[0, 1], [7558, 33982]]}",{}
NC00962.3,EMB-0.2-0.95,0.0,GARC1,RUS,EMB,embA@Y307H,U,{},"{""proportion"": 0.0, ""confidence"": [4.8683609171202235e-17, 0.5614970317550455], ""p_value"": 1.0, ""solo_contingency"": [[0, 3], [383, 24268]], ""contingency"": [[0, 3], [7558, 33980]]}",{}
NC00962.3,EMB-0.2-0.95,0.0,GARC1,RUS,EMB,embB@V888M,U,{},"{""proportion"": 0.0, ""confidence"": [0.0, 0.7934506856227626], ""p_value"": 1.0, ""solo_contingency"": [[0, 1], [383, 24268]], ""contingency"": [[0, 1], [7558, 33982]]}",{}
NC00962.3,EMB-0.2-0.95,0.0,GARC1,RUS,EMB,embA@c-3t,U,{},"{""proportion"": 0.0, ""confidence"": [0.0, 0.7934506856227626], ""p_value"": 1.0, ""solo_contingency"": [[0, 1], [383, 24268]], ""contingency"": [[0, 1], [7558, 33982]]}",{}
NC00962.3,EMB-0.2-0.95,0.0,GARC1,RUS,EMB,embB@I578V,U,{},"{""proportion"": 0.0, ""confidence"": [0.0, 0.7934506856227626], ""p_value"": 1.0, ""solo_contingency"": [[0, 1], [383, 24268]], ""contingency"": [[0, 1], [7558, 33982]]}",{}
NC00962.3,EMB-0.2-0.95,0.0,GARC1,RUS,EMB,embB@A196T,U,{},"{""proportion"": 0.0, ""confidence"": [0.0, 0.7934506856227626], ""p_value"": 1.0, ""solo_contingency"": [[0, 1], [383, 24268]], ""contingency"": [[0, 3], [7558, 33980]]}",{}
NC00962.3,EMB-0.2-0.95,0.0,GARC1,RUS,EMB,embA@P976T,U,{},"{""proportion"": 0.0, ""confidence"": [0.0, 0.6576197724933469], ""p_value"": 1.0, ""solo_contingency"": [[0, 2], [383, 24268]], ""contingency"": [[0, 2], [7558, 33981]]}",{}
NC00962.3,EMB-0.2-0.95,0.0,GARC1,RUS,EMB,embB@I545M,U,{},"{""proportion"": 0.0, ""confidence"": [0.0, 0.6576197724933469], ""p_value"": 1.0, ""solo_contingency"": [[0, 2], [383, 24268]], ""contingency"": [[0, 2], [7558, 33981]]}",{}
NC00962.3,EMB-0.2-0.95,0.0,GARC1,RUS,EMB,embA@P774H,U,{},"{""proportion"": 0.0, ""confidence"": [0.0, 0.6576197724933469], ""p_value"": 1.0, ""solo_contingency"": [[0, 2], [383, 24268]], ""contingency"": [[1, 2], [7557, 33981]]}",{}
NC00962.3,EMB-0.2-0.95,0.0,GARC1,RUS,EMB,embA@P913S,U,{},"{""proportion"": 0.0, ""confidence"": [3.584186086443356e-17, 0.3543304350666874], ""p_value"": 0.35774719999999993, ""solo_contingency"": [[0, 7], [383, 24268]], ""contingency"": [[262, 3353], [7296, 30630]]}",{}
NC00962.3,EMB-0.2-0.95,0.0,GARC1,RUS,EMB,embB@G37S,U,{},"{""proportion"": 0.0, ""confidence"": [3.384324554477539e-17, 0.39033428790216534], ""p_value"": 0.6067840000000001, ""solo_contingency"": [[0, 6], [383, 24268]], ""contingency"": [[0, 7], [7558, 33976]]}",{}
NC00962.3,EMB-0.2-0.95,0.0,GARC1,RUS,EMB,embA@V819I,U,{},"{""proportion"": 0.0, ""confidence"": [0.0, 0.7934506856227626], ""p_value"": 1.0, ""solo_contingency"": [[0, 1], [383, 24268]], ""contingency"": [[0, 1], [7558, 33982]]}",{}
NC00962.3,EMB-0.2-0.95,0.0,GARC1,RUS,EMB,embA@G841A,U,{},"{""proportion"": 0.0, ""confidence"": [4.8683609171202235e-17, 0.5614970317550455], ""p_value"": 1.0, ""solo_contingency"": [[0, 3], [383, 24268]], ""contingency"": [[0, 3], [7558, 33980]]}",{}
NC00962.3,EMB-0.2-0.95,0.0,GARC1,RUS,EMB,embB@R568H,U,{},"{""proportion"": 0.0, ""confidence"": [0.0, 0.7934506856227626], ""p_value"": 1.0, ""solo_contingency"": [[0, 1], [383, 24268]], ""contingency"": [[0, 1], [7558, 33982]]}",{}
NC00962.3,EMB-0.2-0.95,0.0,GARC1,RUS,EMB,embA@S994F,U,{},"{""proportion"": 0.0, ""confidence"": [0.0, 0.7934506856227626], ""p_value"": 1.0, ""solo_contingency"": [[0, 1], [383, 24268]], ""contingency"": [[0, 1], [7558, 33982]]}",{}
NC00962.3,EMB-0.2-0.95,0.0,GARC1,RUS,EMB,embA@P1087S,U,{},"{""proportion"": 0.0, ""confidence"": [0.0, 0.7934506856227626], ""p_value"": 1.0, ""solo_contingency"": [[0, 1], [383, 24268]], ""contingency"": [[0, 2], [7558, 33981]]}",{}
NC00962.3,EMB-0.2-0.95,0.0,GARC1,RUS,EMB,embA@A721T,U,{},"{""proportion"": 0.0, ""confidence"": [4.8683609171202235e-17, 0.5614970317550455], ""p_value"": 1.0, ""solo_contingency"": [[0, 3], [383, 24268]], ""contingency"": [[0, 3], [7558, 33980]]}",{}
NC00962.3,EMB-0.2-0.95,0.0,GARC1,RUS,EMB,embA@L614M,U,{},"{""proportion"": 0.0, ""confidence"": [0.0, 0.7934506856227626], ""p_value"": 1.0, ""solo_contingency"": [[0, 1], [383, 24268]], ""contingency"": [[0, 1], [7558, 33982]]}",{}
NC00962.3,EMB-0.2-0.95,0.0,GARC1,RUS,EMB,embA@Y276C,U,{},"{""proportion"": 0.0, ""confidence"": [0.0, 0.7934506856227626], ""p_value"": 1.0, ""solo_contingency"": [[0, 1], [383, 24268]], ""contingency"": [[0, 1], [7558, 33982]]}",{}
NC00962.3,EMB-0.2-0.95,0.0,GARC1,RUS,EMB,embB@E1008A,U,{},"{""proportion"": 0.0, ""confidence"": [0.0, 0.7934506856227626], ""p_value"": 1.0, ""solo_contingency"": [[0, 1], [383, 24268]], ""contingency"": [[0, 1], [7558, 33982]]}",{}
NC00962.3,EMB-0.2-0.95,0.0,GARC1,RUS,EMB,embA@L832F,U,{},"{""proportion"": 0.0, ""confidence"": [0.0, 0.7934506856227626], ""p_value"": 1.0, ""solo_contingency"": [[0, 1], [383, 24268]], ""contingency"": [[0, 1], [7558, 33982]]}",{}
NC00962.3,EMB-0.2-0.95,0.0,GARC1,RUS,EMB,embB@P766R,U,{},"{""proportion"": 0.0, ""confidence"": [0.0, 0.6576197724933469], ""p_value"": 1.0, ""solo_contingency"": [[0, 2], [383, 24268]], ""contingency"": [[0, 2], [7558, 33981]]}",{}
NC00962.3,EMB-0.2-0.95,0.0,GARC1,RUS,EMB,embA@A1069V,U,{},"{""proportion"": 0.0, ""confidence"": [0.0, 0.7934506856227626], ""p_value"": 1.0, ""solo_contingency"": [[0, 1], [383, 24268]], ""contingency"": [[0, 1], [7558, 33982]]}",{}
NC00962.3,EMB-0.2-0.95,0.0,GARC1,RUS,EMB,embA@V698I,U,{},"{""proportion"": 0.0, ""confidence"": [0.0, 0.4898908364545973], ""p_value"": 1.0, ""solo_contingency"": [[0, 4], [383, 24268]], ""contingency"": [[0, 4], [7558, 33979]]}",{}
NC00962.3,EMB-0.2-0.95,0.0,GARC1,RUS,EMB,embA@R472G,U,{},"{""proportion"": 0.0, ""confidence"": [0.0, 0.7934506856227626], ""p_value"": 1.0, ""solo_contingency"": [[0, 1], [383, 24268]], ""contingency"": [[0, 1], [7558, 33982]]}",{}
NC00962.3,EMB-0.2-0.95,0.0,GARC1,RUS,EMB,embB@A547S,U,{},"{""proportion"": 0.0, ""confidence"": [0.0, 0.7934506856227626], ""p_value"": 1.0, ""solo_contingency"": [[0, 1], [383, 24268]], ""contingency"": [[0, 5], [7558, 33978]]}",{}
NC00962.3,EMB-0.2-0.95,0.0,GARC1,RUS,EMB,embA@a-68g,U,{},"{""proportion"": 0.0, ""confidence"": [0.0, 0.7934506856227626], ""p_value"": 1.0, ""solo_contingency"": [[0, 1], [383, 24268]], ""contingency"": [[0, 1], [7558, 33982]]}",{}
NC00962.3,EMB-0.2-0.95,0.0,GARC1,RUS,EMB,embB@V42L,U,{},"{""proportion"": 0.0, ""confidence"": [0.0, 0.7934506856227626], ""p_value"": 1.0, ""solo_contingency"": [[0, 1], [383, 24268]], ""contingency"": [[0, 1], [7558, 33982]]}",{}
NC00962.3,EMB-0.2-0.95,0.0,GARC1,RUS,EMB,embA@L62M,U,{},"{""proportion"": 0.0, ""confidence"": [0.0, 0.7934506856227626], ""p_value"": 1.0, ""solo_contingency"": [[0, 1], [383, 24268]], ""contingency"": [[1, 1], [7557, 33982]]}",{}
NC00962.3,EMB-0.2-0.95,0.0,GARC1,RUS,EMB,embA@D176A,U,{},"{""proportion"": 0.0, ""confidence"": [0.0, 0.6576197724933469], ""p_value"": 1.0, ""solo_contingency"": [[0, 2], [383, 24268]], ""contingency"": [[0, 2], [7558, 33981]]}",{}
NC00962.3,EMB-0.2-0.95,0.0,GARC1,RUS,EMB,embA@A736V,U,{},"{""proportion"": 0.0, ""confidence"": [0.0, 0.7934506856227626], ""p_value"": 1.0, ""solo_contingency"": [[0, 1], [383, 24268]], ""contingency"": [[0, 1], [7558, 33982]]}",{}
NC00962.3,EMB-0.2-0.95,0.0,GARC1,RUS,EMB,embB@V793I,U,{},"{""proportion"": 0.0, ""confidence"": [4.8683609171202235e-17, 0.5614970317550455], ""p_value"": 1.0, ""solo_contingency"": [[0, 3], [383, 24268]], ""contingency"": [[0, 3], [7558, 33980]]}",{}
NC00962.3,EMB-0.2-0.95,0.0,GARC1,RUS,EMB,embB@2943_del_gca,U,{},"{""proportion"": 0.0, ""confidence"": [4.8683609171202235e-17, 0.5614970317550455], ""p_value"": 1.0, ""solo_contingency"": [[0, 3], [383, 24268]], ""contingency"": [[0, 3], [7558, 33980]]}",{}
NC00962.3,EMB-0.2-0.95,0.0,GARC1,RUS,EMB,embB@M764L,U,{},"{""proportion"": 0.0, ""confidence"": [0.0, 0.7934506856227626], ""p_value"": 1.0, ""solo_contingency"": [[0, 1], [383, 24268]], ""contingency"": [[0, 1], [7558, 33982]]}",{}
NC00962.3,EMB-0.2-0.95,0.0,GARC1,RUS,EMB,embB@A903T,U,{},"{""proportion"": 0.0, ""confidence"": [0.0, 0.7934506856227626], ""p_value"": 1.0, ""solo_contingency"": [[0, 1], [383, 24268]], ""contingency"": [[0, 1], [7558, 33982]]}",{}
NC00962.3,EMB-0.2-0.95,0.0,GARC1,RUS,EMB,embB@A15P,U,{},"{""proportion"": 0.0, ""confidence"": [4.8683609171202235e-17, 0.5614970317550455], ""p_value"": 1.0, ""solo_contingency"": [[0, 3], [383, 24268]], ""contingency"": [[34, 210], [7524, 33773]]}",{}
NC00962.3,EMB-0.2-0.95,0.0,GARC1,RUS,EMB,embB@D758N,U,{},"{""proportion"": 0.0, ""confidence"": [0.0, 0.7934506856227626], ""p_value"": 1.0, ""solo_contingency"": [[0, 1], [383, 24268]], ""contingency"": [[0, 2], [7558, 33981]]}",{}
NC00962.3,EMB-0.2-0.95,0.0,GARC1,RUS,EMB,embA@R1047G,U,{},"{""proportion"": 0.0, ""confidence"": [0.0, 0.6576197724933469], ""p_value"": 1.0, ""solo_contingency"": [[0, 2], [383, 24268]], ""contingency"": [[0, 2], [7558, 33981]]}",{}
NC00962.3,EMB-0.2-0.95,0.0,GARC1,RUS,EMB,embA@I1007L,U,{},"{""proportion"": 0.0, ""confidence"": [0.0, 0.7934506856227626], ""p_value"": 1.0, ""solo_contingency"": [[0, 1], [383, 24268]], ""contingency"": [[0, 1], [7558, 33982]]}",{}
NC00962.3,EMB-0.2-0.95,0.0,GARC1,RUS,EMB,embA@G154S,U,{},"{""proportion"": 0.0, ""confidence"": [0.0, 0.7934506856227626], ""p_value"": 1.0, ""solo_contingency"": [[0, 1], [383, 24268]], ""contingency"": [[4, 22], [7554, 33961]]}",{}
NC00962.3,EMB-0.2-0.95,0.0,GARC1,RUS,EMB,embA@R836G,U,{},"{""proportion"": 0.0, ""confidence"": [0.0, 0.7934506856227626], ""p_value"": 1.0, ""solo_contingency"": [[0, 1], [383, 24268]], ""contingency"": [[0, 2], [7558, 33981]]}",{}
NC00962.3,EMB-0.2-0.95,0.0,GARC1,RUS,EMB,embB@A840G,U,{},"{""proportion"": 0.0, ""confidence"": [0.0, 0.7934506856227626], ""p_value"": 1.0, ""solo_contingency"": [[0, 1], [383, 24268]], ""contingency"": [[0, 1], [7558, 33982]]}",{}
NC00962.3,EMB-0.2-0.95,0.0,GARC1,RUS,EMB,embB@M575V,U,{},"{""proportion"": 0.0, ""confidence"": [0.0, 0.6576197724933469], ""p_value"": 1.0, ""solo_contingency"": [[0, 2], [383, 24268]], ""contingency"": [[0, 2], [7558, 33981]]}",{}
NC00962.3,EMB-0.2-0.95,0.0,GARC1,RUS,EMB,embA@L505F,U,{},"{""proportion"": 0.0, ""confidence"": [0.0, 0.2775327998628892], ""p_value"": 0.22824806400000003, ""solo_contingency"": [[0, 10], [383, 24268]], ""contingency"": [[0, 10], [7558, 33973]]}",{}
NC00962.3,EMB-0.2-0.95,0.0,GARC1,RUS,EMB,embA@A127V,U,{},"{""proportion"": 0.0, ""confidence"": [0.0, 0.6576197724933469], ""p_value"": 1.0, ""solo_contingency"": [[0, 2], [383, 24268]], ""contingency"": [[0, 2], [7558, 33981]]}",{}
NC00962.3,EMB-0.2-0.95,0.0,GARC1,RUS,EMB,embA@G1077S,U,{},"{""proportion"": 0.0, ""confidence"": [0.0, 0.7934506856227626], ""p_value"": 1.0, ""solo_contingency"": [[0, 1], [383, 24268]], ""contingency"": [[0, 1], [7558, 33982]]}",{}
NC00962.3,EMB-0.2-0.95,0.0,GARC1,RUS,EMB,embB@D814A,U,{},"{""proportion"": 0.0, ""confidence"": [4.8683609171202235e-17, 0.5614970317550455], ""p_value"": 1.0, ""solo_contingency"": [[0, 3], [383, 24268]], ""contingency"": [[0, 3], [7558, 33980]]}",{}
NC00962.3,EMB-0.2-0.95,0.0,GARC1,RUS,EMB,embA@H140D,U,{},"{""proportion"": 0.0, ""confidence"": [0.0, 0.7934506856227626], ""p_value"": 1.0, ""solo_contingency"": [[0, 1], [383, 24268]], ""contingency"": [[0, 1], [7558, 33982]]}",{}
NC00962.3,EMB-0.2-0.95,0.0,GARC1,RUS,EMB,embB@A102T,U,{},"{""proportion"": 0.0, ""confidence"": [0.0, 0.7934506856227626], ""p_value"": 1.0, ""solo_contingency"": [[0, 1], [383, 24268]], ""contingency"": [[0, 1], [7558, 33982]]}",{}
NC00962.3,EMB-0.2-0.95,0.0,GARC1,RUS,EMB,embA@G86V,U,{},"{""proportion"": 0.0, ""confidence"": [0.0, 0.43448246478317476], ""p_value"": 0.5904, ""solo_contingency"": [[0, 5], [383, 24268]], ""contingency"": [[0, 5], [7558, 33978]]}",{}
NC00962.3,EMB-0.2-0.95,0.0,GARC1,RUS,EMB,embB@Y384S,U,{},"{""proportion"": 0.0, ""confidence"": [0.0, 0.7934506856227626], ""p_value"": 1.0, ""solo_contingency"": [[0, 1], [383, 24268]], ""contingency"": [[2, 2], [7556, 33981]]}",{}
NC00962.3,EMB-0.2-0.95,0.0,GARC1,RUS,EMB,embB@D108N,U,{},"{""proportion"": 0.0, ""confidence"": [0.0, 0.7934506856227626], ""p_value"": 1.0, ""solo_contingency"": [[0, 1], [383, 24268]], ""contingency"": [[0, 1], [7558, 33982]]}",{}
NC00962.3,EMB-0.2-0.95,0.0,GARC1,RUS,EMB,embA@V1073I,U,{},"{""proportion"": 0.0, ""confidence"": [0.0, 0.2775327998628892], ""p_value"": 0.22824806400000003, ""solo_contingency"": [[0, 10], [383, 24268]], ""contingency"": [[0, 10], [7558, 33973]]}",{}
NC00962.3,EMB-0.2-0.95,0.0,GARC1,RUS,EMB,embB@G748E,U,{},"{""proportion"": 0.0, ""confidence"": [0.0, 0.6576197724933469], ""p_value"": 1.0, ""solo_contingency"": [[0, 2], [383, 24268]], ""contingency"": [[0, 2], [7558, 33981]]}",{}
NC00962.3,EMB-0.2-0.95,0.0,GARC1,RUS,EMB,embB@V948M,U,{},"{""proportion"": 0.0, ""confidence"": [0.0, 0.7934506856227626], ""p_value"": 1.0, ""solo_contingency"": [[0, 1], [383, 24268]], ""contingency"": [[0, 1], [7558, 33982]]}",{}
NC00962.3,EMB-0.2-0.95,0.0,GARC1,RUS,EMB,embA@P164L,U,{},"{""proportion"": 0.0, ""confidence"": [0.0, 0.7934506856227626], ""p_value"": 1.0, ""solo_contingency"": [[0, 1], [383, 24268]], ""contingency"": [[0, 1], [7558, 33982]]}",{}
NC00962.3,EMB-0.2-0.95,0.0,GARC1,RUS,EMB,embA@G353R,U,{},"{""proportion"": 0.0, ""confidence"": [0.0, 0.6576197724933469], ""p_value"": 1.0, ""solo_contingency"": [[0, 2], [383, 24268]], ""contingency"": [[0, 3], [7558, 33980]]}",{}
NC00962.3,EMB-0.2-0.95,0.0,GARC1,RUS,EMB,embB@A608T,U,{},"{""proportion"": 0.0, ""confidence"": [0.0, 0.7934506856227626], ""p_value"": 1.0, ""solo_contingency"": [[0, 1], [383, 24268]], ""contingency"": [[0, 2], [7558, 33981]]}",{}
NC00962.3,EMB-0.2-0.95,0.0,GARC1,RUS,EMB,embB@R728Q,U,{},"{""proportion"": 0.0, ""confidence"": [0.0, 0.7934506856227626], ""p_value"": 1.0, ""solo_contingency"": [[0, 1], [383, 24268]], ""contingency"": [[0, 1], [7558, 33982]]}",{}
NC00962.3,EMB-0.2-0.95,0.0,GARC1,RUS,EMB,embA@A159S,U,{},"{""proportion"": 0.0, ""confidence"": [0.0, 0.7934506856227626], ""p_value"": 1.0, ""solo_contingency"": [[0, 1], [383, 24268]], ""contingency"": [[0, 1], [7558, 33982]]}",{}
NC00962.3,EMB-0.2-0.95,0.0,GARC1,RUS,EMB,embB@N399T,U,{},"{""proportion"": 0.0, ""confidence"": [0.0, 0.6576197724933469], ""p_value"": 1.0, ""solo_contingency"": [[0, 2], [383, 24268]], ""contingency"": [[2, 2], [7556, 33981]]}",{}
NC00962.3,EMB-0.2-0.95,0.0,GARC1,RUS,EMB,embA@G1048R,U,{},"{""proportion"": 0.0, ""confidence"": [0.0, 0.7934506856227626], ""p_value"": 1.0, ""solo_contingency"": [[0, 1], [383, 24268]], ""contingency"": [[0, 1], [7558, 33982]]}",{}
NC00962.3,EMB-0.2-0.95,0.0,GARC1,RUS,EMB,embA@G554A,U,{},"{""proportion"": 0.0, ""confidence"": [0.0, 0.7934506856227626], ""p_value"": 1.0, ""solo_contingency"": [[0, 1], [383, 24268]], ""contingency"": [[0, 1], [7558, 33982]]}",{}
NC00962.3,EMB-0.2-0.95,0.0,GARC1,RUS,EMB,embA@Q169E,U,{},"{""proportion"": 0.0, ""confidence"": [4.8683609171202235e-17, 0.5614970317550455], ""p_value"": 1.0, ""solo_contingency"": [[0, 3], [383, 24268]], ""contingency"": [[0, 3], [7558, 33980]]}",{}
NC00962.3,EMB-0.2-0.95,0.0,GARC1,RUS,EMB,embA@A936V,U,{},"{""proportion"": 0.0, ""confidence"": [0.0, 0.6576197724933469], ""p_value"": 1.0, ""solo_contingency"": [[0, 2], [383, 24268]], ""contingency"": [[0, 2], [7558, 33981]]}",{}
NC00962.3,EMB-0.2-0.95,0.0,GARC1,RUS,EMB,embA@L894V,U,{},"{""proportion"": 0.0, ""confidence"": [0.0, 0.6576197724933469], ""p_value"": 1.0, ""solo_contingency"": [[0, 2], [383, 24268]], ""contingency"": [[0, 2], [7558, 33981]]}",{}
NC00962.3,EMB-0.2-0.95,0.0,GARC1,RUS,EMB,embA@R346Q,U,{},"{""proportion"": 0.0, ""confidence"": [0.0, 0.6576197724933469], ""p_value"": 1.0, ""solo_contingency"": [[0, 2], [383, 24268]], ""contingency"": [[0, 2], [7558, 33981]]}",{}
NC00962.3,EMB-0.2-0.95,0.0,GARC1,RUS,EMB,embB@E901D,U,{},"{""proportion"": 0.0, ""confidence"": [0.0, 0.4898908364545973], ""p_value"": 1.0, ""solo_contingency"": [[0, 4], [383, 24268]], ""contingency"": [[0, 4], [7558, 33979]]}",{}
NC00962.3,EMB-0.2-0.95,0.0,GARC1,RUS,EMB,embA@V211M,U,{},"{""proportion"": 0.0, ""confidence"": [0.0, 0.7934506856227626], ""p_value"": 1.0, ""solo_contingency"": [[0, 1], [383, 24268]], ""contingency"": [[0, 1], [7558, 33982]]}",{}
NC00962.3,EMB-0.2-0.95,0.0,GARC1,RUS,EMB,embB@A571T,U,{},"{""proportion"": 0.0, ""confidence"": [0.0, 0.7934506856227626], ""p_value"": 1.0, ""solo_contingency"": [[0, 1], [383, 24268]], ""contingency"": [[0, 1], [7558, 33982]]}",{}
NC00962.3,EMB-0.2-0.95,0.0,GARC1,RUS,EMB,embB@G736S,U,{},"{""proportion"": 0.0, ""confidence"": [0.0, 0.7934506856227626], ""p_value"": 1.0, ""solo_contingency"": [[0, 1], [383, 24268]], ""contingency"": [[0, 1], [7558, 33982]]}",{}
NC00962.3,EMB-0.2-0.95,0.0,GARC1,RUS,EMB,embA@V911A,U,{},"{""proportion"": 0.0, ""confidence"": [0.0, 0.6576197724933469], ""p_value"": 1.0, ""solo_contingency"": [[0, 2], [383, 24268]], ""contingency"": [[0, 2], [7558, 33981]]}",{}
NC00962.3,EMB-0.2-0.95,0.0,GARC1,RUS,EMB,embB@K218N,U,{},"{""proportion"": 0.0, ""confidence"": [0.0, 0.7934506856227626], ""p_value"": 1.0, ""solo_contingency"": [[0, 1], [383, 24268]], ""contingency"": [[0, 1], [7558, 33982]]}",{}
NC00962.3,EMB-0.2-0.95,0.0,GARC1,RUS,EMB,embA@D305G,U,{},"{""proportion"": 0.0, ""confidence"": [0.0, 0.6576197724933469], ""p_value"": 1.0, ""solo_contingency"": [[0, 2], [383, 24268]], ""contingency"": [[0, 2], [7558, 33981]]}",{}
NC00962.3,EMB-0.2-0.95,0.0,GARC1,RUS,EMB,embA@P633S,U,{},"{""proportion"": 0.0, ""confidence"": [0.0, 0.7934506856227626], ""p_value"": 1.0, ""solo_contingency"": [[0, 1], [383, 24268]], ""contingency"": [[0, 1], [7558, 33982]]}",{}
NC00962.3,EMB-0.2-0.95,0.0,GARC1,RUS,EMB,embA@R245W,U,{},"{""proportion"": 0.0, ""confidence"": [0.0, 0.7934506856227626], ""p_value"": 1.0, ""solo_contingency"": [[0, 1], [383, 24268]], ""contingency"": [[0, 1], [7558, 33982]]}",{}
NC00962.3,EMB-0.2-0.95,0.0,GARC1,RUS,EMB,embA@P349Q,U,{},"{""proportion"": 0.0, ""confidence"": [0.0, 0.7934506856227626], ""p_value"": 1.0, ""solo_contingency"": [[0, 1], [383, 24268]], ""contingency"": [[0, 1], [7558, 33982]]}",{}
NC00962.3,EMB-0.2-0.95,0.0,GARC1,RUS,EMB,embA@2545_del_gcc,U,{},"{""proportion"": 0.0, ""confidence"": [0.0, 0.7934506856227626], ""p_value"": 1.0, ""solo_contingency"": [[0, 1], [383, 24268]], ""contingency"": [[0, 1], [7558, 33982]]}",{}
NC00962.3,EMB-0.2-0.95,0.0,GARC1,RUS,EMB,embA@V911I,U,{},"{""proportion"": 0.0, ""confidence"": [2.1025014877572554e-17, 0.24249400665524087], ""p_value"": 0.141274976256, ""solo_contingency"": [[0, 12], [383, 24268]], ""contingency"": [[0, 12], [7558, 33971]]}",{}
NC00962.3,EMB-0.2-0.95,0.0,GARC1,RUS,EMB,embA@S1025L,U,{},"{""proportion"": 0.0, ""confidence"": [0.0, 0.6576197724933469], ""p_value"": 1.0, ""solo_contingency"": [[0, 2], [383, 24268]], ""contingency"": [[0, 2], [7558, 33981]]}",{}
NC00962.3,EMB-0.2-0.95,0.0,GARC1,RUS,EMB,embA@E701D,U,{},"{""proportion"": 0.0, ""confidence"": [0.0, 0.7934506856227626], ""p_value"": 1.0, ""solo_contingency"": [[0, 1], [383, 24268]], ""contingency"": [[0, 1], [7558, 33982]]}",{}
NC00962.3,EMB-0.2-0.95,0.0,GARC1,RUS,EMB,embB@V452L,U,{},"{""proportion"": 0.0, ""confidence"": [4.8683609171202235e-17, 0.5614970317550455], ""p_value"": 1.0, ""solo_contingency"": [[0, 3], [383, 24268]], ""contingency"": [[0, 3], [7558, 33980]]}",{}
NC00962.3,EMB-0.2-0.95,0.0,GARC1,RUS,EMB,embA@S809F,U,{},"{""proportion"": 0.0, ""confidence"": [0.0, 0.7934506856227626], ""p_value"": 1.0, ""solo_contingency"": [[0, 1], [383, 24268]], ""contingency"": [[0, 1], [7558, 33982]]}",{}
NC00962.3,EMB-0.2-0.95,0.0,GARC1,RUS,EMB,embA@P774S,U,{},"{""proportion"": 0.0, ""confidence"": [0.0, 0.6576197724933469], ""p_value"": 1.0, ""solo_contingency"": [[0, 2], [383, 24268]], ""contingency"": [[0, 2], [7558, 33981]]}",{}
NC00962.3,EMB-0.2-0.95,0.0,GARC1,RUS,EMB,embA@R68P,U,{},"{""proportion"": 0.0, ""confidence"": [4.8683609171202235e-17, 0.5614970317550455], ""p_value"": 1.0, ""solo_contingency"": [[0, 3], [383, 24268]], ""contingency"": [[0, 3], [7558, 33980]]}",{}
NC00962.3,EMB-0.2-0.95,0.0,GARC1,RUS,EMB,embB@F1012L,U,{},"{""proportion"": 0.0, ""confidence"": [3.384324554477539e-17, 0.39033428790216534], ""p_value"": 0.6067840000000001, ""solo_contingency"": [[0, 6], [383, 24268]], ""contingency"": [[0, 6], [7558, 33977]]}",{}
NC00962.3,EMB-0.2-0.95,0.0,GARC1,RUS,EMB,embA@S768I,U,{},"{""proportion"": 0.0, ""confidence"": [0.0, 0.7934506856227626], ""p_value"": 1.0, ""solo_contingency"": [[0, 1], [383, 24268]], ""contingency"": [[0, 1], [7558, 33982]]}",{}
NC00962.3,EMB-0.2-0.95,0.0,GARC1,RUS,EMB,embB@A1007V,U,{},"{""proportion"": 0.0, ""confidence"": [0.0, 0.7934506856227626], ""p_value"": 1.0, ""solo_contingency"": [[0, 1], [383, 24268]], ""contingency"": [[0, 2], [7558, 33981]]}",{}
NC00962.3,EMB-0.2-0.95,0.0,GARC1,RUS,EMB,embB@M916T,U,{},"{""proportion"": 0.0, ""confidence"": [0.0, 0.6576197724933469], ""p_value"": 1.0, ""solo_contingency"": [[0, 2], [383, 24268]], ""contingency"": [[0, 2], [7558, 33981]]}",{}
NC00962.3,EMB-0.2-0.95,0.0,GARC1,RUS,EMB,embA@C527S,U,{},"{""proportion"": 0.0, ""confidence"": [0.0, 0.7934506856227626], ""p_value"": 1.0, ""solo_contingency"": [[0, 1], [383, 24268]], ""contingency"": [[0, 1], [7558, 33982]]}",{}
NC00962.3,EMB-0.2-0.95,0.0,GARC1,RUS,EMB,embB@K938N,U,{},"{""proportion"": 0.0, ""confidence"": [4.8683609171202235e-17, 0.5614970317550455], ""p_value"": 1.0, ""solo_contingency"": [[0, 3], [383, 24268]], ""contingency"": [[0, 3], [7558, 33980]]}",{}
NC00962.3,EMB-0.2-0.95,0.0,GARC1,RUS,EMB,embB@Q51P,U,{},"{""proportion"": 0.0, ""confidence"": [0.0, 0.32440756488388023], ""p_value"": 0.37085440000000003, ""solo_contingency"": [[0, 8], [383, 24268]], ""contingency"": [[0, 8], [7558, 33975]]}",{}
NC00962.3,EMB-0.2-0.95,0.0,GARC1,RUS,EMB,embA@G972R,U,{},"{""proportion"": 0.0, ""confidence"": [0.0, 0.6576197724933469], ""p_value"": 1.0, ""solo_contingency"": [[0, 2], [383, 24268]], ""contingency"": [[0, 2], [7558, 33981]]}",{}
NC00962.3,EMB-0.2-0.95,0.0,GARC1,RUS,EMB,embB@M714I,U,{},"{""proportion"": 0.0, ""confidence"": [0.0, 0.7934506856227626], ""p_value"": 1.0, ""solo_contingency"": [[0, 1], [383, 24268]], ""contingency"": [[0, 1], [7558, 33982]]}",{}
NC00962.3,EMB-0.2-0.95,0.0,GARC1,RUS,EMB,embA@V676A,U,{},"{""proportion"": 0.0, ""confidence"": [0.0, 0.7934506856227626], ""p_value"": 1.0, ""solo_contingency"": [[0, 1], [383, 24268]], ""contingency"": [[0, 1], [7558, 33982]]}",{}
NC00962.3,EMB-0.2-0.95,0.0,GARC1,RUS,EMB,embA@c-15g,U,{},"{""proportion"": 0.25, ""confidence"": [0.045587260809700575, 0.6993581574175981], ""p_value"": 1.0, ""solo_contingency"": [[1, 3], [383, 24268]], ""contingency"": [[29, 13], [7529, 33970]]}",{}
NC00962.3,EMB-0.2-0.95,0.0,GARC1,RUS,EMB,embA@D883A,U,{},"{""proportion"": 0.0, ""confidence"": [0.0, 0.7934506856227626], ""p_value"": 1.0, ""solo_contingency"": [[0, 1], [383, 24268]], ""contingency"": [[0, 1], [7558, 33982]]}",{}
NC00962.3,EMB-0.2-0.95,0.0,GARC1,RUS,EMB,embB@E976K,U,{},"{""proportion"": 0.0, ""confidence"": [0.0, 0.7934506856227626], ""p_value"": 1.0, ""solo_contingency"": [[0, 1], [383, 24268]], ""contingency"": [[0, 1], [7558, 33982]]}",{}
NC00962.3,EMB-0.2-0.95,0.0,GARC1,RUS,EMB,embA@R969W,U,{},"{""proportion"": 0.0, ""confidence"": [0.0, 0.6576197724933469], ""p_value"": 1.0, ""solo_contingency"": [[0, 2], [383, 24268]], ""contingency"": [[0, 2], [7558, 33981]]}",{}
NC00962.3,EMB-0.2-0.95,0.0,GARC1,RUS,EMB,embA@I877T,U,{},"{""proportion"": 0.0, ""confidence"": [0.0, 0.7934506856227626], ""p_value"": 1.0, ""solo_contingency"": [[0, 1], [383, 24268]], ""contingency"": [[0, 2], [7558, 33981]]}",{}
NC00962.3,EMB-0.2-0.95,0.0,GARC1,RUS,EMB,embB@2325_ins_cccttg,U,{},"{""proportion"": 0.0, ""confidence"": [0.0, 0.6576197724933469], ""p_value"": 1.0, ""solo_contingency"": [[0, 2], [383, 24268]], ""contingency"": [[0, 2], [7558, 33981]]}",{}
NC00962.3,EMB-0.2-0.95,0.0,GARC1,RUS,EMB,embB@L17W,U,{},"{""proportion"": 0.0, ""confidence"": [0.0, 0.6576197724933469], ""p_value"": 1.0, ""solo_contingency"": [[0, 2], [383, 24268]], ""contingency"": [[21, 107], [7537, 33876]]}",{}
NC00962.3,EMB-0.2-0.95,0.0,GARC1,RUS,EMB,embA@G998D,U,{},"{""proportion"": 0.0, ""confidence"": [0.0, 0.7934506856227626], ""p_value"": 1.0, ""solo_contingency"": [[0, 1], [383, 24268]], ""contingency"": [[0, 1], [7558, 33982]]}",{}
NC00962.3,EMB-0.2-0.95,0.0,GARC1,RUS,EMB,embB@R173P,U,{},"{""proportion"": 0.0, ""confidence"": [0.0, 0.7934506856227626], ""p_value"": 1.0, ""solo_contingency"": [[0, 1], [383, 24268]], ""contingency"": [[0, 1], [7558, 33982]]}",{}
NC00962.3,EMB-0.2-0.95,0.0,GARC1,RUS,EMB,embA@P455L,U,{},"{""proportion"": 0.0, ""confidence"": [0.0, 0.7934506856227626], ""p_value"": 1.0, ""solo_contingency"": [[0, 1], [383, 24268]], ""contingency"": [[0, 1], [7558, 33982]]}",{}
NC00962.3,EMB-0.2-0.95,0.0,GARC1,RUS,EMB,embA@L344R,U,{},"{""proportion"": 0.0, ""confidence"": [0.0, 0.32440756488388023], ""p_value"": 0.37085440000000003, ""solo_contingency"": [[0, 8], [383, 24268]], ""contingency"": [[0, 8], [7558, 33975]]}",{}
NC00962.3,EMB-0.2-0.95,0.0,GARC1,RUS,EMB,embA@C76F,U,{},"{""proportion"": 0.0, ""confidence"": [0.0, 0.7934506856227626], ""p_value"": 1.0, ""solo_contingency"": [[0, 1], [383, 24268]], ""contingency"": [[0, 1], [7558, 33982]]}",{}
NC00962.3,EMB-0.2-0.95,0.0,GARC1,RUS,EMB,embA@V676I,U,{},"{""proportion"": 0.0, ""confidence"": [0.0, 0.7934506856227626], ""p_value"": 1.0, ""solo_contingency"": [[0, 1], [383, 24268]], ""contingency"": [[0, 1], [7558, 33982]]}",{}
NC00962.3,EMB-0.2-0.95,0.0,GARC1,RUS,EMB,embB@E958G,U,{},"{""proportion"": 0.0, ""confidence"": [0.0, 0.7934506856227626], ""p_value"": 1.0, ""solo_contingency"": [[0, 1], [383, 24268]], ""contingency"": [[0, 1], [7558, 33982]]}",{}
NC00962.3,EMB-0.2-0.95,0.0,GARC1,RUS,EMB,embA@N510T,U,{},"{""proportion"": 0.0, ""confidence"": [0.0, 0.7934506856227626], ""p_value"": 1.0, ""solo_contingency"": [[0, 1], [383, 24268]], ""contingency"": [[0, 1], [7558, 33982]]}",{}
NC00962.3,EMB-0.2-0.95,0.0,GARC1,RUS,EMB,embA@L347R,U,{},"{""proportion"": 0.0, ""confidence"": [0.0, 0.7934506856227626], ""p_value"": 1.0, ""solo_contingency"": [[0, 1], [383, 24268]], ""contingency"": [[0, 1], [7558, 33982]]}",{}
NC00962.3,EMB-0.2-0.95,0.0,GARC1,RUS,EMB,embA@A409T,U,{},"{""proportion"": 0.0, ""confidence"": [0.0, 0.6576197724933469], ""p_value"": 1.0, ""solo_contingency"": [[0, 2], [383, 24268]], ""contingency"": [[0, 3], [7558, 33980]]}",{}
NC00962.3,EMB-0.2-0.95,0.0,GARC1,RUS,EMB,embB@S856R,U,{},"{""proportion"": 0.0, ""confidence"": [0.0, 0.7934506856227626], ""p_value"": 1.0, ""solo_contingency"": [[0, 1], [383, 24268]], ""contingency"": [[0, 2], [7558, 33981]]}",{}
NC00962.3,EMB-0.2-0.95,0.0,GARC1,RUS,EMB,embA@Q474H,U,{},"{""proportion"": 0.0, ""confidence"": [0.0, 0.7934506856227626], ""p_value"": 1.0, ""solo_contingency"": [[0, 1], [383, 24268]], ""contingency"": [[0, 1], [7558, 33982]]}",{}
NC00962.3,EMB-0.2-0.95,0.0,GARC1,RUS,EMB,embB@G1035S,U,{},"{""proportion"": 0.0, ""confidence"": [0.0, 0.6576197724933469], ""p_value"": 1.0, ""solo_contingency"": [[0, 2], [383, 24268]], ""contingency"": [[0, 2], [7558, 33981]]}",{}
NC00962.3,EMB-0.2-0.95,0.0,GARC1,RUS,EMB,embB@G871V,U,{},"{""proportion"": 0.0, ""confidence"": [0.0, 0.7934506856227626], ""p_value"": 1.0, ""solo_contingency"": [[0, 1], [383, 24268]], ""contingency"": [[0, 1], [7558, 33982]]}",{}
NC00962.3,EMB-0.2-0.95,0.0,GARC1,RUS,EMB,embA@c-34t,U,{},"{""proportion"": 0.0, ""confidence"": [0.0, 0.43448246478317476], ""p_value"": 0.5904, ""solo_contingency"": [[0, 5], [383, 24268]], ""contingency"": [[0, 5], [7558, 33978]]}",{}
NC00962.3,EMB-0.2-0.95,0.0,GARC1,RUS,EMB,embB@A801T,U,{},"{""proportion"": 0.0, ""confidence"": [0.0, 0.43448246478317476], ""p_value"": 0.5904, ""solo_contingency"": [[0, 5], [383, 24268]], ""contingency"": [[0, 5], [7558, 33978]]}",{}
NC00962.3,EMB-0.2-0.95,0.0,GARC1,RUS,EMB,embA@A159P,U,{},"{""proportion"": 0.0, ""confidence"": [0.0, 0.7934506856227626], ""p_value"": 1.0, ""solo_contingency"": [[0, 1], [383, 24268]], ""contingency"": [[0, 1], [7558, 33982]]}",{}
NC00962.3,EMB-0.2-0.95,0.0,GARC1,RUS,EMB,embA@P32L,U,{},"{""proportion"": 0.0, ""confidence"": [0.0, 0.7934506856227626], ""p_value"": 1.0, ""solo_contingency"": [[0, 1], [383, 24268]], ""contingency"": [[0, 1], [7558, 33982]]}",{}
NC00962.3,EMB-0.2-0.95,0.0,GARC1,RUS,EMB,embB@A637T,U,{},"{""proportion"": 0.0, ""confidence"": [0.0, 0.7934506856227626], ""p_value"": 1.0, ""solo_contingency"": [[0, 1], [383, 24268]], ""contingency"": [[0, 1], [7558, 33982]]}",{}
NC00962.3,EMB-0.2-0.95,0.0,GARC1,RUS,EMB,embB@D178H,U,{},"{""proportion"": 0.0, ""confidence"": [0.0, 0.7934506856227626], ""p_value"": 1.0, ""solo_contingency"": [[0, 1], [383, 24268]], ""contingency"": [[0, 1], [7558, 33982]]}",{}
NC00962.3,EMB-0.2-0.95,0.0,GARC1,RUS,EMB,embB@V230A,U,{},"{""proportion"": 0.0, ""confidence"": [0.0, 0.6576197724933469], ""p_value"": 1.0, ""solo_contingency"": [[0, 2], [383, 24268]], ""contingency"": [[0, 2], [7558, 33981]]}",{}
NC00962.3,EMB-0.2-0.95,0.0,GARC1,RUS,EMB,embA@Y635H,U,{},"{""proportion"": 0.0, ""confidence"": [0.0, 0.7934506856227626], ""p_value"": 1.0, ""solo_contingency"": [[0, 1], [383, 24268]], ""contingency"": [[0, 1], [7558, 33982]]}",{}
NC00962.3,EMB-0.2-0.95,0.0,GARC1,RUS,EMB,embB@T642A,U,{},"{""proportion"": 0.0, ""confidence"": [0.0, 0.7934506856227626], ""p_value"": 1.0, ""solo_contingency"": [[0, 1], [383, 24268]], ""contingency"": [[8, 2], [7550, 33981]]}",{}
NC00962.3,EMB-0.2-0.95,0.0,GARC1,RUS,EMB,embB@Y813D,U,{},"{""proportion"": 0.0, ""confidence"": [0.0, 0.6576197724933469], ""p_value"": 1.0, ""solo_contingency"": [[0, 2], [383, 24268]], ""contingency"": [[0, 2], [7558, 33981]]}",{}
NC00962.3,EMB-0.2-0.95,0.0,GARC1,RUS,EMB,embA@F927L,U,{},"{""proportion"": 0.0, ""confidence"": [0.0, 0.7934506856227626], ""p_value"": 1.0, ""solo_contingency"": [[0, 1], [383, 24268]], ""contingency"": [[0, 1], [7558, 33982]]}",{}
NC00962.3,EMB-0.2-0.95,0.0,GARC1,RUS,EMB,embB@Q139H,U,{},"{""proportion"": 0.0, ""confidence"": [4.8683609171202235e-17, 0.5614970317550455], ""p_value"": 1.0, ""solo_contingency"": [[0, 3], [383, 24268]], ""contingency"": [[3, 119], [7555, 33864]]}",{}
NC00962.3,EMB-0.2-0.95,0.0,GARC1,RUS,EMB,embA@G29S,U,{},"{""proportion"": 0.0, ""confidence"": [0.0, 0.4898908364545973], ""p_value"": 1.0, ""solo_contingency"": [[0, 4], [383, 24268]], ""contingency"": [[0, 4], [7558, 33979]]}",{}
NC00962.3,EMB-0.2-0.95,0.0,GARC1,RUS,EMB,embA@G596D,U,{},"{""proportion"": 0.0, ""confidence"": [0.0, 0.6576197724933469], ""p_value"": 1.0, ""solo_contingency"": [[0, 2], [383, 24268]], ""contingency"": [[0, 2], [7558, 33981]]}",{}
NC00962.3,EMB-0.2-0.95,0.0,GARC1,RUS,EMB,embB@T667A,U,{},"{""proportion"": 0.0, ""confidence"": [0.0, 0.7934506856227626], ""p_value"": 1.0, ""solo_contingency"": [[0, 1], [383, 24268]], ""contingency"": [[0, 1], [7558, 33982]]}",{}
NC00962.3,EMB-0.2-0.95,0.0,GARC1,RUS,EMB,embB@A379V,U,{},"{""proportion"": 0.0, ""confidence"": [0.0, 0.7934506856227626], ""p_value"": 1.0, ""solo_contingency"": [[0, 1], [383, 24268]], ""contingency"": [[0, 1], [7558, 33982]]}",{}
NC00962.3,EMB-0.2-0.95,0.0,GARC1,RUS,EMB,embB@Y977H,U,{},"{""proportion"": 0.0, ""confidence"": [0.0, 0.7934506856227626], ""p_value"": 1.0, ""solo_contingency"": [[0, 1], [383, 24268]], ""contingency"": [[0, 1], [7558, 33982]]}",{}
NC00962.3,EMB-0.2-0.95,0.0,GARC1,RUS,EMB,embB@T31A,U,{},"{""proportion"": 0.0, ""confidence"": [0.0, 0.7934506856227626], ""p_value"": 1.0, ""solo_contingency"": [[0, 1], [383, 24268]], ""contingency"": [[0, 1], [7558, 33982]]}",{}
NC00962.3,EMB-0.2-0.95,0.0,GARC1,RUS,EMB,embB@N807D,U,{},"{""proportion"": 0.0, ""confidence"": [0.0, 0.7934506856227626], ""p_value"": 1.0, ""solo_contingency"": [[0, 1], [383, 24268]], ""contingency"": [[1, 7], [7557, 33976]]}",{}
NC00962.3,EMB-0.2-0.95,0.0,GARC1,RUS,EMB,embB@V654M,U,{},"{""proportion"": 0.0, ""confidence"": [0.0, 0.7934506856227626], ""p_value"": 1.0, ""solo_contingency"": [[0, 1], [383, 24268]], ""contingency"": [[0, 1], [7558, 33982]]}",{}
NC00962.3,EMB-0.2-0.95,0.0,GARC1,RUS,EMB,embB@P183S,U,{},"{""proportion"": 0.0, ""confidence"": [0.0, 0.6576197724933469], ""p_value"": 1.0, ""solo_contingency"": [[0, 2], [383, 24268]], ""contingency"": [[0, 2], [7558, 33981]]}",{}
NC00962.3,EMB-0.2-0.95,0.0,GARC1,RUS,EMB,embB@T797P,U,{},"{""proportion"": 0.0, ""confidence"": [4.8683609171202235e-17, 0.5614970317550455], ""p_value"": 1.0, ""solo_contingency"": [[0, 3], [383, 24268]], ""contingency"": [[0, 3], [7558, 33980]]}",{}
NC00962.3,EMB-0.2-0.95,0.0,GARC1,RUS,EMB,embB@G106R,U,{},"{""proportion"": 0.0, ""confidence"": [0.0, 0.6576197724933469], ""p_value"": 1.0, ""solo_contingency"": [[0, 2], [383, 24268]], ""contingency"": [[0, 2], [7558, 33981]]}",{}
NC00962.3,EMB-0.2-0.95,0.0,GARC1,RUS,EMB,embB@V292F,U,{},"{""proportion"": 0.0, ""confidence"": [0.0, 0.43448246478317476], ""p_value"": 0.5904, ""solo_contingency"": [[0, 5], [383, 24268]], ""contingency"": [[0, 5], [7558, 33978]]}",{}
NC00962.3,EMB-0.2-0.95,0.0,GARC1,RUS,EMB,embB@V492L,U,{},"{""proportion"": 0.0, ""confidence"": [0.0, 0.6576197724933469], ""p_value"": 1.0, ""solo_contingency"": [[0, 2], [383, 24268]], ""contingency"": [[0, 2], [7558, 33981]]}",{}
NC00962.3,EMB-0.2-0.95,0.0,GARC1,RUS,EMB,embA@D1049A,U,{},"{""proportion"": 0.0, ""confidence"": [0.0, 0.6576197724933469], ""p_value"": 1.0, ""solo_contingency"": [[0, 2], [383, 24268]], ""contingency"": [[1, 2], [7557, 33981]]}",{}
NC00962.3,EMB-0.2-0.95,0.0,GARC1,RUS,EMB,embB@T520S,U,{},"{""proportion"": 0.0, ""confidence"": [0.0, 0.7934506856227626], ""p_value"": 1.0, ""solo_contingency"": [[0, 1], [383, 24268]], ""contingency"": [[0, 1], [7558, 33982]]}",{}
NC00962.3,EMB-0.2-0.95,0.0,GARC1,RUS,EMB,embB@G1005D,U,{},"{""proportion"": 0.0, ""confidence"": [0.0, 0.6576197724933469], ""p_value"": 1.0, ""solo_contingency"": [[0, 2], [383, 24268]], ""contingency"": [[0, 2], [7558, 33981]]}",{}
NC00962.3,EMB-0.2-0.95,0.0,GARC1,RUS,EMB,embB@F176V,U,{},"{""proportion"": 0.0, ""confidence"": [0.0, 0.7934506856227626], ""p_value"": 1.0, ""solo_contingency"": [[0, 1], [383, 24268]], ""contingency"": [[0, 3], [7558, 33980]]}",{}
NC00962.3,EMB-0.2-0.95,0.0,GARC1,RUS,EMB,embB@A232T,U,{},"{""proportion"": 0.0, ""confidence"": [0.0, 0.6576197724933469], ""p_value"": 1.0, ""solo_contingency"": [[0, 2], [383, 24268]], ""contingency"": [[0, 2], [7558, 33981]]}",{}
NC00962.3,EMB-0.2-0.95,0.0,GARC1,RUS,EMB,embA@P988L,U,{},"{""proportion"": 0.0, ""confidence"": [0.0, 0.7934506856227626], ""p_value"": 1.0, ""solo_contingency"": [[0, 1], [383, 24268]], ""contingency"": [[0, 1], [7558, 33982]]}",{}
NC00962.3,EMB-0.2-0.95,0.0,GARC1,RUS,EMB,embB@L181Q,U,{},"{""proportion"": 0.0, ""confidence"": [0.0, 0.7934506856227626], ""p_value"": 1.0, ""solo_contingency"": [[0, 1], [383, 24268]], ""contingency"": [[0, 2], [7558, 33981]]}",{}
NC00962.3,EMB-0.2-0.95,0.0,GARC1,RUS,EMB,embB@D240Y,U,{},"{""proportion"": 0.0, ""confidence"": [0.0, 0.7934506856227626], ""p_value"": 1.0, ""solo_contingency"": [[0, 1], [383, 24268]], ""contingency"": [[0, 1], [7558, 33982]]}",{}
NC00962.3,EMB-0.2-0.95,0.0,GARC1,RUS,EMB,embB@G96E,U,{},"{""proportion"": 0.0, ""confidence"": [0.0, 0.7934506856227626], ""p_value"": 1.0, ""solo_contingency"": [[0, 1], [383, 24268]], ""contingency"": [[0, 1], [7558, 33982]]}",{}
NC00962.3,EMB-0.2-0.95,0.0,GARC1,RUS,EMB,embB@A840V,U,{},"{""proportion"": 0.0, ""confidence"": [0.0, 0.7934506856227626], ""p_value"": 1.0, ""solo_contingency"": [[0, 1], [383, 24268]], ""contingency"": [[0, 1], [7558, 33982]]}",{}
NC00962.3,EMB-0.2-0.95,0.0,GARC1,RUS,EMB,embB@F330I,U,{},"{""proportion"": 0.0, ""confidence"": [0.0, 0.43448246478317476], ""p_value"": 0.5904, ""solo_contingency"": [[0, 5], [383, 24268]], ""contingency"": [[1, 5], [7557, 33978]]}",{}
NC00962.3,EMB-0.2-0.95,0.0,GARC1,RUS,EMB,embB@D1041A,U,{},"{""proportion"": 0.0, ""confidence"": [0.0, 0.7934506856227626], ""p_value"": 1.0, ""solo_contingency"": [[0, 1], [383, 24268]], ""contingency"": [[0, 1], [7558, 33982]]}",{}
NC00962.3,EMB-0.2-0.95,0.0,GARC1,RUS,EMB,embB@G745R,U,{},"{""proportion"": 0.0, ""confidence"": [0.0, 0.7934506856227626], ""p_value"": 1.0, ""solo_contingency"": [[0, 1], [383, 24268]], ""contingency"": [[0, 1], [7558, 33982]]}",{}
NC00962.3,EMB-0.2-0.95,0.0,GARC1,RUS,EMB,embA@A461T,U,{},"{""proportion"": 0.0, ""confidence"": [0.0, 0.7934506856227626], ""p_value"": 1.0, ""solo_contingency"": [[0, 1], [383, 24268]], ""contingency"": [[0, 1], [7558, 33982]]}",{}
NC00962.3,EMB-0.2-0.95,0.0,GARC1,RUS,EMB,embA@I30V,U,{},"{""proportion"": 0.0, ""confidence"": [0.0, 0.7934506856227626], ""p_value"": 1.0, ""solo_contingency"": [[0, 1], [383, 24268]], ""contingency"": [[0, 1], [7558, 33982]]}",{}
NC00962.3,EMB-0.2-0.95,0.0,GARC1,RUS,EMB,embB@A338T,U,{},"{""proportion"": 0.0, ""confidence"": [3.384324554477539e-17, 0.39033428790216534], ""p_value"": 0.6067840000000001, ""solo_contingency"": [[0, 6], [383, 24268]], ""contingency"": [[0, 7], [7558, 33976]]}",{}
NC00962.3,EMB-0.2-0.95,0.0,GARC1,RUS,EMB,embB@M575R,U,{},"{""proportion"": 0.0, ""confidence"": [0.0, 0.6576197724933469], ""p_value"": 1.0, ""solo_contingency"": [[0, 2], [383, 24268]], ""contingency"": [[0, 2], [7558, 33981]]}",{}
NC00962.3,EMB-0.2-0.95,0.0,GARC1,RUS,EMB,embA@A593V,U,{},"{""proportion"": 0.0, ""confidence"": [0.0, 0.7934506856227626], ""p_value"": 1.0, ""solo_contingency"": [[0, 1], [383, 24268]], ""contingency"": [[0, 1], [7558, 33982]]}",{}
NC00962.3,EMB-0.2-0.95,0.0,GARC1,RUS,EMB,embA@T197R,U,{},"{""proportion"": 0.0, ""confidence"": [0.0, 0.7934506856227626], ""p_value"": 1.0, ""solo_contingency"": [[0, 1], [383, 24268]], ""contingency"": [[0, 1], [7558, 33982]]}",{}
NC00962.3,EMB-0.2-0.95,0.0,GARC1,RUS,EMB,embB@A386E,U,{},"{""proportion"": 0.0, ""confidence"": [3.384324554477539e-17, 0.39033428790216534], ""p_value"": 0.6067840000000001, ""solo_contingency"": [[0, 6], [383, 24268]], ""contingency"": [[0, 7], [7558, 33976]]}",{}
NC00962.3,EMB-0.2-0.95,0.0,GARC1,RUS,EMB,embB@G745A,U,{},"{""proportion"": 0.0, ""confidence"": [0.0, 0.7934506856227626], ""p_value"": 1.0, ""solo_contingency"": [[0, 1], [383, 24268]], ""contingency"": [[0, 1], [7558, 33982]]}",{}
NC00962.3,EMB-0.2-0.95,0.0,GARC1,RUS,EMB,embA@R444W,U,{},"{""proportion"": 0.0, ""confidence"": [0.0, 0.7934506856227626], ""p_value"": 1.0, ""solo_contingency"": [[0, 1], [383, 24268]], ""contingency"": [[0, 1], [7558, 33982]]}",{}
NC00962.3,EMB-0.2-0.95,0.0,GARC1,RUS,EMB,embA@P958L,U,{},"{""proportion"": 0.0, ""confidence"": [0.0, 0.7934506856227626], ""p_value"": 1.0, ""solo_contingency"": [[0, 1], [383, 24268]], ""contingency"": [[0, 1], [7558, 33982]]}",{}
NC00962.3,EMB-0.2-0.95,0.0,GARC1,RUS,EMB,embA@E779Q,U,{},"{""proportion"": 0.0, ""confidence"": [4.8683609171202235e-17, 0.5614970317550455], ""p_value"": 1.0, ""solo_contingency"": [[0, 3], [383, 24268]], ""contingency"": [[0, 3], [7558, 33980]]}",{}
NC00962.3,EMB-0.2-0.95,0.0,GARC1,RUS,EMB,embA@1783_ins_tcggtctacatagtcgac,U,{},"{""proportion"": 0.0, ""confidence"": [0.0, 0.7934506856227626], ""p_value"": 1.0, ""solo_contingency"": [[0, 1], [383, 24268]], ""contingency"": [[0, 1], [7558, 33982]]}",{}
NC00962.3,EMB-0.2-0.95,0.0,GARC1,RUS,EMB,embB@S261A,U,{},"{""proportion"": 0.0, ""confidence"": [0.0, 0.7934506856227626], ""p_value"": 1.0, ""solo_contingency"": [[0, 1], [383, 24268]], ""contingency"": [[0, 1], [7558, 33982]]}",{}
NC00962.3,EMB-0.2-0.95,0.0,GARC1,RUS,EMB,embA@T308K,U,{},"{""proportion"": 0.0, ""confidence"": [0.0, 0.7934506856227626], ""p_value"": 1.0, ""solo_contingency"": [[0, 1], [383, 24268]], ""contingency"": [[0, 1], [7558, 33982]]}",{}
NC00962.3,EMB-0.2-0.95,0.0,GARC1,RUS,EMB,embB@D243H,U,{},"{""proportion"": 0.0, ""confidence"": [0.0, 0.6576197724933469], ""p_value"": 1.0, ""solo_contingency"": [[0, 2], [383, 24268]], ""contingency"": [[0, 2], [7558, 33981]]}",{}
NC00962.3,EMB-0.2-0.95,0.0,GARC1,RUS,EMB,embA@S250G,U,{},"{""proportion"": 0.0, ""confidence"": [0.0, 0.7934506856227626], ""p_value"": 1.0, ""solo_contingency"": [[0, 1], [383, 24268]], ""contingency"": [[0, 1], [7558, 33982]]}",{}
NC00962.3,EMB-0.2-0.95,0.0,GARC1,RUS,EMB,embB@G748V,U,{},"{""proportion"": 0.0, ""confidence"": [0.0, 0.7934506856227626], ""p_value"": 1.0, ""solo_contingency"": [[0, 1], [383, 24268]], ""contingency"": [[0, 1], [7558, 33982]]}",{}
NC00962.3,EMB-0.2-0.95,0.0,GARC1,RUS,EMB,embA@I1007V,U,{},"{""proportion"": 0.0, ""confidence"": [0.0, 0.7934506856227626], ""p_value"": 1.0, ""solo_contingency"": [[0, 1], [383, 24268]], ""contingency"": [[0, 4], [7558, 33979]]}",{}
NC00962.3,EMB-0.2-0.95,0.0,GARC1,RUS,EMB,embB@V944A,U,{},"{""proportion"": 0.0, ""confidence"": [4.8683609171202235e-17, 0.5614970317550455], ""p_value"": 1.0, ""solo_contingency"": [[0, 3], [383, 24268]], ""contingency"": [[0, 3], [7558, 33980]]}",{}
NC00962.3,EMB-0.2-0.95,0.0,GARC1,RUS,EMB,embB@A941T,U,{},"{""proportion"": 0.0, ""confidence"": [0.0, 0.7934506856227626], ""p_value"": 1.0, ""solo_contingency"": [[0, 1], [383, 24268]], ""contingency"": [[0, 1], [7558, 33982]]}",{}
NC00962.3,EMB-0.2-0.95,0.0,GARC1,RUS,EMB,embA@g-75a,U,{},"{""proportion"": 0.0, ""confidence"": [0.0, 0.7934506856227626], ""p_value"": 1.0, ""solo_contingency"": [[0, 1], [383, 24268]], ""contingency"": [[0, 1], [7558, 33982]]}",{}
NC00962.3,EMB-0.2-0.95,0.0,GARC1,RUS,EMB,embA@A930V,U,{},"{""proportion"": 0.0, ""confidence"": [0.0, 0.7934506856227626], ""p_value"": 1.0, ""solo_contingency"": [[0, 1], [383, 24268]], ""contingency"": [[0, 1], [7558, 33982]]}",{}
NC00962.3,EMB-0.2-0.95,0.0,GARC1,RUS,EMB,embA@G210V,U,{},"{""proportion"": 0.0, ""confidence"": [0.0, 0.7934506856227626], ""p_value"": 1.0, ""solo_contingency"": [[0, 1], [383, 24268]], ""contingency"": [[0, 1], [7558, 33982]]}",{}
NC00962.3,EMB-0.2-0.95,0.0,GARC1,RUS,EMB,embB@R625W,U,{},"{""proportion"": 0.0, ""confidence"": [0.0, 0.7934506856227626], ""p_value"": 1.0, ""solo_contingency"": [[0, 1], [383, 24268]], ""contingency"": [[0, 1], [7558, 33982]]}",{}
NC00962.3,EMB-0.2-0.95,0.0,GARC1,RUS,EMB,embA@E7K,U,{},"{""proportion"": 0.0, ""confidence"": [0.0, 0.43448246478317476], ""p_value"": 0.5904, ""solo_contingency"": [[0, 5], [383, 24268]], ""contingency"": [[0, 6], [7558, 33977]]}",{}
NC00962.3,EMB-0.2-0.95,0.0,GARC1,RUS,EMB,embB@V612M,U,{},"{""proportion"": 0.0, ""confidence"": [0.0, 0.7934506856227626], ""p_value"": 1.0, ""solo_contingency"": [[0, 1], [383, 24268]], ""contingency"": [[0, 1], [7558, 33982]]}",{}
NC00962.3,EMB-0.2-0.95,0.0,GARC1,RUS,EMB,embB@G696A,U,{},"{""proportion"": 0.0, ""confidence"": [0.0, 0.7934506856227626], ""p_value"": 1.0, ""solo_contingency"": [[0, 1], [383, 24268]], ""contingency"": [[0, 1], [7558, 33982]]}",{}
NC00962.3,EMB-0.2-0.95,0.0,GARC1,RUS,EMB,embA@A921S,U,{},"{""proportion"": 0.0, ""confidence"": [0.0, 0.6576197724933469], ""p_value"": 1.0, ""solo_contingency"": [[0, 2], [383, 24268]], ""contingency"": [[0, 2], [7558, 33981]]}",{}
NC00962.3,EMB-0.2-0.95,0.0,GARC1,RUS,EMB,embB@R464Q,U,{},"{""proportion"": 0.0, ""confidence"": [0.0, 0.7934506856227626], ""p_value"": 1.0, ""solo_contingency"": [[0, 1], [383, 24268]], ""contingency"": [[0, 1], [7558, 33982]]}",{}
NC00962.3,EMB-0.2-0.95,0.0,GARC1,RUS,EMB,embB@A484T,U,{},"{""proportion"": 0.0, ""confidence"": [0.0, 0.7934506856227626], ""p_value"": 1.0, ""solo_contingency"": [[0, 1], [383, 24268]], ""contingency"": [[1, 1], [7557, 33982]]}",{}
NC00962.3,EMB-0.2-0.95,0.0,GARC1,RUS,EMB,embA@G230S,U,{},"{""proportion"": 0.0, ""confidence"": [4.8683609171202235e-17, 0.5614970317550455], ""p_value"": 1.0, ""solo_contingency"": [[0, 3], [383, 24268]], ""contingency"": [[0, 3], [7558, 33980]]}",{}
NC00962.3,EMB-0.2-0.95,0.0,GARC1,RUS,EMB,embA@I141T,U,{},"{""proportion"": 0.0, ""confidence"": [0.0, 0.6576197724933469], ""p_value"": 1.0, ""solo_contingency"": [[0, 2], [383, 24268]], ""contingency"": [[0, 2], [7558, 33981]]}",{}
NC00962.3,EMB-0.2-0.95,0.0,GARC1,RUS,EMB,embA@V18I,U,{},"{""proportion"": 0.0, ""confidence"": [0.0, 0.7934506856227626], ""p_value"": 1.0, ""solo_contingency"": [[0, 1], [383, 24268]], ""contingency"": [[0, 3], [7558, 33980]]}",{}
NC00962.3,EMB-0.2-0.95,0.0,GARC1,RUS,EMB,embB@R468H,U,{},"{""proportion"": 0.0, ""confidence"": [0.0, 0.7934506856227626], ""p_value"": 1.0, ""solo_contingency"": [[0, 1], [383, 24268]], ""contingency"": [[0, 1], [7558, 33982]]}",{}
NC00962.3,EMB-0.2-0.95,0.0,GARC1,RUS,EMB,embA@g-51a,U,{},"{""proportion"": 0.0, ""confidence"": [0.0, 0.7934506856227626], ""p_value"": 1.0, ""solo_contingency"": [[0, 1], [383, 24268]], ""contingency"": [[0, 1], [7558, 33982]]}",{}
NC00962.3,EMB-0.2-0.95,0.0,GARC1,RUS,EMB,embB@S622W,U,{},"{""proportion"": 0.0, ""confidence"": [0.0, 0.7934506856227626], ""p_value"": 1.0, ""solo_contingency"": [[0, 1], [383, 24268]], ""contingency"": [[0, 1], [7558, 33982]]}",{}
NC00962.3,EMB-0.2-0.95,0.0,GARC1,RUS,EMB,embB@D1060N,U,{},"{""proportion"": 0.0, ""confidence"": [0.0, 0.7934506856227626], ""p_value"": 1.0, ""solo_contingency"": [[0, 1], [383, 24268]], ""contingency"": [[0, 1], [7558, 33982]]}",{}
NC00962.3,EMB-0.2-0.95,0.0,GARC1,RUS,EMB,embA@P802L,U,{},"{""proportion"": 0.0, ""confidence"": [0.0, 0.4898908364545973], ""p_value"": 1.0, ""solo_contingency"": [[0, 4], [383, 24268]], ""contingency"": [[0, 4], [7558, 33979]]}",{}
NC00962.3,EMB-0.2-0.95,0.0,GARC1,RUS,EMB,embB@T215I,U,{},"{""proportion"": 0.0, ""confidence"": [0.0, 0.7934506856227626], ""p_value"": 1.0, ""solo_contingency"": [[0, 1], [383, 24268]], ""contingency"": [[0, 1], [7558, 33982]]}",{}
NC00962.3,EMB-0.2-0.95,0.0,GARC1,RUS,EMB,embB@P655L,U,{},"{""proportion"": 0.0, ""confidence"": [0.0, 0.7934506856227626], ""p_value"": 1.0, ""solo_contingency"": [[0, 1], [383, 24268]], ""contingency"": [[0, 1], [7558, 33982]]}",{}
NC00962.3,EMB-0.2-0.95,0.0,GARC1,RUS,EMB,embA@t-28g,U,{},"{""proportion"": 0.0, ""confidence"": [0.0, 0.7934506856227626], ""p_value"": 1.0, ""solo_contingency"": [[0, 1], [383, 24268]], ""contingency"": [[0, 1], [7558, 33982]]}",{}
NC00962.3,EMB-0.2-0.95,0.0,GARC1,RUS,EMB,embA@A448G,U,{},"{""proportion"": 0.0, ""confidence"": [0.0, 0.7934506856227626], ""p_value"": 1.0, ""solo_contingency"": [[0, 1], [383, 24268]], ""contingency"": [[0, 1], [7558, 33982]]}",{}
NC00962.3,EMB-0.2-0.95,0.0,GARC1,RUS,EMB,embB@H890R,U,{},"{""proportion"": 0.0, ""confidence"": [0.0, 0.7934506856227626], ""p_value"": 1.0, ""solo_contingency"": [[0, 1], [383, 24268]], ""contingency"": [[0, 1], [7558, 33982]]}",{}
NC00962.3,EMB-0.2-0.95,0.0,GARC1,RUS,EMB,embA@T588I,U,{},"{""proportion"": 0.0, ""confidence"": [0.0, 0.7934506856227626], ""p_value"": 1.0, ""solo_contingency"": [[0, 1], [383, 24268]], ""contingency"": [[0, 1], [7558, 33982]]}",{}
NC00962.3,EMB-0.2-0.95,0.0,GARC1,RUS,EMB,embB@P957L,U,{},"{""proportion"": 0.0, ""confidence"": [0.0, 0.7934506856227626], ""p_value"": 1.0, ""solo_contingency"": [[0, 1], [383, 24268]], ""contingency"": [[0, 1], [7558, 33982]]}",{}
NC00962.3,EMB-0.2-0.95,0.0,GARC1,RUS,EMB,embB@S980A,U,{},"{""proportion"": 0.0, ""confidence"": [0.0, 0.7934506856227626], ""p_value"": 1.0, ""solo_contingency"": [[0, 1], [383, 24268]], ""contingency"": [[0, 1], [7558, 33982]]}",{}
NC00962.3,EMB-0.2-0.95,0.0,GARC1,RUS,EMB,embB@E976Q,U,{},"{""proportion"": 0.0, ""confidence"": [0.0, 0.7934506856227626], ""p_value"": 1.0, ""solo_contingency"": [[0, 1], [383, 24268]], ""contingency"": [[0, 1], [7558, 33982]]}",{}
NC00962.3,EMB-0.2-0.95,0.0,GARC1,RUS,EMB,embA@T434A,U,{},"{""proportion"": 0.0, ""confidence"": [0.0, 0.7934506856227626], ""p_value"": 1.0, ""solo_contingency"": [[0, 1], [383, 24268]], ""contingency"": [[0, 1], [7558, 33982]]}",{}
NC00962.3,EMB-0.2-0.95,0.0,GARC1,RUS,EMB,embA@G451R,U,{},"{""proportion"": 0.0, ""confidence"": [2.1779500349382702e-17, 0.2153108027376358], ""p_value"": 0.08783484567551998, ""solo_contingency"": [[0, 14], [383, 24268]], ""contingency"": [[0, 15], [7558, 33968]]}",{}
NC00962.3,EMB-0.2-0.95,0.0,GARC1,RUS,EMB,embB@D952E,U,{},"{""proportion"": 0.0, ""confidence"": [0.0, 0.6576197724933469], ""p_value"": 1.0, ""solo_contingency"": [[0, 2], [383, 24268]], ""contingency"": [[0, 2], [7558, 33981]]}",{}
NC00962.3,EMB-0.2-0.95,0.0,GARC1,RUS,EMB,embB@T822M,U,{},"{""proportion"": 0.0, ""confidence"": [0.0, 0.7934506856227626], ""p_value"": 1.0, ""solo_contingency"": [[0, 1], [383, 24268]], ""contingency"": [[0, 1], [7558, 33982]]}",{}
NC00962.3,EMB-0.2-0.95,0.0,GARC1,RUS,EMB,embA@A249P,U,{},"{""proportion"": 0.0, ""confidence"": [0.0, 0.22809537235419838], ""p_value"": 0.08501090467839999, ""solo_contingency"": [[0, 13], [383, 24268]], ""contingency"": [[0, 19], [7558, 33964]]}",{}
NC00962.3,EMB-0.2-0.95,0.0,GARC1,RUS,EMB,embA@V414M,U,{},"{""proportion"": 0.0, ""confidence"": [0.0, 0.7934506856227626], ""p_value"": 1.0, ""solo_contingency"": [[0, 1], [383, 24268]], ""contingency"": [[0, 2], [7558, 33981]]}",{}
NC00962.3,EMB-0.2-0.95,0.0,GARC1,RUS,EMB,embA@A312V,U,{},"{""proportion"": 0.0, ""confidence"": [0.0, 0.7934506856227626], ""p_value"": 1.0, ""solo_contingency"": [[0, 1], [383, 24268]], ""contingency"": [[4, 32], [7554, 33951]]}",{}
NC00962.3,EMB-0.2-0.95,0.0,GARC1,RUS,EMB,embA@W634S,U,{},"{""proportion"": 0.0, ""confidence"": [0.0, 0.7934506856227626], ""p_value"": 1.0, ""solo_contingency"": [[0, 1], [383, 24268]], ""contingency"": [[0, 1], [7558, 33982]]}",{}
NC00962.3,EMB-0.2-0.95,0.0,GARC1,RUS,EMB,embA@E508D,U,{},"{""proportion"": 0.0, ""confidence"": [0.0, 0.7934506856227626], ""p_value"": 1.0, ""solo_contingency"": [[0, 1], [383, 24268]], ""contingency"": [[0, 1], [7558, 33982]]}",{}
NC00962.3,EMB-0.2-0.95,0.0,GARC1,RUS,EMB,embB@V131M,U,{},"{""proportion"": 0.0, ""confidence"": [0.0, 0.43448246478317476], ""p_value"": 0.5904, ""solo_contingency"": [[0, 5], [383, 24268]], ""contingency"": [[4, 27], [7554, 33956]]}",{}
NC00962.3,EMB-0.2-0.95,0.0,GARC1,RUS,EMB,embB@P103H,U,{},"{""proportion"": 0.0, ""confidence"": [0.0, 0.7934506856227626], ""p_value"": 1.0, ""solo_contingency"": [[0, 1], [383, 24268]], ""contingency"": [[0, 1], [7558, 33982]]}",{}
NC00962.3,EMB-0.2-0.95,0.0,GARC1,RUS,EMB,embB@D127A,U,{},"{""proportion"": 0.0, ""confidence"": [0.0, 0.7934506856227626], ""p_value"": 1.0, ""solo_contingency"": [[0, 1], [383, 24268]], ""contingency"": [[0, 1], [7558, 33982]]}",{}
NC00962.3,EMB-0.2-0.95,0.0,GARC1,RUS,EMB,embB@A94V,U,{},"{""proportion"": 0.0, ""confidence"": [0.0, 0.6576197724933469], ""p_value"": 1.0, ""solo_contingency"": [[0, 2], [383, 24268]], ""contingency"": [[0, 2], [7558, 33981]]}",{}
NC00962.3,EMB-0.2-0.95,0.0,GARC1,RUS,EMB,embB@D166A,U,{},"{""proportion"": 0.0, ""confidence"": [0.0, 0.7934506856227626], ""p_value"": 1.0, ""solo_contingency"": [[0, 1], [383, 24268]], ""contingency"": [[0, 1], [7558, 33982]]}",{}
NC00962.3,EMB-0.2-0.95,0.0,GARC1,RUS,EMB,embA@G823R,U,{},"{""proportion"": 0.0, ""confidence"": [0.0, 0.7934506856227626], ""p_value"": 1.0, ""solo_contingency"": [[0, 1], [383, 24268]], ""contingency"": [[0, 1], [7558, 33982]]}",{}
NC00962.3,EMB-0.2-0.95,0.0,GARC1,RUS,EMB,embB@V83A,U,{},"{""proportion"": 0.0, ""confidence"": [0.0, 0.7934506856227626], ""p_value"": 1.0, ""solo_contingency"": [[0, 1], [383, 24268]], ""contingency"": [[0, 1], [7558, 33982]]}",{}
NC00962.3,EMB-0.2-0.95,0.0,GARC1,RUS,EMB,embB@G1097A,U,{},"{""proportion"": 0.0, ""confidence"": [0.0, 0.7934506856227626], ""p_value"": 1.0, ""solo_contingency"": [[0, 1], [383, 24268]], ""contingency"": [[0, 1], [7558, 33982]]}",{}
NC00962.3,EMB-0.2-0.95,0.0,GARC1,RUS,EMB,embA@L978W,U,{},"{""proportion"": 0.0, ""confidence"": [0.0, 0.7934506856227626], ""p_value"": 1.0, ""solo_contingency"": [[0, 1], [383, 24268]], ""contingency"": [[0, 1], [7558, 33982]]}",{}
NC00962.3,EMB-0.2-0.95,0.0,GARC1,RUS,EMB,embB@L528V,U,{},"{""proportion"": 0.0, ""confidence"": [0.0, 0.7934506856227626], ""p_value"": 1.0, ""solo_contingency"": [[0, 1], [383, 24268]], ""contingency"": [[0, 1], [7558, 33982]]}",{}
NC00962.3,EMB-0.2-0.95,0.0,GARC1,RUS,EMB,embA@P383S,U,{},"{""proportion"": 0.0, ""confidence"": [0.0, 0.7934506856227626], ""p_value"": 1.0, ""solo_contingency"": [[0, 1], [383, 24268]], ""contingency"": [[1, 71], [7557, 33912]]}",{}
NC00962.3,EMB-0.2-0.95,0.0,GARC1,RUS,EMB,embB@A680T,U,{},"{""proportion"": 0.0, ""confidence"": [0.0, 0.4898908364545973], ""p_value"": 1.0, ""solo_contingency"": [[0, 4], [383, 24268]], ""contingency"": [[1, 5], [7557, 33978]]}",{}
NC00962.3,EMB-0.2-0.95,0.0,GARC1,RUS,EMB,embB@I726T,U,{},"{""proportion"": 0.0, ""confidence"": [0.0, 0.7934506856227626], ""p_value"": 1.0, ""solo_contingency"": [[0, 1], [383, 24268]], ""contingency"": [[0, 1], [7558, 33982]]}",{}
NC00962.3,EMB-0.2-0.95,0.0,GARC1,RUS,EMB,embA@P860L,U,{},"{""proportion"": 0.0, ""confidence"": [0.0, 0.7934506856227626], ""p_value"": 1.0, ""solo_contingency"": [[0, 1], [383, 24268]], ""contingency"": [[0, 1], [7558, 33982]]}",{}
NC00962.3,EMB-0.2-0.95,0.0,GARC1,RUS,EMB,embA@V283A,U,{},"{""proportion"": 0.0, ""confidence"": [0.0, 0.7934506856227626], ""p_value"": 1.0, ""solo_contingency"": [[0, 1], [383, 24268]], ""contingency"": [[0, 1], [7558, 33982]]}",{}
NC00962.3,EMB-0.2-0.95,0.0,GARC1,RUS,EMB,embA@L263F,U,{},"{""proportion"": 0.0, ""confidence"": [0.0, 0.7934506856227626], ""p_value"": 1.0, ""solo_contingency"": [[0, 1], [383, 24268]], ""contingency"": [[0, 1], [7558, 33982]]}",{}
NC00962.3,EMB-0.2-0.95,0.0,GARC1,RUS,EMB,embA@T161I,U,{},"{""proportion"": 0.0, ""confidence"": [0.0, 0.7934506856227626], ""p_value"": 1.0, ""solo_contingency"": [[0, 1], [383, 24268]], ""contingency"": [[0, 1], [7558, 33982]]}",{}
NC00962.3,EMB-0.2-0.95,0.0,GARC1,RUS,EMB,embB@P766L,U,{},"{""proportion"": 0.0, ""confidence"": [0.0, 0.7934506856227626], ""p_value"": 1.0, ""solo_contingency"": [[0, 1], [383, 24268]], ""contingency"": [[0, 1], [7558, 33982]]}",{}
NC00962.3,EMB-0.2-0.95,0.0,GARC1,RUS,EMB,embB@A701T,U,{},"{""proportion"": 0.0, ""confidence"": [0.0, 0.6576197724933469], ""p_value"": 1.0, ""solo_contingency"": [[0, 2], [383, 24268]], ""contingency"": [[0, 2], [7558, 33981]]}",{}
NC00962.3,EMB-0.2-0.95,0.0,GARC1,RUS,EMB,embA@V391I,U,{},"{""proportion"": 0.0, ""confidence"": [0.0, 0.7934506856227626], ""p_value"": 1.0, ""solo_contingency"": [[0, 1], [383, 24268]], ""contingency"": [[0, 1], [7558, 33982]]}",{}
NC00962.3,EMB-0.2-0.95,0.0,GARC1,RUS,EMB,embA@P327H,U,{},"{""proportion"": 0.0, ""confidence"": [0.0, 0.7934506856227626], ""p_value"": 1.0, ""solo_contingency"": [[0, 1], [383, 24268]], ""contingency"": [[0, 1], [7558, 33982]]}",{}
NC00962.3,EMB-0.2-0.95,0.0,GARC1,RUS,EMB,embA@A1016S,U,{},"{""proportion"": 0.0, ""confidence"": [4.8683609171202235e-17, 0.5614970317550455], ""p_value"": 1.0, ""solo_contingency"": [[0, 3], [383, 24268]], ""contingency"": [[0, 3], [7558, 33980]]}",{}
NC00962.3,EMB-0.2-0.95,0.0,GARC1,RUS,EMB,embB@F161L,U,{},"{""proportion"": 0.0, ""confidence"": [0.0, 0.7934506856227626], ""p_value"": 1.0, ""solo_contingency"": [[0, 1], [383, 24268]], ""contingency"": [[0, 1], [7558, 33982]]}",{}
NC00962.3,EMB-0.2-0.95,0.0,GARC1,RUS,EMB,embB@W273L,U,{},"{""proportion"": 0.0, ""confidence"": [0.0, 0.7934506856227626], ""p_value"": 1.0, ""solo_contingency"": [[0, 1], [383, 24268]], ""contingency"": [[0, 1], [7558, 33982]]}",{}
NC00962.3,EMB-0.2-0.95,0.0,GARC1,RUS,EMB,embB@A221T,U,{},"{""proportion"": 0.0, ""confidence"": [0.0, 0.7934506856227626], ""p_value"": 1.0, ""solo_contingency"": [[0, 1], [383, 24268]], ""contingency"": [[0, 1], [7558, 33982]]}",{}
NC00962.3,EMB-0.2-0.95,0.0,GARC1,RUS,EMB,embA@A438V,U,{},"{""proportion"": 0.0, ""confidence"": [0.0, 0.7934506856227626], ""p_value"": 1.0, ""solo_contingency"": [[0, 1], [383, 24268]], ""contingency"": [[0, 1], [7558, 33982]]}",{}
NC00962.3,EMB-0.2-0.95,0.0,GARC1,RUS,EMB,embB@A357T,U,{},"{""proportion"": 0.0, ""confidence"": [0.0, 0.7934506856227626], ""p_value"": 1.0, ""solo_contingency"": [[0, 1], [383, 24268]], ""contingency"": [[0, 1], [7558, 33982]]}",{}
NC00962.3,EMB-0.2-0.95,0.0,GARC1,RUS,EMB,embB@M350T,U,{},"{""proportion"": 0.0, ""confidence"": [0.0, 0.7934506856227626], ""p_value"": 1.0, ""solo_contingency"": [[0, 1], [383, 24268]], ""contingency"": [[0, 1], [7558, 33982]]}",{}
NC00962.3,EMB-0.2-0.95,0.0,GARC1,RUS,EMB,embB@S344R,U,{},"{""proportion"": 0.0, ""confidence"": [0.0, 0.7934506856227626], ""p_value"": 1.0, ""solo_contingency"": [[0, 1], [383, 24268]], ""contingency"": [[0, 1], [7558, 33982]]}",{}
NC00962.3,EMB-0.2-0.95,0.0,GARC1,RUS,EMB,embA@Q57E,U,{},"{""proportion"": 0.0, ""confidence"": [0.0, 0.7934506856227626], ""p_value"": 1.0, ""solo_contingency"": [[0, 1], [383, 24268]], ""contingency"": [[0, 1], [7558, 33982]]}",{}
NC00962.3,EMB-0.2-0.95,0.0,GARC1,RUS,EMB,embA@T591A,U,{},"{""proportion"": 0.0, ""confidence"": [0.0, 0.7934506856227626], ""p_value"": 1.0, ""solo_contingency"": [[0, 1], [383, 24268]], ""contingency"": [[0, 1], [7558, 33982]]}",{}
NC00962.3,EMB-0.2-0.95,0.0,GARC1,RUS,EMB,embA@N54S,U,{},"{""proportion"": 0.0, ""confidence"": [0.0, 0.6576197724933469], ""p_value"": 1.0, ""solo_contingency"": [[0, 2], [383, 24268]], ""contingency"": [[0, 2], [7558, 33981]]}",{}
NC00962.3,EMB-0.2-0.95,0.0,GARC1,RUS,EMB,embB@A271G,U,{},"{""proportion"": 0.0, ""confidence"": [0.0, 0.7934506856227626], ""p_value"": 1.0, ""solo_contingency"": [[0, 1], [383, 24268]], ""contingency"": [[0, 1], [7558, 33982]]}",{}
NC00962.3,EMB-0.2-0.95,0.0,GARC1,RUS,EMB,embB@V67L,U,{},"{""proportion"": 0.0, ""confidence"": [0.0, 0.7934506856227626], ""p_value"": 1.0, ""solo_contingency"": [[0, 1], [383, 24268]], ""contingency"": [[0, 3], [7558, 33980]]}",{}
NC00962.3,EMB-0.2-0.95,0.0,GARC1,RUS,EMB,embB@T341I,U,{},"{""proportion"": 0.0, ""confidence"": [0.0, 0.7934506856227626], ""p_value"": 1.0, ""solo_contingency"": [[0, 1], [383, 24268]], ""contingency"": [[0, 1], [7558, 33982]]}",{}
NC00962.3,EMB-0.2-0.95,0.0,GARC1,RUS,EMB,embA@A331P,U,{},"{""proportion"": 0.0, ""confidence"": [0.0, 0.7934506856227626], ""p_value"": 1.0, ""solo_contingency"": [[0, 1], [383, 24268]], ""contingency"": [[0, 1], [7558, 33982]]}",{}
NC00962.3,EMB-0.2-0.95,0.0,GARC1,RUS,EMB,embA@c-11t,U,{},"{""proportion"": 0.0, ""confidence"": [4.8683609171202235e-17, 0.5614970317550455], ""p_value"": 1.0, ""solo_contingency"": [[0, 3], [383, 24268]], ""contingency"": [[36, 10], [7522, 33973]]}",{}
NC00962.3,EMB-0.2-0.95,0.0,GARC1,RUS,EMB,embB@A861T,U,{},"{""proportion"": 0.0, ""confidence"": [0.0, 0.7934506856227626], ""p_value"": 1.0, ""solo_contingency"": [[0, 1], [383, 24268]], ""contingency"": [[0, 1], [7558, 33982]]}",{}
NC00962.3,EMB-0.2-0.95,0.0,GARC1,RUS,EMB,embB@A840P,U,{},"{""proportion"": 0.0, ""confidence"": [0.0, 0.7934506856227626], ""p_value"": 1.0, ""solo_contingency"": [[0, 1], [383, 24268]], ""contingency"": [[0, 1], [7558, 33982]]}",{}
NC00962.3,EMB-0.2-0.95,0.0,GARC1,RUS,EMB,embA@D678N,U,{},"{""proportion"": 0.0, ""confidence"": [0.0, 0.7934506856227626], ""p_value"": 1.0, ""solo_contingency"": [[0, 1], [383, 24268]], ""contingency"": [[0, 1], [7558, 33982]]}",{}
NC00962.3,EMB-0.2-0.95,0.0,GARC1,RUS,EMB,embB@H342N,U,{},"{""proportion"": 0.0, ""confidence"": [0.0, 0.7934506856227626], ""p_value"": 1.0, ""solo_contingency"": [[0, 1], [383, 24268]], ""contingency"": [[0, 1], [7558, 33982]]}",{}
NC00962.3,EMB-0.2-0.95,0.0,GARC1,RUS,EMB,embB@M557I,U,{},"{""proportion"": 0.0, ""confidence"": [0.0, 0.6576197724933469], ""p_value"": 1.0, ""solo_contingency"": [[0, 2], [383, 24268]], ""contingency"": [[1, 2], [7557, 33981]]}",{}
NC00962.3,EMB-0.2-0.95,0.0,GARC1,RUS,EMB,embB@R1059P,U,{},"{""proportion"": 0.0, ""confidence"": [0.0, 0.7934506856227626], ""p_value"": 1.0, ""solo_contingency"": [[0, 1], [383, 24268]], ""contingency"": [[0, 1], [7558, 33982]]}",{}
NC00962.3,EMB-0.2-0.95,0.0,GARC1,RUS,EMB,embB@A950V,U,{},"{""proportion"": 0.0, ""confidence"": [0.0, 0.7934506856227626], ""p_value"": 1.0, ""solo_contingency"": [[0, 1], [383, 24268]], ""contingency"": [[0, 1], [7558, 33982]]}",{}
NC00962.3,EMB-0.2-0.95,0.0,GARC1,RUS,EMB,embA@A734T,U,{},"{""proportion"": 0.0, ""confidence"": [0.0, 0.7934506856227626], ""p_value"": 1.0, ""solo_contingency"": [[0, 1], [383, 24268]], ""contingency"": [[0, 1], [7558, 33982]]}",{}
NC00962.3,EMB-0.2-0.95,0.0,GARC1,RUS,EMB,embB@L348P,U,{},"{""proportion"": 0.0, ""confidence"": [0.0, 0.7934506856227626], ""p_value"": 1.0, ""solo_contingency"": [[0, 1], [383, 24268]], ""contingency"": [[0, 1], [7558, 33982]]}",{}
NC00962.3,EMB-0.2-0.95,0.0,GARC1,RUS,EMB,embB@N400S,U,{},"{""proportion"": 0.0, ""confidence"": [0.0, 0.7934506856227626], ""p_value"": 1.0, ""solo_contingency"": [[0, 1], [383, 24268]], ""contingency"": [[0, 1], [7558, 33982]]}",{}
NC00962.3,EMB-0.2-0.95,0.0,GARC1,RUS,EMB,embA@S1017A,U,{},"{""proportion"": 0.0, ""confidence"": [4.8683609171202235e-17, 0.5614970317550455], ""p_value"": 1.0, ""solo_contingency"": [[0, 3], [383, 24268]], ""contingency"": [[0, 4], [7558, 33979]]}",{}
NC00962.3,EMB-0.2-0.95,0.0,GARC1,RUS,EMB,embA@T363I,U,{},"{""proportion"": 0.0, ""confidence"": [0.0, 0.7934506856227626], ""p_value"": 1.0, ""solo_contingency"": [[0, 1], [383, 24268]], ""contingency"": [[0, 1], [7558, 33982]]}",{}
NC00962.3,EMB-0.2-0.95,0.0,GARC1,RUS,EMB,embB@M462T,U,{},"{""proportion"": 0.0, ""confidence"": [0.0, 0.7934506856227626], ""p_value"": 1.0, ""solo_contingency"": [[0, 1], [383, 24268]], ""contingency"": [[0, 1], [7558, 33982]]}",{}
NC00962.3,EMB-0.2-0.95,0.0,GARC1,RUS,EMB,embB@P59T,U,{},"{""proportion"": 0.0, ""confidence"": [0.0, 0.7934506856227626], ""p_value"": 1.0, ""solo_contingency"": [[0, 1], [383, 24268]], ""contingency"": [[0, 1], [7558, 33982]]}",{}
NC00962.3,EMB-0.2-0.95,0.0,GARC1,RUS,EMB,embB@V602A,U,{},"{""proportion"": 0.0, ""confidence"": [0.0, 0.7934506856227626], ""p_value"": 1.0, ""solo_contingency"": [[0, 1], [383, 24268]], ""contingency"": [[0, 1], [7558, 33982]]}",{}
NC00962.3,EMB-0.2-0.95,0.0,GARC1,RUS,EMB,embB@L364V,U,{},"{""proportion"": 0.0, ""confidence"": [0.0, 0.6576197724933469], ""p_value"": 1.0, ""solo_contingency"": [[0, 2], [383, 24268]], ""contingency"": [[0, 2], [7558, 33981]]}",{}
NC00962.3,EMB-0.2-0.95,0.0,GARC1,RUS,EMB,embB@I1006M,U,{},"{""proportion"": 0.0, ""confidence"": [0.0, 0.43448246478317476], ""p_value"": 0.5904, ""solo_contingency"": [[0, 5], [383, 24268]], ""contingency"": [[0, 5], [7558, 33978]]}",{}
NC00962.3,EMB-0.2-0.95,0.0,GARC1,RUS,EMB,embB@Q997H,U,{},"{""proportion"": 0.0, ""confidence"": [0.0, 0.7934506856227626], ""p_value"": 1.0, ""solo_contingency"": [[0, 1], [383, 24268]], ""contingency"": [[0, 1], [7558, 33982]]}",{}
NC00962.3,EMB-0.2-0.95,0.0,GARC1,RUS,EMB,embA@T591P,U,{},"{""proportion"": 0.0, ""confidence"": [0.0, 0.6576197724933469], ""p_value"": 1.0, ""solo_contingency"": [[0, 2], [383, 24268]], ""contingency"": [[0, 2], [7558, 33981]]}",{}
NC00962.3,EMB-0.2-0.95,0.0,GARC1,RUS,EMB,embB@R147C,U,{},"{""proportion"": 0.0, ""confidence"": [0.0, 0.7934506856227626], ""p_value"": 1.0, ""solo_contingency"": [[0, 1], [383, 24268]], ""contingency"": [[0, 1], [7558, 33982]]}",{}
NC00962.3,EMB-0.2-0.95,0.0,GARC1,RUS,EMB,embB@A1083T,U,{},"{""proportion"": 0.0, ""confidence"": [0.0, 0.7934506856227626], ""p_value"": 1.0, ""solo_contingency"": [[0, 1], [383, 24268]], ""contingency"": [[0, 1], [7558, 33982]]}",{}
NC00962.3,EMB-0.2-0.95,0.0,GARC1,RUS,EMB,embA@A852D,U,{},"{""proportion"": 0.0, ""confidence"": [0.0, 0.7934506856227626], ""p_value"": 1.0, ""solo_contingency"": [[0, 1], [383, 24268]], ""contingency"": [[0, 1], [7558, 33982]]}",{}
NC00962.3,EMB-0.2-0.95,0.0,GARC1,RUS,EMB,embA@G554D,U,{},"{""proportion"": 1.0, ""confidence"": [0.20654931437723742, 1.0], ""p_value"": 0.2, ""solo_contingency"": [[1, 0], [383, 24268]], ""contingency"": [[1, 0], [7557, 33983]]}",{}
NC00962.3,EMB-0.2-0.95,0.0,GARC1,RUS,EMB,embB@E149A,U,{},"{""proportion"": 0.0, ""confidence"": [0.0, 0.7934506856227626], ""p_value"": 1.0, ""solo_contingency"": [[0, 1], [383, 24268]], ""contingency"": [[0, 1], [7558, 33982]]}",{}
NC00962.3,EMB-0.2-0.95,0.0,GARC1,RUS,EMB,embA@P763S,U,{},"{""proportion"": 0.0, ""confidence"": [0.0, 0.7934506856227626], ""p_value"": 1.0, ""solo_contingency"": [[0, 1], [383, 24268]], ""contingency"": [[0, 1], [7558, 33982]]}",{}
NC00962.3,EMB-0.2-0.95,0.0,GARC1,RUS,EMB,embA@g-48c,U,{},"{""proportion"": 0.0, ""confidence"": [0.0, 0.7934506856227626], ""p_value"": 1.0, ""solo_contingency"": [[0, 1], [383, 24268]], ""contingency"": [[0, 1], [7558, 33982]]}",{}
NC00962.3,EMB-0.2-0.95,0.0,GARC1,RUS,EMB,embA@A291T,U,{},"{""proportion"": 0.0, ""confidence"": [0.0, 0.6576197724933469], ""p_value"": 1.0, ""solo_contingency"": [[0, 2], [383, 24268]], ""contingency"": [[0, 2], [7558, 33981]]}",{}
NC00962.3,EMB-0.2-0.95,0.0,GARC1,RUS,EMB,embB@D354N,U,{},"{""proportion"": 0.0, ""confidence"": [4.8683609171202235e-17, 0.5614970317550455], ""p_value"": 1.0, ""solo_contingency"": [[0, 3], [383, 24268]], ""contingency"": [[1, 5], [7557, 33978]]}",{}
NC00962.3,EMB-0.2-0.95,0.0,GARC1,RUS,EMB,embA@T270P,U,{},"{""proportion"": 0.0, ""confidence"": [0.0, 0.7934506856227626], ""p_value"": 1.0, ""solo_contingency"": [[0, 1], [383, 24268]], ""contingency"": [[0, 1], [7558, 33982]]}",{}
NC00962.3,EMB-0.2-0.95,0.0,GARC1,RUS,EMB,embB@M482I,U,{},"{""proportion"": 0.0, ""confidence"": [0.0, 0.7934506856227626], ""p_value"": 1.0, ""solo_contingency"": [[0, 1], [383, 24268]], ""contingency"": [[0, 1], [7558, 33982]]}",{}
NC00962.3,EMB-0.2-0.95,0.0,GARC1,RUS,EMB,embA@G21R,U,{},"{""proportion"": 0.0, ""confidence"": [0.0, 0.7934506856227626], ""p_value"": 1.0, ""solo_contingency"": [[0, 1], [383, 24268]], ""contingency"": [[0, 1], [7558, 33982]]}",{}
NC00962.3,EMB-0.2-0.95,0.0,GARC1,RUS,EMB,embA@H665R,U,{},"{""proportion"": 0.0, ""confidence"": [0.0, 0.6576197724933469], ""p_value"": 1.0, ""solo_contingency"": [[0, 2], [383, 24268]], ""contingency"": [[0, 2], [7558, 33981]]}",{}
NC00962.3,EMB-0.2-0.95,0.0,GARC1,RUS,EMB,embB@N1004T,U,{},"{""proportion"": 0.0, ""confidence"": [0.0, 0.7934506856227626], ""p_value"": 1.0, ""solo_contingency"": [[0, 1], [383, 24268]], ""contingency"": [[0, 1], [7558, 33982]]}",{}
NC00962.3,EMB-0.2-0.95,0.0,GARC1,RUS,EMB,embA@P327L,U,{},"{""proportion"": 0.0, ""confidence"": [0.0, 0.7934506856227626], ""p_value"": 1.0, ""solo_contingency"": [[0, 1], [383, 24268]], ""contingency"": [[0, 2], [7558, 33981]]}",{}
NC00962.3,EMB-0.2-0.95,0.0,GARC1,RUS,EMB,embB@T797M,U,{},"{""proportion"": 0.0, ""confidence"": [0.0, 0.4898908364545973], ""p_value"": 1.0, ""solo_contingency"": [[0, 4], [383, 24268]], ""contingency"": [[0, 4], [7558, 33979]]}",{}
NC00962.3,EMB-0.2-0.95,0.0,GARC1,RUS,EMB,embB@A510T,U,{},"{""proportion"": 0.0, ""confidence"": [4.8683609171202235e-17, 0.5614970317550455], ""p_value"": 1.0, ""solo_contingency"": [[0, 3], [383, 24268]], ""contingency"": [[0, 3], [7558, 33980]]}",{}
NC00962.3,EMB-0.2-0.95,0.0,GARC1,RUS,EMB,embA@A255V,U,{},"{""proportion"": 0.0, ""confidence"": [0.0, 0.7934506856227626], ""p_value"": 1.0, ""solo_contingency"": [[0, 1], [383, 24268]], ""contingency"": [[0, 1], [7558, 33982]]}",{}
NC00962.3,EMB-0.2-0.95,0.0,GARC1,RUS,EMB,embB@D354G,U,{},"{""proportion"": 0.0, ""confidence"": [0.0, 0.6576197724933469], ""p_value"": 1.0, ""solo_contingency"": [[0, 2], [383, 24268]], ""contingency"": [[2, 3], [7556, 33980]]}",{}
NC00962.3,EMB-0.2-0.95,0.0,GARC1,RUS,EMB,embA@A428V,U,{},"{""proportion"": 0.0, ""confidence"": [0.0, 0.7934506856227626], ""p_value"": 1.0, ""solo_contingency"": [[0, 1], [383, 24268]], ""contingency"": [[0, 1], [7558, 33982]]}",{}
NC00962.3,EMB-0.2-0.95,0.0,GARC1,RUS,EMB,embA@S49R,U,{},"{""proportion"": 0.0, ""confidence"": [0.0, 0.7934506856227626], ""p_value"": 1.0, ""solo_contingency"": [[0, 1], [383, 24268]], ""contingency"": [[0, 3], [7558, 33980]]}",{}
NC00962.3,EMB-0.2-0.95,0.0,GARC1,RUS,EMB,embB@T341A,U,{},"{""proportion"": 0.0, ""confidence"": [0.0, 0.7934506856227626], ""p_value"": 1.0, ""solo_contingency"": [[0, 1], [383, 24268]], ""contingency"": [[0, 1], [7558, 33982]]}",{}
NC00962.3,EMB-0.2-0.95,0.0,GARC1,RUS,EMB,embB@D178N,U,{},"{""proportion"": 0.0, ""confidence"": [0.0, 0.7934506856227626], ""p_value"": 1.0, ""solo_contingency"": [[0, 1], [383, 24268]], ""contingency"": [[0, 1], [7558, 33982]]}",{}
NC00962.3,EMB-0.2-0.95,0.0,GARC1,RUS,EMB,embA@G765D,U,{},"{""proportion"": 0.0, ""confidence"": [0.0, 0.7934506856227626], ""p_value"": 1.0, ""solo_contingency"": [[0, 1], [383, 24268]], ""contingency"": [[0, 2], [7558, 33981]]}",{}
NC00962.3,EMB-0.2-0.95,0.0,GARC1,RUS,EMB,embB@A1020S,U,{},"{""proportion"": 0.0, ""confidence"": [0.0, 0.7934506856227626], ""p_value"": 1.0, ""solo_contingency"": [[0, 1], [383, 24268]], ""contingency"": [[0, 1], [7558, 33982]]}",{}
NC00962.3,EMB-0.2-0.95,0.0,GARC1,RUS,EMB,embB@D311A,U,{},"{""proportion"": 0.0, ""confidence"": [4.8683609171202235e-17, 0.5614970317550455], ""p_value"": 1.0, ""solo_contingency"": [[0, 3], [383, 24268]], ""contingency"": [[0, 3], [7558, 33980]]}",{}
NC00962.3,EMB-0.2-0.95,0.0,GARC1,RUS,EMB,embA@T238S,U,{},"{""proportion"": 0.0, ""confidence"": [0.0, 0.7934506856227626], ""p_value"": 1.0, ""solo_contingency"": [[0, 1], [383, 24268]], ""contingency"": [[0, 1], [7558, 33982]]}",{}
NC00962.3,EMB-0.2-0.95,0.0,GARC1,RUS,EMB,embB@P195L,U,{},"{""proportion"": 0.0, ""confidence"": [0.0, 0.7934506856227626], ""p_value"": 1.0, ""solo_contingency"": [[0, 1], [383, 24268]], ""contingency"": [[0, 1], [7558, 33982]]}",{}
NC00962.3,EMB-0.2-0.95,0.0,GARC1,RUS,EMB,embB@P776L,U,{},"{""proportion"": 0.2, ""confidence"": [0.03622410863243013, 0.6244653702374747], ""p_value"": 1.0, ""solo_contingency"": [[1, 4], [383, 24268]], ""contingency"": [[2, 5], [7556, 33978]]}",{}
NC00962.3,EMB-0.2-0.95,0.0,GARC1,RUS,EMB,embB@R930H,U,{},"{""proportion"": 0.0, ""confidence"": [0.0, 0.7934506856227626], ""p_value"": 1.0, ""solo_contingency"": [[0, 1], [383, 24268]], ""contingency"": [[0, 1], [7558, 33982]]}",{}
NC00962.3,EMB-0.2-0.95,0.0,GARC1,RUS,EMB,embB@V135M,U,{},"{""proportion"": 0.0, ""confidence"": [0.0, 0.6576197724933469], ""p_value"": 1.0, ""solo_contingency"": [[0, 2], [383, 24268]], ""contingency"": [[0, 2], [7558, 33981]]}",{}
NC00962.3,EMB-0.2-0.95,0.0,GARC1,RUS,EMB,embA@T238N,U,{},"{""proportion"": 0.0, ""confidence"": [0.0, 0.6576197724933469], ""p_value"": 1.0, ""solo_contingency"": [[0, 2], [383, 24268]], ""contingency"": [[0, 2], [7558, 33981]]}",{}
NC00962.3,EMB-0.2-0.95,0.0,GARC1,RUS,EMB,embA@I191V,U,{},"{""proportion"": 0.0, ""confidence"": [0.0, 0.7934506856227626], ""p_value"": 1.0, ""solo_contingency"": [[0, 1], [383, 24268]], ""contingency"": [[0, 1], [7558, 33982]]}",{}
NC00962.3,EMB-0.2-0.95,0.0,GARC1,RUS,EMB,embB@P375S,U,{},"{""proportion"": 0.0, ""confidence"": [0.0, 0.7934506856227626], ""p_value"": 1.0, ""solo_contingency"": [[0, 1], [383, 24268]], ""contingency"": [[0, 1], [7558, 33982]]}",{}
NC00962.3,EMB-0.2-0.95,0.0,GARC1,RUS,EMB,embB@V231I,U,{},"{""proportion"": 0.0, ""confidence"": [0.0, 0.7934506856227626], ""p_value"": 1.0, ""solo_contingency"": [[0, 1], [383, 24268]], ""contingency"": [[0, 1], [7558, 33982]]}",{}
NC00962.3,EMB-0.2-0.95,0.0,GARC1,RUS,EMB,embB@N657D,U,{},"{""proportion"": 0.0, ""confidence"": [0.0, 0.7934506856227626], ""p_value"": 1.0, ""solo_contingency"": [[0, 1], [383, 24268]], ""contingency"": [[1, 1], [7557, 33982]]}",{}
NC00962.3,EMB-0.2-0.95,0.0,GARC1,RUS,EMB,embB@G665R,U,{},"{""proportion"": 0.0, ""confidence"": [0.0, 0.7934506856227626], ""p_value"": 1.0, ""solo_contingency"": [[0, 1], [383, 24268]], ""contingency"": [[0, 1], [7558, 33982]]}",{}
NC00962.3,EMB-0.2-0.95,0.0,GARC1,RUS,EMB,embB@M462L,U,{},"{""proportion"": 0.0, ""confidence"": [0.0, 0.7934506856227626], ""p_value"": 1.0, ""solo_contingency"": [[0, 1], [383, 24268]], ""contingency"": [[0, 1], [7558, 33982]]}",{}
NC00962.3,EMB-0.2-0.95,0.0,GARC1,RUS,EMB,embA@W1050G,U,{},"{""proportion"": 0.0, ""confidence"": [0.0, 0.7934506856227626], ""p_value"": 1.0, ""solo_contingency"": [[0, 1], [383, 24268]], ""contingency"": [[0, 1], [7558, 33982]]}",{}
NC00962.3,EMB-0.2-0.95,0.0,GARC1,RUS,EMB,embA@2723_ins_ggg,U,{},"{""proportion"": 0.0, ""confidence"": [0.0, 0.7934506856227626], ""p_value"": 1.0, ""solo_contingency"": [[0, 1], [383, 24268]], ""contingency"": [[0, 1], [7558, 33982]]}",{}
NC00962.3,EMB-0.2-0.95,0.0,GARC1,RUS,EMB,embA@D761G,U,{},"{""proportion"": 0.0, ""confidence"": [0.0, 0.7934506856227626], ""p_value"": 1.0, ""solo_contingency"": [[0, 1], [383, 24268]], ""contingency"": [[0, 1], [7558, 33982]]}",{}
NC00962.3,EMB-0.2-0.95,0.0,GARC1,RUS,EMB,embA@R683L,U,{},"{""proportion"": 0.0, ""confidence"": [0.0, 0.7934506856227626], ""p_value"": 1.0, ""solo_contingency"": [[0, 1], [383, 24268]], ""contingency"": [[0, 1], [7558, 33982]]}",{}
NC00962.3,EMB-0.2-0.95,0.0,GARC1,RUS,EMB,embA@L263P,U,{},"{""proportion"": 0.0, ""confidence"": [0.0, 0.7934506856227626], ""p_value"": 1.0, ""solo_contingency"": [[0, 1], [383, 24268]], ""contingency"": [[0, 1], [7558, 33982]]}",{}
NC00962.3,EMB-0.2-0.95,0.0,GARC1,RUS,EMB,embB@T1069P,U,{},"{""proportion"": 0.0, ""confidence"": [0.0, 0.7934506856227626], ""p_value"": 1.0, ""solo_contingency"": [[0, 1], [383, 24268]], ""contingency"": [[0, 1], [7558, 33982]]}",{}
NC00962.3,EMB-0.2-0.95,0.0,GARC1,RUS,EMB,embA@R239!,U,{},"{""proportion"": 0.0, ""confidence"": [0.0, 0.7934506856227626], ""p_value"": 1.0, ""solo_contingency"": [[0, 1], [383, 24268]], ""contingency"": [[0, 1], [7558, 33982]]}",{}
NC00962.3,EMB-0.2-0.95,0.0,GARC1,RUS,EMB,embB@Q445R,U,{},"{""proportion"": 0.5, ""confidence"": [0.09453120573423071, 0.9054687942657693], ""p_value"": 0.3600000000000001, ""solo_contingency"": [[1, 1], [383, 24268]], ""contingency"": [[59, 3], [7499, 33980]]}",{}
NC00962.3,EMB-0.2-0.95,0.0,GARC1,RUS,EMB,embB@G1097S,U,{},"{""proportion"": 0.0, ""confidence"": [0.0, 0.7934506856227626], ""p_value"": 1.0, ""solo_contingency"": [[0, 1], [383, 24268]], ""contingency"": [[0, 1], [7558, 33982]]}",{}
NC00962.3,EMB-0.2-0.95,0.0,GARC1,RUS,EMB,embA@T983A,U,{},"{""proportion"": 0.0, ""confidence"": [0.0, 0.6576197724933469], ""p_value"": 1.0, ""solo_contingency"": [[0, 2], [383, 24268]], ""contingency"": [[0, 2], [7558, 33981]]}",{}
NC00962.3,EMB-0.2-0.95,0.0,GARC1,RUS,EMB,embA@c-73t,U,{},"{""proportion"": 0.0, ""confidence"": [0.0, 0.7934506856227626], ""p_value"": 1.0, ""solo_contingency"": [[0, 1], [383, 24268]], ""contingency"": [[0, 1], [7558, 33982]]}",{}
NC00962.3,EMB-0.2-0.95,0.0,GARC1,RUS,EMB,embB@T546A,U,{},"{""proportion"": 0.0, ""confidence"": [0.0, 0.7934506856227626], ""p_value"": 1.0, ""solo_contingency"": [[0, 1], [383, 24268]], ""contingency"": [[0, 1], [7558, 33982]]}",{}
NC00962.3,EMB-0.2-0.95,0.0,GARC1,RUS,EMB,embB@K107R,U,{},"{""proportion"": 0.0, ""confidence"": [0.0, 0.7934506856227626], ""p_value"": 1.0, ""solo_contingency"": [[0, 1], [383, 24268]], ""contingency"": [[0, 1], [7558, 33982]]}",{}
NC00962.3,EMB-0.2-0.95,0.0,GARC1,RUS,EMB,embB@N1033K,U,{},"{""proportion"": 1.0, ""confidence"": [0.20654931437723742, 1.0], ""p_value"": 0.2, ""solo_contingency"": [[1, 0], [383, 24268]], ""contingency"": [[1, 0], [7557, 33983]]}",{}
NC00962.3,EMB-0.2-0.95,0.0,GARC1,RUS,EMB,embB@P404S,U,{},"{""proportion"": 0.6666666666666666, ""confidence"": [0.20765960080204768, 0.9385080552796037], ""p_value"": 0.10400000000000005, ""solo_contingency"": [[2, 1], [383, 24268]], ""contingency"": [[2, 5], [7556, 33978]]}",{}
NC00962.3,EMB-0.2-0.95,0.0,GARC1,RUS,EMB,embB@P214A,U,{},"{""proportion"": 0.5, ""confidence"": [0.09453120573423071, 0.9054687942657693], ""p_value"": 0.3600000000000001, ""solo_contingency"": [[1, 1], [383, 24268]], ""contingency"": [[1, 1], [7557, 33982]]}",{}
NC00962.3,EMB-0.2-0.95,0.0,GARC1,RUS,EMB,embB@V479M,U,{},"{""proportion"": 0.0, ""confidence"": [0.0, 0.7934506856227626], ""p_value"": 1.0, ""solo_contingency"": [[0, 1], [383, 24268]], ""contingency"": [[0, 1], [7558, 33982]]}",{}
NC00962.3,EMB-0.2-0.95,0.0,GARC1,RUS,EMB,embA@G101S,U,{},"{""proportion"": 0.0, ""confidence"": [0.0, 0.7934506856227626], ""p_value"": 1.0, ""solo_contingency"": [[0, 1], [383, 24268]], ""contingency"": [[0, 2], [7558, 33981]]}",{}
NC00962.3,EMB-0.2-0.95,0.0,GARC1,RUS,EMB,embA@R442K,U,{},"{""proportion"": 0.0, ""confidence"": [0.0, 0.7934506856227626], ""p_value"": 1.0, ""solo_contingency"": [[0, 1], [383, 24268]], ""contingency"": [[0, 1], [7558, 33982]]}",{}
NC00962.3,EMB-0.2-0.95,0.0,GARC1,RUS,EMB,embB@G603A,U,{},"{""proportion"": 0.0, ""confidence"": [0.0, 0.7934506856227626], ""p_value"": 1.0, ""solo_contingency"": [[0, 1], [383, 24268]], ""contingency"": [[0, 1], [7558, 33982]]}",{}
NC00962.3,EMB-0.2-0.95,0.0,GARC1,RUS,EMB,embA@N679S,U,{},"{""proportion"": 0.0, ""confidence"": [0.0, 0.7934506856227626], ""p_value"": 1.0, ""solo_contingency"": [[0, 1], [383, 24268]], ""contingency"": [[0, 1], [7558, 33982]]}",{}
NC00962.3,EMB-0.2-0.95,0.0,GARC1,RUS,EMB,embB@P706S,U,{},"{""proportion"": 0.0, ""confidence"": [0.0, 0.7934506856227626], ""p_value"": 1.0, ""solo_contingency"": [[0, 1], [383, 24268]], ""contingency"": [[0, 1], [7558, 33982]]}",{}
NC00962.3,EMB-0.2-0.95,0.0,GARC1,RUS,EMB,embA@R346P,U,{},"{""proportion"": 0.0, ""confidence"": [0.0, 0.7934506856227626], ""p_value"": 1.0, ""solo_contingency"": [[0, 1], [383, 24268]], ""contingency"": [[0, 1], [7558, 33982]]}",{}
NC00962.3,EMB-0.2-0.95,0.0,GARC1,RUS,EMB,embA@R346W,U,{},"{""proportion"": 0.0, ""confidence"": [0.0, 0.7934506856227626], ""p_value"": 1.0, ""solo_contingency"": [[0, 1], [383, 24268]], ""contingency"": [[0, 2], [7558, 33981]]}",{}
NC00962.3,EMB-0.2-0.95,0.0,GARC1,RUS,EMB,embB@G474D,U,{},"{""proportion"": 0.0, ""confidence"": [0.0, 0.7934506856227626], ""p_value"": 1.0, ""solo_contingency"": [[0, 1], [383, 24268]], ""contingency"": [[0, 1], [7558, 33982]]}",{}
NC00962.3,EMB-0.2-0.95,0.0,GARC1,RUS,EMB,embA@L221M,U,{},"{""proportion"": 0.0, ""confidence"": [0.0, 0.7934506856227626], ""p_value"": 1.0, ""solo_contingency"": [[0, 1], [383, 24268]], ""contingency"": [[0, 1], [7558, 33982]]}",{}
NC00962.3,EMB-0.2-0.95,0.0,GARC1,RUS,EMB,embA@G748S,U,{},"{""proportion"": 0.0, ""confidence"": [0.0, 0.7934506856227626], ""p_value"": 1.0, ""solo_contingency"": [[0, 1], [383, 24268]], ""contingency"": [[0, 1], [7558, 33982]]}",{}
NC00962.3,EMB-0.2-0.95,0.0,GARC1,RUS,EMB,embA@M979L,U,{},"{""proportion"": 0.0, ""confidence"": [0.0, 0.7934506856227626], ""p_value"": 1.0, ""solo_contingency"": [[0, 1], [383, 24268]], ""contingency"": [[0, 1], [7558, 33982]]}",{}
NC00962.3,EMB-0.2-0.95,0.0,GARC1,RUS,EMB,embA@G972W,U,{},"{""proportion"": 0.0, ""confidence"": [0.0, 0.7934506856227626], ""p_value"": 1.0, ""solo_contingency"": [[0, 1], [383, 24268]], ""contingency"": [[0, 1], [7558, 33982]]}",{}
NC00962.3,EMB-0.2-0.95,0.0,GARC1,RUS,EMB,embB@A684V,U,{},"{""proportion"": 0.0, ""confidence"": [0.0, 0.7934506856227626], ""p_value"": 1.0, ""solo_contingency"": [[0, 1], [383, 24268]], ""contingency"": [[0, 1], [7558, 33982]]}",{}
NC00962.3,EMB-0.2-0.95,0.0,GARC1,RUS,EMB,embA@S318T,U,{},"{""proportion"": 0.0, ""confidence"": [0.0, 0.7934506856227626], ""p_value"": 1.0, ""solo_contingency"": [[0, 1], [383, 24268]], ""contingency"": [[0, 1], [7558, 33982]]}",{}
NC00962.3,EMB-0.2-0.95,0.0,GARC1,RUS,EMB,embA@A436G,U,{},"{""proportion"": 0.0, ""confidence"": [0.0, 0.7934506856227626], ""p_value"": 1.0, ""solo_contingency"": [[0, 1], [383, 24268]], ""contingency"": [[0, 1], [7558, 33982]]}",{}
NC00962.3,EMB-0.2-0.95,0.0,GARC1,RUS,EMB,embA@N377G,U,{},"{""proportion"": 0.0, ""confidence"": [0.0, 0.7934506856227626], ""p_value"": 1.0, ""solo_contingency"": [[0, 1], [383, 24268]], ""contingency"": [[0, 1], [7558, 33982]]}",{}
NC00962.3,EMB-0.2-0.95,0.0,GARC1,RUS,EMB,embA@R68H,U,{},"{""proportion"": 0.0, ""confidence"": [0.0, 0.7934506856227626], ""p_value"": 1.0, ""solo_contingency"": [[0, 1], [383, 24268]], ""contingency"": [[0, 1], [7558, 33982]]}",{}
NC00962.3,EMB-0.2-0.95,0.0,GARC1,RUS,EMB,embB@P177L,U,{},"{""proportion"": 0.0, ""confidence"": [0.0, 0.7934506856227626], ""p_value"": 1.0, ""solo_contingency"": [[0, 1], [383, 24268]], ""contingency"": [[0, 1], [7558, 33982]]}",{}
NC00962.3,EMB-0.2-0.95,0.0,GARC1,RUS,EMB,embB@K927E,U,{},"{""proportion"": 0.0, ""confidence"": [0.0, 0.7934506856227626], ""p_value"": 1.0, ""solo_contingency"": [[0, 1], [383, 24268]], ""contingency"": [[0, 1], [7558, 33982]]}",{}
NC00962.3,EMB-0.2-0.95,0.0,GARC1,RUS,EMB,embA@P164A,U,{},"{""proportion"": 0.0, ""confidence"": [0.0, 0.7934506856227626], ""p_value"": 1.0, ""solo_contingency"": [[0, 1], [383, 24268]], ""contingency"": [[0, 1], [7558, 33982]]}",{}
NC00962.3,EMB-0.2-0.95,0.0,GARC1,RUS,EMB,embA@L925V,U,{},"{""proportion"": 0.0, ""confidence"": [0.0, 0.7934506856227626], ""p_value"": 1.0, ""solo_contingency"": [[0, 1], [383, 24268]], ""contingency"": [[0, 1], [7558, 33982]]}",{}
NC00962.3,EMB-0.2-0.95,0.0,GARC1,RUS,EMB,embA@I887T,U,{},"{""proportion"": 0.0, ""confidence"": [0.0, 0.7934506856227626], ""p_value"": 1.0, ""solo_contingency"": [[0, 1], [383, 24268]], ""contingency"": [[0, 1], [7558, 33982]]}",{}
NC00962.3,EMB-0.2-0.95,0.0,GARC1,RUS,EMB,embA@632_del_tgc,U,{},"{""proportion"": 0.0, ""confidence"": [0.0, 0.7934506856227626], ""p_value"": 1.0, ""solo_contingency"": [[0, 1], [383, 24268]], ""contingency"": [[0, 1], [7558, 33982]]}",{}
NC00962.3,EMB-0.2-0.95,0.0,GARC1,RUS,EMB,embA@L552P,U,{},"{""proportion"": 0.0, ""confidence"": [0.0, 0.7934506856227626], ""p_value"": 1.0, ""solo_contingency"": [[0, 1], [383, 24268]], ""contingency"": [[0, 1], [7558, 33982]]}",{}
NC00962.3,EMB-0.2-0.95,0.0,GARC1,RUS,EMB,embA@2071_ins_tgg,U,{},"{""proportion"": 0.0, ""confidence"": [0.0, 0.6576197724933469], ""p_value"": 1.0, ""solo_contingency"": [[0, 2], [383, 24268]], ""contingency"": [[0, 2], [7558, 33981]]}",{}
NC00962.3,EMB-0.2-0.95,0.0,GARC1,RUS,EMB,embA@A661P,U,{},"{""proportion"": 0.0, ""confidence"": [0.0, 0.7934506856227626], ""p_value"": 1.0, ""solo_contingency"": [[0, 1], [383, 24268]], ""contingency"": [[0, 1], [7558, 33982]]}",{}
NC00962.3,EMB-0.2-0.95,0.0,GARC1,RUS,EMB,embA@A415V,U,{},"{""proportion"": 0.0, ""confidence"": [0.0, 0.7934506856227626], ""p_value"": 1.0, ""solo_contingency"": [[0, 1], [383, 24268]], ""contingency"": [[0, 1], [7558, 33982]]}",{}
NC00962.3,EMB-0.2-0.95,0.0,GARC1,RUS,EMB,embA@I338L,U,{},"{""proportion"": 0.0, ""confidence"": [0.0, 0.32440756488388023], ""p_value"": 0.37085440000000003, ""solo_contingency"": [[0, 8], [383, 24268]], ""contingency"": [[0, 8], [7558, 33975]]}",{}
NC00962.3,EMB-0.2-0.95,0.0,GARC1,RUS,EMB,embB@S565G,U,{},"{""proportion"": 0.0, ""confidence"": [4.8683609171202235e-17, 0.5614970317550455], ""p_value"": 1.0, ""solo_contingency"": [[0, 3], [383, 24268]], ""contingency"": [[0, 5], [7558, 33978]]}",{}
NC00962.3,EMB-0.2-0.95,0.0,GARC1,RUS,EMB,embA@V317L,U,{},"{""proportion"": 0.0, ""confidence"": [0.0, 0.43448246478317476], ""p_value"": 0.5904, ""solo_contingency"": [[0, 5], [383, 24268]], ""contingency"": [[0, 5], [7558, 33978]]}",{}
NC00962.3,EMB-0.2-0.95,0.0,GARC1,RUS,EMB,embB@S325R,U,{},"{""proportion"": 0.0, ""confidence"": [0.0, 0.7934506856227626], ""p_value"": 1.0, ""solo_contingency"": [[0, 1], [383, 24268]], ""contingency"": [[0, 1], [7558, 33982]]}",{}
NC00962.3,EMB-0.2-0.95,0.0,GARC1,RUS,EMB,embA@A581T,U,{},"{""proportion"": 0.0, ""confidence"": [0.0, 0.6576197724933469], ""p_value"": 1.0, ""solo_contingency"": [[0, 2], [383, 24268]], ""contingency"": [[0, 2], [7558, 33981]]}",{}
NC00962.3,EMB-0.2-0.95,0.0,GARC1,RUS,EMB,embA@A642G,U,{},"{""proportion"": 0.0, ""confidence"": [0.0, 0.7934506856227626], ""p_value"": 1.0, ""solo_contingency"": [[0, 1], [383, 24268]], ""contingency"": [[0, 1], [7558, 33982]]}",{}
NC00962.3,EMB-0.2-0.95,0.0,GARC1,RUS,EMB,embB@G535S,U,{},"{""proportion"": 0.0, ""confidence"": [0.0, 0.7934506856227626], ""p_value"": 1.0, ""solo_contingency"": [[0, 1], [383, 24268]], ""contingency"": [[1, 1], [7557, 33982]]}",{}
NC00962.3,EMB-0.2-0.95,0.0,GARC1,RUS,EMB,embB@A937E,U,{},"{""proportion"": 0.0, ""confidence"": [0.0, 0.43448246478317476], ""p_value"": 0.5904, ""solo_contingency"": [[0, 5], [383, 24268]], ""contingency"": [[0, 24], [7558, 33959]]}",{}
NC00962.3,EMB-0.2-0.95,0.0,GARC1,RUS,EMB,embB@V614I,U,{},"{""proportion"": 0.0, ""confidence"": [0.0, 0.7934506856227626], ""p_value"": 1.0, ""solo_contingency"": [[0, 1], [383, 24268]], ""contingency"": [[4, 1], [7554, 33982]]}",{}
NC00962.3,EMB-0.2-0.95,0.0,GARC1,RUS,EMB,embA@S514P,U,{},"{""proportion"": 0.0, ""confidence"": [0.0, 0.7934506856227626], ""p_value"": 1.0, ""solo_contingency"": [[0, 1], [383, 24268]], ""contingency"": [[0, 1], [7558, 33982]]}",{}
NC00962.3,EMB-0.2-0.95,0.0,GARC1,RUS,EMB,embA@P156L,U,{},"{""proportion"": 0.0, ""confidence"": [0.0, 0.7934506856227626], ""p_value"": 1.0, ""solo_contingency"": [[0, 1], [383, 24268]], ""contingency"": [[1, 2], [7557, 33981]]}",{}
NC00962.3,EMB-0.2-0.95,0.0,GARC1,RUS,EMB,embA@F529L,U,{},"{""proportion"": 0.0, ""confidence"": [4.8683609171202235e-17, 0.5614970317550455], ""p_value"": 1.0, ""solo_contingency"": [[0, 3], [383, 24268]], ""contingency"": [[1, 3], [7557, 33980]]}",{}
NC00962.3,EMB-0.2-0.95,0.0,GARC1,RUS,EMB,embA@W45G,U,{},"{""proportion"": 0.0, ""confidence"": [0.0, 0.7934506856227626], ""p_value"": 1.0, ""solo_contingency"": [[0, 1], [383, 24268]], ""contingency"": [[0, 1], [7558, 33982]]}",{}
NC00962.3,EMB-0.2-0.95,0.0,GARC1,RUS,EMB,embA@L212V,U,{},"{""proportion"": 0.0, ""confidence"": [0.0, 0.7934506856227626], ""p_value"": 1.0, ""solo_contingency"": [[0, 1], [383, 24268]], ""contingency"": [[0, 1], [7558, 33982]]}",{}
NC00962.3,EMB-0.2-0.95,0.0,GARC1,RUS,EMB,embA@R447G,U,{},"{""proportion"": 0.0, ""confidence"": [0.0, 0.7934506856227626], ""p_value"": 1.0, ""solo_contingency"": [[0, 1], [383, 24268]], ""contingency"": [[0, 1], [7558, 33982]]}",{}
NC00962.3,EMB-0.2-0.95,0.0,GARC1,RUS,EMB,embB@G34V,U,{},"{""proportion"": 0.0, ""confidence"": [0.0, 0.7934506856227626], ""p_value"": 1.0, ""solo_contingency"": [[0, 1], [383, 24268]], ""contingency"": [[0, 1], [7558, 33982]]}",{}
NC00962.3,EMB-0.2-0.95,0.0,GARC1,RUS,EMB,embB@G199E,U,{},"{""proportion"": 0.0, ""confidence"": [0.0, 0.7934506856227626], ""p_value"": 1.0, ""solo_contingency"": [[0, 1], [383, 24268]], ""contingency"": [[0, 2], [7558, 33981]]}",{}
NC00962.3,EMB-0.2-0.95,0.0,GARC1,RUS,EMB,embB@V502L,U,{},"{""proportion"": 0.0, ""confidence"": [0.0, 0.7934506856227626], ""p_value"": 1.0, ""solo_contingency"": [[0, 1], [383, 24268]], ""contingency"": [[0, 1], [7558, 33982]]}",{}
NC00962.3,EMB-0.2-0.95,0.0,GARC1,RUS,EMB,embB@A232E,U,{},"{""proportion"": 0.0, ""confidence"": [0.0, 0.6576197724933469], ""p_value"": 1.0, ""solo_contingency"": [[0, 2], [383, 24268]], ""contingency"": [[0, 2], [7558, 33981]]}",{}
NC00962.3,EMB-0.2-0.95,0.0,GARC1,RUS,EMB,embB@G1092A,U,{},"{""proportion"": 0.0, ""confidence"": [0.0, 0.7934506856227626], ""p_value"": 1.0, ""solo_contingency"": [[0, 1], [383, 24268]], ""contingency"": [[0, 1], [7558, 33982]]}",{}
NC00962.3,EMB-0.2-0.95,0.0,GARC1,RUS,EMB,embA@-23_del_cg,U,{},"{""proportion"": 0.0, ""confidence"": [0.0, 0.7934506856227626], ""p_value"": 1.0, ""solo_contingency"": [[0, 1], [383, 24268]], ""contingency"": [[1, 1], [7557, 33982]]}",{}
NC00962.3,EMB-0.2-0.95,0.0,GARC1,RUS,EMB,embB@A102V,U,{},"{""proportion"": 0.0, ""confidence"": [0.0, 0.7934506856227626], ""p_value"": 1.0, ""solo_contingency"": [[0, 1], [383, 24268]], ""contingency"": [[0, 1], [7558, 33982]]}",{}
NC00962.3,EMB-0.2-0.95,0.0,GARC1,RUS,EMB,embA@c-29t,U,{},"{""proportion"": 0.0, ""confidence"": [0.0, 0.6576197724933469], ""p_value"": 1.0, ""solo_contingency"": [[0, 2], [383, 24268]], ""contingency"": [[0, 2], [7558, 33981]]}",{}
NC00962.3,EMB-0.2-0.95,0.0,GARC1,RUS,EMB,embB@G846S,U,{},"{""proportion"": 0.0, ""confidence"": [0.0, 0.7934506856227626], ""p_value"": 1.0, ""solo_contingency"": [[0, 1], [383, 24268]], ""contingency"": [[0, 1], [7558, 33982]]}",{}
NC00962.3,EMB-0.2-0.95,0.0,GARC1,RUS,EMB,embB@A271T,U,{},"{""proportion"": 0.0, ""confidence"": [0.0, 0.7934506856227626], ""p_value"": 1.0, ""solo_contingency"": [[0, 1], [383, 24268]], ""contingency"": [[0, 2], [7558, 33981]]}",{}
NC00962.3,EMB-0.2-0.95,0.0,GARC1,RUS,EMB,embB@S66N,U,{},"{""proportion"": 0.0, ""confidence"": [0.0, 0.7934506856227626], ""p_value"": 1.0, ""solo_contingency"": [[0, 1], [383, 24268]], ""contingency"": [[0, 1], [7558, 33982]]}",{}
NC00962.3,EMB-0.2-0.95,0.0,GARC1,RUS,EMB,embB@L638S,U,{},"{""proportion"": 0.0, ""confidence"": [0.0, 0.7934506856227626], ""p_value"": 1.0, ""solo_contingency"": [[0, 1], [383, 24268]], ""contingency"": [[0, 1], [7558, 33982]]}",{}
NC00962.3,EMB-0.2-0.95,0.0,GARC1,RUS,EMB,embB@G891E,U,{},"{""proportion"": 0.0, ""confidence"": [0.0, 0.7934506856227626], ""p_value"": 1.0, ""solo_contingency"": [[0, 1], [383, 24268]], ""contingency"": [[0, 1], [7558, 33982]]}",{}
NC00962.3,EMB-0.2-0.95,0.0,GARC1,RUS,EMB,embA@G200S,U,{},"{""proportion"": 0.0, ""confidence"": [0.0, 0.7934506856227626], ""p_value"": 1.0, ""solo_contingency"": [[0, 1], [383, 24268]], ""contingency"": [[1, 1], [7557, 33982]]}",{}
NC00962.3,EMB-0.2-0.95,0.0,GARC1,RUS,EMB,embB@A567T,U,{},"{""proportion"": 0.0, ""confidence"": [0.0, 0.7934506856227626], ""p_value"": 1.0, ""solo_contingency"": [[0, 1], [383, 24268]], ""contingency"": [[0, 1], [7558, 33982]]}",{}
NC00962.3,EMB-0.2-0.95,0.0,GARC1,RUS,EMB,embB@E924K,U,{},"{""proportion"": 1.0, ""confidence"": [0.20654931437723742, 1.0], ""p_value"": 0.2, ""solo_contingency"": [[1, 0], [383, 24268]], ""contingency"": [[1, 0], [7557, 33983]]}",{}
NC00962.3,EMB-0.2-0.95,0.0,GARC1,RUS,EMB,embB@V842I,U,{},"{""proportion"": 0.0, ""confidence"": [0.0, 0.7934506856227626], ""p_value"": 1.0, ""solo_contingency"": [[0, 1], [383, 24268]], ""contingency"": [[0, 1], [7558, 33982]]}",{}
NC00962.3,EMB-0.2-0.95,0.0,GARC1,RUS,EMB,embA@V246G,U,{},"{""proportion"": 0.0, ""confidence"": [0.0, 0.6576197724933469], ""p_value"": 1.0, ""solo_contingency"": [[0, 2], [383, 24268]], ""contingency"": [[0, 2], [7558, 33981]]}",{}
NC00962.3,EMB-0.2-0.95,0.0,GARC1,RUS,EMB,embA@D669Y,U,{},"{""proportion"": 0.0, ""confidence"": [0.0, 0.7934506856227626], ""p_value"": 1.0, ""solo_contingency"": [[0, 1], [383, 24268]], ""contingency"": [[0, 1], [7558, 33982]]}",{}
NC00962.3,EMB-0.2-0.95,0.0,GARC1,RUS,EMB,embA@R241H,U,{},"{""proportion"": 0.0, ""confidence"": [0.0, 0.7934506856227626], ""p_value"": 1.0, ""solo_contingency"": [[0, 1], [383, 24268]], ""contingency"": [[0, 1], [7558, 33982]]}",{}
NC00962.3,EMB-0.2-0.95,0.0,GARC1,RUS,EMB,embB@A431P,U,{},"{""proportion"": 0.0, ""confidence"": [0.0, 0.7934506856227626], ""p_value"": 1.0, ""solo_contingency"": [[0, 1], [383, 24268]], ""contingency"": [[0, 1], [7558, 33982]]}",{}
NC00962.3,EMB-0.2-0.95,0.0,GARC1,RUS,EMB,embA@-43_del_g,U,{},"{""proportion"": 0.0, ""confidence"": [0.0, 0.7934506856227626], ""p_value"": 1.0, ""solo_contingency"": [[0, 1], [383, 24268]], ""contingency"": [[5, 1], [7553, 33982]]}",{}
NC00962.3,EMB-0.2-0.95,0.0,GARC1,RUS,EMB,embB@L754R,U,{},"{""proportion"": 0.0, ""confidence"": [0.0, 0.6576197724933469], ""p_value"": 1.0, ""solo_contingency"": [[0, 2], [383, 24268]], ""contingency"": [[0, 2], [7558, 33981]]}",{}
NC00962.3,EMB-0.2-0.95,0.0,GARC1,RUS,EMB,embA@K789Q,U,{},"{""proportion"": 0.0, ""confidence"": [0.0, 0.7934506856227626], ""p_value"": 1.0, ""solo_contingency"": [[0, 1], [383, 24268]], ""contingency"": [[0, 1], [7558, 33982]]}",{}
NC00962.3,EMB-0.2-0.95,0.0,GARC1,RUS,EMB,embA@A409E,U,{},"{""proportion"": 0.0, ""confidence"": [0.0, 0.7934506856227626], ""p_value"": 1.0, ""solo_contingency"": [[0, 1], [383, 24268]], ""contingency"": [[0, 1], [7558, 33982]]}",{}
NC00962.3,EMB-0.2-0.95,0.0,GARC1,RUS,EMB,embA@T652K,U,{},"{""proportion"": 0.0, ""confidence"": [0.0, 0.7934506856227626], ""p_value"": 1.0, ""solo_contingency"": [[0, 1], [383, 24268]], ""contingency"": [[5, 4], [7553, 33979]]}",{}
NC00962.3,EMB-0.2-0.95,0.0,GARC1,RUS,EMB,embA@D865E,U,{},"{""proportion"": 0.0, ""confidence"": [0.0, 0.7934506856227626], ""p_value"": 1.0, ""solo_contingency"": [[0, 1], [383, 24268]], ""contingency"": [[0, 1], [7558, 33982]]}",{}
NC00962.3,EMB-0.2-0.95,0.0,GARC1,RUS,EMB,embA@G759E,U,{},"{""proportion"": 0.0, ""confidence"": [0.0, 0.7934506856227626], ""p_value"": 1.0, ""solo_contingency"": [[0, 1], [383, 24268]], ""contingency"": [[0, 1], [7558, 33982]]}",{}
NC00962.3,EMB-0.2-0.95,0.0,GARC1,RUS,EMB,embA@G247R,U,{},"{""proportion"": 0.0, ""confidence"": [0.0, 0.7934506856227626], ""p_value"": 1.0, ""solo_contingency"": [[0, 1], [383, 24268]], ""contingency"": [[0, 1], [7558, 33982]]}",{}
NC00962.3,EMB-0.2-0.95,0.0,GARC1,RUS,EMB,embB@L974M,U,{},"{""proportion"": 0.0, ""confidence"": [0.0, 0.7934506856227626], ""p_value"": 1.0, ""solo_contingency"": [[0, 1], [383, 24268]], ""contingency"": [[0, 1], [7558, 33982]]}",{}
NC00962.3,EMB-0.2-0.95,0.0,GARC1,RUS,EMB,embB@V309F,U,{},"{""proportion"": 0.0, ""confidence"": [0.0, 0.7934506856227626], ""p_value"": 1.0, ""solo_contingency"": [[0, 1], [383, 24268]], ""contingency"": [[0, 1], [7558, 33982]]}",{}
NC00962.3,EMB-0.2-0.95,0.0,GARC1,RUS,EMB,embA@I655M,U,{},"{""proportion"": 0.0, ""confidence"": [0.0, 0.7934506856227626], ""p_value"": 1.0, ""solo_contingency"": [[0, 1], [383, 24268]], ""contingency"": [[0, 1], [7558, 33982]]}",{}
NC00962.3,EMB-0.2-0.95,0.0,GARC1,RUS,EMB,embB@M396I,U,{},"{""proportion"": 0.0, ""confidence"": [0.0, 0.6576197724933469], ""p_value"": 1.0, ""solo_contingency"": [[0, 2], [383, 24268]], ""contingency"": [[2, 3], [7556, 33980]]}",{}
NC00962.3,EMB-0.2-0.95,0.0,GARC1,RUS,EMB,embB@I450S,U,{},"{""proportion"": 0.0, ""confidence"": [0.0, 0.7934506856227626], ""p_value"": 1.0, ""solo_contingency"": [[0, 1], [383, 24268]], ""contingency"": [[2, 1], [7556, 33982]]}",{}
NC00962.3,EMB-0.2-0.95,0.0,GARC1,RUS,EMB,embA@-36_del_ca,U,{},"{""proportion"": 0.0, ""confidence"": [0.0, 0.7934506856227626], ""p_value"": 1.0, ""solo_contingency"": [[0, 1], [383, 24268]], ""contingency"": [[1, 2], [7557, 33981]]}",{}
NC00962.3,EMB-0.2-0.95,0.0,GARC1,RUS,EMB,embA@W372G,U,{},"{""proportion"": 0.0, ""confidence"": [0.0, 0.7934506856227626], ""p_value"": 1.0, ""solo_contingency"": [[0, 1], [383, 24268]], ""contingency"": [[0, 1], [7558, 33982]]}",{}
NC00962.3,EMB-0.2-0.95,0.0,GARC1,RUS,EMB,embA@D808A,U,{},"{""proportion"": 0.0, ""confidence"": [0.0, 0.7934506856227626], ""p_value"": 1.0, ""solo_contingency"": [[0, 1], [383, 24268]], ""contingency"": [[0, 1], [7558, 33982]]}",{}
NC00962.3,EMB-0.2-0.95,0.0,GARC1,RUS,EMB,embA@L277V,U,{},"{""proportion"": 0.0, ""confidence"": [0.0, 0.7934506856227626], ""p_value"": 1.0, ""solo_contingency"": [[0, 1], [383, 24268]], ""contingency"": [[0, 1], [7558, 33982]]}",{}
NC00962.3,EMB-0.2-0.95,0.0,GARC1,RUS,EMB,embB@S347T,U,{},"{""proportion"": 0.5, ""confidence"": [0.09453120573423071, 0.9054687942657693], ""p_value"": 0.3600000000000001, ""solo_contingency"": [[1, 1], [383, 24268]], ""contingency"": [[11, 2], [7547, 33981]]}",{}
NC00962.3,EMB-0.2-0.95,0.0,GARC1,RUS,EMB,embA@V206M,U,{},"{""proportion"": 0.0625, ""confidence"": [0.011119344764642517, 0.2832873757029894], ""p_value"": 0.222425376836813, ""solo_contingency"": [[1, 15], [383, 24268]], ""contingency"": [[156, 1884], [7402, 32099]]}",{}
NC00962.3,EMB-0.2-0.95,0.0,GARC1,RUS,EMB,embA@V468A,U,{},"{""proportion"": 0.0, ""confidence"": [0.0, 0.7934506856227626], ""p_value"": 1.0, ""solo_contingency"": [[0, 1], [383, 24268]], ""contingency"": [[8, 59], [7550, 33924]]}",{}
NC00962.3,EMB-0.2-0.95,0.0,GARC1,RUS,EMB,embB@S1054P,U,{},"{""proportion"": 0.0, ""confidence"": [0.0, 0.7934506856227626], ""p_value"": 1.0, ""solo_contingency"": [[0, 1], [383, 24268]], ""contingency"": [[2, 46], [7556, 33937]]}",{}
NC00962.3,EMB-0.2-0.95,0.0,GARC1,RUS,EMB,embA@P2L,U,{},"{""proportion"": 0.0, ""confidence"": [3.384324554477539e-17, 0.39033428790216534], ""p_value"": 0.6067840000000001, ""solo_contingency"": [[0, 6], [383, 24268]], ""contingency"": [[0, 6], [7558, 33977]]}",{}
NC00962.3,EMB-0.2-0.95,0.0,GARC1,RUS,EMB,embB@D280N,U,{},"{""proportion"": 0.0, ""confidence"": [4.8683609171202235e-17, 0.5614970317550455], ""p_value"": 1.0, ""solo_contingency"": [[0, 3], [383, 24268]], ""contingency"": [[0, 3], [7558, 33980]]}",{}
NC00962.3,EMB-0.2-0.95,0.0,GARC1,RUS,EMB,embB@S1086N,U,{},"{""proportion"": 0.0, ""confidence"": [0.0, 0.7934506856227626], ""p_value"": 1.0, ""solo_contingency"": [[0, 1], [383, 24268]], ""contingency"": [[0, 1], [7558, 33982]]}",{}
NC00962.3,EMB-0.2-0.95,0.0,GARC1,RUS,EMB,embA@L868R,U,{},"{""proportion"": 0.0, ""confidence"": [0.0, 0.7934506856227626], ""p_value"": 1.0, ""solo_contingency"": [[0, 1], [383, 24268]], ""contingency"": [[0, 2], [7558, 33981]]}",{}
NC00962.3,EMB-0.2-0.95,0.0,GARC1,RUS,EMB,embA@D52N,U,{},"{""proportion"": 0.0, ""confidence"": [0.0, 0.7934506856227626], ""p_value"": 1.0, ""solo_contingency"": [[0, 1], [383, 24268]], ""contingency"": [[0, 1], [7558, 33982]]}",{}
NC00962.3,EMB-0.2-0.95,0.0,GARC1,RUS,EMB,embA@-5_del_g,U,{},"{""proportion"": 0.0, ""confidence"": [0.0, 0.7934506856227626], ""p_value"": 1.0, ""solo_contingency"": [[0, 1], [383, 24268]], ""contingency"": [[0, 1], [7558, 33982]]}",{}
NC00962.3,EMB-0.2-0.95,0.0,GARC1,RUS,EMB,embA@G530E,U,{},"{""proportion"": 0.0, ""confidence"": [0.0, 0.7934506856227626], ""p_value"": 1.0, ""solo_contingency"": [[0, 1], [383, 24268]], ""contingency"": [[0, 1], [7558, 33982]]}",{}
NC00962.3,EMB-0.2-0.95,0.0,GARC1,RUS,EMB,embB@R1055H,U,{},"{""proportion"": 0.0, ""confidence"": [0.0, 0.7934506856227626], ""p_value"": 1.0, ""solo_contingency"": [[0, 1], [383, 24268]], ""contingency"": [[0, 1], [7558, 33982]]}",{}
NC00962.3,EMB-0.2-0.95,0.0,GARC1,RUS,EMB,embB@T205A,U,{},"{""proportion"": 0.0, ""confidence"": [3.384324554477539e-17, 0.39033428790216534], ""p_value"": 0.6067840000000001, ""solo_contingency"": [[0, 6], [383, 24268]], ""contingency"": [[0, 6], [7558, 33977]]}",{}
NC00962.3,EMB-0.2-0.95,0.0,GARC1,RUS,EMB,embA@V19I,U,{},"{""proportion"": 0.0, ""confidence"": [0.0, 0.6576197724933469], ""p_value"": 1.0, ""solo_contingency"": [[0, 2], [383, 24268]], ""contingency"": [[0, 2], [7558, 33981]]}",{}
NC00962.3,EMB-0.2-0.95,0.0,GARC1,RUS,EMB,embB@I489T,U,{},"{""proportion"": 0.0, ""confidence"": [0.0, 0.6576197724933469], ""p_value"": 1.0, ""solo_contingency"": [[0, 2], [383, 24268]], ""contingency"": [[3, 5], [7555, 33978]]}",{}
NC00962.3,EMB-0.2-0.95,0.0,GARC1,RUS,EMB,embB@G443S,U,{},"{""proportion"": 0.0, ""confidence"": [0.0, 0.7934506856227626], ""p_value"": 1.0, ""solo_contingency"": [[0, 1], [383, 24268]], ""contingency"": [[0, 3], [7558, 33980]]}",{}
NC00962.3,EMB-0.2-0.95,0.0,GARC1,RUS,EMB,embB@A228V,U,{},"{""proportion"": 0.0, ""confidence"": [0.0, 0.7934506856227626], ""p_value"": 1.0, ""solo_contingency"": [[0, 1], [383, 24268]], ""contingency"": [[0, 1], [7558, 33982]]}",{}
NC00962.3,EMB-0.2-0.95,0.0,GARC1,RUS,EMB,embB@M340I,U,{},"{""proportion"": 0.0, ""confidence"": [0.0, 0.7934506856227626], ""p_value"": 1.0, ""solo_contingency"": [[0, 1], [383, 24268]], ""contingency"": [[0, 5], [7558, 33978]]}",{}
NC00962.3,EMB-0.2-0.95,0.0,GARC1,RUS,EMB,embA@F1030L,U,{},"{""proportion"": 0.0, ""confidence"": [0.0, 0.7934506856227626], ""p_value"": 1.0, ""solo_contingency"": [[0, 1], [383, 24268]], ""contingency"": [[0, 1], [7558, 33982]]}",{}
NC00962.3,EMB-0.2-0.95,0.0,GARC1,RUS,EMB,embB@V436A,U,{},"{""proportion"": 0.0, ""confidence"": [0.0, 0.7934506856227626], ""p_value"": 1.0, ""solo_contingency"": [[0, 1], [383, 24268]], ""contingency"": [[0, 1], [7558, 33982]]}",{}
NC00962.3,EMB-0.2-0.95,0.0,GARC1,RUS,EMB,embA@-32_del_g,U,{},"{""proportion"": 0.0, ""confidence"": [4.8683609171202235e-17, 0.5614970317550455], ""p_value"": 1.0, ""solo_contingency"": [[0, 3], [383, 24268]], ""contingency"": [[10, 4], [7548, 33979]]}",{}
NC00962.3,EMB-0.2-0.95,0.0,GARC1,RUS,EMB,embA@V283G,U,{},"{""proportion"": 0.0, ""confidence"": [0.0, 0.6576197724933469], ""p_value"": 1.0, ""solo_contingency"": [[0, 2], [383, 24268]], ""contingency"": [[0, 2], [7558, 33981]]}",{}
NC00962.3,EMB-0.2-0.95,0.0,GARC1,RUS,EMB,embB@L837R,U,{},"{""proportion"": 0.0, ""confidence"": [0.0, 0.7934506856227626], ""p_value"": 1.0, ""solo_contingency"": [[0, 1], [383, 24268]], ""contingency"": [[0, 1], [7558, 33982]]}",{}
NC00962.3,EMB-0.2-0.95,0.0,GARC1,RUS,EMB,embA@V541G,U,{},"{""proportion"": 0.0, ""confidence"": [0.0, 0.7934506856227626], ""p_value"": 1.0, ""solo_contingency"": [[0, 1], [383, 24268]], ""contingency"": [[0, 1], [7558, 33982]]}",{}
NC00962.3,EMB-0.2-0.95,0.0,GARC1,RUS,EMB,embA@-33_del_cg,U,{},"{""proportion"": 0.0, ""confidence"": [0.0, 0.6576197724933469], ""p_value"": 1.0, ""solo_contingency"": [[0, 2], [383, 24268]], ""contingency"": [[0, 2], [7558, 33981]]}",{}
NC00962.3,EMB-0.2-0.95,0.0,GARC1,RUS,EMB,embA@D112H,U,{},"{""proportion"": 0.0, ""confidence"": [4.8683609171202235e-17, 0.5614970317550455], ""p_value"": 1.0, ""solo_contingency"": [[0, 3], [383, 24268]], ""contingency"": [[0, 3], [7558, 33980]]}",{}
NC00962.3,EMB-0.2-0.95,0.0,GARC1,RUS,EMB,embB@V668A,U,{},"{""proportion"": 0.0, ""confidence"": [0.0, 0.7934506856227626], ""p_value"": 1.0, ""solo_contingency"": [[0, 1], [383, 24268]], ""contingency"": [[2, 3], [7556, 33980]]}",{}
NC00962.3,EMB-0.2-0.95,0.0,GARC1,RUS,EMB,embA@S842N,U,{},"{""proportion"": 0.0, ""confidence"": [0.0, 0.7934506856227626], ""p_value"": 1.0, ""solo_contingency"": [[0, 1], [383, 24268]], ""contingency"": [[0, 1], [7558, 33982]]}",{}
NC00962.3,EMB-0.2-0.95,0.0,GARC1,RUS,EMB,embB@S658R,U,{},"{""proportion"": 0.0, ""confidence"": [0.0, 0.7934506856227626], ""p_value"": 1.0, ""solo_contingency"": [[0, 1], [383, 24268]], ""contingency"": [[0, 1], [7558, 33982]]}",{}
NC00962.3,EMB-0.2-0.95,0.0,GARC1,RUS,EMB,embB@S422P,U,{},"{""proportion"": 0.0, ""confidence"": [0.0, 0.7934506856227626], ""p_value"": 1.0, ""solo_contingency"": [[0, 1], [383, 24268]], ""contingency"": [[0, 1], [7558, 33982]]}",{}
NC00962.3,EMB-0.2-0.95,0.0,GARC1,RUS,EMB,embB@G694S,U,{},"{""proportion"": 0.0, ""confidence"": [0.0, 0.6576197724933469], ""p_value"": 1.0, ""solo_contingency"": [[0, 2], [383, 24268]], ""contingency"": [[0, 2], [7558, 33981]]}",{}
NC00962.3,EMB-0.2-0.95,0.0,GARC1,RUS,EMB,embB@L971M,U,{},"{""proportion"": 0.0, ""confidence"": [0.0, 0.7934506856227626], ""p_value"": 1.0, ""solo_contingency"": [[0, 1], [383, 24268]], ""contingency"": [[0, 1], [7558, 33982]]}",{}
NC00962.3,EMB-0.2-0.95,0.0,GARC1,RUS,EMB,embB@M1049I,U,{},"{""proportion"": 0.0, ""confidence"": [0.0, 0.7934506856227626], ""p_value"": 1.0, ""solo_contingency"": [[0, 1], [383, 24268]], ""contingency"": [[0, 1], [7558, 33982]]}",{}
NC00962.3,EMB-0.2-0.95,0.0,GARC1,RUS,EMB,embB@V360L,U,{},"{""proportion"": 0.0, ""confidence"": [0.0, 0.7934506856227626], ""p_value"": 1.0, ""solo_contingency"": [[0, 1], [383, 24268]], ""contingency"": [[0, 1], [7558, 33982]]}",{}
NC00962.3,EMB-0.2-0.95,0.0,GARC1,RUS,EMB,embB@T897P,U,{},"{""proportion"": 0.0, ""confidence"": [0.0, 0.7934506856227626], ""p_value"": 1.0, ""solo_contingency"": [[0, 1], [383, 24268]], ""contingency"": [[0, 1], [7558, 33982]]}",{}
NC00962.3,EMB-0.2-0.95,0.0,GARC1,RUS,EMB,embB@K561N,U,{},"{""proportion"": 0.0, ""confidence"": [0.0, 0.7934506856227626], ""p_value"": 1.0, ""solo_contingency"": [[0, 1], [383, 24268]], ""contingency"": [[0, 1], [7558, 33982]]}",{}
NC00962.3,EMB-0.2-0.95,0.0,GARC1,RUS,EMB,embB@T75P,U,{},"{""proportion"": 0.0, ""confidence"": [0.0, 0.7934506856227626], ""p_value"": 1.0, ""solo_contingency"": [[0, 1], [383, 24268]], ""contingency"": [[0, 1], [7558, 33982]]}",{}
NC00962.3,EMB-0.2-0.95,0.0,GARC1,RUS,EMB,embB@V493G,U,{},"{""proportion"": 1.0, ""confidence"": [0.20654931437723742, 1.0], ""p_value"": 0.2, ""solo_contingency"": [[1, 0], [383, 24268]], ""contingency"": [[1, 0], [7557, 33983]]}",{}
NC00962.3,EMB-0.2-0.95,0.0,GARC1,RUS,EMB,embB@54_ins_t,U,{},"{""proportion"": 0.0, ""confidence"": [0.0, 0.6576197724933469], ""p_value"": 1.0, ""solo_contingency"": [[0, 2], [383, 24268]], ""contingency"": [[1, 4], [7557, 33979]]}",{}
NC00962.3,EMB-0.2-0.95,0.0,GARC1,RUS,EMB,embB@P969S,U,{},"{""proportion"": 0.0, ""confidence"": [0.0, 0.7934506856227626], ""p_value"": 1.0, ""solo_contingency"": [[0, 1], [383, 24268]], ""contingency"": [[0, 1], [7558, 33982]]}",{}
NC00962.3,EMB-0.2-0.95,0.0,GARC1,RUS,EMB,embB@T501K,U,{},"{""proportion"": 0.0, ""confidence"": [0.0, 0.7934506856227626], ""p_value"": 1.0, ""solo_contingency"": [[0, 1], [383, 24268]], ""contingency"": [[1, 1], [7557, 33982]]}",{}
NC00962.3,EMB-0.2-0.95,0.0,GARC1,RUS,EMB,embA@V770I,U,{},"{""proportion"": 1.0, ""confidence"": [0.20654931437723742, 1.0], ""p_value"": 0.2, ""solo_contingency"": [[1, 0], [383, 24268]], ""contingency"": [[1, 0], [7557, 33983]]}",{}
NC00962.3,EMB-0.2-0.95,0.0,GARC1,RUS,EMB,embB@G745D,U,{},"{""proportion"": 0.0, ""confidence"": [0.0, 0.7934506856227626], ""p_value"": 1.0, ""solo_contingency"": [[0, 1], [383, 24268]], ""contingency"": [[0, 1], [7558, 33982]]}",{}
NC00962.3,EMB-0.2-0.95,0.0,GARC1,RUS,EMB,embA@C76G,U,{},"{""proportion"": 0.0, ""confidence"": [0.0, 0.7934506856227626], ""p_value"": 1.0, ""solo_contingency"": [[0, 1], [383, 24268]], ""contingency"": [[0, 1], [7558, 33982]]}",{}
NC00962.3,EMB-0.2-0.95,0.0,GARC1,RUS,EMB,embB@T157A,U,{},"{""proportion"": 0.0, ""confidence"": [0.0, 0.7934506856227626], ""p_value"": 1.0, ""solo_contingency"": [[0, 1], [383, 24268]], ""contingency"": [[0, 1], [7558, 33982]]}",{}
NC00962.3,EMB-0.2-0.95,0.0,GARC1,RUS,EMB,embB@V593M,U,{},"{""proportion"": 0.5, ""confidence"": [0.09453120573423071, 0.9054687942657693], ""p_value"": 0.3600000000000001, ""solo_contingency"": [[1, 1], [383, 24268]], ""contingency"": [[1, 1], [7557, 33982]]}",{}
NC00962.3,EMB-0.2-0.95,0.0,GARC1,RUS,EMB,embB@P171A,U,{},"{""proportion"": 0.0, ""confidence"": [2.1025014877572554e-17, 0.24249400665524087], ""p_value"": 0.141274976256, ""solo_contingency"": [[0, 12], [383, 24268]], ""contingency"": [[0, 15], [7558, 33968]]}",{}
NC00962.3,EMB-0.2-0.95,0.0,GARC1,RUS,EMB,embA@G585S,U,{},"{""proportion"": 0.0, ""confidence"": [0.0, 0.7934506856227626], ""p_value"": 1.0, ""solo_contingency"": [[0, 1], [383, 24268]], ""contingency"": [[0, 1], [7558, 33982]]}",{}
NC00962.3,EMB-0.2-0.95,0.0,GARC1,RUS,EMB,embB@E138A,U,{},"{""proportion"": 0.0, ""confidence"": [0.0, 0.7934506856227626], ""p_value"": 1.0, ""solo_contingency"": [[0, 1], [383, 24268]], ""contingency"": [[0, 1], [7558, 33982]]}",{}
NC00962.3,EMB-0.2-0.95,0.0,GARC1,RUS,EMB,embB@A439T,U,{},"{""proportion"": 0.0, ""confidence"": [0.0, 0.7934506856227626], ""p_value"": 1.0, ""solo_contingency"": [[0, 1], [383, 24268]], ""contingency"": [[0, 2], [7558, 33981]]}",{}
NC00962.3,EMB-0.2-0.95,0.0,GARC1,RUS,EMB,embA@I905T,U,{},"{""proportion"": 0.0, ""confidence"": [4.8683609171202235e-17, 0.5614970317550455], ""p_value"": 1.0, ""solo_contingency"": [[0, 3], [383, 24268]], ""contingency"": [[1, 3], [7557, 33980]]}",{}
NC00962.3,EMB-0.2-0.95,0.0,GARC1,RUS,EMB,embB@S615C,U,{},"{""proportion"": 1.0, ""confidence"": [0.20654931437723742, 1.0], ""p_value"": 0.2, ""solo_contingency"": [[1, 0], [383, 24268]], ""contingency"": [[1, 0], [7557, 33983]]}",{}
NC00962.3,EMB-0.2-0.95,0.0,GARC1,RUS,EMB,embA@T392K,U,{},"{""proportion"": 0.0, ""confidence"": [0.0, 0.6576197724933469], ""p_value"": 1.0, ""solo_contingency"": [[0, 2], [383, 24268]], ""contingency"": [[0, 2], [7558, 33981]]}",{}
NC00962.3,EMB-0.2-0.95,0.0,GARC1,RUS,EMB,embA@R862H,U,{},"{""proportion"": 0.0, ""confidence"": [0.0, 0.7934506856227626], ""p_value"": 1.0, ""solo_contingency"": [[0, 1], [383, 24268]], ""contingency"": [[0, 1], [7558, 33982]]}",{}
NC00962.3,EMB-0.2-0.95,0.0,GARC1,RUS,EMB,embA@2602_ins_tgg,U,{},"{""proportion"": 0.0, ""confidence"": [4.8683609171202235e-17, 0.5614970317550455], ""p_value"": 1.0, ""solo_contingency"": [[0, 3], [383, 24268]], ""contingency"": [[2, 8], [7556, 33975]]}",{}
NC00962.3,EMB-0.2-0.95,0.0,GARC1,RUS,EMB,embB@P375R,U,{},"{""proportion"": 0.0, ""confidence"": [0.0, 0.7934506856227626], ""p_value"": 1.0, ""solo_contingency"": [[0, 1], [383, 24268]], ""contingency"": [[0, 1], [7558, 33982]]}",{}
NC00962.3,EMB-0.2-0.95,0.0,GARC1,RUS,EMB,embA@P867L,U,{},"{""proportion"": 0.0, ""confidence"": [0.0, 0.7934506856227626], ""p_value"": 1.0, ""solo_contingency"": [[0, 1], [383, 24268]], ""contingency"": [[2, 2], [7556, 33981]]}",{}
NC00962.3,EMB-0.2-0.95,0.0,GARC1,RUS,EMB,embB@L1070R,U,{},"{""proportion"": 0.0, ""confidence"": [0.0, 0.7934506856227626], ""p_value"": 1.0, ""solo_contingency"": [[0, 1], [383, 24268]], ""contingency"": [[0, 1], [7558, 33982]]}",{}
NC00962.3,EMB-0.2-0.95,0.0,GARC1,RUS,EMB,embB@P1075R,U,{},"{""proportion"": 0.0, ""confidence"": [0.0, 0.7934506856227626], ""p_value"": 1.0, ""solo_contingency"": [[0, 1], [383, 24268]], ""contingency"": [[0, 1], [7558, 33982]]}",{}
NC00962.3,EMB-0.2-0.95,0.0,GARC1,RUS,EMB,embA@L233R,U,{},"{""proportion"": 0.0, ""confidence"": [0.0, 0.7934506856227626], ""p_value"": 1.0, ""solo_contingency"": [[0, 1], [383, 24268]], ""contingency"": [[0, 1], [7558, 33982]]}",{}
NC00962.3,EMB-0.2-0.95,0.0,GARC1,RUS,EMB,embB@V649A,U,{},"{""proportion"": 0.0, ""confidence"": [0.0, 0.7934506856227626], ""p_value"": 1.0, ""solo_contingency"": [[0, 1], [383, 24268]], ""contingency"": [[0, 2], [7558, 33981]]}",{}
NC00962.3,EMB-0.2-0.95,0.0,GARC1,RUS,EMB,embB@N886K,U,{},"{""proportion"": 1.0, ""confidence"": [0.20654931437723742, 1.0], ""p_value"": 0.2, ""solo_contingency"": [[1, 0], [383, 24268]], ""contingency"": [[1, 0], [7557, 33983]]}",{}
NC00962.3,EMB-0.2-0.95,0.0,GARC1,RUS,EMB,embB@V917M,U,{},"{""proportion"": 0.0, ""confidence"": [0.0, 0.7934506856227626], ""p_value"": 1.0, ""solo_contingency"": [[0, 1], [383, 24268]], ""contingency"": [[0, 1], [7558, 33982]]}",{}
NC00962.3,EMB-0.2-0.95,0.0,GARC1,RUS,EMB,embB@A409P,U,{},"{""proportion"": 1.0, ""confidence"": [0.20654931437723742, 1.0], ""p_value"": 0.2, ""solo_contingency"": [[1, 0], [383, 24268]], ""contingency"": [[26, 2], [7532, 33981]]}",{}
NC00962.3,EMB-0.2-0.95,0.0,GARC1,RUS,EMB,embA@G403A,U,{},"{""proportion"": 1.0, ""confidence"": [0.20654931437723742, 1.0], ""p_value"": 0.2, ""solo_contingency"": [[1, 0], [383, 24268]], ""contingency"": [[1, 0], [7557, 33983]]}",{}
NC00962.3,EMB-0.2-0.95,0.0,GARC1,RUS,EMB,embA@D780N,U,{},"{""proportion"": 0.0, ""confidence"": [0.0, 0.7934506856227626], ""p_value"": 1.0, ""solo_contingency"": [[0, 1], [383, 24268]], ""contingency"": [[0, 1], [7558, 33982]]}",{}
NC00962.3,EMB-0.2-0.95,0.0,GARC1,RUS,EMB,embB@S66R,U,{},"{""proportion"": 0.0, ""confidence"": [0.0, 0.7934506856227626], ""p_value"": 1.0, ""solo_contingency"": [[0, 1], [383, 24268]], ""contingency"": [[0, 1], [7558, 33982]]}",{}
NC00962.3,EMB-0.2-0.95,0.0,GARC1,RUS,EMB,embB@S651T,U,{},"{""proportion"": 1.0, ""confidence"": [0.20654931437723742, 1.0], ""p_value"": 0.2, ""solo_contingency"": [[1, 0], [383, 24268]], ""contingency"": [[1, 0], [7557, 33983]]}",{}
NC00962.3,EMB-0.2-0.95,0.0,GARC1,RUS,EMB,embB@N644T,U,{},"{""proportion"": 1.0, ""confidence"": [0.20654931437723742, 1.0], ""p_value"": 0.2, ""solo_contingency"": [[1, 0], [383, 24268]], ""contingency"": [[1, 0], [7557, 33983]]}",{}
NC00962.3,EMB-0.2-0.95,0.0,GARC1,RUS,EMB,embB@T667K,U,{},"{""proportion"": 0.0, ""confidence"": [0.0, 0.7934506856227626], ""p_value"": 1.0, ""solo_contingency"": [[0, 1], [383, 24268]], ""contingency"": [[0, 1], [7558, 33982]]}",{}
NC00962.3,EMB-0.2-0.95,0.0,GARC1,RUS,EMB,embB@R469H,U,{},"{""proportion"": 0.0, ""confidence"": [0.0, 0.7934506856227626], ""p_value"": 1.0, ""solo_contingency"": [[0, 1], [383, 24268]], ""contingency"": [[0, 2], [7558, 33981]]}",{}
NC00962.3,EMB-0.2-0.95,0.0,GARC1,RUS,EMB,embB@T588M,U,{},"{""proportion"": 0.0, ""confidence"": [4.8683609171202235e-17, 0.5614970317550455], ""p_value"": 1.0, ""solo_contingency"": [[0, 3], [383, 24268]], ""contingency"": [[0, 3], [7558, 33980]]}",{}
NC00962.3,EMB-0.2-0.95,0.0,GARC1,RUS,EMB,embA@G29V,U,{},"{""proportion"": 0.0, ""confidence"": [0.0, 0.7934506856227626], ""p_value"": 1.0, ""solo_contingency"": [[0, 1], [383, 24268]], ""contingency"": [[0, 1], [7558, 33982]]}",{}
NC00962.3,EMB-0.2-0.95,0.0,GARC1,RUS,EMB,embA@T566M,U,{},"{""proportion"": 0.0, ""confidence"": [0.0, 0.7934506856227626], ""p_value"": 1.0, ""solo_contingency"": [[0, 1], [383, 24268]], ""contingency"": [[1, 1], [7557, 33982]]}",{}
NC00962.3,EMB-0.2-0.95,0.0,GARC1,RUS,EMB,embA@A80T,U,{},"{""proportion"": 0.0, ""confidence"": [0.0, 0.7934506856227626], ""p_value"": 1.0, ""solo_contingency"": [[0, 1], [383, 24268]], ""contingency"": [[0, 1], [7558, 33982]]}",{}
NC00962.3,EMB-0.2-0.95,0.0,GARC1,RUS,EMB,embB@P983T,U,{},"{""proportion"": 0.0, ""confidence"": [0.0, 0.7934506856227626], ""p_value"": 1.0, ""solo_contingency"": [[0, 1], [383, 24268]], ""contingency"": [[0, 1], [7558, 33982]]}",{}
NC00962.3,EMB-0.2-0.95,0.0,GARC1,RUS,EMB,embA@A148E,U,{},"{""proportion"": 0.0, ""confidence"": [0.0, 0.7934506856227626], ""p_value"": 1.0, ""solo_contingency"": [[0, 1], [383, 24268]], ""contingency"": [[0, 1], [7558, 33982]]}",{}
NC00962.3,EMB-0.2-0.95,0.0,GARC1,RUS,EMB,embB@Q3H,U,{},"{""proportion"": 0.0, ""confidence"": [0.0, 0.7934506856227626], ""p_value"": 1.0, ""solo_contingency"": [[0, 1], [383, 24268]], ""contingency"": [[0, 1], [7558, 33982]]}",{}
NC00962.3,EMB-0.2-0.95,0.0,GARC1,RUS,EMB,embB@A388S,U,{},"{""proportion"": 0.0, ""confidence"": [0.0, 0.7934506856227626], ""p_value"": 1.0, ""solo_contingency"": [[0, 1], [383, 24268]], ""contingency"": [[0, 1], [7558, 33982]]}",{}
NC00962.3,EMB-0.2-0.95,0.0,GARC1,RUS,EMB,embB@R182L,U,{},"{""proportion"": 0.0, ""confidence"": [0.0, 0.7934506856227626], ""p_value"": 1.0, ""solo_contingency"": [[0, 1], [383, 24268]], ""contingency"": [[0, 1], [7558, 33982]]}",{}
NC00962.3,EMB-0.2-0.95,0.0,GARC1,RUS,EMB,embB@S651N,U,{},"{""proportion"": 1.0, ""confidence"": [0.20654931437723742, 1.0], ""p_value"": 0.2, ""solo_contingency"": [[1, 0], [383, 24268]], ""contingency"": [[1, 0], [7557, 33983]]}",{}
NC00962.3,EMB-0.2-0.95,0.0,GARC1,RUS,EMB,embB@F398L,U,{},"{""proportion"": 0.0, ""confidence"": [0.0, 0.7934506856227626], ""p_value"": 1.0, ""solo_contingency"": [[0, 1], [383, 24268]], ""contingency"": [[0, 1], [7558, 33982]]}",{}
NC00962.3,EMB-0.2-0.95,0.0,GARC1,RUS,EMB,embB@E138K,U,{},"{""proportion"": 0.0, ""confidence"": [0.0, 0.7934506856227626], ""p_value"": 1.0, ""solo_contingency"": [[0, 1], [383, 24268]], ""contingency"": [[0, 1], [7558, 33982]]}",{}
NC00962.3,EMB-0.2-0.95,0.0,GARC1,RUS,EMB,embA@P901Q,U,{},"{""proportion"": 0.0, ""confidence"": [0.0, 0.7934506856227626], ""p_value"": 1.0, ""solo_contingency"": [[0, 1], [383, 24268]], ""contingency"": [[0, 1], [7558, 33982]]}",{}
NC00962.3,EMB-0.2-0.95,0.0,GARC1,RUS,EMB,embA@R229S,U,{},"{""proportion"": 0.0, ""confidence"": [0.0, 0.7934506856227626], ""p_value"": 1.0, ""solo_contingency"": [[0, 1], [383, 24268]], ""contingency"": [[1, 2], [7557, 33981]]}",{}
NC00962.3,EMB-0.2-0.95,0.0,GARC1,RUS,EMB,embA@F565L,U,{},"{""proportion"": 0.0, ""confidence"": [0.0, 0.7934506856227626], ""p_value"": 1.0, ""solo_contingency"": [[0, 1], [383, 24268]], ""contingency"": [[0, 2], [7558, 33981]]}",{}
NC00962.3,EMB-0.2-0.95,0.0,GARC1,RUS,EMB,embB@S650P,U,{},"{""proportion"": 0.0, ""confidence"": [0.0, 0.7934506856227626], ""p_value"": 1.0, ""solo_contingency"": [[0, 1], [383, 24268]], ""contingency"": [[0, 1], [7558, 33982]]}",{}
NC00962.3,EMB-0.2-0.95,0.0,GARC1,RUS,EMB,embA@P548L,U,{},"{""proportion"": 0.0, ""confidence"": [0.0, 0.7934506856227626], ""p_value"": 1.0, ""solo_contingency"": [[0, 1], [383, 24268]], ""contingency"": [[0, 1], [7558, 33982]]}",{}
NC00962.3,EMB-0.2-0.95,0.0,GARC1,RUS,EMB,embB@F688V,U,{},"{""proportion"": 0.0, ""confidence"": [0.0, 0.7934506856227626], ""p_value"": 1.0, ""solo_contingency"": [[0, 1], [383, 24268]], ""contingency"": [[0, 1], [7558, 33982]]}",{}
NC00962.3,EMB-0.2-0.95,0.0,GARC1,RUS,EMB,embA@Q1004R,U,{},"{""proportion"": 0.0, ""confidence"": [0.0, 0.7934506856227626], ""p_value"": 1.0, ""solo_contingency"": [[0, 1], [383, 24268]], ""contingency"": [[0, 1], [7558, 33982]]}",{}
NC00962.3,EMB-0.2-0.95,0.0,GARC1,RUS,EMB,embA@L459R,U,{},"{""proportion"": 0.0, ""confidence"": [0.0, 0.7934506856227626], ""p_value"": 1.0, ""solo_contingency"": [[0, 1], [383, 24268]], ""contingency"": [[1, 2], [7557, 33981]]}",{}
NC00962.3,EMB-0.2-0.95,0.0,GARC1,RUS,EMB,embA@L390M,U,{},"{""proportion"": 0.0, ""confidence"": [0.0, 0.7934506856227626], ""p_value"": 1.0, ""solo_contingency"": [[0, 1], [383, 24268]], ""contingency"": [[2, 3], [7556, 33980]]}",{}
NC00962.3,EMB-0.2-0.95,0.0,GARC1,RUS,EMB,embB@D78A,U,{},"{""proportion"": 0.0, ""confidence"": [0.0, 0.7934506856227626], ""p_value"": 1.0, ""solo_contingency"": [[0, 1], [383, 24268]], ""contingency"": [[0, 2], [7558, 33981]]}",{}
NC00962.3,EMB-0.2-0.95,0.0,GARC1,RUS,EMB,embB@C549F,U,{},"{""proportion"": 0.0, ""confidence"": [0.0, 0.6576197724933469], ""p_value"": 1.0, ""solo_contingency"": [[0, 2], [383, 24268]], ""contingency"": [[1, 2], [7557, 33981]]}",{}
NC00962.3,EMB-0.2-0.95,0.0,GARC1,RUS,EMB,embA@V898I,U,{},"{""proportion"": 0.0, ""confidence"": [0.0, 0.7934506856227626], ""p_value"": 1.0, ""solo_contingency"": [[0, 1], [383, 24268]], ""contingency"": [[0, 1], [7558, 33982]]}",{}
NC00962.3,EMB-0.2-0.95,0.0,GARC1,RUS,EMB,embA@W550S,U,{},"{""proportion"": 0.0, ""confidence"": [0.0, 0.7934506856227626], ""p_value"": 1.0, ""solo_contingency"": [[0, 1], [383, 24268]], ""contingency"": [[0, 1], [7558, 33982]]}",{}
NC00962.3,EMB-0.2-0.95,0.0,GARC1,RUS,EMB,embA@G146D,U,{},"{""proportion"": 0.0, ""confidence"": [0.0, 0.7934506856227626], ""p_value"": 1.0, ""solo_contingency"": [[0, 1], [383, 24268]], ""contingency"": [[0, 1], [7558, 33982]]}",{}
NC00962.3,EMB-0.2-0.95,0.0,GARC1,RUS,EMB,embA@G909R,U,{},"{""proportion"": 0.0, ""confidence"": [0.0, 0.6576197724933469], ""p_value"": 1.0, ""solo_contingency"": [[0, 2], [383, 24268]], ""contingency"": [[0, 3], [7558, 33980]]}",{}
NC00962.3,EMB-0.2-0.95,0.0,GARC1,RUS,EMB,embA@A589E,U,{},"{""proportion"": 0.0, ""confidence"": [0.0, 0.7934506856227626], ""p_value"": 1.0, ""solo_contingency"": [[0, 1], [383, 24268]], ""contingency"": [[0, 1], [7558, 33982]]}",{}
NC00962.3,EMB-0.2-0.95,0.0,GARC1,RUS,EMB,embA@P164S,U,{},"{""proportion"": 0.0, ""confidence"": [0.0, 0.7934506856227626], ""p_value"": 1.0, ""solo_contingency"": [[0, 1], [383, 24268]], ""contingency"": [[0, 1], [7558, 33982]]}",{}
NC00962.3,EMB-0.2-0.95,0.0,GARC1,RUS,EMB,embB@P167R,U,{},"{""proportion"": 0.0, ""confidence"": [0.0, 0.7934506856227626], ""p_value"": 1.0, ""solo_contingency"": [[0, 1], [383, 24268]], ""contingency"": [[0, 2], [7558, 33981]]}",{}
NC00962.3,EMB-0.2-0.95,0.0,GARC1,RUS,EMB,embA@E675K,U,{},"{""proportion"": 0.0, ""confidence"": [0.0, 0.7934506856227626], ""p_value"": 1.0, ""solo_contingency"": [[0, 1], [383, 24268]], ""contingency"": [[0, 1], [7558, 33982]]}",{}
NC00962.3,EMB-0.2-0.95,0.0,GARC1,RUS,EMB,embB@N807T,U,{},"{""proportion"": 0.0, ""confidence"": [0.0, 0.7934506856227626], ""p_value"": 1.0, ""solo_contingency"": [[0, 1], [383, 24268]], ""contingency"": [[0, 1], [7558, 33982]]}",{}
NC00962.3,EMB-0.2-0.95,0.0,GARC1,RUS,EMB,embA@Q751P,U,{},"{""proportion"": 0.0, ""confidence"": [0.0, 0.7934506856227626], ""p_value"": 1.0, ""solo_contingency"": [[0, 1], [383, 24268]], ""contingency"": [[0, 1], [7558, 33982]]}",{}
NC00962.3,EMB-0.2-0.95,0.0,GARC1,RUS,EMB,embB@R1045Q,U,{},"{""proportion"": 0.0, ""confidence"": [0.0, 0.7934506856227626], ""p_value"": 1.0, ""solo_contingency"": [[0, 1], [383, 24268]], ""contingency"": [[0, 1], [7558, 33982]]}",{}
NC00962.3,EMB-0.2-0.95,0.0,GARC1,RUS,EMB,embA@V898F,U,{},"{""proportion"": 0.0, ""confidence"": [0.0, 0.7934506856227626], ""p_value"": 1.0, ""solo_contingency"": [[0, 1], [383, 24268]], ""contingency"": [[0, 1], [7558, 33982]]}",{}
NC00962.3,EMB-0.2-0.95,0.0,GARC1,RUS,EMB,embA@A438T,U,{},"{""proportion"": 0.0, ""confidence"": [0.0, 0.7934506856227626], ""p_value"": 1.0, ""solo_contingency"": [[0, 1], [383, 24268]], ""contingency"": [[0, 1], [7558, 33982]]}",{}
NC00962.3,EMB-0.2-0.95,0.0,GARC1,RUS,EMB,embB@T893A,U,{},"{""proportion"": 0.0, ""confidence"": [0.0, 0.7934506856227626], ""p_value"": 1.0, ""solo_contingency"": [[0, 1], [383, 24268]], ""contingency"": [[0, 1], [7558, 33982]]}",{}
NC00962.3,EMB-0.2-0.95,0.0,GARC1,RUS,EMB,embA@A60D,U,{},"{""proportion"": 0.0, ""confidence"": [0.0, 0.7934506856227626], ""p_value"": 1.0, ""solo_contingency"": [[0, 1], [383, 24268]], ""contingency"": [[0, 1], [7558, 33982]]}",{}
NC00962.3,EMB-0.2-0.95,0.0,GARC1,RUS,EMB,embA@A430T,U,{},"{""proportion"": 0.0, ""confidence"": [0.0, 0.7934506856227626], ""p_value"": 1.0, ""solo_contingency"": [[0, 1], [383, 24268]], ""contingency"": [[0, 1], [7558, 33982]]}",{}
NC00962.3,EMB-0.2-0.95,0.0,GARC1,RUS,EMB,embA@M840V,U,{},"{""proportion"": 0.0, ""confidence"": [0.0, 0.7934506856227626], ""p_value"": 1.0, ""solo_contingency"": [[0, 1], [383, 24268]], ""contingency"": [[0, 1], [7558, 33982]]}",{}
NC00962.3,EMB-0.2-0.95,0.0,GARC1,RUS,EMB,embB@G580S,U,{},"{""proportion"": 0.0, ""confidence"": [0.0, 0.7934506856227626], ""p_value"": 1.0, ""solo_contingency"": [[0, 1], [383, 24268]], ""contingency"": [[3, 3], [7555, 33980]]}",{}
NC00962.3,EMB-0.2-0.95,0.0,GARC1,RUS,EMB,embA@-31_del_c,U,{},"{""proportion"": 0.0, ""confidence"": [0.0, 0.7934506856227626], ""p_value"": 1.0, ""solo_contingency"": [[0, 1], [383, 24268]], ""contingency"": [[14, 2], [7544, 33981]]}",{}
NC00962.3,EMB-0.2-0.95,0.0,GARC1,RUS,EMB,embA@R358Q,U,{},"{""proportion"": 0.0, ""confidence"": [0.0, 0.7934506856227626], ""p_value"": 1.0, ""solo_contingency"": [[0, 1], [383, 24268]], ""contingency"": [[0, 1], [7558, 33982]]}",{}
NC00962.3,EMB-0.2-0.95,0.0,GARC1,RUS,EMB,embB@M316V,U,{},"{""proportion"": 0.0, ""confidence"": [0.0, 0.7934506856227626], ""p_value"": 1.0, ""solo_contingency"": [[0, 1], [383, 24268]], ""contingency"": [[0, 1], [7558, 33982]]}",{}
NC00962.3,EMB-0.2-0.95,0.0,GARC1,RUS,EMB,embB@A454T,U,{},"{""proportion"": 0.0, ""confidence"": [4.8683609171202235e-17, 0.5614970317550455], ""p_value"": 1.0, ""solo_contingency"": [[0, 3], [383, 24268]], ""contingency"": [[12, 6], [7546, 33977]]}",{}
NC00962.3,EMB-0.2-0.95,0.0,GARC1,RUS,EMB,embA@A150V,U,{},"{""proportion"": 0.0, ""confidence"": [0.0, 0.7934506856227626], ""p_value"": 1.0, ""solo_contingency"": [[0, 1], [383, 24268]], ""contingency"": [[0, 1], [7558, 33982]]}",{}
NC00962.3,EMB-0.2-0.95,0.0,GARC1,RUS,EMB,embB@S174R,U,{},"{""proportion"": 0.0, ""confidence"": [0.0, 0.6576197724933469], ""p_value"": 1.0, ""solo_contingency"": [[0, 2], [383, 24268]], ""contingency"": [[4, 6], [7554, 33977]]}",{}
NC00962.3,EMB-0.2-0.95,0.0,GARC1,RUS,EMB,embB@S73L,U,{},"{""proportion"": 0.0, ""confidence"": [0.0, 0.7934506856227626], ""p_value"": 1.0, ""solo_contingency"": [[0, 1], [383, 24268]], ""contingency"": [[0, 1], [7558, 33982]]}",{}
NC00962.3,EMB-0.2-0.95,0.0,GARC1,RUS,EMB,embB@G156D,U,{},"{""proportion"": 0.0, ""confidence"": [0.0, 0.7934506856227626], ""p_value"": 1.0, ""solo_contingency"": [[0, 1], [383, 24268]], ""contingency"": [[0, 2], [7558, 33981]]}",{}
NC00962.3,EMB-0.2-0.95,0.0,GARC1,RUS,EMB,embA@G149D,U,{},"{""proportion"": 0.0, ""confidence"": [0.0, 0.7934506856227626], ""p_value"": 1.0, ""solo_contingency"": [[0, 1], [383, 24268]], ""contingency"": [[0, 1], [7558, 33982]]}",{}
NC00962.3,EMB-0.2-0.95,0.0,GARC1,RUS,EMB,embA@V541M,U,{},"{""proportion"": 0.0, ""confidence"": [0.0, 0.7934506856227626], ""p_value"": 1.0, ""solo_contingency"": [[0, 1], [383, 24268]], ""contingency"": [[0, 1], [7558, 33982]]}",{}
NC00962.3,EMB-0.2-0.95,0.0,GARC1,RUS,EMB,embB@S617L,U,{},"{""proportion"": 0.0, ""confidence"": [0.0, 0.7934506856227626], ""p_value"": 1.0, ""solo_contingency"": [[0, 1], [383, 24268]], ""contingency"": [[0, 1], [7558, 33982]]}",{}
NC00962.3,EMB-0.2-0.95,0.0,GARC1,RUS,EMB,embB@I489S,U,{},"{""proportion"": 0.0, ""confidence"": [0.0, 0.7934506856227626], ""p_value"": 1.0, ""solo_contingency"": [[0, 1], [383, 24268]], ""contingency"": [[0, 3], [7558, 33980]]}",{}
NC00962.3,EMB-0.2-0.95,0.0,GARC1,RUS,EMB,embB@R1055S,U,{},"{""proportion"": 0.0, ""confidence"": [0.0, 0.7934506856227626], ""p_value"": 1.0, ""solo_contingency"": [[0, 1], [383, 24268]], ""contingency"": [[0, 1], [7558, 33982]]}",{}
NC00962.3,EMB-0.2-0.95,0.0,GARC1,RUS,EMB,embB@Y334H,U,{},"{""proportion"": 0.0, ""confidence"": [0.0, 0.7934506856227626], ""p_value"": 1.0, ""solo_contingency"": [[0, 1], [383, 24268]], ""contingency"": [[74, 17], [7484, 33966]]}",{}
NC00962.3,EMB-0.2-0.95,0.0,GARC1,RUS,EMB,embA@-41_del_at,U,{},"{""proportion"": 1.0, ""confidence"": [0.20654931437723742, 1.0], ""p_value"": 0.2, ""solo_contingency"": [[1, 0], [383, 24268]], ""contingency"": [[3, 0], [7555, 33983]]}",{}
NC00962.3,EMB-0.2-0.95,0.0,GARC1,RUS,EMB,embB@Q853P,U,{},"{""proportion"": 0.14285714285714285, ""confidence"": [0.025679624344743555, 0.5131278292743189], ""p_value"": 1.0, ""solo_contingency"": [[1, 6], [383, 24268]], ""contingency"": [[17, 13], [7541, 33970]]}",{}
NC00962.3,EMB-0.2-0.95,0.0,GARC1,RUS,EMB,embB@T797A,U,{},"{""proportion"": 0.0, ""confidence"": [0.0, 0.4898908364545973], ""p_value"": 1.0, ""solo_contingency"": [[0, 4], [383, 24268]], ""contingency"": [[2, 4], [7556, 33979]]}",{}
NC00962.3,EMB-0.2-0.95,0.0,GARC1,RUS,EMB,embB@I1039M,U,{},"{""proportion"": 0.0, ""confidence"": [3.384324554477539e-17, 0.39033428790216534], ""p_value"": 0.6067840000000001, ""solo_contingency"": [[0, 6], [383, 24268]], ""contingency"": [[0, 6], [7558, 33977]]}",{}
NC00962.3,EMB-0.2-0.95,0.0,GARC1,RUS,EMB,embB@Q112H,U,{},"{""proportion"": 0.0, ""confidence"": [0.0, 0.7934506856227626], ""p_value"": 1.0, ""solo_contingency"": [[0, 1], [383, 24268]], ""contingency"": [[0, 1], [7558, 33982]]}",{}
NC00962.3,EMB-0.2-0.95,0.0,GARC1,RUS,EMB,embB@G294S,U,{},"{""proportion"": 0.0, ""confidence"": [0.0, 0.7934506856227626], ""p_value"": 1.0, ""solo_contingency"": [[0, 1], [383, 24268]], ""contingency"": [[6, 1], [7552, 33982]]}",{}
NC00962.3,EMB-0.2-0.95,0.0,GARC1,RUS,EMB,embA@S20A,U,{},"{""proportion"": 0.0, ""confidence"": [0.0, 0.43448246478317476], ""p_value"": 0.5904, ""solo_contingency"": [[0, 5], [383, 24268]], ""contingency"": [[0, 6], [7558, 33977]]}",{}
NC00962.3,EMB-0.2-0.95,0.0,GARC1,RUS,EMB,embB@A201E,U,{},"{""proportion"": 0.0, ""confidence"": [0.0, 0.4898908364545973], ""p_value"": 1.0, ""solo_contingency"": [[0, 4], [383, 24268]], ""contingency"": [[0, 4], [7558, 33979]]}",{}
NC00962.3,EMB-0.2-0.95,0.0,GARC1,RUS,EMB,embA@G547R,U,{},"{""proportion"": 0.0, ""confidence"": [0.0, 0.7934506856227626], ""p_value"": 1.0, ""solo_contingency"": [[0, 1], [383, 24268]], ""contingency"": [[0, 1], [7558, 33982]]}",{}
NC00962.3,EMB-0.2-0.95,0.0,GARC1,RUS,EMB,embB@P136A,U,{},"{""proportion"": 0.0, ""confidence"": [0.0, 0.7934506856227626], ""p_value"": 1.0, ""solo_contingency"": [[0, 1], [383, 24268]], ""contingency"": [[0, 1], [7558, 33982]]}",{}
NC00962.3,EMB-0.2-0.95,0.0,GARC1,RUS,EMB,embA@S516P,U,{},"{""proportion"": 0.0, ""confidence"": [0.0, 0.7934506856227626], ""p_value"": 1.0, ""solo_contingency"": [[0, 1], [383, 24268]], ""contingency"": [[0, 1], [7558, 33982]]}",{}
NC00962.3,EMB-0.2-0.95,0.0,GARC1,RUS,EMB,embA@-35_del_a,U,{},"{""proportion"": 0.5, ""confidence"": [0.09453120573423071, 0.9054687942657693], ""p_value"": 0.3600000000000001, ""solo_contingency"": [[1, 1], [383, 24268]], ""contingency"": [[1, 1], [7557, 33982]]}",{}
NC00962.3,EMB-0.2-0.95,0.0,GARC1,RUS,EMB,embA@G543R,U,{},"{""proportion"": 0.0, ""confidence"": [0.0, 0.7934506856227626], ""p_value"": 1.0, ""solo_contingency"": [[0, 1], [383, 24268]], ""contingency"": [[0, 1], [7558, 33982]]}",{}
NC00962.3,EMB-0.2-0.95,0.0,GARC1,RUS,EMB,embB@G175S,U,{},"{""proportion"": 0.0, ""confidence"": [0.0, 0.7934506856227626], ""p_value"": 1.0, ""solo_contingency"": [[0, 1], [383, 24268]], ""contingency"": [[0, 1], [7558, 33982]]}",{}
NC00962.3,EMB-0.2-0.95,0.0,GARC1,RUS,EMB,embB@G486A,U,{},"{""proportion"": 0.0, ""confidence"": [0.0, 0.7934506856227626], ""p_value"": 1.0, ""solo_contingency"": [[0, 1], [383, 24268]], ""contingency"": [[0, 1], [7558, 33982]]}",{}
NC00962.3,EMB-0.2-0.95,0.0,GARC1,RUS,EMB,embB@G851R,U,{},"{""proportion"": 0.0, ""confidence"": [0.0, 0.7934506856227626], ""p_value"": 1.0, ""solo_contingency"": [[0, 1], [383, 24268]], ""contingency"": [[0, 1], [7558, 33982]]}",{}
NC00962.3,EMB-0.2-0.95,0.0,GARC1,RUS,EMB,embB@W1089R,U,{},"{""proportion"": 0.0, ""confidence"": [0.0, 0.7934506856227626], ""p_value"": 1.0, ""solo_contingency"": [[0, 1], [383, 24268]], ""contingency"": [[2, 2], [7556, 33981]]}",{}
NC00962.3,EMB-0.2-0.95,0.0,GARC1,RUS,EMB,embB@F115S,U,{},"{""proportion"": 0.0, ""confidence"": [0.0, 0.7934506856227626], ""p_value"": 1.0, ""solo_contingency"": [[0, 1], [383, 24268]], ""contingency"": [[0, 1], [7558, 33982]]}",{}
NC00962.3,EMB-0.2-0.95,0.0,GARC1,RUS,EMB,embA@R1091G,U,{},"{""proportion"": 0.0, ""confidence"": [0.0, 0.7934506856227626], ""p_value"": 1.0, ""solo_contingency"": [[0, 1], [383, 24268]], ""contingency"": [[0, 1], [7558, 33982]]}",{}
NC00962.3,EMB-0.2-0.95,0.0,GARC1,RUS,EMB,embB@L17S,U,{},"{""proportion"": 0.0, ""confidence"": [0.0, 0.7934506856227626], ""p_value"": 1.0, ""solo_contingency"": [[0, 1], [383, 24268]], ""contingency"": [[0, 1], [7558, 33982]]}",{}
NC00962.3,EMB-0.2-0.95,0.0,GARC1,RUS,EMB,embA@M218I,U,{},"{""proportion"": 0.0, ""confidence"": [0.0, 0.7934506856227626], ""p_value"": 1.0, ""solo_contingency"": [[0, 1], [383, 24268]], ""contingency"": [[0, 1], [7558, 33982]]}",{}
NC00962.3,EMB-0.2-0.95,0.0,GARC1,RUS,EMB,embB@A94T,U,{},"{""proportion"": 0.0, ""confidence"": [0.0, 0.6576197724933469], ""p_value"": 1.0, ""solo_contingency"": [[0, 2], [383, 24268]], ""contingency"": [[0, 2], [7558, 33981]]}",{}
NC00962.3,EMB-0.2-0.95,0.0,GARC1,RUS,EMB,embA@G755V,U,{},"{""proportion"": 0.0, ""confidence"": [0.0, 0.7934506856227626], ""p_value"": 1.0, ""solo_contingency"": [[0, 1], [383, 24268]], ""contingency"": [[0, 1], [7558, 33982]]}",{}
NC00962.3,EMB-0.2-0.95,0.0,GARC1,RUS,EMB,embA@L417R,U,{},"{""proportion"": 0.0, ""confidence"": [0.0, 0.7934506856227626], ""p_value"": 1.0, ""solo_contingency"": [[0, 1], [383, 24268]], ""contingency"": [[0, 1], [7558, 33982]]}",{}
NC00962.3,EMB-0.2-0.95,0.0,GARC1,RUS,EMB,embB@S6R,U,{},"{""proportion"": 0.0, ""confidence"": [0.0, 0.4898908364545973], ""p_value"": 1.0, ""solo_contingency"": [[0, 4], [383, 24268]], ""contingency"": [[0, 4], [7558, 33979]]}",{}
NC00962.3,EMB-0.2-0.95,0.0,GARC1,RUS,EMB,embB@A386T,U,{},"{""proportion"": 0.0, ""confidence"": [0.0, 0.7934506856227626], ""p_value"": 1.0, ""solo_contingency"": [[0, 1], [383, 24268]], ""contingency"": [[0, 1], [7558, 33982]]}",{}
NC00962.3,EMB-0.2-0.95,0.0,GARC1,RUS,EMB,embA@T1080P,U,{},"{""proportion"": 1.0, ""confidence"": [0.20654931437723742, 1.0], ""p_value"": 0.2, ""solo_contingency"": [[1, 0], [383, 24268]], ""contingency"": [[1, 0], [7557, 33983]]}",{}
NC00962.3,EMB-0.2-0.95,0.0,GARC1,RUS,EMB,embA@H10N,U,{},"{""proportion"": 0.0, ""confidence"": [0.0, 0.7934506856227626], ""p_value"": 1.0, ""solo_contingency"": [[0, 1], [383, 24268]], ""contingency"": [[0, 1], [7558, 33982]]}",{}
NC00962.3,EMB-0.2-0.95,0.0,GARC1,RUS,EMB,embA@T652R,U,{},"{""proportion"": 0.0, ""confidence"": [0.0, 0.7934506856227626], ""p_value"": 1.0, ""solo_contingency"": [[0, 1], [383, 24268]], ""contingency"": [[3, 1], [7555, 33982]]}",{}
NC00962.3,EMB-0.2-0.95,0.0,GARC1,RUS,EMB,embB@I407T,U,{},"{""proportion"": 0.0, ""confidence"": [0.0, 0.7934506856227626], ""p_value"": 1.0, ""solo_contingency"": [[0, 1], [383, 24268]], ""contingency"": [[0, 1], [7558, 33982]]}",{}
NC00962.3,EMB-0.2-0.95,0.0,GARC1,RUS,EMB,embB@A485T,U,{},"{""proportion"": 0.0, ""confidence"": [0.0, 0.7934506856227626], ""p_value"": 1.0, ""solo_contingency"": [[0, 1], [383, 24268]], ""contingency"": [[0, 1], [7558, 33982]]}",{}
NC00962.3,EMB-0.2-0.95,0.0,GARC1,RUS,EMB,embA@Y635C,U,{},"{""proportion"": 1.0, ""confidence"": [0.20654931437723742, 1.0], ""p_value"": 0.2, ""solo_contingency"": [[1, 0], [383, 24268]], ""contingency"": [[1, 0], [7557, 33983]]}",{}
NC00962.3,EMB-0.2-0.95,0.0,GARC1,RUS,EMB,embA@N722D,U,{},"{""proportion"": 0.0, ""confidence"": [0.0, 0.7934506856227626], ""p_value"": 1.0, ""solo_contingency"": [[0, 1], [383, 24268]], ""contingency"": [[0, 1], [7558, 33982]]}",{}
NC00962.3,EMB-0.2-0.95,0.0,GARC1,RUS,EMB,embA@-*_indel,U,{},"{""default_rule"": ""True""}",{}
NC00962.3,EMB-0.2-0.95,0.0,GARC1,RUS,EMB,embA@*_indel,U,{},"{""default_rule"": ""True""}",{}
NC00962.3,EMB-0.2-0.95,0.0,GARC1,RUS,EMB,embA@-*?,U,{},"{""default_rule"": ""True""}",{}
NC00962.3,EMB-0.2-0.95,0.0,GARC1,RUS,EMB,embA@*?,U,{},"{""default_rule"": ""True""}",{}
NC00962.3,EMB-0.2-0.95,0.0,GARC1,RUS,EMB,embA@del_0.0,U,{},"{""default_rule"": ""True""}",{}
NC00962.3,EMB-0.2-0.95,0.0,GARC1,RUS,EMB,embB@-*_indel,U,{},"{""default_rule"": ""True""}",{}
NC00962.3,EMB-0.2-0.95,0.0,GARC1,RUS,EMB,embB@*_indel,U,{},"{""default_rule"": ""True""}",{}
NC00962.3,EMB-0.2-0.95,0.0,GARC1,RUS,EMB,embB@-*?,U,{},"{""default_rule"": ""True""}",{}
NC00962.3,EMB-0.2-0.95,0.0,GARC1,RUS,EMB,embB@*?,U,{},"{""default_rule"": ""True""}",{}
NC00962.3,EMB-0.2-0.95,0.0,GARC1,RUS,EMB,embB@del_0.0,U,{},"{""default_rule"": ""True""}",{}
