,GENBANK_REFERENCE,CATALOGUE_NAME,CATALOGUE_VERSION,CATALOGUE_GRAMMAR,PREDICTION_VALUES,DRUG,MUTATION,PREDICTION,SOURCE,EVIDENCE,OTHER
0,NC00962.3,EMB-0.25-0.9-0.7,0.0,GARC1,RUS,EMB,embB@T1082A,S,{},"{""proportion"": 0.03, ""confidence"": [0.012051814249279914, 0.07271034328690394], ""p_value"": 4.063647435963336e-09, ""contingency"": [[3, 97], [299, 21391]]}",{}
1,NC00962.3,EMB-0.25-0.9-0.7,0.0,GARC1,RUS,EMB,embA@c-59a,S,{},"{""proportion"": 0.0, ""confidence"": [0.0, 0.21294197008340696], ""p_value"": 0.07604122161865237, ""contingency"": [[0, 10], [299, 21391]]}",{}
2,NC00962.3,EMB-0.25-0.9-0.7,0.0,GARC1,RUS,EMB,embB@A313V,S,{},"{""proportion"": 0.0, ""confidence"": [0.0, 0.21294197008340696], ""p_value"": 0.07604122161865237, ""contingency"": [[0, 10], [299, 21391]]}",{}
3,NC00962.3,EMB-0.25-0.9-0.7,0.0,GARC1,RUS,EMB,embA@G158D,S,{},"{""proportion"": 0.0, ""confidence"": [-1.1138242448922617e-17, 0.19740504731951777], ""p_value"": 0.07656264305114746, ""contingency"": [[0, 11], [299, 21391]]}",{}
4,NC00962.3,EMB-0.25-0.9-0.7,0.0,GARC1,RUS,EMB,embA@T608N,S,{},"{""proportion"": 0.07142857142857142, ""confidence"": [0.02392558085477045, 0.19445659707737253], ""p_value"": 0.027852023735285877, ""contingency"": [[2, 26], [299, 21391]]}",{}
5,NC00962.3,EMB-0.25-0.9-0.7,0.0,GARC1,RUS,EMB,embA@Y296H,S,{},"{""proportion"": 0.0, ""confidence"": [0.0, 0.14463859126760936], ""p_value"": 0.017492316197603944, ""contingency"": [[0, 16], [299, 21391]]}",{}
6,NC00962.3,EMB-0.25-0.9-0.7,0.0,GARC1,RUS,EMB,embB@S773P,S,{},"{""proportion"": 0.0, ""confidence"": [0.0, 0.08026998460298297], ""p_value"": 0.0002254225340144896, ""contingency"": [[0, 31], [299, 21391]]}",{}
7,NC00962.3,EMB-0.25-0.9-0.7,0.0,GARC1,RUS,EMB,embB@L402V,S,{},"{""proportion"": 0.0, ""confidence"": [0.0, 0.1839811947474769], ""p_value"": 0.04592913389205933, ""contingency"": [[0, 12], [299, 21391]]}",{}
8,NC00962.3,EMB-0.25-0.9-0.7,0.0,GARC1,RUS,EMB,embB@S203L,S,{},"{""proportion"": 0.0, ""confidence"": [-6.453860564880636e-18, 0.06990067087687772], ""p_value"": 5.349402118172382e-05, ""contingency"": [[0, 36], [299, 21391]]}",{}
9,NC00962.3,EMB-0.25-0.9-0.7,0.0,GARC1,RUS,EMB,embB@E378A,S,{},"{""proportion"": 0.0, ""confidence"": [0.0, 0.16195483023523788], ""p_value"": 0.02812748029828072, ""contingency"": [[0, 14], [299, 21391]]}",{}
10,NC00962.3,EMB-0.25-0.9-0.7,0.0,GARC1,RUS,EMB,embA@E951D,S,{},"{""proportion"": 0.00980392156862745, ""confidence"": [0.002190225966933262, 0.04275050304192192], ""p_value"": 1.4125382463770346e-11, ""contingency"": [[1, 101], [299, 21391]]}",{}
11,NC00962.3,EMB-0.25-0.9-0.7,0.0,GARC1,RUS,EMB,embA@D176E,S,{},"{""proportion"": 0.03571428571428571, ""confidence"": [0.008008327686396158, 0.14523903174009206], ""p_value"": 0.0070619963297225, ""contingency"": [[1, 27], [299, 21391]]}",{}
12,NC00962.3,EMB-0.25-0.9-0.7,0.0,GARC1,RUS,EMB,embB@G246R,S,{},"{""proportion"": 0.05714285714285714, ""confidence"": [0.019093389655223388, 0.15874633468820296], ""p_value"": 0.005523208550636249, ""contingency"": [[2, 33], [299, 21391]]}",{}
13,NC00962.3,EMB-0.25-0.9-0.7,0.0,GARC1,RUS,EMB,embA@A84S,S,{},"{""proportion"": 0.0, ""confidence"": [-1.1138242448922617e-17, 0.19740504731951777], ""p_value"": 0.07656264305114746, ""contingency"": [[0, 11], [299, 21391]]}",{}
14,NC00962.3,EMB-0.25-0.9-0.7,0.0,GARC1,RUS,EMB,embB@R24P,S,{},"{""proportion"": 0.0, ""confidence"": [0.0, 0.13729859622486673], ""p_value"": 0.010617725958582017, ""contingency"": [[0, 17], [299, 21391]]}",{}
15,NC00962.3,EMB-0.25-0.9-0.7,0.0,GARC1,RUS,EMB,embB@C361S,S,{},"{""proportion"": 0.02857142857142857, ""confidence"": [0.0064000875048646185, 0.11839703840910538], ""p_value"": 0.0007361426069999998, ""contingency"": [[1, 34], [299, 21391]]}",{}
16,NC00962.3,EMB-0.25-0.9-0.7,0.0,GARC1,RUS,EMB,embB@L370R,S,{},"{""proportion"": 0.0, ""confidence"": [0.0, 0.1141312562327272], ""p_value"": 0.004065488054720845, ""contingency"": [[0, 21], [299, 21391]]}",{}
17,NC00962.3,EMB-0.25-0.9-0.7,0.0,GARC1,RUS,EMB,embA@G884D,S,{},"{""proportion"": 0.0, ""confidence"": [0.0, 0.1839811947474769], ""p_value"": 0.04592913389205933, ""contingency"": [[0, 12], [299, 21391]]}",{}
18,NC00962.3,EMB-0.25-0.9-0.7,0.0,GARC1,RUS,EMB,embA@L373P,S,{},"{""proportion"": 0.0, ""confidence"": [0.0, 0.09425160190476774], ""p_value"": 0.0009542497576016112, ""contingency"": [[0, 26], [299, 21391]]}",{}
19,NC00962.3,EMB-0.25-0.9-0.7,0.0,GARC1,RUS,EMB,embA@V31A,S,{},"{""proportion"": 0.0, ""confidence"": [-6.2612865863866736e-18, 0.09765350600605095], ""p_value"": 0.0016683748994763552, ""contingency"": [[0, 25], [299, 21391]]}",{}
20,NC00962.3,EMB-0.25-0.9-0.7,0.0,GARC1,RUS,EMB,embA@g-17a,S,{},"{""proportion"": 0.05263157894736842, ""confidence"": [0.011830636171440975, 0.2049593034145945], ""p_value"": 0.05975523548841011, ""contingency"": [[1, 18], [299, 21391]]}",{}
21,NC00962.3,EMB-0.25-0.9-0.7,0.0,GARC1,RUS,EMB,embB@I709T,S,{},"{""proportion"": 0.0, ""confidence"": [0.0, 0.16195483023523788], ""p_value"": 0.02812748029828072, ""contingency"": [[0, 14], [299, 21391]]}",{}
22,NC00962.3,EMB-0.25-0.9-0.7,0.0,GARC1,RUS,EMB,embB@P731L,S,{},"{""proportion"": 0.0, ""confidence"": [6.346774137609585e-18, 0.08533345148341674], ""p_value"": 0.0003599573412089791, ""contingency"": [[0, 29], [299, 21391]]}",{}
23,NC00962.3,EMB-0.25-0.9-0.7,0.0,GARC1,RUS,EMB,embA@Q1004P,S,{},"{""proportion"": 0.0, ""confidence"": [0.0, 0.15280770461014012], ""p_value"": 0.030663299374282364, ""contingency"": [[0, 15], [299, 21391]]}",{}
24,NC00962.3,EMB-0.25-0.9-0.7,0.0,GARC1,RUS,EMB,embA@g-76c,S,{},"{""proportion"": 0.06896551724137931, ""confidence"": [0.0230907224042537, 0.1884036323228297], ""p_value"": 0.029061929232975115, ""contingency"": [[2, 27], [299, 21391]]}",{}
25,NC00962.3,EMB-0.25-0.9-0.7,0.0,GARC1,RUS,EMB,embA@L233M,S,{},"{""proportion"": 0.0, ""confidence"": [-1.1138242448922617e-17, 0.19740504731951777], ""p_value"": 0.07656264305114746, ""contingency"": [[0, 11], [299, 21391]]}",{}
26,NC00962.3,EMB-0.25-0.9-0.7,0.0,GARC1,RUS,EMB,embA@K166N,S,{},"{""proportion"": 0.0, ""confidence"": [0.0, 0.11915783736096446], ""p_value"": 0.007113353603017462, ""contingency"": [[0, 20], [299, 21391]]}",{}
27,NC00962.3,EMB-0.25-0.9-0.7,0.0,GARC1,RUS,EMB,embB@R620C,S,{},"{""proportion"": 0.0, ""confidence"": [0.0, 0.1839811947474769], ""p_value"": 0.04592913389205933, ""contingency"": [[0, 12], [299, 21391]]}",{}
28,NC00962.3,EMB-0.25-0.9-0.7,0.0,GARC1,RUS,EMB,embB@E951Q,S,{},"{""proportion"": 0.0, ""confidence"": [0.0, 0.172266783508845], ""p_value"": 0.048047408461570754, ""contingency"": [[0, 13], [299, 21391]]}",{}
29,NC00962.3,EMB-0.25-0.9-0.7,0.0,GARC1,RUS,EMB,embA@V558L,S,{},"{""proportion"": 0.0, ""confidence"": [-1.1138242448922617e-17, 0.19740504731951777], ""p_value"": 0.07656264305114746, ""contingency"": [[0, 11], [299, 21391]]}",{}
30,NC00962.3,EMB-0.25-0.9-0.7,0.0,GARC1,RUS,EMB,embA@A852T,S,{},"{""proportion"": 0.0, ""confidence"": [0.0, 0.10525136178999416], ""p_value"": 0.002580968695056641, ""contingency"": [[0, 23], [299, 21391]]}",{}
31,NC00962.3,EMB-0.25-0.9-0.7,0.0,GARC1,RUS,EMB,embA@G596S,S,{},"{""proportion"": 0.0, ""confidence"": [0.0, 0.21294197008340696], ""p_value"": 0.07604122161865237, ""contingency"": [[0, 10], [299, 21391]]}",{}
32,NC00962.3,EMB-0.25-0.9-0.7,0.0,GARC1,RUS,EMB,embA@L505F,S,{},"{""proportion"": 0.0, ""confidence"": [0.0, 0.21294197008340696], ""p_value"": 0.07604122161865237, ""contingency"": [[0, 10], [299, 21391]]}",{}
33,NC00962.3,EMB-0.25-0.9-0.7,0.0,GARC1,RUS,EMB,embB@R213Q,S,{},"{""proportion"": 0.0, ""confidence"": [0.0, 0.022230240113227724], ""p_value"": 2.578714320684935e-15, ""contingency"": [[0, 119], [299, 21391]]}",{}
34,NC00962.3,EMB-0.25-0.9-0.7,0.0,GARC1,RUS,EMB,embA@G451R,S,{},"{""proportion"": 0.0, ""confidence"": [0.0, 0.16195483023523788], ""p_value"": 0.02812748029828072, ""contingency"": [[0, 14], [299, 21391]]}",{}
35,NC00962.3,EMB-0.25-0.9-0.7,0.0,GARC1,RUS,EMB,embA@P913S,S,{},"{""proportion"": 0.004325259515570935, ""confidence"": [0.0021069657010520573, 0.008858325287562922], ""p_value"": 3.499825047661502e-134, ""contingency"": [[5, 1151], [312, 22307]]}",{}
36,NC00962.3,EMB-0.25-0.9-0.7,0.0,GARC1,RUS,EMB,embA@c-16g,S,{},"{""proportion"": 0.12195121951219512, ""confidence"": [0.06064086246531975, 0.23006696198812132], ""p_value"": 0.06975902195117001, ""contingency"": [[5, 36], [312, 22307]]}",{}
37,NC00962.3,EMB-0.25-0.9-0.7,0.0,GARC1,RUS,EMB,embA@T308A,S,{},"{""proportion"": 0.0, ""confidence"": [0.0, 0.06646621625741261], ""p_value"": 3.423563710801432e-05, ""contingency"": [[0, 38], [312, 22307]]}",{}
38,NC00962.3,EMB-0.25-0.9-0.7,0.0,GARC1,RUS,EMB,embB@N13S,S,{},"{""proportion"": 0.014492753623188406, ""confidence"": [0.005806474154601772, 0.03570670337377891], ""p_value"": 1.316849655497497e-21, ""contingency"": [[3, 204], [312, 22307]]}",{}
39,NC00962.3,EMB-0.25-0.9-0.7,0.0,GARC1,RUS,EMB,embA@P383S,S,{},"{""proportion"": 0.0, ""confidence"": [0.0, 0.048568657378326024], ""p_value"": 4.6959295955903973e-07, ""contingency"": [[0, 53], [312, 22307]]}",{}
40,NC00962.3,EMB-0.25-0.9-0.7,0.0,GARC1,RUS,EMB,embA@V206M,S,{},"{""proportion"": 0.006632277081798084, ""confidence"": [0.003862563878876893, 0.011365397464500864], ""p_value"": 1.1775479143969266e-151, ""contingency"": [[9, 1348], [325, 23789]]}",{}
41,NC00962.3,EMB-0.25-0.9-0.7,0.0,GARC1,RUS,EMB,embB@V668I,S,{},"{""proportion"": 0.0, ""confidence"": [-6.179004569140675e-18, 0.10951159439671897], ""p_value"": 0.0024842959446118593, ""contingency"": [[0, 22], [325, 23789]]}",{}
42,NC00962.3,EMB-0.25-0.9-0.7,0.0,GARC1,RUS,EMB,embA@A1015T,S,{},"{""proportion"": 0.0, ""confidence"": [0.0, 0.1141312562327272], ""p_value"": 0.004065488054720845, ""contingency"": [[0, 21], [325, 23789]]}",{}
43,NC00962.3,EMB-0.25-0.9-0.7,0.0,GARC1,RUS,EMB,embB@R741W,S,{},"{""proportion"": 0.0, ""confidence"": [0.0, 0.16195483023523788], ""p_value"": 0.02812748029828072, ""contingency"": [[0, 14], [325, 23789]]}",{}
44,NC00962.3,EMB-0.25-0.9-0.7,0.0,GARC1,RUS,EMB,embB@V283M,S,{},"{""proportion"": 0.0, ""confidence"": [0.0, 0.1839811947474769], ""p_value"": 0.04592913389205933, ""contingency"": [[0, 12], [325, 23789]]}",{}
45,NC00962.3,EMB-0.25-0.9-0.7,0.0,GARC1,RUS,EMB,embB@T279P,S,{},"{""proportion"": 0.0, ""confidence"": [0.0, 0.21294197008340696], ""p_value"": 0.07604122161865237, ""contingency"": [[0, 10], [325, 23789]]}",{}
46,NC00962.3,EMB-0.25-0.9-0.7,0.0,GARC1,RUS,EMB,embB@S1054P,S,{},"{""proportion"": 0.0, ""confidence"": [0.0, 0.08811254092083347], ""p_value"": 0.0006076026348967452, ""contingency"": [[0, 28], [334, 25216]]}",{}
47,NC00962.3,EMB-0.25-0.9-0.7,0.0,GARC1,RUS,EMB,embA@P901L,S,{},"{""proportion"": 0.038461538461538464, ""confidence"": [0.00862776690656984, 0.15529678869783117], ""p_value"": 0.010667350611231141, ""contingency"": [[1, 25], [334, 25216]]}",{}
48,NC00962.3,EMB-0.25-0.9-0.7,0.0,GARC1,RUS,EMB,embA@A312V,S,{},"{""proportion"": 0.041666666666666664, ""confidence"": [0.009351070046073289, 0.16684992965212966], ""p_value"": 0.0162301715058355, ""contingency"": [[1, 23], [334, 25216]]}",{}
49,NC00962.3,EMB-0.25-0.9-0.7,0.0,GARC1,RUS,EMB,embA@W306R,S,{},"{""proportion"": 0.0, ""confidence"": [0.0, 0.21294197008340696], ""p_value"": 0.07604122161865237, ""contingency"": [[0, 10], [334, 25216]]}",{}
50,NC00962.3,EMB-0.25-0.9-0.7,0.0,GARC1,RUS,EMB,embB@K561R,S,{},"{""proportion"": 0.0, ""confidence"": [0.0, 0.21294197008340696], ""p_value"": 0.07604122161865237, ""contingency"": [[0, 10], [334, 25216]]}",{}
1090,NC00962.3,EMB-0.25-0.9-0.7,0.0,GARC1,RUS,EMB,embA@*=,S,{},"{""default_rule"": ""True""}",{}
1096,NC00962.3,EMB-0.25-0.9-0.7,0.0,GARC1,RUS,EMB,embB@*=,S,{},"{""default_rule"": ""True""}",{}
51,NC00962.3,EMB-0.25-0.9-0.7,0.0,GARC1,RUS,EMB,embB@M306V,R,{},"{""proportion"": 0.7769385699899295, ""confidence"": [0.7612022647008911, 0.7919213506179751], ""p_value"": 0.0, ""contingency"": [[1543, 443], [336, 25312]]}",{}
52,NC00962.3,EMB-0.25-0.9-0.7,0.0,GARC1,RUS,EMB,embB@G406A,R,{},"{""proportion"": 0.4795539033457249, ""confidence"": [0.4299048511235064, 0.5296101449264049], ""p_value"": 5.587580710846076e-16, ""contingency"": [[129, 140], [336, 25312]]}",{}
53,NC00962.3,EMB-0.25-0.9-0.7,0.0,GARC1,RUS,EMB,embB@M306I,R,{},"{""proportion"": 0.508147254073627, ""confidence"": [0.4879491859828474, 0.5283187599226709], ""p_value"": 3.118455916509769e-112, ""contingency"": [[842, 815], [336, 25312]]}",{}
54,NC00962.3,EMB-0.25-0.9-0.7,0.0,GARC1,RUS,EMB,embB@Q497R,R,{},"{""proportion"": 0.7305605786618445, ""confidence"": [0.6984603761500219, 0.7604157372948759], ""p_value"": 5.432844827771368e-124, ""contingency"": [[404, 149], [336, 25312]]}",{}
56,NC00962.3,EMB-0.25-0.9-0.7,0.0,GARC1,RUS,EMB,embB@G406D,R,{},"{""proportion"": 0.38190954773869346, ""confidence"": [0.32720154207920993, 0.439785526321831], ""p_value"": 3.7981337690483996e-05, ""contingency"": [[76, 123], [336, 25312]]}",{}
59,NC00962.3,EMB-0.25-0.9-0.7,0.0,GARC1,RUS,EMB,embB@Q497K,R,{},"{""proportion"": 0.5303030303030303, ""confidence"": [0.43006444377497804, 0.6281550214807263], ""p_value"": 1.141111195576789e-06, ""contingency"": [[35, 31], [336, 25312]]}",{}
60,NC00962.3,EMB-0.25-0.9-0.7,0.0,GARC1,RUS,EMB,embB@D354A,R,{},"{""proportion"": 0.5091463414634146, ""confidence"": [0.4638542330928514, 0.5542887951047779], ""p_value"": 1.0964390224139068e-23, ""contingency"": [[167, 161], [336, 25312]]}",{}
61,NC00962.3,EMB-0.25-0.9-0.7,0.0,GARC1,RUS,EMB,embB@D328Y,R,{},"{""proportion"": 0.7647058823529411, ""confidence"": [0.5670391262633588, 0.8896851463234763], ""p_value"": 1.2364238500595093e-05, ""contingency"": [[13, 4], [336, 25312]]}",{}
67,NC00962.3,EMB-0.25-0.9-0.7,0.0,GARC1,RUS,EMB,embB@Y319S,R,{},"{""proportion"": 0.8210526315789474, ""confidence"": [0.7709039659330263, 0.8621862805292492], ""p_value"": 3.202681793406109e-61, ""contingency"": [[156, 34], [336, 25312]]}",{}
69,NC00962.3,EMB-0.25-0.9-0.7,0.0,GARC1,RUS,EMB,embB@M306L,R,{},"{""proportion"": 0.7538461538461538, ""confidence"": [0.6569957085822702, 0.8304089900060235], ""p_value"": 2.2916313264190016e-17, ""contingency"": [[49, 16], [336, 25312]]}",{}
71,NC00962.3,EMB-0.25-0.9-0.7,0.0,GARC1,RUS,EMB,embB@H1002R,R,{},"{""proportion"": 0.3888888888888889, ""confidence"": [0.2675335222195529, 0.5257777379753088], ""p_value"": 0.08029714582816205, ""contingency"": [[14, 22], [336, 25312]]}",{}
82,NC00962.3,EMB-0.25-0.9-0.7,0.0,GARC1,RUS,EMB,embB@F330S,R,{},"{""proportion"": 0.75, ""confidence"": [0.3561680085985064, 0.9420926788001412], ""p_value"": 0.05078125, ""contingency"": [[3, 1], [336, 25312]]}",{}
85,NC00962.3,EMB-0.25-0.9-0.7,0.0,GARC1,RUS,EMB,embB@G406S,R,{},"{""proportion"": 0.5, ""confidence"": [0.4126783606032322, 0.5873216393967677], ""p_value"": 6.106874713146538e-07, ""contingency"": [[43, 43], [336, 25312]]}",{}
87,NC00962.3,EMB-0.25-0.9-0.7,0.0,GARC1,RUS,EMB,embB@G406C,R,{},"{""proportion"": 0.40625, ""confidence"": [0.2762357975274496, 0.550881158357822], ""p_value"": 0.06291275809545452, ""contingency"": [[13, 19], [336, 25312]]}",{}
90,NC00962.3,EMB-0.25-0.9-0.7,0.0,GARC1,RUS,EMB,embB@T642A,R,{},"{""proportion"": 0.75, ""confidence"": [0.3561680085985064, 0.9420926788001412], ""p_value"": 0.05078125, ""contingency"": [[3, 1], [336, 25312]]}",{}
231,NC00962.3,EMB-0.25-0.9-0.7,0.0,GARC1,RUS,EMB,embB@D328V,R,{},"{""proportion"": 1.0, ""confidence"": [0.4250306090063464, 1.0], ""p_value"": 0.0625, ""contingency"": [[2, 0], [336, 25312]]}",{}
239,NC00962.3,EMB-0.25-0.9-0.7,0.0,GARC1,RUS,EMB,embB@S347T,R,{},"{""proportion"": 1.0, ""confidence"": [0.4250306090063464, 1.0], ""p_value"": 0.0625, ""contingency"": [[2, 0], [336, 25312]]}",{}
443,NC00962.3,EMB-0.25-0.9-0.7,0.0,GARC1,RUS,EMB,embB@D328F,R,{},"{""proportion"": 1.0, ""confidence"": [0.4250306090063464, 1.0], ""p_value"": 0.0625, ""contingency"": [[2, 0], [336, 25312]]}",{}
55,NC00962.3,EMB-0.25-0.9-0.7,0.0,GARC1,RUS,EMB,embB@S297A,U,{},"{""proportion"": 0.21428571428571427, ""confidence"": [0.15764759425123817, 0.2844020393341475], ""p_value"": 0.44510588274493945, ""contingency"": [[24, 88], [336, 25312]]}",{}
57,NC00962.3,EMB-0.25-0.9-0.7,0.0,GARC1,RUS,EMB,embB@Q497P,U,{},"{""proportion"": 0.25, ""confidence"": [0.11755580446533707, 0.4547634911684676], ""p_value"": 1.0, ""contingency"": [[4, 12], [336, 25312]]}",{}
58,NC00962.3,EMB-0.25-0.9-0.7,0.0,GARC1,RUS,EMB,embA@c-8t,U,{},"{""proportion"": 0.0, ""confidence"": [0.0, 0.40347862520270455], ""p_value"": 0.578125, ""contingency"": [[0, 4], [336, 25312]]}",{}
62,NC00962.3,EMB-0.25-0.9-0.7,0.0,GARC1,RUS,EMB,embB@N296H,U,{},"{""proportion"": 0.19047619047619047, ""confidence"": [0.11080786185483789, 0.30760878200729647], ""p_value"": 0.4764923725384553, ""contingency"": [[8, 34], [336, 25312]]}",{}
63,NC00962.3,EMB-0.25-0.9-0.7,0.0,GARC1,RUS,EMB,embA@A320T,U,{},"{""proportion"": 0.0, ""confidence"": [0.0, 0.5749693909936535], ""p_value"": 1.0, ""contingency"": [[0, 2], [336, 25312]]}",{}
64,NC00962.3,EMB-0.25-0.9-0.7,0.0,GARC1,RUS,EMB,embA@T420M,U,{},"{""proportion"": 0.0, ""confidence"": [0.0, 0.7301340512159458], ""p_value"": 1.0, ""contingency"": [[0, 1], [336, 25312]]}",{}
65,NC00962.3,EMB-0.25-0.9-0.7,0.0,GARC1,RUS,EMB,embA@T604R,U,{},"{""proportion"": 0.0, ""confidence"": [0.0, 0.5749693909936535], ""p_value"": 1.0, ""contingency"": [[0, 2], [336, 25312]]}",{}
66,NC00962.3,EMB-0.25-0.9-0.7,0.0,GARC1,RUS,EMB,embA@W495C,U,{},"{""proportion"": 0.0, ""confidence"": [0.0, 0.7301340512159458], ""p_value"": 1.0, ""contingency"": [[0, 1], [336, 25312]]}",{}
68,NC00962.3,EMB-0.25-0.9-0.7,0.0,GARC1,RUS,EMB,embB@R620P,U,{},"{""proportion"": 0.0, ""confidence"": [0.0, 0.3511165007651012], ""p_value"": 0.34082031250000006, ""contingency"": [[0, 5], [336, 25312]]}",{}
70,NC00962.3,EMB-0.25-0.9-0.7,0.0,GARC1,RUS,EMB,embA@P934S,U,{},"{""proportion"": 0.0, ""confidence"": [0.0, 0.7301340512159458], ""p_value"": 1.0, ""contingency"": [[0, 1], [336, 25312]]}",{}
72,NC00962.3,EMB-0.25-0.9-0.7,0.0,GARC1,RUS,EMB,embB@P832S,U,{},"{""proportion"": 0.0, ""confidence"": [0.0, 0.278762695452542], ""p_value"": 0.20404052734375, ""contingency"": [[0, 7], [336, 25312]]}",{}
73,NC00962.3,EMB-0.25-0.9-0.7,0.0,GARC1,RUS,EMB,embB@T811A,U,{},"{""proportion"": 0.0, ""confidence"": [0.0, 0.25272359742376316], ""p_value"": 0.21392822265625003, ""contingency"": [[0, 8], [336, 25312]]}",{}
74,NC00962.3,EMB-0.25-0.9-0.7,0.0,GARC1,RUS,EMB,embA@c-8a,U,{},"{""proportion"": 0.21428571428571427, ""confidence"": [0.11508606633744234, 0.3638353856173196], ""p_value"": 0.828116983756619, ""contingency"": [[6, 22], [336, 25312]]}",{}
75,NC00962.3,EMB-0.25-0.9-0.7,0.0,GARC1,RUS,EMB,embA@g-43c,U,{},"{""proportion"": 0.1956521739130435, ""confidence"": [0.11754419279197288, 0.3075725800782492], ""p_value"": 0.49635234178639065, ""contingency"": [[9, 37], [336, 25312]]}",{}
76,NC00962.3,EMB-0.25-0.9-0.7,0.0,GARC1,RUS,EMB,embB@D1024N,U,{},"{""proportion"": 0.24615384615384617, ""confidence"": [0.16959100999397644, 0.34300429141772976], ""p_value"": 1.0, ""contingency"": [[16, 49], [336, 25312]]}",{}
77,NC00962.3,EMB-0.25-0.9-0.7,0.0,GARC1,RUS,EMB,embA@c-12t,U,{},"{""proportion"": 0.2948717948717949, ""confidence"": [0.217977296649019, 0.38551958063548486], ""p_value"": 0.36104530310352145, ""contingency"": [[23, 55], [336, 25312]]}",{}
78,NC00962.3,EMB-0.25-0.9-0.7,0.0,GARC1,RUS,EMB,embA@D1071E,U,{},"{""proportion"": 0.0, ""confidence"": [0.0, 0.7301340512159458], ""p_value"": 1.0, ""contingency"": [[0, 1], [336, 25312]]}",{}
79,NC00962.3,EMB-0.25-0.9-0.7,0.0,GARC1,RUS,EMB,embA@V339A,U,{},"{""proportion"": 0.0, ""confidence"": [0.0, 0.7301340512159458], ""p_value"": 1.0, ""contingency"": [[0, 1], [336, 25312]]}",{}
80,NC00962.3,EMB-0.25-0.9-0.7,0.0,GARC1,RUS,EMB,embA@A813T,U,{},"{""proportion"": 0.0, ""confidence"": [0.0, 0.7301340512159458], ""p_value"": 1.0, ""contingency"": [[0, 1], [336, 25312]]}",{}
81,NC00962.3,EMB-0.25-0.9-0.7,0.0,GARC1,RUS,EMB,embB@V186L,U,{},"{""proportion"": 0.0, ""confidence"": [0.0, 0.40347862520270455], ""p_value"": 0.578125, ""contingency"": [[0, 4], [336, 25312]]}",{}
83,NC00962.3,EMB-0.25-0.9-0.7,0.0,GARC1,RUS,EMB,embA@K488N,U,{},"{""proportion"": 0.0, ""confidence"": [0.0, 0.40347862520270455], ""p_value"": 0.578125, ""contingency"": [[0, 4], [336, 25312]]}",{}
84,NC00962.3,EMB-0.25-0.9-0.7,0.0,GARC1,RUS,EMB,embA@c-16a,U,{},"{""proportion"": 0.3548387096774194, ""confidence"": [0.2304326020395811, 0.502549006393543], ""p_value"": 0.21120896388655946, ""contingency"": [[11, 20], [336, 25312]]}",{}
86,NC00962.3,EMB-0.25-0.9-0.7,0.0,GARC1,RUS,EMB,embA@c-16t,U,{},"{""proportion"": 0.18309859154929578, ""confidence"": [0.11972602507774407, 0.2697364509973903], ""p_value"": 0.2187124244360429, ""contingency"": [[13, 58], [336, 25312]]}",{}
88,NC00962.3,EMB-0.25-0.9-0.7,0.0,GARC1,RUS,EMB,embA@A576T,U,{},"{""proportion"": 0.0, ""confidence"": [0.0, 0.4741955741575127], ""p_value"": 1.0, ""contingency"": [[0, 3], [336, 25312]]}",{}
89,NC00962.3,EMB-0.25-0.9-0.7,0.0,GARC1,RUS,EMB,embB@N644I,U,{},"{""proportion"": 1.0, ""confidence"": [0.26986594878405434, 1.0000000000000002], ""p_value"": 0.25, ""contingency"": [[1, 0], [336, 25312]]}",{}
91,NC00962.3,EMB-0.25-0.9-0.7,0.0,GARC1,RUS,EMB,embA@T899A,U,{},"{""proportion"": 0.0, ""confidence"": [0.0, 0.4741955741575127], ""p_value"": 1.0, ""contingency"": [[0, 3], [336, 25312]]}",{}
92,NC00962.3,EMB-0.25-0.9-0.7,0.0,GARC1,RUS,EMB,embA@T100S,U,{},"{""proportion"": 0.0, ""confidence"": [0.0, 0.5749693909936535], ""p_value"": 1.0, ""contingency"": [[0, 2], [336, 25312]]}",{}
93,NC00962.3,EMB-0.25-0.9-0.7,0.0,GARC1,RUS,EMB,embA@I338V,U,{},"{""proportion"": 0.0, ""confidence"": [0.0, 0.278762695452542], ""p_value"": 0.20404052734375, ""contingency"": [[0, 7], [336, 25312]]}",{}
94,NC00962.3,EMB-0.25-0.9-0.7,0.0,GARC1,RUS,EMB,embB@D300G,U,{},"{""proportion"": 0.0, ""confidence"": [0.0, 0.5749693909936535], ""p_value"": 1.0, ""contingency"": [[0, 2], [336, 25312]]}",{}
95,NC00962.3,EMB-0.25-0.9-0.7,0.0,GARC1,RUS,EMB,embA@I196V,U,{},"{""proportion"": 0.0, ""confidence"": [0.0, 0.7301340512159458], ""p_value"": 1.0, ""contingency"": [[0, 1], [336, 25312]]}",{}
96,NC00962.3,EMB-0.25-0.9-0.7,0.0,GARC1,RUS,EMB,embA@V391L,U,{},"{""proportion"": 0.0, ""confidence"": [0.0, 0.5749693909936535], ""p_value"": 1.0, ""contingency"": [[0, 2], [336, 25312]]}",{}
97,NC00962.3,EMB-0.25-0.9-0.7,0.0,GARC1,RUS,EMB,embB@C361Y,U,{},"{""proportion"": 1.0, ""confidence"": [0.26986594878405434, 1.0000000000000002], ""p_value"": 0.25, ""contingency"": [[1, 0], [336, 25312]]}",{}
98,NC00962.3,EMB-0.25-0.9-0.7,0.0,GARC1,RUS,EMB,embA@I905V,U,{},"{""proportion"": 0.2, ""confidence"": [0.045962453880603965, 0.5647074465784567], ""p_value"": 1.0, ""contingency"": [[1, 4], [336, 25312]]}",{}
99,NC00962.3,EMB-0.25-0.9-0.7,0.0,GARC1,RUS,EMB,embB@Y319C,U,{},"{""proportion"": 0.35, ""confidence"": [0.23907371478042383, 0.47993231981321344], ""p_value"": 0.1465057066318095, ""contingency"": [[14, 26], [336, 25312]]}",{}
100,NC00962.3,EMB-0.25-0.9-0.7,0.0,GARC1,RUS,EMB,embA@V63I,U,{},"{""proportion"": 0.0, ""confidence"": [0.0, 0.3511165007651012], ""p_value"": 0.34082031250000006, ""contingency"": [[0, 5], [336, 25312]]}",{}
101,NC00962.3,EMB-0.25-0.9-0.7,0.0,GARC1,RUS,EMB,embA@R940S,U,{},"{""proportion"": 0.0, ""confidence"": [0.0, 0.7301340512159458], ""p_value"": 1.0, ""contingency"": [[0, 1], [336, 25312]]}",{}
102,NC00962.3,EMB-0.25-0.9-0.7,0.0,GARC1,RUS,EMB,embA@g-76a,U,{},"{""proportion"": 0.0, ""confidence"": [0.0, 0.5749693909936535], ""p_value"": 1.0, ""contingency"": [[0, 2], [336, 25312]]}",{}
103,NC00962.3,EMB-0.25-0.9-0.7,0.0,GARC1,RUS,EMB,embA@C335W,U,{},"{""proportion"": 0.0, ""confidence"": [0.0, 0.25272359742376316], ""p_value"": 0.21392822265625003, ""contingency"": [[0, 8], [336, 25312]]}",{}
104,NC00962.3,EMB-0.25-0.9-0.7,0.0,GARC1,RUS,EMB,embA@G547S,U,{},"{""proportion"": 0.0, ""confidence"": [0.0, 0.40347862520270455], ""p_value"": 0.578125, ""contingency"": [[0, 4], [336, 25312]]}",{}
105,NC00962.3,EMB-0.25-0.9-0.7,0.0,GARC1,RUS,EMB,embA@A408S,U,{},"{""proportion"": 0.0, ""confidence"": [0.0, 0.25272359742376316], ""p_value"": 0.21392822265625003, ""contingency"": [[0, 8], [336, 25312]]}",{}
106,NC00962.3,EMB-0.25-0.9-0.7,0.0,GARC1,RUS,EMB,embB@T208I,U,{},"{""proportion"": 0.0, ""confidence"": [0.0, 0.5749693909936535], ""p_value"": 1.0, ""contingency"": [[0, 2], [336, 25312]]}",{}
107,NC00962.3,EMB-0.25-0.9-0.7,0.0,GARC1,RUS,EMB,embB@M423I,U,{},"{""proportion"": 0.0, ""confidence"": [0.0, 0.5749693909936535], ""p_value"": 1.0, ""contingency"": [[0, 2], [336, 25312]]}",{}
108,NC00962.3,EMB-0.25-0.9-0.7,0.0,GARC1,RUS,EMB,embB@D869G,U,{},"{""proportion"": 0.0, ""confidence"": [0.0, 0.3511165007651012], ""p_value"": 0.34082031250000006, ""contingency"": [[0, 5], [336, 25312]]}",{}
109,NC00962.3,EMB-0.25-0.9-0.7,0.0,GARC1,RUS,EMB,embA@V280I,U,{},"{""proportion"": 0.0, ""confidence"": [0.0, 0.7301340512159458], ""p_value"": 1.0, ""contingency"": [[0, 1], [336, 25312]]}",{}
110,NC00962.3,EMB-0.25-0.9-0.7,0.0,GARC1,RUS,EMB,embB@L17W,U,{},"{""proportion"": 0.0, ""confidence"": [0.0, 0.5749693909936535], ""p_value"": 1.0, ""contingency"": [[0, 2], [336, 25312]]}",{}
111,NC00962.3,EMB-0.25-0.9-0.7,0.0,GARC1,RUS,EMB,embA@A409P,U,{},"{""proportion"": 0.0, ""confidence"": [0.0, 0.278762695452542], ""p_value"": 0.20404052734375, ""contingency"": [[0, 7], [336, 25312]]}",{}
112,NC00962.3,EMB-0.25-0.9-0.7,0.0,GARC1,RUS,EMB,embB@A761V,U,{},"{""proportion"": 0.0, ""confidence"": [0.0, 0.5749693909936535], ""p_value"": 1.0, ""contingency"": [[0, 2], [336, 25312]]}",{}
113,NC00962.3,EMB-0.25-0.9-0.7,0.0,GARC1,RUS,EMB,embB@V614L,U,{},"{""proportion"": 0.0, ""confidence"": [0.0, 0.7301340512159458], ""p_value"": 1.0, ""contingency"": [[0, 1], [336, 25312]]}",{}
114,NC00962.3,EMB-0.25-0.9-0.7,0.0,GARC1,RUS,EMB,embB@I883V,U,{},"{""proportion"": 0.0, ""confidence"": [0.0, 0.7301340512159458], ""p_value"": 1.0, ""contingency"": [[0, 1], [336, 25312]]}",{}
115,NC00962.3,EMB-0.25-0.9-0.7,0.0,GARC1,RUS,EMB,embA@E7K,U,{},"{""proportion"": 0.0, ""confidence"": [0.0, 0.31078398130591417], ""p_value"": 0.347412109375, ""contingency"": [[0, 6], [336, 25312]]}",{}
116,NC00962.3,EMB-0.25-0.9-0.7,0.0,GARC1,RUS,EMB,embA@L562M,U,{},"{""proportion"": 0.0, ""confidence"": [0.0, 0.7301340512159458], ""p_value"": 1.0, ""contingency"": [[0, 1], [336, 25312]]}",{}
117,NC00962.3,EMB-0.25-0.9-0.7,0.0,GARC1,RUS,EMB,embB@A379T,U,{},"{""proportion"": 0.0, ""confidence"": [0.0, 0.4741955741575127], ""p_value"": 1.0, ""contingency"": [[0, 3], [336, 25312]]}",{}
118,NC00962.3,EMB-0.25-0.9-0.7,0.0,GARC1,RUS,EMB,embB@P404L,U,{},"{""proportion"": 0.0, ""confidence"": [0.0, 0.7301340512159458], ""p_value"": 1.0, ""contingency"": [[0, 1], [336, 25312]]}",{}
119,NC00962.3,EMB-0.25-0.9-0.7,0.0,GARC1,RUS,EMB,embA@T1014A,U,{},"{""proportion"": 0.0, ""confidence"": [0.0, 0.7301340512159458], ""p_value"": 1.0, ""contingency"": [[0, 1], [336, 25312]]}",{}
120,NC00962.3,EMB-0.25-0.9-0.7,0.0,GARC1,RUS,EMB,embA@T983N,U,{},"{""proportion"": 0.0, ""confidence"": [0.0, 0.7301340512159458], ""p_value"": 1.0, ""contingency"": [[0, 1], [336, 25312]]}",{}
121,NC00962.3,EMB-0.25-0.9-0.7,0.0,GARC1,RUS,EMB,embA@A835E,U,{},"{""proportion"": 0.0, ""confidence"": [0.0, 0.5749693909936535], ""p_value"": 1.0, ""contingency"": [[0, 2], [336, 25312]]}",{}
122,NC00962.3,EMB-0.25-0.9-0.7,0.0,GARC1,RUS,EMB,embB@R257Q,U,{},"{""proportion"": 0.0, ""confidence"": [0.0, 0.7301340512159458], ""p_value"": 1.0, ""contingency"": [[0, 1], [336, 25312]]}",{}
123,NC00962.3,EMB-0.25-0.9-0.7,0.0,GARC1,RUS,EMB,embB@M904I,U,{},"{""proportion"": 0.0, ""confidence"": [0.0, 0.5749693909936535], ""p_value"": 1.0, ""contingency"": [[0, 2], [336, 25312]]}",{}
124,NC00962.3,EMB-0.25-0.9-0.7,0.0,GARC1,RUS,EMB,embA@G154R,U,{},"{""proportion"": 0.0, ""confidence"": [0.0, 0.7301340512159458], ""p_value"": 1.0, ""contingency"": [[0, 1], [336, 25312]]}",{}
125,NC00962.3,EMB-0.25-0.9-0.7,0.0,GARC1,RUS,EMB,embA@K773N,U,{},"{""proportion"": 0.0, ""confidence"": [0.0, 0.4741955741575127], ""p_value"": 1.0, ""contingency"": [[0, 3], [336, 25312]]}",{}
126,NC00962.3,EMB-0.25-0.9-0.7,0.0,GARC1,RUS,EMB,embB@N160D,U,{},"{""proportion"": 0.0, ""confidence"": [0.0, 0.7301340512159458], ""p_value"": 1.0, ""contingency"": [[0, 1], [336, 25312]]}",{}
127,NC00962.3,EMB-0.25-0.9-0.7,0.0,GARC1,RUS,EMB,embB@A439V,U,{},"{""proportion"": 0.0, ""confidence"": [0.0, 0.5749693909936535], ""p_value"": 1.0, ""contingency"": [[0, 2], [336, 25312]]}",{}
128,NC00962.3,EMB-0.25-0.9-0.7,0.0,GARC1,RUS,EMB,embA@c-11a,U,{},"{""proportion"": 0.1875, ""confidence"": [0.07752937709440158, 0.38786974244785427], ""p_value"": 0.7748009348288178, ""contingency"": [[3, 13], [336, 25312]]}",{}
129,NC00962.3,EMB-0.25-0.9-0.7,0.0,GARC1,RUS,EMB,embB@Y319N,U,{},"{""proportion"": 0.0, ""confidence"": [0.0, 0.5749693909936535], ""p_value"": 1.0, ""contingency"": [[0, 2], [336, 25312]]}",{}
130,NC00962.3,EMB-0.25-0.9-0.7,0.0,GARC1,RUS,EMB,embA@G5V,U,{},"{""proportion"": 0.0, ""confidence"": [0.0, 0.7301340512159458], ""p_value"": 1.0, ""contingency"": [[0, 1], [336, 25312]]}",{}
131,NC00962.3,EMB-0.25-0.9-0.7,0.0,GARC1,RUS,EMB,embB@M1000R,U,{},"{""proportion"": 0.25, ""confidence"": [0.05790732119985871, 0.6438319914014936], ""p_value"": 1.0, ""contingency"": [[1, 3], [336, 25312]]}",{}
132,NC00962.3,EMB-0.25-0.9-0.7,0.0,GARC1,RUS,EMB,embA@H1061Q,U,{},"{""proportion"": 0.0, ""confidence"": [0.0, 0.7301340512159458], ""p_value"": 1.0, ""contingency"": [[0, 1], [336, 25312]]}",{}
133,NC00962.3,EMB-0.25-0.9-0.7,0.0,GARC1,RUS,EMB,embB@P404S,U,{},"{""proportion"": 0.2857142857142857, ""confidence"": [0.09956584356228707, 0.5913324544888023], ""p_value"": 1.0, ""contingency"": [[2, 5], [336, 25312]]}",{}
134,NC00962.3,EMB-0.25-0.9-0.7,0.0,GARC1,RUS,EMB,embA@A985P,U,{},"{""proportion"": 0.0, ""confidence"": [0.0, 0.4741955741575127], ""p_value"": 1.0, ""contingency"": [[0, 3], [336, 25312]]}",{}
135,NC00962.3,EMB-0.25-0.9-0.7,0.0,GARC1,RUS,EMB,embB@A30T,U,{},"{""proportion"": 0.0, ""confidence"": [0.0, 0.4741955741575127], ""p_value"": 1.0, ""contingency"": [[0, 3], [336, 25312]]}",{}
136,NC00962.3,EMB-0.25-0.9-0.7,0.0,GARC1,RUS,EMB,embB@I563L,U,{},"{""proportion"": 0.07142857142857142, ""confidence"": [0.016099895800737347, 0.2655756729723237], ""p_value"": 0.21263734251260757, ""contingency"": [[1, 13], [336, 25312]]}",{}
137,NC00962.3,EMB-0.25-0.9-0.7,0.0,GARC1,RUS,EMB,embB@A679T,U,{},"{""proportion"": 0.0, ""confidence"": [0.0, 0.31078398130591417], ""p_value"": 0.347412109375, ""contingency"": [[0, 6], [336, 25312]]}",{}
138,NC00962.3,EMB-0.25-0.9-0.7,0.0,GARC1,RUS,EMB,embB@A457T,U,{},"{""proportion"": 0.0, ""confidence"": [0.0, 0.7301340512159458], ""p_value"": 1.0, ""contingency"": [[0, 1], [336, 25312]]}",{}
139,NC00962.3,EMB-0.25-0.9-0.7,0.0,GARC1,RUS,EMB,embA@P745L,U,{},"{""proportion"": 0.0, ""confidence"": [0.0, 0.7301340512159458], ""p_value"": 1.0, ""contingency"": [[0, 1], [336, 25312]]}",{}
140,NC00962.3,EMB-0.25-0.9-0.7,0.0,GARC1,RUS,EMB,embB@E405D,U,{},"{""proportion"": 0.5, ""confidence"": [0.26927182113826725, 0.7307281788617328], ""p_value"": 0.1344404220581055, ""contingency"": [[5, 5], [336, 25312]]}",{}
141,NC00962.3,EMB-0.25-0.9-0.7,0.0,GARC1,RUS,EMB,embB@Y319D,U,{},"{""proportion"": 0.4, ""confidence"": [0.1427064720192132, 0.7275168281338072], ""p_value"": 0.6044921875, ""contingency"": [[2, 3], [336, 25312]]}",{}
142,NC00962.3,EMB-0.25-0.9-0.7,0.0,GARC1,RUS,EMB,embA@L653P,U,{},"{""proportion"": 0.0, ""confidence"": [0.0, 0.7301340512159458], ""p_value"": 1.0, ""contingency"": [[0, 1], [336, 25312]]}",{}
143,NC00962.3,EMB-0.25-0.9-0.7,0.0,GARC1,RUS,EMB,embB@T588M,U,{},"{""proportion"": 0.0, ""confidence"": [0.0, 0.4741955741575127], ""p_value"": 1.0, ""contingency"": [[0, 3], [336, 25312]]}",{}
144,NC00962.3,EMB-0.25-0.9-0.7,0.0,GARC1,RUS,EMB,embB@H687Y,U,{},"{""proportion"": 0.0, ""confidence"": [0.0, 0.5749693909936535], ""p_value"": 1.0, ""contingency"": [[0, 2], [336, 25312]]}",{}
145,NC00962.3,EMB-0.25-0.9-0.7,0.0,GARC1,RUS,EMB,embB@S412L,U,{},"{""proportion"": 0.0, ""confidence"": [0.0, 0.7301340512159458], ""p_value"": 1.0, ""contingency"": [[0, 1], [336, 25312]]}",{}
146,NC00962.3,EMB-0.25-0.9-0.7,0.0,GARC1,RUS,EMB,embA@K1012M,U,{},"{""proportion"": 0.0, ""confidence"": [0.0, 0.7301340512159458], ""p_value"": 1.0, ""contingency"": [[0, 1], [336, 25312]]}",{}
147,NC00962.3,EMB-0.25-0.9-0.7,0.0,GARC1,RUS,EMB,embB@V963M,U,{},"{""proportion"": 0.0, ""confidence"": [0.0, 0.7301340512159458], ""p_value"": 1.0, ""contingency"": [[0, 1], [336, 25312]]}",{}
148,NC00962.3,EMB-0.25-0.9-0.7,0.0,GARC1,RUS,EMB,embA@R11W,U,{},"{""proportion"": 0.0, ""confidence"": [0.0, 0.7301340512159458], ""p_value"": 1.0, ""contingency"": [[0, 1], [336, 25312]]}",{}
149,NC00962.3,EMB-0.25-0.9-0.7,0.0,GARC1,RUS,EMB,embA@g-75c,U,{},"{""proportion"": 0.0, ""confidence"": [0.0, 0.4741955741575127], ""p_value"": 1.0, ""contingency"": [[0, 3], [336, 25312]]}",{}
150,NC00962.3,EMB-0.25-0.9-0.7,0.0,GARC1,RUS,EMB,embB@A720V,U,{},"{""proportion"": 0.0, ""confidence"": [0.0, 0.7301340512159458], ""p_value"": 1.0, ""contingency"": [[0, 1], [336, 25312]]}",{}
151,NC00962.3,EMB-0.25-0.9-0.7,0.0,GARC1,RUS,EMB,embA@G1083D,U,{},"{""proportion"": 0.0, ""confidence"": [0.0, 0.7301340512159458], ""p_value"": 1.0, ""contingency"": [[0, 1], [336, 25312]]}",{}
152,NC00962.3,EMB-0.25-0.9-0.7,0.0,GARC1,RUS,EMB,embA@A974T,U,{},"{""proportion"": 0.0, ""confidence"": [0.0, 0.7301340512159458], ""p_value"": 1.0, ""contingency"": [[0, 1], [336, 25312]]}",{}
153,NC00962.3,EMB-0.25-0.9-0.7,0.0,GARC1,RUS,EMB,embB@Q497E,U,{},"{""proportion"": 0.0, ""confidence"": [0.0, 0.7301340512159458], ""p_value"": 1.0, ""contingency"": [[0, 1], [336, 25312]]}",{}
154,NC00962.3,EMB-0.25-0.9-0.7,0.0,GARC1,RUS,EMB,embA@G29V,U,{},"{""proportion"": 0.0, ""confidence"": [0.0, 0.7301340512159458], ""p_value"": 1.0, ""contingency"": [[0, 1], [336, 25312]]}",{}
155,NC00962.3,EMB-0.25-0.9-0.7,0.0,GARC1,RUS,EMB,embA@A483T,U,{},"{""proportion"": 0.0, ""confidence"": [0.0, 0.5749693909936535], ""p_value"": 1.0, ""contingency"": [[0, 2], [336, 25312]]}",{}
156,NC00962.3,EMB-0.25-0.9-0.7,0.0,GARC1,RUS,EMB,embB@K107E,U,{},"{""proportion"": 0.0, ""confidence"": [0.0, 0.7301340512159458], ""p_value"": 1.0, ""contingency"": [[0, 1], [336, 25312]]}",{}
157,NC00962.3,EMB-0.25-0.9-0.7,0.0,GARC1,RUS,EMB,embB@1836_ins_ttggta,U,{},"{""proportion"": 0.0, ""confidence"": [0.0, 0.7301340512159458], ""p_value"": 1.0, ""contingency"": [[0, 1], [336, 25312]]}",{}
158,NC00962.3,EMB-0.25-0.9-0.7,0.0,GARC1,RUS,EMB,embB@H872Y,U,{},"{""proportion"": 0.0, ""confidence"": [0.0, 0.7301340512159458], ""p_value"": 1.0, ""contingency"": [[0, 1], [336, 25312]]}",{}
159,NC00962.3,EMB-0.25-0.9-0.7,0.0,GARC1,RUS,EMB,embA@S654L,U,{},"{""proportion"": 0.0, ""confidence"": [0.0, 0.7301340512159458], ""p_value"": 1.0, ""contingency"": [[0, 1], [336, 25312]]}",{}
160,NC00962.3,EMB-0.25-0.9-0.7,0.0,GARC1,RUS,EMB,embA@D235N,U,{},"{""proportion"": 0.0, ""confidence"": [0.0, 0.5749693909936535], ""p_value"": 1.0, ""contingency"": [[0, 2], [336, 25312]]}",{}
161,NC00962.3,EMB-0.25-0.9-0.7,0.0,GARC1,RUS,EMB,embB@A225E,U,{},"{""proportion"": 0.0, ""confidence"": [0.0, 0.7301340512159458], ""p_value"": 1.0, ""contingency"": [[0, 1], [336, 25312]]}",{}
162,NC00962.3,EMB-0.25-0.9-0.7,0.0,GARC1,RUS,EMB,embA@A150T,U,{},"{""proportion"": 0.0, ""confidence"": [0.0, 0.7301340512159458], ""p_value"": 1.0, ""contingency"": [[0, 1], [336, 25312]]}",{}
163,NC00962.3,EMB-0.25-0.9-0.7,0.0,GARC1,RUS,EMB,embA@Q47H,U,{},"{""proportion"": 0.0, ""confidence"": [0.0, 0.5749693909936535], ""p_value"": 1.0, ""contingency"": [[0, 2], [336, 25312]]}",{}
164,NC00962.3,EMB-0.25-0.9-0.7,0.0,GARC1,RUS,EMB,embA@G275S,U,{},"{""proportion"": 0.0, ""confidence"": [0.0, 0.7301340512159458], ""p_value"": 1.0, ""contingency"": [[0, 1], [336, 25312]]}",{}
165,NC00962.3,EMB-0.25-0.9-0.7,0.0,GARC1,RUS,EMB,embA@T566M,U,{},"{""proportion"": 0.0, ""confidence"": [0.0, 0.5749693909936535], ""p_value"": 1.0, ""contingency"": [[0, 2], [336, 25312]]}",{}
166,NC00962.3,EMB-0.25-0.9-0.7,0.0,GARC1,RUS,EMB,embA@A80T,U,{},"{""proportion"": 0.0, ""confidence"": [0.0, 0.7301340512159458], ""p_value"": 1.0, ""contingency"": [[0, 1], [336, 25312]]}",{}
167,NC00962.3,EMB-0.25-0.9-0.7,0.0,GARC1,RUS,EMB,embB@A495T,U,{},"{""proportion"": 0.0, ""confidence"": [0.0, 0.7301340512159458], ""p_value"": 1.0, ""contingency"": [[0, 1], [336, 25312]]}",{}
168,NC00962.3,EMB-0.25-0.9-0.7,0.0,GARC1,RUS,EMB,embA@A95T,U,{},"{""proportion"": 0.0, ""confidence"": [0.0, 0.7301340512159458], ""p_value"": 1.0, ""contingency"": [[0, 1], [336, 25312]]}",{}
169,NC00962.3,EMB-0.25-0.9-0.7,0.0,GARC1,RUS,EMB,embA@A686S,U,{},"{""proportion"": 0.0, ""confidence"": [0.0, 0.7301340512159458], ""p_value"": 1.0, ""contingency"": [[0, 1], [336, 25312]]}",{}
170,NC00962.3,EMB-0.25-0.9-0.7,0.0,GARC1,RUS,EMB,embB@K765N,U,{},"{""proportion"": 0.0, ""confidence"": [0.0, 0.7301340512159458], ""p_value"": 1.0, ""contingency"": [[0, 1], [336, 25312]]}",{}
171,NC00962.3,EMB-0.25-0.9-0.7,0.0,GARC1,RUS,EMB,embB@V116I,U,{},"{""proportion"": 0.0, ""confidence"": [0.0, 0.7301340512159458], ""p_value"": 1.0, ""contingency"": [[0, 1], [336, 25312]]}",{}
172,NC00962.3,EMB-0.25-0.9-0.7,0.0,GARC1,RUS,EMB,embA@A874T,U,{},"{""proportion"": 0.0, ""confidence"": [0.0, 0.7301340512159458], ""p_value"": 1.0, ""contingency"": [[0, 1], [336, 25312]]}",{}
173,NC00962.3,EMB-0.25-0.9-0.7,0.0,GARC1,RUS,EMB,embA@V607M,U,{},"{""proportion"": 0.0, ""confidence"": [0.0, 0.40347862520270455], ""p_value"": 0.578125, ""contingency"": [[0, 4], [336, 25312]]}",{}
174,NC00962.3,EMB-0.25-0.9-0.7,0.0,GARC1,RUS,EMB,embB@V444M,U,{},"{""proportion"": 0.5, ""confidence"": [0.12086631942227369, 0.8791336805777263], ""p_value"": 0.4375, ""contingency"": [[1, 1], [336, 25312]]}",{}
175,NC00962.3,EMB-0.25-0.9-0.7,0.0,GARC1,RUS,EMB,embA@P714S,U,{},"{""proportion"": 1.0, ""confidence"": [0.26986594878405434, 1.0000000000000002], ""p_value"": 0.25, ""contingency"": [[1, 0], [336, 25312]]}",{}
176,NC00962.3,EMB-0.25-0.9-0.7,0.0,GARC1,RUS,EMB,embA@D902E,U,{},"{""proportion"": 0.0, ""confidence"": [0.0, 0.7301340512159458], ""p_value"": 1.0, ""contingency"": [[0, 1], [336, 25312]]}",{}
177,NC00962.3,EMB-0.25-0.9-0.7,0.0,GARC1,RUS,EMB,embB@V123A,U,{},"{""proportion"": 0.0, ""confidence"": [0.0, 0.7301340512159458], ""p_value"": 1.0, ""contingency"": [[0, 1], [336, 25312]]}",{}
178,NC00962.3,EMB-0.25-0.9-0.7,0.0,GARC1,RUS,EMB,embB@M660R,U,{},"{""proportion"": 0.0, ""confidence"": [0.0, 0.7301340512159458], ""p_value"": 1.0, ""contingency"": [[0, 1], [336, 25312]]}",{}
179,NC00962.3,EMB-0.25-0.9-0.7,0.0,GARC1,RUS,EMB,embA@G909R,U,{},"{""proportion"": 0.0, ""confidence"": [0.0, 0.4741955741575127], ""p_value"": 1.0, ""contingency"": [[0, 3], [336, 25312]]}",{}
180,NC00962.3,EMB-0.25-0.9-0.7,0.0,GARC1,RUS,EMB,embA@R380L,U,{},"{""proportion"": 0.0, ""confidence"": [0.0, 0.5749693909936535], ""p_value"": 1.0, ""contingency"": [[0, 2], [336, 25312]]}",{}
181,NC00962.3,EMB-0.25-0.9-0.7,0.0,GARC1,RUS,EMB,embB@G65S,U,{},"{""proportion"": 0.0, ""confidence"": [0.0, 0.4741955741575127], ""p_value"": 1.0, ""contingency"": [[0, 3], [336, 25312]]}",{}
182,NC00962.3,EMB-0.25-0.9-0.7,0.0,GARC1,RUS,EMB,embB@P866S,U,{},"{""proportion"": 0.0, ""confidence"": [0.0, 0.7301340512159458], ""p_value"": 1.0, ""contingency"": [[0, 1], [336, 25312]]}",{}
183,NC00962.3,EMB-0.25-0.9-0.7,0.0,GARC1,RUS,EMB,embA@S309A,U,{},"{""proportion"": 0.0, ""confidence"": [0.0, 0.7301340512159458], ""p_value"": 1.0, ""contingency"": [[0, 1], [336, 25312]]}",{}
184,NC00962.3,EMB-0.25-0.9-0.7,0.0,GARC1,RUS,EMB,embB@T126N,U,{},"{""proportion"": 0.0, ""confidence"": [0.0, 0.7301340512159458], ""p_value"": 1.0, ""contingency"": [[0, 1], [336, 25312]]}",{}
185,NC00962.3,EMB-0.25-0.9-0.7,0.0,GARC1,RUS,EMB,embB@P824L,U,{},"{""proportion"": 0.0, ""confidence"": [0.0, 0.5749693909936535], ""p_value"": 1.0, ""contingency"": [[0, 2], [336, 25312]]}",{}
186,NC00962.3,EMB-0.25-0.9-0.7,0.0,GARC1,RUS,EMB,embA@V1074A,U,{},"{""proportion"": 0.0, ""confidence"": [0.0, 0.7301340512159458], ""p_value"": 1.0, ""contingency"": [[0, 1], [336, 25312]]}",{}
187,NC00962.3,EMB-0.25-0.9-0.7,0.0,GARC1,RUS,EMB,embB@G374E,U,{},"{""proportion"": 0.0, ""confidence"": [0.0, 0.7301340512159458], ""p_value"": 1.0, ""contingency"": [[0, 1], [336, 25312]]}",{}
188,NC00962.3,EMB-0.25-0.9-0.7,0.0,GARC1,RUS,EMB,embA@K816N,U,{},"{""proportion"": 0.0, ""confidence"": [0.0, 0.5749693909936535], ""p_value"": 1.0, ""contingency"": [[0, 2], [336, 25312]]}",{}
189,NC00962.3,EMB-0.25-0.9-0.7,0.0,GARC1,RUS,EMB,embB@A33P,U,{},"{""proportion"": 0.0, ""confidence"": [0.0, 0.7301340512159458], ""p_value"": 1.0, ""contingency"": [[0, 1], [336, 25312]]}",{}
190,NC00962.3,EMB-0.25-0.9-0.7,0.0,GARC1,RUS,EMB,embA@Y289C,U,{},"{""proportion"": 0.0, ""confidence"": [0.0, 0.7301340512159458], ""p_value"": 1.0, ""contingency"": [[0, 1], [336, 25312]]}",{}
191,NC00962.3,EMB-0.25-0.9-0.7,0.0,GARC1,RUS,EMB,embB@T216A,U,{},"{""proportion"": 0.0, ""confidence"": [0.0, 0.5749693909936535], ""p_value"": 1.0, ""contingency"": [[0, 2], [336, 25312]]}",{}
192,NC00962.3,EMB-0.25-0.9-0.7,0.0,GARC1,RUS,EMB,embA@R325C,U,{},"{""proportion"": 0.0, ""confidence"": [0.0, 0.7301340512159458], ""p_value"": 1.0, ""contingency"": [[0, 1], [336, 25312]]}",{}
193,NC00962.3,EMB-0.25-0.9-0.7,0.0,GARC1,RUS,EMB,embA@P1094T,U,{},"{""proportion"": 0.0, ""confidence"": [0.0, 0.7301340512159458], ""p_value"": 1.0, ""contingency"": [[0, 1], [336, 25312]]}",{}
194,NC00962.3,EMB-0.25-0.9-0.7,0.0,GARC1,RUS,EMB,embB@M586V,U,{},"{""proportion"": 0.0, ""confidence"": [0.0, 0.7301340512159458], ""p_value"": 1.0, ""contingency"": [[0, 1], [336, 25312]]}",{}
195,NC00962.3,EMB-0.25-0.9-0.7,0.0,GARC1,RUS,EMB,embB@P983T,U,{},"{""proportion"": 0.0, ""confidence"": [0.0, 0.7301340512159458], ""p_value"": 1.0, ""contingency"": [[0, 1], [336, 25312]]}",{}
196,NC00962.3,EMB-0.25-0.9-0.7,0.0,GARC1,RUS,EMB,embA@A148E,U,{},"{""proportion"": 0.0, ""confidence"": [0.0, 0.7301340512159458], ""p_value"": 1.0, ""contingency"": [[0, 1], [336, 25312]]}",{}
197,NC00962.3,EMB-0.25-0.9-0.7,0.0,GARC1,RUS,EMB,embA@-41_del_a,U,{},"{""proportion"": 0.0, ""confidence"": [0.0, 0.7301340512159458], ""p_value"": 1.0, ""contingency"": [[0, 1], [336, 25312]]}",{}
198,NC00962.3,EMB-0.25-0.9-0.7,0.0,GARC1,RUS,EMB,embB@D870N,U,{},"{""proportion"": 0.0, ""confidence"": [0.0, 0.4741955741575127], ""p_value"": 1.0, ""contingency"": [[0, 3], [336, 25312]]}",{}
199,NC00962.3,EMB-0.25-0.9-0.7,0.0,GARC1,RUS,EMB,embB@A601P,U,{},"{""proportion"": 0.0, ""confidence"": [0.0, 0.7301340512159458], ""p_value"": 1.0, ""contingency"": [[0, 1], [336, 25312]]}",{}
200,NC00962.3,EMB-0.25-0.9-0.7,0.0,GARC1,RUS,EMB,embB@Q3H,U,{},"{""proportion"": 0.0, ""confidence"": [0.0, 0.7301340512159458], ""p_value"": 1.0, ""contingency"": [[0, 1], [336, 25312]]}",{}
201,NC00962.3,EMB-0.25-0.9-0.7,0.0,GARC1,RUS,EMB,embB@W332R,U,{},"{""proportion"": 0.25, ""confidence"": [0.05790732119985871, 0.6438319914014936], ""p_value"": 1.0, ""contingency"": [[1, 3], [336, 25312]]}",{}
202,NC00962.3,EMB-0.25-0.9-0.7,0.0,GARC1,RUS,EMB,embB@T849A,U,{},"{""proportion"": 0.0, ""confidence"": [0.0, 0.40347862520270455], ""p_value"": 0.578125, ""contingency"": [[0, 4], [336, 25312]]}",{}
203,NC00962.3,EMB-0.25-0.9-0.7,0.0,GARC1,RUS,EMB,embA@I155V,U,{},"{""proportion"": 0.0, ""confidence"": [0.0, 0.278762695452542], ""p_value"": 0.20404052734375, ""contingency"": [[0, 7], [336, 25312]]}",{}
204,NC00962.3,EMB-0.25-0.9-0.7,0.0,GARC1,RUS,EMB,embB@A388S,U,{},"{""proportion"": 0.0, ""confidence"": [0.0, 0.7301340512159458], ""p_value"": 1.0, ""contingency"": [[0, 1], [336, 25312]]}",{}
205,NC00962.3,EMB-0.25-0.9-0.7,0.0,GARC1,RUS,EMB,embB@R182L,U,{},"{""proportion"": 0.0, ""confidence"": [0.0, 0.7301340512159458], ""p_value"": 1.0, ""contingency"": [[0, 1], [336, 25312]]}",{}
206,NC00962.3,EMB-0.25-0.9-0.7,0.0,GARC1,RUS,EMB,embB@R14Q,U,{},"{""proportion"": 0.16666666666666666, ""confidence"": [0.038105570079342885, 0.5024170841245998], ""p_value"": 1.0, ""contingency"": [[1, 5], [336, 25312]]}",{}
207,NC00962.3,EMB-0.25-0.9-0.7,0.0,GARC1,RUS,EMB,embB@S22P,U,{},"{""proportion"": 0.0, ""confidence"": [0.0, 0.7301340512159458], ""p_value"": 1.0, ""contingency"": [[0, 1], [336, 25312]]}",{}
208,NC00962.3,EMB-0.25-0.9-0.7,0.0,GARC1,RUS,EMB,embA@S788F,U,{},"{""proportion"": 0.0, ""confidence"": [0.0, 0.7301340512159458], ""p_value"": 1.0, ""contingency"": [[0, 1], [336, 25312]]}",{}
209,NC00962.3,EMB-0.25-0.9-0.7,0.0,GARC1,RUS,EMB,embB@S651N,U,{},"{""proportion"": 1.0, ""confidence"": [0.26986594878405434, 1.0000000000000002], ""p_value"": 0.25, ""contingency"": [[1, 0], [336, 25312]]}",{}
210,NC00962.3,EMB-0.25-0.9-0.7,0.0,GARC1,RUS,EMB,embB@A102S,U,{},"{""proportion"": 0.0, ""confidence"": [0.0, 0.7301340512159458], ""p_value"": 1.0, ""contingency"": [[0, 1], [336, 25312]]}",{}
211,NC00962.3,EMB-0.25-0.9-0.7,0.0,GARC1,RUS,EMB,embB@A1073V,U,{},"{""proportion"": 0.0, ""confidence"": [0.0, 0.5749693909936535], ""p_value"": 1.0, ""contingency"": [[0, 2], [336, 25312]]}",{}
212,NC00962.3,EMB-0.25-0.9-0.7,0.0,GARC1,RUS,EMB,embB@P818L,U,{},"{""proportion"": 0.0, ""confidence"": [0.0, 0.7301340512159458], ""p_value"": 1.0, ""contingency"": [[0, 1], [336, 25312]]}",{}
213,NC00962.3,EMB-0.25-0.9-0.7,0.0,GARC1,RUS,EMB,embB@V618M,U,{},"{""proportion"": 0.07142857142857142, ""confidence"": [0.016099895800737347, 0.2655756729723237], ""p_value"": 0.21263734251260757, ""contingency"": [[1, 13], [336, 25312]]}",{}
214,NC00962.3,EMB-0.25-0.9-0.7,0.0,GARC1,RUS,EMB,embB@F398L,U,{},"{""proportion"": 0.0, ""confidence"": [0.0, 0.7301340512159458], ""p_value"": 1.0, ""contingency"": [[0, 1], [336, 25312]]}",{}
215,NC00962.3,EMB-0.25-0.9-0.7,0.0,GARC1,RUS,EMB,embA@F342V,U,{},"{""proportion"": 0.0, ""confidence"": [0.0, 0.7301340512159458], ""p_value"": 1.0, ""contingency"": [[0, 1], [336, 25312]]}",{}
216,NC00962.3,EMB-0.25-0.9-0.7,0.0,GARC1,RUS,EMB,embB@P103T,U,{},"{""proportion"": 0.0, ""confidence"": [-2.1340331742842984e-17, 0.2311335193197566], ""p_value"": 0.12401199340820315, ""contingency"": [[0, 9], [336, 25312]]}",{}
217,NC00962.3,EMB-0.25-0.9-0.7,0.0,GARC1,RUS,EMB,embB@V417A,U,{},"{""proportion"": 0.0, ""confidence"": [0.0, 0.4741955741575127], ""p_value"": 1.0, ""contingency"": [[0, 3], [336, 25312]]}",{}
218,NC00962.3,EMB-0.25-0.9-0.7,0.0,GARC1,RUS,EMB,embB@E138K,U,{},"{""proportion"": 0.0, ""confidence"": [0.0, 0.7301340512159458], ""p_value"": 1.0, ""contingency"": [[0, 1], [336, 25312]]}",{}
219,NC00962.3,EMB-0.25-0.9-0.7,0.0,GARC1,RUS,EMB,embB@D328G,U,{},"{""proportion"": 0.0, ""confidence"": [0.0, 0.5749693909936535], ""p_value"": 1.0, ""contingency"": [[0, 2], [336, 25312]]}",{}
220,NC00962.3,EMB-0.25-0.9-0.7,0.0,GARC1,RUS,EMB,embA@S77P,U,{},"{""proportion"": 0.0, ""confidence"": [0.0, 0.4741955741575127], ""p_value"": 1.0, ""contingency"": [[0, 3], [336, 25312]]}",{}
221,NC00962.3,EMB-0.25-0.9-0.7,0.0,GARC1,RUS,EMB,embB@M396I,U,{},"{""proportion"": 0.0, ""confidence"": [0.0, 0.7301340512159458], ""p_value"": 1.0, ""contingency"": [[0, 1], [336, 25312]]}",{}
222,NC00962.3,EMB-0.25-0.9-0.7,0.0,GARC1,RUS,EMB,embA@P754S,U,{},"{""proportion"": 0.0, ""confidence"": [0.0, 0.7301340512159458], ""p_value"": 1.0, ""contingency"": [[0, 1], [336, 25312]]}",{}
223,NC00962.3,EMB-0.25-0.9-0.7,0.0,GARC1,RUS,EMB,embB@V131M,U,{},"{""proportion"": 0.0, ""confidence"": [0.0, 0.3511165007651012], ""p_value"": 0.34082031250000006, ""contingency"": [[0, 5], [336, 25312]]}",{}
224,NC00962.3,EMB-0.25-0.9-0.7,0.0,GARC1,RUS,EMB,embB@I489T,U,{},"{""proportion"": 0.0, ""confidence"": [0.0, 0.7301340512159458], ""p_value"": 1.0, ""contingency"": [[0, 1], [336, 25312]]}",{}
225,NC00962.3,EMB-0.25-0.9-0.7,0.0,GARC1,RUS,EMB,embA@V18I,U,{},"{""proportion"": 0.0, ""confidence"": [0.0, 0.5749693909936535], ""p_value"": 1.0, ""contingency"": [[0, 2], [336, 25312]]}",{}
226,NC00962.3,EMB-0.25-0.9-0.7,0.0,GARC1,RUS,EMB,embB@A1083E,U,{},"{""proportion"": 0.0, ""confidence"": [0.0, 0.7301340512159458], ""p_value"": 1.0, ""contingency"": [[0, 1], [336, 25312]]}",{}
227,NC00962.3,EMB-0.25-0.9-0.7,0.0,GARC1,RUS,EMB,embA@P901Q,U,{},"{""proportion"": 0.0, ""confidence"": [0.0, 0.7301340512159458], ""p_value"": 1.0, ""contingency"": [[0, 1], [336, 25312]]}",{}
228,NC00962.3,EMB-0.25-0.9-0.7,0.0,GARC1,RUS,EMB,embA@R229S,U,{},"{""proportion"": 0.0, ""confidence"": [0.0, 0.7301340512159458], ""p_value"": 1.0, ""contingency"": [[0, 1], [336, 25312]]}",{}
229,NC00962.3,EMB-0.25-0.9-0.7,0.0,GARC1,RUS,EMB,embA@N722D,U,{},"{""proportion"": 0.0, ""confidence"": [0.0, 0.7301340512159458], ""p_value"": 1.0, ""contingency"": [[0, 1], [336, 25312]]}",{}
230,NC00962.3,EMB-0.25-0.9-0.7,0.0,GARC1,RUS,EMB,embB@S347I,U,{},"{""proportion"": 0.25, ""confidence"": [0.05790732119985871, 0.6438319914014936], ""p_value"": 1.0, ""contingency"": [[1, 3], [336, 25312]]}",{}
232,NC00962.3,EMB-0.25-0.9-0.7,0.0,GARC1,RUS,EMB,embB@V77I,U,{},"{""proportion"": 0.0, ""confidence"": [0.0, 0.4741955741575127], ""p_value"": 1.0, ""contingency"": [[0, 3], [336, 25312]]}",{}
233,NC00962.3,EMB-0.25-0.9-0.7,0.0,GARC1,RUS,EMB,embA@A331S,U,{},"{""proportion"": 0.0, ""confidence"": [0.0, 0.7301340512159458], ""p_value"": 1.0, ""contingency"": [[0, 1], [336, 25312]]}",{}
234,NC00962.3,EMB-0.25-0.9-0.7,0.0,GARC1,RUS,EMB,embA@V98L,U,{},"{""proportion"": 0.0, ""confidence"": [0.0, 0.5749693909936535], ""p_value"": 1.0, ""contingency"": [[0, 2], [336, 25312]]}",{}
235,NC00962.3,EMB-0.25-0.9-0.7,0.0,GARC1,RUS,EMB,embB@I32T,U,{},"{""proportion"": 0.0, ""confidence"": [0.0, 0.40347862520270455], ""p_value"": 0.578125, ""contingency"": [[0, 4], [336, 25312]]}",{}
236,NC00962.3,EMB-0.25-0.9-0.7,0.0,GARC1,RUS,EMB,embA@S824A,U,{},"{""proportion"": 0.0, ""confidence"": [0.0, 0.7301340512159458], ""p_value"": 1.0, ""contingency"": [[0, 1], [336, 25312]]}",{}
237,NC00962.3,EMB-0.25-0.9-0.7,0.0,GARC1,RUS,EMB,embB@T643P,U,{},"{""proportion"": 0.0, ""confidence"": [0.0, 0.7301340512159458], ""p_value"": 1.0, ""contingency"": [[0, 1], [336, 25312]]}",{}
238,NC00962.3,EMB-0.25-0.9-0.7,0.0,GARC1,RUS,EMB,embA@P838L,U,{},"{""proportion"": 0.0, ""confidence"": [0.0, 0.5749693909936535], ""p_value"": 1.0, ""contingency"": [[0, 2], [336, 25312]]}",{}
240,NC00962.3,EMB-0.25-0.9-0.7,0.0,GARC1,RUS,EMB,embA@D678A,U,{},"{""proportion"": 0.0, ""confidence"": [0.0, 0.7301340512159458], ""p_value"": 1.0, ""contingency"": [[0, 1], [336, 25312]]}",{}
241,NC00962.3,EMB-0.25-0.9-0.7,0.0,GARC1,RUS,EMB,embA@F565L,U,{},"{""proportion"": 0.0, ""confidence"": [0.0, 0.7301340512159458], ""p_value"": 1.0, ""contingency"": [[0, 1], [336, 25312]]}",{}
242,NC00962.3,EMB-0.25-0.9-0.7,0.0,GARC1,RUS,EMB,embB@M575R,U,{},"{""proportion"": 0.0, ""confidence"": [0.0, 0.5749693909936535], ""p_value"": 1.0, ""contingency"": [[0, 2], [336, 25312]]}",{}
243,NC00962.3,EMB-0.25-0.9-0.7,0.0,GARC1,RUS,EMB,embA@V531L,U,{},"{""proportion"": 0.125, ""confidence"": [0.028399323737810202, 0.41114337433001213], ""p_value"": 0.68853759765625, ""contingency"": [[1, 7], [336, 25312]]}",{}
244,NC00962.3,EMB-0.25-0.9-0.7,0.0,GARC1,RUS,EMB,embA@P976L,U,{},"{""proportion"": 0.0, ""confidence"": [0.0, 0.7301340512159458], ""p_value"": 1.0, ""contingency"": [[0, 1], [336, 25312]]}",{}
245,NC00962.3,EMB-0.25-0.9-0.7,0.0,GARC1,RUS,EMB,embB@S650P,U,{},"{""proportion"": 0.0, ""confidence"": [0.0, 0.7301340512159458], ""p_value"": 1.0, ""contingency"": [[0, 1], [336, 25312]]}",{}
246,NC00962.3,EMB-0.25-0.9-0.7,0.0,GARC1,RUS,EMB,embA@E1075G,U,{},"{""proportion"": 0.0, ""confidence"": [0.0, 0.7301340512159458], ""p_value"": 1.0, ""contingency"": [[0, 1], [336, 25312]]}",{}
247,NC00962.3,EMB-0.25-0.9-0.7,0.0,GARC1,RUS,EMB,embA@T475M,U,{},"{""proportion"": 0.0, ""confidence"": [0.0, 0.7301340512159458], ""p_value"": 1.0, ""contingency"": [[0, 1], [336, 25312]]}",{}
248,NC00962.3,EMB-0.25-0.9-0.7,0.0,GARC1,RUS,EMB,embA@Q858R,U,{},"{""proportion"": 0.0, ""confidence"": [0.0, 0.5749693909936535], ""p_value"": 1.0, ""contingency"": [[0, 2], [336, 25312]]}",{}
249,NC00962.3,EMB-0.25-0.9-0.7,0.0,GARC1,RUS,EMB,embB@E504D,U,{},"{""proportion"": 0.4, ""confidence"": [0.1427064720192132, 0.7275168281338072], ""p_value"": 0.6044921875, ""contingency"": [[2, 3], [336, 25312]]}",{}
250,NC00962.3,EMB-0.25-0.9-0.7,0.0,GARC1,RUS,EMB,embA@P1094S,U,{},"{""proportion"": 0.0, ""confidence"": [0.0, 0.4741955741575127], ""p_value"": 1.0, ""contingency"": [[0, 3], [336, 25312]]}",{}
251,NC00962.3,EMB-0.25-0.9-0.7,0.0,GARC1,RUS,EMB,embB@R173C,U,{},"{""proportion"": 0.0, ""confidence"": [0.0, 0.7301340512159458], ""p_value"": 1.0, ""contingency"": [[0, 1], [336, 25312]]}",{}
252,NC00962.3,EMB-0.25-0.9-0.7,0.0,GARC1,RUS,EMB,embA@R472L,U,{},"{""proportion"": 0.0, ""confidence"": [0.0, 0.5749693909936535], ""p_value"": 1.0, ""contingency"": [[0, 2], [336, 25312]]}",{}
253,NC00962.3,EMB-0.25-0.9-0.7,0.0,GARC1,RUS,EMB,embB@F398C,U,{},"{""proportion"": 1.0, ""confidence"": [0.26986594878405434, 1.0000000000000002], ""p_value"": 0.25, ""contingency"": [[1, 0], [336, 25312]]}",{}
254,NC00962.3,EMB-0.25-0.9-0.7,0.0,GARC1,RUS,EMB,embB@T157I,U,{},"{""proportion"": 0.0, ""confidence"": [0.0, 0.3511165007651012], ""p_value"": 0.34082031250000006, ""contingency"": [[0, 5], [336, 25312]]}",{}
255,NC00962.3,EMB-0.25-0.9-0.7,0.0,GARC1,RUS,EMB,embA@P548L,U,{},"{""proportion"": 0.0, ""confidence"": [0.0, 0.7301340512159458], ""p_value"": 1.0, ""contingency"": [[0, 1], [336, 25312]]}",{}
256,NC00962.3,EMB-0.25-0.9-0.7,0.0,GARC1,RUS,EMB,embB@G851D,U,{},"{""proportion"": 0.0, ""confidence"": [0.0, 0.7301340512159458], ""p_value"": 1.0, ""contingency"": [[0, 1], [336, 25312]]}",{}
257,NC00962.3,EMB-0.25-0.9-0.7,0.0,GARC1,RUS,EMB,embB@F688V,U,{},"{""proportion"": 0.0, ""confidence"": [0.0, 0.7301340512159458], ""p_value"": 1.0, ""contingency"": [[0, 1], [336, 25312]]}",{}
258,NC00962.3,EMB-0.25-0.9-0.7,0.0,GARC1,RUS,EMB,embA@Q1004R,U,{},"{""proportion"": 0.0, ""confidence"": [0.0, 0.7301340512159458], ""p_value"": 1.0, ""contingency"": [[0, 1], [336, 25312]]}",{}
259,NC00962.3,EMB-0.25-0.9-0.7,0.0,GARC1,RUS,EMB,embA@L459R,U,{},"{""proportion"": 0.0, ""confidence"": [0.0, 0.7301340512159458], ""p_value"": 1.0, ""contingency"": [[0, 1], [336, 25312]]}",{}
260,NC00962.3,EMB-0.25-0.9-0.7,0.0,GARC1,RUS,EMB,embB@V135M,U,{},"{""proportion"": 0.0, ""confidence"": [0.0, 0.5749693909936535], ""p_value"": 1.0, ""contingency"": [[0, 2], [336, 25312]]}",{}
261,NC00962.3,EMB-0.25-0.9-0.7,0.0,GARC1,RUS,EMB,embA@L390M,U,{},"{""proportion"": 0.0, ""confidence"": [0.0, 0.7301340512159458], ""p_value"": 1.0, ""contingency"": [[0, 1], [336, 25312]]}",{}
262,NC00962.3,EMB-0.25-0.9-0.7,0.0,GARC1,RUS,EMB,embA@S1017A,U,{},"{""proportion"": 0.0, ""confidence"": [0.0, 0.4741955741575127], ""p_value"": 1.0, ""contingency"": [[0, 3], [336, 25312]]}",{}
263,NC00962.3,EMB-0.25-0.9-0.7,0.0,GARC1,RUS,EMB,embB@D78A,U,{},"{""proportion"": 0.0, ""confidence"": [0.0, 0.7301340512159458], ""p_value"": 1.0, ""contingency"": [[0, 1], [336, 25312]]}",{}
264,NC00962.3,EMB-0.25-0.9-0.7,0.0,GARC1,RUS,EMB,embB@K662T,U,{},"{""proportion"": 0.0, ""confidence"": [0.0, 0.7301340512159458], ""p_value"": 1.0, ""contingency"": [[0, 1], [336, 25312]]}",{}
265,NC00962.3,EMB-0.25-0.9-0.7,0.0,GARC1,RUS,EMB,embB@C549F,U,{},"{""proportion"": 0.0, ""confidence"": [0.0, 0.5749693909936535], ""p_value"": 1.0, ""contingency"": [[0, 2], [336, 25312]]}",{}
266,NC00962.3,EMB-0.25-0.9-0.7,0.0,GARC1,RUS,EMB,embA@V898I,U,{},"{""proportion"": 0.0, ""confidence"": [0.0, 0.7301340512159458], ""p_value"": 1.0, ""contingency"": [[0, 1], [336, 25312]]}",{}
267,NC00962.3,EMB-0.25-0.9-0.7,0.0,GARC1,RUS,EMB,embA@W550S,U,{},"{""proportion"": 0.0, ""confidence"": [0.0, 0.7301340512159458], ""p_value"": 1.0, ""contingency"": [[0, 1], [336, 25312]]}",{}
268,NC00962.3,EMB-0.25-0.9-0.7,0.0,GARC1,RUS,EMB,embA@G146D,U,{},"{""proportion"": 0.0, ""confidence"": [0.0, 0.7301340512159458], ""p_value"": 1.0, ""contingency"": [[0, 1], [336, 25312]]}",{}
269,NC00962.3,EMB-0.25-0.9-0.7,0.0,GARC1,RUS,EMB,embA@A589E,U,{},"{""proportion"": 0.0, ""confidence"": [0.0, 0.7301340512159458], ""p_value"": 1.0, ""contingency"": [[0, 1], [336, 25312]]}",{}
270,NC00962.3,EMB-0.25-0.9-0.7,0.0,GARC1,RUS,EMB,embA@P164S,U,{},"{""proportion"": 0.0, ""confidence"": [0.0, 0.7301340512159458], ""p_value"": 1.0, ""contingency"": [[0, 1], [336, 25312]]}",{}
271,NC00962.3,EMB-0.25-0.9-0.7,0.0,GARC1,RUS,EMB,embA@D865N,U,{},"{""proportion"": 0.0, ""confidence"": [-2.1340331742842984e-17, 0.2311335193197566], ""p_value"": 0.12401199340820315, ""contingency"": [[0, 9], [336, 25312]]}",{}
272,NC00962.3,EMB-0.25-0.9-0.7,0.0,GARC1,RUS,EMB,embA@V695M,U,{},"{""proportion"": 0.0, ""confidence"": [0.0, 0.278762695452542], ""p_value"": 0.20404052734375, ""contingency"": [[0, 7], [336, 25312]]}",{}
273,NC00962.3,EMB-0.25-0.9-0.7,0.0,GARC1,RUS,EMB,embB@P167R,U,{},"{""proportion"": 0.0, ""confidence"": [0.0, 0.7301340512159458], ""p_value"": 1.0, ""contingency"": [[0, 1], [336, 25312]]}",{}
274,NC00962.3,EMB-0.25-0.9-0.7,0.0,GARC1,RUS,EMB,embB@A338T,U,{},"{""proportion"": 0.0, ""confidence"": [0.0, 0.31078398130591417], ""p_value"": 0.347412109375, ""contingency"": [[0, 6], [336, 25312]]}",{}
275,NC00962.3,EMB-0.25-0.9-0.7,0.0,GARC1,RUS,EMB,embA@E675K,U,{},"{""proportion"": 0.0, ""confidence"": [0.0, 0.7301340512159458], ""p_value"": 1.0, ""contingency"": [[0, 1], [336, 25312]]}",{}
276,NC00962.3,EMB-0.25-0.9-0.7,0.0,GARC1,RUS,EMB,embB@N807T,U,{},"{""proportion"": 0.0, ""confidence"": [0.0, 0.7301340512159458], ""p_value"": 1.0, ""contingency"": [[0, 1], [336, 25312]]}",{}
277,NC00962.3,EMB-0.25-0.9-0.7,0.0,GARC1,RUS,EMB,embA@Q751P,U,{},"{""proportion"": 0.0, ""confidence"": [0.0, 0.7301340512159458], ""p_value"": 1.0, ""contingency"": [[0, 1], [336, 25312]]}",{}
278,NC00962.3,EMB-0.25-0.9-0.7,0.0,GARC1,RUS,EMB,embB@L410P,U,{},"{""proportion"": 1.0, ""confidence"": [0.26986594878405434, 1.0000000000000002], ""p_value"": 0.25, ""contingency"": [[1, 0], [336, 25312]]}",{}
279,NC00962.3,EMB-0.25-0.9-0.7,0.0,GARC1,RUS,EMB,embB@P531H,U,{},"{""proportion"": 0.0, ""confidence"": [0.0, 0.7301340512159458], ""p_value"": 1.0, ""contingency"": [[0, 1], [336, 25312]]}",{}
280,NC00962.3,EMB-0.25-0.9-0.7,0.0,GARC1,RUS,EMB,embA@P327S,U,{},"{""proportion"": 0.0, ""confidence"": [0.0, 0.7301340512159458], ""p_value"": 1.0, ""contingency"": [[0, 1], [336, 25312]]}",{}
281,NC00962.3,EMB-0.25-0.9-0.7,0.0,GARC1,RUS,EMB,embB@R1045Q,U,{},"{""proportion"": 0.0, ""confidence"": [0.0, 0.7301340512159458], ""p_value"": 1.0, ""contingency"": [[0, 1], [336, 25312]]}",{}
282,NC00962.3,EMB-0.25-0.9-0.7,0.0,GARC1,RUS,EMB,embA@V898F,U,{},"{""proportion"": 0.0, ""confidence"": [0.0, 0.7301340512159458], ""p_value"": 1.0, ""contingency"": [[0, 1], [336, 25312]]}",{}
283,NC00962.3,EMB-0.25-0.9-0.7,0.0,GARC1,RUS,EMB,embB@F330I,U,{},"{""proportion"": 0.0, ""confidence"": [0.0, 0.5749693909936535], ""p_value"": 1.0, ""contingency"": [[0, 2], [336, 25312]]}",{}
284,NC00962.3,EMB-0.25-0.9-0.7,0.0,GARC1,RUS,EMB,embA@A438T,U,{},"{""proportion"": 0.0, ""confidence"": [0.0, 0.7301340512159458], ""p_value"": 1.0, ""contingency"": [[0, 1], [336, 25312]]}",{}
285,NC00962.3,EMB-0.25-0.9-0.7,0.0,GARC1,RUS,EMB,embA@g-43t,U,{},"{""proportion"": 0.0, ""confidence"": [0.0, 0.7301340512159458], ""p_value"": 1.0, ""contingency"": [[0, 1], [336, 25312]]}",{}
286,NC00962.3,EMB-0.25-0.9-0.7,0.0,GARC1,RUS,EMB,embA@2602_ins_tgg,U,{},"{""proportion"": 0.0, ""confidence"": [0.0, 0.7301340512159458], ""p_value"": 1.0, ""contingency"": [[0, 1], [336, 25312]]}",{}
287,NC00962.3,EMB-0.25-0.9-0.7,0.0,GARC1,RUS,EMB,embA@-32_del_g,U,{},"{""proportion"": 0.0, ""confidence"": [0.0, 0.7301340512159458], ""p_value"": 1.0, ""contingency"": [[0, 1], [336, 25312]]}",{}
288,NC00962.3,EMB-0.25-0.9-0.7,0.0,GARC1,RUS,EMB,embA@A60D,U,{},"{""proportion"": 0.0, ""confidence"": [0.0, 0.7301340512159458], ""p_value"": 1.0, ""contingency"": [[0, 1], [336, 25312]]}",{}
289,NC00962.3,EMB-0.25-0.9-0.7,0.0,GARC1,RUS,EMB,embA@A430T,U,{},"{""proportion"": 0.0, ""confidence"": [0.0, 0.7301340512159458], ""p_value"": 1.0, ""contingency"": [[0, 1], [336, 25312]]}",{}
290,NC00962.3,EMB-0.25-0.9-0.7,0.0,GARC1,RUS,EMB,embB@V456A,U,{},"{""proportion"": 0.0, ""confidence"": [0.0, 0.5749693909936535], ""p_value"": 1.0, ""contingency"": [[0, 2], [336, 25312]]}",{}
291,NC00962.3,EMB-0.25-0.9-0.7,0.0,GARC1,RUS,EMB,embB@D191Y,U,{},"{""proportion"": 0.0, ""confidence"": [0.0, 0.31078398130591417], ""p_value"": 0.347412109375, ""contingency"": [[0, 6], [336, 25312]]}",{}
292,NC00962.3,EMB-0.25-0.9-0.7,0.0,GARC1,RUS,EMB,embB@N807D,U,{},"{""proportion"": 0.0, ""confidence"": [0.0, 0.31078398130591417], ""p_value"": 0.347412109375, ""contingency"": [[0, 6], [336, 25312]]}",{}
293,NC00962.3,EMB-0.25-0.9-0.7,0.0,GARC1,RUS,EMB,embA@-28_del_t,U,{},"{""proportion"": 0.0, ""confidence"": [0.0, 0.40347862520270455], ""p_value"": 0.578125, ""contingency"": [[0, 4], [336, 25312]]}",{}
294,NC00962.3,EMB-0.25-0.9-0.7,0.0,GARC1,RUS,EMB,embA@G350A,U,{},"{""proportion"": 0.0, ""confidence"": [0.0, 0.7301340512159458], ""p_value"": 1.0, ""contingency"": [[0, 1], [336, 25312]]}",{}
295,NC00962.3,EMB-0.25-0.9-0.7,0.0,GARC1,RUS,EMB,embA@A557T,U,{},"{""proportion"": 0.0, ""confidence"": [0.0, 0.7301340512159458], ""p_value"": 1.0, ""contingency"": [[0, 1], [336, 25312]]}",{}
296,NC00962.3,EMB-0.25-0.9-0.7,0.0,GARC1,RUS,EMB,embB@L629P,U,{},"{""proportion"": 1.0, ""confidence"": [0.26986594878405434, 1.0000000000000002], ""p_value"": 0.25, ""contingency"": [[1, 0], [336, 25312]]}",{}
297,NC00962.3,EMB-0.25-0.9-0.7,0.0,GARC1,RUS,EMB,embA@R836G,U,{},"{""proportion"": 0.0, ""confidence"": [0.0, 0.5749693909936535], ""p_value"": 1.0, ""contingency"": [[0, 2], [336, 25312]]}",{}
298,NC00962.3,EMB-0.25-0.9-0.7,0.0,GARC1,RUS,EMB,embB@A677E,U,{},"{""proportion"": 0.0, ""confidence"": [0.0, 0.7301340512159458], ""p_value"": 1.0, ""contingency"": [[0, 1], [336, 25312]]}",{}
299,NC00962.3,EMB-0.25-0.9-0.7,0.0,GARC1,RUS,EMB,embA@A331T,U,{},"{""proportion"": 0.0, ""confidence"": [0.0, 0.5749693909936535], ""p_value"": 1.0, ""contingency"": [[0, 2], [336, 25312]]}",{}
300,NC00962.3,EMB-0.25-0.9-0.7,0.0,GARC1,RUS,EMB,embB@R464L,U,{},"{""proportion"": 0.0, ""confidence"": [0.0, 0.7301340512159458], ""p_value"": 1.0, ""contingency"": [[0, 1], [336, 25312]]}",{}
301,NC00962.3,EMB-0.25-0.9-0.7,0.0,GARC1,RUS,EMB,embA@L208F,U,{},"{""proportion"": 0.0, ""confidence"": [0.0, 0.5749693909936535], ""p_value"": 1.0, ""contingency"": [[0, 2], [336, 25312]]}",{}
302,NC00962.3,EMB-0.25-0.9-0.7,0.0,GARC1,RUS,EMB,embA@G332E,U,{},"{""proportion"": 0.0, ""confidence"": [0.0, 0.4741955741575127], ""p_value"": 1.0, ""contingency"": [[0, 3], [336, 25312]]}",{}
303,NC00962.3,EMB-0.25-0.9-0.7,0.0,GARC1,RUS,EMB,embB@L953M,U,{},"{""proportion"": 0.0, ""confidence"": [0.0, 0.7301340512159458], ""p_value"": 1.0, ""contingency"": [[0, 1], [336, 25312]]}",{}
304,NC00962.3,EMB-0.25-0.9-0.7,0.0,GARC1,RUS,EMB,embA@E508K,U,{},"{""proportion"": 0.0, ""confidence"": [0.0, 0.7301340512159458], ""p_value"": 1.0, ""contingency"": [[0, 1], [336, 25312]]}",{}
305,NC00962.3,EMB-0.25-0.9-0.7,0.0,GARC1,RUS,EMB,embA@D112G,U,{},"{""proportion"": 0.2, ""confidence"": [0.045962453880603965, 0.5647074465784567], ""p_value"": 1.0, ""contingency"": [[1, 4], [336, 25312]]}",{}
306,NC00962.3,EMB-0.25-0.9-0.7,0.0,GARC1,RUS,EMB,embB@R469H,U,{},"{""proportion"": 0.0, ""confidence"": [0.0, 0.7301340512159458], ""p_value"": 1.0, ""contingency"": [[0, 1], [336, 25312]]}",{}
307,NC00962.3,EMB-0.25-0.9-0.7,0.0,GARC1,RUS,EMB,embB@A438T,U,{},"{""proportion"": 0.0, ""confidence"": [0.0, 0.4741955741575127], ""p_value"": 1.0, ""contingency"": [[0, 3], [336, 25312]]}",{}
308,NC00962.3,EMB-0.25-0.9-0.7,0.0,GARC1,RUS,EMB,embA@c-39t,U,{},"{""proportion"": 0.0, ""confidence"": [0.0, 0.7301340512159458], ""p_value"": 1.0, ""contingency"": [[0, 1], [336, 25312]]}",{}
309,NC00962.3,EMB-0.25-0.9-0.7,0.0,GARC1,RUS,EMB,embB@A383S,U,{},"{""proportion"": 0.0, ""confidence"": [0.0, 0.7301340512159458], ""p_value"": 1.0, ""contingency"": [[0, 1], [336, 25312]]}",{}
310,NC00962.3,EMB-0.25-0.9-0.7,0.0,GARC1,RUS,EMB,embA@I655T,U,{},"{""proportion"": 0.0, ""confidence"": [0.0, 0.7301340512159458], ""p_value"": 1.0, ""contingency"": [[0, 1], [336, 25312]]}",{}
311,NC00962.3,EMB-0.25-0.9-0.7,0.0,GARC1,RUS,EMB,embB@F584L,U,{},"{""proportion"": 0.0, ""confidence"": [0.0, 0.7301340512159458], ""p_value"": 1.0, ""contingency"": [[0, 1], [336, 25312]]}",{}
312,NC00962.3,EMB-0.25-0.9-0.7,0.0,GARC1,RUS,EMB,embB@D280N,U,{},"{""proportion"": 0.0, ""confidence"": [0.0, 0.7301340512159458], ""p_value"": 1.0, ""contingency"": [[0, 1], [336, 25312]]}",{}
313,NC00962.3,EMB-0.25-0.9-0.7,0.0,GARC1,RUS,EMB,embA@M840V,U,{},"{""proportion"": 0.0, ""confidence"": [0.0, 0.7301340512159458], ""p_value"": 1.0, ""contingency"": [[0, 1], [336, 25312]]}",{}
314,NC00962.3,EMB-0.25-0.9-0.7,0.0,GARC1,RUS,EMB,embA@L215P,U,{},"{""proportion"": 0.0, ""confidence"": [0.0, 0.4741955741575127], ""p_value"": 1.0, ""contingency"": [[0, 3], [336, 25312]]}",{}
315,NC00962.3,EMB-0.25-0.9-0.7,0.0,GARC1,RUS,EMB,embA@S1024N,U,{},"{""proportion"": 0.0, ""confidence"": [0.0, 0.7301340512159458], ""p_value"": 1.0, ""contingency"": [[0, 1], [336, 25312]]}",{}
316,NC00962.3,EMB-0.25-0.9-0.7,0.0,GARC1,RUS,EMB,embB@D970E,U,{},"{""proportion"": 0.0, ""confidence"": [0.0, 0.7301340512159458], ""p_value"": 1.0, ""contingency"": [[0, 1], [336, 25312]]}",{}
317,NC00962.3,EMB-0.25-0.9-0.7,0.0,GARC1,RUS,EMB,embA@A1072T,U,{},"{""proportion"": 0.0, ""confidence"": [0.0, 0.5749693909936535], ""p_value"": 1.0, ""contingency"": [[0, 2], [336, 25312]]}",{}
318,NC00962.3,EMB-0.25-0.9-0.7,0.0,GARC1,RUS,EMB,embB@G580S,U,{},"{""proportion"": 0.0, ""confidence"": [0.0, 0.5749693909936535], ""p_value"": 1.0, ""contingency"": [[0, 2], [336, 25312]]}",{}
319,NC00962.3,EMB-0.25-0.9-0.7,0.0,GARC1,RUS,EMB,embA@A719T,U,{},"{""proportion"": 0.0, ""confidence"": [0.0, 0.7301340512159458], ""p_value"": 1.0, ""contingency"": [[0, 1], [336, 25312]]}",{}
320,NC00962.3,EMB-0.25-0.9-0.7,0.0,GARC1,RUS,EMB,embB@K882E,U,{},"{""proportion"": 0.0, ""confidence"": [0.0, 0.7301340512159458], ""p_value"": 1.0, ""contingency"": [[0, 1], [336, 25312]]}",{}
321,NC00962.3,EMB-0.25-0.9-0.7,0.0,GARC1,RUS,EMB,embA@G771D,U,{},"{""proportion"": 0.0, ""confidence"": [0.0, 0.7301340512159458], ""p_value"": 1.0, ""contingency"": [[0, 1], [336, 25312]]}",{}
322,NC00962.3,EMB-0.25-0.9-0.7,0.0,GARC1,RUS,EMB,embB@G825D,U,{},"{""proportion"": 0.0, ""confidence"": [0.0, 0.7301340512159458], ""p_value"": 1.0, ""contingency"": [[0, 1], [336, 25312]]}",{}
323,NC00962.3,EMB-0.25-0.9-0.7,0.0,GARC1,RUS,EMB,embB@T643I,U,{},"{""proportion"": 0.2, ""confidence"": [0.045962453880603965, 0.5647074465784567], ""p_value"": 1.0, ""contingency"": [[1, 4], [336, 25312]]}",{}
324,NC00962.3,EMB-0.25-0.9-0.7,0.0,GARC1,RUS,EMB,embA@-31_del_c,U,{},"{""proportion"": 0.0, ""confidence"": [0.0, 0.7301340512159458], ""p_value"": 1.0, ""contingency"": [[0, 1], [336, 25312]]}",{}
325,NC00962.3,EMB-0.25-0.9-0.7,0.0,GARC1,RUS,EMB,embB@V77L,U,{},"{""proportion"": 0.0, ""confidence"": [0.0, 0.7301340512159458], ""p_value"": 1.0, ""contingency"": [[0, 1], [336, 25312]]}",{}
326,NC00962.3,EMB-0.25-0.9-0.7,0.0,GARC1,RUS,EMB,embA@A984T,U,{},"{""proportion"": 0.0, ""confidence"": [0.0, 0.7301340512159458], ""p_value"": 1.0, ""contingency"": [[0, 1], [336, 25312]]}",{}
327,NC00962.3,EMB-0.25-0.9-0.7,0.0,GARC1,RUS,EMB,embB@T151P,U,{},"{""proportion"": 0.0, ""confidence"": [0.0, 0.7301340512159458], ""p_value"": 1.0, ""contingency"": [[0, 1], [336, 25312]]}",{}
328,NC00962.3,EMB-0.25-0.9-0.7,0.0,GARC1,RUS,EMB,embA@E882K,U,{},"{""proportion"": 0.0, ""confidence"": [0.0, 0.7301340512159458], ""p_value"": 1.0, ""contingency"": [[0, 1], [336, 25312]]}",{}
329,NC00962.3,EMB-0.25-0.9-0.7,0.0,GARC1,RUS,EMB,embA@T718I,U,{},"{""proportion"": 0.0, ""confidence"": [0.0, 0.7301340512159458], ""p_value"": 1.0, ""contingency"": [[0, 1], [336, 25312]]}",{}
330,NC00962.3,EMB-0.25-0.9-0.7,0.0,GARC1,RUS,EMB,embA@V394A,U,{},"{""proportion"": 0.0, ""confidence"": [0.0, 0.7301340512159458], ""p_value"": 1.0, ""contingency"": [[0, 1], [336, 25312]]}",{}
331,NC00962.3,EMB-0.25-0.9-0.7,0.0,GARC1,RUS,EMB,embA@F471L,U,{},"{""proportion"": 0.0, ""confidence"": [0.0, 0.4741955741575127], ""p_value"": 1.0, ""contingency"": [[0, 3], [336, 25312]]}",{}
332,NC00962.3,EMB-0.25-0.9-0.7,0.0,GARC1,RUS,EMB,embA@G180R,U,{},"{""proportion"": 0.0, ""confidence"": [0.0, 0.5749693909936535], ""p_value"": 1.0, ""contingency"": [[0, 2], [336, 25312]]}",{}
333,NC00962.3,EMB-0.25-0.9-0.7,0.0,GARC1,RUS,EMB,embB@D78G,U,{},"{""proportion"": 0.1111111111111111, ""confidence"": [0.025191472713156953, 0.3768012645355425], ""p_value"": 0.466064453125, ""contingency"": [[1, 8], [336, 25312]]}",{}
334,NC00962.3,EMB-0.25-0.9-0.7,0.0,GARC1,RUS,EMB,embA@N803K,U,{},"{""proportion"": 0.0, ""confidence"": [0.0, 0.7301340512159458], ""p_value"": 1.0, ""contingency"": [[0, 1], [336, 25312]]}",{}
335,NC00962.3,EMB-0.25-0.9-0.7,0.0,GARC1,RUS,EMB,embB@S480L,U,{},"{""proportion"": 0.0, ""confidence"": [0.0, 0.5749693909936535], ""p_value"": 1.0, ""contingency"": [[0, 2], [336, 25312]]}",{}
336,NC00962.3,EMB-0.25-0.9-0.7,0.0,GARC1,RUS,EMB,embB@G979A,U,{},"{""proportion"": 0.0, ""confidence"": [0.0, 0.7301340512159458], ""p_value"": 1.0, ""contingency"": [[0, 1], [336, 25312]]}",{}
337,NC00962.3,EMB-0.25-0.9-0.7,0.0,GARC1,RUS,EMB,embA@R358Q,U,{},"{""proportion"": 0.0, ""confidence"": [0.0, 0.7301340512159458], ""p_value"": 1.0, ""contingency"": [[0, 1], [336, 25312]]}",{}
338,NC00962.3,EMB-0.25-0.9-0.7,0.0,GARC1,RUS,EMB,embB@M316V,U,{},"{""proportion"": 0.0, ""confidence"": [0.0, 0.7301340512159458], ""p_value"": 1.0, ""contingency"": [[0, 1], [336, 25312]]}",{}
339,NC00962.3,EMB-0.25-0.9-0.7,0.0,GARC1,RUS,EMB,embA@D737E,U,{},"{""proportion"": 0.0, ""confidence"": [0.0, 0.7301340512159458], ""p_value"": 1.0, ""contingency"": [[0, 1], [336, 25312]]}",{}
340,NC00962.3,EMB-0.25-0.9-0.7,0.0,GARC1,RUS,EMB,embB@P616T,U,{},"{""proportion"": 0.0, ""confidence"": [0.0, 0.5749693909936535], ""p_value"": 1.0, ""contingency"": [[0, 2], [336, 25312]]}",{}
341,NC00962.3,EMB-0.25-0.9-0.7,0.0,GARC1,RUS,EMB,embB@G792S,U,{},"{""proportion"": 0.0, ""confidence"": [0.0, 0.7301340512159458], ""p_value"": 1.0, ""contingency"": [[0, 1], [336, 25312]]}",{}
342,NC00962.3,EMB-0.25-0.9-0.7,0.0,GARC1,RUS,EMB,embB@G175R,U,{},"{""proportion"": 0.0, ""confidence"": [0.0, 0.4741955741575127], ""p_value"": 1.0, ""contingency"": [[0, 3], [336, 25312]]}",{}
343,NC00962.3,EMB-0.25-0.9-0.7,0.0,GARC1,RUS,EMB,embB@P1075L,U,{},"{""proportion"": 0.0, ""confidence"": [0.0, 0.7301340512159458], ""p_value"": 1.0, ""contingency"": [[0, 1], [336, 25312]]}",{}
344,NC00962.3,EMB-0.25-0.9-0.7,0.0,GARC1,RUS,EMB,embB@D207E,U,{},"{""proportion"": 0.0, ""confidence"": [0.0, 0.7301340512159458], ""p_value"": 1.0, ""contingency"": [[0, 1], [336, 25312]]}",{}
345,NC00962.3,EMB-0.25-0.9-0.7,0.0,GARC1,RUS,EMB,embB@A221S,U,{},"{""proportion"": 0.0, ""confidence"": [0.0, 0.7301340512159458], ""p_value"": 1.0, ""contingency"": [[0, 1], [336, 25312]]}",{}
346,NC00962.3,EMB-0.25-0.9-0.7,0.0,GARC1,RUS,EMB,embA@G765D,U,{},"{""proportion"": 0.0, ""confidence"": [0.0, 0.7301340512159458], ""p_value"": 1.0, ""contingency"": [[0, 1], [336, 25312]]}",{}
347,NC00962.3,EMB-0.25-0.9-0.7,0.0,GARC1,RUS,EMB,embA@D273G,U,{},"{""proportion"": 0.0, ""confidence"": [0.0, 0.4741955741575127], ""p_value"": 1.0, ""contingency"": [[0, 3], [336, 25312]]}",{}
348,NC00962.3,EMB-0.25-0.9-0.7,0.0,GARC1,RUS,EMB,embA@G5R,U,{},"{""proportion"": 0.0, ""confidence"": [0.0, 0.3511165007651012], ""p_value"": 0.34082031250000006, ""contingency"": [[0, 5], [336, 25312]]}",{}
349,NC00962.3,EMB-0.25-0.9-0.7,0.0,GARC1,RUS,EMB,embB@T275N,U,{},"{""proportion"": 0.0, ""confidence"": [0.0, 0.7301340512159458], ""p_value"": 1.0, ""contingency"": [[0, 1], [336, 25312]]}",{}
350,NC00962.3,EMB-0.25-0.9-0.7,0.0,GARC1,RUS,EMB,embB@R7T,U,{},"{""proportion"": 0.0, ""confidence"": [0.0, 0.31078398130591417], ""p_value"": 0.347412109375, ""contingency"": [[0, 6], [336, 25312]]}",{}
351,NC00962.3,EMB-0.25-0.9-0.7,0.0,GARC1,RUS,EMB,embB@A43P,U,{},"{""proportion"": 0.0, ""confidence"": [0.0, 0.7301340512159458], ""p_value"": 1.0, ""contingency"": [[0, 1], [336, 25312]]}",{}
352,NC00962.3,EMB-0.25-0.9-0.7,0.0,GARC1,RUS,EMB,embA@A217T,U,{},"{""proportion"": 0.0, ""confidence"": [0.0, 0.40347862520270455], ""p_value"": 0.578125, ""contingency"": [[0, 4], [336, 25312]]}",{}
353,NC00962.3,EMB-0.25-0.9-0.7,0.0,GARC1,RUS,EMB,embB@T501A,U,{},"{""proportion"": 0.0, ""confidence"": [0.0, 0.7301340512159458], ""p_value"": 1.0, ""contingency"": [[0, 1], [336, 25312]]}",{}
354,NC00962.3,EMB-0.25-0.9-0.7,0.0,GARC1,RUS,EMB,embA@V283L,U,{},"{""proportion"": 0.0, ""confidence"": [0.0, 0.7301340512159458], ""p_value"": 1.0, ""contingency"": [[0, 1], [336, 25312]]}",{}
355,NC00962.3,EMB-0.25-0.9-0.7,0.0,GARC1,RUS,EMB,embA@P645L,U,{},"{""proportion"": 0.0, ""confidence"": [0.0, 0.5749693909936535], ""p_value"": 1.0, ""contingency"": [[0, 2], [336, 25312]]}",{}
356,NC00962.3,EMB-0.25-0.9-0.7,0.0,GARC1,RUS,EMB,embB@L686V,U,{},"{""proportion"": 0.0, ""confidence"": [0.0, 0.7301340512159458], ""p_value"": 1.0, ""contingency"": [[0, 1], [336, 25312]]}",{}
357,NC00962.3,EMB-0.25-0.9-0.7,0.0,GARC1,RUS,EMB,embB@D1056E,U,{},"{""proportion"": 0.0, ""confidence"": [0.0, 0.40347862520270455], ""p_value"": 0.578125, ""contingency"": [[0, 4], [336, 25312]]}",{}
358,NC00962.3,EMB-0.25-0.9-0.7,0.0,GARC1,RUS,EMB,embB@V783I,U,{},"{""proportion"": 0.0, ""confidence"": [0.0, 0.5749693909936535], ""p_value"": 1.0, ""contingency"": [[0, 2], [336, 25312]]}",{}
359,NC00962.3,EMB-0.25-0.9-0.7,0.0,GARC1,RUS,EMB,embA@A549P,U,{},"{""proportion"": 0.0, ""confidence"": [0.0, 0.5749693909936535], ""p_value"": 1.0, ""contingency"": [[0, 2], [336, 25312]]}",{}
360,NC00962.3,EMB-0.25-0.9-0.7,0.0,GARC1,RUS,EMB,embA@V583A,U,{},"{""proportion"": 0.0, ""confidence"": [0.0, 0.7301340512159458], ""p_value"": 1.0, ""contingency"": [[0, 1], [336, 25312]]}",{}
361,NC00962.3,EMB-0.25-0.9-0.7,0.0,GARC1,RUS,EMB,embB@D243H,U,{},"{""proportion"": 0.0, ""confidence"": [0.0, 0.5749693909936535], ""p_value"": 1.0, ""contingency"": [[0, 2], [336, 25312]]}",{}
362,NC00962.3,EMB-0.25-0.9-0.7,0.0,GARC1,RUS,EMB,embB@I303L,U,{},"{""proportion"": 0.0, ""confidence"": [0.0, 0.5749693909936535], ""p_value"": 1.0, ""contingency"": [[0, 2], [336, 25312]]}",{}
363,NC00962.3,EMB-0.25-0.9-0.7,0.0,GARC1,RUS,EMB,embA@A617T,U,{},"{""proportion"": 0.0, ""confidence"": [0.0, 0.7301340512159458], ""p_value"": 1.0, ""contingency"": [[0, 1], [336, 25312]]}",{}
364,NC00962.3,EMB-0.25-0.9-0.7,0.0,GARC1,RUS,EMB,embB@Q497H,U,{},"{""proportion"": 0.0, ""confidence"": [0.0, 0.4741955741575127], ""p_value"": 1.0, ""contingency"": [[0, 3], [336, 25312]]}",{}
365,NC00962.3,EMB-0.25-0.9-0.7,0.0,GARC1,RUS,EMB,embA@G403R,U,{},"{""proportion"": 0.0, ""confidence"": [0.0, 0.7301340512159458], ""p_value"": 1.0, ""contingency"": [[0, 1], [336, 25312]]}",{}
366,NC00962.3,EMB-0.25-0.9-0.7,0.0,GARC1,RUS,EMB,embB@A454T,U,{},"{""proportion"": 0.0, ""confidence"": [0.0, 0.7301340512159458], ""p_value"": 1.0, ""contingency"": [[0, 1], [336, 25312]]}",{}
367,NC00962.3,EMB-0.25-0.9-0.7,0.0,GARC1,RUS,EMB,embA@A320V,U,{},"{""proportion"": 0.0, ""confidence"": [0.0, 0.7301340512159458], ""p_value"": 1.0, ""contingency"": [[0, 1], [336, 25312]]}",{}
368,NC00962.3,EMB-0.25-0.9-0.7,0.0,GARC1,RUS,EMB,embA@A150V,U,{},"{""proportion"": 0.0, ""confidence"": [0.0, 0.7301340512159458], ""p_value"": 1.0, ""contingency"": [[0, 1], [336, 25312]]}",{}
369,NC00962.3,EMB-0.25-0.9-0.7,0.0,GARC1,RUS,EMB,embB@D240G,U,{},"{""proportion"": 0.0, ""confidence"": [0.0, 0.4741955741575127], ""p_value"": 1.0, ""contingency"": [[0, 3], [336, 25312]]}",{}
370,NC00962.3,EMB-0.25-0.9-0.7,0.0,GARC1,RUS,EMB,embA@N54D,U,{},"{""proportion"": 0.0, ""confidence"": [0.0, 0.4741955741575127], ""p_value"": 1.0, ""contingency"": [[0, 3], [336, 25312]]}",{}
371,NC00962.3,EMB-0.25-0.9-0.7,0.0,GARC1,RUS,EMB,embB@P143S,U,{},"{""proportion"": 0.0, ""confidence"": [0.0, 0.5749693909936535], ""p_value"": 1.0, ""contingency"": [[0, 2], [336, 25312]]}",{}
372,NC00962.3,EMB-0.25-0.9-0.7,0.0,GARC1,RUS,EMB,embA@V479M,U,{},"{""proportion"": 0.0, ""confidence"": [0.0, 0.7301340512159458], ""p_value"": 1.0, ""contingency"": [[0, 1], [336, 25312]]}",{}
373,NC00962.3,EMB-0.25-0.9-0.7,0.0,GARC1,RUS,EMB,embB@D328H,U,{},"{""proportion"": 0.25, ""confidence"": [0.08651484419906225, 0.5398469545128194], ""p_value"": 1.0, ""contingency"": [[2, 6], [336, 25312]]}",{}
374,NC00962.3,EMB-0.25-0.9-0.7,0.0,GARC1,RUS,EMB,embB@V803M,U,{},"{""proportion"": 0.0, ""confidence"": [0.0, 0.4741955741575127], ""p_value"": 1.0, ""contingency"": [[0, 3], [336, 25312]]}",{}
375,NC00962.3,EMB-0.25-0.9-0.7,0.0,GARC1,RUS,EMB,embB@M389V,U,{},"{""proportion"": 0.0, ""confidence"": [0.0, 0.7301340512159458], ""p_value"": 1.0, ""contingency"": [[0, 1], [336, 25312]]}",{}
376,NC00962.3,EMB-0.25-0.9-0.7,0.0,GARC1,RUS,EMB,embB@E958A,U,{},"{""proportion"": 0.0, ""confidence"": [0.0, 0.40347862520270455], ""p_value"": 0.578125, ""contingency"": [[0, 4], [336, 25312]]}",{}
377,NC00962.3,EMB-0.25-0.9-0.7,0.0,GARC1,RUS,EMB,embB@A505V,U,{},"{""proportion"": 0.0, ""confidence"": [0.0, 0.5749693909936535], ""p_value"": 1.0, ""contingency"": [[0, 2], [336, 25312]]}",{}
378,NC00962.3,EMB-0.25-0.9-0.7,0.0,GARC1,RUS,EMB,embA@I155M,U,{},"{""proportion"": 0.0, ""confidence"": [0.0, 0.31078398130591417], ""p_value"": 0.347412109375, ""contingency"": [[0, 6], [336, 25312]]}",{}
379,NC00962.3,EMB-0.25-0.9-0.7,0.0,GARC1,RUS,EMB,embA@T238I,U,{},"{""proportion"": 0.0, ""confidence"": [0.0, 0.7301340512159458], ""p_value"": 1.0, ""contingency"": [[0, 1], [336, 25312]]}",{}
380,NC00962.3,EMB-0.25-0.9-0.7,0.0,GARC1,RUS,EMB,embA@G700C,U,{},"{""proportion"": 0.0, ""confidence"": [0.0, 0.7301340512159458], ""p_value"": 1.0, ""contingency"": [[0, 1], [336, 25312]]}",{}
381,NC00962.3,EMB-0.25-0.9-0.7,0.0,GARC1,RUS,EMB,embA@A721V,U,{},"{""proportion"": 0.0, ""confidence"": [0.0, 0.7301340512159458], ""p_value"": 1.0, ""contingency"": [[0, 1], [336, 25312]]}",{}
382,NC00962.3,EMB-0.25-0.9-0.7,0.0,GARC1,RUS,EMB,embA@D1053G,U,{},"{""proportion"": 0.0, ""confidence"": [0.0, 0.4741955741575127], ""p_value"": 1.0, ""contingency"": [[0, 3], [336, 25312]]}",{}
383,NC00962.3,EMB-0.25-0.9-0.7,0.0,GARC1,RUS,EMB,embA@A955T,U,{},"{""proportion"": 0.0, ""confidence"": [0.0, 0.7301340512159458], ""p_value"": 1.0, ""contingency"": [[0, 1], [336, 25312]]}",{}
384,NC00962.3,EMB-0.25-0.9-0.7,0.0,GARC1,RUS,EMB,embA@G844R,U,{},"{""proportion"": 0.0, ""confidence"": [0.0, 0.7301340512159458], ""p_value"": 1.0, ""contingency"": [[0, 1], [336, 25312]]}",{}
385,NC00962.3,EMB-0.25-0.9-0.7,0.0,GARC1,RUS,EMB,embB@V414L,U,{},"{""proportion"": 0.0, ""confidence"": [0.0, 0.7301340512159458], ""p_value"": 1.0, ""contingency"": [[0, 1], [336, 25312]]}",{}
386,NC00962.3,EMB-0.25-0.9-0.7,0.0,GARC1,RUS,EMB,embB@T857A,U,{},"{""proportion"": 0.0, ""confidence"": [0.0, 0.7301340512159458], ""p_value"": 1.0, ""contingency"": [[0, 1], [336, 25312]]}",{}
387,NC00962.3,EMB-0.25-0.9-0.7,0.0,GARC1,RUS,EMB,embB@A454V,U,{},"{""proportion"": 1.0, ""confidence"": [0.26986594878405434, 1.0000000000000002], ""p_value"": 0.25, ""contingency"": [[1, 0], [336, 25312]]}",{}
388,NC00962.3,EMB-0.25-0.9-0.7,0.0,GARC1,RUS,EMB,embA@G729R,U,{},"{""proportion"": 0.0, ""confidence"": [0.0, 0.40347862520270455], ""p_value"": 0.578125, ""contingency"": [[0, 4], [336, 25312]]}",{}
389,NC00962.3,EMB-0.25-0.9-0.7,0.0,GARC1,RUS,EMB,embA@G220E,U,{},"{""proportion"": 0.0, ""confidence"": [0.0, 0.40347862520270455], ""p_value"": 0.578125, ""contingency"": [[0, 4], [336, 25312]]}",{}
390,NC00962.3,EMB-0.25-0.9-0.7,0.0,GARC1,RUS,EMB,embB@S73L,U,{},"{""proportion"": 0.0, ""confidence"": [0.0, 0.7301340512159458], ""p_value"": 1.0, ""contingency"": [[0, 1], [336, 25312]]}",{}
391,NC00962.3,EMB-0.25-0.9-0.7,0.0,GARC1,RUS,EMB,embA@I621V,U,{},"{""proportion"": 0.0, ""confidence"": [0.0, 0.7301340512159458], ""p_value"": 1.0, ""contingency"": [[0, 1], [336, 25312]]}",{}
392,NC00962.3,EMB-0.25-0.9-0.7,0.0,GARC1,RUS,EMB,embA@G135D,U,{},"{""proportion"": 0.5, ""confidence"": [0.12086631942227369, 0.8791336805777263], ""p_value"": 0.4375, ""contingency"": [[1, 1], [336, 25312]]}",{}
393,NC00962.3,EMB-0.25-0.9-0.7,0.0,GARC1,RUS,EMB,embA@G5S,U,{},"{""proportion"": 0.0, ""confidence"": [0.0, 0.7301340512159458], ""p_value"": 1.0, ""contingency"": [[0, 1], [336, 25312]]}",{}
394,NC00962.3,EMB-0.25-0.9-0.7,0.0,GARC1,RUS,EMB,embB@S651C,U,{},"{""proportion"": 0.0, ""confidence"": [0.0, 0.5749693909936535], ""p_value"": 1.0, ""contingency"": [[0, 2], [336, 25312]]}",{}
395,NC00962.3,EMB-0.25-0.9-0.7,0.0,GARC1,RUS,EMB,embB@M340I,U,{},"{""proportion"": 0.0, ""confidence"": [0.0, 0.40347862520270455], ""p_value"": 0.578125, ""contingency"": [[0, 4], [336, 25312]]}",{}
396,NC00962.3,EMB-0.25-0.9-0.7,0.0,GARC1,RUS,EMB,embB@P1074A,U,{},"{""proportion"": 0.0, ""confidence"": [0.0, 0.7301340512159458], ""p_value"": 1.0, ""contingency"": [[0, 1], [336, 25312]]}",{}
397,NC00962.3,EMB-0.25-0.9-0.7,0.0,GARC1,RUS,EMB,embB@N886T,U,{},"{""proportion"": 0.0, ""confidence"": [0.0, 0.4741955741575127], ""p_value"": 1.0, ""contingency"": [[0, 3], [336, 25312]]}",{}
398,NC00962.3,EMB-0.25-0.9-0.7,0.0,GARC1,RUS,EMB,embA@A371T,U,{},"{""proportion"": 0.0, ""confidence"": [0.0, 0.7301340512159458], ""p_value"": 1.0, ""contingency"": [[0, 1], [336, 25312]]}",{}
399,NC00962.3,EMB-0.25-0.9-0.7,0.0,GARC1,RUS,EMB,embB@Y863H,U,{},"{""proportion"": 0.0, ""confidence"": [0.0, 0.7301340512159458], ""p_value"": 1.0, ""contingency"": [[0, 1], [336, 25312]]}",{}
400,NC00962.3,EMB-0.25-0.9-0.7,0.0,GARC1,RUS,EMB,embA@T113R,U,{},"{""proportion"": 0.0, ""confidence"": [0.0, 0.3511165007651012], ""p_value"": 0.34082031250000006, ""contingency"": [[0, 5], [336, 25312]]}",{}
401,NC00962.3,EMB-0.25-0.9-0.7,0.0,GARC1,RUS,EMB,embA@G321A,U,{},"{""proportion"": 0.0, ""confidence"": [0.0, 0.5749693909936535], ""p_value"": 1.0, ""contingency"": [[0, 2], [336, 25312]]}",{}
402,NC00962.3,EMB-0.25-0.9-0.7,0.0,GARC1,RUS,EMB,embB@F763V,U,{},"{""proportion"": 0.0, ""confidence"": [0.0, 0.7301340512159458], ""p_value"": 1.0, ""contingency"": [[0, 1], [336, 25312]]}",{}
403,NC00962.3,EMB-0.25-0.9-0.7,0.0,GARC1,RUS,EMB,embA@G547D,U,{},"{""proportion"": 0.0, ""confidence"": [0.0, 0.7301340512159458], ""p_value"": 1.0, ""contingency"": [[0, 1], [336, 25312]]}",{}
404,NC00962.3,EMB-0.25-0.9-0.7,0.0,GARC1,RUS,EMB,embA@G352S,U,{},"{""proportion"": 0.0, ""confidence"": [0.0, 0.3511165007651012], ""p_value"": 0.34082031250000006, ""contingency"": [[0, 5], [336, 25312]]}",{}
405,NC00962.3,EMB-0.25-0.9-0.7,0.0,GARC1,RUS,EMB,embB@P353S,U,{},"{""proportion"": 0.0, ""confidence"": [0.0, 0.7301340512159458], ""p_value"": 1.0, ""contingency"": [[0, 1], [336, 25312]]}",{}
406,NC00962.3,EMB-0.25-0.9-0.7,0.0,GARC1,RUS,EMB,embA@N376D,U,{},"{""proportion"": 0.0, ""confidence"": [0.0, 0.7301340512159458], ""p_value"": 1.0, ""contingency"": [[0, 1], [336, 25312]]}",{}
407,NC00962.3,EMB-0.25-0.9-0.7,0.0,GARC1,RUS,EMB,embA@V125E,U,{},"{""proportion"": 0.0, ""confidence"": [0.0, 0.5749693909936535], ""p_value"": 1.0, ""contingency"": [[0, 2], [336, 25312]]}",{}
408,NC00962.3,EMB-0.25-0.9-0.7,0.0,GARC1,RUS,EMB,embB@G156D,U,{},"{""proportion"": 0.0, ""confidence"": [0.0, 0.4741955741575127], ""p_value"": 1.0, ""contingency"": [[0, 3], [336, 25312]]}",{}
409,NC00962.3,EMB-0.25-0.9-0.7,0.0,GARC1,RUS,EMB,embA@V468M,U,{},"{""proportion"": 0.0, ""confidence"": [0.0, 0.7301340512159458], ""p_value"": 1.0, ""contingency"": [[0, 1], [336, 25312]]}",{}
410,NC00962.3,EMB-0.25-0.9-0.7,0.0,GARC1,RUS,EMB,embB@G603R,U,{},"{""proportion"": 0.2857142857142857, ""confidence"": [0.09956584356228707, 0.5913324544888023], ""p_value"": 1.0, ""contingency"": [[2, 5], [336, 25312]]}",{}
411,NC00962.3,EMB-0.25-0.9-0.7,0.0,GARC1,RUS,EMB,embA@G149D,U,{},"{""proportion"": 0.0, ""confidence"": [0.0, 0.7301340512159458], ""p_value"": 1.0, ""contingency"": [[0, 1], [336, 25312]]}",{}
412,NC00962.3,EMB-0.25-0.9-0.7,0.0,GARC1,RUS,EMB,embB@D1056A,U,{},"{""proportion"": 1.0, ""confidence"": [0.26986594878405434, 1.0000000000000002], ""p_value"": 0.25, ""contingency"": [[1, 0], [336, 25312]]}",{}
413,NC00962.3,EMB-0.25-0.9-0.7,0.0,GARC1,RUS,EMB,embB@V436G,U,{},"{""proportion"": 0.0, ""confidence"": [0.0, 0.7301340512159458], ""p_value"": 1.0, ""contingency"": [[0, 1], [336, 25312]]}",{}
414,NC00962.3,EMB-0.25-0.9-0.7,0.0,GARC1,RUS,EMB,embB@D240N,U,{},"{""proportion"": 0.0, ""confidence"": [0.0, 0.4741955741575127], ""p_value"": 1.0, ""contingency"": [[0, 3], [336, 25312]]}",{}
415,NC00962.3,EMB-0.25-0.9-0.7,0.0,GARC1,RUS,EMB,embA@V541M,U,{},"{""proportion"": 0.0, ""confidence"": [0.0, 0.7301340512159458], ""p_value"": 1.0, ""contingency"": [[0, 1], [336, 25312]]}",{}
416,NC00962.3,EMB-0.25-0.9-0.7,0.0,GARC1,RUS,EMB,embB@A1058V,U,{},"{""proportion"": 0.0, ""confidence"": [0.0, 0.7301340512159458], ""p_value"": 1.0, ""contingency"": [[0, 1], [336, 25312]]}",{}
417,NC00962.3,EMB-0.25-0.9-0.7,0.0,GARC1,RUS,EMB,embB@W621S,U,{},"{""proportion"": 0.0, ""confidence"": [0.0, 0.5749693909936535], ""p_value"": 1.0, ""contingency"": [[0, 2], [336, 25312]]}",{}
418,NC00962.3,EMB-0.25-0.9-0.7,0.0,GARC1,RUS,EMB,embB@G100S,U,{},"{""proportion"": 0.0, ""confidence"": [0.0, 0.25272359742376316], ""p_value"": 0.21392822265625003, ""contingency"": [[0, 8], [336, 25312]]}",{}
419,NC00962.3,EMB-0.25-0.9-0.7,0.0,GARC1,RUS,EMB,embB@E378D,U,{},"{""proportion"": 0.0, ""confidence"": [0.0, 0.7301340512159458], ""p_value"": 1.0, ""contingency"": [[0, 1], [336, 25312]]}",{}
420,NC00962.3,EMB-0.25-0.9-0.7,0.0,GARC1,RUS,EMB,embB@T498N,U,{},"{""proportion"": 0.0, ""confidence"": [0.0, 0.40347862520270455], ""p_value"": 0.578125, ""contingency"": [[0, 4], [336, 25312]]}",{}
421,NC00962.3,EMB-0.25-0.9-0.7,0.0,GARC1,RUS,EMB,embA@T308K,U,{},"{""proportion"": 0.0, ""confidence"": [0.0, 0.5749693909936535], ""p_value"": 1.0, ""contingency"": [[0, 2], [336, 25312]]}",{}
422,NC00962.3,EMB-0.25-0.9-0.7,0.0,GARC1,RUS,EMB,embB@F579V,U,{},"{""proportion"": 0.0, ""confidence"": [0.0, 0.7301340512159458], ""p_value"": 1.0, ""contingency"": [[0, 1], [336, 25312]]}",{}
423,NC00962.3,EMB-0.25-0.9-0.7,0.0,GARC1,RUS,EMB,embB@S617L,U,{},"{""proportion"": 0.0, ""confidence"": [0.0, 0.7301340512159458], ""p_value"": 1.0, ""contingency"": [[0, 1], [336, 25312]]}",{}
424,NC00962.3,EMB-0.25-0.9-0.7,0.0,GARC1,RUS,EMB,embB@P136S,U,{},"{""proportion"": 0.0, ""confidence"": [0.0, 0.5749693909936535], ""p_value"": 1.0, ""contingency"": [[0, 2], [336, 25312]]}",{}
425,NC00962.3,EMB-0.25-0.9-0.7,0.0,GARC1,RUS,EMB,embA@A316P,U,{},"{""proportion"": 0.0, ""confidence"": [0.0, 0.7301340512159458], ""p_value"": 1.0, ""contingency"": [[0, 1], [336, 25312]]}",{}
426,NC00962.3,EMB-0.25-0.9-0.7,0.0,GARC1,RUS,EMB,embB@A113T,U,{},"{""proportion"": 0.0, ""confidence"": [0.0, 0.7301340512159458], ""p_value"": 1.0, ""contingency"": [[0, 1], [336, 25312]]}",{}
427,NC00962.3,EMB-0.25-0.9-0.7,0.0,GARC1,RUS,EMB,embB@P1091Q,U,{},"{""proportion"": 0.0, ""confidence"": [0.0, 0.5749693909936535], ""p_value"": 1.0, ""contingency"": [[0, 2], [336, 25312]]}",{}
428,NC00962.3,EMB-0.25-0.9-0.7,0.0,GARC1,RUS,EMB,embB@A680T,U,{},"{""proportion"": 0.0, ""confidence"": [0.0, 0.3511165007651012], ""p_value"": 0.34082031250000006, ""contingency"": [[0, 5], [336, 25312]]}",{}
429,NC00962.3,EMB-0.25-0.9-0.7,0.0,GARC1,RUS,EMB,embA@A440T,U,{},"{""proportion"": 0.0, ""confidence"": [0.0, 0.7301340512159458], ""p_value"": 1.0, ""contingency"": [[0, 1], [336, 25312]]}",{}
430,NC00962.3,EMB-0.25-0.9-0.7,0.0,GARC1,RUS,EMB,embA@-26_del_a,U,{},"{""proportion"": 1.0, ""confidence"": [0.26986594878405434, 1.0000000000000002], ""p_value"": 0.25, ""contingency"": [[1, 0], [336, 25312]]}",{}
431,NC00962.3,EMB-0.25-0.9-0.7,0.0,GARC1,RUS,EMB,embB@A547S,U,{},"{""proportion"": 0.0, ""confidence"": [0.0, 0.3511165007651012], ""p_value"": 0.34082031250000006, ""contingency"": [[0, 5], [336, 25312]]}",{}
432,NC00962.3,EMB-0.25-0.9-0.7,0.0,GARC1,RUS,EMB,embA@P752L,U,{},"{""proportion"": 0.0, ""confidence"": [0.0, 0.5749693909936535], ""p_value"": 1.0, ""contingency"": [[0, 2], [336, 25312]]}",{}
433,NC00962.3,EMB-0.25-0.9-0.7,0.0,GARC1,RUS,EMB,embA@D4Y,U,{},"{""proportion"": 0.0, ""confidence"": [0.0, 0.7301340512159458], ""p_value"": 1.0, ""contingency"": [[0, 1], [336, 25312]]}",{}
434,NC00962.3,EMB-0.25-0.9-0.7,0.0,GARC1,RUS,EMB,embA@Q497R,U,{},"{""proportion"": 0.0, ""confidence"": [0.0, 0.7301340512159458], ""p_value"": 1.0, ""contingency"": [[0, 1], [336, 25312]]}",{}
435,NC00962.3,EMB-0.25-0.9-0.7,0.0,GARC1,RUS,EMB,embB@P195H,U,{},"{""proportion"": 0.0, ""confidence"": [0.0, 0.25272359742376316], ""p_value"": 0.21392822265625003, ""contingency"": [[0, 8], [336, 25312]]}",{}
436,NC00962.3,EMB-0.25-0.9-0.7,0.0,GARC1,RUS,EMB,embA@T899S,U,{},"{""proportion"": 0.0, ""confidence"": [0.0, 0.7301340512159458], ""p_value"": 1.0, ""contingency"": [[0, 1], [336, 25312]]}",{}
437,NC00962.3,EMB-0.25-0.9-0.7,0.0,GARC1,RUS,EMB,embB@R1055S,U,{},"{""proportion"": 0.0, ""confidence"": [0.0, 0.7301340512159458], ""p_value"": 1.0, ""contingency"": [[0, 1], [336, 25312]]}",{}
438,NC00962.3,EMB-0.25-0.9-0.7,0.0,GARC1,RUS,EMB,embB@P708L,U,{},"{""proportion"": 0.0, ""confidence"": [0.0, 0.5749693909936535], ""p_value"": 1.0, ""contingency"": [[0, 2], [336, 25312]]}",{}
439,NC00962.3,EMB-0.25-0.9-0.7,0.0,GARC1,RUS,EMB,embB@S823R,U,{},"{""proportion"": 0.25, ""confidence"": [0.05790732119985871, 0.6438319914014936], ""p_value"": 1.0, ""contingency"": [[1, 3], [336, 25312]]}",{}
440,NC00962.3,EMB-0.25-0.9-0.7,0.0,GARC1,RUS,EMB,embB@A505T,U,{},"{""proportion"": 0.0, ""confidence"": [0.0, 0.7301340512159458], ""p_value"": 1.0, ""contingency"": [[0, 1], [336, 25312]]}",{}
441,NC00962.3,EMB-0.25-0.9-0.7,0.0,GARC1,RUS,EMB,embB@A451T,U,{},"{""proportion"": 0.0, ""confidence"": [0.0, 0.7301340512159458], ""p_value"": 1.0, ""contingency"": [[0, 1], [336, 25312]]}",{}
442,NC00962.3,EMB-0.25-0.9-0.7,0.0,GARC1,RUS,EMB,embB@910_ins_tgg,U,{},"{""proportion"": 0.0, ""confidence"": [0.0, 0.5749693909936535], ""p_value"": 1.0, ""contingency"": [[0, 2], [336, 25312]]}",{}
444,NC00962.3,EMB-0.25-0.9-0.7,0.0,GARC1,RUS,EMB,embB@Y334H,U,{},"{""proportion"": 0.0, ""confidence"": [0.0, 0.7301340512159458], ""p_value"": 1.0, ""contingency"": [[0, 1], [336, 25312]]}",{}
445,NC00962.3,EMB-0.25-0.9-0.7,0.0,GARC1,RUS,EMB,embA@-41_del_at,U,{},"{""proportion"": 1.0, ""confidence"": [0.26986594878405434, 1.0000000000000002], ""p_value"": 0.25, ""contingency"": [[1, 0], [336, 25312]]}",{}
446,NC00962.3,EMB-0.25-0.9-0.7,0.0,GARC1,RUS,EMB,embB@T546I,U,{},"{""proportion"": 1.0, ""confidence"": [0.26986594878405434, 1.0000000000000002], ""p_value"": 0.25, ""contingency"": [[1, 0], [336, 25312]]}",{}
447,NC00962.3,EMB-0.25-0.9-0.7,0.0,GARC1,RUS,EMB,embA@A571T,U,{},"{""proportion"": 0.0, ""confidence"": [0.0, 0.7301340512159458], ""p_value"": 1.0, ""contingency"": [[0, 1], [336, 25312]]}",{}
448,NC00962.3,EMB-0.25-0.9-0.7,0.0,GARC1,RUS,EMB,embB@G34E,U,{},"{""proportion"": 0.0, ""confidence"": [0.0, 0.7301340512159458], ""p_value"": 1.0, ""contingency"": [[0, 1], [336, 25312]]}",{}
449,NC00962.3,EMB-0.25-0.9-0.7,0.0,GARC1,RUS,EMB,embB@A228T,U,{},"{""proportion"": 0.0, ""confidence"": [0.0, 0.3511165007651012], ""p_value"": 0.34082031250000006, ""contingency"": [[0, 5], [336, 25312]]}",{}
450,NC00962.3,EMB-0.25-0.9-0.7,0.0,GARC1,RUS,EMB,embA@K677E,U,{},"{""proportion"": 0.0, ""confidence"": [0.0, 0.7301340512159458], ""p_value"": 1.0, ""contingency"": [[0, 1], [336, 25312]]}",{}
451,NC00962.3,EMB-0.25-0.9-0.7,0.0,GARC1,RUS,EMB,embA@T853A,U,{},"{""proportion"": 0.0, ""confidence"": [0.0, 0.31078398130591417], ""p_value"": 0.347412109375, ""contingency"": [[0, 6], [336, 25312]]}",{}
452,NC00962.3,EMB-0.25-0.9-0.7,0.0,GARC1,RUS,EMB,embA@A23G,U,{},"{""proportion"": 0.0, ""confidence"": [0.0, 0.7301340512159458], ""p_value"": 1.0, ""contingency"": [[0, 1], [336, 25312]]}",{}
453,NC00962.3,EMB-0.25-0.9-0.7,0.0,GARC1,RUS,EMB,embA@V1078M,U,{},"{""proportion"": 0.0, ""confidence"": [0.0, 0.7301340512159458], ""p_value"": 1.0, ""contingency"": [[0, 1], [336, 25312]]}",{}
454,NC00962.3,EMB-0.25-0.9-0.7,0.0,GARC1,RUS,EMB,embA@T300M,U,{},"{""proportion"": 0.0, ""confidence"": [0.0, 0.31078398130591417], ""p_value"": 0.347412109375, ""contingency"": [[0, 6], [336, 25312]]}",{}
455,NC00962.3,EMB-0.25-0.9-0.7,0.0,GARC1,RUS,EMB,embB@H154R,U,{},"{""proportion"": 0.0, ""confidence"": [0.0, 0.7301340512159458], ""p_value"": 1.0, ""contingency"": [[0, 1], [336, 25312]]}",{}
456,NC00962.3,EMB-0.25-0.9-0.7,0.0,GARC1,RUS,EMB,embB@Q853P,U,{},"{""proportion"": 0.0, ""confidence"": [0.0, 0.278762695452542], ""p_value"": 0.20404052734375, ""contingency"": [[0, 7], [336, 25312]]}",{}
457,NC00962.3,EMB-0.25-0.9-0.7,0.0,GARC1,RUS,EMB,embA@t-82c,U,{},"{""proportion"": 0.0, ""confidence"": [0.0, 0.5749693909936535], ""p_value"": 1.0, ""contingency"": [[0, 2], [336, 25312]]}",{}
458,NC00962.3,EMB-0.25-0.9-0.7,0.0,GARC1,RUS,EMB,embA@V489I,U,{},"{""proportion"": 0.0, ""confidence"": [0.0, 0.7301340512159458], ""p_value"": 1.0, ""contingency"": [[0, 1], [336, 25312]]}",{}
459,NC00962.3,EMB-0.25-0.9-0.7,0.0,GARC1,RUS,EMB,embA@L659F,U,{},"{""proportion"": 0.0, ""confidence"": [0.0, 0.3511165007651012], ""p_value"": 0.34082031250000006, ""contingency"": [[0, 5], [336, 25312]]}",{}
460,NC00962.3,EMB-0.25-0.9-0.7,0.0,GARC1,RUS,EMB,embA@S340N,U,{},"{""proportion"": 0.0, ""confidence"": [0.0, 0.7301340512159458], ""p_value"": 1.0, ""contingency"": [[0, 1], [336, 25312]]}",{}
461,NC00962.3,EMB-0.25-0.9-0.7,0.0,GARC1,RUS,EMB,embB@I556V,U,{},"{""proportion"": 0.0, ""confidence"": [0.0, 0.7301340512159458], ""p_value"": 1.0, ""contingency"": [[0, 1], [336, 25312]]}",{}
462,NC00962.3,EMB-0.25-0.9-0.7,0.0,GARC1,RUS,EMB,embB@G62R,U,{},"{""proportion"": 0.0, ""confidence"": [0.0, 0.4741955741575127], ""p_value"": 1.0, ""contingency"": [[0, 3], [336, 25312]]}",{}
463,NC00962.3,EMB-0.25-0.9-0.7,0.0,GARC1,RUS,EMB,embA@-40_del_t,U,{},"{""proportion"": 0.0, ""confidence"": [0.0, 0.31078398130591417], ""p_value"": 0.347412109375, ""contingency"": [[0, 6], [336, 25312]]}",{}
464,NC00962.3,EMB-0.25-0.9-0.7,0.0,GARC1,RUS,EMB,embB@P70R,U,{},"{""proportion"": 0.0, ""confidence"": [-2.1340331742842984e-17, 0.2311335193197566], ""p_value"": 0.12401199340820315, ""contingency"": [[0, 9], [336, 25312]]}",{}
465,NC00962.3,EMB-0.25-0.9-0.7,0.0,GARC1,RUS,EMB,embA@V613M,U,{},"{""proportion"": 0.0, ""confidence"": [0.0, 0.7301340512159458], ""p_value"": 1.0, ""contingency"": [[0, 1], [336, 25312]]}",{}
466,NC00962.3,EMB-0.25-0.9-0.7,0.0,GARC1,RUS,EMB,embA@D273N,U,{},"{""proportion"": 0.0, ""confidence"": [0.0, 0.7301340512159458], ""p_value"": 1.0, ""contingency"": [[0, 1], [336, 25312]]}",{}
467,NC00962.3,EMB-0.25-0.9-0.7,0.0,GARC1,RUS,EMB,embB@P655Q,U,{},"{""proportion"": 0.0, ""confidence"": [0.0, 0.40347862520270455], ""p_value"": 0.578125, ""contingency"": [[0, 4], [336, 25312]]}",{}
468,NC00962.3,EMB-0.25-0.9-0.7,0.0,GARC1,RUS,EMB,embA@G1085V,U,{},"{""proportion"": 0.0, ""confidence"": [0.0, 0.7301340512159458], ""p_value"": 1.0, ""contingency"": [[0, 1], [336, 25312]]}",{}
469,NC00962.3,EMB-0.25-0.9-0.7,0.0,GARC1,RUS,EMB,embA@G623A,U,{},"{""proportion"": 0.0, ""confidence"": [0.0, 0.7301340512159458], ""p_value"": 1.0, ""contingency"": [[0, 1], [336, 25312]]}",{}
470,NC00962.3,EMB-0.25-0.9-0.7,0.0,GARC1,RUS,EMB,embB@S174N,U,{},"{""proportion"": 0.0, ""confidence"": [0.0, 0.7301340512159458], ""p_value"": 1.0, ""contingency"": [[0, 1], [336, 25312]]}",{}
471,NC00962.3,EMB-0.25-0.9-0.7,0.0,GARC1,RUS,EMB,embB@M91I,U,{},"{""proportion"": 0.0, ""confidence"": [0.0, 0.5749693909936535], ""p_value"": 1.0, ""contingency"": [[0, 2], [336, 25312]]}",{}
472,NC00962.3,EMB-0.25-0.9-0.7,0.0,GARC1,RUS,EMB,embB@L239R,U,{},"{""proportion"": 0.0, ""confidence"": [0.0, 0.7301340512159458], ""p_value"": 1.0, ""contingency"": [[0, 1], [336, 25312]]}",{}
473,NC00962.3,EMB-0.25-0.9-0.7,0.0,GARC1,RUS,EMB,embA@T434P,U,{},"{""proportion"": 0.0, ""confidence"": [0.0, 0.5749693909936535], ""p_value"": 1.0, ""contingency"": [[0, 2], [336, 25312]]}",{}
474,NC00962.3,EMB-0.25-0.9-0.7,0.0,GARC1,RUS,EMB,embB@P477A,U,{},"{""proportion"": 0.0, ""confidence"": [0.0, 0.7301340512159458], ""p_value"": 1.0, ""contingency"": [[0, 1], [336, 25312]]}",{}
475,NC00962.3,EMB-0.25-0.9-0.7,0.0,GARC1,RUS,EMB,embB@S142C,U,{},"{""proportion"": 0.0, ""confidence"": [0.0, 0.4741955741575127], ""p_value"": 1.0, ""contingency"": [[0, 3], [336, 25312]]}",{}
476,NC00962.3,EMB-0.25-0.9-0.7,0.0,GARC1,RUS,EMB,embA@A315V,U,{},"{""proportion"": 0.0, ""confidence"": [0.0, 0.7301340512159458], ""p_value"": 1.0, ""contingency"": [[0, 1], [336, 25312]]}",{}
477,NC00962.3,EMB-0.25-0.9-0.7,0.0,GARC1,RUS,EMB,embA@A419T,U,{},"{""proportion"": 0.0, ""confidence"": [0.0, 0.7301340512159458], ""p_value"": 1.0, ""contingency"": [[0, 1], [336, 25312]]}",{}
478,NC00962.3,EMB-0.25-0.9-0.7,0.0,GARC1,RUS,EMB,embA@D883E,U,{},"{""proportion"": 0.0, ""confidence"": [0.0, 0.7301340512159458], ""p_value"": 1.0, ""contingency"": [[0, 1], [336, 25312]]}",{}
479,NC00962.3,EMB-0.25-0.9-0.7,0.0,GARC1,RUS,EMB,embB@T341N,U,{},"{""proportion"": 0.0, ""confidence"": [0.0, 0.40347862520270455], ""p_value"": 0.578125, ""contingency"": [[0, 4], [336, 25312]]}",{}
480,NC00962.3,EMB-0.25-0.9-0.7,0.0,GARC1,RUS,EMB,embA@M735I,U,{},"{""proportion"": 0.0, ""confidence"": [0.0, 0.4741955741575127], ""p_value"": 1.0, ""contingency"": [[0, 3], [336, 25312]]}",{}
481,NC00962.3,EMB-0.25-0.9-0.7,0.0,GARC1,RUS,EMB,embB@V39G,U,{},"{""proportion"": 0.0, ""confidence"": [0.0, 0.5749693909936535], ""p_value"": 1.0, ""contingency"": [[0, 2], [336, 25312]]}",{}
482,NC00962.3,EMB-0.25-0.9-0.7,0.0,GARC1,RUS,EMB,embA@T837A,U,{},"{""proportion"": 0.0, ""confidence"": [0.0, 0.40347862520270455], ""p_value"": 0.578125, ""contingency"": [[0, 4], [336, 25312]]}",{}
483,NC00962.3,EMB-0.25-0.9-0.7,0.0,GARC1,RUS,EMB,embA@I413V,U,{},"{""proportion"": 0.0, ""confidence"": [0.0, 0.7301340512159458], ""p_value"": 1.0, ""contingency"": [[0, 1], [336, 25312]]}",{}
484,NC00962.3,EMB-0.25-0.9-0.7,0.0,GARC1,RUS,EMB,embB@A485V,U,{},"{""proportion"": 0.0, ""confidence"": [0.0, 0.5749693909936535], ""p_value"": 1.0, ""contingency"": [[0, 2], [336, 25312]]}",{}
485,NC00962.3,EMB-0.25-0.9-0.7,0.0,GARC1,RUS,EMB,embB@G194R,U,{},"{""proportion"": 0.0, ""confidence"": [0.0, 0.5749693909936535], ""p_value"": 1.0, ""contingency"": [[0, 2], [336, 25312]]}",{}
486,NC00962.3,EMB-0.25-0.9-0.7,0.0,GARC1,RUS,EMB,embB@T498I,U,{},"{""proportion"": 0.0, ""confidence"": [0.0, 0.5749693909936535], ""p_value"": 1.0, ""contingency"": [[0, 2], [336, 25312]]}",{}
487,NC00962.3,EMB-0.25-0.9-0.7,0.0,GARC1,RUS,EMB,embA@D1053A,U,{},"{""proportion"": 0.0, ""confidence"": [0.0, 0.7301340512159458], ""p_value"": 1.0, ""contingency"": [[0, 1], [336, 25312]]}",{}
488,NC00962.3,EMB-0.25-0.9-0.7,0.0,GARC1,RUS,EMB,embB@N129D,U,{},"{""proportion"": 0.0, ""confidence"": [0.0, 0.5749693909936535], ""p_value"": 1.0, ""contingency"": [[0, 2], [336, 25312]]}",{}
489,NC00962.3,EMB-0.25-0.9-0.7,0.0,GARC1,RUS,EMB,embA@A66V,U,{},"{""proportion"": 0.0, ""confidence"": [0.0, 0.7301340512159458], ""p_value"": 1.0, ""contingency"": [[0, 1], [336, 25312]]}",{}
490,NC00962.3,EMB-0.25-0.9-0.7,0.0,GARC1,RUS,EMB,embB@G244R,U,{},"{""proportion"": 0.0, ""confidence"": [0.0, 0.7301340512159458], ""p_value"": 1.0, ""contingency"": [[0, 1], [336, 25312]]}",{}
491,NC00962.3,EMB-0.25-0.9-0.7,0.0,GARC1,RUS,EMB,embA@L1008P,U,{},"{""proportion"": 0.0, ""confidence"": [0.0, 0.4741955741575127], ""p_value"": 1.0, ""contingency"": [[0, 3], [336, 25312]]}",{}
492,NC00962.3,EMB-0.25-0.9-0.7,0.0,GARC1,RUS,EMB,embA@G157R,U,{},"{""proportion"": 0.0, ""confidence"": [0.0, 0.7301340512159458], ""p_value"": 1.0, ""contingency"": [[0, 1], [336, 25312]]}",{}
493,NC00962.3,EMB-0.25-0.9-0.7,0.0,GARC1,RUS,EMB,embB@C549Y,U,{},"{""proportion"": 0.0, ""confidence"": [0.0, 0.4741955741575127], ""p_value"": 1.0, ""contingency"": [[0, 3], [336, 25312]]}",{}
494,NC00962.3,EMB-0.25-0.9-0.7,0.0,GARC1,RUS,EMB,embA@D865V,U,{},"{""proportion"": 0.0, ""confidence"": [0.0, 0.7301340512159458], ""p_value"": 1.0, ""contingency"": [[0, 1], [336, 25312]]}",{}
495,NC00962.3,EMB-0.25-0.9-0.7,0.0,GARC1,RUS,EMB,embA@N37S,U,{},"{""proportion"": 0.0, ""confidence"": [0.0, 0.7301340512159458], ""p_value"": 1.0, ""contingency"": [[0, 1], [336, 25312]]}",{}
496,NC00962.3,EMB-0.25-0.9-0.7,0.0,GARC1,RUS,EMB,embA@G823E,U,{},"{""proportion"": 0.0, ""confidence"": [0.0, 0.4741955741575127], ""p_value"": 1.0, ""contingency"": [[0, 3], [336, 25312]]}",{}
497,NC00962.3,EMB-0.25-0.9-0.7,0.0,GARC1,RUS,EMB,embA@S1040L,U,{},"{""proportion"": 0.0, ""confidence"": [0.0, 0.7301340512159458], ""p_value"": 1.0, ""contingency"": [[0, 1], [336, 25312]]}",{}
498,NC00962.3,EMB-0.25-0.9-0.7,0.0,GARC1,RUS,EMB,embA@A804T,U,{},"{""proportion"": 0.0, ""confidence"": [0.0, 0.7301340512159458], ""p_value"": 1.0, ""contingency"": [[0, 1], [336, 25312]]}",{}
499,NC00962.3,EMB-0.25-0.9-0.7,0.0,GARC1,RUS,EMB,embA@W393S,U,{},"{""proportion"": 0.0, ""confidence"": [0.0, 0.7301340512159458], ""p_value"": 1.0, ""contingency"": [[0, 1], [336, 25312]]}",{}
500,NC00962.3,EMB-0.25-0.9-0.7,0.0,GARC1,RUS,EMB,embA@V534L,U,{},"{""proportion"": 0.0, ""confidence"": [0.0, 0.5749693909936535], ""p_value"": 1.0, ""contingency"": [[0, 2], [336, 25312]]}",{}
501,NC00962.3,EMB-0.25-0.9-0.7,0.0,GARC1,RUS,EMB,embA@Y502C,U,{},"{""proportion"": 0.0, ""confidence"": [0.0, 0.4741955741575127], ""p_value"": 1.0, ""contingency"": [[0, 3], [336, 25312]]}",{}
502,NC00962.3,EMB-0.25-0.9-0.7,0.0,GARC1,RUS,EMB,embA@H1011Y,U,{},"{""proportion"": 0.0, ""confidence"": [0.0, 0.7301340512159458], ""p_value"": 1.0, ""contingency"": [[0, 1], [336, 25312]]}",{}
503,NC00962.3,EMB-0.25-0.9-0.7,0.0,GARC1,RUS,EMB,embB@M396L,U,{},"{""proportion"": 0.0, ""confidence"": [0.0, 0.7301340512159458], ""p_value"": 1.0, ""contingency"": [[0, 1], [336, 25312]]}",{}
504,NC00962.3,EMB-0.25-0.9-0.7,0.0,GARC1,RUS,EMB,embA@R194Q,U,{},"{""proportion"": 0.0, ""confidence"": [0.0, 0.3511165007651012], ""p_value"": 0.34082031250000006, ""contingency"": [[0, 5], [336, 25312]]}",{}
505,NC00962.3,EMB-0.25-0.9-0.7,0.0,GARC1,RUS,EMB,embA@V911G,U,{},"{""proportion"": 0.0, ""confidence"": [0.0, 0.7301340512159458], ""p_value"": 1.0, ""contingency"": [[0, 1], [336, 25312]]}",{}
506,NC00962.3,EMB-0.25-0.9-0.7,0.0,GARC1,RUS,EMB,embA@A223V,U,{},"{""proportion"": 0.0, ""confidence"": [0.0, 0.7301340512159458], ""p_value"": 1.0, ""contingency"": [[0, 1], [336, 25312]]}",{}
507,NC00962.3,EMB-0.25-0.9-0.7,0.0,GARC1,RUS,EMB,embB@S22F,U,{},"{""proportion"": 0.0, ""confidence"": [0.0, 0.7301340512159458], ""p_value"": 1.0, ""contingency"": [[0, 1], [336, 25312]]}",{}
508,NC00962.3,EMB-0.25-0.9-0.7,0.0,GARC1,RUS,EMB,embB@G305C,U,{},"{""proportion"": 0.0, ""confidence"": [0.0, 0.4741955741575127], ""p_value"": 1.0, ""contingency"": [[0, 3], [336, 25312]]}",{}
509,NC00962.3,EMB-0.25-0.9-0.7,0.0,GARC1,RUS,EMB,embA@R866Q,U,{},"{""proportion"": 0.0, ""confidence"": [0.0, 0.5749693909936535], ""p_value"": 1.0, ""contingency"": [[0, 2], [336, 25312]]}",{}
510,NC00962.3,EMB-0.25-0.9-0.7,0.0,GARC1,RUS,EMB,embA@D4N,U,{},"{""proportion"": 0.0, ""confidence"": [0.0, 0.7301340512159458], ""p_value"": 1.0, ""contingency"": [[0, 1], [336, 25312]]}",{}
511,NC00962.3,EMB-0.25-0.9-0.7,0.0,GARC1,RUS,EMB,embA@R229T,U,{},"{""proportion"": 0.0, ""confidence"": [0.0, 0.7301340512159458], ""p_value"": 1.0, ""contingency"": [[0, 1], [336, 25312]]}",{}
512,NC00962.3,EMB-0.25-0.9-0.7,0.0,GARC1,RUS,EMB,embB@V377M,U,{},"{""proportion"": 0.0, ""confidence"": [0.0, 0.7301340512159458], ""p_value"": 1.0, ""contingency"": [[0, 1], [336, 25312]]}",{}
513,NC00962.3,EMB-0.25-0.9-0.7,0.0,GARC1,RUS,EMB,embA@L261S,U,{},"{""proportion"": 0.0, ""confidence"": [0.0, 0.7301340512159458], ""p_value"": 1.0, ""contingency"": [[0, 1], [336, 25312]]}",{}
514,NC00962.3,EMB-0.25-0.9-0.7,0.0,GARC1,RUS,EMB,embA@R445P,U,{},"{""proportion"": 0.0, ""confidence"": [0.0, 0.7301340512159458], ""p_value"": 1.0, ""contingency"": [[0, 1], [336, 25312]]}",{}
515,NC00962.3,EMB-0.25-0.9-0.7,0.0,GARC1,RUS,EMB,embB@E138G,U,{},"{""proportion"": 0.0, ""confidence"": [0.0, 0.5749693909936535], ""p_value"": 1.0, ""contingency"": [[0, 2], [336, 25312]]}",{}
516,NC00962.3,EMB-0.25-0.9-0.7,0.0,GARC1,RUS,EMB,embB@A155V,U,{},"{""proportion"": 0.0, ""confidence"": [0.0, 0.7301340512159458], ""p_value"": 1.0, ""contingency"": [[0, 1], [336, 25312]]}",{}
517,NC00962.3,EMB-0.25-0.9-0.7,0.0,GARC1,RUS,EMB,embB@A852V,U,{},"{""proportion"": 0.0, ""confidence"": [0.0, 0.7301340512159458], ""p_value"": 1.0, ""contingency"": [[0, 1], [336, 25312]]}",{}
518,NC00962.3,EMB-0.25-0.9-0.7,0.0,GARC1,RUS,EMB,embA@A259T,U,{},"{""proportion"": 0.0, ""confidence"": [0.0, 0.7301340512159458], ""p_value"": 1.0, ""contingency"": [[0, 1], [336, 25312]]}",{}
519,NC00962.3,EMB-0.25-0.9-0.7,0.0,GARC1,RUS,EMB,embA@H673R,U,{},"{""proportion"": 0.0, ""confidence"": [0.0, 0.278762695452542], ""p_value"": 0.20404052734375, ""contingency"": [[0, 7], [336, 25312]]}",{}
520,NC00962.3,EMB-0.25-0.9-0.7,0.0,GARC1,RUS,EMB,embB@F79L,U,{},"{""proportion"": 0.0, ""confidence"": [0.0, 0.7301340512159458], ""p_value"": 1.0, ""contingency"": [[0, 1], [336, 25312]]}",{}
521,NC00962.3,EMB-0.25-0.9-0.7,0.0,GARC1,RUS,EMB,embA@L781H,U,{},"{""proportion"": 0.0, ""confidence"": [0.0, 0.7301340512159458], ""p_value"": 1.0, ""contingency"": [[0, 1], [336, 25312]]}",{}
522,NC00962.3,EMB-0.25-0.9-0.7,0.0,GARC1,RUS,EMB,embB@A693T,U,{},"{""proportion"": 0.0, ""confidence"": [0.0, 0.5749693909936535], ""p_value"": 1.0, ""contingency"": [[0, 2], [336, 25312]]}",{}
523,NC00962.3,EMB-0.25-0.9-0.7,0.0,GARC1,RUS,EMB,embB@T797A,U,{},"{""proportion"": 0.0, ""confidence"": [0.0, 0.4741955741575127], ""p_value"": 1.0, ""contingency"": [[0, 3], [336, 25312]]}",{}
524,NC00962.3,EMB-0.25-0.9-0.7,0.0,GARC1,RUS,EMB,embA@V627A,U,{},"{""proportion"": 0.0, ""confidence"": [0.0, 0.5749693909936535], ""p_value"": 1.0, ""contingency"": [[0, 2], [336, 25312]]}",{}
525,NC00962.3,EMB-0.25-0.9-0.7,0.0,GARC1,RUS,EMB,embB@P93H,U,{},"{""proportion"": 0.0, ""confidence"": [0.0, 0.7301340512159458], ""p_value"": 1.0, ""contingency"": [[0, 1], [336, 25312]]}",{}
526,NC00962.3,EMB-0.25-0.9-0.7,0.0,GARC1,RUS,EMB,embB@S272N,U,{},"{""proportion"": 0.0, ""confidence"": [0.0, 0.4741955741575127], ""p_value"": 1.0, ""contingency"": [[0, 3], [336, 25312]]}",{}
527,NC00962.3,EMB-0.25-0.9-0.7,0.0,GARC1,RUS,EMB,embA@V646L,U,{},"{""proportion"": 0.0, ""confidence"": [0.0, 0.7301340512159458], ""p_value"": 1.0, ""contingency"": [[0, 1], [336, 25312]]}",{}
528,NC00962.3,EMB-0.25-0.9-0.7,0.0,GARC1,RUS,EMB,embB@Y848H,U,{},"{""proportion"": 0.0, ""confidence"": [0.0, 0.7301340512159458], ""p_value"": 1.0, ""contingency"": [[0, 1], [336, 25312]]}",{}
529,NC00962.3,EMB-0.25-0.9-0.7,0.0,GARC1,RUS,EMB,embA@V396M,U,{},"{""proportion"": 0.0, ""confidence"": [0.0, 0.5749693909936535], ""p_value"": 1.0, ""contingency"": [[0, 2], [336, 25312]]}",{}
530,NC00962.3,EMB-0.25-0.9-0.7,0.0,GARC1,RUS,EMB,embB@P45L,U,{},"{""proportion"": 0.0, ""confidence"": [0.0, 0.7301340512159458], ""p_value"": 1.0, ""contingency"": [[0, 1], [336, 25312]]}",{}
531,NC00962.3,EMB-0.25-0.9-0.7,0.0,GARC1,RUS,EMB,embB@P371R,U,{},"{""proportion"": 0.0, ""confidence"": [0.0, 0.5749693909936535], ""p_value"": 1.0, ""contingency"": [[0, 2], [336, 25312]]}",{}
532,NC00962.3,EMB-0.25-0.9-0.7,0.0,GARC1,RUS,EMB,embA@S20P,U,{},"{""proportion"": 0.0, ""confidence"": [0.0, 0.40347862520270455], ""p_value"": 0.578125, ""contingency"": [[0, 4], [336, 25312]]}",{}
533,NC00962.3,EMB-0.25-0.9-0.7,0.0,GARC1,RUS,EMB,embB@T532A,U,{},"{""proportion"": 0.0, ""confidence"": [0.0, 0.5749693909936535], ""p_value"": 1.0, ""contingency"": [[0, 2], [336, 25312]]}",{}
534,NC00962.3,EMB-0.25-0.9-0.7,0.0,GARC1,RUS,EMB,embA@I553L,U,{},"{""proportion"": 0.0, ""confidence"": [0.0, 0.5749693909936535], ""p_value"": 1.0, ""contingency"": [[0, 2], [336, 25312]]}",{}
535,NC00962.3,EMB-0.25-0.9-0.7,0.0,GARC1,RUS,EMB,embB@A388D,U,{},"{""proportion"": 0.0, ""confidence"": [0.0, 0.5749693909936535], ""p_value"": 1.0, ""contingency"": [[0, 2], [336, 25312]]}",{}
536,NC00962.3,EMB-0.25-0.9-0.7,0.0,GARC1,RUS,EMB,embB@P907S,U,{},"{""proportion"": 0.0, ""confidence"": [0.0, 0.7301340512159458], ""p_value"": 1.0, ""contingency"": [[0, 1], [336, 25312]]}",{}
537,NC00962.3,EMB-0.25-0.9-0.7,0.0,GARC1,RUS,EMB,embA@L967M,U,{},"{""proportion"": 0.0, ""confidence"": [0.0, 0.7301340512159458], ""p_value"": 1.0, ""contingency"": [[0, 1], [336, 25312]]}",{}
538,NC00962.3,EMB-0.25-0.9-0.7,0.0,GARC1,RUS,EMB,embA@D144G,U,{},"{""proportion"": 0.0, ""confidence"": [0.0, 0.7301340512159458], ""p_value"": 1.0, ""contingency"": [[0, 1], [336, 25312]]}",{}
539,NC00962.3,EMB-0.25-0.9-0.7,0.0,GARC1,RUS,EMB,embB@A627V,U,{},"{""proportion"": 0.0, ""confidence"": [0.0, 0.7301340512159458], ""p_value"": 1.0, ""contingency"": [[0, 1], [336, 25312]]}",{}
540,NC00962.3,EMB-0.25-0.9-0.7,0.0,GARC1,RUS,EMB,embB@A155P,U,{},"{""proportion"": 0.0, ""confidence"": [0.0, 0.40347862520270455], ""p_value"": 0.578125, ""contingency"": [[0, 4], [336, 25312]]}",{}
541,NC00962.3,EMB-0.25-0.9-0.7,0.0,GARC1,RUS,EMB,embB@A204T,U,{},"{""proportion"": 0.0, ""confidence"": [0.0, 0.7301340512159458], ""p_value"": 1.0, ""contingency"": [[0, 1], [336, 25312]]}",{}
542,NC00962.3,EMB-0.25-0.9-0.7,0.0,GARC1,RUS,EMB,embA@M697V,U,{},"{""proportion"": 0.0, ""confidence"": [0.0, 0.4741955741575127], ""p_value"": 1.0, ""contingency"": [[0, 3], [336, 25312]]}",{}
543,NC00962.3,EMB-0.25-0.9-0.7,0.0,GARC1,RUS,EMB,embA@A586T,U,{},"{""proportion"": 0.0, ""confidence"": [0.0, 0.5749693909936535], ""p_value"": 1.0, ""contingency"": [[0, 2], [336, 25312]]}",{}
544,NC00962.3,EMB-0.25-0.9-0.7,0.0,GARC1,RUS,EMB,embB@A454P,U,{},"{""proportion"": 0.0, ""confidence"": [0.0, 0.7301340512159458], ""p_value"": 1.0, ""contingency"": [[0, 1], [336, 25312]]}",{}
545,NC00962.3,EMB-0.25-0.9-0.7,0.0,GARC1,RUS,EMB,embB@D970A,U,{},"{""proportion"": 0.0, ""confidence"": [0.0, 0.7301340512159458], ""p_value"": 1.0, ""contingency"": [[0, 1], [336, 25312]]}",{}
546,NC00962.3,EMB-0.25-0.9-0.7,0.0,GARC1,RUS,EMB,embA@L525M,U,{},"{""proportion"": 0.0, ""confidence"": [0.0, 0.5749693909936535], ""p_value"": 1.0, ""contingency"": [[0, 2], [336, 25312]]}",{}
547,NC00962.3,EMB-0.25-0.9-0.7,0.0,GARC1,RUS,EMB,embB@D664G,U,{},"{""proportion"": 0.0, ""confidence"": [0.0, 0.7301340512159458], ""p_value"": 1.0, ""contingency"": [[0, 1], [336, 25312]]}",{}
548,NC00962.3,EMB-0.25-0.9-0.7,0.0,GARC1,RUS,EMB,embB@G65D,U,{},"{""proportion"": 0.0, ""confidence"": [0.0, 0.40347862520270455], ""p_value"": 0.578125, ""contingency"": [[0, 4], [336, 25312]]}",{}
549,NC00962.3,EMB-0.25-0.9-0.7,0.0,GARC1,RUS,EMB,embA@W306G,U,{},"{""proportion"": 0.0, ""confidence"": [0.0, 0.7301340512159458], ""p_value"": 1.0, ""contingency"": [[0, 1], [336, 25312]]}",{}
550,NC00962.3,EMB-0.25-0.9-0.7,0.0,GARC1,RUS,EMB,embB@V414G,U,{},"{""proportion"": 0.0, ""confidence"": [0.0, 0.5749693909936535], ""p_value"": 1.0, ""contingency"": [[0, 2], [336, 25312]]}",{}
551,NC00962.3,EMB-0.25-0.9-0.7,0.0,GARC1,RUS,EMB,embA@D274G,U,{},"{""proportion"": 0.0, ""confidence"": [0.0, 0.7301340512159458], ""p_value"": 1.0, ""contingency"": [[0, 1], [336, 25312]]}",{}
552,NC00962.3,EMB-0.25-0.9-0.7,0.0,GARC1,RUS,EMB,embA@A364T,U,{},"{""proportion"": 0.0, ""confidence"": [0.0, 0.7301340512159458], ""p_value"": 1.0, ""contingency"": [[0, 1], [336, 25312]]}",{}
553,NC00962.3,EMB-0.25-0.9-0.7,0.0,GARC1,RUS,EMB,embA@E512A,U,{},"{""proportion"": 0.0, ""confidence"": [0.0, 0.7301340512159458], ""p_value"": 1.0, ""contingency"": [[0, 1], [336, 25312]]}",{}
554,NC00962.3,EMB-0.25-0.9-0.7,0.0,GARC1,RUS,EMB,embA@R188H,U,{},"{""proportion"": 0.0, ""confidence"": [0.0, 0.7301340512159458], ""p_value"": 1.0, ""contingency"": [[0, 1], [336, 25312]]}",{}
555,NC00962.3,EMB-0.25-0.9-0.7,0.0,GARC1,RUS,EMB,embB@G106V,U,{},"{""proportion"": 0.0, ""confidence"": [0.0, 0.7301340512159458], ""p_value"": 1.0, ""contingency"": [[0, 1], [336, 25312]]}",{}
556,NC00962.3,EMB-0.25-0.9-0.7,0.0,GARC1,RUS,EMB,embA@I595V,U,{},"{""proportion"": 0.0, ""confidence"": [0.0, 0.3511165007651012], ""p_value"": 0.34082031250000006, ""contingency"": [[0, 5], [336, 25312]]}",{}
557,NC00962.3,EMB-0.25-0.9-0.7,0.0,GARC1,RUS,EMB,embB@I16L,U,{},"{""proportion"": 0.0, ""confidence"": [0.0, 0.40347862520270455], ""p_value"": 0.578125, ""contingency"": [[0, 4], [336, 25312]]}",{}
558,NC00962.3,EMB-0.25-0.9-0.7,0.0,GARC1,RUS,EMB,embB@A235V,U,{},"{""proportion"": 0.0, ""confidence"": [0.0, 0.7301340512159458], ""p_value"": 1.0, ""contingency"": [[0, 1], [336, 25312]]}",{}
559,NC00962.3,EMB-0.25-0.9-0.7,0.0,GARC1,RUS,EMB,embA@I131V,U,{},"{""proportion"": 0.0, ""confidence"": [0.0, 0.4741955741575127], ""p_value"": 1.0, ""contingency"": [[0, 3], [336, 25312]]}",{}
560,NC00962.3,EMB-0.25-0.9-0.7,0.0,GARC1,RUS,EMB,embB@F176L,U,{},"{""proportion"": 0.0, ""confidence"": [0.0, 0.7301340512159458], ""p_value"": 1.0, ""contingency"": [[0, 1], [336, 25312]]}",{}
561,NC00962.3,EMB-0.25-0.9-0.7,0.0,GARC1,RUS,EMB,embB@P197R,U,{},"{""proportion"": 0.0, ""confidence"": [0.0, 0.7301340512159458], ""p_value"": 1.0, ""contingency"": [[0, 1], [336, 25312]]}",{}
562,NC00962.3,EMB-0.25-0.9-0.7,0.0,GARC1,RUS,EMB,embA@N110D,U,{},"{""proportion"": 0.0, ""confidence"": [0.0, 0.5749693909936535], ""p_value"": 1.0, ""contingency"": [[0, 2], [336, 25312]]}",{}
563,NC00962.3,EMB-0.25-0.9-0.7,0.0,GARC1,RUS,EMB,embB@V282A,U,{},"{""proportion"": 0.0, ""confidence"": [0.0, 0.7301340512159458], ""p_value"": 1.0, ""contingency"": [[0, 1], [336, 25312]]}",{}
564,NC00962.3,EMB-0.25-0.9-0.7,0.0,GARC1,RUS,EMB,embB@R257W,U,{},"{""proportion"": 0.0, ""confidence"": [0.0, 0.5749693909936535], ""p_value"": 1.0, ""contingency"": [[0, 2], [336, 25312]]}",{}
565,NC00962.3,EMB-0.25-0.9-0.7,0.0,GARC1,RUS,EMB,embA@P381L,U,{},"{""proportion"": 0.0, ""confidence"": [0.0, 0.5749693909936535], ""p_value"": 1.0, ""contingency"": [[0, 2], [336, 25312]]}",{}
566,NC00962.3,EMB-0.25-0.9-0.7,0.0,GARC1,RUS,EMB,embA@G1088!,U,{},"{""proportion"": 0.0, ""confidence"": [0.0, 0.7301340512159458], ""p_value"": 1.0, ""contingency"": [[0, 1], [336, 25312]]}",{}
567,NC00962.3,EMB-0.25-0.9-0.7,0.0,GARC1,RUS,EMB,embB@R623P,U,{},"{""proportion"": 0.0, ""confidence"": [0.0, 0.7301340512159458], ""p_value"": 1.0, ""contingency"": [[0, 1], [336, 25312]]}",{}
568,NC00962.3,EMB-0.25-0.9-0.7,0.0,GARC1,RUS,EMB,embA@A109T,U,{},"{""proportion"": 0.0, ""confidence"": [0.0, 0.5749693909936535], ""p_value"": 1.0, ""contingency"": [[0, 2], [336, 25312]]}",{}
569,NC00962.3,EMB-0.25-0.9-0.7,0.0,GARC1,RUS,EMB,embA@L563V,U,{},"{""proportion"": 0.0, ""confidence"": [0.0, 0.7301340512159458], ""p_value"": 1.0, ""contingency"": [[0, 1], [336, 25312]]}",{}
570,NC00962.3,EMB-0.25-0.9-0.7,0.0,GARC1,RUS,EMB,embB@G665W,U,{},"{""proportion"": 0.0, ""confidence"": [0.0, 0.40347862520270455], ""p_value"": 0.578125, ""contingency"": [[0, 4], [336, 25312]]}",{}
571,NC00962.3,EMB-0.25-0.9-0.7,0.0,GARC1,RUS,EMB,embB@A1083V,U,{},"{""proportion"": 0.0, ""confidence"": [0.0, 0.7301340512159458], ""p_value"": 1.0, ""contingency"": [[0, 1], [336, 25312]]}",{}
572,NC00962.3,EMB-0.25-0.9-0.7,0.0,GARC1,RUS,EMB,embB@L1053V,U,{},"{""proportion"": 0.0, ""confidence"": [0.0, 0.7301340512159458], ""p_value"": 1.0, ""contingency"": [[0, 1], [336, 25312]]}",{}
573,NC00962.3,EMB-0.25-0.9-0.7,0.0,GARC1,RUS,EMB,embB@A993T,U,{},"{""proportion"": 0.0, ""confidence"": [0.0, 0.7301340512159458], ""p_value"": 1.0, ""contingency"": [[0, 1], [336, 25312]]}",{}
574,NC00962.3,EMB-0.25-0.9-0.7,0.0,GARC1,RUS,EMB,embA@A494S,U,{},"{""proportion"": 0.0, ""confidence"": [0.0, 0.7301340512159458], ""p_value"": 1.0, ""contingency"": [[0, 1], [336, 25312]]}",{}
575,NC00962.3,EMB-0.25-0.9-0.7,0.0,GARC1,RUS,EMB,embA@I821T,U,{},"{""proportion"": 0.0, ""confidence"": [0.0, 0.7301340512159458], ""p_value"": 1.0, ""contingency"": [[0, 1], [336, 25312]]}",{}
576,NC00962.3,EMB-0.25-0.9-0.7,0.0,GARC1,RUS,EMB,embB@D752H,U,{},"{""proportion"": 0.0, ""confidence"": [0.0, 0.7301340512159458], ""p_value"": 1.0, ""contingency"": [[0, 1], [336, 25312]]}",{}
577,NC00962.3,EMB-0.25-0.9-0.7,0.0,GARC1,RUS,EMB,embB@V898M,U,{},"{""proportion"": 0.0, ""confidence"": [0.0, 0.7301340512159458], ""p_value"": 1.0, ""contingency"": [[0, 1], [336, 25312]]}",{}
578,NC00962.3,EMB-0.25-0.9-0.7,0.0,GARC1,RUS,EMB,embA@T300A,U,{},"{""proportion"": 0.0, ""confidence"": [0.0, 0.7301340512159458], ""p_value"": 1.0, ""contingency"": [[0, 1], [336, 25312]]}",{}
579,NC00962.3,EMB-0.25-0.9-0.7,0.0,GARC1,RUS,EMB,embA@N847S,U,{},"{""proportion"": 0.0, ""confidence"": [0.0, 0.7301340512159458], ""p_value"": 1.0, ""contingency"": [[0, 1], [336, 25312]]}",{}
580,NC00962.3,EMB-0.25-0.9-0.7,0.0,GARC1,RUS,EMB,embA@R11Q,U,{},"{""proportion"": 0.0, ""confidence"": [0.0, 0.5749693909936535], ""p_value"": 1.0, ""contingency"": [[0, 2], [336, 25312]]}",{}
581,NC00962.3,EMB-0.25-0.9-0.7,0.0,GARC1,RUS,EMB,embB@D78E,U,{},"{""proportion"": 0.0, ""confidence"": [0.0, 0.7301340512159458], ""p_value"": 1.0, ""contingency"": [[0, 1], [336, 25312]]}",{}
582,NC00962.3,EMB-0.25-0.9-0.7,0.0,GARC1,RUS,EMB,embA@G817S,U,{},"{""proportion"": 0.0, ""confidence"": [0.0, 0.7301340512159458], ""p_value"": 1.0, ""contingency"": [[0, 1], [336, 25312]]}",{}
583,NC00962.3,EMB-0.25-0.9-0.7,0.0,GARC1,RUS,EMB,embA@V458P,U,{},"{""proportion"": 0.0, ""confidence"": [0.0, 0.5749693909936535], ""p_value"": 1.0, ""contingency"": [[0, 2], [336, 25312]]}",{}
584,NC00962.3,EMB-0.25-0.9-0.7,0.0,GARC1,RUS,EMB,embA@R234P,U,{},"{""proportion"": 0.0, ""confidence"": [0.0, 0.7301340512159458], ""p_value"": 1.0, ""contingency"": [[0, 1], [336, 25312]]}",{}
585,NC00962.3,EMB-0.25-0.9-0.7,0.0,GARC1,RUS,EMB,embB@P809S,U,{},"{""proportion"": 0.0, ""confidence"": [0.0, 0.3511165007651012], ""p_value"": 0.34082031250000006, ""contingency"": [[0, 5], [336, 25312]]}",{}
586,NC00962.3,EMB-0.25-0.9-0.7,0.0,GARC1,RUS,EMB,embB@P12Q,U,{},"{""proportion"": 0.0, ""confidence"": [0.0, 0.7301340512159458], ""p_value"": 1.0, ""contingency"": [[0, 1], [336, 25312]]}",{}
587,NC00962.3,EMB-0.25-0.9-0.7,0.0,GARC1,RUS,EMB,embA@T983I,U,{},"{""proportion"": 0.0, ""confidence"": [0.0, 0.5749693909936535], ""p_value"": 1.0, ""contingency"": [[0, 2], [336, 25312]]}",{}
588,NC00962.3,EMB-0.25-0.9-0.7,0.0,GARC1,RUS,EMB,embB@V727A,U,{},"{""proportion"": 0.0, ""confidence"": [0.0, 0.7301340512159458], ""p_value"": 1.0, ""contingency"": [[0, 1], [336, 25312]]}",{}
589,NC00962.3,EMB-0.25-0.9-0.7,0.0,GARC1,RUS,EMB,embA@M324V,U,{},"{""proportion"": 0.0, ""confidence"": [0.0, 0.7301340512159458], ""p_value"": 1.0, ""contingency"": [[0, 1], [336, 25312]]}",{}
590,NC00962.3,EMB-0.25-0.9-0.7,0.0,GARC1,RUS,EMB,embA@V458A,U,{},"{""proportion"": 0.0, ""confidence"": [0.0, 0.7301340512159458], ""p_value"": 1.0, ""contingency"": [[0, 1], [336, 25312]]}",{}
591,NC00962.3,EMB-0.25-0.9-0.7,0.0,GARC1,RUS,EMB,embB@L268P,U,{},"{""proportion"": 0.0, ""confidence"": [0.0, 0.7301340512159458], ""p_value"": 1.0, ""contingency"": [[0, 1], [336, 25312]]}",{}
592,NC00962.3,EMB-0.25-0.9-0.7,0.0,GARC1,RUS,EMB,embA@F650L,U,{},"{""proportion"": 0.0, ""confidence"": [0.0, 0.7301340512159458], ""p_value"": 1.0, ""contingency"": [[0, 1], [336, 25312]]}",{}
593,NC00962.3,EMB-0.25-0.9-0.7,0.0,GARC1,RUS,EMB,embA@Q990H,U,{},"{""proportion"": 0.0, ""confidence"": [0.0, 0.7301340512159458], ""p_value"": 1.0, ""contingency"": [[0, 1], [336, 25312]]}",{}
594,NC00962.3,EMB-0.25-0.9-0.7,0.0,GARC1,RUS,EMB,embA@E397K,U,{},"{""proportion"": 0.0, ""confidence"": [0.0, 0.7301340512159458], ""p_value"": 1.0, ""contingency"": [[0, 1], [336, 25312]]}",{}
595,NC00962.3,EMB-0.25-0.9-0.7,0.0,GARC1,RUS,EMB,embB@P818T,U,{},"{""proportion"": 0.0, ""confidence"": [0.0, 0.5749693909936535], ""p_value"": 1.0, ""contingency"": [[0, 2], [336, 25312]]}",{}
596,NC00962.3,EMB-0.25-0.9-0.7,0.0,GARC1,RUS,EMB,embB@A705T,U,{},"{""proportion"": 0.0, ""confidence"": [0.0, 0.7301340512159458], ""p_value"": 1.0, ""contingency"": [[0, 1], [336, 25312]]}",{}
597,NC00962.3,EMB-0.25-0.9-0.7,0.0,GARC1,RUS,EMB,embB@I226V,U,{},"{""proportion"": 0.0, ""confidence"": [0.0, 0.4741955741575127], ""p_value"": 1.0, ""contingency"": [[0, 3], [336, 25312]]}",{}
598,NC00962.3,EMB-0.25-0.9-0.7,0.0,GARC1,RUS,EMB,embB@W28S,U,{},"{""proportion"": 0.0, ""confidence"": [0.0, 0.7301340512159458], ""p_value"": 1.0, ""contingency"": [[0, 1], [336, 25312]]}",{}
599,NC00962.3,EMB-0.25-0.9-0.7,0.0,GARC1,RUS,EMB,embB@T819I,U,{},"{""proportion"": 0.0, ""confidence"": [0.0, 0.7301340512159458], ""p_value"": 1.0, ""contingency"": [[0, 1], [336, 25312]]}",{}
600,NC00962.3,EMB-0.25-0.9-0.7,0.0,GARC1,RUS,EMB,embA@A284S,U,{},"{""proportion"": 0.0, ""confidence"": [0.0, 0.7301340512159458], ""p_value"": 1.0, ""contingency"": [[0, 1], [336, 25312]]}",{}
601,NC00962.3,EMB-0.25-0.9-0.7,0.0,GARC1,RUS,EMB,embB@A677T,U,{},"{""proportion"": 0.0, ""confidence"": [0.0, 0.7301340512159458], ""p_value"": 1.0, ""contingency"": [[0, 1], [336, 25312]]}",{}
602,NC00962.3,EMB-0.25-0.9-0.7,0.0,GARC1,RUS,EMB,embB@R1059G,U,{},"{""proportion"": 0.0, ""confidence"": [0.0, 0.7301340512159458], ""p_value"": 1.0, ""contingency"": [[0, 1], [336, 25312]]}",{}
603,NC00962.3,EMB-0.25-0.9-0.7,0.0,GARC1,RUS,EMB,embA@T1033I,U,{},"{""proportion"": 0.0, ""confidence"": [0.0, 0.7301340512159458], ""p_value"": 1.0, ""contingency"": [[0, 1], [336, 25312]]}",{}
604,NC00962.3,EMB-0.25-0.9-0.7,0.0,GARC1,RUS,EMB,embB@T830M,U,{},"{""proportion"": 0.0, ""confidence"": [0.0, 0.7301340512159458], ""p_value"": 1.0, ""contingency"": [[0, 1], [336, 25312]]}",{}
605,NC00962.3,EMB-0.25-0.9-0.7,0.0,GARC1,RUS,EMB,embB@C549G,U,{},"{""proportion"": 0.0, ""confidence"": [0.0, 0.7301340512159458], ""p_value"": 1.0, ""contingency"": [[0, 1], [336, 25312]]}",{}
606,NC00962.3,EMB-0.25-0.9-0.7,0.0,GARC1,RUS,EMB,embA@T113M,U,{},"{""proportion"": 0.0, ""confidence"": [0.0, 0.7301340512159458], ""p_value"": 1.0, ""contingency"": [[0, 1], [336, 25312]]}",{}
607,NC00962.3,EMB-0.25-0.9-0.7,0.0,GARC1,RUS,EMB,embB@A201T,U,{},"{""proportion"": 0.0, ""confidence"": [0.0, 0.7301340512159458], ""p_value"": 1.0, ""contingency"": [[0, 1], [336, 25312]]}",{}
608,NC00962.3,EMB-0.25-0.9-0.7,0.0,GARC1,RUS,EMB,embA@L723V,U,{},"{""proportion"": 0.0, ""confidence"": [0.0, 0.7301340512159458], ""p_value"": 1.0, ""contingency"": [[0, 1], [336, 25312]]}",{}
609,NC00962.3,EMB-0.25-0.9-0.7,0.0,GARC1,RUS,EMB,embB@D869E,U,{},"{""proportion"": 0.0, ""confidence"": [0.0, 0.4741955741575127], ""p_value"": 1.0, ""contingency"": [[0, 3], [336, 25312]]}",{}
610,NC00962.3,EMB-0.25-0.9-0.7,0.0,GARC1,RUS,EMB,embA@T688M,U,{},"{""proportion"": 0.0, ""confidence"": [0.0, 0.7301340512159458], ""p_value"": 1.0, ""contingency"": [[0, 1], [336, 25312]]}",{}
611,NC00962.3,EMB-0.25-0.9-0.7,0.0,GARC1,RUS,EMB,embB@F628S,U,{},"{""proportion"": 0.0, ""confidence"": [0.0, 0.5749693909936535], ""p_value"": 1.0, ""contingency"": [[0, 2], [336, 25312]]}",{}
612,NC00962.3,EMB-0.25-0.9-0.7,0.0,GARC1,RUS,EMB,embA@I877T,U,{},"{""proportion"": 0.0, ""confidence"": [0.0, 0.5749693909936535], ""p_value"": 1.0, ""contingency"": [[0, 2], [336, 25312]]}",{}
613,NC00962.3,EMB-0.25-0.9-0.7,0.0,GARC1,RUS,EMB,embB@S261P,U,{},"{""proportion"": 0.0, ""confidence"": [0.0, 0.7301340512159458], ""p_value"": 1.0, ""contingency"": [[0, 1], [336, 25312]]}",{}
614,NC00962.3,EMB-0.25-0.9-0.7,0.0,GARC1,RUS,EMB,embB@K820N,U,{},"{""proportion"": 0.0, ""confidence"": [0.0, 0.7301340512159458], ""p_value"": 1.0, ""contingency"": [[0, 1], [336, 25312]]}",{}
615,NC00962.3,EMB-0.25-0.9-0.7,0.0,GARC1,RUS,EMB,embB@G914R,U,{},"{""proportion"": 0.0, ""confidence"": [0.0, 0.7301340512159458], ""p_value"": 1.0, ""contingency"": [[0, 1], [336, 25312]]}",{}
616,NC00962.3,EMB-0.25-0.9-0.7,0.0,GARC1,RUS,EMB,embA@T652M,U,{},"{""proportion"": 0.0, ""confidence"": [0.0, 0.7301340512159458], ""p_value"": 1.0, ""contingency"": [[0, 1], [336, 25312]]}",{}
617,NC00962.3,EMB-0.25-0.9-0.7,0.0,GARC1,RUS,EMB,embB@V508F,U,{},"{""proportion"": 0.0, ""confidence"": [0.0, 0.4741955741575127], ""p_value"": 1.0, ""contingency"": [[0, 3], [336, 25312]]}",{}
618,NC00962.3,EMB-0.25-0.9-0.7,0.0,GARC1,RUS,EMB,embB@I1039M,U,{},"{""proportion"": 0.0, ""confidence"": [0.0, 0.31078398130591417], ""p_value"": 0.347412109375, ""contingency"": [[0, 6], [336, 25312]]}",{}
619,NC00962.3,EMB-0.25-0.9-0.7,0.0,GARC1,RUS,EMB,embA@T40I,U,{},"{""proportion"": 0.0, ""confidence"": [0.0, 0.7301340512159458], ""p_value"": 1.0, ""contingency"": [[0, 1], [336, 25312]]}",{}
620,NC00962.3,EMB-0.25-0.9-0.7,0.0,GARC1,RUS,EMB,embA@V89M,U,{},"{""proportion"": 0.0, ""confidence"": [0.0, 0.7301340512159458], ""p_value"": 1.0, ""contingency"": [[0, 1], [336, 25312]]}",{}
621,NC00962.3,EMB-0.25-0.9-0.7,0.0,GARC1,RUS,EMB,embA@Y307H,U,{},"{""proportion"": 0.0, ""confidence"": [0.0, 0.4741955741575127], ""p_value"": 1.0, ""contingency"": [[0, 3], [336, 25312]]}",{}
622,NC00962.3,EMB-0.25-0.9-0.7,0.0,GARC1,RUS,EMB,embB@V888M,U,{},"{""proportion"": 0.0, ""confidence"": [0.0, 0.7301340512159458], ""p_value"": 1.0, ""contingency"": [[0, 1], [336, 25312]]}",{}
623,NC00962.3,EMB-0.25-0.9-0.7,0.0,GARC1,RUS,EMB,embA@c-3t,U,{},"{""proportion"": 0.0, ""confidence"": [0.0, 0.7301340512159458], ""p_value"": 1.0, ""contingency"": [[0, 1], [336, 25312]]}",{}
624,NC00962.3,EMB-0.25-0.9-0.7,0.0,GARC1,RUS,EMB,embB@I578V,U,{},"{""proportion"": 0.0, ""confidence"": [0.0, 0.7301340512159458], ""p_value"": 1.0, ""contingency"": [[0, 1], [336, 25312]]}",{}
625,NC00962.3,EMB-0.25-0.9-0.7,0.0,GARC1,RUS,EMB,embA@P976T,U,{},"{""proportion"": 0.0, ""confidence"": [0.0, 0.5749693909936535], ""p_value"": 1.0, ""contingency"": [[0, 2], [336, 25312]]}",{}
626,NC00962.3,EMB-0.25-0.9-0.7,0.0,GARC1,RUS,EMB,embB@I545M,U,{},"{""proportion"": 0.0, ""confidence"": [0.0, 0.5749693909936535], ""p_value"": 1.0, ""contingency"": [[0, 2], [336, 25312]]}",{}
627,NC00962.3,EMB-0.25-0.9-0.7,0.0,GARC1,RUS,EMB,embB@D758N,U,{},"{""proportion"": 0.0, ""confidence"": [0.0, 0.5749693909936535], ""p_value"": 1.0, ""contingency"": [[0, 2], [336, 25312]]}",{}
628,NC00962.3,EMB-0.25-0.9-0.7,0.0,GARC1,RUS,EMB,embB@M939I,U,{},"{""proportion"": 0.0, ""confidence"": [0.0, 0.7301340512159458], ""p_value"": 1.0, ""contingency"": [[0, 1], [336, 25312]]}",{}
629,NC00962.3,EMB-0.25-0.9-0.7,0.0,GARC1,RUS,EMB,embA@P774H,U,{},"{""proportion"": 0.0, ""confidence"": [0.0, 0.5749693909936535], ""p_value"": 1.0, ""contingency"": [[0, 2], [336, 25312]]}",{}
630,NC00962.3,EMB-0.25-0.9-0.7,0.0,GARC1,RUS,EMB,embB@G37S,U,{},"{""proportion"": 0.0, ""confidence"": [0.0, 0.3511165007651012], ""p_value"": 0.34082031250000006, ""contingency"": [[0, 5], [336, 25312]]}",{}
631,NC00962.3,EMB-0.25-0.9-0.7,0.0,GARC1,RUS,EMB,embA@V819I,U,{},"{""proportion"": 0.0, ""confidence"": [0.0, 0.7301340512159458], ""p_value"": 1.0, ""contingency"": [[0, 1], [336, 25312]]}",{}
632,NC00962.3,EMB-0.25-0.9-0.7,0.0,GARC1,RUS,EMB,embB@G836E,U,{},"{""proportion"": 0.0, ""confidence"": [0.0, 0.5749693909936535], ""p_value"": 1.0, ""contingency"": [[0, 2], [336, 25312]]}",{}
633,NC00962.3,EMB-0.25-0.9-0.7,0.0,GARC1,RUS,EMB,embA@G841A,U,{},"{""proportion"": 0.0, ""confidence"": [0.0, 0.4741955741575127], ""p_value"": 1.0, ""contingency"": [[0, 3], [336, 25312]]}",{}
634,NC00962.3,EMB-0.25-0.9-0.7,0.0,GARC1,RUS,EMB,embB@R568H,U,{},"{""proportion"": 0.0, ""confidence"": [0.0, 0.7301340512159458], ""p_value"": 1.0, ""contingency"": [[0, 1], [336, 25312]]}",{}
635,NC00962.3,EMB-0.25-0.9-0.7,0.0,GARC1,RUS,EMB,embA@S994F,U,{},"{""proportion"": 0.0, ""confidence"": [0.0, 0.7301340512159458], ""p_value"": 1.0, ""contingency"": [[0, 1], [336, 25312]]}",{}
636,NC00962.3,EMB-0.25-0.9-0.7,0.0,GARC1,RUS,EMB,embA@P1087S,U,{},"{""proportion"": 0.0, ""confidence"": [0.0, 0.7301340512159458], ""p_value"": 1.0, ""contingency"": [[0, 1], [336, 25312]]}",{}
637,NC00962.3,EMB-0.25-0.9-0.7,0.0,GARC1,RUS,EMB,embA@A721T,U,{},"{""proportion"": 0.0, ""confidence"": [0.0, 0.5749693909936535], ""p_value"": 1.0, ""contingency"": [[0, 2], [336, 25312]]}",{}
638,NC00962.3,EMB-0.25-0.9-0.7,0.0,GARC1,RUS,EMB,embB@D57G,U,{},"{""proportion"": 0.0, ""confidence"": [0.0, 0.5749693909936535], ""p_value"": 1.0, ""contingency"": [[0, 2], [336, 25312]]}",{}
639,NC00962.3,EMB-0.25-0.9-0.7,0.0,GARC1,RUS,EMB,embA@L614M,U,{},"{""proportion"": 0.0, ""confidence"": [0.0, 0.7301340512159458], ""p_value"": 1.0, ""contingency"": [[0, 1], [336, 25312]]}",{}
640,NC00962.3,EMB-0.25-0.9-0.7,0.0,GARC1,RUS,EMB,embA@Y276C,U,{},"{""proportion"": 0.0, ""confidence"": [0.0, 0.7301340512159458], ""p_value"": 1.0, ""contingency"": [[0, 1], [336, 25312]]}",{}
641,NC00962.3,EMB-0.25-0.9-0.7,0.0,GARC1,RUS,EMB,embB@E1008A,U,{},"{""proportion"": 0.0, ""confidence"": [0.0, 0.7301340512159458], ""p_value"": 1.0, ""contingency"": [[0, 1], [336, 25312]]}",{}
642,NC00962.3,EMB-0.25-0.9-0.7,0.0,GARC1,RUS,EMB,embA@L832F,U,{},"{""proportion"": 0.0, ""confidence"": [0.0, 0.7301340512159458], ""p_value"": 1.0, ""contingency"": [[0, 1], [336, 25312]]}",{}
643,NC00962.3,EMB-0.25-0.9-0.7,0.0,GARC1,RUS,EMB,embB@P766R,U,{},"{""proportion"": 0.0, ""confidence"": [0.0, 0.5749693909936535], ""p_value"": 1.0, ""contingency"": [[0, 2], [336, 25312]]}",{}
644,NC00962.3,EMB-0.25-0.9-0.7,0.0,GARC1,RUS,EMB,embA@A1069V,U,{},"{""proportion"": 0.0, ""confidence"": [0.0, 0.7301340512159458], ""p_value"": 1.0, ""contingency"": [[0, 1], [336, 25312]]}",{}
645,NC00962.3,EMB-0.25-0.9-0.7,0.0,GARC1,RUS,EMB,embA@V698I,U,{},"{""proportion"": 0.0, ""confidence"": [0.0, 0.5749693909936535], ""p_value"": 1.0, ""contingency"": [[0, 2], [336, 25312]]}",{}
646,NC00962.3,EMB-0.25-0.9-0.7,0.0,GARC1,RUS,EMB,embB@V42L,U,{},"{""proportion"": 0.0, ""confidence"": [0.0, 0.7301340512159458], ""p_value"": 1.0, ""contingency"": [[0, 1], [336, 25312]]}",{}
647,NC00962.3,EMB-0.25-0.9-0.7,0.0,GARC1,RUS,EMB,embA@L62M,U,{},"{""proportion"": 0.0, ""confidence"": [0.0, 0.7301340512159458], ""p_value"": 1.0, ""contingency"": [[0, 1], [336, 25312]]}",{}
648,NC00962.3,EMB-0.25-0.9-0.7,0.0,GARC1,RUS,EMB,embA@H665Y,U,{},"{""proportion"": 0.0, ""confidence"": [0.0, 0.5749693909936535], ""p_value"": 1.0, ""contingency"": [[0, 2], [336, 25312]]}",{}
649,NC00962.3,EMB-0.25-0.9-0.7,0.0,GARC1,RUS,EMB,embB@A630T,U,{},"{""proportion"": 0.0, ""confidence"": [0.0, 0.7301340512159458], ""p_value"": 1.0, ""contingency"": [[0, 1], [336, 25312]]}",{}
650,NC00962.3,EMB-0.25-0.9-0.7,0.0,GARC1,RUS,EMB,embA@D176A,U,{},"{""proportion"": 0.0, ""confidence"": [0.0, 0.5749693909936535], ""p_value"": 1.0, ""contingency"": [[0, 2], [336, 25312]]}",{}
651,NC00962.3,EMB-0.25-0.9-0.7,0.0,GARC1,RUS,EMB,embA@A736V,U,{},"{""proportion"": 0.0, ""confidence"": [0.0, 0.7301340512159458], ""p_value"": 1.0, ""contingency"": [[0, 1], [336, 25312]]}",{}
652,NC00962.3,EMB-0.25-0.9-0.7,0.0,GARC1,RUS,EMB,embB@V793I,U,{},"{""proportion"": 0.0, ""confidence"": [0.0, 0.4741955741575127], ""p_value"": 1.0, ""contingency"": [[0, 3], [336, 25312]]}",{}
653,NC00962.3,EMB-0.25-0.9-0.7,0.0,GARC1,RUS,EMB,embB@2943_del_gca,U,{},"{""proportion"": 0.0, ""confidence"": [0.0, 0.5749693909936535], ""p_value"": 1.0, ""contingency"": [[0, 2], [336, 25312]]}",{}
654,NC00962.3,EMB-0.25-0.9-0.7,0.0,GARC1,RUS,EMB,embB@M764L,U,{},"{""proportion"": 0.0, ""confidence"": [0.0, 0.7301340512159458], ""p_value"": 1.0, ""contingency"": [[0, 1], [336, 25312]]}",{}
655,NC00962.3,EMB-0.25-0.9-0.7,0.0,GARC1,RUS,EMB,embB@A903T,U,{},"{""proportion"": 0.0, ""confidence"": [0.0, 0.7301340512159458], ""p_value"": 1.0, ""contingency"": [[0, 1], [336, 25312]]}",{}
656,NC00962.3,EMB-0.25-0.9-0.7,0.0,GARC1,RUS,EMB,embB@G851V,U,{},"{""proportion"": 0.0, ""confidence"": [0.0, 0.7301340512159458], ""p_value"": 1.0, ""contingency"": [[0, 1], [336, 25312]]}",{}
657,NC00962.3,EMB-0.25-0.9-0.7,0.0,GARC1,RUS,EMB,embA@D144N,U,{},"{""proportion"": 0.0, ""confidence"": [0.0, 0.7301340512159458], ""p_value"": 1.0, ""contingency"": [[0, 1], [336, 25312]]}",{}
658,NC00962.3,EMB-0.25-0.9-0.7,0.0,GARC1,RUS,EMB,embA@A460T,U,{},"{""proportion"": 0.0, ""confidence"": [0.0, 0.40347862520270455], ""p_value"": 0.578125, ""contingency"": [[0, 4], [336, 25312]]}",{}
659,NC00962.3,EMB-0.25-0.9-0.7,0.0,GARC1,RUS,EMB,embA@R1047G,U,{},"{""proportion"": 0.0, ""confidence"": [0.0, 0.5749693909936535], ""p_value"": 1.0, ""contingency"": [[0, 2], [336, 25312]]}",{}
660,NC00962.3,EMB-0.25-0.9-0.7,0.0,GARC1,RUS,EMB,embA@I1007L,U,{},"{""proportion"": 0.0, ""confidence"": [0.0, 0.7301340512159458], ""p_value"": 1.0, ""contingency"": [[0, 1], [336, 25312]]}",{}
661,NC00962.3,EMB-0.25-0.9-0.7,0.0,GARC1,RUS,EMB,embA@G154S,U,{},"{""proportion"": 0.0, ""confidence"": [0.0, 0.7301340512159458], ""p_value"": 1.0, ""contingency"": [[0, 1], [336, 25312]]}",{}
662,NC00962.3,EMB-0.25-0.9-0.7,0.0,GARC1,RUS,EMB,embB@A840G,U,{},"{""proportion"": 0.0, ""confidence"": [0.0, 0.7301340512159458], ""p_value"": 1.0, ""contingency"": [[0, 1], [336, 25312]]}",{}
663,NC00962.3,EMB-0.25-0.9-0.7,0.0,GARC1,RUS,EMB,embB@M575V,U,{},"{""proportion"": 0.0, ""confidence"": [0.0, 0.5749693909936535], ""p_value"": 1.0, ""contingency"": [[0, 2], [336, 25312]]}",{}
664,NC00962.3,EMB-0.25-0.9-0.7,0.0,GARC1,RUS,EMB,embB@E149K,U,{},"{""proportion"": 0.0, ""confidence"": [0.0, 0.7301340512159458], ""p_value"": 1.0, ""contingency"": [[0, 1], [336, 25312]]}",{}
665,NC00962.3,EMB-0.25-0.9-0.7,0.0,GARC1,RUS,EMB,embA@A127V,U,{},"{""proportion"": 0.0, ""confidence"": [0.0, 0.5749693909936535], ""p_value"": 1.0, ""contingency"": [[0, 2], [336, 25312]]}",{}
666,NC00962.3,EMB-0.25-0.9-0.7,0.0,GARC1,RUS,EMB,embA@G1077S,U,{},"{""proportion"": 0.0, ""confidence"": [0.0, 0.7301340512159458], ""p_value"": 1.0, ""contingency"": [[0, 1], [336, 25312]]}",{}
667,NC00962.3,EMB-0.25-0.9-0.7,0.0,GARC1,RUS,EMB,embB@G314S,U,{},"{""proportion"": 0.0, ""confidence"": [0.0, 0.7301340512159458], ""p_value"": 1.0, ""contingency"": [[0, 1], [336, 25312]]}",{}
668,NC00962.3,EMB-0.25-0.9-0.7,0.0,GARC1,RUS,EMB,embB@D814A,U,{},"{""proportion"": 0.0, ""confidence"": [0.0, 0.4741955741575127], ""p_value"": 1.0, ""contingency"": [[0, 3], [336, 25312]]}",{}
669,NC00962.3,EMB-0.25-0.9-0.7,0.0,GARC1,RUS,EMB,embA@H140D,U,{},"{""proportion"": 0.0, ""confidence"": [0.0, 0.7301340512159458], ""p_value"": 1.0, ""contingency"": [[0, 1], [336, 25312]]}",{}
670,NC00962.3,EMB-0.25-0.9-0.7,0.0,GARC1,RUS,EMB,embB@G694D,U,{},"{""proportion"": 0.0, ""confidence"": [0.0, 0.7301340512159458], ""p_value"": 1.0, ""contingency"": [[0, 1], [336, 25312]]}",{}
671,NC00962.3,EMB-0.25-0.9-0.7,0.0,GARC1,RUS,EMB,embB@A102T,U,{},"{""proportion"": 0.0, ""confidence"": [0.0, 0.7301340512159458], ""p_value"": 1.0, ""contingency"": [[0, 1], [336, 25312]]}",{}
672,NC00962.3,EMB-0.25-0.9-0.7,0.0,GARC1,RUS,EMB,embA@G86V,U,{},"{""proportion"": 0.0, ""confidence"": [0.0, 0.3511165007651012], ""p_value"": 0.34082031250000006, ""contingency"": [[0, 5], [336, 25312]]}",{}
673,NC00962.3,EMB-0.25-0.9-0.7,0.0,GARC1,RUS,EMB,embB@Y384S,U,{},"{""proportion"": 0.0, ""confidence"": [0.0, 0.7301340512159458], ""p_value"": 1.0, ""contingency"": [[0, 1], [336, 25312]]}",{}
674,NC00962.3,EMB-0.25-0.9-0.7,0.0,GARC1,RUS,EMB,embB@D108N,U,{},"{""proportion"": 0.0, ""confidence"": [0.0, 0.7301340512159458], ""p_value"": 1.0, ""contingency"": [[0, 1], [336, 25312]]}",{}
675,NC00962.3,EMB-0.25-0.9-0.7,0.0,GARC1,RUS,EMB,embA@V1073I,U,{},"{""proportion"": 0.0, ""confidence"": [0.0, 0.25272359742376316], ""p_value"": 0.21392822265625003, ""contingency"": [[0, 8], [336, 25312]]}",{}
676,NC00962.3,EMB-0.25-0.9-0.7,0.0,GARC1,RUS,EMB,embB@G748E,U,{},"{""proportion"": 0.0, ""confidence"": [0.0, 0.5749693909936535], ""p_value"": 1.0, ""contingency"": [[0, 2], [336, 25312]]}",{}
677,NC00962.3,EMB-0.25-0.9-0.7,0.0,GARC1,RUS,EMB,embA@P164L,U,{},"{""proportion"": 0.0, ""confidence"": [0.0, 0.7301340512159458], ""p_value"": 1.0, ""contingency"": [[0, 1], [336, 25312]]}",{}
678,NC00962.3,EMB-0.25-0.9-0.7,0.0,GARC1,RUS,EMB,embA@G353R,U,{},"{""proportion"": 0.0, ""confidence"": [0.0, 0.5749693909936535], ""p_value"": 1.0, ""contingency"": [[0, 2], [336, 25312]]}",{}
679,NC00962.3,EMB-0.25-0.9-0.7,0.0,GARC1,RUS,EMB,embB@A683V,U,{},"{""proportion"": 0.0, ""confidence"": [0.0, 0.5749693909936535], ""p_value"": 1.0, ""contingency"": [[0, 2], [336, 25312]]}",{}
680,NC00962.3,EMB-0.25-0.9-0.7,0.0,GARC1,RUS,EMB,embB@A608T,U,{},"{""proportion"": 0.0, ""confidence"": [0.0, 0.7301340512159458], ""p_value"": 1.0, ""contingency"": [[0, 1], [336, 25312]]}",{}
681,NC00962.3,EMB-0.25-0.9-0.7,0.0,GARC1,RUS,EMB,embB@R728Q,U,{},"{""proportion"": 0.0, ""confidence"": [0.0, 0.7301340512159458], ""p_value"": 1.0, ""contingency"": [[0, 1], [336, 25312]]}",{}
682,NC00962.3,EMB-0.25-0.9-0.7,0.0,GARC1,RUS,EMB,embB@A1073D,U,{},"{""proportion"": 0.0625, ""confidence"": [0.01406905355763439, 0.2374897138015238], ""p_value"": 0.14303369168192148, ""contingency"": [[1, 15], [336, 25312]]}",{}
683,NC00962.3,EMB-0.25-0.9-0.7,0.0,GARC1,RUS,EMB,embA@A159S,U,{},"{""proportion"": 0.0, ""confidence"": [0.0, 0.5749693909936535], ""p_value"": 1.0, ""contingency"": [[0, 2], [336, 25312]]}",{}
684,NC00962.3,EMB-0.25-0.9-0.7,0.0,GARC1,RUS,EMB,embB@S66G,U,{},"{""proportion"": 0.0, ""confidence"": [0.0, 0.7301340512159458], ""p_value"": 1.0, ""contingency"": [[0, 1], [336, 25312]]}",{}
685,NC00962.3,EMB-0.25-0.9-0.7,0.0,GARC1,RUS,EMB,embB@N399T,U,{},"{""proportion"": 0.0, ""confidence"": [0.0, 0.5749693909936535], ""p_value"": 1.0, ""contingency"": [[0, 2], [336, 25312]]}",{}
686,NC00962.3,EMB-0.25-0.9-0.7,0.0,GARC1,RUS,EMB,embA@P327L,U,{},"{""proportion"": 0.0, ""confidence"": [0.0, 0.5749693909936535], ""p_value"": 1.0, ""contingency"": [[0, 2], [336, 25312]]}",{}
687,NC00962.3,EMB-0.25-0.9-0.7,0.0,GARC1,RUS,EMB,embB@V39L,U,{},"{""proportion"": 0.0, ""confidence"": [0.0, 0.5749693909936535], ""p_value"": 1.0, ""contingency"": [[0, 2], [336, 25312]]}",{}
688,NC00962.3,EMB-0.25-0.9-0.7,0.0,GARC1,RUS,EMB,embB@W685L,U,{},"{""proportion"": 1.0, ""confidence"": [0.26986594878405434, 1.0000000000000002], ""p_value"": 0.25, ""contingency"": [[1, 0], [336, 25312]]}",{}
689,NC00962.3,EMB-0.25-0.9-0.7,0.0,GARC1,RUS,EMB,embB@F743L,U,{},"{""proportion"": 0.0, ""confidence"": [0.0, 0.5749693909936535], ""p_value"": 1.0, ""contingency"": [[0, 2], [336, 25312]]}",{}
690,NC00962.3,EMB-0.25-0.9-0.7,0.0,GARC1,RUS,EMB,embB@P136A,U,{},"{""proportion"": 0.0, ""confidence"": [0.0, 0.5749693909936535], ""p_value"": 1.0, ""contingency"": [[0, 2], [336, 25312]]}",{}
691,NC00962.3,EMB-0.25-0.9-0.7,0.0,GARC1,RUS,EMB,embA@Q169E,U,{},"{""proportion"": 0.0, ""confidence"": [0.0, 0.5749693909936535], ""p_value"": 1.0, ""contingency"": [[0, 2], [336, 25312]]}",{}
692,NC00962.3,EMB-0.25-0.9-0.7,0.0,GARC1,RUS,EMB,embA@A936V,U,{},"{""proportion"": 0.0, ""confidence"": [0.0, 0.5749693909936535], ""p_value"": 1.0, ""contingency"": [[0, 2], [336, 25312]]}",{}
693,NC00962.3,EMB-0.25-0.9-0.7,0.0,GARC1,RUS,EMB,embA@L894V,U,{},"{""proportion"": 0.0, ""confidence"": [0.0, 0.5749693909936535], ""p_value"": 1.0, ""contingency"": [[0, 2], [336, 25312]]}",{}
694,NC00962.3,EMB-0.25-0.9-0.7,0.0,GARC1,RUS,EMB,embB@A295V,U,{},"{""proportion"": 0.0, ""confidence"": [0.0, 0.5749693909936535], ""p_value"": 1.0, ""contingency"": [[0, 2], [336, 25312]]}",{}
695,NC00962.3,EMB-0.25-0.9-0.7,0.0,GARC1,RUS,EMB,embA@E1075V,U,{},"{""proportion"": 0.0, ""confidence"": [0.0, 0.5749693909936535], ""p_value"": 1.0, ""contingency"": [[0, 2], [336, 25312]]}",{}
696,NC00962.3,EMB-0.25-0.9-0.7,0.0,GARC1,RUS,EMB,embB@R61W,U,{},"{""proportion"": 0.0, ""confidence"": [0.0, 0.5749693909936535], ""p_value"": 1.0, ""contingency"": [[0, 2], [336, 25312]]}",{}
697,NC00962.3,EMB-0.25-0.9-0.7,0.0,GARC1,RUS,EMB,embB@D970G,U,{},"{""proportion"": 0.0, ""confidence"": [0.0, 0.4741955741575127], ""p_value"": 1.0, ""contingency"": [[0, 3], [336, 25312]]}",{}
698,NC00962.3,EMB-0.25-0.9-0.7,0.0,GARC1,RUS,EMB,embA@g-83a,U,{},"{""proportion"": 0.0, ""confidence"": [0.0, 0.5749693909936535], ""p_value"": 1.0, ""contingency"": [[0, 2], [336, 25312]]}",{}
699,NC00962.3,EMB-0.25-0.9-0.7,0.0,GARC1,RUS,EMB,embA@R346Q,U,{},"{""proportion"": 0.0, ""confidence"": [0.0, 0.5749693909936535], ""p_value"": 1.0, ""contingency"": [[0, 2], [336, 25312]]}",{}
700,NC00962.3,EMB-0.25-0.9-0.7,0.0,GARC1,RUS,EMB,embB@L971V,U,{},"{""proportion"": 0.0, ""confidence"": [0.0, 0.5749693909936535], ""p_value"": 1.0, ""contingency"": [[0, 2], [336, 25312]]}",{}
701,NC00962.3,EMB-0.25-0.9-0.7,0.0,GARC1,RUS,EMB,embB@E901D,U,{},"{""proportion"": 0.0, ""confidence"": [0.0, 0.40347862520270455], ""p_value"": 0.578125, ""contingency"": [[0, 4], [336, 25312]]}",{}
702,NC00962.3,EMB-0.25-0.9-0.7,0.0,GARC1,RUS,EMB,embB@R267P,U,{},"{""proportion"": 0.0, ""confidence"": [0.0, 0.40347862520270455], ""p_value"": 0.578125, ""contingency"": [[0, 4], [336, 25312]]}",{}
703,NC00962.3,EMB-0.25-0.9-0.7,0.0,GARC1,RUS,EMB,embB@L1037I,U,{},"{""proportion"": 0.0, ""confidence"": [0.0, 0.4741955741575127], ""p_value"": 1.0, ""contingency"": [[0, 3], [336, 25312]]}",{}
704,NC00962.3,EMB-0.25-0.9-0.7,0.0,GARC1,RUS,EMB,embB@A716V,U,{},"{""proportion"": 0.0, ""confidence"": [0.0, 0.7301340512159458], ""p_value"": 1.0, ""contingency"": [[0, 1], [336, 25312]]}",{}
705,NC00962.3,EMB-0.25-0.9-0.7,0.0,GARC1,RUS,EMB,embA@V211M,U,{},"{""proportion"": 0.0, ""confidence"": [0.0, 0.7301340512159458], ""p_value"": 1.0, ""contingency"": [[0, 1], [336, 25312]]}",{}
706,NC00962.3,EMB-0.25-0.9-0.7,0.0,GARC1,RUS,EMB,embA@D498G,U,{},"{""proportion"": 0.0, ""confidence"": [0.0, 0.7301340512159458], ""p_value"": 1.0, ""contingency"": [[0, 1], [336, 25312]]}",{}
707,NC00962.3,EMB-0.25-0.9-0.7,0.0,GARC1,RUS,EMB,embB@A43V,U,{},"{""proportion"": 0.0, ""confidence"": [0.0, 0.7301340512159458], ""p_value"": 1.0, ""contingency"": [[0, 1], [336, 25312]]}",{}
708,NC00962.3,EMB-0.25-0.9-0.7,0.0,GARC1,RUS,EMB,embB@A571T,U,{},"{""proportion"": 0.0, ""confidence"": [0.0, 0.7301340512159458], ""p_value"": 1.0, ""contingency"": [[0, 1], [336, 25312]]}",{}
709,NC00962.3,EMB-0.25-0.9-0.7,0.0,GARC1,RUS,EMB,embB@S119N,U,{},"{""proportion"": 0.0, ""confidence"": [0.0, 0.5749693909936535], ""p_value"": 1.0, ""contingency"": [[0, 2], [336, 25312]]}",{}
710,NC00962.3,EMB-0.25-0.9-0.7,0.0,GARC1,RUS,EMB,embA@R1062L,U,{},"{""proportion"": 0.0, ""confidence"": [0.0, 0.7301340512159458], ""p_value"": 1.0, ""contingency"": [[0, 1], [336, 25312]]}",{}
711,NC00962.3,EMB-0.25-0.9-0.7,0.0,GARC1,RUS,EMB,embA@A1000T,U,{},"{""proportion"": 0.0, ""confidence"": [0.0, 0.7301340512159458], ""p_value"": 1.0, ""contingency"": [[0, 1], [336, 25312]]}",{}
712,NC00962.3,EMB-0.25-0.9-0.7,0.0,GARC1,RUS,EMB,embB@G736S,U,{},"{""proportion"": 0.0, ""confidence"": [0.0, 0.7301340512159458], ""p_value"": 1.0, ""contingency"": [[0, 1], [336, 25312]]}",{}
713,NC00962.3,EMB-0.25-0.9-0.7,0.0,GARC1,RUS,EMB,embA@V911A,U,{},"{""proportion"": 0.0, ""confidence"": [0.0, 0.5749693909936535], ""p_value"": 1.0, ""contingency"": [[0, 2], [336, 25312]]}",{}
714,NC00962.3,EMB-0.25-0.9-0.7,0.0,GARC1,RUS,EMB,embB@A679S,U,{},"{""proportion"": 0.0, ""confidence"": [0.0, 0.5749693909936535], ""p_value"": 1.0, ""contingency"": [[0, 2], [336, 25312]]}",{}
715,NC00962.3,EMB-0.25-0.9-0.7,0.0,GARC1,RUS,EMB,embB@Q112H,U,{},"{""proportion"": 0.0, ""confidence"": [0.0, 0.7301340512159458], ""p_value"": 1.0, ""contingency"": [[0, 1], [336, 25312]]}",{}
716,NC00962.3,EMB-0.25-0.9-0.7,0.0,GARC1,RUS,EMB,embB@K218N,U,{},"{""proportion"": 0.0, ""confidence"": [0.0, 0.7301340512159458], ""p_value"": 1.0, ""contingency"": [[0, 1], [336, 25312]]}",{}
717,NC00962.3,EMB-0.25-0.9-0.7,0.0,GARC1,RUS,EMB,embA@D305G,U,{},"{""proportion"": 0.0, ""confidence"": [0.0, 0.5749693909936535], ""p_value"": 1.0, ""contingency"": [[0, 2], [336, 25312]]}",{}
718,NC00962.3,EMB-0.25-0.9-0.7,0.0,GARC1,RUS,EMB,embB@A553T,U,{},"{""proportion"": 0.0, ""confidence"": [0.0, 0.5749693909936535], ""p_value"": 1.0, ""contingency"": [[0, 2], [336, 25312]]}",{}
719,NC00962.3,EMB-0.25-0.9-0.7,0.0,GARC1,RUS,EMB,embA@P633S,U,{},"{""proportion"": 0.0, ""confidence"": [0.0, 0.7301340512159458], ""p_value"": 1.0, ""contingency"": [[0, 1], [336, 25312]]}",{}
720,NC00962.3,EMB-0.25-0.9-0.7,0.0,GARC1,RUS,EMB,embB@G294S,U,{},"{""proportion"": 0.0, ""confidence"": [0.0, 0.7301340512159458], ""p_value"": 1.0, ""contingency"": [[0, 1], [336, 25312]]}",{}
721,NC00962.3,EMB-0.25-0.9-0.7,0.0,GARC1,RUS,EMB,embA@R245W,U,{},"{""proportion"": 0.0, ""confidence"": [0.0, 0.7301340512159458], ""p_value"": 1.0, ""contingency"": [[0, 1], [336, 25312]]}",{}
722,NC00962.3,EMB-0.25-0.9-0.7,0.0,GARC1,RUS,EMB,embA@C28Y,U,{},"{""proportion"": 0.0, ""confidence"": [0.0, 0.7301340512159458], ""p_value"": 1.0, ""contingency"": [[0, 1], [336, 25312]]}",{}
723,NC00962.3,EMB-0.25-0.9-0.7,0.0,GARC1,RUS,EMB,embB@F330V,U,{},"{""proportion"": 1.0, ""confidence"": [0.26986594878405434, 1.0000000000000002], ""p_value"": 0.25, ""contingency"": [[1, 0], [336, 25312]]}",{}
724,NC00962.3,EMB-0.25-0.9-0.7,0.0,GARC1,RUS,EMB,embA@2545_del_gcc,U,{},"{""proportion"": 0.0, ""confidence"": [0.0, 0.7301340512159458], ""p_value"": 1.0, ""contingency"": [[0, 1], [336, 25312]]}",{}
725,NC00962.3,EMB-0.25-0.9-0.7,0.0,GARC1,RUS,EMB,embA@V911I,U,{},"{""proportion"": 0.09090909090909091, ""confidence"": [0.020549531219243414, 0.3227818711330893], ""p_value"": 0.3117237091064453, ""contingency"": [[1, 10], [336, 25312]]}",{}
726,NC00962.3,EMB-0.25-0.9-0.7,0.0,GARC1,RUS,EMB,embA@S1025L,U,{},"{""proportion"": 0.0, ""confidence"": [0.0, 0.5749693909936535], ""p_value"": 1.0, ""contingency"": [[0, 2], [336, 25312]]}",{}
727,NC00962.3,EMB-0.25-0.9-0.7,0.0,GARC1,RUS,EMB,embA@S20A,U,{},"{""proportion"": 0.0, ""confidence"": [0.0, 0.3511165007651012], ""p_value"": 0.34082031250000006, ""contingency"": [[0, 5], [336, 25312]]}",{}
728,NC00962.3,EMB-0.25-0.9-0.7,0.0,GARC1,RUS,EMB,embB@V452L,U,{},"{""proportion"": 0.0, ""confidence"": [0.0, 0.5749693909936535], ""p_value"": 1.0, ""contingency"": [[0, 2], [336, 25312]]}",{}
729,NC00962.3,EMB-0.25-0.9-0.7,0.0,GARC1,RUS,EMB,embA@S809F,U,{},"{""proportion"": 0.0, ""confidence"": [0.0, 0.7301340512159458], ""p_value"": 1.0, ""contingency"": [[0, 1], [336, 25312]]}",{}
730,NC00962.3,EMB-0.25-0.9-0.7,0.0,GARC1,RUS,EMB,embA@P774S,U,{},"{""proportion"": 0.0, ""confidence"": [0.0, 0.5749693909936535], ""p_value"": 1.0, ""contingency"": [[0, 2], [336, 25312]]}",{}
731,NC00962.3,EMB-0.25-0.9-0.7,0.0,GARC1,RUS,EMB,embA@R68P,U,{},"{""proportion"": 0.0, ""confidence"": [0.0, 0.4741955741575127], ""p_value"": 1.0, ""contingency"": [[0, 3], [336, 25312]]}",{}
732,NC00962.3,EMB-0.25-0.9-0.7,0.0,GARC1,RUS,EMB,embB@F1012L,U,{},"{""proportion"": 0.0, ""confidence"": [0.0, 0.40347862520270455], ""p_value"": 0.578125, ""contingency"": [[0, 4], [336, 25312]]}",{}
733,NC00962.3,EMB-0.25-0.9-0.7,0.0,GARC1,RUS,EMB,embA@S768I,U,{},"{""proportion"": 0.0, ""confidence"": [0.0, 0.7301340512159458], ""p_value"": 1.0, ""contingency"": [[0, 1], [336, 25312]]}",{}
734,NC00962.3,EMB-0.25-0.9-0.7,0.0,GARC1,RUS,EMB,embB@M916T,U,{},"{""proportion"": 0.0, ""confidence"": [0.0, 0.5749693909936535], ""p_value"": 1.0, ""contingency"": [[0, 2], [336, 25312]]}",{}
735,NC00962.3,EMB-0.25-0.9-0.7,0.0,GARC1,RUS,EMB,embA@C527S,U,{},"{""proportion"": 0.0, ""confidence"": [0.0, 0.7301340512159458], ""p_value"": 1.0, ""contingency"": [[0, 1], [336, 25312]]}",{}
736,NC00962.3,EMB-0.25-0.9-0.7,0.0,GARC1,RUS,EMB,embB@K938N,U,{},"{""proportion"": 0.0, ""confidence"": [0.0, 0.4741955741575127], ""p_value"": 1.0, ""contingency"": [[0, 3], [336, 25312]]}",{}
737,NC00962.3,EMB-0.25-0.9-0.7,0.0,GARC1,RUS,EMB,embB@Q51P,U,{},"{""proportion"": 0.0, ""confidence"": [0.0, 0.278762695452542], ""p_value"": 0.20404052734375, ""contingency"": [[0, 7], [336, 25312]]}",{}
738,NC00962.3,EMB-0.25-0.9-0.7,0.0,GARC1,RUS,EMB,embA@G972R,U,{},"{""proportion"": 0.0, ""confidence"": [0.0, 0.5749693909936535], ""p_value"": 1.0, ""contingency"": [[0, 2], [336, 25312]]}",{}
739,NC00962.3,EMB-0.25-0.9-0.7,0.0,GARC1,RUS,EMB,embB@M714I,U,{},"{""proportion"": 0.0, ""confidence"": [0.0, 0.7301340512159458], ""p_value"": 1.0, ""contingency"": [[0, 1], [336, 25312]]}",{}
740,NC00962.3,EMB-0.25-0.9-0.7,0.0,GARC1,RUS,EMB,embA@V676A,U,{},"{""proportion"": 0.0, ""confidence"": [0.0, 0.5749693909936535], ""p_value"": 1.0, ""contingency"": [[0, 2], [336, 25312]]}",{}
741,NC00962.3,EMB-0.25-0.9-0.7,0.0,GARC1,RUS,EMB,embA@c-15g,U,{},"{""proportion"": 0.5, ""confidence"": [0.12086631942227369, 0.8791336805777263], ""p_value"": 0.4375, ""contingency"": [[1, 1], [336, 25312]]}",{}
742,NC00962.3,EMB-0.25-0.9-0.7,0.0,GARC1,RUS,EMB,embB@E976K,U,{},"{""proportion"": 0.0, ""confidence"": [0.0, 0.7301340512159458], ""p_value"": 1.0, ""contingency"": [[0, 1], [336, 25312]]}",{}
743,NC00962.3,EMB-0.25-0.9-0.7,0.0,GARC1,RUS,EMB,embA@R969W,U,{},"{""proportion"": 0.0, ""confidence"": [0.0, 0.5749693909936535], ""p_value"": 1.0, ""contingency"": [[0, 2], [336, 25312]]}",{}
744,NC00962.3,EMB-0.25-0.9-0.7,0.0,GARC1,RUS,EMB,embB@2325_ins_cccttg,U,{},"{""proportion"": 0.0, ""confidence"": [0.0, 0.7301340512159458], ""p_value"": 1.0, ""contingency"": [[0, 1], [336, 25312]]}",{}
745,NC00962.3,EMB-0.25-0.9-0.7,0.0,GARC1,RUS,EMB,embA@G998D,U,{},"{""proportion"": 0.0, ""confidence"": [0.0, 0.7301340512159458], ""p_value"": 1.0, ""contingency"": [[0, 1], [336, 25312]]}",{}
746,NC00962.3,EMB-0.25-0.9-0.7,0.0,GARC1,RUS,EMB,embA@I1079T,U,{},"{""proportion"": 0.0, ""confidence"": [0.0, 0.7301340512159458], ""p_value"": 1.0, ""contingency"": [[0, 1], [336, 25312]]}",{}
747,NC00962.3,EMB-0.25-0.9-0.7,0.0,GARC1,RUS,EMB,embB@G199R,U,{},"{""proportion"": 0.0, ""confidence"": [0.0, 0.7301340512159458], ""p_value"": 1.0, ""contingency"": [[0, 1], [336, 25312]]}",{}
748,NC00962.3,EMB-0.25-0.9-0.7,0.0,GARC1,RUS,EMB,embB@R173P,U,{},"{""proportion"": 0.0, ""confidence"": [0.0, 0.7301340512159458], ""p_value"": 1.0, ""contingency"": [[0, 1], [336, 25312]]}",{}
749,NC00962.3,EMB-0.25-0.9-0.7,0.0,GARC1,RUS,EMB,embA@P913L,U,{},"{""proportion"": 0.0, ""confidence"": [0.0, 0.7301340512159458], ""p_value"": 1.0, ""contingency"": [[0, 1], [336, 25312]]}",{}
750,NC00962.3,EMB-0.25-0.9-0.7,0.0,GARC1,RUS,EMB,embA@P455L,U,{},"{""proportion"": 0.0, ""confidence"": [0.0, 0.7301340512159458], ""p_value"": 1.0, ""contingency"": [[0, 1], [336, 25312]]}",{}
751,NC00962.3,EMB-0.25-0.9-0.7,0.0,GARC1,RUS,EMB,embA@L344R,U,{},"{""proportion"": 0.0, ""confidence"": [0.0, 0.7301340512159458], ""p_value"": 1.0, ""contingency"": [[0, 1], [336, 25312]]}",{}
752,NC00962.3,EMB-0.25-0.9-0.7,0.0,GARC1,RUS,EMB,embA@C76F,U,{},"{""proportion"": 0.0, ""confidence"": [0.0, 0.7301340512159458], ""p_value"": 1.0, ""contingency"": [[0, 1], [336, 25312]]}",{}
753,NC00962.3,EMB-0.25-0.9-0.7,0.0,GARC1,RUS,EMB,embA@V676I,U,{},"{""proportion"": 0.0, ""confidence"": [0.0, 0.7301340512159458], ""p_value"": 1.0, ""contingency"": [[0, 1], [336, 25312]]}",{}
754,NC00962.3,EMB-0.25-0.9-0.7,0.0,GARC1,RUS,EMB,embB@E958G,U,{},"{""proportion"": 0.0, ""confidence"": [0.0, 0.7301340512159458], ""p_value"": 1.0, ""contingency"": [[0, 1], [336, 25312]]}",{}
755,NC00962.3,EMB-0.25-0.9-0.7,0.0,GARC1,RUS,EMB,embA@N510T,U,{},"{""proportion"": 0.0, ""confidence"": [0.0, 0.7301340512159458], ""p_value"": 1.0, ""contingency"": [[0, 1], [336, 25312]]}",{}
756,NC00962.3,EMB-0.25-0.9-0.7,0.0,GARC1,RUS,EMB,embA@L347R,U,{},"{""proportion"": 0.0, ""confidence"": [0.0, 0.7301340512159458], ""p_value"": 1.0, ""contingency"": [[0, 1], [336, 25312]]}",{}
757,NC00962.3,EMB-0.25-0.9-0.7,0.0,GARC1,RUS,EMB,embA@R904H,U,{},"{""proportion"": 0.0, ""confidence"": [0.0, 0.7301340512159458], ""p_value"": 1.0, ""contingency"": [[0, 1], [336, 25312]]}",{}
758,NC00962.3,EMB-0.25-0.9-0.7,0.0,GARC1,RUS,EMB,embA@L659S,U,{},"{""proportion"": 0.0, ""confidence"": [0.0, 0.7301340512159458], ""p_value"": 1.0, ""contingency"": [[0, 1], [336, 25312]]}",{}
759,NC00962.3,EMB-0.25-0.9-0.7,0.0,GARC1,RUS,EMB,embB@G1035S,U,{},"{""proportion"": 0.0, ""confidence"": [0.0, 0.7301340512159458], ""p_value"": 1.0, ""contingency"": [[0, 1], [336, 25312]]}",{}
760,NC00962.3,EMB-0.25-0.9-0.7,0.0,GARC1,RUS,EMB,embB@G871V,U,{},"{""proportion"": 0.0, ""confidence"": [0.0, 0.7301340512159458], ""p_value"": 1.0, ""contingency"": [[0, 1], [336, 25312]]}",{}
761,NC00962.3,EMB-0.25-0.9-0.7,0.0,GARC1,RUS,EMB,embA@c-34t,U,{},"{""proportion"": 0.0, ""confidence"": [0.0, 0.31078398130591417], ""p_value"": 0.347412109375, ""contingency"": [[0, 6], [336, 25312]]}",{}
762,NC00962.3,EMB-0.25-0.9-0.7,0.0,GARC1,RUS,EMB,embB@A801T,U,{},"{""proportion"": 0.0, ""confidence"": [0.0, 0.40347862520270455], ""p_value"": 0.578125, ""contingency"": [[0, 4], [336, 25312]]}",{}
763,NC00962.3,EMB-0.25-0.9-0.7,0.0,GARC1,RUS,EMB,embA@A159P,U,{},"{""proportion"": 0.0, ""confidence"": [0.0, 0.7301340512159458], ""p_value"": 1.0, ""contingency"": [[0, 1], [336, 25312]]}",{}
764,NC00962.3,EMB-0.25-0.9-0.7,0.0,GARC1,RUS,EMB,embA@P1082L,U,{},"{""proportion"": 0.0, ""confidence"": [0.0, 0.7301340512159458], ""p_value"": 1.0, ""contingency"": [[0, 1], [336, 25312]]}",{}
765,NC00962.3,EMB-0.25-0.9-0.7,0.0,GARC1,RUS,EMB,embA@P32L,U,{},"{""proportion"": 0.0, ""confidence"": [0.0, 0.7301340512159458], ""p_value"": 1.0, ""contingency"": [[0, 1], [336, 25312]]}",{}
766,NC00962.3,EMB-0.25-0.9-0.7,0.0,GARC1,RUS,EMB,embB@A637T,U,{},"{""proportion"": 0.0, ""confidence"": [0.0, 0.7301340512159458], ""p_value"": 1.0, ""contingency"": [[0, 1], [336, 25312]]}",{}
767,NC00962.3,EMB-0.25-0.9-0.7,0.0,GARC1,RUS,EMB,embB@D178H,U,{},"{""proportion"": 0.0, ""confidence"": [0.0, 0.7301340512159458], ""p_value"": 1.0, ""contingency"": [[0, 1], [336, 25312]]}",{}
768,NC00962.3,EMB-0.25-0.9-0.7,0.0,GARC1,RUS,EMB,embB@V230A,U,{},"{""proportion"": 0.0, ""confidence"": [0.0, 0.5749693909936535], ""p_value"": 1.0, ""contingency"": [[0, 2], [336, 25312]]}",{}
769,NC00962.3,EMB-0.25-0.9-0.7,0.0,GARC1,RUS,EMB,embA@-39_del_cctcaccgc,U,{},"{""proportion"": 0.0, ""confidence"": [0.0, 0.7301340512159458], ""p_value"": 1.0, ""contingency"": [[0, 1], [336, 25312]]}",{}
770,NC00962.3,EMB-0.25-0.9-0.7,0.0,GARC1,RUS,EMB,embA@Y635H,U,{},"{""proportion"": 0.0, ""confidence"": [0.0, 0.7301340512159458], ""p_value"": 1.0, ""contingency"": [[0, 1], [336, 25312]]}",{}
771,NC00962.3,EMB-0.25-0.9-0.7,0.0,GARC1,RUS,EMB,embB@A1076T,U,{},"{""proportion"": 0.0, ""confidence"": [0.0, 0.5749693909936535], ""p_value"": 1.0, ""contingency"": [[0, 2], [336, 25312]]}",{}
772,NC00962.3,EMB-0.25-0.9-0.7,0.0,GARC1,RUS,EMB,embB@Y813D,U,{},"{""proportion"": 0.0, ""confidence"": [0.0, 0.5749693909936535], ""p_value"": 1.0, ""contingency"": [[0, 2], [336, 25312]]}",{}
773,NC00962.3,EMB-0.25-0.9-0.7,0.0,GARC1,RUS,EMB,embA@F927L,U,{},"{""proportion"": 0.0, ""confidence"": [0.0, 0.7301340512159458], ""p_value"": 1.0, ""contingency"": [[0, 1], [336, 25312]]}",{}
774,NC00962.3,EMB-0.25-0.9-0.7,0.0,GARC1,RUS,EMB,embB@Q139H,U,{},"{""proportion"": 0.0, ""confidence"": [0.0, 0.5749693909936535], ""p_value"": 1.0, ""contingency"": [[0, 2], [336, 25312]]}",{}
775,NC00962.3,EMB-0.25-0.9-0.7,0.0,GARC1,RUS,EMB,embB@P93L,U,{},"{""proportion"": 0.0, ""confidence"": [0.0, 0.40347862520270455], ""p_value"": 0.578125, ""contingency"": [[0, 4], [336, 25312]]}",{}
776,NC00962.3,EMB-0.25-0.9-0.7,0.0,GARC1,RUS,EMB,embA@G29S,U,{},"{""proportion"": 0.0, ""confidence"": [0.0, 0.7301340512159458], ""p_value"": 1.0, ""contingency"": [[0, 1], [336, 25312]]}",{}
777,NC00962.3,EMB-0.25-0.9-0.7,0.0,GARC1,RUS,EMB,embA@G596D,U,{},"{""proportion"": 0.0, ""confidence"": [0.0, 0.5749693909936535], ""p_value"": 1.0, ""contingency"": [[0, 2], [336, 25312]]}",{}
778,NC00962.3,EMB-0.25-0.9-0.7,0.0,GARC1,RUS,EMB,embB@R351C,U,{},"{""proportion"": 1.0, ""confidence"": [0.26986594878405434, 1.0000000000000002], ""p_value"": 0.25, ""contingency"": [[1, 0], [336, 25312]]}",{}
779,NC00962.3,EMB-0.25-0.9-0.7,0.0,GARC1,RUS,EMB,embB@P12L,U,{},"{""proportion"": 0.0, ""confidence"": [0.0, 0.7301340512159458], ""p_value"": 1.0, ""contingency"": [[0, 1], [336, 25312]]}",{}
780,NC00962.3,EMB-0.25-0.9-0.7,0.0,GARC1,RUS,EMB,embA@L34R,U,{},"{""proportion"": 0.0, ""confidence"": [0.0, 0.7301340512159458], ""p_value"": 1.0, ""contingency"": [[0, 1], [336, 25312]]}",{}
781,NC00962.3,EMB-0.25-0.9-0.7,0.0,GARC1,RUS,EMB,embB@A201E,U,{},"{""proportion"": 0.0, ""confidence"": [0.0, 0.4741955741575127], ""p_value"": 1.0, ""contingency"": [[0, 3], [336, 25312]]}",{}
782,NC00962.3,EMB-0.25-0.9-0.7,0.0,GARC1,RUS,EMB,embB@T667A,U,{},"{""proportion"": 0.0, ""confidence"": [0.0, 0.7301340512159458], ""p_value"": 1.0, ""contingency"": [[0, 1], [336, 25312]]}",{}
783,NC00962.3,EMB-0.25-0.9-0.7,0.0,GARC1,RUS,EMB,embB@F676S,U,{},"{""proportion"": 0.0, ""confidence"": [0.0, 0.5749693909936535], ""p_value"": 1.0, ""contingency"": [[0, 2], [336, 25312]]}",{}
784,NC00962.3,EMB-0.25-0.9-0.7,0.0,GARC1,RUS,EMB,embB@A379V,U,{},"{""proportion"": 0.0, ""confidence"": [0.0, 0.7301340512159458], ""p_value"": 1.0, ""contingency"": [[0, 1], [336, 25312]]}",{}
785,NC00962.3,EMB-0.25-0.9-0.7,0.0,GARC1,RUS,EMB,embB@Y977H,U,{},"{""proportion"": 0.0, ""confidence"": [0.0, 0.7301340512159458], ""p_value"": 1.0, ""contingency"": [[0, 1], [336, 25312]]}",{}
786,NC00962.3,EMB-0.25-0.9-0.7,0.0,GARC1,RUS,EMB,embB@T31A,U,{},"{""proportion"": 0.0, ""confidence"": [0.0, 0.7301340512159458], ""p_value"": 1.0, ""contingency"": [[0, 1], [336, 25312]]}",{}
787,NC00962.3,EMB-0.25-0.9-0.7,0.0,GARC1,RUS,EMB,embB@D311F,U,{},"{""proportion"": 0.0, ""confidence"": [0.0, 0.7301340512159458], ""p_value"": 1.0, ""contingency"": [[0, 1], [336, 25312]]}",{}
788,NC00962.3,EMB-0.25-0.9-0.7,0.0,GARC1,RUS,EMB,embB@A943V,U,{},"{""proportion"": 0.0, ""confidence"": [0.0, 0.7301340512159458], ""p_value"": 1.0, ""contingency"": [[0, 1], [336, 25312]]}",{}
789,NC00962.3,EMB-0.25-0.9-0.7,0.0,GARC1,RUS,EMB,embB@V654M,U,{},"{""proportion"": 0.0, ""confidence"": [0.0, 0.7301340512159458], ""p_value"": 1.0, ""contingency"": [[0, 1], [336, 25312]]}",{}
790,NC00962.3,EMB-0.25-0.9-0.7,0.0,GARC1,RUS,EMB,embB@P183S,U,{},"{""proportion"": 0.0, ""confidence"": [0.0, 0.7301340512159458], ""p_value"": 1.0, ""contingency"": [[0, 1], [336, 25312]]}",{}
791,NC00962.3,EMB-0.25-0.9-0.7,0.0,GARC1,RUS,EMB,embB@T797P,U,{},"{""proportion"": 0.0, ""confidence"": [0.0, 0.5749693909936535], ""p_value"": 1.0, ""contingency"": [[0, 2], [336, 25312]]}",{}
792,NC00962.3,EMB-0.25-0.9-0.7,0.0,GARC1,RUS,EMB,embB@G106R,U,{},"{""proportion"": 0.0, ""confidence"": [0.0, 0.7301340512159458], ""p_value"": 1.0, ""contingency"": [[0, 1], [336, 25312]]}",{}
793,NC00962.3,EMB-0.25-0.9-0.7,0.0,GARC1,RUS,EMB,embB@V292F,U,{},"{""proportion"": 0.0, ""confidence"": [0.0, 0.4741955741575127], ""p_value"": 1.0, ""contingency"": [[0, 3], [336, 25312]]}",{}
794,NC00962.3,EMB-0.25-0.9-0.7,0.0,GARC1,RUS,EMB,embB@V492L,U,{},"{""proportion"": 0.0, ""confidence"": [0.0, 0.7301340512159458], ""p_value"": 1.0, ""contingency"": [[0, 1], [336, 25312]]}",{}
795,NC00962.3,EMB-0.25-0.9-0.7,0.0,GARC1,RUS,EMB,embA@D1049A,U,{},"{""proportion"": 0.0, ""confidence"": [0.0, 0.7301340512159458], ""p_value"": 1.0, ""contingency"": [[0, 1], [336, 25312]]}",{}
796,NC00962.3,EMB-0.25-0.9-0.7,0.0,GARC1,RUS,EMB,embB@T520S,U,{},"{""proportion"": 0.0, ""confidence"": [0.0, 0.7301340512159458], ""p_value"": 1.0, ""contingency"": [[0, 1], [336, 25312]]}",{}
797,NC00962.3,EMB-0.25-0.9-0.7,0.0,GARC1,RUS,EMB,embB@G1005D,U,{},"{""proportion"": 0.0, ""confidence"": [0.0, 0.7301340512159458], ""p_value"": 1.0, ""contingency"": [[0, 1], [336, 25312]]}",{}
798,NC00962.3,EMB-0.25-0.9-0.7,0.0,GARC1,RUS,EMB,embB@A232T,U,{},"{""proportion"": 0.0, ""confidence"": [0.0, 0.5749693909936535], ""p_value"": 1.0, ""contingency"": [[0, 2], [336, 25312]]}",{}
799,NC00962.3,EMB-0.25-0.9-0.7,0.0,GARC1,RUS,EMB,embA@P988L,U,{},"{""proportion"": 0.0, ""confidence"": [0.0, 0.7301340512159458], ""p_value"": 1.0, ""contingency"": [[0, 1], [336, 25312]]}",{}
800,NC00962.3,EMB-0.25-0.9-0.7,0.0,GARC1,RUS,EMB,embA@A355S,U,{},"{""proportion"": 0.0, ""confidence"": [0.0, 0.7301340512159458], ""p_value"": 1.0, ""contingency"": [[0, 1], [336, 25312]]}",{}
801,NC00962.3,EMB-0.25-0.9-0.7,0.0,GARC1,RUS,EMB,embB@D240Y,U,{},"{""proportion"": 0.0, ""confidence"": [0.0, 0.7301340512159458], ""p_value"": 1.0, ""contingency"": [[0, 1], [336, 25312]]}",{}
802,NC00962.3,EMB-0.25-0.9-0.7,0.0,GARC1,RUS,EMB,embB@D191E,U,{},"{""proportion"": 0.0, ""confidence"": [0.0, 0.5749693909936535], ""p_value"": 1.0, ""contingency"": [[0, 2], [336, 25312]]}",{}
803,NC00962.3,EMB-0.25-0.9-0.7,0.0,GARC1,RUS,EMB,embB@G96E,U,{},"{""proportion"": 0.0, ""confidence"": [0.0, 0.7301340512159458], ""p_value"": 1.0, ""contingency"": [[0, 1], [336, 25312]]}",{}
804,NC00962.3,EMB-0.25-0.9-0.7,0.0,GARC1,RUS,EMB,embB@A840V,U,{},"{""proportion"": 0.0, ""confidence"": [0.0, 0.7301340512159458], ""p_value"": 1.0, ""contingency"": [[0, 1], [336, 25312]]}",{}
805,NC00962.3,EMB-0.25-0.9-0.7,0.0,GARC1,RUS,EMB,embB@S119I,U,{},"{""proportion"": 0.0, ""confidence"": [0.0, 0.5749693909936535], ""p_value"": 1.0, ""contingency"": [[0, 2], [336, 25312]]}",{}
806,NC00962.3,EMB-0.25-0.9-0.7,0.0,GARC1,RUS,EMB,embB@D1041A,U,{},"{""proportion"": 0.0, ""confidence"": [0.0, 0.7301340512159458], ""p_value"": 1.0, ""contingency"": [[0, 1], [336, 25312]]}",{}
807,NC00962.3,EMB-0.25-0.9-0.7,0.0,GARC1,RUS,EMB,embB@G745R,U,{},"{""proportion"": 0.0, ""confidence"": [0.0, 0.7301340512159458], ""p_value"": 1.0, ""contingency"": [[0, 1], [336, 25312]]}",{}
808,NC00962.3,EMB-0.25-0.9-0.7,0.0,GARC1,RUS,EMB,embA@A461T,U,{},"{""proportion"": 0.0, ""confidence"": [0.0, 0.7301340512159458], ""p_value"": 1.0, ""contingency"": [[0, 1], [336, 25312]]}",{}
809,NC00962.3,EMB-0.25-0.9-0.7,0.0,GARC1,RUS,EMB,embB@G1087C,U,{},"{""proportion"": 0.0, ""confidence"": [0.0, 0.7301340512159458], ""p_value"": 1.0, ""contingency"": [[0, 1], [336, 25312]]}",{}
810,NC00962.3,EMB-0.25-0.9-0.7,0.0,GARC1,RUS,EMB,embA@I30V,U,{},"{""proportion"": 0.0, ""confidence"": [0.0, 0.7301340512159458], ""p_value"": 1.0, ""contingency"": [[0, 1], [336, 25312]]}",{}
811,NC00962.3,EMB-0.25-0.9-0.7,0.0,GARC1,RUS,EMB,embA@A593V,U,{},"{""proportion"": 0.0, ""confidence"": [0.0, 0.7301340512159458], ""p_value"": 1.0, ""contingency"": [[0, 1], [336, 25312]]}",{}
812,NC00962.3,EMB-0.25-0.9-0.7,0.0,GARC1,RUS,EMB,embA@T197R,U,{},"{""proportion"": 0.0, ""confidence"": [0.0, 0.7301340512159458], ""p_value"": 1.0, ""contingency"": [[0, 1], [336, 25312]]}",{}
813,NC00962.3,EMB-0.25-0.9-0.7,0.0,GARC1,RUS,EMB,embB@A386E,U,{},"{""proportion"": 0.0, ""confidence"": [0.0, 0.278762695452542], ""p_value"": 0.20404052734375, ""contingency"": [[0, 7], [336, 25312]]}",{}
814,NC00962.3,EMB-0.25-0.9-0.7,0.0,GARC1,RUS,EMB,embB@G745A,U,{},"{""proportion"": 0.0, ""confidence"": [0.0, 0.7301340512159458], ""p_value"": 1.0, ""contingency"": [[0, 1], [336, 25312]]}",{}
815,NC00962.3,EMB-0.25-0.9-0.7,0.0,GARC1,RUS,EMB,embA@R444W,U,{},"{""proportion"": 0.0, ""confidence"": [0.0, 0.7301340512159458], ""p_value"": 1.0, ""contingency"": [[0, 1], [336, 25312]]}",{}
816,NC00962.3,EMB-0.25-0.9-0.7,0.0,GARC1,RUS,EMB,embA@P958L,U,{},"{""proportion"": 0.0, ""confidence"": [0.0, 0.7301340512159458], ""p_value"": 1.0, ""contingency"": [[0, 1], [336, 25312]]}",{}
817,NC00962.3,EMB-0.25-0.9-0.7,0.0,GARC1,RUS,EMB,embA@P934R,U,{},"{""proportion"": 0.0, ""confidence"": [0.0, 0.7301340512159458], ""p_value"": 1.0, ""contingency"": [[0, 1], [336, 25312]]}",{}
818,NC00962.3,EMB-0.25-0.9-0.7,0.0,GARC1,RUS,EMB,embB@R238H,U,{},"{""proportion"": 0.0, ""confidence"": [0.0, 0.7301340512159458], ""p_value"": 1.0, ""contingency"": [[0, 1], [336, 25312]]}",{}
819,NC00962.3,EMB-0.25-0.9-0.7,0.0,GARC1,RUS,EMB,embB@P76L,U,{},"{""proportion"": 0.0, ""confidence"": [0.0, 0.7301340512159458], ""p_value"": 1.0, ""contingency"": [[0, 1], [336, 25312]]}",{}
820,NC00962.3,EMB-0.25-0.9-0.7,0.0,GARC1,RUS,EMB,embA@E779Q,U,{},"{""proportion"": 0.0, ""confidence"": [0.0, 0.4741955741575127], ""p_value"": 1.0, ""contingency"": [[0, 3], [336, 25312]]}",{}
821,NC00962.3,EMB-0.25-0.9-0.7,0.0,GARC1,RUS,EMB,embB@F285V,U,{},"{""proportion"": 0.0, ""confidence"": [0.0, 0.7301340512159458], ""p_value"": 1.0, ""contingency"": [[0, 1], [336, 25312]]}",{}
822,NC00962.3,EMB-0.25-0.9-0.7,0.0,GARC1,RUS,EMB,embA@1783_ins_tcggtctacatagtcgac,U,{},"{""proportion"": 0.0, ""confidence"": [0.0, 0.7301340512159458], ""p_value"": 1.0, ""contingency"": [[0, 1], [336, 25312]]}",{}
823,NC00962.3,EMB-0.25-0.9-0.7,0.0,GARC1,RUS,EMB,embB@S261A,U,{},"{""proportion"": 0.0, ""confidence"": [0.0, 0.7301340512159458], ""p_value"": 1.0, ""contingency"": [[0, 1], [336, 25312]]}",{}
824,NC00962.3,EMB-0.25-0.9-0.7,0.0,GARC1,RUS,EMB,embB@T212A,U,{},"{""proportion"": 0.0, ""confidence"": [0.0, 0.5749693909936535], ""p_value"": 1.0, ""contingency"": [[0, 2], [336, 25312]]}",{}
825,NC00962.3,EMB-0.25-0.9-0.7,0.0,GARC1,RUS,EMB,embB@V67L,U,{},"{""proportion"": 0.0, ""confidence"": [0.0, 0.5749693909936535], ""p_value"": 1.0, ""contingency"": [[0, 2], [336, 25312]]}",{}
826,NC00962.3,EMB-0.25-0.9-0.7,0.0,GARC1,RUS,EMB,embA@S250G,U,{},"{""proportion"": 0.0, ""confidence"": [0.0, 0.7301340512159458], ""p_value"": 1.0, ""contingency"": [[0, 1], [336, 25312]]}",{}
827,NC00962.3,EMB-0.25-0.9-0.7,0.0,GARC1,RUS,EMB,embB@V369M,U,{},"{""proportion"": 0.0, ""confidence"": [0.0, 0.5749693909936535], ""p_value"": 1.0, ""contingency"": [[0, 2], [336, 25312]]}",{}
828,NC00962.3,EMB-0.25-0.9-0.7,0.0,GARC1,RUS,EMB,embA@I1007V,U,{},"{""proportion"": 0.0, ""confidence"": [0.0, 0.7301340512159458], ""p_value"": 1.0, ""contingency"": [[0, 1], [336, 25312]]}",{}
829,NC00962.3,EMB-0.25-0.9-0.7,0.0,GARC1,RUS,EMB,embB@V944A,U,{},"{""proportion"": 0.0, ""confidence"": [0.0, 0.4741955741575127], ""p_value"": 1.0, ""contingency"": [[0, 3], [336, 25312]]}",{}
830,NC00962.3,EMB-0.25-0.9-0.7,0.0,GARC1,RUS,EMB,embA@A355V,U,{},"{""proportion"": 0.0, ""confidence"": [0.0, 0.7301340512159458], ""p_value"": 1.0, ""contingency"": [[0, 1], [336, 25312]]}",{}
831,NC00962.3,EMB-0.25-0.9-0.7,0.0,GARC1,RUS,EMB,embB@G459S,U,{},"{""proportion"": 0.0, ""confidence"": [0.0, 0.7301340512159458], ""p_value"": 1.0, ""contingency"": [[0, 1], [336, 25312]]}",{}
832,NC00962.3,EMB-0.25-0.9-0.7,0.0,GARC1,RUS,EMB,embB@A941T,U,{},"{""proportion"": 0.0, ""confidence"": [0.0, 0.7301340512159458], ""p_value"": 1.0, ""contingency"": [[0, 1], [336, 25312]]}",{}
833,NC00962.3,EMB-0.25-0.9-0.7,0.0,GARC1,RUS,EMB,embA@g-75a,U,{},"{""proportion"": 0.0, ""confidence"": [0.0, 0.7301340512159458], ""p_value"": 1.0, ""contingency"": [[0, 1], [336, 25312]]}",{}
834,NC00962.3,EMB-0.25-0.9-0.7,0.0,GARC1,RUS,EMB,embA@A316G,U,{},"{""proportion"": 0.0, ""confidence"": [0.0, 0.7301340512159458], ""p_value"": 1.0, ""contingency"": [[0, 1], [336, 25312]]}",{}
835,NC00962.3,EMB-0.25-0.9-0.7,0.0,GARC1,RUS,EMB,embA@A930V,U,{},"{""proportion"": 0.0, ""confidence"": [0.0, 0.7301340512159458], ""p_value"": 1.0, ""contingency"": [[0, 1], [336, 25312]]}",{}
836,NC00962.3,EMB-0.25-0.9-0.7,0.0,GARC1,RUS,EMB,embB@A313T,U,{},"{""proportion"": 0.0, ""confidence"": [0.0, 0.7301340512159458], ""p_value"": 1.0, ""contingency"": [[0, 1], [336, 25312]]}",{}
837,NC00962.3,EMB-0.25-0.9-0.7,0.0,GARC1,RUS,EMB,embA@T604M,U,{},"{""proportion"": 0.0, ""confidence"": [0.0, 0.7301340512159458], ""p_value"": 1.0, ""contingency"": [[0, 1], [336, 25312]]}",{}
838,NC00962.3,EMB-0.25-0.9-0.7,0.0,GARC1,RUS,EMB,embB@R213W,U,{},"{""proportion"": 0.0, ""confidence"": [0.0, 0.7301340512159458], ""p_value"": 1.0, ""contingency"": [[0, 1], [336, 25312]]}",{}
839,NC00962.3,EMB-0.25-0.9-0.7,0.0,GARC1,RUS,EMB,embA@G210V,U,{},"{""proportion"": 0.0, ""confidence"": [0.0, 0.7301340512159458], ""p_value"": 1.0, ""contingency"": [[0, 1], [336, 25312]]}",{}
840,NC00962.3,EMB-0.25-0.9-0.7,0.0,GARC1,RUS,EMB,embB@R625W,U,{},"{""proportion"": 0.0, ""confidence"": [0.0, 0.7301340512159458], ""p_value"": 1.0, ""contingency"": [[0, 1], [336, 25312]]}",{}
841,NC00962.3,EMB-0.25-0.9-0.7,0.0,GARC1,RUS,EMB,embB@V612M,U,{},"{""proportion"": 0.0, ""confidence"": [0.0, 0.7301340512159458], ""p_value"": 1.0, ""contingency"": [[0, 1], [336, 25312]]}",{}
842,NC00962.3,EMB-0.25-0.9-0.7,0.0,GARC1,RUS,EMB,embB@G696A,U,{},"{""proportion"": 0.0, ""confidence"": [0.0, 0.7301340512159458], ""p_value"": 1.0, ""contingency"": [[0, 1], [336, 25312]]}",{}
843,NC00962.3,EMB-0.25-0.9-0.7,0.0,GARC1,RUS,EMB,embA@A921S,U,{},"{""proportion"": 0.0, ""confidence"": [0.0, 0.5749693909936535], ""p_value"": 1.0, ""contingency"": [[0, 2], [336, 25312]]}",{}
844,NC00962.3,EMB-0.25-0.9-0.7,0.0,GARC1,RUS,EMB,embB@G458C,U,{},"{""proportion"": 0.0, ""confidence"": [0.0, 0.7301340512159458], ""p_value"": 1.0, ""contingency"": [[0, 1], [336, 25312]]}",{}
845,NC00962.3,EMB-0.25-0.9-0.7,0.0,GARC1,RUS,EMB,embB@R464Q,U,{},"{""proportion"": 0.0, ""confidence"": [0.0, 0.7301340512159458], ""p_value"": 1.0, ""contingency"": [[0, 1], [336, 25312]]}",{}
846,NC00962.3,EMB-0.25-0.9-0.7,0.0,GARC1,RUS,EMB,embB@A484T,U,{},"{""proportion"": 0.0, ""confidence"": [0.0, 0.7301340512159458], ""p_value"": 1.0, ""contingency"": [[0, 1], [336, 25312]]}",{}
847,NC00962.3,EMB-0.25-0.9-0.7,0.0,GARC1,RUS,EMB,embA@G230S,U,{},"{""proportion"": 0.0, ""confidence"": [0.0, 0.4741955741575127], ""p_value"": 1.0, ""contingency"": [[0, 3], [336, 25312]]}",{}
848,NC00962.3,EMB-0.25-0.9-0.7,0.0,GARC1,RUS,EMB,embA@I141T,U,{},"{""proportion"": 0.0, ""confidence"": [0.0, 0.5749693909936535], ""p_value"": 1.0, ""contingency"": [[0, 2], [336, 25312]]}",{}
849,NC00962.3,EMB-0.25-0.9-0.7,0.0,GARC1,RUS,EMB,embA@G547R,U,{},"{""proportion"": 0.0, ""confidence"": [0.0, 0.7301340512159458], ""p_value"": 1.0, ""contingency"": [[0, 1], [336, 25312]]}",{}
850,NC00962.3,EMB-0.25-0.9-0.7,0.0,GARC1,RUS,EMB,embB@R468H,U,{},"{""proportion"": 0.0, ""confidence"": [0.0, 0.7301340512159458], ""p_value"": 1.0, ""contingency"": [[0, 1], [336, 25312]]}",{}
851,NC00962.3,EMB-0.25-0.9-0.7,0.0,GARC1,RUS,EMB,embA@g-51a,U,{},"{""proportion"": 0.0, ""confidence"": [0.0, 0.7301340512159458], ""p_value"": 1.0, ""contingency"": [[0, 1], [336, 25312]]}",{}
852,NC00962.3,EMB-0.25-0.9-0.7,0.0,GARC1,RUS,EMB,embB@S622W,U,{},"{""proportion"": 0.0, ""confidence"": [0.0, 0.7301340512159458], ""p_value"": 1.0, ""contingency"": [[0, 1], [336, 25312]]}",{}
853,NC00962.3,EMB-0.25-0.9-0.7,0.0,GARC1,RUS,EMB,embB@D1060N,U,{},"{""proportion"": 0.0, ""confidence"": [0.0, 0.7301340512159458], ""p_value"": 1.0, ""contingency"": [[0, 1], [336, 25312]]}",{}
854,NC00962.3,EMB-0.25-0.9-0.7,0.0,GARC1,RUS,EMB,embA@P802L,U,{},"{""proportion"": 0.0, ""confidence"": [0.0, 0.40347862520270455], ""p_value"": 0.578125, ""contingency"": [[0, 4], [336, 25312]]}",{}
855,NC00962.3,EMB-0.25-0.9-0.7,0.0,GARC1,RUS,EMB,embB@T215I,U,{},"{""proportion"": 0.0, ""confidence"": [0.0, 0.7301340512159458], ""p_value"": 1.0, ""contingency"": [[0, 1], [336, 25312]]}",{}
856,NC00962.3,EMB-0.25-0.9-0.7,0.0,GARC1,RUS,EMB,embB@P655L,U,{},"{""proportion"": 0.0, ""confidence"": [0.0, 0.7301340512159458], ""p_value"": 1.0, ""contingency"": [[0, 1], [336, 25312]]}",{}
857,NC00962.3,EMB-0.25-0.9-0.7,0.0,GARC1,RUS,EMB,embA@t-28g,U,{},"{""proportion"": 0.0, ""confidence"": [0.0, 0.7301340512159458], ""p_value"": 1.0, ""contingency"": [[0, 1], [336, 25312]]}",{}
858,NC00962.3,EMB-0.25-0.9-0.7,0.0,GARC1,RUS,EMB,embA@A448G,U,{},"{""proportion"": 0.0, ""confidence"": [0.0, 0.7301340512159458], ""p_value"": 1.0, ""contingency"": [[0, 1], [336, 25312]]}",{}
859,NC00962.3,EMB-0.25-0.9-0.7,0.0,GARC1,RUS,EMB,embB@H890R,U,{},"{""proportion"": 0.0, ""confidence"": [0.0, 0.7301340512159458], ""p_value"": 1.0, ""contingency"": [[0, 1], [336, 25312]]}",{}
860,NC00962.3,EMB-0.25-0.9-0.7,0.0,GARC1,RUS,EMB,embA@T588I,U,{},"{""proportion"": 0.0, ""confidence"": [0.0, 0.7301340512159458], ""p_value"": 1.0, ""contingency"": [[0, 1], [336, 25312]]}",{}
861,NC00962.3,EMB-0.25-0.9-0.7,0.0,GARC1,RUS,EMB,embB@P957L,U,{},"{""proportion"": 0.0, ""confidence"": [0.0, 0.7301340512159458], ""p_value"": 1.0, ""contingency"": [[0, 1], [336, 25312]]}",{}
862,NC00962.3,EMB-0.25-0.9-0.7,0.0,GARC1,RUS,EMB,embB@S980A,U,{},"{""proportion"": 0.0, ""confidence"": [0.0, 0.7301340512159458], ""p_value"": 1.0, ""contingency"": [[0, 1], [336, 25312]]}",{}
863,NC00962.3,EMB-0.25-0.9-0.7,0.0,GARC1,RUS,EMB,embB@A271T,U,{},"{""proportion"": 0.0, ""confidence"": [0.0, 0.5749693909936535], ""p_value"": 1.0, ""contingency"": [[0, 2], [336, 25312]]}",{}
864,NC00962.3,EMB-0.25-0.9-0.7,0.0,GARC1,RUS,EMB,embB@E976Q,U,{},"{""proportion"": 0.0, ""confidence"": [0.0, 0.7301340512159458], ""p_value"": 1.0, ""contingency"": [[0, 1], [336, 25312]]}",{}
865,NC00962.3,EMB-0.25-0.9-0.7,0.0,GARC1,RUS,EMB,embA@T434A,U,{},"{""proportion"": 0.0, ""confidence"": [0.0, 0.7301340512159458], ""p_value"": 1.0, ""contingency"": [[0, 1], [336, 25312]]}",{}
866,NC00962.3,EMB-0.25-0.9-0.7,0.0,GARC1,RUS,EMB,embB@D952E,U,{},"{""proportion"": 0.0, ""confidence"": [0.0, 0.5749693909936535], ""p_value"": 1.0, ""contingency"": [[0, 2], [336, 25312]]}",{}
867,NC00962.3,EMB-0.25-0.9-0.7,0.0,GARC1,RUS,EMB,embB@T822M,U,{},"{""proportion"": 0.0, ""confidence"": [0.0, 0.7301340512159458], ""p_value"": 1.0, ""contingency"": [[0, 1], [336, 25312]]}",{}
868,NC00962.3,EMB-0.25-0.9-0.7,0.0,GARC1,RUS,EMB,embB@P776L,U,{},"{""proportion"": 0.0, ""confidence"": [0.0, 0.3511165007651012], ""p_value"": 0.34082031250000006, ""contingency"": [[0, 5], [336, 25312]]}",{}
869,NC00962.3,EMB-0.25-0.9-0.7,0.0,GARC1,RUS,EMB,embA@W634S,U,{},"{""proportion"": 0.0, ""confidence"": [0.0, 0.7301340512159458], ""p_value"": 1.0, ""contingency"": [[0, 1], [336, 25312]]}",{}
870,NC00962.3,EMB-0.25-0.9-0.7,0.0,GARC1,RUS,EMB,embB@V755I,U,{},"{""proportion"": 0.0, ""confidence"": [0.0, 0.5749693909936535], ""p_value"": 1.0, ""contingency"": [[0, 2], [336, 25312]]}",{}
871,NC00962.3,EMB-0.25-0.9-0.7,0.0,GARC1,RUS,EMB,embA@E508D,U,{},"{""proportion"": 0.0, ""confidence"": [0.0, 0.7301340512159458], ""p_value"": 1.0, ""contingency"": [[0, 1], [336, 25312]]}",{}
872,NC00962.3,EMB-0.25-0.9-0.7,0.0,GARC1,RUS,EMB,embB@F541V,U,{},"{""proportion"": 0.0, ""confidence"": [0.0, 0.7301340512159458], ""p_value"": 1.0, ""contingency"": [[0, 1], [336, 25312]]}",{}
873,NC00962.3,EMB-0.25-0.9-0.7,0.0,GARC1,RUS,EMB,embB@P103H,U,{},"{""proportion"": 0.0, ""confidence"": [0.0, 0.7301340512159458], ""p_value"": 1.0, ""contingency"": [[0, 1], [336, 25312]]}",{}
874,NC00962.3,EMB-0.25-0.9-0.7,0.0,GARC1,RUS,EMB,embB@M265I,U,{},"{""proportion"": 0.0, ""confidence"": [0.0, 0.7301340512159458], ""p_value"": 1.0, ""contingency"": [[0, 1], [336, 25312]]}",{}
875,NC00962.3,EMB-0.25-0.9-0.7,0.0,GARC1,RUS,EMB,embB@D127A,U,{},"{""proportion"": 0.0, ""confidence"": [0.0, 0.7301340512159458], ""p_value"": 1.0, ""contingency"": [[0, 1], [336, 25312]]}",{}
876,NC00962.3,EMB-0.25-0.9-0.7,0.0,GARC1,RUS,EMB,embB@A94V,U,{},"{""proportion"": 0.0, ""confidence"": [0.0, 0.5749693909936535], ""p_value"": 1.0, ""contingency"": [[0, 2], [336, 25312]]}",{}
877,NC00962.3,EMB-0.25-0.9-0.7,0.0,GARC1,RUS,EMB,embB@D166A,U,{},"{""proportion"": 0.0, ""confidence"": [0.0, 0.7301340512159458], ""p_value"": 1.0, ""contingency"": [[0, 1], [336, 25312]]}",{}
878,NC00962.3,EMB-0.25-0.9-0.7,0.0,GARC1,RUS,EMB,embA@G823R,U,{},"{""proportion"": 0.0, ""confidence"": [0.0, 0.7301340512159458], ""p_value"": 1.0, ""contingency"": [[0, 1], [336, 25312]]}",{}
879,NC00962.3,EMB-0.25-0.9-0.7,0.0,GARC1,RUS,EMB,embB@V83A,U,{},"{""proportion"": 0.0, ""confidence"": [0.0, 0.7301340512159458], ""p_value"": 1.0, ""contingency"": [[0, 1], [336, 25312]]}",{}
880,NC00962.3,EMB-0.25-0.9-0.7,0.0,GARC1,RUS,EMB,embB@G1097A,U,{},"{""proportion"": 0.0, ""confidence"": [0.0, 0.7301340512159458], ""p_value"": 1.0, ""contingency"": [[0, 1], [336, 25312]]}",{}
881,NC00962.3,EMB-0.25-0.9-0.7,0.0,GARC1,RUS,EMB,embA@L978W,U,{},"{""proportion"": 0.0, ""confidence"": [0.0, 0.7301340512159458], ""p_value"": 1.0, ""contingency"": [[0, 1], [336, 25312]]}",{}
882,NC00962.3,EMB-0.25-0.9-0.7,0.0,GARC1,RUS,EMB,embB@L528V,U,{},"{""proportion"": 0.0, ""confidence"": [0.0, 0.7301340512159458], ""p_value"": 1.0, ""contingency"": [[0, 1], [336, 25312]]}",{}
883,NC00962.3,EMB-0.25-0.9-0.7,0.0,GARC1,RUS,EMB,embA@P860L,U,{},"{""proportion"": 0.0, ""confidence"": [0.0, 0.7301340512159458], ""p_value"": 1.0, ""contingency"": [[0, 1], [336, 25312]]}",{}
884,NC00962.3,EMB-0.25-0.9-0.7,0.0,GARC1,RUS,EMB,embA@L263F,U,{},"{""proportion"": 0.0, ""confidence"": [0.0, 0.7301340512159458], ""p_value"": 1.0, ""contingency"": [[0, 1], [336, 25312]]}",{}
885,NC00962.3,EMB-0.25-0.9-0.7,0.0,GARC1,RUS,EMB,embB@L74R,U,{},"{""proportion"": 1.0, ""confidence"": [0.26986594878405434, 1.0000000000000002], ""p_value"": 0.25, ""contingency"": [[1, 0], [336, 25312]]}",{}
886,NC00962.3,EMB-0.25-0.9-0.7,0.0,GARC1,RUS,EMB,embA@T161I,U,{},"{""proportion"": 0.0, ""confidence"": [0.0, 0.7301340512159458], ""p_value"": 1.0, ""contingency"": [[0, 1], [336, 25312]]}",{}
887,NC00962.3,EMB-0.25-0.9-0.7,0.0,GARC1,RUS,EMB,embB@P766L,U,{},"{""proportion"": 0.0, ""confidence"": [0.0, 0.7301340512159458], ""p_value"": 1.0, ""contingency"": [[0, 1], [336, 25312]]}",{}
888,NC00962.3,EMB-0.25-0.9-0.7,0.0,GARC1,RUS,EMB,embB@A388V,U,{},"{""proportion"": 0.0, ""confidence"": [0.0, 0.7301340512159458], ""p_value"": 1.0, ""contingency"": [[0, 1], [336, 25312]]}",{}
889,NC00962.3,EMB-0.25-0.9-0.7,0.0,GARC1,RUS,EMB,embB@A701T,U,{},"{""proportion"": 0.0, ""confidence"": [0.0, 0.5749693909936535], ""p_value"": 1.0, ""contingency"": [[0, 2], [336, 25312]]}",{}
890,NC00962.3,EMB-0.25-0.9-0.7,0.0,GARC1,RUS,EMB,embA@V391I,U,{},"{""proportion"": 0.0, ""confidence"": [0.0, 0.7301340512159458], ""p_value"": 1.0, ""contingency"": [[0, 1], [336, 25312]]}",{}
891,NC00962.3,EMB-0.25-0.9-0.7,0.0,GARC1,RUS,EMB,embA@P327H,U,{},"{""proportion"": 0.0, ""confidence"": [0.0, 0.7301340512159458], ""p_value"": 1.0, ""contingency"": [[0, 1], [336, 25312]]}",{}
892,NC00962.3,EMB-0.25-0.9-0.7,0.0,GARC1,RUS,EMB,embA@A1016S,U,{},"{""proportion"": 0.0, ""confidence"": [0.0, 0.4741955741575127], ""p_value"": 1.0, ""contingency"": [[0, 3], [336, 25312]]}",{}
893,NC00962.3,EMB-0.25-0.9-0.7,0.0,GARC1,RUS,EMB,embB@F161L,U,{},"{""proportion"": 0.0, ""confidence"": [0.0, 0.7301340512159458], ""p_value"": 1.0, ""contingency"": [[0, 1], [336, 25312]]}",{}
894,NC00962.3,EMB-0.25-0.9-0.7,0.0,GARC1,RUS,EMB,embB@W273L,U,{},"{""proportion"": 0.0, ""confidence"": [0.0, 0.7301340512159458], ""p_value"": 1.0, ""contingency"": [[0, 1], [336, 25312]]}",{}
895,NC00962.3,EMB-0.25-0.9-0.7,0.0,GARC1,RUS,EMB,embB@A221T,U,{},"{""proportion"": 0.0, ""confidence"": [0.0, 0.7301340512159458], ""p_value"": 1.0, ""contingency"": [[0, 1], [336, 25312]]}",{}
896,NC00962.3,EMB-0.25-0.9-0.7,0.0,GARC1,RUS,EMB,embA@A438V,U,{},"{""proportion"": 0.0, ""confidence"": [0.0, 0.7301340512159458], ""p_value"": 1.0, ""contingency"": [[0, 1], [336, 25312]]}",{}
897,NC00962.3,EMB-0.25-0.9-0.7,0.0,GARC1,RUS,EMB,embB@A357T,U,{},"{""proportion"": 0.0, ""confidence"": [0.0, 0.7301340512159458], ""p_value"": 1.0, ""contingency"": [[0, 1], [336, 25312]]}",{}
898,NC00962.3,EMB-0.25-0.9-0.7,0.0,GARC1,RUS,EMB,embB@M350T,U,{},"{""proportion"": 0.0, ""confidence"": [0.0, 0.7301340512159458], ""p_value"": 1.0, ""contingency"": [[0, 1], [336, 25312]]}",{}
899,NC00962.3,EMB-0.25-0.9-0.7,0.0,GARC1,RUS,EMB,embB@S344R,U,{},"{""proportion"": 0.0, ""confidence"": [0.0, 0.7301340512159458], ""p_value"": 1.0, ""contingency"": [[0, 1], [336, 25312]]}",{}
900,NC00962.3,EMB-0.25-0.9-0.7,0.0,GARC1,RUS,EMB,embA@Q57E,U,{},"{""proportion"": 0.0, ""confidence"": [0.0, 0.7301340512159458], ""p_value"": 1.0, ""contingency"": [[0, 1], [336, 25312]]}",{}
901,NC00962.3,EMB-0.25-0.9-0.7,0.0,GARC1,RUS,EMB,embA@T591A,U,{},"{""proportion"": 0.0, ""confidence"": [0.0, 0.7301340512159458], ""p_value"": 1.0, ""contingency"": [[0, 1], [336, 25312]]}",{}
902,NC00962.3,EMB-0.25-0.9-0.7,0.0,GARC1,RUS,EMB,embA@N54S,U,{},"{""proportion"": 0.0, ""confidence"": [0.0, 0.7301340512159458], ""p_value"": 1.0, ""contingency"": [[0, 1], [336, 25312]]}",{}
903,NC00962.3,EMB-0.25-0.9-0.7,0.0,GARC1,RUS,EMB,embB@T341I,U,{},"{""proportion"": 0.0, ""confidence"": [0.0, 0.7301340512159458], ""p_value"": 1.0, ""contingency"": [[0, 1], [336, 25312]]}",{}
904,NC00962.3,EMB-0.25-0.9-0.7,0.0,GARC1,RUS,EMB,embA@A331P,U,{},"{""proportion"": 0.0, ""confidence"": [0.0, 0.7301340512159458], ""p_value"": 1.0, ""contingency"": [[0, 1], [336, 25312]]}",{}
905,NC00962.3,EMB-0.25-0.9-0.7,0.0,GARC1,RUS,EMB,embA@c-11t,U,{},"{""proportion"": 0.0, ""confidence"": [0.0, 0.5749693909936535], ""p_value"": 1.0, ""contingency"": [[0, 2], [336, 25312]]}",{}
906,NC00962.3,EMB-0.25-0.9-0.7,0.0,GARC1,RUS,EMB,embB@A861T,U,{},"{""proportion"": 0.0, ""confidence"": [0.0, 0.7301340512159458], ""p_value"": 1.0, ""contingency"": [[0, 1], [336, 25312]]}",{}
907,NC00962.3,EMB-0.25-0.9-0.7,0.0,GARC1,RUS,EMB,embB@A840P,U,{},"{""proportion"": 0.0, ""confidence"": [0.0, 0.7301340512159458], ""p_value"": 1.0, ""contingency"": [[0, 1], [336, 25312]]}",{}
908,NC00962.3,EMB-0.25-0.9-0.7,0.0,GARC1,RUS,EMB,embA@D678N,U,{},"{""proportion"": 0.0, ""confidence"": [0.0, 0.7301340512159458], ""p_value"": 1.0, ""contingency"": [[0, 1], [336, 25312]]}",{}
909,NC00962.3,EMB-0.25-0.9-0.7,0.0,GARC1,RUS,EMB,embB@H342N,U,{},"{""proportion"": 0.0, ""confidence"": [0.0, 0.7301340512159458], ""p_value"": 1.0, ""contingency"": [[0, 1], [336, 25312]]}",{}
910,NC00962.3,EMB-0.25-0.9-0.7,0.0,GARC1,RUS,EMB,embB@M557I,U,{},"{""proportion"": 0.0, ""confidence"": [0.0, 0.7301340512159458], ""p_value"": 1.0, ""contingency"": [[0, 1], [336, 25312]]}",{}
911,NC00962.3,EMB-0.25-0.9-0.7,0.0,GARC1,RUS,EMB,embB@R1059P,U,{},"{""proportion"": 0.0, ""confidence"": [0.0, 0.7301340512159458], ""p_value"": 1.0, ""contingency"": [[0, 1], [336, 25312]]}",{}
912,NC00962.3,EMB-0.25-0.9-0.7,0.0,GARC1,RUS,EMB,embB@A950V,U,{},"{""proportion"": 0.0, ""confidence"": [0.0, 0.7301340512159458], ""p_value"": 1.0, ""contingency"": [[0, 1], [336, 25312]]}",{}
913,NC00962.3,EMB-0.25-0.9-0.7,0.0,GARC1,RUS,EMB,embA@A734T,U,{},"{""proportion"": 0.0, ""confidence"": [0.0, 0.7301340512159458], ""p_value"": 1.0, ""contingency"": [[0, 1], [336, 25312]]}",{}
914,NC00962.3,EMB-0.25-0.9-0.7,0.0,GARC1,RUS,EMB,embB@L348P,U,{},"{""proportion"": 0.0, ""confidence"": [0.0, 0.7301340512159458], ""p_value"": 1.0, ""contingency"": [[0, 1], [336, 25312]]}",{}
915,NC00962.3,EMB-0.25-0.9-0.7,0.0,GARC1,RUS,EMB,embB@N400S,U,{},"{""proportion"": 0.0, ""confidence"": [0.0, 0.7301340512159458], ""p_value"": 1.0, ""contingency"": [[0, 1], [336, 25312]]}",{}
916,NC00962.3,EMB-0.25-0.9-0.7,0.0,GARC1,RUS,EMB,embA@T363I,U,{},"{""proportion"": 0.0, ""confidence"": [0.0, 0.7301340512159458], ""p_value"": 1.0, ""contingency"": [[0, 1], [336, 25312]]}",{}
917,NC00962.3,EMB-0.25-0.9-0.7,0.0,GARC1,RUS,EMB,embA@T652R,U,{},"{""proportion"": 1.0, ""confidence"": [0.26986594878405434, 1.0000000000000002], ""p_value"": 0.25, ""contingency"": [[1, 0], [336, 25312]]}",{}
918,NC00962.3,EMB-0.25-0.9-0.7,0.0,GARC1,RUS,EMB,embA@P689L,U,{},"{""proportion"": 0.0, ""confidence"": [0.0, 0.7301340512159458], ""p_value"": 1.0, ""contingency"": [[0, 1], [336, 25312]]}",{}
919,NC00962.3,EMB-0.25-0.9-0.7,0.0,GARC1,RUS,EMB,embB@M462T,U,{},"{""proportion"": 0.0, ""confidence"": [0.0, 0.7301340512159458], ""p_value"": 1.0, ""contingency"": [[0, 1], [336, 25312]]}",{}
920,NC00962.3,EMB-0.25-0.9-0.7,0.0,GARC1,RUS,EMB,embB@P59T,U,{},"{""proportion"": 0.0, ""confidence"": [0.0, 0.7301340512159458], ""p_value"": 1.0, ""contingency"": [[0, 1], [336, 25312]]}",{}
921,NC00962.3,EMB-0.25-0.9-0.7,0.0,GARC1,RUS,EMB,embB@V602A,U,{},"{""proportion"": 0.0, ""confidence"": [0.0, 0.7301340512159458], ""p_value"": 1.0, ""contingency"": [[0, 1], [336, 25312]]}",{}
922,NC00962.3,EMB-0.25-0.9-0.7,0.0,GARC1,RUS,EMB,embB@I1006M,U,{},"{""proportion"": 0.0, ""confidence"": [0.0, 0.3511165007651012], ""p_value"": 0.34082031250000006, ""contingency"": [[0, 5], [336, 25312]]}",{}
923,NC00962.3,EMB-0.25-0.9-0.7,0.0,GARC1,RUS,EMB,embA@T591P,U,{},"{""proportion"": 0.0, ""confidence"": [0.0, 0.5749693909936535], ""p_value"": 1.0, ""contingency"": [[0, 2], [336, 25312]]}",{}
924,NC00962.3,EMB-0.25-0.9-0.7,0.0,GARC1,RUS,EMB,embB@R147C,U,{},"{""proportion"": 0.0, ""confidence"": [0.0, 0.7301340512159458], ""p_value"": 1.0, ""contingency"": [[0, 1], [336, 25312]]}",{}
925,NC00962.3,EMB-0.25-0.9-0.7,0.0,GARC1,RUS,EMB,embB@A1083T,U,{},"{""proportion"": 0.0, ""confidence"": [0.0, 0.7301340512159458], ""p_value"": 1.0, ""contingency"": [[0, 1], [336, 25312]]}",{}
926,NC00962.3,EMB-0.25-0.9-0.7,0.0,GARC1,RUS,EMB,embA@G554D,U,{},"{""proportion"": 1.0, ""confidence"": [0.26986594878405434, 1.0000000000000002], ""p_value"": 0.25, ""contingency"": [[1, 0], [336, 25312]]}",{}
927,NC00962.3,EMB-0.25-0.9-0.7,0.0,GARC1,RUS,EMB,embB@E149A,U,{},"{""proportion"": 0.0, ""confidence"": [0.0, 0.7301340512159458], ""p_value"": 1.0, ""contingency"": [[0, 1], [336, 25312]]}",{}
928,NC00962.3,EMB-0.25-0.9-0.7,0.0,GARC1,RUS,EMB,embA@P763S,U,{},"{""proportion"": 0.0, ""confidence"": [0.0, 0.7301340512159458], ""p_value"": 1.0, ""contingency"": [[0, 1], [336, 25312]]}",{}
929,NC00962.3,EMB-0.25-0.9-0.7,0.0,GARC1,RUS,EMB,embA@g-48c,U,{},"{""proportion"": 0.0, ""confidence"": [0.0, 0.7301340512159458], ""p_value"": 1.0, ""contingency"": [[0, 1], [336, 25312]]}",{}
930,NC00962.3,EMB-0.25-0.9-0.7,0.0,GARC1,RUS,EMB,embA@A291T,U,{},"{""proportion"": 0.0, ""confidence"": [0.0, 0.5749693909936535], ""p_value"": 1.0, ""contingency"": [[0, 2], [336, 25312]]}",{}
931,NC00962.3,EMB-0.25-0.9-0.7,0.0,GARC1,RUS,EMB,embB@D354N,U,{},"{""proportion"": 0.0, ""confidence"": [0.0, 0.7301340512159458], ""p_value"": 1.0, ""contingency"": [[0, 1], [336, 25312]]}",{}
932,NC00962.3,EMB-0.25-0.9-0.7,0.0,GARC1,RUS,EMB,embA@T270P,U,{},"{""proportion"": 0.0, ""confidence"": [0.0, 0.7301340512159458], ""p_value"": 1.0, ""contingency"": [[0, 1], [336, 25312]]}",{}
933,NC00962.3,EMB-0.25-0.9-0.7,0.0,GARC1,RUS,EMB,embA@G21R,U,{},"{""proportion"": 0.0, ""confidence"": [0.0, 0.7301340512159458], ""p_value"": 1.0, ""contingency"": [[0, 1], [336, 25312]]}",{}
934,NC00962.3,EMB-0.25-0.9-0.7,0.0,GARC1,RUS,EMB,embA@G157C,U,{},"{""proportion"": 0.0, ""confidence"": [0.0, 0.5749693909936535], ""p_value"": 1.0, ""contingency"": [[0, 2], [336, 25312]]}",{}
935,NC00962.3,EMB-0.25-0.9-0.7,0.0,GARC1,RUS,EMB,embA@H665R,U,{},"{""proportion"": 0.0, ""confidence"": [0.0, 0.5749693909936535], ""p_value"": 1.0, ""contingency"": [[0, 2], [336, 25312]]}",{}
936,NC00962.3,EMB-0.25-0.9-0.7,0.0,GARC1,RUS,EMB,embB@N1004T,U,{},"{""proportion"": 0.0, ""confidence"": [0.0, 0.7301340512159458], ""p_value"": 1.0, ""contingency"": [[0, 1], [336, 25312]]}",{}
937,NC00962.3,EMB-0.25-0.9-0.7,0.0,GARC1,RUS,EMB,embB@T797M,U,{},"{""proportion"": 0.0, ""confidence"": [0.0, 0.40347862520270455], ""p_value"": 0.578125, ""contingency"": [[0, 4], [336, 25312]]}",{}
938,NC00962.3,EMB-0.25-0.9-0.7,0.0,GARC1,RUS,EMB,embB@A510T,U,{},"{""proportion"": 0.0, ""confidence"": [0.0, 0.4741955741575127], ""p_value"": 1.0, ""contingency"": [[0, 3], [336, 25312]]}",{}
939,NC00962.3,EMB-0.25-0.9-0.7,0.0,GARC1,RUS,EMB,embA@V414M,U,{},"{""proportion"": 0.0, ""confidence"": [0.0, 0.7301340512159458], ""p_value"": 1.0, ""contingency"": [[0, 1], [336, 25312]]}",{}
940,NC00962.3,EMB-0.25-0.9-0.7,0.0,GARC1,RUS,EMB,embA@L215M,U,{},"{""proportion"": 0.0, ""confidence"": [0.0, 0.7301340512159458], ""p_value"": 1.0, ""contingency"": [[0, 1], [336, 25312]]}",{}
941,NC00962.3,EMB-0.25-0.9-0.7,0.0,GARC1,RUS,EMB,embA@A255V,U,{},"{""proportion"": 0.0, ""confidence"": [0.0, 0.7301340512159458], ""p_value"": 1.0, ""contingency"": [[0, 1], [336, 25312]]}",{}
942,NC00962.3,EMB-0.25-0.9-0.7,0.0,GARC1,RUS,EMB,embB@D354G,U,{},"{""proportion"": 0.0, ""confidence"": [0.0, 0.7301340512159458], ""p_value"": 1.0, ""contingency"": [[0, 1], [336, 25312]]}",{}
943,NC00962.3,EMB-0.25-0.9-0.7,0.0,GARC1,RUS,EMB,embA@A428V,U,{},"{""proportion"": 0.0, ""confidence"": [0.0, 0.7301340512159458], ""p_value"": 1.0, ""contingency"": [[0, 1], [336, 25312]]}",{}
944,NC00962.3,EMB-0.25-0.9-0.7,0.0,GARC1,RUS,EMB,embB@P430L,U,{},"{""proportion"": 0.0, ""confidence"": [0.0, 0.7301340512159458], ""p_value"": 1.0, ""contingency"": [[0, 1], [336, 25312]]}",{}
945,NC00962.3,EMB-0.25-0.9-0.7,0.0,GARC1,RUS,EMB,embA@S49R,U,{},"{""proportion"": 0.0, ""confidence"": [0.0, 0.7301340512159458], ""p_value"": 1.0, ""contingency"": [[0, 1], [336, 25312]]}",{}
946,NC00962.3,EMB-0.25-0.9-0.7,0.0,GARC1,RUS,EMB,embA@A852S,U,{},"{""proportion"": 0.0, ""confidence"": [0.0, 0.7301340512159458], ""p_value"": 1.0, ""contingency"": [[0, 1], [336, 25312]]}",{}
947,NC00962.3,EMB-0.25-0.9-0.7,0.0,GARC1,RUS,EMB,embB@T341A,U,{},"{""proportion"": 0.0, ""confidence"": [0.0, 0.7301340512159458], ""p_value"": 1.0, ""contingency"": [[0, 1], [336, 25312]]}",{}
948,NC00962.3,EMB-0.25-0.9-0.7,0.0,GARC1,RUS,EMB,embB@S658N,U,{},"{""proportion"": 0.0, ""confidence"": [0.0, 0.7301340512159458], ""p_value"": 1.0, ""contingency"": [[0, 1], [336, 25312]]}",{}
949,NC00962.3,EMB-0.25-0.9-0.7,0.0,GARC1,RUS,EMB,embB@D869H,U,{},"{""proportion"": 0.0, ""confidence"": [0.0, 0.7301340512159458], ""p_value"": 1.0, ""contingency"": [[0, 1], [336, 25312]]}",{}
950,NC00962.3,EMB-0.25-0.9-0.7,0.0,GARC1,RUS,EMB,embA@T728I,U,{},"{""proportion"": 0.0, ""confidence"": [0.0, 0.3511165007651012], ""p_value"": 0.34082031250000006, ""contingency"": [[0, 5], [336, 25312]]}",{}
951,NC00962.3,EMB-0.25-0.9-0.7,0.0,GARC1,RUS,EMB,embA@G1085S,U,{},"{""proportion"": 0.0, ""confidence"": [0.0, 0.7301340512159458], ""p_value"": 1.0, ""contingency"": [[0, 1], [336, 25312]]}",{}
952,NC00962.3,EMB-0.25-0.9-0.7,0.0,GARC1,RUS,EMB,embB@A1020S,U,{},"{""proportion"": 0.0, ""confidence"": [0.0, 0.7301340512159458], ""p_value"": 1.0, ""contingency"": [[0, 1], [336, 25312]]}",{}
953,NC00962.3,EMB-0.25-0.9-0.7,0.0,GARC1,RUS,EMB,embB@V602I,U,{},"{""proportion"": 0.0, ""confidence"": [0.0, 0.7301340512159458], ""p_value"": 1.0, ""contingency"": [[0, 1], [336, 25312]]}",{}
954,NC00962.3,EMB-0.25-0.9-0.7,0.0,GARC1,RUS,EMB,embB@D311A,U,{},"{""proportion"": 0.0, ""confidence"": [0.0, 0.5749693909936535], ""p_value"": 1.0, ""contingency"": [[0, 2], [336, 25312]]}",{}
955,NC00962.3,EMB-0.25-0.9-0.7,0.0,GARC1,RUS,EMB,embA@2046_del_ccgcatcttggc,U,{},"{""proportion"": 0.0, ""confidence"": [0.0, 0.7301340512159458], ""p_value"": 1.0, ""contingency"": [[0, 1], [336, 25312]]}",{}
956,NC00962.3,EMB-0.25-0.9-0.7,0.0,GARC1,RUS,EMB,embA@T238S,U,{},"{""proportion"": 0.0, ""confidence"": [0.0, 0.7301340512159458], ""p_value"": 1.0, ""contingency"": [[0, 1], [336, 25312]]}",{}
957,NC00962.3,EMB-0.25-0.9-0.7,0.0,GARC1,RUS,EMB,embA@D784N,U,{},"{""proportion"": 0.0, ""confidence"": [0.0, 0.7301340512159458], ""p_value"": 1.0, ""contingency"": [[0, 1], [336, 25312]]}",{}
958,NC00962.3,EMB-0.25-0.9-0.7,0.0,GARC1,RUS,EMB,embB@R930H,U,{},"{""proportion"": 0.0, ""confidence"": [0.0, 0.7301340512159458], ""p_value"": 1.0, ""contingency"": [[0, 1], [336, 25312]]}",{}
959,NC00962.3,EMB-0.25-0.9-0.7,0.0,GARC1,RUS,EMB,embA@T238N,U,{},"{""proportion"": 0.0, ""confidence"": [0.0, 0.5749693909936535], ""p_value"": 1.0, ""contingency"": [[0, 2], [336, 25312]]}",{}
960,NC00962.3,EMB-0.25-0.9-0.7,0.0,GARC1,RUS,EMB,embA@I191V,U,{},"{""proportion"": 0.0, ""confidence"": [0.0, 0.7301340512159458], ""p_value"": 1.0, ""contingency"": [[0, 1], [336, 25312]]}",{}
961,NC00962.3,EMB-0.25-0.9-0.7,0.0,GARC1,RUS,EMB,embB@P375S,U,{},"{""proportion"": 0.0, ""confidence"": [0.0, 0.7301340512159458], ""p_value"": 1.0, ""contingency"": [[0, 1], [336, 25312]]}",{}
962,NC00962.3,EMB-0.25-0.9-0.7,0.0,GARC1,RUS,EMB,embB@V231I,U,{},"{""proportion"": 0.0, ""confidence"": [0.0, 0.7301340512159458], ""p_value"": 1.0, ""contingency"": [[0, 1], [336, 25312]]}",{}
963,NC00962.3,EMB-0.25-0.9-0.7,0.0,GARC1,RUS,EMB,embB@N657D,U,{},"{""proportion"": 0.0, ""confidence"": [0.0, 0.7301340512159458], ""p_value"": 1.0, ""contingency"": [[0, 1], [336, 25312]]}",{}
964,NC00962.3,EMB-0.25-0.9-0.7,0.0,GARC1,RUS,EMB,embB@R182C,U,{},"{""proportion"": 0.0, ""confidence"": [0.0, 0.4741955741575127], ""p_value"": 1.0, ""contingency"": [[0, 3], [336, 25312]]}",{}
965,NC00962.3,EMB-0.25-0.9-0.7,0.0,GARC1,RUS,EMB,embB@G665R,U,{},"{""proportion"": 0.0, ""confidence"": [0.0, 0.7301340512159458], ""p_value"": 1.0, ""contingency"": [[0, 1], [336, 25312]]}",{}
966,NC00962.3,EMB-0.25-0.9-0.7,0.0,GARC1,RUS,EMB,embB@M462L,U,{},"{""proportion"": 0.0, ""confidence"": [0.0, 0.7301340512159458], ""p_value"": 1.0, ""contingency"": [[0, 1], [336, 25312]]}",{}
967,NC00962.3,EMB-0.25-0.9-0.7,0.0,GARC1,RUS,EMB,embA@W1050G,U,{},"{""proportion"": 0.0, ""confidence"": [0.0, 0.7301340512159458], ""p_value"": 1.0, ""contingency"": [[0, 1], [336, 25312]]}",{}
968,NC00962.3,EMB-0.25-0.9-0.7,0.0,GARC1,RUS,EMB,embA@2723_ins_ggg,U,{},"{""proportion"": 0.0, ""confidence"": [0.0, 0.7301340512159458], ""p_value"": 1.0, ""contingency"": [[0, 1], [336, 25312]]}",{}
969,NC00962.3,EMB-0.25-0.9-0.7,0.0,GARC1,RUS,EMB,embA@D761G,U,{},"{""proportion"": 0.0, ""confidence"": [0.0, 0.7301340512159458], ""p_value"": 1.0, ""contingency"": [[0, 1], [336, 25312]]}",{}
970,NC00962.3,EMB-0.25-0.9-0.7,0.0,GARC1,RUS,EMB,embA@R683L,U,{},"{""proportion"": 0.0, ""confidence"": [0.0, 0.7301340512159458], ""p_value"": 1.0, ""contingency"": [[0, 1], [336, 25312]]}",{}
971,NC00962.3,EMB-0.25-0.9-0.7,0.0,GARC1,RUS,EMB,embA@L263P,U,{},"{""proportion"": 0.0, ""confidence"": [0.0, 0.7301340512159458], ""p_value"": 1.0, ""contingency"": [[0, 1], [336, 25312]]}",{}
972,NC00962.3,EMB-0.25-0.9-0.7,0.0,GARC1,RUS,EMB,embB@T1069P,U,{},"{""proportion"": 0.0, ""confidence"": [0.0, 0.7301340512159458], ""p_value"": 1.0, ""contingency"": [[0, 1], [336, 25312]]}",{}
973,NC00962.3,EMB-0.25-0.9-0.7,0.0,GARC1,RUS,EMB,embB@D86N,U,{},"{""proportion"": 0.0, ""confidence"": [0.0, 0.7301340512159458], ""p_value"": 1.0, ""contingency"": [[0, 1], [336, 25312]]}",{}
974,NC00962.3,EMB-0.25-0.9-0.7,0.0,GARC1,RUS,EMB,embB@Q445R,U,{},"{""proportion"": 0.0, ""confidence"": [0.0, 0.7301340512159458], ""p_value"": 1.0, ""contingency"": [[0, 1], [336, 25312]]}",{}
975,NC00962.3,EMB-0.25-0.9-0.7,0.0,GARC1,RUS,EMB,embB@G1097S,U,{},"{""proportion"": 0.0, ""confidence"": [0.0, 0.7301340512159458], ""p_value"": 1.0, ""contingency"": [[0, 1], [336, 25312]]}",{}
976,NC00962.3,EMB-0.25-0.9-0.7,0.0,GARC1,RUS,EMB,embA@T983A,U,{},"{""proportion"": 0.0, ""confidence"": [0.0, 0.7301340512159458], ""p_value"": 1.0, ""contingency"": [[0, 1], [336, 25312]]}",{}
977,NC00962.3,EMB-0.25-0.9-0.7,0.0,GARC1,RUS,EMB,embA@c-73t,U,{},"{""proportion"": 0.0, ""confidence"": [0.0, 0.7301340512159458], ""p_value"": 1.0, ""contingency"": [[0, 1], [336, 25312]]}",{}
978,NC00962.3,EMB-0.25-0.9-0.7,0.0,GARC1,RUS,EMB,embB@T546A,U,{},"{""proportion"": 0.0, ""confidence"": [0.0, 0.7301340512159458], ""p_value"": 1.0, ""contingency"": [[0, 1], [336, 25312]]}",{}
979,NC00962.3,EMB-0.25-0.9-0.7,0.0,GARC1,RUS,EMB,embB@K107R,U,{},"{""proportion"": 0.0, ""confidence"": [0.0, 0.7301340512159458], ""p_value"": 1.0, ""contingency"": [[0, 1], [336, 25312]]}",{}
980,NC00962.3,EMB-0.25-0.9-0.7,0.0,GARC1,RUS,EMB,embB@N1033K,U,{},"{""proportion"": 1.0, ""confidence"": [0.26986594878405434, 1.0000000000000002], ""p_value"": 0.25, ""contingency"": [[1, 0], [336, 25312]]}",{}
981,NC00962.3,EMB-0.25-0.9-0.7,0.0,GARC1,RUS,EMB,embB@A259V,U,{},"{""proportion"": 0.0, ""confidence"": [0.0, 0.7301340512159458], ""p_value"": 1.0, ""contingency"": [[0, 1], [336, 25312]]}",{}
982,NC00962.3,EMB-0.25-0.9-0.7,0.0,GARC1,RUS,EMB,embB@G443S,U,{},"{""proportion"": 0.0, ""confidence"": [0.0, 0.5749693909936535], ""p_value"": 1.0, ""contingency"": [[0, 2], [336, 25312]]}",{}
983,NC00962.3,EMB-0.25-0.9-0.7,0.0,GARC1,RUS,EMB,embB@P214A,U,{},"{""proportion"": 0.0, ""confidence"": [0.0, 0.7301340512159458], ""p_value"": 1.0, ""contingency"": [[0, 1], [336, 25312]]}",{}
984,NC00962.3,EMB-0.25-0.9-0.7,0.0,GARC1,RUS,EMB,embB@F320C,U,{},"{""proportion"": 1.0, ""confidence"": [0.26986594878405434, 1.0000000000000002], ""p_value"": 0.25, ""contingency"": [[1, 0], [336, 25312]]}",{}
985,NC00962.3,EMB-0.25-0.9-0.7,0.0,GARC1,RUS,EMB,embB@R122H,U,{},"{""proportion"": 0.0, ""confidence"": [0.0, 0.7301340512159458], ""p_value"": 1.0, ""contingency"": [[0, 1], [336, 25312]]}",{}
986,NC00962.3,EMB-0.25-0.9-0.7,0.0,GARC1,RUS,EMB,embB@A356V,U,{},"{""proportion"": 0.0, ""confidence"": [0.0, 0.7301340512159458], ""p_value"": 1.0, ""contingency"": [[0, 1], [336, 25312]]}",{}
987,NC00962.3,EMB-0.25-0.9-0.7,0.0,GARC1,RUS,EMB,embB@V479M,U,{},"{""proportion"": 0.0, ""confidence"": [0.0, 0.7301340512159458], ""p_value"": 1.0, ""contingency"": [[0, 1], [336, 25312]]}",{}
988,NC00962.3,EMB-0.25-0.9-0.7,0.0,GARC1,RUS,EMB,embA@G101S,U,{},"{""proportion"": 0.0, ""confidence"": [0.0, 0.5749693909936535], ""p_value"": 1.0, ""contingency"": [[0, 2], [336, 25312]]}",{}
989,NC00962.3,EMB-0.25-0.9-0.7,0.0,GARC1,RUS,EMB,embA@R442K,U,{},"{""proportion"": 0.0, ""confidence"": [0.0, 0.7301340512159458], ""p_value"": 1.0, ""contingency"": [[0, 1], [336, 25312]]}",{}
990,NC00962.3,EMB-0.25-0.9-0.7,0.0,GARC1,RUS,EMB,embB@G603A,U,{},"{""proportion"": 0.0, ""confidence"": [0.0, 0.7301340512159458], ""p_value"": 1.0, ""contingency"": [[0, 1], [336, 25312]]}",{}
991,NC00962.3,EMB-0.25-0.9-0.7,0.0,GARC1,RUS,EMB,embA@N679S,U,{},"{""proportion"": 0.0, ""confidence"": [0.0, 0.7301340512159458], ""p_value"": 1.0, ""contingency"": [[0, 1], [336, 25312]]}",{}
992,NC00962.3,EMB-0.25-0.9-0.7,0.0,GARC1,RUS,EMB,embB@P706S,U,{},"{""proportion"": 0.0, ""confidence"": [0.0, 0.7301340512159458], ""p_value"": 1.0, ""contingency"": [[0, 1], [336, 25312]]}",{}
993,NC00962.3,EMB-0.25-0.9-0.7,0.0,GARC1,RUS,EMB,embB@R147H,U,{},"{""proportion"": 0.0, ""confidence"": [0.0, 0.7301340512159458], ""p_value"": 1.0, ""contingency"": [[0, 1], [336, 25312]]}",{}
994,NC00962.3,EMB-0.25-0.9-0.7,0.0,GARC1,RUS,EMB,embA@R346P,U,{},"{""proportion"": 0.0, ""confidence"": [0.0, 0.7301340512159458], ""p_value"": 1.0, ""contingency"": [[0, 1], [336, 25312]]}",{}
995,NC00962.3,EMB-0.25-0.9-0.7,0.0,GARC1,RUS,EMB,embA@R346W,U,{},"{""proportion"": 0.0, ""confidence"": [0.0, 0.7301340512159458], ""p_value"": 1.0, ""contingency"": [[0, 1], [336, 25312]]}",{}
996,NC00962.3,EMB-0.25-0.9-0.7,0.0,GARC1,RUS,EMB,embB@G474D,U,{},"{""proportion"": 0.0, ""confidence"": [0.0, 0.7301340512159458], ""p_value"": 1.0, ""contingency"": [[0, 1], [336, 25312]]}",{}
997,NC00962.3,EMB-0.25-0.9-0.7,0.0,GARC1,RUS,EMB,embA@L221M,U,{},"{""proportion"": 0.0, ""confidence"": [0.0, 0.7301340512159458], ""p_value"": 1.0, ""contingency"": [[0, 1], [336, 25312]]}",{}
998,NC00962.3,EMB-0.25-0.9-0.7,0.0,GARC1,RUS,EMB,embA@S318L,U,{},"{""proportion"": 0.0, ""confidence"": [0.0, 0.7301340512159458], ""p_value"": 1.0, ""contingency"": [[0, 1], [336, 25312]]}",{}
999,NC00962.3,EMB-0.25-0.9-0.7,0.0,GARC1,RUS,EMB,embA@G748S,U,{},"{""proportion"": 0.0, ""confidence"": [0.0, 0.7301340512159458], ""p_value"": 1.0, ""contingency"": [[0, 1], [336, 25312]]}",{}
1000,NC00962.3,EMB-0.25-0.9-0.7,0.0,GARC1,RUS,EMB,embA@S250N,U,{},"{""proportion"": 0.0, ""confidence"": [0.0, 0.7301340512159458], ""p_value"": 1.0, ""contingency"": [[0, 1], [336, 25312]]}",{}
1001,NC00962.3,EMB-0.25-0.9-0.7,0.0,GARC1,RUS,EMB,embA@G972W,U,{},"{""proportion"": 0.0, ""confidence"": [0.0, 0.7301340512159458], ""p_value"": 1.0, ""contingency"": [[0, 1], [336, 25312]]}",{}
1002,NC00962.3,EMB-0.25-0.9-0.7,0.0,GARC1,RUS,EMB,embA@c-36t,U,{},"{""proportion"": 0.0, ""confidence"": [0.0, 0.7301340512159458], ""p_value"": 1.0, ""contingency"": [[0, 1], [336, 25312]]}",{}
1003,NC00962.3,EMB-0.25-0.9-0.7,0.0,GARC1,RUS,EMB,embB@A684V,U,{},"{""proportion"": 0.0, ""confidence"": [0.0, 0.7301340512159458], ""p_value"": 1.0, ""contingency"": [[0, 1], [336, 25312]]}",{}
1004,NC00962.3,EMB-0.25-0.9-0.7,0.0,GARC1,RUS,EMB,embA@S318T,U,{},"{""proportion"": 0.0, ""confidence"": [0.0, 0.7301340512159458], ""p_value"": 1.0, ""contingency"": [[0, 1], [336, 25312]]}",{}
1005,NC00962.3,EMB-0.25-0.9-0.7,0.0,GARC1,RUS,EMB,embA@A436G,U,{},"{""proportion"": 0.0, ""confidence"": [0.0, 0.7301340512159458], ""p_value"": 1.0, ""contingency"": [[0, 1], [336, 25312]]}",{}
1006,NC00962.3,EMB-0.25-0.9-0.7,0.0,GARC1,RUS,EMB,embB@T506N,U,{},"{""proportion"": 0.0, ""confidence"": [0.0, 0.7301340512159458], ""p_value"": 1.0, ""contingency"": [[0, 1], [336, 25312]]}",{}
1007,NC00962.3,EMB-0.25-0.9-0.7,0.0,GARC1,RUS,EMB,embA@D473G,U,{},"{""proportion"": 0.0, ""confidence"": [0.0, 0.7301340512159458], ""p_value"": 1.0, ""contingency"": [[0, 1], [336, 25312]]}",{}
1008,NC00962.3,EMB-0.25-0.9-0.7,0.0,GARC1,RUS,EMB,embA@N377G,U,{},"{""proportion"": 0.0, ""confidence"": [0.0, 0.7301340512159458], ""p_value"": 1.0, ""contingency"": [[0, 1], [336, 25312]]}",{}
1009,NC00962.3,EMB-0.25-0.9-0.7,0.0,GARC1,RUS,EMB,embA@R68H,U,{},"{""proportion"": 0.0, ""confidence"": [0.0, 0.7301340512159458], ""p_value"": 1.0, ""contingency"": [[0, 1], [336, 25312]]}",{}
1010,NC00962.3,EMB-0.25-0.9-0.7,0.0,GARC1,RUS,EMB,embB@P177L,U,{},"{""proportion"": 0.0, ""confidence"": [0.0, 0.7301340512159458], ""p_value"": 1.0, ""contingency"": [[0, 1], [336, 25312]]}",{}
1011,NC00962.3,EMB-0.25-0.9-0.7,0.0,GARC1,RUS,EMB,embB@K927E,U,{},"{""proportion"": 0.0, ""confidence"": [0.0, 0.7301340512159458], ""p_value"": 1.0, ""contingency"": [[0, 1], [336, 25312]]}",{}
1012,NC00962.3,EMB-0.25-0.9-0.7,0.0,GARC1,RUS,EMB,embA@P164A,U,{},"{""proportion"": 0.0, ""confidence"": [0.0, 0.7301340512159458], ""p_value"": 1.0, ""contingency"": [[0, 1], [336, 25312]]}",{}
1013,NC00962.3,EMB-0.25-0.9-0.7,0.0,GARC1,RUS,EMB,embA@L925V,U,{},"{""proportion"": 0.0, ""confidence"": [0.0, 0.7301340512159458], ""p_value"": 1.0, ""contingency"": [[0, 1], [336, 25312]]}",{}
1014,NC00962.3,EMB-0.25-0.9-0.7,0.0,GARC1,RUS,EMB,embA@I887T,U,{},"{""proportion"": 0.0, ""confidence"": [0.0, 0.7301340512159458], ""p_value"": 1.0, ""contingency"": [[0, 1], [336, 25312]]}",{}
1015,NC00962.3,EMB-0.25-0.9-0.7,0.0,GARC1,RUS,EMB,embA@632_del_tgc,U,{},"{""proportion"": 0.0, ""confidence"": [0.0, 0.7301340512159458], ""p_value"": 1.0, ""contingency"": [[0, 1], [336, 25312]]}",{}
1016,NC00962.3,EMB-0.25-0.9-0.7,0.0,GARC1,RUS,EMB,embA@S516C,U,{},"{""proportion"": 0.0, ""confidence"": [0.0, 0.7301340512159458], ""p_value"": 1.0, ""contingency"": [[0, 1], [336, 25312]]}",{}
1017,NC00962.3,EMB-0.25-0.9-0.7,0.0,GARC1,RUS,EMB,embA@S516P,U,{},"{""proportion"": 0.0, ""confidence"": [0.0, 0.7301340512159458], ""p_value"": 1.0, ""contingency"": [[0, 1], [336, 25312]]}",{}
1018,NC00962.3,EMB-0.25-0.9-0.7,0.0,GARC1,RUS,EMB,embA@L552P,U,{},"{""proportion"": 0.0, ""confidence"": [0.0, 0.7301340512159458], ""p_value"": 1.0, ""contingency"": [[0, 1], [336, 25312]]}",{}
1019,NC00962.3,EMB-0.25-0.9-0.7,0.0,GARC1,RUS,EMB,embA@2071_ins_tgg,U,{},"{""proportion"": 0.0, ""confidence"": [0.0, 0.5749693909936535], ""p_value"": 1.0, ""contingency"": [[0, 2], [336, 25312]]}",{}
1020,NC00962.3,EMB-0.25-0.9-0.7,0.0,GARC1,RUS,EMB,embA@V31F,U,{},"{""proportion"": 0.0, ""confidence"": [0.0, 0.7301340512159458], ""p_value"": 1.0, ""contingency"": [[0, 1], [336, 25312]]}",{}
1021,NC00962.3,EMB-0.25-0.9-0.7,0.0,GARC1,RUS,EMB,embA@A661P,U,{},"{""proportion"": 0.0, ""confidence"": [0.0, 0.7301340512159458], ""p_value"": 1.0, ""contingency"": [[0, 1], [336, 25312]]}",{}
1022,NC00962.3,EMB-0.25-0.9-0.7,0.0,GARC1,RUS,EMB,embB@Q516E,U,{},"{""proportion"": 0.0, ""confidence"": [0.0, 0.7301340512159458], ""p_value"": 1.0, ""contingency"": [[0, 1], [336, 25312]]}",{}
1023,NC00962.3,EMB-0.25-0.9-0.7,0.0,GARC1,RUS,EMB,embA@A415V,U,{},"{""proportion"": 0.0, ""confidence"": [0.0, 0.7301340512159458], ""p_value"": 1.0, ""contingency"": [[0, 1], [336, 25312]]}",{}
1024,NC00962.3,EMB-0.25-0.9-0.7,0.0,GARC1,RUS,EMB,embA@I338L,U,{},"{""proportion"": 0.0, ""confidence"": [0.0, 0.278762695452542], ""p_value"": 0.20404052734375, ""contingency"": [[0, 7], [336, 25312]]}",{}
1025,NC00962.3,EMB-0.25-0.9-0.7,0.0,GARC1,RUS,EMB,embB@S565G,U,{},"{""proportion"": 0.0, ""confidence"": [0.0, 0.4741955741575127], ""p_value"": 1.0, ""contingency"": [[0, 3], [336, 25312]]}",{}
1026,NC00962.3,EMB-0.25-0.9-0.7,0.0,GARC1,RUS,EMB,embA@V317L,U,{},"{""proportion"": 0.0, ""confidence"": [0.0, 0.3511165007651012], ""p_value"": 0.34082031250000006, ""contingency"": [[0, 5], [336, 25312]]}",{}
1027,NC00962.3,EMB-0.25-0.9-0.7,0.0,GARC1,RUS,EMB,embA@A581T,U,{},"{""proportion"": 0.0, ""confidence"": [0.0, 0.5749693909936535], ""p_value"": 1.0, ""contingency"": [[0, 2], [336, 25312]]}",{}
1028,NC00962.3,EMB-0.25-0.9-0.7,0.0,GARC1,RUS,EMB,embB@I284L,U,{},"{""proportion"": 0.0, ""confidence"": [0.0, 0.7301340512159458], ""p_value"": 1.0, ""contingency"": [[0, 1], [336, 25312]]}",{}
1029,NC00962.3,EMB-0.25-0.9-0.7,0.0,GARC1,RUS,EMB,embA@P645R,U,{},"{""proportion"": 0.0, ""confidence"": [0.0, 0.5749693909936535], ""p_value"": 1.0, ""contingency"": [[0, 2], [336, 25312]]}",{}
1030,NC00962.3,EMB-0.25-0.9-0.7,0.0,GARC1,RUS,EMB,embB@G535S,U,{},"{""proportion"": 0.0, ""confidence"": [0.0, 0.7301340512159458], ""p_value"": 1.0, ""contingency"": [[0, 1], [336, 25312]]}",{}
1031,NC00962.3,EMB-0.25-0.9-0.7,0.0,GARC1,RUS,EMB,embA@M705T,U,{},"{""proportion"": 0.0, ""confidence"": [0.0, 0.7301340512159458], ""p_value"": 1.0, ""contingency"": [[0, 1], [336, 25312]]}",{}
1032,NC00962.3,EMB-0.25-0.9-0.7,0.0,GARC1,RUS,EMB,embA@S137N,U,{},"{""proportion"": 0.0, ""confidence"": [0.0, 0.7301340512159458], ""p_value"": 1.0, ""contingency"": [[0, 1], [336, 25312]]}",{}
1033,NC00962.3,EMB-0.25-0.9-0.7,0.0,GARC1,RUS,EMB,embB@K561Q,U,{},"{""proportion"": 0.0, ""confidence"": [0.0, 0.7301340512159458], ""p_value"": 1.0, ""contingency"": [[0, 1], [336, 25312]]}",{}
1034,NC00962.3,EMB-0.25-0.9-0.7,0.0,GARC1,RUS,EMB,embA@c-50t,U,{},"{""proportion"": 0.0, ""confidence"": [0.0, 0.7301340512159458], ""p_value"": 1.0, ""contingency"": [[0, 1], [336, 25312]]}",{}
1035,NC00962.3,EMB-0.25-0.9-0.7,0.0,GARC1,RUS,EMB,embA@V583M,U,{},"{""proportion"": 0.0, ""confidence"": [0.0, 0.7301340512159458], ""p_value"": 1.0, ""contingency"": [[0, 1], [336, 25312]]}",{}
1036,NC00962.3,EMB-0.25-0.9-0.7,0.0,GARC1,RUS,EMB,embB@V614I,U,{},"{""proportion"": 0.0, ""confidence"": [0.0, 0.7301340512159458], ""p_value"": 1.0, ""contingency"": [[0, 1], [336, 25312]]}",{}
1037,NC00962.3,EMB-0.25-0.9-0.7,0.0,GARC1,RUS,EMB,embA@S514P,U,{},"{""proportion"": 0.0, ""confidence"": [0.0, 0.7301340512159458], ""p_value"": 1.0, ""contingency"": [[0, 1], [336, 25312]]}",{}
1038,NC00962.3,EMB-0.25-0.9-0.7,0.0,GARC1,RUS,EMB,embA@M153V,U,{},"{""proportion"": 0.0, ""confidence"": [0.0, 0.7301340512159458], ""p_value"": 1.0, ""contingency"": [[0, 1], [336, 25312]]}",{}
1039,NC00962.3,EMB-0.25-0.9-0.7,0.0,GARC1,RUS,EMB,embB@A517T,U,{},"{""proportion"": 0.0, ""confidence"": [0.0, 0.7301340512159458], ""p_value"": 1.0, ""contingency"": [[0, 1], [336, 25312]]}",{}
1040,NC00962.3,EMB-0.25-0.9-0.7,0.0,GARC1,RUS,EMB,embB@R700H,U,{},"{""proportion"": 0.0, ""confidence"": [0.0, 0.7301340512159458], ""p_value"": 1.0, ""contingency"": [[0, 1], [336, 25312]]}",{}
1041,NC00962.3,EMB-0.25-0.9-0.7,0.0,GARC1,RUS,EMB,embA@L603F,U,{},"{""proportion"": 0.0, ""confidence"": [0.0, 0.7301340512159458], ""p_value"": 1.0, ""contingency"": [[0, 1], [336, 25312]]}",{}
1042,NC00962.3,EMB-0.25-0.9-0.7,0.0,GARC1,RUS,EMB,embA@P163L,U,{},"{""proportion"": 0.0, ""confidence"": [0.0, 0.5749693909936535], ""p_value"": 1.0, ""contingency"": [[0, 2], [336, 25312]]}",{}
1043,NC00962.3,EMB-0.25-0.9-0.7,0.0,GARC1,RUS,EMB,embA@P861S,U,{},"{""proportion"": 0.0, ""confidence"": [0.0, 0.7301340512159458], ""p_value"": 1.0, ""contingency"": [[0, 1], [336, 25312]]}",{}
1044,NC00962.3,EMB-0.25-0.9-0.7,0.0,GARC1,RUS,EMB,embB@F763L,U,{},"{""proportion"": 0.0, ""confidence"": [0.0, 0.7301340512159458], ""p_value"": 1.0, ""contingency"": [[0, 1], [336, 25312]]}",{}
1045,NC00962.3,EMB-0.25-0.9-0.7,0.0,GARC1,RUS,EMB,embA@P156L,U,{},"{""proportion"": 0.0, ""confidence"": [0.0, 0.7301340512159458], ""p_value"": 1.0, ""contingency"": [[0, 1], [336, 25312]]}",{}
1046,NC00962.3,EMB-0.25-0.9-0.7,0.0,GARC1,RUS,EMB,embB@V668A,U,{},"{""proportion"": 0.0, ""confidence"": [0.0, 0.5749693909936535], ""p_value"": 1.0, ""contingency"": [[0, 2], [336, 25312]]}",{}
1047,NC00962.3,EMB-0.25-0.9-0.7,0.0,GARC1,RUS,EMB,embA@F529L,U,{},"{""proportion"": 0.0, ""confidence"": [0.0, 0.7301340512159458], ""p_value"": 1.0, ""contingency"": [[0, 1], [336, 25312]]}",{}
1048,NC00962.3,EMB-0.25-0.9-0.7,0.0,GARC1,RUS,EMB,embB@A295T,U,{},"{""proportion"": 0.0, ""confidence"": [0.0, 0.7301340512159458], ""p_value"": 1.0, ""contingency"": [[0, 1], [336, 25312]]}",{}
1049,NC00962.3,EMB-0.25-0.9-0.7,0.0,GARC1,RUS,EMB,embB@S973L,U,{},"{""proportion"": 0.0, ""confidence"": [0.0, 0.7301340512159458], ""p_value"": 1.0, ""contingency"": [[0, 1], [336, 25312]]}",{}
1050,NC00962.3,EMB-0.25-0.9-0.7,0.0,GARC1,RUS,EMB,embA@A849P,U,{},"{""proportion"": 0.0, ""confidence"": [0.0, 0.7301340512159458], ""p_value"": 1.0, ""contingency"": [[0, 1], [336, 25312]]}",{}
1051,NC00962.3,EMB-0.25-0.9-0.7,0.0,GARC1,RUS,EMB,embA@W45G,U,{},"{""proportion"": 0.0, ""confidence"": [0.0, 0.7301340512159458], ""p_value"": 1.0, ""contingency"": [[0, 1], [336, 25312]]}",{}
1052,NC00962.3,EMB-0.25-0.9-0.7,0.0,GARC1,RUS,EMB,embA@P754A,U,{},"{""proportion"": 0.0, ""confidence"": [0.0, 0.7301340512159458], ""p_value"": 1.0, ""contingency"": [[0, 1], [336, 25312]]}",{}
1053,NC00962.3,EMB-0.25-0.9-0.7,0.0,GARC1,RUS,EMB,embB@R89H,U,{},"{""proportion"": 0.0, ""confidence"": [0.0, 0.7301340512159458], ""p_value"": 1.0, ""contingency"": [[0, 1], [336, 25312]]}",{}
1054,NC00962.3,EMB-0.25-0.9-0.7,0.0,GARC1,RUS,EMB,embB@T732I,U,{},"{""proportion"": 0.0, ""confidence"": [0.0, 0.7301340512159458], ""p_value"": 1.0, ""contingency"": [[0, 1], [336, 25312]]}",{}
1055,NC00962.3,EMB-0.25-0.9-0.7,0.0,GARC1,RUS,EMB,embA@L212V,U,{},"{""proportion"": 0.0, ""confidence"": [0.0, 0.7301340512159458], ""p_value"": 1.0, ""contingency"": [[0, 1], [336, 25312]]}",{}
1056,NC00962.3,EMB-0.25-0.9-0.7,0.0,GARC1,RUS,EMB,embA@R447G,U,{},"{""proportion"": 0.0, ""confidence"": [0.0, 0.7301340512159458], ""p_value"": 1.0, ""contingency"": [[0, 1], [336, 25312]]}",{}
1057,NC00962.3,EMB-0.25-0.9-0.7,0.0,GARC1,RUS,EMB,embB@G34V,U,{},"{""proportion"": 0.0, ""confidence"": [0.0, 0.7301340512159458], ""p_value"": 1.0, ""contingency"": [[0, 1], [336, 25312]]}",{}
1058,NC00962.3,EMB-0.25-0.9-0.7,0.0,GARC1,RUS,EMB,embB@G199E,U,{},"{""proportion"": 0.0, ""confidence"": [0.0, 0.7301340512159458], ""p_value"": 1.0, ""contingency"": [[0, 1], [336, 25312]]}",{}
1059,NC00962.3,EMB-0.25-0.9-0.7,0.0,GARC1,RUS,EMB,embB@V502L,U,{},"{""proportion"": 0.0, ""confidence"": [0.0, 0.7301340512159458], ""p_value"": 1.0, ""contingency"": [[0, 1], [336, 25312]]}",{}
1060,NC00962.3,EMB-0.25-0.9-0.7,0.0,GARC1,RUS,EMB,embB@G923E,U,{},"{""proportion"": 0.0, ""confidence"": [0.0, 0.7301340512159458], ""p_value"": 1.0, ""contingency"": [[0, 1], [336, 25312]]}",{}
1061,NC00962.3,EMB-0.25-0.9-0.7,0.0,GARC1,RUS,EMB,embB@A232E,U,{},"{""proportion"": 0.0, ""confidence"": [0.0, 0.5749693909936535], ""p_value"": 1.0, ""contingency"": [[0, 2], [336, 25312]]}",{}
1062,NC00962.3,EMB-0.25-0.9-0.7,0.0,GARC1,RUS,EMB,embB@G1092A,U,{},"{""proportion"": 0.0, ""confidence"": [0.0, 0.7301340512159458], ""p_value"": 1.0, ""contingency"": [[0, 1], [336, 25312]]}",{}
1063,NC00962.3,EMB-0.25-0.9-0.7,0.0,GARC1,RUS,EMB,embA@-23_del_cg,U,{},"{""proportion"": 0.0, ""confidence"": [0.0, 0.7301340512159458], ""p_value"": 1.0, ""contingency"": [[0, 1], [336, 25312]]}",{}
1064,NC00962.3,EMB-0.25-0.9-0.7,0.0,GARC1,RUS,EMB,embB@A102V,U,{},"{""proportion"": 0.0, ""confidence"": [0.0, 0.7301340512159458], ""p_value"": 1.0, ""contingency"": [[0, 1], [336, 25312]]}",{}
1065,NC00962.3,EMB-0.25-0.9-0.7,0.0,GARC1,RUS,EMB,embA@c-29t,U,{},"{""proportion"": 0.0, ""confidence"": [0.0, 0.5749693909936535], ""p_value"": 1.0, ""contingency"": [[0, 2], [336, 25312]]}",{}
1066,NC00962.3,EMB-0.25-0.9-0.7,0.0,GARC1,RUS,EMB,embB@G846S,U,{},"{""proportion"": 0.0, ""confidence"": [0.0, 0.7301340512159458], ""p_value"": 1.0, ""contingency"": [[0, 1], [336, 25312]]}",{}
1067,NC00962.3,EMB-0.25-0.9-0.7,0.0,GARC1,RUS,EMB,embB@S66N,U,{},"{""proportion"": 0.0, ""confidence"": [0.0, 0.7301340512159458], ""p_value"": 1.0, ""contingency"": [[0, 1], [336, 25312]]}",{}
1068,NC00962.3,EMB-0.25-0.9-0.7,0.0,GARC1,RUS,EMB,embB@L638S,U,{},"{""proportion"": 0.0, ""confidence"": [0.0, 0.7301340512159458], ""p_value"": 1.0, ""contingency"": [[0, 1], [336, 25312]]}",{}
1069,NC00962.3,EMB-0.25-0.9-0.7,0.0,GARC1,RUS,EMB,embB@G891E,U,{},"{""proportion"": 0.0, ""confidence"": [0.0, 0.7301340512159458], ""p_value"": 1.0, ""contingency"": [[0, 1], [336, 25312]]}",{}
1070,NC00962.3,EMB-0.25-0.9-0.7,0.0,GARC1,RUS,EMB,embA@G200S,U,{},"{""proportion"": 0.0, ""confidence"": [0.0, 0.7301340512159458], ""p_value"": 1.0, ""contingency"": [[0, 1], [336, 25312]]}",{}
1071,NC00962.3,EMB-0.25-0.9-0.7,0.0,GARC1,RUS,EMB,embB@A567T,U,{},"{""proportion"": 0.0, ""confidence"": [0.0, 0.7301340512159458], ""p_value"": 1.0, ""contingency"": [[0, 1], [336, 25312]]}",{}
1072,NC00962.3,EMB-0.25-0.9-0.7,0.0,GARC1,RUS,EMB,embB@E924K,U,{},"{""proportion"": 1.0, ""confidence"": [0.26986594878405434, 1.0000000000000002], ""p_value"": 0.25, ""contingency"": [[1, 0], [336, 25312]]}",{}
1073,NC00962.3,EMB-0.25-0.9-0.7,0.0,GARC1,RUS,EMB,embB@V842I,U,{},"{""proportion"": 0.0, ""confidence"": [0.0, 0.7301340512159458], ""p_value"": 1.0, ""contingency"": [[0, 1], [336, 25312]]}",{}
1074,NC00962.3,EMB-0.25-0.9-0.7,0.0,GARC1,RUS,EMB,embA@V246G,U,{},"{""proportion"": 0.0, ""confidence"": [0.0, 0.7301340512159458], ""p_value"": 1.0, ""contingency"": [[0, 1], [336, 25312]]}",{}
1075,NC00962.3,EMB-0.25-0.9-0.7,0.0,GARC1,RUS,EMB,embA@D669Y,U,{},"{""proportion"": 0.0, ""confidence"": [0.0, 0.7301340512159458], ""p_value"": 1.0, ""contingency"": [[0, 1], [336, 25312]]}",{}
1076,NC00962.3,EMB-0.25-0.9-0.7,0.0,GARC1,RUS,EMB,embA@R241H,U,{},"{""proportion"": 0.0, ""confidence"": [0.0, 0.7301340512159458], ""p_value"": 1.0, ""contingency"": [[0, 1], [336, 25312]]}",{}
1077,NC00962.3,EMB-0.25-0.9-0.7,0.0,GARC1,RUS,EMB,embB@A431P,U,{},"{""proportion"": 0.0, ""confidence"": [0.0, 0.7301340512159458], ""p_value"": 1.0, ""contingency"": [[0, 1], [336, 25312]]}",{}
1078,NC00962.3,EMB-0.25-0.9-0.7,0.0,GARC1,RUS,EMB,embA@-43_del_g,U,{},"{""proportion"": 0.0, ""confidence"": [0.0, 0.7301340512159458], ""p_value"": 1.0, ""contingency"": [[0, 1], [336, 25312]]}",{}
1079,NC00962.3,EMB-0.25-0.9-0.7,0.0,GARC1,RUS,EMB,embB@L754R,U,{},"{""proportion"": 0.0, ""confidence"": [0.0, 0.7301340512159458], ""p_value"": 1.0, ""contingency"": [[0, 1], [336, 25312]]}",{}
1080,NC00962.3,EMB-0.25-0.9-0.7,0.0,GARC1,RUS,EMB,embA@K789Q,U,{},"{""proportion"": 0.0, ""confidence"": [0.0, 0.7301340512159458], ""p_value"": 1.0, ""contingency"": [[0, 1], [336, 25312]]}",{}
1081,NC00962.3,EMB-0.25-0.9-0.7,0.0,GARC1,RUS,EMB,embA@A409E,U,{},"{""proportion"": 0.0, ""confidence"": [0.0, 0.7301340512159458], ""p_value"": 1.0, ""contingency"": [[0, 1], [336, 25312]]}",{}
1082,NC00962.3,EMB-0.25-0.9-0.7,0.0,GARC1,RUS,EMB,embA@T652K,U,{},"{""proportion"": 0.0, ""confidence"": [0.0, 0.7301340512159458], ""p_value"": 1.0, ""contingency"": [[0, 1], [336, 25312]]}",{}
1083,NC00962.3,EMB-0.25-0.9-0.7,0.0,GARC1,RUS,EMB,embA@A409T,U,{},"{""proportion"": 0.0, ""confidence"": [0.0, 0.7301340512159458], ""p_value"": 1.0, ""contingency"": [[0, 1], [336, 25312]]}",{}
1084,NC00962.3,EMB-0.25-0.9-0.7,0.0,GARC1,RUS,EMB,embA@D865E,U,{},"{""proportion"": 0.0, ""confidence"": [0.0, 0.7301340512159458], ""p_value"": 1.0, ""contingency"": [[0, 1], [336, 25312]]}",{}
1085,NC00962.3,EMB-0.25-0.9-0.7,0.0,GARC1,RUS,EMB,embA@G247R,U,{},"{""proportion"": 0.0, ""confidence"": [0.0, 0.7301340512159458], ""p_value"": 1.0, ""contingency"": [[0, 1], [336, 25312]]}",{}
1086,NC00962.3,EMB-0.25-0.9-0.7,0.0,GARC1,RUS,EMB,embB@L974M,U,{},"{""proportion"": 0.0, ""confidence"": [0.0, 0.7301340512159458], ""p_value"": 1.0, ""contingency"": [[0, 1], [336, 25312]]}",{}
1087,NC00962.3,EMB-0.25-0.9-0.7,0.0,GARC1,RUS,EMB,embB@V1048I,U,{},"{""proportion"": 0.0, ""confidence"": [0.0, 0.7301340512159458], ""p_value"": 1.0, ""contingency"": [[0, 1], [336, 25312]]}",{}
1088,NC00962.3,EMB-0.25-0.9-0.7,0.0,GARC1,RUS,EMB,embB@P616S,U,{},"{""proportion"": 0.0, ""confidence"": [0.0, 0.7301340512159458], ""p_value"": 1.0, ""contingency"": [[0, 1], [336, 25312]]}",{}
1089,NC00962.3,EMB-0.25-0.9-0.7,0.0,GARC1,RUS,EMB,embA@I655M,U,{},"{""proportion"": 0.0, ""confidence"": [0.0, 0.7301340512159458], ""p_value"": 1.0, ""contingency"": [[0, 1], [336, 25312]]}",{}
1091,NC00962.3,EMB-0.25-0.9-0.7,0.0,GARC1,RUS,EMB,embA@-*_indel,U,{},"{""default_rule"": ""True""}",{}
1092,NC00962.3,EMB-0.25-0.9-0.7,0.0,GARC1,RUS,EMB,embA@*_indel,U,{},"{""default_rule"": ""True""}",{}
1093,NC00962.3,EMB-0.25-0.9-0.7,0.0,GARC1,RUS,EMB,embA@-*?,U,{},"{""default_rule"": ""True""}",{}
1094,NC00962.3,EMB-0.25-0.9-0.7,0.0,GARC1,RUS,EMB,embA@*?,U,{},"{""default_rule"": ""True""}",{}
1095,NC00962.3,EMB-0.25-0.9-0.7,0.0,GARC1,RUS,EMB,embA@del_0.0,U,{},"{""default_rule"": ""True""}",{}
1097,NC00962.3,EMB-0.25-0.9-0.7,0.0,GARC1,RUS,EMB,embB@-*_indel,U,{},"{""default_rule"": ""True""}",{}
1098,NC00962.3,EMB-0.25-0.9-0.7,0.0,GARC1,RUS,EMB,embB@*_indel,U,{},"{""default_rule"": ""True""}",{}
1099,NC00962.3,EMB-0.25-0.9-0.7,0.0,GARC1,RUS,EMB,embB@-*?,U,{},"{""default_rule"": ""True""}",{}
1100,NC00962.3,EMB-0.25-0.9-0.7,0.0,GARC1,RUS,EMB,embB@*?,U,{},"{""default_rule"": ""True""}",{}
1101,NC00962.3,EMB-0.25-0.9-0.7,0.0,GARC1,RUS,EMB,embB@del_0.0,U,{},"{""default_rule"": ""True""}",{}
