GENBANK_REFERENCE,CATALOGUE_NAME,CATALOGUE_VERSION,CATALOGUE_GRAMMAR,PREDICTION_VALUES,DRUG,MUTATION,PREDICTION,SOURCE,EVIDENCE,OTHER
NC00962.3,PZA-0.1-0.9,0.0,GARC1,RUS,PZA,pncA@338_del_gcacgccac,S,{},"{""proportion"": 0.02197802197802198, ""confidence"": [0.007299839839815231, 0.06425989085402926], ""p_value"": 0.007886270652602206, ""solo_contingency"": [[2, 89], [614, 22367]], ""contingency"": [[4, 89], [4983, 23698]]}",{}
NC00962.3,PZA-0.1-0.9,0.0,GARC1,RUS,PZA,pncA@*=,S,{},"{""default_rule"": ""True""}",{}
NC00962.3,PZA-0.1-0.9,0.0,GARC1,RUS,PZA,pncA@H57D,R,{},"{""proportion"": 0.9722222222222222, ""confidence"": [0.9495418814690374, 0.9848704472633909], ""p_value"": 5.6485767427068045e-233, ""solo_contingency"": [[245, 7], [616, 22456]], ""contingency"": [[247, 8], [4740, 23779]]}",{}
NC00962.3,PZA-0.1-0.9,0.0,GARC1,RUS,PZA,pncA@A171V,R,{},"{""proportion"": 0.25, ""confidence"": [0.1273771685203577, 0.4322017501601245], ""p_value"": 0.04317449528446339, ""solo_contingency"": [[5, 15], [616, 22456]], ""contingency"": [[5, 15], [4982, 23772]]}",{}
NC00962.3,PZA-0.1-0.9,0.0,GARC1,RUS,PZA,pncA@V180F,R,{},"{""proportion"": 0.8, ""confidence"": [0.6216233141646325, 0.906881983418789], ""p_value"": 3.2634676000000035e-13, ""solo_contingency"": [[16, 4], [616, 22456]], ""contingency"": [[17, 5], [4970, 23782]]}",{}
NC00962.3,PZA-0.1-0.9,0.0,GARC1,RUS,PZA,pncA@W68R,R,{},"{""proportion"": 0.9722222222222222, ""confidence"": [0.8846487429088813, 0.9937784012629561], ""p_value"": 3.2500000000000055e-34, ""solo_contingency"": [[35, 1], [616, 22456]], ""contingency"": [[36, 1], [4951, 23786]]}",{}
NC00962.3,PZA-0.1-0.9,0.0,GARC1,RUS,PZA,pncA@L182S,R,{},"{""proportion"": 0.7, ""confidence"": [0.5161962804075577, 0.8361405846480565], ""p_value"": 2.154678353200002e-10, ""solo_contingency"": [[14, 6], [616, 22456]], ""contingency"": [[16, 6], [4971, 23781]]}",{}
NC00962.3,PZA-0.1-0.9,0.0,GARC1,RUS,PZA,pncA@391_ins_g,R,{},"{""proportion"": 1.0, ""confidence"": [0.8693324104197674, 1.0], ""p_value"": 1.000000000000001e-18, ""solo_contingency"": [[18, 0], [616, 22456]], ""contingency"": [[21, 0], [4966, 23787]]}",{}
NC00962.3,PZA-0.1-0.9,0.0,GARC1,RUS,PZA,pncA@-40_del_gcaaactgcccgggcagtcgcccgaacgtatggtggacgtatgcgggcgttgatcatcgtcgacgtgcagaacgacttctgcgagggtggctcgctggcggtaaccggtggcgccgcgctggcccgcgccatcagcgactacctggccgaagcggcggactaccatcacgtcgtggcaaccaaggacttccacatcgacccgggtgaccacttctccggcacaccggactattcctcgtcgtggccaccgcattgcgtcagcggtactcccggcgcggacttccatcccagtctggacacgtcggcaatcgaggcggtgttctacaagggtgcctacaccggagcgtacagcggcttcgaaggagtcgacgagaacggcacgccactgctgaattggctgcggcaacgcggcgtcgatgaggtcgatgtggtcggtattgccaccgatcattgtgtgcgccagacggccgaggacgcggtacgcaatggcttggccaccagggtgctggtggacctgacagcgggtgtgtcggccgataccaccgtcgccgcgctggaggagatgcgcaccgccagcgtcgagttggtttgcagctcctg,R,{},"{""proportion"": 0.9245283018867925, ""confidence"": [0.8421515631793745, 0.9656675013107262], ""p_value"": 1.9384144750000054e-44, ""solo_contingency"": [[49, 4], [616, 22456]], ""contingency"": [[49, 4], [4938, 23783]]}",{}
NC00962.3,PZA-0.1-0.9,0.0,GARC1,RUS,PZA,pncA@D12A,R,{},"{""proportion"": 0.6097560975609756, ""confidence"": [0.48140347697882474, 0.724520057857273], ""p_value"": 2.0491803619074044e-15, ""solo_contingency"": [[25, 16], [616, 22456]], ""contingency"": [[29, 16], [4958, 23771]]}",{}
NC00962.3,PZA-0.1-0.9,0.0,GARC1,RUS,PZA,pncA@F58S,R,{},"{""proportion"": 0.9166666666666666, ""confidence"": [0.698831720560131, 0.9811839504836379], ""p_value"": 1.0900000000000006e-10, ""solo_contingency"": [[11, 1], [616, 22456]], ""contingency"": [[11, 1], [4976, 23786]]}",{}
NC00962.3,PZA-0.1-0.9,0.0,GARC1,RUS,PZA,pncA@T76P,R,{},"{""proportion"": 0.8571428571428571, ""confidence"": [0.7699225690136943, 0.9149511514424623], ""p_value"": 9.33874618359907e-45, ""solo_contingency"": [[54, 9], [616, 22456]], ""contingency"": [[63, 9], [4924, 23778]]}",{}
NC00962.3,PZA-0.1-0.9,0.0,GARC1,RUS,PZA,pncA@L85R,R,{},"{""proportion"": 0.9, ""confidence"": [0.7383369536731332, 0.9663367764380953], ""p_value"": 1.5571000000000017e-16, ""solo_contingency"": [[18, 2], [616, 22456]], ""contingency"": [[20, 2], [4967, 23785]]}",{}
NC00962.3,PZA-0.1-0.9,0.0,GARC1,RUS,PZA,pncA@L4S,R,{},"{""proportion"": 0.782608695652174, ""confidence"": [0.6684360901150983, 0.8653840493625525], ""p_value"": 1.465167590916784e-27, ""solo_contingency"": [[36, 10], [616, 22456]], ""contingency"": [[42, 10], [4945, 23777]]}",{}
NC00962.3,PZA-0.1-0.9,0.0,GARC1,RUS,PZA,pncA@L172P,R,{},"{""proportion"": 0.96, ""confidence"": [0.8391336429086744, 0.9910251315657589], ""p_value"": 2.2600000000000032e-23, ""solo_contingency"": [[24, 1], [616, 22456]], ""contingency"": [[26, 1], [4961, 23786]]}",{}
NC00962.3,PZA-0.1-0.9,0.0,GARC1,RUS,PZA,pncA@I6T,R,{},"{""proportion"": 1.0, ""confidence"": [0.8380451697647621, 0.9999999999999998], ""p_value"": 1.0000000000000008e-14, ""solo_contingency"": [[14, 0], [616, 22456]], ""contingency"": [[15, 0], [4972, 23787]]}",{}
NC00962.3,PZA-0.1-0.9,0.0,GARC1,RUS,PZA,pncA@V139A,R,{},"{""proportion"": 0.734375, ""confidence"": [0.6354136182965352, 0.8143241163288492], ""p_value"": 2.3943229997464348e-33, ""solo_contingency"": [[47, 17], [616, 22456]], ""contingency"": [[49, 17], [4938, 23770]]}",{}
NC00962.3,PZA-0.1-0.9,0.0,GARC1,RUS,PZA,pncA@G97C,R,{},"{""proportion"": 0.8823529411764706, ""confidence"": [0.6994404144506056, 0.9602724237303787], ""p_value"": 1.1170000000000011e-13, ""solo_contingency"": [[15, 2], [616, 22456]], ""contingency"": [[15, 2], [4972, 23785]]}",{}
NC00962.3,PZA-0.1-0.9,0.0,GARC1,RUS,PZA,pncA@Y103C,R,{},"{""proportion"": 0.5263157894736842, ""confidence"": [0.34672242103611745, 0.6993487589882335], ""p_value"": 3.929882327128003e-06, ""solo_contingency"": [[10, 9], [616, 22456]], ""contingency"": [[10, 10], [4977, 23777]]}",{}
NC00962.3,PZA-0.1-0.9,0.0,GARC1,RUS,PZA,pncA@L27P,R,{},"{""proportion"": 0.9, ""confidence"": [0.7383369536731332, 0.9663367764380953], ""p_value"": 1.5571000000000017e-16, ""solo_contingency"": [[18, 2], [616, 22456]], ""contingency"": [[20, 2], [4967, 23785]]}",{}
NC00962.3,PZA-0.1-0.9,0.0,GARC1,RUS,PZA,pncA@312_del_cggcttcgaagg,R,{},"{""proportion"": 1.0, ""confidence"": [0.4250306090063464, 1.0], ""p_value"": 0.010000000000000002, ""solo_contingency"": [[2, 0], [616, 22456]], ""contingency"": [[2, 0], [4985, 23787]]}",{}
NC00962.3,PZA-0.1-0.9,0.0,GARC1,RUS,PZA,pncA@181_del_acaccggacta,R,{},"{""proportion"": 1.0, ""confidence"": [0.4250306090063464, 1.0], ""p_value"": 0.010000000000000002, ""solo_contingency"": [[2, 0], [616, 22456]], ""contingency"": [[2, 0], [4985, 23787]]}",{}
NC00962.3,PZA-0.1-0.9,0.0,GARC1,RUS,PZA,pncA@T135P,R,{},"{""proportion"": 0.9387755102040817, ""confidence"": [0.8563634525288691, 0.9752688469783537], ""p_value"": 1.352679400000004e-42, ""solo_contingency"": [[46, 3], [616, 22456]], ""contingency"": [[49, 3], [4938, 23784]]}",{}
NC00962.3,PZA-0.1-0.9,0.0,GARC1,RUS,PZA,pncA@I90S,R,{},"{""proportion"": 0.7, ""confidence"": [0.4416997958698351, 0.8731234160968021], ""p_value"": 9.121600000000001e-06, ""solo_contingency"": [[7, 3], [616, 22456]], ""contingency"": [[7, 3], [4980, 23784]]}",{}
NC00962.3,PZA-0.1-0.9,0.0,GARC1,RUS,PZA,pncA@A146V,R,{},"{""proportion"": 0.9642857142857143, ""confidence"": [0.8547609682599081, 0.991991672313604], ""p_value"": 2.5300000000000035e-26, ""solo_contingency"": [[27, 1], [616, 22456]], ""contingency"": [[28, 2], [4959, 23785]]}",{}
NC00962.3,PZA-0.1-0.9,0.0,GARC1,RUS,PZA,pncA@a-11g,R,{},"{""proportion"": 0.8647342995169082, ""confidence"": [0.820897663477249, 0.8991596011656092], ""p_value"": 1.8141394520975602e-146, ""solo_contingency"": [[179, 28], [616, 22456]], ""contingency"": [[199, 30], [4788, 23757]]}",{}
NC00962.3,PZA-0.1-0.9,0.0,GARC1,RUS,PZA,pncA@G105V,R,{},"{""proportion"": 1.0, ""confidence"": [0.6892160186940858, 1.0], ""p_value"": 1.0000000000000004e-06, ""solo_contingency"": [[6, 0], [616, 22456]], ""contingency"": [[7, 0], [4980, 23787]]}",{}
NC00962.3,PZA-0.1-0.9,0.0,GARC1,RUS,PZA,pncA@F58L,R,{},"{""proportion"": 0.39285714285714285, ""confidence"": [0.25701954019035084, 0.5475760042926849], ""p_value"": 4.232321631540403e-05, ""solo_contingency"": [[11, 17], [616, 22456]], ""contingency"": [[11, 17], [4976, 23770]]}",{}
NC00962.3,PZA-0.1-0.9,0.0,GARC1,RUS,PZA,pncA@F94C,R,{},"{""proportion"": 0.9411764705882353, ""confidence"": [0.7744414966277938, 0.9867656243502646], ""p_value"": 1.5400000000000016e-15, ""solo_contingency"": [[16, 1], [616, 22456]], ""contingency"": [[16, 1], [4971, 23786]]}",{}
NC00962.3,PZA-0.1-0.9,0.0,GARC1,RUS,PZA,pncA@S104R,R,{},"{""proportion"": 0.8571428571428571, ""confidence"": [0.6913347899247453, 0.9414285984804495], ""p_value"": 9.86770000000001e-16, ""solo_contingency"": [[18, 3], [616, 22456]], ""contingency"": [[19, 3], [4968, 23784]]}",{}
NC00962.3,PZA-0.1-0.9,0.0,GARC1,RUS,PZA,pncA@D8G,R,{},"{""proportion"": 0.92, ""confidence"": [0.784807584208625, 0.9731634707462924], ""p_value"": 2.4526000000000033e-21, ""solo_contingency"": [[23, 2], [616, 22456]], ""contingency"": [[23, 2], [4964, 23785]]}",{}
NC00962.3,PZA-0.1-0.9,0.0,GARC1,RUS,PZA,pncA@W68!,R,{},"{""proportion"": 1.0, ""confidence"": [0.7212373045474579, 1.0], ""p_value"": 1.0000000000000004e-07, ""solo_contingency"": [[7, 0], [616, 22456]], ""contingency"": [[10, 1], [4977, 23786]]}",{}
NC00962.3,PZA-0.1-0.9,0.0,GARC1,RUS,PZA,pncA@L182W,R,{},"{""proportion"": 0.6666666666666666, ""confidence"": [0.34701476700031825, 0.8827239058977103], ""p_value"": 0.0012700000000000003, ""solo_contingency"": [[4, 2], [616, 22456]], ""contingency"": [[4, 2], [4983, 23785]]}",{}
NC00962.3,PZA-0.1-0.9,0.0,GARC1,RUS,PZA,pncA@P54L,R,{},"{""proportion"": 0.8541666666666666, ""confidence"": [0.7515809304092034, 0.9189571939041821], ""p_value"": 3.5878955266242185e-34, ""solo_contingency"": [[41, 7], [616, 22456]], ""contingency"": [[43, 7], [4944, 23780]]}",{}
NC00962.3,PZA-0.1-0.9,0.0,GARC1,RUS,PZA,pncA@K96Q,R,{},"{""proportion"": 0.5, ""confidence"": [0.18240016325464498, 0.8175998367453551], ""p_value"": 0.05230000000000001, ""solo_contingency"": [[2, 2], [616, 22456]], ""contingency"": [[3, 2], [4984, 23785]]}",{}
NC00962.3,PZA-0.1-0.9,0.0,GARC1,RUS,PZA,pncA@W68C,R,{},"{""proportion"": 1.0, ""confidence"": [0.8471922953898597, 1.0], ""p_value"": 1.0000000000000009e-15, ""solo_contingency"": [[15, 0], [616, 22456]], ""contingency"": [[15, 1], [4972, 23786]]}",{}
NC00962.3,PZA-0.1-0.9,0.0,GARC1,RUS,PZA,pncA@C14R,R,{},"{""proportion"": 0.9487179487179487, ""confidence"": [0.8905791141877705, 0.9767714667523772], ""p_value"": 9.414477775000039e-69, ""solo_contingency"": [[74, 4], [616, 22456]], ""contingency"": [[75, 8], [4912, 23779]]}",{}
NC00962.3,PZA-0.1-0.9,0.0,GARC1,RUS,PZA,pncA@T47A,R,{},"{""proportion"": 0.6, ""confidence"": [0.4368325519111109, 0.7436367468876789], ""p_value"": 1.2237906522763768e-09, ""solo_contingency"": [[15, 10], [616, 22456]], ""contingency"": [[17, 11], [4970, 23776]]}",{}
NC00962.3,PZA-0.1-0.9,0.0,GARC1,RUS,PZA,pncA@L120R,R,{},"{""proportion"": 0.8461538461538461, ""confidence"": [0.6253365134021732, 0.9477095595532418], ""p_value"": 6.436000000000003e-10, ""solo_contingency"": [[11, 2], [616, 22456]], ""contingency"": [[11, 2], [4976, 23785]]}",{}
NC00962.3,PZA-0.1-0.9,0.0,GARC1,RUS,PZA,pncA@A3E,R,{},"{""proportion"": 1.0, ""confidence"": [0.6892160186940858, 1.0], ""p_value"": 1.0000000000000004e-06, ""solo_contingency"": [[6, 0], [616, 22456]], ""contingency"": [[7, 0], [4980, 23787]]}",{}
NC00962.3,PZA-0.1-0.9,0.0,GARC1,RUS,PZA,pncA@a-11c,R,{},"{""proportion"": 0.8421052631578947, ""confidence"": [0.6638454510369751, 0.9350798892795861], ""p_value"": 7.204240000000006e-14, ""solo_contingency"": [[16, 3], [616, 22456]], ""contingency"": [[19, 4], [4968, 23783]]}",{}
NC00962.3,PZA-0.1-0.9,0.0,GARC1,RUS,PZA,pncA@V139G,R,{},"{""proportion"": 0.8695652173913043, ""confidence"": [0.7146905286049239, 0.9466454213763847], ""p_value"": 1.3117600000000016e-17, ""solo_contingency"": [[20, 3], [616, 22456]], ""contingency"": [[25, 4], [4962, 23783]]}",{}
NC00962.3,PZA-0.1-0.9,0.0,GARC1,RUS,PZA,pncA@D49G,R,{},"{""proportion"": 0.9393939393939394, ""confidence"": [0.8324614330489181, 0.9797373796447929], ""p_value"": 4.3066000000000076e-29, ""solo_contingency"": [[31, 2], [616, 22456]], ""contingency"": [[33, 2], [4954, 23785]]}",{}
NC00962.3,PZA-0.1-0.9,0.0,GARC1,RUS,PZA,pncA@L156P,R,{},"{""proportion"": 0.6666666666666666, ""confidence"": [0.25353386828122415, 0.9217342736662715], ""p_value"": 0.028000000000000008, ""solo_contingency"": [[2, 1], [616, 22456]], ""contingency"": [[3, 1], [4984, 23786]]}",{}
NC00962.3,PZA-0.1-0.9,0.0,GARC1,RUS,PZA,pncA@K96T,R,{},"{""proportion"": 1.0, ""confidence"": [0.8986898185110513, 1.0], ""p_value"": 1.0000000000000014e-24, ""solo_contingency"": [[24, 0], [616, 22456]], ""contingency"": [[26, 0], [4961, 23787]]}",{}
NC00962.3,PZA-0.1-0.9,0.0,GARC1,RUS,PZA,pncA@Q10R,R,{},"{""proportion"": 0.9209039548022598, ""confidence"": [0.880850731327628, 0.94828340185542], ""p_value"": 4.6298172839050253e-144, ""solo_contingency"": [[163, 14], [616, 22456]], ""contingency"": [[167, 16], [4820, 23771]]}",{}
NC00962.3,PZA-0.1-0.9,0.0,GARC1,RUS,PZA,pncA@H71R,R,{},"{""proportion"": 0.7948717948717948, ""confidence"": [0.6711318917420834, 0.8803535486842163], ""p_value"": 2.7237305957686167e-24, ""solo_contingency"": [[31, 8], [616, 22456]], ""contingency"": [[34, 10], [4953, 23777]]}",{}
NC00962.3,PZA-0.1-0.9,0.0,GARC1,RUS,PZA,pncA@P69L,R,{},"{""proportion"": 0.7692307692307693, ""confidence"": [0.5419342471169867, 0.9037682540705584], ""p_value"": 2.1493000000000006e-08, ""solo_contingency"": [[10, 3], [616, 22456]], ""contingency"": [[10, 3], [4977, 23784]]}",{}
NC00962.3,PZA-0.1-0.9,0.0,GARC1,RUS,PZA,pncA@Y103H,R,{},"{""proportion"": 0.875, ""confidence"": [0.5888566256699879, 0.9716006762621897], ""p_value"": 7.300000000000004e-07, ""solo_contingency"": [[7, 1], [616, 22456]], ""contingency"": [[7, 1], [4980, 23786]]}",{}
NC00962.3,PZA-0.1-0.9,0.0,GARC1,RUS,PZA,pncA@I31S,R,{},"{""proportion"": 0.8611111111111112, ""confidence"": [0.7410156945725743, 0.9307227097941252], ""p_value"": 2.265273272800004e-26, ""solo_contingency"": [[31, 5], [616, 22456]], ""contingency"": [[31, 5], [4956, 23782]]}",{}
NC00962.3,PZA-0.1-0.9,0.0,GARC1,RUS,PZA,pncA@D49A,R,{},"{""proportion"": 0.9166666666666666, ""confidence"": [0.698831720560131, 0.9811839504836379], ""p_value"": 1.0900000000000006e-10, ""solo_contingency"": [[11, 1], [616, 22456]], ""contingency"": [[12, 1], [4975, 23786]]}",{}
NC00962.3,PZA-0.1-0.9,0.0,GARC1,RUS,PZA,pncA@D63A,R,{},"{""proportion"": 0.7222222222222222, ""confidence"": [0.528693830324016, 0.8576761298625473], ""p_value"": 5.266159120000004e-10, ""solo_contingency"": [[13, 5], [616, 22456]], ""contingency"": [[17, 5], [4970, 23782]]}",{}
NC00962.3,PZA-0.1-0.9,0.0,GARC1,RUS,PZA,pncA@G97R,R,{},"{""proportion"": 1.0, ""confidence"": [0.7472764025762368, 1.0], ""p_value"": 1.0000000000000005e-08, ""solo_contingency"": [[8, 0], [616, 22456]], ""contingency"": [[8, 0], [4979, 23787]]}",{}
NC00962.3,PZA-0.1-0.9,0.0,GARC1,RUS,PZA,pncA@449_ins_g,R,{},"{""proportion"": 1.0, ""confidence"": [0.5965213747972954, 1.0], ""p_value"": 0.00010000000000000002, ""solo_contingency"": [[4, 0], [616, 22456]], ""contingency"": [[4, 0], [4983, 23787]]}",{}
NC00962.3,PZA-0.1-0.9,0.0,GARC1,RUS,PZA,pncA@Y34!,R,{},"{""proportion"": 1.0, ""confidence"": [0.6488834992348989, 1.0], ""p_value"": 1.0000000000000003e-05, ""solo_contingency"": [[5, 0], [616, 22456]], ""contingency"": [[5, 0], [4982, 23787]]}",{}
NC00962.3,PZA-0.1-0.9,0.0,GARC1,RUS,PZA,pncA@G78S,R,{},"{""proportion"": 0.4, ""confidence"": [0.1427064720192132, 0.7275168281338072], ""p_value"": 0.08146, ""solo_contingency"": [[2, 3], [616, 22456]], ""contingency"": [[3, 3], [4984, 23784]]}",{}
NC00962.3,PZA-0.1-0.9,0.0,GARC1,RUS,PZA,pncA@H57R,R,{},"{""proportion"": 0.9803921568627451, ""confidence"": [0.9167691188639707, 0.9956134183667075], ""p_value"": 4.600000000000013e-49, ""solo_contingency"": [[50, 1], [616, 22456]], ""contingency"": [[50, 1], [4937, 23786]]}",{}
NC00962.3,PZA-0.1-0.9,0.0,GARC1,RUS,PZA,pncA@S67P,R,{},"{""proportion"": 0.9615384615384616, ""confidence"": [0.8447032113021687, 0.99137223309343], ""p_value"": 2.3500000000000033e-24, ""solo_contingency"": [[25, 1], [616, 22456]], ""contingency"": [[30, 1], [4957, 23786]]}",{}
NC00962.3,PZA-0.1-0.9,0.0,GARC1,RUS,PZA,pncA@391_ins_gg,R,{},"{""proportion"": 0.9411764705882353, ""confidence"": [0.8616535023160893, 0.976248827793717], ""p_value"": 1.5285160000000037e-44, ""solo_contingency"": [[48, 3], [616, 22456]], ""contingency"": [[54, 6], [4933, 23781]]}",{}
NC00962.3,PZA-0.1-0.9,0.0,GARC1,RUS,PZA,pncA@Y64D,R,{},"{""proportion"": 0.4444444444444444, ""confidence"": [0.2180470512797744, 0.6965233397557541], ""p_value"": 0.008331094, ""solo_contingency"": [[4, 5], [616, 22456]], ""contingency"": [[4, 5], [4983, 23782]]}",{}
NC00962.3,PZA-0.1-0.9,0.0,GARC1,RUS,PZA,pncA@V125F,R,{},"{""proportion"": 0.4, ""confidence"": [0.22316791026598223, 0.6073936306560457], ""p_value"": 0.002249670085048001, ""solo_contingency"": [[6, 9], [616, 22456]], ""contingency"": [[6, 9], [4981, 23778]]}",{}
NC00962.3,PZA-0.1-0.9,0.0,GARC1,RUS,PZA,pncA@P62L,R,{},"{""proportion"": 1.0, ""confidence"": [0.8471922953898597, 1.0], ""p_value"": 1.0000000000000009e-15, ""solo_contingency"": [[15, 0], [616, 22456]], ""contingency"": [[18, 1], [4969, 23786]]}",{}
NC00962.3,PZA-0.1-0.9,0.0,GARC1,RUS,PZA,pncA@G97V,R,{},"{""proportion"": 1.0, ""confidence"": [0.4250306090063464, 1.0], ""p_value"": 0.010000000000000002, ""solo_contingency"": [[2, 0], [616, 22456]], ""contingency"": [[3, 0], [4984, 23787]]}",{}
NC00962.3,PZA-0.1-0.9,0.0,GARC1,RUS,PZA,pncA@V130G,R,{},"{""proportion"": 1.0, ""confidence"": [0.7472764025762368, 1.0], ""p_value"": 1.0000000000000005e-08, ""solo_contingency"": [[8, 0], [616, 22456]], ""contingency"": [[8, 0], [4979, 23787]]}",{}
NC00962.3,PZA-0.1-0.9,0.0,GARC1,RUS,PZA,pncA@T142M,R,{},"{""proportion"": 0.9090909090909091, ""confidence"": [0.6772181288669107, 0.9794504687807565], ""p_value"": 1.0000000000000005e-09, ""solo_contingency"": [[10, 1], [616, 22456]], ""contingency"": [[11, 1], [4976, 23786]]}",{}
NC00962.3,PZA-0.1-0.9,0.0,GARC1,RUS,PZA,pncA@V131F,R,{},"{""proportion"": 1.0, ""confidence"": [0.6892160186940858, 1.0], ""p_value"": 1.0000000000000004e-06, ""solo_contingency"": [[6, 0], [616, 22456]], ""contingency"": [[8, 0], [4979, 23787]]}",{}
NC00962.3,PZA-0.1-0.9,0.0,GARC1,RUS,PZA,pncA@S164P,R,{},"{""proportion"": 0.8333333333333334, ""confidence"": [0.6007930895844599, 0.9432194472505556], ""p_value"": 5.455000000000004e-09, ""solo_contingency"": [[10, 2], [616, 22456]], ""contingency"": [[11, 2], [4976, 23785]]}",{}
NC00962.3,PZA-0.1-0.9,0.0,GARC1,RUS,PZA,pncA@V7G,R,{},"{""proportion"": 0.925, ""confidence"": [0.8265198212630996, 0.9696297473882611], ""p_value"": 7.266061000000014e-34, ""solo_contingency"": [[37, 3], [616, 22456]], ""contingency"": [[39, 3], [4948, 23784]]}",{}
NC00962.3,PZA-0.1-0.9,0.0,GARC1,RUS,PZA,pncA@K96E,R,{},"{""proportion"": 0.9166666666666666, ""confidence"": [0.698831720560131, 0.9811839504836379], ""p_value"": 1.0900000000000006e-10, ""solo_contingency"": [[11, 1], [616, 22456]], ""contingency"": [[15, 1], [4972, 23786]]}",{}
NC00962.3,PZA-0.1-0.9,0.0,GARC1,RUS,PZA,pncA@V180G,R,{},"{""proportion"": 1.0, ""confidence"": [0.8025949526804821, 0.9999999999999998], ""p_value"": 1.0000000000000006e-11, ""solo_contingency"": [[11, 0], [616, 22456]], ""contingency"": [[11, 0], [4976, 23787]]}",{}
NC00962.3,PZA-0.1-0.9,0.0,GARC1,RUS,PZA,pncA@P54S,R,{},"{""proportion"": 0.5, ""confidence"": [0.22125998614034884, 0.7787400138596512], ""p_value"": 0.015850000000000003, ""solo_contingency"": [[3, 3], [616, 22456]], ""contingency"": [[4, 4], [4983, 23783]]}",{}
NC00962.3,PZA-0.1-0.9,0.0,GARC1,RUS,PZA,pncA@-5_del_g,R,{},"{""proportion"": 0.9166666666666666, ""confidence"": [0.698831720560131, 0.9811839504836379], ""p_value"": 1.0900000000000006e-10, ""solo_contingency"": [[11, 1], [616, 22456]], ""contingency"": [[18, 5], [4969, 23782]]}",{}
NC00962.3,PZA-0.1-0.9,0.0,GARC1,RUS,PZA,pncA@A102V,R,{},"{""proportion"": 0.43478260869565216, ""confidence"": [0.28067387530565113, 0.6026197805800003], ""p_value"": 3.33668671620716e-05, ""solo_contingency"": [[10, 13], [616, 22456]], ""contingency"": [[10, 13], [4977, 23774]]}",{}
NC00962.3,PZA-0.1-0.9,0.0,GARC1,RUS,PZA,pncA@A146T,R,{},"{""proportion"": 0.8, ""confidence"": [0.591213679059803, 0.9171016981741128], ""p_value"": 3.403360000000002e-10, ""solo_contingency"": [[12, 3], [616, 22456]], ""contingency"": [[13, 5], [4974, 23782]]}",{}
NC00962.3,PZA-0.1-0.9,0.0,GARC1,RUS,PZA,pncA@H51Q,R,{},"{""proportion"": 0.8, ""confidence"": [0.5407928056874881, 0.9314420122624679], ""p_value"": 3.736000000000001e-07, ""solo_contingency"": [[8, 2], [616, 22456]], ""contingency"": [[9, 2], [4978, 23785]]}",{}
NC00962.3,PZA-0.1-0.9,0.0,GARC1,RUS,PZA,pncA@D8H,R,{},"{""proportion"": 1.0, ""confidence"": [0.5965213747972954, 1.0], ""p_value"": 0.00010000000000000002, ""solo_contingency"": [[4, 0], [616, 22456]], ""contingency"": [[5, 0], [4982, 23787]]}",{}
NC00962.3,PZA-0.1-0.9,0.0,GARC1,RUS,PZA,pncA@T76I,R,{},"{""proportion"": 1.0, ""confidence"": [0.6488834992348989, 1.0], ""p_value"": 1.0000000000000003e-05, ""solo_contingency"": [[5, 0], [616, 22456]], ""contingency"": [[6, 0], [4981, 23787]]}",{}
NC00962.3,PZA-0.1-0.9,0.0,GARC1,RUS,PZA,pncA@407_ins_a,R,{},"{""proportion"": 0.8333333333333334, ""confidence"": [0.49758291587540004, 0.9618944299206571], ""p_value"": 5.5000000000000016e-05, ""solo_contingency"": [[5, 1], [616, 22456]], ""contingency"": [[5, 2], [4982, 23785]]}",{}
NC00962.3,PZA-0.1-0.9,0.0,GARC1,RUS,PZA,pncA@A46V,R,{},"{""proportion"": 0.6, ""confidence"": [0.2724831718661929, 0.857293527980787], ""p_value"": 0.008560000000000002, ""solo_contingency"": [[3, 2], [616, 22456]], ""contingency"": [[3, 2], [4984, 23785]]}",{}
NC00962.3,PZA-0.1-0.9,0.0,GARC1,RUS,PZA,pncA@464_ins_t,R,{},"{""proportion"": 1.0, ""confidence"": [0.7870580299165931, 1.0], ""p_value"": 1.0000000000000006e-10, ""solo_contingency"": [[10, 0], [616, 22456]], ""contingency"": [[10, 0], [4977, 23787]]}",{}
NC00962.3,PZA-0.1-0.9,0.0,GARC1,RUS,PZA,pncA@V155A,R,{},"{""proportion"": 0.75, ""confidence"": [0.3561680085985064, 0.9420926788001412], ""p_value"": 0.0037000000000000006, ""solo_contingency"": [[3, 1], [616, 22456]], ""contingency"": [[4, 1], [4983, 23786]]}",{}
NC00962.3,PZA-0.1-0.9,0.0,GARC1,RUS,PZA,pncA@Y103!,R,{},"{""proportion"": 0.9166666666666666, ""confidence"": [0.8088780761905122, 0.9662046980787563], ""p_value"": 5.256415000000009e-30, ""solo_contingency"": [[33, 3], [616, 22456]], ""contingency"": [[37, 7], [4950, 23780]]}",{}
NC00962.3,PZA-0.1-0.9,0.0,GARC1,RUS,PZA,pncA@Q10P,R,{},"{""proportion"": 0.9621212121212122, ""confidence"": [0.9242367409058256, 0.9814423935358452], ""p_value"": 1.834454409054413e-119, ""solo_contingency"": [[127, 5], [616, 22456]], ""contingency"": [[132, 6], [4855, 23781]]}",{}
NC00962.3,PZA-0.1-0.9,0.0,GARC1,RUS,PZA,pncA@D136N,R,{},"{""proportion"": 0.5454545454545454, ""confidence"": [0.3150681426585182, 0.7578950348578892], ""p_value"": 0.00029570608000000013, ""solo_contingency"": [[6, 5], [616, 22456]], ""contingency"": [[7, 5], [4980, 23782]]}",{}
NC00962.3,PZA-0.1-0.9,0.0,GARC1,RUS,PZA,pncA@Q141P,R,{},"{""proportion"": 0.96875, ""confidence"": [0.9098711859061208, 0.9896042833446478], ""p_value"": 1.6387300000000057e-59, ""solo_contingency"": [[62, 2], [616, 22456]], ""contingency"": [[65, 3], [4922, 23784]]}",{}
NC00962.3,PZA-0.1-0.9,0.0,GARC1,RUS,PZA,pncA@F94L,R,{},"{""proportion"": 0.5, ""confidence"": [0.30984309684657163, 0.6901569031534284], ""p_value"": 6.132545293150002e-05, ""solo_contingency"": [[8, 8], [616, 22456]], ""contingency"": [[10, 8], [4977, 23779]]}",{}
NC00962.3,PZA-0.1-0.9,0.0,GARC1,RUS,PZA,pncA@397_del_attgccaccgatcattgtgtgcgccagacggccgaggacgcggtacgcaatggcttggccaccagggtgctggtggacctgacagcgggtgtgtcggccgataccaccgtcgccgcgctggaggagatgcgcaccgccagcgtcgagttggtttgcagctcct,R,{},"{""proportion"": 1.0, ""confidence"": [0.4250306090063464, 1.0], ""p_value"": 0.010000000000000002, ""solo_contingency"": [[2, 0], [616, 22456]], ""contingency"": [[2, 0], [4985, 23787]]}",{}
NC00962.3,PZA-0.1-0.9,0.0,GARC1,RUS,PZA,pncA@H57Y,R,{},"{""proportion"": 1.0, ""confidence"": [0.8277332164911549, 1.0], ""p_value"": 1.0000000000000007e-13, ""solo_contingency"": [[13, 0], [616, 22456]], ""contingency"": [[14, 0], [4973, 23787]]}",{}
NC00962.3,PZA-0.1-0.9,0.0,GARC1,RUS,PZA,pncA@V9G,R,{},"{""proportion"": 0.7777777777777778, ""confidence"": [0.503642782376754, 0.9235052624456034], ""p_value"": 2.9980000000000008e-06, ""solo_contingency"": [[7, 2], [616, 22456]], ""contingency"": [[7, 2], [4980, 23785]]}",{}
NC00962.3,PZA-0.1-0.9,0.0,GARC1,RUS,PZA,pncA@C72R,R,{},"{""proportion"": 0.8333333333333334, ""confidence"": [0.49758291587540004, 0.9618944299206571], ""p_value"": 5.5000000000000016e-05, ""solo_contingency"": [[5, 1], [616, 22456]], ""contingency"": [[6, 2], [4981, 23785]]}",{}
NC00962.3,PZA-0.1-0.9,0.0,GARC1,RUS,PZA,pncA@I5S,R,{},"{""proportion"": 0.875, ""confidence"": [0.5888566256699879, 0.9716006762621897], ""p_value"": 7.300000000000004e-07, ""solo_contingency"": [[7, 1], [616, 22456]], ""contingency"": [[8, 1], [4979, 23786]]}",{}
NC00962.3,PZA-0.1-0.9,0.0,GARC1,RUS,PZA,pncA@S104I,R,{},"{""proportion"": 1.0, ""confidence"": [0.4250306090063464, 1.0], ""p_value"": 0.010000000000000002, ""solo_contingency"": [[2, 0], [616, 22456]], ""contingency"": [[2, 0], [4985, 23787]]}",{}
NC00962.3,PZA-0.1-0.9,0.0,GARC1,RUS,PZA,pncA@Q141!,R,{},"{""proportion"": 0.9230769230769231, ""confidence"": [0.7177419569193267, 0.9826476878039585], ""p_value"": 1.1800000000000007e-11, ""solo_contingency"": [[12, 1], [616, 22456]], ""contingency"": [[12, 1], [4975, 23786]]}",{}
NC00962.3,PZA-0.1-0.9,0.0,GARC1,RUS,PZA,pncA@S164!,R,{},"{""proportion"": 0.8823529411764706, ""confidence"": [0.6994404144506056, 0.9602724237303787], ""p_value"": 1.1170000000000011e-13, ""solo_contingency"": [[15, 2], [616, 22456]], ""contingency"": [[15, 2], [4972, 23785]]}",{}
NC00962.3,PZA-0.1-0.9,0.0,GARC1,RUS,PZA,pncA@V44G,R,{},"{""proportion"": 0.8888888888888888, ""confidence"": [0.6231987354644574, 0.974808527286843], ""p_value"": 8.200000000000002e-08, ""solo_contingency"": [[8, 1], [616, 22456]], ""contingency"": [[8, 1], [4979, 23786]]}",{}
NC00962.3,PZA-0.1-0.9,0.0,GARC1,RUS,PZA,pncA@L159R,R,{},"{""proportion"": 1.0, ""confidence"": [0.7870580299165931, 1.0], ""p_value"": 1.0000000000000006e-10, ""solo_contingency"": [[10, 0], [616, 22456]], ""contingency"": [[11, 0], [4976, 23787]]}",{}
NC00962.3,PZA-0.1-0.9,0.0,GARC1,RUS,PZA,pncA@M1T,R,{},"{""proportion"": 1.0, ""confidence"": [0.8160188052525231, 1.0], ""p_value"": 1.0000000000000006e-12, ""solo_contingency"": [[12, 0], [616, 22456]], ""contingency"": [[13, 0], [4974, 23787]]}",{}
NC00962.3,PZA-0.1-0.9,0.0,GARC1,RUS,PZA,pncA@G97S,R,{},"{""proportion"": 0.9523809523809523, ""confidence"": [0.8121964286235407, 0.9893038633563731], ""p_value"": 1.9000000000000024e-19, ""solo_contingency"": [[20, 1], [616, 22456]], ""contingency"": [[21, 1], [4966, 23786]]}",{}
NC00962.3,PZA-0.1-0.9,0.0,GARC1,RUS,PZA,pncA@D136G,R,{},"{""proportion"": 0.26666666666666666, ""confidence"": [0.1258177356354828, 0.47882585984924925], ""p_value"": 0.05555563000753602, ""solo_contingency"": [[4, 11], [616, 22456]], ""contingency"": [[6, 11], [4981, 23776]]}",{}
NC00962.3,PZA-0.1-0.9,0.0,GARC1,RUS,PZA,pncA@P69R,R,{},"{""proportion"": 0.8333333333333334, ""confidence"": [0.49758291587540004, 0.9618944299206571], ""p_value"": 5.5000000000000016e-05, ""solo_contingency"": [[5, 1], [616, 22456]], ""contingency"": [[5, 1], [4982, 23786]]}",{}
NC00962.3,PZA-0.1-0.9,0.0,GARC1,RUS,PZA,pncA@S59P,R,{},"{""proportion"": 1.0, ""confidence"": [0.8753524204626663, 1.0], ""p_value"": 1.000000000000001e-19, ""solo_contingency"": [[19, 0], [616, 22456]], ""contingency"": [[20, 0], [4967, 23787]]}",{}
NC00962.3,PZA-0.1-0.9,0.0,GARC1,RUS,PZA,pncA@Q122!,R,{},"{""proportion"": 1.0, ""confidence"": [0.7870580299165931, 1.0], ""p_value"": 1.0000000000000006e-10, ""solo_contingency"": [[10, 0], [616, 22456]], ""contingency"": [[10, 1], [4977, 23786]]}",{}
NC00962.3,PZA-0.1-0.9,0.0,GARC1,RUS,PZA,pncA@T160P,R,{},"{""proportion"": 0.9090909090909091, ""confidence"": [0.7591355750078138, 0.9694458477585071], ""p_value"": 1.8910000000000025e-18, ""solo_contingency"": [[20, 2], [616, 22456]], ""contingency"": [[22, 2], [4965, 23785]]}",{}
NC00962.3,PZA-0.1-0.9,0.0,GARC1,RUS,PZA,pncA@G132S,R,{},"{""proportion"": 1.0, ""confidence"": [0.862701403775133, 0.9999999999999998], ""p_value"": 1.000000000000001e-17, ""solo_contingency"": [[17, 0], [616, 22456]], ""contingency"": [[19, 1], [4968, 23786]]}",{}
NC00962.3,PZA-0.1-0.9,0.0,GARC1,RUS,PZA,pncA@G17D,R,{},"{""proportion"": 0.8333333333333334, ""confidence"": [0.49758291587540004, 0.9618944299206571], ""p_value"": 5.5000000000000016e-05, ""solo_contingency"": [[5, 1], [616, 22456]], ""contingency"": [[6, 1], [4981, 23786]]}",{}
NC00962.3,PZA-0.1-0.9,0.0,GARC1,RUS,PZA,pncA@V155G,R,{},"{""proportion"": 0.9411764705882353, ""confidence"": [0.7744414966277938, 0.9867656243502646], ""p_value"": 1.5400000000000016e-15, ""solo_contingency"": [[16, 1], [616, 22456]], ""contingency"": [[16, 1], [4971, 23786]]}",{}
NC00962.3,PZA-0.1-0.9,0.0,GARC1,RUS,PZA,pncA@H51P,R,{},"{""proportion"": 0.8888888888888888, ""confidence"": [0.6231987354644574, 0.974808527286843], ""p_value"": 8.200000000000002e-08, ""solo_contingency"": [[8, 1], [616, 22456]], ""contingency"": [[9, 2], [4978, 23785]]}",{}
NC00962.3,PZA-0.1-0.9,0.0,GARC1,RUS,PZA,pncA@H71P,R,{},"{""proportion"": 0.875, ""confidence"": [0.5888566256699879, 0.9716006762621897], ""p_value"": 7.300000000000004e-07, ""solo_contingency"": [[7, 1], [616, 22456]], ""contingency"": [[8, 1], [4979, 23786]]}",{}
NC00962.3,PZA-0.1-0.9,0.0,GARC1,RUS,PZA,pncA@I6S,R,{},"{""proportion"": 1.0, ""confidence"": [0.6892160186940858, 1.0], ""p_value"": 1.0000000000000004e-06, ""solo_contingency"": [[6, 0], [616, 22456]], ""contingency"": [[6, 0], [4981, 23787]]}",{}
NC00962.3,PZA-0.1-0.9,0.0,GARC1,RUS,PZA,pncA@Y34D,R,{},"{""proportion"": 0.8260869565217391, ""confidence"": [0.6640978679060803, 0.9194338526656628], ""p_value"": 5.940941500000007e-16, ""solo_contingency"": [[19, 4], [616, 22456]], ""contingency"": [[20, 4], [4967, 23783]]}",{}
NC00962.3,PZA-0.1-0.9,0.0,GARC1,RUS,PZA,pncA@D12G,R,{},"{""proportion"": 0.8, ""confidence"": [0.591213679059803, 0.9171016981741128], ""p_value"": 3.403360000000002e-10, ""solo_contingency"": [[12, 3], [616, 22456]], ""contingency"": [[13, 3], [4974, 23784]]}",{}
NC00962.3,PZA-0.1-0.9,0.0,GARC1,RUS,PZA,pncA@G132D,R,{},"{""proportion"": 1.0, ""confidence"": [0.7472764025762368, 1.0], ""p_value"": 1.0000000000000005e-08, ""solo_contingency"": [[8, 0], [616, 22456]], ""contingency"": [[8, 0], [4979, 23787]]}",{}
NC00962.3,PZA-0.1-0.9,0.0,GARC1,RUS,PZA,pncA@380_del_aggtcgatg,R,{},"{""proportion"": 1.0, ""confidence"": [0.6892160186940858, 1.0], ""p_value"": 1.0000000000000004e-06, ""solo_contingency"": [[6, 0], [616, 22456]], ""contingency"": [[6, 0], [4981, 23787]]}",{}
NC00962.3,PZA-0.1-0.9,0.0,GARC1,RUS,PZA,pncA@D12E,R,{},"{""proportion"": 0.8333333333333334, ""confidence"": [0.6007930895844599, 0.9432194472505556], ""p_value"": 5.455000000000004e-09, ""solo_contingency"": [[10, 2], [616, 22456]], ""contingency"": [[10, 2], [4977, 23785]]}",{}
NC00962.3,PZA-0.1-0.9,0.0,GARC1,RUS,PZA,pncA@287_ins_cctggcgatctcgaatgtcatcgtggacggggt,R,{},"{""proportion"": 1.0, ""confidence"": [0.4250306090063464, 1.0], ""p_value"": 0.010000000000000002, ""solo_contingency"": [[2, 0], [616, 22456]], ""contingency"": [[2, 0], [4985, 23787]]}",{}
NC00962.3,PZA-0.1-0.9,0.0,GARC1,RUS,PZA,pncA@Q10H,R,{},"{""proportion"": 1.0, ""confidence"": [0.5965213747972954, 1.0], ""p_value"": 0.00010000000000000002, ""solo_contingency"": [[4, 0], [616, 22456]], ""contingency"": [[5, 0], [4982, 23787]]}",{}
NC00962.3,PZA-0.1-0.9,0.0,GARC1,RUS,PZA,pncA@W119R,R,{},"{""proportion"": 0.8, ""confidence"": [0.5407928056874881, 0.9314420122624679], ""p_value"": 3.736000000000001e-07, ""solo_contingency"": [[8, 2], [616, 22456]], ""contingency"": [[8, 2], [4979, 23785]]}",{}
NC00962.3,PZA-0.1-0.9,0.0,GARC1,RUS,PZA,pncA@t-12c,R,{},"{""proportion"": 0.8421052631578947, ""confidence"": [0.6638454510369751, 0.9350798892795861], ""p_value"": 7.204240000000006e-14, ""solo_contingency"": [[16, 3], [616, 22456]], ""contingency"": [[17, 3], [4970, 23784]]}",{}
NC00962.3,PZA-0.1-0.9,0.0,GARC1,RUS,PZA,pncA@C72Y,R,{},"{""proportion"": 1.0, ""confidence"": [0.5258044258424873, 1.0], ""p_value"": 0.0010000000000000002, ""solo_contingency"": [[3, 0], [616, 22456]], ""contingency"": [[4, 0], [4983, 23787]]}",{}
NC00962.3,PZA-0.1-0.9,0.0,GARC1,RUS,PZA,pncA@G132A,R,{},"{""proportion"": 0.8333333333333334, ""confidence"": [0.6481957285589156, 0.9313592117209293], ""p_value"": 6.074200000000005e-13, ""solo_contingency"": [[15, 3], [616, 22456]], ""contingency"": [[15, 3], [4972, 23784]]}",{}
NC00962.3,PZA-0.1-0.9,0.0,GARC1,RUS,PZA,pncA@C138R,R,{},"{""proportion"": 1.0, ""confidence"": [0.8277332164911549, 1.0], ""p_value"": 1.0000000000000007e-13, ""solo_contingency"": [[13, 0], [616, 22456]], ""contingency"": [[15, 0], [4972, 23787]]}",{}
NC00962.3,PZA-0.1-0.9,0.0,GARC1,RUS,PZA,pncA@A102P,R,{},"{""proportion"": 0.7857142857142857, ""confidence"": [0.5679507254010009, 0.9109322287502918], ""p_value"": 2.728540000000002e-09, ""solo_contingency"": [[11, 3], [616, 22456]], ""contingency"": [[12, 3], [4975, 23784]]}",{}
NC00962.3,PZA-0.1-0.9,0.0,GARC1,RUS,PZA,pncA@F81V,R,{},"{""proportion"": 0.42857142857142855, ""confidence"": [0.18644319036395612, 0.710522908986407], ""p_value"": 0.025691500000000006, ""solo_contingency"": [[3, 4], [616, 22456]], ""contingency"": [[3, 5], [4984, 23782]]}",{}
NC00962.3,PZA-0.1-0.9,0.0,GARC1,RUS,PZA,pncA@F94S,R,{},"{""proportion"": 1.0, ""confidence"": [0.6892160186940858, 1.0], ""p_value"": 1.0000000000000004e-06, ""solo_contingency"": [[6, 0], [616, 22456]], ""contingency"": [[7, 0], [4980, 23787]]}",{}
NC00962.3,PZA-0.1-0.9,0.0,GARC1,RUS,PZA,pncA@H71Y,R,{},"{""proportion"": 0.8444444444444444, ""confidence"": [0.7364148521357031, 0.9134048072887767], ""p_value"": 2.2145106615173247e-31, ""solo_contingency"": [[38, 7], [616, 22456]], ""contingency"": [[39, 7], [4948, 23780]]}",{}
NC00962.3,PZA-0.1-0.9,0.0,GARC1,RUS,PZA,pncA@A28D,R,{},"{""proportion"": 1.0, ""confidence"": [0.4250306090063464, 1.0], ""p_value"": 0.010000000000000002, ""solo_contingency"": [[2, 0], [616, 22456]], ""contingency"": [[3, 0], [4984, 23787]]}",{}
NC00962.3,PZA-0.1-0.9,0.0,GARC1,RUS,PZA,pncA@G97D,R,{},"{""proportion"": 0.8970588235294118, ""confidence"": [0.8205107723778517, 0.9432200097079794], ""p_value"": 4.695609048893649e-53, ""solo_contingency"": [[61, 7], [616, 22456]], ""contingency"": [[64, 7], [4923, 23780]]}",{}
NC00962.3,PZA-0.1-0.9,0.0,GARC1,RUS,PZA,pncA@V180A,R,{},"{""proportion"": 0.75, ""confidence"": [0.4601530454871806, 0.9134851558009377], ""p_value"": 2.341000000000001e-05, ""solo_contingency"": [[6, 2], [616, 22456]], ""contingency"": [[8, 2], [4979, 23785]]}",{}
NC00962.3,PZA-0.1-0.9,0.0,GARC1,RUS,PZA,pncA@34_ins_g,R,{},"{""proportion"": 1.0, ""confidence"": [0.6488834992348989, 1.0], ""p_value"": 1.0000000000000003e-05, ""solo_contingency"": [[5, 0], [616, 22456]], ""contingency"": [[5, 0], [4982, 23787]]}",{}
NC00962.3,PZA-0.1-0.9,0.0,GARC1,RUS,PZA,pncA@249_ins_c,R,{},"{""proportion"": 1.0, ""confidence"": [0.5258044258424873, 1.0], ""p_value"": 0.0010000000000000002, ""solo_contingency"": [[3, 0], [616, 22456]], ""contingency"": [[3, 0], [4984, 23787]]}",{}
NC00962.3,PZA-0.1-0.9,0.0,GARC1,RUS,PZA,pncA@H82R,R,{},"{""proportion"": 0.8888888888888888, ""confidence"": [0.6231987354644574, 0.974808527286843], ""p_value"": 8.200000000000002e-08, ""solo_contingency"": [[8, 1], [616, 22456]], ""contingency"": [[9, 1], [4978, 23786]]}",{}
NC00962.3,PZA-0.1-0.9,0.0,GARC1,RUS,PZA,pncA@G162R,R,{},"{""proportion"": 1.0, ""confidence"": [0.4250306090063464, 1.0], ""p_value"": 0.010000000000000002, ""solo_contingency"": [[2, 0], [616, 22456]], ""contingency"": [[2, 0], [4985, 23787]]}",{}
NC00962.3,PZA-0.1-0.9,0.0,GARC1,RUS,PZA,pncA@Y103D,R,{},"{""proportion"": 0.9666666666666667, ""confidence"": [0.8635958578481829, 0.9925281212350576], ""p_value"": 2.7100000000000045e-28, ""solo_contingency"": [[29, 1], [616, 22456]], ""contingency"": [[30, 1], [4957, 23786]]}",{}
NC00962.3,PZA-0.1-0.9,0.0,GARC1,RUS,PZA,pncA@W119C,R,{},"{""proportion"": 0.5714285714285714, ""confidence"": [0.2894770910135929, 0.8135568096360438], ""p_value"": 0.0027280000000000004, ""solo_contingency"": [[4, 3], [616, 22456]], ""contingency"": [[4, 3], [4983, 23784]]}",{}
NC00962.3,PZA-0.1-0.9,0.0,GARC1,RUS,PZA,pncA@W68G,R,{},"{""proportion"": 0.967741935483871, ""confidence"": [0.8676223275976586, 0.9927702674511639], ""p_value"": 2.8000000000000047e-29, ""solo_contingency"": [[30, 1], [616, 22456]], ""contingency"": [[32, 1], [4955, 23786]]}",{}
NC00962.3,PZA-0.1-0.9,0.0,GARC1,RUS,PZA,pncA@H137P,R,{},"{""proportion"": 1.0, ""confidence"": [0.7870580299165931, 1.0], ""p_value"": 1.0000000000000006e-10, ""solo_contingency"": [[10, 0], [616, 22456]], ""contingency"": [[11, 1], [4976, 23786]]}",{}
NC00962.3,PZA-0.1-0.9,0.0,GARC1,RUS,PZA,pncA@457_del_a,R,{},"{""proportion"": 1.0, ""confidence"": [0.6488834992348989, 1.0], ""p_value"": 1.0000000000000003e-05, ""solo_contingency"": [[5, 0], [616, 22456]], ""contingency"": [[5, 0], [4982, 23787]]}",{}
NC00962.3,PZA-0.1-0.9,0.0,GARC1,RUS,PZA,pncA@R154G,R,{},"{""proportion"": 0.6896551724137931, ""confidence"": [0.5373612997983944, 0.809581184121689], ""p_value"": 4.072505681094856e-14, ""solo_contingency"": [[20, 9], [616, 22456]], ""contingency"": [[21, 9], [4966, 23778]]}",{}
NC00962.3,PZA-0.1-0.9,0.0,GARC1,RUS,PZA,pncA@A171E,R,{},"{""proportion"": 0.6666666666666666, ""confidence"": [0.34701476700031825, 0.8827239058977103], ""p_value"": 0.0012700000000000003, ""solo_contingency"": [[4, 2], [616, 22456]], ""contingency"": [[4, 3], [4983, 23784]]}",{}
NC00962.3,PZA-0.1-0.9,0.0,GARC1,RUS,PZA,pncA@417_ins_g,R,{},"{""proportion"": 0.75, ""confidence"": [0.4601530454871806, 0.9134851558009377], ""p_value"": 2.341000000000001e-05, ""solo_contingency"": [[6, 2], [616, 22456]], ""contingency"": [[7, 2], [4980, 23785]]}",{}
NC00962.3,PZA-0.1-0.9,0.0,GARC1,RUS,PZA,pncA@K48T,R,{},"{""proportion"": 0.26229508196721313, ""confidence"": [0.18117839732567237, 0.3636021911815639], ""p_value"": 0.0002478153827409856, ""solo_contingency"": [[16, 45], [616, 22456]], ""contingency"": [[16, 45], [4971, 23742]]}",{}
NC00962.3,PZA-0.1-0.9,0.0,GARC1,RUS,PZA,pncA@G108R,R,{},"{""proportion"": 0.75, ""confidence"": [0.4601530454871806, 0.9134851558009377], ""p_value"": 2.341000000000001e-05, ""solo_contingency"": [[6, 2], [616, 22456]], ""contingency"": [[7, 2], [4980, 23785]]}",{}
NC00962.3,PZA-0.1-0.9,0.0,GARC1,RUS,PZA,pncA@G24D,R,{},"{""proportion"": 0.8888888888888888, ""confidence"": [0.6231987354644574, 0.974808527286843], ""p_value"": 8.200000000000002e-08, ""solo_contingency"": [[8, 1], [616, 22456]], ""contingency"": [[9, 1], [4978, 23786]]}",{}
NC00962.3,PZA-0.1-0.9,0.0,GARC1,RUS,PZA,pncA@L4W,R,{},"{""proportion"": 0.8, ""confidence"": [0.591213679059803, 0.9171016981741128], ""p_value"": 3.403360000000002e-10, ""solo_contingency"": [[12, 3], [616, 22456]], ""contingency"": [[14, 3], [4973, 23784]]}",{}
NC00962.3,PZA-0.1-0.9,0.0,GARC1,RUS,PZA,pncA@Y99!,R,{},"{""proportion"": 1.0, ""confidence"": [0.6892160186940858, 1.0], ""p_value"": 1.0000000000000004e-06, ""solo_contingency"": [[6, 0], [616, 22456]], ""contingency"": [[7, 0], [4980, 23787]]}",{}
NC00962.3,PZA-0.1-0.9,0.0,GARC1,RUS,PZA,pncA@T47P,R,{},"{""proportion"": 1.0, ""confidence"": [0.6488834992348989, 1.0], ""p_value"": 1.0000000000000003e-05, ""solo_contingency"": [[5, 0], [616, 22456]], ""contingency"": [[5, 1], [4982, 23786]]}",{}
NC00962.3,PZA-0.1-0.9,0.0,GARC1,RUS,PZA,pncA@L120Q,R,{},"{""proportion"": 1.0, ""confidence"": [0.5965213747972954, 1.0], ""p_value"": 0.00010000000000000002, ""solo_contingency"": [[4, 0], [616, 22456]], ""contingency"": [[5, 0], [4982, 23787]]}",{}
NC00962.3,PZA-0.1-0.9,0.0,GARC1,RUS,PZA,pncA@D8E,R,{},"{""proportion"": 0.9166666666666666, ""confidence"": [0.698831720560131, 0.9811839504836379], ""p_value"": 1.0900000000000006e-10, ""solo_contingency"": [[11, 1], [616, 22456]], ""contingency"": [[12, 1], [4975, 23786]]}",{}
NC00962.3,PZA-0.1-0.9,0.0,GARC1,RUS,PZA,pncA@P54R,R,{},"{""proportion"": 0.6666666666666666, ""confidence"": [0.25353386828122415, 0.9217342736662715], ""p_value"": 0.028000000000000008, ""solo_contingency"": [[2, 1], [616, 22456]], ""contingency"": [[2, 1], [4985, 23786]]}",{}
NC00962.3,PZA-0.1-0.9,0.0,GARC1,RUS,PZA,pncA@L85P,R,{},"{""proportion"": 0.8823529411764706, ""confidence"": [0.6994404144506056, 0.9602724237303787], ""p_value"": 1.1170000000000011e-13, ""solo_contingency"": [[15, 2], [616, 22456]], ""contingency"": [[15, 2], [4972, 23785]]}",{}
NC00962.3,PZA-0.1-0.9,0.0,GARC1,RUS,PZA,pncA@L35P,R,{},"{""proportion"": 0.6, ""confidence"": [0.3516385978601219, 0.8057730081231966], ""p_value"": 0.0001469026, ""solo_contingency"": [[6, 4], [616, 22456]], ""contingency"": [[9, 5], [4978, 23782]]}",{}
NC00962.3,PZA-0.1-0.9,0.0,GARC1,RUS,PZA,pncA@287_del_a,R,{},"{""proportion"": 1.0, ""confidence"": [0.5965213747972954, 1.0], ""p_value"": 0.00010000000000000002, ""solo_contingency"": [[4, 0], [616, 22456]], ""contingency"": [[4, 0], [4983, 23787]]}",{}
NC00962.3,PZA-0.1-0.9,0.0,GARC1,RUS,PZA,pncA@P62S,R,{},"{""proportion"": 0.46153846153846156, ""confidence"": [0.26114777307498965, 0.6751804410410753], ""p_value"": 0.0009200429667999999, ""solo_contingency"": [[6, 7], [616, 22456]], ""contingency"": [[6, 7], [4981, 23780]]}",{}
NC00962.3,PZA-0.1-0.9,0.0,GARC1,RUS,PZA,pncA@S18!,R,{},"{""proportion"": 0.4, ""confidence"": [0.1427064720192132, 0.7275168281338072], ""p_value"": 0.08146, ""solo_contingency"": [[2, 3], [616, 22456]], ""contingency"": [[2, 3], [4985, 23784]]}",{}
NC00962.3,PZA-0.1-0.9,0.0,GARC1,RUS,PZA,pncA@79_ins_c,R,{},"{""proportion"": 1.0, ""confidence"": [0.4250306090063464, 1.0], ""p_value"": 0.010000000000000002, ""solo_contingency"": [[2, 0], [616, 22456]], ""contingency"": [[3, 0], [4984, 23787]]}",{}
NC00962.3,PZA-0.1-0.9,0.0,GARC1,RUS,PZA,pncA@Q10!,R,{},"{""proportion"": 0.875, ""confidence"": [0.5888566256699879, 0.9716006762621897], ""p_value"": 7.300000000000004e-07, ""solo_contingency"": [[7, 1], [616, 22456]], ""contingency"": [[7, 1], [4980, 23786]]}",{}
NC00962.3,PZA-0.1-0.9,0.0,GARC1,RUS,PZA,pncA@W119!,R,{},"{""proportion"": 1.0, ""confidence"": [0.6892160186940858, 1.0], ""p_value"": 1.0000000000000004e-06, ""solo_contingency"": [[6, 0], [616, 22456]], ""contingency"": [[10, 0], [4977, 23787]]}",{}
NC00962.3,PZA-0.1-0.9,0.0,GARC1,RUS,PZA,pncA@161_ins_c,R,{},"{""proportion"": 1.0, ""confidence"": [0.4250306090063464, 1.0], ""p_value"": 0.010000000000000002, ""solo_contingency"": [[2, 0], [616, 22456]], ""contingency"": [[3, 0], [4984, 23787]]}",{}
NC00962.3,PZA-0.1-0.9,0.0,GARC1,RUS,PZA,pncA@D12N,R,{},"{""proportion"": 0.9, ""confidence"": [0.6522813326641418, 0.9773650912691328], ""p_value"": 9.100000000000004e-09, ""solo_contingency"": [[9, 1], [616, 22456]], ""contingency"": [[9, 1], [4978, 23786]]}",{}
NC00962.3,PZA-0.1-0.9,0.0,GARC1,RUS,PZA,pncA@t-7c,R,{},"{""proportion"": 1.0, ""confidence"": [0.7472764025762368, 1.0], ""p_value"": 1.0000000000000005e-08, ""solo_contingency"": [[8, 0], [616, 22456]], ""contingency"": [[8, 0], [4979, 23787]]}",{}
NC00962.3,PZA-0.1-0.9,0.0,GARC1,RUS,PZA,pncA@349_ins_c,R,{},"{""proportion"": 1.0, ""confidence"": [0.5258044258424873, 1.0], ""p_value"": 0.0010000000000000002, ""solo_contingency"": [[3, 0], [616, 22456]], ""contingency"": [[4, 0], [4983, 23787]]}",{}
NC00962.3,PZA-0.1-0.9,0.0,GARC1,RUS,PZA,pncA@W68L,R,{},"{""proportion"": 1.0, ""confidence"": [0.5258044258424873, 1.0], ""p_value"": 0.0010000000000000002, ""solo_contingency"": [[3, 0], [616, 22456]], ""contingency"": [[3, 0], [4984, 23787]]}",{}
NC00962.3,PZA-0.1-0.9,0.0,GARC1,RUS,PZA,pncA@182_del_caccggacta,R,{},"{""proportion"": 1.0, ""confidence"": [0.5258044258424873, 1.0], ""p_value"": 0.0010000000000000002, ""solo_contingency"": [[3, 0], [616, 22456]], ""contingency"": [[4, 0], [4983, 23787]]}",{}
NC00962.3,PZA-0.1-0.9,0.0,GARC1,RUS,PZA,pncA@V128G,R,{},"{""proportion"": 0.8235294117647058, ""confidence"": [0.6310330219309741, 0.9271855334529355], ""p_value"": 5.068900000000004e-12, ""solo_contingency"": [[14, 3], [616, 22456]], ""contingency"": [[18, 3], [4969, 23784]]}",{}
NC00962.3,PZA-0.1-0.9,0.0,GARC1,RUS,PZA,pncA@M1R,R,{},"{""proportion"": 0.5, ""confidence"": [0.18240016325464498, 0.8175998367453551], ""p_value"": 0.05230000000000001, ""solo_contingency"": [[2, 2], [616, 22456]], ""contingency"": [[2, 2], [4985, 23785]]}",{}
NC00962.3,PZA-0.1-0.9,0.0,GARC1,RUS,PZA,pncA@290_del_g,R,{},"{""proportion"": 1.0, ""confidence"": [0.4250306090063464, 1.0], ""p_value"": 0.010000000000000002, ""solo_contingency"": [[2, 0], [616, 22456]], ""contingency"": [[2, 0], [4985, 23787]]}",{}
NC00962.3,PZA-0.1-0.9,0.0,GARC1,RUS,PZA,pncA@M175V,R,{},"{""proportion"": 0.7142857142857143, ""confidence"": [0.5352643919328541, 0.8443936411102628], ""p_value"": 3.0079956880000025e-11, ""solo_contingency"": [[15, 6], [616, 22456]], ""contingency"": [[18, 6], [4969, 23781]]}",{}
NC00962.3,PZA-0.1-0.9,0.0,GARC1,RUS,PZA,pncA@A134V,R,{},"{""proportion"": 0.9333333333333333, ""confidence"": [0.7492494368668231, 0.9849838858043888], ""p_value"": 1.360000000000001e-13, ""solo_contingency"": [[14, 1], [616, 22456]], ""contingency"": [[14, 1], [4973, 23786]]}",{}
NC00962.3,PZA-0.1-0.9,0.0,GARC1,RUS,PZA,pncA@F13I,R,{},"{""proportion"": 1.0, ""confidence"": [0.5965213747972954, 1.0], ""p_value"": 0.00010000000000000002, ""solo_contingency"": [[4, 0], [616, 22456]], ""contingency"": [[4, 0], [4983, 23787]]}",{}
NC00962.3,PZA-0.1-0.9,0.0,GARC1,RUS,PZA,pncA@314_ins_g,R,{},"{""proportion"": 1.0, ""confidence"": [0.7212373045474579, 1.0], ""p_value"": 1.0000000000000004e-07, ""solo_contingency"": [[7, 0], [616, 22456]], ""contingency"": [[7, 0], [4980, 23787]]}",{}
NC00962.3,PZA-0.1-0.9,0.0,GARC1,RUS,PZA,pncA@249_del_c,R,{},"{""proportion"": 0.6666666666666666, ""confidence"": [0.25353386828122415, 0.9217342736662715], ""p_value"": 0.028000000000000008, ""solo_contingency"": [[2, 1], [616, 22456]], ""contingency"": [[2, 1], [4985, 23786]]}",{}
NC00962.3,PZA-0.1-0.9,0.0,GARC1,RUS,PZA,pncA@I133T,R,{},"{""proportion"": 0.627906976744186, ""confidence"": [0.5024896182383319, 0.7381814069524724], ""p_value"": 5.244776586199744e-17, ""solo_contingency"": [[27, 16], [616, 22456]], ""contingency"": [[30, 16], [4957, 23771]]}",{}
NC00962.3,PZA-0.1-0.9,0.0,GARC1,RUS,PZA,pncA@L116P,R,{},"{""proportion"": 0.3076923076923077, ""confidence"": [0.14641538530333975, 0.5352256852769853], ""p_value"": 0.034160720922999994, ""solo_contingency"": [[4, 9], [616, 22456]], ""contingency"": [[4, 9], [4983, 23778]]}",{}
NC00962.3,PZA-0.1-0.9,0.0,GARC1,RUS,PZA,pncA@V155M,R,{},"{""proportion"": 1.0, ""confidence"": [0.7472764025762368, 1.0], ""p_value"": 1.0000000000000005e-08, ""solo_contingency"": [[8, 0], [616, 22456]], ""contingency"": [[9, 0], [4978, 23787]]}",{}
NC00962.3,PZA-0.1-0.9,0.0,GARC1,RUS,PZA,pncA@C14Y,R,{},"{""proportion"": 0.8571428571428571, ""confidence"": [0.5477133053029708, 0.9674561979452132], ""p_value"": 6.400000000000001e-06, ""solo_contingency"": [[6, 1], [616, 22456]], ""contingency"": [[6, 1], [4981, 23786]]}",{}
NC00962.3,PZA-0.1-0.9,0.0,GARC1,RUS,PZA,pncA@D63G,R,{},"{""proportion"": 0.3157894736842105, ""confidence"": [0.1730421202465267, 0.5044596195830172], ""p_value"": 0.008593020737846138, ""solo_contingency"": [[6, 13], [616, 22456]], ""contingency"": [[8, 14], [4979, 23773]]}",{}
NC00962.3,PZA-0.1-0.9,0.0,GARC1,RUS,PZA,pncA@V139M,R,{},"{""proportion"": 0.9, ""confidence"": [0.6522813326641418, 0.9773650912691328], ""p_value"": 9.100000000000004e-09, ""solo_contingency"": [[9, 1], [616, 22456]], ""contingency"": [[10, 2], [4977, 23785]]}",{}
NC00962.3,PZA-0.1-0.9,0.0,GARC1,RUS,PZA,pncA@F13S,R,{},"{""proportion"": 0.375, ""confidence"": [0.1611723377606735, 0.6520085615952673], ""p_value"": 0.03809179000000002, ""solo_contingency"": [[3, 5], [616, 22456]], ""contingency"": [[4, 5], [4983, 23782]]}",{}
NC00962.3,PZA-0.1-0.9,0.0,GARC1,RUS,PZA,pncA@T142A,R,{},"{""proportion"": 0.8064516129032258, ""confidence"": [0.6672480428507749, 0.8964574504570743], ""p_value"": 4.015327422250006e-20, ""solo_contingency"": [[25, 6], [616, 22456]], ""contingency"": [[28, 9], [4959, 23778]]}",{}
NC00962.3,PZA-0.1-0.9,0.0,GARC1,RUS,PZA,pncA@H51Y,R,{},"{""proportion"": 1.0, ""confidence"": [0.7212373045474579, 1.0], ""p_value"": 1.0000000000000004e-07, ""solo_contingency"": [[7, 0], [616, 22456]], ""contingency"": [[11, 0], [4976, 23787]]}",{}
NC00962.3,PZA-0.1-0.9,0.0,GARC1,RUS,PZA,pncA@V125G,R,{},"{""proportion"": 0.9444444444444444, ""confidence"": [0.7852331161361115, 0.9875068042370152], ""p_value"": 1.6300000000000013e-16, ""solo_contingency"": [[17, 1], [616, 22456]], ""contingency"": [[21, 2], [4966, 23785]]}",{}
NC00962.3,PZA-0.1-0.9,0.0,GARC1,RUS,PZA,pncA@T100P,R,{},"{""proportion"": 1.0, ""confidence"": [0.8380451697647621, 0.9999999999999998], ""p_value"": 1.0000000000000008e-14, ""solo_contingency"": [[14, 0], [616, 22456]], ""contingency"": [[16, 0], [4971, 23787]]}",{}
NC00962.3,PZA-0.1-0.9,0.0,GARC1,RUS,PZA,pncA@I5T,R,{},"{""proportion"": 0.7142857142857143, ""confidence"": [0.4086675455111977, 0.9004341564377129], ""p_value"": 0.00017650000000000003, ""solo_contingency"": [[5, 2], [616, 22456]], ""contingency"": [[7, 2], [4980, 23785]]}",{}
NC00962.3,PZA-0.1-0.9,0.0,GARC1,RUS,PZA,pncA@P62T,R,{},"{""proportion"": 0.8, ""confidence"": [0.4352925534215433, 0.9540375461193962], ""p_value"": 0.0004600000000000001, ""solo_contingency"": [[4, 1], [616, 22456]], ""contingency"": [[4, 1], [4983, 23786]]}",{}
NC00962.3,PZA-0.1-0.9,0.0,GARC1,RUS,PZA,pncA@393_ins_c,R,{},"{""proportion"": 0.8333333333333334, ""confidence"": [0.49758291587540004, 0.9618944299206571], ""p_value"": 5.5000000000000016e-05, ""solo_contingency"": [[5, 1], [616, 22456]], ""contingency"": [[6, 1], [4981, 23786]]}",{}
NC00962.3,PZA-0.1-0.9,0.0,GARC1,RUS,PZA,pncA@317_del_t,R,{},"{""proportion"": 0.8333333333333334, ""confidence"": [0.6007930895844599, 0.9432194472505556], ""p_value"": 5.455000000000004e-09, ""solo_contingency"": [[10, 2], [616, 22456]], ""contingency"": [[11, 2], [4976, 23785]]}",{}
NC00962.3,PZA-0.1-0.9,0.0,GARC1,RUS,PZA,pncA@59_ins_c,R,{},"{""proportion"": 1.0, ""confidence"": [0.4250306090063464, 1.0], ""p_value"": 0.010000000000000002, ""solo_contingency"": [[2, 0], [616, 22456]], ""contingency"": [[2, 0], [4985, 23787]]}",{}
NC00962.3,PZA-0.1-0.9,0.0,GARC1,RUS,PZA,pncA@528_ins_gc,R,{},"{""proportion"": 1.0, ""confidence"": [0.4250306090063464, 1.0], ""p_value"": 0.010000000000000002, ""solo_contingency"": [[2, 0], [616, 22456]], ""contingency"": [[2, 0], [4985, 23787]]}",{}
NC00962.3,PZA-0.1-0.9,0.0,GARC1,RUS,PZA,pncA@126_del_tc,R,{},"{""proportion"": 1.0, ""confidence"": [0.5258044258424873, 1.0], ""p_value"": 0.0010000000000000002, ""solo_contingency"": [[3, 0], [616, 22456]], ""contingency"": [[3, 0], [4984, 23787]]}",{}
NC00962.3,PZA-0.1-0.9,0.0,GARC1,RUS,PZA,pncA@T168P,R,{},"{""proportion"": 1.0, ""confidence"": [0.5258044258424873, 1.0], ""p_value"": 0.0010000000000000002, ""solo_contingency"": [[3, 0], [616, 22456]], ""contingency"": [[3, 0], [4984, 23787]]}",{}
NC00962.3,PZA-0.1-0.9,0.0,GARC1,RUS,PZA,pncA@M175R,R,{},"{""proportion"": 1.0, ""confidence"": [0.6488834992348989, 1.0], ""p_value"": 1.0000000000000003e-05, ""solo_contingency"": [[5, 0], [616, 22456]], ""contingency"": [[5, 0], [4982, 23787]]}",{}
NC00962.3,PZA-0.1-0.9,0.0,GARC1,RUS,PZA,pncA@V93A,R,{},"{""proportion"": 0.6666666666666666, ""confidence"": [0.25353386828122415, 0.9217342736662715], ""p_value"": 0.028000000000000008, ""solo_contingency"": [[2, 1], [616, 22456]], ""contingency"": [[2, 1], [4985, 23786]]}",{}
NC00962.3,PZA-0.1-0.9,0.0,GARC1,RUS,PZA,pncA@S59F,R,{},"{""proportion"": 0.6, ""confidence"": [0.2724831718661929, 0.857293527980787], ""p_value"": 0.008560000000000002, ""solo_contingency"": [[3, 2], [616, 22456]], ""contingency"": [[5, 2], [4982, 23785]]}",{}
NC00962.3,PZA-0.1-0.9,0.0,GARC1,RUS,PZA,pncA@V7A,R,{},"{""proportion"": 0.6666666666666666, ""confidence"": [0.25353386828122415, 0.9217342736662715], ""p_value"": 0.028000000000000008, ""solo_contingency"": [[2, 1], [616, 22456]], ""contingency"": [[2, 1], [4985, 23786]]}",{}
NC00962.3,PZA-0.1-0.9,0.0,GARC1,RUS,PZA,pncA@T47N,R,{},"{""proportion"": 0.6666666666666666, ""confidence"": [0.25353386828122415, 0.9217342736662715], ""p_value"": 0.028000000000000008, ""solo_contingency"": [[2, 1], [616, 22456]], ""contingency"": [[2, 1], [4985, 23786]]}",{}
NC00962.3,PZA-0.1-0.9,0.0,GARC1,RUS,PZA,pncA@G105D,R,{},"{""proportion"": 1.0, ""confidence"": [0.9089212604954914, 0.9999999999999998], ""p_value"": 1.0000000000000015e-27, ""solo_contingency"": [[27, 0], [616, 22456]], ""contingency"": [[27, 0], [4960, 23787]]}",{}
NC00962.3,PZA-0.1-0.9,0.0,GARC1,RUS,PZA,pncA@D136V,R,{},"{""proportion"": 1.0, ""confidence"": [0.4250306090063464, 1.0], ""p_value"": 0.010000000000000002, ""solo_contingency"": [[2, 0], [616, 22456]], ""contingency"": [[2, 0], [4985, 23787]]}",{}
NC00962.3,PZA-0.1-0.9,0.0,GARC1,RUS,PZA,pncA@I133S,R,{},"{""proportion"": 1.0, ""confidence"": [0.4250306090063464, 1.0], ""p_value"": 0.010000000000000002, ""solo_contingency"": [[2, 0], [616, 22456]], ""contingency"": [[2, 0], [4985, 23787]]}",{}
NC00962.3,PZA-0.1-0.9,0.0,GARC1,RUS,PZA,pncA@G78C,R,{},"{""proportion"": 0.6666666666666666, ""confidence"": [0.25353386828122415, 0.9217342736662715], ""p_value"": 0.028000000000000008, ""solo_contingency"": [[2, 1], [616, 22456]], ""contingency"": [[2, 1], [4985, 23786]]}",{}
NC00962.3,PZA-0.1-0.9,0.0,GARC1,RUS,PZA,pncA@T177P,R,{},"{""proportion"": 0.5714285714285714, ""confidence"": [0.2894770910135929, 0.8135568096360438], ""p_value"": 0.0027280000000000004, ""solo_contingency"": [[4, 3], [616, 22456]], ""contingency"": [[4, 3], [4983, 23784]]}",{}
NC00962.3,PZA-0.1-0.9,0.0,GARC1,RUS,PZA,pncA@7_del_g,R,{},"{""proportion"": 1.0, ""confidence"": [0.5965213747972954, 1.0], ""p_value"": 0.00010000000000000002, ""solo_contingency"": [[4, 0], [616, 22456]], ""contingency"": [[5, 0], [4982, 23787]]}",{}
NC00962.3,PZA-0.1-0.9,0.0,GARC1,RUS,PZA,pncA@G162D,R,{},"{""proportion"": 1.0, ""confidence"": [0.7212373045474579, 1.0], ""p_value"": 1.0000000000000004e-07, ""solo_contingency"": [[7, 0], [616, 22456]], ""contingency"": [[9, 0], [4978, 23787]]}",{}
NC00962.3,PZA-0.1-0.9,0.0,GARC1,RUS,PZA,pncA@386_del_atgtggtcg,R,{},"{""proportion"": 0.9230769230769231, ""confidence"": [0.7177419569193267, 0.9826476878039585], ""p_value"": 1.1800000000000007e-11, ""solo_contingency"": [[12, 1], [616, 22456]], ""contingency"": [[12, 1], [4975, 23786]]}",{}
NC00962.3,PZA-0.1-0.9,0.0,GARC1,RUS,PZA,pncA@V163G,R,{},"{""proportion"": 0.75, ""confidence"": [0.3561680085985064, 0.9420926788001412], ""p_value"": 0.0037000000000000006, ""solo_contingency"": [[3, 1], [616, 22456]], ""contingency"": [[4, 2], [4983, 23785]]}",{}
NC00962.3,PZA-0.1-0.9,0.0,GARC1,RUS,PZA,pncA@!187R,R,{},"{""proportion"": 1.0, ""confidence"": [0.4250306090063464, 1.0], ""p_value"": 0.010000000000000002, ""solo_contingency"": [[2, 0], [616, 22456]], ""contingency"": [[2, 0], [4985, 23787]]}",{}
NC00962.3,PZA-0.1-0.9,0.0,GARC1,RUS,PZA,pncA@A46E,R,{},"{""proportion"": 1.0, ""confidence"": [0.5258044258424873, 1.0], ""p_value"": 0.0010000000000000002, ""solo_contingency"": [[3, 0], [616, 22456]], ""contingency"": [[4, 0], [4983, 23787]]}",{}
NC00962.3,PZA-0.1-0.9,0.0,GARC1,RUS,PZA,pncA@D8A,R,{},"{""proportion"": 1.0, ""confidence"": [0.4250306090063464, 1.0], ""p_value"": 0.010000000000000002, ""solo_contingency"": [[2, 0], [616, 22456]], ""contingency"": [[3, 0], [4984, 23787]]}",{}
NC00962.3,PZA-0.1-0.9,0.0,GARC1,RUS,PZA,pncA@M175T,R,{},"{""proportion"": 1.0, ""confidence"": [0.6892160186940858, 1.0], ""p_value"": 1.0000000000000004e-06, ""solo_contingency"": [[6, 0], [616, 22456]], ""contingency"": [[7, 0], [4980, 23787]]}",{}
NC00962.3,PZA-0.1-0.9,0.0,GARC1,RUS,PZA,pncA@C14G,R,{},"{""proportion"": 0.3125, ""confidence"": [0.16126565708702387, 0.5179738146383297], ""p_value"": 0.017003998277879503, ""solo_contingency"": [[5, 11], [616, 22456]], ""contingency"": [[6, 11], [4981, 23776]]}",{}
NC00962.3,PZA-0.1-0.9,0.0,GARC1,RUS,PZA,pncA@H57P,R,{},"{""proportion"": 1.0, ""confidence"": [0.5965213747972954, 1.0], ""p_value"": 0.00010000000000000002, ""solo_contingency"": [[4, 0], [616, 22456]], ""contingency"": [[6, 0], [4981, 23787]]}",{}
NC00962.3,PZA-0.1-0.9,0.0,GARC1,RUS,PZA,pncA@W119G,R,{},"{""proportion"": 1.0, ""confidence"": [0.5258044258424873, 1.0], ""p_value"": 0.0010000000000000002, ""solo_contingency"": [[3, 0], [616, 22456]], ""contingency"": [[4, 0], [4983, 23787]]}",{}
NC00962.3,PZA-0.1-0.9,0.0,GARC1,RUS,PZA,pncA@F13L,R,{},"{""proportion"": 0.7, ""confidence"": [0.4416997958698351, 0.8731234160968021], ""p_value"": 9.121600000000001e-06, ""solo_contingency"": [[7, 3], [616, 22456]], ""contingency"": [[9, 3], [4978, 23784]]}",{}
NC00962.3,PZA-0.1-0.9,0.0,GARC1,RUS,PZA,pncA@Y103S,R,{},"{""proportion"": 1.0, ""confidence"": [0.4250306090063464, 1.0], ""p_value"": 0.010000000000000002, ""solo_contingency"": [[2, 0], [616, 22456]], ""contingency"": [[2, 0], [4985, 23787]]}",{}
NC00962.3,PZA-0.1-0.9,0.0,GARC1,RUS,PZA,pncA@408_ins_t,R,{},"{""proportion"": 0.5, ""confidence"": [0.18240016325464498, 0.8175998367453551], ""p_value"": 0.05230000000000001, ""solo_contingency"": [[2, 2], [616, 22456]], ""contingency"": [[2, 2], [4985, 23785]]}",{}
NC00962.3,PZA-0.1-0.9,0.0,GARC1,RUS,PZA,pncA@W68S,R,{},"{""proportion"": 1.0, ""confidence"": [0.4250306090063464, 1.0], ""p_value"": 0.010000000000000002, ""solo_contingency"": [[2, 0], [616, 22456]], ""contingency"": [[3, 0], [4984, 23787]]}",{}
NC00962.3,PZA-0.1-0.9,0.0,GARC1,RUS,PZA,pncA@Y64!,R,{},"{""proportion"": 1.0, ""confidence"": [0.7688664806802434, 1.0], ""p_value"": 1.0000000000000005e-09, ""solo_contingency"": [[9, 0], [616, 22456]], ""contingency"": [[12, 0], [4975, 23787]]}",{}
NC00962.3,PZA-0.1-0.9,0.0,GARC1,RUS,PZA,pncA@!187W,R,{},"{""proportion"": 1.0, ""confidence"": [0.6488834992348989, 1.0], ""p_value"": 1.0000000000000003e-05, ""solo_contingency"": [[5, 0], [616, 22456]], ""contingency"": [[5, 0], [4982, 23787]]}",{}
NC00962.3,PZA-0.1-0.9,0.0,GARC1,RUS,PZA,pncA@G108E,R,{},"{""proportion"": 1.0, ""confidence"": [0.4250306090063464, 1.0], ""p_value"": 0.010000000000000002, ""solo_contingency"": [[2, 0], [616, 22456]], ""contingency"": [[2, 0], [4985, 23787]]}",{}
NC00962.3,PZA-0.1-0.9,0.0,GARC1,RUS,PZA,pncA@286_ins_t,R,{},"{""proportion"": 1.0, ""confidence"": [0.5258044258424873, 1.0], ""p_value"": 0.0010000000000000002, ""solo_contingency"": [[3, 0], [616, 22456]], ""contingency"": [[3, 0], [4984, 23787]]}",{}
NC00962.3,PZA-0.1-0.9,0.0,GARC1,RUS,PZA,pncA@K96R,R,{},"{""proportion"": 0.75, ""confidence"": [0.5452365088315324, 0.8824441955346629], ""p_value"": 1.235912500000001e-09, ""solo_contingency"": [[12, 4], [616, 22456]], ""contingency"": [[13, 4], [4974, 23783]]}",{}
NC00962.3,PZA-0.1-0.9,0.0,GARC1,RUS,PZA,pncA@D49E,R,{},"{""proportion"": 0.6666666666666666, ""confidence"": [0.25353386828122415, 0.9217342736662715], ""p_value"": 0.028000000000000008, ""solo_contingency"": [[2, 1], [616, 22456]], ""contingency"": [[3, 1], [4984, 23786]]}",{}
NC00962.3,PZA-0.1-0.9,0.0,GARC1,RUS,PZA,pncA@K48E,R,{},"{""proportion"": 0.6666666666666666, ""confidence"": [0.3982597286884095, 0.8580290982050048], ""p_value"": 6.423400000000001e-05, ""solo_contingency"": [[6, 3], [616, 22456]], ""contingency"": [[7, 4], [4980, 23783]]}",{}
NC00962.3,PZA-0.1-0.9,0.0,GARC1,RUS,PZA,pncA@Y34S,R,{},"{""proportion"": 0.6666666666666666, ""confidence"": [0.25353386828122415, 0.9217342736662715], ""p_value"": 0.028000000000000008, ""solo_contingency"": [[2, 1], [616, 22456]], ""contingency"": [[2, 2], [4985, 23785]]}",{}
NC00962.3,PZA-0.1-0.9,0.0,GARC1,RUS,PZA,pncA@399_del_t,R,{},"{""proportion"": 1.0, ""confidence"": [0.5258044258424873, 1.0], ""p_value"": 0.0010000000000000002, ""solo_contingency"": [[3, 0], [616, 22456]], ""contingency"": [[4, 0], [4983, 23787]]}",{}
NC00962.3,PZA-0.1-0.9,0.0,GARC1,RUS,PZA,pncA@D49N,R,{},"{""proportion"": 1.0, ""confidence"": [0.8471922953898597, 1.0], ""p_value"": 1.0000000000000009e-15, ""solo_contingency"": [[15, 0], [616, 22456]], ""contingency"": [[18, 0], [4969, 23787]]}",{}
NC00962.3,PZA-0.1-0.9,0.0,GARC1,RUS,PZA,pncA@306_del_gtac,R,{},"{""proportion"": 1.0, ""confidence"": [0.5258044258424873, 1.0], ""p_value"": 0.0010000000000000002, ""solo_contingency"": [[3, 0], [616, 22456]], ""contingency"": [[3, 0], [4984, 23787]]}",{}
NC00962.3,PZA-0.1-0.9,0.0,GARC1,RUS,PZA,pncA@386_del_atgt,R,{},"{""proportion"": 1.0, ""confidence"": [0.7870580299165931, 1.0], ""p_value"": 1.0000000000000006e-10, ""solo_contingency"": [[10, 0], [616, 22456]], ""contingency"": [[10, 0], [4977, 23787]]}",{}
NC00962.3,PZA-0.1-0.9,0.0,GARC1,RUS,PZA,pncA@F106L,R,{},"{""proportion"": 0.5, ""confidence"": [0.18240016325464498, 0.8175998367453551], ""p_value"": 0.05230000000000001, ""solo_contingency"": [[2, 2], [616, 22456]], ""contingency"": [[2, 2], [4985, 23785]]}",{}
NC00962.3,PZA-0.1-0.9,0.0,GARC1,RUS,PZA,pncA@H71Q,R,{},"{""proportion"": 0.75, ""confidence"": [0.3561680085985064, 0.9420926788001412], ""p_value"": 0.0037000000000000006, ""solo_contingency"": [[3, 1], [616, 22456]], ""contingency"": [[3, 1], [4984, 23786]]}",{}
NC00962.3,PZA-0.1-0.9,0.0,GARC1,RUS,PZA,pncA@192_ins_a,R,{},"{""proportion"": 0.75, ""confidence"": [0.4601530454871806, 0.9134851558009377], ""p_value"": 2.341000000000001e-05, ""solo_contingency"": [[6, 2], [616, 22456]], ""contingency"": [[8, 2], [4979, 23785]]}",{}
NC00962.3,PZA-0.1-0.9,0.0,GARC1,RUS,PZA,pncA@P54Q,R,{},"{""proportion"": 0.6666666666666666, ""confidence"": [0.34701476700031825, 0.8827239058977103], ""p_value"": 0.0012700000000000003, ""solo_contingency"": [[4, 2], [616, 22456]], ""contingency"": [[5, 3], [4982, 23784]]}",{}
NC00962.3,PZA-0.1-0.9,0.0,GARC1,RUS,PZA,pncA@H51R,R,{},"{""proportion"": 0.8372093023255814, ""confidence"": [0.7857497728443342, 0.8782245791228058], ""p_value"": 6.74606958498127e-114, ""solo_contingency"": [[144, 28], [616, 22456]], ""contingency"": [[145, 30], [4842, 23757]]}",{}
NC00962.3,PZA-0.1-0.9,0.0,GARC1,RUS,PZA,pncA@V21G,R,{},"{""proportion"": 0.6, ""confidence"": [0.2724831718661929, 0.857293527980787], ""p_value"": 0.008560000000000002, ""solo_contingency"": [[3, 2], [616, 22456]], ""contingency"": [[5, 3], [4982, 23784]]}",{}
NC00962.3,PZA-0.1-0.9,0.0,GARC1,RUS,PZA,pncA@47_ins_g,R,{},"{""proportion"": 0.75, ""confidence"": [0.3561680085985064, 0.9420926788001412], ""p_value"": 0.0037000000000000006, ""solo_contingency"": [[3, 1], [616, 22456]], ""contingency"": [[3, 1], [4984, 23786]]}",{}
NC00962.3,PZA-0.1-0.9,0.0,GARC1,RUS,PZA,pncA@L159V,R,{},"{""proportion"": 0.4, ""confidence"": [0.1427064720192132, 0.7275168281338072], ""p_value"": 0.08146, ""solo_contingency"": [[2, 3], [616, 22456]], ""contingency"": [[2, 3], [4985, 23784]]}",{}
NC00962.3,PZA-0.1-0.9,0.0,GARC1,RUS,PZA,pncA@185_ins_a,R,{},"{""proportion"": 1.0, ""confidence"": [0.8277332164911549, 1.0], ""p_value"": 1.0000000000000007e-13, ""solo_contingency"": [[13, 0], [616, 22456]], ""contingency"": [[13, 0], [4974, 23787]]}",{}
NC00962.3,PZA-0.1-0.9,0.0,GARC1,RUS,PZA,pncA@V139L,R,{},"{""proportion"": 0.6363636363636364, ""confidence"": [0.39402626106995275, 0.8248632714792696], ""p_value"": 2.2899700000000007e-05, ""solo_contingency"": [[7, 4], [616, 22456]], ""contingency"": [[9, 6], [4978, 23781]]}",{}
NC00962.3,PZA-0.1-0.9,0.0,GARC1,RUS,PZA,pncA@470_ins_a,R,{},"{""proportion"": 1.0, ""confidence"": [0.6488834992348989, 1.0], ""p_value"": 1.0000000000000003e-05, ""solo_contingency"": [[5, 0], [616, 22456]], ""contingency"": [[5, 0], [4982, 23787]]}",{}
NC00962.3,PZA-0.1-0.9,0.0,GARC1,RUS,PZA,pncA@D8N,R,{},"{""proportion"": 0.8571428571428571, ""confidence"": [0.6470626062241376, 0.9515410864649781], ""p_value"": 7.498000000000005e-11, ""solo_contingency"": [[12, 2], [616, 22456]], ""contingency"": [[12, 2], [4975, 23785]]}",{}
NC00962.3,PZA-0.1-0.9,0.0,GARC1,RUS,PZA,pncA@V7L,R,{},"{""proportion"": 0.9230769230769231, ""confidence"": [0.7177419569193267, 0.9826476878039585], ""p_value"": 1.1800000000000007e-11, ""solo_contingency"": [[12, 1], [616, 22456]], ""contingency"": [[17, 4], [4970, 23783]]}",{}
NC00962.3,PZA-0.1-0.9,0.0,GARC1,RUS,PZA,pncA@517_ins_g,R,{},"{""proportion"": 0.9333333333333333, ""confidence"": [0.8693161690917575, 0.967174988561606], ""p_value"": 1.027173738736004e-63, ""solo_contingency"": [[70, 5], [616, 22456]], ""contingency"": [[72, 5], [4915, 23782]]}",{}
NC00962.3,PZA-0.1-0.9,0.0,GARC1,RUS,PZA,pncA@456_ins_c,R,{},"{""proportion"": 0.95, ""confidence"": [0.8039927632259837, 0.9887651831491485], ""p_value"": 1.810000000000002e-18, ""solo_contingency"": [[19, 1], [616, 22456]], ""contingency"": [[19, 1], [4968, 23786]]}",{}
NC00962.3,PZA-0.1-0.9,0.0,GARC1,RUS,PZA,pncA@L151S,R,{},"{""proportion"": 0.7931034482758621, ""confidence"": [0.6471457574626023, 0.889038081322981], ""p_value"": 2.5961599504000035e-18, ""solo_contingency"": [[23, 6], [616, 22456]], ""contingency"": [[24, 6], [4963, 23781]]}",{}
NC00962.3,PZA-0.1-0.9,0.0,GARC1,RUS,PZA,pncA@71_del_g,R,{},"{""proportion"": 1.0, ""confidence"": [0.4250306090063464, 1.0], ""p_value"": 0.010000000000000002, ""solo_contingency"": [[2, 0], [616, 22456]], ""contingency"": [[2, 0], [4985, 23787]]}",{}
NC00962.3,PZA-0.1-0.9,0.0,GARC1,RUS,PZA,pncA@C14W,R,{},"{""proportion"": 0.6666666666666666, ""confidence"": [0.25353386828122415, 0.9217342736662715], ""p_value"": 0.028000000000000008, ""solo_contingency"": [[2, 1], [616, 22456]], ""contingency"": [[2, 1], [4985, 23786]]}",{}
NC00962.3,PZA-0.1-0.9,0.0,GARC1,RUS,PZA,pncA@L172R,R,{},"{""proportion"": 1.0, ""confidence"": [0.4250306090063464, 1.0], ""p_value"": 0.010000000000000002, ""solo_contingency"": [[2, 0], [616, 22456]], ""contingency"": [[2, 0], [4985, 23787]]}",{}
NC00962.3,PZA-0.1-0.9,0.0,GARC1,RUS,PZA,pncA@L120P,R,{},"{""proportion"": 0.95, ""confidence"": [0.8039927632259837, 0.9887651831491485], ""p_value"": 1.810000000000002e-18, ""solo_contingency"": [[19, 1], [616, 22456]], ""contingency"": [[19, 1], [4968, 23786]]}",{}
NC00962.3,PZA-0.1-0.9,0.0,GARC1,RUS,PZA,pncA@E15!,R,{},"{""proportion"": 1.0, ""confidence"": [0.4250306090063464, 1.0], ""p_value"": 0.010000000000000002, ""solo_contingency"": [[2, 0], [616, 22456]], ""contingency"": [[2, 0], [4985, 23787]]}",{}
NC00962.3,PZA-0.1-0.9,0.0,GARC1,RUS,PZA,pncA@T142K,R,{},"{""proportion"": 0.75, ""confidence"": [0.3561680085985064, 0.9420926788001412], ""p_value"": 0.0037000000000000006, ""solo_contingency"": [[3, 1], [616, 22456]], ""contingency"": [[5, 1], [4982, 23786]]}",{}
NC00962.3,PZA-0.1-0.9,0.0,GARC1,RUS,PZA,pncA@A102T,R,{},"{""proportion"": 1.0, ""confidence"": [0.5258044258424873, 1.0], ""p_value"": 0.0010000000000000002, ""solo_contingency"": [[3, 0], [616, 22456]], ""contingency"": [[3, 0], [4984, 23787]]}",{}
NC00962.3,PZA-0.1-0.9,0.0,GARC1,RUS,PZA,pncA@A171T,R,{},"{""proportion"": 0.29411764705882354, ""confidence"": [0.15120106192956342, 0.4935689482806757], ""p_value"": 0.022144215841833716, ""solo_contingency"": [[5, 12], [616, 22456]], ""contingency"": [[5, 12], [4982, 23775]]}",{}
NC00962.3,PZA-0.1-0.9,0.0,GARC1,RUS,PZA,pncA@291_del_t,R,{},"{""proportion"": 1.0, ""confidence"": [0.4250306090063464, 1.0], ""p_value"": 0.010000000000000002, ""solo_contingency"": [[2, 0], [616, 22456]], ""contingency"": [[2, 0], [4985, 23787]]}",{}
NC00962.3,PZA-0.1-0.9,0.0,GARC1,RUS,PZA,pncA@A143G,R,{},"{""proportion"": 0.8333333333333334, ""confidence"": [0.49758291587540004, 0.9618944299206571], ""p_value"": 5.5000000000000016e-05, ""solo_contingency"": [[5, 1], [616, 22456]], ""contingency"": [[5, 1], [4982, 23786]]}",{}
NC00962.3,PZA-0.1-0.9,0.0,GARC1,RUS,PZA,pncA@Y41!,R,{},"{""proportion"": 0.75, ""confidence"": [0.3561680085985064, 0.9420926788001412], ""p_value"": 0.0037000000000000006, ""solo_contingency"": [[3, 1], [616, 22456]], ""contingency"": [[3, 1], [4984, 23786]]}",{}
NC00962.3,PZA-0.1-0.9,0.0,GARC1,RUS,PZA,pncA@L19P,R,{},"{""proportion"": 0.8181818181818182, ""confidence"": [0.5728574951340221, 0.9378847474808303], ""p_value"": 4.555000000000003e-08, ""solo_contingency"": [[9, 2], [616, 22456]], ""contingency"": [[9, 3], [4978, 23784]]}",{}
NC00962.3,PZA-0.1-0.9,0.0,GARC1,RUS,PZA,pncA@A146E,R,{},"{""proportion"": 1.0, ""confidence"": [0.5965213747972954, 1.0], ""p_value"": 0.00010000000000000002, ""solo_contingency"": [[4, 0], [616, 22456]], ""contingency"": [[5, 0], [4982, 23787]]}",{}
NC00962.3,PZA-0.1-0.9,0.0,GARC1,RUS,PZA,pncA@233_ins_g,R,{},"{""proportion"": 1.0, ""confidence"": [0.4250306090063464, 1.0], ""p_value"": 0.010000000000000002, ""solo_contingency"": [[2, 0], [616, 22456]], ""contingency"": [[2, 0], [4985, 23787]]}",{}
NC00962.3,PZA-0.1-0.9,0.0,GARC1,RUS,PZA,pncA@D136Y,R,{},"{""proportion"": 1.0, ""confidence"": [0.6892160186940858, 1.0], ""p_value"": 1.0000000000000004e-06, ""solo_contingency"": [[6, 0], [616, 22456]], ""contingency"": [[6, 0], [4981, 23787]]}",{}
NC00962.3,PZA-0.1-0.9,0.0,GARC1,RUS,PZA,pncA@D63H,R,{},"{""proportion"": 0.75, ""confidence"": [0.3561680085985064, 0.9420926788001412], ""p_value"": 0.0037000000000000006, ""solo_contingency"": [[3, 1], [616, 22456]], ""contingency"": [[3, 2], [4984, 23785]]}",{}
NC00962.3,PZA-0.1-0.9,0.0,GARC1,RUS,PZA,pncA@166_ins_g,R,{},"{""proportion"": 1.0, ""confidence"": [0.4250306090063464, 1.0], ""p_value"": 0.010000000000000002, ""solo_contingency"": [[2, 0], [616, 22456]], ""contingency"": [[2, 0], [4985, 23787]]}",{}
NC00962.3,PZA-0.1-0.9,0.0,GARC1,RUS,PZA,pncA@A143D,R,{},"{""proportion"": 0.6666666666666666, ""confidence"": [0.25353386828122415, 0.9217342736662715], ""p_value"": 0.028000000000000008, ""solo_contingency"": [[2, 1], [616, 22456]], ""contingency"": [[2, 1], [4985, 23786]]}",{}
NC00962.3,PZA-0.1-0.9,0.0,GARC1,RUS,PZA,pncA@V7F,R,{},"{""proportion"": 0.6666666666666666, ""confidence"": [0.25353386828122415, 0.9217342736662715], ""p_value"": 0.028000000000000008, ""solo_contingency"": [[2, 1], [616, 22456]], ""contingency"": [[2, 1], [4985, 23786]]}",{}
NC00962.3,PZA-0.1-0.9,0.0,GARC1,RUS,PZA,pncA@346_ins_c,R,{},"{""proportion"": 1.0, ""confidence"": [0.5258044258424873, 1.0], ""p_value"": 0.0010000000000000002, ""solo_contingency"": [[3, 0], [616, 22456]], ""contingency"": [[3, 0], [4984, 23787]]}",{}
NC00962.3,PZA-0.1-0.9,0.0,GARC1,RUS,PZA,pncA@S66P,R,{},"{""proportion"": 0.75, ""confidence"": [0.3561680085985064, 0.9420926788001412], ""p_value"": 0.0037000000000000006, ""solo_contingency"": [[3, 1], [616, 22456]], ""contingency"": [[3, 1], [4984, 23786]]}",{}
NC00962.3,PZA-0.1-0.9,0.0,GARC1,RUS,PZA,pncA@V131G,R,{},"{""proportion"": 0.5, ""confidence"": [0.18240016325464498, 0.8175998367453551], ""p_value"": 0.05230000000000001, ""solo_contingency"": [[2, 2], [616, 22456]], ""contingency"": [[2, 2], [4985, 23785]]}",{}
NC00962.3,PZA-0.1-0.9,0.0,GARC1,RUS,PZA,pncA@I90T,R,{},"{""proportion"": 0.6666666666666666, ""confidence"": [0.25353386828122415, 0.9217342736662715], ""p_value"": 0.028000000000000008, ""solo_contingency"": [[2, 1], [616, 22456]], ""contingency"": [[3, 1], [4984, 23786]]}",{}
NC00962.3,PZA-0.1-0.9,0.0,GARC1,RUS,PZA,pncA@355_ins_t,R,{},"{""proportion"": 0.8947368421052632, ""confidence"": [0.7265355491661818, 0.9645321511990811], ""p_value"": 1.4023000000000013e-15, ""solo_contingency"": [[17, 2], [616, 22456]], ""contingency"": [[17, 2], [4970, 23785]]}",{}
NC00962.3,PZA-0.1-0.9,0.0,GARC1,RUS,PZA,pncA@304_del_gcgtacagcggcttcgaaggagtcgacgagaacggcacgccactgctgaattggctgcggcaacgcggcgtcgatgaggtcgatgtggtcggtattgccaccgatcattgtgtgcgccagacggccgaggacgcggtacgcaatggcttggccaccagggtgctggtggacctgacagcgggtgtgtcggccgataccaccgtcgccgcgctggaggagatgcgcaccgccagcgtcgagttggtttgcagctcctga,R,{},"{""proportion"": 1.0, ""confidence"": [0.4250306090063464, 1.0], ""p_value"": 0.010000000000000002, ""solo_contingency"": [[2, 0], [616, 22456]], ""contingency"": [[2, 0], [4985, 23787]]}",{}
NC00962.3,PZA-0.1-0.9,0.0,GARC1,RUS,PZA,pncA@a-11t,R,{},"{""proportion"": 0.8, ""confidence"": [0.4352925534215433, 0.9540375461193962], ""p_value"": 0.0004600000000000001, ""solo_contingency"": [[4, 1], [616, 22456]], ""contingency"": [[4, 1], [4983, 23786]]}",{}
NC00962.3,PZA-0.1-0.9,0.0,GARC1,RUS,PZA,pncA@185_del_c,R,{},"{""proportion"": 1.0, ""confidence"": [0.5258044258424873, 1.0], ""p_value"": 0.0010000000000000002, ""solo_contingency"": [[3, 0], [616, 22456]], ""contingency"": [[3, 0], [4984, 23787]]}",{}
NC00962.3,PZA-0.1-0.9,0.0,GARC1,RUS,PZA,pncA@R140P,R,{},"{""proportion"": 1.0, ""confidence"": [0.5965213747972954, 1.0], ""p_value"": 0.00010000000000000002, ""solo_contingency"": [[4, 0], [616, 22456]], ""contingency"": [[4, 0], [4983, 23787]]}",{}
NC00962.3,PZA-0.1-0.9,0.0,GARC1,RUS,PZA,pncA@A146P,R,{},"{""proportion"": 1.0, ""confidence"": [0.5965213747972954, 1.0], ""p_value"": 0.00010000000000000002, ""solo_contingency"": [[4, 0], [616, 22456]], ""contingency"": [[4, 0], [4983, 23787]]}",{}
NC00962.3,PZA-0.1-0.9,0.0,GARC1,RUS,PZA,pncA@341_del_c,R,{},"{""proportion"": 1.0, ""confidence"": [0.4250306090063464, 1.0], ""p_value"": 0.010000000000000002, ""solo_contingency"": [[2, 0], [616, 22456]], ""contingency"": [[2, 0], [4985, 23787]]}",{}
NC00962.3,PZA-0.1-0.9,0.0,GARC1,RUS,PZA,pncA@246_ins_tccat,R,{},"{""proportion"": 1.0, ""confidence"": [0.5258044258424873, 1.0], ""p_value"": 0.0010000000000000002, ""solo_contingency"": [[3, 0], [616, 22456]], ""contingency"": [[3, 0], [4984, 23787]]}",{}
NC00962.3,PZA-0.1-0.9,0.0,GARC1,RUS,PZA,pncA@T160R,R,{},"{""proportion"": 1.0, ""confidence"": [0.5258044258424873, 1.0], ""p_value"": 0.0010000000000000002, ""solo_contingency"": [[3, 0], [616, 22456]], ""contingency"": [[3, 0], [4984, 23787]]}",{}
NC00962.3,PZA-0.1-0.9,0.0,GARC1,RUS,PZA,pncA@64_del_a,R,{},"{""proportion"": 1.0, ""confidence"": [0.5258044258424873, 1.0], ""p_value"": 0.0010000000000000002, ""solo_contingency"": [[3, 0], [616, 22456]], ""contingency"": [[3, 0], [4984, 23787]]}",{}
NC00962.3,PZA-0.1-0.9,0.0,GARC1,RUS,PZA,pncA@389_del_t,R,{},"{""proportion"": 1.0, ""confidence"": [0.7688664806802434, 1.0], ""p_value"": 1.0000000000000005e-09, ""solo_contingency"": [[9, 0], [616, 22456]], ""contingency"": [[9, 0], [4978, 23787]]}",{}
NC00962.3,PZA-0.1-0.9,0.0,GARC1,RUS,PZA,pncA@378_del_tgaggtcgatgtggtcggtattgccaccgatcattgtgtgcgccagacggccgaggacgcggtacgcaatggcttggccaccagggtgctggtggacctgacagcgggtgtgtcggccgataccaccgtcgccgcgctggaggagatgcgcaccgccagcgtcgagttggtttgcagctcctga,R,{},"{""proportion"": 1.0, ""confidence"": [0.7472764025762368, 1.0], ""p_value"": 1.0000000000000005e-08, ""solo_contingency"": [[8, 0], [616, 22456]], ""contingency"": [[8, 0], [4979, 23787]]}",{}
NC00962.3,PZA-0.1-0.9,0.0,GARC1,RUS,PZA,pncA@H51D,R,{},"{""proportion"": 1.0, ""confidence"": [0.9432866023903739, 1.0000000000000002], ""p_value"": 1.0000000000000025e-45, ""solo_contingency"": [[45, 0], [616, 22456]], ""contingency"": [[45, 0], [4942, 23787]]}",{}
NC00962.3,PZA-0.1-0.9,0.0,GARC1,RUS,PZA,pncA@375_del_cgatgaggtcgatgt,R,{},"{""proportion"": 0.8235294117647058, ""confidence"": [0.6310330219309741, 0.9271855334529355], ""p_value"": 5.068900000000004e-12, ""solo_contingency"": [[14, 3], [616, 22456]], ""contingency"": [[15, 3], [4972, 23784]]}",{}
NC00962.3,PZA-0.1-0.9,0.0,GARC1,RUS,PZA,pncA@460_del_agggtgctggtggacctgacagcgggtgtgtcggccgataccaccgtcgccgcgctggaggagatgcgcaccgccagcgtcgagttggtttgcagctcctga,R,{},"{""proportion"": 1.0, ""confidence"": [0.4250306090063464, 1.0], ""p_value"": 0.010000000000000002, ""solo_contingency"": [[2, 0], [616, 22456]], ""contingency"": [[2, 0], [4985, 23787]]}",{}
NC00962.3,PZA-0.1-0.9,0.0,GARC1,RUS,PZA,pncA@218_ins_tctccggcacaccggactattcctcgtcgtggccaccgcattgcgt,R,{},"{""proportion"": 1.0, ""confidence"": [0.4250306090063464, 1.0], ""p_value"": 0.010000000000000002, ""solo_contingency"": [[2, 0], [616, 22456]], ""contingency"": [[2, 0], [4985, 23787]]}",{}
NC00962.3,PZA-0.1-0.9,0.0,GARC1,RUS,PZA,pncA@W119S,R,{},"{""proportion"": 1.0, ""confidence"": [0.4250306090063464, 1.0], ""p_value"": 0.010000000000000002, ""solo_contingency"": [[2, 0], [616, 22456]], ""contingency"": [[2, 0], [4985, 23787]]}",{}
NC00962.3,PZA-0.1-0.9,0.0,GARC1,RUS,PZA,pncA@66_ins_t,R,{},"{""proportion"": 1.0, ""confidence"": [0.4250306090063464, 1.0], ""p_value"": 0.010000000000000002, ""solo_contingency"": [[2, 0], [616, 22456]], ""contingency"": [[2, 0], [4985, 23787]]}",{}
NC00962.3,PZA-0.1-0.9,0.0,GARC1,RUS,PZA,pncA@H57L,R,{},"{""proportion"": 1.0, ""confidence"": [0.8025949526804821, 0.9999999999999998], ""p_value"": 1.0000000000000006e-11, ""solo_contingency"": [[11, 0], [616, 22456]], ""contingency"": [[11, 0], [4976, 23787]]}",{}
NC00962.3,PZA-0.1-0.9,0.0,GARC1,RUS,PZA,pncA@W119L,R,{},"{""proportion"": 0.6363636363636364, ""confidence"": [0.4615411118288446, 0.7813193624265957], ""p_value"": 1.4622013178290013e-09, ""solo_contingency"": [[14, 8], [616, 22456]], ""contingency"": [[15, 8], [4972, 23779]]}",{}
NC00962.3,PZA-0.1-0.9,0.0,GARC1,RUS,PZA,pncA@456_del_caccagggtgc,R,{},"{""proportion"": 0.6666666666666666, ""confidence"": [0.3982597286884095, 0.8580290982050048], ""p_value"": 6.423400000000001e-05, ""solo_contingency"": [[6, 3], [616, 22456]], ""contingency"": [[6, 3], [4981, 23784]]}",{}
NC00962.3,PZA-0.1-0.9,0.0,GARC1,RUS,PZA,pncA@37_ins_gact,R,{},"{""proportion"": 1.0, ""confidence"": [0.5965213747972954, 1.0], ""p_value"": 0.00010000000000000002, ""solo_contingency"": [[4, 0], [616, 22456]], ""contingency"": [[4, 0], [4983, 23787]]}",{}
NC00962.3,PZA-0.1-0.9,0.0,GARC1,RUS,PZA,pncA@293_ins_gc,R,{},"{""proportion"": 1.0, ""confidence"": [0.5965213747972954, 1.0], ""p_value"": 0.00010000000000000002, ""solo_contingency"": [[4, 0], [616, 22456]], ""contingency"": [[4, 0], [4983, 23787]]}",{}
NC00962.3,PZA-0.1-0.9,0.0,GARC1,RUS,PZA,pncA@359_del_tgcggcaacgcggcgtcgatgaggtcgatgtggtcggtattgccaccgatcattgtgtgcgccagacggccgaggacgcggt,R,{},"{""proportion"": 1.0, ""confidence"": [0.5258044258424873, 1.0], ""p_value"": 0.0010000000000000002, ""solo_contingency"": [[3, 0], [616, 22456]], ""contingency"": [[3, 0], [4984, 23787]]}",{}
NC00962.3,PZA-0.1-0.9,0.0,GARC1,RUS,PZA,pncA@459_del_cagggtgc,R,{},"{""proportion"": 1.0, ""confidence"": [0.6488834992348989, 1.0], ""p_value"": 1.0000000000000003e-05, ""solo_contingency"": [[5, 0], [616, 22456]], ""contingency"": [[5, 0], [4982, 23787]]}",{}
NC00962.3,PZA-0.1-0.9,0.0,GARC1,RUS,PZA,pncA@Y95!,R,{},"{""proportion"": 0.8333333333333334, ""confidence"": [0.49758291587540004, 0.9618944299206571], ""p_value"": 5.5000000000000016e-05, ""solo_contingency"": [[5, 1], [616, 22456]], ""contingency"": [[5, 1], [4982, 23786]]}",{}
NC00962.3,PZA-0.1-0.9,0.0,GARC1,RUS,PZA,pncA@226_del_actcccggcgcggacttccatcccagtctggacacgtcggcaatcgaggcggtgttctacaagggtgcctacaccggagcgtacagcggcttcgaaggagtcgacgagaacggcacgccactgctgaattggctgcggcaacgcggcgtcgatgaggtcgatgtggtcggtattgccaccgatcattgtgtgcgccagacggccgaggacgcggtacgcaatggcttggccaccagggtgctggtggacct,R,{},"{""proportion"": 1.0, ""confidence"": [0.4250306090063464, 1.0], ""p_value"": 0.010000000000000002, ""solo_contingency"": [[2, 0], [616, 22456]], ""contingency"": [[2, 0], [4985, 23787]]}",{}
NC00962.3,PZA-0.1-0.9,0.0,GARC1,RUS,PZA,pncA@G108!,R,{},"{""proportion"": 1.0, ""confidence"": [0.4250306090063464, 1.0], ""p_value"": 0.010000000000000002, ""solo_contingency"": [[2, 0], [616, 22456]], ""contingency"": [[2, 0], [4985, 23787]]}",{}
NC00962.3,PZA-0.1-0.9,0.0,GARC1,RUS,PZA,pncA@230_ins_a,R,{},"{""proportion"": 1.0, ""confidence"": [0.4250306090063464, 1.0], ""p_value"": 0.010000000000000002, ""solo_contingency"": [[2, 0], [616, 22456]], ""contingency"": [[2, 0], [4985, 23787]]}",{}
NC00962.3,PZA-0.1-0.9,0.0,GARC1,RUS,PZA,pncA@455_ins_atggcttggc,R,{},"{""proportion"": 1.0, ""confidence"": [0.5965213747972954, 1.0], ""p_value"": 0.00010000000000000002, ""solo_contingency"": [[4, 0], [616, 22456]], ""contingency"": [[4, 0], [4983, 23787]]}",{}
NC00962.3,PZA-0.1-0.9,0.0,GARC1,RUS,PZA,pncA@209_ins_acc,R,{},"{""proportion"": 1.0, ""confidence"": [0.4250306090063464, 1.0], ""p_value"": 0.010000000000000002, ""solo_contingency"": [[2, 0], [616, 22456]], ""contingency"": [[2, 0], [4985, 23787]]}",{}
NC00962.3,PZA-0.1-0.9,0.0,GARC1,RUS,PZA,pncA@V130M,R,{},"{""proportion"": 0.5, ""confidence"": [0.18240016325464498, 0.8175998367453551], ""p_value"": 0.05230000000000001, ""solo_contingency"": [[2, 2], [616, 22456]], ""contingency"": [[2, 3], [4985, 23784]]}",{}
NC00962.3,PZA-0.1-0.9,0.0,GARC1,RUS,PZA,pncA@I6M,R,{},"{""proportion"": 1.0, ""confidence"": [0.4250306090063464, 1.0], ""p_value"": 0.010000000000000002, ""solo_contingency"": [[2, 0], [616, 22456]], ""contingency"": [[2, 0], [4985, 23787]]}",{}
NC00962.3,PZA-0.1-0.9,0.0,GARC1,RUS,PZA,pncA@-40_del_gcaaactgcccgggcagtcgcccgaacgtatggtggacgtatgcgggcgttgatcatcgtcgacgtgcagaacgacttctgcgagggtggctcgctggcggtaaccggtggcgccgcgctggcccgcgccatcagcgactacctggccgaagcggcggactaccatcacgtcgtggcaaccaaggacttccacatcgacccgggtgaccacttctccggcacaccggactattcctcgtcgtggccaccgcattgcgtcagcggtactcccggcgcggacttccatcccagtctggacacgtcggcaatcgaggcggtgttctacaagggtgcctacaccggagcgtacagcggcttcgaaggagtcgacgagaacggcacgccactgctgaattggctgcggcaacgcggcgtcgatgaggtcgatgtggtcggtattgccaccgatcattgtgtgcgccagacggccgaggacgcggtacgcaatggcttggccaccagggtgctggtggacctgacagcgggtgtgtcggccgataccaccgtcgccgcgctggaggagatgcgcaccgccagcgtcgagttggtttgcag,R,{},"{""proportion"": 1.0, ""confidence"": [0.7472764025762368, 1.0], ""p_value"": 1.0000000000000005e-08, ""solo_contingency"": [[8, 0], [616, 22456]], ""contingency"": [[8, 0], [4979, 23787]]}",{}
NC00962.3,PZA-0.1-0.9,0.0,GARC1,RUS,PZA,pncA@180_del_c,R,{},"{""proportion"": 1.0, ""confidence"": [0.6488834992348989, 1.0], ""p_value"": 1.0000000000000003e-05, ""solo_contingency"": [[5, 0], [616, 22456]], ""contingency"": [[5, 0], [4982, 23787]]}",{}
NC00962.3,PZA-0.1-0.9,0.0,GARC1,RUS,PZA,pncA@371_del_gcgtcgatgaggtcgatgtggtcggtattgccaccgatcattgtgtgcgccagacggccgaggacgcggtacgcaatggcttggccaccagggtgctggtggacctgacagcgggtgtgtcggccgataccaccgtcgccgcgctggaggagatgcgcaccgccagcgtcgagttggtttgcagctcctga,R,{},"{""proportion"": 1.0, ""confidence"": [0.4250306090063464, 1.0], ""p_value"": 0.010000000000000002, ""solo_contingency"": [[2, 0], [616, 22456]], ""contingency"": [[2, 0], [4985, 23787]]}",{}
NC00962.3,PZA-0.1-0.9,0.0,GARC1,RUS,PZA,pncA@193_ins_t,R,{},"{""proportion"": 1.0, ""confidence"": [0.5258044258424873, 1.0], ""p_value"": 0.0010000000000000002, ""solo_contingency"": [[3, 0], [616, 22456]], ""contingency"": [[3, 0], [4984, 23787]]}",{}
NC00962.3,PZA-0.1-0.9,0.0,GARC1,RUS,PZA,pncA@345_del_a,R,{},"{""proportion"": 1.0, ""confidence"": [0.4250306090063464, 1.0], ""p_value"": 0.010000000000000002, ""solo_contingency"": [[2, 0], [616, 22456]], ""contingency"": [[2, 0], [4985, 23787]]}",{}
NC00962.3,PZA-0.1-0.9,0.0,GARC1,RUS,PZA,pncA@Q10K,R,{},"{""proportion"": 1.0, ""confidence"": [0.4250306090063464, 1.0], ""p_value"": 0.010000000000000002, ""solo_contingency"": [[2, 0], [616, 22456]], ""contingency"": [[2, 0], [4985, 23787]]}",{}
NC00962.3,PZA-0.1-0.9,0.0,GARC1,RUS,PZA,pncA@K96N,R,{},"{""proportion"": 1.0, ""confidence"": [0.5258044258424873, 1.0], ""p_value"": 0.0010000000000000002, ""solo_contingency"": [[3, 0], [616, 22456]], ""contingency"": [[3, 2], [4984, 23785]]}",{}
NC00962.3,PZA-0.1-0.9,0.0,GARC1,RUS,PZA,pncA@283_del_tacaagggtgcctacaccggagcgtacagcggcttcgaaggagtcgacgagaacggcacgccactgctgaattggctgcggcaacgcggcgtcgatgaggtcgatgtggtcggtattgccaccgatcattgtgtgcgccagacggccgaggacgcggtacgcaatggcttggccaccagggtgctggtggacctgacagcgggtgtgtcggccgataccaccgtcgccgcgctggaggagatgcgcaccgccagcgtcgagttggtttgcagctcctga,R,{},"{""proportion"": 1.0, ""confidence"": [0.4250306090063464, 1.0], ""p_value"": 0.010000000000000002, ""solo_contingency"": [[2, 0], [616, 22456]], ""contingency"": [[2, 0], [4985, 23787]]}",{}
NC00962.3,PZA-0.1-0.9,0.0,GARC1,RUS,PZA,pncA@V93G,R,{},"{""proportion"": 1.0, ""confidence"": [0.4250306090063464, 1.0], ""p_value"": 0.010000000000000002, ""solo_contingency"": [[2, 0], [616, 22456]], ""contingency"": [[2, 0], [4985, 23787]]}",{}
NC00962.3,PZA-0.1-0.9,0.0,GARC1,RUS,PZA,pncA@G17C,R,{},"{""proportion"": 1.0, ""confidence"": [0.4250306090063464, 1.0], ""p_value"": 0.010000000000000002, ""solo_contingency"": [[2, 0], [616, 22456]], ""contingency"": [[2, 0], [4985, 23787]]}",{}
NC00962.3,PZA-0.1-0.9,0.0,GARC1,RUS,PZA,pncA@258_ins_cgcggacttccatcccagtctggac,R,{},"{""proportion"": 1.0, ""confidence"": [0.5258044258424873, 1.0], ""p_value"": 0.0010000000000000002, ""solo_contingency"": [[3, 0], [616, 22456]], ""contingency"": [[3, 0], [4984, 23787]]}",{}
NC00962.3,PZA-0.1-0.9,0.0,GARC1,RUS,PZA,pncA@342_del_g,R,{},"{""proportion"": 1.0, ""confidence"": [0.4250306090063464, 1.0], ""p_value"": 0.010000000000000002, ""solo_contingency"": [[2, 0], [616, 22456]], ""contingency"": [[2, 0], [4985, 23787]]}",{}
NC00962.3,PZA-0.1-0.9,0.0,GARC1,RUS,PZA,pncA@-40_del_gcaaactgcccgggcagtcgcccgaacgtatggtggacgtatgcgggcgttgatcatcgtcgacgtgcagaacgacttctgcgagggtggctcgctggcggtaaccggtggcgccgcgctggcccgcgccatcagcgactacctggccgaagcggcggactaccatcacgtcgtggcaaccaaggacttccacatcgacccgggtgaccacttctccggcacaccggactattcct,R,{},"{""proportion"": 1.0, ""confidence"": [0.4250306090063464, 1.0], ""p_value"": 0.010000000000000002, ""solo_contingency"": [[2, 0], [616, 22456]], ""contingency"": [[2, 0], [4985, 23787]]}",{}
NC00962.3,PZA-0.1-0.9,0.0,GARC1,RUS,PZA,pncA@16_del_atcgtcgacgtgcagaacgacttctgcgagggtggctcgctggcggtaaccggtggcgccgcgctggcccgcgcca,R,{},"{""proportion"": 1.0, ""confidence"": [0.4250306090063464, 1.0], ""p_value"": 0.010000000000000002, ""solo_contingency"": [[2, 0], [616, 22456]], ""contingency"": [[2, 0], [4985, 23787]]}",{}
NC00962.3,PZA-0.1-0.9,0.0,GARC1,RUS,PZA,pncA@260_del_c,U,{},"{""proportion"": 1.0, ""confidence"": [0.26986594878405434, 1.0000000000000002], ""p_value"": 0.1, ""solo_contingency"": [[1, 0], [616, 22456]], ""contingency"": [[1, 0], [4986, 23787]]}",{}
NC00962.3,PZA-0.1-0.9,0.0,GARC1,RUS,PZA,pncA@I6V,U,{},"{""proportion"": 0.0, ""confidence"": [0.0, 0.5749693909936535], ""p_value"": 1.0, ""solo_contingency"": [[0, 2], [616, 22456]], ""contingency"": [[0, 2], [4987, 23785]]}",{}
NC00962.3,PZA-0.1-0.9,0.0,GARC1,RUS,PZA,pncA@85_del_c,U,{},"{""proportion"": 1.0, ""confidence"": [0.26986594878405434, 1.0000000000000002], ""p_value"": 0.1, ""solo_contingency"": [[1, 0], [616, 22456]], ""contingency"": [[1, 0], [4986, 23787]]}",{}
NC00962.3,PZA-0.1-0.9,0.0,GARC1,RUS,PZA,pncA@P115S,U,{},"{""proportion"": 0.0, ""confidence"": [0.0, 0.7301340512159458], ""p_value"": 1.0, ""solo_contingency"": [[0, 1], [616, 22456]], ""contingency"": [[0, 1], [4987, 23786]]}",{}
NC00962.3,PZA-0.1-0.9,0.0,GARC1,RUS,PZA,pncA@P115L,U,{},"{""proportion"": 0.0, ""confidence"": [0.0, 0.4741955741575127], ""p_value"": 1.0, ""solo_contingency"": [[0, 3], [616, 22456]], ""contingency"": [[0, 3], [4987, 23784]]}",{}
NC00962.3,PZA-0.1-0.9,0.0,GARC1,RUS,PZA,pncA@143_del_aggacttccacatcgacccgggtgaccacttctccggcacaccggactattcctcgtcgtggccaccgcattgcgtcagcggtactcccggcgcggacttccatcccagtctggacacgtcggcaatcgaggcggtgttctacaagggtgcctacaccggagcgtacagcggcttcgaaggagtcgacgagaacggcacgccactgctgaattggctgcggcaacgcggcgtcgatgaggtcgatgtggtcggtattgccaccgatcattgtgtgcgccagacggccgaggacgcggtacgcaatggcttggccaccaggg,U,{},"{""proportion"": 1.0, ""confidence"": [0.26986594878405434, 1.0000000000000002], ""p_value"": 0.1, ""solo_contingency"": [[1, 0], [616, 22456]], ""contingency"": [[1, 0], [4986, 23787]]}",{}
NC00962.3,PZA-0.1-0.9,0.0,GARC1,RUS,PZA,pncA@V109G,U,{},"{""proportion"": 0.0, ""confidence"": [0.0, 0.3511165007651012], ""p_value"": 1.0, ""solo_contingency"": [[0, 5], [616, 22456]], ""contingency"": [[0, 5], [4987, 23782]]}",{}
NC00962.3,PZA-0.1-0.9,0.0,GARC1,RUS,PZA,pncA@533_del_ccagcg,U,{},"{""proportion"": 1.0, ""confidence"": [0.26986594878405434, 1.0000000000000002], ""p_value"": 0.1, ""solo_contingency"": [[1, 0], [616, 22456]], ""contingency"": [[1, 0], [4986, 23787]]}",{}
NC00962.3,PZA-0.1-0.9,0.0,GARC1,RUS,PZA,pncA@V157L,U,{},"{""proportion"": 0.0, ""confidence"": [0.0, 0.4741955741575127], ""p_value"": 1.0, ""solo_contingency"": [[0, 3], [616, 22456]], ""contingency"": [[0, 3], [4987, 23784]]}",{}
NC00962.3,PZA-0.1-0.9,0.0,GARC1,RUS,PZA,pncA@L35R,U,{},"{""proportion"": 0.0392156862745098, ""confidence"": [0.013063241038906454, 0.11179432529085144], ""p_value"": 0.2368423577417442, ""solo_contingency"": [[2, 49], [616, 22456]], ""contingency"": [[2, 49], [4985, 23738]]}",{}
NC00962.3,PZA-0.1-0.9,0.0,GARC1,RUS,PZA,pncA@F58V,U,{},"{""proportion"": 0.0, ""confidence"": [0.0, 0.31078398130591417], ""p_value"": 1.0, ""solo_contingency"": [[0, 6], [616, 22456]], ""contingency"": [[0, 6], [4987, 23781]]}",{}
NC00962.3,PZA-0.1-0.9,0.0,GARC1,RUS,PZA,pncA@T87M,U,{},"{""proportion"": 0.0, ""confidence"": [-1.2064410726261401e-17, 0.13066758958023267], ""p_value"": 0.24829147672243645, ""solo_contingency"": [[0, 18], [616, 22456]], ""contingency"": [[0, 18], [4987, 23769]]}",{}
NC00962.3,PZA-0.1-0.9,0.0,GARC1,RUS,PZA,pncA@364_del_c,U,{},"{""proportion"": 1.0, ""confidence"": [0.26986594878405434, 1.0000000000000002], ""p_value"": 0.1, ""solo_contingency"": [[1, 0], [616, 22456]], ""contingency"": [[1, 0], [4986, 23787]]}",{}
NC00962.3,PZA-0.1-0.9,0.0,GARC1,RUS,PZA,pncA@482_del_cg,U,{},"{""proportion"": 1.0, ""confidence"": [0.26986594878405434, 1.0000000000000002], ""p_value"": 0.1, ""solo_contingency"": [[1, 0], [616, 22456]], ""contingency"": [[1, 0], [4986, 23787]]}",{}
NC00962.3,PZA-0.1-0.9,0.0,GARC1,RUS,PZA,pncA@463_ins_gg,U,{},"{""proportion"": 1.0, ""confidence"": [0.26986594878405434, 1.0000000000000002], ""p_value"": 0.1, ""solo_contingency"": [[1, 0], [616, 22456]], ""contingency"": [[1, 0], [4986, 23787]]}",{}
NC00962.3,PZA-0.1-0.9,0.0,GARC1,RUS,PZA,pncA@T135A,U,{},"{""proportion"": 0.0, ""confidence"": [0.0, 0.5749693909936535], ""p_value"": 1.0, ""solo_contingency"": [[0, 2], [616, 22456]], ""contingency"": [[0, 2], [4987, 23785]]}",{}
NC00962.3,PZA-0.1-0.9,0.0,GARC1,RUS,PZA,pncA@V21A,U,{},"{""proportion"": 0.0, ""confidence"": [0.0, 0.25272359742376316], ""p_value"": 1.0, ""solo_contingency"": [[0, 8], [616, 22456]], ""contingency"": [[1, 9], [4986, 23778]]}",{}
NC00962.3,PZA-0.1-0.9,0.0,GARC1,RUS,PZA,pncA@305_del_c,U,{},"{""proportion"": 1.0, ""confidence"": [0.26986594878405434, 1.0000000000000002], ""p_value"": 0.1, ""solo_contingency"": [[1, 0], [616, 22456]], ""contingency"": [[1, 0], [4986, 23787]]}",{}
NC00962.3,PZA-0.1-0.9,0.0,GARC1,RUS,PZA,pncA@A134G,U,{},"{""proportion"": 0.3333333333333333, ""confidence"": [0.1172760941022896, 0.6529852329996817], ""p_value"": 0.11426500000000002, ""solo_contingency"": [[2, 4], [616, 22456]], ""contingency"": [[2, 4], [4985, 23783]]}",{}
NC00962.3,PZA-0.1-0.9,0.0,GARC1,RUS,PZA,pncA@22_ins_g,U,{},"{""proportion"": 1.0, ""confidence"": [0.26986594878405434, 1.0000000000000002], ""p_value"": 0.1, ""solo_contingency"": [[1, 0], [616, 22456]], ""contingency"": [[1, 0], [4986, 23787]]}",{}
NC00962.3,PZA-0.1-0.9,0.0,GARC1,RUS,PZA,pncA@E181!,U,{},"{""proportion"": 1.0, ""confidence"": [0.26986594878405434, 1.0000000000000002], ""p_value"": 0.1, ""solo_contingency"": [[1, 0], [616, 22456]], ""contingency"": [[1, 0], [4986, 23787]]}",{}
NC00962.3,PZA-0.1-0.9,0.0,GARC1,RUS,PZA,pncA@456_del_caccagggtgctggtggacctgacagcgggtgtgtcggccgataccaccgtcgccgcgctggaggagatgcgcaccgccagcgtcgagttggtttgcagctcctga,U,{},"{""proportion"": 1.0, ""confidence"": [0.26986594878405434, 1.0000000000000002], ""p_value"": 0.1, ""solo_contingency"": [[1, 0], [616, 22456]], ""contingency"": [[1, 0], [4986, 23787]]}",{}
NC00962.3,PZA-0.1-0.9,0.0,GARC1,RUS,PZA,pncA@233_del_g,U,{},"{""proportion"": 1.0, ""confidence"": [0.26986594878405434, 1.0000000000000002], ""p_value"": 0.1, ""solo_contingency"": [[1, 0], [616, 22456]], ""contingency"": [[1, 0], [4986, 23787]]}",{}
NC00962.3,PZA-0.1-0.9,0.0,GARC1,RUS,PZA,pncA@17_ins_t,U,{},"{""proportion"": 1.0, ""confidence"": [0.26986594878405434, 1.0000000000000002], ""p_value"": 0.1, ""solo_contingency"": [[1, 0], [616, 22456]], ""contingency"": [[1, 0], [4986, 23787]]}",{}
NC00962.3,PZA-0.1-0.9,0.0,GARC1,RUS,PZA,pncA@162_del_ggg,U,{},"{""proportion"": 1.0, ""confidence"": [0.26986594878405434, 1.0000000000000002], ""p_value"": 0.1, ""solo_contingency"": [[1, 0], [616, 22456]], ""contingency"": [[1, 0], [4986, 23787]]}",{}
NC00962.3,PZA-0.1-0.9,0.0,GARC1,RUS,PZA,pncA@164_del_g,U,{},"{""proportion"": 1.0, ""confidence"": [0.26986594878405434, 1.0000000000000002], ""p_value"": 0.1, ""solo_contingency"": [[1, 0], [616, 22456]], ""contingency"": [[2, 0], [4985, 23787]]}",{}
NC00962.3,PZA-0.1-0.9,0.0,GARC1,RUS,PZA,pncA@166_del_gacc,U,{},"{""proportion"": 1.0, ""confidence"": [0.26986594878405434, 1.0000000000000002], ""p_value"": 0.1, ""solo_contingency"": [[1, 0], [616, 22456]], ""contingency"": [[1, 0], [4986, 23787]]}",{}
NC00962.3,PZA-0.1-0.9,0.0,GARC1,RUS,PZA,pncA@T135I,U,{},"{""proportion"": 0.0, ""confidence"": [0.0, 0.5749693909936535], ""p_value"": 1.0, ""solo_contingency"": [[0, 2], [616, 22456]], ""contingency"": [[0, 2], [4987, 23785]]}",{}
NC00962.3,PZA-0.1-0.9,0.0,GARC1,RUS,PZA,pncA@465_ins_gtg,U,{},"{""proportion"": 1.0, ""confidence"": [0.26986594878405434, 1.0000000000000002], ""p_value"": 0.1, ""solo_contingency"": [[1, 0], [616, 22456]], ""contingency"": [[1, 0], [4986, 23787]]}",{}
NC00962.3,PZA-0.1-0.9,0.0,GARC1,RUS,PZA,pncA@H57Q,U,{},"{""proportion"": 0.5, ""confidence"": [0.12086631942227369, 0.8791336805777263], ""p_value"": 0.19000000000000003, ""solo_contingency"": [[1, 1], [616, 22456]], ""contingency"": [[1, 1], [4986, 23786]]}",{}
NC00962.3,PZA-0.1-0.9,0.0,GARC1,RUS,PZA,pncA@V155L,U,{},"{""proportion"": 0.0, ""confidence"": [0.0, 0.7301340512159458], ""p_value"": 1.0, ""solo_contingency"": [[0, 1], [616, 22456]], ""contingency"": [[1, 1], [4986, 23786]]}",{}
NC00962.3,PZA-0.1-0.9,0.0,GARC1,RUS,PZA,pncA@75_ins_c,U,{},"{""proportion"": 1.0, ""confidence"": [0.26986594878405434, 1.0000000000000002], ""p_value"": 0.1, ""solo_contingency"": [[1, 0], [616, 22456]], ""contingency"": [[1, 0], [4986, 23787]]}",{}
NC00962.3,PZA-0.1-0.9,0.0,GARC1,RUS,PZA,pncA@91_del_at,U,{},"{""proportion"": 1.0, ""confidence"": [0.26986594878405434, 1.0000000000000002], ""p_value"": 0.1, ""solo_contingency"": [[1, 0], [616, 22456]], ""contingency"": [[1, 0], [4986, 23787]]}",{}
NC00962.3,PZA-0.1-0.9,0.0,GARC1,RUS,PZA,pncA@405_del_c,U,{},"{""proportion"": 1.0, ""confidence"": [0.26986594878405434, 1.0000000000000002], ""p_value"": 0.1, ""solo_contingency"": [[1, 0], [616, 22456]], ""contingency"": [[1, 0], [4986, 23787]]}",{}
NC00962.3,PZA-0.1-0.9,0.0,GARC1,RUS,PZA,pncA@250_del_ag,U,{},"{""proportion"": 1.0, ""confidence"": [0.26986594878405434, 1.0000000000000002], ""p_value"": 0.1, ""solo_contingency"": [[1, 0], [616, 22456]], ""contingency"": [[1, 0], [4986, 23787]]}",{}
NC00962.3,PZA-0.1-0.9,0.0,GARC1,RUS,PZA,pncA@486_ins_t,U,{},"{""proportion"": 1.0, ""confidence"": [0.26986594878405434, 1.0000000000000002], ""p_value"": 0.1, ""solo_contingency"": [[1, 0], [616, 22456]], ""contingency"": [[1, 0], [4986, 23787]]}",{}
NC00962.3,PZA-0.1-0.9,0.0,GARC1,RUS,PZA,pncA@4_del_cgggcgttgatcatcgtcgacgtgcagaacgacttctgcgagggtggctcgctggcggtaaccggtggcgccgcgctggcccgcgccatcagcgactacctggccgaagcggcggactaccatcacgtcgtggcaaccaaggacttccacatcgacccgggtgaccacttctccggcacaccggactattcctcgtcgtggccaccgcattgcgtcagcggtactcccggcgcggacttccatcccagtctggacacgtcggcaatcgaggcggtgttctacaagggtgcctacaccggagcgtacagcggcttcgaaggagtcgacgagaacggcacgccactgctgaattggctgcggcaacgcggcgtcgatgaggtcgatgtggtcggtattgccaccgatcattgtgtgcgccagacggccgaggacgcggtacgcaatggcttggccaccagggtgctggtggacctgacagcgggtgtgtcggccgataccaccgtcgccgcgctggaggagatgcgcaccgccagcgtcgagttggtttgcagctcctga,U,{},"{""proportion"": 1.0, ""confidence"": [0.26986594878405434, 1.0000000000000002], ""p_value"": 0.1, ""solo_contingency"": [[1, 0], [616, 22456]], ""contingency"": [[1, 0], [4986, 23787]]}",{}
NC00962.3,PZA-0.1-0.9,0.0,GARC1,RUS,PZA,pncA@T167I,U,{},"{""proportion"": 0.0, ""confidence"": [0.0, 0.4741955741575127], ""p_value"": 1.0, ""solo_contingency"": [[0, 3], [616, 22456]], ""contingency"": [[1, 3], [4986, 23784]]}",{}
NC00962.3,PZA-0.1-0.9,0.0,GARC1,RUS,PZA,pncA@134_del_t,U,{},"{""proportion"": 1.0, ""confidence"": [0.26986594878405434, 1.0000000000000002], ""p_value"": 0.1, ""solo_contingency"": [[1, 0], [616, 22456]], ""contingency"": [[1, 0], [4986, 23787]]}",{}
NC00962.3,PZA-0.1-0.9,0.0,GARC1,RUS,PZA,pncA@t-7g,U,{},"{""proportion"": 1.0, ""confidence"": [0.26986594878405434, 1.0000000000000002], ""p_value"": 0.1, ""solo_contingency"": [[1, 0], [616, 22456]], ""contingency"": [[1, 0], [4986, 23787]]}",{}
NC00962.3,PZA-0.1-0.9,0.0,GARC1,RUS,PZA,pncA@35_del_acttctgcga,U,{},"{""proportion"": 1.0, ""confidence"": [0.26986594878405434, 1.0000000000000002], ""p_value"": 0.1, ""solo_contingency"": [[1, 0], [616, 22456]], ""contingency"": [[1, 0], [4986, 23787]]}",{}
NC00962.3,PZA-0.1-0.9,0.0,GARC1,RUS,PZA,pncA@M175I,U,{},"{""proportion"": 0.2857142857142857, ""confidence"": [0.09956584356228707, 0.5913324544888023], ""p_value"": 0.14969440000000003, ""solo_contingency"": [[2, 5], [616, 22456]], ""contingency"": [[2, 5], [4985, 23782]]}",{}
NC00962.3,PZA-0.1-0.9,0.0,GARC1,RUS,PZA,pncA@42_ins_c,U,{},"{""proportion"": 1.0, ""confidence"": [0.26986594878405434, 1.0000000000000002], ""p_value"": 0.1, ""solo_contingency"": [[1, 0], [616, 22456]], ""contingency"": [[1, 0], [4986, 23787]]}",{}
NC00962.3,PZA-0.1-0.9,0.0,GARC1,RUS,PZA,pncA@P69S,U,{},"{""proportion"": 0.125, ""confidence"": [0.028399323737810202, 0.41114337433001213], ""p_value"": 0.56953279, ""solo_contingency"": [[1, 7], [616, 22456]], ""contingency"": [[1, 7], [4986, 23780]]}",{}
NC00962.3,PZA-0.1-0.9,0.0,GARC1,RUS,PZA,pncA@H82D,U,{},"{""proportion"": 0.08333333333333333, ""confidence"": [0.037962281965175315, 0.17316933648966526], ""p_value"": 1.0, ""solo_contingency"": [[4, 44], [616, 22456]], ""contingency"": [[5, 44], [4982, 23743]]}",{}
NC00962.3,PZA-0.1-0.9,0.0,GARC1,RUS,PZA,pncA@58_ins_g,U,{},"{""proportion"": 1.0, ""confidence"": [0.26986594878405434, 1.0000000000000002], ""p_value"": 0.1, ""solo_contingency"": [[1, 0], [616, 22456]], ""contingency"": [[1, 0], [4986, 23787]]}",{}
NC00962.3,PZA-0.1-0.9,0.0,GARC1,RUS,PZA,pncA@L151W,U,{},"{""proportion"": 0.0, ""confidence"": [0.0, 0.5749693909936535], ""p_value"": 1.0, ""solo_contingency"": [[0, 2], [616, 22456]], ""contingency"": [[0, 2], [4987, 23785]]}",{}
NC00962.3,PZA-0.1-0.9,0.0,GARC1,RUS,PZA,pncA@I6L,U,{},"{""proportion"": 0.06870229007633588, ""confidence"": [0.04040459474303836, 0.11445467974324473], ""p_value"": 0.3060101504524338, ""solo_contingency"": [[9, 122], [616, 22456]], ""contingency"": [[11, 122], [4976, 23665]]}",{}
NC00962.3,PZA-0.1-0.9,0.0,GARC1,RUS,PZA,pncA@F106I,U,{},"{""proportion"": 0.0, ""confidence"": [0.0, 0.5749693909936535], ""p_value"": 1.0, ""solo_contingency"": [[0, 2], [616, 22456]], ""contingency"": [[0, 2], [4987, 23785]]}",{}
NC00962.3,PZA-0.1-0.9,0.0,GARC1,RUS,PZA,pncA@V180L,U,{},"{""proportion"": 1.0, ""confidence"": [0.26986594878405434, 1.0000000000000002], ""p_value"": 0.1, ""solo_contingency"": [[1, 0], [616, 22456]], ""contingency"": [[1, 0], [4986, 23787]]}",{}
NC00962.3,PZA-0.1-0.9,0.0,GARC1,RUS,PZA,pncA@225_del_tactcccggcgcggacttccatcccagtctggacacgtcggcaatcgaggcggtgttctacaagggtgcctacaccggagcgtacagcggcttcgaaggagtcgacgagaacggcacgccactgctgaattggctgcggcaacgcggcgtcgatgaggtcgatgtggtcggtattgccaccgatcattgtgtgcgccagacggccgaggacgcggtacgcaatggcttggccaccagggtgctggtggacctgacagcgggtgtgtcggccgataccaccgtcgccgcgctggaggagatgcgcaccgccagcgtcgagttggtttgcagctcctga,U,{},"{""proportion"": 1.0, ""confidence"": [0.26986594878405434, 1.0000000000000002], ""p_value"": 0.1, ""solo_contingency"": [[1, 0], [616, 22456]], ""contingency"": [[1, 0], [4986, 23787]]}",{}
NC00962.3,PZA-0.1-0.9,0.0,GARC1,RUS,PZA,pncA@207_del_accgcattgcgtcagcggtactcccggcgcggacttccatcccagtctggacacgtcggcaatcgaggcggtgttctacaagggtgcctacaccggagcgtacagcggcttcgaaggagtcgacgagaacggcacgccactgctgaattggctgcggcaacgcggcgtcgatgaggtcgatgtggtcggtattgccaccgatcattgtgtgcgccagacggccgaggacgcggtacgcaatggcttggccaccagggtgctggtggacctgacagcgggtgtgtcggccgataccaccgtcgccgcgctggaggagatgcgcaccgccagcgtcgagttggtttgcagctcctga,U,{},"{""proportion"": 1.0, ""confidence"": [0.26986594878405434, 1.0000000000000002], ""p_value"": 0.1, ""solo_contingency"": [[1, 0], [616, 22456]], ""contingency"": [[1, 0], [4986, 23787]]}",{}
NC00962.3,PZA-0.1-0.9,0.0,GARC1,RUS,PZA,pncA@F58C,U,{},"{""proportion"": 1.0, ""confidence"": [0.26986594878405434, 1.0000000000000002], ""p_value"": 0.1, ""solo_contingency"": [[1, 0], [616, 22456]], ""contingency"": [[2, 0], [4985, 23787]]}",{}
NC00962.3,PZA-0.1-0.9,0.0,GARC1,RUS,PZA,pncA@170_del_acttctccggcacaccggactattcctcgtcgtggccaccgcattgcgtcagcggtactcccggcgcggacttccatcccagtctggacacgtcggcaatcgaggcggtgttctacaagggtgcctacaccggagcgtacagcggcttcgaaggagtcgacgagaacggcacgccactgctgaattggctgcggcaacgcggcgtcgatgaggtcgatgtggtcggtattgccaccgatcattgtgtgcgccagacggccgaggacgcggtacgcaatggcttggccaccagggtgctggtggacctgacagcgggtgtgtcggccgataccaccgtcgccgcgctggaggagatgcgcaccgccagcgtcgagttggtttgcagctcctga,U,{},"{""proportion"": 0.0, ""confidence"": [0.0, 0.7301340512159458], ""p_value"": 1.0, ""solo_contingency"": [[0, 1], [616, 22456]], ""contingency"": [[0, 1], [4987, 23786]]}",{}
NC00962.3,PZA-0.1-0.9,0.0,GARC1,RUS,PZA,pncA@D80V,U,{},"{""proportion"": 0.0, ""confidence"": [0.0, 0.7301340512159458], ""p_value"": 1.0, ""solo_contingency"": [[0, 1], [616, 22456]], ""contingency"": [[0, 1], [4987, 23786]]}",{}
NC00962.3,PZA-0.1-0.9,0.0,GARC1,RUS,PZA,pncA@L27Q,U,{},"{""proportion"": 0.0, ""confidence"": [0.0, 0.5749693909936535], ""p_value"": 1.0, ""solo_contingency"": [[0, 2], [616, 22456]], ""contingency"": [[0, 2], [4987, 23785]]}",{}
NC00962.3,PZA-0.1-0.9,0.0,GARC1,RUS,PZA,pncA@D110G,U,{},"{""proportion"": 0.0, ""confidence"": [0.0, 0.7301340512159458], ""p_value"": 1.0, ""solo_contingency"": [[0, 1], [616, 22456]], ""contingency"": [[0, 1], [4987, 23786]]}",{}
NC00962.3,PZA-0.1-0.9,0.0,GARC1,RUS,PZA,pncA@S67W,U,{},"{""proportion"": 0.3333333333333333, ""confidence"": [0.0782657263337284, 0.7464661317187757], ""p_value"": 0.271, ""solo_contingency"": [[1, 2], [616, 22456]], ""contingency"": [[1, 2], [4986, 23785]]}",{}
NC00962.3,PZA-0.1-0.9,0.0,GARC1,RUS,PZA,pncA@189_del_ctattcctcgtc,U,{},"{""proportion"": 0.0, ""confidence"": [0.0, 0.4741955741575127], ""p_value"": 1.0, ""solo_contingency"": [[0, 3], [616, 22456]], ""contingency"": [[0, 3], [4987, 23784]]}",{}
NC00962.3,PZA-0.1-0.9,0.0,GARC1,RUS,PZA,pncA@446_del_a,U,{},"{""proportion"": 0.5, ""confidence"": [0.12086631942227369, 0.8791336805777263], ""p_value"": 0.19000000000000003, ""solo_contingency"": [[1, 1], [616, 22456]], ""contingency"": [[1, 1], [4986, 23786]]}",{}
NC00962.3,PZA-0.1-0.9,0.0,GARC1,RUS,PZA,pncA@460_ins_a,U,{},"{""proportion"": 1.0, ""confidence"": [0.26986594878405434, 1.0000000000000002], ""p_value"": 0.1, ""solo_contingency"": [[1, 0], [616, 22456]], ""contingency"": [[1, 0], [4986, 23787]]}",{}
NC00962.3,PZA-0.1-0.9,0.0,GARC1,RUS,PZA,pncA@T76A,U,{},"{""proportion"": 0.0, ""confidence"": [0.0, 0.7301340512159458], ""p_value"": 1.0, ""solo_contingency"": [[0, 1], [616, 22456]], ""contingency"": [[0, 2], [4987, 23785]]}",{}
NC00962.3,PZA-0.1-0.9,0.0,GARC1,RUS,PZA,pncA@116_del_cggactaccatcacgtc,U,{},"{""proportion"": 1.0, ""confidence"": [0.26986594878405434, 1.0000000000000002], ""p_value"": 0.1, ""solo_contingency"": [[1, 0], [616, 22456]], ""contingency"": [[1, 0], [4986, 23787]]}",{}
NC00962.3,PZA-0.1-0.9,0.0,GARC1,RUS,PZA,pncA@V45M,U,{},"{""proportion"": 0.0, ""confidence"": [0.0, 0.3511165007651012], ""p_value"": 1.0, ""solo_contingency"": [[0, 5], [616, 22456]], ""contingency"": [[0, 5], [4987, 23782]]}",{}
NC00962.3,PZA-0.1-0.9,0.0,GARC1,RUS,PZA,pncA@P54A,U,{},"{""proportion"": 0.25, ""confidence"": [0.05790732119985871, 0.6438319914014936], ""p_value"": 0.34390000000000004, ""solo_contingency"": [[1, 3], [616, 22456]], ""contingency"": [[1, 3], [4986, 23784]]}",{}
NC00962.3,PZA-0.1-0.9,0.0,GARC1,RUS,PZA,pncA@50_ins_g,U,{},"{""proportion"": 0.0, ""confidence"": [0.0, 0.7301340512159458], ""p_value"": 1.0, ""solo_contingency"": [[0, 1], [616, 22456]], ""contingency"": [[1, 1], [4986, 23786]]}",{}
NC00962.3,PZA-0.1-0.9,0.0,GARC1,RUS,PZA,pncA@D12H,U,{},"{""proportion"": 1.0, ""confidence"": [0.26986594878405434, 1.0000000000000002], ""p_value"": 0.1, ""solo_contingency"": [[1, 0], [616, 22456]], ""contingency"": [[1, 0], [4986, 23787]]}",{}
NC00962.3,PZA-0.1-0.9,0.0,GARC1,RUS,PZA,pncA@S65P,U,{},"{""proportion"": 0.0, ""confidence"": [0.0, 0.278762695452542], ""p_value"": 1.0, ""solo_contingency"": [[0, 7], [616, 22456]], ""contingency"": [[0, 7], [4987, 23780]]}",{}
NC00962.3,PZA-0.1-0.9,0.0,GARC1,RUS,PZA,pncA@G17V,U,{},"{""proportion"": 0.5, ""confidence"": [0.12086631942227369, 0.8791336805777263], ""p_value"": 0.19000000000000003, ""solo_contingency"": [[1, 1], [616, 22456]], ""contingency"": [[1, 1], [4986, 23786]]}",{}
NC00962.3,PZA-0.1-0.9,0.0,GARC1,RUS,PZA,pncA@D110Y,U,{},"{""proportion"": 1.0, ""confidence"": [0.26986594878405434, 1.0000000000000002], ""p_value"": 0.1, ""solo_contingency"": [[1, 0], [616, 22456]], ""contingency"": [[1, 0], [4986, 23787]]}",{}
NC00962.3,PZA-0.1-0.9,0.0,GARC1,RUS,PZA,pncA@g-6c,U,{},"{""proportion"": 0.0, ""confidence"": [0.0, 0.7301340512159458], ""p_value"": 1.0, ""solo_contingency"": [[0, 1], [616, 22456]], ""contingency"": [[0, 1], [4987, 23786]]}",{}
NC00962.3,PZA-0.1-0.9,0.0,GARC1,RUS,PZA,pncA@A143V,U,{},"{""proportion"": 0.0, ""confidence"": [0.0, 0.31078398130591417], ""p_value"": 1.0, ""solo_contingency"": [[0, 6], [616, 22456]], ""contingency"": [[0, 6], [4987, 23781]]}",{}
NC00962.3,PZA-0.1-0.9,0.0,GARC1,RUS,PZA,pncA@C72W,U,{},"{""proportion"": 1.0, ""confidence"": [0.26986594878405434, 1.0000000000000002], ""p_value"": 0.1, ""solo_contingency"": [[1, 0], [616, 22456]], ""contingency"": [[2, 0], [4985, 23787]]}",{}
NC00962.3,PZA-0.1-0.9,0.0,GARC1,RUS,PZA,pncA@R140S,U,{},"{""proportion"": 0.0, ""confidence"": [0.0, 0.5749693909936535], ""p_value"": 1.0, ""solo_contingency"": [[0, 2], [616, 22456]], ""contingency"": [[1, 2], [4986, 23785]]}",{}
NC00962.3,PZA-0.1-0.9,0.0,GARC1,RUS,PZA,pncA@169_del_c,U,{},"{""proportion"": 1.0, ""confidence"": [0.26986594878405434, 1.0000000000000002], ""p_value"": 0.1, ""solo_contingency"": [[1, 0], [616, 22456]], ""contingency"": [[1, 0], [4986, 23787]]}",{}
NC00962.3,PZA-0.1-0.9,0.0,GARC1,RUS,PZA,pncA@66_ins_c,U,{},"{""proportion"": 0.0, ""confidence"": [0.0, 0.7301340512159458], ""p_value"": 1.0, ""solo_contingency"": [[0, 1], [616, 22456]], ""contingency"": [[0, 1], [4987, 23786]]}",{}
NC00962.3,PZA-0.1-0.9,0.0,GARC1,RUS,PZA,pncA@-40_del_gcaaactgcccgggcagtcgcccgaacgtatggtggacgtatgcgggcgttgatcatcgtcgacgtgcagaacgacttctgcgagggtggctcgctggcggtaaccggtggcgccgcgctggcccgcgccatcagcgactacctggccgaagcggcggactaccatcacgtcgtggcaaccaaggacttccacatcgacccgggtgaccacttctccggcacaccggactattcctcgtcgtggccaccgcattgcgtcagcggtactcccggcgcggacttccatcccagtctggacacgtcggcaatcgaggcggtgttctacaagggtgcctacaccggagcgtacagcggcttcgaaggagtcgacgagaacggcacgccactgctgaattggctgcggcaacgcggcgtcgatgaggtcgatgtggtcggtattgccaccgatcattgtgtgcgccagacggccgaggacgcggtacgcaatggcttggccaccagggtgctggtggacctgacagcgggtgtgtcggccgataccaccgtcgccgcgctggaggagatgcgcac,U,{},"{""proportion"": 0.0, ""confidence"": [0.0, 0.7301340512159458], ""p_value"": 1.0, ""solo_contingency"": [[0, 1], [616, 22456]], ""contingency"": [[0, 1], [4987, 23786]]}",{}
NC00962.3,PZA-0.1-0.9,0.0,GARC1,RUS,PZA,pncA@383_del_tcgatgt,U,{},"{""proportion"": 1.0, ""confidence"": [0.26986594878405434, 1.0000000000000002], ""p_value"": 0.1, ""solo_contingency"": [[1, 0], [616, 22456]], ""contingency"": [[1, 0], [4986, 23787]]}",{}
NC00962.3,PZA-0.1-0.9,0.0,GARC1,RUS,PZA,pncA@493_ins_g,U,{},"{""proportion"": 1.0, ""confidence"": [0.26986594878405434, 1.0000000000000002], ""p_value"": 0.1, ""solo_contingency"": [[1, 0], [616, 22456]], ""contingency"": [[1, 0], [4986, 23787]]}",{}
NC00962.3,PZA-0.1-0.9,0.0,GARC1,RUS,PZA,pncA@381_ins_ag,U,{},"{""proportion"": 1.0, ""confidence"": [0.26986594878405434, 1.0000000000000002], ""p_value"": 0.1, ""solo_contingency"": [[1, 0], [616, 22456]], ""contingency"": [[1, 0], [4986, 23787]]}",{}
NC00962.3,PZA-0.1-0.9,0.0,GARC1,RUS,PZA,pncA@490_del_t,U,{},"{""proportion"": 1.0, ""confidence"": [0.26986594878405434, 1.0000000000000002], ""p_value"": 0.1, ""solo_contingency"": [[1, 0], [616, 22456]], ""contingency"": [[1, 0], [4986, 23787]]}",{}
NC00962.3,PZA-0.1-0.9,0.0,GARC1,RUS,PZA,pncA@343_del_ccactgctga,U,{},"{""proportion"": 1.0, ""confidence"": [0.26986594878405434, 1.0000000000000002], ""p_value"": 0.1, ""solo_contingency"": [[1, 0], [616, 22456]], ""contingency"": [[1, 0], [4986, 23787]]}",{}
NC00962.3,PZA-0.1-0.9,0.0,GARC1,RUS,PZA,pncA@7_del_gcgttgatc,U,{},"{""proportion"": 1.0, ""confidence"": [0.26986594878405434, 1.0000000000000002], ""p_value"": 0.1, ""solo_contingency"": [[1, 0], [616, 22456]], ""contingency"": [[1, 0], [4986, 23787]]}",{}
NC00962.3,PZA-0.1-0.9,0.0,GARC1,RUS,PZA,pncA@512_del_c,U,{},"{""proportion"": 0.0, ""confidence"": [0.0, 0.7301340512159458], ""p_value"": 1.0, ""solo_contingency"": [[0, 1], [616, 22456]], ""contingency"": [[0, 1], [4987, 23786]]}",{}
NC00962.3,PZA-0.1-0.9,0.0,GARC1,RUS,PZA,pncA@495_ins_aa,U,{},"{""proportion"": 1.0, ""confidence"": [0.26986594878405434, 1.0000000000000002], ""p_value"": 0.1, ""solo_contingency"": [[1, 0], [616, 22456]], ""contingency"": [[1, 0], [4986, 23787]]}",{}
NC00962.3,PZA-0.1-0.9,0.0,GARC1,RUS,PZA,pncA@421_ins_t,U,{},"{""proportion"": 1.0, ""confidence"": [0.26986594878405434, 1.0000000000000002], ""p_value"": 0.1, ""solo_contingency"": [[1, 0], [616, 22456]], ""contingency"": [[1, 0], [4986, 23787]]}",{}
NC00962.3,PZA-0.1-0.9,0.0,GARC1,RUS,PZA,pncA@F13V,U,{},"{""proportion"": 0.0, ""confidence"": [0.0, 0.4741955741575127], ""p_value"": 1.0, ""solo_contingency"": [[0, 3], [616, 22456]], ""contingency"": [[0, 3], [4987, 23784]]}",{}
NC00962.3,PZA-0.1-0.9,0.0,GARC1,RUS,PZA,pncA@S66A,U,{},"{""proportion"": 0.0, ""confidence"": [0.0, 0.7301340512159458], ""p_value"": 1.0, ""solo_contingency"": [[0, 1], [616, 22456]], ""contingency"": [[0, 1], [4987, 23786]]}",{}
NC00962.3,PZA-0.1-0.9,0.0,GARC1,RUS,PZA,pncA@-5_del_gacgtatg,U,{},"{""proportion"": 1.0, ""confidence"": [0.26986594878405434, 1.0000000000000002], ""p_value"": 0.1, ""solo_contingency"": [[1, 0], [616, 22456]], ""contingency"": [[1, 0], [4986, 23787]]}",{}
NC00962.3,PZA-0.1-0.9,0.0,GARC1,RUS,PZA,pncA@167_del_a,U,{},"{""proportion"": 1.0, ""confidence"": [0.26986594878405434, 1.0000000000000002], ""p_value"": 0.1, ""solo_contingency"": [[1, 0], [616, 22456]], ""contingency"": [[1, 0], [4986, 23787]]}",{}
NC00962.3,PZA-0.1-0.9,0.0,GARC1,RUS,PZA,pncA@P62Q,U,{},"{""proportion"": 1.0, ""confidence"": [0.26986594878405434, 1.0000000000000002], ""p_value"": 0.1, ""solo_contingency"": [[1, 0], [616, 22456]], ""contingency"": [[1, 0], [4986, 23787]]}",{}
NC00962.3,PZA-0.1-0.9,0.0,GARC1,RUS,PZA,pncA@C14!,U,{},"{""proportion"": 1.0, ""confidence"": [0.26986594878405434, 1.0000000000000002], ""p_value"": 0.1, ""solo_contingency"": [[1, 0], [616, 22456]], ""contingency"": [[1, 0], [4986, 23787]]}",{}
NC00962.3,PZA-0.1-0.9,0.0,GARC1,RUS,PZA,pncA@V128I,U,{},"{""proportion"": 0.0, ""confidence"": [0.0, 0.7301340512159458], ""p_value"": 1.0, ""solo_contingency"": [[0, 1], [616, 22456]], ""contingency"": [[0, 1], [4987, 23786]]}",{}
NC00962.3,PZA-0.1-0.9,0.0,GARC1,RUS,PZA,pncA@H43Y,U,{},"{""proportion"": 0.0, ""confidence"": [0.0, 0.5749693909936535], ""p_value"": 1.0, ""solo_contingency"": [[0, 2], [616, 22456]], ""contingency"": [[0, 2], [4987, 23785]]}",{}
NC00962.3,PZA-0.1-0.9,0.0,GARC1,RUS,PZA,pncA@V125I,U,{},"{""proportion"": 0.0, ""confidence"": [0.0, 0.5749693909936535], ""p_value"": 1.0, ""solo_contingency"": [[0, 2], [616, 22456]], ""contingency"": [[0, 2], [4987, 23785]]}",{}
NC00962.3,PZA-0.1-0.9,0.0,GARC1,RUS,PZA,pncA@D158N,U,{},"{""proportion"": 0.0, ""confidence"": [0.0, 0.7301340512159458], ""p_value"": 1.0, ""solo_contingency"": [[0, 1], [616, 22456]], ""contingency"": [[0, 1], [4987, 23786]]}",{}
NC00962.3,PZA-0.1-0.9,0.0,GARC1,RUS,PZA,pncA@335_del_a,U,{},"{""proportion"": 1.0, ""confidence"": [0.26986594878405434, 1.0000000000000002], ""p_value"": 0.1, ""solo_contingency"": [[1, 0], [616, 22456]], ""contingency"": [[1, 0], [4986, 23787]]}",{}
NC00962.3,PZA-0.1-0.9,0.0,GARC1,RUS,PZA,pncA@g-33a,U,{},"{""proportion"": 0.0, ""confidence"": [0.0, 0.278762695452542], ""p_value"": 1.0, ""solo_contingency"": [[0, 7], [616, 22456]], ""contingency"": [[0, 7], [4987, 23780]]}",{}
NC00962.3,PZA-0.1-0.9,0.0,GARC1,RUS,PZA,pncA@524_del_tgcgcaccgccagcgtcgagttggtttgcagctcctga,U,{},"{""proportion"": 1.0, ""confidence"": [0.26986594878405434, 1.0000000000000002], ""p_value"": 0.1, ""solo_contingency"": [[1, 0], [616, 22456]], ""contingency"": [[1, 0], [4986, 23787]]}",{}
NC00962.3,PZA-0.1-0.9,0.0,GARC1,RUS,PZA,pncA@H137Q,U,{},"{""proportion"": 0.0, ""confidence"": [0.0, 0.5749693909936535], ""p_value"": 1.0, ""solo_contingency"": [[0, 2], [616, 22456]], ""contingency"": [[0, 2], [4987, 23785]]}",{}
NC00962.3,PZA-0.1-0.9,0.0,GARC1,RUS,PZA,pncA@A79T,U,{},"{""proportion"": 0.0, ""confidence"": [0.0, 0.40347862520270455], ""p_value"": 1.0, ""solo_contingency"": [[0, 4], [616, 22456]], ""contingency"": [[0, 4], [4987, 23783]]}",{}
NC00962.3,PZA-0.1-0.9,0.0,GARC1,RUS,PZA,pncA@R2Q,U,{},"{""proportion"": 0.0, ""confidence"": [0.0, 0.5749693909936535], ""p_value"": 1.0, ""solo_contingency"": [[0, 2], [616, 22456]], ""contingency"": [[0, 2], [4987, 23785]]}",{}
NC00962.3,PZA-0.1-0.9,0.0,GARC1,RUS,PZA,pncA@S59C,U,{},"{""proportion"": 1.0, ""confidence"": [0.26986594878405434, 1.0000000000000002], ""p_value"": 0.1, ""solo_contingency"": [[1, 0], [616, 22456]], ""contingency"": [[1, 0], [4986, 23787]]}",{}
NC00962.3,PZA-0.1-0.9,0.0,GARC1,RUS,PZA,pncA@D136E,U,{},"{""proportion"": 0.0, ""confidence"": [0.0, 0.7301340512159458], ""p_value"": 1.0, ""solo_contingency"": [[0, 1], [616, 22456]], ""contingency"": [[0, 1], [4987, 23786]]}",{}
NC00962.3,PZA-0.1-0.9,0.0,GARC1,RUS,PZA,pncA@a-15c,U,{},"{""proportion"": 0.0, ""confidence"": [0.0, 0.13729859622486673], ""p_value"": 0.40497462824646446, ""solo_contingency"": [[0, 17], [616, 22456]], ""contingency"": [[14, 18], [4973, 23769]]}",{}
NC00962.3,PZA-0.1-0.9,0.0,GARC1,RUS,PZA,pncA@A30V,U,{},"{""proportion"": 0.0, ""confidence"": [0.0, 0.5749693909936535], ""p_value"": 1.0, ""solo_contingency"": [[0, 2], [616, 22456]], ""contingency"": [[1, 2], [4986, 23785]]}",{}
NC00962.3,PZA-0.1-0.9,0.0,GARC1,RUS,PZA,pncA@161_del_cgggtgacc,U,{},"{""proportion"": 1.0, ""confidence"": [0.26986594878405434, 1.0000000000000002], ""p_value"": 0.1, ""solo_contingency"": [[1, 0], [616, 22456]], ""contingency"": [[1, 0], [4986, 23787]]}",{}
NC00962.3,PZA-0.1-0.9,0.0,GARC1,RUS,PZA,pncA@T168I,U,{},"{""proportion"": 0.0, ""confidence"": [0.0, 0.3511165007651012], ""p_value"": 1.0, ""solo_contingency"": [[0, 5], [616, 22456]], ""contingency"": [[0, 5], [4987, 23782]]}",{}
NC00962.3,PZA-0.1-0.9,0.0,GARC1,RUS,PZA,pncA@389_ins_a,U,{},"{""proportion"": 1.0, ""confidence"": [0.26986594878405434, 1.0000000000000002], ""p_value"": 0.1, ""solo_contingency"": [[1, 0], [616, 22456]], ""contingency"": [[1, 0], [4986, 23787]]}",{}
NC00962.3,PZA-0.1-0.9,0.0,GARC1,RUS,PZA,pncA@475_ins_c,U,{},"{""proportion"": 1.0, ""confidence"": [0.26986594878405434, 1.0000000000000002], ""p_value"": 0.1, ""solo_contingency"": [[1, 0], [616, 22456]], ""contingency"": [[1, 0], [4986, 23787]]}",{}
NC00962.3,PZA-0.1-0.9,0.0,GARC1,RUS,PZA,pncA@D129N,U,{},"{""proportion"": 0.5, ""confidence"": [0.12086631942227369, 0.8791336805777263], ""p_value"": 0.19000000000000003, ""solo_contingency"": [[1, 1], [616, 22456]], ""contingency"": [[1, 1], [4986, 23786]]}",{}
NC00962.3,PZA-0.1-0.9,0.0,GARC1,RUS,PZA,pncA@194_ins_ggactattc,U,{},"{""proportion"": 1.0, ""confidence"": [0.26986594878405434, 1.0000000000000002], ""p_value"": 0.1, ""solo_contingency"": [[1, 0], [616, 22456]], ""contingency"": [[1, 0], [4986, 23787]]}",{}
NC00962.3,PZA-0.1-0.9,0.0,GARC1,RUS,PZA,pncA@R148S,U,{},"{""proportion"": 0.0, ""confidence"": [0.0, 0.7301340512159458], ""p_value"": 1.0, ""solo_contingency"": [[0, 1], [616, 22456]], ""contingency"": [[0, 1], [4987, 23786]]}",{}
NC00962.3,PZA-0.1-0.9,0.0,GARC1,RUS,PZA,pncA@A79E,U,{},"{""proportion"": 1.0, ""confidence"": [0.26986594878405434, 1.0000000000000002], ""p_value"": 0.1, ""solo_contingency"": [[1, 0], [616, 22456]], ""contingency"": [[1, 0], [4986, 23787]]}",{}
NC00962.3,PZA-0.1-0.9,0.0,GARC1,RUS,PZA,pncA@219_ins_c,U,{},"{""proportion"": 1.0, ""confidence"": [0.26986594878405434, 1.0000000000000002], ""p_value"": 0.1, ""solo_contingency"": [[1, 0], [616, 22456]], ""contingency"": [[1, 0], [4986, 23787]]}",{}
NC00962.3,PZA-0.1-0.9,0.0,GARC1,RUS,PZA,pncA@448_ins_tg,U,{},"{""proportion"": 0.0, ""confidence"": [0.0, 0.7301340512159458], ""p_value"": 1.0, ""solo_contingency"": [[0, 1], [616, 22456]], ""contingency"": [[0, 1], [4987, 23786]]}",{}
NC00962.3,PZA-0.1-0.9,0.0,GARC1,RUS,PZA,pncA@470_ins_t,U,{},"{""proportion"": 1.0, ""confidence"": [0.26986594878405434, 1.0000000000000002], ""p_value"": 0.1, ""solo_contingency"": [[1, 0], [616, 22456]], ""contingency"": [[1, 0], [4986, 23787]]}",{}
NC00962.3,PZA-0.1-0.9,0.0,GARC1,RUS,PZA,pncA@T153P,U,{},"{""proportion"": 0.0, ""confidence"": [0.0, 0.7301340512159458], ""p_value"": 1.0, ""solo_contingency"": [[0, 1], [616, 22456]], ""contingency"": [[1, 1], [4986, 23786]]}",{}
NC00962.3,PZA-0.1-0.9,0.0,GARC1,RUS,PZA,pncA@20_del_t,U,{},"{""proportion"": 1.0, ""confidence"": [0.26986594878405434, 1.0000000000000002], ""p_value"": 0.1, ""solo_contingency"": [[1, 0], [616, 22456]], ""contingency"": [[1, 0], [4986, 23787]]}",{}
NC00962.3,PZA-0.1-0.9,0.0,GARC1,RUS,PZA,pncA@277_ins_caatcgaggcgg,U,{},"{""proportion"": 1.0, ""confidence"": [0.26986594878405434, 1.0000000000000002], ""p_value"": 0.1, ""solo_contingency"": [[1, 0], [616, 22456]], ""contingency"": [[1, 0], [4986, 23787]]}",{}
NC00962.3,PZA-0.1-0.9,0.0,GARC1,RUS,PZA,pncA@187_ins_gg,U,{},"{""proportion"": 0.5, ""confidence"": [0.12086631942227369, 0.8791336805777263], ""p_value"": 0.19000000000000003, ""solo_contingency"": [[1, 1], [616, 22456]], ""contingency"": [[1, 1], [4986, 23786]]}",{}
NC00962.3,PZA-0.1-0.9,0.0,GARC1,RUS,PZA,pncA@115_ins_g,U,{},"{""proportion"": 1.0, ""confidence"": [0.26986594878405434, 1.0000000000000002], ""p_value"": 0.1, ""solo_contingency"": [[1, 0], [616, 22456]], ""contingency"": [[1, 0], [4986, 23787]]}",{}
NC00962.3,PZA-0.1-0.9,0.0,GARC1,RUS,PZA,pncA@48_del_tggctcgctgg,U,{},"{""proportion"": 1.0, ""confidence"": [0.26986594878405434, 1.0000000000000002], ""p_value"": 0.1, ""solo_contingency"": [[1, 0], [616, 22456]], ""contingency"": [[1, 0], [4986, 23787]]}",{}
NC00962.3,PZA-0.1-0.9,0.0,GARC1,RUS,PZA,pncA@H137N,U,{},"{""proportion"": 0.5, ""confidence"": [0.12086631942227369, 0.8791336805777263], ""p_value"": 0.19000000000000003, ""solo_contingency"": [[1, 1], [616, 22456]], ""contingency"": [[1, 1], [4986, 23786]]}",{}
NC00962.3,PZA-0.1-0.9,0.0,GARC1,RUS,PZA,pncA@T114P,U,{},"{""proportion"": 1.0, ""confidence"": [0.26986594878405434, 1.0000000000000002], ""p_value"": 0.1, ""solo_contingency"": [[1, 0], [616, 22456]], ""contingency"": [[1, 0], [4986, 23787]]}",{}
NC00962.3,PZA-0.1-0.9,0.0,GARC1,RUS,PZA,pncA@M1I,U,{},"{""proportion"": 0.3333333333333333, ""confidence"": [0.0782657263337284, 0.7464661317187757], ""p_value"": 0.271, ""solo_contingency"": [[1, 2], [616, 22456]], ""contingency"": [[1, 2], [4986, 23785]]}",{}
NC00962.3,PZA-0.1-0.9,0.0,GARC1,RUS,PZA,pncA@F106V,U,{},"{""proportion"": 0.0, ""confidence"": [0.0, 0.7301340512159458], ""p_value"": 1.0, ""solo_contingency"": [[0, 1], [616, 22456]], ""contingency"": [[1, 1], [4986, 23786]]}",{}
NC00962.3,PZA-0.1-0.9,0.0,GARC1,RUS,PZA,pncA@S104G,U,{},"{""proportion"": 0.5, ""confidence"": [0.12086631942227369, 0.8791336805777263], ""p_value"": 0.19000000000000003, ""solo_contingency"": [[1, 1], [616, 22456]], ""contingency"": [[2, 1], [4985, 23786]]}",{}
NC00962.3,PZA-0.1-0.9,0.0,GARC1,RUS,PZA,pncA@553_del_agctcctga,U,{},"{""proportion"": 1.0, ""confidence"": [0.26986594878405434, 1.0000000000000002], ""p_value"": 0.1, ""solo_contingency"": [[1, 0], [616, 22456]], ""contingency"": [[1, 0], [4986, 23787]]}",{}
NC00962.3,PZA-0.1-0.9,0.0,GARC1,RUS,PZA,pncA@H137R,U,{},"{""proportion"": 0.3333333333333333, ""confidence"": [0.1172760941022896, 0.6529852329996817], ""p_value"": 0.11426500000000002, ""solo_contingency"": [[2, 4], [616, 22456]], ""contingency"": [[5, 4], [4982, 23783]]}",{}
NC00962.3,PZA-0.1-0.9,0.0,GARC1,RUS,PZA,pncA@428_ins_gccagacggc,U,{},"{""proportion"": 1.0, ""confidence"": [0.26986594878405434, 1.0000000000000002], ""p_value"": 0.1, ""solo_contingency"": [[1, 0], [616, 22456]], ""contingency"": [[1, 0], [4986, 23787]]}",{}
NC00962.3,PZA-0.1-0.9,0.0,GARC1,RUS,PZA,pncA@V45A,U,{},"{""proportion"": 0.0, ""confidence"": [0.0, 0.5749693909936535], ""p_value"": 1.0, ""solo_contingency"": [[0, 2], [616, 22456]], ""contingency"": [[0, 2], [4987, 23785]]}",{}
NC00962.3,PZA-0.1-0.9,0.0,GARC1,RUS,PZA,pncA@145_del_gacttccacat,U,{},"{""proportion"": 0.0, ""confidence"": [0.0, 0.7301340512159458], ""p_value"": 1.0, ""solo_contingency"": [[0, 1], [616, 22456]], ""contingency"": [[0, 1], [4987, 23786]]}",{}
NC00962.3,PZA-0.1-0.9,0.0,GARC1,RUS,PZA,pncA@-40_del_gcaaactgcccgggcagtcgcccgaacgtatggtggacgtatgcgggcgttgatcatcgtcgacgtgcagaacgacttctgcgagggtggctcgctggcggtaaccggtggcgccgcgctggcccgcgccatcagcgactacctggccgaagcggcggactaccatcacgtcgtggcaaccaaggacttccacatcgacccgggtgaccacttctccggcacaccggactattcctcgtcgtggccaccgcattgcgtcagcggtactcccggcgcggacttccatcccagtctggacacgtcggcaatcgaggcggtgttctacaagggtgcctacaccggagcgtacagcggcttcgaaggagtcgacgagaacggcacgccactgctgaattggctgcggcaacgcggcgtcgatgaggtcgatgtggtcggtattgccaccgatcattgtgtgcgccagacggccgaggacgcggtacgcaatggcttggccaccagggtgctggtggacctgacagcgggtgtgtc,U,{},"{""proportion"": 1.0, ""confidence"": [0.26986594878405434, 1.0000000000000002], ""p_value"": 0.1, ""solo_contingency"": [[1, 0], [616, 22456]], ""contingency"": [[1, 0], [4986, 23787]]}",{}
NC00962.3,PZA-0.1-0.9,0.0,GARC1,RUS,PZA,pncA@V163A,U,{},"{""proportion"": 0.0, ""confidence"": [0.0, 0.40347862520270455], ""p_value"": 1.0, ""solo_contingency"": [[0, 4], [616, 22456]], ""contingency"": [[1, 5], [4986, 23782]]}",{}
NC00962.3,PZA-0.1-0.9,0.0,GARC1,RUS,PZA,pncA@48_del_tggctcgctggcggtaaccggtggcgc,U,{},"{""proportion"": 1.0, ""confidence"": [0.26986594878405434, 1.0000000000000002], ""p_value"": 0.1, ""solo_contingency"": [[1, 0], [616, 22456]], ""contingency"": [[1, 0], [4986, 23787]]}",{}
NC00962.3,PZA-0.1-0.9,0.0,GARC1,RUS,PZA,pncA@463_ins_g,U,{},"{""proportion"": 1.0, ""confidence"": [0.26986594878405434, 1.0000000000000002], ""p_value"": 0.1, ""solo_contingency"": [[1, 0], [616, 22456]], ""contingency"": [[1, 0], [4986, 23787]]}",{}
NC00962.3,PZA-0.1-0.9,0.0,GARC1,RUS,PZA,pncA@c-19t,U,{},"{""proportion"": 0.0, ""confidence"": [0.0, 0.7301340512159458], ""p_value"": 1.0, ""solo_contingency"": [[0, 1], [616, 22456]], ""contingency"": [[0, 1], [4987, 23786]]}",{}
NC00962.3,PZA-0.1-0.9,0.0,GARC1,RUS,PZA,pncA@S32I,U,{},"{""proportion"": 1.0, ""confidence"": [0.26986594878405434, 1.0000000000000002], ""p_value"": 0.1, ""solo_contingency"": [[1, 0], [616, 22456]], ""contingency"": [[1, 0], [4986, 23787]]}",{}
NC00962.3,PZA-0.1-0.9,0.0,GARC1,RUS,PZA,pncA@G24R,U,{},"{""proportion"": 1.0, ""confidence"": [0.26986594878405434, 1.0000000000000002], ""p_value"": 0.1, ""solo_contingency"": [[1, 0], [616, 22456]], ""contingency"": [[1, 0], [4986, 23787]]}",{}
NC00962.3,PZA-0.1-0.9,0.0,GARC1,RUS,PZA,pncA@V128F,U,{},"{""proportion"": 1.0, ""confidence"": [0.26986594878405434, 1.0000000000000002], ""p_value"": 0.1, ""solo_contingency"": [[1, 0], [616, 22456]], ""contingency"": [[1, 0], [4986, 23787]]}",{}
NC00962.3,PZA-0.1-0.9,0.0,GARC1,RUS,PZA,pncA@G17S,U,{},"{""proportion"": 0.3333333333333333, ""confidence"": [0.0782657263337284, 0.7464661317187757], ""p_value"": 0.271, ""solo_contingency"": [[1, 2], [616, 22456]], ""contingency"": [[1, 2], [4986, 23785]]}",{}
NC00962.3,PZA-0.1-0.9,0.0,GARC1,RUS,PZA,pncA@77_del_c,U,{},"{""proportion"": 1.0, ""confidence"": [0.26986594878405434, 1.0000000000000002], ""p_value"": 0.1, ""solo_contingency"": [[1, 0], [616, 22456]], ""contingency"": [[2, 0], [4985, 23787]]}",{}
NC00962.3,PZA-0.1-0.9,0.0,GARC1,RUS,PZA,pncA@416_del_t,U,{},"{""proportion"": 0.0, ""confidence"": [0.0, 0.7301340512159458], ""p_value"": 1.0, ""solo_contingency"": [[0, 1], [616, 22456]], ""contingency"": [[0, 1], [4987, 23786]]}",{}
NC00962.3,PZA-0.1-0.9,0.0,GARC1,RUS,PZA,pncA@V183L,U,{},"{""proportion"": 0.0, ""confidence"": [0.0, 0.7301340512159458], ""p_value"": 1.0, ""solo_contingency"": [[0, 1], [616, 22456]], ""contingency"": [[0, 1], [4987, 23786]]}",{}
NC00962.3,PZA-0.1-0.9,0.0,GARC1,RUS,PZA,pncA@T47I,U,{},"{""proportion"": 0.0, ""confidence"": [0.0, 0.3511165007651012], ""p_value"": 1.0, ""solo_contingency"": [[0, 5], [616, 22456]], ""contingency"": [[1, 5], [4986, 23782]]}",{}
NC00962.3,PZA-0.1-0.9,0.0,GARC1,RUS,PZA,pncA@E37V,U,{},"{""proportion"": 0.0, ""confidence"": [0.0, 0.5749693909936535], ""p_value"": 1.0, ""solo_contingency"": [[0, 2], [616, 22456]], ""contingency"": [[0, 2], [4987, 23785]]}",{}
NC00962.3,PZA-0.1-0.9,0.0,GARC1,RUS,PZA,pncA@A134D,U,{},"{""proportion"": 0.0, ""confidence"": [0.0, 0.7301340512159458], ""p_value"": 1.0, ""solo_contingency"": [[0, 1], [616, 22456]], ""contingency"": [[0, 1], [4987, 23786]]}",{}
NC00962.3,PZA-0.1-0.9,0.0,GARC1,RUS,PZA,pncA@S66L,U,{},"{""proportion"": 0.0, ""confidence"": [0.0, 0.25272359742376316], ""p_value"": 1.0, ""solo_contingency"": [[0, 8], [616, 22456]], ""contingency"": [[0, 8], [4987, 23779]]}",{}
NC00962.3,PZA-0.1-0.9,0.0,GARC1,RUS,PZA,pncA@P77L,U,{},"{""proportion"": 0.0, ""confidence"": [0.0, 0.7301340512159458], ""p_value"": 1.0, ""solo_contingency"": [[0, 1], [616, 22456]], ""contingency"": [[0, 1], [4987, 23786]]}",{}
NC00962.3,PZA-0.1-0.9,0.0,GARC1,RUS,PZA,pncA@T168S,U,{},"{""proportion"": 0.0, ""confidence"": [0.0, 0.5749693909936535], ""p_value"": 1.0, ""solo_contingency"": [[0, 2], [616, 22456]], ""contingency"": [[2, 3], [4985, 23784]]}",{}
NC00962.3,PZA-0.1-0.9,0.0,GARC1,RUS,PZA,pncA@S18P,U,{},"{""proportion"": 0.0, ""confidence"": [0.0, 0.7301340512159458], ""p_value"": 1.0, ""solo_contingency"": [[0, 1], [616, 22456]], ""contingency"": [[0, 1], [4987, 23786]]}",{}
NC00962.3,PZA-0.1-0.9,0.0,GARC1,RUS,PZA,pncA@D53E,U,{},"{""proportion"": 0.0, ""confidence"": [0.0, 0.5749693909936535], ""p_value"": 1.0, ""solo_contingency"": [[0, 2], [616, 22456]], ""contingency"": [[0, 2], [4987, 23785]]}",{}
NC00962.3,PZA-0.1-0.9,0.0,GARC1,RUS,PZA,pncA@T114M,U,{},"{""proportion"": 0.0, ""confidence"": [0.0, 0.31078398130591417], ""p_value"": 1.0, ""solo_contingency"": [[0, 6], [616, 22456]], ""contingency"": [[0, 6], [4987, 23781]]}",{}
NC00962.3,PZA-0.1-0.9,0.0,GARC1,RUS,PZA,pncA@231_del_c,U,{},"{""proportion"": 0.0, ""confidence"": [0.0, 0.5749693909936535], ""p_value"": 1.0, ""solo_contingency"": [[0, 2], [616, 22456]], ""contingency"": [[0, 2], [4987, 23785]]}",{}
NC00962.3,PZA-0.1-0.9,0.0,GARC1,RUS,PZA,pncA@456_ins_cc,U,{},"{""proportion"": 1.0, ""confidence"": [0.26986594878405434, 1.0000000000000002], ""p_value"": 0.1, ""solo_contingency"": [[1, 0], [616, 22456]], ""contingency"": [[1, 0], [4986, 23787]]}",{}
NC00962.3,PZA-0.1-0.9,0.0,GARC1,RUS,PZA,pncA@456_del_c,U,{},"{""proportion"": 1.0, ""confidence"": [0.26986594878405434, 1.0000000000000002], ""p_value"": 0.1, ""solo_contingency"": [[1, 0], [616, 22456]], ""contingency"": [[1, 0], [4986, 23787]]}",{}
NC00962.3,PZA-0.1-0.9,0.0,GARC1,RUS,PZA,pncA@476_del_t,U,{},"{""proportion"": 0.0, ""confidence"": [0.0, 0.7301340512159458], ""p_value"": 1.0, ""solo_contingency"": [[0, 1], [616, 22456]], ""contingency"": [[0, 1], [4987, 23786]]}",{}
NC00962.3,PZA-0.1-0.9,0.0,GARC1,RUS,PZA,pncA@422_del_a,U,{},"{""proportion"": 0.0, ""confidence"": [0.0, 0.7301340512159458], ""p_value"": 1.0, ""solo_contingency"": [[0, 1], [616, 22456]], ""contingency"": [[0, 1], [4987, 23786]]}",{}
NC00962.3,PZA-0.1-0.9,0.0,GARC1,RUS,PZA,pncA@532_del_g,U,{},"{""proportion"": 1.0, ""confidence"": [0.26986594878405434, 1.0000000000000002], ""p_value"": 0.1, ""solo_contingency"": [[1, 0], [616, 22456]], ""contingency"": [[1, 0], [4986, 23787]]}",{}
NC00962.3,PZA-0.1-0.9,0.0,GARC1,RUS,PZA,pncA@107_ins_tacctggc,U,{},"{""proportion"": 1.0, ""confidence"": [0.26986594878405434, 1.0000000000000002], ""p_value"": 0.1, ""solo_contingency"": [[1, 0], [616, 22456]], ""contingency"": [[1, 0], [4986, 23787]]}",{}
NC00962.3,PZA-0.1-0.9,0.0,GARC1,RUS,PZA,pncA@E91!,U,{},"{""proportion"": 1.0, ""confidence"": [0.26986594878405434, 1.0000000000000002], ""p_value"": 0.1, ""solo_contingency"": [[1, 0], [616, 22456]], ""contingency"": [[1, 0], [4986, 23787]]}",{}
NC00962.3,PZA-0.1-0.9,0.0,GARC1,RUS,PZA,pncA@472_ins_g,U,{},"{""proportion"": 1.0, ""confidence"": [0.26986594878405434, 1.0000000000000002], ""p_value"": 0.1, ""solo_contingency"": [[1, 0], [616, 22456]], ""contingency"": [[1, 0], [4986, 23787]]}",{}
NC00962.3,PZA-0.1-0.9,0.0,GARC1,RUS,PZA,pncA@-40_del_gcaaactgcccgggcagtcgcccgaacgtatggtggacgtatgcgggcgttgatcatcgtcgacgtgcagaacgacttctgcgagggtggctcgctggcggtaaccggtggcgccgcgctggcccgcgccatcagcgactacctggccgaagcggcggactaccatcacgtcgtggcaaccaaggacttccacatcgacccgggtgaccacttctccggcacaccggactattcctcgtcgtggccaccgcattgcgtcagcggtactcccggcgcggacttccatcccagtctggacacgtcggcaatcgaggcggtgttctacaagggtgcctacaccggagcgtacagcggcttcgaaggagtcgacgagaacggcacgccactg,U,{},"{""proportion"": 1.0, ""confidence"": [0.26986594878405434, 1.0000000000000002], ""p_value"": 0.1, ""solo_contingency"": [[1, 0], [616, 22456]], ""contingency"": [[1, 0], [4986, 23787]]}",{}
NC00962.3,PZA-0.1-0.9,0.0,GARC1,RUS,PZA,pncA@G105R,U,{},"{""proportion"": 1.0, ""confidence"": [0.26986594878405434, 1.0000000000000002], ""p_value"": 0.1, ""solo_contingency"": [[1, 0], [616, 22456]], ""contingency"": [[1, 0], [4986, 23787]]}",{}
NC00962.3,PZA-0.1-0.9,0.0,GARC1,RUS,PZA,pncA@259_ins_tcccagtctggaca,U,{},"{""proportion"": 1.0, ""confidence"": [0.26986594878405434, 1.0000000000000002], ""p_value"": 0.1, ""solo_contingency"": [[1, 0], [616, 22456]], ""contingency"": [[1, 0], [4986, 23787]]}",{}
NC00962.3,PZA-0.1-0.9,0.0,GARC1,RUS,PZA,pncA@A79V,U,{},"{""proportion"": 0.0, ""confidence"": [0.0, 0.31078398130591417], ""p_value"": 1.0, ""solo_contingency"": [[0, 6], [616, 22456]], ""contingency"": [[0, 7], [4987, 23780]]}",{}
NC00962.3,PZA-0.1-0.9,0.0,GARC1,RUS,PZA,pncA@c-30a,U,{},"{""proportion"": 0.0, ""confidence"": [0.0, 0.4741955741575127], ""p_value"": 1.0, ""solo_contingency"": [[0, 3], [616, 22456]], ""contingency"": [[0, 3], [4987, 23784]]}",{}
NC00962.3,PZA-0.1-0.9,0.0,GARC1,RUS,PZA,pncA@523_ins_a,U,{},"{""proportion"": 1.0, ""confidence"": [0.26986594878405434, 1.0000000000000002], ""p_value"": 0.1, ""solo_contingency"": [[1, 0], [616, 22456]], ""contingency"": [[1, 0], [4986, 23787]]}",{}
NC00962.3,PZA-0.1-0.9,0.0,GARC1,RUS,PZA,pncA@427_del_gccgaggacgcggtacgcaatggcttggccaccagggtgctggtggacctgacagcgggtgtgtcggccgataccaccgtcgccgcgctggaggagatgcgcaccgccagcgtcgagttggtttgcagctcctga,U,{},"{""proportion"": 1.0, ""confidence"": [0.26986594878405434, 1.0000000000000002], ""p_value"": 0.1, ""solo_contingency"": [[1, 0], [616, 22456]], ""contingency"": [[1, 0], [4986, 23787]]}",{}
NC00962.3,PZA-0.1-0.9,0.0,GARC1,RUS,PZA,pncA@H137Y,U,{},"{""proportion"": 0.0, ""confidence"": [0.0, 0.7301340512159458], ""p_value"": 1.0, ""solo_contingency"": [[0, 1], [616, 22456]], ""contingency"": [[0, 1], [4987, 23786]]}",{}
NC00962.3,PZA-0.1-0.9,0.0,GARC1,RUS,PZA,pncA@177_del_cggcac,U,{},"{""proportion"": 1.0, ""confidence"": [0.26986594878405434, 1.0000000000000002], ""p_value"": 0.1, ""solo_contingency"": [[1, 0], [616, 22456]], ""contingency"": [[1, 0], [4986, 23787]]}",{}
NC00962.3,PZA-0.1-0.9,0.0,GARC1,RUS,PZA,pncA@G17R,U,{},"{""proportion"": 1.0, ""confidence"": [0.26986594878405434, 1.0000000000000002], ""p_value"": 0.1, ""solo_contingency"": [[1, 0], [616, 22456]], ""contingency"": [[1, 0], [4986, 23787]]}",{}
NC00962.3,PZA-0.1-0.9,0.0,GARC1,RUS,PZA,pncA@E15G,U,{},"{""proportion"": 0.14285714285714285, ""confidence"": [0.03254380205478664, 0.45228669469702903], ""p_value"": 0.5217031000000001, ""solo_contingency"": [[1, 6], [616, 22456]], ""contingency"": [[1, 6], [4986, 23781]]}",{}
NC00962.3,PZA-0.1-0.9,0.0,GARC1,RUS,PZA,pncA@Y41C,U,{},"{""proportion"": 0.0, ""confidence"": [0.0, 0.5749693909936535], ""p_value"": 1.0, ""solo_contingency"": [[0, 2], [616, 22456]], ""contingency"": [[0, 2], [4987, 23785]]}",{}
NC00962.3,PZA-0.1-0.9,0.0,GARC1,RUS,PZA,pncA@152_ins_a,U,{},"{""proportion"": 1.0, ""confidence"": [0.26986594878405434, 1.0000000000000002], ""p_value"": 0.1, ""solo_contingency"": [[1, 0], [616, 22456]], ""contingency"": [[1, 0], [4986, 23787]]}",{}
NC00962.3,PZA-0.1-0.9,0.0,GARC1,RUS,PZA,pncA@D49Y,U,{},"{""proportion"": 1.0, ""confidence"": [0.26986594878405434, 1.0000000000000002], ""p_value"": 0.1, ""solo_contingency"": [[1, 0], [616, 22456]], ""contingency"": [[1, 0], [4986, 23787]]}",{}
NC00962.3,PZA-0.1-0.9,0.0,GARC1,RUS,PZA,pncA@g-9a,U,{},"{""proportion"": 0.0, ""confidence"": [0.0, 0.7301340512159458], ""p_value"": 1.0, ""solo_contingency"": [[0, 1], [616, 22456]], ""contingency"": [[0, 1], [4987, 23786]]}",{}
NC00962.3,PZA-0.1-0.9,0.0,GARC1,RUS,PZA,pncA@377_del_atgaggtcgatgtg,U,{},"{""proportion"": 1.0, ""confidence"": [0.26986594878405434, 1.0000000000000002], ""p_value"": 0.1, ""solo_contingency"": [[1, 0], [616, 22456]], ""contingency"": [[1, 0], [4986, 23787]]}",{}
NC00962.3,PZA-0.1-0.9,0.0,GARC1,RUS,PZA,pncA@g-21a,U,{},"{""proportion"": 0.0, ""confidence"": [0.0, 0.5749693909936535], ""p_value"": 1.0, ""solo_contingency"": [[0, 2], [616, 22456]], ""contingency"": [[0, 2], [4987, 23785]]}",{}
NC00962.3,PZA-0.1-0.9,0.0,GARC1,RUS,PZA,pncA@F94V,U,{},"{""proportion"": 0.0, ""confidence"": [0.0, 0.7301340512159458], ""p_value"": 1.0, ""solo_contingency"": [[0, 1], [616, 22456]], ""contingency"": [[0, 1], [4987, 23786]]}",{}
NC00962.3,PZA-0.1-0.9,0.0,GARC1,RUS,PZA,pncA@F81S,U,{},"{""proportion"": 0.0, ""confidence"": [0.0, 0.40347862520270455], ""p_value"": 1.0, ""solo_contingency"": [[0, 4], [616, 22456]], ""contingency"": [[0, 4], [4987, 23783]]}",{}
NC00962.3,PZA-0.1-0.9,0.0,GARC1,RUS,PZA,pncA@480_del_a,U,{},"{""proportion"": 1.0, ""confidence"": [0.26986594878405434, 1.0000000000000002], ""p_value"": 0.1, ""solo_contingency"": [[1, 0], [616, 22456]], ""contingency"": [[1, 0], [4986, 23787]]}",{}
NC00962.3,PZA-0.1-0.9,0.0,GARC1,RUS,PZA,pncA@303_del_agcgtacagcgg,U,{},"{""proportion"": 0.0, ""confidence"": [0.0, 0.7301340512159458], ""p_value"": 1.0, ""solo_contingency"": [[0, 1], [616, 22456]], ""contingency"": [[0, 1], [4987, 23786]]}",{}
NC00962.3,PZA-0.1-0.9,0.0,GARC1,RUS,PZA,pncA@80_ins_t,U,{},"{""proportion"": 0.0, ""confidence"": [0.0, 0.7301340512159458], ""p_value"": 1.0, ""solo_contingency"": [[0, 1], [616, 22456]], ""contingency"": [[0, 1], [4987, 23786]]}",{}
NC00962.3,PZA-0.1-0.9,0.0,GARC1,RUS,PZA,pncA@478_del_acagcgggtgtgtcggccgataccaccgtcgccgcg,U,{},"{""proportion"": 0.0, ""confidence"": [0.0, 0.7301340512159458], ""p_value"": 1.0, ""solo_contingency"": [[0, 1], [616, 22456]], ""contingency"": [[0, 1], [4987, 23786]]}",{}
NC00962.3,PZA-0.1-0.9,0.0,GARC1,RUS,PZA,pncA@G113D,U,{},"{""proportion"": 1.0, ""confidence"": [0.26986594878405434, 1.0000000000000002], ""p_value"": 0.1, ""solo_contingency"": [[1, 0], [616, 22456]], ""contingency"": [[1, 0], [4986, 23787]]}",{}
NC00962.3,PZA-0.1-0.9,0.0,GARC1,RUS,PZA,pncA@393_ins_t,U,{},"{""proportion"": 1.0, ""confidence"": [0.26986594878405434, 1.0000000000000002], ""p_value"": 0.1, ""solo_contingency"": [[1, 0], [616, 22456]], ""contingency"": [[2, 0], [4985, 23787]]}",{}
NC00962.3,PZA-0.1-0.9,0.0,GARC1,RUS,PZA,pncA@108_del_c,U,{},"{""proportion"": 1.0, ""confidence"": [0.26986594878405434, 1.0000000000000002], ""p_value"": 0.1, ""solo_contingency"": [[1, 0], [616, 22456]], ""contingency"": [[1, 0], [4986, 23787]]}",{}
NC00962.3,PZA-0.1-0.9,0.0,GARC1,RUS,PZA,pncA@407_del_atcattgtgtgcgccagacggccgaggacgcggtacgcaatggcttggccaccagggtg,U,{},"{""proportion"": 1.0, ""confidence"": [0.26986594878405434, 1.0000000000000002], ""p_value"": 0.1, ""solo_contingency"": [[1, 0], [616, 22456]], ""contingency"": [[1, 0], [4986, 23787]]}",{}
NC00962.3,PZA-0.1-0.9,0.0,GARC1,RUS,PZA,pncA@H43D,U,{},"{""proportion"": 0.0, ""confidence"": [0.0, 0.7301340512159458], ""p_value"": 1.0, ""solo_contingency"": [[0, 1], [616, 22456]], ""contingency"": [[0, 2], [4987, 23785]]}",{}
NC00962.3,PZA-0.1-0.9,0.0,GARC1,RUS,PZA,pncA@T100A,U,{},"{""proportion"": 0.3333333333333333, ""confidence"": [0.0782657263337284, 0.7464661317187757], ""p_value"": 0.271, ""solo_contingency"": [[1, 2], [616, 22456]], ""contingency"": [[2, 2], [4985, 23785]]}",{}
NC00962.3,PZA-0.1-0.9,0.0,GARC1,RUS,PZA,pncA@K48N,U,{},"{""proportion"": 0.0, ""confidence"": [0.0, 0.4741955741575127], ""p_value"": 1.0, ""solo_contingency"": [[0, 3], [616, 22456]], ""contingency"": [[0, 3], [4987, 23784]]}",{}
NC00962.3,PZA-0.1-0.9,0.0,GARC1,RUS,PZA,pncA@281_del_tctacaagggtgcctacaccggagcgtacagcggcttcgaaggagtcgacgagaacggcacgccactgctgaattggctgcggcaacgcggcgtcgatgaggtcgatgtggtcggtatt,U,{},"{""proportion"": 1.0, ""confidence"": [0.26986594878405434, 1.0000000000000002], ""p_value"": 0.1, ""solo_contingency"": [[1, 0], [616, 22456]], ""contingency"": [[1, 0], [4986, 23787]]}",{}
NC00962.3,PZA-0.1-0.9,0.0,GARC1,RUS,PZA,pncA@424_ins_ga,U,{},"{""proportion"": 1.0, ""confidence"": [0.26986594878405434, 1.0000000000000002], ""p_value"": 0.1, ""solo_contingency"": [[1, 0], [616, 22456]], ""contingency"": [[1, 0], [4986, 23787]]}",{}
NC00962.3,PZA-0.1-0.9,0.0,GARC1,RUS,PZA,pncA@1_del_atgcgggcgttgatcatcgtcgacgtgcagaacgacttctgcgagggtggctcgctggcggtaaccggtggcgccgcgctggcccgcgccatcagcgactacctggccgaagcggcggactaccatcacgtcgtggcaaccaaggacttccacatcgacccgggtgaccacttctccggcacaccggactattcctcgtcgtggccaccgcattgcgtcagcggtactcccggcgcggacttccatcccagtctggacacgtcggcaatcgaggcggtgttctacaagggtgcctacaccggagcgtacagcggcttcgaaggagtcgacgagaacggcacgccactgctgaattggctgcggcaacgcggcgtcgatgaggtcgatgtggtcggtattgccaccgatcattgtgt,U,{},"{""proportion"": 1.0, ""confidence"": [0.26986594878405434, 1.0000000000000002], ""p_value"": 0.1, ""solo_contingency"": [[1, 0], [616, 22456]], ""contingency"": [[1, 0], [4986, 23787]]}",{}
NC00962.3,PZA-0.1-0.9,0.0,GARC1,RUS,PZA,pncA@430_ins_g,U,{},"{""proportion"": 1.0, ""confidence"": [0.26986594878405434, 1.0000000000000002], ""p_value"": 0.1, ""solo_contingency"": [[1, 0], [616, 22456]], ""contingency"": [[1, 0], [4986, 23787]]}",{}
NC00962.3,PZA-0.1-0.9,0.0,GARC1,RUS,PZA,pncA@412_ins_catt,U,{},"{""proportion"": 1.0, ""confidence"": [0.26986594878405434, 1.0000000000000002], ""p_value"": 0.1, ""solo_contingency"": [[1, 0], [616, 22456]], ""contingency"": [[1, 0], [4986, 23787]]}",{}
NC00962.3,PZA-0.1-0.9,0.0,GARC1,RUS,PZA,pncA@75_del_c,U,{},"{""proportion"": 1.0, ""confidence"": [0.26986594878405434, 1.0000000000000002], ""p_value"": 0.1, ""solo_contingency"": [[1, 0], [616, 22456]], ""contingency"": [[2, 0], [4985, 23787]]}",{}
NC00962.3,PZA-0.1-0.9,0.0,GARC1,RUS,PZA,pncA@392_ins_ggt,U,{},"{""proportion"": 1.0, ""confidence"": [0.26986594878405434, 1.0000000000000002], ""p_value"": 0.1, ""solo_contingency"": [[1, 0], [616, 22456]], ""contingency"": [[1, 0], [4986, 23787]]}",{}
NC00962.3,PZA-0.1-0.9,0.0,GARC1,RUS,PZA,pncA@F13C,U,{},"{""proportion"": 0.0, ""confidence"": [0.0, 0.5749693909936535], ""p_value"": 1.0, ""solo_contingency"": [[0, 2], [616, 22456]], ""contingency"": [[0, 2], [4987, 23785]]}",{}
NC00962.3,PZA-0.1-0.9,0.0,GARC1,RUS,PZA,pncA@I31T,U,{},"{""proportion"": 0.0, ""confidence"": [0.0, 0.5749693909936535], ""p_value"": 1.0, ""solo_contingency"": [[0, 2], [616, 22456]], ""contingency"": [[1, 2], [4986, 23785]]}",{}
NC00962.3,PZA-0.1-0.9,0.0,GARC1,RUS,PZA,pncA@V45G,U,{},"{""proportion"": 0.0, ""confidence"": [0.0, 0.7301340512159458], ""p_value"": 1.0, ""solo_contingency"": [[0, 1], [616, 22456]], ""contingency"": [[0, 1], [4987, 23786]]}",{}
NC00962.3,PZA-0.1-0.9,0.0,GARC1,RUS,PZA,pncA@366_ins_a,U,{},"{""proportion"": 1.0, ""confidence"": [0.26986594878405434, 1.0000000000000002], ""p_value"": 0.1, ""solo_contingency"": [[1, 0], [616, 22456]], ""contingency"": [[1, 0], [4986, 23787]]}",{}
NC00962.3,PZA-0.1-0.9,0.0,GARC1,RUS,PZA,pncA@501_ins_c,U,{},"{""proportion"": 0.0, ""confidence"": [0.0, 0.7301340512159458], ""p_value"": 1.0, ""solo_contingency"": [[0, 1], [616, 22456]], ""contingency"": [[0, 1], [4987, 23786]]}",{}
NC00962.3,PZA-0.1-0.9,0.0,GARC1,RUS,PZA,pncA@511_ins_tcgccg,U,{},"{""proportion"": 1.0, ""confidence"": [0.26986594878405434, 1.0000000000000002], ""p_value"": 0.1, ""solo_contingency"": [[1, 0], [616, 22456]], ""contingency"": [[1, 0], [4986, 23787]]}",{}
NC00962.3,PZA-0.1-0.9,0.0,GARC1,RUS,PZA,pncA@451_del_ttggccaccagg,U,{},"{""proportion"": 1.0, ""confidence"": [0.26986594878405434, 1.0000000000000002], ""p_value"": 0.1, ""solo_contingency"": [[1, 0], [616, 22456]], ""contingency"": [[1, 0], [4986, 23787]]}",{}
NC00962.3,PZA-0.1-0.9,0.0,GARC1,RUS,PZA,pncA@382_ins_g,U,{},"{""proportion"": 0.5, ""confidence"": [0.12086631942227369, 0.8791336805777263], ""p_value"": 0.19000000000000003, ""solo_contingency"": [[1, 1], [616, 22456]], ""contingency"": [[1, 1], [4986, 23786]]}",{}
NC00962.3,PZA-0.1-0.9,0.0,GARC1,RUS,PZA,pncA@53_del_c,U,{},"{""proportion"": 1.0, ""confidence"": [0.26986594878405434, 1.0000000000000002], ""p_value"": 0.1, ""solo_contingency"": [[1, 0], [616, 22456]], ""contingency"": [[1, 0], [4986, 23787]]}",{}
NC00962.3,PZA-0.1-0.9,0.0,GARC1,RUS,PZA,pncA@206_ins_c,U,{},"{""proportion"": 1.0, ""confidence"": [0.26986594878405434, 1.0000000000000002], ""p_value"": 0.1, ""solo_contingency"": [[1, 0], [616, 22456]], ""contingency"": [[1, 0], [4986, 23787]]}",{}
NC00962.3,PZA-0.1-0.9,0.0,GARC1,RUS,PZA,pncA@226_del_actcccggcgc,U,{},"{""proportion"": 0.0, ""confidence"": [0.0, 0.7301340512159458], ""p_value"": 1.0, ""solo_contingency"": [[0, 1], [616, 22456]], ""contingency"": [[0, 1], [4987, 23786]]}",{}
NC00962.3,PZA-0.1-0.9,0.0,GARC1,RUS,PZA,pncA@T100I,U,{},"{""proportion"": 0.0, ""confidence"": [0.0, 0.7301340512159458], ""p_value"": 1.0, ""solo_contingency"": [[0, 1], [616, 22456]], ""contingency"": [[9, 1], [4978, 23786]]}",{}
NC00962.3,PZA-0.1-0.9,0.0,GARC1,RUS,PZA,pncA@T142P,U,{},"{""proportion"": 1.0, ""confidence"": [0.26986594878405434, 1.0000000000000002], ""p_value"": 0.1, ""solo_contingency"": [[1, 0], [616, 22456]], ""contingency"": [[2, 0], [4985, 23787]]}",{}
NC00962.3,PZA-0.1-0.9,0.0,GARC1,RUS,PZA,pncA@R2L,U,{},"{""proportion"": 0.0, ""confidence"": [0.0, 0.7301340512159458], ""p_value"": 1.0, ""solo_contingency"": [[0, 1], [616, 22456]], ""contingency"": [[0, 1], [4987, 23786]]}",{}
NC00962.3,PZA-0.1-0.9,0.0,GARC1,RUS,PZA,pncA@406_del_g,U,{},"{""proportion"": 1.0, ""confidence"": [0.26986594878405434, 1.0000000000000002], ""p_value"": 0.1, ""solo_contingency"": [[1, 0], [616, 22456]], ""contingency"": [[1, 0], [4986, 23787]]}",{}
NC00962.3,PZA-0.1-0.9,0.0,GARC1,RUS,PZA,pncA@L182F,U,{},"{""proportion"": 0.1, ""confidence"": [0.02263490873086721, 0.3477186673358584], ""p_value"": 1.0, ""solo_contingency"": [[1, 9], [616, 22456]], ""contingency"": [[1, 9], [4986, 23778]]}",{}
NC00962.3,PZA-0.1-0.9,0.0,GARC1,RUS,PZA,pncA@G78V,U,{},"{""proportion"": 1.0, ""confidence"": [0.26986594878405434, 1.0000000000000002], ""p_value"": 0.1, ""solo_contingency"": [[1, 0], [616, 22456]], ""contingency"": [[2, 0], [4985, 23787]]}",{}
NC00962.3,PZA-0.1-0.9,0.0,GARC1,RUS,PZA,pncA@t-10c,U,{},"{""proportion"": 0.0, ""confidence"": [0.0, 0.5749693909936535], ""p_value"": 1.0, ""solo_contingency"": [[0, 2], [616, 22456]], ""contingency"": [[0, 2], [4987, 23785]]}",{}
NC00962.3,PZA-0.1-0.9,0.0,GARC1,RUS,PZA,pncA@-40_del_gcaaactgcccgggcagtcgcccgaacgtatggtggacgtatgcgggcgttgatcatcgtcgacgtgcagaacgacttctgcgagggtggctcgctggcggtaaccggtggcgccgcgctggcccgcgccatcagcgactacctggccgaagcggcggactaccatcacgtcgtggcaaccaaggacttccacatcgacccgggtgaccacttctccggcacaccgga,U,{},"{""proportion"": 1.0, ""confidence"": [0.26986594878405434, 1.0000000000000002], ""p_value"": 0.1, ""solo_contingency"": [[1, 0], [616, 22456]], ""contingency"": [[1, 0], [4986, 23787]]}",{}
NC00962.3,PZA-0.1-0.9,0.0,GARC1,RUS,PZA,pncA@-5_del_gacgtatgcgggcgttgatcatcgtcgacgtgcagaacgacttctgcgagggtggctcgctggcggtaaccggtggcgccgcgctggcccgcgccatcagcgactacctggccgaagcggcggactaccat,U,{},"{""proportion"": 0.0, ""confidence"": [0.0, 0.7301340512159458], ""p_value"": 1.0, ""solo_contingency"": [[0, 1], [616, 22456]], ""contingency"": [[0, 1], [4987, 23786]]}",{}
NC00962.3,PZA-0.1-0.9,0.0,GARC1,RUS,PZA,pncA@101_ins_a,U,{},"{""proportion"": 1.0, ""confidence"": [0.26986594878405434, 1.0000000000000002], ""p_value"": 0.1, ""solo_contingency"": [[1, 0], [616, 22456]], ""contingency"": [[1, 0], [4986, 23787]]}",{}
NC00962.3,PZA-0.1-0.9,0.0,GARC1,RUS,PZA,pncA@149_del_t,U,{},"{""proportion"": 1.0, ""confidence"": [0.26986594878405434, 1.0000000000000002], ""p_value"": 0.1, ""solo_contingency"": [[1, 0], [616, 22456]], ""contingency"": [[1, 0], [4986, 23787]]}",{}
NC00962.3,PZA-0.1-0.9,0.0,GARC1,RUS,PZA,pncA@T135S,U,{},"{""proportion"": 0.0, ""confidence"": [0.0, 0.7301340512159458], ""p_value"": 1.0, ""solo_contingency"": [[0, 1], [616, 22456]], ""contingency"": [[0, 1], [4987, 23786]]}",{}
NC00962.3,PZA-0.1-0.9,0.0,GARC1,RUS,PZA,pncA@D129Y,U,{},"{""proportion"": 1.0, ""confidence"": [0.26986594878405434, 1.0000000000000002], ""p_value"": 0.1, ""solo_contingency"": [[1, 0], [616, 22456]], ""contingency"": [[1, 0], [4986, 23787]]}",{}
NC00962.3,PZA-0.1-0.9,0.0,GARC1,RUS,PZA,pncA@g-13t,U,{},"{""proportion"": 0.0, ""confidence"": [0.0, 0.7301340512159458], ""p_value"": 1.0, ""solo_contingency"": [[0, 1], [616, 22456]], ""contingency"": [[1, 2], [4986, 23785]]}",{}
NC00962.3,PZA-0.1-0.9,0.0,GARC1,RUS,PZA,pncA@407_del_atcattgtgtg,U,{},"{""proportion"": 1.0, ""confidence"": [0.26986594878405434, 1.0000000000000002], ""p_value"": 0.1, ""solo_contingency"": [[1, 0], [616, 22456]], ""contingency"": [[1, 0], [4986, 23787]]}",{}
NC00962.3,PZA-0.1-0.9,0.0,GARC1,RUS,PZA,pncA@A102R,U,{},"{""proportion"": 0.0, ""confidence"": [0.0, 0.7301340512159458], ""p_value"": 1.0, ""solo_contingency"": [[0, 1], [616, 22456]], ""contingency"": [[0, 1], [4987, 23786]]}",{}
NC00962.3,PZA-0.1-0.9,0.0,GARC1,RUS,PZA,pncA@256_ins_gg,U,{},"{""proportion"": 0.5, ""confidence"": [0.12086631942227369, 0.8791336805777263], ""p_value"": 0.19000000000000003, ""solo_contingency"": [[1, 1], [616, 22456]], ""contingency"": [[1, 1], [4986, 23786]]}",{}
NC00962.3,PZA-0.1-0.9,0.0,GARC1,RUS,PZA,pncA@A143T,U,{},"{""proportion"": 0.0, ""confidence"": [0.0, 0.5749693909936535], ""p_value"": 1.0, ""solo_contingency"": [[0, 2], [616, 22456]], ""contingency"": [[1, 2], [4986, 23785]]}",{}
NC00962.3,PZA-0.1-0.9,0.0,GARC1,RUS,PZA,pncA@121_ins_t,U,{},"{""proportion"": 1.0, ""confidence"": [0.26986594878405434, 1.0000000000000002], ""p_value"": 0.1, ""solo_contingency"": [[1, 0], [616, 22456]], ""contingency"": [[1, 0], [4986, 23787]]}",{}
NC00962.3,PZA-0.1-0.9,0.0,GARC1,RUS,PZA,pncA@192_ins_ggactat,U,{},"{""proportion"": 1.0, ""confidence"": [0.26986594878405434, 1.0000000000000002], ""p_value"": 0.1, ""solo_contingency"": [[1, 0], [616, 22456]], ""contingency"": [[1, 0], [4986, 23787]]}",{}
NC00962.3,PZA-0.1-0.9,0.0,GARC1,RUS,PZA,pncA@332_del_a,U,{},"{""proportion"": 1.0, ""confidence"": [0.26986594878405434, 1.0000000000000002], ""p_value"": 0.1, ""solo_contingency"": [[1, 0], [616, 22456]], ""contingency"": [[1, 0], [4986, 23787]]}",{}
NC00962.3,PZA-0.1-0.9,0.0,GARC1,RUS,PZA,pncA@382_ins_gg,U,{},"{""proportion"": 1.0, ""confidence"": [0.26986594878405434, 1.0000000000000002], ""p_value"": 0.1, ""solo_contingency"": [[1, 0], [616, 22456]], ""contingency"": [[2, 0], [4985, 23787]]}",{}
NC00962.3,PZA-0.1-0.9,0.0,GARC1,RUS,PZA,pncA@F81C,U,{},"{""proportion"": 1.0, ""confidence"": [0.26986594878405434, 1.0000000000000002], ""p_value"": 0.1, ""solo_contingency"": [[1, 0], [616, 22456]], ""contingency"": [[1, 1], [4986, 23786]]}",{}
NC00962.3,PZA-0.1-0.9,0.0,GARC1,RUS,PZA,pncA@395_del_gtattgccaccg,U,{},"{""proportion"": 1.0, ""confidence"": [0.26986594878405434, 1.0000000000000002], ""p_value"": 0.1, ""solo_contingency"": [[1, 0], [616, 22456]], ""contingency"": [[1, 0], [4986, 23787]]}",{}
NC00962.3,PZA-0.1-0.9,0.0,GARC1,RUS,PZA,pncA@R123P,U,{},"{""proportion"": 1.0, ""confidence"": [0.26986594878405434, 1.0000000000000002], ""p_value"": 0.1, ""solo_contingency"": [[1, 0], [616, 22456]], ""contingency"": [[2, 0], [4985, 23787]]}",{}
NC00962.3,PZA-0.1-0.9,0.0,GARC1,RUS,PZA,pncA@F106S,U,{},"{""proportion"": 0.125, ""confidence"": [0.028399323737810202, 0.41114337433001213], ""p_value"": 0.56953279, ""solo_contingency"": [[1, 7], [616, 22456]], ""contingency"": [[1, 7], [4986, 23780]]}",{}
NC00962.3,PZA-0.1-0.9,0.0,GARC1,RUS,PZA,pncA@G17A,U,{},"{""proportion"": 1.0, ""confidence"": [0.26986594878405434, 1.0000000000000002], ""p_value"": 0.1, ""solo_contingency"": [[1, 0], [616, 22456]], ""contingency"": [[1, 0], [4986, 23787]]}",{}
NC00962.3,PZA-0.1-0.9,0.0,GARC1,RUS,PZA,pncA@A46T,U,{},"{""proportion"": 0.0, ""confidence"": [0.0, 0.3511165007651012], ""p_value"": 1.0, ""solo_contingency"": [[0, 5], [616, 22456]], ""contingency"": [[1, 5], [4986, 23782]]}",{}
NC00962.3,PZA-0.1-0.9,0.0,GARC1,RUS,PZA,pncA@251_del_g,U,{},"{""proportion"": 1.0, ""confidence"": [0.26986594878405434, 1.0000000000000002], ""p_value"": 0.1, ""solo_contingency"": [[1, 0], [616, 22456]], ""contingency"": [[1, 0], [4986, 23787]]}",{}
NC00962.3,PZA-0.1-0.9,0.0,GARC1,RUS,PZA,pncA@452_del_tggccaccagggt,U,{},"{""proportion"": 1.0, ""confidence"": [0.26986594878405434, 1.0000000000000002], ""p_value"": 0.1, ""solo_contingency"": [[1, 0], [616, 22456]], ""contingency"": [[1, 0], [4986, 23787]]}",{}
NC00962.3,PZA-0.1-0.9,0.0,GARC1,RUS,PZA,pncA@464_del_t,U,{},"{""proportion"": 1.0, ""confidence"": [0.26986594878405434, 1.0000000000000002], ""p_value"": 0.1, ""solo_contingency"": [[1, 0], [616, 22456]], ""contingency"": [[1, 0], [4986, 23787]]}",{}
NC00962.3,PZA-0.1-0.9,0.0,GARC1,RUS,PZA,pncA@c-3a,U,{},"{""proportion"": 0.0, ""confidence"": [0.0, 0.5749693909936535], ""p_value"": 1.0, ""solo_contingency"": [[0, 2], [616, 22456]], ""contingency"": [[0, 2], [4987, 23785]]}",{}
NC00962.3,PZA-0.1-0.9,0.0,GARC1,RUS,PZA,pncA@D145Y,U,{},"{""proportion"": 1.0, ""confidence"": [0.26986594878405434, 1.0000000000000002], ""p_value"": 0.1, ""solo_contingency"": [[1, 0], [616, 22456]], ""contingency"": [[1, 0], [4986, 23787]]}",{}
NC00962.3,PZA-0.1-0.9,0.0,GARC1,RUS,PZA,pncA@62_del_t,U,{},"{""proportion"": 0.5, ""confidence"": [0.12086631942227369, 0.8791336805777263], ""p_value"": 0.19000000000000003, ""solo_contingency"": [[1, 1], [616, 22456]], ""contingency"": [[1, 1], [4986, 23786]]}",{}
NC00962.3,PZA-0.1-0.9,0.0,GARC1,RUS,PZA,pncA@515_del_t,U,{},"{""proportion"": 1.0, ""confidence"": [0.26986594878405434, 1.0000000000000002], ""p_value"": 0.1, ""solo_contingency"": [[1, 0], [616, 22456]], ""contingency"": [[1, 0], [4986, 23787]]}",{}
NC00962.3,PZA-0.1-0.9,0.0,GARC1,RUS,PZA,pncA@492_del_ggc,U,{},"{""proportion"": 1.0, ""confidence"": [0.26986594878405434, 1.0000000000000002], ""p_value"": 0.1, ""solo_contingency"": [[1, 0], [616, 22456]], ""contingency"": [[1, 0], [4986, 23787]]}",{}
NC00962.3,PZA-0.1-0.9,0.0,GARC1,RUS,PZA,pncA@463_del_g,U,{},"{""proportion"": 1.0, ""confidence"": [0.26986594878405434, 1.0000000000000002], ""p_value"": 0.1, ""solo_contingency"": [[1, 0], [616, 22456]], ""contingency"": [[1, 0], [4986, 23787]]}",{}
NC00962.3,PZA-0.1-0.9,0.0,GARC1,RUS,PZA,pncA@388_ins_aggtcgatg,U,{},"{""proportion"": 1.0, ""confidence"": [0.26986594878405434, 1.0000000000000002], ""p_value"": 0.1, ""solo_contingency"": [[1, 0], [616, 22456]], ""contingency"": [[1, 0], [4986, 23787]]}",{}
NC00962.3,PZA-0.1-0.9,0.0,GARC1,RUS,PZA,pncA@D136A,U,{},"{""proportion"": 0.5, ""confidence"": [0.12086631942227369, 0.8791336805777263], ""p_value"": 0.19000000000000003, ""solo_contingency"": [[1, 1], [616, 22456]], ""contingency"": [[1, 2], [4986, 23785]]}",{}
NC00962.3,PZA-0.1-0.9,0.0,GARC1,RUS,PZA,pncA@D86G,U,{},"{""proportion"": 0.0, ""confidence"": [0.0, 0.7301340512159458], ""p_value"": 1.0, ""solo_contingency"": [[0, 1], [616, 22456]], ""contingency"": [[0, 1], [4987, 23786]]}",{}
NC00962.3,PZA-0.1-0.9,0.0,GARC1,RUS,PZA,pncA@N11S,U,{},"{""proportion"": 0.5, ""confidence"": [0.12086631942227369, 0.8791336805777263], ""p_value"": 0.19000000000000003, ""solo_contingency"": [[1, 1], [616, 22456]], ""contingency"": [[1, 1], [4986, 23786]]}",{}
NC00962.3,PZA-0.1-0.9,0.0,GARC1,RUS,PZA,pncA@V163L,U,{},"{""proportion"": 0.0, ""confidence"": [0.0, 0.7301340512159458], ""p_value"": 1.0, ""solo_contingency"": [[0, 1], [616, 22456]], ""contingency"": [[0, 1], [4987, 23786]]}",{}
NC00962.3,PZA-0.1-0.9,0.0,GARC1,RUS,PZA,pncA@G124S,U,{},"{""proportion"": 0.0, ""confidence"": [0.0, 0.7301340512159458], ""p_value"": 1.0, ""solo_contingency"": [[0, 1], [616, 22456]], ""contingency"": [[0, 1], [4987, 23786]]}",{}
NC00962.3,PZA-0.1-0.9,0.0,GARC1,RUS,PZA,pncA@220_del_agcggtactccc,U,{},"{""proportion"": 0.0, ""confidence"": [0.0, 0.7301340512159458], ""p_value"": 1.0, ""solo_contingency"": [[0, 1], [616, 22456]], ""contingency"": [[0, 1], [4987, 23786]]}",{}
NC00962.3,PZA-0.1-0.9,0.0,GARC1,RUS,PZA,pncA@116_ins_c,U,{},"{""proportion"": 1.0, ""confidence"": [0.26986594878405434, 1.0000000000000002], ""p_value"": 0.1, ""solo_contingency"": [[1, 0], [616, 22456]], ""contingency"": [[1, 0], [4986, 23787]]}",{}
NC00962.3,PZA-0.1-0.9,0.0,GARC1,RUS,PZA,pncA@36_ins_gccagcgagccaccctcgcagaagtcg,U,{},"{""proportion"": 1.0, ""confidence"": [0.26986594878405434, 1.0000000000000002], ""p_value"": 0.1, ""solo_contingency"": [[1, 0], [616, 22456]], ""contingency"": [[1, 0], [4986, 23787]]}",{}
NC00962.3,PZA-0.1-0.9,0.0,GARC1,RUS,PZA,pncA@S179I,U,{},"{""proportion"": 0.0, ""confidence"": [0.0, 0.7301340512159458], ""p_value"": 1.0, ""solo_contingency"": [[0, 1], [616, 22456]], ""contingency"": [[0, 1], [4987, 23786]]}",{}
NC00962.3,PZA-0.1-0.9,0.0,GARC1,RUS,PZA,pncA@273_ins_tctggacacgtcggcaatcgag,U,{},"{""proportion"": 1.0, ""confidence"": [0.26986594878405434, 1.0000000000000002], ""p_value"": 0.1, ""solo_contingency"": [[1, 0], [616, 22456]], ""contingency"": [[1, 0], [4986, 23787]]}",{}
NC00962.3,PZA-0.1-0.9,0.0,GARC1,RUS,PZA,pncA@D129G,U,{},"{""proportion"": 0.0, ""confidence"": [0.0, 0.7301340512159458], ""p_value"": 1.0, ""solo_contingency"": [[0, 1], [616, 22456]], ""contingency"": [[0, 1], [4987, 23786]]}",{}
NC00962.3,PZA-0.1-0.9,0.0,GARC1,RUS,PZA,pncA@!187G,U,{},"{""proportion"": 0.25, ""confidence"": [0.05790732119985871, 0.6438319914014936], ""p_value"": 0.34390000000000004, ""solo_contingency"": [[1, 3], [616, 22456]], ""contingency"": [[1, 3], [4986, 23784]]}",{}
NC00962.3,PZA-0.1-0.9,0.0,GARC1,RUS,PZA,pncA@47_del_g,U,{},"{""proportion"": 1.0, ""confidence"": [0.26986594878405434, 1.0000000000000002], ""p_value"": 0.1, ""solo_contingency"": [[1, 0], [616, 22456]], ""contingency"": [[1, 0], [4986, 23787]]}",{}
NC00962.3,PZA-0.1-0.9,0.0,GARC1,RUS,PZA,pncA@386_del_atgtggtcggtattgccaccgatcattgtgtgcgccagacggccgaggacgcggtacgcaatggcttggccaccagggtgctggtggacctgacagcgggtgtgtcggccgataccaccgtcgccgcgctggaggagatgcgcaccgccagcgtcgagttggtttgcagctcctga,U,{},"{""proportion"": 0.0, ""confidence"": [0.0, 0.7301340512159458], ""p_value"": 1.0, ""solo_contingency"": [[0, 1], [616, 22456]], ""contingency"": [[0, 1], [4987, 23786]]}",{}
NC00962.3,PZA-0.1-0.9,0.0,GARC1,RUS,PZA,pncA@R121P,U,{},"{""proportion"": 0.3333333333333333, ""confidence"": [0.0782657263337284, 0.7464661317187757], ""p_value"": 0.271, ""solo_contingency"": [[1, 2], [616, 22456]], ""contingency"": [[2, 2], [4985, 23785]]}",{}
NC00962.3,PZA-0.1-0.9,0.0,GARC1,RUS,PZA,pncA@R29P,U,{},"{""proportion"": 0.0, ""confidence"": [0.0, 0.4741955741575127], ""p_value"": 1.0, ""solo_contingency"": [[0, 3], [616, 22456]], ""contingency"": [[0, 3], [4987, 23784]]}",{}
NC00962.3,PZA-0.1-0.9,0.0,GARC1,RUS,PZA,pncA@412_del_t,U,{},"{""proportion"": 1.0, ""confidence"": [0.26986594878405434, 1.0000000000000002], ""p_value"": 0.1, ""solo_contingency"": [[1, 0], [616, 22456]], ""contingency"": [[1, 0], [4986, 23787]]}",{}
NC00962.3,PZA-0.1-0.9,0.0,GARC1,RUS,PZA,pncA@419_ins_tgcg,U,{},"{""proportion"": 0.5, ""confidence"": [0.12086631942227369, 0.8791336805777263], ""p_value"": 0.19000000000000003, ""solo_contingency"": [[1, 1], [616, 22456]], ""contingency"": [[1, 1], [4986, 23786]]}",{}
NC00962.3,PZA-0.1-0.9,0.0,GARC1,RUS,PZA,pncA@26_del_tgcagaacgacttctgcgagggtggctcgctggcggtaaccggtggcgccgcgctggcccgcgccatcagcgactacctggccgaagcggcggactaccatcacgtcgtggcaaccaaggacttccacatcgacccgggtgaccacttctccggcacaccggactattcctcgtcgtggccaccgcattgcgtcagcggtactcccggcgcggacttccatcccagtctggacacgtcggcaatcgaggcggtgttctacaagggtgcctacaccggagcgtacagcggcttcgaaggagtcgacgagaacggcacgccactgctgaattggctgcggcaacgcggcgtcgatgaggtcgatgtggtcggtattgccaccgatcattgtgtgcgccagacggccgaggacgcggtacgcaatggcttggccaccagggtgctggtggacctgacagcgggtgtgtcggccgataccaccgtcgccgcgctggaggagatgcgcaccgccagcgtcgagttggtttgcagctcctga,U,{},"{""proportion"": 1.0, ""confidence"": [0.26986594878405434, 1.0000000000000002], ""p_value"": 0.1, ""solo_contingency"": [[1, 0], [616, 22456]], ""contingency"": [[1, 0], [4986, 23787]]}",{}
NC00962.3,PZA-0.1-0.9,0.0,GARC1,RUS,PZA,pncA@506_del_tcgccgcgctggaggagatgcgcaccg,U,{},"{""proportion"": 1.0, ""confidence"": [0.26986594878405434, 1.0000000000000002], ""p_value"": 0.1, ""solo_contingency"": [[1, 0], [616, 22456]], ""contingency"": [[1, 0], [4986, 23787]]}",{}
NC00962.3,PZA-0.1-0.9,0.0,GARC1,RUS,PZA,pncA@T160K,U,{},"{""proportion"": 1.0, ""confidence"": [0.26986594878405434, 1.0000000000000002], ""p_value"": 0.1, ""solo_contingency"": [[1, 0], [616, 22456]], ""contingency"": [[1, 0], [4986, 23787]]}",{}
NC00962.3,PZA-0.1-0.9,0.0,GARC1,RUS,PZA,pncA@R2P,U,{},"{""proportion"": 0.0, ""confidence"": [0.0, 0.7301340512159458], ""p_value"": 1.0, ""solo_contingency"": [[0, 1], [616, 22456]], ""contingency"": [[0, 1], [4987, 23786]]}",{}
NC00962.3,PZA-0.1-0.9,0.0,GARC1,RUS,PZA,pncA@G75V,U,{},"{""proportion"": 0.0, ""confidence"": [0.0, 0.7301340512159458], ""p_value"": 1.0, ""solo_contingency"": [[0, 1], [616, 22456]], ""contingency"": [[0, 1], [4987, 23786]]}",{}
NC00962.3,PZA-0.1-0.9,0.0,GARC1,RUS,PZA,pncA@296_del_a,U,{},"{""proportion"": 1.0, ""confidence"": [0.26986594878405434, 1.0000000000000002], ""p_value"": 0.1, ""solo_contingency"": [[1, 0], [616, 22456]], ""contingency"": [[1, 0], [4986, 23787]]}",{}
NC00962.3,PZA-0.1-0.9,0.0,GARC1,RUS,PZA,pncA@439_ins_g,U,{},"{""proportion"": 1.0, ""confidence"": [0.26986594878405434, 1.0000000000000002], ""p_value"": 0.1, ""solo_contingency"": [[1, 0], [616, 22456]], ""contingency"": [[1, 0], [4986, 23787]]}",{}
NC00962.3,PZA-0.1-0.9,0.0,GARC1,RUS,PZA,pncA@216_ins_tacccccaccctcgggggcgccgcccccgagtggc,U,{},"{""proportion"": 1.0, ""confidence"": [0.26986594878405434, 1.0000000000000002], ""p_value"": 0.1, ""solo_contingency"": [[1, 0], [616, 22456]], ""contingency"": [[1, 0], [4986, 23787]]}",{}
NC00962.3,PZA-0.1-0.9,0.0,GARC1,RUS,PZA,pncA@S104T,U,{},"{""proportion"": 0.0, ""confidence"": [0.0, 0.7301340512159458], ""p_value"": 1.0, ""solo_contingency"": [[0, 1], [616, 22456]], ""contingency"": [[0, 1], [4987, 23786]]}",{}
NC00962.3,PZA-0.1-0.9,0.0,GARC1,RUS,PZA,pncA@514_ins_gc,U,{},"{""proportion"": 1.0, ""confidence"": [0.26986594878405434, 1.0000000000000002], ""p_value"": 0.1, ""solo_contingency"": [[1, 0], [616, 22456]], ""contingency"": [[1, 0], [4986, 23787]]}",{}
NC00962.3,PZA-0.1-0.9,0.0,GARC1,RUS,PZA,pncA@V7I,U,{},"{""proportion"": 1.0, ""confidence"": [0.26986594878405434, 1.0000000000000002], ""p_value"": 0.1, ""solo_contingency"": [[1, 0], [616, 22456]], ""contingency"": [[1, 0], [4986, 23787]]}",{}
NC00962.3,PZA-0.1-0.9,0.0,GARC1,RUS,PZA,pncA@c-3t,U,{},"{""proportion"": 0.0, ""confidence"": [0.0, 0.7301340512159458], ""p_value"": 1.0, ""solo_contingency"": [[0, 1], [616, 22456]], ""contingency"": [[0, 1], [4987, 23786]]}",{}
NC00962.3,PZA-0.1-0.9,0.0,GARC1,RUS,PZA,pncA@V93L,U,{},"{""proportion"": 0.0, ""confidence"": [0.0, 0.7301340512159458], ""p_value"": 1.0, ""solo_contingency"": [[0, 1], [616, 22456]], ""contingency"": [[0, 1], [4987, 23786]]}",{}
NC00962.3,PZA-0.1-0.9,0.0,GARC1,RUS,PZA,pncA@R29C,U,{},"{""proportion"": 0.0, ""confidence"": [0.0, 0.7301340512159458], ""p_value"": 1.0, ""solo_contingency"": [[0, 1], [616, 22456]], ""contingency"": [[0, 1], [4987, 23786]]}",{}
NC00962.3,PZA-0.1-0.9,0.0,GARC1,RUS,PZA,pncA@G24V,U,{},"{""proportion"": 0.0, ""confidence"": [0.0, 0.5749693909936535], ""p_value"": 1.0, ""solo_contingency"": [[0, 2], [616, 22456]], ""contingency"": [[0, 2], [4987, 23785]]}",{}
NC00962.3,PZA-0.1-0.9,0.0,GARC1,RUS,PZA,pncA@433_del_g,U,{},"{""proportion"": 0.5, ""confidence"": [0.12086631942227369, 0.8791336805777263], ""p_value"": 0.19000000000000003, ""solo_contingency"": [[1, 1], [616, 22456]], ""contingency"": [[1, 1], [4986, 23786]]}",{}
NC00962.3,PZA-0.1-0.9,0.0,GARC1,RUS,PZA,pncA@D145N,U,{},"{""proportion"": 0.0, ""confidence"": [0.0, 0.7301340512159458], ""p_value"": 1.0, ""solo_contingency"": [[0, 1], [616, 22456]], ""contingency"": [[0, 1], [4987, 23786]]}",{}
NC00962.3,PZA-0.1-0.9,0.0,GARC1,RUS,PZA,pncA@A161V,U,{},"{""proportion"": 0.0, ""confidence"": [0.0, 0.7301340512159458], ""p_value"": 1.0, ""solo_contingency"": [[0, 1], [616, 22456]], ""contingency"": [[0, 1], [4987, 23786]]}",{}
NC00962.3,PZA-0.1-0.9,0.0,GARC1,RUS,PZA,pncA@E107K,U,{},"{""proportion"": 0.0, ""confidence"": [0.0, 0.7301340512159458], ""p_value"": 1.0, ""solo_contingency"": [[0, 1], [616, 22456]], ""contingency"": [[0, 1], [4987, 23786]]}",{}
NC00962.3,PZA-0.1-0.9,0.0,GARC1,RUS,PZA,pncA@G124D,U,{},"{""proportion"": 0.0, ""confidence"": [0.0, 0.5749693909936535], ""p_value"": 1.0, ""solo_contingency"": [[0, 2], [616, 22456]], ""contingency"": [[0, 2], [4987, 23785]]}",{}
NC00962.3,PZA-0.1-0.9,0.0,GARC1,RUS,PZA,pncA@A143S,U,{},"{""proportion"": 0.0, ""confidence"": [0.0, 0.7301340512159458], ""p_value"": 1.0, ""solo_contingency"": [[0, 1], [616, 22456]], ""contingency"": [[0, 1], [4987, 23786]]}",{}
NC00962.3,PZA-0.1-0.9,0.0,GARC1,RUS,PZA,pncA@T167P,U,{},"{""proportion"": 0.0, ""confidence"": [0.0, 0.7301340512159458], ""p_value"": 1.0, ""solo_contingency"": [[0, 1], [616, 22456]], ""contingency"": [[0, 1], [4987, 23786]]}",{}
NC00962.3,PZA-0.1-0.9,0.0,GARC1,RUS,PZA,pncA@Q122E,U,{},"{""proportion"": 0.0, ""confidence"": [0.0, 0.7301340512159458], ""p_value"": 1.0, ""solo_contingency"": [[0, 1], [616, 22456]], ""contingency"": [[0, 1], [4987, 23786]]}",{}
NC00962.3,PZA-0.1-0.9,0.0,GARC1,RUS,PZA,pncA@124_del_catcacgtcgtggcaaccaaggacttccacatcgacccgggtgaccacttctccggcacaccggactattcctcgtcgtggccaccgcattgcgtcagcggtactcccggcgcggacttccatcccagtctggacacgtcggcaatcgaggcggtgttctacaagggtgcctacaccggagcgtacagcggcttcgaaggagtcgacgagaacggcacgccactgctgaattggctgcggcaacgcggcgtcgatgaggtcgatgtggtcggtattgccaccgatcattgtgtgcgccagacggccgaggacgcggtacgcaatggcttggccaccagggtgctggtggacctgacagcgggtgtgtcggccgataccaccgtcgccgcgctggaggagatgcgcaccgccagcgtcgagttggtttgcagctcctga,U,{},"{""proportion"": 1.0, ""confidence"": [0.26986594878405434, 1.0000000000000002], ""p_value"": 0.1, ""solo_contingency"": [[1, 0], [616, 22456]], ""contingency"": [[1, 0], [4986, 23787]]}",{}
NC00962.3,PZA-0.1-0.9,0.0,GARC1,RUS,PZA,pncA@450_ins_gacgcggtacgcaatggc,U,{},"{""proportion"": 0.5, ""confidence"": [0.12086631942227369, 0.8791336805777263], ""p_value"": 0.19000000000000003, ""solo_contingency"": [[1, 1], [616, 22456]], ""contingency"": [[1, 1], [4986, 23786]]}",{}
NC00962.3,PZA-0.1-0.9,0.0,GARC1,RUS,PZA,pncA@117_ins_cg,U,{},"{""proportion"": 1.0, ""confidence"": [0.26986594878405434, 1.0000000000000002], ""p_value"": 0.1, ""solo_contingency"": [[1, 0], [616, 22456]], ""contingency"": [[1, 0], [4986, 23787]]}",{}
NC00962.3,PZA-0.1-0.9,0.0,GARC1,RUS,PZA,pncA@Q10L,U,{},"{""proportion"": 1.0, ""confidence"": [0.26986594878405434, 1.0000000000000002], ""p_value"": 0.1, ""solo_contingency"": [[1, 0], [616, 22456]], ""contingency"": [[1, 0], [4986, 23787]]}",{}
NC00962.3,PZA-0.1-0.9,0.0,GARC1,RUS,PZA,pncA@190_del_t,U,{},"{""proportion"": 1.0, ""confidence"": [0.26986594878405434, 1.0000000000000002], ""p_value"": 0.1, ""solo_contingency"": [[1, 0], [616, 22456]], ""contingency"": [[1, 0], [4986, 23787]]}",{}
NC00962.3,PZA-0.1-0.9,0.0,GARC1,RUS,PZA,pncA@335_ins_a,U,{},"{""proportion"": 1.0, ""confidence"": [0.26986594878405434, 1.0000000000000002], ""p_value"": 0.1, ""solo_contingency"": [[1, 0], [616, 22456]], ""contingency"": [[1, 0], [4986, 23787]]}",{}
NC00962.3,PZA-0.1-0.9,0.0,GARC1,RUS,PZA,pncA@545_del_tggtttgcagctcctga,U,{},"{""proportion"": 1.0, ""confidence"": [0.26986594878405434, 1.0000000000000002], ""p_value"": 0.1, ""solo_contingency"": [[1, 0], [616, 22456]], ""contingency"": [[1, 0], [4986, 23787]]}",{}
NC00962.3,PZA-0.1-0.9,0.0,GARC1,RUS,PZA,pncA@-40_del_gcaaactgcccgggcagtcgcccgaacgtatggtggacgtatgcgggcgttgatcatcgtcgacgtgcagaacgacttctgcgagggtggctcgctggcggtaaccggtggcgccgcgctggcccgcgccatcagcgactacctggccgaagcggcggactaccatcacgtcgtggcaaccaaggacttccacatcgacccgggtgaccacttctccggcacaccggactattcctcgtcgtggccaccgcattgcgtcagcggtactcccggcgcggacttccatcccagtctggacacgtcggcaatcgaggcggtgttctacaagggtgcctacaccggagcgtacagcggcttcgaaggagtcgacgagaacggcacgccactgctgaattggctgcggcaacgcggcgtcgatgaggtcgatgtggtcg,U,{},"{""proportion"": 1.0, ""confidence"": [0.26986594878405434, 1.0000000000000002], ""p_value"": 0.1, ""solo_contingency"": [[1, 0], [616, 22456]], ""contingency"": [[1, 0], [4986, 23787]]}",{}
NC00962.3,PZA-0.1-0.9,0.0,GARC1,RUS,PZA,pncA@56_del_tggcggtaaccggtggcgccgcgctggcccgcgccatcagcgactacctggccgaagcggcggactaccatcacgtcgtggcaaccaaggacttccacatcgacccgggtgaccacttctccggcacaccggactattcctcgtcgtggccaccgcattgcgtcagcggtactcccggcgcggacttccatcccagtctggacacgtcggcaatcgaggcggtgttctacaagggtgcctacaccggagcgtacagcggcttcgaaggagtcgacgagaacggcacgccactgctgaattggctgcggcaacgcggcgtcgatgaggtcgatgtggtcggtattgccaccgatcattgtgtgcgccagacggccgaggacgcggtacgcaatggcttggccaccagggtgctggtggacctgacagcgggtgtgtcggccgataccaccgtcgccgcgctggaggagatgcgcaccgccagcgtcgagttggtttgcagctcctga,U,{},"{""proportion"": 1.0, ""confidence"": [0.26986594878405434, 1.0000000000000002], ""p_value"": 0.1, ""solo_contingency"": [[1, 0], [616, 22456]], ""contingency"": [[1, 0], [4986, 23787]]}",{}
NC00962.3,PZA-0.1-0.9,0.0,GARC1,RUS,PZA,pncA@V9A,U,{},"{""proportion"": 0.0, ""confidence"": [0.0, 0.5749693909936535], ""p_value"": 1.0, ""solo_contingency"": [[0, 2], [616, 22456]], ""contingency"": [[0, 2], [4987, 23785]]}",{}
NC00962.3,PZA-0.1-0.9,0.0,GARC1,RUS,PZA,pncA@P69T,U,{},"{""proportion"": 1.0, ""confidence"": [0.26986594878405434, 1.0000000000000002], ""p_value"": 0.1, ""solo_contingency"": [[1, 0], [616, 22456]], ""contingency"": [[1, 0], [4986, 23787]]}",{}
NC00962.3,PZA-0.1-0.9,0.0,GARC1,RUS,PZA,pncA@539_ins_t,U,{},"{""proportion"": 0.0, ""confidence"": [0.0, 0.7301340512159458], ""p_value"": 1.0, ""solo_contingency"": [[0, 1], [616, 22456]], ""contingency"": [[0, 1], [4987, 23786]]}",{}
NC00962.3,PZA-0.1-0.9,0.0,GARC1,RUS,PZA,pncA@L116V,U,{},"{""proportion"": 0.0, ""confidence"": [0.0, 0.7301340512159458], ""p_value"": 1.0, ""solo_contingency"": [[0, 1], [616, 22456]], ""contingency"": [[0, 1], [4987, 23786]]}",{}
NC00962.3,PZA-0.1-0.9,0.0,GARC1,RUS,PZA,pncA@395_del_gtattgccaccgatcattgtgtgcgccagacggccgaggacgcggtacgcaatggcttggccaccagggtgctggtggacctgacagcgggtgtgtcggccgataccaccgtcgccgcgctggaggagatgcg,U,{},"{""proportion"": 0.0, ""confidence"": [0.0, 0.7301340512159458], ""p_value"": 1.0, ""solo_contingency"": [[0, 1], [616, 22456]], ""contingency"": [[0, 1], [4987, 23786]]}",{}
NC00962.3,PZA-0.1-0.9,0.0,GARC1,RUS,PZA,pncA@L27R,U,{},"{""proportion"": 0.0, ""confidence"": [0.0, 0.7301340512159458], ""p_value"": 1.0, ""solo_contingency"": [[0, 1], [616, 22456]], ""contingency"": [[1, 2], [4986, 23785]]}",{}
NC00962.3,PZA-0.1-0.9,0.0,GARC1,RUS,PZA,pncA@H43P,U,{},"{""proportion"": 1.0, ""confidence"": [0.26986594878405434, 1.0000000000000002], ""p_value"": 0.1, ""solo_contingency"": [[1, 0], [616, 22456]], ""contingency"": [[1, 0], [4986, 23787]]}",{}
NC00962.3,PZA-0.1-0.9,0.0,GARC1,RUS,PZA,pncA@R154S,U,{},"{""proportion"": 0.0, ""confidence"": [0.0, 0.7301340512159458], ""p_value"": 1.0, ""solo_contingency"": [[0, 1], [616, 22456]], ""contingency"": [[0, 1], [4987, 23786]]}",{}
NC00962.3,PZA-0.1-0.9,0.0,GARC1,RUS,PZA,pncA@S67L,U,{},"{""proportion"": 0.0, ""confidence"": [0.0, 0.7301340512159458], ""p_value"": 1.0, ""solo_contingency"": [[0, 1], [616, 22456]], ""contingency"": [[1, 1], [4986, 23786]]}",{}
NC00962.3,PZA-0.1-0.9,0.0,GARC1,RUS,PZA,pncA@291_ins_a,U,{},"{""proportion"": 1.0, ""confidence"": [0.26986594878405434, 1.0000000000000002], ""p_value"": 0.1, ""solo_contingency"": [[1, 0], [616, 22456]], ""contingency"": [[1, 0], [4986, 23787]]}",{}
NC00962.3,PZA-0.1-0.9,0.0,GARC1,RUS,PZA,pncA@294_del_ctacaccgga,U,{},"{""proportion"": 1.0, ""confidence"": [0.26986594878405434, 1.0000000000000002], ""p_value"": 0.1, ""solo_contingency"": [[1, 0], [616, 22456]], ""contingency"": [[1, 0], [4986, 23787]]}",{}
NC00962.3,PZA-0.1-0.9,0.0,GARC1,RUS,PZA,pncA@244_ins_c,U,{},"{""proportion"": 1.0, ""confidence"": [0.26986594878405434, 1.0000000000000002], ""p_value"": 0.1, ""solo_contingency"": [[1, 0], [616, 22456]], ""contingency"": [[1, 0], [4986, 23787]]}",{}
NC00962.3,PZA-0.1-0.9,0.0,GARC1,RUS,PZA,pncA@392_ins_gt,U,{},"{""proportion"": 1.0, ""confidence"": [0.26986594878405434, 1.0000000000000002], ""p_value"": 0.1, ""solo_contingency"": [[1, 0], [616, 22456]], ""contingency"": [[1, 0], [4986, 23787]]}",{}
NC00962.3,PZA-0.1-0.9,0.0,GARC1,RUS,PZA,pncA@241_ins_g,U,{},"{""proportion"": 0.0, ""confidence"": [0.0, 0.7301340512159458], ""p_value"": 1.0, ""solo_contingency"": [[0, 1], [616, 22456]], ""contingency"": [[0, 1], [4987, 23786]]}",{}
NC00962.3,PZA-0.1-0.9,0.0,GARC1,RUS,PZA,pncA@201_ins_gactattcctcgtcg,U,{},"{""proportion"": 0.0, ""confidence"": [0.0, 0.7301340512159458], ""p_value"": 1.0, ""solo_contingency"": [[0, 1], [616, 22456]], ""contingency"": [[0, 1], [4987, 23786]]}",{}
NC00962.3,PZA-0.1-0.9,0.0,GARC1,RUS,PZA,pncA@346_ins_acgccac,U,{},"{""proportion"": 1.0, ""confidence"": [0.26986594878405434, 1.0000000000000002], ""p_value"": 0.1, ""solo_contingency"": [[1, 0], [616, 22456]], ""contingency"": [[1, 0], [4986, 23787]]}",{}
NC00962.3,PZA-0.1-0.9,0.0,GARC1,RUS,PZA,pncA@462_ins_cagg,U,{},"{""proportion"": 1.0, ""confidence"": [0.26986594878405434, 1.0000000000000002], ""p_value"": 0.1, ""solo_contingency"": [[1, 0], [616, 22456]], ""contingency"": [[1, 0], [4986, 23787]]}",{}
NC00962.3,PZA-0.1-0.9,0.0,GARC1,RUS,PZA,pncA@522_ins_tcgccgcgctggaggag,U,{},"{""proportion"": 1.0, ""confidence"": [0.26986594878405434, 1.0000000000000002], ""p_value"": 0.1, ""solo_contingency"": [[1, 0], [616, 22456]], ""contingency"": [[1, 0], [4986, 23787]]}",{}
NC00962.3,PZA-0.1-0.9,0.0,GARC1,RUS,PZA,pncA@L156Q,U,{},"{""proportion"": 1.0, ""confidence"": [0.26986594878405434, 1.0000000000000002], ""p_value"": 0.1, ""solo_contingency"": [[1, 0], [616, 22456]], ""contingency"": [[1, 0], [4986, 23787]]}",{}
NC00962.3,PZA-0.1-0.9,0.0,GARC1,RUS,PZA,pncA@412_del_tgt,U,{},"{""proportion"": 1.0, ""confidence"": [0.26986594878405434, 1.0000000000000002], ""p_value"": 0.1, ""solo_contingency"": [[1, 0], [616, 22456]], ""contingency"": [[1, 0], [4986, 23787]]}",{}
NC00962.3,PZA-0.1-0.9,0.0,GARC1,RUS,PZA,pncA@158_del_acccgggtgaccacttctccggcacaccggactattcctcgtcgtggccaccgcattgcgtcagcggtactcccggcgcggacttccatcccagtctggacacgtcg,U,{},"{""proportion"": 1.0, ""confidence"": [0.26986594878405434, 1.0000000000000002], ""p_value"": 0.1, ""solo_contingency"": [[1, 0], [616, 22456]], ""contingency"": [[1, 0], [4986, 23787]]}",{}
NC00962.3,PZA-0.1-0.9,0.0,GARC1,RUS,PZA,pncA@438_ins_cg,U,{},"{""proportion"": 0.0, ""confidence"": [0.0, 0.7301340512159458], ""p_value"": 1.0, ""solo_contingency"": [[0, 1], [616, 22456]], ""contingency"": [[0, 1], [4987, 23786]]}",{}
NC00962.3,PZA-0.1-0.9,0.0,GARC1,RUS,PZA,pncA@A46P,U,{},"{""proportion"": 1.0, ""confidence"": [0.26986594878405434, 1.0000000000000002], ""p_value"": 0.1, ""solo_contingency"": [[1, 0], [616, 22456]], ""contingency"": [[1, 0], [4986, 23787]]}",{}
NC00962.3,PZA-0.1-0.9,0.0,GARC1,RUS,PZA,pncA@105_ins_cagcgactacctg,U,{},"{""proportion"": 1.0, ""confidence"": [0.26986594878405434, 1.0000000000000002], ""p_value"": 0.1, ""solo_contingency"": [[1, 0], [616, 22456]], ""contingency"": [[1, 0], [4986, 23787]]}",{}
NC00962.3,PZA-0.1-0.9,0.0,GARC1,RUS,PZA,pncA@240_del_cttcca,U,{},"{""proportion"": 0.0, ""confidence"": [0.0, 0.7301340512159458], ""p_value"": 1.0, ""solo_contingency"": [[0, 1], [616, 22456]], ""contingency"": [[0, 1], [4987, 23786]]}",{}
NC00962.3,PZA-0.1-0.9,0.0,GARC1,RUS,PZA,pncA@116_del_c,U,{},"{""proportion"": 1.0, ""confidence"": [0.26986594878405434, 1.0000000000000002], ""p_value"": 0.1, ""solo_contingency"": [[1, 0], [616, 22456]], ""contingency"": [[2, 0], [4985, 23787]]}",{}
NC00962.3,PZA-0.1-0.9,0.0,GARC1,RUS,PZA,pncA@R121Q,U,{},"{""proportion"": 0.0, ""confidence"": [0.0, 0.7301340512159458], ""p_value"": 1.0, ""solo_contingency"": [[0, 1], [616, 22456]], ""contingency"": [[0, 1], [4987, 23786]]}",{}
NC00962.3,PZA-0.1-0.9,0.0,GARC1,RUS,PZA,pncA@-40_del_gcaaactgcccgggcagtcgcccgaacgtatggtggacgtatgcgggcgttgatcatcgtcgacgtgcagaacgacttctgcgagggtggctcgctggcggtaaccggtggcgccgcgctggcccgcgccatcagcgactacctggccgaagcggcggactaccatcacgtcgtggcaaccaaggacttccacatcgacccgggtgaccacttctccggcacaccggactattcctcgtcgtggccaccgcattgcgtcagcggtact,U,{},"{""proportion"": 1.0, ""confidence"": [0.26986594878405434, 1.0000000000000002], ""p_value"": 0.1, ""solo_contingency"": [[1, 0], [616, 22456]], ""contingency"": [[1, 0], [4986, 23787]]}",{}
NC00962.3,PZA-0.1-0.9,0.0,GARC1,RUS,PZA,pncA@R2W,U,{},"{""proportion"": 0.0, ""confidence"": [0.0, 0.40347862520270455], ""p_value"": 1.0, ""solo_contingency"": [[0, 4], [616, 22456]], ""contingency"": [[0, 4], [4987, 23783]]}",{}
NC00962.3,PZA-0.1-0.9,0.0,GARC1,RUS,PZA,pncA@256_ins_g,U,{},"{""proportion"": 1.0, ""confidence"": [0.26986594878405434, 1.0000000000000002], ""p_value"": 0.1, ""solo_contingency"": [[1, 0], [616, 22456]], ""contingency"": [[2, 0], [4985, 23787]]}",{}
NC00962.3,PZA-0.1-0.9,0.0,GARC1,RUS,PZA,pncA@446_del_atggcttggcca,U,{},"{""proportion"": 0.0, ""confidence"": [0.0, 0.7301340512159458], ""p_value"": 1.0, ""solo_contingency"": [[0, 1], [616, 22456]], ""contingency"": [[0, 1], [4987, 23786]]}",{}
NC00962.3,PZA-0.1-0.9,0.0,GARC1,RUS,PZA,pncA@193_del_tcctcgtcgtggccaccgcattgcgtcagcggtactcccggcgcggacttccatcccagtctggacacgtcggcaatcgaggcggtgttctacaagggtgcctacaccggagcgtacagcggcttcgaaggagtcgacgagaacggcacgccactgctgaattggctgcggcaacgcggcgtcgatgaggtcgatgtggtcggtattgccaccgatcattgtgtgcgccagacggccgaggacgcggtacgcaatggcttggccaccagggtgctggtggacctgacagcgggtgtgtcggccgataccaccgtcgccgcgctggaggagatgcgcaccgccagcgtcgagttggtttgcagctcctga,U,{},"{""proportion"": 1.0, ""confidence"": [0.26986594878405434, 1.0000000000000002], ""p_value"": 0.1, ""solo_contingency"": [[1, 0], [616, 22456]], ""contingency"": [[1, 0], [4986, 23787]]}",{}
NC00962.3,PZA-0.1-0.9,0.0,GARC1,RUS,PZA,pncA@g-40a,U,{},"{""proportion"": 0.0, ""confidence"": [0.0, 0.7301340512159458], ""p_value"": 1.0, ""solo_contingency"": [[0, 1], [616, 22456]], ""contingency"": [[0, 1], [4987, 23786]]}",{}
NC00962.3,PZA-0.1-0.9,0.0,GARC1,RUS,PZA,pncA@452_del_t,U,{},"{""proportion"": 1.0, ""confidence"": [0.26986594878405434, 1.0000000000000002], ""p_value"": 0.1, ""solo_contingency"": [[1, 0], [616, 22456]], ""contingency"": [[1, 0], [4986, 23787]]}",{}
NC00962.3,PZA-0.1-0.9,0.0,GARC1,RUS,PZA,pncA@4_del_c,U,{},"{""proportion"": 1.0, ""confidence"": [0.26986594878405434, 1.0000000000000002], ""p_value"": 0.1, ""solo_contingency"": [[1, 0], [616, 22456]], ""contingency"": [[1, 0], [4986, 23787]]}",{}
NC00962.3,PZA-0.1-0.9,0.0,GARC1,RUS,PZA,pncA@F106C,U,{},"{""proportion"": 0.0, ""confidence"": [0.0, 0.7301340512159458], ""p_value"": 1.0, ""solo_contingency"": [[0, 1], [616, 22456]], ""contingency"": [[0, 1], [4987, 23786]]}",{}
NC00962.3,PZA-0.1-0.9,0.0,GARC1,RUS,PZA,pncA@260_ins_ac,U,{},"{""proportion"": 1.0, ""confidence"": [0.26986594878405434, 1.0000000000000002], ""p_value"": 0.1, ""solo_contingency"": [[1, 0], [616, 22456]], ""contingency"": [[2, 0], [4985, 23787]]}",{}
NC00962.3,PZA-0.1-0.9,0.0,GARC1,RUS,PZA,pncA@167_ins_ga,U,{},"{""proportion"": 1.0, ""confidence"": [0.26986594878405434, 1.0000000000000002], ""p_value"": 0.1, ""solo_contingency"": [[1, 0], [616, 22456]], ""contingency"": [[1, 0], [4986, 23787]]}",{}
NC00962.3,PZA-0.1-0.9,0.0,GARC1,RUS,PZA,pncA@294_del_ctacaccggagc,U,{},"{""proportion"": 0.0, ""confidence"": [0.0, 0.7301340512159458], ""p_value"": 1.0, ""solo_contingency"": [[0, 1], [616, 22456]], ""contingency"": [[0, 1], [4987, 23786]]}",{}
NC00962.3,PZA-0.1-0.9,0.0,GARC1,RUS,PZA,pncA@310_del_agcggcttcgaaggagtcgacgagaacggcacgccactgctgaattggctgcggcaacgcggcgtcgatgaggtcgatgtggtcggtattgccaccgatcattgtgtgcgccagacggccgaggacgcggtacgcaatggcttggccaccagggtgctggtggacctgacagcgggtgtgtcggccgataccaccgtcgccgcgctggaggagatgcgcaccgccagcgtcgagttggtttgcagctcctga,U,{},"{""proportion"": 1.0, ""confidence"": [0.26986594878405434, 1.0000000000000002], ""p_value"": 0.1, ""solo_contingency"": [[1, 0], [616, 22456]], ""contingency"": [[1, 0], [4986, 23787]]}",{}
NC00962.3,PZA-0.1-0.9,0.0,GARC1,RUS,PZA,pncA@K96M,U,{},"{""proportion"": 0.5, ""confidence"": [0.12086631942227369, 0.8791336805777263], ""p_value"": 0.19000000000000003, ""solo_contingency"": [[1, 1], [616, 22456]], ""contingency"": [[2, 1], [4985, 23786]]}",{}
NC00962.3,PZA-0.1-0.9,0.0,GARC1,RUS,PZA,pncA@465_ins_tg,U,{},"{""proportion"": 1.0, ""confidence"": [0.26986594878405434, 1.0000000000000002], ""p_value"": 0.1, ""solo_contingency"": [[1, 0], [616, 22456]], ""contingency"": [[1, 0], [4986, 23787]]}",{}
NC00962.3,PZA-0.1-0.9,0.0,GARC1,RUS,PZA,pncA@G101!,U,{},"{""proportion"": 1.0, ""confidence"": [0.26986594878405434, 1.0000000000000002], ""p_value"": 0.1, ""solo_contingency"": [[1, 0], [616, 22456]], ""contingency"": [[1, 0], [4986, 23787]]}",{}
NC00962.3,PZA-0.1-0.9,0.0,GARC1,RUS,PZA,pncA@59_ins_t,U,{},"{""proportion"": 1.0, ""confidence"": [0.26986594878405434, 1.0000000000000002], ""p_value"": 0.1, ""solo_contingency"": [[1, 0], [616, 22456]], ""contingency"": [[1, 0], [4986, 23787]]}",{}
NC00962.3,PZA-0.1-0.9,0.0,GARC1,RUS,PZA,pncA@547_ins_g,U,{},"{""proportion"": 1.0, ""confidence"": [0.26986594878405434, 1.0000000000000002], ""p_value"": 0.1, ""solo_contingency"": [[1, 0], [616, 22456]], ""contingency"": [[1, 0], [4986, 23787]]}",{}
NC00962.3,PZA-0.1-0.9,0.0,GARC1,RUS,PZA,pncA@187_del_gactattcctcgtcgtggccaccgcattgcgtcagcggtactcccggcgcggacttccatcccagtctggacacgtcggcaatcgaggcggtgttctacaagggtgcctacaccggagcgtacagcggcttcgaaggagtcgacgagaacggcacgccactgctgaattggctgcggcaacgcggcgtcgatgaggtcgatgtggtcggtattgccaccgatcattgtgtgcgccagacggccgaggacgcggtacgcaatggcttggccaccagggtgctggtggacctgacagcgggtgtgtcggccgataccaccgtcgccgcgctggaggagatgcgcaccgccagcgtcgagttggtttgcagctcctga,U,{},"{""proportion"": 1.0, ""confidence"": [0.26986594878405434, 1.0000000000000002], ""p_value"": 0.1, ""solo_contingency"": [[1, 0], [616, 22456]], ""contingency"": [[1, 0], [4986, 23787]]}",{}
NC00962.3,PZA-0.1-0.9,0.0,GARC1,RUS,PZA,pncA@C138F,U,{},"{""proportion"": 1.0, ""confidence"": [0.26986594878405434, 1.0000000000000002], ""p_value"": 0.1, ""solo_contingency"": [[1, 0], [616, 22456]], ""contingency"": [[1, 0], [4986, 23787]]}",{}
NC00962.3,PZA-0.1-0.9,0.0,GARC1,RUS,PZA,pncA@420_ins_gc,U,{},"{""proportion"": 1.0, ""confidence"": [0.26986594878405434, 1.0000000000000002], ""p_value"": 0.1, ""solo_contingency"": [[1, 0], [616, 22456]], ""contingency"": [[2, 0], [4985, 23787]]}",{}
NC00962.3,PZA-0.1-0.9,0.0,GARC1,RUS,PZA,pncA@305_del_cgtacagcggcttcgaaggagtcgacgagaacggcacgccactgctgaattggctgcggcaacgcggcgtcgatgaggtcgatgtggtcggtattgccaccgatcattgtgtgcgccagacggccgaggacgcggtacgcaatggcttggccaccagggtgctggtggacctgacagcgggtgtgtcggccgataccaccgtcgccgcgctggaggagatgcgcaccgccagcgtcgagttggtttgcagctcctga,U,{},"{""proportion"": 1.0, ""confidence"": [0.26986594878405434, 1.0000000000000002], ""p_value"": 0.1, ""solo_contingency"": [[1, 0], [616, 22456]], ""contingency"": [[1, 0], [4986, 23787]]}",{}
NC00962.3,PZA-0.1-0.9,0.0,GARC1,RUS,PZA,pncA@S67!,U,{},"{""proportion"": 1.0, ""confidence"": [0.26986594878405434, 1.0000000000000002], ""p_value"": 0.1, ""solo_contingency"": [[1, 0], [616, 22456]], ""contingency"": [[1, 0], [4986, 23787]]}",{}
NC00962.3,PZA-0.1-0.9,0.0,GARC1,RUS,PZA,pncA@434_del_acgcggtacgcaat,U,{},"{""proportion"": 1.0, ""confidence"": [0.26986594878405434, 1.0000000000000002], ""p_value"": 0.1, ""solo_contingency"": [[1, 0], [616, 22456]], ""contingency"": [[1, 0], [4986, 23787]]}",{}
NC00962.3,PZA-0.1-0.9,0.0,GARC1,RUS,PZA,pncA@A28T,U,{},"{""proportion"": 0.0, ""confidence"": [0.0, 0.5749693909936535], ""p_value"": 1.0, ""solo_contingency"": [[0, 2], [616, 22456]], ""contingency"": [[0, 2], [4987, 23785]]}",{}
NC00962.3,PZA-0.1-0.9,0.0,GARC1,RUS,PZA,pncA@V130A,U,{},"{""proportion"": 0.0, ""confidence"": [0.0, 0.7301340512159458], ""p_value"": 1.0, ""solo_contingency"": [[0, 1], [616, 22456]], ""contingency"": [[0, 2], [4987, 23785]]}",{}
NC00962.3,PZA-0.1-0.9,0.0,GARC1,RUS,PZA,pncA@55_del_c,U,{},"{""proportion"": 1.0, ""confidence"": [0.26986594878405434, 1.0000000000000002], ""p_value"": 0.1, ""solo_contingency"": [[1, 0], [616, 22456]], ""contingency"": [[1, 0], [4986, 23787]]}",{}
NC00962.3,PZA-0.1-0.9,0.0,GARC1,RUS,PZA,pncA@375_del_c,U,{},"{""proportion"": 1.0, ""confidence"": [0.26986594878405434, 1.0000000000000002], ""p_value"": 0.1, ""solo_contingency"": [[1, 0], [616, 22456]], ""contingency"": [[1, 0], [4986, 23787]]}",{}
NC00962.3,PZA-0.1-0.9,0.0,GARC1,RUS,PZA,pncA@424_del_acgg,U,{},"{""proportion"": 1.0, ""confidence"": [0.26986594878405434, 1.0000000000000002], ""p_value"": 0.1, ""solo_contingency"": [[1, 0], [616, 22456]], ""contingency"": [[1, 0], [4986, 23787]]}",{}
NC00962.3,PZA-0.1-0.9,0.0,GARC1,RUS,PZA,pncA@G162A,U,{},"{""proportion"": 0.0, ""confidence"": [0.0, 0.7301340512159458], ""p_value"": 1.0, ""solo_contingency"": [[0, 1], [616, 22456]], ""contingency"": [[0, 1], [4987, 23786]]}",{}
NC00962.3,PZA-0.1-0.9,0.0,GARC1,RUS,PZA,pncA@284_del_acaagggtgc,U,{},"{""proportion"": 1.0, ""confidence"": [0.26986594878405434, 1.0000000000000002], ""p_value"": 0.1, ""solo_contingency"": [[1, 0], [616, 22456]], ""contingency"": [[1, 0], [4986, 23787]]}",{}
NC00962.3,PZA-0.1-0.9,0.0,GARC1,RUS,PZA,pncA@t-12g,U,{},"{""proportion"": 1.0, ""confidence"": [0.26986594878405434, 1.0000000000000002], ""p_value"": 0.1, ""solo_contingency"": [[1, 0], [616, 22456]], ""contingency"": [[1, 0], [4986, 23787]]}",{}
NC00962.3,PZA-0.1-0.9,0.0,GARC1,RUS,PZA,pncA@A134Y,U,{},"{""proportion"": 1.0, ""confidence"": [0.26986594878405434, 1.0000000000000002], ""p_value"": 0.1, ""solo_contingency"": [[1, 0], [616, 22456]], ""contingency"": [[1, 0], [4986, 23787]]}",{}
NC00962.3,PZA-0.1-0.9,0.0,GARC1,RUS,PZA,pncA@V44A,U,{},"{""proportion"": 0.0, ""confidence"": [0.0, 0.7301340512159458], ""p_value"": 1.0, ""solo_contingency"": [[0, 1], [616, 22456]], ""contingency"": [[0, 1], [4987, 23786]]}",{}
NC00962.3,PZA-0.1-0.9,0.0,GARC1,RUS,PZA,pncA@D12Y,U,{},"{""proportion"": 1.0, ""confidence"": [0.26986594878405434, 1.0000000000000002], ""p_value"": 0.1, ""solo_contingency"": [[1, 0], [616, 22456]], ""contingency"": [[1, 0], [4986, 23787]]}",{}
NC00962.3,PZA-0.1-0.9,0.0,GARC1,RUS,PZA,pncA@459_ins_gccacc,U,{},"{""proportion"": 1.0, ""confidence"": [0.26986594878405434, 1.0000000000000002], ""p_value"": 0.1, ""solo_contingency"": [[1, 0], [616, 22456]], ""contingency"": [[1, 0], [4986, 23787]]}",{}
NC00962.3,PZA-0.1-0.9,0.0,GARC1,RUS,PZA,pncA@136_del_gcaaccaaggacttccacatcgacccgggtgaccacttctccggcacaccggactattcctcgtcgtggccaccgcattgcgtcagcggtactcccggcgcggacttccatcccagtctggacacgtcggcaatcgaggcggtgttctacaagggtgcctacaccggagcgtacagcggcttcgaaggagtcgacgagaacggcacgccactgctgaattggctgcggcaacgcggcgtcgatgaggtcgatgtggtcggtattgccaccgatcattgtgtgcgccagacggccgaggacgcggtacgcaatggcttggccaccagggtgctggtggacctgacagcgggtgtgtcggccgataccaccgtcgccgcgctggaggagatgcgcaccgccagcgtcgagttggtttgcagctcctga,U,{},"{""proportion"": 1.0, ""confidence"": [0.26986594878405434, 1.0000000000000002], ""p_value"": 0.1, ""solo_contingency"": [[1, 0], [616, 22456]], ""contingency"": [[1, 0], [4986, 23787]]}",{}
NC00962.3,PZA-0.1-0.9,0.0,GARC1,RUS,PZA,pncA@146_del_actt,U,{},"{""proportion"": 1.0, ""confidence"": [0.26986594878405434, 1.0000000000000002], ""p_value"": 0.1, ""solo_contingency"": [[1, 0], [616, 22456]], ""contingency"": [[1, 0], [4986, 23787]]}",{}
NC00962.3,PZA-0.1-0.9,0.0,GARC1,RUS,PZA,pncA@220_del_agcggtactcccggcgcggacttccatcccagtctggacacgtcggcaatcgaggcggtgttctacaagggtgcctacaccggagcgtacagcggcttcgaaggagtcgacgagaacggcacgccactg,U,{},"{""proportion"": 1.0, ""confidence"": [0.26986594878405434, 1.0000000000000002], ""p_value"": 0.1, ""solo_contingency"": [[1, 0], [616, 22456]], ""contingency"": [[1, 0], [4986, 23787]]}",{}
NC00962.3,PZA-0.1-0.9,0.0,GARC1,RUS,PZA,pncA@518_del_a,U,{},"{""proportion"": 1.0, ""confidence"": [0.26986594878405434, 1.0000000000000002], ""p_value"": 0.1, ""solo_contingency"": [[1, 0], [616, 22456]], ""contingency"": [[1, 0], [4986, 23787]]}",{}
NC00962.3,PZA-0.1-0.9,0.0,GARC1,RUS,PZA,pncA@-40_del_gcaaactgcccgggcagtcgcccgaacgtatggtggacgtatgcgggcgttgatcatcgtcgacgtgcagaacgacttctgcgagggtggctcgctggcggtaaccggtggcgccgcgctggcccgcgccatcagcgactacctggccgaagcggcggactaccatcacgtcgtggcaaccaaggacttccacatcgacccgggtgaccacttctccggcacaccggactattcctcgtcgtggccaccgcattgcgtcagcggtactcccggcgcggacttccatcccagtctggacacgtcggcaatcgaggcggtgttctacaagggtgcctacaccggagcgtacagcggcttcgaaggagtcgacgagaacggcacgccactgctgaattggctgcggcaacgcggcgtcgatgaggtcgatgtggtcggtattgccaccgatcattgtgtgcgccagacggccgaggacgcggtacgcaatggcttggccaccagggtgctggtggacctgacagcgggtgtgtcggccgataccaccgtcgccgcgctggaggagatgcgcaccgc,U,{},"{""proportion"": 1.0, ""confidence"": [0.26986594878405434, 1.0000000000000002], ""p_value"": 0.1, ""solo_contingency"": [[1, 0], [616, 22456]], ""contingency"": [[1, 0], [4986, 23787]]}",{}
NC00962.3,PZA-0.1-0.9,0.0,GARC1,RUS,PZA,pncA@c-39t,U,{},"{""proportion"": 0.0, ""confidence"": [0.0, 0.7301340512159458], ""p_value"": 1.0, ""solo_contingency"": [[0, 1], [616, 22456]], ""contingency"": [[0, 1], [4987, 23786]]}",{}
NC00962.3,PZA-0.1-0.9,0.0,GARC1,RUS,PZA,pncA@A170V,U,{},"{""proportion"": 0.0, ""confidence"": [0.0, 0.7301340512159458], ""p_value"": 1.0, ""solo_contingency"": [[0, 1], [616, 22456]], ""contingency"": [[0, 1], [4987, 23786]]}",{}
NC00962.3,PZA-0.1-0.9,0.0,GARC1,RUS,PZA,pncA@48_del_tggctcgctggcggtaaccggtggcgccgcgctggcccgcgccatcagcgactacctggccgaagcggcggactaccatcacgtcgtggcaaccaaggacttccacatcgacccgggtgaccacttctccggcacaccggactattcctcgtcgtggccaccgcattgcgtcagcggtactcccggcgcggacttccatcccagtctggacacgtcggcaatcgaggcggtgttctacaagggtgcctacaccggagcgtacagcggcttcgaaggagtcgacgagaacggcacgccactgctgaattggctgcggcaacgcggcgtcgatgaggtcgatgtggtcggtattg,U,{},"{""proportion"": 1.0, ""confidence"": [0.26986594878405434, 1.0000000000000002], ""p_value"": 0.1, ""solo_contingency"": [[1, 0], [616, 22456]], ""contingency"": [[1, 0], [4986, 23787]]}",{}
NC00962.3,PZA-0.1-0.9,0.0,GARC1,RUS,PZA,pncA@G101R,U,{},"{""proportion"": 0.0, ""confidence"": [0.0, 0.7301340512159458], ""p_value"": 1.0, ""solo_contingency"": [[0, 1], [616, 22456]], ""contingency"": [[1, 2], [4986, 23785]]}",{}
NC00962.3,PZA-0.1-0.9,0.0,GARC1,RUS,PZA,pncA@171_del_cttctccggcacaccggactattcctcgtcgtggccaccgcattgcgtcagcggtactcccggcgcggacttccatcccagtctggacacgtcggcaatcgaggcggtgttctacaagggtgcctacaccggagcgtacagcggcttcgaa,U,{},"{""proportion"": 1.0, ""confidence"": [0.26986594878405434, 1.0000000000000002], ""p_value"": 0.1, ""solo_contingency"": [[1, 0], [616, 22456]], ""contingency"": [[1, 0], [4986, 23787]]}",{}
NC00962.3,PZA-0.1-0.9,0.0,GARC1,RUS,PZA,pncA@c-32a,U,{},"{""proportion"": 0.0, ""confidence"": [0.0, 0.7301340512159458], ""p_value"": 1.0, ""solo_contingency"": [[0, 1], [616, 22456]], ""contingency"": [[0, 1], [4987, 23786]]}",{}
NC00962.3,PZA-0.1-0.9,0.0,GARC1,RUS,PZA,pncA@V125D,U,{},"{""proportion"": 0.0, ""confidence"": [0.0, 0.7301340512159458], ""p_value"": 1.0, ""solo_contingency"": [[0, 1], [616, 22456]], ""contingency"": [[0, 1], [4987, 23786]]}",{}
NC00962.3,PZA-0.1-0.9,0.0,GARC1,RUS,PZA,pncA@339_ins_c,U,{},"{""proportion"": 1.0, ""confidence"": [0.26986594878405434, 1.0000000000000002], ""p_value"": 0.1, ""solo_contingency"": [[1, 0], [616, 22456]], ""contingency"": [[1, 0], [4986, 23787]]}",{}
NC00962.3,PZA-0.1-0.9,0.0,GARC1,RUS,PZA,pncA@-40_del_gcaaactgcccgggcagtcgcccgaacgtatggtggacgtatgcgggcgttgatcatcgtcgacgtgcagaacgacttctgcgagggtggctcgctggcggtaaccggtggcgccgcgctggcccgcgccatcagcgactacctggccgaagcggcggactaccatcacgtcgtggcaaccaaggacttccacatcgacccgggtgaccacttctccggcacaccggactattcctcgtcgtggccaccg,U,{},"{""proportion"": 1.0, ""confidence"": [0.26986594878405434, 1.0000000000000002], ""p_value"": 0.1, ""solo_contingency"": [[1, 0], [616, 22456]], ""contingency"": [[1, 0], [4986, 23787]]}",{}
NC00962.3,PZA-0.1-0.9,0.0,GARC1,RUS,PZA,pncA@K48R,U,{},"{""proportion"": 0.0, ""confidence"": [0.0, 0.7301340512159458], ""p_value"": 1.0, ""solo_contingency"": [[0, 1], [616, 22456]], ""contingency"": [[0, 1], [4987, 23786]]}",{}
NC00962.3,PZA-0.1-0.9,0.0,GARC1,RUS,PZA,pncA@93_ins_t,U,{},"{""proportion"": 1.0, ""confidence"": [0.26986594878405434, 1.0000000000000002], ""p_value"": 0.1, ""solo_contingency"": [[1, 0], [616, 22456]], ""contingency"": [[1, 0], [4986, 23787]]}",{}
NC00962.3,PZA-0.1-0.9,0.0,GARC1,RUS,PZA,pncA@C138S,U,{},"{""proportion"": 1.0, ""confidence"": [0.26986594878405434, 1.0000000000000002], ""p_value"": 0.1, ""solo_contingency"": [[1, 0], [616, 22456]], ""contingency"": [[1, 0], [4986, 23787]]}",{}
NC00962.3,PZA-0.1-0.9,0.0,GARC1,RUS,PZA,pncA@V93M,U,{},"{""proportion"": 1.0, ""confidence"": [0.26986594878405434, 1.0000000000000002], ""p_value"": 0.1, ""solo_contingency"": [[1, 0], [616, 22456]], ""contingency"": [[1, 0], [4986, 23787]]}",{}
NC00962.3,PZA-0.1-0.9,0.0,GARC1,RUS,PZA,pncA@151_ins_c,U,{},"{""proportion"": 1.0, ""confidence"": [0.26986594878405434, 1.0000000000000002], ""p_value"": 0.1, ""solo_contingency"": [[1, 0], [616, 22456]], ""contingency"": [[1, 0], [4986, 23787]]}",{}
NC00962.3,PZA-0.1-0.9,0.0,GARC1,RUS,PZA,pncA@D145G,U,{},"{""proportion"": 1.0, ""confidence"": [0.26986594878405434, 1.0000000000000002], ""p_value"": 0.1, ""solo_contingency"": [[1, 0], [616, 22456]], ""contingency"": [[1, 0], [4986, 23787]]}",{}
NC00962.3,PZA-0.1-0.9,0.0,GARC1,RUS,PZA,pncA@104_del_tggccgaagcggcggactaccatcacgtcgtggcaaccaaggacttccacatcgacccgggtgaccacttctccggcacaccggactattcctcgtcgtggccaccgcattgcgtcagcggtactcccggcgcggacttccatcccagtctggacacgtcggcaatcgaggcggtgttctacaagggtgcctacaccggagcgtacagcggcttcgaaggagtcgacgagaacggcacgccactgctgaattggctgcggcaacgcggcgtcgatgaggtcgatgtggtcggtattgccaccgatcattgtgtgcgccagacggccgaggacgcggtacgcaatggcttggccaccagggtgctggtggacctgacagcgggtgtgtcggccgataccaccgtcgccgcgctggaggagatgcgcaccgccagcgtcgagttggtttgcagctcctga,U,{},"{""proportion"": 1.0, ""confidence"": [0.26986594878405434, 1.0000000000000002], ""p_value"": 0.1, ""solo_contingency"": [[1, 0], [616, 22456]], ""contingency"": [[1, 0], [4986, 23787]]}",{}
NC00962.3,PZA-0.1-0.9,0.0,GARC1,RUS,PZA,pncA@170_ins_a,U,{},"{""proportion"": 1.0, ""confidence"": [0.26986594878405434, 1.0000000000000002], ""p_value"": 0.1, ""solo_contingency"": [[1, 0], [616, 22456]], ""contingency"": [[1, 0], [4986, 23787]]}",{}
NC00962.3,PZA-0.1-0.9,0.0,GARC1,RUS,PZA,pncA@L116R,U,{},"{""proportion"": 1.0, ""confidence"": [0.26986594878405434, 1.0000000000000002], ""p_value"": 0.1, ""solo_contingency"": [[1, 0], [616, 22456]], ""contingency"": [[1, 0], [4986, 23787]]}",{}
NC00962.3,PZA-0.1-0.9,0.0,GARC1,RUS,PZA,pncA@473_del_a,U,{},"{""proportion"": 1.0, ""confidence"": [0.26986594878405434, 1.0000000000000002], ""p_value"": 0.1, ""solo_contingency"": [[1, 0], [616, 22456]], ""contingency"": [[1, 0], [4986, 23787]]}",{}
NC00962.3,PZA-0.1-0.9,0.0,GARC1,RUS,PZA,pncA@305_ins_c,U,{},"{""proportion"": 1.0, ""confidence"": [0.26986594878405434, 1.0000000000000002], ""p_value"": 0.1, ""solo_contingency"": [[1, 0], [616, 22456]], ""contingency"": [[1, 0], [4986, 23787]]}",{}
NC00962.3,PZA-0.1-0.9,0.0,GARC1,RUS,PZA,pncA@302_del_g,U,{},"{""proportion"": 1.0, ""confidence"": [0.26986594878405434, 1.0000000000000002], ""p_value"": 0.1, ""solo_contingency"": [[1, 0], [616, 22456]], ""contingency"": [[1, 0], [4986, 23787]]}",{}
NC00962.3,PZA-0.1-0.9,0.0,GARC1,RUS,PZA,pncA@74_ins_gc,U,{},"{""proportion"": 1.0, ""confidence"": [0.26986594878405434, 1.0000000000000002], ""p_value"": 0.1, ""solo_contingency"": [[1, 0], [616, 22456]], ""contingency"": [[1, 0], [4986, 23787]]}",{}
NC00962.3,PZA-0.1-0.9,0.0,GARC1,RUS,PZA,pncA@D63Y,U,{},"{""proportion"": 0.0, ""confidence"": [0.0, 0.7301340512159458], ""p_value"": 1.0, ""solo_contingency"": [[0, 1], [616, 22456]], ""contingency"": [[0, 1], [4987, 23786]]}",{}
NC00962.3,PZA-0.1-0.9,0.0,GARC1,RUS,PZA,pncA@L117R,U,{},"{""proportion"": 0.0, ""confidence"": [0.0, 0.7301340512159458], ""p_value"": 1.0, ""solo_contingency"": [[0, 1], [616, 22456]], ""contingency"": [[0, 1], [4987, 23786]]}",{}
NC00962.3,PZA-0.1-0.9,0.0,GARC1,RUS,PZA,pncA@105_del_ggccgaagcggcggactaccatcacgtcgtggcaaccaaggacttccacatcgacccgggtgaccactt,U,{},"{""proportion"": 1.0, ""confidence"": [0.26986594878405434, 1.0000000000000002], ""p_value"": 0.1, ""solo_contingency"": [[1, 0], [616, 22456]], ""contingency"": [[1, 0], [4986, 23787]]}",{}
NC00962.3,PZA-0.1-0.9,0.0,GARC1,RUS,PZA,pncA@2_del_t,U,{},"{""proportion"": 0.0, ""confidence"": [0.0, 0.7301340512159458], ""p_value"": 1.0, ""solo_contingency"": [[0, 1], [616, 22456]], ""contingency"": [[0, 1], [4987, 23786]]}",{}
NC00962.3,PZA-0.1-0.9,0.0,GARC1,RUS,PZA,pncA@211_ins_gc,U,{},"{""proportion"": 1.0, ""confidence"": [0.26986594878405434, 1.0000000000000002], ""p_value"": 0.1, ""solo_contingency"": [[1, 0], [616, 22456]], ""contingency"": [[1, 0], [4986, 23787]]}",{}
NC00962.3,PZA-0.1-0.9,0.0,GARC1,RUS,PZA,pncA@V157G,U,{},"{""proportion"": 1.0, ""confidence"": [0.26986594878405434, 1.0000000000000002], ""p_value"": 0.1, ""solo_contingency"": [[1, 0], [616, 22456]], ""contingency"": [[2, 0], [4985, 23787]]}",{}
NC00962.3,PZA-0.1-0.9,0.0,GARC1,RUS,PZA,pncA@290_ins_g,U,{},"{""proportion"": 1.0, ""confidence"": [0.26986594878405434, 1.0000000000000002], ""p_value"": 0.1, ""solo_contingency"": [[1, 0], [616, 22456]], ""contingency"": [[1, 0], [4986, 23787]]}",{}
NC00962.3,PZA-0.1-0.9,0.0,GARC1,RUS,PZA,pncA@48_del_t,U,{},"{""proportion"": 1.0, ""confidence"": [0.26986594878405434, 1.0000000000000002], ""p_value"": 0.1, ""solo_contingency"": [[1, 0], [616, 22456]], ""contingency"": [[1, 0], [4986, 23787]]}",{}
NC00962.3,PZA-0.1-0.9,0.0,GARC1,RUS,PZA,pncA@16_del_atcgtc,U,{},"{""proportion"": 0.0, ""confidence"": [0.0, 0.7301340512159458], ""p_value"": 1.0, ""solo_contingency"": [[0, 1], [616, 22456]], ""contingency"": [[0, 1], [4987, 23786]]}",{}
NC00962.3,PZA-0.1-0.9,0.0,GARC1,RUS,PZA,pncA@282_del_ctacaagggtgcctacaccggagcgtacagcggcttcgaaggagtcgacgagaacggcacgccactgctgaattggctgcggca,U,{},"{""proportion"": 1.0, ""confidence"": [0.26986594878405434, 1.0000000000000002], ""p_value"": 0.1, ""solo_contingency"": [[1, 0], [616, 22456]], ""contingency"": [[1, 0], [4986, 23787]]}",{}
NC00962.3,PZA-0.1-0.9,0.0,GARC1,RUS,PZA,pncA@C138W,U,{},"{""proportion"": 1.0, ""confidence"": [0.26986594878405434, 1.0000000000000002], ""p_value"": 0.1, ""solo_contingency"": [[1, 0], [616, 22456]], ""contingency"": [[1, 0], [4986, 23787]]}",{}
NC00962.3,PZA-0.1-0.9,0.0,GARC1,RUS,PZA,pncA@E174G,U,{},"{""proportion"": 0.0, ""confidence"": [0.0, 0.7301340512159458], ""p_value"": 1.0, ""solo_contingency"": [[0, 1], [616, 22456]], ""contingency"": [[0, 1], [4987, 23786]]}",{}
NC00962.3,PZA-0.1-0.9,0.0,GARC1,RUS,PZA,pncA@547_ins_c,U,{},"{""proportion"": 0.0, ""confidence"": [0.0, 0.7301340512159458], ""p_value"": 1.0, ""solo_contingency"": [[0, 1], [616, 22456]], ""contingency"": [[0, 1], [4987, 23786]]}",{}
NC00962.3,PZA-0.1-0.9,0.0,GARC1,RUS,PZA,pncA@540_ins_c,U,{},"{""proportion"": 0.0, ""confidence"": [0.0, 0.7301340512159458], ""p_value"": 1.0, ""solo_contingency"": [[0, 1], [616, 22456]], ""contingency"": [[0, 1], [4987, 23786]]}",{}
NC00962.3,PZA-0.1-0.9,0.0,GARC1,RUS,PZA,pncA@149_del_tccacatcga,U,{},"{""proportion"": 1.0, ""confidence"": [0.26986594878405434, 1.0000000000000002], ""p_value"": 0.1, ""solo_contingency"": [[1, 0], [616, 22456]], ""contingency"": [[1, 0], [4986, 23787]]}",{}
NC00962.3,PZA-0.1-0.9,0.0,GARC1,RUS,PZA,pncA@288_ins_acaag,U,{},"{""proportion"": 1.0, ""confidence"": [0.26986594878405434, 1.0000000000000002], ""p_value"": 0.1, ""solo_contingency"": [[1, 0], [616, 22456]], ""contingency"": [[1, 0], [4986, 23787]]}",{}
NC00962.3,PZA-0.1-0.9,0.0,GARC1,RUS,PZA,pncA@244_ins_t,U,{},"{""proportion"": 1.0, ""confidence"": [0.26986594878405434, 1.0000000000000002], ""p_value"": 0.1, ""solo_contingency"": [[1, 0], [616, 22456]], ""contingency"": [[1, 0], [4986, 23787]]}",{}
NC00962.3,PZA-0.1-0.9,0.0,GARC1,RUS,PZA,pncA@A98S,U,{},"{""proportion"": 0.0, ""confidence"": [0.0, 0.7301340512159458], ""p_value"": 1.0, ""solo_contingency"": [[0, 1], [616, 22456]], ""contingency"": [[0, 1], [4987, 23786]]}",{}
NC00962.3,PZA-0.1-0.9,0.0,GARC1,RUS,PZA,pncA@-*_indel,U,{},"{""default_rule"": ""True""}",{}
NC00962.3,PZA-0.1-0.9,0.0,GARC1,RUS,PZA,pncA@*_indel,U,{},"{""default_rule"": ""True""}",{}
NC00962.3,PZA-0.1-0.9,0.0,GARC1,RUS,PZA,pncA@-*?,U,{},"{""default_rule"": ""True""}",{}
NC00962.3,PZA-0.1-0.9,0.0,GARC1,RUS,PZA,pncA@*?,U,{},"{""default_rule"": ""True""}",{}
NC00962.3,PZA-0.1-0.9,0.0,GARC1,RUS,PZA,pncA@del_0.0,U,{},"{""default_rule"": ""True""}",{}
