,GENBANK_REFERENCE,CATALOGUE_NAME,CATALOGUE_VERSION,CATALOGUE_GRAMMAR,PREDICTION_VALUES,DRUG,MUTATION,PREDICTION,SOURCE,EVIDENCE,OTHER
0,NC00962.3,STM-0.05-0.95,0.0,GARC1,RUS,STM,gid@L16R,S,{},"{""proportion"": 0.02608695652173913, ""confidence"": [0.017124807076439107, 0.03955064930722824], ""p_value"": 0.0011398674804549854, ""contingency"": [[21, 784], [128, 5390]]}",{}
1,NC00962.3,STM-0.05-0.95,0.0,GARC1,RUS,STM,gid@E92D,S,{},"{""proportion"": 0.02495075508864084, ""confidence"": [0.01823159488227621, 0.03406031686759353], ""p_value"": 1.2511493103624464e-06, ""contingency"": [[38, 1485], [128, 5390]]}",{}
2,NC00962.3,STM-0.05-0.95,0.0,GARC1,RUS,STM,rrs@c492t,S,{},"{""proportion"": 0.011049723756906077, ""confidence"": [0.004305179912241726, 0.02806255352853774], ""p_value"": 0.00014217901661111508, ""contingency"": [[4, 358], [188, 7663]]}",{}
3,NC00962.3,STM-0.05-0.95,0.0,GARC1,RUS,STM,gid@Y195H,S,{},"{""proportion"": 0.013245033112582781, ""confidence"": [0.00363981286206624, 0.0470020428813268], ""p_value"": 0.03712847094829226, ""contingency"": [[2, 149], [188, 7663]]}",{}
659,NC00962.3,STM-0.05-0.95,0.0,GARC1,RUS,STM,rrs@*=,S,{},"{""default_rule"": ""True""}",{}
665,NC00962.3,STM-0.05-0.95,0.0,GARC1,RUS,STM,rpsL@*=,S,{},"{""default_rule"": ""True""}",{}
671,NC00962.3,STM-0.05-0.95,0.0,GARC1,RUS,STM,gid@*=,S,{},"{""default_rule"": ""True""}",{}
4,NC00962.3,STM-0.05-0.95,0.0,GARC1,RUS,STM,gid@G157R,R,{},"{""proportion"": 0.5714285714285714, ""confidence"": [0.2504583645276572, 0.8417801447485304], ""p_value"": 0.00019357812499999996, ""contingency"": [[4, 3], [194, 8170]]}",{}
5,NC00962.3,STM-0.05-0.95,0.0,GARC1,RUS,STM,rpsL@K88R,R,{},"{""proportion"": 0.9563218390804598, ""confidence"": [0.9327928151920765, 0.9718619115214493], ""p_value"": 0.0, ""contingency"": [[416, 19], [194, 8170]]}",{}
6,NC00962.3,STM-0.05-0.95,0.0,GARC1,RUS,STM,rrs@c517t,R,{},"{""proportion"": 0.8451612903225807, ""confidence"": [0.8006917590849972, 0.8811811865867978], ""p_value"": 7.7395683430688115e-286, ""contingency"": [[262, 48], [194, 8170]]}",{}
7,NC00962.3,STM-0.05-0.95,0.0,GARC1,RUS,STM,gid@48_del_t,R,{},"{""proportion"": 1.0, ""confidence"": [0.4385029682449545, 1.0], ""p_value"": 0.00012500000000000003, ""contingency"": [[3, 0], [194, 8170]]}",{}
8,NC00962.3,STM-0.05-0.95,0.0,GARC1,RUS,STM,gid@Q125!,R,{},"{""proportion"": 0.75, ""confidence"": [0.5050168346449122, 0.8981793250878696], ""p_value"": 3.6784192657470715e-13, ""contingency"": [[12, 4], [194, 8170]]}",{}
17,NC00962.3,STM-0.05-0.95,0.0,GARC1,RUS,STM,gid@351_ins_g,R,{},"{""proportion"": 0.35294117647058826, ""confidence"": [0.1730972039724374, 0.5869963651478131], ""p_value"": 0.0001197201393852987, ""contingency"": [[6, 11], [194, 8170]]}",{}
18,NC00962.3,STM-0.05-0.95,0.0,GARC1,RUS,STM,rpsL@K43R,R,{},"{""proportion"": 0.9652978600347022, ""confidence"": [0.955587422571479, 0.9729453014176068], ""p_value"": 0.0, ""contingency"": [[1669, 60], [194, 8170]]}",{}
20,NC00962.3,STM-0.05-0.95,0.0,GARC1,RUS,STM,gid@351_del_g,R,{},"{""proportion"": 0.5679012345679012, ""confidence"": [0.45937436474974946, 0.6702792285865892], ""p_value"": 2.5042972904189297e-38, ""contingency"": [[46, 35], [194, 8170]]}",{}
23,NC00962.3,STM-0.05-0.95,0.0,GARC1,RUS,STM,gid@E92!,R,{},"{""proportion"": 0.6, ""confidence"": [0.23072428127601285, 0.8823792257673521], ""p_value"": 0.001158125, ""contingency"": [[3, 2], [194, 8170]]}",{}
25,NC00962.3,STM-0.05-0.95,0.0,GARC1,RUS,STM,rrs@t16c,R,{},"{""proportion"": 1.0, ""confidence"": [0.20654931437723742, 1.0], ""p_value"": 0.05, ""contingency"": [[1, 0], [194, 8170]]}",{}
27,NC00962.3,STM-0.05-0.95,0.0,GARC1,RUS,STM,gid@A138V,R,{},"{""proportion"": 0.6666666666666666, ""confidence"": [0.4670631683813174, 0.8202780967270225], ""p_value"": 7.63340563056874e-16, ""contingency"": [[16, 8], [194, 8170]]}",{}
33,NC00962.3,STM-0.05-0.95,0.0,GARC1,RUS,STM,gid@R137W,R,{},"{""proportion"": 0.6, ""confidence"": [0.35746830120624606, 0.8017550385865843], ""p_value"": 7.418255825897218e-09, ""contingency"": [[9, 6], [194, 8170]]}",{}
34,NC00962.3,STM-0.05-0.95,0.0,GARC1,RUS,STM,gid@V65G,R,{},"{""proportion"": 0.375, ""confidence"": [0.13684428582359737, 0.6942576053973727], ""p_value"": 0.0057882179296875, ""contingency"": [[3, 5], [194, 8170]]}",{}
36,NC00962.3,STM-0.05-0.95,0.0,GARC1,RUS,STM,gid@L79S,R,{},"{""proportion"": 0.7096774193548387, ""confidence"": [0.5340767066925007, 0.8390419984369939], ""p_value"": 3.0928162921997653e-22, ""contingency"": [[22, 9], [194, 8170]]}",{}
37,NC00962.3,STM-0.05-0.95,0.0,GARC1,RUS,STM,gid@E92G,R,{},"{""proportion"": 0.75, ""confidence"": [0.3006418425824019, 0.9544127391902995], ""p_value"": 0.00048125, ""contingency"": [[3, 1], [194, 8170]]}",{}
39,NC00962.3,STM-0.05-0.95,0.0,GARC1,RUS,STM,gid@V139A,R,{},"{""proportion"": 1.0, ""confidence"": [0.20654931437723742, 1.0], ""p_value"": 0.05, ""contingency"": [[1, 0], [194, 8170]]}",{}
42,NC00962.3,STM-0.05-0.95,0.0,GARC1,RUS,STM,rrs@a514c,R,{},"{""proportion"": 0.95, ""confidence"": [0.9044490208244799, 0.9744494035211655], ""p_value"": 1.0390768210423483e-185, ""contingency"": [[152, 8], [194, 8170]]}",{}
44,NC00962.3,STM-0.05-0.95,0.0,GARC1,RUS,STM,gid@S70R,R,{},"{""proportion"": 0.5625, ""confidence"": [0.331785563988119, 0.7690134759450764], ""p_value"": 1.6195209928169245e-08, ""contingency"": [[9, 7], [194, 8170]]}",{}
46,NC00962.3,STM-0.05-0.95,0.0,GARC1,RUS,STM,gid@115_del_c,R,{},"{""proportion"": 0.5875, ""confidence"": [0.47804040345890164, 0.6889414238723811], ""p_value"": 4.323337368270182e-40, ""contingency"": [[47, 33], [194, 8170]]}",{}
49,NC00962.3,STM-0.05-0.95,0.0,GARC1,RUS,STM,gid@G69D,R,{},"{""proportion"": 0.8571428571428571, ""confidence"": [0.6005862050302965, 0.9599060787285351], ""p_value"": 2.021362304687501e-14, ""contingency"": [[12, 2], [194, 8170]]}",{}
51,NC00962.3,STM-0.05-0.95,0.0,GARC1,RUS,STM,gid@R97L,R,{},"{""proportion"": 0.4, ""confidence"": [0.11762077423264786, 0.769275718723987], ""p_value"": 0.022592499999999995, ""contingency"": [[2, 3], [194, 8170]]}",{}
57,NC00962.3,STM-0.05-0.95,0.0,GARC1,RUS,STM,gid@102_del_g,R,{},"{""proportion"": 0.58, ""confidence"": [0.4820648670304296, 0.6720161732564526], ""p_value"": 1.1813087972716538e-48, ""contingency"": [[58, 42], [194, 8170]]}",{}
59,NC00962.3,STM-0.05-0.95,0.0,GARC1,RUS,STM,gid@S149R,R,{},"{""proportion"": 0.5217391304347826, ""confidence"": [0.32962737336427406, 0.7076284258335335], ""p_value"": 1.9644559518206044e-10, ""contingency"": [[12, 11], [194, 8170]]}",{}
62,NC00962.3,STM-0.05-0.95,0.0,GARC1,RUS,STM,gid@L108R,R,{},"{""proportion"": 0.3333333333333333, ""confidence"": [0.09677141110578043, 0.7000066848616079], ""p_value"": 0.032773828124999994, ""contingency"": [[2, 4], [194, 8170]]}",{}
64,NC00962.3,STM-0.05-0.95,0.0,GARC1,RUS,STM,rpsL@K88M,R,{},"{""proportion"": 1.0, ""confidence"": [0.6456695649333126, 1.0], ""p_value"": 7.812500000000003e-10, ""contingency"": [[7, 0], [194, 8170]]}",{}
67,NC00962.3,STM-0.05-0.95,0.0,GARC1,RUS,STM,gid@H48Y,R,{},"{""proportion"": 0.7142857142857143, ""confidence"": [0.35893445183261935, 0.9177810759959434], ""p_value"": 6.0273437499999995e-06, ""contingency"": [[5, 2], [194, 8170]]}",{}
68,NC00962.3,STM-0.05-0.95,0.0,GARC1,RUS,STM,gid@W45!,R,{},"{""proportion"": 0.5454545454545454, ""confidence"": [0.28009153740932197, 0.7872872837754022], ""p_value"": 5.80134505859375e-06, ""contingency"": [[6, 5], [194, 8170]]}",{}
73,NC00962.3,STM-0.05-0.95,0.0,GARC1,RUS,STM,rrs@a1401g,R,{},"{""proportion"": 0.17857142857142858, ""confidence"": [0.07878501945604276, 0.35591424789342946], ""p_value"": 0.011708399183360248, ""contingency"": [[5, 23], [194, 8170]]}",{}
87,NC00962.3,STM-0.05-0.95,0.0,GARC1,RUS,STM,gid@R102!,R,{},"{""proportion"": 0.5, ""confidence"": [0.15003898915214947, 0.8499610108478506], ""p_value"": 0.014018749999999998, ""contingency"": [[2, 2], [194, 8170]]}",{}
92,NC00962.3,STM-0.05-0.95,0.0,GARC1,RUS,STM,gid@G76D,R,{},"{""proportion"": 0.6666666666666666, ""confidence"": [0.20765960080204768, 0.9385080552796037], ""p_value"": 0.007250000000000001, ""contingency"": [[2, 1], [194, 8170]]}",{}
93,NC00962.3,STM-0.05-0.95,0.0,GARC1,RUS,STM,gid@A138L,R,{},"{""proportion"": 1.0, ""confidence"": [0.20654931437723742, 1.0], ""p_value"": 0.05, ""contingency"": [[1, 0], [194, 8170]]}",{}
94,NC00962.3,STM-0.05-0.95,0.0,GARC1,RUS,STM,gid@S70G,R,{},"{""proportion"": 0.75, ""confidence"": [0.3006418425824019, 0.9544127391902995], ""p_value"": 0.00048125, ""contingency"": [[3, 1], [194, 8170]]}",{}
105,NC00962.3,STM-0.05-0.95,0.0,GARC1,RUS,STM,rpsL@K88Q,R,{},"{""proportion"": 0.6, ""confidence"": [0.3126737697336583, 0.8318196702937638], ""p_value"": 2.7545826171875003e-06, ""contingency"": [[6, 4], [194, 8170]]}",{}
115,NC00962.3,STM-0.05-0.95,0.0,GARC1,RUS,STM,gid@V202G,R,{},"{""proportion"": 1.0, ""confidence"": [0.3423802275066531, 1.0], ""p_value"": 0.0025000000000000005, ""contingency"": [[2, 0], [194, 8170]]}",{}
116,NC00962.3,STM-0.05-0.95,0.0,GARC1,RUS,STM,gid@386_del_g,R,{},"{""proportion"": 0.3333333333333333, ""confidence"": [0.1205838183869109, 0.6457978644196036], ""p_value"": 0.008361039546874997, ""contingency"": [[3, 6], [194, 8170]]}",{}
117,NC00962.3,STM-0.05-0.95,0.0,GARC1,RUS,STM,gid@L108P,R,{},"{""proportion"": 1.0, ""confidence"": [0.20654931437723742, 1.0], ""p_value"": 0.05, ""contingency"": [[1, 0], [194, 8170]]}",{}
119,NC00962.3,STM-0.05-0.95,0.0,GARC1,RUS,STM,gid@V115G,R,{},"{""proportion"": 1.0, ""confidence"": [0.20654931437723742, 1.0], ""p_value"": 0.05, ""contingency"": [[1, 0], [194, 8170]]}",{}
120,NC00962.3,STM-0.05-0.95,0.0,GARC1,RUS,STM,gid@G117R,R,{},"{""proportion"": 0.7142857142857143, ""confidence"": [0.35893445183261935, 0.9177810759959434], ""p_value"": 6.0273437499999995e-06, ""contingency"": [[5, 2], [194, 8170]]}",{}
124,NC00962.3,STM-0.05-0.95,0.0,GARC1,RUS,STM,gid@T146R,R,{},"{""proportion"": 1.0, ""confidence"": [0.20654931437723742, 1.0], ""p_value"": 0.05, ""contingency"": [[1, 0], [194, 8170]]}",{}
126,NC00962.3,STM-0.05-0.95,0.0,GARC1,RUS,STM,gid@A138P,R,{},"{""proportion"": 0.8, ""confidence"": [0.37553462976252533, 0.9637758913675698], ""p_value"": 3.0000000000000008e-05, ""contingency"": [[4, 1], [194, 8170]]}",{}
127,NC00962.3,STM-0.05-0.95,0.0,GARC1,RUS,STM,gid@L50R,R,{},"{""proportion"": 0.425, ""confidence"": [0.28509392559950375, 0.5780493145800892], ""p_value"": 2.2296827390096937e-12, ""contingency"": [[17, 23], [194, 8170]]}",{}
128,NC00962.3,STM-0.05-0.95,0.0,GARC1,RUS,STM,gid@R206!,R,{},"{""proportion"": 0.6666666666666666, ""confidence"": [0.20765960080204768, 0.9385080552796037], ""p_value"": 0.007250000000000001, ""contingency"": [[2, 1], [194, 8170]]}",{}
129,NC00962.3,STM-0.05-0.95,0.0,GARC1,RUS,STM,gid@258_ins_g,R,{},"{""proportion"": 1.0, ""confidence"": [0.3423802275066531, 1.0], ""p_value"": 0.0025000000000000005, ""contingency"": [[2, 0], [194, 8170]]}",{}
131,NC00962.3,STM-0.05-0.95,0.0,GARC1,RUS,STM,gid@H48N,R,{},"{""proportion"": 0.5555555555555556, ""confidence"": [0.26665129349549305, 0.8112214789023354], ""p_value"": 3.3222207031249994e-05, ""contingency"": [[5, 4], [194, 8170]]}",{}
132,NC00962.3,STM-0.05-0.95,0.0,GARC1,RUS,STM,gid@V135G,R,{},"{""proportion"": 1.0, ""confidence"": [0.3423802275066531, 1.0], ""p_value"": 0.0025000000000000005, ""contingency"": [[2, 0], [194, 8170]]}",{}
133,NC00962.3,STM-0.05-0.95,0.0,GARC1,RUS,STM,gid@L79W,R,{},"{""proportion"": 0.7894736842105263, ""confidence"": [0.5666572155618583, 0.9149232336708374], ""p_value"": 9.762433242797856e-17, ""contingency"": [[15, 4], [194, 8170]]}",{}
134,NC00962.3,STM-0.05-0.95,0.0,GARC1,RUS,STM,gid@E40Q,R,{},"{""proportion"": 1.0, ""confidence"": [0.3423802275066531, 1.0], ""p_value"": 0.0025000000000000005, ""contingency"": [[2, 0], [194, 8170]]}",{}
135,NC00962.3,STM-0.05-0.95,0.0,GARC1,RUS,STM,rrs@a514t,R,{},"{""proportion"": 0.9090909090909091, ""confidence"": [0.6226415635484044, 0.9837678271141151], ""p_value"": 1.0253906250000005e-12, ""contingency"": [[10, 1], [194, 8170]]}",{}
137,NC00962.3,STM-0.05-0.95,0.0,GARC1,RUS,STM,gid@52_del_c,R,{},"{""proportion"": 0.3333333333333333, ""confidence"": [0.09677141110578043, 0.7000066848616079], ""p_value"": 0.032773828124999994, ""contingency"": [[2, 4], [194, 8170]]}",{}
139,NC00962.3,STM-0.05-0.95,0.0,GARC1,RUS,STM,gid@P75S,R,{},"{""proportion"": 0.4074074074074074, ""confidence"": [0.24514757074395555, 0.592732990319353], ""p_value"": 3.0111415131823474e-08, ""contingency"": [[11, 16], [194, 8170]]}",{}
140,NC00962.3,STM-0.05-0.95,0.0,GARC1,RUS,STM,gid@P93L,R,{},"{""proportion"": 0.4, ""confidence"": [0.11762077423264786, 0.769275718723987], ""p_value"": 0.022592499999999995, ""contingency"": [[2, 3], [194, 8170]]}",{}
142,NC00962.3,STM-0.05-0.95,0.0,GARC1,RUS,STM,gid@S136!,R,{},"{""proportion"": 0.6666666666666666, ""confidence"": [0.20765960080204768, 0.9385080552796037], ""p_value"": 0.007250000000000001, ""contingency"": [[2, 1], [194, 8170]]}",{}
143,NC00962.3,STM-0.05-0.95,0.0,GARC1,RUS,STM,gid@R137L,R,{},"{""proportion"": 0.6666666666666666, ""confidence"": [0.20765960080204768, 0.9385080552796037], ""p_value"": 0.007250000000000001, ""contingency"": [[2, 1], [194, 8170]]}",{}
144,NC00962.3,STM-0.05-0.95,0.0,GARC1,RUS,STM,gid@165_ins_atc,R,{},"{""proportion"": 1.0, ""confidence"": [0.3423802275066531, 1.0], ""p_value"": 0.0025000000000000005, ""contingency"": [[2, 0], [194, 8170]]}",{}
146,NC00962.3,STM-0.05-0.95,0.0,GARC1,RUS,STM,gid@R197P,R,{},"{""proportion"": 0.6666666666666666, ""confidence"": [0.20765960080204768, 0.9385080552796037], ""p_value"": 0.007250000000000001, ""contingency"": [[2, 1], [194, 8170]]}",{}
147,NC00962.3,STM-0.05-0.95,0.0,GARC1,RUS,STM,gid@L101V,R,{},"{""proportion"": 1.0, ""confidence"": [0.20654931437723742, 1.0], ""p_value"": 0.05, ""contingency"": [[1, 0], [194, 8170]]}",{}
151,NC00962.3,STM-0.05-0.95,0.0,GARC1,RUS,STM,gid@V77A,R,{},"{""proportion"": 0.375, ""confidence"": [0.13684428582359737, 0.6942576053973727], ""p_value"": 0.0057882179296875, ""contingency"": [[3, 5], [194, 8170]]}",{}
152,NC00962.3,STM-0.05-0.95,0.0,GARC1,RUS,STM,gid@227_del_g,R,{},"{""proportion"": 0.8, ""confidence"": [0.37553462976252533, 0.9637758913675698], ""p_value"": 3.0000000000000008e-05, ""contingency"": [[4, 1], [194, 8170]]}",{}
156,NC00962.3,STM-0.05-0.95,0.0,GARC1,RUS,STM,gid@R83W,R,{},"{""proportion"": 1.0, ""confidence"": [0.20654931437723742, 1.0], ""p_value"": 0.05, ""contingency"": [[1, 0], [194, 8170]]}",{}
158,NC00962.3,STM-0.05-0.95,0.0,GARC1,RUS,STM,gid@G192R,R,{},"{""proportion"": 1.0, ""confidence"": [0.20654931437723742, 1.0], ""p_value"": 0.05, ""contingency"": [[1, 0], [194, 8170]]}",{}
159,NC00962.3,STM-0.05-0.95,0.0,GARC1,RUS,STM,gid@G37E,R,{},"{""proportion"": 1.0, ""confidence"": [0.4385029682449545, 1.0], ""p_value"": 0.00012500000000000003, ""contingency"": [[3, 0], [194, 8170]]}",{}
160,NC00962.3,STM-0.05-0.95,0.0,GARC1,RUS,STM,rrs@a906g,R,{},"{""proportion"": 0.375, ""confidence"": [0.13684428582359737, 0.6942576053973727], ""p_value"": 0.0057882179296875, ""contingency"": [[3, 5], [194, 8170]]}",{}
161,NC00962.3,STM-0.05-0.95,0.0,GARC1,RUS,STM,gid@V65A,R,{},"{""proportion"": 0.375, ""confidence"": [0.13684428582359737, 0.6942576053973727], ""p_value"": 0.0057882179296875, ""contingency"": [[3, 5], [194, 8170]]}",{}
163,NC00962.3,STM-0.05-0.95,0.0,GARC1,RUS,STM,gid@L86H,R,{},"{""proportion"": 1.0, ""confidence"": [0.20654931437723742, 1.0], ""p_value"": 0.05, ""contingency"": [[1, 0], [194, 8170]]}",{}
164,NC00962.3,STM-0.05-0.95,0.0,GARC1,RUS,STM,gid@R20P,R,{},"{""proportion"": 0.3333333333333333, ""confidence"": [0.1205838183869109, 0.6457978644196036], ""p_value"": 0.008361039546874997, ""contingency"": [[3, 6], [194, 8170]]}",{}
167,NC00962.3,STM-0.05-0.95,0.0,GARC1,RUS,STM,gid@L142S,R,{},"{""proportion"": 1.0, ""confidence"": [0.20654931437723742, 1.0], ""p_value"": 0.05, ""contingency"": [[1, 0], [194, 8170]]}",{}
168,NC00962.3,STM-0.05-0.95,0.0,GARC1,RUS,STM,gid@A161D,R,{},"{""proportion"": 1.0, ""confidence"": [0.3423802275066531, 1.0], ""p_value"": 0.0025000000000000005, ""contingency"": [[2, 0], [194, 8170]]}",{}
175,NC00962.3,STM-0.05-0.95,0.0,GARC1,RUS,STM,gid@L86P,R,{},"{""proportion"": 0.6, ""confidence"": [0.23072428127601285, 0.8823792257673521], ""p_value"": 0.001158125, ""contingency"": [[3, 2], [194, 8170]]}",{}
176,NC00962.3,STM-0.05-0.95,0.0,GARC1,RUS,STM,gid@R96C,R,{},"{""proportion"": 0.4, ""confidence"": [0.11762077423264786, 0.769275718723987], ""p_value"": 0.022592499999999995, ""contingency"": [[2, 3], [194, 8170]]}",{}
178,NC00962.3,STM-0.05-0.95,0.0,GARC1,RUS,STM,gid@L74S,R,{},"{""proportion"": 0.6, ""confidence"": [0.23072428127601285, 0.8823792257673521], ""p_value"": 0.001158125, ""contingency"": [[3, 2], [194, 8170]]}",{}
184,NC00962.3,STM-0.05-0.95,0.0,GARC1,RUS,STM,gid@A119D,R,{},"{""proportion"": 0.5, ""confidence"": [0.1876163064826506, 0.8123836935173494], ""p_value"": 0.00222984375, ""contingency"": [[3, 3], [194, 8170]]}",{}
187,NC00962.3,STM-0.05-0.95,0.0,GARC1,RUS,STM,rrs@a907t,R,{},"{""proportion"": 1.0, ""confidence"": [0.3423802275066531, 1.0], ""p_value"": 0.0025000000000000005, ""contingency"": [[2, 0], [194, 8170]]}",{}
188,NC00962.3,STM-0.05-0.95,0.0,GARC1,RUS,STM,gid@R137Q,R,{},"{""proportion"": 1.0, ""confidence"": [0.20654931437723742, 1.0], ""p_value"": 0.05, ""contingency"": [[1, 0], [194, 8170]]}",{}
190,NC00962.3,STM-0.05-0.95,0.0,GARC1,RUS,STM,gid@H48Q,R,{},"{""proportion"": 0.6666666666666666, ""confidence"": [0.20765960080204768, 0.9385080552796037], ""p_value"": 0.007250000000000001, ""contingency"": [[2, 1], [194, 8170]]}",{}
191,NC00962.3,STM-0.05-0.95,0.0,GARC1,RUS,STM,gid@g-85a,R,{},"{""proportion"": 1.0, ""confidence"": [0.20654931437723742, 1.0], ""p_value"": 0.05, ""contingency"": [[1, 0], [194, 8170]]}",{}
193,NC00962.3,STM-0.05-0.95,0.0,GARC1,RUS,STM,gid@L91P,R,{},"{""proportion"": 0.75, ""confidence"": [0.3006418425824019, 0.9544127391902995], ""p_value"": 0.00048125, ""contingency"": [[3, 1], [194, 8170]]}",{}
194,NC00962.3,STM-0.05-0.95,0.0,GARC1,RUS,STM,gid@G34V,R,{},"{""proportion"": 0.75, ""confidence"": [0.3006418425824019, 0.9544127391902995], ""p_value"": 0.00048125, ""contingency"": [[3, 1], [194, 8170]]}",{}
195,NC00962.3,STM-0.05-0.95,0.0,GARC1,RUS,STM,gid@507_ins_aaaggcgagcgggctcacgac,R,{},"{""proportion"": 0.75, ""confidence"": [0.3006418425824019, 0.9544127391902995], ""p_value"": 0.00048125, ""contingency"": [[3, 1], [194, 8170]]}",{}
196,NC00962.3,STM-0.05-0.95,0.0,GARC1,RUS,STM,gid@G37R,R,{},"{""proportion"": 0.5, ""confidence"": [0.15003898915214947, 0.8499610108478506], ""p_value"": 0.014018749999999998, ""contingency"": [[2, 2], [194, 8170]]}",{}
198,NC00962.3,STM-0.05-0.95,0.0,GARC1,RUS,STM,gid@L35P,R,{},"{""proportion"": 1.0, ""confidence"": [0.3423802275066531, 1.0], ""p_value"": 0.0025000000000000005, ""contingency"": [[2, 0], [194, 8170]]}",{}
202,NC00962.3,STM-0.05-0.95,0.0,GARC1,RUS,STM,gid@E40K,R,{},"{""proportion"": 1.0, ""confidence"": [0.3423802275066531, 1.0], ""p_value"": 0.0025000000000000005, ""contingency"": [[2, 0], [194, 8170]]}",{}
203,NC00962.3,STM-0.05-0.95,0.0,GARC1,RUS,STM,gid@M104K,R,{},"{""proportion"": 1.0, ""confidence"": [0.20654931437723742, 1.0], ""p_value"": 0.05, ""contingency"": [[1, 0], [194, 8170]]}",{}
206,NC00962.3,STM-0.05-0.95,0.0,GARC1,RUS,STM,gid@342_del_c,R,{},"{""proportion"": 1.0, ""confidence"": [0.3423802275066531, 1.0], ""p_value"": 0.0025000000000000005, ""contingency"": [[2, 0], [194, 8170]]}",{}
208,NC00962.3,STM-0.05-0.95,0.0,GARC1,RUS,STM,gid@A82P,R,{},"{""proportion"": 0.75, ""confidence"": [0.3006418425824019, 0.9544127391902995], ""p_value"": 0.00048125, ""contingency"": [[3, 1], [194, 8170]]}",{}
213,NC00962.3,STM-0.05-0.95,0.0,GARC1,RUS,STM,gid@D132E,R,{},"{""proportion"": 1.0, ""confidence"": [0.20654931437723742, 1.0], ""p_value"": 0.05, ""contingency"": [[1, 0], [194, 8170]]}",{}
215,NC00962.3,STM-0.05-0.95,0.0,GARC1,RUS,STM,gid@574_del_gg,R,{},"{""proportion"": 1.0, ""confidence"": [0.5101091635454027, 1.0], ""p_value"": 6.250000000000001e-06, ""contingency"": [[4, 0], [194, 8170]]}",{}
217,NC00962.3,STM-0.05-0.95,0.0,GARC1,RUS,STM,gid@A119T,R,{},"{""proportion"": 0.14814814814814814, ""confidence"": [0.05915927776244328, 0.32478685427812976], ""p_value"": 0.04373594529051934, ""contingency"": [[4, 23], [194, 8170]]}",{}
220,NC00962.3,STM-0.05-0.95,0.0,GARC1,RUS,STM,gid@463_ins_tgatacggc,R,{},"{""proportion"": 1.0, ""confidence"": [0.20654931437723742, 1.0], ""p_value"": 0.05, ""contingency"": [[1, 0], [194, 8170]]}",{}
224,NC00962.3,STM-0.05-0.95,0.0,GARC1,RUS,STM,gid@P75R,R,{},"{""proportion"": 1.0, ""confidence"": [0.6755924351161198, 1.0], ""p_value"": 3.906250000000002e-11, ""contingency"": [[8, 0], [194, 8170]]}",{}
226,NC00962.3,STM-0.05-0.95,0.0,GARC1,RUS,STM,gid@G69R,R,{},"{""proportion"": 1.0, ""confidence"": [0.20654931437723742, 1.0], ""p_value"": 0.05, ""contingency"": [[1, 0], [194, 8170]]}",{}
230,NC00962.3,STM-0.05-0.95,0.0,GARC1,RUS,STM,gid@H48P,R,{},"{""proportion"": 1.0, ""confidence"": [0.3423802275066531, 1.0], ""p_value"": 0.0025000000000000005, ""contingency"": [[2, 0], [194, 8170]]}",{}
231,NC00962.3,STM-0.05-0.95,0.0,GARC1,RUS,STM,gid@371_del_t,R,{},"{""proportion"": 0.6666666666666666, ""confidence"": [0.20765960080204768, 0.9385080552796037], ""p_value"": 0.007250000000000001, ""contingency"": [[2, 1], [194, 8170]]}",{}
232,NC00962.3,STM-0.05-0.95,0.0,GARC1,RUS,STM,gid@309_ins_t,R,{},"{""proportion"": 1.0, ""confidence"": [0.20654931437723742, 1.0], ""p_value"": 0.05, ""contingency"": [[1, 0], [194, 8170]]}",{}
235,NC00962.3,STM-0.05-0.95,0.0,GARC1,RUS,STM,rrs@c905t,R,{},"{""proportion"": 1.0, ""confidence"": [0.20654931437723742, 1.0], ""p_value"": 0.05, ""contingency"": [[1, 0], [194, 8170]]}",{}
237,NC00962.3,STM-0.05-0.95,0.0,GARC1,RUS,STM,gid@D67H,R,{},"{""proportion"": 1.0, ""confidence"": [0.4385029682449545, 1.0], ""p_value"": 0.00012500000000000003, ""contingency"": [[3, 0], [194, 8170]]}",{}
238,NC00962.3,STM-0.05-0.95,0.0,GARC1,RUS,STM,gid@257_del_t,R,{},"{""proportion"": 1.0, ""confidence"": [0.20654931437723742, 1.0], ""p_value"": 0.05, ""contingency"": [[1, 0], [194, 8170]]}",{}
239,NC00962.3,STM-0.05-0.95,0.0,GARC1,RUS,STM,gid@V77G,R,{},"{""proportion"": 0.45652173913043476, ""confidence"": [0.3215473378228458, 0.5981981894019872], ""p_value"": 9.765233988415157e-16, ""contingency"": [[21, 25], [194, 8170]]}",{}
245,NC00962.3,STM-0.05-0.95,0.0,GARC1,RUS,STM,gid@P84L,R,{},"{""proportion"": 0.8369565217391305, ""confidence"": [0.7482715701531195, 0.8986301022848311], ""p_value"": 2.029122671033446e-84, ""contingency"": [[77, 15], [194, 8170]]}",{}
248,NC00962.3,STM-0.05-0.95,0.0,GARC1,RUS,STM,gid@P78L,R,{},"{""proportion"": 0.23809523809523808, ""confidence"": [0.1062801302263647, 0.4509117368295075], ""p_value"": 0.0032403196189078427, ""contingency"": [[5, 16], [194, 8170]]}",{}
250,NC00962.3,STM-0.05-0.95,0.0,GARC1,RUS,STM,gid@180_del_a,R,{},"{""proportion"": 0.625, ""confidence"": [0.38641040545502725, 0.8151876744113636], ""p_value"": 5.917359685745239e-10, ""contingency"": [[10, 6], [194, 8170]]}",{}
251,NC00962.3,STM-0.05-0.95,0.0,GARC1,RUS,STM,gid@G73A,R,{},"{""proportion"": 0.8, ""confidence"": [0.6086904963045967, 0.9113941531319742], ""p_value"": 3.970253020405773e-22, ""contingency"": [[20, 5], [194, 8170]]}",{}
252,NC00962.3,STM-0.05-0.95,0.0,GARC1,RUS,STM,gid@D67G,R,{},"{""proportion"": 0.4444444444444444, ""confidence"": [0.18877852109766458, 0.7333487065045069], ""p_value"": 0.0006425746953124999, ""contingency"": [[4, 5], [194, 8170]]}",{}
253,NC00962.3,STM-0.05-0.95,0.0,GARC1,RUS,STM,gid@R118S,R,{},"{""proportion"": 0.5, ""confidence"": [0.1876163064826506, 0.8123836935173494], ""p_value"": 0.00222984375, ""contingency"": [[3, 3], [194, 8170]]}",{}
255,NC00962.3,STM-0.05-0.95,0.0,GARC1,RUS,STM,gid@L145F,R,{},"{""proportion"": 0.21428571428571427, ""confidence"": [0.07571386712693182, 0.47589230586600295], ""p_value"": 0.030053642645566633, ""contingency"": [[3, 11], [194, 8170]]}",{}
256,NC00962.3,STM-0.05-0.95,0.0,GARC1,RUS,STM,gid@L90R,R,{},"{""proportion"": 0.2857142857142857, ""confidence"": [0.1172137864457692, 0.5464908432989318], ""p_value"": 0.004173238446987721, ""contingency"": [[4, 10], [194, 8170]]}",{}
259,NC00962.3,STM-0.05-0.95,0.0,GARC1,RUS,STM,gid@R97H,R,{},"{""proportion"": 1.0, ""confidence"": [0.3423802275066531, 1.0], ""p_value"": 0.0025000000000000005, ""contingency"": [[2, 0], [194, 8170]]}",{}
260,NC00962.3,STM-0.05-0.95,0.0,GARC1,RUS,STM,rrs@c441t,R,{},"{""proportion"": 1.0, ""confidence"": [0.20654931437723742, 1.0], ""p_value"": 0.05, ""contingency"": [[1, 0], [194, 8170]]}",{}
261,NC00962.3,STM-0.05-0.95,0.0,GARC1,RUS,STM,gid@-33_del_t,R,{},"{""proportion"": 0.5714285714285714, ""confidence"": [0.2504583645276572, 0.8417801447485304], ""p_value"": 0.00019357812499999996, ""contingency"": [[4, 3], [194, 8170]]}",{}
268,NC00962.3,STM-0.05-0.95,0.0,GARC1,RUS,STM,gid@R47W,R,{},"{""proportion"": 0.6666666666666666, ""confidence"": [0.299993315138392, 0.9032285888942195], ""p_value"": 8.640625000000002e-05, ""contingency"": [[4, 2], [194, 8170]]}",{}
269,NC00962.3,STM-0.05-0.95,0.0,GARC1,RUS,STM,gid@41_del_c,R,{},"{""proportion"": 1.0, ""confidence"": [0.4385029682449545, 1.0], ""p_value"": 0.00012500000000000003, ""contingency"": [[3, 0], [194, 8170]]}",{}
270,NC00962.3,STM-0.05-0.95,0.0,GARC1,RUS,STM,gid@A138E,R,{},"{""proportion"": 0.6, ""confidence"": [0.23072428127601285, 0.8823792257673521], ""p_value"": 0.001158125, ""contingency"": [[3, 2], [194, 8170]]}",{}
271,NC00962.3,STM-0.05-0.95,0.0,GARC1,RUS,STM,gid@R96L,R,{},"{""proportion"": 0.5, ""confidence"": [0.1876163064826506, 0.8123836935173494], ""p_value"": 0.00222984375, ""contingency"": [[3, 3], [194, 8170]]}",{}
272,NC00962.3,STM-0.05-0.95,0.0,GARC1,RUS,STM,gid@L91R,R,{},"{""proportion"": 0.6666666666666666, ""confidence"": [0.20765960080204768, 0.9385080552796037], ""p_value"": 0.007250000000000001, ""contingency"": [[2, 1], [194, 8170]]}",{}
273,NC00962.3,STM-0.05-0.95,0.0,GARC1,RUS,STM,gid@V110A,R,{},"{""proportion"": 1.0, ""confidence"": [0.3423802275066531, 1.0], ""p_value"": 0.0025000000000000005, ""contingency"": [[2, 0], [194, 8170]]}",{}
277,NC00962.3,STM-0.05-0.95,0.0,GARC1,RUS,STM,gid@K163Q,R,{},"{""proportion"": 1.0, ""confidence"": [0.20654931437723742, 1.0], ""p_value"": 0.05, ""contingency"": [[1, 0], [194, 8170]]}",{}
283,NC00962.3,STM-0.05-0.95,0.0,GARC1,RUS,STM,gid@Q127!,R,{},"{""proportion"": 0.5, ""confidence"": [0.1876163064826506, 0.8123836935173494], ""p_value"": 0.00222984375, ""contingency"": [[3, 3], [194, 8170]]}",{}
286,NC00962.3,STM-0.05-0.95,0.0,GARC1,RUS,STM,gid@370_del_g,R,{},"{""proportion"": 0.6666666666666666, ""confidence"": [0.20765960080204768, 0.9385080552796037], ""p_value"": 0.007250000000000001, ""contingency"": [[2, 1], [194, 8170]]}",{}
288,NC00962.3,STM-0.05-0.95,0.0,GARC1,RUS,STM,rpsL@K88T,R,{},"{""proportion"": 1.0, ""confidence"": [0.4385029682449545, 1.0], ""p_value"": 0.00012500000000000003, ""contingency"": [[3, 0], [194, 8170]]}",{}
290,NC00962.3,STM-0.05-0.95,0.0,GARC1,RUS,STM,gid@E92K,R,{},"{""proportion"": 1.0, ""confidence"": [0.3423802275066531, 1.0], ""p_value"": 0.0025000000000000005, ""contingency"": [[2, 0], [194, 8170]]}",{}
291,NC00962.3,STM-0.05-0.95,0.0,GARC1,RUS,STM,gid@F100L,R,{},"{""proportion"": 1.0, ""confidence"": [0.20654931437723742, 1.0], ""p_value"": 0.05, ""contingency"": [[1, 0], [194, 8170]]}",{}
293,NC00962.3,STM-0.05-0.95,0.0,GARC1,RUS,STM,gid@G71R,R,{},"{""proportion"": 1.0, ""confidence"": [0.3423802275066531, 1.0], ""p_value"": 0.0025000000000000005, ""contingency"": [[2, 0], [194, 8170]]}",{}
294,NC00962.3,STM-0.05-0.95,0.0,GARC1,RUS,STM,gid@Y22H,R,{},"{""proportion"": 1.0, ""confidence"": [0.20654931437723742, 1.0], ""p_value"": 0.05, ""contingency"": [[1, 0], [194, 8170]]}",{}
295,NC00962.3,STM-0.05-0.95,0.0,GARC1,RUS,STM,gid@A133P,R,{},"{""proportion"": 0.6, ""confidence"": [0.23072428127601285, 0.8823792257673521], ""p_value"": 0.001158125, ""contingency"": [[3, 2], [194, 8170]]}",{}
297,NC00962.3,STM-0.05-0.95,0.0,GARC1,RUS,STM,gid@L26F,R,{},"{""proportion"": 0.6, ""confidence"": [0.23072428127601285, 0.8823792257673521], ""p_value"": 0.001158125, ""contingency"": [[3, 2], [194, 8170]]}",{}
302,NC00962.3,STM-0.05-0.95,0.0,GARC1,RUS,STM,gid@46_ins_atgtctccgatcgagcccgcggcgtctgcgatcttcggaccgcggc,R,{},"{""proportion"": 1.0, ""confidence"": [0.20654931437723742, 1.0], ""p_value"": 0.05, ""contingency"": [[1, 0], [194, 8170]]}",{}
306,NC00962.3,STM-0.05-0.95,0.0,GARC1,RUS,STM,gid@P84T,R,{},"{""proportion"": 1.0, ""confidence"": [0.20654931437723742, 1.0], ""p_value"": 0.05, ""contingency"": [[1, 0], [194, 8170]]}",{}
312,NC00962.3,STM-0.05-0.95,0.0,GARC1,RUS,STM,gid@A133T,R,{},"{""proportion"": 1.0, ""confidence"": [0.20654931437723742, 1.0], ""p_value"": 0.05, ""contingency"": [[1, 0], [194, 8170]]}",{}
318,NC00962.3,STM-0.05-0.95,0.0,GARC1,RUS,STM,gid@L26!,R,{},"{""proportion"": 1.0, ""confidence"": [0.3423802275066531, 1.0], ""p_value"": 0.0025000000000000005, ""contingency"": [[2, 0], [194, 8170]]}",{}
320,NC00962.3,STM-0.05-0.95,0.0,GARC1,RUS,STM,gid@G73R,R,{},"{""proportion"": 0.6666666666666666, ""confidence"": [0.20765960080204768, 0.9385080552796037], ""p_value"": 0.007250000000000001, ""contingency"": [[2, 1], [194, 8170]]}",{}
322,NC00962.3,STM-0.05-0.95,0.0,GARC1,RUS,STM,gid@230_del_tgccattggcgatagcgcg,R,{},"{""proportion"": 0.6666666666666666, ""confidence"": [0.20765960080204768, 0.9385080552796037], ""p_value"": 0.007250000000000001, ""contingency"": [[2, 1], [194, 8170]]}",{}
323,NC00962.3,STM-0.05-0.95,0.0,GARC1,RUS,STM,gid@373_del_c,R,{},"{""proportion"": 1.0, ""confidence"": [0.20654931437723742, 1.0], ""p_value"": 0.05, ""contingency"": [[1, 0], [194, 8170]]}",{}
325,NC00962.3,STM-0.05-0.95,0.0,GARC1,RUS,STM,rrs@g1481t,R,{},"{""proportion"": 1.0, ""confidence"": [0.20654931437723742, 1.0], ""p_value"": 0.05, ""contingency"": [[1, 0], [194, 8170]]}",{}
326,NC00962.3,STM-0.05-0.95,0.0,GARC1,RUS,STM,gid@E103!,R,{},"{""proportion"": 0.6666666666666666, ""confidence"": [0.20765960080204768, 0.9385080552796037], ""p_value"": 0.007250000000000001, ""contingency"": [[2, 1], [194, 8170]]}",{}
327,NC00962.3,STM-0.05-0.95,0.0,GARC1,RUS,STM,gid@518_ins_a,R,{},"{""proportion"": 1.0, ""confidence"": [0.4385029682449545, 1.0], ""p_value"": 0.00012500000000000003, ""contingency"": [[3, 0], [194, 8170]]}",{}
328,NC00962.3,STM-0.05-0.95,0.0,GARC1,RUS,STM,gid@V177M,R,{},"{""proportion"": 1.0, ""confidence"": [0.20654931437723742, 1.0], ""p_value"": 0.05, ""contingency"": [[1, 0], [194, 8170]]}",{}
329,NC00962.3,STM-0.05-0.95,0.0,GARC1,RUS,STM,gid@E60!,R,{},"{""proportion"": 0.75, ""confidence"": [0.3006418425824019, 0.9544127391902995], ""p_value"": 0.00048125, ""contingency"": [[3, 1], [194, 8170]]}",{}
331,NC00962.3,STM-0.05-0.95,0.0,GARC1,RUS,STM,gid@R137P,R,{},"{""proportion"": 0.5, ""confidence"": [0.15003898915214947, 0.8499610108478506], ""p_value"": 0.014018749999999998, ""contingency"": [[2, 2], [194, 8170]]}",{}
333,NC00962.3,STM-0.05-0.95,0.0,GARC1,RUS,STM,gid@110_del_g,R,{},"{""proportion"": 1.0, ""confidence"": [0.20654931437723742, 1.0], ""p_value"": 0.05, ""contingency"": [[1, 0], [194, 8170]]}",{}
334,NC00962.3,STM-0.05-0.95,0.0,GARC1,RUS,STM,gid@E170!,R,{},"{""proportion"": 1.0, ""confidence"": [0.3423802275066531, 1.0], ""p_value"": 0.0025000000000000005, ""contingency"": [[2, 0], [194, 8170]]}",{}
335,NC00962.3,STM-0.05-0.95,0.0,GARC1,RUS,STM,gid@S70N,R,{},"{""proportion"": 0.6666666666666666, ""confidence"": [0.20765960080204768, 0.9385080552796037], ""p_value"": 0.007250000000000001, ""contingency"": [[2, 1], [194, 8170]]}",{}
337,NC00962.3,STM-0.05-0.95,0.0,GARC1,RUS,STM,gid@G117E,R,{},"{""proportion"": 0.75, ""confidence"": [0.3006418425824019, 0.9544127391902995], ""p_value"": 0.00048125, ""contingency"": [[3, 1], [194, 8170]]}",{}
338,NC00962.3,STM-0.05-0.95,0.0,GARC1,RUS,STM,gid@G30D,R,{},"{""proportion"": 0.5, ""confidence"": [0.15003898915214947, 0.8499610108478506], ""p_value"": 0.014018749999999998, ""contingency"": [[2, 2], [194, 8170]]}",{}
339,NC00962.3,STM-0.05-0.95,0.0,GARC1,RUS,STM,gid@R102P,R,{},"{""proportion"": 0.75, ""confidence"": [0.3006418425824019, 0.9544127391902995], ""p_value"": 0.00048125, ""contingency"": [[3, 1], [194, 8170]]}",{}
340,NC00962.3,STM-0.05-0.95,0.0,GARC1,RUS,STM,gid@287_del_g,R,{},"{""proportion"": 1.0, ""confidence"": [0.20654931437723742, 1.0], ""p_value"": 0.05, ""contingency"": [[1, 0], [194, 8170]]}",{}
344,NC00962.3,STM-0.05-0.95,0.0,GARC1,RUS,STM,gid@W148!,R,{},"{""proportion"": 1.0, ""confidence"": [0.20654931437723742, 1.0], ""p_value"": 0.05, ""contingency"": [[1, 0], [194, 8170]]}",{}
345,NC00962.3,STM-0.05-0.95,0.0,GARC1,RUS,STM,gid@R96P,R,{},"{""proportion"": 1.0, ""confidence"": [0.3423802275066531, 1.0], ""p_value"": 0.0025000000000000005, ""contingency"": [[2, 0], [194, 8170]]}",{}
346,NC00962.3,STM-0.05-0.95,0.0,GARC1,RUS,STM,gid@E40G,R,{},"{""proportion"": 1.0, ""confidence"": [0.3423802275066531, 1.0], ""p_value"": 0.0025000000000000005, ""contingency"": [[2, 0], [194, 8170]]}",{}
347,NC00962.3,STM-0.05-0.95,0.0,GARC1,RUS,STM,gid@L160R,R,{},"{""proportion"": 1.0, ""confidence"": [0.3423802275066531, 1.0], ""p_value"": 0.0025000000000000005, ""contingency"": [[2, 0], [194, 8170]]}",{}
348,NC00962.3,STM-0.05-0.95,0.0,GARC1,RUS,STM,gid@G164R,R,{},"{""proportion"": 1.0, ""confidence"": [0.20654931437723742, 1.0], ""p_value"": 0.05, ""contingency"": [[1, 0], [194, 8170]]}",{}
349,NC00962.3,STM-0.05-0.95,0.0,GARC1,RUS,STM,rrs@t1208c,R,{},"{""proportion"": 1.0, ""confidence"": [0.20654931437723742, 1.0], ""p_value"": 0.05, ""contingency"": [[1, 0], [194, 8170]]}",{}
350,NC00962.3,STM-0.05-0.95,0.0,GARC1,RUS,STM,gid@611_ins_t,R,{},"{""proportion"": 1.0, ""confidence"": [0.20654931437723742, 1.0], ""p_value"": 0.05, ""contingency"": [[1, 0], [194, 8170]]}",{}
351,NC00962.3,STM-0.05-0.95,0.0,GARC1,RUS,STM,gid@D85A,R,{},"{""proportion"": 1.0, ""confidence"": [0.5101091635454027, 1.0], ""p_value"": 6.250000000000001e-06, ""contingency"": [[4, 0], [194, 8170]]}",{}
357,NC00962.3,STM-0.05-0.95,0.0,GARC1,RUS,STM,gid@445_ins_a,R,{},"{""proportion"": 1.0, ""confidence"": [0.20654931437723742, 1.0], ""p_value"": 0.05, ""contingency"": [[1, 0], [194, 8170]]}",{}
362,NC00962.3,STM-0.05-0.95,0.0,GARC1,RUS,STM,gid@438_del_g,R,{},"{""proportion"": 1.0, ""confidence"": [0.20654931437723742, 1.0], ""p_value"": 0.05, ""contingency"": [[1, 0], [194, 8170]]}",{}
371,NC00962.3,STM-0.05-0.95,0.0,GARC1,RUS,STM,gid@A200E,R,{},"{""proportion"": 0.6, ""confidence"": [0.23072428127601285, 0.8823792257673521], ""p_value"": 0.001158125, ""contingency"": [[3, 2], [194, 8170]]}",{}
375,NC00962.3,STM-0.05-0.95,0.0,GARC1,RUS,STM,gid@161_del_tgatcggtgagctcctcgaacgcggtgaccgggtcgtggatatcggtagcggagccgggttgccgggcgtgccattggcgatagcgcggccggacctccaggtagttctcctagaaccgctactgcgccg,R,{},"{""proportion"": 0.46153846153846156, ""confidence"": [0.23206067809538303, 0.7085620428549398], ""p_value"": 1.974971368320312e-05, ""contingency"": [[6, 7], [194, 8170]]}",{}
380,NC00962.3,STM-0.05-0.95,0.0,GARC1,RUS,STM,gid@A134E,R,{},"{""proportion"": 0.9090909090909091, ""confidence"": [0.6226415635484044, 0.9837678271141151], ""p_value"": 1.0253906250000005e-12, ""contingency"": [[10, 1], [194, 8170]]}",{}
383,NC00962.3,STM-0.05-0.95,0.0,GARC1,RUS,STM,rrs@g878a,R,{},"{""proportion"": 0.8421052631578947, ""confidence"": [0.6243452472967093, 0.9447952836146586], ""p_value"": 1.2795379638671884e-18, ""contingency"": [[16, 3], [194, 8170]]}",{}
385,NC00962.3,STM-0.05-0.95,0.0,GARC1,RUS,STM,gid@K163N,R,{},"{""proportion"": 1.0, ""confidence"": [0.20654931437723742, 1.0], ""p_value"": 0.05, ""contingency"": [[1, 0], [194, 8170]]}",{}
386,NC00962.3,STM-0.05-0.95,0.0,GARC1,RUS,STM,gid@L142W,R,{},"{""proportion"": 1.0, ""confidence"": [0.20654931437723742, 1.0], ""p_value"": 0.05, ""contingency"": [[1, 0], [194, 8170]]}",{}
390,NC00962.3,STM-0.05-0.95,0.0,GARC1,RUS,STM,gid@475_del_a,R,{},"{""proportion"": 1.0, ""confidence"": [0.20654931437723742, 1.0], ""p_value"": 0.05, ""contingency"": [[1, 0], [194, 8170]]}",{}
392,NC00962.3,STM-0.05-0.95,0.0,GARC1,RUS,STM,rrs@c905a,R,{},"{""proportion"": 1.0, ""confidence"": [0.5101091635454027, 1.0], ""p_value"": 6.250000000000001e-06, ""contingency"": [[4, 0], [194, 8170]]}",{}
394,NC00962.3,STM-0.05-0.95,0.0,GARC1,RUS,STM,gid@G34W,R,{},"{""proportion"": 1.0, ""confidence"": [0.20654931437723742, 1.0], ""p_value"": 0.05, ""contingency"": [[1, 0], [194, 8170]]}",{}
399,NC00962.3,STM-0.05-0.95,0.0,GARC1,RUS,STM,gid@187_del_g,R,{},"{""proportion"": 1.0, ""confidence"": [0.20654931437723742, 1.0], ""p_value"": 0.05, ""contingency"": [[1, 0], [194, 8170]]}",{}
404,NC00962.3,STM-0.05-0.95,0.0,GARC1,RUS,STM,gid@G62V,R,{},"{""proportion"": 1.0, ""confidence"": [0.20654931437723742, 1.0], ""p_value"": 0.05, ""contingency"": [[1, 0], [194, 8170]]}",{}
410,NC00962.3,STM-0.05-0.95,0.0,GARC1,RUS,STM,gid@P151L,R,{},"{""proportion"": 1.0, ""confidence"": [0.20654931437723742, 1.0], ""p_value"": 0.05, ""contingency"": [[1, 0], [194, 8170]]}",{}
411,NC00962.3,STM-0.05-0.95,0.0,GARC1,RUS,STM,gid@355_del_gc,R,{},"{""proportion"": 0.6666666666666666, ""confidence"": [0.20765960080204768, 0.9385080552796037], ""p_value"": 0.007250000000000001, ""contingency"": [[2, 1], [194, 8170]]}",{}
412,NC00962.3,STM-0.05-0.95,0.0,GARC1,RUS,STM,gid@548_ins_a,R,{},"{""proportion"": 1.0, ""confidence"": [0.20654931437723742, 1.0], ""p_value"": 0.05, ""contingency"": [[1, 0], [194, 8170]]}",{}
423,NC00962.3,STM-0.05-0.95,0.0,GARC1,RUS,STM,gid@L35R,R,{},"{""proportion"": 0.6, ""confidence"": [0.23072428127601285, 0.8823792257673521], ""p_value"": 0.001158125, ""contingency"": [[3, 2], [194, 8170]]}",{}
430,NC00962.3,STM-0.05-0.95,0.0,GARC1,RUS,STM,gid@A138T,R,{},"{""proportion"": 1.0, ""confidence"": [0.3423802275066531, 1.0], ""p_value"": 0.0025000000000000005, ""contingency"": [[2, 0], [194, 8170]]}",{}
459,NC00962.3,STM-0.05-0.95,0.0,GARC1,RUS,STM,gid@P75L,R,{},"{""proportion"": 0.6666666666666666, ""confidence"": [0.299993315138392, 0.9032285888942195], ""p_value"": 8.640625000000002e-05, ""contingency"": [[4, 2], [194, 8170]]}",{}
473,NC00962.3,STM-0.05-0.95,0.0,GARC1,RUS,STM,gid@L59R,R,{},"{""proportion"": 1.0, ""confidence"": [0.20654931437723742, 1.0], ""p_value"": 0.05, ""contingency"": [[1, 0], [194, 8170]]}",{}
480,NC00962.3,STM-0.05-0.95,0.0,GARC1,RUS,STM,gid@33_del_cttcggaccgcggcttggccttgctcggcggtacgccgaagcgttggcgggacccggtgtggagcgggggctggtgggaccccgcgaagtcggtaggctatgggaccggcatctactgaactgcgccgtgatcggtgagctcctcgaacgcggtgaccgggtcgtggatatcggtagcggagccgggttgccgggcgtgccattggcgatagcgcggccggacctccaggtagttctcctagaaccgctactgcgccgcaccgagtttcttcgagagatggtgacagatctgggcgtggccgttgagatcgtgcgggggcgcgccgaggagtcctgggtgcaggaccaattgggcggcagcgac,R,{},"{""proportion"": 1.0, ""confidence"": [0.20654931437723742, 1.0], ""p_value"": 0.05, ""contingency"": [[1, 0], [194, 8170]]}",{}
487,NC00962.3,STM-0.05-0.95,0.0,GARC1,RUS,STM,gid@C52F,R,{},"{""proportion"": 1.0, ""confidence"": [0.20654931437723742, 1.0], ""p_value"": 0.05, ""contingency"": [[1, 0], [194, 8170]]}",{}
490,NC00962.3,STM-0.05-0.95,0.0,GARC1,RUS,STM,gid@A205E,R,{},"{""proportion"": 1.0, ""confidence"": [0.20654931437723742, 1.0], ""p_value"": 0.05, ""contingency"": [[1, 0], [194, 8170]]}",{}
492,NC00962.3,STM-0.05-0.95,0.0,GARC1,RUS,STM,gid@G117V,R,{},"{""proportion"": 1.0, ""confidence"": [0.4385029682449545, 1.0], ""p_value"": 0.00012500000000000003, ""contingency"": [[3, 0], [194, 8170]]}",{}
494,NC00962.3,STM-0.05-0.95,0.0,GARC1,RUS,STM,gid@I11N,R,{},"{""proportion"": 1.0, ""confidence"": [0.20654931437723742, 1.0], ""p_value"": 0.05, ""contingency"": [[1, 0], [194, 8170]]}",{}
495,NC00962.3,STM-0.05-0.95,0.0,GARC1,RUS,STM,rrs@c513t,R,{},"{""proportion"": 1.0, ""confidence"": [0.3423802275066531, 1.0], ""p_value"": 0.0025000000000000005, ""contingency"": [[2, 0], [194, 8170]]}",{}
509,NC00962.3,STM-0.05-0.95,0.0,GARC1,RUS,STM,gid@V124L,R,{},"{""proportion"": 1.0, ""confidence"": [0.20654931437723742, 1.0], ""p_value"": 0.05, ""contingency"": [[1, 0], [194, 8170]]}",{}
514,NC00962.3,STM-0.05-0.95,0.0,GARC1,RUS,STM,gid@I162S,R,{},"{""proportion"": 1.0, ""confidence"": [0.20654931437723742, 1.0], ""p_value"": 0.05, ""contingency"": [[1, 0], [194, 8170]]}",{}
515,NC00962.3,STM-0.05-0.95,0.0,GARC1,RUS,STM,gid@R83Q,R,{},"{""proportion"": 1.0, ""confidence"": [0.3423802275066531, 1.0], ""p_value"": 0.0025000000000000005, ""contingency"": [[2, 0], [194, 8170]]}",{}
518,NC00962.3,STM-0.05-0.95,0.0,GARC1,RUS,STM,gid@R64W,R,{},"{""proportion"": 1.0, ""confidence"": [0.20654931437723742, 1.0], ""p_value"": 0.05, ""contingency"": [[1, 0], [194, 8170]]}",{}
522,NC00962.3,STM-0.05-0.95,0.0,GARC1,RUS,STM,gid@R154W,R,{},"{""proportion"": 1.0, ""confidence"": [0.20654931437723742, 1.0], ""p_value"": 0.05, ""contingency"": [[1, 0], [194, 8170]]}",{}
523,NC00962.3,STM-0.05-0.95,0.0,GARC1,RUS,STM,gid@L79F,R,{},"{""proportion"": 1.0, ""confidence"": [0.20654931437723742, 1.0], ""p_value"": 0.05, ""contingency"": [[1, 0], [194, 8170]]}",{}
537,NC00962.3,STM-0.05-0.95,0.0,GARC1,RUS,STM,gid@A80V,R,{},"{""proportion"": 1.0, ""confidence"": [0.20654931437723742, 1.0], ""p_value"": 0.05, ""contingency"": [[1, 0], [194, 8170]]}",{}
541,NC00962.3,STM-0.05-0.95,0.0,GARC1,RUS,STM,gid@V171G,R,{},"{""proportion"": 1.0, ""confidence"": [0.20654931437723742, 1.0], ""p_value"": 0.05, ""contingency"": [[1, 0], [194, 8170]]}",{}
543,NC00962.3,STM-0.05-0.95,0.0,GARC1,RUS,STM,gid@59_ins_cttgctcg,R,{},"{""proportion"": 1.0, ""confidence"": [0.20654931437723742, 1.0], ""p_value"": 0.05, ""contingency"": [[1, 0], [194, 8170]]}",{}
544,NC00962.3,STM-0.05-0.95,0.0,GARC1,RUS,STM,rrs@a907c,R,{},"{""proportion"": 1.0, ""confidence"": [0.3423802275066531, 1.0], ""p_value"": 0.0025000000000000005, ""contingency"": [[2, 0], [194, 8170]]}",{}
548,NC00962.3,STM-0.05-0.95,0.0,GARC1,RUS,STM,gid@250_ins_ggc,R,{},"{""proportion"": 1.0, ""confidence"": [0.20654931437723742, 1.0], ""p_value"": 0.05, ""contingency"": [[1, 0], [194, 8170]]}",{}
573,NC00962.3,STM-0.05-0.95,0.0,GARC1,RUS,STM,gid@M104R,R,{},"{""proportion"": 1.0, ""confidence"": [0.20654931437723742, 1.0], ""p_value"": 0.05, ""contingency"": [[1, 0], [194, 8170]]}",{}
583,NC00962.3,STM-0.05-0.95,0.0,GARC1,RUS,STM,gid@G164D,R,{},"{""proportion"": 1.0, ""confidence"": [0.20654931437723742, 1.0], ""p_value"": 0.05, ""contingency"": [[1, 0], [194, 8170]]}",{}
605,NC00962.3,STM-0.05-0.95,0.0,GARC1,RUS,STM,gid@E99!,R,{},"{""proportion"": 1.0, ""confidence"": [0.20654931437723742, 1.0], ""p_value"": 0.05, ""contingency"": [[1, 0], [194, 8170]]}",{}
612,NC00962.3,STM-0.05-0.95,0.0,GARC1,RUS,STM,gid@314_del_t,R,{},"{""proportion"": 1.0, ""confidence"": [0.20654931437723742, 1.0], ""p_value"": 0.05, ""contingency"": [[1, 0], [194, 8170]]}",{}
615,NC00962.3,STM-0.05-0.95,0.0,GARC1,RUS,STM,gid@V105E,R,{},"{""proportion"": 1.0, ""confidence"": [0.4385029682449545, 1.0], ""p_value"": 0.00012500000000000003, ""contingency"": [[3, 0], [194, 8170]]}",{}
616,NC00962.3,STM-0.05-0.95,0.0,GARC1,RUS,STM,gid@G34E,R,{},"{""proportion"": 1.0, ""confidence"": [0.20654931437723742, 1.0], ""p_value"": 0.05, ""contingency"": [[1, 0], [194, 8170]]}",{}
618,NC00962.3,STM-0.05-0.95,0.0,GARC1,RUS,STM,gid@I68S,R,{},"{""proportion"": 1.0, ""confidence"": [0.20654931437723742, 1.0], ""p_value"": 0.05, ""contingency"": [[1, 0], [194, 8170]]}",{}
619,NC00962.3,STM-0.05-0.95,0.0,GARC1,RUS,STM,gid@L26W,R,{},"{""proportion"": 1.0, ""confidence"": [0.20654931437723742, 1.0], ""p_value"": 0.05, ""contingency"": [[1, 0], [194, 8170]]}",{}
629,NC00962.3,STM-0.05-0.95,0.0,GARC1,RUS,STM,gid@V88G,R,{},"{""proportion"": 1.0, ""confidence"": [0.20654931437723742, 1.0], ""p_value"": 0.05, ""contingency"": [[1, 0], [194, 8170]]}",{}
644,NC00962.3,STM-0.05-0.95,0.0,GARC1,RUS,STM,gid@337_ins_g,R,{},"{""proportion"": 1.0, ""confidence"": [0.20654931437723742, 1.0], ""p_value"": 0.05, ""contingency"": [[1, 0], [194, 8170]]}",{}
646,NC00962.3,STM-0.05-0.95,0.0,GARC1,RUS,STM,gid@R64P,R,{},"{""proportion"": 1.0, ""confidence"": [0.20654931437723742, 1.0], ""p_value"": 0.05, ""contingency"": [[1, 0], [194, 8170]]}",{}
647,NC00962.3,STM-0.05-0.95,0.0,GARC1,RUS,STM,gid@550_del_g,R,{},"{""proportion"": 1.0, ""confidence"": [0.20654931437723742, 1.0], ""p_value"": 0.05, ""contingency"": [[1, 0], [194, 8170]]}",{}
649,NC00962.3,STM-0.05-0.95,0.0,GARC1,RUS,STM,gid@247_del_c,R,{},"{""proportion"": 1.0, ""confidence"": [0.20654931437723742, 1.0], ""p_value"": 0.05, ""contingency"": [[1, 0], [194, 8170]]}",{}
650,NC00962.3,STM-0.05-0.95,0.0,GARC1,RUS,STM,gid@525_del_g,R,{},"{""proportion"": 1.0, ""confidence"": [0.20654931437723742, 1.0], ""p_value"": 0.05, ""contingency"": [[1, 0], [194, 8170]]}",{}
651,NC00962.3,STM-0.05-0.95,0.0,GARC1,RUS,STM,gid@26_del_ctgcgatcttcggaccgcggcttggccttgctcggcggtacgccgaagcgt,R,{},"{""proportion"": 1.0, ""confidence"": [0.3423802275066531, 1.0], ""p_value"": 0.0025000000000000005, ""contingency"": [[2, 0], [194, 8170]]}",{}
652,NC00962.3,STM-0.05-0.95,0.0,GARC1,RUS,STM,gid@136_del_g,R,{},"{""proportion"": 1.0, ""confidence"": [0.20654931437723742, 1.0], ""p_value"": 0.05, ""contingency"": [[1, 0], [194, 8170]]}",{}
655,NC00962.3,STM-0.05-0.95,0.0,GARC1,RUS,STM,gid@562_ins_g,R,{},"{""proportion"": 1.0, ""confidence"": [0.3423802275066531, 1.0], ""p_value"": 0.0025000000000000005, ""contingency"": [[2, 0], [194, 8170]]}",{}
656,NC00962.3,STM-0.05-0.95,0.0,GARC1,RUS,STM,gid@253_del_g,R,{},"{""proportion"": 1.0, ""confidence"": [0.20654931437723742, 1.0], ""p_value"": 0.05, ""contingency"": [[1, 0], [194, 8170]]}",{}
9,NC00962.3,STM-0.05-0.95,0.0,GARC1,RUS,STM,rpsL@I16V,U,{},"{""proportion"": 0.0, ""confidence"": [4.8683609171202235e-17, 0.5614970317550455], ""p_value"": 1.0, ""contingency"": [[0, 3], [194, 8170]]}",{}
10,NC00962.3,STM-0.05-0.95,0.0,GARC1,RUS,STM,rpsL@c-77t,U,{},"{""proportion"": 0.0, ""confidence"": [0.0, 0.6576197724933469], ""p_value"": 1.0, ""contingency"": [[0, 2], [194, 8170]]}",{}
11,NC00962.3,STM-0.05-0.95,0.0,GARC1,RUS,STM,rrs@a1278g,U,{},"{""proportion"": 0.0, ""confidence"": [0.0, 0.43448246478317476], ""p_value"": 1.0, ""contingency"": [[0, 5], [194, 8170]]}",{}
12,NC00962.3,STM-0.05-0.95,0.0,GARC1,RUS,STM,rrs@g1446a,U,{},"{""proportion"": 0.0, ""confidence"": [0.0, 0.6576197724933469], ""p_value"": 1.0, ""contingency"": [[0, 2], [194, 8170]]}",{}
13,NC00962.3,STM-0.05-0.95,0.0,GARC1,RUS,STM,gid@!225C,U,{},"{""proportion"": 0.0, ""confidence"": [0.0, 0.32440756488388023], ""p_value"": 1.0, ""contingency"": [[0, 8], [194, 8170]]}",{}
14,NC00962.3,STM-0.05-0.95,0.0,GARC1,RUS,STM,gid@P3S,U,{},"{""proportion"": 0.0, ""confidence"": [0.0, 0.6576197724933469], ""p_value"": 1.0, ""contingency"": [[0, 2], [194, 8170]]}",{}
15,NC00962.3,STM-0.05-0.95,0.0,GARC1,RUS,STM,rrs@c1160g,U,{},"{""proportion"": 0.0, ""confidence"": [0.0, 0.7934506856227626], ""p_value"": 1.0, ""contingency"": [[0, 1], [194, 8170]]}",{}
16,NC00962.3,STM-0.05-0.95,0.0,GARC1,RUS,STM,rrs@g1207a,U,{},"{""proportion"": 0.0, ""confidence"": [0.0, 0.7934506856227626], ""p_value"": 1.0, ""contingency"": [[0, 1], [194, 8170]]}",{}
19,NC00962.3,STM-0.05-0.95,0.0,GARC1,RUS,STM,rrs@a1219g,U,{},"{""proportion"": 0.0, ""confidence"": [0.0, 0.7934506856227626], ""p_value"": 1.0, ""contingency"": [[0, 1], [194, 8170]]}",{}
21,NC00962.3,STM-0.05-0.95,0.0,GARC1,RUS,STM,gid@P199A,U,{},"{""proportion"": 0.0, ""confidence"": [0.0, 0.4898908364545973], ""p_value"": 1.0, ""contingency"": [[0, 4], [194, 8170]]}",{}
22,NC00962.3,STM-0.05-0.95,0.0,GARC1,RUS,STM,gid@A10P,U,{},"{""proportion"": 0.0, ""confidence"": [2.1779500349382702e-17, 0.2153108027376358], ""p_value"": 1.0, ""contingency"": [[0, 14], [194, 8170]]}",{}
24,NC00962.3,STM-0.05-0.95,0.0,GARC1,RUS,STM,gid@c-11t,U,{},"{""proportion"": 0.02, ""confidence"": [0.003539259271646236, 0.10495443589637815], ""p_value"": 0.5190237913705953, ""contingency"": [[1, 49], [194, 8170]]}",{}
26,NC00962.3,STM-0.05-0.95,0.0,GARC1,RUS,STM,gid@E40A,U,{},"{""proportion"": 0.0, ""confidence"": [0.0, 0.6576197724933469], ""p_value"": 1.0, ""contingency"": [[0, 2], [194, 8170]]}",{}
28,NC00962.3,STM-0.05-0.95,0.0,GARC1,RUS,STM,gid@R102L,U,{},"{""proportion"": 0.0, ""confidence"": [0.0, 0.7934506856227626], ""p_value"": 1.0, ""contingency"": [[0, 1], [194, 8170]]}",{}
29,NC00962.3,STM-0.05-0.95,0.0,GARC1,RUS,STM,gid@R154P,U,{},"{""proportion"": 0.16666666666666666, ""confidence"": [0.04696514218385378, 0.44803086225297345], ""p_value"": 0.11835985697148697, ""contingency"": [[2, 10], [194, 8170]]}",{}
30,NC00962.3,STM-0.05-0.95,0.0,GARC1,RUS,STM,gid@G164V,U,{},"{""proportion"": 0.2, ""confidence"": [0.03622410863243013, 0.6244653702374747], ""p_value"": 0.22621906249999996, ""contingency"": [[1, 4], [194, 8170]]}",{}
31,NC00962.3,STM-0.05-0.95,0.0,GARC1,RUS,STM,rrs@c569t,U,{},"{""proportion"": 0.0, ""confidence"": [3.384324554477539e-17, 0.39033428790216534], ""p_value"": 1.0, ""contingency"": [[0, 6], [194, 8170]]}",{}
32,NC00962.3,STM-0.05-0.95,0.0,GARC1,RUS,STM,gid@P78R,U,{},"{""proportion"": 0.0, ""confidence"": [4.8683609171202235e-17, 0.5614970317550455], ""p_value"": 1.0, ""contingency"": [[0, 3], [194, 8170]]}",{}
35,NC00962.3,STM-0.05-0.95,0.0,GARC1,RUS,STM,gid@A205T,U,{},"{""proportion"": 0.0, ""confidence"": [1.1962983316807505e-17, 0.1379762046749802], ""p_value"": 0.631171758729971, ""contingency"": [[0, 24], [194, 8170]]}",{}
38,NC00962.3,STM-0.05-0.95,0.0,GARC1,RUS,STM,gid@F100V,U,{},"{""proportion"": 0.0, ""confidence"": [0.0, 0.7934506856227626], ""p_value"": 1.0, ""contingency"": [[0, 1], [194, 8170]]}",{}
40,NC00962.3,STM-0.05-0.95,0.0,GARC1,RUS,STM,rrs@g1323t,U,{},"{""proportion"": 0.0, ""confidence"": [0.0, 0.6576197724933469], ""p_value"": 1.0, ""contingency"": [[0, 2], [194, 8170]]}",{}
41,NC00962.3,STM-0.05-0.95,0.0,GARC1,RUS,STM,gid@c-89t,U,{},"{""proportion"": 0.0, ""confidence"": [0.0, 0.7934506856227626], ""p_value"": 1.0, ""contingency"": [[0, 1], [194, 8170]]}",{}
43,NC00962.3,STM-0.05-0.95,0.0,GARC1,RUS,STM,gid@A27P,U,{},"{""proportion"": 0.0, ""confidence"": [0.0, 0.43448246478317476], ""p_value"": 1.0, ""contingency"": [[0, 5], [194, 8170]]}",{}
45,NC00962.3,STM-0.05-0.95,0.0,GARC1,RUS,STM,gid@E57K,U,{},"{""proportion"": 0.0, ""confidence"": [0.0, 0.6576197724933469], ""p_value"": 1.0, ""contingency"": [[0, 2], [194, 8170]]}",{}
47,NC00962.3,STM-0.05-0.95,0.0,GARC1,RUS,STM,rrs@c1283t,U,{},"{""proportion"": 0.0, ""confidence"": [0.0, 0.6576197724933469], ""p_value"": 1.0, ""contingency"": [[0, 2], [194, 8170]]}",{}
48,NC00962.3,STM-0.05-0.95,0.0,GARC1,RUS,STM,rrs@g891a,U,{},"{""proportion"": 0.0, ""confidence"": [3.584186086443356e-17, 0.3543304350666874], ""p_value"": 1.0, ""contingency"": [[0, 7], [194, 8170]]}",{}
50,NC00962.3,STM-0.05-0.95,0.0,GARC1,RUS,STM,rpsL@Q105E,U,{},"{""proportion"": 0.0, ""confidence"": [0.0, 0.7934506856227626], ""p_value"": 1.0, ""contingency"": [[0, 1], [194, 8170]]}",{}
52,NC00962.3,STM-0.05-0.95,0.0,GARC1,RUS,STM,rrs@g996t,U,{},"{""proportion"": 0.0, ""confidence"": [0.0, 0.7934506856227626], ""p_value"": 1.0, ""contingency"": [[0, 1], [194, 8170]]}",{}
53,NC00962.3,STM-0.05-0.95,0.0,GARC1,RUS,STM,gid@R20Q,U,{},"{""proportion"": 0.0, ""confidence"": [0.0, 0.6576197724933469], ""p_value"": 1.0, ""contingency"": [[0, 2], [194, 8170]]}",{}
54,NC00962.3,STM-0.05-0.95,0.0,GARC1,RUS,STM,rrs@g280t,U,{},"{""proportion"": 0.0, ""confidence"": [0.0, 0.7934506856227626], ""p_value"": 1.0, ""contingency"": [[0, 1], [194, 8170]]}",{}
55,NC00962.3,STM-0.05-0.95,0.0,GARC1,RUS,STM,gid@T98P,U,{},"{""proportion"": 0.0, ""confidence"": [0.0, 0.6576197724933469], ""p_value"": 1.0, ""contingency"": [[0, 2], [194, 8170]]}",{}
56,NC00962.3,STM-0.05-0.95,0.0,GARC1,RUS,STM,gid@L49P,U,{},"{""proportion"": 0.5, ""confidence"": [0.09453120573423071, 0.9054687942657693], ""p_value"": 0.09749999999999999, ""contingency"": [[1, 1], [194, 8170]]}",{}
58,NC00962.3,STM-0.05-0.95,0.0,GARC1,RUS,STM,gid@L101P,U,{},"{""proportion"": 0.0, ""confidence"": [0.0, 0.6576197724933469], ""p_value"": 1.0, ""contingency"": [[0, 2], [194, 8170]]}",{}
60,NC00962.3,STM-0.05-0.95,0.0,GARC1,RUS,STM,rrs@g1079a,U,{},"{""proportion"": 0.0, ""confidence"": [0.0, 0.7934506856227626], ""p_value"": 1.0, ""contingency"": [[0, 1], [194, 8170]]}",{}
61,NC00962.3,STM-0.05-0.95,0.0,GARC1,RUS,STM,rrs@g457t,U,{},"{""proportion"": 0.0, ""confidence"": [0.0, 0.6576197724933469], ""p_value"": 1.0, ""contingency"": [[0, 2], [194, 8170]]}",{}
63,NC00962.3,STM-0.05-0.95,0.0,GARC1,RUS,STM,rrs@a1469g,U,{},"{""proportion"": 0.0, ""confidence"": [0.0, 0.6576197724933469], ""p_value"": 1.0, ""contingency"": [[0, 2], [194, 8170]]}",{}
65,NC00962.3,STM-0.05-0.95,0.0,GARC1,RUS,STM,rrs@a1012g,U,{},"{""proportion"": 0.0, ""confidence"": [0.0, 0.4898908364545973], ""p_value"": 1.0, ""contingency"": [[0, 4], [194, 8170]]}",{}
66,NC00962.3,STM-0.05-0.95,0.0,GARC1,RUS,STM,gid@L91V,U,{},"{""proportion"": 0.0, ""confidence"": [0.0, 0.7934506856227626], ""p_value"": 1.0, ""contingency"": [[0, 1], [194, 8170]]}",{}
69,NC00962.3,STM-0.05-0.95,0.0,GARC1,RUS,STM,rrs@c1153t,U,{},"{""proportion"": 0.0, ""confidence"": [0.0, 0.7934506856227626], ""p_value"": 1.0, ""contingency"": [[0, 1], [194, 8170]]}",{}
70,NC00962.3,STM-0.05-0.95,0.0,GARC1,RUS,STM,gid@Q127E,U,{},"{""proportion"": 0.0, ""confidence"": [0.0, 0.7934506856227626], ""p_value"": 1.0, ""contingency"": [[0, 1], [194, 8170]]}",{}
71,NC00962.3,STM-0.05-0.95,0.0,GARC1,RUS,STM,rrs@g5t,U,{},"{""proportion"": 0.0, ""confidence"": [3.384324554477539e-17, 0.39033428790216534], ""p_value"": 1.0, ""contingency"": [[0, 6], [194, 8170]]}",{}
72,NC00962.3,STM-0.05-0.95,0.0,GARC1,RUS,STM,gid@V202A,U,{},"{""proportion"": 0.0, ""confidence"": [0.0, 0.7934506856227626], ""p_value"": 1.0, ""contingency"": [[0, 1], [194, 8170]]}",{}
74,NC00962.3,STM-0.05-0.95,0.0,GARC1,RUS,STM,gid@A8E,U,{},"{""proportion"": 0.0, ""confidence"": [0.0, 0.7934506856227626], ""p_value"": 1.0, ""contingency"": [[0, 1], [194, 8170]]}",{}
75,NC00962.3,STM-0.05-0.95,0.0,GARC1,RUS,STM,rrs@g1285a,U,{},"{""proportion"": 0.0, ""confidence"": [4.8683609171202235e-17, 0.5614970317550455], ""p_value"": 1.0, ""contingency"": [[0, 3], [194, 8170]]}",{}
76,NC00962.3,STM-0.05-0.95,0.0,GARC1,RUS,STM,gid@L95V,U,{},"{""proportion"": 0.0, ""confidence"": [0.0, 0.7934506856227626], ""p_value"": 1.0, ""contingency"": [[0, 1], [194, 8170]]}",{}
77,NC00962.3,STM-0.05-0.95,0.0,GARC1,RUS,STM,gid@G37!,U,{},"{""proportion"": 0.5, ""confidence"": [0.09453120573423071, 0.9054687942657693], ""p_value"": 0.09749999999999999, ""contingency"": [[1, 1], [194, 8170]]}",{}
78,NC00962.3,STM-0.05-0.95,0.0,GARC1,RUS,STM,gid@A183P,U,{},"{""proportion"": 0.0, ""confidence"": [0.0, 0.7934506856227626], ""p_value"": 1.0, ""contingency"": [[0, 1], [194, 8170]]}",{}
79,NC00962.3,STM-0.05-0.95,0.0,GARC1,RUS,STM,gid@G221R,U,{},"{""proportion"": 0.0, ""confidence"": [0.0, 0.7934506856227626], ""p_value"": 1.0, ""contingency"": [[0, 1], [194, 8170]]}",{}
80,NC00962.3,STM-0.05-0.95,0.0,GARC1,RUS,STM,gid@137_ins_a,U,{},"{""proportion"": 0.5, ""confidence"": [0.09453120573423071, 0.9054687942657693], ""p_value"": 0.09749999999999999, ""contingency"": [[1, 1], [194, 8170]]}",{}
81,NC00962.3,STM-0.05-0.95,0.0,GARC1,RUS,STM,rrs@g1016c,U,{},"{""proportion"": 0.0, ""confidence"": [0.0, 0.6576197724933469], ""p_value"": 1.0, ""contingency"": [[0, 2], [194, 8170]]}",{}
82,NC00962.3,STM-0.05-0.95,0.0,GARC1,RUS,STM,rrs@c306t,U,{},"{""proportion"": 0.0, ""confidence"": [0.0, 0.7934506856227626], ""p_value"": 1.0, ""contingency"": [[0, 1], [194, 8170]]}",{}
83,NC00962.3,STM-0.05-0.95,0.0,GARC1,RUS,STM,rrs@c1259g,U,{},"{""proportion"": 0.0, ""confidence"": [0.0, 0.7934506856227626], ""p_value"": 1.0, ""contingency"": [[0, 1], [194, 8170]]}",{}
84,NC00962.3,STM-0.05-0.95,0.0,GARC1,RUS,STM,rrs@c1001g,U,{},"{""proportion"": 0.0, ""confidence"": [0.0, 0.7934506856227626], ""p_value"": 1.0, ""contingency"": [[0, 1], [194, 8170]]}",{}
85,NC00962.3,STM-0.05-0.95,0.0,GARC1,RUS,STM,gid@113_ins_tacc,U,{},"{""proportion"": 0.0, ""confidence"": [0.0, 0.7934506856227626], ""p_value"": 1.0, ""contingency"": [[0, 1], [194, 8170]]}",{}
86,NC00962.3,STM-0.05-0.95,0.0,GARC1,RUS,STM,rrs@480_ins_t,U,{},"{""proportion"": 0.0, ""confidence"": [0.0, 0.7934506856227626], ""p_value"": 1.0, ""contingency"": [[0, 1], [194, 8170]]}",{}
88,NC00962.3,STM-0.05-0.95,0.0,GARC1,RUS,STM,rrs@159_ins_t,U,{},"{""proportion"": 0.0, ""confidence"": [0.0, 0.7934506856227626], ""p_value"": 1.0, ""contingency"": [[0, 1], [194, 8170]]}",{}
89,NC00962.3,STM-0.05-0.95,0.0,GARC1,RUS,STM,gid@a-25g,U,{},"{""proportion"": 0.0, ""confidence"": [0.0, 0.7934506856227626], ""p_value"": 1.0, ""contingency"": [[0, 1], [194, 8170]]}",{}
90,NC00962.3,STM-0.05-0.95,0.0,GARC1,RUS,STM,rpsL@T35A,U,{},"{""proportion"": 0.0, ""confidence"": [0.0, 0.7934506856227626], ""p_value"": 1.0, ""contingency"": [[0, 1], [194, 8170]]}",{}
91,NC00962.3,STM-0.05-0.95,0.0,GARC1,RUS,STM,rrs@t-67c,U,{},"{""proportion"": 0.0, ""confidence"": [0.0, 0.6576197724933469], ""p_value"": 1.0, ""contingency"": [[0, 2], [194, 8170]]}",{}
95,NC00962.3,STM-0.05-0.95,0.0,GARC1,RUS,STM,gid@F204S,U,{},"{""proportion"": 0.0, ""confidence"": [0.0, 0.7934506856227626], ""p_value"": 1.0, ""contingency"": [[0, 1], [194, 8170]]}",{}
96,NC00962.3,STM-0.05-0.95,0.0,GARC1,RUS,STM,gid@c-14t,U,{},"{""proportion"": 0.0, ""confidence"": [0.0, 0.7934506856227626], ""p_value"": 1.0, ""contingency"": [[0, 1], [194, 8170]]}",{}
97,NC00962.3,STM-0.05-0.95,0.0,GARC1,RUS,STM,rrs@t603c,U,{},"{""proportion"": 0.0, ""confidence"": [0.0, 0.7934506856227626], ""p_value"": 1.0, ""contingency"": [[0, 1], [194, 8170]]}",{}
98,NC00962.3,STM-0.05-0.95,0.0,GARC1,RUS,STM,gid@E170D,U,{},"{""proportion"": 0.0, ""confidence"": [0.0, 0.7934506856227626], ""p_value"": 1.0, ""contingency"": [[0, 1], [194, 8170]]}",{}
99,NC00962.3,STM-0.05-0.95,0.0,GARC1,RUS,STM,gid@c-79a,U,{},"{""proportion"": 0.0, ""confidence"": [0.0, 0.7934506856227626], ""p_value"": 1.0, ""contingency"": [[0, 1], [194, 8170]]}",{}
100,NC00962.3,STM-0.05-0.95,0.0,GARC1,RUS,STM,rrs@c1390g,U,{},"{""proportion"": 0.0, ""confidence"": [0.0, 0.7934506856227626], ""p_value"": 1.0, ""contingency"": [[0, 1], [194, 8170]]}",{}
101,NC00962.3,STM-0.05-0.95,0.0,GARC1,RUS,STM,gid@87_del_c,U,{},"{""proportion"": 0.125, ""confidence"": [0.022417491450056667, 0.47088818221285345], ""p_value"": 0.33657956871093747, ""contingency"": [[1, 7], [194, 8170]]}",{}
102,NC00962.3,STM-0.05-0.95,0.0,GARC1,RUS,STM,gid@A19G,U,{},"{""proportion"": 0.0, ""confidence"": [0.0, 0.6576197724933469], ""p_value"": 1.0, ""contingency"": [[0, 2], [194, 8170]]}",{}
103,NC00962.3,STM-0.05-0.95,0.0,GARC1,RUS,STM,gid@S181L,U,{},"{""proportion"": 0.0, ""confidence"": [0.0, 0.7934506856227626], ""p_value"": 1.0, ""contingency"": [[0, 1], [194, 8170]]}",{}
104,NC00962.3,STM-0.05-0.95,0.0,GARC1,RUS,STM,gid@R20G,U,{},"{""proportion"": 0.0, ""confidence"": [0.0, 0.6576197724933469], ""p_value"": 1.0, ""contingency"": [[0, 2], [194, 8170]]}",{}
106,NC00962.3,STM-0.05-0.95,0.0,GARC1,RUS,STM,gid@W148L,U,{},"{""proportion"": 0.0, ""confidence"": [0.0, 0.7934506856227626], ""p_value"": 1.0, ""contingency"": [[0, 1], [194, 8170]]}",{}
107,NC00962.3,STM-0.05-0.95,0.0,GARC1,RUS,STM,gid@G109D,U,{},"{""proportion"": 0.0, ""confidence"": [0.0, 0.7934506856227626], ""p_value"": 1.0, ""contingency"": [[0, 1], [194, 8170]]}",{}
108,NC00962.3,STM-0.05-0.95,0.0,GARC1,RUS,STM,gid@c-56t,U,{},"{""proportion"": 0.0, ""confidence"": [0.0, 0.7934506856227626], ""p_value"": 1.0, ""contingency"": [[0, 1], [194, 8170]]}",{}
109,NC00962.3,STM-0.05-0.95,0.0,GARC1,RUS,STM,rrs@t-89c,U,{},"{""proportion"": 0.0, ""confidence"": [0.0, 0.7934506856227626], ""p_value"": 1.0, ""contingency"": [[0, 1], [194, 8170]]}",{}
110,NC00962.3,STM-0.05-0.95,0.0,GARC1,RUS,STM,gid@R39C,U,{},"{""proportion"": 0.0, ""confidence"": [0.0, 0.7934506856227626], ""p_value"": 1.0, ""contingency"": [[0, 1], [194, 8170]]}",{}
111,NC00962.3,STM-0.05-0.95,0.0,GARC1,RUS,STM,gid@H174Y,U,{},"{""proportion"": 0.0, ""confidence"": [0.0, 0.7934506856227626], ""p_value"": 1.0, ""contingency"": [[0, 1], [194, 8170]]}",{}
112,NC00962.3,STM-0.05-0.95,0.0,GARC1,RUS,STM,gid@c-28g,U,{},"{""proportion"": 0.0, ""confidence"": [0.0, 0.7934506856227626], ""p_value"": 1.0, ""contingency"": [[0, 1], [194, 8170]]}",{}
113,NC00962.3,STM-0.05-0.95,0.0,GARC1,RUS,STM,gid@T146M,U,{},"{""proportion"": 0.0, ""confidence"": [0.0, 0.6576197724933469], ""p_value"": 1.0, ""contingency"": [[0, 2], [194, 8170]]}",{}
114,NC00962.3,STM-0.05-0.95,0.0,GARC1,RUS,STM,rrs@c1141t,U,{},"{""proportion"": 0.2, ""confidence"": [0.03622410863243013, 0.6244653702374747], ""p_value"": 0.22621906249999996, ""contingency"": [[1, 4], [194, 8170]]}",{}
118,NC00962.3,STM-0.05-0.95,0.0,GARC1,RUS,STM,gid@P93Q,U,{},"{""proportion"": 0.0, ""confidence"": [4.8683609171202235e-17, 0.5614970317550455], ""p_value"": 1.0, ""contingency"": [[0, 3], [194, 8170]]}",{}
121,NC00962.3,STM-0.05-0.95,0.0,GARC1,RUS,STM,rrs@a447g,U,{},"{""proportion"": 0.0, ""confidence"": [0.0, 0.7934506856227626], ""p_value"": 1.0, ""contingency"": [[0, 1], [194, 8170]]}",{}
122,NC00962.3,STM-0.05-0.95,0.0,GARC1,RUS,STM,rrs@c859t,U,{},"{""proportion"": 0.0, ""confidence"": [0.0, 0.7934506856227626], ""p_value"": 1.0, ""contingency"": [[0, 1], [194, 8170]]}",{}
123,NC00962.3,STM-0.05-0.95,0.0,GARC1,RUS,STM,rrs@g-65a,U,{},"{""proportion"": 0.0, ""confidence"": [0.0, 0.4898908364545973], ""p_value"": 1.0, ""contingency"": [[0, 4], [194, 8170]]}",{}
125,NC00962.3,STM-0.05-0.95,0.0,GARC1,RUS,STM,rrs@c279a,U,{},"{""proportion"": 0.0, ""confidence"": [0.0, 0.7934506856227626], ""p_value"": 1.0, ""contingency"": [[0, 1], [194, 8170]]}",{}
130,NC00962.3,STM-0.05-0.95,0.0,GARC1,RUS,STM,gid@I11T,U,{},"{""proportion"": 0.5, ""confidence"": [0.09453120573423071, 0.9054687942657693], ""p_value"": 0.09749999999999999, ""contingency"": [[1, 1], [194, 8170]]}",{}
136,NC00962.3,STM-0.05-0.95,0.0,GARC1,RUS,STM,gid@g-10t,U,{},"{""proportion"": 0.0, ""confidence"": [0.0, 0.4898908364545973], ""p_value"": 1.0, ""contingency"": [[0, 4], [194, 8170]]}",{}
138,NC00962.3,STM-0.05-0.95,0.0,GARC1,RUS,STM,gid@441_ins_a,U,{},"{""proportion"": 0.5, ""confidence"": [0.09453120573423071, 0.9054687942657693], ""p_value"": 0.09749999999999999, ""contingency"": [[1, 1], [194, 8170]]}",{}
141,NC00962.3,STM-0.05-0.95,0.0,GARC1,RUS,STM,gid@a-96g,U,{},"{""proportion"": 0.0, ""confidence"": [0.0, 0.7934506856227626], ""p_value"": 1.0, ""contingency"": [[0, 1], [194, 8170]]}",{}
145,NC00962.3,STM-0.05-0.95,0.0,GARC1,RUS,STM,gid@L58F,U,{},"{""proportion"": 0.1, ""confidence"": [0.01787621309507289, 0.4041500267952385], ""p_value"": 0.401263060761621, ""contingency"": [[1, 9], [194, 8170]]}",{}
148,NC00962.3,STM-0.05-0.95,0.0,GARC1,RUS,STM,rrs@c-18a,U,{},"{""proportion"": 0.0, ""confidence"": [0.0, 0.7934506856227626], ""p_value"": 1.0, ""contingency"": [[0, 1], [194, 8170]]}",{}
149,NC00962.3,STM-0.05-0.95,0.0,GARC1,RUS,STM,rrs@g673a,U,{},"{""proportion"": 0.0, ""confidence"": [0.0, 0.7934506856227626], ""p_value"": 1.0, ""contingency"": [[0, 1], [194, 8170]]}",{}
150,NC00962.3,STM-0.05-0.95,0.0,GARC1,RUS,STM,rrs@a180g,U,{},"{""proportion"": 0.0, ""confidence"": [0.0, 0.7934506856227626], ""p_value"": 1.0, ""contingency"": [[0, 1], [194, 8170]]}",{}
153,NC00962.3,STM-0.05-0.95,0.0,GARC1,RUS,STM,gid@Q127R,U,{},"{""proportion"": 0.0, ""confidence"": [0.0, 0.7934506856227626], ""p_value"": 1.0, ""contingency"": [[0, 1], [194, 8170]]}",{}
154,NC00962.3,STM-0.05-0.95,0.0,GARC1,RUS,STM,gid@C191W,U,{},"{""proportion"": 0.5, ""confidence"": [0.09453120573423071, 0.9054687942657693], ""p_value"": 0.09749999999999999, ""contingency"": [[1, 1], [194, 8170]]}",{}
155,NC00962.3,STM-0.05-0.95,0.0,GARC1,RUS,STM,gid@E32D,U,{},"{""proportion"": 0.0, ""confidence"": [0.0, 0.2775327998628892], ""p_value"": 1.0, ""contingency"": [[0, 10], [194, 8170]]}",{}
157,NC00962.3,STM-0.05-0.95,0.0,GARC1,RUS,STM,gid@V65F,U,{},"{""proportion"": 0.0, ""confidence"": [0.0, 0.6576197724933469], ""p_value"": 1.0, ""contingency"": [[0, 2], [194, 8170]]}",{}
162,NC00962.3,STM-0.05-0.95,0.0,GARC1,RUS,STM,gid@R116W,U,{},"{""proportion"": 0.25, ""confidence"": [0.045587260809700575, 0.6993581574175981], ""p_value"": 0.18549374999999999, ""contingency"": [[1, 3], [194, 8170]]}",{}
165,NC00962.3,STM-0.05-0.95,0.0,GARC1,RUS,STM,rrs@c1443g,U,{},"{""proportion"": 0.0, ""confidence"": [0.0, 0.16817922405261626], ""p_value"": 1.0, ""contingency"": [[0, 19], [194, 8170]]}",{}
166,NC00962.3,STM-0.05-0.95,0.0,GARC1,RUS,STM,gid@P29R,U,{},"{""proportion"": 0.0, ""confidence"": [0.0, 0.7934506856227626], ""p_value"": 1.0, ""contingency"": [[0, 1], [194, 8170]]}",{}
169,NC00962.3,STM-0.05-0.95,0.0,GARC1,RUS,STM,gid@A167D,U,{},"{""proportion"": 0.0, ""confidence"": [0.0, 0.7934506856227626], ""p_value"": 1.0, ""contingency"": [[0, 1], [194, 8170]]}",{}
170,NC00962.3,STM-0.05-0.95,0.0,GARC1,RUS,STM,rrs@a-39g,U,{},"{""proportion"": 0.0, ""confidence"": [0.0, 0.7934506856227626], ""p_value"": 1.0, ""contingency"": [[0, 1], [194, 8170]]}",{}
171,NC00962.3,STM-0.05-0.95,0.0,GARC1,RUS,STM,rrs@a1421c,U,{},"{""proportion"": 0.0, ""confidence"": [0.0, 0.7934506856227626], ""p_value"": 1.0, ""contingency"": [[0, 1], [194, 8170]]}",{}
172,NC00962.3,STM-0.05-0.95,0.0,GARC1,RUS,STM,gid@G28E,U,{},"{""proportion"": 0.0, ""confidence"": [0.0, 0.6576197724933469], ""p_value"": 1.0, ""contingency"": [[0, 2], [194, 8170]]}",{}
173,NC00962.3,STM-0.05-0.95,0.0,GARC1,RUS,STM,gid@Y22!,U,{},"{""proportion"": 0.0, ""confidence"": [0.0, 0.4898908364545973], ""p_value"": 1.0, ""contingency"": [[0, 4], [194, 8170]]}",{}
174,NC00962.3,STM-0.05-0.95,0.0,GARC1,RUS,STM,gid@G76R,U,{},"{""proportion"": 0.5, ""confidence"": [0.09453120573423071, 0.9054687942657693], ""p_value"": 0.09749999999999999, ""contingency"": [[1, 1], [194, 8170]]}",{}
177,NC00962.3,STM-0.05-0.95,0.0,GARC1,RUS,STM,gid@489_del_a,U,{},"{""proportion"": 0.0, ""confidence"": [0.0, 0.6576197724933469], ""p_value"": 1.0, ""contingency"": [[0, 2], [194, 8170]]}",{}
179,NC00962.3,STM-0.05-0.95,0.0,GARC1,RUS,STM,gid@L160F,U,{},"{""proportion"": 0.0, ""confidence"": [0.0, 0.7934506856227626], ""p_value"": 1.0, ""contingency"": [[0, 1], [194, 8170]]}",{}
180,NC00962.3,STM-0.05-0.95,0.0,GARC1,RUS,STM,rrs@642_ins_t,U,{},"{""proportion"": 0.0, ""confidence"": [4.8683609171202235e-17, 0.5614970317550455], ""p_value"": 1.0, ""contingency"": [[0, 3], [194, 8170]]}",{}
181,NC00962.3,STM-0.05-0.95,0.0,GARC1,RUS,STM,gid@L152S,U,{},"{""proportion"": 0.5, ""confidence"": [0.09453120573423071, 0.9054687942657693], ""p_value"": 0.09749999999999999, ""contingency"": [[1, 1], [194, 8170]]}",{}
182,NC00962.3,STM-0.05-0.95,0.0,GARC1,RUS,STM,rrs@c1021t,U,{},"{""proportion"": 0.0, ""confidence"": [0.0, 0.43448246478317476], ""p_value"": 1.0, ""contingency"": [[0, 5], [194, 8170]]}",{}
183,NC00962.3,STM-0.05-0.95,0.0,GARC1,RUS,STM,rrs@827_ins_t,U,{},"{""proportion"": 0.0, ""confidence"": [0.0, 0.7934506856227626], ""p_value"": 1.0, ""contingency"": [[0, 1], [194, 8170]]}",{}
185,NC00962.3,STM-0.05-0.95,0.0,GARC1,RUS,STM,gid@E173!,U,{},"{""proportion"": 0.16666666666666666, ""confidence"": [0.030053369748306632, 0.5635028221864702], ""p_value"": 0.264908109375, ""contingency"": [[1, 5], [194, 8170]]}",{}
186,NC00962.3,STM-0.05-0.95,0.0,GARC1,RUS,STM,gid@193_ins_g,U,{},"{""proportion"": 0.5, ""confidence"": [0.09453120573423071, 0.9054687942657693], ""p_value"": 0.09749999999999999, ""contingency"": [[1, 1], [194, 8170]]}",{}
189,NC00962.3,STM-0.05-0.95,0.0,GARC1,RUS,STM,gid@G109A,U,{},"{""proportion"": 0.3333333333333333, ""confidence"": [0.061491944720396215, 0.7923403991979523], ""p_value"": 0.14262499999999997, ""contingency"": [[1, 2], [194, 8170]]}",{}
192,NC00962.3,STM-0.05-0.95,0.0,GARC1,RUS,STM,rrs@g1286a,U,{},"{""proportion"": 0.0, ""confidence"": [0.0, 0.7934506856227626], ""p_value"": 1.0, ""contingency"": [[0, 1], [194, 8170]]}",{}
197,NC00962.3,STM-0.05-0.95,0.0,GARC1,RUS,STM,gid@c-30t,U,{},"{""proportion"": 0.0, ""confidence"": [0.0, 0.6576197724933469], ""p_value"": 1.0, ""contingency"": [[0, 2], [194, 8170]]}",{}
199,NC00962.3,STM-0.05-0.95,0.0,GARC1,RUS,STM,gid@A25P,U,{},"{""proportion"": 0.0, ""confidence"": [0.0, 0.6576197724933469], ""p_value"": 1.0, ""contingency"": [[0, 2], [194, 8170]]}",{}
200,NC00962.3,STM-0.05-0.95,0.0,GARC1,RUS,STM,rrs@c799a,U,{},"{""proportion"": 0.0, ""confidence"": [0.0, 0.7934506856227626], ""p_value"": 1.0, ""contingency"": [[0, 1], [194, 8170]]}",{}
201,NC00962.3,STM-0.05-0.95,0.0,GARC1,RUS,STM,gid@G71E,U,{},"{""proportion"": 0.5, ""confidence"": [0.09453120573423071, 0.9054687942657693], ""p_value"": 0.09749999999999999, ""contingency"": [[1, 1], [194, 8170]]}",{}
204,NC00962.3,STM-0.05-0.95,0.0,GARC1,RUS,STM,gid@g-74c,U,{},"{""proportion"": 0.0, ""confidence"": [0.0, 0.7934506856227626], ""p_value"": 1.0, ""contingency"": [[0, 1], [194, 8170]]}",{}
205,NC00962.3,STM-0.05-0.95,0.0,GARC1,RUS,STM,gid@A193P,U,{},"{""proportion"": 0.0, ""confidence"": [0.0, 0.7934506856227626], ""p_value"": 1.0, ""contingency"": [[0, 1], [194, 8170]]}",{}
207,NC00962.3,STM-0.05-0.95,0.0,GARC1,RUS,STM,rrs@t23g,U,{},"{""proportion"": 0.5, ""confidence"": [0.09453120573423071, 0.9054687942657693], ""p_value"": 0.09749999999999999, ""contingency"": [[1, 1], [194, 8170]]}",{}
209,NC00962.3,STM-0.05-0.95,0.0,GARC1,RUS,STM,rrs@t1208g,U,{},"{""proportion"": 0.08333333333333333, ""confidence"": [0.014865094404917095, 0.35387991114111694], ""p_value"": 0.459639912337363, ""contingency"": [[1, 11], [194, 8170]]}",{}
210,NC00962.3,STM-0.05-0.95,0.0,GARC1,RUS,STM,gid@Y195!,U,{},"{""proportion"": 0.3333333333333333, ""confidence"": [0.061491944720396215, 0.7923403991979523], ""p_value"": 0.14262499999999997, ""contingency"": [[1, 2], [194, 8170]]}",{}
211,NC00962.3,STM-0.05-0.95,0.0,GARC1,RUS,STM,gid@I68F,U,{},"{""proportion"": 0.0, ""confidence"": [0.0, 0.7934506856227626], ""p_value"": 1.0, ""contingency"": [[0, 1], [194, 8170]]}",{}
212,NC00962.3,STM-0.05-0.95,0.0,GARC1,RUS,STM,gid@L86F,U,{},"{""proportion"": 0.0, ""confidence"": [0.0, 0.43448246478317476], ""p_value"": 1.0, ""contingency"": [[0, 5], [194, 8170]]}",{}
214,NC00962.3,STM-0.05-0.95,0.0,GARC1,RUS,STM,rrs@g655a,U,{},"{""proportion"": 0.0, ""confidence"": [0.0, 0.7934506856227626], ""p_value"": 1.0, ""contingency"": [[0, 1], [194, 8170]]}",{}
216,NC00962.3,STM-0.05-0.95,0.0,GARC1,RUS,STM,rrs@-40_ins_a,U,{},"{""proportion"": 0.0, ""confidence"": [0.0, 0.7934506856227626], ""p_value"": 1.0, ""contingency"": [[0, 1], [194, 8170]]}",{}
218,NC00962.3,STM-0.05-0.95,0.0,GARC1,RUS,STM,gid@G76S,U,{},"{""proportion"": 0.25, ""confidence"": [0.045587260809700575, 0.6993581574175981], ""p_value"": 0.18549374999999999, ""contingency"": [[1, 3], [194, 8170]]}",{}
219,NC00962.3,STM-0.05-0.95,0.0,GARC1,RUS,STM,gid@A8V,U,{},"{""proportion"": 0.0, ""confidence"": [0.0, 0.6576197724933469], ""p_value"": 1.0, ""contingency"": [[0, 2], [194, 8170]]}",{}
221,NC00962.3,STM-0.05-0.95,0.0,GARC1,RUS,STM,gid@H48D,U,{},"{""proportion"": 0.0, ""confidence"": [0.0, 0.7934506856227626], ""p_value"": 1.0, ""contingency"": [[0, 1], [194, 8170]]}",{}
222,NC00962.3,STM-0.05-0.95,0.0,GARC1,RUS,STM,rrs@t1164a,U,{},"{""proportion"": 0.0, ""confidence"": [0.0, 0.7934506856227626], ""p_value"": 1.0, ""contingency"": [[0, 1], [194, 8170]]}",{}
223,NC00962.3,STM-0.05-0.95,0.0,GARC1,RUS,STM,rrs@t-92g,U,{},"{""proportion"": 0.0, ""confidence"": [0.0, 0.6576197724933469], ""p_value"": 1.0, ""contingency"": [[0, 2], [194, 8170]]}",{}
225,NC00962.3,STM-0.05-0.95,0.0,GARC1,RUS,STM,gid@G71!,U,{},"{""proportion"": 0.0, ""confidence"": [0.0, 0.7934506856227626], ""p_value"": 1.0, ""contingency"": [[0, 1], [194, 8170]]}",{}
227,NC00962.3,STM-0.05-0.95,0.0,GARC1,RUS,STM,gid@V171L,U,{},"{""proportion"": 0.0, ""confidence"": [0.0, 0.7934506856227626], ""p_value"": 1.0, ""contingency"": [[0, 1], [194, 8170]]}",{}
228,NC00962.3,STM-0.05-0.95,0.0,GARC1,RUS,STM,gid@R33P,U,{},"{""proportion"": 0.3333333333333333, ""confidence"": [0.061491944720396215, 0.7923403991979523], ""p_value"": 0.14262499999999997, ""contingency"": [[1, 2], [194, 8170]]}",{}
229,NC00962.3,STM-0.05-0.95,0.0,GARC1,RUS,STM,rrs@c37t,U,{},"{""proportion"": 0.0, ""confidence"": [0.0, 0.7934506856227626], ""p_value"": 1.0, ""contingency"": [[0, 1], [194, 8170]]}",{}
233,NC00962.3,STM-0.05-0.95,0.0,GARC1,RUS,STM,rrs@c699t,U,{},"{""proportion"": 0.0, ""confidence"": [0.0, 0.7934506856227626], ""p_value"": 1.0, ""contingency"": [[0, 1], [194, 8170]]}",{}
234,NC00962.3,STM-0.05-0.95,0.0,GARC1,RUS,STM,gid@M218V,U,{},"{""proportion"": 0.0, ""confidence"": [0.0, 0.7934506856227626], ""p_value"": 1.0, ""contingency"": [[0, 1], [194, 8170]]}",{}
236,NC00962.3,STM-0.05-0.95,0.0,GARC1,RUS,STM,gid@V124G,U,{},"{""proportion"": 0.2, ""confidence"": [0.03622410863243013, 0.6244653702374747], ""p_value"": 0.22621906249999996, ""contingency"": [[1, 4], [194, 8170]]}",{}
240,NC00962.3,STM-0.05-0.95,0.0,GARC1,RUS,STM,gid@V135M,U,{},"{""proportion"": 0.0, ""confidence"": [0.0, 0.6576197724933469], ""p_value"": 1.0, ""contingency"": [[0, 2], [194, 8170]]}",{}
241,NC00962.3,STM-0.05-0.95,0.0,GARC1,RUS,STM,gid@W45S,U,{},"{""proportion"": 0.5, ""confidence"": [0.09453120573423071, 0.9054687942657693], ""p_value"": 0.09749999999999999, ""contingency"": [[1, 1], [194, 8170]]}",{}
242,NC00962.3,STM-0.05-0.95,0.0,GARC1,RUS,STM,gid@A224V,U,{},"{""proportion"": 0.0, ""confidence"": [4.8683609171202235e-17, 0.5614970317550455], ""p_value"": 1.0, ""contingency"": [[0, 3], [194, 8170]]}",{}
243,NC00962.3,STM-0.05-0.95,0.0,GARC1,RUS,STM,gid@g-9c,U,{},"{""proportion"": 0.0, ""confidence"": [0.0, 0.7934506856227626], ""p_value"": 1.0, ""contingency"": [[0, 1], [194, 8170]]}",{}
244,NC00962.3,STM-0.05-0.95,0.0,GARC1,RUS,STM,gid@395_del_a,U,{},"{""proportion"": 0.0, ""confidence"": [0.0, 0.7934506856227626], ""p_value"": 1.0, ""contingency"": [[0, 1], [194, 8170]]}",{}
246,NC00962.3,STM-0.05-0.95,0.0,GARC1,RUS,STM,gid@102_ins_g,U,{},"{""proportion"": 0.3333333333333333, ""confidence"": [0.061491944720396215, 0.7923403991979523], ""p_value"": 0.14262499999999997, ""contingency"": [[1, 2], [194, 8170]]}",{}
247,NC00962.3,STM-0.05-0.95,0.0,GARC1,RUS,STM,gid@A80P,U,{},"{""proportion"": 0.5, ""confidence"": [0.09453120573423071, 0.9054687942657693], ""p_value"": 0.09749999999999999, ""contingency"": [[1, 1], [194, 8170]]}",{}
249,NC00962.3,STM-0.05-0.95,0.0,GARC1,RUS,STM,gid@L79!,U,{},"{""proportion"": 0.0, ""confidence"": [0.0, 0.7934506856227626], ""p_value"": 1.0, ""contingency"": [[0, 1], [194, 8170]]}",{}
254,NC00962.3,STM-0.05-0.95,0.0,GARC1,RUS,STM,gid@L58P,U,{},"{""proportion"": 0.0, ""confidence"": [0.0, 0.7934506856227626], ""p_value"": 1.0, ""contingency"": [[0, 1], [194, 8170]]}",{}
257,NC00962.3,STM-0.05-0.95,0.0,GARC1,RUS,STM,gid@L94R,U,{},"{""proportion"": 0.5, ""confidence"": [0.09453120573423071, 0.9054687942657693], ""p_value"": 0.09749999999999999, ""contingency"": [[1, 1], [194, 8170]]}",{}
258,NC00962.3,STM-0.05-0.95,0.0,GARC1,RUS,STM,gid@E170K,U,{},"{""proportion"": 0.3333333333333333, ""confidence"": [0.061491944720396215, 0.7923403991979523], ""p_value"": 0.14262499999999997, ""contingency"": [[1, 2], [194, 8170]]}",{}
262,NC00962.3,STM-0.05-0.95,0.0,GARC1,RUS,STM,gid@319_ins_g,U,{},"{""proportion"": 0.0, ""confidence"": [4.8683609171202235e-17, 0.5614970317550455], ""p_value"": 1.0, ""contingency"": [[0, 3], [194, 8170]]}",{}
263,NC00962.3,STM-0.05-0.95,0.0,GARC1,RUS,STM,gid@-99_del_gtaagcgatgcgtggccgagcggctgggccagcgtctcgagagcggagaatgtttcacgtgaaacatgacacagacctcacgagccggcggagtgcgtaatgtctccgatcgagcccgcggcgtctgcgatcttcggaccgcggcttggccttgctcggcggtacgccgaagcgttggcgggacccggtgtggagcgggggctggtgggaccccgcgaagtcggtaggctatgggaccggcatctactgaactgcgccgtgatcggtgagctcctcgaacgcggtgaccgggtcgtggatatcggtagcggagccgggttgccgggcgtgccattggcgatagcgcggccggacctccaggtagttctcctagaaccgctactgcgccgcaccgagtttcttcgagagatggtgacagatctgggcgtggccgttgagatcgtgcgggggcgcgccgaggagtcctgggtgcaggaccaattgggcggcagcgacgctgcggtgtcacgggcggtggccgcgttggacaagttgacgaaatggagcatgccgttgatacggccgaacgggcgaatgctcgccatcaaaggcgagcgggctcacgacgaagtacgggagcaccggcgtgtgatgatcgcatcgggcgcggttgatgtcagggtggtgacatgtggcgcgaa,U,{},"{""proportion"": 0.0, ""confidence"": [0.0, 0.7934506856227626], ""p_value"": 1.0, ""contingency"": [[0, 1], [194, 8170]]}",{}
264,NC00962.3,STM-0.05-0.95,0.0,GARC1,RUS,STM,gid@E121D,U,{},"{""proportion"": 0.0, ""confidence"": [0.0, 0.6576197724933469], ""p_value"": 1.0, ""contingency"": [[0, 2], [194, 8170]]}",{}
265,NC00962.3,STM-0.05-0.95,0.0,GARC1,RUS,STM,gid@167_ins_cgg,U,{},"{""proportion"": 0.0, ""confidence"": [0.0, 0.7934506856227626], ""p_value"": 1.0, ""contingency"": [[0, 1], [194, 8170]]}",{}
266,NC00962.3,STM-0.05-0.95,0.0,GARC1,RUS,STM,gid@320_ins_a,U,{},"{""proportion"": 0.0, ""confidence"": [0.0, 0.7934506856227626], ""p_value"": 1.0, ""contingency"": [[0, 1], [194, 8170]]}",{}
267,NC00962.3,STM-0.05-0.95,0.0,GARC1,RUS,STM,gid@g-7a,U,{},"{""proportion"": 0.0, ""confidence"": [4.8683609171202235e-17, 0.5614970317550455], ""p_value"": 1.0, ""contingency"": [[0, 3], [194, 8170]]}",{}
274,NC00962.3,STM-0.05-0.95,0.0,GARC1,RUS,STM,gid@P75A,U,{},"{""proportion"": 0.0, ""confidence"": [0.0, 0.7934506856227626], ""p_value"": 1.0, ""contingency"": [[0, 1], [194, 8170]]}",{}
275,NC00962.3,STM-0.05-0.95,0.0,GARC1,RUS,STM,gid@W45R,U,{},"{""proportion"": 0.0, ""confidence"": [0.0, 0.6576197724933469], ""p_value"": 1.0, ""contingency"": [[0, 2], [194, 8170]]}",{}
276,NC00962.3,STM-0.05-0.95,0.0,GARC1,RUS,STM,gid@N51Y,U,{},"{""proportion"": 0.0, ""confidence"": [0.0, 0.7934506856227626], ""p_value"": 1.0, ""contingency"": [[0, 1], [194, 8170]]}",{}
278,NC00962.3,STM-0.05-0.95,0.0,GARC1,RUS,STM,gid@M150T,U,{},"{""proportion"": 0.0, ""confidence"": [0.0, 0.7934506856227626], ""p_value"": 1.0, ""contingency"": [[0, 1], [194, 8170]]}",{}
279,NC00962.3,STM-0.05-0.95,0.0,GARC1,RUS,STM,gid@L26S,U,{},"{""proportion"": 0.25, ""confidence"": [0.045587260809700575, 0.6993581574175981], ""p_value"": 0.18549374999999999, ""contingency"": [[1, 3], [194, 8170]]}",{}
280,NC00962.3,STM-0.05-0.95,0.0,GARC1,RUS,STM,gid@T190P,U,{},"{""proportion"": 0.0, ""confidence"": [0.0, 0.7934506856227626], ""p_value"": 1.0, ""contingency"": [[0, 1], [194, 8170]]}",{}
281,NC00962.3,STM-0.05-0.95,0.0,GARC1,RUS,STM,gid@R207P,U,{},"{""proportion"": 0.0, ""confidence"": [0.0, 0.7934506856227626], ""p_value"": 1.0, ""contingency"": [[0, 1], [194, 8170]]}",{}
282,NC00962.3,STM-0.05-0.95,0.0,GARC1,RUS,STM,gid@39_ins_a,U,{},"{""proportion"": 0.0, ""confidence"": [0.0, 0.7934506856227626], ""p_value"": 1.0, ""contingency"": [[0, 1], [194, 8170]]}",{}
284,NC00962.3,STM-0.05-0.95,0.0,GARC1,RUS,STM,rrs@1371_ins_g,U,{},"{""proportion"": 0.0, ""confidence"": [0.0, 0.7934506856227626], ""p_value"": 1.0, ""contingency"": [[0, 1], [194, 8170]]}",{}
285,NC00962.3,STM-0.05-0.95,0.0,GARC1,RUS,STM,gid@C52Y,U,{},"{""proportion"": 0.25, ""confidence"": [0.045587260809700575, 0.6993581574175981], ""p_value"": 0.18549374999999999, ""contingency"": [[1, 3], [194, 8170]]}",{}
287,NC00962.3,STM-0.05-0.95,0.0,GARC1,RUS,STM,gid@258_ins_a,U,{},"{""proportion"": 0.0, ""confidence"": [0.0, 0.7934506856227626], ""p_value"": 1.0, ""contingency"": [[0, 1], [194, 8170]]}",{}
289,NC00962.3,STM-0.05-0.95,0.0,GARC1,RUS,STM,gid@I114N,U,{},"{""proportion"": 0.5, ""confidence"": [0.09453120573423071, 0.9054687942657693], ""p_value"": 0.09749999999999999, ""contingency"": [[1, 1], [194, 8170]]}",{}
292,NC00962.3,STM-0.05-0.95,0.0,GARC1,RUS,STM,gid@Y22S,U,{},"{""proportion"": 0.5, ""confidence"": [0.09453120573423071, 0.9054687942657693], ""p_value"": 0.09749999999999999, ""contingency"": [[1, 1], [194, 8170]]}",{}
296,NC00962.3,STM-0.05-0.95,0.0,GARC1,RUS,STM,gid@E120A,U,{},"{""proportion"": 0.0, ""confidence"": [0.0, 0.7934506856227626], ""p_value"": 1.0, ""contingency"": [[0, 1], [194, 8170]]}",{}
298,NC00962.3,STM-0.05-0.95,0.0,GARC1,RUS,STM,gid@R83G,U,{},"{""proportion"": 0.0, ""confidence"": [0.0, 0.7934506856227626], ""p_value"": 1.0, ""contingency"": [[0, 1], [194, 8170]]}",{}
299,NC00962.3,STM-0.05-0.95,0.0,GARC1,RUS,STM,gid@M150R,U,{},"{""proportion"": 0.5, ""confidence"": [0.09453120573423071, 0.9054687942657693], ""p_value"": 0.09749999999999999, ""contingency"": [[1, 1], [194, 8170]]}",{}
300,NC00962.3,STM-0.05-0.95,0.0,GARC1,RUS,STM,gid@G164C,U,{},"{""proportion"": 0.0, ""confidence"": [0.0, 0.6576197724933469], ""p_value"": 1.0, ""contingency"": [[0, 2], [194, 8170]]}",{}
301,NC00962.3,STM-0.05-0.95,0.0,GARC1,RUS,STM,gid@R15P,U,{},"{""proportion"": 0.0, ""confidence"": [0.0, 0.7934506856227626], ""p_value"": 1.0, ""contingency"": [[0, 1], [194, 8170]]}",{}
303,NC00962.3,STM-0.05-0.95,0.0,GARC1,RUS,STM,gid@V36G,U,{},"{""proportion"": 0.5, ""confidence"": [0.09453120573423071, 0.9054687942657693], ""p_value"": 0.09749999999999999, ""contingency"": [[1, 1], [194, 8170]]}",{}
304,NC00962.3,STM-0.05-0.95,0.0,GARC1,RUS,STM,rrs@g1379a,U,{},"{""proportion"": 0.0, ""confidence"": [0.0, 0.32440756488388023], ""p_value"": 1.0, ""contingency"": [[0, 8], [194, 8170]]}",{}
305,NC00962.3,STM-0.05-0.95,0.0,GARC1,RUS,STM,gid@597_del_c,U,{},"{""proportion"": 0.0, ""confidence"": [0.0, 0.7934506856227626], ""p_value"": 1.0, ""contingency"": [[0, 1], [194, 8170]]}",{}
307,NC00962.3,STM-0.05-0.95,0.0,GARC1,RUS,STM,gid@V124A,U,{},"{""proportion"": 0.0, ""confidence"": [0.0, 0.7934506856227626], ""p_value"": 1.0, ""contingency"": [[0, 1], [194, 8170]]}",{}
308,NC00962.3,STM-0.05-0.95,0.0,GARC1,RUS,STM,gid@t-2a,U,{},"{""proportion"": 0.0, ""confidence"": [0.0, 0.7934506856227626], ""p_value"": 1.0, ""contingency"": [[0, 1], [194, 8170]]}",{}
309,NC00962.3,STM-0.05-0.95,0.0,GARC1,RUS,STM,gid@V203L,U,{},"{""proportion"": 0.5, ""confidence"": [0.09453120573423071, 0.9054687942657693], ""p_value"": 0.09749999999999999, ""contingency"": [[1, 1], [194, 8170]]}",{}
310,NC00962.3,STM-0.05-0.95,0.0,GARC1,RUS,STM,rrs@1205_ins_t,U,{},"{""proportion"": 0.0, ""confidence"": [0.0, 0.7934506856227626], ""p_value"": 1.0, ""contingency"": [[0, 1], [194, 8170]]}",{}
311,NC00962.3,STM-0.05-0.95,0.0,GARC1,RUS,STM,gid@A134T,U,{},"{""proportion"": 0.0, ""confidence"": [0.0, 0.6576197724933469], ""p_value"": 1.0, ""contingency"": [[0, 2], [194, 8170]]}",{}
313,NC00962.3,STM-0.05-0.95,0.0,GARC1,RUS,STM,gid@V41I,U,{},"{""proportion"": 0.2, ""confidence"": [0.03622410863243013, 0.6244653702374747], ""p_value"": 0.22621906249999996, ""contingency"": [[1, 4], [194, 8170]]}",{}
314,NC00962.3,STM-0.05-0.95,0.0,GARC1,RUS,STM,rpsL@E70A,U,{},"{""proportion"": 0.0, ""confidence"": [0.0, 0.7934506856227626], ""p_value"": 1.0, ""contingency"": [[0, 1], [194, 8170]]}",{}
315,NC00962.3,STM-0.05-0.95,0.0,GARC1,RUS,STM,rpsL@A113G,U,{},"{""proportion"": 0.0, ""confidence"": [0.0, 0.7934506856227626], ""p_value"": 1.0, ""contingency"": [[0, 1], [194, 8170]]}",{}
316,NC00962.3,STM-0.05-0.95,0.0,GARC1,RUS,STM,gid@M159I,U,{},"{""proportion"": 0.0, ""confidence"": [0.0, 0.7934506856227626], ""p_value"": 1.0, ""contingency"": [[0, 1], [194, 8170]]}",{}
317,NC00962.3,STM-0.05-0.95,0.0,GARC1,RUS,STM,gid@Q87P,U,{},"{""proportion"": 0.0, ""confidence"": [0.0, 0.7934506856227626], ""p_value"": 1.0, ""contingency"": [[0, 1], [194, 8170]]}",{}
319,NC00962.3,STM-0.05-0.95,0.0,GARC1,RUS,STM,rrs@t93g,U,{},"{""proportion"": 0.0, ""confidence"": [0.0, 0.7934506856227626], ""p_value"": 1.0, ""contingency"": [[0, 1], [194, 8170]]}",{}
321,NC00962.3,STM-0.05-0.95,0.0,GARC1,RUS,STM,gid@A82E,U,{},"{""proportion"": 0.0, ""confidence"": [0.0, 0.7934506856227626], ""p_value"": 1.0, ""contingency"": [[0, 1], [194, 8170]]}",{}
324,NC00962.3,STM-0.05-0.95,0.0,GARC1,RUS,STM,gid@R21P,U,{},"{""proportion"": 0.3333333333333333, ""confidence"": [0.061491944720396215, 0.7923403991979523], ""p_value"": 0.14262499999999997, ""contingency"": [[1, 2], [194, 8170]]}",{}
330,NC00962.3,STM-0.05-0.95,0.0,GARC1,RUS,STM,gid@L90P,U,{},"{""proportion"": 0.5, ""confidence"": [0.09453120573423071, 0.9054687942657693], ""p_value"": 0.09749999999999999, ""contingency"": [[1, 1], [194, 8170]]}",{}
332,NC00962.3,STM-0.05-0.95,0.0,GARC1,RUS,STM,gid@G37A,U,{},"{""proportion"": 0.25, ""confidence"": [0.045587260809700575, 0.6993581574175981], ""p_value"": 0.18549374999999999, ""contingency"": [[1, 3], [194, 8170]]}",{}
336,NC00962.3,STM-0.05-0.95,0.0,GARC1,RUS,STM,gid@H48R,U,{},"{""proportion"": 0.5, ""confidence"": [0.09453120573423071, 0.9054687942657693], ""p_value"": 0.09749999999999999, ""contingency"": [[1, 1], [194, 8170]]}",{}
341,NC00962.3,STM-0.05-0.95,0.0,GARC1,RUS,STM,gid@L50P,U,{},"{""proportion"": 0.5, ""confidence"": [0.09453120573423071, 0.9054687942657693], ""p_value"": 0.09749999999999999, ""contingency"": [[1, 1], [194, 8170]]}",{}
342,NC00962.3,STM-0.05-0.95,0.0,GARC1,RUS,STM,gid@H168D,U,{},"{""proportion"": 0.0, ""confidence"": [0.0, 0.7934506856227626], ""p_value"": 1.0, ""contingency"": [[0, 1], [194, 8170]]}",{}
343,NC00962.3,STM-0.05-0.95,0.0,GARC1,RUS,STM,gid@115_ins_cc,U,{},"{""proportion"": 0.0, ""confidence"": [0.0, 0.7934506856227626], ""p_value"": 1.0, ""contingency"": [[0, 1], [194, 8170]]}",{}
352,NC00962.3,STM-0.05-0.95,0.0,GARC1,RUS,STM,gid@V202L,U,{},"{""proportion"": 0.0, ""confidence"": [0.0, 0.7934506856227626], ""p_value"": 1.0, ""contingency"": [[0, 1], [194, 8170]]}",{}
353,NC00962.3,STM-0.05-0.95,0.0,GARC1,RUS,STM,gid@V112G,U,{},"{""proportion"": 0.0, ""confidence"": [0.0, 0.6576197724933469], ""p_value"": 1.0, ""contingency"": [[0, 2], [194, 8170]]}",{}
354,NC00962.3,STM-0.05-0.95,0.0,GARC1,RUS,STM,gid@399_ins_t,U,{},"{""proportion"": 0.5, ""confidence"": [0.09453120573423071, 0.9054687942657693], ""p_value"": 0.09749999999999999, ""contingency"": [[1, 1], [194, 8170]]}",{}
355,NC00962.3,STM-0.05-0.95,0.0,GARC1,RUS,STM,gid@L101F,U,{},"{""proportion"": 0.3333333333333333, ""confidence"": [0.061491944720396215, 0.7923403991979523], ""p_value"": 0.14262499999999997, ""contingency"": [[1, 2], [194, 8170]]}",{}
356,NC00962.3,STM-0.05-0.95,0.0,GARC1,RUS,STM,rrs@g1302a,U,{},"{""proportion"": 0.0, ""confidence"": [0.0, 0.7934506856227626], ""p_value"": 1.0, ""contingency"": [[0, 1], [194, 8170]]}",{}
358,NC00962.3,STM-0.05-0.95,0.0,GARC1,RUS,STM,rrs@g1416a,U,{},"{""proportion"": 0.0, ""confidence"": [0.0, 0.7934506856227626], ""p_value"": 1.0, ""contingency"": [[0, 1], [194, 8170]]}",{}
359,NC00962.3,STM-0.05-0.95,0.0,GARC1,RUS,STM,gid@C52!,U,{},"{""proportion"": 0.0, ""confidence"": [0.0, 0.6576197724933469], ""p_value"": 1.0, ""contingency"": [[0, 2], [194, 8170]]}",{}
360,NC00962.3,STM-0.05-0.95,0.0,GARC1,RUS,STM,gid@D169G,U,{},"{""proportion"": 0.0, ""confidence"": [0.0, 0.6576197724933469], ""p_value"": 1.0, ""contingency"": [[0, 2], [194, 8170]]}",{}
361,NC00962.3,STM-0.05-0.95,0.0,GARC1,RUS,STM,gid@C52W,U,{},"{""proportion"": 0.0, ""confidence"": [0.0, 0.7934506856227626], ""p_value"": 1.0, ""contingency"": [[0, 1], [194, 8170]]}",{}
363,NC00962.3,STM-0.05-0.95,0.0,GARC1,RUS,STM,gid@P75T,U,{},"{""proportion"": 0.0, ""confidence"": [3.584186086443356e-17, 0.3543304350666874], ""p_value"": 1.0, ""contingency"": [[0, 7], [194, 8170]]}",{}
364,NC00962.3,STM-0.05-0.95,0.0,GARC1,RUS,STM,gid@418_del_g,U,{},"{""proportion"": 0.0, ""confidence"": [0.0, 0.7934506856227626], ""p_value"": 1.0, ""contingency"": [[0, 1], [194, 8170]]}",{}
365,NC00962.3,STM-0.05-0.95,0.0,GARC1,RUS,STM,gid@-75_del_tgggccagcgtctcgagagcggagaatgtttcacgtgaaacatgacacagacctcacgagccggcggagtgcgtaatgtctccgatcgagcccgcggcgtctgcgatcttcggaccgcggcttggccttgctcggcggtacgccgaagcgttggcgggacccggtgtggagcgggggctggtgggaccccgcgaagtcggtaggctatgggaccggcatctactgaactgcgccgtgatcggtgagctcctcgaacgcggtgaccgggtcgtggatatcggtagcggagccgggttgccgggcgtgccattggcgatagcgcggccggacctccaggtagttctcctagaaccgctactgcgccgcaccgagtttcttcgagagatggtgacag,U,{},"{""proportion"": 0.0, ""confidence"": [0.0, 0.7934506856227626], ""p_value"": 1.0, ""contingency"": [[0, 1], [194, 8170]]}",{}
366,NC00962.3,STM-0.05-0.95,0.0,GARC1,RUS,STM,gid@413_del_c,U,{},"{""proportion"": 0.0, ""confidence"": [0.0, 0.7934506856227626], ""p_value"": 1.0, ""contingency"": [[0, 1], [194, 8170]]}",{}
367,NC00962.3,STM-0.05-0.95,0.0,GARC1,RUS,STM,gid@K163E,U,{},"{""proportion"": 0.0, ""confidence"": [0.0, 0.7934506856227626], ""p_value"": 1.0, ""contingency"": [[0, 1], [194, 8170]]}",{}
368,NC00962.3,STM-0.05-0.95,0.0,GARC1,RUS,STM,gid@A167P,U,{},"{""proportion"": 0.0, ""confidence"": [0.0, 0.43448246478317476], ""p_value"": 1.0, ""contingency"": [[0, 5], [194, 8170]]}",{}
369,NC00962.3,STM-0.05-0.95,0.0,GARC1,RUS,STM,rrs@c340t,U,{},"{""proportion"": 0.0, ""confidence"": [0.0, 0.7934506856227626], ""p_value"": 1.0, ""contingency"": [[0, 1], [194, 8170]]}",{}
370,NC00962.3,STM-0.05-0.95,0.0,GARC1,RUS,STM,rrs@t-4g,U,{},"{""proportion"": 0.0, ""confidence"": [0.0, 0.16112515805281938], ""p_value"": 0.6226463974646921, ""contingency"": [[0, 20], [194, 8170]]}",{}
372,NC00962.3,STM-0.05-0.95,0.0,GARC1,RUS,STM,rrs@c182g,U,{},"{""proportion"": 0.0, ""confidence"": [0.0, 0.7934506856227626], ""p_value"": 1.0, ""contingency"": [[0, 1], [194, 8170]]}",{}
373,NC00962.3,STM-0.05-0.95,0.0,GARC1,RUS,STM,rrs@t1216g,U,{},"{""proportion"": 0.0, ""confidence"": [0.0, 0.7934506856227626], ""p_value"": 1.0, ""contingency"": [[0, 1], [194, 8170]]}",{}
374,NC00962.3,STM-0.05-0.95,0.0,GARC1,RUS,STM,rrs@t213c,U,{},"{""proportion"": 0.0, ""confidence"": [0.0, 0.6576197724933469], ""p_value"": 1.0, ""contingency"": [[0, 2], [194, 8170]]}",{}
376,NC00962.3,STM-0.05-0.95,0.0,GARC1,RUS,STM,gid@R166W,U,{},"{""proportion"": 0.0, ""confidence"": [0.0, 0.7934506856227626], ""p_value"": 1.0, ""contingency"": [[0, 1], [194, 8170]]}",{}
377,NC00962.3,STM-0.05-0.95,0.0,GARC1,RUS,STM,rrs@c1220g,U,{},"{""proportion"": 0.0, ""confidence"": [0.0, 0.6576197724933469], ""p_value"": 1.0, ""contingency"": [[0, 2], [194, 8170]]}",{}
378,NC00962.3,STM-0.05-0.95,0.0,GARC1,RUS,STM,rrs@t983c,U,{},"{""proportion"": 0.0, ""confidence"": [0.0, 0.7934506856227626], ""p_value"": 1.0, ""contingency"": [[0, 1], [194, 8170]]}",{}
379,NC00962.3,STM-0.05-0.95,0.0,GARC1,RUS,STM,gid@H174R,U,{},"{""proportion"": 0.0, ""confidence"": [0.0, 0.7934506856227626], ""p_value"": 1.0, ""contingency"": [[0, 1], [194, 8170]]}",{}
381,NC00962.3,STM-0.05-0.95,0.0,GARC1,RUS,STM,rpsL@S17N,U,{},"{""proportion"": 0.0, ""confidence"": [0.0, 0.6576197724933469], ""p_value"": 1.0, ""contingency"": [[0, 2], [194, 8170]]}",{}
382,NC00962.3,STM-0.05-0.95,0.0,GARC1,RUS,STM,rrs@c141t,U,{},"{""proportion"": 0.0, ""confidence"": [0.0, 0.7934506856227626], ""p_value"": 1.0, ""contingency"": [[0, 1], [194, 8170]]}",{}
384,NC00962.3,STM-0.05-0.95,0.0,GARC1,RUS,STM,gid@351_del_gcgcgccgaggagtcctgggtgcaggaccaattgggcggcagcgacgctgcggtgtcacgggcggtggccgcgttggacaagttgacgaaatggag,U,{},"{""proportion"": 0.0, ""confidence"": [0.0, 0.4898908364545973], ""p_value"": 1.0, ""contingency"": [[0, 4], [194, 8170]]}",{}
387,NC00962.3,STM-0.05-0.95,0.0,GARC1,RUS,STM,gid@T146K,U,{},"{""proportion"": 0.5, ""confidence"": [0.09453120573423071, 0.9054687942657693], ""p_value"": 0.09749999999999999, ""contingency"": [[1, 1], [194, 8170]]}",{}
388,NC00962.3,STM-0.05-0.95,0.0,GARC1,RUS,STM,gid@L90F,U,{},"{""proportion"": 0.0, ""confidence"": [0.0, 0.7934506856227626], ""p_value"": 1.0, ""contingency"": [[0, 1], [194, 8170]]}",{}
389,NC00962.3,STM-0.05-0.95,0.0,GARC1,RUS,STM,gid@V88A,U,{},"{""proportion"": 0.25, ""confidence"": [0.045587260809700575, 0.6993581574175981], ""p_value"": 0.18549374999999999, ""contingency"": [[1, 3], [194, 8170]]}",{}
391,NC00962.3,STM-0.05-0.95,0.0,GARC1,RUS,STM,gid@M159T,U,{},"{""proportion"": 0.0, ""confidence"": [0.0, 0.6576197724933469], ""p_value"": 1.0, ""contingency"": [[0, 2], [194, 8170]]}",{}
393,NC00962.3,STM-0.05-0.95,0.0,GARC1,RUS,STM,gid@107_del_t,U,{},"{""proportion"": 0.0, ""confidence"": [0.0, 0.7934506856227626], ""p_value"": 1.0, ""contingency"": [[0, 1], [194, 8170]]}",{}
395,NC00962.3,STM-0.05-0.95,0.0,GARC1,RUS,STM,gid@A53D,U,{},"{""proportion"": 0.0, ""confidence"": [0.0, 0.7934506856227626], ""p_value"": 1.0, ""contingency"": [[0, 1], [194, 8170]]}",{}
396,NC00962.3,STM-0.05-0.95,0.0,GARC1,RUS,STM,rrs@g174t,U,{},"{""proportion"": 0.0, ""confidence"": [0.0, 0.7934506856227626], ""p_value"": 1.0, ""contingency"": [[0, 1], [194, 8170]]}",{}
397,NC00962.3,STM-0.05-0.95,0.0,GARC1,RUS,STM,gid@R83P,U,{},"{""proportion"": 0.5, ""confidence"": [0.09453120573423071, 0.9054687942657693], ""p_value"": 0.09749999999999999, ""contingency"": [[1, 1], [194, 8170]]}",{}
398,NC00962.3,STM-0.05-0.95,0.0,GARC1,RUS,STM,gid@V188G,U,{},"{""proportion"": 0.0, ""confidence"": [0.0, 0.7934506856227626], ""p_value"": 1.0, ""contingency"": [[0, 1], [194, 8170]]}",{}
400,NC00962.3,STM-0.05-0.95,0.0,GARC1,RUS,STM,rrs@g1099a,U,{},"{""proportion"": 0.0, ""confidence"": [0.0, 0.7934506856227626], ""p_value"": 1.0, ""contingency"": [[0, 1], [194, 8170]]}",{}
401,NC00962.3,STM-0.05-0.95,0.0,GARC1,RUS,STM,gid@W148C,U,{},"{""proportion"": 0.0, ""confidence"": [0.0, 0.7934506856227626], ""p_value"": 1.0, ""contingency"": [[0, 1], [194, 8170]]}",{}
402,NC00962.3,STM-0.05-0.95,0.0,GARC1,RUS,STM,rrs@a970c,U,{},"{""proportion"": 0.0, ""confidence"": [0.0, 0.7934506856227626], ""p_value"": 1.0, ""contingency"": [[0, 1], [194, 8170]]}",{}
403,NC00962.3,STM-0.05-0.95,0.0,GARC1,RUS,STM,gid@c-24t,U,{},"{""proportion"": 0.0, ""confidence"": [0.0, 0.43448246478317476], ""p_value"": 1.0, ""contingency"": [[0, 5], [194, 8170]]}",{}
405,NC00962.3,STM-0.05-0.95,0.0,GARC1,RUS,STM,rrs@a1409g,U,{},"{""proportion"": 0.0, ""confidence"": [0.0, 0.7934506856227626], ""p_value"": 1.0, ""contingency"": [[0, 1], [194, 8170]]}",{}
406,NC00962.3,STM-0.05-0.95,0.0,GARC1,RUS,STM,rrs@a908c,U,{},"{""proportion"": 0.0, ""confidence"": [0.0, 0.7934506856227626], ""p_value"": 1.0, ""contingency"": [[0, 1], [194, 8170]]}",{}
407,NC00962.3,STM-0.05-0.95,0.0,GARC1,RUS,STM,rrs@g-77c,U,{},"{""proportion"": 0.0, ""confidence"": [0.0, 0.7934506856227626], ""p_value"": 1.0, ""contingency"": [[0, 1], [194, 8170]]}",{}
408,NC00962.3,STM-0.05-0.95,0.0,GARC1,RUS,STM,gid@L91I,U,{},"{""proportion"": 0.0, ""confidence"": [0.0, 0.7934506856227626], ""p_value"": 1.0, ""contingency"": [[0, 1], [194, 8170]]}",{}
409,NC00962.3,STM-0.05-0.95,0.0,GARC1,RUS,STM,rrs@a600g,U,{},"{""proportion"": 0.0, ""confidence"": [0.0, 0.7934506856227626], ""p_value"": 1.0, ""contingency"": [[0, 1], [194, 8170]]}",{}
413,NC00962.3,STM-0.05-0.95,0.0,GARC1,RUS,STM,rrs@g415a,U,{},"{""proportion"": 0.0, ""confidence"": [0.0, 0.7934506856227626], ""p_value"": 1.0, ""contingency"": [[0, 1], [194, 8170]]}",{}
414,NC00962.3,STM-0.05-0.95,0.0,GARC1,RUS,STM,gid@D67A,U,{},"{""proportion"": 0.0, ""confidence"": [0.0, 0.6576197724933469], ""p_value"": 1.0, ""contingency"": [[0, 2], [194, 8170]]}",{}
415,NC00962.3,STM-0.05-0.95,0.0,GARC1,RUS,STM,gid@S149T,U,{},"{""proportion"": 0.0, ""confidence"": [0.0, 0.7934506856227626], ""p_value"": 1.0, ""contingency"": [[0, 1], [194, 8170]]}",{}
416,NC00962.3,STM-0.05-0.95,0.0,GARC1,RUS,STM,gid@L145S,U,{},"{""proportion"": 0.0, ""confidence"": [0.0, 0.7934506856227626], ""p_value"": 1.0, ""contingency"": [[0, 1], [194, 8170]]}",{}
417,NC00962.3,STM-0.05-0.95,0.0,GARC1,RUS,STM,gid@A10V,U,{},"{""proportion"": 0.0, ""confidence"": [0.0, 0.6576197724933469], ""p_value"": 1.0, ""contingency"": [[0, 2], [194, 8170]]}",{}
418,NC00962.3,STM-0.05-0.95,0.0,GARC1,RUS,STM,rpsL@G124S,U,{},"{""proportion"": 0.0, ""confidence"": [0.0, 0.7934506856227626], ""p_value"": 1.0, ""contingency"": [[0, 1], [194, 8170]]}",{}
419,NC00962.3,STM-0.05-0.95,0.0,GARC1,RUS,STM,rrs@g-70c,U,{},"{""proportion"": 0.0, ""confidence"": [0.0, 0.7934506856227626], ""p_value"": 1.0, ""contingency"": [[0, 1], [194, 8170]]}",{}
420,NC00962.3,STM-0.05-0.95,0.0,GARC1,RUS,STM,gid@W45C,U,{},"{""proportion"": 0.0, ""confidence"": [0.0, 0.7934506856227626], ""p_value"": 1.0, ""contingency"": [[0, 1], [194, 8170]]}",{}
421,NC00962.3,STM-0.05-0.95,0.0,GARC1,RUS,STM,gid@-6_del_tgcgtaatgtctccgatcgagcccgcggcgtctgcgatcttcggaccgcggcttggccttgctcggcggtacgccgaagcgttggcgggacccggtgtggagcgggggctggtgggaccccgcgaagtcggtaggctatgggaccggcatctactgaactgcgccgtgatcggtgagctcctcgaacgcggtgaccgggtcgtggatatcggtagcggagccgggttgccgggcgtgccattggcgatagcgcggccggacctccaggtagttctcctagaaccgctactgcgccgcaccgagtttcttcgagagatggtgacagatctgggcgtgg,U,{},"{""proportion"": 0.0, ""confidence"": [0.0, 0.7934506856227626], ""p_value"": 1.0, ""contingency"": [[0, 1], [194, 8170]]}",{}
422,NC00962.3,STM-0.05-0.95,0.0,GARC1,RUS,STM,rrs@a1037g,U,{},"{""proportion"": 0.0, ""confidence"": [0.0, 0.7934506856227626], ""p_value"": 1.0, ""contingency"": [[0, 1], [194, 8170]]}",{}
424,NC00962.3,STM-0.05-0.95,0.0,GARC1,RUS,STM,rrs@g765a,U,{},"{""proportion"": 0.0, ""confidence"": [0.0, 0.7934506856227626], ""p_value"": 1.0, ""contingency"": [[0, 1], [194, 8170]]}",{}
425,NC00962.3,STM-0.05-0.95,0.0,GARC1,RUS,STM,gid@A119V,U,{},"{""proportion"": 0.0, ""confidence"": [0.0, 0.7934506856227626], ""p_value"": 1.0, ""contingency"": [[0, 1], [194, 8170]]}",{}
426,NC00962.3,STM-0.05-0.95,0.0,GARC1,RUS,STM,gid@T190A,U,{},"{""proportion"": 0.0, ""confidence"": [0.0, 0.7934506856227626], ""p_value"": 1.0, ""contingency"": [[0, 1], [194, 8170]]}",{}
427,NC00962.3,STM-0.05-0.95,0.0,GARC1,RUS,STM,gid@c-11g,U,{},"{""proportion"": 0.0, ""confidence"": [0.0, 0.7934506856227626], ""p_value"": 1.0, ""contingency"": [[0, 1], [194, 8170]]}",{}
428,NC00962.3,STM-0.05-0.95,0.0,GARC1,RUS,STM,rrs@c-23t,U,{},"{""proportion"": 0.0, ""confidence"": [0.0, 0.7934506856227626], ""p_value"": 1.0, ""contingency"": [[0, 1], [194, 8170]]}",{}
429,NC00962.3,STM-0.05-0.95,0.0,GARC1,RUS,STM,gid@352_ins_c,U,{},"{""proportion"": 0.5, ""confidence"": [0.09453120573423071, 0.9054687942657693], ""p_value"": 0.09749999999999999, ""contingency"": [[1, 1], [194, 8170]]}",{}
431,NC00962.3,STM-0.05-0.95,0.0,GARC1,RUS,STM,gid@48_del_tggc,U,{},"{""proportion"": 0.0, ""confidence"": [0.0, 0.7934506856227626], ""p_value"": 1.0, ""contingency"": [[0, 1], [194, 8170]]}",{}
432,NC00962.3,STM-0.05-0.95,0.0,GARC1,RUS,STM,gid@D67E,U,{},"{""proportion"": 0.0, ""confidence"": [0.0, 0.7934506856227626], ""p_value"": 1.0, ""contingency"": [[0, 1], [194, 8170]]}",{}
433,NC00962.3,STM-0.05-0.95,0.0,GARC1,RUS,STM,rrs@g1303a,U,{},"{""proportion"": 0.0, ""confidence"": [0.0, 0.7934506856227626], ""p_value"": 1.0, ""contingency"": [[0, 1], [194, 8170]]}",{}
434,NC00962.3,STM-0.05-0.95,0.0,GARC1,RUS,STM,gid@I179S,U,{},"{""proportion"": 0.0, ""confidence"": [0.0, 0.7934506856227626], ""p_value"": 1.0, ""contingency"": [[0, 1], [194, 8170]]}",{}
435,NC00962.3,STM-0.05-0.95,0.0,GARC1,RUS,STM,gid@R118P,U,{},"{""proportion"": 0.0, ""confidence"": [0.0, 0.7934506856227626], ""p_value"": 1.0, ""contingency"": [[0, 1], [194, 8170]]}",{}
436,NC00962.3,STM-0.05-0.95,0.0,GARC1,RUS,STM,rrs@c1091g,U,{},"{""proportion"": 0.0, ""confidence"": [0.0, 0.7934506856227626], ""p_value"": 1.0, ""contingency"": [[0, 1], [194, 8170]]}",{}
437,NC00962.3,STM-0.05-0.95,0.0,GARC1,RUS,STM,rrs@c-69t,U,{},"{""proportion"": 0.0, ""confidence"": [4.8683609171202235e-17, 0.5614970317550455], ""p_value"": 1.0, ""contingency"": [[0, 3], [194, 8170]]}",{}
438,NC00962.3,STM-0.05-0.95,0.0,GARC1,RUS,STM,gid@9_del_gatcgagcccgcggcgtctgcgatcttcggaccgcggcttggccttgctcggcggtacgccgaagcgttggcgggacccggtgtggagcgggggctggtgggacc,U,{},"{""proportion"": 0.5, ""confidence"": [0.09453120573423071, 0.9054687942657693], ""p_value"": 0.09749999999999999, ""contingency"": [[1, 1], [194, 8170]]}",{}
439,NC00962.3,STM-0.05-0.95,0.0,GARC1,RUS,STM,gid@D169H,U,{},"{""proportion"": 0.0, ""confidence"": [0.0, 0.7934506856227626], ""p_value"": 1.0, ""contingency"": [[0, 1], [194, 8170]]}",{}
440,NC00962.3,STM-0.05-0.95,0.0,GARC1,RUS,STM,gid@R175G,U,{},"{""proportion"": 0.0, ""confidence"": [0.0, 0.7934506856227626], ""p_value"": 1.0, ""contingency"": [[0, 1], [194, 8170]]}",{}
441,NC00962.3,STM-0.05-0.95,0.0,GARC1,RUS,STM,gid@A161V,U,{},"{""proportion"": 0.0, ""confidence"": [0.0, 0.7934506856227626], ""p_value"": 1.0, ""contingency"": [[0, 1], [194, 8170]]}",{}
442,NC00962.3,STM-0.05-0.95,0.0,GARC1,RUS,STM,rpsL@c-31t,U,{},"{""proportion"": 0.0, ""confidence"": [0.0, 0.6576197724933469], ""p_value"": 1.0, ""contingency"": [[0, 2], [194, 8170]]}",{}
443,NC00962.3,STM-0.05-0.95,0.0,GARC1,RUS,STM,rrs@c-69g,U,{},"{""proportion"": 0.0, ""confidence"": [0.0, 0.7934506856227626], ""p_value"": 1.0, ""contingency"": [[0, 1], [194, 8170]]}",{}
444,NC00962.3,STM-0.05-0.95,0.0,GARC1,RUS,STM,rrs@g285a,U,{},"{""proportion"": 0.0, ""confidence"": [0.0, 0.7934506856227626], ""p_value"": 1.0, ""contingency"": [[0, 1], [194, 8170]]}",{}
445,NC00962.3,STM-0.05-0.95,0.0,GARC1,RUS,STM,rrs@g840a,U,{},"{""proportion"": 0.0, ""confidence"": [0.0, 0.7934506856227626], ""p_value"": 1.0, ""contingency"": [[0, 1], [194, 8170]]}",{}
446,NC00962.3,STM-0.05-0.95,0.0,GARC1,RUS,STM,gid@c-24a,U,{},"{""proportion"": 0.0, ""confidence"": [0.0, 0.6576197724933469], ""p_value"": 1.0, ""contingency"": [[0, 2], [194, 8170]]}",{}
447,NC00962.3,STM-0.05-0.95,0.0,GARC1,RUS,STM,gid@S136A,U,{},"{""proportion"": 0.0, ""confidence"": [0.0, 0.7934506856227626], ""p_value"": 1.0, ""contingency"": [[0, 1], [194, 8170]]}",{}
448,NC00962.3,STM-0.05-0.95,0.0,GARC1,RUS,STM,rrs@1202_ins_t,U,{},"{""proportion"": 0.0, ""confidence"": [0.0, 0.7934506856227626], ""p_value"": 1.0, ""contingency"": [[0, 1], [194, 8170]]}",{}
449,NC00962.3,STM-0.05-0.95,0.0,GARC1,RUS,STM,rrs@-20_ins_tccaaagggagtgtttggg,U,{},"{""proportion"": 0.0, ""confidence"": [0.0, 0.7934506856227626], ""p_value"": 1.0, ""contingency"": [[0, 1], [194, 8170]]}",{}
450,NC00962.3,STM-0.05-0.95,0.0,GARC1,RUS,STM,rpsL@K10T,U,{},"{""proportion"": 0.0, ""confidence"": [0.0, 0.7934506856227626], ""p_value"": 1.0, ""contingency"": [[0, 1], [194, 8170]]}",{}
451,NC00962.3,STM-0.05-0.95,0.0,GARC1,RUS,STM,gid@A133V,U,{},"{""proportion"": 0.0, ""confidence"": [0.0, 0.7934506856227626], ""p_value"": 1.0, ""contingency"": [[0, 1], [194, 8170]]}",{}
452,NC00962.3,STM-0.05-0.95,0.0,GARC1,RUS,STM,gid@659_ins_g,U,{},"{""proportion"": 0.0, ""confidence"": [0.0, 0.7934506856227626], ""p_value"": 1.0, ""contingency"": [[0, 1], [194, 8170]]}",{}
453,NC00962.3,STM-0.05-0.95,0.0,GARC1,RUS,STM,rrs@c-63g,U,{},"{""proportion"": 0.0, ""confidence"": [0.0, 0.7934506856227626], ""p_value"": 1.0, ""contingency"": [[0, 1], [194, 8170]]}",{}
454,NC00962.3,STM-0.05-0.95,0.0,GARC1,RUS,STM,rrs@g1013t,U,{},"{""proportion"": 0.0, ""confidence"": [0.0, 0.7934506856227626], ""p_value"": 1.0, ""contingency"": [[0, 1], [194, 8170]]}",{}
455,NC00962.3,STM-0.05-0.95,0.0,GARC1,RUS,STM,gid@G34A,U,{},"{""proportion"": 0.0, ""confidence"": [0.0, 0.7934506856227626], ""p_value"": 1.0, ""contingency"": [[0, 1], [194, 8170]]}",{}
456,NC00962.3,STM-0.05-0.95,0.0,GARC1,RUS,STM,gid@I81R,U,{},"{""proportion"": 0.0, ""confidence"": [0.0, 0.6576197724933469], ""p_value"": 1.0, ""contingency"": [[0, 2], [194, 8170]]}",{}
457,NC00962.3,STM-0.05-0.95,0.0,GARC1,RUS,STM,rpsL@E76A,U,{},"{""proportion"": 0.0, ""confidence"": [0.0, 0.7934506856227626], ""p_value"": 1.0, ""contingency"": [[0, 1], [194, 8170]]}",{}
458,NC00962.3,STM-0.05-0.95,0.0,GARC1,RUS,STM,rrs@c1257t,U,{},"{""proportion"": 0.0, ""confidence"": [0.0, 0.7934506856227626], ""p_value"": 1.0, ""contingency"": [[0, 1], [194, 8170]]}",{}
460,NC00962.3,STM-0.05-0.95,0.0,GARC1,RUS,STM,rrs@g-68c,U,{},"{""proportion"": 0.0, ""confidence"": [0.0, 0.7934506856227626], ""p_value"": 1.0, ""contingency"": [[0, 1], [194, 8170]]}",{}
461,NC00962.3,STM-0.05-0.95,0.0,GARC1,RUS,STM,rrs@c735g,U,{},"{""proportion"": 0.0, ""confidence"": [0.0, 0.7934506856227626], ""p_value"": 1.0, ""contingency"": [[0, 1], [194, 8170]]}",{}
462,NC00962.3,STM-0.05-0.95,0.0,GARC1,RUS,STM,gid@c-71t,U,{},"{""proportion"": 0.0, ""confidence"": [0.0, 0.6576197724933469], ""p_value"": 1.0, ""contingency"": [[0, 2], [194, 8170]]}",{}
463,NC00962.3,STM-0.05-0.95,0.0,GARC1,RUS,STM,gid@G69I,U,{},"{""proportion"": 0.0, ""confidence"": [0.0, 0.6576197724933469], ""p_value"": 1.0, ""contingency"": [[0, 2], [194, 8170]]}",{}
464,NC00962.3,STM-0.05-0.95,0.0,GARC1,RUS,STM,gid@G28V,U,{},"{""proportion"": 0.0, ""confidence"": [0.0, 0.7934506856227626], ""p_value"": 1.0, ""contingency"": [[0, 1], [194, 8170]]}",{}
465,NC00962.3,STM-0.05-0.95,0.0,GARC1,RUS,STM,gid@Y22C,U,{},"{""proportion"": 0.0, ""confidence"": [0.0, 0.7934506856227626], ""p_value"": 1.0, ""contingency"": [[0, 1], [194, 8170]]}",{}
466,NC00962.3,STM-0.05-0.95,0.0,GARC1,RUS,STM,gid@245_del_c,U,{},"{""proportion"": 0.0, ""confidence"": [0.0, 0.7934506856227626], ""p_value"": 1.0, ""contingency"": [[0, 1], [194, 8170]]}",{}
467,NC00962.3,STM-0.05-0.95,0.0,GARC1,RUS,STM,gid@P155S,U,{},"{""proportion"": 0.0, ""confidence"": [0.0, 0.6576197724933469], ""p_value"": 1.0, ""contingency"": [[0, 2], [194, 8170]]}",{}
468,NC00962.3,STM-0.05-0.95,0.0,GARC1,RUS,STM,rpsL@g-58t,U,{},"{""proportion"": 0.0, ""confidence"": [0.0, 0.6576197724933469], ""p_value"": 1.0, ""contingency"": [[0, 2], [194, 8170]]}",{}
469,NC00962.3,STM-0.05-0.95,0.0,GARC1,RUS,STM,rrs@a1370g,U,{},"{""proportion"": 0.0, ""confidence"": [0.0, 0.6576197724933469], ""p_value"": 1.0, ""contingency"": [[0, 2], [194, 8170]]}",{}
470,NC00962.3,STM-0.05-0.95,0.0,GARC1,RUS,STM,gid@P198R,U,{},"{""proportion"": 0.0, ""confidence"": [0.0, 0.7934506856227626], ""p_value"": 1.0, ""contingency"": [[0, 1], [194, 8170]]}",{}
471,NC00962.3,STM-0.05-0.95,0.0,GARC1,RUS,STM,gid@V41A,U,{},"{""proportion"": 0.0, ""confidence"": [0.0, 0.7934506856227626], ""p_value"": 1.0, ""contingency"": [[0, 1], [194, 8170]]}",{}
472,NC00962.3,STM-0.05-0.95,0.0,GARC1,RUS,STM,gid@141_del_g,U,{},"{""proportion"": 0.0, ""confidence"": [0.0, 0.7934506856227626], ""p_value"": 1.0, ""contingency"": [[0, 1], [194, 8170]]}",{}
474,NC00962.3,STM-0.05-0.95,0.0,GARC1,RUS,STM,gid@c-94a,U,{},"{""proportion"": 0.0, ""confidence"": [0.0, 0.6576197724933469], ""p_value"": 1.0, ""contingency"": [[0, 2], [194, 8170]]}",{}
475,NC00962.3,STM-0.05-0.95,0.0,GARC1,RUS,STM,gid@D143Y,U,{},"{""proportion"": 0.0, ""confidence"": [0.0, 0.7934506856227626], ""p_value"": 1.0, ""contingency"": [[0, 1], [194, 8170]]}",{}
476,NC00962.3,STM-0.05-0.95,0.0,GARC1,RUS,STM,rpsL@c-79a,U,{},"{""proportion"": 0.0, ""confidence"": [0.0, 0.7934506856227626], ""p_value"": 1.0, ""contingency"": [[0, 1], [194, 8170]]}",{}
477,NC00962.3,STM-0.05-0.95,0.0,GARC1,RUS,STM,rpsL@T58A,U,{},"{""proportion"": 0.0, ""confidence"": [0.0, 0.7934506856227626], ""p_value"": 1.0, ""contingency"": [[0, 1], [194, 8170]]}",{}
478,NC00962.3,STM-0.05-0.95,0.0,GARC1,RUS,STM,rrs@t1109c,U,{},"{""proportion"": 0.0, ""confidence"": [0.0, 0.6576197724933469], ""p_value"": 1.0, ""contingency"": [[0, 2], [194, 8170]]}",{}
479,NC00962.3,STM-0.05-0.95,0.0,GARC1,RUS,STM,gid@G34R,U,{},"{""proportion"": 0.3333333333333333, ""confidence"": [0.061491944720396215, 0.7923403991979523], ""p_value"": 0.14262499999999997, ""contingency"": [[1, 2], [194, 8170]]}",{}
481,NC00962.3,STM-0.05-0.95,0.0,GARC1,RUS,STM,rpsL@c-19t,U,{},"{""proportion"": 0.0, ""confidence"": [0.0, 0.7934506856227626], ""p_value"": 1.0, ""contingency"": [[0, 1], [194, 8170]]}",{}
482,NC00962.3,STM-0.05-0.95,0.0,GARC1,RUS,STM,rrs@g1450a,U,{},"{""proportion"": 0.0, ""confidence"": [0.0, 0.7934506856227626], ""p_value"": 1.0, ""contingency"": [[0, 1], [194, 8170]]}",{}
483,NC00962.3,STM-0.05-0.95,0.0,GARC1,RUS,STM,rrs@t1360c,U,{},"{""proportion"": 0.0, ""confidence"": [0.0, 0.6576197724933469], ""p_value"": 1.0, ""contingency"": [[0, 2], [194, 8170]]}",{}
484,NC00962.3,STM-0.05-0.95,0.0,GARC1,RUS,STM,gid@A19P,U,{},"{""proportion"": 0.3333333333333333, ""confidence"": [0.061491944720396215, 0.7923403991979523], ""p_value"": 0.14262499999999997, ""contingency"": [[1, 2], [194, 8170]]}",{}
485,NC00962.3,STM-0.05-0.95,0.0,GARC1,RUS,STM,gid@L74F,U,{},"{""proportion"": 0.0, ""confidence"": [0.0, 0.7934506856227626], ""p_value"": 1.0, ""contingency"": [[0, 1], [194, 8170]]}",{}
486,NC00962.3,STM-0.05-0.95,0.0,GARC1,RUS,STM,rrs@t822c,U,{},"{""proportion"": 0.0, ""confidence"": [4.8683609171202235e-17, 0.5614970317550455], ""p_value"": 1.0, ""contingency"": [[0, 3], [194, 8170]]}",{}
488,NC00962.3,STM-0.05-0.95,0.0,GARC1,RUS,STM,rrs@644_ins_g,U,{},"{""proportion"": 0.0, ""confidence"": [0.0, 0.6576197724933469], ""p_value"": 1.0, ""contingency"": [[0, 2], [194, 8170]]}",{}
489,NC00962.3,STM-0.05-0.95,0.0,GARC1,RUS,STM,rrs@g809a,U,{},"{""proportion"": 0.0, ""confidence"": [0.0, 0.7934506856227626], ""p_value"": 1.0, ""contingency"": [[0, 1], [194, 8170]]}",{}
491,NC00962.3,STM-0.05-0.95,0.0,GARC1,RUS,STM,rrs@a-35g,U,{},"{""proportion"": 0.0, ""confidence"": [4.8683609171202235e-17, 0.5614970317550455], ""p_value"": 1.0, ""contingency"": [[0, 3], [194, 8170]]}",{}
493,NC00962.3,STM-0.05-0.95,0.0,GARC1,RUS,STM,rrs@c1241t,U,{},"{""proportion"": 0.0, ""confidence"": [0.0, 0.7934506856227626], ""p_value"": 1.0, ""contingency"": [[0, 1], [194, 8170]]}",{}
496,NC00962.3,STM-0.05-0.95,0.0,GARC1,RUS,STM,rrs@g704a,U,{},"{""proportion"": 0.0, ""confidence"": [0.0, 0.6576197724933469], ""p_value"": 1.0, ""contingency"": [[0, 2], [194, 8170]]}",{}
497,NC00962.3,STM-0.05-0.95,0.0,GARC1,RUS,STM,gid@L44R,U,{},"{""proportion"": 0.0, ""confidence"": [0.0, 0.7934506856227626], ""p_value"": 1.0, ""contingency"": [[0, 1], [194, 8170]]}",{}
498,NC00962.3,STM-0.05-0.95,0.0,GARC1,RUS,STM,rrs@t454c,U,{},"{""proportion"": 0.0, ""confidence"": [0.0, 0.7934506856227626], ""p_value"": 1.0, ""contingency"": [[0, 1], [194, 8170]]}",{}
499,NC00962.3,STM-0.05-0.95,0.0,GARC1,RUS,STM,gid@t-65c,U,{},"{""proportion"": 0.0, ""confidence"": [0.0, 0.7934506856227626], ""p_value"": 1.0, ""contingency"": [[0, 1], [194, 8170]]}",{}
500,NC00962.3,STM-0.05-0.95,0.0,GARC1,RUS,STM,gid@R47Q,U,{},"{""proportion"": 0.0, ""confidence"": [0.0, 0.6576197724933469], ""p_value"": 1.0, ""contingency"": [[0, 2], [194, 8170]]}",{}
501,NC00962.3,STM-0.05-0.95,0.0,GARC1,RUS,STM,gid@357_del_c,U,{},"{""proportion"": 0.3333333333333333, ""confidence"": [0.061491944720396215, 0.7923403991979523], ""p_value"": 0.14262499999999997, ""contingency"": [[1, 2], [194, 8170]]}",{}
502,NC00962.3,STM-0.05-0.95,0.0,GARC1,RUS,STM,rrs@1204_ins_a,U,{},"{""proportion"": 0.0, ""confidence"": [0.0, 0.7934506856227626], ""p_value"": 1.0, ""contingency"": [[0, 1], [194, 8170]]}",{}
503,NC00962.3,STM-0.05-0.95,0.0,GARC1,RUS,STM,gid@A133G,U,{},"{""proportion"": 0.0, ""confidence"": [0.0, 0.7934506856227626], ""p_value"": 1.0, ""contingency"": [[0, 1], [194, 8170]]}",{}
504,NC00962.3,STM-0.05-0.95,0.0,GARC1,RUS,STM,gid@F204L,U,{},"{""proportion"": 0.0, ""confidence"": [0.0, 0.7934506856227626], ""p_value"": 1.0, ""contingency"": [[0, 1], [194, 8170]]}",{}
505,NC00962.3,STM-0.05-0.95,0.0,GARC1,RUS,STM,rrs@g1108t,U,{},"{""proportion"": 0.0, ""confidence"": [0.0, 0.7934506856227626], ""p_value"": 1.0, ""contingency"": [[0, 1], [194, 8170]]}",{}
506,NC00962.3,STM-0.05-0.95,0.0,GARC1,RUS,STM,rrs@t-32c,U,{},"{""proportion"": 0.0, ""confidence"": [0.0, 0.7934506856227626], ""p_value"": 1.0, ""contingency"": [[0, 1], [194, 8170]]}",{}
507,NC00962.3,STM-0.05-0.95,0.0,GARC1,RUS,STM,rrs@g935a,U,{},"{""proportion"": 0.0, ""confidence"": [0.0, 0.6576197724933469], ""p_value"": 1.0, ""contingency"": [[0, 2], [194, 8170]]}",{}
508,NC00962.3,STM-0.05-0.95,0.0,GARC1,RUS,STM,rrs@g-71a,U,{},"{""proportion"": 0.0, ""confidence"": [0.0, 0.6576197724933469], ""p_value"": 1.0, ""contingency"": [[0, 2], [194, 8170]]}",{}
510,NC00962.3,STM-0.05-0.95,0.0,GARC1,RUS,STM,gid@S131R,U,{},"{""proportion"": 0.0, ""confidence"": [0.0, 0.6576197724933469], ""p_value"": 1.0, ""contingency"": [[0, 2], [194, 8170]]}",{}
511,NC00962.3,STM-0.05-0.95,0.0,GARC1,RUS,STM,gid@R102G,U,{},"{""proportion"": 0.0, ""confidence"": [0.0, 0.7934506856227626], ""p_value"": 1.0, ""contingency"": [[0, 1], [194, 8170]]}",{}
512,NC00962.3,STM-0.05-0.95,0.0,GARC1,RUS,STM,rrs@c397t,U,{},"{""proportion"": 0.0, ""confidence"": [0.0, 0.7934506856227626], ""p_value"": 1.0, ""contingency"": [[0, 1], [194, 8170]]}",{}
513,NC00962.3,STM-0.05-0.95,0.0,GARC1,RUS,STM,rrs@c1319a,U,{},"{""proportion"": 0.0, ""confidence"": [0.0, 0.7934506856227626], ""p_value"": 1.0, ""contingency"": [[0, 1], [194, 8170]]}",{}
516,NC00962.3,STM-0.05-0.95,0.0,GARC1,RUS,STM,gid@L160V,U,{},"{""proportion"": 0.0, ""confidence"": [0.0, 0.7934506856227626], ""p_value"": 1.0, ""contingency"": [[0, 1], [194, 8170]]}",{}
517,NC00962.3,STM-0.05-0.95,0.0,GARC1,RUS,STM,rrs@c181g,U,{},"{""proportion"": 0.0, ""confidence"": [0.0, 0.7934506856227626], ""p_value"": 1.0, ""contingency"": [[0, 1], [194, 8170]]}",{}
519,NC00962.3,STM-0.05-0.95,0.0,GARC1,RUS,STM,gid@R217W,U,{},"{""proportion"": 0.0, ""confidence"": [0.0, 0.7934506856227626], ""p_value"": 1.0, ""contingency"": [[0, 1], [194, 8170]]}",{}
520,NC00962.3,STM-0.05-0.95,0.0,GARC1,RUS,STM,gid@V41L,U,{},"{""proportion"": 0.0, ""confidence"": [0.0, 0.7934506856227626], ""p_value"": 1.0, ""contingency"": [[0, 1], [194, 8170]]}",{}
521,NC00962.3,STM-0.05-0.95,0.0,GARC1,RUS,STM,rrs@c22t,U,{},"{""proportion"": 0.0, ""confidence"": [0.0, 0.7934506856227626], ""p_value"": 1.0, ""contingency"": [[0, 1], [194, 8170]]}",{}
524,NC00962.3,STM-0.05-0.95,0.0,GARC1,RUS,STM,rpsL@P2R,U,{},"{""proportion"": 0.0, ""confidence"": [0.0, 0.7934506856227626], ""p_value"": 1.0, ""contingency"": [[0, 1], [194, 8170]]}",{}
525,NC00962.3,STM-0.05-0.95,0.0,GARC1,RUS,STM,rrs@g1498t,U,{},"{""proportion"": 0.0, ""confidence"": [0.0, 0.7934506856227626], ""p_value"": 1.0, ""contingency"": [[0, 1], [194, 8170]]}",{}
526,NC00962.3,STM-0.05-0.95,0.0,GARC1,RUS,STM,rrs@a554t,U,{},"{""proportion"": 0.0, ""confidence"": [0.0, 0.7934506856227626], ""p_value"": 1.0, ""contingency"": [[0, 1], [194, 8170]]}",{}
527,NC00962.3,STM-0.05-0.95,0.0,GARC1,RUS,STM,gid@V139L,U,{},"{""proportion"": 0.0, ""confidence"": [0.0, 0.7934506856227626], ""p_value"": 1.0, ""contingency"": [[0, 1], [194, 8170]]}",{}
528,NC00962.3,STM-0.05-0.95,0.0,GARC1,RUS,STM,rrs@g1068a,U,{},"{""proportion"": 0.0, ""confidence"": [0.0, 0.7934506856227626], ""p_value"": 1.0, ""contingency"": [[0, 1], [194, 8170]]}",{}
529,NC00962.3,STM-0.05-0.95,0.0,GARC1,RUS,STM,gid@P78Q,U,{},"{""proportion"": 0.0, ""confidence"": [0.0, 0.6576197724933469], ""p_value"": 1.0, ""contingency"": [[0, 2], [194, 8170]]}",{}
530,NC00962.3,STM-0.05-0.95,0.0,GARC1,RUS,STM,gid@E40D,U,{},"{""proportion"": 0.5, ""confidence"": [0.09453120573423071, 0.9054687942657693], ""p_value"": 0.09749999999999999, ""contingency"": [[1, 1], [194, 8170]]}",{}
531,NC00962.3,STM-0.05-0.95,0.0,GARC1,RUS,STM,gid@P6A,U,{},"{""proportion"": 0.0, ""confidence"": [0.0, 0.7934506856227626], ""p_value"": 1.0, ""contingency"": [[0, 1], [194, 8170]]}",{}
532,NC00962.3,STM-0.05-0.95,0.0,GARC1,RUS,STM,gid@R176C,U,{},"{""proportion"": 0.0, ""confidence"": [0.0, 0.7934506856227626], ""p_value"": 1.0, ""contingency"": [[0, 1], [194, 8170]]}",{}
533,NC00962.3,STM-0.05-0.95,0.0,GARC1,RUS,STM,rrs@t200a,U,{},"{""proportion"": 0.0, ""confidence"": [0.0, 0.7934506856227626], ""p_value"": 1.0, ""contingency"": [[0, 1], [194, 8170]]}",{}
534,NC00962.3,STM-0.05-0.95,0.0,GARC1,RUS,STM,gid@R96H,U,{},"{""proportion"": 0.2, ""confidence"": [0.03622410863243013, 0.6244653702374747], ""p_value"": 0.22621906249999996, ""contingency"": [[1, 4], [194, 8170]]}",{}
535,NC00962.3,STM-0.05-0.95,0.0,GARC1,RUS,STM,rrs@g319a,U,{},"{""proportion"": 0.0, ""confidence"": [0.0, 0.7934506856227626], ""p_value"": 1.0, ""contingency"": [[0, 1], [194, 8170]]}",{}
536,NC00962.3,STM-0.05-0.95,0.0,GARC1,RUS,STM,gid@471_del_g,U,{},"{""proportion"": 0.0, ""confidence"": [0.0, 0.7934506856227626], ""p_value"": 1.0, ""contingency"": [[0, 1], [194, 8170]]}",{}
538,NC00962.3,STM-0.05-0.95,0.0,GARC1,RUS,STM,rrs@c462t,U,{},"{""proportion"": 0.0, ""confidence"": [0.0, 0.7934506856227626], ""p_value"": 1.0, ""contingency"": [[0, 1], [194, 8170]]}",{}
539,NC00962.3,STM-0.05-0.95,0.0,GARC1,RUS,STM,gid@553_ins_g,U,{},"{""proportion"": 0.0, ""confidence"": [0.0, 0.7934506856227626], ""p_value"": 1.0, ""contingency"": [[0, 1], [194, 8170]]}",{}
540,NC00962.3,STM-0.05-0.95,0.0,GARC1,RUS,STM,rrs@t140g,U,{},"{""proportion"": 0.0, ""confidence"": [0.0, 0.7934506856227626], ""p_value"": 1.0, ""contingency"": [[0, 1], [194, 8170]]}",{}
542,NC00962.3,STM-0.05-0.95,0.0,GARC1,RUS,STM,gid@575_ins_g,U,{},"{""proportion"": 0.0, ""confidence"": [0.0, 0.7934506856227626], ""p_value"": 1.0, ""contingency"": [[0, 1], [194, 8170]]}",{}
545,NC00962.3,STM-0.05-0.95,0.0,GARC1,RUS,STM,rrs@t-76g,U,{},"{""proportion"": 0.0, ""confidence"": [0.0, 0.6576197724933469], ""p_value"": 1.0, ""contingency"": [[0, 2], [194, 8170]]}",{}
546,NC00962.3,STM-0.05-0.95,0.0,GARC1,RUS,STM,rrs@a87c,U,{},"{""proportion"": 0.0, ""confidence"": [0.0, 0.7934506856227626], ""p_value"": 1.0, ""contingency"": [[0, 1], [194, 8170]]}",{}
547,NC00962.3,STM-0.05-0.95,0.0,GARC1,RUS,STM,gid@42_del_g,U,{},"{""proportion"": 0.5, ""confidence"": [0.09453120573423071, 0.9054687942657693], ""p_value"": 0.09749999999999999, ""contingency"": [[1, 1], [194, 8170]]}",{}
549,NC00962.3,STM-0.05-0.95,0.0,GARC1,RUS,STM,gid@C191Y,U,{},"{""proportion"": 0.0, ""confidence"": [0.0, 0.7934506856227626], ""p_value"": 1.0, ""contingency"": [[0, 1], [194, 8170]]}",{}
550,NC00962.3,STM-0.05-0.95,0.0,GARC1,RUS,STM,gid@R15W,U,{},"{""proportion"": 0.0, ""confidence"": [0.0, 0.7934506856227626], ""p_value"": 1.0, ""contingency"": [[0, 1], [194, 8170]]}",{}
551,NC00962.3,STM-0.05-0.95,0.0,GARC1,RUS,STM,gid@326_del_g,U,{},"{""proportion"": 0.0, ""confidence"": [0.0, 0.7934506856227626], ""p_value"": 1.0, ""contingency"": [[0, 1], [194, 8170]]}",{}
552,NC00962.3,STM-0.05-0.95,0.0,GARC1,RUS,STM,gid@A161P,U,{},"{""proportion"": 0.0, ""confidence"": [0.0, 0.7934506856227626], ""p_value"": 1.0, ""contingency"": [[0, 1], [194, 8170]]}",{}
553,NC00962.3,STM-0.05-0.95,0.0,GARC1,RUS,STM,gid@G42V,U,{},"{""proportion"": 0.0, ""confidence"": [0.0, 0.7934506856227626], ""p_value"": 1.0, ""contingency"": [[0, 1], [194, 8170]]}",{}
554,NC00962.3,STM-0.05-0.95,0.0,GARC1,RUS,STM,gid@195_ins_c,U,{},"{""proportion"": 0.0, ""confidence"": [0.0, 0.7934506856227626], ""p_value"": 1.0, ""contingency"": [[0, 1], [194, 8170]]}",{}
555,NC00962.3,STM-0.05-0.95,0.0,GARC1,RUS,STM,gid@A19T,U,{},"{""proportion"": 0.0, ""confidence"": [0.0, 0.7934506856227626], ""p_value"": 1.0, ""contingency"": [[0, 1], [194, 8170]]}",{}
556,NC00962.3,STM-0.05-0.95,0.0,GARC1,RUS,STM,gid@A193G,U,{},"{""proportion"": 0.0, ""confidence"": [0.0, 0.7934506856227626], ""p_value"": 1.0, ""contingency"": [[0, 1], [194, 8170]]}",{}
557,NC00962.3,STM-0.05-0.95,0.0,GARC1,RUS,STM,rrs@c499t,U,{},"{""proportion"": 0.0, ""confidence"": [0.0, 0.7934506856227626], ""p_value"": 1.0, ""contingency"": [[0, 1], [194, 8170]]}",{}
558,NC00962.3,STM-0.05-0.95,0.0,GARC1,RUS,STM,gid@g-59a,U,{},"{""proportion"": 0.0, ""confidence"": [0.0, 0.7934506856227626], ""p_value"": 1.0, ""contingency"": [[0, 1], [194, 8170]]}",{}
559,NC00962.3,STM-0.05-0.95,0.0,GARC1,RUS,STM,gid@545_ins_g,U,{},"{""proportion"": 0.0, ""confidence"": [0.0, 0.7934506856227626], ""p_value"": 1.0, ""contingency"": [[0, 1], [194, 8170]]}",{}
560,NC00962.3,STM-0.05-0.95,0.0,GARC1,RUS,STM,gid@R187S,U,{},"{""proportion"": 0.0, ""confidence"": [0.0, 0.7934506856227626], ""p_value"": 1.0, ""contingency"": [[0, 1], [194, 8170]]}",{}
561,NC00962.3,STM-0.05-0.95,0.0,GARC1,RUS,STM,rrs@t1151c,U,{},"{""proportion"": 0.0, ""confidence"": [0.0, 0.7934506856227626], ""p_value"": 1.0, ""contingency"": [[0, 1], [194, 8170]]}",{}
562,NC00962.3,STM-0.05-0.95,0.0,GARC1,RUS,STM,rrs@c-18t,U,{},"{""proportion"": 0.0, ""confidence"": [0.0, 0.7934506856227626], ""p_value"": 1.0, ""contingency"": [[0, 1], [194, 8170]]}",{}
563,NC00962.3,STM-0.05-0.95,0.0,GARC1,RUS,STM,gid@R207H,U,{},"{""proportion"": 0.0, ""confidence"": [0.0, 0.7934506856227626], ""p_value"": 1.0, ""contingency"": [[0, 1], [194, 8170]]}",{}
564,NC00962.3,STM-0.05-0.95,0.0,GARC1,RUS,STM,gid@G69S,U,{},"{""proportion"": 0.0, ""confidence"": [0.0, 0.7934506856227626], ""p_value"": 1.0, ""contingency"": [[0, 1], [194, 8170]]}",{}
565,NC00962.3,STM-0.05-0.95,0.0,GARC1,RUS,STM,gid@G214R,U,{},"{""proportion"": 0.0, ""confidence"": [0.0, 0.7934506856227626], ""p_value"": 1.0, ""contingency"": [[0, 1], [194, 8170]]}",{}
566,NC00962.3,STM-0.05-0.95,0.0,GARC1,RUS,STM,gid@g-9a,U,{},"{""proportion"": 0.0, ""confidence"": [0.0, 0.7934506856227626], ""p_value"": 1.0, ""contingency"": [[0, 1], [194, 8170]]}",{}
567,NC00962.3,STM-0.05-0.95,0.0,GARC1,RUS,STM,gid@A25V,U,{},"{""proportion"": 0.0, ""confidence"": [0.0, 0.7934506856227626], ""p_value"": 1.0, ""contingency"": [[0, 1], [194, 8170]]}",{}
568,NC00962.3,STM-0.05-0.95,0.0,GARC1,RUS,STM,gid@-17_del_agccggcggagtgcgtaatgtctccgatcgagcccgcggcgtctgcgatcttcggaccgcggcttggccttgctcggcggtacgccgaagcgttggcgggacccggtgtggagcgggggctggtgggaccccgcgaagtcggtaggctatgggaccggcatctactgaactgcg,U,{},"{""proportion"": 0.0, ""confidence"": [0.0, 0.7934506856227626], ""p_value"": 1.0, ""contingency"": [[0, 1], [194, 8170]]}",{}
569,NC00962.3,STM-0.05-0.95,0.0,GARC1,RUS,STM,rrs@g222t,U,{},"{""proportion"": 0.0, ""confidence"": [0.0, 0.7934506856227626], ""p_value"": 1.0, ""contingency"": [[0, 1], [194, 8170]]}",{}
570,NC00962.3,STM-0.05-0.95,0.0,GARC1,RUS,STM,gid@A141T,U,{},"{""proportion"": 0.0, ""confidence"": [0.0, 0.7934506856227626], ""p_value"": 1.0, ""contingency"": [[0, 1], [194, 8170]]}",{}
571,NC00962.3,STM-0.05-0.95,0.0,GARC1,RUS,STM,gid@S136P,U,{},"{""proportion"": 0.0, ""confidence"": [0.0, 0.7934506856227626], ""p_value"": 1.0, ""contingency"": [[0, 1], [194, 8170]]}",{}
572,NC00962.3,STM-0.05-0.95,0.0,GARC1,RUS,STM,gid@A25G,U,{},"{""proportion"": 0.0, ""confidence"": [0.0, 0.7934506856227626], ""p_value"": 1.0, ""contingency"": [[0, 1], [194, 8170]]}",{}
574,NC00962.3,STM-0.05-0.95,0.0,GARC1,RUS,STM,rrs@t1239c,U,{},"{""proportion"": 0.0, ""confidence"": [3.584186086443356e-17, 0.3543304350666874], ""p_value"": 1.0, ""contingency"": [[0, 7], [194, 8170]]}",{}
575,NC00962.3,STM-0.05-0.95,0.0,GARC1,RUS,STM,gid@D107G,U,{},"{""proportion"": 0.0, ""confidence"": [0.0, 0.6576197724933469], ""p_value"": 1.0, ""contingency"": [[0, 2], [194, 8170]]}",{}
576,NC00962.3,STM-0.05-0.95,0.0,GARC1,RUS,STM,gid@S131T,U,{},"{""proportion"": 0.0, ""confidence"": [0.0, 0.7934506856227626], ""p_value"": 1.0, ""contingency"": [[0, 1], [194, 8170]]}",{}
577,NC00962.3,STM-0.05-0.95,0.0,GARC1,RUS,STM,rrs@c1236t,U,{},"{""proportion"": 0.0, ""confidence"": [0.0, 0.6576197724933469], ""p_value"": 1.0, ""contingency"": [[0, 2], [194, 8170]]}",{}
578,NC00962.3,STM-0.05-0.95,0.0,GARC1,RUS,STM,gid@C52R,U,{},"{""proportion"": 0.0, ""confidence"": [0.0, 0.6576197724933469], ""p_value"": 1.0, ""contingency"": [[0, 2], [194, 8170]]}",{}
579,NC00962.3,STM-0.05-0.95,0.0,GARC1,RUS,STM,gid@G69V,U,{},"{""proportion"": 0.0, ""confidence"": [0.0, 0.7934506856227626], ""p_value"": 1.0, ""contingency"": [[0, 1], [194, 8170]]}",{}
580,NC00962.3,STM-0.05-0.95,0.0,GARC1,RUS,STM,rrs@c171g,U,{},"{""proportion"": 0.0, ""confidence"": [0.0, 0.6576197724933469], ""p_value"": 1.0, ""contingency"": [[0, 2], [194, 8170]]}",{}
581,NC00962.3,STM-0.05-0.95,0.0,GARC1,RUS,STM,gid@288_ins_gc,U,{},"{""proportion"": 0.0, ""confidence"": [0.0, 0.7934506856227626], ""p_value"": 1.0, ""contingency"": [[0, 1], [194, 8170]]}",{}
582,NC00962.3,STM-0.05-0.95,0.0,GARC1,RUS,STM,rrs@g349a,U,{},"{""proportion"": 0.0, ""confidence"": [0.0, 0.43448246478317476], ""p_value"": 1.0, ""contingency"": [[0, 5], [194, 8170]]}",{}
584,NC00962.3,STM-0.05-0.95,0.0,GARC1,RUS,STM,rpsL@N73K,U,{},"{""proportion"": 0.0, ""confidence"": [0.0, 0.7934506856227626], ""p_value"": 1.0, ""contingency"": [[0, 1], [194, 8170]]}",{}
585,NC00962.3,STM-0.05-0.95,0.0,GARC1,RUS,STM,gid@R83L,U,{},"{""proportion"": 0.0, ""confidence"": [0.0, 0.7934506856227626], ""p_value"": 1.0, ""contingency"": [[0, 1], [194, 8170]]}",{}
586,NC00962.3,STM-0.05-0.95,0.0,GARC1,RUS,STM,rrs@g179c,U,{},"{""proportion"": 0.0, ""confidence"": [3.584186086443356e-17, 0.3543304350666874], ""p_value"": 1.0, ""contingency"": [[0, 7], [194, 8170]]}",{}
587,NC00962.3,STM-0.05-0.95,0.0,GARC1,RUS,STM,gid@77_del_t,U,{},"{""proportion"": 0.0, ""confidence"": [0.0, 0.6576197724933469], ""p_value"": 1.0, ""contingency"": [[0, 2], [194, 8170]]}",{}
588,NC00962.3,STM-0.05-0.95,0.0,GARC1,RUS,STM,gid@T201N,U,{},"{""proportion"": 0.0, ""confidence"": [0.0, 0.7934506856227626], ""p_value"": 1.0, ""contingency"": [[0, 1], [194, 8170]]}",{}
589,NC00962.3,STM-0.05-0.95,0.0,GARC1,RUS,STM,rrs@a392g,U,{},"{""proportion"": 0.0, ""confidence"": [0.0, 0.6576197724933469], ""p_value"": 1.0, ""contingency"": [[0, 2], [194, 8170]]}",{}
590,NC00962.3,STM-0.05-0.95,0.0,GARC1,RUS,STM,gid@R97C,U,{},"{""proportion"": 0.0, ""confidence"": [0.0, 0.6576197724933469], ""p_value"": 1.0, ""contingency"": [[0, 2], [194, 8170]]}",{}
591,NC00962.3,STM-0.05-0.95,0.0,GARC1,RUS,STM,gid@-71_del_ccagcgtctcgagagcggagaatgtttcacgtgaaacatgacacagacctcacgagccggcggagtgcgtaatgtctccgatcgagcccgcggcgtctgcgatcttcggaccgcggcttggccttgctcggcggtacgccgaagcgttggcgggacccggtgtggagcgggggctggtgggaccccgcgaagtcggtaggctatgggaccg,U,{},"{""proportion"": 0.0, ""confidence"": [0.0, 0.7934506856227626], ""p_value"": 1.0, ""contingency"": [[0, 1], [194, 8170]]}",{}
592,NC00962.3,STM-0.05-0.95,0.0,GARC1,RUS,STM,rrs@g660t,U,{},"{""proportion"": 0.0, ""confidence"": [0.0, 0.7934506856227626], ""p_value"": 1.0, ""contingency"": [[0, 1], [194, 8170]]}",{}
593,NC00962.3,STM-0.05-0.95,0.0,GARC1,RUS,STM,gid@E99K,U,{},"{""proportion"": 0.0, ""confidence"": [0.0, 0.6576197724933469], ""p_value"": 1.0, ""contingency"": [[0, 2], [194, 8170]]}",{}
594,NC00962.3,STM-0.05-0.95,0.0,GARC1,RUS,STM,rrs@t1022g,U,{},"{""proportion"": 0.0, ""confidence"": [0.0, 0.6576197724933469], ""p_value"": 1.0, ""contingency"": [[0, 2], [194, 8170]]}",{}
595,NC00962.3,STM-0.05-0.95,0.0,GARC1,RUS,STM,rrs@c136a,U,{},"{""proportion"": 0.0, ""confidence"": [0.0, 0.7934506856227626], ""p_value"": 1.0, ""contingency"": [[0, 1], [194, 8170]]}",{}
596,NC00962.3,STM-0.05-0.95,0.0,GARC1,RUS,STM,rpsL@R116H,U,{},"{""proportion"": 0.0, ""confidence"": [0.0, 0.6576197724933469], ""p_value"": 1.0, ""contingency"": [[0, 2], [194, 8170]]}",{}
597,NC00962.3,STM-0.05-0.95,0.0,GARC1,RUS,STM,rrs@g-74t,U,{},"{""proportion"": 0.0, ""confidence"": [0.0, 0.43448246478317476], ""p_value"": 1.0, ""contingency"": [[0, 5], [194, 8170]]}",{}
598,NC00962.3,STM-0.05-0.95,0.0,GARC1,RUS,STM,rrs@t663c,U,{},"{""proportion"": 0.0, ""confidence"": [0.0, 0.7934506856227626], ""p_value"": 1.0, ""contingency"": [[0, 1], [194, 8170]]}",{}
599,NC00962.3,STM-0.05-0.95,0.0,GARC1,RUS,STM,rrs@c923t,U,{},"{""proportion"": 0.0, ""confidence"": [0.0, 0.7934506856227626], ""p_value"": 1.0, ""contingency"": [[0, 1], [194, 8170]]}",{}
600,NC00962.3,STM-0.05-0.95,0.0,GARC1,RUS,STM,gid@A183E,U,{},"{""proportion"": 0.5, ""confidence"": [0.09453120573423071, 0.9054687942657693], ""p_value"": 0.09749999999999999, ""contingency"": [[1, 1], [194, 8170]]}",{}
601,NC00962.3,STM-0.05-0.95,0.0,GARC1,RUS,STM,rrs@g-7t,U,{},"{""proportion"": 0.0, ""confidence"": [0.0, 0.7934506856227626], ""p_value"": 1.0, ""contingency"": [[0, 1], [194, 8170]]}",{}
602,NC00962.3,STM-0.05-0.95,0.0,GARC1,RUS,STM,rrs@205_ins_t,U,{},"{""proportion"": 0.0, ""confidence"": [0.0, 0.7934506856227626], ""p_value"": 1.0, ""contingency"": [[0, 1], [194, 8170]]}",{}
603,NC00962.3,STM-0.05-0.95,0.0,GARC1,RUS,STM,rrs@g1031t,U,{},"{""proportion"": 0.0, ""confidence"": [0.0, 0.7934506856227626], ""p_value"": 1.0, ""contingency"": [[0, 1], [194, 8170]]}",{}
604,NC00962.3,STM-0.05-0.95,0.0,GARC1,RUS,STM,gid@72_del_a,U,{},"{""proportion"": 0.0, ""confidence"": [0.0, 0.7934506856227626], ""p_value"": 1.0, ""contingency"": [[0, 1], [194, 8170]]}",{}
606,NC00962.3,STM-0.05-0.95,0.0,GARC1,RUS,STM,gid@a-50g,U,{},"{""proportion"": 0.0, ""confidence"": [0.0, 0.6576197724933469], ""p_value"": 1.0, ""contingency"": [[0, 2], [194, 8170]]}",{}
607,NC00962.3,STM-0.05-0.95,0.0,GARC1,RUS,STM,gid@L35M,U,{},"{""proportion"": 0.0, ""confidence"": [0.0, 0.7934506856227626], ""p_value"": 1.0, ""contingency"": [[0, 1], [194, 8170]]}",{}
608,NC00962.3,STM-0.05-0.95,0.0,GARC1,RUS,STM,gid@g-99a,U,{},"{""proportion"": 0.0, ""confidence"": [0.0, 0.6576197724933469], ""p_value"": 1.0, ""contingency"": [[0, 2], [194, 8170]]}",{}
609,NC00962.3,STM-0.05-0.95,0.0,GARC1,RUS,STM,rpsL@D14E,U,{},"{""proportion"": 0.0, ""confidence"": [0.0, 0.7934506856227626], ""p_value"": 1.0, ""contingency"": [[0, 1], [194, 8170]]}",{}
610,NC00962.3,STM-0.05-0.95,0.0,GARC1,RUS,STM,gid@P6T,U,{},"{""proportion"": 0.0, ""confidence"": [0.0, 0.7934506856227626], ""p_value"": 1.0, ""contingency"": [[0, 1], [194, 8170]]}",{}
611,NC00962.3,STM-0.05-0.95,0.0,GARC1,RUS,STM,rpsL@K108T,U,{},"{""proportion"": 0.0, ""confidence"": [0.0, 0.7934506856227626], ""p_value"": 1.0, ""contingency"": [[0, 1], [194, 8170]]}",{}
613,NC00962.3,STM-0.05-0.95,0.0,GARC1,RUS,STM,gid@E92Q,U,{},"{""proportion"": 0.0, ""confidence"": [0.0, 0.7934506856227626], ""p_value"": 1.0, ""contingency"": [[0, 1], [194, 8170]]}",{}
614,NC00962.3,STM-0.05-0.95,0.0,GARC1,RUS,STM,rrs@c1441t,U,{},"{""proportion"": 0.0, ""confidence"": [0.0, 0.6576197724933469], ""p_value"": 1.0, ""contingency"": [[0, 2], [194, 8170]]}",{}
617,NC00962.3,STM-0.05-0.95,0.0,GARC1,RUS,STM,gid@V89A,U,{},"{""proportion"": 0.0, ""confidence"": [0.0, 0.7934506856227626], ""p_value"": 1.0, ""contingency"": [[0, 1], [194, 8170]]}",{}
620,NC00962.3,STM-0.05-0.95,0.0,GARC1,RUS,STM,gid@G28!,U,{},"{""proportion"": 0.5, ""confidence"": [0.09453120573423071, 0.9054687942657693], ""p_value"": 0.09749999999999999, ""contingency"": [[1, 1], [194, 8170]]}",{}
621,NC00962.3,STM-0.05-0.95,0.0,GARC1,RUS,STM,rrs@c196t,U,{},"{""proportion"": 0.0, ""confidence"": [0.0, 0.7934506856227626], ""p_value"": 1.0, ""contingency"": [[0, 1], [194, 8170]]}",{}
622,NC00962.3,STM-0.05-0.95,0.0,GARC1,RUS,STM,gid@V105G,U,{},"{""proportion"": 0.0, ""confidence"": [0.0, 0.7934506856227626], ""p_value"": 1.0, ""contingency"": [[0, 1], [194, 8170]]}",{}
623,NC00962.3,STM-0.05-0.95,0.0,GARC1,RUS,STM,rrs@c270t,U,{},"{""proportion"": 0.0, ""confidence"": [0.0, 0.7934506856227626], ""p_value"": 1.0, ""contingency"": [[0, 1], [194, 8170]]}",{}
624,NC00962.3,STM-0.05-0.95,0.0,GARC1,RUS,STM,gid@L86R,U,{},"{""proportion"": 0.0, ""confidence"": [0.0, 0.7934506856227626], ""p_value"": 1.0, ""contingency"": [[0, 1], [194, 8170]]}",{}
625,NC00962.3,STM-0.05-0.95,0.0,GARC1,RUS,STM,gid@A183T,U,{},"{""proportion"": 0.0, ""confidence"": [0.0, 0.7934506856227626], ""p_value"": 1.0, ""contingency"": [[0, 1], [194, 8170]]}",{}
626,NC00962.3,STM-0.05-0.95,0.0,GARC1,RUS,STM,gid@296_ins_a,U,{},"{""proportion"": 0.0, ""confidence"": [0.0, 0.7934506856227626], ""p_value"": 1.0, ""contingency"": [[0, 1], [194, 8170]]}",{}
627,NC00962.3,STM-0.05-0.95,0.0,GARC1,RUS,STM,gid@I55V,U,{},"{""proportion"": 0.0, ""confidence"": [0.0, 0.7934506856227626], ""p_value"": 1.0, ""contingency"": [[0, 1], [194, 8170]]}",{}
628,NC00962.3,STM-0.05-0.95,0.0,GARC1,RUS,STM,rrs@t847c,U,{},"{""proportion"": 0.0, ""confidence"": [0.0, 0.7934506856227626], ""p_value"": 1.0, ""contingency"": [[0, 1], [194, 8170]]}",{}
630,NC00962.3,STM-0.05-0.95,0.0,GARC1,RUS,STM,gid@455_del_t,U,{},"{""proportion"": 0.0, ""confidence"": [0.0, 0.7934506856227626], ""p_value"": 1.0, ""contingency"": [[0, 1], [194, 8170]]}",{}
631,NC00962.3,STM-0.05-0.95,0.0,GARC1,RUS,STM,rrs@c1112t,U,{},"{""proportion"": 0.0, ""confidence"": [0.0, 0.7934506856227626], ""p_value"": 1.0, ""contingency"": [[0, 1], [194, 8170]]}",{}
632,NC00962.3,STM-0.05-0.95,0.0,GARC1,RUS,STM,gid@T146A,U,{},"{""proportion"": 0.0, ""confidence"": [0.0, 0.7934506856227626], ""p_value"": 1.0, ""contingency"": [[0, 1], [194, 8170]]}",{}
633,NC00962.3,STM-0.05-0.95,0.0,GARC1,RUS,STM,gid@A23P,U,{},"{""proportion"": 0.0, ""confidence"": [0.0, 0.7934506856227626], ""p_value"": 1.0, ""contingency"": [[0, 1], [194, 8170]]}",{}
634,NC00962.3,STM-0.05-0.95,0.0,GARC1,RUS,STM,gid@P151S,U,{},"{""proportion"": 0.0, ""confidence"": [0.0, 0.7934506856227626], ""p_value"": 1.0, ""contingency"": [[0, 1], [194, 8170]]}",{}
635,NC00962.3,STM-0.05-0.95,0.0,GARC1,RUS,STM,gid@a-8c,U,{},"{""proportion"": 0.0, ""confidence"": [0.0, 0.7934506856227626], ""p_value"": 1.0, ""contingency"": [[0, 1], [194, 8170]]}",{}
636,NC00962.3,STM-0.05-0.95,0.0,GARC1,RUS,STM,gid@P38S,U,{},"{""proportion"": 0.0, ""confidence"": [0.0, 0.7934506856227626], ""p_value"": 1.0, ""contingency"": [[0, 1], [194, 8170]]}",{}
637,NC00962.3,STM-0.05-0.95,0.0,GARC1,RUS,STM,gid@N51K,U,{},"{""proportion"": 0.0, ""confidence"": [0.0, 0.7934506856227626], ""p_value"": 1.0, ""contingency"": [[0, 1], [194, 8170]]}",{}
638,NC00962.3,STM-0.05-0.95,0.0,GARC1,RUS,STM,gid@359_ins_tgagatcgtgcgggggcgcgccga,U,{},"{""proportion"": 0.0, ""confidence"": [0.0, 0.7934506856227626], ""p_value"": 1.0, ""contingency"": [[0, 1], [194, 8170]]}",{}
639,NC00962.3,STM-0.05-0.95,0.0,GARC1,RUS,STM,gid@P6L,U,{},"{""proportion"": 0.0, ""confidence"": [0.0, 0.7934506856227626], ""p_value"": 1.0, ""contingency"": [[0, 1], [194, 8170]]}",{}
640,NC00962.3,STM-0.05-0.95,0.0,GARC1,RUS,STM,gid@501_del_tc,U,{},"{""proportion"": 0.0, ""confidence"": [0.0, 0.7934506856227626], ""p_value"": 1.0, ""contingency"": [[0, 1], [194, 8170]]}",{}
641,NC00962.3,STM-0.05-0.95,0.0,GARC1,RUS,STM,rrs@g187a,U,{},"{""proportion"": 0.0, ""confidence"": [0.0, 0.6576197724933469], ""p_value"": 1.0, ""contingency"": [[0, 2], [194, 8170]]}",{}
642,NC00962.3,STM-0.05-0.95,0.0,GARC1,RUS,STM,gid@615_ins_a,U,{},"{""proportion"": 0.0, ""confidence"": [0.0, 0.7934506856227626], ""p_value"": 1.0, ""contingency"": [[0, 1], [194, 8170]]}",{}
643,NC00962.3,STM-0.05-0.95,0.0,GARC1,RUS,STM,gid@A140V,U,{},"{""proportion"": 0.0, ""confidence"": [0.0, 0.7934506856227626], ""p_value"": 1.0, ""contingency"": [[0, 1], [194, 8170]]}",{}
645,NC00962.3,STM-0.05-0.95,0.0,GARC1,RUS,STM,rrs@t213a,U,{},"{""proportion"": 0.0, ""confidence"": [0.0, 0.7934506856227626], ""p_value"": 1.0, ""contingency"": [[0, 1], [194, 8170]]}",{}
648,NC00962.3,STM-0.05-0.95,0.0,GARC1,RUS,STM,gid@c-64a,U,{},"{""proportion"": 0.0, ""confidence"": [0.0, 0.7934506856227626], ""p_value"": 1.0, ""contingency"": [[0, 1], [194, 8170]]}",{}
653,NC00962.3,STM-0.05-0.95,0.0,GARC1,RUS,STM,rrs@g217a,U,{},"{""proportion"": 0.0, ""confidence"": [0.0, 0.7934506856227626], ""p_value"": 1.0, ""contingency"": [[0, 1], [194, 8170]]}",{}
654,NC00962.3,STM-0.05-0.95,0.0,GARC1,RUS,STM,gid@E60D,U,{},"{""proportion"": 0.0, ""confidence"": [0.0, 0.7934506856227626], ""p_value"": 1.0, ""contingency"": [[0, 1], [194, 8170]]}",{}
657,NC00962.3,STM-0.05-0.95,0.0,GARC1,RUS,STM,gid@92_del_t,U,{},"{""proportion"": 0.0, ""confidence"": [0.0, 0.7934506856227626], ""p_value"": 1.0, ""contingency"": [[0, 1], [194, 8170]]}",{}
658,NC00962.3,STM-0.05-0.95,0.0,GARC1,RUS,STM,gid@R64Q,U,{},"{""proportion"": 0.0, ""confidence"": [0.0, 0.7934506856227626], ""p_value"": 1.0, ""contingency"": [[0, 1], [194, 8170]]}",{}
660,NC00962.3,STM-0.05-0.95,0.0,GARC1,RUS,STM,rrs@-*_indel,U,{},"{""default_rule"": ""True""}",{}
661,NC00962.3,STM-0.05-0.95,0.0,GARC1,RUS,STM,rrs@*_indel,U,{},"{""default_rule"": ""True""}",{}
662,NC00962.3,STM-0.05-0.95,0.0,GARC1,RUS,STM,rrs@-*?,U,{},"{""default_rule"": ""True""}",{}
663,NC00962.3,STM-0.05-0.95,0.0,GARC1,RUS,STM,rrs@*?,U,{},"{""default_rule"": ""True""}",{}
664,NC00962.3,STM-0.05-0.95,0.0,GARC1,RUS,STM,rrs@del_0.0,U,{},"{""default_rule"": ""True""}",{}
666,NC00962.3,STM-0.05-0.95,0.0,GARC1,RUS,STM,rpsL@-*_indel,U,{},"{""default_rule"": ""True""}",{}
667,NC00962.3,STM-0.05-0.95,0.0,GARC1,RUS,STM,rpsL@*_indel,U,{},"{""default_rule"": ""True""}",{}
668,NC00962.3,STM-0.05-0.95,0.0,GARC1,RUS,STM,rpsL@-*?,U,{},"{""default_rule"": ""True""}",{}
669,NC00962.3,STM-0.05-0.95,0.0,GARC1,RUS,STM,rpsL@*?,U,{},"{""default_rule"": ""True""}",{}
670,NC00962.3,STM-0.05-0.95,0.0,GARC1,RUS,STM,rpsL@del_0.0,U,{},"{""default_rule"": ""True""}",{}
672,NC00962.3,STM-0.05-0.95,0.0,GARC1,RUS,STM,gid@-*_indel,U,{},"{""default_rule"": ""True""}",{}
673,NC00962.3,STM-0.05-0.95,0.0,GARC1,RUS,STM,gid@*_indel,U,{},"{""default_rule"": ""True""}",{}
674,NC00962.3,STM-0.05-0.95,0.0,GARC1,RUS,STM,gid@-*?,U,{},"{""default_rule"": ""True""}",{}
675,NC00962.3,STM-0.05-0.95,0.0,GARC1,RUS,STM,gid@*?,U,{},"{""default_rule"": ""True""}",{}
676,NC00962.3,STM-0.05-0.95,0.0,GARC1,RUS,STM,gid@del_0.0,U,{},"{""default_rule"": ""True""}",{}
