GENBANK_REFERENCE,CATALOGUE_NAME,CATALOGUE_VERSION,CATALOGUE_GRAMMAR,PREDICTION_VALUES,DRUG,MUTATION,PREDICTION,SOURCE,EVIDENCE,OTHER
NC00962.3,EMB-0.25-0.9-0.5,0.0,GARC1,RUS,EMB,embB@T1082A,S,{},"{""proportion"": 0.0, ""confidence"": [0.0, 0.02887282176022816], ""p_value"": 8.286385511018749e-12, ""solo_contingency"": [[0, 91], [267, 20302]], ""contingency"": [[152, 142], [5373, 28838]]}",{}
NC00962.3,EMB-0.25-0.9-0.5,0.0,GARC1,RUS,EMB,embA@c-59a,S,{},"{""proportion"": 0.0, ""confidence"": [0.0, 0.21294197008340696], ""p_value"": 0.07604122161865237, ""solo_contingency"": [[0, 10], [267, 20302]], ""contingency"": [[2, 14], [5523, 28966]]}",{}
NC00962.3,EMB-0.25-0.9-0.5,0.0,GARC1,RUS,EMB,embB@A313V,S,{},"{""proportion"": 0.0, ""confidence"": [0.0, 0.21294197008340696], ""p_value"": 0.07604122161865237, ""solo_contingency"": [[0, 10], [267, 20302]], ""contingency"": [[0, 12], [5525, 28968]]}",{}
NC00962.3,EMB-0.25-0.9-0.5,0.0,GARC1,RUS,EMB,embA@G158D,S,{},"{""proportion"": 0.0, ""confidence"": [-1.1138242448922617e-17, 0.19740504731951777], ""p_value"": 0.07656264305114746, ""solo_contingency"": [[0, 11], [267, 20302]], ""contingency"": [[0, 11], [5525, 28969]]}",{}
NC00962.3,EMB-0.25-0.9-0.5,0.0,GARC1,RUS,EMB,embA@T608N,S,{},"{""proportion"": 0.07142857142857142, ""confidence"": [0.02392558085477045, 0.19445659707737253], ""p_value"": 0.027852023735285877, ""solo_contingency"": [[2, 26], [267, 20302]], ""contingency"": [[9, 29], [5516, 28951]]}",{}
NC00962.3,EMB-0.25-0.9-0.5,0.0,GARC1,RUS,EMB,embA@c-16t,S,{},"{""proportion"": 0.15714285714285714, ""confidence"": [0.09854651213288801, 0.24125623577854066], ""p_value"": 0.07388820156035267, ""solo_contingency"": [[11, 59], [282, 21448]], ""contingency"": [[166, 74], [5359, 28906]]}",{}
NC00962.3,EMB-0.25-0.9-0.5,0.0,GARC1,RUS,EMB,embA@Y296H,S,{},"{""proportion"": 0.0, ""confidence"": [0.0, 0.14463859126760936], ""p_value"": 0.017492316197603944, ""solo_contingency"": [[0, 16], [267, 20302]], ""contingency"": [[0, 16], [5525, 28964]]}",{}
NC00962.3,EMB-0.25-0.9-0.5,0.0,GARC1,RUS,EMB,embB@S773P,S,{},"{""proportion"": 0.0, ""confidence"": [0.0, 0.09425160190476774], ""p_value"": 0.0009542497576016112, ""solo_contingency"": [[0, 26], [267, 20302]], ""contingency"": [[0, 26], [5525, 28954]]}",{}
NC00962.3,EMB-0.25-0.9-0.5,0.0,GARC1,RUS,EMB,embB@L402V,S,{},"{""proportion"": 0.0, ""confidence"": [-1.1138242448922617e-17, 0.19740504731951777], ""p_value"": 0.07656264305114746, ""solo_contingency"": [[0, 11], [267, 20302]], ""contingency"": [[3, 18], [5522, 28962]]}",{}
NC00962.3,EMB-0.25-0.9-0.5,0.0,GARC1,RUS,EMB,embB@S203L,S,{},"{""proportion"": 0.0, ""confidence"": [0.0, 0.07370939644250225], ""p_value"": 8.526393021277249e-05, ""solo_contingency"": [[0, 34], [267, 20302]], ""contingency"": [[1, 44], [5524, 28936]]}",{}
NC00962.3,EMB-0.25-0.9-0.5,0.0,GARC1,RUS,EMB,embB@E378A,S,{},"{""proportion"": 0.0, ""confidence"": [-1.1138242448922617e-17, 0.19740504731951777], ""p_value"": 0.07656264305114746, ""solo_contingency"": [[0, 11], [267, 20302]], ""contingency"": [[213, 3441], [5312, 25539]]}",{}
NC00962.3,EMB-0.25-0.9-0.5,0.0,GARC1,RUS,EMB,embA@E951D,S,{},"{""proportion"": 0.0, ""confidence"": [0.0, 0.03016027047960427], ""p_value"": 2.025131968210917e-11, ""solo_contingency"": [[0, 87], [267, 20302]], ""contingency"": [[17, 116], [5508, 28864]]}",{}
NC00962.3,EMB-0.25-0.9-0.5,0.0,GARC1,RUS,EMB,embA@D176E,S,{},"{""proportion"": 0.038461538461538464, ""confidence"": [0.00862776690656984, 0.15529678869783117], ""p_value"": 0.010667350611231141, ""solo_contingency"": [[1, 25], [267, 20302]], ""contingency"": [[1, 29], [5524, 28951]]}",{}
NC00962.3,EMB-0.25-0.9-0.5,0.0,GARC1,RUS,EMB,embB@I563L,S,{},"{""proportion"": 0.0, ""confidence"": [0.0, 0.172266783508845], ""p_value"": 0.048047408461570754, ""solo_contingency"": [[0, 13], [267, 20302]], ""contingency"": [[13, 16], [5512, 28964]]}",{}
NC00962.3,EMB-0.25-0.9-0.5,0.0,GARC1,RUS,EMB,embB@G246R,S,{},"{""proportion"": 0.05555555555555555, ""confidence"": [0.01855796208710885, 0.154687078692338], ""p_value"": 0.005822011692103739, ""solo_contingency"": [[2, 34], [267, 20302]], ""contingency"": [[3, 34], [5522, 28946]]}",{}
NC00962.3,EMB-0.25-0.9-0.5,0.0,GARC1,RUS,EMB,embA@A84S,S,{},"{""proportion"": 0.0, ""confidence"": [0.0, 0.1839811947474769], ""p_value"": 0.04592913389205933, ""solo_contingency"": [[0, 12], [267, 20302]], ""contingency"": [[0, 12], [5525, 28968]]}",{}
NC00962.3,EMB-0.25-0.9-0.5,0.0,GARC1,RUS,EMB,embB@R24P,S,{},"{""proportion"": 0.023076923076923078, ""confidence"": [0.011979135995581333, 0.0439981504398114], ""p_value"": 4.387055463228493e-24, ""solo_contingency"": [[6, 254], [267, 20302]], ""contingency"": [[112, 395], [5413, 28585]]}",{}
NC00962.3,EMB-0.25-0.9-0.5,0.0,GARC1,RUS,EMB,embB@C361S,S,{},"{""proportion"": 0.029411764705882353, ""confidence"": [0.006589120126997468, 0.12160795887771056], ""p_value"": 0.0011373211256913243, ""solo_contingency"": [[1, 33], [267, 20302]], ""contingency"": [[1, 34], [5524, 28946]]}",{}
NC00962.3,EMB-0.25-0.9-0.5,0.0,GARC1,RUS,EMB,embB@R741W,S,{},"{""proportion"": 0.0, ""confidence"": [0.0, 0.16195483023523788], ""p_value"": 0.02812748029828072, ""solo_contingency"": [[0, 14], [301, 22944]], ""contingency"": [[0, 14], [5525, 28966]]}",{}
NC00962.3,EMB-0.25-0.9-0.5,0.0,GARC1,RUS,EMB,embB@L370R,S,{},"{""proportion"": 0.0, ""confidence"": [0.0, 0.11915783736096446], ""p_value"": 0.007113353603017462, ""solo_contingency"": [[0, 20], [267, 20302]], ""contingency"": [[1, 20], [5524, 28960]]}",{}
NC00962.3,EMB-0.25-0.9-0.5,0.0,GARC1,RUS,EMB,embA@G884D,S,{},"{""proportion"": 0.0, ""confidence"": [0.0, 0.1839811947474769], ""p_value"": 0.04592913389205933, ""solo_contingency"": [[0, 12], [267, 20302]], ""contingency"": [[0, 14], [5525, 28966]]}",{}
NC00962.3,EMB-0.25-0.9-0.5,0.0,GARC1,RUS,EMB,embA@L373P,S,{},"{""proportion"": 0.0, ""confidence"": [0.0, 0.09425160190476774], ""p_value"": 0.0009542497576016112, ""solo_contingency"": [[0, 26], [267, 20302]], ""contingency"": [[6, 29], [5519, 28951]]}",{}
NC00962.3,EMB-0.25-0.9-0.5,0.0,GARC1,RUS,EMB,embB@V283M,S,{},"{""proportion"": 0.0, ""confidence"": [0.0, 0.1839811947474769], ""p_value"": 0.04592913389205933, ""solo_contingency"": [[0, 12], [301, 22944]], ""contingency"": [[0, 12], [5525, 28968]]}",{}
NC00962.3,EMB-0.25-0.9-0.5,0.0,GARC1,RUS,EMB,embA@V31A,S,{},"{""proportion"": 0.0, ""confidence"": [-6.2612865863866736e-18, 0.09765350600605095], ""p_value"": 0.0016683748994763552, ""solo_contingency"": [[0, 25], [267, 20302]], ""contingency"": [[0, 27], [5525, 28953]]}",{}
NC00962.3,EMB-0.25-0.9-0.5,0.0,GARC1,RUS,EMB,embA@g-17a,S,{},"{""proportion"": 0.05, ""confidence"": [0.011234816850851653, 0.19600723677401635], ""p_value"": 0.038177041808921786, ""solo_contingency"": [[1, 19], [267, 20302]], ""contingency"": [[8, 26], [5517, 28954]]}",{}
NC00962.3,EMB-0.25-0.9-0.5,0.0,GARC1,RUS,EMB,embB@I709T,S,{},"{""proportion"": 0.0, ""confidence"": [0.0, 0.16195483023523788], ""p_value"": 0.02812748029828072, ""solo_contingency"": [[0, 14], [267, 20302]], ""contingency"": [[0, 16], [5525, 28964]]}",{}
NC00962.3,EMB-0.25-0.9-0.5,0.0,GARC1,RUS,EMB,embB@P731L,S,{},"{""proportion"": 0.0, ""confidence"": [0.0, 0.09425160190476774], ""p_value"": 0.0009542497576016112, ""solo_contingency"": [[0, 26], [267, 20302]], ""contingency"": [[0, 26], [5525, 28954]]}",{}
NC00962.3,EMB-0.25-0.9-0.5,0.0,GARC1,RUS,EMB,embA@Q1004P,S,{},"{""proportion"": 0.0, ""confidence"": [0.0, 0.16195483023523788], ""p_value"": 0.02812748029828072, ""solo_contingency"": [[0, 14], [267, 20302]], ""contingency"": [[0, 15], [5525, 28965]]}",{}
NC00962.3,EMB-0.25-0.9-0.5,0.0,GARC1,RUS,EMB,embA@g-76c,S,{},"{""proportion"": 0.06896551724137931, ""confidence"": [0.0230907224042537, 0.1884036323228297], ""p_value"": 0.029061929232975115, ""solo_contingency"": [[2, 27], [267, 20302]], ""contingency"": [[2, 27], [5523, 28953]]}",{}
NC00962.3,EMB-0.25-0.9-0.5,0.0,GARC1,RUS,EMB,embA@K166N,S,{},"{""proportion"": 0.0, ""confidence"": [0.0, 0.11915783736096446], ""p_value"": 0.007113353603017462, ""solo_contingency"": [[0, 20], [267, 20302]], ""contingency"": [[0, 20], [5525, 28960]]}",{}
NC00962.3,EMB-0.25-0.9-0.5,0.0,GARC1,RUS,EMB,embA@L233M,S,{},"{""proportion"": 0.0, ""confidence"": [0.0, 0.21294197008340696], ""p_value"": 0.07604122161865237, ""solo_contingency"": [[0, 10], [267, 20302]], ""contingency"": [[0, 16], [5525, 28964]]}",{}
NC00962.3,EMB-0.25-0.9-0.5,0.0,GARC1,RUS,EMB,embB@R620C,S,{},"{""proportion"": 0.0, ""confidence"": [-1.1138242448922617e-17, 0.19740504731951777], ""p_value"": 0.07656264305114746, ""solo_contingency"": [[0, 11], [267, 20302]], ""contingency"": [[0, 11], [5525, 28969]]}",{}
NC00962.3,EMB-0.25-0.9-0.5,0.0,GARC1,RUS,EMB,embB@E951Q,S,{},"{""proportion"": 0.0, ""confidence"": [0.0, 0.172266783508845], ""p_value"": 0.048047408461570754, ""solo_contingency"": [[0, 13], [267, 20302]], ""contingency"": [[0, 13], [5525, 28967]]}",{}
NC00962.3,EMB-0.25-0.9-0.5,0.0,GARC1,RUS,EMB,embA@V558L,S,{},"{""proportion"": 0.0, ""confidence"": [-1.1138242448922617e-17, 0.19740504731951777], ""p_value"": 0.07656264305114746, ""solo_contingency"": [[0, 11], [267, 20302]], ""contingency"": [[0, 11], [5525, 28969]]}",{}
NC00962.3,EMB-0.25-0.9-0.5,0.0,GARC1,RUS,EMB,embA@A852T,S,{},"{""proportion"": 0.0, ""confidence"": [0.0, 0.10525136178999416], ""p_value"": 0.002580968695056641, ""solo_contingency"": [[0, 23], [267, 20302]], ""contingency"": [[0, 23], [5525, 28957]]}",{}
NC00962.3,EMB-0.25-0.9-0.5,0.0,GARC1,RUS,EMB,embA@G596S,S,{},"{""proportion"": 0.0, ""confidence"": [0.0, 0.21294197008340696], ""p_value"": 0.07604122161865237, ""solo_contingency"": [[0, 10], [267, 20302]], ""contingency"": [[2, 11], [5523, 28969]]}",{}
NC00962.3,EMB-0.25-0.9-0.5,0.0,GARC1,RUS,EMB,embA@P913S,S,{},"{""proportion"": 0.004351610095735422, ""confidence"": [0.0021198112823296636, 0.008912126113742988], ""p_value"": 3.8169933107412e-133, ""solo_contingency"": [[5, 1144], [282, 21448]], ""contingency"": [[198, 3040], [5327, 25940]]}",{}
NC00962.3,EMB-0.25-0.9-0.5,0.0,GARC1,RUS,EMB,embA@L505F,S,{},"{""proportion"": 0.0, ""confidence"": [0.0, 0.21294197008340696], ""p_value"": 0.07604122161865237, ""solo_contingency"": [[0, 10], [267, 20302]], ""contingency"": [[0, 10], [5525, 28970]]}",{}
NC00962.3,EMB-0.25-0.9-0.5,0.0,GARC1,RUS,EMB,embA@V206M,S,{},"{""proportion"": 0.00744047619047619, ""confidence"": [0.004453101066269853, 0.012406964272036497], ""p_value"": 1.5414668791039442e-148, ""solo_contingency"": [[10, 1334], [301, 22944]], ""contingency"": [[74, 1699], [5451, 27281]]}",{}
NC00962.3,EMB-0.25-0.9-0.5,0.0,GARC1,RUS,EMB,embB@R213Q,S,{},"{""proportion"": 0.0, ""confidence"": [-1.6945079934368474e-18, 0.0231826473192304], ""p_value"": 1.0624487220022766e-14, ""solo_contingency"": [[0, 114], [267, 20302]], ""contingency"": [[0, 121], [5525, 28859]]}",{}
NC00962.3,EMB-0.25-0.9-0.5,0.0,GARC1,RUS,EMB,embA@V911I,S,{},"{""proportion"": 0.0, ""confidence"": [0.0, 0.21294197008340696], ""p_value"": 0.07604122161865237, ""solo_contingency"": [[0, 10], [267, 20302]], ""contingency"": [[0, 10], [5525, 28970]]}",{}
NC00962.3,EMB-0.25-0.9-0.5,0.0,GARC1,RUS,EMB,embA@G451R,S,{},"{""proportion"": 0.0, ""confidence"": [0.0, 0.16195483023523788], ""p_value"": 0.02812748029828072, ""solo_contingency"": [[0, 14], [267, 20302]], ""contingency"": [[0, 15], [5525, 28965]]}",{}
NC00962.3,EMB-0.25-0.9-0.5,0.0,GARC1,RUS,EMB,embA@T308A,S,{},"{""proportion"": 0.0, ""confidence"": [0.0, 0.06646621625741261], ""p_value"": 3.423563710801432e-05, ""solo_contingency"": [[0, 38], [282, 21448]], ""contingency"": [[0, 52], [5525, 28928]]}",{}
NC00962.3,EMB-0.25-0.9-0.5,0.0,GARC1,RUS,EMB,embB@N13S,S,{},"{""proportion"": 0.014634146341463415, ""confidence"": [0.005863266004322946, 0.03604964257444788], ""p_value"": 2.0513415930358373e-21, ""solo_contingency"": [[3, 202], [282, 21448]], ""contingency"": [[5, 226], [5520, 28754]]}",{}
NC00962.3,EMB-0.25-0.9-0.5,0.0,GARC1,RUS,EMB,embA@P383S,S,{},"{""proportion"": 0.0, ""confidence"": [0.0, 0.048568657378326024], ""p_value"": 4.6959295955903973e-07, ""solo_contingency"": [[0, 53], [282, 21448]], ""contingency"": [[1, 60], [5524, 28920]]}",{}
NC00962.3,EMB-0.25-0.9-0.5,0.0,GARC1,RUS,EMB,embB@V668I,S,{},"{""proportion"": 0.0, ""confidence"": [-6.179004569140675e-18, 0.10951159439671897], ""p_value"": 0.0024842959446118593, ""solo_contingency"": [[0, 22], [301, 22944]], ""contingency"": [[1, 28], [5524, 28952]]}",{}
NC00962.3,EMB-0.25-0.9-0.5,0.0,GARC1,RUS,EMB,embA@A1015T,S,{},"{""proportion"": 0.0, ""confidence"": [0.0, 0.1141312562327272], ""p_value"": 0.004065488054720845, ""solo_contingency"": [[0, 21], [301, 22944]], ""contingency"": [[0, 22], [5525, 28958]]}",{}
NC00962.3,EMB-0.25-0.9-0.5,0.0,GARC1,RUS,EMB,embB@T279P,S,{},"{""proportion"": 0.0, ""confidence"": [0.0, 0.21294197008340696], ""p_value"": 0.07604122161865237, ""solo_contingency"": [[0, 10], [301, 22944]], ""contingency"": [[0, 10], [5525, 28970]]}",{}
NC00962.3,EMB-0.25-0.9-0.5,0.0,GARC1,RUS,EMB,embB@S1054P,S,{},"{""proportion"": 0.0, ""confidence"": [0.0, 0.08811254092083347], ""p_value"": 0.0006076026348967452, ""solo_contingency"": [[0, 28], [311, 24357]], ""contingency"": [[1, 38], [5524, 28942]]}",{}
NC00962.3,EMB-0.25-0.9-0.5,0.0,GARC1,RUS,EMB,embA@P901L,S,{},"{""proportion"": 0.04, ""confidence"": [0.00897486843424125, 0.16086635709132566], ""p_value"": 0.010394187011740996, ""solo_contingency"": [[1, 24], [311, 24357]], ""contingency"": [[1, 24], [5524, 28956]]}",{}
NC00962.3,EMB-0.25-0.9-0.5,0.0,GARC1,RUS,EMB,embA@A312V,S,{},"{""proportion"": 0.04, ""confidence"": [0.00897486843424125, 0.16086635709132566], ""p_value"": 0.010394187011740996, ""solo_contingency"": [[1, 24], [311, 24357]], ""contingency"": [[3, 29], [5522, 28951]]}",{}
NC00962.3,EMB-0.25-0.9-0.5,0.0,GARC1,RUS,EMB,embA@W306R,S,{},"{""proportion"": 0.0, ""confidence"": [0.0, 0.21294197008340696], ""p_value"": 0.07604122161865237, ""solo_contingency"": [[0, 10], [311, 24357]], ""contingency"": [[3, 18], [5522, 28962]]}",{}
NC00962.3,EMB-0.25-0.9-0.5,0.0,GARC1,RUS,EMB,embB@K561R,S,{},"{""proportion"": 0.0, ""confidence"": [0.0, 0.21294197008340696], ""p_value"": 0.07604122161865237, ""solo_contingency"": [[0, 10], [311, 24357]], ""contingency"": [[0, 10], [5525, 28970]]}",{}
NC00962.3,EMB-0.25-0.9-0.5,0.0,GARC1,RUS,EMB,embB@A1073D,S,{},"{""proportion"": 0.0, ""confidence"": [0.0, 0.14463859126760936], ""p_value"": 0.017492316197603944, ""solo_contingency"": [[0, 16], [311, 24357]], ""contingency"": [[0, 16], [5525, 28964]]}",{}
NC00962.3,EMB-0.25-0.9-0.5,0.0,GARC1,RUS,EMB,embA@*=,S,{},"{""default_rule"": ""True""}",{}
NC00962.3,EMB-0.25-0.9-0.5,0.0,GARC1,RUS,EMB,embB@*=,S,{},"{""default_rule"": ""True""}",{}
NC00962.3,EMB-0.25-0.9-0.5,0.0,GARC1,RUS,EMB,embB@M306V,R,{},"{""proportion"": 0.7988798370672098, ""confidence"": [0.7835958966010845, 0.8133414557684632], ""p_value"": 0.0, ""solo_contingency"": [[1569, 395], [313, 24469]], ""contingency"": [[1978, 435], [3547, 28545]]}",{}
NC00962.3,EMB-0.25-0.9-0.5,0.0,GARC1,RUS,EMB,embB@G406A,R,{},"{""proportion"": 0.5, ""confidence"": [0.45055887648426035, 0.5494411235157397], ""p_value"": 8.0196149984097025e-19, ""solo_contingency"": [[137, 137], [313, 24469]], ""contingency"": [[212, 158], [5313, 28822]]}",{}
NC00962.3,EMB-0.25-0.9-0.5,0.0,GARC1,RUS,EMB,embB@M306I,R,{},"{""proportion"": 0.5243589743589744, ""confidence"": [0.5035368950676036, 0.5450967072884839], ""p_value"": 2.0937349876651705e-118, ""solo_contingency"": [[818, 742], [313, 24469]], ""contingency"": [[1169, 804], [4356, 28176]]}",{}
NC00962.3,EMB-0.25-0.9-0.5,0.0,GARC1,RUS,EMB,embB@Q497R,R,{},"{""proportion"": 0.7435424354243543, ""confidence"": [0.7115333664763921, 0.7731321618490937], ""p_value"": 4.5736277417060224e-128, ""solo_contingency"": [[403, 139], [313, 24469]], ""contingency"": [[633, 156], [4892, 28824]]}",{}
NC00962.3,EMB-0.25-0.9-0.5,0.0,GARC1,RUS,EMB,embB@D354A,R,{},"{""proportion"": 0.5321100917431193, ""confidence"": [0.4866460088514557, 0.5770471877505718], ""p_value"": 2.032339348874212e-27, ""solo_contingency"": [[174, 153], [313, 24469]], ""contingency"": [[233, 170], [5292, 28810]]}",{}
NC00962.3,EMB-0.25-0.9-0.5,0.0,GARC1,RUS,EMB,embB@D328Y,R,{},"{""proportion"": 0.8, ""confidence"": [0.6216233141646325, 0.906881983418789], ""p_value"": 3.865316102746874e-07, ""solo_contingency"": [[16, 4], [313, 24469]], ""contingency"": [[25, 5], [5500, 28975]]}",{}
NC00962.3,EMB-0.25-0.9-0.5,0.0,GARC1,RUS,EMB,embB@G406D,R,{},"{""proportion"": 0.38578680203045684, ""confidence"": [0.33065445008246885, 0.44401379787057926], ""p_value"": 3.298659430405908e-05, ""solo_contingency"": [[76, 121], [313, 24469]], ""contingency"": [[118, 143], [5407, 28837]]}",{}
NC00962.3,EMB-0.25-0.9-0.5,0.0,GARC1,RUS,EMB,embB@Y319S,R,{},"{""proportion"": 0.8453038674033149, ""confidence"": [0.7960400730460706, 0.884396660923447], ""p_value"": 1.5406977211056338e-63, ""solo_contingency"": [[153, 28], [313, 24469]], ""contingency"": [[155, 30], [5370, 28950]]}",{}
NC00962.3,EMB-0.25-0.9-0.5,0.0,GARC1,RUS,EMB,embB@M306L,R,{},"{""proportion"": 0.7391304347826086, ""confidence"": [0.6443369232717435, 0.8158785413962845], ""p_value"": 2.1631235967665325e-17, ""solo_contingency"": [[51, 18], [313, 24469]], ""contingency"": [[75, 24], [5450, 28956]]}",{}
NC00962.3,EMB-0.25-0.9-0.5,0.0,GARC1,RUS,EMB,embB@F330S,R,{},"{""proportion"": 0.75, ""confidence"": [0.3561680085985064, 0.9420926788001412], ""p_value"": 0.05078125, ""solo_contingency"": [[3, 1], [313, 24469]], ""contingency"": [[6, 2], [5519, 28978]]}",{}
NC00962.3,EMB-0.25-0.9-0.5,0.0,GARC1,RUS,EMB,embB@Q497K,R,{},"{""proportion"": 0.5454545454545454, ""confidence"": [0.4448387494710455, 0.6424904484125111], ""p_value"": 4.143039618574723e-07, ""solo_contingency"": [[36, 30], [313, 24469]], ""contingency"": [[85, 35], [5440, 28945]]}",{}
NC00962.3,EMB-0.25-0.9-0.5,0.0,GARC1,RUS,EMB,embB@G406S,R,{},"{""proportion"": 0.5222222222222223, ""confidence"": [0.4362386039925196, 0.6069087618603182], ""p_value"": 3.1537786790925987e-08, ""solo_contingency"": [[47, 43], [313, 24469]], ""contingency"": [[96, 55], [5429, 28925]]}",{}
NC00962.3,EMB-0.25-0.9-0.5,0.0,GARC1,RUS,EMB,embB@G406C,R,{},"{""proportion"": 0.45161290322580644, ""confidence"": [0.3144485570706077, 0.5965453124071003], ""p_value"": 0.01997080800403231, ""solo_contingency"": [[14, 17], [313, 24469]], ""contingency"": [[24, 19], [5501, 28961]]}",{}
NC00962.3,EMB-0.25-0.9-0.5,0.0,GARC1,RUS,EMB,embB@L410P,R,{},"{""proportion"": 1.0, ""confidence"": [0.4250306090063464, 1.0], ""p_value"": 0.0625, ""solo_contingency"": [[2, 0], [313, 24469]], ""contingency"": [[2, 0], [5523, 28980]]}",{}
NC00962.3,EMB-0.25-0.9-0.5,0.0,GARC1,RUS,EMB,embB@D328F,R,{},"{""proportion"": 1.0, ""confidence"": [0.4250306090063464, 1.0], ""p_value"": 0.0625, ""solo_contingency"": [[2, 0], [313, 24469]], ""contingency"": [[2, 0], [5523, 28980]]}",{}
NC00962.3,EMB-0.25-0.9-0.5,0.0,GARC1,RUS,EMB,embB@F330V,R,{},"{""proportion"": 1.0, ""confidence"": [0.4250306090063464, 1.0], ""p_value"": 0.0625, ""solo_contingency"": [[2, 0], [313, 24469]], ""contingency"": [[2, 0], [5523, 28980]]}",{}
NC00962.3,EMB-0.25-0.9-0.5,0.0,GARC1,RUS,EMB,embB@Q445R,R,{},"{""proportion"": 0.9583333333333334, ""confidence"": [0.8816407006353317, 0.9861145190643436], ""p_value"": 1.2996641185697214e-25, ""solo_contingency"": [[46, 2], [313, 24469]], ""contingency"": [[55, 2], [5470, 28978]]}",{}
NC00962.3,EMB-0.25-0.9-0.5,0.0,GARC1,RUS,EMB,embA@T652K,R,{},"{""proportion"": 0.75, ""confidence"": [0.3561680085985064, 0.9420926788001412], ""p_value"": 0.05078125, ""solo_contingency"": [[3, 1], [313, 24469]], ""contingency"": [[3, 3], [5522, 28977]]}",{}
NC00962.3,EMB-0.25-0.9-0.5,0.0,GARC1,RUS,EMB,embB@D328V,R,{},"{""proportion"": 1.0, ""confidence"": [0.4250306090063464, 1.0], ""p_value"": 0.0625, ""solo_contingency"": [[2, 0], [313, 24469]], ""contingency"": [[2, 0], [5523, 28980]]}",{}
NC00962.3,EMB-0.25-0.9-0.5,0.0,GARC1,RUS,EMB,embB@S347T,R,{},"{""proportion"": 1.0, ""confidence"": [0.6488834992348989, 1.0], ""p_value"": 0.0009765625, ""solo_contingency"": [[5, 0], [313, 24469]], ""contingency"": [[10, 0], [5515, 28980]]}",{}
NC00962.3,EMB-0.25-0.9-0.5,0.0,GARC1,RUS,EMB,embB@S297A,U,{},"{""proportion"": 0.30327868852459017, ""confidence"": [0.23970506100597408, 0.3753882325999435], ""p_value"": 0.17489982662501036, ""solo_contingency"": [[37, 85], [313, 24469]], ""contingency"": [[48, 88], [5477, 28892]]}",{}
NC00962.3,EMB-0.25-0.9-0.5,0.0,GARC1,RUS,EMB,embB@Q497P,U,{},"{""proportion"": 0.26666666666666666, ""confidence"": [0.1258177356354828, 0.47882585984924925], ""p_value"": 1.0, ""solo_contingency"": [[4, 11], [313, 24469]], ""contingency"": [[34, 15], [5491, 28965]]}",{}
NC00962.3,EMB-0.25-0.9-0.5,0.0,GARC1,RUS,EMB,embA@c-16g,U,{},"{""proportion"": 0.1951219512195122, ""confidence"": [0.11360503262566941, 0.3143851483851701], ""p_value"": 0.475927346821297, ""solo_contingency"": [[8, 33], [313, 24469]], ""contingency"": [[101, 38], [5424, 28942]]}",{}
NC00962.3,EMB-0.25-0.9-0.5,0.0,GARC1,RUS,EMB,embA@c-8t,U,{},"{""proportion"": 0.0, ""confidence"": [0.0, 0.40347862520270455], ""p_value"": 0.578125, ""solo_contingency"": [[0, 4], [313, 24469]], ""contingency"": [[40, 7], [5485, 28973]]}",{}
NC00962.3,EMB-0.25-0.9-0.5,0.0,GARC1,RUS,EMB,embB@N296H,U,{},"{""proportion"": 0.24489795918367346, ""confidence"": [0.15897680766509462, 0.3575160414586131], ""p_value"": 1.0, ""solo_contingency"": [[12, 37], [313, 24469]], ""contingency"": [[25, 42], [5500, 28938]]}",{}
NC00962.3,EMB-0.25-0.9-0.5,0.0,GARC1,RUS,EMB,embA@A320T,U,{},"{""proportion"": 0.0, ""confidence"": [0.0, 0.5749693909936535], ""p_value"": 1.0, ""solo_contingency"": [[0, 2], [313, 24469]], ""contingency"": [[1, 2], [5524, 28978]]}",{}
NC00962.3,EMB-0.25-0.9-0.5,0.0,GARC1,RUS,EMB,embA@T420M,U,{},"{""proportion"": 0.0, ""confidence"": [0.0, 0.7301340512159458], ""p_value"": 1.0, ""solo_contingency"": [[0, 1], [313, 24469]], ""contingency"": [[0, 1], [5525, 28979]]}",{}
NC00962.3,EMB-0.25-0.9-0.5,0.0,GARC1,RUS,EMB,embA@T604R,U,{},"{""proportion"": 0.0, ""confidence"": [0.0, 0.5749693909936535], ""p_value"": 1.0, ""solo_contingency"": [[0, 2], [313, 24469]], ""contingency"": [[0, 2], [5525, 28978]]}",{}
NC00962.3,EMB-0.25-0.9-0.5,0.0,GARC1,RUS,EMB,embA@P934S,U,{},"{""proportion"": 0.0, ""confidence"": [0.0, 0.7301340512159458], ""p_value"": 1.0, ""solo_contingency"": [[0, 1], [313, 24469]], ""contingency"": [[0, 1], [5525, 28979]]}",{}
NC00962.3,EMB-0.25-0.9-0.5,0.0,GARC1,RUS,EMB,embB@H1002R,U,{},"{""proportion"": 0.35135135135135137, ""confidence"": [0.23645234309332877, 0.4865082552745697], ""p_value"": 0.18206099986303675, ""solo_contingency"": [[13, 24], [313, 24469]], ""contingency"": [[16, 25], [5509, 28955]]}",{}
NC00962.3,EMB-0.25-0.9-0.5,0.0,GARC1,RUS,EMB,embB@P832S,U,{},"{""proportion"": 0.0, ""confidence"": [0.0, 0.278762695452542], ""p_value"": 0.20404052734375, ""solo_contingency"": [[0, 7], [313, 24469]], ""contingency"": [[0, 8], [5525, 28972]]}",{}
NC00962.3,EMB-0.25-0.9-0.5,0.0,GARC1,RUS,EMB,embB@T811A,U,{},"{""proportion"": 0.0, ""confidence"": [-2.1340331742842984e-17, 0.2311335193197566], ""p_value"": 0.12401199340820315, ""solo_contingency"": [[0, 9], [313, 24469]], ""contingency"": [[0, 9], [5525, 28971]]}",{}
NC00962.3,EMB-0.25-0.9-0.5,0.0,GARC1,RUS,EMB,embA@c-8a,U,{},"{""proportion"": 0.23076923076923078, ""confidence"": [0.12433052735658366, 0.3879587967459836], ""p_value"": 1.0, ""solo_contingency"": [[6, 20], [313, 24469]], ""contingency"": [[19, 26], [5506, 28954]]}",{}
NC00962.3,EMB-0.25-0.9-0.5,0.0,GARC1,RUS,EMB,embA@g-43c,U,{},"{""proportion"": 0.23255813953488372, ""confidence"": [0.14439196952822808, 0.35238679598190825], ""p_value"": 1.0, ""solo_contingency"": [[10, 33], [313, 24469]], ""contingency"": [[76, 40], [5449, 28940]]}",{}
NC00962.3,EMB-0.25-0.9-0.5,0.0,GARC1,RUS,EMB,embB@D1024N,U,{},"{""proportion"": 0.25806451612903225, ""confidence"": [0.17813514085309906, 0.3582260671895604], ""p_value"": 0.8836654480525064, ""solo_contingency"": [[16, 46], [313, 24469]], ""contingency"": [[122, 70], [5403, 28910]]}",{}
NC00962.3,EMB-0.25-0.9-0.5,0.0,GARC1,RUS,EMB,embA@c-12t,U,{},"{""proportion"": 0.2727272727272727, ""confidence"": [0.1980267312378409, 0.36285701055412806], ""p_value"": 0.6928567064640154, ""solo_contingency"": [[21, 56], [313, 24469]], ""contingency"": [[339, 112], [5186, 28868]]}",{}
NC00962.3,EMB-0.25-0.9-0.5,0.0,GARC1,RUS,EMB,embA@D1071E,U,{},"{""proportion"": 0.0, ""confidence"": [0.0, 0.7301340512159458], ""p_value"": 1.0, ""solo_contingency"": [[0, 1], [313, 24469]], ""contingency"": [[0, 1], [5525, 28979]]}",{}
NC00962.3,EMB-0.25-0.9-0.5,0.0,GARC1,RUS,EMB,embA@A813T,U,{},"{""proportion"": 0.0, ""confidence"": [0.0, 0.7301340512159458], ""p_value"": 1.0, ""solo_contingency"": [[0, 1], [313, 24469]], ""contingency"": [[0, 1], [5525, 28979]]}",{}
NC00962.3,EMB-0.25-0.9-0.5,0.0,GARC1,RUS,EMB,embB@V186L,U,{},"{""proportion"": 0.0, ""confidence"": [0.0, 0.40347862520270455], ""p_value"": 0.578125, ""solo_contingency"": [[0, 4], [313, 24469]], ""contingency"": [[0, 4], [5525, 28976]]}",{}
NC00962.3,EMB-0.25-0.9-0.5,0.0,GARC1,RUS,EMB,embA@K488N,U,{},"{""proportion"": 0.0, ""confidence"": [0.0, 0.40347862520270455], ""p_value"": 0.578125, ""solo_contingency"": [[0, 4], [313, 24469]], ""contingency"": [[0, 4], [5525, 28976]]}",{}
NC00962.3,EMB-0.25-0.9-0.5,0.0,GARC1,RUS,EMB,embA@c-16a,U,{},"{""proportion"": 0.3793103448275862, ""confidence"": [0.24749494914505163, 0.5317234701785317], ""p_value"": 0.13104120929350185, ""solo_contingency"": [[11, 18], [313, 24469]], ""contingency"": [[72, 26], [5453, 28954]]}",{}
NC00962.3,EMB-0.25-0.9-0.5,0.0,GARC1,RUS,EMB,embA@A576T,U,{},"{""proportion"": 0.0, ""confidence"": [0.0, 0.4741955741575127], ""p_value"": 1.0, ""solo_contingency"": [[0, 3], [313, 24469]], ""contingency"": [[39, 5], [5486, 28975]]}",{}
NC00962.3,EMB-0.25-0.9-0.5,0.0,GARC1,RUS,EMB,embB@N644I,U,{},"{""proportion"": 1.0, ""confidence"": [0.26986594878405434, 1.0000000000000002], ""p_value"": 0.25, ""solo_contingency"": [[1, 0], [313, 24469]], ""contingency"": [[1, 0], [5524, 28980]]}",{}
NC00962.3,EMB-0.25-0.9-0.5,0.0,GARC1,RUS,EMB,embA@T899A,U,{},"{""proportion"": 0.0, ""confidence"": [0.0, 0.4741955741575127], ""p_value"": 1.0, ""solo_contingency"": [[0, 3], [313, 24469]], ""contingency"": [[0, 3], [5525, 28977]]}",{}
NC00962.3,EMB-0.25-0.9-0.5,0.0,GARC1,RUS,EMB,embA@T100S,U,{},"{""proportion"": 0.0, ""confidence"": [0.0, 0.5749693909936535], ""p_value"": 1.0, ""solo_contingency"": [[0, 2], [313, 24469]], ""contingency"": [[0, 2], [5525, 28978]]}",{}
NC00962.3,EMB-0.25-0.9-0.5,0.0,GARC1,RUS,EMB,embB@D300G,U,{},"{""proportion"": 0.0, ""confidence"": [0.0, 0.5749693909936535], ""p_value"": 1.0, ""solo_contingency"": [[0, 2], [313, 24469]], ""contingency"": [[0, 2], [5525, 28978]]}",{}
NC00962.3,EMB-0.25-0.9-0.5,0.0,GARC1,RUS,EMB,embA@I196V,U,{},"{""proportion"": 0.0, ""confidence"": [0.0, 0.7301340512159458], ""p_value"": 1.0, ""solo_contingency"": [[0, 1], [313, 24469]], ""contingency"": [[0, 1], [5525, 28979]]}",{}
NC00962.3,EMB-0.25-0.9-0.5,0.0,GARC1,RUS,EMB,embA@V391L,U,{},"{""proportion"": 0.0, ""confidence"": [0.0, 0.5749693909936535], ""p_value"": 1.0, ""solo_contingency"": [[0, 2], [313, 24469]], ""contingency"": [[0, 2], [5525, 28978]]}",{}
NC00962.3,EMB-0.25-0.9-0.5,0.0,GARC1,RUS,EMB,embB@C361Y,U,{},"{""proportion"": 1.0, ""confidence"": [0.26986594878405434, 1.0000000000000002], ""p_value"": 0.25, ""solo_contingency"": [[1, 0], [313, 24469]], ""contingency"": [[1, 0], [5524, 28980]]}",{}
NC00962.3,EMB-0.25-0.9-0.5,0.0,GARC1,RUS,EMB,embA@I905V,U,{},"{""proportion"": 0.2, ""confidence"": [0.045962453880603965, 0.5647074465784567], ""p_value"": 1.0, ""solo_contingency"": [[1, 4], [313, 24469]], ""contingency"": [[6, 4], [5519, 28976]]}",{}
NC00962.3,EMB-0.25-0.9-0.5,0.0,GARC1,RUS,EMB,embB@Y319C,U,{},"{""proportion"": 0.35135135135135137, ""confidence"": [0.23645234309332877, 0.4865082552745697], ""p_value"": 0.18206099986303675, ""solo_contingency"": [[13, 24], [313, 24469]], ""contingency"": [[22, 25], [5503, 28955]]}",{}
NC00962.3,EMB-0.25-0.9-0.5,0.0,GARC1,RUS,EMB,embA@V63I,U,{},"{""proportion"": 0.0, ""confidence"": [0.0, 0.3511165007651012], ""p_value"": 0.34082031250000006, ""solo_contingency"": [[0, 5], [313, 24469]], ""contingency"": [[0, 5], [5525, 28975]]}",{}
NC00962.3,EMB-0.25-0.9-0.5,0.0,GARC1,RUS,EMB,embA@R940S,U,{},"{""proportion"": 0.0, ""confidence"": [0.0, 0.7301340512159458], ""p_value"": 1.0, ""solo_contingency"": [[0, 1], [313, 24469]], ""contingency"": [[0, 1], [5525, 28979]]}",{}
NC00962.3,EMB-0.25-0.9-0.5,0.0,GARC1,RUS,EMB,embA@g-76a,U,{},"{""proportion"": 0.0, ""confidence"": [0.0, 0.5749693909936535], ""p_value"": 1.0, ""solo_contingency"": [[0, 2], [313, 24469]], ""contingency"": [[0, 2], [5525, 28978]]}",{}
NC00962.3,EMB-0.25-0.9-0.5,0.0,GARC1,RUS,EMB,embA@G547S,U,{},"{""proportion"": 0.0, ""confidence"": [0.0, 0.40347862520270455], ""p_value"": 0.578125, ""solo_contingency"": [[0, 4], [313, 24469]], ""contingency"": [[0, 4], [5525, 28976]]}",{}
NC00962.3,EMB-0.25-0.9-0.5,0.0,GARC1,RUS,EMB,embA@A408S,U,{},"{""proportion"": 0.0, ""confidence"": [0.0, 0.25272359742376316], ""p_value"": 0.21392822265625003, ""solo_contingency"": [[0, 8], [313, 24469]], ""contingency"": [[0, 8], [5525, 28972]]}",{}
NC00962.3,EMB-0.25-0.9-0.5,0.0,GARC1,RUS,EMB,embB@T11P,U,{},"{""proportion"": 0.0, ""confidence"": [0.0, 0.5749693909936535], ""p_value"": 1.0, ""solo_contingency"": [[0, 2], [313, 24469]], ""contingency"": [[1, 6], [5524, 28974]]}",{}
NC00962.3,EMB-0.25-0.9-0.5,0.0,GARC1,RUS,EMB,embB@T208I,U,{},"{""proportion"": 0.0, ""confidence"": [0.0, 0.5749693909936535], ""p_value"": 1.0, ""solo_contingency"": [[0, 2], [313, 24469]], ""contingency"": [[0, 2], [5525, 28978]]}",{}
NC00962.3,EMB-0.25-0.9-0.5,0.0,GARC1,RUS,EMB,embB@M423I,U,{},"{""proportion"": 0.0, ""confidence"": [0.0, 0.5749693909936535], ""p_value"": 1.0, ""solo_contingency"": [[0, 2], [313, 24469]], ""contingency"": [[1, 2], [5524, 28978]]}",{}
NC00962.3,EMB-0.25-0.9-0.5,0.0,GARC1,RUS,EMB,embB@D869G,U,{},"{""proportion"": 0.0, ""confidence"": [0.0, 0.3511165007651012], ""p_value"": 0.34082031250000006, ""solo_contingency"": [[0, 5], [313, 24469]], ""contingency"": [[0, 8], [5525, 28972]]}",{}
NC00962.3,EMB-0.25-0.9-0.5,0.0,GARC1,RUS,EMB,embA@V280I,U,{},"{""proportion"": 0.0, ""confidence"": [0.0, 0.7301340512159458], ""p_value"": 1.0, ""solo_contingency"": [[0, 1], [313, 24469]], ""contingency"": [[0, 1], [5525, 28979]]}",{}
NC00962.3,EMB-0.25-0.9-0.5,0.0,GARC1,RUS,EMB,embA@A409P,U,{},"{""proportion"": 0.0, ""confidence"": [0.0, 0.31078398130591417], ""p_value"": 0.347412109375, ""solo_contingency"": [[0, 6], [313, 24469]], ""contingency"": [[0, 6], [5525, 28974]]}",{}
NC00962.3,EMB-0.25-0.9-0.5,0.0,GARC1,RUS,EMB,embB@A761V,U,{},"{""proportion"": 0.0, ""confidence"": [0.0, 0.5749693909936535], ""p_value"": 1.0, ""solo_contingency"": [[0, 2], [313, 24469]], ""contingency"": [[0, 2], [5525, 28978]]}",{}
NC00962.3,EMB-0.25-0.9-0.5,0.0,GARC1,RUS,EMB,embB@I883V,U,{},"{""proportion"": 0.0, ""confidence"": [0.0, 0.7301340512159458], ""p_value"": 1.0, ""solo_contingency"": [[0, 1], [313, 24469]], ""contingency"": [[0, 1], [5525, 28979]]}",{}
NC00962.3,EMB-0.25-0.9-0.5,0.0,GARC1,RUS,EMB,embA@L562M,U,{},"{""proportion"": 0.0, ""confidence"": [0.0, 0.7301340512159458], ""p_value"": 1.0, ""solo_contingency"": [[0, 1], [313, 24469]], ""contingency"": [[0, 1], [5525, 28979]]}",{}
NC00962.3,EMB-0.25-0.9-0.5,0.0,GARC1,RUS,EMB,embB@A379T,U,{},"{""proportion"": 0.0, ""confidence"": [0.0, 0.4741955741575127], ""p_value"": 1.0, ""solo_contingency"": [[0, 3], [313, 24469]], ""contingency"": [[0, 3], [5525, 28977]]}",{}
NC00962.3,EMB-0.25-0.9-0.5,0.0,GARC1,RUS,EMB,embA@T983N,U,{},"{""proportion"": 0.0, ""confidence"": [0.0, 0.7301340512159458], ""p_value"": 1.0, ""solo_contingency"": [[0, 1], [313, 24469]], ""contingency"": [[0, 1], [5525, 28979]]}",{}
NC00962.3,EMB-0.25-0.9-0.5,0.0,GARC1,RUS,EMB,embA@A835E,U,{},"{""proportion"": 0.0, ""confidence"": [0.0, 0.5749693909936535], ""p_value"": 1.0, ""solo_contingency"": [[0, 2], [313, 24469]], ""contingency"": [[0, 3], [5525, 28977]]}",{}
NC00962.3,EMB-0.25-0.9-0.5,0.0,GARC1,RUS,EMB,embB@R257Q,U,{},"{""proportion"": 0.0, ""confidence"": [0.0, 0.7301340512159458], ""p_value"": 1.0, ""solo_contingency"": [[0, 1], [313, 24469]], ""contingency"": [[0, 1], [5525, 28979]]}",{}
NC00962.3,EMB-0.25-0.9-0.5,0.0,GARC1,RUS,EMB,embB@M904I,U,{},"{""proportion"": 0.0, ""confidence"": [0.0, 0.5749693909936535], ""p_value"": 1.0, ""solo_contingency"": [[0, 2], [313, 24469]], ""contingency"": [[0, 2], [5525, 28978]]}",{}
NC00962.3,EMB-0.25-0.9-0.5,0.0,GARC1,RUS,EMB,embA@G154R,U,{},"{""proportion"": 0.0, ""confidence"": [0.0, 0.7301340512159458], ""p_value"": 1.0, ""solo_contingency"": [[0, 1], [313, 24469]], ""contingency"": [[0, 1], [5525, 28979]]}",{}
NC00962.3,EMB-0.25-0.9-0.5,0.0,GARC1,RUS,EMB,embB@A439V,U,{},"{""proportion"": 0.0, ""confidence"": [0.0, 0.5749693909936535], ""p_value"": 1.0, ""solo_contingency"": [[0, 2], [313, 24469]], ""contingency"": [[0, 3], [5525, 28977]]}",{}
NC00962.3,EMB-0.25-0.9-0.5,0.0,GARC1,RUS,EMB,embA@c-11a,U,{},"{""proportion"": 0.1875, ""confidence"": [0.07752937709440158, 0.38786974244785427], ""p_value"": 0.7748009348288178, ""solo_contingency"": [[3, 13], [313, 24469]], ""contingency"": [[88, 21], [5437, 28959]]}",{}
NC00962.3,EMB-0.25-0.9-0.5,0.0,GARC1,RUS,EMB,embB@M1000R,U,{},"{""proportion"": 0.25, ""confidence"": [0.05790732119985871, 0.6438319914014936], ""p_value"": 1.0, ""solo_contingency"": [[1, 3], [313, 24469]], ""contingency"": [[3, 3], [5522, 28977]]}",{}
NC00962.3,EMB-0.25-0.9-0.5,0.0,GARC1,RUS,EMB,embA@A985P,U,{},"{""proportion"": 0.0, ""confidence"": [0.0, 0.4741955741575127], ""p_value"": 1.0, ""solo_contingency"": [[0, 3], [313, 24469]], ""contingency"": [[0, 3], [5525, 28977]]}",{}
NC00962.3,EMB-0.25-0.9-0.5,0.0,GARC1,RUS,EMB,embB@A30T,U,{},"{""proportion"": 0.0, ""confidence"": [0.0, 0.4741955741575127], ""p_value"": 1.0, ""solo_contingency"": [[0, 3], [313, 24469]], ""contingency"": [[0, 3], [5525, 28977]]}",{}
NC00962.3,EMB-0.25-0.9-0.5,0.0,GARC1,RUS,EMB,embB@A679T,U,{},"{""proportion"": 0.0, ""confidence"": [0.0, 0.31078398130591417], ""p_value"": 0.347412109375, ""solo_contingency"": [[0, 6], [313, 24469]], ""contingency"": [[1, 8], [5524, 28972]]}",{}
NC00962.3,EMB-0.25-0.9-0.5,0.0,GARC1,RUS,EMB,embB@A457T,U,{},"{""proportion"": 0.0, ""confidence"": [0.0, 0.7301340512159458], ""p_value"": 1.0, ""solo_contingency"": [[0, 1], [313, 24469]], ""contingency"": [[1, 1], [5524, 28979]]}",{}
NC00962.3,EMB-0.25-0.9-0.5,0.0,GARC1,RUS,EMB,embA@P745L,U,{},"{""proportion"": 0.0, ""confidence"": [0.0, 0.7301340512159458], ""p_value"": 1.0, ""solo_contingency"": [[0, 1], [313, 24469]], ""contingency"": [[0, 1], [5525, 28979]]}",{}
NC00962.3,EMB-0.25-0.9-0.5,0.0,GARC1,RUS,EMB,embB@E405D,U,{},"{""proportion"": 0.5, ""confidence"": [0.26927182113826725, 0.7307281788617328], ""p_value"": 0.1344404220581055, ""solo_contingency"": [[5, 5], [313, 24469]], ""contingency"": [[34, 5], [5491, 28975]]}",{}
NC00962.3,EMB-0.25-0.9-0.5,0.0,GARC1,RUS,EMB,embB@Y319D,U,{},"{""proportion"": 0.4, ""confidence"": [0.1427064720192132, 0.7275168281338072], ""p_value"": 0.6044921875, ""solo_contingency"": [[2, 3], [313, 24469]], ""contingency"": [[2, 4], [5523, 28976]]}",{}
NC00962.3,EMB-0.25-0.9-0.5,0.0,GARC1,RUS,EMB,embA@L653P,U,{},"{""proportion"": 1.0, ""confidence"": [0.26986594878405434, 1.0000000000000002], ""p_value"": 0.25, ""solo_contingency"": [[1, 0], [313, 24469]], ""contingency"": [[2, 0], [5523, 28980]]}",{}
NC00962.3,EMB-0.25-0.9-0.5,0.0,GARC1,RUS,EMB,embB@H687Y,U,{},"{""proportion"": 0.0, ""confidence"": [0.0, 0.5749693909936535], ""p_value"": 1.0, ""solo_contingency"": [[0, 2], [313, 24469]], ""contingency"": [[0, 2], [5525, 28978]]}",{}
NC00962.3,EMB-0.25-0.9-0.5,0.0,GARC1,RUS,EMB,embB@S412L,U,{},"{""proportion"": 0.0, ""confidence"": [0.0, 0.7301340512159458], ""p_value"": 1.0, ""solo_contingency"": [[0, 1], [313, 24469]], ""contingency"": [[0, 1], [5525, 28979]]}",{}
NC00962.3,EMB-0.25-0.9-0.5,0.0,GARC1,RUS,EMB,embA@K1012M,U,{},"{""proportion"": 0.0, ""confidence"": [0.0, 0.7301340512159458], ""p_value"": 1.0, ""solo_contingency"": [[0, 1], [313, 24469]], ""contingency"": [[0, 1], [5525, 28979]]}",{}
NC00962.3,EMB-0.25-0.9-0.5,0.0,GARC1,RUS,EMB,embB@V963M,U,{},"{""proportion"": 0.0, ""confidence"": [0.0, 0.7301340512159458], ""p_value"": 1.0, ""solo_contingency"": [[0, 1], [313, 24469]], ""contingency"": [[0, 1], [5525, 28979]]}",{}
NC00962.3,EMB-0.25-0.9-0.5,0.0,GARC1,RUS,EMB,embA@R11W,U,{},"{""proportion"": 0.0, ""confidence"": [0.0, 0.7301340512159458], ""p_value"": 1.0, ""solo_contingency"": [[0, 1], [313, 24469]], ""contingency"": [[1, 1], [5524, 28979]]}",{}
NC00962.3,EMB-0.25-0.9-0.5,0.0,GARC1,RUS,EMB,embA@g-75c,U,{},"{""proportion"": 0.0, ""confidence"": [0.0, 0.4741955741575127], ""p_value"": 1.0, ""solo_contingency"": [[0, 3], [313, 24469]], ""contingency"": [[0, 3], [5525, 28977]]}",{}
NC00962.3,EMB-0.25-0.9-0.5,0.0,GARC1,RUS,EMB,embB@A720V,U,{},"{""proportion"": 0.0, ""confidence"": [0.0, 0.7301340512159458], ""p_value"": 1.0, ""solo_contingency"": [[0, 1], [313, 24469]], ""contingency"": [[0, 1], [5525, 28979]]}",{}
NC00962.3,EMB-0.25-0.9-0.5,0.0,GARC1,RUS,EMB,embA@G1083D,U,{},"{""proportion"": 0.0, ""confidence"": [0.0, 0.7301340512159458], ""p_value"": 1.0, ""solo_contingency"": [[0, 1], [313, 24469]], ""contingency"": [[0, 1], [5525, 28979]]}",{}
NC00962.3,EMB-0.25-0.9-0.5,0.0,GARC1,RUS,EMB,embA@A974T,U,{},"{""proportion"": 0.0, ""confidence"": [0.0, 0.7301340512159458], ""p_value"": 1.0, ""solo_contingency"": [[0, 1], [313, 24469]], ""contingency"": [[0, 1], [5525, 28979]]}",{}
NC00962.3,EMB-0.25-0.9-0.5,0.0,GARC1,RUS,EMB,embB@Q497E,U,{},"{""proportion"": 0.0, ""confidence"": [0.0, 0.7301340512159458], ""p_value"": 1.0, ""solo_contingency"": [[0, 1], [313, 24469]], ""contingency"": [[0, 1], [5525, 28979]]}",{}
NC00962.3,EMB-0.25-0.9-0.5,0.0,GARC1,RUS,EMB,embA@A483T,U,{},"{""proportion"": 0.0, ""confidence"": [0.0, 0.5749693909936535], ""p_value"": 1.0, ""solo_contingency"": [[0, 2], [313, 24469]], ""contingency"": [[0, 2], [5525, 28978]]}",{}
NC00962.3,EMB-0.25-0.9-0.5,0.0,GARC1,RUS,EMB,embB@K107E,U,{},"{""proportion"": 0.0, ""confidence"": [0.0, 0.7301340512159458], ""p_value"": 1.0, ""solo_contingency"": [[0, 1], [313, 24469]], ""contingency"": [[0, 1], [5525, 28979]]}",{}
NC00962.3,EMB-0.25-0.9-0.5,0.0,GARC1,RUS,EMB,embB@H872Y,U,{},"{""proportion"": 0.0, ""confidence"": [0.0, 0.7301340512159458], ""p_value"": 1.0, ""solo_contingency"": [[0, 1], [313, 24469]], ""contingency"": [[0, 1], [5525, 28979]]}",{}
NC00962.3,EMB-0.25-0.9-0.5,0.0,GARC1,RUS,EMB,embA@S654L,U,{},"{""proportion"": 0.0, ""confidence"": [0.0, 0.7301340512159458], ""p_value"": 1.0, ""solo_contingency"": [[0, 1], [313, 24469]], ""contingency"": [[0, 1], [5525, 28979]]}",{}
NC00962.3,EMB-0.25-0.9-0.5,0.0,GARC1,RUS,EMB,embA@D235N,U,{},"{""proportion"": 0.0, ""confidence"": [0.0, 0.7301340512159458], ""p_value"": 1.0, ""solo_contingency"": [[0, 1], [313, 24469]], ""contingency"": [[0, 1], [5525, 28979]]}",{}
NC00962.3,EMB-0.25-0.9-0.5,0.0,GARC1,RUS,EMB,embB@A225E,U,{},"{""proportion"": 0.0, ""confidence"": [0.0, 0.7301340512159458], ""p_value"": 1.0, ""solo_contingency"": [[0, 1], [313, 24469]], ""contingency"": [[0, 1], [5525, 28979]]}",{}
NC00962.3,EMB-0.25-0.9-0.5,0.0,GARC1,RUS,EMB,embA@Q47H,U,{},"{""proportion"": 0.0, ""confidence"": [0.0, 0.5749693909936535], ""p_value"": 1.0, ""solo_contingency"": [[0, 2], [313, 24469]], ""contingency"": [[0, 2], [5525, 28978]]}",{}
NC00962.3,EMB-0.25-0.9-0.5,0.0,GARC1,RUS,EMB,embA@G275S,U,{},"{""proportion"": 0.0, ""confidence"": [0.0, 0.5749693909936535], ""p_value"": 1.0, ""solo_contingency"": [[0, 2], [313, 24469]], ""contingency"": [[0, 2], [5525, 28978]]}",{}
NC00962.3,EMB-0.25-0.9-0.5,0.0,GARC1,RUS,EMB,embB@A495T,U,{},"{""proportion"": 0.0, ""confidence"": [0.0, 0.7301340512159458], ""p_value"": 1.0, ""solo_contingency"": [[0, 1], [313, 24469]], ""contingency"": [[0, 1], [5525, 28979]]}",{}
NC00962.3,EMB-0.25-0.9-0.5,0.0,GARC1,RUS,EMB,embA@A95T,U,{},"{""proportion"": 0.0, ""confidence"": [0.0, 0.7301340512159458], ""p_value"": 1.0, ""solo_contingency"": [[0, 1], [313, 24469]], ""contingency"": [[0, 1], [5525, 28979]]}",{}
NC00962.3,EMB-0.25-0.9-0.5,0.0,GARC1,RUS,EMB,embA@A686S,U,{},"{""proportion"": 0.0, ""confidence"": [0.0, 0.7301340512159458], ""p_value"": 1.0, ""solo_contingency"": [[0, 1], [313, 24469]], ""contingency"": [[0, 1], [5525, 28979]]}",{}
NC00962.3,EMB-0.25-0.9-0.5,0.0,GARC1,RUS,EMB,embB@K765N,U,{},"{""proportion"": 0.0, ""confidence"": [0.0, 0.7301340512159458], ""p_value"": 1.0, ""solo_contingency"": [[0, 1], [313, 24469]], ""contingency"": [[0, 1], [5525, 28979]]}",{}
NC00962.3,EMB-0.25-0.9-0.5,0.0,GARC1,RUS,EMB,embB@V116I,U,{},"{""proportion"": 0.0, ""confidence"": [0.0, 0.7301340512159458], ""p_value"": 1.0, ""solo_contingency"": [[0, 1], [313, 24469]], ""contingency"": [[0, 1], [5525, 28979]]}",{}
NC00962.3,EMB-0.25-0.9-0.5,0.0,GARC1,RUS,EMB,embA@A874T,U,{},"{""proportion"": 0.0, ""confidence"": [0.0, 0.7301340512159458], ""p_value"": 1.0, ""solo_contingency"": [[0, 1], [313, 24469]], ""contingency"": [[0, 1], [5525, 28979]]}",{}
NC00962.3,EMB-0.25-0.9-0.5,0.0,GARC1,RUS,EMB,embA@V607M,U,{},"{""proportion"": 0.0, ""confidence"": [0.0, 0.40347862520270455], ""p_value"": 0.578125, ""solo_contingency"": [[0, 4], [313, 24469]], ""contingency"": [[0, 4], [5525, 28976]]}",{}
NC00962.3,EMB-0.25-0.9-0.5,0.0,GARC1,RUS,EMB,embB@V444M,U,{},"{""proportion"": 0.0, ""confidence"": [0.0, 0.7301340512159458], ""p_value"": 1.0, ""solo_contingency"": [[0, 1], [313, 24469]], ""contingency"": [[1, 1], [5524, 28979]]}",{}
NC00962.3,EMB-0.25-0.9-0.5,0.0,GARC1,RUS,EMB,embA@P714S,U,{},"{""proportion"": 1.0, ""confidence"": [0.26986594878405434, 1.0000000000000002], ""p_value"": 0.25, ""solo_contingency"": [[1, 0], [313, 24469]], ""contingency"": [[1, 0], [5524, 28980]]}",{}
NC00962.3,EMB-0.25-0.9-0.5,0.0,GARC1,RUS,EMB,embB@V123A,U,{},"{""proportion"": 0.0, ""confidence"": [0.0, 0.7301340512159458], ""p_value"": 1.0, ""solo_contingency"": [[0, 1], [313, 24469]], ""contingency"": [[0, 1], [5525, 28979]]}",{}
NC00962.3,EMB-0.25-0.9-0.5,0.0,GARC1,RUS,EMB,embA@R380L,U,{},"{""proportion"": 0.0, ""confidence"": [0.0, 0.7301340512159458], ""p_value"": 1.0, ""solo_contingency"": [[0, 1], [313, 24469]], ""contingency"": [[1, 1], [5524, 28979]]}",{}
NC00962.3,EMB-0.25-0.9-0.5,0.0,GARC1,RUS,EMB,embB@G65S,U,{},"{""proportion"": 0.0, ""confidence"": [0.0, 0.4741955741575127], ""p_value"": 1.0, ""solo_contingency"": [[0, 3], [313, 24469]], ""contingency"": [[0, 3], [5525, 28977]]}",{}
NC00962.3,EMB-0.25-0.9-0.5,0.0,GARC1,RUS,EMB,embB@P866S,U,{},"{""proportion"": 0.0, ""confidence"": [0.0, 0.7301340512159458], ""p_value"": 1.0, ""solo_contingency"": [[0, 1], [313, 24469]], ""contingency"": [[0, 1], [5525, 28979]]}",{}
NC00962.3,EMB-0.25-0.9-0.5,0.0,GARC1,RUS,EMB,embA@S309A,U,{},"{""proportion"": 0.0, ""confidence"": [0.0, 0.7301340512159458], ""p_value"": 1.0, ""solo_contingency"": [[0, 1], [313, 24469]], ""contingency"": [[0, 1], [5525, 28979]]}",{}
NC00962.3,EMB-0.25-0.9-0.5,0.0,GARC1,RUS,EMB,embB@T126N,U,{},"{""proportion"": 0.0, ""confidence"": [0.0, 0.7301340512159458], ""p_value"": 1.0, ""solo_contingency"": [[0, 1], [313, 24469]], ""contingency"": [[0, 1], [5525, 28979]]}",{}
NC00962.3,EMB-0.25-0.9-0.5,0.0,GARC1,RUS,EMB,embB@P824L,U,{},"{""proportion"": 0.0, ""confidence"": [0.0, 0.5749693909936535], ""p_value"": 1.0, ""solo_contingency"": [[0, 2], [313, 24469]], ""contingency"": [[0, 2], [5525, 28978]]}",{}
NC00962.3,EMB-0.25-0.9-0.5,0.0,GARC1,RUS,EMB,embA@V1074A,U,{},"{""proportion"": 0.0, ""confidence"": [0.0, 0.7301340512159458], ""p_value"": 1.0, ""solo_contingency"": [[0, 1], [313, 24469]], ""contingency"": [[0, 1], [5525, 28979]]}",{}
NC00962.3,EMB-0.25-0.9-0.5,0.0,GARC1,RUS,EMB,embB@G374E,U,{},"{""proportion"": 0.0, ""confidence"": [0.0, 0.7301340512159458], ""p_value"": 1.0, ""solo_contingency"": [[0, 1], [313, 24469]], ""contingency"": [[0, 2], [5525, 28978]]}",{}
NC00962.3,EMB-0.25-0.9-0.5,0.0,GARC1,RUS,EMB,embA@K816N,U,{},"{""proportion"": 0.0, ""confidence"": [0.0, 0.5749693909936535], ""p_value"": 1.0, ""solo_contingency"": [[0, 2], [313, 24469]], ""contingency"": [[0, 2], [5525, 28978]]}",{}
NC00962.3,EMB-0.25-0.9-0.5,0.0,GARC1,RUS,EMB,embB@A33P,U,{},"{""proportion"": 0.0, ""confidence"": [0.0, 0.7301340512159458], ""p_value"": 1.0, ""solo_contingency"": [[0, 1], [313, 24469]], ""contingency"": [[0, 1], [5525, 28979]]}",{}
NC00962.3,EMB-0.25-0.9-0.5,0.0,GARC1,RUS,EMB,embA@Y289C,U,{},"{""proportion"": 0.0, ""confidence"": [0.0, 0.7301340512159458], ""p_value"": 1.0, ""solo_contingency"": [[0, 1], [313, 24469]], ""contingency"": [[0, 1], [5525, 28979]]}",{}
NC00962.3,EMB-0.25-0.9-0.5,0.0,GARC1,RUS,EMB,embB@T216A,U,{},"{""proportion"": 0.0, ""confidence"": [0.0, 0.5749693909936535], ""p_value"": 1.0, ""solo_contingency"": [[0, 2], [313, 24469]], ""contingency"": [[0, 2], [5525, 28978]]}",{}
NC00962.3,EMB-0.25-0.9-0.5,0.0,GARC1,RUS,EMB,embA@R325C,U,{},"{""proportion"": 0.0, ""confidence"": [0.0, 0.7301340512159458], ""p_value"": 1.0, ""solo_contingency"": [[0, 1], [313, 24469]], ""contingency"": [[0, 1], [5525, 28979]]}",{}
NC00962.3,EMB-0.25-0.9-0.5,0.0,GARC1,RUS,EMB,embA@P1094T,U,{},"{""proportion"": 0.0, ""confidence"": [0.0, 0.7301340512159458], ""p_value"": 1.0, ""solo_contingency"": [[0, 1], [313, 24469]], ""contingency"": [[0, 1], [5525, 28979]]}",{}
NC00962.3,EMB-0.25-0.9-0.5,0.0,GARC1,RUS,EMB,embB@M586V,U,{},"{""proportion"": 0.0, ""confidence"": [0.0, 0.7301340512159458], ""p_value"": 1.0, ""solo_contingency"": [[0, 1], [313, 24469]], ""contingency"": [[0, 1], [5525, 28979]]}",{}
NC00962.3,EMB-0.25-0.9-0.5,0.0,GARC1,RUS,EMB,embB@P983T,U,{},"{""proportion"": 0.0, ""confidence"": [0.0, 0.7301340512159458], ""p_value"": 1.0, ""solo_contingency"": [[0, 1], [313, 24469]], ""contingency"": [[0, 1], [5525, 28979]]}",{}
NC00962.3,EMB-0.25-0.9-0.5,0.0,GARC1,RUS,EMB,embA@A148E,U,{},"{""proportion"": 0.0, ""confidence"": [0.0, 0.7301340512159458], ""p_value"": 1.0, ""solo_contingency"": [[0, 1], [313, 24469]], ""contingency"": [[0, 1], [5525, 28979]]}",{}
NC00962.3,EMB-0.25-0.9-0.5,0.0,GARC1,RUS,EMB,embA@-41_del_a,U,{},"{""proportion"": 0.0, ""confidence"": [0.0, 0.7301340512159458], ""p_value"": 1.0, ""solo_contingency"": [[0, 1], [313, 24469]], ""contingency"": [[13, 1], [5512, 28979]]}",{}
NC00962.3,EMB-0.25-0.9-0.5,0.0,GARC1,RUS,EMB,embB@D870N,U,{},"{""proportion"": 0.0, ""confidence"": [0.0, 0.4741955741575127], ""p_value"": 1.0, ""solo_contingency"": [[0, 3], [313, 24469]], ""contingency"": [[0, 3], [5525, 28977]]}",{}
NC00962.3,EMB-0.25-0.9-0.5,0.0,GARC1,RUS,EMB,embB@A601P,U,{},"{""proportion"": 0.0, ""confidence"": [0.0, 0.7301340512159458], ""p_value"": 1.0, ""solo_contingency"": [[0, 1], [313, 24469]], ""contingency"": [[0, 2], [5525, 28978]]}",{}
NC00962.3,EMB-0.25-0.9-0.5,0.0,GARC1,RUS,EMB,embB@W332R,U,{},"{""proportion"": 0.4, ""confidence"": [0.1427064720192132, 0.7275168281338072], ""p_value"": 0.6044921875, ""solo_contingency"": [[2, 3], [313, 24469]], ""contingency"": [[6, 6], [5519, 28974]]}",{}
NC00962.3,EMB-0.25-0.9-0.5,0.0,GARC1,RUS,EMB,embB@T849A,U,{},"{""proportion"": 0.0, ""confidence"": [0.0, 0.40347862520270455], ""p_value"": 0.578125, ""solo_contingency"": [[0, 4], [313, 24469]], ""contingency"": [[0, 4], [5525, 28976]]}",{}
NC00962.3,EMB-0.25-0.9-0.5,0.0,GARC1,RUS,EMB,embA@I155V,U,{},"{""proportion"": 0.0, ""confidence"": [0.0, 0.278762695452542], ""p_value"": 0.20404052734375, ""solo_contingency"": [[0, 7], [313, 24469]], ""contingency"": [[0, 7], [5525, 28973]]}",{}
NC00962.3,EMB-0.25-0.9-0.5,0.0,GARC1,RUS,EMB,embB@A388S,U,{},"{""proportion"": 0.0, ""confidence"": [0.0, 0.7301340512159458], ""p_value"": 1.0, ""solo_contingency"": [[0, 1], [313, 24469]], ""contingency"": [[0, 1], [5525, 28979]]}",{}
NC00962.3,EMB-0.25-0.9-0.5,0.0,GARC1,RUS,EMB,embB@R182L,U,{},"{""proportion"": 0.0, ""confidence"": [0.0, 0.7301340512159458], ""p_value"": 1.0, ""solo_contingency"": [[0, 1], [313, 24469]], ""contingency"": [[0, 1], [5525, 28979]]}",{}
NC00962.3,EMB-0.25-0.9-0.5,0.0,GARC1,RUS,EMB,embB@R14Q,U,{},"{""proportion"": 0.16666666666666666, ""confidence"": [0.038105570079342885, 0.5024170841245998], ""p_value"": 1.0, ""solo_contingency"": [[1, 5], [313, 24469]], ""contingency"": [[6, 9], [5519, 28971]]}",{}
NC00962.3,EMB-0.25-0.9-0.5,0.0,GARC1,RUS,EMB,embB@S22P,U,{},"{""proportion"": 0.0, ""confidence"": [0.0, 0.7301340512159458], ""p_value"": 1.0, ""solo_contingency"": [[0, 1], [313, 24469]], ""contingency"": [[0, 1], [5525, 28979]]}",{}
NC00962.3,EMB-0.25-0.9-0.5,0.0,GARC1,RUS,EMB,embB@S651N,U,{},"{""proportion"": 1.0, ""confidence"": [0.26986594878405434, 1.0000000000000002], ""p_value"": 0.25, ""solo_contingency"": [[1, 0], [313, 24469]], ""contingency"": [[1, 0], [5524, 28980]]}",{}
NC00962.3,EMB-0.25-0.9-0.5,0.0,GARC1,RUS,EMB,embA@E7K,U,{},"{""proportion"": 0.0, ""confidence"": [0.0, 0.31078398130591417], ""p_value"": 0.347412109375, ""solo_contingency"": [[0, 6], [313, 24469]], ""contingency"": [[0, 6], [5525, 28974]]}",{}
NC00962.3,EMB-0.25-0.9-0.5,0.0,GARC1,RUS,EMB,embB@A102S,U,{},"{""proportion"": 0.0, ""confidence"": [0.0, 0.7301340512159458], ""p_value"": 1.0, ""solo_contingency"": [[0, 1], [313, 24469]], ""contingency"": [[0, 1], [5525, 28979]]}",{}
NC00962.3,EMB-0.25-0.9-0.5,0.0,GARC1,RUS,EMB,embB@P404S,U,{},"{""proportion"": 0.3333333333333333, ""confidence"": [0.1172760941022896, 0.6529852329996817], ""p_value"": 0.64404296875, ""solo_contingency"": [[2, 4], [313, 24469]], ""contingency"": [[2, 5], [5523, 28975]]}",{}
NC00962.3,EMB-0.25-0.9-0.5,0.0,GARC1,RUS,EMB,embB@P818L,U,{},"{""proportion"": 0.0, ""confidence"": [0.0, 0.7301340512159458], ""p_value"": 1.0, ""solo_contingency"": [[0, 1], [313, 24469]], ""contingency"": [[0, 1], [5525, 28979]]}",{}
NC00962.3,EMB-0.25-0.9-0.5,0.0,GARC1,RUS,EMB,embB@V618M,U,{},"{""proportion"": 0.07142857142857142, ""confidence"": [0.016099895800737347, 0.2655756729723237], ""p_value"": 0.21263734251260757, ""solo_contingency"": [[1, 13], [313, 24469]], ""contingency"": [[1, 16], [5524, 28964]]}",{}
NC00962.3,EMB-0.25-0.9-0.5,0.0,GARC1,RUS,EMB,embB@F398L,U,{},"{""proportion"": 0.0, ""confidence"": [0.0, 0.7301340512159458], ""p_value"": 1.0, ""solo_contingency"": [[0, 1], [313, 24469]], ""contingency"": [[0, 1], [5525, 28979]]}",{}
NC00962.3,EMB-0.25-0.9-0.5,0.0,GARC1,RUS,EMB,embB@P103T,U,{},"{""proportion"": 0.0, ""confidence"": [-2.1340331742842984e-17, 0.2311335193197566], ""p_value"": 0.12401199340820315, ""solo_contingency"": [[0, 9], [313, 24469]], ""contingency"": [[0, 9], [5525, 28971]]}",{}
NC00962.3,EMB-0.25-0.9-0.5,0.0,GARC1,RUS,EMB,embB@V417A,U,{},"{""proportion"": 0.0, ""confidence"": [0.0, 0.4741955741575127], ""p_value"": 1.0, ""solo_contingency"": [[0, 3], [313, 24469]], ""contingency"": [[0, 3], [5525, 28977]]}",{}
NC00962.3,EMB-0.25-0.9-0.5,0.0,GARC1,RUS,EMB,embB@E138K,U,{},"{""proportion"": 0.0, ""confidence"": [0.0, 0.7301340512159458], ""p_value"": 1.0, ""solo_contingency"": [[0, 1], [313, 24469]], ""contingency"": [[0, 1], [5525, 28979]]}",{}
NC00962.3,EMB-0.25-0.9-0.5,0.0,GARC1,RUS,EMB,embB@D328G,U,{},"{""proportion"": 0.0, ""confidence"": [0.0, 0.5749693909936535], ""p_value"": 1.0, ""solo_contingency"": [[0, 2], [313, 24469]], ""contingency"": [[36, 11], [5489, 28969]]}",{}
NC00962.3,EMB-0.25-0.9-0.5,0.0,GARC1,RUS,EMB,embA@S77P,U,{},"{""proportion"": 0.0, ""confidence"": [0.0, 0.4741955741575127], ""p_value"": 1.0, ""solo_contingency"": [[0, 3], [313, 24469]], ""contingency"": [[0, 3], [5525, 28977]]}",{}
NC00962.3,EMB-0.25-0.9-0.5,0.0,GARC1,RUS,EMB,embB@M396I,U,{},"{""proportion"": 0.0, ""confidence"": [0.0, 0.7301340512159458], ""p_value"": 1.0, ""solo_contingency"": [[0, 1], [313, 24469]], ""contingency"": [[1, 2], [5524, 28978]]}",{}
NC00962.3,EMB-0.25-0.9-0.5,0.0,GARC1,RUS,EMB,embB@A5G,U,{},"{""proportion"": 0.25, ""confidence"": [0.05790732119985871, 0.6438319914014936], ""p_value"": 1.0, ""solo_contingency"": [[1, 3], [313, 24469]], ""contingency"": [[4, 6], [5521, 28974]]}",{}
NC00962.3,EMB-0.25-0.9-0.5,0.0,GARC1,RUS,EMB,embB@V131M,U,{},"{""proportion"": 0.0, ""confidence"": [0.0, 0.3511165007651012], ""p_value"": 0.34082031250000006, ""solo_contingency"": [[0, 5], [313, 24469]], ""contingency"": [[0, 27], [5525, 28953]]}",{}
NC00962.3,EMB-0.25-0.9-0.5,0.0,GARC1,RUS,EMB,embB@A1083E,U,{},"{""proportion"": 0.0, ""confidence"": [0.0, 0.7301340512159458], ""p_value"": 1.0, ""solo_contingency"": [[0, 1], [313, 24469]], ""contingency"": [[0, 1], [5525, 28979]]}",{}
NC00962.3,EMB-0.25-0.9-0.5,0.0,GARC1,RUS,EMB,embA@P901Q,U,{},"{""proportion"": 0.0, ""confidence"": [0.0, 0.7301340512159458], ""p_value"": 1.0, ""solo_contingency"": [[0, 1], [313, 24469]], ""contingency"": [[0, 1], [5525, 28979]]}",{}
NC00962.3,EMB-0.25-0.9-0.5,0.0,GARC1,RUS,EMB,embA@R229S,U,{},"{""proportion"": 0.0, ""confidence"": [0.0, 0.7301340512159458], ""p_value"": 1.0, ""solo_contingency"": [[0, 1], [313, 24469]], ""contingency"": [[1, 1], [5524, 28979]]}",{}
NC00962.3,EMB-0.25-0.9-0.5,0.0,GARC1,RUS,EMB,embA@N722D,U,{},"{""proportion"": 0.0, ""confidence"": [0.0, 0.7301340512159458], ""p_value"": 1.0, ""solo_contingency"": [[0, 1], [313, 24469]], ""contingency"": [[0, 1], [5525, 28979]]}",{}
NC00962.3,EMB-0.25-0.9-0.5,0.0,GARC1,RUS,EMB,embB@S347I,U,{},"{""proportion"": 0.25, ""confidence"": [0.05790732119985871, 0.6438319914014936], ""p_value"": 1.0, ""solo_contingency"": [[1, 3], [313, 24469]], ""contingency"": [[4, 3], [5521, 28977]]}",{}
NC00962.3,EMB-0.25-0.9-0.5,0.0,GARC1,RUS,EMB,embB@V77I,U,{},"{""proportion"": 0.0, ""confidence"": [0.0, 0.4741955741575127], ""p_value"": 1.0, ""solo_contingency"": [[0, 3], [313, 24469]], ""contingency"": [[1, 3], [5524, 28977]]}",{}
NC00962.3,EMB-0.25-0.9-0.5,0.0,GARC1,RUS,EMB,embA@A331S,U,{},"{""proportion"": 0.0, ""confidence"": [0.0, 0.7301340512159458], ""p_value"": 1.0, ""solo_contingency"": [[0, 1], [313, 24469]], ""contingency"": [[0, 1], [5525, 28979]]}",{}
NC00962.3,EMB-0.25-0.9-0.5,0.0,GARC1,RUS,EMB,embA@V98L,U,{},"{""proportion"": 0.0, ""confidence"": [0.0, 0.5749693909936535], ""p_value"": 1.0, ""solo_contingency"": [[0, 2], [313, 24469]], ""contingency"": [[0, 2], [5525, 28978]]}",{}
NC00962.3,EMB-0.25-0.9-0.5,0.0,GARC1,RUS,EMB,embB@I32T,U,{},"{""proportion"": 0.0, ""confidence"": [0.0, 0.40347862520270455], ""p_value"": 0.578125, ""solo_contingency"": [[0, 4], [313, 24469]], ""contingency"": [[0, 4], [5525, 28976]]}",{}
NC00962.3,EMB-0.25-0.9-0.5,0.0,GARC1,RUS,EMB,embB@T643P,U,{},"{""proportion"": 0.0, ""confidence"": [0.0, 0.7301340512159458], ""p_value"": 1.0, ""solo_contingency"": [[0, 1], [313, 24469]], ""contingency"": [[0, 1], [5525, 28979]]}",{}
NC00962.3,EMB-0.25-0.9-0.5,0.0,GARC1,RUS,EMB,embA@P838L,U,{},"{""proportion"": 0.0, ""confidence"": [0.0, 0.4741955741575127], ""p_value"": 1.0, ""solo_contingency"": [[0, 3], [313, 24469]], ""contingency"": [[0, 3], [5525, 28977]]}",{}
NC00962.3,EMB-0.25-0.9-0.5,0.0,GARC1,RUS,EMB,embA@D678A,U,{},"{""proportion"": 0.0, ""confidence"": [0.0, 0.7301340512159458], ""p_value"": 1.0, ""solo_contingency"": [[0, 1], [313, 24469]], ""contingency"": [[0, 1], [5525, 28979]]}",{}
NC00962.3,EMB-0.25-0.9-0.5,0.0,GARC1,RUS,EMB,embB@M575R,U,{},"{""proportion"": 0.0, ""confidence"": [0.0, 0.5749693909936535], ""p_value"": 1.0, ""solo_contingency"": [[0, 2], [313, 24469]], ""contingency"": [[0, 2], [5525, 28978]]}",{}
NC00962.3,EMB-0.25-0.9-0.5,0.0,GARC1,RUS,EMB,embA@V531L,U,{},"{""proportion"": 0.125, ""confidence"": [0.028399323737810202, 0.41114337433001213], ""p_value"": 0.68853759765625, ""solo_contingency"": [[1, 7], [313, 24469]], ""contingency"": [[4, 13], [5521, 28967]]}",{}
NC00962.3,EMB-0.25-0.9-0.5,0.0,GARC1,RUS,EMB,embA@P976L,U,{},"{""proportion"": 0.0, ""confidence"": [0.0, 0.7301340512159458], ""p_value"": 1.0, ""solo_contingency"": [[0, 1], [313, 24469]], ""contingency"": [[0, 1], [5525, 28979]]}",{}
NC00962.3,EMB-0.25-0.9-0.5,0.0,GARC1,RUS,EMB,embB@S650P,U,{},"{""proportion"": 0.0, ""confidence"": [0.0, 0.7301340512159458], ""p_value"": 1.0, ""solo_contingency"": [[0, 1], [313, 24469]], ""contingency"": [[0, 1], [5525, 28979]]}",{}
NC00962.3,EMB-0.25-0.9-0.5,0.0,GARC1,RUS,EMB,embA@Q858R,U,{},"{""proportion"": 0.0, ""confidence"": [0.0, 0.5749693909936535], ""p_value"": 1.0, ""solo_contingency"": [[0, 2], [313, 24469]], ""contingency"": [[1, 2], [5524, 28978]]}",{}
NC00962.3,EMB-0.25-0.9-0.5,0.0,GARC1,RUS,EMB,embA@P1094S,U,{},"{""proportion"": 0.0, ""confidence"": [0.0, 0.4741955741575127], ""p_value"": 1.0, ""solo_contingency"": [[0, 3], [313, 24469]], ""contingency"": [[0, 3], [5525, 28977]]}",{}
NC00962.3,EMB-0.25-0.9-0.5,0.0,GARC1,RUS,EMB,embB@R173C,U,{},"{""proportion"": 0.0, ""confidence"": [0.0, 0.7301340512159458], ""p_value"": 1.0, ""solo_contingency"": [[0, 1], [313, 24469]], ""contingency"": [[0, 1], [5525, 28979]]}",{}
NC00962.3,EMB-0.25-0.9-0.5,0.0,GARC1,RUS,EMB,embA@R472L,U,{},"{""proportion"": 0.0, ""confidence"": [0.0, 0.5749693909936535], ""p_value"": 1.0, ""solo_contingency"": [[0, 2], [313, 24469]], ""contingency"": [[0, 2], [5525, 28978]]}",{}
NC00962.3,EMB-0.25-0.9-0.5,0.0,GARC1,RUS,EMB,embB@T157I,U,{},"{""proportion"": 0.0, ""confidence"": [0.0, 0.3511165007651012], ""p_value"": 0.34082031250000006, ""solo_contingency"": [[0, 5], [313, 24469]], ""contingency"": [[0, 5], [5525, 28975]]}",{}
NC00962.3,EMB-0.25-0.9-0.5,0.0,GARC1,RUS,EMB,embA@P548L,U,{},"{""proportion"": 0.0, ""confidence"": [0.0, 0.7301340512159458], ""p_value"": 1.0, ""solo_contingency"": [[0, 1], [313, 24469]], ""contingency"": [[0, 1], [5525, 28979]]}",{}
NC00962.3,EMB-0.25-0.9-0.5,0.0,GARC1,RUS,EMB,embA@L459R,U,{},"{""proportion"": 0.0, ""confidence"": [0.0, 0.7301340512159458], ""p_value"": 1.0, ""solo_contingency"": [[0, 1], [313, 24469]], ""contingency"": [[1, 2], [5524, 28978]]}",{}
NC00962.3,EMB-0.25-0.9-0.5,0.0,GARC1,RUS,EMB,embB@V135M,U,{},"{""proportion"": 0.0, ""confidence"": [0.0, 0.5749693909936535], ""p_value"": 1.0, ""solo_contingency"": [[0, 2], [313, 24469]], ""contingency"": [[0, 2], [5525, 28978]]}",{}
NC00962.3,EMB-0.25-0.9-0.5,0.0,GARC1,RUS,EMB,embA@L390M,U,{},"{""proportion"": 0.0, ""confidence"": [0.0, 0.7301340512159458], ""p_value"": 1.0, ""solo_contingency"": [[0, 1], [313, 24469]], ""contingency"": [[2, 3], [5523, 28977]]}",{}
NC00962.3,EMB-0.25-0.9-0.5,0.0,GARC1,RUS,EMB,embA@S1017A,U,{},"{""proportion"": 0.0, ""confidence"": [0.0, 0.4741955741575127], ""p_value"": 1.0, ""solo_contingency"": [[0, 3], [313, 24469]], ""contingency"": [[0, 3], [5525, 28977]]}",{}
NC00962.3,EMB-0.25-0.9-0.5,0.0,GARC1,RUS,EMB,embB@D78A,U,{},"{""proportion"": 0.0, ""confidence"": [0.0, 0.7301340512159458], ""p_value"": 1.0, ""solo_contingency"": [[0, 1], [313, 24469]], ""contingency"": [[0, 2], [5525, 28978]]}",{}
NC00962.3,EMB-0.25-0.9-0.5,0.0,GARC1,RUS,EMB,embB@C549F,U,{},"{""proportion"": 0.3333333333333333, ""confidence"": [0.0782657263337284, 0.7464661317187757], ""p_value"": 1.0, ""solo_contingency"": [[1, 2], [313, 24469]], ""contingency"": [[1, 2], [5524, 28978]]}",{}
NC00962.3,EMB-0.25-0.9-0.5,0.0,GARC1,RUS,EMB,embA@W550S,U,{},"{""proportion"": 0.0, ""confidence"": [0.0, 0.7301340512159458], ""p_value"": 1.0, ""solo_contingency"": [[0, 1], [313, 24469]], ""contingency"": [[0, 1], [5525, 28979]]}",{}
NC00962.3,EMB-0.25-0.9-0.5,0.0,GARC1,RUS,EMB,embA@G146D,U,{},"{""proportion"": 0.0, ""confidence"": [0.0, 0.7301340512159458], ""p_value"": 1.0, ""solo_contingency"": [[0, 1], [313, 24469]], ""contingency"": [[0, 1], [5525, 28979]]}",{}
NC00962.3,EMB-0.25-0.9-0.5,0.0,GARC1,RUS,EMB,embA@G909R,U,{},"{""proportion"": 0.0, ""confidence"": [0.0, 0.5749693909936535], ""p_value"": 1.0, ""solo_contingency"": [[0, 2], [313, 24469]], ""contingency"": [[0, 2], [5525, 28978]]}",{}
NC00962.3,EMB-0.25-0.9-0.5,0.0,GARC1,RUS,EMB,embA@D865N,U,{},"{""proportion"": 0.0, ""confidence"": [0.0, 0.25272359742376316], ""p_value"": 0.21392822265625003, ""solo_contingency"": [[0, 8], [313, 24469]], ""contingency"": [[2, 8], [5523, 28972]]}",{}
NC00962.3,EMB-0.25-0.9-0.5,0.0,GARC1,RUS,EMB,embB@A338T,U,{},"{""proportion"": 0.0, ""confidence"": [0.0, 0.31078398130591417], ""p_value"": 0.347412109375, ""solo_contingency"": [[0, 6], [313, 24469]], ""contingency"": [[0, 6], [5525, 28974]]}",{}
NC00962.3,EMB-0.25-0.9-0.5,0.0,GARC1,RUS,EMB,embB@N807T,U,{},"{""proportion"": 0.0, ""confidence"": [0.0, 0.7301340512159458], ""p_value"": 1.0, ""solo_contingency"": [[0, 1], [313, 24469]], ""contingency"": [[0, 1], [5525, 28979]]}",{}
NC00962.3,EMB-0.25-0.9-0.5,0.0,GARC1,RUS,EMB,embA@Q751P,U,{},"{""proportion"": 0.0, ""confidence"": [0.0, 0.7301340512159458], ""p_value"": 1.0, ""solo_contingency"": [[0, 1], [313, 24469]], ""contingency"": [[0, 1], [5525, 28979]]}",{}
NC00962.3,EMB-0.25-0.9-0.5,0.0,GARC1,RUS,EMB,embB@P531H,U,{},"{""proportion"": 0.0, ""confidence"": [0.0, 0.7301340512159458], ""p_value"": 1.0, ""solo_contingency"": [[0, 1], [313, 24469]], ""contingency"": [[0, 1], [5525, 28979]]}",{}
NC00962.3,EMB-0.25-0.9-0.5,0.0,GARC1,RUS,EMB,embA@P327S,U,{},"{""proportion"": 0.0, ""confidence"": [0.0, 0.7301340512159458], ""p_value"": 1.0, ""solo_contingency"": [[0, 1], [313, 24469]], ""contingency"": [[0, 1], [5525, 28979]]}",{}
NC00962.3,EMB-0.25-0.9-0.5,0.0,GARC1,RUS,EMB,embB@R1045Q,U,{},"{""proportion"": 0.0, ""confidence"": [0.0, 0.7301340512159458], ""p_value"": 1.0, ""solo_contingency"": [[0, 1], [313, 24469]], ""contingency"": [[0, 1], [5525, 28979]]}",{}
NC00962.3,EMB-0.25-0.9-0.5,0.0,GARC1,RUS,EMB,embA@V898F,U,{},"{""proportion"": 0.0, ""confidence"": [0.0, 0.7301340512159458], ""p_value"": 1.0, ""solo_contingency"": [[0, 1], [313, 24469]], ""contingency"": [[0, 1], [5525, 28979]]}",{}
NC00962.3,EMB-0.25-0.9-0.5,0.0,GARC1,RUS,EMB,embB@F330I,U,{},"{""proportion"": 0.0, ""confidence"": [0.0, 0.5749693909936535], ""p_value"": 1.0, ""solo_contingency"": [[0, 2], [313, 24469]], ""contingency"": [[0, 2], [5525, 28978]]}",{}
NC00962.3,EMB-0.25-0.9-0.5,0.0,GARC1,RUS,EMB,embA@A438T,U,{},"{""proportion"": 0.0, ""confidence"": [0.0, 0.7301340512159458], ""p_value"": 1.0, ""solo_contingency"": [[0, 1], [313, 24469]], ""contingency"": [[0, 1], [5525, 28979]]}",{}
NC00962.3,EMB-0.25-0.9-0.5,0.0,GARC1,RUS,EMB,embA@g-43t,U,{},"{""proportion"": 0.0, ""confidence"": [0.0, 0.7301340512159458], ""p_value"": 1.0, ""solo_contingency"": [[0, 1], [313, 24469]], ""contingency"": [[4, 1], [5521, 28979]]}",{}
NC00962.3,EMB-0.25-0.9-0.5,0.0,GARC1,RUS,EMB,embA@2602_ins_tgg,U,{},"{""proportion"": 0.0, ""confidence"": [0.0, 0.7301340512159458], ""p_value"": 1.0, ""solo_contingency"": [[0, 1], [313, 24469]], ""contingency"": [[1, 6], [5524, 28974]]}",{}
NC00962.3,EMB-0.25-0.9-0.5,0.0,GARC1,RUS,EMB,embA@-32_del_g,U,{},"{""proportion"": 0.0, ""confidence"": [0.0, 0.7301340512159458], ""p_value"": 1.0, ""solo_contingency"": [[0, 1], [313, 24469]], ""contingency"": [[9, 2], [5516, 28978]]}",{}
NC00962.3,EMB-0.25-0.9-0.5,0.0,GARC1,RUS,EMB,embA@A60D,U,{},"{""proportion"": 0.0, ""confidence"": [0.0, 0.7301340512159458], ""p_value"": 1.0, ""solo_contingency"": [[0, 1], [313, 24469]], ""contingency"": [[0, 1], [5525, 28979]]}",{}
NC00962.3,EMB-0.25-0.9-0.5,0.0,GARC1,RUS,EMB,embA@A430T,U,{},"{""proportion"": 0.0, ""confidence"": [0.0, 0.7301340512159458], ""p_value"": 1.0, ""solo_contingency"": [[0, 1], [313, 24469]], ""contingency"": [[0, 1], [5525, 28979]]}",{}
NC00962.3,EMB-0.25-0.9-0.5,0.0,GARC1,RUS,EMB,embB@V456A,U,{},"{""proportion"": 0.3333333333333333, ""confidence"": [0.0782657263337284, 0.7464661317187757], ""p_value"": 1.0, ""solo_contingency"": [[1, 2], [313, 24469]], ""contingency"": [[59, 9], [5466, 28971]]}",{}
NC00962.3,EMB-0.25-0.9-0.5,0.0,GARC1,RUS,EMB,embA@-28_del_t,U,{},"{""proportion"": 0.0, ""confidence"": [0.0, 0.40347862520270455], ""p_value"": 0.578125, ""solo_contingency"": [[0, 4], [313, 24469]], ""contingency"": [[6, 6], [5519, 28974]]}",{}
NC00962.3,EMB-0.25-0.9-0.5,0.0,GARC1,RUS,EMB,embA@G350A,U,{},"{""proportion"": 0.0, ""confidence"": [0.0, 0.7301340512159458], ""p_value"": 1.0, ""solo_contingency"": [[0, 1], [313, 24469]], ""contingency"": [[0, 1], [5525, 28979]]}",{}
NC00962.3,EMB-0.25-0.9-0.5,0.0,GARC1,RUS,EMB,embA@A557T,U,{},"{""proportion"": 0.0, ""confidence"": [0.0, 0.7301340512159458], ""p_value"": 1.0, ""solo_contingency"": [[0, 1], [313, 24469]], ""contingency"": [[0, 2], [5525, 28978]]}",{}
NC00962.3,EMB-0.25-0.9-0.5,0.0,GARC1,RUS,EMB,embB@L629P,U,{},"{""proportion"": 1.0, ""confidence"": [0.26986594878405434, 1.0000000000000002], ""p_value"": 0.25, ""solo_contingency"": [[1, 0], [313, 24469]], ""contingency"": [[1, 0], [5524, 28980]]}",{}
NC00962.3,EMB-0.25-0.9-0.5,0.0,GARC1,RUS,EMB,embA@R836G,U,{},"{""proportion"": 0.0, ""confidence"": [0.0, 0.5749693909936535], ""p_value"": 1.0, ""solo_contingency"": [[0, 2], [313, 24469]], ""contingency"": [[0, 2], [5525, 28978]]}",{}
NC00962.3,EMB-0.25-0.9-0.5,0.0,GARC1,RUS,EMB,embA@L208F,U,{},"{""proportion"": 0.0, ""confidence"": [0.0, 0.5749693909936535], ""p_value"": 1.0, ""solo_contingency"": [[0, 2], [313, 24469]], ""contingency"": [[1, 2], [5524, 28978]]}",{}
NC00962.3,EMB-0.25-0.9-0.5,0.0,GARC1,RUS,EMB,embA@G332E,U,{},"{""proportion"": 0.0, ""confidence"": [0.0, 0.4741955741575127], ""p_value"": 1.0, ""solo_contingency"": [[0, 3], [313, 24469]], ""contingency"": [[0, 3], [5525, 28977]]}",{}
NC00962.3,EMB-0.25-0.9-0.5,0.0,GARC1,RUS,EMB,embB@L953M,U,{},"{""proportion"": 0.0, ""confidence"": [0.0, 0.7301340512159458], ""p_value"": 1.0, ""solo_contingency"": [[0, 1], [313, 24469]], ""contingency"": [[0, 1], [5525, 28979]]}",{}
NC00962.3,EMB-0.25-0.9-0.5,0.0,GARC1,RUS,EMB,embA@E508K,U,{},"{""proportion"": 0.0, ""confidence"": [0.0, 0.7301340512159458], ""p_value"": 1.0, ""solo_contingency"": [[0, 1], [313, 24469]], ""contingency"": [[0, 1], [5525, 28979]]}",{}
NC00962.3,EMB-0.25-0.9-0.5,0.0,GARC1,RUS,EMB,embB@A438T,U,{},"{""proportion"": 0.0, ""confidence"": [0.0, 0.4741955741575127], ""p_value"": 1.0, ""solo_contingency"": [[0, 3], [313, 24469]], ""contingency"": [[0, 3], [5525, 28977]]}",{}
NC00962.3,EMB-0.25-0.9-0.5,0.0,GARC1,RUS,EMB,embA@I655T,U,{},"{""proportion"": 0.0, ""confidence"": [0.0, 0.7301340512159458], ""p_value"": 1.0, ""solo_contingency"": [[0, 1], [313, 24469]], ""contingency"": [[0, 1], [5525, 28979]]}",{}
NC00962.3,EMB-0.25-0.9-0.5,0.0,GARC1,RUS,EMB,embB@D280N,U,{},"{""proportion"": 0.0, ""confidence"": [0.0, 0.7301340512159458], ""p_value"": 1.0, ""solo_contingency"": [[0, 1], [313, 24469]], ""contingency"": [[0, 1], [5525, 28979]]}",{}
NC00962.3,EMB-0.25-0.9-0.5,0.0,GARC1,RUS,EMB,embA@M840V,U,{},"{""proportion"": 0.0, ""confidence"": [0.0, 0.7301340512159458], ""p_value"": 1.0, ""solo_contingency"": [[0, 1], [313, 24469]], ""contingency"": [[0, 1], [5525, 28979]]}",{}
NC00962.3,EMB-0.25-0.9-0.5,0.0,GARC1,RUS,EMB,embA@L215P,U,{},"{""proportion"": 0.0, ""confidence"": [0.0, 0.4741955741575127], ""p_value"": 1.0, ""solo_contingency"": [[0, 3], [313, 24469]], ""contingency"": [[0, 3], [5525, 28977]]}",{}
NC00962.3,EMB-0.25-0.9-0.5,0.0,GARC1,RUS,EMB,embA@A1072T,U,{},"{""proportion"": 0.0, ""confidence"": [0.0, 0.5749693909936535], ""p_value"": 1.0, ""solo_contingency"": [[0, 2], [313, 24469]], ""contingency"": [[0, 2], [5525, 28978]]}",{}
NC00962.3,EMB-0.25-0.9-0.5,0.0,GARC1,RUS,EMB,embB@G580S,U,{},"{""proportion"": 0.0, ""confidence"": [0.0, 0.7301340512159458], ""p_value"": 1.0, ""solo_contingency"": [[0, 1], [313, 24469]], ""contingency"": [[2, 3], [5523, 28977]]}",{}
NC00962.3,EMB-0.25-0.9-0.5,0.0,GARC1,RUS,EMB,embB@K882E,U,{},"{""proportion"": 0.0, ""confidence"": [0.0, 0.7301340512159458], ""p_value"": 1.0, ""solo_contingency"": [[0, 1], [313, 24469]], ""contingency"": [[0, 1], [5525, 28979]]}",{}
NC00962.3,EMB-0.25-0.9-0.5,0.0,GARC1,RUS,EMB,embA@G771D,U,{},"{""proportion"": 0.0, ""confidence"": [0.0, 0.7301340512159458], ""p_value"": 1.0, ""solo_contingency"": [[0, 1], [313, 24469]], ""contingency"": [[0, 1], [5525, 28979]]}",{}
NC00962.3,EMB-0.25-0.9-0.5,0.0,GARC1,RUS,EMB,embA@c-23t,U,{},"{""proportion"": 0.0, ""confidence"": [0.0, 0.7301340512159458], ""p_value"": 1.0, ""solo_contingency"": [[0, 1], [313, 24469]], ""contingency"": [[0, 1], [5525, 28979]]}",{}
NC00962.3,EMB-0.25-0.9-0.5,0.0,GARC1,RUS,EMB,embB@T643I,U,{},"{""proportion"": 0.16666666666666666, ""confidence"": [0.038105570079342885, 0.5024170841245998], ""p_value"": 1.0, ""solo_contingency"": [[1, 5], [313, 24469]], ""contingency"": [[1, 5], [5524, 28975]]}",{}
NC00962.3,EMB-0.25-0.9-0.5,0.0,GARC1,RUS,EMB,embA@-31_del_c,U,{},"{""proportion"": 0.0, ""confidence"": [0.0, 0.7301340512159458], ""p_value"": 1.0, ""solo_contingency"": [[0, 1], [313, 24469]], ""contingency"": [[11, 2], [5514, 28978]]}",{}
NC00962.3,EMB-0.25-0.9-0.5,0.0,GARC1,RUS,EMB,embB@V77L,U,{},"{""proportion"": 0.0, ""confidence"": [0.0, 0.7301340512159458], ""p_value"": 1.0, ""solo_contingency"": [[0, 1], [313, 24469]], ""contingency"": [[0, 1], [5525, 28979]]}",{}
NC00962.3,EMB-0.25-0.9-0.5,0.0,GARC1,RUS,EMB,embA@A984T,U,{},"{""proportion"": 0.0, ""confidence"": [0.0, 0.7301340512159458], ""p_value"": 1.0, ""solo_contingency"": [[0, 1], [313, 24469]], ""contingency"": [[0, 1], [5525, 28979]]}",{}
NC00962.3,EMB-0.25-0.9-0.5,0.0,GARC1,RUS,EMB,embA@V394A,U,{},"{""proportion"": 0.0, ""confidence"": [0.0, 0.7301340512159458], ""p_value"": 1.0, ""solo_contingency"": [[0, 1], [313, 24469]], ""contingency"": [[0, 1], [5525, 28979]]}",{}
NC00962.3,EMB-0.25-0.9-0.5,0.0,GARC1,RUS,EMB,embA@F471L,U,{},"{""proportion"": 0.0, ""confidence"": [0.0, 0.4741955741575127], ""p_value"": 1.0, ""solo_contingency"": [[0, 3], [313, 24469]], ""contingency"": [[0, 3], [5525, 28977]]}",{}
NC00962.3,EMB-0.25-0.9-0.5,0.0,GARC1,RUS,EMB,embA@G180R,U,{},"{""proportion"": 0.0, ""confidence"": [0.0, 0.5749693909936535], ""p_value"": 1.0, ""solo_contingency"": [[0, 2], [313, 24469]], ""contingency"": [[0, 2], [5525, 28978]]}",{}
NC00962.3,EMB-0.25-0.9-0.5,0.0,GARC1,RUS,EMB,embB@D78G,U,{},"{""proportion"": 0.1111111111111111, ""confidence"": [0.025191472713156953, 0.3768012645355425], ""p_value"": 0.466064453125, ""solo_contingency"": [[1, 8], [313, 24469]], ""contingency"": [[1, 8], [5524, 28972]]}",{}
NC00962.3,EMB-0.25-0.9-0.5,0.0,GARC1,RUS,EMB,embA@N803K,U,{},"{""proportion"": 0.0, ""confidence"": [0.0, 0.7301340512159458], ""p_value"": 1.0, ""solo_contingency"": [[0, 1], [313, 24469]], ""contingency"": [[0, 1], [5525, 28979]]}",{}
NC00962.3,EMB-0.25-0.9-0.5,0.0,GARC1,RUS,EMB,embA@A328D,U,{},"{""proportion"": 0.0, ""confidence"": [0.0, 0.7301340512159458], ""p_value"": 1.0, ""solo_contingency"": [[0, 1], [313, 24469]], ""contingency"": [[0, 1], [5525, 28979]]}",{}
NC00962.3,EMB-0.25-0.9-0.5,0.0,GARC1,RUS,EMB,embB@S480L,U,{},"{""proportion"": 0.0, ""confidence"": [0.0, 0.5749693909936535], ""p_value"": 1.0, ""solo_contingency"": [[0, 2], [313, 24469]], ""contingency"": [[0, 2], [5525, 28978]]}",{}
NC00962.3,EMB-0.25-0.9-0.5,0.0,GARC1,RUS,EMB,embB@A15P,U,{},"{""proportion"": 0.0, ""confidence"": [0.0, 0.4741955741575127], ""p_value"": 1.0, ""solo_contingency"": [[0, 3], [313, 24469]], ""contingency"": [[3, 16], [5522, 28964]]}",{}
NC00962.3,EMB-0.25-0.9-0.5,0.0,GARC1,RUS,EMB,embA@R358Q,U,{},"{""proportion"": 0.0, ""confidence"": [0.0, 0.7301340512159458], ""p_value"": 1.0, ""solo_contingency"": [[0, 1], [313, 24469]], ""contingency"": [[0, 1], [5525, 28979]]}",{}
NC00962.3,EMB-0.25-0.9-0.5,0.0,GARC1,RUS,EMB,embB@M316V,U,{},"{""proportion"": 0.0, ""confidence"": [0.0, 0.7301340512159458], ""p_value"": 1.0, ""solo_contingency"": [[0, 1], [313, 24469]], ""contingency"": [[0, 1], [5525, 28979]]}",{}
NC00962.3,EMB-0.25-0.9-0.5,0.0,GARC1,RUS,EMB,embA@D737E,U,{},"{""proportion"": 0.0, ""confidence"": [0.0, 0.7301340512159458], ""p_value"": 1.0, ""solo_contingency"": [[0, 1], [313, 24469]], ""contingency"": [[0, 1], [5525, 28979]]}",{}
NC00962.3,EMB-0.25-0.9-0.5,0.0,GARC1,RUS,EMB,embB@G175R,U,{},"{""proportion"": 0.0, ""confidence"": [0.0, 0.4741955741575127], ""p_value"": 1.0, ""solo_contingency"": [[0, 3], [313, 24469]], ""contingency"": [[0, 3], [5525, 28977]]}",{}
NC00962.3,EMB-0.25-0.9-0.5,0.0,GARC1,RUS,EMB,embB@A221S,U,{},"{""proportion"": 1.0, ""confidence"": [0.26986594878405434, 1.0000000000000002], ""p_value"": 0.25, ""solo_contingency"": [[1, 0], [313, 24469]], ""contingency"": [[1, 0], [5524, 28980]]}",{}
NC00962.3,EMB-0.25-0.9-0.5,0.0,GARC1,RUS,EMB,embA@D273G,U,{},"{""proportion"": 0.0, ""confidence"": [0.0, 0.4741955741575127], ""p_value"": 1.0, ""solo_contingency"": [[0, 3], [313, 24469]], ""contingency"": [[0, 3], [5525, 28977]]}",{}
NC00962.3,EMB-0.25-0.9-0.5,0.0,GARC1,RUS,EMB,embB@T275N,U,{},"{""proportion"": 0.0, ""confidence"": [0.0, 0.7301340512159458], ""p_value"": 1.0, ""solo_contingency"": [[0, 1], [313, 24469]], ""contingency"": [[0, 1], [5525, 28979]]}",{}
NC00962.3,EMB-0.25-0.9-0.5,0.0,GARC1,RUS,EMB,embB@R7T,U,{},"{""proportion"": 0.0, ""confidence"": [0.0, 0.31078398130591417], ""p_value"": 0.347412109375, ""solo_contingency"": [[0, 6], [313, 24469]], ""contingency"": [[0, 7], [5525, 28973]]}",{}
NC00962.3,EMB-0.25-0.9-0.5,0.0,GARC1,RUS,EMB,embA@I155M,U,{},"{""proportion"": 0.0, ""confidence"": [0.0, 0.278762695452542], ""p_value"": 0.20404052734375, ""solo_contingency"": [[0, 7], [313, 24469]], ""contingency"": [[1, 10], [5524, 28970]]}",{}
NC00962.3,EMB-0.25-0.9-0.5,0.0,GARC1,RUS,EMB,embA@V283L,U,{},"{""proportion"": 0.0, ""confidence"": [0.0, 0.7301340512159458], ""p_value"": 1.0, ""solo_contingency"": [[0, 1], [313, 24469]], ""contingency"": [[0, 1], [5525, 28979]]}",{}
NC00962.3,EMB-0.25-0.9-0.5,0.0,GARC1,RUS,EMB,embA@P645L,U,{},"{""proportion"": 0.0, ""confidence"": [0.0, 0.5749693909936535], ""p_value"": 1.0, ""solo_contingency"": [[0, 2], [313, 24469]], ""contingency"": [[0, 2], [5525, 28978]]}",{}
NC00962.3,EMB-0.25-0.9-0.5,0.0,GARC1,RUS,EMB,embB@L686V,U,{},"{""proportion"": 0.0, ""confidence"": [0.0, 0.7301340512159458], ""p_value"": 1.0, ""solo_contingency"": [[0, 1], [313, 24469]], ""contingency"": [[0, 1], [5525, 28979]]}",{}
NC00962.3,EMB-0.25-0.9-0.5,0.0,GARC1,RUS,EMB,embB@D1056E,U,{},"{""proportion"": 0.0, ""confidence"": [0.0, 0.40347862520270455], ""p_value"": 0.578125, ""solo_contingency"": [[0, 4], [313, 24469]], ""contingency"": [[0, 4], [5525, 28976]]}",{}
NC00962.3,EMB-0.25-0.9-0.5,0.0,GARC1,RUS,EMB,embB@V783I,U,{},"{""proportion"": 0.0, ""confidence"": [0.0, 0.5749693909936535], ""p_value"": 1.0, ""solo_contingency"": [[0, 2], [313, 24469]], ""contingency"": [[0, 2], [5525, 28978]]}",{}
NC00962.3,EMB-0.25-0.9-0.5,0.0,GARC1,RUS,EMB,embA@A549P,U,{},"{""proportion"": 0.0, ""confidence"": [0.0, 0.5749693909936535], ""p_value"": 1.0, ""solo_contingency"": [[0, 2], [313, 24469]], ""contingency"": [[0, 2], [5525, 28978]]}",{}
NC00962.3,EMB-0.25-0.9-0.5,0.0,GARC1,RUS,EMB,embA@V583A,U,{},"{""proportion"": 0.0, ""confidence"": [0.0, 0.7301340512159458], ""p_value"": 1.0, ""solo_contingency"": [[0, 1], [313, 24469]], ""contingency"": [[0, 1], [5525, 28979]]}",{}
NC00962.3,EMB-0.25-0.9-0.5,0.0,GARC1,RUS,EMB,embB@D243H,U,{},"{""proportion"": 0.0, ""confidence"": [0.0, 0.5749693909936535], ""p_value"": 1.0, ""solo_contingency"": [[0, 2], [313, 24469]], ""contingency"": [[0, 2], [5525, 28978]]}",{}
NC00962.3,EMB-0.25-0.9-0.5,0.0,GARC1,RUS,EMB,embB@I303L,U,{},"{""proportion"": 0.0, ""confidence"": [0.0, 0.5749693909936535], ""p_value"": 1.0, ""solo_contingency"": [[0, 2], [313, 24469]], ""contingency"": [[2, 2], [5523, 28978]]}",{}
NC00962.3,EMB-0.25-0.9-0.5,0.0,GARC1,RUS,EMB,embA@A617T,U,{},"{""proportion"": 0.0, ""confidence"": [0.0, 0.7301340512159458], ""p_value"": 1.0, ""solo_contingency"": [[0, 1], [313, 24469]], ""contingency"": [[0, 1], [5525, 28979]]}",{}
NC00962.3,EMB-0.25-0.9-0.5,0.0,GARC1,RUS,EMB,embB@Q497H,U,{},"{""proportion"": 0.0, ""confidence"": [0.0, 0.4741955741575127], ""p_value"": 1.0, ""solo_contingency"": [[0, 3], [313, 24469]], ""contingency"": [[14, 5], [5511, 28975]]}",{}
NC00962.3,EMB-0.25-0.9-0.5,0.0,GARC1,RUS,EMB,embA@G403R,U,{},"{""proportion"": 0.0, ""confidence"": [0.0, 0.7301340512159458], ""p_value"": 1.0, ""solo_contingency"": [[0, 1], [313, 24469]], ""contingency"": [[0, 1], [5525, 28979]]}",{}
NC00962.3,EMB-0.25-0.9-0.5,0.0,GARC1,RUS,EMB,embB@G681D,U,{},"{""proportion"": 1.0, ""confidence"": [0.26986594878405434, 1.0000000000000002], ""p_value"": 0.25, ""solo_contingency"": [[1, 0], [313, 24469]], ""contingency"": [[1, 0], [5524, 28980]]}",{}
NC00962.3,EMB-0.25-0.9-0.5,0.0,GARC1,RUS,EMB,embA@A320V,U,{},"{""proportion"": 0.0, ""confidence"": [0.0, 0.7301340512159458], ""p_value"": 1.0, ""solo_contingency"": [[0, 1], [313, 24469]], ""contingency"": [[0, 1], [5525, 28979]]}",{}
NC00962.3,EMB-0.25-0.9-0.5,0.0,GARC1,RUS,EMB,embA@A150V,U,{},"{""proportion"": 0.0, ""confidence"": [0.0, 0.7301340512159458], ""p_value"": 1.0, ""solo_contingency"": [[0, 1], [313, 24469]], ""contingency"": [[0, 1], [5525, 28979]]}",{}
NC00962.3,EMB-0.25-0.9-0.5,0.0,GARC1,RUS,EMB,embB@D240G,U,{},"{""proportion"": 0.0, ""confidence"": [0.0, 0.4741955741575127], ""p_value"": 1.0, ""solo_contingency"": [[0, 3], [313, 24469]], ""contingency"": [[0, 3], [5525, 28977]]}",{}
NC00962.3,EMB-0.25-0.9-0.5,0.0,GARC1,RUS,EMB,embA@N54D,U,{},"{""proportion"": 0.0, ""confidence"": [0.0, 0.4741955741575127], ""p_value"": 1.0, ""solo_contingency"": [[0, 3], [313, 24469]], ""contingency"": [[53, 4], [5472, 28976]]}",{}
NC00962.3,EMB-0.25-0.9-0.5,0.0,GARC1,RUS,EMB,embB@P143S,U,{},"{""proportion"": 0.0, ""confidence"": [0.0, 0.5749693909936535], ""p_value"": 1.0, ""solo_contingency"": [[0, 2], [313, 24469]], ""contingency"": [[0, 2], [5525, 28978]]}",{}
NC00962.3,EMB-0.25-0.9-0.5,0.0,GARC1,RUS,EMB,embA@V479M,U,{},"{""proportion"": 0.0, ""confidence"": [0.0, 0.7301340512159458], ""p_value"": 1.0, ""solo_contingency"": [[0, 1], [313, 24469]], ""contingency"": [[0, 1], [5525, 28979]]}",{}
NC00962.3,EMB-0.25-0.9-0.5,0.0,GARC1,RUS,EMB,embB@Y319N,U,{},"{""proportion"": 0.0, ""confidence"": [0.0, 0.5749693909936535], ""p_value"": 1.0, ""solo_contingency"": [[0, 2], [313, 24469]], ""contingency"": [[0, 2], [5525, 28978]]}",{}
NC00962.3,EMB-0.25-0.9-0.5,0.0,GARC1,RUS,EMB,embB@D328H,U,{},"{""proportion"": 0.25, ""confidence"": [0.08651484419906225, 0.5398469545128194], ""p_value"": 1.0, ""solo_contingency"": [[2, 6], [313, 24469]], ""contingency"": [[4, 6], [5521, 28974]]}",{}
NC00962.3,EMB-0.25-0.9-0.5,0.0,GARC1,RUS,EMB,embB@V803M,U,{},"{""proportion"": 0.0, ""confidence"": [0.0, 0.4741955741575127], ""p_value"": 1.0, ""solo_contingency"": [[0, 3], [313, 24469]], ""contingency"": [[0, 3], [5525, 28977]]}",{}
NC00962.3,EMB-0.25-0.9-0.5,0.0,GARC1,RUS,EMB,embB@M389V,U,{},"{""proportion"": 0.0, ""confidence"": [0.0, 0.7301340512159458], ""p_value"": 1.0, ""solo_contingency"": [[0, 1], [313, 24469]], ""contingency"": [[0, 1], [5525, 28979]]}",{}
NC00962.3,EMB-0.25-0.9-0.5,0.0,GARC1,RUS,EMB,embB@E958A,U,{},"{""proportion"": 0.0, ""confidence"": [0.0, 0.40347862520270455], ""p_value"": 0.578125, ""solo_contingency"": [[0, 4], [313, 24469]], ""contingency"": [[0, 4], [5525, 28976]]}",{}
NC00962.3,EMB-0.25-0.9-0.5,0.0,GARC1,RUS,EMB,embB@A505V,U,{},"{""proportion"": 0.0, ""confidence"": [0.0, 0.5749693909936535], ""p_value"": 1.0, ""solo_contingency"": [[0, 2], [313, 24469]], ""contingency"": [[1, 3], [5524, 28977]]}",{}
NC00962.3,EMB-0.25-0.9-0.5,0.0,GARC1,RUS,EMB,embA@T238I,U,{},"{""proportion"": 0.0, ""confidence"": [0.0, 0.7301340512159458], ""p_value"": 1.0, ""solo_contingency"": [[0, 1], [313, 24469]], ""contingency"": [[0, 1], [5525, 28979]]}",{}
NC00962.3,EMB-0.25-0.9-0.5,0.0,GARC1,RUS,EMB,embA@G700C,U,{},"{""proportion"": 0.0, ""confidence"": [0.0, 0.7301340512159458], ""p_value"": 1.0, ""solo_contingency"": [[0, 1], [313, 24469]], ""contingency"": [[0, 1], [5525, 28979]]}",{}
NC00962.3,EMB-0.25-0.9-0.5,0.0,GARC1,RUS,EMB,embA@A721V,U,{},"{""proportion"": 0.0, ""confidence"": [0.0, 0.7301340512159458], ""p_value"": 1.0, ""solo_contingency"": [[0, 1], [313, 24469]], ""contingency"": [[0, 1], [5525, 28979]]}",{}
NC00962.3,EMB-0.25-0.9-0.5,0.0,GARC1,RUS,EMB,embA@D1053G,U,{},"{""proportion"": 0.0, ""confidence"": [0.0, 0.4741955741575127], ""p_value"": 1.0, ""solo_contingency"": [[0, 3], [313, 24469]], ""contingency"": [[0, 3], [5525, 28977]]}",{}
NC00962.3,EMB-0.25-0.9-0.5,0.0,GARC1,RUS,EMB,embA@A955T,U,{},"{""proportion"": 0.0, ""confidence"": [0.0, 0.7301340512159458], ""p_value"": 1.0, ""solo_contingency"": [[0, 1], [313, 24469]], ""contingency"": [[0, 1], [5525, 28979]]}",{}
NC00962.3,EMB-0.25-0.9-0.5,0.0,GARC1,RUS,EMB,embA@G844R,U,{},"{""proportion"": 0.0, ""confidence"": [0.0, 0.7301340512159458], ""p_value"": 1.0, ""solo_contingency"": [[0, 1], [313, 24469]], ""contingency"": [[0, 1], [5525, 28979]]}",{}
NC00962.3,EMB-0.25-0.9-0.5,0.0,GARC1,RUS,EMB,embB@V414L,U,{},"{""proportion"": 0.0, ""confidence"": [0.0, 0.7301340512159458], ""p_value"": 1.0, ""solo_contingency"": [[0, 1], [313, 24469]], ""contingency"": [[0, 1], [5525, 28979]]}",{}
NC00962.3,EMB-0.25-0.9-0.5,0.0,GARC1,RUS,EMB,embB@T857A,U,{},"{""proportion"": 0.0, ""confidence"": [0.0, 0.7301340512159458], ""p_value"": 1.0, ""solo_contingency"": [[0, 1], [313, 24469]], ""contingency"": [[0, 1], [5525, 28979]]}",{}
NC00962.3,EMB-0.25-0.9-0.5,0.0,GARC1,RUS,EMB,embB@A454V,U,{},"{""proportion"": 0.5, ""confidence"": [0.12086631942227369, 0.8791336805777263], ""p_value"": 0.4375, ""solo_contingency"": [[1, 1], [313, 24469]], ""contingency"": [[1, 1], [5524, 28979]]}",{}
NC00962.3,EMB-0.25-0.9-0.5,0.0,GARC1,RUS,EMB,embA@G220E,U,{},"{""proportion"": 0.0, ""confidence"": [0.0, 0.40347862520270455], ""p_value"": 0.578125, ""solo_contingency"": [[0, 4], [313, 24469]], ""contingency"": [[0, 4], [5525, 28976]]}",{}
NC00962.3,EMB-0.25-0.9-0.5,0.0,GARC1,RUS,EMB,embB@S73L,U,{},"{""proportion"": 0.0, ""confidence"": [0.0, 0.7301340512159458], ""p_value"": 1.0, ""solo_contingency"": [[0, 1], [313, 24469]], ""contingency"": [[0, 1], [5525, 28979]]}",{}
NC00962.3,EMB-0.25-0.9-0.5,0.0,GARC1,RUS,EMB,embA@G135D,U,{},"{""proportion"": 0.5, ""confidence"": [0.12086631942227369, 0.8791336805777263], ""p_value"": 0.4375, ""solo_contingency"": [[1, 1], [313, 24469]], ""contingency"": [[1, 1], [5524, 28979]]}",{}
NC00962.3,EMB-0.25-0.9-0.5,0.0,GARC1,RUS,EMB,embB@S651C,U,{},"{""proportion"": 0.0, ""confidence"": [0.0, 0.5749693909936535], ""p_value"": 1.0, ""solo_contingency"": [[0, 2], [313, 24469]], ""contingency"": [[0, 2], [5525, 28978]]}",{}
NC00962.3,EMB-0.25-0.9-0.5,0.0,GARC1,RUS,EMB,embB@P1074A,U,{},"{""proportion"": 0.0, ""confidence"": [0.0, 0.7301340512159458], ""p_value"": 1.0, ""solo_contingency"": [[0, 1], [313, 24469]], ""contingency"": [[0, 1], [5525, 28979]]}",{}
NC00962.3,EMB-0.25-0.9-0.5,0.0,GARC1,RUS,EMB,embB@N886T,U,{},"{""proportion"": 0.0, ""confidence"": [0.0, 0.4741955741575127], ""p_value"": 1.0, ""solo_contingency"": [[0, 3], [313, 24469]], ""contingency"": [[0, 3], [5525, 28977]]}",{}
NC00962.3,EMB-0.25-0.9-0.5,0.0,GARC1,RUS,EMB,embA@A371T,U,{},"{""proportion"": 0.0, ""confidence"": [0.0, 0.7301340512159458], ""p_value"": 1.0, ""solo_contingency"": [[0, 1], [313, 24469]], ""contingency"": [[0, 1], [5525, 28979]]}",{}
NC00962.3,EMB-0.25-0.9-0.5,0.0,GARC1,RUS,EMB,embA@G321A,U,{},"{""proportion"": 0.0, ""confidence"": [0.0, 0.5749693909936535], ""p_value"": 1.0, ""solo_contingency"": [[0, 2], [313, 24469]], ""contingency"": [[0, 2], [5525, 28978]]}",{}
NC00962.3,EMB-0.25-0.9-0.5,0.0,GARC1,RUS,EMB,embB@F763V,U,{},"{""proportion"": 0.0, ""confidence"": [0.0, 0.7301340512159458], ""p_value"": 1.0, ""solo_contingency"": [[0, 1], [313, 24469]], ""contingency"": [[0, 1], [5525, 28979]]}",{}
NC00962.3,EMB-0.25-0.9-0.5,0.0,GARC1,RUS,EMB,embB@P12Q,U,{},"{""proportion"": 0.0, ""confidence"": [0.0, 0.4741955741575127], ""p_value"": 1.0, ""solo_contingency"": [[0, 3], [313, 24469]], ""contingency"": [[2, 16], [5523, 28964]]}",{}
NC00962.3,EMB-0.25-0.9-0.5,0.0,GARC1,RUS,EMB,embA@G352S,U,{},"{""proportion"": 0.0, ""confidence"": [0.0, 0.3511165007651012], ""p_value"": 0.34082031250000006, ""solo_contingency"": [[0, 5], [313, 24469]], ""contingency"": [[0, 6], [5525, 28974]]}",{}
NC00962.3,EMB-0.25-0.9-0.5,0.0,GARC1,RUS,EMB,embA@N376D,U,{},"{""proportion"": 0.0, ""confidence"": [0.0, 0.7301340512159458], ""p_value"": 1.0, ""solo_contingency"": [[0, 1], [313, 24469]], ""contingency"": [[0, 1], [5525, 28979]]}",{}
NC00962.3,EMB-0.25-0.9-0.5,0.0,GARC1,RUS,EMB,embA@V125E,U,{},"{""proportion"": 0.0, ""confidence"": [0.0, 0.5749693909936535], ""p_value"": 1.0, ""solo_contingency"": [[0, 2], [313, 24469]], ""contingency"": [[0, 2], [5525, 28978]]}",{}
NC00962.3,EMB-0.25-0.9-0.5,0.0,GARC1,RUS,EMB,embB@G156D,U,{},"{""proportion"": 0.0, ""confidence"": [0.0, 0.5749693909936535], ""p_value"": 1.0, ""solo_contingency"": [[0, 2], [313, 24469]], ""contingency"": [[0, 2], [5525, 28978]]}",{}
NC00962.3,EMB-0.25-0.9-0.5,0.0,GARC1,RUS,EMB,embB@G603R,U,{},"{""proportion"": 0.2, ""confidence"": [0.045962453880603965, 0.5647074465784567], ""p_value"": 1.0, ""solo_contingency"": [[1, 4], [313, 24469]], ""contingency"": [[3, 11], [5522, 28969]]}",{}
NC00962.3,EMB-0.25-0.9-0.5,0.0,GARC1,RUS,EMB,embA@G149D,U,{},"{""proportion"": 0.0, ""confidence"": [0.0, 0.7301340512159458], ""p_value"": 1.0, ""solo_contingency"": [[0, 1], [313, 24469]], ""contingency"": [[0, 1], [5525, 28979]]}",{}
NC00962.3,EMB-0.25-0.9-0.5,0.0,GARC1,RUS,EMB,embB@D1056A,U,{},"{""proportion"": 1.0, ""confidence"": [0.26986594878405434, 1.0000000000000002], ""p_value"": 0.25, ""solo_contingency"": [[1, 0], [313, 24469]], ""contingency"": [[2, 0], [5523, 28980]]}",{}
NC00962.3,EMB-0.25-0.9-0.5,0.0,GARC1,RUS,EMB,embB@D240N,U,{},"{""proportion"": 0.0, ""confidence"": [0.0, 0.4741955741575127], ""p_value"": 1.0, ""solo_contingency"": [[0, 3], [313, 24469]], ""contingency"": [[0, 3], [5525, 28977]]}",{}
NC00962.3,EMB-0.25-0.9-0.5,0.0,GARC1,RUS,EMB,embA@V541M,U,{},"{""proportion"": 0.0, ""confidence"": [0.0, 0.7301340512159458], ""p_value"": 1.0, ""solo_contingency"": [[0, 1], [313, 24469]], ""contingency"": [[0, 1], [5525, 28979]]}",{}
NC00962.3,EMB-0.25-0.9-0.5,0.0,GARC1,RUS,EMB,embB@G100S,U,{},"{""proportion"": 0.0, ""confidence"": [0.0, 0.25272359742376316], ""p_value"": 0.21392822265625003, ""solo_contingency"": [[0, 8], [313, 24469]], ""contingency"": [[1, 8], [5524, 28972]]}",{}
NC00962.3,EMB-0.25-0.9-0.5,0.0,GARC1,RUS,EMB,embB@E378D,U,{},"{""proportion"": 0.0, ""confidence"": [0.0, 0.7301340512159458], ""p_value"": 1.0, ""solo_contingency"": [[0, 1], [313, 24469]], ""contingency"": [[0, 1], [5525, 28979]]}",{}
NC00962.3,EMB-0.25-0.9-0.5,0.0,GARC1,RUS,EMB,embB@T498N,U,{},"{""proportion"": 0.0, ""confidence"": [0.0, 0.40347862520270455], ""p_value"": 0.578125, ""solo_contingency"": [[0, 4], [313, 24469]], ""contingency"": [[0, 4], [5525, 28976]]}",{}
NC00962.3,EMB-0.25-0.9-0.5,0.0,GARC1,RUS,EMB,embB@S617L,U,{},"{""proportion"": 0.0, ""confidence"": [0.0, 0.7301340512159458], ""p_value"": 1.0, ""solo_contingency"": [[0, 1], [313, 24469]], ""contingency"": [[0, 1], [5525, 28979]]}",{}
NC00962.3,EMB-0.25-0.9-0.5,0.0,GARC1,RUS,EMB,embB@P136S,U,{},"{""proportion"": 0.0, ""confidence"": [0.0, 0.5749693909936535], ""p_value"": 1.0, ""solo_contingency"": [[0, 2], [313, 24469]], ""contingency"": [[0, 2], [5525, 28978]]}",{}
NC00962.3,EMB-0.25-0.9-0.5,0.0,GARC1,RUS,EMB,embA@A316P,U,{},"{""proportion"": 0.0, ""confidence"": [0.0, 0.7301340512159458], ""p_value"": 1.0, ""solo_contingency"": [[0, 1], [313, 24469]], ""contingency"": [[0, 1], [5525, 28979]]}",{}
NC00962.3,EMB-0.25-0.9-0.5,0.0,GARC1,RUS,EMB,embB@A113T,U,{},"{""proportion"": 0.0, ""confidence"": [0.0, 0.7301340512159458], ""p_value"": 1.0, ""solo_contingency"": [[0, 1], [313, 24469]], ""contingency"": [[0, 1], [5525, 28979]]}",{}
NC00962.3,EMB-0.25-0.9-0.5,0.0,GARC1,RUS,EMB,embB@P1091Q,U,{},"{""proportion"": 0.0, ""confidence"": [0.0, 0.5749693909936535], ""p_value"": 1.0, ""solo_contingency"": [[0, 2], [313, 24469]], ""contingency"": [[0, 2], [5525, 28978]]}",{}
NC00962.3,EMB-0.25-0.9-0.5,0.0,GARC1,RUS,EMB,embB@A680T,U,{},"{""proportion"": 0.0, ""confidence"": [0.0, 0.3511165007651012], ""p_value"": 0.34082031250000006, ""solo_contingency"": [[0, 5], [313, 24469]], ""contingency"": [[1, 5], [5524, 28975]]}",{}
NC00962.3,EMB-0.25-0.9-0.5,0.0,GARC1,RUS,EMB,embA@-26_del_a,U,{},"{""proportion"": 0.5, ""confidence"": [0.12086631942227369, 0.8791336805777263], ""p_value"": 0.4375, ""solo_contingency"": [[1, 1], [313, 24469]], ""contingency"": [[8, 3], [5517, 28977]]}",{}
NC00962.3,EMB-0.25-0.9-0.5,0.0,GARC1,RUS,EMB,embA@D4Y,U,{},"{""proportion"": 0.0, ""confidence"": [0.0, 0.7301340512159458], ""p_value"": 1.0, ""solo_contingency"": [[0, 1], [313, 24469]], ""contingency"": [[0, 1], [5525, 28979]]}",{}
NC00962.3,EMB-0.25-0.9-0.5,0.0,GARC1,RUS,EMB,embB@E504D,U,{},"{""proportion"": 0.6, ""confidence"": [0.2724831718661929, 0.857293527980787], ""p_value"": 0.103515625, ""solo_contingency"": [[3, 2], [313, 24469]], ""contingency"": [[9, 9], [5516, 28971]]}",{}
NC00962.3,EMB-0.25-0.9-0.5,0.0,GARC1,RUS,EMB,embA@T899S,U,{},"{""proportion"": 0.0, ""confidence"": [0.0, 0.7301340512159458], ""p_value"": 1.0, ""solo_contingency"": [[0, 1], [313, 24469]], ""contingency"": [[0, 1], [5525, 28979]]}",{}
NC00962.3,EMB-0.25-0.9-0.5,0.0,GARC1,RUS,EMB,embA@P752L,U,{},"{""proportion"": 0.0, ""confidence"": [0.0, 0.5749693909936535], ""p_value"": 1.0, ""solo_contingency"": [[0, 2], [313, 24469]], ""contingency"": [[0, 2], [5525, 28978]]}",{}
NC00962.3,EMB-0.25-0.9-0.5,0.0,GARC1,RUS,EMB,embB@P708L,U,{},"{""proportion"": 0.0, ""confidence"": [0.0, 0.5749693909936535], ""p_value"": 1.0, ""solo_contingency"": [[0, 2], [313, 24469]], ""contingency"": [[0, 2], [5525, 28978]]}",{}
NC00962.3,EMB-0.25-0.9-0.5,0.0,GARC1,RUS,EMB,embB@S823R,U,{},"{""proportion"": 0.0, ""confidence"": [0.0, 0.40347862520270455], ""p_value"": 0.578125, ""solo_contingency"": [[0, 4], [313, 24469]], ""contingency"": [[0, 4], [5525, 28976]]}",{}
NC00962.3,EMB-0.25-0.9-0.5,0.0,GARC1,RUS,EMB,embB@A451T,U,{},"{""proportion"": 0.0, ""confidence"": [0.0, 0.7301340512159458], ""p_value"": 1.0, ""solo_contingency"": [[0, 1], [313, 24469]], ""contingency"": [[0, 1], [5525, 28979]]}",{}
NC00962.3,EMB-0.25-0.9-0.5,0.0,GARC1,RUS,EMB,embB@910_ins_tgg,U,{},"{""proportion"": 0.0, ""confidence"": [0.0, 0.7301340512159458], ""p_value"": 1.0, ""solo_contingency"": [[0, 1], [313, 24469]], ""contingency"": [[1, 2], [5524, 28978]]}",{}
NC00962.3,EMB-0.25-0.9-0.5,0.0,GARC1,RUS,EMB,embB@Y334H,U,{},"{""proportion"": 0.0, ""confidence"": [0.0, 0.7301340512159458], ""p_value"": 1.0, ""solo_contingency"": [[0, 1], [313, 24469]], ""contingency"": [[66, 16], [5459, 28964]]}",{}
NC00962.3,EMB-0.25-0.9-0.5,0.0,GARC1,RUS,EMB,embB@T546I,U,{},"{""proportion"": 1.0, ""confidence"": [0.26986594878405434, 1.0000000000000002], ""p_value"": 0.25, ""solo_contingency"": [[1, 0], [313, 24469]], ""contingency"": [[1, 0], [5524, 28980]]}",{}
NC00962.3,EMB-0.25-0.9-0.5,0.0,GARC1,RUS,EMB,embA@A571T,U,{},"{""proportion"": 0.0, ""confidence"": [0.0, 0.7301340512159458], ""p_value"": 1.0, ""solo_contingency"": [[0, 1], [313, 24469]], ""contingency"": [[0, 1], [5525, 28979]]}",{}
NC00962.3,EMB-0.25-0.9-0.5,0.0,GARC1,RUS,EMB,embB@G34E,U,{},"{""proportion"": 0.0, ""confidence"": [0.0, 0.7301340512159458], ""p_value"": 1.0, ""solo_contingency"": [[0, 1], [313, 24469]], ""contingency"": [[0, 1], [5525, 28979]]}",{}
NC00962.3,EMB-0.25-0.9-0.5,0.0,GARC1,RUS,EMB,embB@A228T,U,{},"{""proportion"": 0.0, ""confidence"": [0.0, 0.3511165007651012], ""p_value"": 0.34082031250000006, ""solo_contingency"": [[0, 5], [313, 24469]], ""contingency"": [[0, 5], [5525, 28975]]}",{}
NC00962.3,EMB-0.25-0.9-0.5,0.0,GARC1,RUS,EMB,embA@K677E,U,{},"{""proportion"": 0.0, ""confidence"": [0.0, 0.7301340512159458], ""p_value"": 1.0, ""solo_contingency"": [[0, 1], [313, 24469]], ""contingency"": [[0, 1], [5525, 28979]]}",{}
NC00962.3,EMB-0.25-0.9-0.5,0.0,GARC1,RUS,EMB,embA@T853A,U,{},"{""proportion"": 0.0, ""confidence"": [0.0, 0.31078398130591417], ""p_value"": 0.347412109375, ""solo_contingency"": [[0, 6], [313, 24469]], ""contingency"": [[0, 6], [5525, 28974]]}",{}
NC00962.3,EMB-0.25-0.9-0.5,0.0,GARC1,RUS,EMB,embA@A23G,U,{},"{""proportion"": 0.0, ""confidence"": [0.0, 0.7301340512159458], ""p_value"": 1.0, ""solo_contingency"": [[0, 1], [313, 24469]], ""contingency"": [[0, 1], [5525, 28979]]}",{}
NC00962.3,EMB-0.25-0.9-0.5,0.0,GARC1,RUS,EMB,embA@V1078M,U,{},"{""proportion"": 0.0, ""confidence"": [0.0, 0.7301340512159458], ""p_value"": 1.0, ""solo_contingency"": [[0, 1], [313, 24469]], ""contingency"": [[0, 2], [5525, 28978]]}",{}
NC00962.3,EMB-0.25-0.9-0.5,0.0,GARC1,RUS,EMB,embA@T300M,U,{},"{""proportion"": 0.0, ""confidence"": [0.0, 0.31078398130591417], ""p_value"": 0.347412109375, ""solo_contingency"": [[0, 6], [313, 24469]], ""contingency"": [[0, 6], [5525, 28974]]}",{}
NC00962.3,EMB-0.25-0.9-0.5,0.0,GARC1,RUS,EMB,embB@V282A,U,{},"{""proportion"": 0.0, ""confidence"": [0.0, 0.4741955741575127], ""p_value"": 1.0, ""solo_contingency"": [[0, 3], [313, 24469]], ""contingency"": [[0, 3], [5525, 28977]]}",{}
NC00962.3,EMB-0.25-0.9-0.5,0.0,GARC1,RUS,EMB,embA@t-82c,U,{},"{""proportion"": 0.0, ""confidence"": [0.0, 0.5749693909936535], ""p_value"": 1.0, ""solo_contingency"": [[0, 2], [313, 24469]], ""contingency"": [[0, 2], [5525, 28978]]}",{}
NC00962.3,EMB-0.25-0.9-0.5,0.0,GARC1,RUS,EMB,embA@V489I,U,{},"{""proportion"": 0.0, ""confidence"": [0.0, 0.7301340512159458], ""p_value"": 1.0, ""solo_contingency"": [[0, 1], [313, 24469]], ""contingency"": [[0, 1], [5525, 28979]]}",{}
NC00962.3,EMB-0.25-0.9-0.5,0.0,GARC1,RUS,EMB,embA@L659F,U,{},"{""proportion"": 0.0, ""confidence"": [0.0, 0.3511165007651012], ""p_value"": 0.34082031250000006, ""solo_contingency"": [[0, 5], [313, 24469]], ""contingency"": [[1, 6], [5524, 28974]]}",{}
NC00962.3,EMB-0.25-0.9-0.5,0.0,GARC1,RUS,EMB,embA@S340N,U,{},"{""proportion"": 0.0, ""confidence"": [0.0, 0.7301340512159458], ""p_value"": 1.0, ""solo_contingency"": [[0, 1], [313, 24469]], ""contingency"": [[0, 1], [5525, 28979]]}",{}
NC00962.3,EMB-0.25-0.9-0.5,0.0,GARC1,RUS,EMB,embB@P195H,U,{},"{""proportion"": 0.0, ""confidence"": [0.0, 0.25272359742376316], ""p_value"": 0.21392822265625003, ""solo_contingency"": [[0, 8], [313, 24469]], ""contingency"": [[0, 9], [5525, 28971]]}",{}
NC00962.3,EMB-0.25-0.9-0.5,0.0,GARC1,RUS,EMB,embB@G62R,U,{},"{""proportion"": 0.0, ""confidence"": [0.0, 0.4741955741575127], ""p_value"": 1.0, ""solo_contingency"": [[0, 3], [313, 24469]], ""contingency"": [[0, 3], [5525, 28977]]}",{}
NC00962.3,EMB-0.25-0.9-0.5,0.0,GARC1,RUS,EMB,embA@-40_del_t,U,{},"{""proportion"": 0.0, ""confidence"": [0.0, 0.31078398130591417], ""p_value"": 0.347412109375, ""solo_contingency"": [[0, 6], [313, 24469]], ""contingency"": [[0, 7], [5525, 28973]]}",{}
NC00962.3,EMB-0.25-0.9-0.5,0.0,GARC1,RUS,EMB,embB@P70R,U,{},"{""proportion"": 0.0, ""confidence"": [-2.1340331742842984e-17, 0.2311335193197566], ""p_value"": 0.12401199340820315, ""solo_contingency"": [[0, 9], [313, 24469]], ""contingency"": [[0, 9], [5525, 28971]]}",{}
NC00962.3,EMB-0.25-0.9-0.5,0.0,GARC1,RUS,EMB,embA@V613M,U,{},"{""proportion"": 0.0, ""confidence"": [0.0, 0.7301340512159458], ""p_value"": 1.0, ""solo_contingency"": [[0, 1], [313, 24469]], ""contingency"": [[0, 1], [5525, 28979]]}",{}
NC00962.3,EMB-0.25-0.9-0.5,0.0,GARC1,RUS,EMB,embA@D273N,U,{},"{""proportion"": 0.0, ""confidence"": [0.0, 0.7301340512159458], ""p_value"": 1.0, ""solo_contingency"": [[0, 1], [313, 24469]], ""contingency"": [[0, 1], [5525, 28979]]}",{}
NC00962.3,EMB-0.25-0.9-0.5,0.0,GARC1,RUS,EMB,embB@P655Q,U,{},"{""proportion"": 0.0, ""confidence"": [0.0, 0.40347862520270455], ""p_value"": 0.578125, ""solo_contingency"": [[0, 4], [313, 24469]], ""contingency"": [[0, 4], [5525, 28976]]}",{}
NC00962.3,EMB-0.25-0.9-0.5,0.0,GARC1,RUS,EMB,embA@G1085V,U,{},"{""proportion"": 0.0, ""confidence"": [0.0, 0.7301340512159458], ""p_value"": 1.0, ""solo_contingency"": [[0, 1], [313, 24469]], ""contingency"": [[0, 1], [5525, 28979]]}",{}
NC00962.3,EMB-0.25-0.9-0.5,0.0,GARC1,RUS,EMB,embA@G623A,U,{},"{""proportion"": 0.0, ""confidence"": [0.0, 0.7301340512159458], ""p_value"": 1.0, ""solo_contingency"": [[0, 1], [313, 24469]], ""contingency"": [[0, 1], [5525, 28979]]}",{}
NC00962.3,EMB-0.25-0.9-0.5,0.0,GARC1,RUS,EMB,embB@L239R,U,{},"{""proportion"": 0.0, ""confidence"": [0.0, 0.7301340512159458], ""p_value"": 1.0, ""solo_contingency"": [[0, 1], [313, 24469]], ""contingency"": [[0, 1], [5525, 28979]]}",{}
NC00962.3,EMB-0.25-0.9-0.5,0.0,GARC1,RUS,EMB,embA@T434P,U,{},"{""proportion"": 0.0, ""confidence"": [0.0, 0.5749693909936535], ""p_value"": 1.0, ""solo_contingency"": [[0, 2], [313, 24469]], ""contingency"": [[0, 2], [5525, 28978]]}",{}
NC00962.3,EMB-0.25-0.9-0.5,0.0,GARC1,RUS,EMB,embB@P477A,U,{},"{""proportion"": 0.0, ""confidence"": [0.0, 0.7301340512159458], ""p_value"": 1.0, ""solo_contingency"": [[0, 1], [313, 24469]], ""contingency"": [[0, 1], [5525, 28979]]}",{}
NC00962.3,EMB-0.25-0.9-0.5,0.0,GARC1,RUS,EMB,embB@S142C,U,{},"{""proportion"": 0.0, ""confidence"": [0.0, 0.4741955741575127], ""p_value"": 1.0, ""solo_contingency"": [[0, 3], [313, 24469]], ""contingency"": [[0, 3], [5525, 28977]]}",{}
NC00962.3,EMB-0.25-0.9-0.5,0.0,GARC1,RUS,EMB,embA@A315V,U,{},"{""proportion"": 0.0, ""confidence"": [0.0, 0.7301340512159458], ""p_value"": 1.0, ""solo_contingency"": [[0, 1], [313, 24469]], ""contingency"": [[0, 1], [5525, 28979]]}",{}
NC00962.3,EMB-0.25-0.9-0.5,0.0,GARC1,RUS,EMB,embA@A419T,U,{},"{""proportion"": 0.0, ""confidence"": [0.0, 0.7301340512159458], ""p_value"": 1.0, ""solo_contingency"": [[0, 1], [313, 24469]], ""contingency"": [[0, 1], [5525, 28979]]}",{}
NC00962.3,EMB-0.25-0.9-0.5,0.0,GARC1,RUS,EMB,embA@D883E,U,{},"{""proportion"": 0.0, ""confidence"": [0.0, 0.7301340512159458], ""p_value"": 1.0, ""solo_contingency"": [[0, 1], [313, 24469]], ""contingency"": [[0, 1], [5525, 28979]]}",{}
NC00962.3,EMB-0.25-0.9-0.5,0.0,GARC1,RUS,EMB,embB@V39G,U,{},"{""proportion"": 0.0, ""confidence"": [0.0, 0.5749693909936535], ""p_value"": 1.0, ""solo_contingency"": [[0, 2], [313, 24469]], ""contingency"": [[0, 2], [5525, 28978]]}",{}
NC00962.3,EMB-0.25-0.9-0.5,0.0,GARC1,RUS,EMB,embA@T837A,U,{},"{""proportion"": 0.0, ""confidence"": [0.0, 0.40347862520270455], ""p_value"": 0.578125, ""solo_contingency"": [[0, 4], [313, 24469]], ""contingency"": [[0, 4], [5525, 28976]]}",{}
NC00962.3,EMB-0.25-0.9-0.5,0.0,GARC1,RUS,EMB,embA@I413V,U,{},"{""proportion"": 0.0, ""confidence"": [0.0, 0.7301340512159458], ""p_value"": 1.0, ""solo_contingency"": [[0, 1], [313, 24469]], ""contingency"": [[0, 1], [5525, 28979]]}",{}
NC00962.3,EMB-0.25-0.9-0.5,0.0,GARC1,RUS,EMB,embB@A485V,U,{},"{""proportion"": 0.0, ""confidence"": [0.0, 0.5749693909936535], ""p_value"": 1.0, ""solo_contingency"": [[0, 2], [313, 24469]], ""contingency"": [[0, 2], [5525, 28978]]}",{}
NC00962.3,EMB-0.25-0.9-0.5,0.0,GARC1,RUS,EMB,embB@G194R,U,{},"{""proportion"": 0.0, ""confidence"": [0.0, 0.5749693909936535], ""p_value"": 1.0, ""solo_contingency"": [[0, 2], [313, 24469]], ""contingency"": [[0, 2], [5525, 28978]]}",{}
NC00962.3,EMB-0.25-0.9-0.5,0.0,GARC1,RUS,EMB,embB@N129D,U,{},"{""proportion"": 0.0, ""confidence"": [0.0, 0.5749693909936535], ""p_value"": 1.0, ""solo_contingency"": [[0, 2], [313, 24469]], ""contingency"": [[0, 2], [5525, 28978]]}",{}
NC00962.3,EMB-0.25-0.9-0.5,0.0,GARC1,RUS,EMB,embB@G244R,U,{},"{""proportion"": 0.0, ""confidence"": [0.0, 0.7301340512159458], ""p_value"": 1.0, ""solo_contingency"": [[0, 1], [313, 24469]], ""contingency"": [[0, 1], [5525, 28979]]}",{}
NC00962.3,EMB-0.25-0.9-0.5,0.0,GARC1,RUS,EMB,embA@L1008P,U,{},"{""proportion"": 0.0, ""confidence"": [0.0, 0.4741955741575127], ""p_value"": 1.0, ""solo_contingency"": [[0, 3], [313, 24469]], ""contingency"": [[0, 3], [5525, 28977]]}",{}
NC00962.3,EMB-0.25-0.9-0.5,0.0,GARC1,RUS,EMB,embA@G157R,U,{},"{""proportion"": 0.0, ""confidence"": [0.0, 0.7301340512159458], ""p_value"": 1.0, ""solo_contingency"": [[0, 1], [313, 24469]], ""contingency"": [[0, 1], [5525, 28979]]}",{}
NC00962.3,EMB-0.25-0.9-0.5,0.0,GARC1,RUS,EMB,embB@C549Y,U,{},"{""proportion"": 0.0, ""confidence"": [0.0, 0.4741955741575127], ""p_value"": 1.0, ""solo_contingency"": [[0, 3], [313, 24469]], ""contingency"": [[0, 3], [5525, 28977]]}",{}
NC00962.3,EMB-0.25-0.9-0.5,0.0,GARC1,RUS,EMB,embA@N37S,U,{},"{""proportion"": 0.0, ""confidence"": [0.0, 0.7301340512159458], ""p_value"": 1.0, ""solo_contingency"": [[0, 1], [313, 24469]], ""contingency"": [[0, 1], [5525, 28979]]}",{}
NC00962.3,EMB-0.25-0.9-0.5,0.0,GARC1,RUS,EMB,embA@G823E,U,{},"{""proportion"": 0.0, ""confidence"": [0.0, 0.4741955741575127], ""p_value"": 1.0, ""solo_contingency"": [[0, 3], [313, 24469]], ""contingency"": [[0, 3], [5525, 28977]]}",{}
NC00962.3,EMB-0.25-0.9-0.5,0.0,GARC1,RUS,EMB,embA@S1040L,U,{},"{""proportion"": 0.0, ""confidence"": [0.0, 0.7301340512159458], ""p_value"": 1.0, ""solo_contingency"": [[0, 1], [313, 24469]], ""contingency"": [[0, 1], [5525, 28979]]}",{}
NC00962.3,EMB-0.25-0.9-0.5,0.0,GARC1,RUS,EMB,embA@A804T,U,{},"{""proportion"": 0.0, ""confidence"": [0.0, 0.7301340512159458], ""p_value"": 1.0, ""solo_contingency"": [[0, 1], [313, 24469]], ""contingency"": [[0, 1], [5525, 28979]]}",{}
NC00962.3,EMB-0.25-0.9-0.5,0.0,GARC1,RUS,EMB,embB@A155G,U,{},"{""proportion"": 0.0, ""confidence"": [0.0, 0.7301340512159458], ""p_value"": 1.0, ""solo_contingency"": [[0, 1], [313, 24469]], ""contingency"": [[0, 1], [5525, 28979]]}",{}
NC00962.3,EMB-0.25-0.9-0.5,0.0,GARC1,RUS,EMB,embA@W393S,U,{},"{""proportion"": 0.0, ""confidence"": [0.0, 0.7301340512159458], ""p_value"": 1.0, ""solo_contingency"": [[0, 1], [313, 24469]], ""contingency"": [[1, 1], [5524, 28979]]}",{}
NC00962.3,EMB-0.25-0.9-0.5,0.0,GARC1,RUS,EMB,embA@V534L,U,{},"{""proportion"": 0.0, ""confidence"": [0.0, 0.5749693909936535], ""p_value"": 1.0, ""solo_contingency"": [[0, 2], [313, 24469]], ""contingency"": [[0, 2], [5525, 28978]]}",{}
NC00962.3,EMB-0.25-0.9-0.5,0.0,GARC1,RUS,EMB,embB@M396L,U,{},"{""proportion"": 0.0, ""confidence"": [0.0, 0.7301340512159458], ""p_value"": 1.0, ""solo_contingency"": [[0, 1], [313, 24469]], ""contingency"": [[0, 1], [5525, 28979]]}",{}
NC00962.3,EMB-0.25-0.9-0.5,0.0,GARC1,RUS,EMB,embA@R194Q,U,{},"{""proportion"": 0.0, ""confidence"": [0.0, 0.3511165007651012], ""p_value"": 0.34082031250000006, ""solo_contingency"": [[0, 5], [313, 24469]], ""contingency"": [[0, 5], [5525, 28975]]}",{}
NC00962.3,EMB-0.25-0.9-0.5,0.0,GARC1,RUS,EMB,embA@V911G,U,{},"{""proportion"": 0.0, ""confidence"": [0.0, 0.7301340512159458], ""p_value"": 1.0, ""solo_contingency"": [[0, 1], [313, 24469]], ""contingency"": [[0, 1], [5525, 28979]]}",{}
NC00962.3,EMB-0.25-0.9-0.5,0.0,GARC1,RUS,EMB,embA@A223V,U,{},"{""proportion"": 0.0, ""confidence"": [0.0, 0.7301340512159458], ""p_value"": 1.0, ""solo_contingency"": [[0, 1], [313, 24469]], ""contingency"": [[0, 1], [5525, 28979]]}",{}
NC00962.3,EMB-0.25-0.9-0.5,0.0,GARC1,RUS,EMB,embB@S22F,U,{},"{""proportion"": 0.0, ""confidence"": [0.0, 0.7301340512159458], ""p_value"": 1.0, ""solo_contingency"": [[0, 1], [313, 24469]], ""contingency"": [[0, 1], [5525, 28979]]}",{}
NC00962.3,EMB-0.25-0.9-0.5,0.0,GARC1,RUS,EMB,embB@G305C,U,{},"{""proportion"": 0.0, ""confidence"": [0.0, 0.4741955741575127], ""p_value"": 1.0, ""solo_contingency"": [[0, 3], [313, 24469]], ""contingency"": [[0, 3], [5525, 28977]]}",{}
NC00962.3,EMB-0.25-0.9-0.5,0.0,GARC1,RUS,EMB,embA@R866Q,U,{},"{""proportion"": 0.0, ""confidence"": [0.0, 0.5749693909936535], ""p_value"": 1.0, ""solo_contingency"": [[0, 2], [313, 24469]], ""contingency"": [[0, 2], [5525, 28978]]}",{}
NC00962.3,EMB-0.25-0.9-0.5,0.0,GARC1,RUS,EMB,embA@R229T,U,{},"{""proportion"": 0.0, ""confidence"": [0.0, 0.7301340512159458], ""p_value"": 1.0, ""solo_contingency"": [[0, 1], [313, 24469]], ""contingency"": [[0, 1], [5525, 28979]]}",{}
NC00962.3,EMB-0.25-0.9-0.5,0.0,GARC1,RUS,EMB,embB@V377M,U,{},"{""proportion"": 0.0, ""confidence"": [0.0, 0.7301340512159458], ""p_value"": 1.0, ""solo_contingency"": [[0, 1], [313, 24469]], ""contingency"": [[0, 1], [5525, 28979]]}",{}
NC00962.3,EMB-0.25-0.9-0.5,0.0,GARC1,RUS,EMB,embA@L261S,U,{},"{""proportion"": 0.0, ""confidence"": [0.0, 0.7301340512159458], ""p_value"": 1.0, ""solo_contingency"": [[0, 1], [313, 24469]], ""contingency"": [[0, 1], [5525, 28979]]}",{}
NC00962.3,EMB-0.25-0.9-0.5,0.0,GARC1,RUS,EMB,embA@R445P,U,{},"{""proportion"": 0.0, ""confidence"": [0.0, 0.7301340512159458], ""p_value"": 1.0, ""solo_contingency"": [[0, 1], [313, 24469]], ""contingency"": [[0, 1], [5525, 28979]]}",{}
NC00962.3,EMB-0.25-0.9-0.5,0.0,GARC1,RUS,EMB,embB@A155V,U,{},"{""proportion"": 0.0, ""confidence"": [0.0, 0.7301340512159458], ""p_value"": 1.0, ""solo_contingency"": [[0, 1], [313, 24469]], ""contingency"": [[0, 1], [5525, 28979]]}",{}
NC00962.3,EMB-0.25-0.9-0.5,0.0,GARC1,RUS,EMB,embB@A852V,U,{},"{""proportion"": 0.0, ""confidence"": [0.0, 0.7301340512159458], ""p_value"": 1.0, ""solo_contingency"": [[0, 1], [313, 24469]], ""contingency"": [[0, 1], [5525, 28979]]}",{}
NC00962.3,EMB-0.25-0.9-0.5,0.0,GARC1,RUS,EMB,embA@H673R,U,{},"{""proportion"": 0.0, ""confidence"": [0.0, 0.278762695452542], ""p_value"": 0.20404052734375, ""solo_contingency"": [[0, 7], [313, 24469]], ""contingency"": [[0, 7], [5525, 28973]]}",{}
NC00962.3,EMB-0.25-0.9-0.5,0.0,GARC1,RUS,EMB,embB@F79L,U,{},"{""proportion"": 0.0, ""confidence"": [0.0, 0.7301340512159458], ""p_value"": 1.0, ""solo_contingency"": [[0, 1], [313, 24469]], ""contingency"": [[0, 1], [5525, 28979]]}",{}
NC00962.3,EMB-0.25-0.9-0.5,0.0,GARC1,RUS,EMB,embA@L781H,U,{},"{""proportion"": 0.0, ""confidence"": [0.0, 0.7301340512159458], ""p_value"": 1.0, ""solo_contingency"": [[0, 1], [313, 24469]], ""contingency"": [[0, 1], [5525, 28979]]}",{}
NC00962.3,EMB-0.25-0.9-0.5,0.0,GARC1,RUS,EMB,embB@A693T,U,{},"{""proportion"": 0.0, ""confidence"": [0.0, 0.5749693909936535], ""p_value"": 1.0, ""solo_contingency"": [[0, 2], [313, 24469]], ""contingency"": [[0, 2], [5525, 28978]]}",{}
NC00962.3,EMB-0.25-0.9-0.5,0.0,GARC1,RUS,EMB,embA@V627A,U,{},"{""proportion"": 0.0, ""confidence"": [0.0, 0.5749693909936535], ""p_value"": 1.0, ""solo_contingency"": [[0, 2], [313, 24469]], ""contingency"": [[0, 2], [5525, 28978]]}",{}
NC00962.3,EMB-0.25-0.9-0.5,0.0,GARC1,RUS,EMB,embB@P93H,U,{},"{""proportion"": 0.0, ""confidence"": [0.0, 0.7301340512159458], ""p_value"": 1.0, ""solo_contingency"": [[0, 1], [313, 24469]], ""contingency"": [[0, 1], [5525, 28979]]}",{}
NC00962.3,EMB-0.25-0.9-0.5,0.0,GARC1,RUS,EMB,embB@W621S,U,{},"{""proportion"": 0.0, ""confidence"": [0.0, 0.5749693909936535], ""p_value"": 1.0, ""solo_contingency"": [[0, 2], [313, 24469]], ""contingency"": [[0, 2], [5525, 28978]]}",{}
NC00962.3,EMB-0.25-0.9-0.5,0.0,GARC1,RUS,EMB,embA@V695M,U,{},"{""proportion"": 0.0, ""confidence"": [0.0, 0.278762695452542], ""p_value"": 0.20404052734375, ""solo_contingency"": [[0, 7], [313, 24469]], ""contingency"": [[2, 10], [5523, 28970]]}",{}
NC00962.3,EMB-0.25-0.9-0.5,0.0,GARC1,RUS,EMB,embB@S272N,U,{},"{""proportion"": 0.0, ""confidence"": [0.0, 0.4741955741575127], ""p_value"": 1.0, ""solo_contingency"": [[0, 3], [313, 24469]], ""contingency"": [[0, 4], [5525, 28976]]}",{}
NC00962.3,EMB-0.25-0.9-0.5,0.0,GARC1,RUS,EMB,embA@V396M,U,{},"{""proportion"": 0.0, ""confidence"": [0.0, 0.5749693909936535], ""p_value"": 1.0, ""solo_contingency"": [[0, 2], [313, 24469]], ""contingency"": [[0, 2], [5525, 28978]]}",{}
NC00962.3,EMB-0.25-0.9-0.5,0.0,GARC1,RUS,EMB,embB@P45L,U,{},"{""proportion"": 0.0, ""confidence"": [0.0, 0.7301340512159458], ""p_value"": 1.0, ""solo_contingency"": [[0, 1], [313, 24469]], ""contingency"": [[0, 1], [5525, 28979]]}",{}
NC00962.3,EMB-0.25-0.9-0.5,0.0,GARC1,RUS,EMB,embA@S20P,U,{},"{""proportion"": 0.0, ""confidence"": [0.0, 0.40347862520270455], ""p_value"": 0.578125, ""solo_contingency"": [[0, 4], [313, 24469]], ""contingency"": [[1, 5], [5524, 28975]]}",{}
NC00962.3,EMB-0.25-0.9-0.5,0.0,GARC1,RUS,EMB,embB@T532A,U,{},"{""proportion"": 0.0, ""confidence"": [0.0, 0.5749693909936535], ""p_value"": 1.0, ""solo_contingency"": [[0, 2], [313, 24469]], ""contingency"": [[0, 2], [5525, 28978]]}",{}
NC00962.3,EMB-0.25-0.9-0.5,0.0,GARC1,RUS,EMB,embA@I553L,U,{},"{""proportion"": 0.0, ""confidence"": [0.0, 0.5749693909936535], ""p_value"": 1.0, ""solo_contingency"": [[0, 2], [313, 24469]], ""contingency"": [[0, 2], [5525, 28978]]}",{}
NC00962.3,EMB-0.25-0.9-0.5,0.0,GARC1,RUS,EMB,embB@A388D,U,{},"{""proportion"": 0.0, ""confidence"": [0.0, 0.5749693909936535], ""p_value"": 1.0, ""solo_contingency"": [[0, 2], [313, 24469]], ""contingency"": [[0, 2], [5525, 28978]]}",{}
NC00962.3,EMB-0.25-0.9-0.5,0.0,GARC1,RUS,EMB,embA@D144G,U,{},"{""proportion"": 0.0, ""confidence"": [0.0, 0.7301340512159458], ""p_value"": 1.0, ""solo_contingency"": [[0, 1], [313, 24469]], ""contingency"": [[0, 1], [5525, 28979]]}",{}
NC00962.3,EMB-0.25-0.9-0.5,0.0,GARC1,RUS,EMB,embA@A586T,U,{},"{""proportion"": 0.0, ""confidence"": [0.0, 0.5749693909936535], ""p_value"": 1.0, ""solo_contingency"": [[0, 2], [313, 24469]], ""contingency"": [[0, 2], [5525, 28978]]}",{}
NC00962.3,EMB-0.25-0.9-0.5,0.0,GARC1,RUS,EMB,embB@A454P,U,{},"{""proportion"": 0.0, ""confidence"": [0.0, 0.7301340512159458], ""p_value"": 1.0, ""solo_contingency"": [[0, 1], [313, 24469]], ""contingency"": [[0, 1], [5525, 28979]]}",{}
NC00962.3,EMB-0.25-0.9-0.5,0.0,GARC1,RUS,EMB,embB@D970A,U,{},"{""proportion"": 0.0, ""confidence"": [0.0, 0.7301340512159458], ""p_value"": 1.0, ""solo_contingency"": [[0, 1], [313, 24469]], ""contingency"": [[0, 1], [5525, 28979]]}",{}
NC00962.3,EMB-0.25-0.9-0.5,0.0,GARC1,RUS,EMB,embA@L525M,U,{},"{""proportion"": 0.0, ""confidence"": [0.0, 0.5749693909936535], ""p_value"": 1.0, ""solo_contingency"": [[0, 2], [313, 24469]], ""contingency"": [[0, 2], [5525, 28978]]}",{}
NC00962.3,EMB-0.25-0.9-0.5,0.0,GARC1,RUS,EMB,embB@G65D,U,{},"{""proportion"": 0.0, ""confidence"": [0.0, 0.40347862520270455], ""p_value"": 0.578125, ""solo_contingency"": [[0, 4], [313, 24469]], ""contingency"": [[0, 4], [5525, 28976]]}",{}
NC00962.3,EMB-0.25-0.9-0.5,0.0,GARC1,RUS,EMB,embA@W306G,U,{},"{""proportion"": 0.0, ""confidence"": [0.0, 0.7301340512159458], ""p_value"": 1.0, ""solo_contingency"": [[0, 1], [313, 24469]], ""contingency"": [[0, 1], [5525, 28979]]}",{}
NC00962.3,EMB-0.25-0.9-0.5,0.0,GARC1,RUS,EMB,embB@V414G,U,{},"{""proportion"": 0.0, ""confidence"": [0.0, 0.5749693909936535], ""p_value"": 1.0, ""solo_contingency"": [[0, 2], [313, 24469]], ""contingency"": [[0, 2], [5525, 28978]]}",{}
NC00962.3,EMB-0.25-0.9-0.5,0.0,GARC1,RUS,EMB,embA@D274G,U,{},"{""proportion"": 0.0, ""confidence"": [0.0, 0.7301340512159458], ""p_value"": 1.0, ""solo_contingency"": [[0, 1], [313, 24469]], ""contingency"": [[0, 1], [5525, 28979]]}",{}
NC00962.3,EMB-0.25-0.9-0.5,0.0,GARC1,RUS,EMB,embA@E512A,U,{},"{""proportion"": 0.0, ""confidence"": [0.0, 0.7301340512159458], ""p_value"": 1.0, ""solo_contingency"": [[0, 1], [313, 24469]], ""contingency"": [[0, 1], [5525, 28979]]}",{}
NC00962.3,EMB-0.25-0.9-0.5,0.0,GARC1,RUS,EMB,embA@R188H,U,{},"{""proportion"": 0.0, ""confidence"": [0.0, 0.7301340512159458], ""p_value"": 1.0, ""solo_contingency"": [[0, 1], [313, 24469]], ""contingency"": [[0, 1], [5525, 28979]]}",{}
NC00962.3,EMB-0.25-0.9-0.5,0.0,GARC1,RUS,EMB,embA@I595V,U,{},"{""proportion"": 0.0, ""confidence"": [0.0, 0.3511165007651012], ""p_value"": 0.34082031250000006, ""solo_contingency"": [[0, 5], [313, 24469]], ""contingency"": [[0, 7], [5525, 28973]]}",{}
NC00962.3,EMB-0.25-0.9-0.5,0.0,GARC1,RUS,EMB,embA@G729R,U,{},"{""proportion"": 0.0, ""confidence"": [0.0, 0.4741955741575127], ""p_value"": 1.0, ""solo_contingency"": [[0, 3], [313, 24469]], ""contingency"": [[8, 3], [5517, 28977]]}",{}
NC00962.3,EMB-0.25-0.9-0.5,0.0,GARC1,RUS,EMB,embB@A235V,U,{},"{""proportion"": 0.0, ""confidence"": [0.0, 0.7301340512159458], ""p_value"": 1.0, ""solo_contingency"": [[0, 1], [313, 24469]], ""contingency"": [[0, 1], [5525, 28979]]}",{}
NC00962.3,EMB-0.25-0.9-0.5,0.0,GARC1,RUS,EMB,embA@I131V,U,{},"{""proportion"": 0.0, ""confidence"": [0.0, 0.4741955741575127], ""p_value"": 1.0, ""solo_contingency"": [[0, 3], [313, 24469]], ""contingency"": [[0, 3], [5525, 28977]]}",{}
NC00962.3,EMB-0.25-0.9-0.5,0.0,GARC1,RUS,EMB,embB@P197R,U,{},"{""proportion"": 0.0, ""confidence"": [0.0, 0.7301340512159458], ""p_value"": 1.0, ""solo_contingency"": [[0, 1], [313, 24469]], ""contingency"": [[1, 1], [5524, 28979]]}",{}
NC00962.3,EMB-0.25-0.9-0.5,0.0,GARC1,RUS,EMB,embA@N110D,U,{},"{""proportion"": 0.0, ""confidence"": [0.0, 0.5749693909936535], ""p_value"": 1.0, ""solo_contingency"": [[0, 2], [313, 24469]], ""contingency"": [[0, 2], [5525, 28978]]}",{}
NC00962.3,EMB-0.25-0.9-0.5,0.0,GARC1,RUS,EMB,embA@P381L,U,{},"{""proportion"": 0.0, ""confidence"": [0.0, 0.5749693909936535], ""p_value"": 1.0, ""solo_contingency"": [[0, 2], [313, 24469]], ""contingency"": [[0, 2], [5525, 28978]]}",{}
NC00962.3,EMB-0.25-0.9-0.5,0.0,GARC1,RUS,EMB,embA@G1088!,U,{},"{""proportion"": 0.0, ""confidence"": [0.0, 0.7301340512159458], ""p_value"": 1.0, ""solo_contingency"": [[0, 1], [313, 24469]], ""contingency"": [[0, 1], [5525, 28979]]}",{}
NC00962.3,EMB-0.25-0.9-0.5,0.0,GARC1,RUS,EMB,embB@R623P,U,{},"{""proportion"": 0.0, ""confidence"": [0.0, 0.7301340512159458], ""p_value"": 1.0, ""solo_contingency"": [[0, 1], [313, 24469]], ""contingency"": [[0, 1], [5525, 28979]]}",{}
NC00962.3,EMB-0.25-0.9-0.5,0.0,GARC1,RUS,EMB,embA@A109T,U,{},"{""proportion"": 0.0, ""confidence"": [0.0, 0.5749693909936535], ""p_value"": 1.0, ""solo_contingency"": [[0, 2], [313, 24469]], ""contingency"": [[0, 2], [5525, 28978]]}",{}
NC00962.3,EMB-0.25-0.9-0.5,0.0,GARC1,RUS,EMB,embA@L563V,U,{},"{""proportion"": 0.0, ""confidence"": [0.0, 0.7301340512159458], ""p_value"": 1.0, ""solo_contingency"": [[0, 1], [313, 24469]], ""contingency"": [[0, 1], [5525, 28979]]}",{}
NC00962.3,EMB-0.25-0.9-0.5,0.0,GARC1,RUS,EMB,embB@G665W,U,{},"{""proportion"": 0.0, ""confidence"": [0.0, 0.40347862520270455], ""p_value"": 0.578125, ""solo_contingency"": [[0, 4], [313, 24469]], ""contingency"": [[0, 4], [5525, 28976]]}",{}
NC00962.3,EMB-0.25-0.9-0.5,0.0,GARC1,RUS,EMB,embB@L1053V,U,{},"{""proportion"": 0.0, ""confidence"": [0.0, 0.7301340512159458], ""p_value"": 1.0, ""solo_contingency"": [[0, 1], [313, 24469]], ""contingency"": [[0, 1], [5525, 28979]]}",{}
NC00962.3,EMB-0.25-0.9-0.5,0.0,GARC1,RUS,EMB,embB@A993T,U,{},"{""proportion"": 0.0, ""confidence"": [0.0, 0.7301340512159458], ""p_value"": 1.0, ""solo_contingency"": [[0, 1], [313, 24469]], ""contingency"": [[0, 1], [5525, 28979]]}",{}
NC00962.3,EMB-0.25-0.9-0.5,0.0,GARC1,RUS,EMB,embA@I821T,U,{},"{""proportion"": 0.0, ""confidence"": [0.0, 0.7301340512159458], ""p_value"": 1.0, ""solo_contingency"": [[0, 1], [313, 24469]], ""contingency"": [[0, 2], [5525, 28978]]}",{}
NC00962.3,EMB-0.25-0.9-0.5,0.0,GARC1,RUS,EMB,embB@D752H,U,{},"{""proportion"": 0.0, ""confidence"": [0.0, 0.7301340512159458], ""p_value"": 1.0, ""solo_contingency"": [[0, 1], [313, 24469]], ""contingency"": [[0, 1], [5525, 28979]]}",{}
NC00962.3,EMB-0.25-0.9-0.5,0.0,GARC1,RUS,EMB,embB@V898M,U,{},"{""proportion"": 0.0, ""confidence"": [0.0, 0.7301340512159458], ""p_value"": 1.0, ""solo_contingency"": [[0, 1], [313, 24469]], ""contingency"": [[0, 1], [5525, 28979]]}",{}
NC00962.3,EMB-0.25-0.9-0.5,0.0,GARC1,RUS,EMB,embA@T300A,U,{},"{""proportion"": 0.0, ""confidence"": [0.0, 0.7301340512159458], ""p_value"": 1.0, ""solo_contingency"": [[0, 1], [313, 24469]], ""contingency"": [[0, 1], [5525, 28979]]}",{}
NC00962.3,EMB-0.25-0.9-0.5,0.0,GARC1,RUS,EMB,embA@R11Q,U,{},"{""proportion"": 0.0, ""confidence"": [0.0, 0.5749693909936535], ""p_value"": 1.0, ""solo_contingency"": [[0, 2], [313, 24469]], ""contingency"": [[0, 2], [5525, 28978]]}",{}
NC00962.3,EMB-0.25-0.9-0.5,0.0,GARC1,RUS,EMB,embB@D78E,U,{},"{""proportion"": 0.0, ""confidence"": [0.0, 0.7301340512159458], ""p_value"": 1.0, ""solo_contingency"": [[0, 1], [313, 24469]], ""contingency"": [[0, 1], [5525, 28979]]}",{}
NC00962.3,EMB-0.25-0.9-0.5,0.0,GARC1,RUS,EMB,embA@V458P,U,{},"{""proportion"": 0.0, ""confidence"": [0.0, 0.5749693909936535], ""p_value"": 1.0, ""solo_contingency"": [[0, 2], [313, 24469]], ""contingency"": [[0, 2], [5525, 28978]]}",{}
NC00962.3,EMB-0.25-0.9-0.5,0.0,GARC1,RUS,EMB,embA@R234P,U,{},"{""proportion"": 0.0, ""confidence"": [0.0, 0.7301340512159458], ""p_value"": 1.0, ""solo_contingency"": [[0, 1], [313, 24469]], ""contingency"": [[0, 1], [5525, 28979]]}",{}
NC00962.3,EMB-0.25-0.9-0.5,0.0,GARC1,RUS,EMB,embB@P809S,U,{},"{""proportion"": 0.0, ""confidence"": [0.0, 0.3511165007651012], ""p_value"": 0.34082031250000006, ""solo_contingency"": [[0, 5], [313, 24469]], ""contingency"": [[0, 5], [5525, 28975]]}",{}
NC00962.3,EMB-0.25-0.9-0.5,0.0,GARC1,RUS,EMB,embB@V727A,U,{},"{""proportion"": 0.0, ""confidence"": [0.0, 0.7301340512159458], ""p_value"": 1.0, ""solo_contingency"": [[0, 1], [313, 24469]], ""contingency"": [[0, 1], [5525, 28979]]}",{}
NC00962.3,EMB-0.25-0.9-0.5,0.0,GARC1,RUS,EMB,embA@M324V,U,{},"{""proportion"": 0.0, ""confidence"": [0.0, 0.7301340512159458], ""p_value"": 1.0, ""solo_contingency"": [[0, 1], [313, 24469]], ""contingency"": [[0, 1], [5525, 28979]]}",{}
NC00962.3,EMB-0.25-0.9-0.5,0.0,GARC1,RUS,EMB,embA@V458A,U,{},"{""proportion"": 0.0, ""confidence"": [0.0, 0.7301340512159458], ""p_value"": 1.0, ""solo_contingency"": [[0, 1], [313, 24469]], ""contingency"": [[0, 1], [5525, 28979]]}",{}
NC00962.3,EMB-0.25-0.9-0.5,0.0,GARC1,RUS,EMB,embB@L268P,U,{},"{""proportion"": 0.0, ""confidence"": [0.0, 0.7301340512159458], ""p_value"": 1.0, ""solo_contingency"": [[0, 1], [313, 24469]], ""contingency"": [[0, 1], [5525, 28979]]}",{}
NC00962.3,EMB-0.25-0.9-0.5,0.0,GARC1,RUS,EMB,embA@F650L,U,{},"{""proportion"": 0.0, ""confidence"": [0.0, 0.7301340512159458], ""p_value"": 1.0, ""solo_contingency"": [[0, 1], [313, 24469]], ""contingency"": [[0, 1], [5525, 28979]]}",{}
NC00962.3,EMB-0.25-0.9-0.5,0.0,GARC1,RUS,EMB,embA@Q990H,U,{},"{""proportion"": 0.0, ""confidence"": [0.0, 0.7301340512159458], ""p_value"": 1.0, ""solo_contingency"": [[0, 1], [313, 24469]], ""contingency"": [[0, 1], [5525, 28979]]}",{}
NC00962.3,EMB-0.25-0.9-0.5,0.0,GARC1,RUS,EMB,embA@E397K,U,{},"{""proportion"": 0.0, ""confidence"": [0.0, 0.7301340512159458], ""p_value"": 1.0, ""solo_contingency"": [[0, 1], [313, 24469]], ""contingency"": [[0, 1], [5525, 28979]]}",{}
NC00962.3,EMB-0.25-0.9-0.5,0.0,GARC1,RUS,EMB,embB@P818T,U,{},"{""proportion"": 0.0, ""confidence"": [0.0, 0.5749693909936535], ""p_value"": 1.0, ""solo_contingency"": [[0, 2], [313, 24469]], ""contingency"": [[0, 2], [5525, 28978]]}",{}
NC00962.3,EMB-0.25-0.9-0.5,0.0,GARC1,RUS,EMB,embB@A705T,U,{},"{""proportion"": 0.0, ""confidence"": [0.0, 0.7301340512159458], ""p_value"": 1.0, ""solo_contingency"": [[0, 1], [313, 24469]], ""contingency"": [[0, 3], [5525, 28977]]}",{}
NC00962.3,EMB-0.25-0.9-0.5,0.0,GARC1,RUS,EMB,embA@A284S,U,{},"{""proportion"": 0.0, ""confidence"": [0.0, 0.7301340512159458], ""p_value"": 1.0, ""solo_contingency"": [[0, 1], [313, 24469]], ""contingency"": [[0, 1], [5525, 28979]]}",{}
NC00962.3,EMB-0.25-0.9-0.5,0.0,GARC1,RUS,EMB,embB@A677T,U,{},"{""proportion"": 0.0, ""confidence"": [0.0, 0.7301340512159458], ""p_value"": 1.0, ""solo_contingency"": [[0, 1], [313, 24469]], ""contingency"": [[0, 1], [5525, 28979]]}",{}
NC00962.3,EMB-0.25-0.9-0.5,0.0,GARC1,RUS,EMB,embB@R1059G,U,{},"{""proportion"": 0.0, ""confidence"": [0.0, 0.7301340512159458], ""p_value"": 1.0, ""solo_contingency"": [[0, 1], [313, 24469]], ""contingency"": [[0, 1], [5525, 28979]]}",{}
NC00962.3,EMB-0.25-0.9-0.5,0.0,GARC1,RUS,EMB,embA@T1033I,U,{},"{""proportion"": 0.0, ""confidence"": [0.0, 0.7301340512159458], ""p_value"": 1.0, ""solo_contingency"": [[0, 1], [313, 24469]], ""contingency"": [[0, 1], [5525, 28979]]}",{}
NC00962.3,EMB-0.25-0.9-0.5,0.0,GARC1,RUS,EMB,embB@T830M,U,{},"{""proportion"": 0.0, ""confidence"": [0.0, 0.7301340512159458], ""p_value"": 1.0, ""solo_contingency"": [[0, 1], [313, 24469]], ""contingency"": [[0, 1], [5525, 28979]]}",{}
NC00962.3,EMB-0.25-0.9-0.5,0.0,GARC1,RUS,EMB,embB@C549G,U,{},"{""proportion"": 0.0, ""confidence"": [0.0, 0.7301340512159458], ""p_value"": 1.0, ""solo_contingency"": [[0, 1], [313, 24469]], ""contingency"": [[0, 1], [5525, 28979]]}",{}
NC00962.3,EMB-0.25-0.9-0.5,0.0,GARC1,RUS,EMB,embB@R257W,U,{},"{""proportion"": 0.0, ""confidence"": [0.0, 0.5749693909936535], ""p_value"": 1.0, ""solo_contingency"": [[0, 2], [313, 24469]], ""contingency"": [[0, 2], [5525, 28978]]}",{}
NC00962.3,EMB-0.25-0.9-0.5,0.0,GARC1,RUS,EMB,embA@T113M,U,{},"{""proportion"": 0.0, ""confidence"": [0.0, 0.7301340512159458], ""p_value"": 1.0, ""solo_contingency"": [[0, 1], [313, 24469]], ""contingency"": [[0, 1], [5525, 28979]]}",{}
NC00962.3,EMB-0.25-0.9-0.5,0.0,GARC1,RUS,EMB,embB@A201T,U,{},"{""proportion"": 0.0, ""confidence"": [0.0, 0.7301340512159458], ""p_value"": 1.0, ""solo_contingency"": [[0, 1], [313, 24469]], ""contingency"": [[0, 1], [5525, 28979]]}",{}
NC00962.3,EMB-0.25-0.9-0.5,0.0,GARC1,RUS,EMB,embB@D869E,U,{},"{""proportion"": 0.0, ""confidence"": [0.0, 0.4741955741575127], ""p_value"": 1.0, ""solo_contingency"": [[0, 3], [313, 24469]], ""contingency"": [[0, 3], [5525, 28977]]}",{}
NC00962.3,EMB-0.25-0.9-0.5,0.0,GARC1,RUS,EMB,embA@T688M,U,{},"{""proportion"": 0.0, ""confidence"": [0.0, 0.7301340512159458], ""p_value"": 1.0, ""solo_contingency"": [[0, 1], [313, 24469]], ""contingency"": [[0, 1], [5525, 28979]]}",{}
NC00962.3,EMB-0.25-0.9-0.5,0.0,GARC1,RUS,EMB,embB@S261P,U,{},"{""proportion"": 0.0, ""confidence"": [0.0, 0.7301340512159458], ""p_value"": 1.0, ""solo_contingency"": [[0, 1], [313, 24469]], ""contingency"": [[0, 1], [5525, 28979]]}",{}
NC00962.3,EMB-0.25-0.9-0.5,0.0,GARC1,RUS,EMB,embB@K820N,U,{},"{""proportion"": 0.0, ""confidence"": [0.0, 0.7301340512159458], ""p_value"": 1.0, ""solo_contingency"": [[0, 1], [313, 24469]], ""contingency"": [[0, 1], [5525, 28979]]}",{}
NC00962.3,EMB-0.25-0.9-0.5,0.0,GARC1,RUS,EMB,embB@G914R,U,{},"{""proportion"": 0.0, ""confidence"": [0.0, 0.7301340512159458], ""p_value"": 1.0, ""solo_contingency"": [[0, 1], [313, 24469]], ""contingency"": [[0, 1], [5525, 28979]]}",{}
NC00962.3,EMB-0.25-0.9-0.5,0.0,GARC1,RUS,EMB,embA@T652M,U,{},"{""proportion"": 0.0, ""confidence"": [0.0, 0.7301340512159458], ""p_value"": 1.0, ""solo_contingency"": [[0, 1], [313, 24469]], ""contingency"": [[0, 1], [5525, 28979]]}",{}
NC00962.3,EMB-0.25-0.9-0.5,0.0,GARC1,RUS,EMB,embA@V89M,U,{},"{""proportion"": 0.0, ""confidence"": [0.0, 0.7301340512159458], ""p_value"": 1.0, ""solo_contingency"": [[0, 1], [313, 24469]], ""contingency"": [[0, 1], [5525, 28979]]}",{}
NC00962.3,EMB-0.25-0.9-0.5,0.0,GARC1,RUS,EMB,embA@Y307H,U,{},"{""proportion"": 0.0, ""confidence"": [0.0, 0.4741955741575127], ""p_value"": 1.0, ""solo_contingency"": [[0, 3], [313, 24469]], ""contingency"": [[0, 3], [5525, 28977]]}",{}
NC00962.3,EMB-0.25-0.9-0.5,0.0,GARC1,RUS,EMB,embB@V888M,U,{},"{""proportion"": 0.0, ""confidence"": [0.0, 0.7301340512159458], ""p_value"": 1.0, ""solo_contingency"": [[0, 1], [313, 24469]], ""contingency"": [[0, 1], [5525, 28979]]}",{}
NC00962.3,EMB-0.25-0.9-0.5,0.0,GARC1,RUS,EMB,embA@c-3t,U,{},"{""proportion"": 0.0, ""confidence"": [0.0, 0.7301340512159458], ""p_value"": 1.0, ""solo_contingency"": [[0, 1], [313, 24469]], ""contingency"": [[0, 1], [5525, 28979]]}",{}
NC00962.3,EMB-0.25-0.9-0.5,0.0,GARC1,RUS,EMB,embB@I578V,U,{},"{""proportion"": 0.0, ""confidence"": [0.0, 0.7301340512159458], ""p_value"": 1.0, ""solo_contingency"": [[0, 1], [313, 24469]], ""contingency"": [[0, 1], [5525, 28979]]}",{}
NC00962.3,EMB-0.25-0.9-0.5,0.0,GARC1,RUS,EMB,embA@P976T,U,{},"{""proportion"": 0.0, ""confidence"": [0.0, 0.5749693909936535], ""p_value"": 1.0, ""solo_contingency"": [[0, 2], [313, 24469]], ""contingency"": [[0, 2], [5525, 28978]]}",{}
NC00962.3,EMB-0.25-0.9-0.5,0.0,GARC1,RUS,EMB,embB@I545M,U,{},"{""proportion"": 0.0, ""confidence"": [0.0, 0.5749693909936535], ""p_value"": 1.0, ""solo_contingency"": [[0, 2], [313, 24469]], ""contingency"": [[0, 2], [5525, 28978]]}",{}
NC00962.3,EMB-0.25-0.9-0.5,0.0,GARC1,RUS,EMB,embA@P774H,U,{},"{""proportion"": 0.0, ""confidence"": [0.0, 0.5749693909936535], ""p_value"": 1.0, ""solo_contingency"": [[0, 2], [313, 24469]], ""contingency"": [[1, 2], [5524, 28978]]}",{}
NC00962.3,EMB-0.25-0.9-0.5,0.0,GARC1,RUS,EMB,embB@G37S,U,{},"{""proportion"": 0.0, ""confidence"": [0.0, 0.3511165007651012], ""p_value"": 0.34082031250000006, ""solo_contingency"": [[0, 5], [313, 24469]], ""contingency"": [[0, 6], [5525, 28974]]}",{}
NC00962.3,EMB-0.25-0.9-0.5,0.0,GARC1,RUS,EMB,embA@V819I,U,{},"{""proportion"": 0.0, ""confidence"": [0.0, 0.7301340512159458], ""p_value"": 1.0, ""solo_contingency"": [[0, 1], [313, 24469]], ""contingency"": [[0, 1], [5525, 28979]]}",{}
NC00962.3,EMB-0.25-0.9-0.5,0.0,GARC1,RUS,EMB,embA@G841A,U,{},"{""proportion"": 0.0, ""confidence"": [0.0, 0.4741955741575127], ""p_value"": 1.0, ""solo_contingency"": [[0, 3], [313, 24469]], ""contingency"": [[0, 3], [5525, 28977]]}",{}
NC00962.3,EMB-0.25-0.9-0.5,0.0,GARC1,RUS,EMB,embB@R568H,U,{},"{""proportion"": 0.0, ""confidence"": [0.0, 0.7301340512159458], ""p_value"": 1.0, ""solo_contingency"": [[0, 1], [313, 24469]], ""contingency"": [[0, 1], [5525, 28979]]}",{}
NC00962.3,EMB-0.25-0.9-0.5,0.0,GARC1,RUS,EMB,embA@S994F,U,{},"{""proportion"": 0.0, ""confidence"": [0.0, 0.7301340512159458], ""p_value"": 1.0, ""solo_contingency"": [[0, 1], [313, 24469]], ""contingency"": [[0, 1], [5525, 28979]]}",{}
NC00962.3,EMB-0.25-0.9-0.5,0.0,GARC1,RUS,EMB,embA@P1087S,U,{},"{""proportion"": 0.0, ""confidence"": [0.0, 0.7301340512159458], ""p_value"": 1.0, ""solo_contingency"": [[0, 1], [313, 24469]], ""contingency"": [[0, 1], [5525, 28979]]}",{}
NC00962.3,EMB-0.25-0.9-0.5,0.0,GARC1,RUS,EMB,embA@A721T,U,{},"{""proportion"": 0.0, ""confidence"": [0.0, 0.5749693909936535], ""p_value"": 1.0, ""solo_contingency"": [[0, 2], [313, 24469]], ""contingency"": [[0, 2], [5525, 28978]]}",{}
NC00962.3,EMB-0.25-0.9-0.5,0.0,GARC1,RUS,EMB,embA@L614M,U,{},"{""proportion"": 0.0, ""confidence"": [0.0, 0.7301340512159458], ""p_value"": 1.0, ""solo_contingency"": [[0, 1], [313, 24469]], ""contingency"": [[0, 1], [5525, 28979]]}",{}
NC00962.3,EMB-0.25-0.9-0.5,0.0,GARC1,RUS,EMB,embA@Y276C,U,{},"{""proportion"": 0.0, ""confidence"": [0.0, 0.7301340512159458], ""p_value"": 1.0, ""solo_contingency"": [[0, 1], [313, 24469]], ""contingency"": [[0, 1], [5525, 28979]]}",{}
NC00962.3,EMB-0.25-0.9-0.5,0.0,GARC1,RUS,EMB,embB@E1008A,U,{},"{""proportion"": 0.0, ""confidence"": [0.0, 0.7301340512159458], ""p_value"": 1.0, ""solo_contingency"": [[0, 1], [313, 24469]], ""contingency"": [[0, 1], [5525, 28979]]}",{}
NC00962.3,EMB-0.25-0.9-0.5,0.0,GARC1,RUS,EMB,embA@L832F,U,{},"{""proportion"": 0.0, ""confidence"": [0.0, 0.7301340512159458], ""p_value"": 1.0, ""solo_contingency"": [[0, 1], [313, 24469]], ""contingency"": [[0, 1], [5525, 28979]]}",{}
NC00962.3,EMB-0.25-0.9-0.5,0.0,GARC1,RUS,EMB,embB@P766R,U,{},"{""proportion"": 0.0, ""confidence"": [0.0, 0.5749693909936535], ""p_value"": 1.0, ""solo_contingency"": [[0, 2], [313, 24469]], ""contingency"": [[0, 2], [5525, 28978]]}",{}
NC00962.3,EMB-0.25-0.9-0.5,0.0,GARC1,RUS,EMB,embA@A1069V,U,{},"{""proportion"": 0.0, ""confidence"": [0.0, 0.7301340512159458], ""p_value"": 1.0, ""solo_contingency"": [[0, 1], [313, 24469]], ""contingency"": [[0, 1], [5525, 28979]]}",{}
NC00962.3,EMB-0.25-0.9-0.5,0.0,GARC1,RUS,EMB,embA@V698I,U,{},"{""proportion"": 0.0, ""confidence"": [0.0, 0.5749693909936535], ""p_value"": 1.0, ""solo_contingency"": [[0, 2], [313, 24469]], ""contingency"": [[0, 2], [5525, 28978]]}",{}
NC00962.3,EMB-0.25-0.9-0.5,0.0,GARC1,RUS,EMB,embA@R472G,U,{},"{""proportion"": 0.0, ""confidence"": [0.0, 0.7301340512159458], ""p_value"": 1.0, ""solo_contingency"": [[0, 1], [313, 24469]], ""contingency"": [[0, 1], [5525, 28979]]}",{}
NC00962.3,EMB-0.25-0.9-0.5,0.0,GARC1,RUS,EMB,embB@A547S,U,{},"{""proportion"": 0.0, ""confidence"": [0.0, 0.3511165007651012], ""p_value"": 0.34082031250000006, ""solo_contingency"": [[0, 5], [313, 24469]], ""contingency"": [[0, 5], [5525, 28975]]}",{}
NC00962.3,EMB-0.25-0.9-0.5,0.0,GARC1,RUS,EMB,embB@V42L,U,{},"{""proportion"": 0.0, ""confidence"": [0.0, 0.7301340512159458], ""p_value"": 1.0, ""solo_contingency"": [[0, 1], [313, 24469]], ""contingency"": [[0, 1], [5525, 28979]]}",{}
NC00962.3,EMB-0.25-0.9-0.5,0.0,GARC1,RUS,EMB,embA@L62M,U,{},"{""proportion"": 0.0, ""confidence"": [0.0, 0.7301340512159458], ""p_value"": 1.0, ""solo_contingency"": [[0, 1], [313, 24469]], ""contingency"": [[1, 1], [5524, 28979]]}",{}
NC00962.3,EMB-0.25-0.9-0.5,0.0,GARC1,RUS,EMB,embA@D176A,U,{},"{""proportion"": 0.0, ""confidence"": [0.0, 0.5749693909936535], ""p_value"": 1.0, ""solo_contingency"": [[0, 2], [313, 24469]], ""contingency"": [[0, 2], [5525, 28978]]}",{}
NC00962.3,EMB-0.25-0.9-0.5,0.0,GARC1,RUS,EMB,embA@A736V,U,{},"{""proportion"": 0.0, ""confidence"": [0.0, 0.7301340512159458], ""p_value"": 1.0, ""solo_contingency"": [[0, 1], [313, 24469]], ""contingency"": [[0, 1], [5525, 28979]]}",{}
NC00962.3,EMB-0.25-0.9-0.5,0.0,GARC1,RUS,EMB,embB@V793I,U,{},"{""proportion"": 0.0, ""confidence"": [0.0, 0.4741955741575127], ""p_value"": 1.0, ""solo_contingency"": [[0, 3], [313, 24469]], ""contingency"": [[0, 3], [5525, 28977]]}",{}
NC00962.3,EMB-0.25-0.9-0.5,0.0,GARC1,RUS,EMB,embB@2943_del_gca,U,{},"{""proportion"": 0.0, ""confidence"": [0.0, 0.5749693909936535], ""p_value"": 1.0, ""solo_contingency"": [[0, 2], [313, 24469]], ""contingency"": [[0, 2], [5525, 28978]]}",{}
NC00962.3,EMB-0.25-0.9-0.5,0.0,GARC1,RUS,EMB,embB@M764L,U,{},"{""proportion"": 0.0, ""confidence"": [0.0, 0.7301340512159458], ""p_value"": 1.0, ""solo_contingency"": [[0, 1], [313, 24469]], ""contingency"": [[0, 1], [5525, 28979]]}",{}
NC00962.3,EMB-0.25-0.9-0.5,0.0,GARC1,RUS,EMB,embB@A903T,U,{},"{""proportion"": 0.0, ""confidence"": [0.0, 0.7301340512159458], ""p_value"": 1.0, ""solo_contingency"": [[0, 1], [313, 24469]], ""contingency"": [[0, 1], [5525, 28979]]}",{}
NC00962.3,EMB-0.25-0.9-0.5,0.0,GARC1,RUS,EMB,embB@D758N,U,{},"{""proportion"": 0.0, ""confidence"": [0.0, 0.5749693909936535], ""p_value"": 1.0, ""solo_contingency"": [[0, 2], [313, 24469]], ""contingency"": [[0, 2], [5525, 28978]]}",{}
NC00962.3,EMB-0.25-0.9-0.5,0.0,GARC1,RUS,EMB,embA@R1047G,U,{},"{""proportion"": 0.0, ""confidence"": [0.0, 0.5749693909936535], ""p_value"": 1.0, ""solo_contingency"": [[0, 2], [313, 24469]], ""contingency"": [[0, 2], [5525, 28978]]}",{}
NC00962.3,EMB-0.25-0.9-0.5,0.0,GARC1,RUS,EMB,embA@I1007L,U,{},"{""proportion"": 0.0, ""confidence"": [0.0, 0.7301340512159458], ""p_value"": 1.0, ""solo_contingency"": [[0, 1], [313, 24469]], ""contingency"": [[0, 1], [5525, 28979]]}",{}
NC00962.3,EMB-0.25-0.9-0.5,0.0,GARC1,RUS,EMB,embA@G154S,U,{},"{""proportion"": 0.0, ""confidence"": [0.0, 0.7301340512159458], ""p_value"": 1.0, ""solo_contingency"": [[0, 1], [313, 24469]], ""contingency"": [[0, 22], [5525, 28958]]}",{}
NC00962.3,EMB-0.25-0.9-0.5,0.0,GARC1,RUS,EMB,embB@A840G,U,{},"{""proportion"": 0.0, ""confidence"": [0.0, 0.7301340512159458], ""p_value"": 1.0, ""solo_contingency"": [[0, 1], [313, 24469]], ""contingency"": [[0, 1], [5525, 28979]]}",{}
NC00962.3,EMB-0.25-0.9-0.5,0.0,GARC1,RUS,EMB,embB@M575V,U,{},"{""proportion"": 0.0, ""confidence"": [0.0, 0.5749693909936535], ""p_value"": 1.0, ""solo_contingency"": [[0, 2], [313, 24469]], ""contingency"": [[0, 2], [5525, 28978]]}",{}
NC00962.3,EMB-0.25-0.9-0.5,0.0,GARC1,RUS,EMB,embA@A127V,U,{},"{""proportion"": 0.0, ""confidence"": [0.0, 0.5749693909936535], ""p_value"": 1.0, ""solo_contingency"": [[0, 2], [313, 24469]], ""contingency"": [[0, 2], [5525, 28978]]}",{}
NC00962.3,EMB-0.25-0.9-0.5,0.0,GARC1,RUS,EMB,embA@G1077S,U,{},"{""proportion"": 0.0, ""confidence"": [0.0, 0.7301340512159458], ""p_value"": 1.0, ""solo_contingency"": [[0, 1], [313, 24469]], ""contingency"": [[0, 1], [5525, 28979]]}",{}
NC00962.3,EMB-0.25-0.9-0.5,0.0,GARC1,RUS,EMB,embB@D814A,U,{},"{""proportion"": 0.0, ""confidence"": [0.0, 0.4741955741575127], ""p_value"": 1.0, ""solo_contingency"": [[0, 3], [313, 24469]], ""contingency"": [[0, 3], [5525, 28977]]}",{}
NC00962.3,EMB-0.25-0.9-0.5,0.0,GARC1,RUS,EMB,embA@H140D,U,{},"{""proportion"": 0.0, ""confidence"": [0.0, 0.7301340512159458], ""p_value"": 1.0, ""solo_contingency"": [[0, 1], [313, 24469]], ""contingency"": [[0, 1], [5525, 28979]]}",{}
NC00962.3,EMB-0.25-0.9-0.5,0.0,GARC1,RUS,EMB,embB@A102T,U,{},"{""proportion"": 0.0, ""confidence"": [0.0, 0.7301340512159458], ""p_value"": 1.0, ""solo_contingency"": [[0, 1], [313, 24469]], ""contingency"": [[0, 1], [5525, 28979]]}",{}
NC00962.3,EMB-0.25-0.9-0.5,0.0,GARC1,RUS,EMB,embA@G86V,U,{},"{""proportion"": 0.0, ""confidence"": [0.0, 0.3511165007651012], ""p_value"": 0.34082031250000006, ""solo_contingency"": [[0, 5], [313, 24469]], ""contingency"": [[0, 5], [5525, 28975]]}",{}
NC00962.3,EMB-0.25-0.9-0.5,0.0,GARC1,RUS,EMB,embB@Y384S,U,{},"{""proportion"": 0.0, ""confidence"": [0.0, 0.7301340512159458], ""p_value"": 1.0, ""solo_contingency"": [[0, 1], [313, 24469]], ""contingency"": [[0, 1], [5525, 28979]]}",{}
NC00962.3,EMB-0.25-0.9-0.5,0.0,GARC1,RUS,EMB,embB@D108N,U,{},"{""proportion"": 0.0, ""confidence"": [0.0, 0.7301340512159458], ""p_value"": 1.0, ""solo_contingency"": [[0, 1], [313, 24469]], ""contingency"": [[0, 1], [5525, 28979]]}",{}
NC00962.3,EMB-0.25-0.9-0.5,0.0,GARC1,RUS,EMB,embA@V1073I,U,{},"{""proportion"": 0.0, ""confidence"": [0.0, 0.25272359742376316], ""p_value"": 0.21392822265625003, ""solo_contingency"": [[0, 8], [313, 24469]], ""contingency"": [[0, 8], [5525, 28972]]}",{}
NC00962.3,EMB-0.25-0.9-0.5,0.0,GARC1,RUS,EMB,embB@G748E,U,{},"{""proportion"": 0.0, ""confidence"": [0.0, 0.5749693909936535], ""p_value"": 1.0, ""solo_contingency"": [[0, 2], [313, 24469]], ""contingency"": [[0, 2], [5525, 28978]]}",{}
NC00962.3,EMB-0.25-0.9-0.5,0.0,GARC1,RUS,EMB,embB@V948M,U,{},"{""proportion"": 0.0, ""confidence"": [0.0, 0.7301340512159458], ""p_value"": 1.0, ""solo_contingency"": [[0, 1], [313, 24469]], ""contingency"": [[0, 1], [5525, 28979]]}",{}
NC00962.3,EMB-0.25-0.9-0.5,0.0,GARC1,RUS,EMB,embA@P164L,U,{},"{""proportion"": 0.0, ""confidence"": [0.0, 0.7301340512159458], ""p_value"": 1.0, ""solo_contingency"": [[0, 1], [313, 24469]], ""contingency"": [[0, 1], [5525, 28979]]}",{}
NC00962.3,EMB-0.25-0.9-0.5,0.0,GARC1,RUS,EMB,embA@G353R,U,{},"{""proportion"": 0.0, ""confidence"": [0.0, 0.5749693909936535], ""p_value"": 1.0, ""solo_contingency"": [[0, 2], [313, 24469]], ""contingency"": [[0, 3], [5525, 28977]]}",{}
NC00962.3,EMB-0.25-0.9-0.5,0.0,GARC1,RUS,EMB,embB@A608T,U,{},"{""proportion"": 0.0, ""confidence"": [0.0, 0.7301340512159458], ""p_value"": 1.0, ""solo_contingency"": [[0, 1], [313, 24469]], ""contingency"": [[0, 2], [5525, 28978]]}",{}
NC00962.3,EMB-0.25-0.9-0.5,0.0,GARC1,RUS,EMB,embB@R728Q,U,{},"{""proportion"": 0.0, ""confidence"": [0.0, 0.7301340512159458], ""p_value"": 1.0, ""solo_contingency"": [[0, 1], [313, 24469]], ""contingency"": [[0, 1], [5525, 28979]]}",{}
NC00962.3,EMB-0.25-0.9-0.5,0.0,GARC1,RUS,EMB,embA@A159S,U,{},"{""proportion"": 0.0, ""confidence"": [0.0, 0.7301340512159458], ""p_value"": 1.0, ""solo_contingency"": [[0, 1], [313, 24469]], ""contingency"": [[0, 1], [5525, 28979]]}",{}
NC00962.3,EMB-0.25-0.9-0.5,0.0,GARC1,RUS,EMB,embB@N399T,U,{},"{""proportion"": 0.0, ""confidence"": [0.0, 0.5749693909936535], ""p_value"": 1.0, ""solo_contingency"": [[0, 2], [313, 24469]], ""contingency"": [[2, 2], [5523, 28978]]}",{}
NC00962.3,EMB-0.25-0.9-0.5,0.0,GARC1,RUS,EMB,embA@G1048R,U,{},"{""proportion"": 0.0, ""confidence"": [0.0, 0.7301340512159458], ""p_value"": 1.0, ""solo_contingency"": [[0, 1], [313, 24469]], ""contingency"": [[0, 1], [5525, 28979]]}",{}
NC00962.3,EMB-0.25-0.9-0.5,0.0,GARC1,RUS,EMB,embA@Q169E,U,{},"{""proportion"": 0.0, ""confidence"": [0.0, 0.4741955741575127], ""p_value"": 1.0, ""solo_contingency"": [[0, 3], [313, 24469]], ""contingency"": [[0, 3], [5525, 28977]]}",{}
NC00962.3,EMB-0.25-0.9-0.5,0.0,GARC1,RUS,EMB,embA@A936V,U,{},"{""proportion"": 0.0, ""confidence"": [0.0, 0.5749693909936535], ""p_value"": 1.0, ""solo_contingency"": [[0, 2], [313, 24469]], ""contingency"": [[0, 2], [5525, 28978]]}",{}
NC00962.3,EMB-0.25-0.9-0.5,0.0,GARC1,RUS,EMB,embA@L894V,U,{},"{""proportion"": 0.0, ""confidence"": [0.0, 0.5749693909936535], ""p_value"": 1.0, ""solo_contingency"": [[0, 2], [313, 24469]], ""contingency"": [[0, 2], [5525, 28978]]}",{}
NC00962.3,EMB-0.25-0.9-0.5,0.0,GARC1,RUS,EMB,embA@R346Q,U,{},"{""proportion"": 0.0, ""confidence"": [0.0, 0.5749693909936535], ""p_value"": 1.0, ""solo_contingency"": [[0, 2], [313, 24469]], ""contingency"": [[0, 2], [5525, 28978]]}",{}
NC00962.3,EMB-0.25-0.9-0.5,0.0,GARC1,RUS,EMB,embB@E901D,U,{},"{""proportion"": 0.0, ""confidence"": [0.0, 0.40347862520270455], ""p_value"": 0.578125, ""solo_contingency"": [[0, 4], [313, 24469]], ""contingency"": [[0, 4], [5525, 28976]]}",{}
NC00962.3,EMB-0.25-0.9-0.5,0.0,GARC1,RUS,EMB,embA@V211M,U,{},"{""proportion"": 0.0, ""confidence"": [0.0, 0.7301340512159458], ""p_value"": 1.0, ""solo_contingency"": [[0, 1], [313, 24469]], ""contingency"": [[0, 1], [5525, 28979]]}",{}
NC00962.3,EMB-0.25-0.9-0.5,0.0,GARC1,RUS,EMB,embB@A571T,U,{},"{""proportion"": 0.0, ""confidence"": [0.0, 0.7301340512159458], ""p_value"": 1.0, ""solo_contingency"": [[0, 1], [313, 24469]], ""contingency"": [[0, 1], [5525, 28979]]}",{}
NC00962.3,EMB-0.25-0.9-0.5,0.0,GARC1,RUS,EMB,embB@G736S,U,{},"{""proportion"": 0.0, ""confidence"": [0.0, 0.7301340512159458], ""p_value"": 1.0, ""solo_contingency"": [[0, 1], [313, 24469]], ""contingency"": [[0, 1], [5525, 28979]]}",{}
NC00962.3,EMB-0.25-0.9-0.5,0.0,GARC1,RUS,EMB,embA@V911A,U,{},"{""proportion"": 0.0, ""confidence"": [0.0, 0.5749693909936535], ""p_value"": 1.0, ""solo_contingency"": [[0, 2], [313, 24469]], ""contingency"": [[0, 2], [5525, 28978]]}",{}
NC00962.3,EMB-0.25-0.9-0.5,0.0,GARC1,RUS,EMB,embB@Q112H,U,{},"{""proportion"": 0.0, ""confidence"": [0.0, 0.7301340512159458], ""p_value"": 1.0, ""solo_contingency"": [[0, 1], [313, 24469]], ""contingency"": [[0, 1], [5525, 28979]]}",{}
NC00962.3,EMB-0.25-0.9-0.5,0.0,GARC1,RUS,EMB,embB@K218N,U,{},"{""proportion"": 0.0, ""confidence"": [0.0, 0.7301340512159458], ""p_value"": 1.0, ""solo_contingency"": [[0, 1], [313, 24469]], ""contingency"": [[0, 1], [5525, 28979]]}",{}
NC00962.3,EMB-0.25-0.9-0.5,0.0,GARC1,RUS,EMB,embA@D305G,U,{},"{""proportion"": 0.0, ""confidence"": [0.0, 0.5749693909936535], ""p_value"": 1.0, ""solo_contingency"": [[0, 2], [313, 24469]], ""contingency"": [[0, 2], [5525, 28978]]}",{}
NC00962.3,EMB-0.25-0.9-0.5,0.0,GARC1,RUS,EMB,embA@P633S,U,{},"{""proportion"": 0.0, ""confidence"": [0.0, 0.7301340512159458], ""p_value"": 1.0, ""solo_contingency"": [[0, 1], [313, 24469]], ""contingency"": [[0, 1], [5525, 28979]]}",{}
NC00962.3,EMB-0.25-0.9-0.5,0.0,GARC1,RUS,EMB,embA@R245W,U,{},"{""proportion"": 0.0, ""confidence"": [0.0, 0.7301340512159458], ""p_value"": 1.0, ""solo_contingency"": [[0, 1], [313, 24469]], ""contingency"": [[0, 1], [5525, 28979]]}",{}
NC00962.3,EMB-0.25-0.9-0.5,0.0,GARC1,RUS,EMB,embA@2545_del_gcc,U,{},"{""proportion"": 0.0, ""confidence"": [0.0, 0.7301340512159458], ""p_value"": 1.0, ""solo_contingency"": [[0, 1], [313, 24469]], ""contingency"": [[0, 1], [5525, 28979]]}",{}
NC00962.3,EMB-0.25-0.9-0.5,0.0,GARC1,RUS,EMB,embA@S1025L,U,{},"{""proportion"": 0.0, ""confidence"": [0.0, 0.5749693909936535], ""p_value"": 1.0, ""solo_contingency"": [[0, 2], [313, 24469]], ""contingency"": [[0, 2], [5525, 28978]]}",{}
NC00962.3,EMB-0.25-0.9-0.5,0.0,GARC1,RUS,EMB,embA@E701D,U,{},"{""proportion"": 0.0, ""confidence"": [0.0, 0.7301340512159458], ""p_value"": 1.0, ""solo_contingency"": [[0, 1], [313, 24469]], ""contingency"": [[0, 1], [5525, 28979]]}",{}
NC00962.3,EMB-0.25-0.9-0.5,0.0,GARC1,RUS,EMB,embB@V452L,U,{},"{""proportion"": 0.0, ""confidence"": [0.0, 0.5749693909936535], ""p_value"": 1.0, ""solo_contingency"": [[0, 2], [313, 24469]], ""contingency"": [[0, 2], [5525, 28978]]}",{}
NC00962.3,EMB-0.25-0.9-0.5,0.0,GARC1,RUS,EMB,embA@S809F,U,{},"{""proportion"": 0.0, ""confidence"": [0.0, 0.7301340512159458], ""p_value"": 1.0, ""solo_contingency"": [[0, 1], [313, 24469]], ""contingency"": [[0, 1], [5525, 28979]]}",{}
NC00962.3,EMB-0.25-0.9-0.5,0.0,GARC1,RUS,EMB,embA@P774S,U,{},"{""proportion"": 0.0, ""confidence"": [0.0, 0.5749693909936535], ""p_value"": 1.0, ""solo_contingency"": [[0, 2], [313, 24469]], ""contingency"": [[0, 2], [5525, 28978]]}",{}
NC00962.3,EMB-0.25-0.9-0.5,0.0,GARC1,RUS,EMB,embA@R68P,U,{},"{""proportion"": 0.0, ""confidence"": [0.0, 0.4741955741575127], ""p_value"": 1.0, ""solo_contingency"": [[0, 3], [313, 24469]], ""contingency"": [[0, 3], [5525, 28977]]}",{}
NC00962.3,EMB-0.25-0.9-0.5,0.0,GARC1,RUS,EMB,embB@F1012L,U,{},"{""proportion"": 0.0, ""confidence"": [0.0, 0.40347862520270455], ""p_value"": 0.578125, ""solo_contingency"": [[0, 4], [313, 24469]], ""contingency"": [[0, 4], [5525, 28976]]}",{}
NC00962.3,EMB-0.25-0.9-0.5,0.0,GARC1,RUS,EMB,embA@S768I,U,{},"{""proportion"": 0.0, ""confidence"": [0.0, 0.7301340512159458], ""p_value"": 1.0, ""solo_contingency"": [[0, 1], [313, 24469]], ""contingency"": [[0, 1], [5525, 28979]]}",{}
NC00962.3,EMB-0.25-0.9-0.5,0.0,GARC1,RUS,EMB,embB@M916T,U,{},"{""proportion"": 0.0, ""confidence"": [0.0, 0.5749693909936535], ""p_value"": 1.0, ""solo_contingency"": [[0, 2], [313, 24469]], ""contingency"": [[0, 2], [5525, 28978]]}",{}
NC00962.3,EMB-0.25-0.9-0.5,0.0,GARC1,RUS,EMB,embA@C527S,U,{},"{""proportion"": 0.0, ""confidence"": [0.0, 0.7301340512159458], ""p_value"": 1.0, ""solo_contingency"": [[0, 1], [313, 24469]], ""contingency"": [[0, 1], [5525, 28979]]}",{}
NC00962.3,EMB-0.25-0.9-0.5,0.0,GARC1,RUS,EMB,embB@K938N,U,{},"{""proportion"": 0.0, ""confidence"": [0.0, 0.4741955741575127], ""p_value"": 1.0, ""solo_contingency"": [[0, 3], [313, 24469]], ""contingency"": [[0, 3], [5525, 28977]]}",{}
NC00962.3,EMB-0.25-0.9-0.5,0.0,GARC1,RUS,EMB,embB@Q51P,U,{},"{""proportion"": 0.0, ""confidence"": [0.0, 0.31078398130591417], ""p_value"": 0.347412109375, ""solo_contingency"": [[0, 6], [313, 24469]], ""contingency"": [[0, 6], [5525, 28974]]}",{}
NC00962.3,EMB-0.25-0.9-0.5,0.0,GARC1,RUS,EMB,embA@G972R,U,{},"{""proportion"": 0.0, ""confidence"": [0.0, 0.5749693909936535], ""p_value"": 1.0, ""solo_contingency"": [[0, 2], [313, 24469]], ""contingency"": [[0, 2], [5525, 28978]]}",{}
NC00962.3,EMB-0.25-0.9-0.5,0.0,GARC1,RUS,EMB,embB@M714I,U,{},"{""proportion"": 0.0, ""confidence"": [0.0, 0.7301340512159458], ""p_value"": 1.0, ""solo_contingency"": [[0, 1], [313, 24469]], ""contingency"": [[0, 1], [5525, 28979]]}",{}
NC00962.3,EMB-0.25-0.9-0.5,0.0,GARC1,RUS,EMB,embA@V676A,U,{},"{""proportion"": 0.0, ""confidence"": [0.0, 0.7301340512159458], ""p_value"": 1.0, ""solo_contingency"": [[0, 1], [313, 24469]], ""contingency"": [[0, 1], [5525, 28979]]}",{}
NC00962.3,EMB-0.25-0.9-0.5,0.0,GARC1,RUS,EMB,embA@c-15g,U,{},"{""proportion"": 0.3333333333333333, ""confidence"": [0.0782657263337284, 0.7464661317187757], ""p_value"": 1.0, ""solo_contingency"": [[1, 2], [313, 24469]], ""contingency"": [[16, 10], [5509, 28970]]}",{}
NC00962.3,EMB-0.25-0.9-0.5,0.0,GARC1,RUS,EMB,embA@D883A,U,{},"{""proportion"": 0.0, ""confidence"": [0.0, 0.7301340512159458], ""p_value"": 1.0, ""solo_contingency"": [[0, 1], [313, 24469]], ""contingency"": [[0, 1], [5525, 28979]]}",{}
NC00962.3,EMB-0.25-0.9-0.5,0.0,GARC1,RUS,EMB,embB@E976K,U,{},"{""proportion"": 0.0, ""confidence"": [0.0, 0.7301340512159458], ""p_value"": 1.0, ""solo_contingency"": [[0, 1], [313, 24469]], ""contingency"": [[0, 1], [5525, 28979]]}",{}
NC00962.3,EMB-0.25-0.9-0.5,0.0,GARC1,RUS,EMB,embA@R969W,U,{},"{""proportion"": 0.0, ""confidence"": [0.0, 0.5749693909936535], ""p_value"": 1.0, ""solo_contingency"": [[0, 2], [313, 24469]], ""contingency"": [[0, 2], [5525, 28978]]}",{}
NC00962.3,EMB-0.25-0.9-0.5,0.0,GARC1,RUS,EMB,embA@I877T,U,{},"{""proportion"": 0.0, ""confidence"": [0.0, 0.5749693909936535], ""p_value"": 1.0, ""solo_contingency"": [[0, 2], [313, 24469]], ""contingency"": [[0, 2], [5525, 28978]]}",{}
NC00962.3,EMB-0.25-0.9-0.5,0.0,GARC1,RUS,EMB,embB@2325_ins_cccttg,U,{},"{""proportion"": 0.0, ""confidence"": [0.0, 0.5749693909936535], ""p_value"": 1.0, ""solo_contingency"": [[0, 2], [313, 24469]], ""contingency"": [[0, 2], [5525, 28978]]}",{}
NC00962.3,EMB-0.25-0.9-0.5,0.0,GARC1,RUS,EMB,embB@L17W,U,{},"{""proportion"": 0.0, ""confidence"": [0.0, 0.7301340512159458], ""p_value"": 1.0, ""solo_contingency"": [[0, 1], [313, 24469]], ""contingency"": [[1, 8], [5524, 28972]]}",{}
NC00962.3,EMB-0.25-0.9-0.5,0.0,GARC1,RUS,EMB,embA@G998D,U,{},"{""proportion"": 0.0, ""confidence"": [0.0, 0.7301340512159458], ""p_value"": 1.0, ""solo_contingency"": [[0, 1], [313, 24469]], ""contingency"": [[0, 1], [5525, 28979]]}",{}
NC00962.3,EMB-0.25-0.9-0.5,0.0,GARC1,RUS,EMB,embB@R173P,U,{},"{""proportion"": 0.0, ""confidence"": [0.0, 0.7301340512159458], ""p_value"": 1.0, ""solo_contingency"": [[0, 1], [313, 24469]], ""contingency"": [[0, 1], [5525, 28979]]}",{}
NC00962.3,EMB-0.25-0.9-0.5,0.0,GARC1,RUS,EMB,embA@P455L,U,{},"{""proportion"": 0.0, ""confidence"": [0.0, 0.7301340512159458], ""p_value"": 1.0, ""solo_contingency"": [[0, 1], [313, 24469]], ""contingency"": [[0, 1], [5525, 28979]]}",{}
NC00962.3,EMB-0.25-0.9-0.5,0.0,GARC1,RUS,EMB,embA@L344R,U,{},"{""proportion"": 0.0, ""confidence"": [0.0, 0.7301340512159458], ""p_value"": 1.0, ""solo_contingency"": [[0, 1], [313, 24469]], ""contingency"": [[0, 1], [5525, 28979]]}",{}
NC00962.3,EMB-0.25-0.9-0.5,0.0,GARC1,RUS,EMB,embA@C76F,U,{},"{""proportion"": 0.0, ""confidence"": [0.0, 0.7301340512159458], ""p_value"": 1.0, ""solo_contingency"": [[0, 1], [313, 24469]], ""contingency"": [[0, 1], [5525, 28979]]}",{}
NC00962.3,EMB-0.25-0.9-0.5,0.0,GARC1,RUS,EMB,embA@V676I,U,{},"{""proportion"": 0.0, ""confidence"": [0.0, 0.7301340512159458], ""p_value"": 1.0, ""solo_contingency"": [[0, 1], [313, 24469]], ""contingency"": [[0, 1], [5525, 28979]]}",{}
NC00962.3,EMB-0.25-0.9-0.5,0.0,GARC1,RUS,EMB,embB@E958G,U,{},"{""proportion"": 0.0, ""confidence"": [0.0, 0.7301340512159458], ""p_value"": 1.0, ""solo_contingency"": [[0, 1], [313, 24469]], ""contingency"": [[0, 1], [5525, 28979]]}",{}
NC00962.3,EMB-0.25-0.9-0.5,0.0,GARC1,RUS,EMB,embA@N510T,U,{},"{""proportion"": 0.0, ""confidence"": [0.0, 0.7301340512159458], ""p_value"": 1.0, ""solo_contingency"": [[0, 1], [313, 24469]], ""contingency"": [[0, 1], [5525, 28979]]}",{}
NC00962.3,EMB-0.25-0.9-0.5,0.0,GARC1,RUS,EMB,embA@L347R,U,{},"{""proportion"": 0.0, ""confidence"": [0.0, 0.7301340512159458], ""p_value"": 1.0, ""solo_contingency"": [[0, 1], [313, 24469]], ""contingency"": [[0, 1], [5525, 28979]]}",{}
NC00962.3,EMB-0.25-0.9-0.5,0.0,GARC1,RUS,EMB,embB@S856R,U,{},"{""proportion"": 0.0, ""confidence"": [0.0, 0.7301340512159458], ""p_value"": 1.0, ""solo_contingency"": [[0, 1], [313, 24469]], ""contingency"": [[0, 2], [5525, 28978]]}",{}
NC00962.3,EMB-0.25-0.9-0.5,0.0,GARC1,RUS,EMB,embB@G1035S,U,{},"{""proportion"": 0.0, ""confidence"": [0.0, 0.7301340512159458], ""p_value"": 1.0, ""solo_contingency"": [[0, 1], [313, 24469]], ""contingency"": [[0, 1], [5525, 28979]]}",{}
NC00962.3,EMB-0.25-0.9-0.5,0.0,GARC1,RUS,EMB,embB@G871V,U,{},"{""proportion"": 0.0, ""confidence"": [0.0, 0.7301340512159458], ""p_value"": 1.0, ""solo_contingency"": [[0, 1], [313, 24469]], ""contingency"": [[0, 1], [5525, 28979]]}",{}
NC00962.3,EMB-0.25-0.9-0.5,0.0,GARC1,RUS,EMB,embA@c-34t,U,{},"{""proportion"": 0.0, ""confidence"": [0.0, 0.3511165007651012], ""p_value"": 0.34082031250000006, ""solo_contingency"": [[0, 5], [313, 24469]], ""contingency"": [[0, 5], [5525, 28975]]}",{}
NC00962.3,EMB-0.25-0.9-0.5,0.0,GARC1,RUS,EMB,embB@A801T,U,{},"{""proportion"": 0.0, ""confidence"": [0.0, 0.3511165007651012], ""p_value"": 0.34082031250000006, ""solo_contingency"": [[0, 5], [313, 24469]], ""contingency"": [[0, 5], [5525, 28975]]}",{}
NC00962.3,EMB-0.25-0.9-0.5,0.0,GARC1,RUS,EMB,embA@A159P,U,{},"{""proportion"": 0.0, ""confidence"": [0.0, 0.7301340512159458], ""p_value"": 1.0, ""solo_contingency"": [[0, 1], [313, 24469]], ""contingency"": [[0, 1], [5525, 28979]]}",{}
NC00962.3,EMB-0.25-0.9-0.5,0.0,GARC1,RUS,EMB,embA@P32L,U,{},"{""proportion"": 0.0, ""confidence"": [0.0, 0.7301340512159458], ""p_value"": 1.0, ""solo_contingency"": [[0, 1], [313, 24469]], ""contingency"": [[0, 1], [5525, 28979]]}",{}
NC00962.3,EMB-0.25-0.9-0.5,0.0,GARC1,RUS,EMB,embB@A637T,U,{},"{""proportion"": 0.0, ""confidence"": [0.0, 0.7301340512159458], ""p_value"": 1.0, ""solo_contingency"": [[0, 1], [313, 24469]], ""contingency"": [[0, 1], [5525, 28979]]}",{}
NC00962.3,EMB-0.25-0.9-0.5,0.0,GARC1,RUS,EMB,embB@D178H,U,{},"{""proportion"": 0.0, ""confidence"": [0.0, 0.7301340512159458], ""p_value"": 1.0, ""solo_contingency"": [[0, 1], [313, 24469]], ""contingency"": [[0, 1], [5525, 28979]]}",{}
NC00962.3,EMB-0.25-0.9-0.5,0.0,GARC1,RUS,EMB,embB@V230A,U,{},"{""proportion"": 0.0, ""confidence"": [0.0, 0.5749693909936535], ""p_value"": 1.0, ""solo_contingency"": [[0, 2], [313, 24469]], ""contingency"": [[0, 2], [5525, 28978]]}",{}
NC00962.3,EMB-0.25-0.9-0.5,0.0,GARC1,RUS,EMB,embA@Y635H,U,{},"{""proportion"": 0.0, ""confidence"": [0.0, 0.7301340512159458], ""p_value"": 1.0, ""solo_contingency"": [[0, 1], [313, 24469]], ""contingency"": [[0, 1], [5525, 28979]]}",{}
NC00962.3,EMB-0.25-0.9-0.5,0.0,GARC1,RUS,EMB,embB@T642A,U,{},"{""proportion"": 0.0, ""confidence"": [0.0, 0.7301340512159458], ""p_value"": 1.0, ""solo_contingency"": [[0, 1], [313, 24469]], ""contingency"": [[5, 1], [5520, 28979]]}",{}
NC00962.3,EMB-0.25-0.9-0.5,0.0,GARC1,RUS,EMB,embB@Y813D,U,{},"{""proportion"": 0.0, ""confidence"": [0.0, 0.5749693909936535], ""p_value"": 1.0, ""solo_contingency"": [[0, 2], [313, 24469]], ""contingency"": [[0, 2], [5525, 28978]]}",{}
NC00962.3,EMB-0.25-0.9-0.5,0.0,GARC1,RUS,EMB,embA@F927L,U,{},"{""proportion"": 0.0, ""confidence"": [0.0, 0.7301340512159458], ""p_value"": 1.0, ""solo_contingency"": [[0, 1], [313, 24469]], ""contingency"": [[0, 1], [5525, 28979]]}",{}
NC00962.3,EMB-0.25-0.9-0.5,0.0,GARC1,RUS,EMB,embB@Q139H,U,{},"{""proportion"": 0.0, ""confidence"": [0.0, 0.5749693909936535], ""p_value"": 1.0, ""solo_contingency"": [[0, 2], [313, 24469]], ""contingency"": [[1, 100], [5524, 28880]]}",{}
NC00962.3,EMB-0.25-0.9-0.5,0.0,GARC1,RUS,EMB,embA@G29S,U,{},"{""proportion"": 0.0, ""confidence"": [0.0, 0.7301340512159458], ""p_value"": 1.0, ""solo_contingency"": [[0, 1], [313, 24469]], ""contingency"": [[0, 1], [5525, 28979]]}",{}
NC00962.3,EMB-0.25-0.9-0.5,0.0,GARC1,RUS,EMB,embA@G596D,U,{},"{""proportion"": 0.0, ""confidence"": [0.0, 0.5749693909936535], ""p_value"": 1.0, ""solo_contingency"": [[0, 2], [313, 24469]], ""contingency"": [[0, 2], [5525, 28978]]}",{}
NC00962.3,EMB-0.25-0.9-0.5,0.0,GARC1,RUS,EMB,embB@T667A,U,{},"{""proportion"": 0.0, ""confidence"": [0.0, 0.7301340512159458], ""p_value"": 1.0, ""solo_contingency"": [[0, 1], [313, 24469]], ""contingency"": [[0, 1], [5525, 28979]]}",{}
NC00962.3,EMB-0.25-0.9-0.5,0.0,GARC1,RUS,EMB,embB@A379V,U,{},"{""proportion"": 0.0, ""confidence"": [0.0, 0.7301340512159458], ""p_value"": 1.0, ""solo_contingency"": [[0, 1], [313, 24469]], ""contingency"": [[0, 1], [5525, 28979]]}",{}
NC00962.3,EMB-0.25-0.9-0.5,0.0,GARC1,RUS,EMB,embB@Y977H,U,{},"{""proportion"": 0.0, ""confidence"": [0.0, 0.7301340512159458], ""p_value"": 1.0, ""solo_contingency"": [[0, 1], [313, 24469]], ""contingency"": [[0, 1], [5525, 28979]]}",{}
NC00962.3,EMB-0.25-0.9-0.5,0.0,GARC1,RUS,EMB,embB@T31A,U,{},"{""proportion"": 0.0, ""confidence"": [0.0, 0.7301340512159458], ""p_value"": 1.0, ""solo_contingency"": [[0, 1], [313, 24469]], ""contingency"": [[0, 1], [5525, 28979]]}",{}
NC00962.3,EMB-0.25-0.9-0.5,0.0,GARC1,RUS,EMB,embB@N807D,U,{},"{""proportion"": 0.0, ""confidence"": [0.0, 0.31078398130591417], ""p_value"": 0.347412109375, ""solo_contingency"": [[0, 6], [313, 24469]], ""contingency"": [[1, 7], [5524, 28973]]}",{}
NC00962.3,EMB-0.25-0.9-0.5,0.0,GARC1,RUS,EMB,embB@V654M,U,{},"{""proportion"": 0.0, ""confidence"": [0.0, 0.7301340512159458], ""p_value"": 1.0, ""solo_contingency"": [[0, 1], [313, 24469]], ""contingency"": [[0, 1], [5525, 28979]]}",{}
NC00962.3,EMB-0.25-0.9-0.5,0.0,GARC1,RUS,EMB,embB@P183S,U,{},"{""proportion"": 0.0, ""confidence"": [0.0, 0.7301340512159458], ""p_value"": 1.0, ""solo_contingency"": [[0, 1], [313, 24469]], ""contingency"": [[0, 1], [5525, 28979]]}",{}
NC00962.3,EMB-0.25-0.9-0.5,0.0,GARC1,RUS,EMB,embB@T797P,U,{},"{""proportion"": 0.0, ""confidence"": [0.0, 0.5749693909936535], ""p_value"": 1.0, ""solo_contingency"": [[0, 2], [313, 24469]], ""contingency"": [[0, 2], [5525, 28978]]}",{}
NC00962.3,EMB-0.25-0.9-0.5,0.0,GARC1,RUS,EMB,embB@G106R,U,{},"{""proportion"": 0.0, ""confidence"": [0.0, 0.7301340512159458], ""p_value"": 1.0, ""solo_contingency"": [[0, 1], [313, 24469]], ""contingency"": [[0, 1], [5525, 28979]]}",{}
NC00962.3,EMB-0.25-0.9-0.5,0.0,GARC1,RUS,EMB,embB@V292F,U,{},"{""proportion"": 0.0, ""confidence"": [0.0, 0.4741955741575127], ""p_value"": 1.0, ""solo_contingency"": [[0, 3], [313, 24469]], ""contingency"": [[0, 3], [5525, 28977]]}",{}
NC00962.3,EMB-0.25-0.9-0.5,0.0,GARC1,RUS,EMB,embB@V492L,U,{},"{""proportion"": 0.0, ""confidence"": [0.0, 0.7301340512159458], ""p_value"": 1.0, ""solo_contingency"": [[0, 1], [313, 24469]], ""contingency"": [[0, 1], [5525, 28979]]}",{}
NC00962.3,EMB-0.25-0.9-0.5,0.0,GARC1,RUS,EMB,embA@D1049A,U,{},"{""proportion"": 0.0, ""confidence"": [0.0, 0.7301340512159458], ""p_value"": 1.0, ""solo_contingency"": [[0, 1], [313, 24469]], ""contingency"": [[0, 1], [5525, 28979]]}",{}
NC00962.3,EMB-0.25-0.9-0.5,0.0,GARC1,RUS,EMB,embB@T520S,U,{},"{""proportion"": 0.0, ""confidence"": [0.0, 0.7301340512159458], ""p_value"": 1.0, ""solo_contingency"": [[0, 1], [313, 24469]], ""contingency"": [[0, 1], [5525, 28979]]}",{}
NC00962.3,EMB-0.25-0.9-0.5,0.0,GARC1,RUS,EMB,embB@G1005D,U,{},"{""proportion"": 0.0, ""confidence"": [0.0, 0.7301340512159458], ""p_value"": 1.0, ""solo_contingency"": [[0, 1], [313, 24469]], ""contingency"": [[0, 1], [5525, 28979]]}",{}
NC00962.3,EMB-0.25-0.9-0.5,0.0,GARC1,RUS,EMB,embB@A232T,U,{},"{""proportion"": 0.0, ""confidence"": [0.0, 0.5749693909936535], ""p_value"": 1.0, ""solo_contingency"": [[0, 2], [313, 24469]], ""contingency"": [[0, 2], [5525, 28978]]}",{}
NC00962.3,EMB-0.25-0.9-0.5,0.0,GARC1,RUS,EMB,embA@P988L,U,{},"{""proportion"": 0.0, ""confidence"": [0.0, 0.7301340512159458], ""p_value"": 1.0, ""solo_contingency"": [[0, 1], [313, 24469]], ""contingency"": [[0, 1], [5525, 28979]]}",{}
NC00962.3,EMB-0.25-0.9-0.5,0.0,GARC1,RUS,EMB,embB@D240Y,U,{},"{""proportion"": 0.0, ""confidence"": [0.0, 0.7301340512159458], ""p_value"": 1.0, ""solo_contingency"": [[0, 1], [313, 24469]], ""contingency"": [[0, 1], [5525, 28979]]}",{}
NC00962.3,EMB-0.25-0.9-0.5,0.0,GARC1,RUS,EMB,embB@G96E,U,{},"{""proportion"": 0.0, ""confidence"": [0.0, 0.7301340512159458], ""p_value"": 1.0, ""solo_contingency"": [[0, 1], [313, 24469]], ""contingency"": [[0, 1], [5525, 28979]]}",{}
NC00962.3,EMB-0.25-0.9-0.5,0.0,GARC1,RUS,EMB,embB@A840V,U,{},"{""proportion"": 0.0, ""confidence"": [0.0, 0.7301340512159458], ""p_value"": 1.0, ""solo_contingency"": [[0, 1], [313, 24469]], ""contingency"": [[0, 1], [5525, 28979]]}",{}
NC00962.3,EMB-0.25-0.9-0.5,0.0,GARC1,RUS,EMB,embB@D1041A,U,{},"{""proportion"": 0.0, ""confidence"": [0.0, 0.7301340512159458], ""p_value"": 1.0, ""solo_contingency"": [[0, 1], [313, 24469]], ""contingency"": [[0, 1], [5525, 28979]]}",{}
NC00962.3,EMB-0.25-0.9-0.5,0.0,GARC1,RUS,EMB,embB@G745R,U,{},"{""proportion"": 0.0, ""confidence"": [0.0, 0.7301340512159458], ""p_value"": 1.0, ""solo_contingency"": [[0, 1], [313, 24469]], ""contingency"": [[0, 1], [5525, 28979]]}",{}
NC00962.3,EMB-0.25-0.9-0.5,0.0,GARC1,RUS,EMB,embA@A461T,U,{},"{""proportion"": 0.0, ""confidence"": [0.0, 0.7301340512159458], ""p_value"": 1.0, ""solo_contingency"": [[0, 1], [313, 24469]], ""contingency"": [[0, 1], [5525, 28979]]}",{}
NC00962.3,EMB-0.25-0.9-0.5,0.0,GARC1,RUS,EMB,embA@I30V,U,{},"{""proportion"": 0.0, ""confidence"": [0.0, 0.7301340512159458], ""p_value"": 1.0, ""solo_contingency"": [[0, 1], [313, 24469]], ""contingency"": [[0, 1], [5525, 28979]]}",{}
NC00962.3,EMB-0.25-0.9-0.5,0.0,GARC1,RUS,EMB,embA@A593V,U,{},"{""proportion"": 0.0, ""confidence"": [0.0, 0.7301340512159458], ""p_value"": 1.0, ""solo_contingency"": [[0, 1], [313, 24469]], ""contingency"": [[0, 1], [5525, 28979]]}",{}
NC00962.3,EMB-0.25-0.9-0.5,0.0,GARC1,RUS,EMB,embA@T197R,U,{},"{""proportion"": 0.0, ""confidence"": [0.0, 0.7301340512159458], ""p_value"": 1.0, ""solo_contingency"": [[0, 1], [313, 24469]], ""contingency"": [[0, 1], [5525, 28979]]}",{}
NC00962.3,EMB-0.25-0.9-0.5,0.0,GARC1,RUS,EMB,embB@A386E,U,{},"{""proportion"": 0.0, ""confidence"": [0.0, 0.278762695452542], ""p_value"": 0.20404052734375, ""solo_contingency"": [[0, 7], [313, 24469]], ""contingency"": [[0, 7], [5525, 28973]]}",{}
NC00962.3,EMB-0.25-0.9-0.5,0.0,GARC1,RUS,EMB,embB@G745A,U,{},"{""proportion"": 0.0, ""confidence"": [0.0, 0.7301340512159458], ""p_value"": 1.0, ""solo_contingency"": [[0, 1], [313, 24469]], ""contingency"": [[0, 1], [5525, 28979]]}",{}
NC00962.3,EMB-0.25-0.9-0.5,0.0,GARC1,RUS,EMB,embA@R444W,U,{},"{""proportion"": 0.0, ""confidence"": [0.0, 0.7301340512159458], ""p_value"": 1.0, ""solo_contingency"": [[0, 1], [313, 24469]], ""contingency"": [[0, 1], [5525, 28979]]}",{}
NC00962.3,EMB-0.25-0.9-0.5,0.0,GARC1,RUS,EMB,embA@P958L,U,{},"{""proportion"": 0.0, ""confidence"": [0.0, 0.7301340512159458], ""p_value"": 1.0, ""solo_contingency"": [[0, 1], [313, 24469]], ""contingency"": [[0, 1], [5525, 28979]]}",{}
NC00962.3,EMB-0.25-0.9-0.5,0.0,GARC1,RUS,EMB,embA@E779Q,U,{},"{""proportion"": 0.0, ""confidence"": [0.0, 0.4741955741575127], ""p_value"": 1.0, ""solo_contingency"": [[0, 3], [313, 24469]], ""contingency"": [[0, 3], [5525, 28977]]}",{}
NC00962.3,EMB-0.25-0.9-0.5,0.0,GARC1,RUS,EMB,embA@1783_ins_tcggtctacatagtcgac,U,{},"{""proportion"": 0.0, ""confidence"": [0.0, 0.7301340512159458], ""p_value"": 1.0, ""solo_contingency"": [[0, 1], [313, 24469]], ""contingency"": [[0, 1], [5525, 28979]]}",{}
NC00962.3,EMB-0.25-0.9-0.5,0.0,GARC1,RUS,EMB,embB@S261A,U,{},"{""proportion"": 0.0, ""confidence"": [0.0, 0.7301340512159458], ""p_value"": 1.0, ""solo_contingency"": [[0, 1], [313, 24469]], ""contingency"": [[0, 1], [5525, 28979]]}",{}
NC00962.3,EMB-0.25-0.9-0.5,0.0,GARC1,RUS,EMB,embA@T308K,U,{},"{""proportion"": 0.0, ""confidence"": [0.0, 0.7301340512159458], ""p_value"": 1.0, ""solo_contingency"": [[0, 1], [313, 24469]], ""contingency"": [[0, 1], [5525, 28979]]}",{}
NC00962.3,EMB-0.25-0.9-0.5,0.0,GARC1,RUS,EMB,embA@S250G,U,{},"{""proportion"": 0.0, ""confidence"": [0.0, 0.7301340512159458], ""p_value"": 1.0, ""solo_contingency"": [[0, 1], [313, 24469]], ""contingency"": [[0, 1], [5525, 28979]]}",{}
NC00962.3,EMB-0.25-0.9-0.5,0.0,GARC1,RUS,EMB,embA@I1007V,U,{},"{""proportion"": 0.0, ""confidence"": [0.0, 0.7301340512159458], ""p_value"": 1.0, ""solo_contingency"": [[0, 1], [313, 24469]], ""contingency"": [[0, 1], [5525, 28979]]}",{}
NC00962.3,EMB-0.25-0.9-0.5,0.0,GARC1,RUS,EMB,embB@V944A,U,{},"{""proportion"": 0.0, ""confidence"": [0.0, 0.4741955741575127], ""p_value"": 1.0, ""solo_contingency"": [[0, 3], [313, 24469]], ""contingency"": [[0, 3], [5525, 28977]]}",{}
NC00962.3,EMB-0.25-0.9-0.5,0.0,GARC1,RUS,EMB,embB@A941T,U,{},"{""proportion"": 0.0, ""confidence"": [0.0, 0.7301340512159458], ""p_value"": 1.0, ""solo_contingency"": [[0, 1], [313, 24469]], ""contingency"": [[0, 1], [5525, 28979]]}",{}
NC00962.3,EMB-0.25-0.9-0.5,0.0,GARC1,RUS,EMB,embA@g-75a,U,{},"{""proportion"": 0.0, ""confidence"": [0.0, 0.7301340512159458], ""p_value"": 1.0, ""solo_contingency"": [[0, 1], [313, 24469]], ""contingency"": [[0, 1], [5525, 28979]]}",{}
NC00962.3,EMB-0.25-0.9-0.5,0.0,GARC1,RUS,EMB,embA@A930V,U,{},"{""proportion"": 0.0, ""confidence"": [0.0, 0.7301340512159458], ""p_value"": 1.0, ""solo_contingency"": [[0, 1], [313, 24469]], ""contingency"": [[0, 1], [5525, 28979]]}",{}
NC00962.3,EMB-0.25-0.9-0.5,0.0,GARC1,RUS,EMB,embA@G210V,U,{},"{""proportion"": 0.0, ""confidence"": [0.0, 0.7301340512159458], ""p_value"": 1.0, ""solo_contingency"": [[0, 1], [313, 24469]], ""contingency"": [[0, 1], [5525, 28979]]}",{}
NC00962.3,EMB-0.25-0.9-0.5,0.0,GARC1,RUS,EMB,embB@R625W,U,{},"{""proportion"": 0.0, ""confidence"": [0.0, 0.7301340512159458], ""p_value"": 1.0, ""solo_contingency"": [[0, 1], [313, 24469]], ""contingency"": [[0, 1], [5525, 28979]]}",{}
NC00962.3,EMB-0.25-0.9-0.5,0.0,GARC1,RUS,EMB,embB@V612M,U,{},"{""proportion"": 0.0, ""confidence"": [0.0, 0.7301340512159458], ""p_value"": 1.0, ""solo_contingency"": [[0, 1], [313, 24469]], ""contingency"": [[0, 1], [5525, 28979]]}",{}
NC00962.3,EMB-0.25-0.9-0.5,0.0,GARC1,RUS,EMB,embB@G696A,U,{},"{""proportion"": 0.0, ""confidence"": [0.0, 0.7301340512159458], ""p_value"": 1.0, ""solo_contingency"": [[0, 1], [313, 24469]], ""contingency"": [[0, 1], [5525, 28979]]}",{}
NC00962.3,EMB-0.25-0.9-0.5,0.0,GARC1,RUS,EMB,embA@A921S,U,{},"{""proportion"": 0.0, ""confidence"": [0.0, 0.5749693909936535], ""p_value"": 1.0, ""solo_contingency"": [[0, 2], [313, 24469]], ""contingency"": [[0, 2], [5525, 28978]]}",{}
NC00962.3,EMB-0.25-0.9-0.5,0.0,GARC1,RUS,EMB,embB@R464Q,U,{},"{""proportion"": 0.0, ""confidence"": [0.0, 0.7301340512159458], ""p_value"": 1.0, ""solo_contingency"": [[0, 1], [313, 24469]], ""contingency"": [[0, 1], [5525, 28979]]}",{}
NC00962.3,EMB-0.25-0.9-0.5,0.0,GARC1,RUS,EMB,embB@A484T,U,{},"{""proportion"": 0.0, ""confidence"": [0.0, 0.7301340512159458], ""p_value"": 1.0, ""solo_contingency"": [[0, 1], [313, 24469]], ""contingency"": [[0, 1], [5525, 28979]]}",{}
NC00962.3,EMB-0.25-0.9-0.5,0.0,GARC1,RUS,EMB,embA@G230S,U,{},"{""proportion"": 0.0, ""confidence"": [0.0, 0.4741955741575127], ""p_value"": 1.0, ""solo_contingency"": [[0, 3], [313, 24469]], ""contingency"": [[0, 3], [5525, 28977]]}",{}
NC00962.3,EMB-0.25-0.9-0.5,0.0,GARC1,RUS,EMB,embA@I141T,U,{},"{""proportion"": 0.0, ""confidence"": [0.0, 0.5749693909936535], ""p_value"": 1.0, ""solo_contingency"": [[0, 2], [313, 24469]], ""contingency"": [[0, 2], [5525, 28978]]}",{}
NC00962.3,EMB-0.25-0.9-0.5,0.0,GARC1,RUS,EMB,embA@V18I,U,{},"{""proportion"": 0.0, ""confidence"": [0.0, 0.5749693909936535], ""p_value"": 1.0, ""solo_contingency"": [[0, 2], [313, 24469]], ""contingency"": [[0, 3], [5525, 28977]]}",{}
NC00962.3,EMB-0.25-0.9-0.5,0.0,GARC1,RUS,EMB,embA@G547R,U,{},"{""proportion"": 0.0, ""confidence"": [0.0, 0.7301340512159458], ""p_value"": 1.0, ""solo_contingency"": [[0, 1], [313, 24469]], ""contingency"": [[0, 1], [5525, 28979]]}",{}
NC00962.3,EMB-0.25-0.9-0.5,0.0,GARC1,RUS,EMB,embB@R468H,U,{},"{""proportion"": 0.0, ""confidence"": [0.0, 0.7301340512159458], ""p_value"": 1.0, ""solo_contingency"": [[0, 1], [313, 24469]], ""contingency"": [[0, 1], [5525, 28979]]}",{}
NC00962.3,EMB-0.25-0.9-0.5,0.0,GARC1,RUS,EMB,embA@g-51a,U,{},"{""proportion"": 0.0, ""confidence"": [0.0, 0.7301340512159458], ""p_value"": 1.0, ""solo_contingency"": [[0, 1], [313, 24469]], ""contingency"": [[0, 1], [5525, 28979]]}",{}
NC00962.3,EMB-0.25-0.9-0.5,0.0,GARC1,RUS,EMB,embB@S622W,U,{},"{""proportion"": 0.0, ""confidence"": [0.0, 0.7301340512159458], ""p_value"": 1.0, ""solo_contingency"": [[0, 1], [313, 24469]], ""contingency"": [[0, 1], [5525, 28979]]}",{}
NC00962.3,EMB-0.25-0.9-0.5,0.0,GARC1,RUS,EMB,embB@D1060N,U,{},"{""proportion"": 0.0, ""confidence"": [0.0, 0.7301340512159458], ""p_value"": 1.0, ""solo_contingency"": [[0, 1], [313, 24469]], ""contingency"": [[0, 1], [5525, 28979]]}",{}
NC00962.3,EMB-0.25-0.9-0.5,0.0,GARC1,RUS,EMB,embA@P802L,U,{},"{""proportion"": 0.0, ""confidence"": [0.0, 0.40347862520270455], ""p_value"": 0.578125, ""solo_contingency"": [[0, 4], [313, 24469]], ""contingency"": [[0, 4], [5525, 28976]]}",{}
NC00962.3,EMB-0.25-0.9-0.5,0.0,GARC1,RUS,EMB,embB@T215I,U,{},"{""proportion"": 0.0, ""confidence"": [0.0, 0.7301340512159458], ""p_value"": 1.0, ""solo_contingency"": [[0, 1], [313, 24469]], ""contingency"": [[0, 1], [5525, 28979]]}",{}
NC00962.3,EMB-0.25-0.9-0.5,0.0,GARC1,RUS,EMB,embB@P655L,U,{},"{""proportion"": 0.0, ""confidence"": [0.0, 0.7301340512159458], ""p_value"": 1.0, ""solo_contingency"": [[0, 1], [313, 24469]], ""contingency"": [[0, 1], [5525, 28979]]}",{}
NC00962.3,EMB-0.25-0.9-0.5,0.0,GARC1,RUS,EMB,embA@t-28g,U,{},"{""proportion"": 0.0, ""confidence"": [0.0, 0.7301340512159458], ""p_value"": 1.0, ""solo_contingency"": [[0, 1], [313, 24469]], ""contingency"": [[0, 1], [5525, 28979]]}",{}
NC00962.3,EMB-0.25-0.9-0.5,0.0,GARC1,RUS,EMB,embA@A448G,U,{},"{""proportion"": 0.0, ""confidence"": [0.0, 0.7301340512159458], ""p_value"": 1.0, ""solo_contingency"": [[0, 1], [313, 24469]], ""contingency"": [[0, 1], [5525, 28979]]}",{}
NC00962.3,EMB-0.25-0.9-0.5,0.0,GARC1,RUS,EMB,embB@H890R,U,{},"{""proportion"": 0.0, ""confidence"": [0.0, 0.7301340512159458], ""p_value"": 1.0, ""solo_contingency"": [[0, 1], [313, 24469]], ""contingency"": [[0, 1], [5525, 28979]]}",{}
NC00962.3,EMB-0.25-0.9-0.5,0.0,GARC1,RUS,EMB,embA@T588I,U,{},"{""proportion"": 0.0, ""confidence"": [0.0, 0.7301340512159458], ""p_value"": 1.0, ""solo_contingency"": [[0, 1], [313, 24469]], ""contingency"": [[0, 1], [5525, 28979]]}",{}
NC00962.3,EMB-0.25-0.9-0.5,0.0,GARC1,RUS,EMB,embB@P957L,U,{},"{""proportion"": 0.0, ""confidence"": [0.0, 0.7301340512159458], ""p_value"": 1.0, ""solo_contingency"": [[0, 1], [313, 24469]], ""contingency"": [[0, 1], [5525, 28979]]}",{}
NC00962.3,EMB-0.25-0.9-0.5,0.0,GARC1,RUS,EMB,embB@S980A,U,{},"{""proportion"": 0.0, ""confidence"": [0.0, 0.7301340512159458], ""p_value"": 1.0, ""solo_contingency"": [[0, 1], [313, 24469]], ""contingency"": [[0, 1], [5525, 28979]]}",{}
NC00962.3,EMB-0.25-0.9-0.5,0.0,GARC1,RUS,EMB,embB@E976Q,U,{},"{""proportion"": 0.0, ""confidence"": [0.0, 0.7301340512159458], ""p_value"": 1.0, ""solo_contingency"": [[0, 1], [313, 24469]], ""contingency"": [[0, 1], [5525, 28979]]}",{}
NC00962.3,EMB-0.25-0.9-0.5,0.0,GARC1,RUS,EMB,embA@T434A,U,{},"{""proportion"": 0.0, ""confidence"": [0.0, 0.7301340512159458], ""p_value"": 1.0, ""solo_contingency"": [[0, 1], [313, 24469]], ""contingency"": [[0, 1], [5525, 28979]]}",{}
NC00962.3,EMB-0.25-0.9-0.5,0.0,GARC1,RUS,EMB,embB@D952E,U,{},"{""proportion"": 0.0, ""confidence"": [0.0, 0.5749693909936535], ""p_value"": 1.0, ""solo_contingency"": [[0, 2], [313, 24469]], ""contingency"": [[0, 2], [5525, 28978]]}",{}
NC00962.3,EMB-0.25-0.9-0.5,0.0,GARC1,RUS,EMB,embB@T822M,U,{},"{""proportion"": 0.0, ""confidence"": [0.0, 0.7301340512159458], ""p_value"": 1.0, ""solo_contingency"": [[0, 1], [313, 24469]], ""contingency"": [[0, 1], [5525, 28979]]}",{}
NC00962.3,EMB-0.25-0.9-0.5,0.0,GARC1,RUS,EMB,embA@V414M,U,{},"{""proportion"": 0.0, ""confidence"": [0.0, 0.5749693909936535], ""p_value"": 1.0, ""solo_contingency"": [[0, 2], [313, 24469]], ""contingency"": [[0, 2], [5525, 28978]]}",{}
NC00962.3,EMB-0.25-0.9-0.5,0.0,GARC1,RUS,EMB,embA@W634S,U,{},"{""proportion"": 0.0, ""confidence"": [0.0, 0.7301340512159458], ""p_value"": 1.0, ""solo_contingency"": [[0, 1], [313, 24469]], ""contingency"": [[0, 1], [5525, 28979]]}",{}
NC00962.3,EMB-0.25-0.9-0.5,0.0,GARC1,RUS,EMB,embA@E508D,U,{},"{""proportion"": 0.0, ""confidence"": [0.0, 0.7301340512159458], ""p_value"": 1.0, ""solo_contingency"": [[0, 1], [313, 24469]], ""contingency"": [[0, 1], [5525, 28979]]}",{}
NC00962.3,EMB-0.25-0.9-0.5,0.0,GARC1,RUS,EMB,embB@P103H,U,{},"{""proportion"": 0.0, ""confidence"": [0.0, 0.7301340512159458], ""p_value"": 1.0, ""solo_contingency"": [[0, 1], [313, 24469]], ""contingency"": [[0, 1], [5525, 28979]]}",{}
NC00962.3,EMB-0.25-0.9-0.5,0.0,GARC1,RUS,EMB,embB@D127A,U,{},"{""proportion"": 0.0, ""confidence"": [0.0, 0.7301340512159458], ""p_value"": 1.0, ""solo_contingency"": [[0, 1], [313, 24469]], ""contingency"": [[0, 1], [5525, 28979]]}",{}
NC00962.3,EMB-0.25-0.9-0.5,0.0,GARC1,RUS,EMB,embB@A94V,U,{},"{""proportion"": 0.0, ""confidence"": [0.0, 0.5749693909936535], ""p_value"": 1.0, ""solo_contingency"": [[0, 2], [313, 24469]], ""contingency"": [[0, 2], [5525, 28978]]}",{}
NC00962.3,EMB-0.25-0.9-0.5,0.0,GARC1,RUS,EMB,embB@D166A,U,{},"{""proportion"": 0.0, ""confidence"": [0.0, 0.7301340512159458], ""p_value"": 1.0, ""solo_contingency"": [[0, 1], [313, 24469]], ""contingency"": [[0, 1], [5525, 28979]]}",{}
NC00962.3,EMB-0.25-0.9-0.5,0.0,GARC1,RUS,EMB,embA@G823R,U,{},"{""proportion"": 0.0, ""confidence"": [0.0, 0.7301340512159458], ""p_value"": 1.0, ""solo_contingency"": [[0, 1], [313, 24469]], ""contingency"": [[0, 1], [5525, 28979]]}",{}
NC00962.3,EMB-0.25-0.9-0.5,0.0,GARC1,RUS,EMB,embB@V83A,U,{},"{""proportion"": 0.0, ""confidence"": [0.0, 0.7301340512159458], ""p_value"": 1.0, ""solo_contingency"": [[0, 1], [313, 24469]], ""contingency"": [[0, 1], [5525, 28979]]}",{}
NC00962.3,EMB-0.25-0.9-0.5,0.0,GARC1,RUS,EMB,embB@G1097A,U,{},"{""proportion"": 0.0, ""confidence"": [0.0, 0.7301340512159458], ""p_value"": 1.0, ""solo_contingency"": [[0, 1], [313, 24469]], ""contingency"": [[0, 1], [5525, 28979]]}",{}
NC00962.3,EMB-0.25-0.9-0.5,0.0,GARC1,RUS,EMB,embA@L978W,U,{},"{""proportion"": 0.0, ""confidence"": [0.0, 0.7301340512159458], ""p_value"": 1.0, ""solo_contingency"": [[0, 1], [313, 24469]], ""contingency"": [[0, 1], [5525, 28979]]}",{}
NC00962.3,EMB-0.25-0.9-0.5,0.0,GARC1,RUS,EMB,embB@L528V,U,{},"{""proportion"": 0.0, ""confidence"": [0.0, 0.7301340512159458], ""p_value"": 1.0, ""solo_contingency"": [[0, 1], [313, 24469]], ""contingency"": [[0, 1], [5525, 28979]]}",{}
NC00962.3,EMB-0.25-0.9-0.5,0.0,GARC1,RUS,EMB,embA@P860L,U,{},"{""proportion"": 0.0, ""confidence"": [0.0, 0.7301340512159458], ""p_value"": 1.0, ""solo_contingency"": [[0, 1], [313, 24469]], ""contingency"": [[0, 1], [5525, 28979]]}",{}
NC00962.3,EMB-0.25-0.9-0.5,0.0,GARC1,RUS,EMB,embA@L263F,U,{},"{""proportion"": 0.0, ""confidence"": [0.0, 0.7301340512159458], ""p_value"": 1.0, ""solo_contingency"": [[0, 1], [313, 24469]], ""contingency"": [[0, 1], [5525, 28979]]}",{}
NC00962.3,EMB-0.25-0.9-0.5,0.0,GARC1,RUS,EMB,embA@T161I,U,{},"{""proportion"": 0.0, ""confidence"": [0.0, 0.7301340512159458], ""p_value"": 1.0, ""solo_contingency"": [[0, 1], [313, 24469]], ""contingency"": [[0, 1], [5525, 28979]]}",{}
NC00962.3,EMB-0.25-0.9-0.5,0.0,GARC1,RUS,EMB,embB@P766L,U,{},"{""proportion"": 0.0, ""confidence"": [0.0, 0.7301340512159458], ""p_value"": 1.0, ""solo_contingency"": [[0, 1], [313, 24469]], ""contingency"": [[0, 1], [5525, 28979]]}",{}
NC00962.3,EMB-0.25-0.9-0.5,0.0,GARC1,RUS,EMB,embB@A388V,U,{},"{""proportion"": 0.0, ""confidence"": [0.0, 0.7301340512159458], ""p_value"": 1.0, ""solo_contingency"": [[0, 1], [313, 24469]], ""contingency"": [[0, 1], [5525, 28979]]}",{}
NC00962.3,EMB-0.25-0.9-0.5,0.0,GARC1,RUS,EMB,embB@A701T,U,{},"{""proportion"": 0.0, ""confidence"": [0.0, 0.5749693909936535], ""p_value"": 1.0, ""solo_contingency"": [[0, 2], [313, 24469]], ""contingency"": [[0, 2], [5525, 28978]]}",{}
NC00962.3,EMB-0.25-0.9-0.5,0.0,GARC1,RUS,EMB,embA@V391I,U,{},"{""proportion"": 0.0, ""confidence"": [0.0, 0.7301340512159458], ""p_value"": 1.0, ""solo_contingency"": [[0, 1], [313, 24469]], ""contingency"": [[0, 1], [5525, 28979]]}",{}
NC00962.3,EMB-0.25-0.9-0.5,0.0,GARC1,RUS,EMB,embA@-29_del_ct,U,{},"{""proportion"": 1.0, ""confidence"": [0.26986594878405434, 1.0000000000000002], ""p_value"": 0.25, ""solo_contingency"": [[1, 0], [313, 24469]], ""contingency"": [[13, 0], [5512, 28980]]}",{}
NC00962.3,EMB-0.25-0.9-0.5,0.0,GARC1,RUS,EMB,embA@P327H,U,{},"{""proportion"": 0.0, ""confidence"": [0.0, 0.7301340512159458], ""p_value"": 1.0, ""solo_contingency"": [[0, 1], [313, 24469]], ""contingency"": [[0, 1], [5525, 28979]]}",{}
NC00962.3,EMB-0.25-0.9-0.5,0.0,GARC1,RUS,EMB,embA@A1016S,U,{},"{""proportion"": 0.0, ""confidence"": [0.0, 0.4741955741575127], ""p_value"": 1.0, ""solo_contingency"": [[0, 3], [313, 24469]], ""contingency"": [[0, 3], [5525, 28977]]}",{}
NC00962.3,EMB-0.25-0.9-0.5,0.0,GARC1,RUS,EMB,embB@F161L,U,{},"{""proportion"": 0.0, ""confidence"": [0.0, 0.7301340512159458], ""p_value"": 1.0, ""solo_contingency"": [[0, 1], [313, 24469]], ""contingency"": [[0, 1], [5525, 28979]]}",{}
NC00962.3,EMB-0.25-0.9-0.5,0.0,GARC1,RUS,EMB,embB@W273L,U,{},"{""proportion"": 0.0, ""confidence"": [0.0, 0.7301340512159458], ""p_value"": 1.0, ""solo_contingency"": [[0, 1], [313, 24469]], ""contingency"": [[0, 1], [5525, 28979]]}",{}
NC00962.3,EMB-0.25-0.9-0.5,0.0,GARC1,RUS,EMB,embB@A221T,U,{},"{""proportion"": 0.0, ""confidence"": [0.0, 0.7301340512159458], ""p_value"": 1.0, ""solo_contingency"": [[0, 1], [313, 24469]], ""contingency"": [[0, 1], [5525, 28979]]}",{}
NC00962.3,EMB-0.25-0.9-0.5,0.0,GARC1,RUS,EMB,embA@A438V,U,{},"{""proportion"": 0.0, ""confidence"": [0.0, 0.7301340512159458], ""p_value"": 1.0, ""solo_contingency"": [[0, 1], [313, 24469]], ""contingency"": [[0, 1], [5525, 28979]]}",{}
NC00962.3,EMB-0.25-0.9-0.5,0.0,GARC1,RUS,EMB,embB@A357T,U,{},"{""proportion"": 0.0, ""confidence"": [0.0, 0.7301340512159458], ""p_value"": 1.0, ""solo_contingency"": [[0, 1], [313, 24469]], ""contingency"": [[0, 1], [5525, 28979]]}",{}
NC00962.3,EMB-0.25-0.9-0.5,0.0,GARC1,RUS,EMB,embB@M350T,U,{},"{""proportion"": 0.0, ""confidence"": [0.0, 0.7301340512159458], ""p_value"": 1.0, ""solo_contingency"": [[0, 1], [313, 24469]], ""contingency"": [[0, 1], [5525, 28979]]}",{}
NC00962.3,EMB-0.25-0.9-0.5,0.0,GARC1,RUS,EMB,embB@S344R,U,{},"{""proportion"": 0.0, ""confidence"": [0.0, 0.7301340512159458], ""p_value"": 1.0, ""solo_contingency"": [[0, 1], [313, 24469]], ""contingency"": [[0, 1], [5525, 28979]]}",{}
NC00962.3,EMB-0.25-0.9-0.5,0.0,GARC1,RUS,EMB,embA@Q57E,U,{},"{""proportion"": 0.0, ""confidence"": [0.0, 0.7301340512159458], ""p_value"": 1.0, ""solo_contingency"": [[0, 1], [313, 24469]], ""contingency"": [[0, 1], [5525, 28979]]}",{}
NC00962.3,EMB-0.25-0.9-0.5,0.0,GARC1,RUS,EMB,embA@T591A,U,{},"{""proportion"": 0.0, ""confidence"": [0.0, 0.7301340512159458], ""p_value"": 1.0, ""solo_contingency"": [[0, 1], [313, 24469]], ""contingency"": [[0, 1], [5525, 28979]]}",{}
NC00962.3,EMB-0.25-0.9-0.5,0.0,GARC1,RUS,EMB,embA@N54S,U,{},"{""proportion"": 0.0, ""confidence"": [0.0, 0.7301340512159458], ""p_value"": 1.0, ""solo_contingency"": [[0, 1], [313, 24469]], ""contingency"": [[0, 1], [5525, 28979]]}",{}
NC00962.3,EMB-0.25-0.9-0.5,0.0,GARC1,RUS,EMB,embB@A271G,U,{},"{""proportion"": 0.0, ""confidence"": [0.0, 0.7301340512159458], ""p_value"": 1.0, ""solo_contingency"": [[0, 1], [313, 24469]], ""contingency"": [[0, 1], [5525, 28979]]}",{}
NC00962.3,EMB-0.25-0.9-0.5,0.0,GARC1,RUS,EMB,embB@V67L,U,{},"{""proportion"": 0.0, ""confidence"": [0.0, 0.5749693909936535], ""p_value"": 1.0, ""solo_contingency"": [[0, 2], [313, 24469]], ""contingency"": [[0, 2], [5525, 28978]]}",{}
NC00962.3,EMB-0.25-0.9-0.5,0.0,GARC1,RUS,EMB,embB@T341I,U,{},"{""proportion"": 0.0, ""confidence"": [0.0, 0.7301340512159458], ""p_value"": 1.0, ""solo_contingency"": [[0, 1], [313, 24469]], ""contingency"": [[0, 1], [5525, 28979]]}",{}
NC00962.3,EMB-0.25-0.9-0.5,0.0,GARC1,RUS,EMB,embA@A331P,U,{},"{""proportion"": 0.0, ""confidence"": [0.0, 0.7301340512159458], ""p_value"": 1.0, ""solo_contingency"": [[0, 1], [313, 24469]], ""contingency"": [[0, 1], [5525, 28979]]}",{}
NC00962.3,EMB-0.25-0.9-0.5,0.0,GARC1,RUS,EMB,embA@c-11t,U,{},"{""proportion"": 0.0, ""confidence"": [0.0, 0.5749693909936535], ""p_value"": 1.0, ""solo_contingency"": [[0, 2], [313, 24469]], ""contingency"": [[29, 8], [5496, 28972]]}",{}
NC00962.3,EMB-0.25-0.9-0.5,0.0,GARC1,RUS,EMB,embB@A861T,U,{},"{""proportion"": 0.0, ""confidence"": [0.0, 0.7301340512159458], ""p_value"": 1.0, ""solo_contingency"": [[0, 1], [313, 24469]], ""contingency"": [[0, 1], [5525, 28979]]}",{}
NC00962.3,EMB-0.25-0.9-0.5,0.0,GARC1,RUS,EMB,embB@A840P,U,{},"{""proportion"": 0.0, ""confidence"": [0.0, 0.7301340512159458], ""p_value"": 1.0, ""solo_contingency"": [[0, 1], [313, 24469]], ""contingency"": [[0, 1], [5525, 28979]]}",{}
NC00962.3,EMB-0.25-0.9-0.5,0.0,GARC1,RUS,EMB,embA@D678N,U,{},"{""proportion"": 0.0, ""confidence"": [0.0, 0.7301340512159458], ""p_value"": 1.0, ""solo_contingency"": [[0, 1], [313, 24469]], ""contingency"": [[0, 1], [5525, 28979]]}",{}
NC00962.3,EMB-0.25-0.9-0.5,0.0,GARC1,RUS,EMB,embB@H342N,U,{},"{""proportion"": 0.0, ""confidence"": [0.0, 0.7301340512159458], ""p_value"": 1.0, ""solo_contingency"": [[0, 1], [313, 24469]], ""contingency"": [[0, 1], [5525, 28979]]}",{}
NC00962.3,EMB-0.25-0.9-0.5,0.0,GARC1,RUS,EMB,embB@M557I,U,{},"{""proportion"": 0.0, ""confidence"": [0.0, 0.7301340512159458], ""p_value"": 1.0, ""solo_contingency"": [[0, 1], [313, 24469]], ""contingency"": [[0, 1], [5525, 28979]]}",{}
NC00962.3,EMB-0.25-0.9-0.5,0.0,GARC1,RUS,EMB,embB@R1059P,U,{},"{""proportion"": 0.0, ""confidence"": [0.0, 0.7301340512159458], ""p_value"": 1.0, ""solo_contingency"": [[0, 1], [313, 24469]], ""contingency"": [[0, 1], [5525, 28979]]}",{}
NC00962.3,EMB-0.25-0.9-0.5,0.0,GARC1,RUS,EMB,embB@A950V,U,{},"{""proportion"": 0.0, ""confidence"": [0.0, 0.7301340512159458], ""p_value"": 1.0, ""solo_contingency"": [[0, 1], [313, 24469]], ""contingency"": [[0, 1], [5525, 28979]]}",{}
NC00962.3,EMB-0.25-0.9-0.5,0.0,GARC1,RUS,EMB,embA@A734T,U,{},"{""proportion"": 0.0, ""confidence"": [0.0, 0.7301340512159458], ""p_value"": 1.0, ""solo_contingency"": [[0, 1], [313, 24469]], ""contingency"": [[0, 1], [5525, 28979]]}",{}
NC00962.3,EMB-0.25-0.9-0.5,0.0,GARC1,RUS,EMB,embB@L348P,U,{},"{""proportion"": 0.0, ""confidence"": [0.0, 0.7301340512159458], ""p_value"": 1.0, ""solo_contingency"": [[0, 1], [313, 24469]], ""contingency"": [[0, 1], [5525, 28979]]}",{}
NC00962.3,EMB-0.25-0.9-0.5,0.0,GARC1,RUS,EMB,embB@N400S,U,{},"{""proportion"": 0.0, ""confidence"": [0.0, 0.7301340512159458], ""p_value"": 1.0, ""solo_contingency"": [[0, 1], [313, 24469]], ""contingency"": [[0, 1], [5525, 28979]]}",{}
NC00962.3,EMB-0.25-0.9-0.5,0.0,GARC1,RUS,EMB,embA@T363I,U,{},"{""proportion"": 0.0, ""confidence"": [0.0, 0.7301340512159458], ""p_value"": 1.0, ""solo_contingency"": [[0, 1], [313, 24469]], ""contingency"": [[0, 1], [5525, 28979]]}",{}
NC00962.3,EMB-0.25-0.9-0.5,0.0,GARC1,RUS,EMB,embA@T652R,U,{},"{""proportion"": 1.0, ""confidence"": [0.26986594878405434, 1.0000000000000002], ""p_value"": 0.25, ""solo_contingency"": [[1, 0], [313, 24469]], ""contingency"": [[3, 0], [5522, 28980]]}",{}
NC00962.3,EMB-0.25-0.9-0.5,0.0,GARC1,RUS,EMB,embB@M462T,U,{},"{""proportion"": 0.0, ""confidence"": [0.0, 0.7301340512159458], ""p_value"": 1.0, ""solo_contingency"": [[0, 1], [313, 24469]], ""contingency"": [[0, 1], [5525, 28979]]}",{}
NC00962.3,EMB-0.25-0.9-0.5,0.0,GARC1,RUS,EMB,embB@P59T,U,{},"{""proportion"": 0.0, ""confidence"": [0.0, 0.7301340512159458], ""p_value"": 1.0, ""solo_contingency"": [[0, 1], [313, 24469]], ""contingency"": [[0, 1], [5525, 28979]]}",{}
NC00962.3,EMB-0.25-0.9-0.5,0.0,GARC1,RUS,EMB,embB@V602A,U,{},"{""proportion"": 0.0, ""confidence"": [0.0, 0.7301340512159458], ""p_value"": 1.0, ""solo_contingency"": [[0, 1], [313, 24469]], ""contingency"": [[0, 1], [5525, 28979]]}",{}
NC00962.3,EMB-0.25-0.9-0.5,0.0,GARC1,RUS,EMB,embB@I1006M,U,{},"{""proportion"": 0.0, ""confidence"": [0.0, 0.3511165007651012], ""p_value"": 0.34082031250000006, ""solo_contingency"": [[0, 5], [313, 24469]], ""contingency"": [[0, 5], [5525, 28975]]}",{}
NC00962.3,EMB-0.25-0.9-0.5,0.0,GARC1,RUS,EMB,embA@T591P,U,{},"{""proportion"": 0.0, ""confidence"": [0.0, 0.5749693909936535], ""p_value"": 1.0, ""solo_contingency"": [[0, 2], [313, 24469]], ""contingency"": [[0, 2], [5525, 28978]]}",{}
NC00962.3,EMB-0.25-0.9-0.5,0.0,GARC1,RUS,EMB,embB@R147C,U,{},"{""proportion"": 0.0, ""confidence"": [0.0, 0.7301340512159458], ""p_value"": 1.0, ""solo_contingency"": [[0, 1], [313, 24469]], ""contingency"": [[0, 1], [5525, 28979]]}",{}
NC00962.3,EMB-0.25-0.9-0.5,0.0,GARC1,RUS,EMB,embB@A1083T,U,{},"{""proportion"": 0.0, ""confidence"": [0.0, 0.7301340512159458], ""p_value"": 1.0, ""solo_contingency"": [[0, 1], [313, 24469]], ""contingency"": [[0, 1], [5525, 28979]]}",{}
NC00962.3,EMB-0.25-0.9-0.5,0.0,GARC1,RUS,EMB,embA@G554D,U,{},"{""proportion"": 1.0, ""confidence"": [0.26986594878405434, 1.0000000000000002], ""p_value"": 0.25, ""solo_contingency"": [[1, 0], [313, 24469]], ""contingency"": [[1, 0], [5524, 28980]]}",{}
NC00962.3,EMB-0.25-0.9-0.5,0.0,GARC1,RUS,EMB,embB@E149A,U,{},"{""proportion"": 0.0, ""confidence"": [0.0, 0.7301340512159458], ""p_value"": 1.0, ""solo_contingency"": [[0, 1], [313, 24469]], ""contingency"": [[0, 1], [5525, 28979]]}",{}
NC00962.3,EMB-0.25-0.9-0.5,0.0,GARC1,RUS,EMB,embA@P763S,U,{},"{""proportion"": 0.0, ""confidence"": [0.0, 0.7301340512159458], ""p_value"": 1.0, ""solo_contingency"": [[0, 1], [313, 24469]], ""contingency"": [[0, 1], [5525, 28979]]}",{}
NC00962.3,EMB-0.25-0.9-0.5,0.0,GARC1,RUS,EMB,embA@g-48c,U,{},"{""proportion"": 0.0, ""confidence"": [0.0, 0.7301340512159458], ""p_value"": 1.0, ""solo_contingency"": [[0, 1], [313, 24469]], ""contingency"": [[0, 1], [5525, 28979]]}",{}
NC00962.3,EMB-0.25-0.9-0.5,0.0,GARC1,RUS,EMB,embA@A291T,U,{},"{""proportion"": 0.0, ""confidence"": [0.0, 0.5749693909936535], ""p_value"": 1.0, ""solo_contingency"": [[0, 2], [313, 24469]], ""contingency"": [[0, 2], [5525, 28978]]}",{}
NC00962.3,EMB-0.25-0.9-0.5,0.0,GARC1,RUS,EMB,embB@D354N,U,{},"{""proportion"": 0.0, ""confidence"": [0.0, 0.7301340512159458], ""p_value"": 1.0, ""solo_contingency"": [[0, 1], [313, 24469]], ""contingency"": [[1, 2], [5524, 28978]]}",{}
NC00962.3,EMB-0.25-0.9-0.5,0.0,GARC1,RUS,EMB,embA@T270P,U,{},"{""proportion"": 0.0, ""confidence"": [0.0, 0.7301340512159458], ""p_value"": 1.0, ""solo_contingency"": [[0, 1], [313, 24469]], ""contingency"": [[0, 1], [5525, 28979]]}",{}
NC00962.3,EMB-0.25-0.9-0.5,0.0,GARC1,RUS,EMB,embA@G21R,U,{},"{""proportion"": 0.0, ""confidence"": [0.0, 0.7301340512159458], ""p_value"": 1.0, ""solo_contingency"": [[0, 1], [313, 24469]], ""contingency"": [[0, 1], [5525, 28979]]}",{}
NC00962.3,EMB-0.25-0.9-0.5,0.0,GARC1,RUS,EMB,embA@H665R,U,{},"{""proportion"": 0.0, ""confidence"": [0.0, 0.5749693909936535], ""p_value"": 1.0, ""solo_contingency"": [[0, 2], [313, 24469]], ""contingency"": [[0, 2], [5525, 28978]]}",{}
NC00962.3,EMB-0.25-0.9-0.5,0.0,GARC1,RUS,EMB,embB@N1004T,U,{},"{""proportion"": 0.0, ""confidence"": [0.0, 0.7301340512159458], ""p_value"": 1.0, ""solo_contingency"": [[0, 1], [313, 24469]], ""contingency"": [[0, 1], [5525, 28979]]}",{}
NC00962.3,EMB-0.25-0.9-0.5,0.0,GARC1,RUS,EMB,embA@P327L,U,{},"{""proportion"": 0.0, ""confidence"": [0.0, 0.5749693909936535], ""p_value"": 1.0, ""solo_contingency"": [[0, 2], [313, 24469]], ""contingency"": [[0, 2], [5525, 28978]]}",{}
NC00962.3,EMB-0.25-0.9-0.5,0.0,GARC1,RUS,EMB,embB@T797M,U,{},"{""proportion"": 0.0, ""confidence"": [0.0, 0.40347862520270455], ""p_value"": 0.578125, ""solo_contingency"": [[0, 4], [313, 24469]], ""contingency"": [[0, 4], [5525, 28976]]}",{}
NC00962.3,EMB-0.25-0.9-0.5,0.0,GARC1,RUS,EMB,embB@A510T,U,{},"{""proportion"": 0.0, ""confidence"": [0.0, 0.4741955741575127], ""p_value"": 1.0, ""solo_contingency"": [[0, 3], [313, 24469]], ""contingency"": [[0, 3], [5525, 28977]]}",{}
NC00962.3,EMB-0.25-0.9-0.5,0.0,GARC1,RUS,EMB,embA@A255V,U,{},"{""proportion"": 0.0, ""confidence"": [0.0, 0.7301340512159458], ""p_value"": 1.0, ""solo_contingency"": [[0, 1], [313, 24469]], ""contingency"": [[0, 1], [5525, 28979]]}",{}
NC00962.3,EMB-0.25-0.9-0.5,0.0,GARC1,RUS,EMB,embB@D354G,U,{},"{""proportion"": 0.0, ""confidence"": [0.0, 0.7301340512159458], ""p_value"": 1.0, ""solo_contingency"": [[0, 1], [313, 24469]], ""contingency"": [[0, 2], [5525, 28978]]}",{}
NC00962.3,EMB-0.25-0.9-0.5,0.0,GARC1,RUS,EMB,embA@A428V,U,{},"{""proportion"": 0.0, ""confidence"": [0.0, 0.7301340512159458], ""p_value"": 1.0, ""solo_contingency"": [[0, 1], [313, 24469]], ""contingency"": [[0, 1], [5525, 28979]]}",{}
NC00962.3,EMB-0.25-0.9-0.5,0.0,GARC1,RUS,EMB,embA@S49R,U,{},"{""proportion"": 0.0, ""confidence"": [0.0, 0.7301340512159458], ""p_value"": 1.0, ""solo_contingency"": [[0, 1], [313, 24469]], ""contingency"": [[0, 3], [5525, 28977]]}",{}
NC00962.3,EMB-0.25-0.9-0.5,0.0,GARC1,RUS,EMB,embA@A852S,U,{},"{""proportion"": 0.0, ""confidence"": [0.0, 0.7301340512159458], ""p_value"": 1.0, ""solo_contingency"": [[0, 1], [313, 24469]], ""contingency"": [[0, 1], [5525, 28979]]}",{}
NC00962.3,EMB-0.25-0.9-0.5,0.0,GARC1,RUS,EMB,embB@T341A,U,{},"{""proportion"": 0.0, ""confidence"": [0.0, 0.7301340512159458], ""p_value"": 1.0, ""solo_contingency"": [[0, 1], [313, 24469]], ""contingency"": [[0, 1], [5525, 28979]]}",{}
NC00962.3,EMB-0.25-0.9-0.5,0.0,GARC1,RUS,EMB,embA@G765D,U,{},"{""proportion"": 0.0, ""confidence"": [0.0, 0.5749693909936535], ""p_value"": 1.0, ""solo_contingency"": [[0, 2], [313, 24469]], ""contingency"": [[0, 2], [5525, 28978]]}",{}
NC00962.3,EMB-0.25-0.9-0.5,0.0,GARC1,RUS,EMB,embB@A1020S,U,{},"{""proportion"": 0.0, ""confidence"": [0.0, 0.7301340512159458], ""p_value"": 1.0, ""solo_contingency"": [[0, 1], [313, 24469]], ""contingency"": [[0, 1], [5525, 28979]]}",{}
NC00962.3,EMB-0.25-0.9-0.5,0.0,GARC1,RUS,EMB,embB@D311A,U,{},"{""proportion"": 0.0, ""confidence"": [0.0, 0.5749693909936535], ""p_value"": 1.0, ""solo_contingency"": [[0, 2], [313, 24469]], ""contingency"": [[0, 2], [5525, 28978]]}",{}
NC00962.3,EMB-0.25-0.9-0.5,0.0,GARC1,RUS,EMB,embA@T238S,U,{},"{""proportion"": 0.0, ""confidence"": [0.0, 0.7301340512159458], ""p_value"": 1.0, ""solo_contingency"": [[0, 1], [313, 24469]], ""contingency"": [[0, 1], [5525, 28979]]}",{}
NC00962.3,EMB-0.25-0.9-0.5,0.0,GARC1,RUS,EMB,embB@P776L,U,{},"{""proportion"": 0.0, ""confidence"": [0.0, 0.3511165007651012], ""p_value"": 0.34082031250000006, ""solo_contingency"": [[0, 5], [313, 24469]], ""contingency"": [[0, 5], [5525, 28975]]}",{}
NC00962.3,EMB-0.25-0.9-0.5,0.0,GARC1,RUS,EMB,embB@R930H,U,{},"{""proportion"": 0.0, ""confidence"": [0.0, 0.7301340512159458], ""p_value"": 1.0, ""solo_contingency"": [[0, 1], [313, 24469]], ""contingency"": [[0, 1], [5525, 28979]]}",{}
NC00962.3,EMB-0.25-0.9-0.5,0.0,GARC1,RUS,EMB,embA@T238N,U,{},"{""proportion"": 0.0, ""confidence"": [0.0, 0.5749693909936535], ""p_value"": 1.0, ""solo_contingency"": [[0, 2], [313, 24469]], ""contingency"": [[0, 2], [5525, 28978]]}",{}
NC00962.3,EMB-0.25-0.9-0.5,0.0,GARC1,RUS,EMB,embA@I191V,U,{},"{""proportion"": 0.0, ""confidence"": [0.0, 0.7301340512159458], ""p_value"": 1.0, ""solo_contingency"": [[0, 1], [313, 24469]], ""contingency"": [[0, 1], [5525, 28979]]}",{}
NC00962.3,EMB-0.25-0.9-0.5,0.0,GARC1,RUS,EMB,embB@P375S,U,{},"{""proportion"": 0.0, ""confidence"": [0.0, 0.7301340512159458], ""p_value"": 1.0, ""solo_contingency"": [[0, 1], [313, 24469]], ""contingency"": [[0, 1], [5525, 28979]]}",{}
NC00962.3,EMB-0.25-0.9-0.5,0.0,GARC1,RUS,EMB,embB@V231I,U,{},"{""proportion"": 0.0, ""confidence"": [0.0, 0.7301340512159458], ""p_value"": 1.0, ""solo_contingency"": [[0, 1], [313, 24469]], ""contingency"": [[0, 1], [5525, 28979]]}",{}
NC00962.3,EMB-0.25-0.9-0.5,0.0,GARC1,RUS,EMB,embB@N657D,U,{},"{""proportion"": 0.0, ""confidence"": [0.0, 0.7301340512159458], ""p_value"": 1.0, ""solo_contingency"": [[0, 1], [313, 24469]], ""contingency"": [[0, 1], [5525, 28979]]}",{}
NC00962.3,EMB-0.25-0.9-0.5,0.0,GARC1,RUS,EMB,embB@G665R,U,{},"{""proportion"": 0.0, ""confidence"": [0.0, 0.7301340512159458], ""p_value"": 1.0, ""solo_contingency"": [[0, 1], [313, 24469]], ""contingency"": [[0, 1], [5525, 28979]]}",{}
NC00962.3,EMB-0.25-0.9-0.5,0.0,GARC1,RUS,EMB,embB@M462L,U,{},"{""proportion"": 0.0, ""confidence"": [0.0, 0.7301340512159458], ""p_value"": 1.0, ""solo_contingency"": [[0, 1], [313, 24469]], ""contingency"": [[0, 1], [5525, 28979]]}",{}
NC00962.3,EMB-0.25-0.9-0.5,0.0,GARC1,RUS,EMB,embA@W1050G,U,{},"{""proportion"": 0.0, ""confidence"": [0.0, 0.7301340512159458], ""p_value"": 1.0, ""solo_contingency"": [[0, 1], [313, 24469]], ""contingency"": [[0, 1], [5525, 28979]]}",{}
NC00962.3,EMB-0.25-0.9-0.5,0.0,GARC1,RUS,EMB,embA@2723_ins_ggg,U,{},"{""proportion"": 0.0, ""confidence"": [0.0, 0.7301340512159458], ""p_value"": 1.0, ""solo_contingency"": [[0, 1], [313, 24469]], ""contingency"": [[0, 1], [5525, 28979]]}",{}
NC00962.3,EMB-0.25-0.9-0.5,0.0,GARC1,RUS,EMB,embA@D761G,U,{},"{""proportion"": 0.0, ""confidence"": [0.0, 0.7301340512159458], ""p_value"": 1.0, ""solo_contingency"": [[0, 1], [313, 24469]], ""contingency"": [[0, 1], [5525, 28979]]}",{}
NC00962.3,EMB-0.25-0.9-0.5,0.0,GARC1,RUS,EMB,embA@R683L,U,{},"{""proportion"": 0.0, ""confidence"": [0.0, 0.7301340512159458], ""p_value"": 1.0, ""solo_contingency"": [[0, 1], [313, 24469]], ""contingency"": [[0, 1], [5525, 28979]]}",{}
NC00962.3,EMB-0.25-0.9-0.5,0.0,GARC1,RUS,EMB,embA@L263P,U,{},"{""proportion"": 0.0, ""confidence"": [0.0, 0.7301340512159458], ""p_value"": 1.0, ""solo_contingency"": [[0, 1], [313, 24469]], ""contingency"": [[0, 1], [5525, 28979]]}",{}
NC00962.3,EMB-0.25-0.9-0.5,0.0,GARC1,RUS,EMB,embB@T1069P,U,{},"{""proportion"": 0.0, ""confidence"": [0.0, 0.7301340512159458], ""p_value"": 1.0, ""solo_contingency"": [[0, 1], [313, 24469]], ""contingency"": [[0, 1], [5525, 28979]]}",{}
NC00962.3,EMB-0.25-0.9-0.5,0.0,GARC1,RUS,EMB,embB@G1097S,U,{},"{""proportion"": 0.0, ""confidence"": [0.0, 0.7301340512159458], ""p_value"": 1.0, ""solo_contingency"": [[0, 1], [313, 24469]], ""contingency"": [[0, 1], [5525, 28979]]}",{}
NC00962.3,EMB-0.25-0.9-0.5,0.0,GARC1,RUS,EMB,embA@T983A,U,{},"{""proportion"": 0.0, ""confidence"": [0.0, 0.7301340512159458], ""p_value"": 1.0, ""solo_contingency"": [[0, 1], [313, 24469]], ""contingency"": [[0, 1], [5525, 28979]]}",{}
NC00962.3,EMB-0.25-0.9-0.5,0.0,GARC1,RUS,EMB,embA@c-73t,U,{},"{""proportion"": 0.0, ""confidence"": [0.0, 0.7301340512159458], ""p_value"": 1.0, ""solo_contingency"": [[0, 1], [313, 24469]], ""contingency"": [[0, 1], [5525, 28979]]}",{}
NC00962.3,EMB-0.25-0.9-0.5,0.0,GARC1,RUS,EMB,embB@T546A,U,{},"{""proportion"": 0.0, ""confidence"": [0.0, 0.7301340512159458], ""p_value"": 1.0, ""solo_contingency"": [[0, 1], [313, 24469]], ""contingency"": [[0, 1], [5525, 28979]]}",{}
NC00962.3,EMB-0.25-0.9-0.5,0.0,GARC1,RUS,EMB,embB@K107R,U,{},"{""proportion"": 0.0, ""confidence"": [0.0, 0.7301340512159458], ""p_value"": 1.0, ""solo_contingency"": [[0, 1], [313, 24469]], ""contingency"": [[0, 1], [5525, 28979]]}",{}
NC00962.3,EMB-0.25-0.9-0.5,0.0,GARC1,RUS,EMB,embB@N1033K,U,{},"{""proportion"": 1.0, ""confidence"": [0.26986594878405434, 1.0000000000000002], ""p_value"": 0.25, ""solo_contingency"": [[1, 0], [313, 24469]], ""contingency"": [[1, 0], [5524, 28980]]}",{}
NC00962.3,EMB-0.25-0.9-0.5,0.0,GARC1,RUS,EMB,embB@P214A,U,{},"{""proportion"": 0.0, ""confidence"": [0.0, 0.7301340512159458], ""p_value"": 1.0, ""solo_contingency"": [[0, 1], [313, 24469]], ""contingency"": [[0, 1], [5525, 28979]]}",{}
NC00962.3,EMB-0.25-0.9-0.5,0.0,GARC1,RUS,EMB,embB@V479M,U,{},"{""proportion"": 0.0, ""confidence"": [0.0, 0.7301340512159458], ""p_value"": 1.0, ""solo_contingency"": [[0, 1], [313, 24469]], ""contingency"": [[0, 1], [5525, 28979]]}",{}
NC00962.3,EMB-0.25-0.9-0.5,0.0,GARC1,RUS,EMB,embA@G101S,U,{},"{""proportion"": 0.0, ""confidence"": [0.0, 0.5749693909936535], ""p_value"": 1.0, ""solo_contingency"": [[0, 2], [313, 24469]], ""contingency"": [[0, 2], [5525, 28978]]}",{}
NC00962.3,EMB-0.25-0.9-0.5,0.0,GARC1,RUS,EMB,embA@R442K,U,{},"{""proportion"": 0.0, ""confidence"": [0.0, 0.7301340512159458], ""p_value"": 1.0, ""solo_contingency"": [[0, 1], [313, 24469]], ""contingency"": [[0, 1], [5525, 28979]]}",{}
NC00962.3,EMB-0.25-0.9-0.5,0.0,GARC1,RUS,EMB,embB@G603A,U,{},"{""proportion"": 0.0, ""confidence"": [0.0, 0.7301340512159458], ""p_value"": 1.0, ""solo_contingency"": [[0, 1], [313, 24469]], ""contingency"": [[0, 1], [5525, 28979]]}",{}
NC00962.3,EMB-0.25-0.9-0.5,0.0,GARC1,RUS,EMB,embA@N679S,U,{},"{""proportion"": 0.0, ""confidence"": [0.0, 0.7301340512159458], ""p_value"": 1.0, ""solo_contingency"": [[0, 1], [313, 24469]], ""contingency"": [[0, 1], [5525, 28979]]}",{}
NC00962.3,EMB-0.25-0.9-0.5,0.0,GARC1,RUS,EMB,embB@P706S,U,{},"{""proportion"": 0.0, ""confidence"": [0.0, 0.7301340512159458], ""p_value"": 1.0, ""solo_contingency"": [[0, 1], [313, 24469]], ""contingency"": [[0, 1], [5525, 28979]]}",{}
NC00962.3,EMB-0.25-0.9-0.5,0.0,GARC1,RUS,EMB,embA@R346P,U,{},"{""proportion"": 0.0, ""confidence"": [0.0, 0.7301340512159458], ""p_value"": 1.0, ""solo_contingency"": [[0, 1], [313, 24469]], ""contingency"": [[0, 1], [5525, 28979]]}",{}
NC00962.3,EMB-0.25-0.9-0.5,0.0,GARC1,RUS,EMB,embA@R346W,U,{},"{""proportion"": 0.0, ""confidence"": [0.0, 0.7301340512159458], ""p_value"": 1.0, ""solo_contingency"": [[0, 1], [313, 24469]], ""contingency"": [[0, 2], [5525, 28978]]}",{}
NC00962.3,EMB-0.25-0.9-0.5,0.0,GARC1,RUS,EMB,embB@G474D,U,{},"{""proportion"": 0.0, ""confidence"": [0.0, 0.7301340512159458], ""p_value"": 1.0, ""solo_contingency"": [[0, 1], [313, 24469]], ""contingency"": [[0, 1], [5525, 28979]]}",{}
NC00962.3,EMB-0.25-0.9-0.5,0.0,GARC1,RUS,EMB,embA@L221M,U,{},"{""proportion"": 0.0, ""confidence"": [0.0, 0.7301340512159458], ""p_value"": 1.0, ""solo_contingency"": [[0, 1], [313, 24469]], ""contingency"": [[0, 1], [5525, 28979]]}",{}
NC00962.3,EMB-0.25-0.9-0.5,0.0,GARC1,RUS,EMB,embA@S318L,U,{},"{""proportion"": 0.0, ""confidence"": [0.0, 0.7301340512159458], ""p_value"": 1.0, ""solo_contingency"": [[0, 1], [313, 24469]], ""contingency"": [[0, 1], [5525, 28979]]}",{}
NC00962.3,EMB-0.25-0.9-0.5,0.0,GARC1,RUS,EMB,embA@G748S,U,{},"{""proportion"": 0.0, ""confidence"": [0.0, 0.7301340512159458], ""p_value"": 1.0, ""solo_contingency"": [[0, 1], [313, 24469]], ""contingency"": [[0, 1], [5525, 28979]]}",{}
NC00962.3,EMB-0.25-0.9-0.5,0.0,GARC1,RUS,EMB,embA@G972W,U,{},"{""proportion"": 0.0, ""confidence"": [0.0, 0.7301340512159458], ""p_value"": 1.0, ""solo_contingency"": [[0, 1], [313, 24469]], ""contingency"": [[0, 1], [5525, 28979]]}",{}
NC00962.3,EMB-0.25-0.9-0.5,0.0,GARC1,RUS,EMB,embB@A684V,U,{},"{""proportion"": 0.0, ""confidence"": [0.0, 0.7301340512159458], ""p_value"": 1.0, ""solo_contingency"": [[0, 1], [313, 24469]], ""contingency"": [[0, 1], [5525, 28979]]}",{}
NC00962.3,EMB-0.25-0.9-0.5,0.0,GARC1,RUS,EMB,embA@S318T,U,{},"{""proportion"": 0.0, ""confidence"": [0.0, 0.7301340512159458], ""p_value"": 1.0, ""solo_contingency"": [[0, 1], [313, 24469]], ""contingency"": [[0, 1], [5525, 28979]]}",{}
NC00962.3,EMB-0.25-0.9-0.5,0.0,GARC1,RUS,EMB,embA@A436G,U,{},"{""proportion"": 0.0, ""confidence"": [0.0, 0.7301340512159458], ""p_value"": 1.0, ""solo_contingency"": [[0, 1], [313, 24469]], ""contingency"": [[0, 1], [5525, 28979]]}",{}
NC00962.3,EMB-0.25-0.9-0.5,0.0,GARC1,RUS,EMB,embA@N377G,U,{},"{""proportion"": 0.0, ""confidence"": [0.0, 0.7301340512159458], ""p_value"": 1.0, ""solo_contingency"": [[0, 1], [313, 24469]], ""contingency"": [[0, 1], [5525, 28979]]}",{}
NC00962.3,EMB-0.25-0.9-0.5,0.0,GARC1,RUS,EMB,embA@R68H,U,{},"{""proportion"": 0.0, ""confidence"": [0.0, 0.7301340512159458], ""p_value"": 1.0, ""solo_contingency"": [[0, 1], [313, 24469]], ""contingency"": [[0, 1], [5525, 28979]]}",{}
NC00962.3,EMB-0.25-0.9-0.5,0.0,GARC1,RUS,EMB,embB@P177L,U,{},"{""proportion"": 0.0, ""confidence"": [0.0, 0.7301340512159458], ""p_value"": 1.0, ""solo_contingency"": [[0, 1], [313, 24469]], ""contingency"": [[0, 1], [5525, 28979]]}",{}
NC00962.3,EMB-0.25-0.9-0.5,0.0,GARC1,RUS,EMB,embB@K927E,U,{},"{""proportion"": 0.0, ""confidence"": [0.0, 0.7301340512159458], ""p_value"": 1.0, ""solo_contingency"": [[0, 1], [313, 24469]], ""contingency"": [[0, 1], [5525, 28979]]}",{}
NC00962.3,EMB-0.25-0.9-0.5,0.0,GARC1,RUS,EMB,embA@P164A,U,{},"{""proportion"": 0.0, ""confidence"": [0.0, 0.7301340512159458], ""p_value"": 1.0, ""solo_contingency"": [[0, 1], [313, 24469]], ""contingency"": [[0, 1], [5525, 28979]]}",{}
NC00962.3,EMB-0.25-0.9-0.5,0.0,GARC1,RUS,EMB,embA@L925V,U,{},"{""proportion"": 0.0, ""confidence"": [0.0, 0.7301340512159458], ""p_value"": 1.0, ""solo_contingency"": [[0, 1], [313, 24469]], ""contingency"": [[0, 1], [5525, 28979]]}",{}
NC00962.3,EMB-0.25-0.9-0.5,0.0,GARC1,RUS,EMB,embA@I887T,U,{},"{""proportion"": 0.0, ""confidence"": [0.0, 0.7301340512159458], ""p_value"": 1.0, ""solo_contingency"": [[0, 1], [313, 24469]], ""contingency"": [[0, 1], [5525, 28979]]}",{}
NC00962.3,EMB-0.25-0.9-0.5,0.0,GARC1,RUS,EMB,embA@632_del_tgc,U,{},"{""proportion"": 0.0, ""confidence"": [0.0, 0.7301340512159458], ""p_value"": 1.0, ""solo_contingency"": [[0, 1], [313, 24469]], ""contingency"": [[0, 1], [5525, 28979]]}",{}
NC00962.3,EMB-0.25-0.9-0.5,0.0,GARC1,RUS,EMB,embA@L552P,U,{},"{""proportion"": 0.0, ""confidence"": [0.0, 0.7301340512159458], ""p_value"": 1.0, ""solo_contingency"": [[0, 1], [313, 24469]], ""contingency"": [[0, 1], [5525, 28979]]}",{}
NC00962.3,EMB-0.25-0.9-0.5,0.0,GARC1,RUS,EMB,embA@2071_ins_tgg,U,{},"{""proportion"": 0.0, ""confidence"": [0.0, 0.5749693909936535], ""p_value"": 1.0, ""solo_contingency"": [[0, 2], [313, 24469]], ""contingency"": [[0, 2], [5525, 28978]]}",{}
NC00962.3,EMB-0.25-0.9-0.5,0.0,GARC1,RUS,EMB,embA@A661P,U,{},"{""proportion"": 0.0, ""confidence"": [0.0, 0.7301340512159458], ""p_value"": 1.0, ""solo_contingency"": [[0, 1], [313, 24469]], ""contingency"": [[0, 1], [5525, 28979]]}",{}
NC00962.3,EMB-0.25-0.9-0.5,0.0,GARC1,RUS,EMB,embA@A415V,U,{},"{""proportion"": 0.0, ""confidence"": [0.0, 0.7301340512159458], ""p_value"": 1.0, ""solo_contingency"": [[0, 1], [313, 24469]], ""contingency"": [[0, 1], [5525, 28979]]}",{}
NC00962.3,EMB-0.25-0.9-0.5,0.0,GARC1,RUS,EMB,embA@I338L,U,{},"{""proportion"": 0.0, ""confidence"": [0.0, 0.278762695452542], ""p_value"": 0.20404052734375, ""solo_contingency"": [[0, 7], [313, 24469]], ""contingency"": [[0, 7], [5525, 28973]]}",{}
NC00962.3,EMB-0.25-0.9-0.5,0.0,GARC1,RUS,EMB,embB@S565G,U,{},"{""proportion"": 0.0, ""confidence"": [0.0, 0.4741955741575127], ""p_value"": 1.0, ""solo_contingency"": [[0, 3], [313, 24469]], ""contingency"": [[0, 5], [5525, 28975]]}",{}
NC00962.3,EMB-0.25-0.9-0.5,0.0,GARC1,RUS,EMB,embA@V317L,U,{},"{""proportion"": 0.0, ""confidence"": [0.0, 0.3511165007651012], ""p_value"": 0.34082031250000006, ""solo_contingency"": [[0, 5], [313, 24469]], ""contingency"": [[0, 5], [5525, 28975]]}",{}
NC00962.3,EMB-0.25-0.9-0.5,0.0,GARC1,RUS,EMB,embA@A581T,U,{},"{""proportion"": 0.0, ""confidence"": [0.0, 0.5749693909936535], ""p_value"": 1.0, ""solo_contingency"": [[0, 2], [313, 24469]], ""contingency"": [[0, 2], [5525, 28978]]}",{}
NC00962.3,EMB-0.25-0.9-0.5,0.0,GARC1,RUS,EMB,embB@G535S,U,{},"{""proportion"": 0.0, ""confidence"": [0.0, 0.7301340512159458], ""p_value"": 1.0, ""solo_contingency"": [[0, 1], [313, 24469]], ""contingency"": [[0, 1], [5525, 28979]]}",{}
NC00962.3,EMB-0.25-0.9-0.5,0.0,GARC1,RUS,EMB,embB@V614I,U,{},"{""proportion"": 0.0, ""confidence"": [0.0, 0.7301340512159458], ""p_value"": 1.0, ""solo_contingency"": [[0, 1], [313, 24469]], ""contingency"": [[2, 1], [5523, 28979]]}",{}
NC00962.3,EMB-0.25-0.9-0.5,0.0,GARC1,RUS,EMB,embA@S514P,U,{},"{""proportion"": 0.0, ""confidence"": [0.0, 0.7301340512159458], ""p_value"": 1.0, ""solo_contingency"": [[0, 1], [313, 24469]], ""contingency"": [[0, 1], [5525, 28979]]}",{}
NC00962.3,EMB-0.25-0.9-0.5,0.0,GARC1,RUS,EMB,embA@P156L,U,{},"{""proportion"": 0.0, ""confidence"": [0.0, 0.7301340512159458], ""p_value"": 1.0, ""solo_contingency"": [[0, 1], [313, 24469]], ""contingency"": [[0, 1], [5525, 28979]]}",{}
NC00962.3,EMB-0.25-0.9-0.5,0.0,GARC1,RUS,EMB,embA@F529L,U,{},"{""proportion"": 0.0, ""confidence"": [0.0, 0.7301340512159458], ""p_value"": 1.0, ""solo_contingency"": [[0, 1], [313, 24469]], ""contingency"": [[0, 1], [5525, 28979]]}",{}
NC00962.3,EMB-0.25-0.9-0.5,0.0,GARC1,RUS,EMB,embA@W45G,U,{},"{""proportion"": 0.0, ""confidence"": [0.0, 0.7301340512159458], ""p_value"": 1.0, ""solo_contingency"": [[0, 1], [313, 24469]], ""contingency"": [[0, 1], [5525, 28979]]}",{}
NC00962.3,EMB-0.25-0.9-0.5,0.0,GARC1,RUS,EMB,embA@L212V,U,{},"{""proportion"": 0.0, ""confidence"": [0.0, 0.7301340512159458], ""p_value"": 1.0, ""solo_contingency"": [[0, 1], [313, 24469]], ""contingency"": [[0, 1], [5525, 28979]]}",{}
NC00962.3,EMB-0.25-0.9-0.5,0.0,GARC1,RUS,EMB,embA@R447G,U,{},"{""proportion"": 0.0, ""confidence"": [0.0, 0.7301340512159458], ""p_value"": 1.0, ""solo_contingency"": [[0, 1], [313, 24469]], ""contingency"": [[0, 1], [5525, 28979]]}",{}
NC00962.3,EMB-0.25-0.9-0.5,0.0,GARC1,RUS,EMB,embB@G34V,U,{},"{""proportion"": 0.0, ""confidence"": [0.0, 0.7301340512159458], ""p_value"": 1.0, ""solo_contingency"": [[0, 1], [313, 24469]], ""contingency"": [[0, 1], [5525, 28979]]}",{}
NC00962.3,EMB-0.25-0.9-0.5,0.0,GARC1,RUS,EMB,embB@G199E,U,{},"{""proportion"": 0.0, ""confidence"": [0.0, 0.7301340512159458], ""p_value"": 1.0, ""solo_contingency"": [[0, 1], [313, 24469]], ""contingency"": [[0, 1], [5525, 28979]]}",{}
NC00962.3,EMB-0.25-0.9-0.5,0.0,GARC1,RUS,EMB,embB@V502L,U,{},"{""proportion"": 0.0, ""confidence"": [0.0, 0.7301340512159458], ""p_value"": 1.0, ""solo_contingency"": [[0, 1], [313, 24469]], ""contingency"": [[0, 1], [5525, 28979]]}",{}
NC00962.3,EMB-0.25-0.9-0.5,0.0,GARC1,RUS,EMB,embB@A232E,U,{},"{""proportion"": 0.0, ""confidence"": [0.0, 0.5749693909936535], ""p_value"": 1.0, ""solo_contingency"": [[0, 2], [313, 24469]], ""contingency"": [[0, 2], [5525, 28978]]}",{}
NC00962.3,EMB-0.25-0.9-0.5,0.0,GARC1,RUS,EMB,embB@G1092A,U,{},"{""proportion"": 0.0, ""confidence"": [0.0, 0.7301340512159458], ""p_value"": 1.0, ""solo_contingency"": [[0, 1], [313, 24469]], ""contingency"": [[0, 1], [5525, 28979]]}",{}
NC00962.3,EMB-0.25-0.9-0.5,0.0,GARC1,RUS,EMB,embA@-23_del_cg,U,{},"{""proportion"": 0.0, ""confidence"": [0.0, 0.7301340512159458], ""p_value"": 1.0, ""solo_contingency"": [[0, 1], [313, 24469]], ""contingency"": [[1, 1], [5524, 28979]]}",{}
NC00962.3,EMB-0.25-0.9-0.5,0.0,GARC1,RUS,EMB,embB@A102V,U,{},"{""proportion"": 0.0, ""confidence"": [0.0, 0.7301340512159458], ""p_value"": 1.0, ""solo_contingency"": [[0, 1], [313, 24469]], ""contingency"": [[0, 1], [5525, 28979]]}",{}
NC00962.3,EMB-0.25-0.9-0.5,0.0,GARC1,RUS,EMB,embA@c-29t,U,{},"{""proportion"": 0.0, ""confidence"": [0.0, 0.5749693909936535], ""p_value"": 1.0, ""solo_contingency"": [[0, 2], [313, 24469]], ""contingency"": [[0, 2], [5525, 28978]]}",{}
NC00962.3,EMB-0.25-0.9-0.5,0.0,GARC1,RUS,EMB,embB@G846S,U,{},"{""proportion"": 0.0, ""confidence"": [0.0, 0.7301340512159458], ""p_value"": 1.0, ""solo_contingency"": [[0, 1], [313, 24469]], ""contingency"": [[0, 1], [5525, 28979]]}",{}
NC00962.3,EMB-0.25-0.9-0.5,0.0,GARC1,RUS,EMB,embB@A271T,U,{},"{""proportion"": 0.0, ""confidence"": [0.0, 0.5749693909936535], ""p_value"": 1.0, ""solo_contingency"": [[0, 2], [313, 24469]], ""contingency"": [[0, 2], [5525, 28978]]}",{}
NC00962.3,EMB-0.25-0.9-0.5,0.0,GARC1,RUS,EMB,embB@S66N,U,{},"{""proportion"": 0.0, ""confidence"": [0.0, 0.7301340512159458], ""p_value"": 1.0, ""solo_contingency"": [[0, 1], [313, 24469]], ""contingency"": [[0, 1], [5525, 28979]]}",{}
NC00962.3,EMB-0.25-0.9-0.5,0.0,GARC1,RUS,EMB,embB@L638S,U,{},"{""proportion"": 0.0, ""confidence"": [0.0, 0.7301340512159458], ""p_value"": 1.0, ""solo_contingency"": [[0, 1], [313, 24469]], ""contingency"": [[0, 1], [5525, 28979]]}",{}
NC00962.3,EMB-0.25-0.9-0.5,0.0,GARC1,RUS,EMB,embB@G891E,U,{},"{""proportion"": 0.0, ""confidence"": [0.0, 0.7301340512159458], ""p_value"": 1.0, ""solo_contingency"": [[0, 1], [313, 24469]], ""contingency"": [[0, 1], [5525, 28979]]}",{}
NC00962.3,EMB-0.25-0.9-0.5,0.0,GARC1,RUS,EMB,embA@G200S,U,{},"{""proportion"": 0.0, ""confidence"": [0.0, 0.7301340512159458], ""p_value"": 1.0, ""solo_contingency"": [[0, 1], [313, 24469]], ""contingency"": [[1, 1], [5524, 28979]]}",{}
NC00962.3,EMB-0.25-0.9-0.5,0.0,GARC1,RUS,EMB,embB@A567T,U,{},"{""proportion"": 0.0, ""confidence"": [0.0, 0.7301340512159458], ""p_value"": 1.0, ""solo_contingency"": [[0, 1], [313, 24469]], ""contingency"": [[0, 1], [5525, 28979]]}",{}
NC00962.3,EMB-0.25-0.9-0.5,0.0,GARC1,RUS,EMB,embB@E924K,U,{},"{""proportion"": 1.0, ""confidence"": [0.26986594878405434, 1.0000000000000002], ""p_value"": 0.25, ""solo_contingency"": [[1, 0], [313, 24469]], ""contingency"": [[1, 0], [5524, 28980]]}",{}
NC00962.3,EMB-0.25-0.9-0.5,0.0,GARC1,RUS,EMB,embB@V842I,U,{},"{""proportion"": 0.0, ""confidence"": [0.0, 0.7301340512159458], ""p_value"": 1.0, ""solo_contingency"": [[0, 1], [313, 24469]], ""contingency"": [[0, 1], [5525, 28979]]}",{}
NC00962.3,EMB-0.25-0.9-0.5,0.0,GARC1,RUS,EMB,embA@V246G,U,{},"{""proportion"": 0.0, ""confidence"": [0.0, 0.7301340512159458], ""p_value"": 1.0, ""solo_contingency"": [[0, 1], [313, 24469]], ""contingency"": [[0, 1], [5525, 28979]]}",{}
NC00962.3,EMB-0.25-0.9-0.5,0.0,GARC1,RUS,EMB,embA@D669Y,U,{},"{""proportion"": 0.0, ""confidence"": [0.0, 0.7301340512159458], ""p_value"": 1.0, ""solo_contingency"": [[0, 1], [313, 24469]], ""contingency"": [[0, 1], [5525, 28979]]}",{}
NC00962.3,EMB-0.25-0.9-0.5,0.0,GARC1,RUS,EMB,embA@R241H,U,{},"{""proportion"": 0.0, ""confidence"": [0.0, 0.7301340512159458], ""p_value"": 1.0, ""solo_contingency"": [[0, 1], [313, 24469]], ""contingency"": [[0, 1], [5525, 28979]]}",{}
NC00962.3,EMB-0.25-0.9-0.5,0.0,GARC1,RUS,EMB,embB@A431P,U,{},"{""proportion"": 0.0, ""confidence"": [0.0, 0.7301340512159458], ""p_value"": 1.0, ""solo_contingency"": [[0, 1], [313, 24469]], ""contingency"": [[0, 1], [5525, 28979]]}",{}
NC00962.3,EMB-0.25-0.9-0.5,0.0,GARC1,RUS,EMB,embA@-43_del_g,U,{},"{""proportion"": 0.0, ""confidence"": [0.0, 0.7301340512159458], ""p_value"": 1.0, ""solo_contingency"": [[0, 1], [313, 24469]], ""contingency"": [[4, 1], [5521, 28979]]}",{}
NC00962.3,EMB-0.25-0.9-0.5,0.0,GARC1,RUS,EMB,embB@L754R,U,{},"{""proportion"": 0.0, ""confidence"": [0.0, 0.7301340512159458], ""p_value"": 1.0, ""solo_contingency"": [[0, 1], [313, 24469]], ""contingency"": [[0, 1], [5525, 28979]]}",{}
NC00962.3,EMB-0.25-0.9-0.5,0.0,GARC1,RUS,EMB,embA@K789Q,U,{},"{""proportion"": 0.0, ""confidence"": [0.0, 0.7301340512159458], ""p_value"": 1.0, ""solo_contingency"": [[0, 1], [313, 24469]], ""contingency"": [[0, 1], [5525, 28979]]}",{}
NC00962.3,EMB-0.25-0.9-0.5,0.0,GARC1,RUS,EMB,embA@A409E,U,{},"{""proportion"": 0.0, ""confidence"": [0.0, 0.7301340512159458], ""p_value"": 1.0, ""solo_contingency"": [[0, 1], [313, 24469]], ""contingency"": [[0, 1], [5525, 28979]]}",{}
NC00962.3,EMB-0.25-0.9-0.5,0.0,GARC1,RUS,EMB,embA@A409T,U,{},"{""proportion"": 0.0, ""confidence"": [0.0, 0.7301340512159458], ""p_value"": 1.0, ""solo_contingency"": [[0, 1], [313, 24469]], ""contingency"": [[0, 1], [5525, 28979]]}",{}
NC00962.3,EMB-0.25-0.9-0.5,0.0,GARC1,RUS,EMB,embA@D865E,U,{},"{""proportion"": 0.0, ""confidence"": [0.0, 0.7301340512159458], ""p_value"": 1.0, ""solo_contingency"": [[0, 1], [313, 24469]], ""contingency"": [[0, 1], [5525, 28979]]}",{}
NC00962.3,EMB-0.25-0.9-0.5,0.0,GARC1,RUS,EMB,embA@G247R,U,{},"{""proportion"": 0.0, ""confidence"": [0.0, 0.7301340512159458], ""p_value"": 1.0, ""solo_contingency"": [[0, 1], [313, 24469]], ""contingency"": [[0, 1], [5525, 28979]]}",{}
NC00962.3,EMB-0.25-0.9-0.5,0.0,GARC1,RUS,EMB,embB@L974M,U,{},"{""proportion"": 0.0, ""confidence"": [0.0, 0.7301340512159458], ""p_value"": 1.0, ""solo_contingency"": [[0, 1], [313, 24469]], ""contingency"": [[0, 1], [5525, 28979]]}",{}
NC00962.3,EMB-0.25-0.9-0.5,0.0,GARC1,RUS,EMB,embB@V1048I,U,{},"{""proportion"": 0.0, ""confidence"": [0.0, 0.7301340512159458], ""p_value"": 1.0, ""solo_contingency"": [[0, 1], [313, 24469]], ""contingency"": [[0, 2], [5525, 28978]]}",{}
NC00962.3,EMB-0.25-0.9-0.5,0.0,GARC1,RUS,EMB,embB@V309F,U,{},"{""proportion"": 0.0, ""confidence"": [0.0, 0.7301340512159458], ""p_value"": 1.0, ""solo_contingency"": [[0, 1], [313, 24469]], ""contingency"": [[0, 1], [5525, 28979]]}",{}
NC00962.3,EMB-0.25-0.9-0.5,0.0,GARC1,RUS,EMB,embA@I655M,U,{},"{""proportion"": 0.0, ""confidence"": [0.0, 0.7301340512159458], ""p_value"": 1.0, ""solo_contingency"": [[0, 1], [313, 24469]], ""contingency"": [[0, 1], [5525, 28979]]}",{}
NC00962.3,EMB-0.25-0.9-0.5,0.0,GARC1,RUS,EMB,embA@W495C,U,{},"{""proportion"": 0.0, ""confidence"": [0.0, 0.7301340512159458], ""p_value"": 1.0, ""solo_contingency"": [[0, 1], [313, 24469]], ""contingency"": [[0, 1], [5525, 28979]]}",{}
NC00962.3,EMB-0.25-0.9-0.5,0.0,GARC1,RUS,EMB,embB@T588M,U,{},"{""proportion"": 0.0, ""confidence"": [0.0, 0.4741955741575127], ""p_value"": 1.0, ""solo_contingency"": [[0, 3], [313, 24469]], ""contingency"": [[0, 3], [5525, 28977]]}",{}
NC00962.3,EMB-0.25-0.9-0.5,0.0,GARC1,RUS,EMB,embA@G29V,U,{},"{""proportion"": 0.0, ""confidence"": [0.0, 0.7301340512159458], ""p_value"": 1.0, ""solo_contingency"": [[0, 1], [313, 24469]], ""contingency"": [[0, 1], [5525, 28979]]}",{}
NC00962.3,EMB-0.25-0.9-0.5,0.0,GARC1,RUS,EMB,embA@T566M,U,{},"{""proportion"": 0.5, ""confidence"": [0.12086631942227369, 0.8791336805777263], ""p_value"": 0.4375, ""solo_contingency"": [[1, 1], [313, 24469]], ""contingency"": [[1, 1], [5524, 28979]]}",{}
NC00962.3,EMB-0.25-0.9-0.5,0.0,GARC1,RUS,EMB,embA@A80T,U,{},"{""proportion"": 0.0, ""confidence"": [0.0, 0.7301340512159458], ""p_value"": 1.0, ""solo_contingency"": [[0, 1], [313, 24469]], ""contingency"": [[0, 1], [5525, 28979]]}",{}
NC00962.3,EMB-0.25-0.9-0.5,0.0,GARC1,RUS,EMB,embB@Q3H,U,{},"{""proportion"": 0.0, ""confidence"": [0.0, 0.7301340512159458], ""p_value"": 1.0, ""solo_contingency"": [[0, 1], [313, 24469]], ""contingency"": [[0, 1], [5525, 28979]]}",{}
NC00962.3,EMB-0.25-0.9-0.5,0.0,GARC1,RUS,EMB,embA@F342V,U,{},"{""proportion"": 0.0, ""confidence"": [0.0, 0.7301340512159458], ""p_value"": 1.0, ""solo_contingency"": [[0, 1], [313, 24469]], ""contingency"": [[0, 1], [5525, 28979]]}",{}
NC00962.3,EMB-0.25-0.9-0.5,0.0,GARC1,RUS,EMB,embB@I489T,U,{},"{""proportion"": 0.0, ""confidence"": [0.0, 0.7301340512159458], ""p_value"": 1.0, ""solo_contingency"": [[0, 1], [313, 24469]], ""contingency"": [[2, 3], [5523, 28977]]}",{}
NC00962.3,EMB-0.25-0.9-0.5,0.0,GARC1,RUS,EMB,embA@F565L,U,{},"{""proportion"": 0.0, ""confidence"": [0.0, 0.7301340512159458], ""p_value"": 1.0, ""solo_contingency"": [[0, 1], [313, 24469]], ""contingency"": [[0, 2], [5525, 28978]]}",{}
NC00962.3,EMB-0.25-0.9-0.5,0.0,GARC1,RUS,EMB,embB@F688V,U,{},"{""proportion"": 0.0, ""confidence"": [0.0, 0.7301340512159458], ""p_value"": 1.0, ""solo_contingency"": [[0, 1], [313, 24469]], ""contingency"": [[0, 1], [5525, 28979]]}",{}
NC00962.3,EMB-0.25-0.9-0.5,0.0,GARC1,RUS,EMB,embA@Q1004R,U,{},"{""proportion"": 0.0, ""confidence"": [0.0, 0.7301340512159458], ""p_value"": 1.0, ""solo_contingency"": [[0, 1], [313, 24469]], ""contingency"": [[0, 1], [5525, 28979]]}",{}
NC00962.3,EMB-0.25-0.9-0.5,0.0,GARC1,RUS,EMB,embA@V898I,U,{},"{""proportion"": 0.0, ""confidence"": [0.0, 0.7301340512159458], ""p_value"": 1.0, ""solo_contingency"": [[0, 1], [313, 24469]], ""contingency"": [[0, 1], [5525, 28979]]}",{}
NC00962.3,EMB-0.25-0.9-0.5,0.0,GARC1,RUS,EMB,embA@A589E,U,{},"{""proportion"": 0.0, ""confidence"": [0.0, 0.7301340512159458], ""p_value"": 1.0, ""solo_contingency"": [[0, 1], [313, 24469]], ""contingency"": [[0, 1], [5525, 28979]]}",{}
NC00962.3,EMB-0.25-0.9-0.5,0.0,GARC1,RUS,EMB,embA@P164S,U,{},"{""proportion"": 0.0, ""confidence"": [0.0, 0.7301340512159458], ""p_value"": 1.0, ""solo_contingency"": [[0, 1], [313, 24469]], ""contingency"": [[0, 1], [5525, 28979]]}",{}
NC00962.3,EMB-0.25-0.9-0.5,0.0,GARC1,RUS,EMB,embB@P167R,U,{},"{""proportion"": 0.0, ""confidence"": [0.0, 0.7301340512159458], ""p_value"": 1.0, ""solo_contingency"": [[0, 1], [313, 24469]], ""contingency"": [[0, 1], [5525, 28979]]}",{}
NC00962.3,EMB-0.25-0.9-0.5,0.0,GARC1,RUS,EMB,embA@E675K,U,{},"{""proportion"": 0.0, ""confidence"": [0.0, 0.7301340512159458], ""p_value"": 1.0, ""solo_contingency"": [[0, 1], [313, 24469]], ""contingency"": [[0, 1], [5525, 28979]]}",{}
NC00962.3,EMB-0.25-0.9-0.5,0.0,GARC1,RUS,EMB,embB@A454T,U,{},"{""proportion"": 0.0, ""confidence"": [0.0, 0.7301340512159458], ""p_value"": 1.0, ""solo_contingency"": [[0, 1], [313, 24469]], ""contingency"": [[5, 4], [5520, 28976]]}",{}
NC00962.3,EMB-0.25-0.9-0.5,0.0,GARC1,RUS,EMB,embA@G5S,U,{},"{""proportion"": 0.0, ""confidence"": [0.0, 0.7301340512159458], ""p_value"": 1.0, ""solo_contingency"": [[0, 1], [313, 24469]], ""contingency"": [[6, 5], [5519, 28975]]}",{}
NC00962.3,EMB-0.25-0.9-0.5,0.0,GARC1,RUS,EMB,embA@A440T,U,{},"{""proportion"": 0.0, ""confidence"": [0.0, 0.7301340512159458], ""p_value"": 1.0, ""solo_contingency"": [[0, 1], [313, 24469]], ""contingency"": [[0, 1], [5525, 28979]]}",{}
NC00962.3,EMB-0.25-0.9-0.5,0.0,GARC1,RUS,EMB,embB@R1055S,U,{},"{""proportion"": 0.0, ""confidence"": [0.0, 0.7301340512159458], ""p_value"": 1.0, ""solo_contingency"": [[0, 1], [313, 24469]], ""contingency"": [[0, 1], [5525, 28979]]}",{}
NC00962.3,EMB-0.25-0.9-0.5,0.0,GARC1,RUS,EMB,embA@-41_del_at,U,{},"{""proportion"": 1.0, ""confidence"": [0.26986594878405434, 1.0000000000000002], ""p_value"": 0.25, ""solo_contingency"": [[1, 0], [313, 24469]], ""contingency"": [[2, 0], [5523, 28980]]}",{}
NC00962.3,EMB-0.25-0.9-0.5,0.0,GARC1,RUS,EMB,embB@Q853P,U,{},"{""proportion"": 0.0, ""confidence"": [0.0, 0.278762695452542], ""p_value"": 0.20404052734375, ""solo_contingency"": [[0, 7], [313, 24469]], ""contingency"": [[15, 13], [5510, 28967]]}",{}
NC00962.3,EMB-0.25-0.9-0.5,0.0,GARC1,RUS,EMB,embB@T341N,U,{},"{""proportion"": 0.0, ""confidence"": [0.0, 0.40347862520270455], ""p_value"": 0.578125, ""solo_contingency"": [[0, 4], [313, 24469]], ""contingency"": [[0, 6], [5525, 28974]]}",{}
NC00962.3,EMB-0.25-0.9-0.5,0.0,GARC1,RUS,EMB,embB@T797A,U,{},"{""proportion"": 0.0, ""confidence"": [0.0, 0.4741955741575127], ""p_value"": 1.0, ""solo_contingency"": [[0, 3], [313, 24469]], ""contingency"": [[0, 3], [5525, 28977]]}",{}
NC00962.3,EMB-0.25-0.9-0.5,0.0,GARC1,RUS,EMB,embB@D664G,U,{},"{""proportion"": 0.0, ""confidence"": [0.0, 0.7301340512159458], ""p_value"": 1.0, ""solo_contingency"": [[0, 1], [313, 24469]], ""contingency"": [[0, 1], [5525, 28979]]}",{}
NC00962.3,EMB-0.25-0.9-0.5,0.0,GARC1,RUS,EMB,embB@I1039M,U,{},"{""proportion"": 0.0, ""confidence"": [0.0, 0.31078398130591417], ""p_value"": 0.347412109375, ""solo_contingency"": [[0, 6], [313, 24469]], ""contingency"": [[0, 6], [5525, 28974]]}",{}
NC00962.3,EMB-0.25-0.9-0.5,0.0,GARC1,RUS,EMB,embB@A683V,U,{},"{""proportion"": 0.0, ""confidence"": [0.0, 0.5749693909936535], ""p_value"": 1.0, ""solo_contingency"": [[0, 2], [313, 24469]], ""contingency"": [[0, 2], [5525, 28978]]}",{}
NC00962.3,EMB-0.25-0.9-0.5,0.0,GARC1,RUS,EMB,embB@G294S,U,{},"{""proportion"": 0.0, ""confidence"": [0.0, 0.7301340512159458], ""p_value"": 1.0, ""solo_contingency"": [[0, 1], [313, 24469]], ""contingency"": [[1, 1], [5524, 28979]]}",{}
NC00962.3,EMB-0.25-0.9-0.5,0.0,GARC1,RUS,EMB,embA@S20A,U,{},"{""proportion"": 0.0, ""confidence"": [0.0, 0.3511165007651012], ""p_value"": 0.34082031250000006, ""solo_contingency"": [[0, 5], [313, 24469]], ""contingency"": [[0, 6], [5525, 28974]]}",{}
NC00962.3,EMB-0.25-0.9-0.5,0.0,GARC1,RUS,EMB,embB@A201E,U,{},"{""proportion"": 0.0, ""confidence"": [0.0, 0.4741955741575127], ""p_value"": 1.0, ""solo_contingency"": [[0, 3], [313, 24469]], ""contingency"": [[0, 3], [5525, 28977]]}",{}
NC00962.3,EMB-0.25-0.9-0.5,0.0,GARC1,RUS,EMB,embB@F285V,U,{},"{""proportion"": 0.0, ""confidence"": [0.0, 0.7301340512159458], ""p_value"": 1.0, ""solo_contingency"": [[0, 1], [313, 24469]], ""contingency"": [[0, 1], [5525, 28979]]}",{}
NC00962.3,EMB-0.25-0.9-0.5,0.0,GARC1,RUS,EMB,embB@D970G,U,{},"{""proportion"": 0.0, ""confidence"": [0.0, 0.4741955741575127], ""p_value"": 1.0, ""solo_contingency"": [[0, 3], [313, 24469]], ""contingency"": [[0, 3], [5525, 28977]]}",{}
NC00962.3,EMB-0.25-0.9-0.5,0.0,GARC1,RUS,EMB,embB@P136A,U,{},"{""proportion"": 0.0, ""confidence"": [0.0, 0.7301340512159458], ""p_value"": 1.0, ""solo_contingency"": [[0, 1], [313, 24469]], ""contingency"": [[0, 1], [5525, 28979]]}",{}
NC00962.3,EMB-0.25-0.9-0.5,0.0,GARC1,RUS,EMB,embB@F541V,U,{},"{""proportion"": 0.0, ""confidence"": [0.0, 0.7301340512159458], ""p_value"": 1.0, ""solo_contingency"": [[0, 1], [313, 24469]], ""contingency"": [[0, 1], [5525, 28979]]}",{}
NC00962.3,EMB-0.25-0.9-0.5,0.0,GARC1,RUS,EMB,embB@R147H,U,{},"{""proportion"": 0.0, ""confidence"": [0.0, 0.7301340512159458], ""p_value"": 1.0, ""solo_contingency"": [[0, 1], [313, 24469]], ""contingency"": [[0, 1], [5525, 28979]]}",{}
NC00962.3,EMB-0.25-0.9-0.5,0.0,GARC1,RUS,EMB,embA@S516P,U,{},"{""proportion"": 0.0, ""confidence"": [0.0, 0.7301340512159458], ""p_value"": 1.0, ""solo_contingency"": [[0, 1], [313, 24469]], ""contingency"": [[0, 1], [5525, 28979]]}",{}
NC00962.3,EMB-0.25-0.9-0.5,0.0,GARC1,RUS,EMB,embB@R620P,U,{},"{""proportion"": 0.0, ""confidence"": [0.0, 0.3511165007651012], ""p_value"": 0.34082031250000006, ""solo_contingency"": [[0, 5], [313, 24469]], ""contingency"": [[0, 5], [5525, 28975]]}",{}
NC00962.3,EMB-0.25-0.9-0.5,0.0,GARC1,RUS,EMB,embA@V339A,U,{},"{""proportion"": 0.0, ""confidence"": [0.0, 0.7301340512159458], ""p_value"": 1.0, ""solo_contingency"": [[0, 1], [313, 24469]], ""contingency"": [[0, 1], [5525, 28979]]}",{}
NC00962.3,EMB-0.25-0.9-0.5,0.0,GARC1,RUS,EMB,embA@I338V,U,{},"{""proportion"": 0.0, ""confidence"": [0.0, 0.31078398130591417], ""p_value"": 0.347412109375, ""solo_contingency"": [[0, 6], [313, 24469]], ""contingency"": [[0, 6], [5525, 28974]]}",{}
NC00962.3,EMB-0.25-0.9-0.5,0.0,GARC1,RUS,EMB,embA@K773N,U,{},"{""proportion"": 0.0, ""confidence"": [0.0, 0.4741955741575127], ""p_value"": 1.0, ""solo_contingency"": [[0, 3], [313, 24469]], ""contingency"": [[0, 4], [5525, 28976]]}",{}
NC00962.3,EMB-0.25-0.9-0.5,0.0,GARC1,RUS,EMB,embB@N160D,U,{},"{""proportion"": 0.0, ""confidence"": [0.0, 0.7301340512159458], ""p_value"": 1.0, ""solo_contingency"": [[0, 1], [313, 24469]], ""contingency"": [[0, 1], [5525, 28979]]}",{}
NC00962.3,EMB-0.25-0.9-0.5,0.0,GARC1,RUS,EMB,embA@G5V,U,{},"{""proportion"": 0.0, ""confidence"": [0.0, 0.7301340512159458], ""p_value"": 1.0, ""solo_contingency"": [[0, 1], [313, 24469]], ""contingency"": [[7, 10], [5518, 28970]]}",{}
NC00962.3,EMB-0.25-0.9-0.5,0.0,GARC1,RUS,EMB,embA@H1061Q,U,{},"{""proportion"": 0.0, ""confidence"": [0.0, 0.7301340512159458], ""p_value"": 1.0, ""solo_contingency"": [[0, 1], [313, 24469]], ""contingency"": [[0, 1], [5525, 28979]]}",{}
NC00962.3,EMB-0.25-0.9-0.5,0.0,GARC1,RUS,EMB,embA@S788F,U,{},"{""proportion"": 0.0, ""confidence"": [0.0, 0.7301340512159458], ""p_value"": 1.0, ""solo_contingency"": [[0, 1], [313, 24469]], ""contingency"": [[0, 1], [5525, 28979]]}",{}
NC00962.3,EMB-0.25-0.9-0.5,0.0,GARC1,RUS,EMB,embB@A1073V,U,{},"{""proportion"": 0.0, ""confidence"": [0.0, 0.5749693909936535], ""p_value"": 1.0, ""solo_contingency"": [[0, 2], [313, 24469]], ""contingency"": [[0, 2], [5525, 28978]]}",{}
NC00962.3,EMB-0.25-0.9-0.5,0.0,GARC1,RUS,EMB,embA@R538H,U,{},"{""proportion"": 0.0, ""confidence"": [0.0, 0.7301340512159458], ""p_value"": 1.0, ""solo_contingency"": [[0, 1], [313, 24469]], ""contingency"": [[0, 1], [5525, 28979]]}",{}
NC00962.3,EMB-0.25-0.9-0.5,0.0,GARC1,RUS,EMB,embA@S824A,U,{},"{""proportion"": 0.0, ""confidence"": [0.0, 0.7301340512159458], ""p_value"": 1.0, ""solo_contingency"": [[0, 1], [313, 24469]], ""contingency"": [[0, 1], [5525, 28979]]}",{}
NC00962.3,EMB-0.25-0.9-0.5,0.0,GARC1,RUS,EMB,embA@T475M,U,{},"{""proportion"": 0.0, ""confidence"": [0.0, 0.7301340512159458], ""p_value"": 1.0, ""solo_contingency"": [[0, 1], [313, 24469]], ""contingency"": [[0, 1], [5525, 28979]]}",{}
NC00962.3,EMB-0.25-0.9-0.5,0.0,GARC1,RUS,EMB,embA@D112G,U,{},"{""proportion"": 0.2, ""confidence"": [0.045962453880603965, 0.5647074465784567], ""p_value"": 1.0, ""solo_contingency"": [[1, 4], [313, 24469]], ""contingency"": [[1, 4], [5524, 28976]]}",{}
NC00962.3,EMB-0.25-0.9-0.5,0.0,GARC1,RUS,EMB,embA@A719T,U,{},"{""proportion"": 0.0, ""confidence"": [0.0, 0.7301340512159458], ""p_value"": 1.0, ""solo_contingency"": [[0, 1], [313, 24469]], ""contingency"": [[0, 1], [5525, 28979]]}",{}
NC00962.3,EMB-0.25-0.9-0.5,0.0,GARC1,RUS,EMB,embA@E882K,U,{},"{""proportion"": 0.0, ""confidence"": [0.0, 0.7301340512159458], ""p_value"": 1.0, ""solo_contingency"": [[0, 1], [313, 24469]], ""contingency"": [[0, 1], [5525, 28979]]}",{}
NC00962.3,EMB-0.25-0.9-0.5,0.0,GARC1,RUS,EMB,embB@D207E,U,{},"{""proportion"": 0.0, ""confidence"": [0.0, 0.7301340512159458], ""p_value"": 1.0, ""solo_contingency"": [[0, 1], [313, 24469]], ""contingency"": [[0, 1], [5525, 28979]]}",{}
NC00962.3,EMB-0.25-0.9-0.5,0.0,GARC1,RUS,EMB,embB@A43P,U,{},"{""proportion"": 0.0, ""confidence"": [0.0, 0.7301340512159458], ""p_value"": 1.0, ""solo_contingency"": [[0, 1], [313, 24469]], ""contingency"": [[0, 1], [5525, 28979]]}",{}
NC00962.3,EMB-0.25-0.9-0.5,0.0,GARC1,RUS,EMB,embA@T113R,U,{},"{""proportion"": 0.0, ""confidence"": [0.0, 0.3511165007651012], ""p_value"": 0.34082031250000006, ""solo_contingency"": [[0, 5], [313, 24469]], ""contingency"": [[0, 5], [5525, 28975]]}",{}
NC00962.3,EMB-0.25-0.9-0.5,0.0,GARC1,RUS,EMB,embA@G547D,U,{},"{""proportion"": 0.0, ""confidence"": [0.0, 0.7301340512159458], ""p_value"": 1.0, ""solo_contingency"": [[0, 1], [313, 24469]], ""contingency"": [[0, 1], [5525, 28979]]}",{}
NC00962.3,EMB-0.25-0.9-0.5,0.0,GARC1,RUS,EMB,embB@F579V,U,{},"{""proportion"": 0.0, ""confidence"": [0.0, 0.7301340512159458], ""p_value"": 1.0, ""solo_contingency"": [[0, 1], [313, 24469]], ""contingency"": [[0, 1], [5525, 28979]]}",{}
NC00962.3,EMB-0.25-0.9-0.5,0.0,GARC1,RUS,EMB,embB@H154R,U,{},"{""proportion"": 0.0, ""confidence"": [0.0, 0.7301340512159458], ""p_value"": 1.0, ""solo_contingency"": [[0, 1], [313, 24469]], ""contingency"": [[0, 1], [5525, 28979]]}",{}
NC00962.3,EMB-0.25-0.9-0.5,0.0,GARC1,RUS,EMB,embB@S174N,U,{},"{""proportion"": 0.0, ""confidence"": [0.0, 0.7301340512159458], ""p_value"": 1.0, ""solo_contingency"": [[0, 1], [313, 24469]], ""contingency"": [[0, 1], [5525, 28979]]}",{}
NC00962.3,EMB-0.25-0.9-0.5,0.0,GARC1,RUS,EMB,embA@A66V,U,{},"{""proportion"": 0.0, ""confidence"": [0.0, 0.7301340512159458], ""p_value"": 1.0, ""solo_contingency"": [[0, 1], [313, 24469]], ""contingency"": [[0, 1], [5525, 28979]]}",{}
NC00962.3,EMB-0.25-0.9-0.5,0.0,GARC1,RUS,EMB,embA@D865V,U,{},"{""proportion"": 0.0, ""confidence"": [0.0, 0.7301340512159458], ""p_value"": 1.0, ""solo_contingency"": [[0, 1], [313, 24469]], ""contingency"": [[0, 1], [5525, 28979]]}",{}
NC00962.3,EMB-0.25-0.9-0.5,0.0,GARC1,RUS,EMB,embA@Y502C,U,{},"{""proportion"": 0.0, ""confidence"": [0.0, 0.4741955741575127], ""p_value"": 1.0, ""solo_contingency"": [[0, 3], [313, 24469]], ""contingency"": [[0, 3], [5525, 28977]]}",{}
NC00962.3,EMB-0.25-0.9-0.5,0.0,GARC1,RUS,EMB,embB@E138G,U,{},"{""proportion"": 0.0, ""confidence"": [0.0, 0.5749693909936535], ""p_value"": 1.0, ""solo_contingency"": [[0, 2], [313, 24469]], ""contingency"": [[0, 2], [5525, 28978]]}",{}
NC00962.3,EMB-0.25-0.9-0.5,0.0,GARC1,RUS,EMB,embA@A259T,U,{},"{""proportion"": 0.0, ""confidence"": [0.0, 0.7301340512159458], ""p_value"": 1.0, ""solo_contingency"": [[0, 1], [313, 24469]], ""contingency"": [[0, 1], [5525, 28979]]}",{}
NC00962.3,EMB-0.25-0.9-0.5,0.0,GARC1,RUS,EMB,embB@Y848H,U,{},"{""proportion"": 0.0, ""confidence"": [0.0, 0.7301340512159458], ""p_value"": 1.0, ""solo_contingency"": [[0, 1], [313, 24469]], ""contingency"": [[0, 1], [5525, 28979]]}",{}
NC00962.3,EMB-0.25-0.9-0.5,0.0,GARC1,RUS,EMB,embB@P907S,U,{},"{""proportion"": 0.0, ""confidence"": [0.0, 0.7301340512159458], ""p_value"": 1.0, ""solo_contingency"": [[0, 1], [313, 24469]], ""contingency"": [[0, 2], [5525, 28978]]}",{}
NC00962.3,EMB-0.25-0.9-0.5,0.0,GARC1,RUS,EMB,embB@A155P,U,{},"{""proportion"": 0.0, ""confidence"": [0.0, 0.40347862520270455], ""p_value"": 0.578125, ""solo_contingency"": [[0, 4], [313, 24469]], ""contingency"": [[0, 4], [5525, 28976]]}",{}
NC00962.3,EMB-0.25-0.9-0.5,0.0,GARC1,RUS,EMB,embA@M697V,U,{},"{""proportion"": 0.0, ""confidence"": [0.0, 0.4741955741575127], ""p_value"": 1.0, ""solo_contingency"": [[0, 3], [313, 24469]], ""contingency"": [[1, 3], [5524, 28977]]}",{}
NC00962.3,EMB-0.25-0.9-0.5,0.0,GARC1,RUS,EMB,embB@F176L,U,{},"{""proportion"": 0.0, ""confidence"": [0.0, 0.7301340512159458], ""p_value"": 1.0, ""solo_contingency"": [[0, 1], [313, 24469]], ""contingency"": [[0, 1], [5525, 28979]]}",{}
NC00962.3,EMB-0.25-0.9-0.5,0.0,GARC1,RUS,EMB,embA@G817S,U,{},"{""proportion"": 0.0, ""confidence"": [0.0, 0.7301340512159458], ""p_value"": 1.0, ""solo_contingency"": [[0, 1], [313, 24469]], ""contingency"": [[0, 1], [5525, 28979]]}",{}
NC00962.3,EMB-0.25-0.9-0.5,0.0,GARC1,RUS,EMB,embA@T983I,U,{},"{""proportion"": 0.0, ""confidence"": [0.0, 0.5749693909936535], ""p_value"": 1.0, ""solo_contingency"": [[0, 2], [313, 24469]], ""contingency"": [[0, 2], [5525, 28978]]}",{}
NC00962.3,EMB-0.25-0.9-0.5,0.0,GARC1,RUS,EMB,embB@I226V,U,{},"{""proportion"": 0.0, ""confidence"": [0.0, 0.4741955741575127], ""p_value"": 1.0, ""solo_contingency"": [[0, 3], [313, 24469]], ""contingency"": [[0, 3], [5525, 28977]]}",{}
NC00962.3,EMB-0.25-0.9-0.5,0.0,GARC1,RUS,EMB,embB@F628S,U,{},"{""proportion"": 0.0, ""confidence"": [0.0, 0.5749693909936535], ""p_value"": 1.0, ""solo_contingency"": [[0, 2], [313, 24469]], ""contingency"": [[0, 2], [5525, 28978]]}",{}
NC00962.3,EMB-0.25-0.9-0.5,0.0,GARC1,RUS,EMB,embB@V508F,U,{},"{""proportion"": 0.0, ""confidence"": [0.0, 0.4741955741575127], ""p_value"": 1.0, ""solo_contingency"": [[0, 3], [313, 24469]], ""contingency"": [[0, 3], [5525, 28977]]}",{}
NC00962.3,EMB-0.25-0.9-0.5,0.0,GARC1,RUS,EMB,embB@M939I,U,{},"{""proportion"": 0.0, ""confidence"": [0.0, 0.7301340512159458], ""p_value"": 1.0, ""solo_contingency"": [[0, 1], [313, 24469]], ""contingency"": [[0, 1], [5525, 28979]]}",{}
NC00962.3,EMB-0.25-0.9-0.5,0.0,GARC1,RUS,EMB,embB@G836E,U,{},"{""proportion"": 0.0, ""confidence"": [0.0, 0.5749693909936535], ""p_value"": 1.0, ""solo_contingency"": [[0, 2], [313, 24469]], ""contingency"": [[0, 2], [5525, 28978]]}",{}
NC00962.3,EMB-0.25-0.9-0.5,0.0,GARC1,RUS,EMB,embB@A630T,U,{},"{""proportion"": 0.0, ""confidence"": [0.0, 0.7301340512159458], ""p_value"": 1.0, ""solo_contingency"": [[0, 1], [313, 24469]], ""contingency"": [[0, 1], [5525, 28979]]}",{}
NC00962.3,EMB-0.25-0.9-0.5,0.0,GARC1,RUS,EMB,embB@G851V,U,{},"{""proportion"": 0.0, ""confidence"": [0.0, 0.7301340512159458], ""p_value"": 1.0, ""solo_contingency"": [[0, 1], [313, 24469]], ""contingency"": [[0, 1], [5525, 28979]]}",{}
NC00962.3,EMB-0.25-0.9-0.5,0.0,GARC1,RUS,EMB,embA@-39_del_cctcaccgc,U,{},"{""proportion"": 0.0, ""confidence"": [0.0, 0.7301340512159458], ""p_value"": 1.0, ""solo_contingency"": [[0, 1], [313, 24469]], ""contingency"": [[0, 1], [5525, 28979]]}",{}
NC00962.3,EMB-0.25-0.9-0.5,0.0,GARC1,RUS,EMB,embB@R351C,U,{},"{""proportion"": 1.0, ""confidence"": [0.26986594878405434, 1.0000000000000002], ""p_value"": 0.25, ""solo_contingency"": [[1, 0], [313, 24469]], ""contingency"": [[1, 0], [5524, 28980]]}",{}
NC00962.3,EMB-0.25-0.9-0.5,0.0,GARC1,RUS,EMB,embB@P12L,U,{},"{""proportion"": 0.0, ""confidence"": [0.0, 0.7301340512159458], ""p_value"": 1.0, ""solo_contingency"": [[0, 1], [313, 24469]], ""contingency"": [[0, 1], [5525, 28979]]}",{}
NC00962.3,EMB-0.25-0.9-0.5,0.0,GARC1,RUS,EMB,embB@A943V,U,{},"{""proportion"": 0.0, ""confidence"": [0.0, 0.7301340512159458], ""p_value"": 1.0, ""solo_contingency"": [[0, 1], [313, 24469]], ""contingency"": [[0, 1], [5525, 28979]]}",{}
NC00962.3,EMB-0.25-0.9-0.5,0.0,GARC1,RUS,EMB,embA@A355S,U,{},"{""proportion"": 0.0, ""confidence"": [0.0, 0.7301340512159458], ""p_value"": 1.0, ""solo_contingency"": [[0, 1], [313, 24469]], ""contingency"": [[0, 1], [5525, 28979]]}",{}
NC00962.3,EMB-0.25-0.9-0.5,0.0,GARC1,RUS,EMB,embB@P76L,U,{},"{""proportion"": 0.0, ""confidence"": [0.0, 0.7301340512159458], ""p_value"": 1.0, ""solo_contingency"": [[0, 1], [313, 24469]], ""contingency"": [[0, 1], [5525, 28979]]}",{}
NC00962.3,EMB-0.25-0.9-0.5,0.0,GARC1,RUS,EMB,embB@T212A,U,{},"{""proportion"": 0.0, ""confidence"": [0.0, 0.5749693909936535], ""p_value"": 1.0, ""solo_contingency"": [[0, 2], [313, 24469]], ""contingency"": [[0, 2], [5525, 28978]]}",{}
NC00962.3,EMB-0.25-0.9-0.5,0.0,GARC1,RUS,EMB,embA@A355V,U,{},"{""proportion"": 0.0, ""confidence"": [0.0, 0.7301340512159458], ""p_value"": 1.0, ""solo_contingency"": [[0, 1], [313, 24469]], ""contingency"": [[0, 1], [5525, 28979]]}",{}
NC00962.3,EMB-0.25-0.9-0.5,0.0,GARC1,RUS,EMB,embB@G459S,U,{},"{""proportion"": 0.0, ""confidence"": [0.0, 0.7301340512159458], ""p_value"": 1.0, ""solo_contingency"": [[0, 1], [313, 24469]], ""contingency"": [[0, 1], [5525, 28979]]}",{}
NC00962.3,EMB-0.25-0.9-0.5,0.0,GARC1,RUS,EMB,embA@A316G,U,{},"{""proportion"": 0.0, ""confidence"": [0.0, 0.7301340512159458], ""p_value"": 1.0, ""solo_contingency"": [[0, 1], [313, 24469]], ""contingency"": [[0, 1], [5525, 28979]]}",{}
NC00962.3,EMB-0.25-0.9-0.5,0.0,GARC1,RUS,EMB,embB@R213W,U,{},"{""proportion"": 0.0, ""confidence"": [0.0, 0.7301340512159458], ""p_value"": 1.0, ""solo_contingency"": [[0, 1], [313, 24469]], ""contingency"": [[0, 1], [5525, 28979]]}",{}
NC00962.3,EMB-0.25-0.9-0.5,0.0,GARC1,RUS,EMB,embB@M265I,U,{},"{""proportion"": 0.0, ""confidence"": [0.0, 0.7301340512159458], ""p_value"": 1.0, ""solo_contingency"": [[0, 1], [313, 24469]], ""contingency"": [[0, 1], [5525, 28979]]}",{}
NC00962.3,EMB-0.25-0.9-0.5,0.0,GARC1,RUS,EMB,embA@L215M,U,{},"{""proportion"": 0.0, ""confidence"": [0.0, 0.7301340512159458], ""p_value"": 1.0, ""solo_contingency"": [[0, 1], [313, 24469]], ""contingency"": [[0, 1], [5525, 28979]]}",{}
NC00962.3,EMB-0.25-0.9-0.5,0.0,GARC1,RUS,EMB,embB@P430L,U,{},"{""proportion"": 0.0, ""confidence"": [0.0, 0.7301340512159458], ""p_value"": 1.0, ""solo_contingency"": [[0, 1], [313, 24469]], ""contingency"": [[0, 1], [5525, 28979]]}",{}
NC00962.3,EMB-0.25-0.9-0.5,0.0,GARC1,RUS,EMB,embA@G1085S,U,{},"{""proportion"": 0.0, ""confidence"": [0.0, 0.7301340512159458], ""p_value"": 1.0, ""solo_contingency"": [[0, 1], [313, 24469]], ""contingency"": [[0, 1], [5525, 28979]]}",{}
NC00962.3,EMB-0.25-0.9-0.5,0.0,GARC1,RUS,EMB,embB@D86N,U,{},"{""proportion"": 0.0, ""confidence"": [0.0, 0.7301340512159458], ""p_value"": 1.0, ""solo_contingency"": [[0, 1], [313, 24469]], ""contingency"": [[0, 1], [5525, 28979]]}",{}
NC00962.3,EMB-0.25-0.9-0.5,0.0,GARC1,RUS,EMB,embB@M340I,U,{},"{""proportion"": 0.0, ""confidence"": [0.0, 0.40347862520270455], ""p_value"": 0.578125, ""solo_contingency"": [[0, 4], [313, 24469]], ""contingency"": [[0, 4], [5525, 28976]]}",{}
NC00962.3,EMB-0.25-0.9-0.5,0.0,GARC1,RUS,EMB,embB@R122H,U,{},"{""proportion"": 0.0, ""confidence"": [0.0, 0.7301340512159458], ""p_value"": 1.0, ""solo_contingency"": [[0, 1], [313, 24469]], ""contingency"": [[0, 1], [5525, 28979]]}",{}
NC00962.3,EMB-0.25-0.9-0.5,0.0,GARC1,RUS,EMB,embA@T1044M,U,{},"{""proportion"": 0.0, ""confidence"": [0.0, 0.7301340512159458], ""p_value"": 1.0, ""solo_contingency"": [[0, 1], [313, 24469]], ""contingency"": [[0, 1], [5525, 28979]]}",{}
NC00962.3,EMB-0.25-0.9-0.5,0.0,GARC1,RUS,EMB,embA@D473G,U,{},"{""proportion"": 0.0, ""confidence"": [0.0, 0.7301340512159458], ""p_value"": 1.0, ""solo_contingency"": [[0, 1], [313, 24469]], ""contingency"": [[0, 1], [5525, 28979]]}",{}
NC00962.3,EMB-0.25-0.9-0.5,0.0,GARC1,RUS,EMB,embA@S516C,U,{},"{""proportion"": 0.0, ""confidence"": [0.0, 0.7301340512159458], ""p_value"": 1.0, ""solo_contingency"": [[0, 1], [313, 24469]], ""contingency"": [[0, 1], [5525, 28979]]}",{}
NC00962.3,EMB-0.25-0.9-0.5,0.0,GARC1,RUS,EMB,embA@V31F,U,{},"{""proportion"": 0.0, ""confidence"": [0.0, 0.7301340512159458], ""p_value"": 1.0, ""solo_contingency"": [[0, 1], [313, 24469]], ""contingency"": [[0, 1], [5525, 28979]]}",{}
NC00962.3,EMB-0.25-0.9-0.5,0.0,GARC1,RUS,EMB,embB@I284L,U,{},"{""proportion"": 0.0, ""confidence"": [0.0, 0.7301340512159458], ""p_value"": 1.0, ""solo_contingency"": [[0, 1], [313, 24469]], ""contingency"": [[0, 1], [5525, 28979]]}",{}
NC00962.3,EMB-0.25-0.9-0.5,0.0,GARC1,RUS,EMB,embB@A517T,U,{},"{""proportion"": 0.0, ""confidence"": [0.0, 0.7301340512159458], ""p_value"": 1.0, ""solo_contingency"": [[0, 1], [313, 24469]], ""contingency"": [[0, 1], [5525, 28979]]}",{}
NC00962.3,EMB-0.25-0.9-0.5,0.0,GARC1,RUS,EMB,embA@P754A,U,{},"{""proportion"": 0.0, ""confidence"": [0.0, 0.7301340512159458], ""p_value"": 1.0, ""solo_contingency"": [[0, 1], [313, 24469]], ""contingency"": [[0, 1], [5525, 28979]]}",{}
NC00962.3,EMB-0.25-0.9-0.5,0.0,GARC1,RUS,EMB,embA@C335W,U,{},"{""proportion"": 0.0, ""confidence"": [0.0, 0.25272359742376316], ""p_value"": 0.21392822265625003, ""solo_contingency"": [[0, 8], [313, 24469]], ""contingency"": [[0, 11], [5525, 28969]]}",{}
NC00962.3,EMB-0.25-0.9-0.5,0.0,GARC1,RUS,EMB,embB@V614L,U,{},"{""proportion"": 0.0, ""confidence"": [0.0, 0.7301340512159458], ""p_value"": 1.0, ""solo_contingency"": [[0, 1], [313, 24469]], ""contingency"": [[0, 1], [5525, 28979]]}",{}
NC00962.3,EMB-0.25-0.9-0.5,0.0,GARC1,RUS,EMB,embB@P404L,U,{},"{""proportion"": 0.0, ""confidence"": [0.0, 0.7301340512159458], ""p_value"": 1.0, ""solo_contingency"": [[0, 1], [313, 24469]], ""contingency"": [[0, 1], [5525, 28979]]}",{}
NC00962.3,EMB-0.25-0.9-0.5,0.0,GARC1,RUS,EMB,embA@T1014A,U,{},"{""proportion"": 0.0, ""confidence"": [0.0, 0.7301340512159458], ""p_value"": 1.0, ""solo_contingency"": [[0, 1], [313, 24469]], ""contingency"": [[0, 1], [5525, 28979]]}",{}
NC00962.3,EMB-0.25-0.9-0.5,0.0,GARC1,RUS,EMB,embA@E1075G,U,{},"{""proportion"": 0.0, ""confidence"": [0.0, 0.7301340512159458], ""p_value"": 1.0, ""solo_contingency"": [[0, 1], [313, 24469]], ""contingency"": [[0, 1], [5525, 28979]]}",{}
NC00962.3,EMB-0.25-0.9-0.5,0.0,GARC1,RUS,EMB,embB@G851D,U,{},"{""proportion"": 0.0, ""confidence"": [0.0, 0.7301340512159458], ""p_value"": 1.0, ""solo_contingency"": [[0, 1], [313, 24469]], ""contingency"": [[0, 1], [5525, 28979]]}",{}
NC00962.3,EMB-0.25-0.9-0.5,0.0,GARC1,RUS,EMB,embB@G825S,U,{},"{""proportion"": 0.0, ""confidence"": [0.0, 0.7301340512159458], ""p_value"": 1.0, ""solo_contingency"": [[0, 1], [313, 24469]], ""contingency"": [[0, 1], [5525, 28979]]}",{}
NC00962.3,EMB-0.25-0.9-0.5,0.0,GARC1,RUS,EMB,embB@D191Y,U,{},"{""proportion"": 0.0, ""confidence"": [0.0, 0.31078398130591417], ""p_value"": 0.347412109375, ""solo_contingency"": [[0, 6], [313, 24469]], ""contingency"": [[0, 6], [5525, 28974]]}",{}
NC00962.3,EMB-0.25-0.9-0.5,0.0,GARC1,RUS,EMB,embB@A677E,U,{},"{""proportion"": 0.0, ""confidence"": [0.0, 0.7301340512159458], ""p_value"": 1.0, ""solo_contingency"": [[0, 1], [313, 24469]], ""contingency"": [[0, 1], [5525, 28979]]}",{}
NC00962.3,EMB-0.25-0.9-0.5,0.0,GARC1,RUS,EMB,embB@R464L,U,{},"{""proportion"": 0.0, ""confidence"": [0.0, 0.7301340512159458], ""p_value"": 1.0, ""solo_contingency"": [[0, 1], [313, 24469]], ""contingency"": [[0, 1], [5525, 28979]]}",{}
NC00962.3,EMB-0.25-0.9-0.5,0.0,GARC1,RUS,EMB,embB@R469H,U,{},"{""proportion"": 0.0, ""confidence"": [0.0, 0.7301340512159458], ""p_value"": 1.0, ""solo_contingency"": [[0, 1], [313, 24469]], ""contingency"": [[0, 1], [5525, 28979]]}",{}
NC00962.3,EMB-0.25-0.9-0.5,0.0,GARC1,RUS,EMB,embA@c-39t,U,{},"{""proportion"": 0.0, ""confidence"": [0.0, 0.7301340512159458], ""p_value"": 1.0, ""solo_contingency"": [[0, 1], [313, 24469]], ""contingency"": [[0, 1], [5525, 28979]]}",{}
NC00962.3,EMB-0.25-0.9-0.5,0.0,GARC1,RUS,EMB,embA@S1024N,U,{},"{""proportion"": 0.0, ""confidence"": [0.0, 0.7301340512159458], ""p_value"": 1.0, ""solo_contingency"": [[0, 1], [313, 24469]], ""contingency"": [[0, 1], [5525, 28979]]}",{}
NC00962.3,EMB-0.25-0.9-0.5,0.0,GARC1,RUS,EMB,embB@G825D,U,{},"{""proportion"": 0.0, ""confidence"": [0.0, 0.7301340512159458], ""p_value"": 1.0, ""solo_contingency"": [[0, 1], [313, 24469]], ""contingency"": [[0, 1], [5525, 28979]]}",{}
NC00962.3,EMB-0.25-0.9-0.5,0.0,GARC1,RUS,EMB,embA@T718I,U,{},"{""proportion"": 0.0, ""confidence"": [0.0, 0.7301340512159458], ""p_value"": 1.0, ""solo_contingency"": [[0, 1], [313, 24469]], ""contingency"": [[0, 3], [5525, 28977]]}",{}
NC00962.3,EMB-0.25-0.9-0.5,0.0,GARC1,RUS,EMB,embB@G979A,U,{},"{""proportion"": 0.0, ""confidence"": [0.0, 0.7301340512159458], ""p_value"": 1.0, ""solo_contingency"": [[0, 1], [313, 24469]], ""contingency"": [[1, 1], [5524, 28979]]}",{}
NC00962.3,EMB-0.25-0.9-0.5,0.0,GARC1,RUS,EMB,embB@P616T,U,{},"{""proportion"": 0.0, ""confidence"": [0.0, 0.5749693909936535], ""p_value"": 1.0, ""solo_contingency"": [[0, 2], [313, 24469]], ""contingency"": [[0, 2], [5525, 28978]]}",{}
NC00962.3,EMB-0.25-0.9-0.5,0.0,GARC1,RUS,EMB,embB@G792S,U,{},"{""proportion"": 0.0, ""confidence"": [0.0, 0.7301340512159458], ""p_value"": 1.0, ""solo_contingency"": [[0, 1], [313, 24469]], ""contingency"": [[0, 1], [5525, 28979]]}",{}
NC00962.3,EMB-0.25-0.9-0.5,0.0,GARC1,RUS,EMB,embB@P1075L,U,{},"{""proportion"": 0.0, ""confidence"": [0.0, 0.7301340512159458], ""p_value"": 1.0, ""solo_contingency"": [[0, 1], [313, 24469]], ""contingency"": [[0, 1], [5525, 28979]]}",{}
NC00962.3,EMB-0.25-0.9-0.5,0.0,GARC1,RUS,EMB,embA@A217T,U,{},"{""proportion"": 0.0, ""confidence"": [0.0, 0.40347862520270455], ""p_value"": 0.578125, ""solo_contingency"": [[0, 4], [313, 24469]], ""contingency"": [[0, 5], [5525, 28975]]}",{}
NC00962.3,EMB-0.25-0.9-0.5,0.0,GARC1,RUS,EMB,embB@Y863H,U,{},"{""proportion"": 0.0, ""confidence"": [0.0, 0.7301340512159458], ""p_value"": 1.0, ""solo_contingency"": [[0, 1], [313, 24469]], ""contingency"": [[0, 1], [5525, 28979]]}",{}
NC00962.3,EMB-0.25-0.9-0.5,0.0,GARC1,RUS,EMB,embA@Q497R,U,{},"{""proportion"": 0.0, ""confidence"": [0.0, 0.7301340512159458], ""p_value"": 1.0, ""solo_contingency"": [[0, 1], [313, 24469]], ""contingency"": [[0, 1], [5525, 28979]]}",{}
NC00962.3,EMB-0.25-0.9-0.5,0.0,GARC1,RUS,EMB,embB@A505T,U,{},"{""proportion"": 0.0, ""confidence"": [0.0, 0.7301340512159458], ""p_value"": 1.0, ""solo_contingency"": [[0, 1], [313, 24469]], ""contingency"": [[0, 1], [5525, 28979]]}",{}
NC00962.3,EMB-0.25-0.9-0.5,0.0,GARC1,RUS,EMB,embB@I556V,U,{},"{""proportion"": 0.0, ""confidence"": [0.0, 0.7301340512159458], ""p_value"": 1.0, ""solo_contingency"": [[0, 1], [313, 24469]], ""contingency"": [[0, 1], [5525, 28979]]}",{}
NC00962.3,EMB-0.25-0.9-0.5,0.0,GARC1,RUS,EMB,embB@M91I,U,{},"{""proportion"": 0.0, ""confidence"": [0.0, 0.5749693909936535], ""p_value"": 1.0, ""solo_contingency"": [[0, 2], [313, 24469]], ""contingency"": [[0, 2], [5525, 28978]]}",{}
NC00962.3,EMB-0.25-0.9-0.5,0.0,GARC1,RUS,EMB,embA@M735I,U,{},"{""proportion"": 0.0, ""confidence"": [0.0, 0.4741955741575127], ""p_value"": 1.0, ""solo_contingency"": [[0, 3], [313, 24469]], ""contingency"": [[0, 3], [5525, 28977]]}",{}
NC00962.3,EMB-0.25-0.9-0.5,0.0,GARC1,RUS,EMB,embB@T498I,U,{},"{""proportion"": 0.0, ""confidence"": [0.0, 0.5749693909936535], ""p_value"": 1.0, ""solo_contingency"": [[0, 2], [313, 24469]], ""contingency"": [[0, 2], [5525, 28978]]}",{}
NC00962.3,EMB-0.25-0.9-0.5,0.0,GARC1,RUS,EMB,embA@D1053A,U,{},"{""proportion"": 0.0, ""confidence"": [0.0, 0.7301340512159458], ""p_value"": 1.0, ""solo_contingency"": [[0, 1], [313, 24469]], ""contingency"": [[0, 1], [5525, 28979]]}",{}
NC00962.3,EMB-0.25-0.9-0.5,0.0,GARC1,RUS,EMB,embA@H1011Y,U,{},"{""proportion"": 0.0, ""confidence"": [0.0, 0.7301340512159458], ""p_value"": 1.0, ""solo_contingency"": [[0, 1], [313, 24469]], ""contingency"": [[0, 1], [5525, 28979]]}",{}
NC00962.3,EMB-0.25-0.9-0.5,0.0,GARC1,RUS,EMB,embA@D4N,U,{},"{""proportion"": 0.0, ""confidence"": [0.0, 0.7301340512159458], ""p_value"": 1.0, ""solo_contingency"": [[0, 1], [313, 24469]], ""contingency"": [[1, 1], [5524, 28979]]}",{}
NC00962.3,EMB-0.25-0.9-0.5,0.0,GARC1,RUS,EMB,embA@V646L,U,{},"{""proportion"": 0.0, ""confidence"": [0.0, 0.7301340512159458], ""p_value"": 1.0, ""solo_contingency"": [[0, 1], [313, 24469]], ""contingency"": [[0, 1], [5525, 28979]]}",{}
NC00962.3,EMB-0.25-0.9-0.5,0.0,GARC1,RUS,EMB,embA@L967M,U,{},"{""proportion"": 0.0, ""confidence"": [0.0, 0.7301340512159458], ""p_value"": 1.0, ""solo_contingency"": [[0, 1], [313, 24469]], ""contingency"": [[0, 2], [5525, 28978]]}",{}
NC00962.3,EMB-0.25-0.9-0.5,0.0,GARC1,RUS,EMB,embB@A627V,U,{},"{""proportion"": 0.0, ""confidence"": [0.0, 0.7301340512159458], ""p_value"": 1.0, ""solo_contingency"": [[0, 1], [313, 24469]], ""contingency"": [[0, 1], [5525, 28979]]}",{}
NC00962.3,EMB-0.25-0.9-0.5,0.0,GARC1,RUS,EMB,embB@A204T,U,{},"{""proportion"": 0.0, ""confidence"": [0.0, 0.7301340512159458], ""p_value"": 1.0, ""solo_contingency"": [[0, 1], [313, 24469]], ""contingency"": [[0, 1], [5525, 28979]]}",{}
NC00962.3,EMB-0.25-0.9-0.5,0.0,GARC1,RUS,EMB,embA@A364T,U,{},"{""proportion"": 0.0, ""confidence"": [0.0, 0.7301340512159458], ""p_value"": 1.0, ""solo_contingency"": [[0, 1], [313, 24469]], ""contingency"": [[0, 1], [5525, 28979]]}",{}
NC00962.3,EMB-0.25-0.9-0.5,0.0,GARC1,RUS,EMB,embB@G106V,U,{},"{""proportion"": 0.0, ""confidence"": [0.0, 0.7301340512159458], ""p_value"": 1.0, ""solo_contingency"": [[0, 1], [313, 24469]], ""contingency"": [[0, 1], [5525, 28979]]}",{}
NC00962.3,EMB-0.25-0.9-0.5,0.0,GARC1,RUS,EMB,embB@I16L,U,{},"{""proportion"": 0.0, ""confidence"": [0.0, 0.40347862520270455], ""p_value"": 0.578125, ""solo_contingency"": [[0, 4], [313, 24469]], ""contingency"": [[2, 4], [5523, 28976]]}",{}
NC00962.3,EMB-0.25-0.9-0.5,0.0,GARC1,RUS,EMB,embB@A1083V,U,{},"{""proportion"": 0.0, ""confidence"": [0.0, 0.7301340512159458], ""p_value"": 1.0, ""solo_contingency"": [[0, 1], [313, 24469]], ""contingency"": [[0, 1], [5525, 28979]]}",{}
NC00962.3,EMB-0.25-0.9-0.5,0.0,GARC1,RUS,EMB,embA@A494S,U,{},"{""proportion"": 0.0, ""confidence"": [0.0, 0.7301340512159458], ""p_value"": 1.0, ""solo_contingency"": [[0, 1], [313, 24469]], ""contingency"": [[0, 1], [5525, 28979]]}",{}
NC00962.3,EMB-0.25-0.9-0.5,0.0,GARC1,RUS,EMB,embA@N847S,U,{},"{""proportion"": 0.0, ""confidence"": [0.0, 0.7301340512159458], ""p_value"": 1.0, ""solo_contingency"": [[0, 1], [313, 24469]], ""contingency"": [[0, 1], [5525, 28979]]}",{}
NC00962.3,EMB-0.25-0.9-0.5,0.0,GARC1,RUS,EMB,embB@W28S,U,{},"{""proportion"": 0.0, ""confidence"": [0.0, 0.7301340512159458], ""p_value"": 1.0, ""solo_contingency"": [[0, 1], [313, 24469]], ""contingency"": [[0, 1], [5525, 28979]]}",{}
NC00962.3,EMB-0.25-0.9-0.5,0.0,GARC1,RUS,EMB,embB@T819I,U,{},"{""proportion"": 0.0, ""confidence"": [0.0, 0.7301340512159458], ""p_value"": 1.0, ""solo_contingency"": [[0, 1], [313, 24469]], ""contingency"": [[0, 1], [5525, 28979]]}",{}
NC00962.3,EMB-0.25-0.9-0.5,0.0,GARC1,RUS,EMB,embA@L723V,U,{},"{""proportion"": 0.0, ""confidence"": [0.0, 0.7301340512159458], ""p_value"": 1.0, ""solo_contingency"": [[0, 1], [313, 24469]], ""contingency"": [[0, 1], [5525, 28979]]}",{}
NC00962.3,EMB-0.25-0.9-0.5,0.0,GARC1,RUS,EMB,embB@D57G,U,{},"{""proportion"": 0.0, ""confidence"": [0.0, 0.5749693909936535], ""p_value"": 1.0, ""solo_contingency"": [[0, 2], [313, 24469]], ""contingency"": [[1, 2], [5524, 28978]]}",{}
NC00962.3,EMB-0.25-0.9-0.5,0.0,GARC1,RUS,EMB,embA@D144N,U,{},"{""proportion"": 0.0, ""confidence"": [0.0, 0.7301340512159458], ""p_value"": 1.0, ""solo_contingency"": [[0, 1], [313, 24469]], ""contingency"": [[0, 1], [5525, 28979]]}",{}
NC00962.3,EMB-0.25-0.9-0.5,0.0,GARC1,RUS,EMB,embA@A460T,U,{},"{""proportion"": 0.0, ""confidence"": [0.0, 0.40347862520270455], ""p_value"": 0.578125, ""solo_contingency"": [[0, 4], [313, 24469]], ""contingency"": [[0, 5], [5525, 28975]]}",{}
NC00962.3,EMB-0.25-0.9-0.5,0.0,GARC1,RUS,EMB,embB@E149K,U,{},"{""proportion"": 0.0, ""confidence"": [0.0, 0.7301340512159458], ""p_value"": 1.0, ""solo_contingency"": [[0, 1], [313, 24469]], ""contingency"": [[0, 1], [5525, 28979]]}",{}
NC00962.3,EMB-0.25-0.9-0.5,0.0,GARC1,RUS,EMB,embB@G314S,U,{},"{""proportion"": 0.0, ""confidence"": [0.0, 0.7301340512159458], ""p_value"": 1.0, ""solo_contingency"": [[0, 1], [313, 24469]], ""contingency"": [[0, 1], [5525, 28979]]}",{}
NC00962.3,EMB-0.25-0.9-0.5,0.0,GARC1,RUS,EMB,embB@G694D,U,{},"{""proportion"": 0.0, ""confidence"": [0.0, 0.7301340512159458], ""p_value"": 1.0, ""solo_contingency"": [[0, 1], [313, 24469]], ""contingency"": [[0, 1], [5525, 28979]]}",{}
NC00962.3,EMB-0.25-0.9-0.5,0.0,GARC1,RUS,EMB,embB@S66G,U,{},"{""proportion"": 0.0, ""confidence"": [0.0, 0.7301340512159458], ""p_value"": 1.0, ""solo_contingency"": [[0, 1], [313, 24469]], ""contingency"": [[0, 1], [5525, 28979]]}",{}
NC00962.3,EMB-0.25-0.9-0.5,0.0,GARC1,RUS,EMB,embB@V39L,U,{},"{""proportion"": 0.0, ""confidence"": [0.0, 0.5749693909936535], ""p_value"": 1.0, ""solo_contingency"": [[0, 2], [313, 24469]], ""contingency"": [[0, 2], [5525, 28978]]}",{}
NC00962.3,EMB-0.25-0.9-0.5,0.0,GARC1,RUS,EMB,embB@F743L,U,{},"{""proportion"": 0.0, ""confidence"": [0.0, 0.5749693909936535], ""p_value"": 1.0, ""solo_contingency"": [[0, 2], [313, 24469]], ""contingency"": [[0, 2], [5525, 28978]]}",{}
NC00962.3,EMB-0.25-0.9-0.5,0.0,GARC1,RUS,EMB,embB@A295V,U,{},"{""proportion"": 0.0, ""confidence"": [0.0, 0.5749693909936535], ""p_value"": 1.0, ""solo_contingency"": [[0, 2], [313, 24469]], ""contingency"": [[0, 2], [5525, 28978]]}",{}
NC00962.3,EMB-0.25-0.9-0.5,0.0,GARC1,RUS,EMB,embA@E1075V,U,{},"{""proportion"": 0.0, ""confidence"": [0.0, 0.5749693909936535], ""p_value"": 1.0, ""solo_contingency"": [[0, 2], [313, 24469]], ""contingency"": [[0, 2], [5525, 28978]]}",{}
NC00962.3,EMB-0.25-0.9-0.5,0.0,GARC1,RUS,EMB,embB@R61W,U,{},"{""proportion"": 0.0, ""confidence"": [0.0, 0.5749693909936535], ""p_value"": 1.0, ""solo_contingency"": [[0, 2], [313, 24469]], ""contingency"": [[0, 2], [5525, 28978]]}",{}
NC00962.3,EMB-0.25-0.9-0.5,0.0,GARC1,RUS,EMB,embA@g-83a,U,{},"{""proportion"": 0.0, ""confidence"": [0.0, 0.5749693909936535], ""p_value"": 1.0, ""solo_contingency"": [[0, 2], [313, 24469]], ""contingency"": [[0, 2], [5525, 28978]]}",{}
NC00962.3,EMB-0.25-0.9-0.5,0.0,GARC1,RUS,EMB,embB@L971V,U,{},"{""proportion"": 0.0, ""confidence"": [0.0, 0.5749693909936535], ""p_value"": 1.0, ""solo_contingency"": [[0, 2], [313, 24469]], ""contingency"": [[0, 3], [5525, 28977]]}",{}
NC00962.3,EMB-0.25-0.9-0.5,0.0,GARC1,RUS,EMB,embB@R267P,U,{},"{""proportion"": 0.0, ""confidence"": [0.0, 0.40347862520270455], ""p_value"": 0.578125, ""solo_contingency"": [[0, 4], [313, 24469]], ""contingency"": [[0, 4], [5525, 28976]]}",{}
NC00962.3,EMB-0.25-0.9-0.5,0.0,GARC1,RUS,EMB,embB@A716V,U,{},"{""proportion"": 0.0, ""confidence"": [0.0, 0.7301340512159458], ""p_value"": 1.0, ""solo_contingency"": [[0, 1], [313, 24469]], ""contingency"": [[0, 1], [5525, 28979]]}",{}
NC00962.3,EMB-0.25-0.9-0.5,0.0,GARC1,RUS,EMB,embB@A43V,U,{},"{""proportion"": 0.0, ""confidence"": [0.0, 0.7301340512159458], ""p_value"": 1.0, ""solo_contingency"": [[0, 1], [313, 24469]], ""contingency"": [[0, 1], [5525, 28979]]}",{}
NC00962.3,EMB-0.25-0.9-0.5,0.0,GARC1,RUS,EMB,embB@S119N,U,{},"{""proportion"": 0.0, ""confidence"": [0.0, 0.5749693909936535], ""p_value"": 1.0, ""solo_contingency"": [[0, 2], [313, 24469]], ""contingency"": [[0, 2], [5525, 28978]]}",{}
NC00962.3,EMB-0.25-0.9-0.5,0.0,GARC1,RUS,EMB,embA@R1062L,U,{},"{""proportion"": 0.0, ""confidence"": [0.0, 0.7301340512159458], ""p_value"": 1.0, ""solo_contingency"": [[0, 1], [313, 24469]], ""contingency"": [[0, 1], [5525, 28979]]}",{}
NC00962.3,EMB-0.25-0.9-0.5,0.0,GARC1,RUS,EMB,embA@A1000T,U,{},"{""proportion"": 0.0, ""confidence"": [0.0, 0.7301340512159458], ""p_value"": 1.0, ""solo_contingency"": [[0, 1], [313, 24469]], ""contingency"": [[0, 1], [5525, 28979]]}",{}
NC00962.3,EMB-0.25-0.9-0.5,0.0,GARC1,RUS,EMB,embB@A679S,U,{},"{""proportion"": 0.0, ""confidence"": [0.0, 0.7301340512159458], ""p_value"": 1.0, ""solo_contingency"": [[0, 1], [313, 24469]], ""contingency"": [[0, 1], [5525, 28979]]}",{}
NC00962.3,EMB-0.25-0.9-0.5,0.0,GARC1,RUS,EMB,embB@A553T,U,{},"{""proportion"": 0.0, ""confidence"": [0.0, 0.5749693909936535], ""p_value"": 1.0, ""solo_contingency"": [[0, 2], [313, 24469]], ""contingency"": [[0, 2], [5525, 28978]]}",{}
NC00962.3,EMB-0.25-0.9-0.5,0.0,GARC1,RUS,EMB,embA@C28Y,U,{},"{""proportion"": 0.0, ""confidence"": [0.0, 0.7301340512159458], ""p_value"": 1.0, ""solo_contingency"": [[0, 1], [313, 24469]], ""contingency"": [[0, 1], [5525, 28979]]}",{}
NC00962.3,EMB-0.25-0.9-0.5,0.0,GARC1,RUS,EMB,embB@G199R,U,{},"{""proportion"": 0.0, ""confidence"": [0.0, 0.7301340512159458], ""p_value"": 1.0, ""solo_contingency"": [[0, 1], [313, 24469]], ""contingency"": [[1, 1], [5524, 28979]]}",{}
NC00962.3,EMB-0.25-0.9-0.5,0.0,GARC1,RUS,EMB,embA@P913L,U,{},"{""proportion"": 0.0, ""confidence"": [0.0, 0.7301340512159458], ""p_value"": 1.0, ""solo_contingency"": [[0, 1], [313, 24469]], ""contingency"": [[0, 1], [5525, 28979]]}",{}
NC00962.3,EMB-0.25-0.9-0.5,0.0,GARC1,RUS,EMB,embB@A1076T,U,{},"{""proportion"": 0.0, ""confidence"": [0.0, 0.5749693909936535], ""p_value"": 1.0, ""solo_contingency"": [[0, 2], [313, 24469]], ""contingency"": [[0, 2], [5525, 28978]]}",{}
NC00962.3,EMB-0.25-0.9-0.5,0.0,GARC1,RUS,EMB,embB@P93L,U,{},"{""proportion"": 0.0, ""confidence"": [0.0, 0.40347862520270455], ""p_value"": 0.578125, ""solo_contingency"": [[0, 4], [313, 24469]], ""contingency"": [[0, 7], [5525, 28973]]}",{}
NC00962.3,EMB-0.25-0.9-0.5,0.0,GARC1,RUS,EMB,embA@L34R,U,{},"{""proportion"": 0.0, ""confidence"": [0.0, 0.7301340512159458], ""p_value"": 1.0, ""solo_contingency"": [[0, 1], [313, 24469]], ""contingency"": [[0, 1], [5525, 28979]]}",{}
NC00962.3,EMB-0.25-0.9-0.5,0.0,GARC1,RUS,EMB,embB@F676S,U,{},"{""proportion"": 0.0, ""confidence"": [0.0, 0.5749693909936535], ""p_value"": 1.0, ""solo_contingency"": [[0, 2], [313, 24469]], ""contingency"": [[0, 2], [5525, 28978]]}",{}
NC00962.3,EMB-0.25-0.9-0.5,0.0,GARC1,RUS,EMB,embB@D311F,U,{},"{""proportion"": 0.0, ""confidence"": [0.0, 0.7301340512159458], ""p_value"": 1.0, ""solo_contingency"": [[0, 1], [313, 24469]], ""contingency"": [[0, 1], [5525, 28979]]}",{}
NC00962.3,EMB-0.25-0.9-0.5,0.0,GARC1,RUS,EMB,embB@D191E,U,{},"{""proportion"": 0.0, ""confidence"": [0.0, 0.5749693909936535], ""p_value"": 1.0, ""solo_contingency"": [[0, 2], [313, 24469]], ""contingency"": [[0, 2], [5525, 28978]]}",{}
NC00962.3,EMB-0.25-0.9-0.5,0.0,GARC1,RUS,EMB,embB@S119I,U,{},"{""proportion"": 0.0, ""confidence"": [0.0, 0.5749693909936535], ""p_value"": 1.0, ""solo_contingency"": [[0, 2], [313, 24469]], ""contingency"": [[0, 2], [5525, 28978]]}",{}
NC00962.3,EMB-0.25-0.9-0.5,0.0,GARC1,RUS,EMB,embB@G1087C,U,{},"{""proportion"": 0.0, ""confidence"": [0.0, 0.7301340512159458], ""p_value"": 1.0, ""solo_contingency"": [[0, 1], [313, 24469]], ""contingency"": [[0, 1], [5525, 28979]]}",{}
NC00962.3,EMB-0.25-0.9-0.5,0.0,GARC1,RUS,EMB,embA@P934R,U,{},"{""proportion"": 0.0, ""confidence"": [0.0, 0.7301340512159458], ""p_value"": 1.0, ""solo_contingency"": [[0, 1], [313, 24469]], ""contingency"": [[0, 1], [5525, 28979]]}",{}
NC00962.3,EMB-0.25-0.9-0.5,0.0,GARC1,RUS,EMB,embB@A313T,U,{},"{""proportion"": 0.0, ""confidence"": [0.0, 0.7301340512159458], ""p_value"": 1.0, ""solo_contingency"": [[0, 1], [313, 24469]], ""contingency"": [[0, 1], [5525, 28979]]}",{}
NC00962.3,EMB-0.25-0.9-0.5,0.0,GARC1,RUS,EMB,embA@T604M,U,{},"{""proportion"": 0.0, ""confidence"": [0.0, 0.7301340512159458], ""p_value"": 1.0, ""solo_contingency"": [[0, 1], [313, 24469]], ""contingency"": [[0, 1], [5525, 28979]]}",{}
NC00962.3,EMB-0.25-0.9-0.5,0.0,GARC1,RUS,EMB,embB@G458C,U,{},"{""proportion"": 0.0, ""confidence"": [0.0, 0.7301340512159458], ""p_value"": 1.0, ""solo_contingency"": [[0, 1], [313, 24469]], ""contingency"": [[0, 1], [5525, 28979]]}",{}
NC00962.3,EMB-0.25-0.9-0.5,0.0,GARC1,RUS,EMB,embB@L1037I,U,{},"{""proportion"": 0.0, ""confidence"": [0.0, 0.5749693909936535], ""p_value"": 1.0, ""solo_contingency"": [[0, 2], [313, 24469]], ""contingency"": [[0, 2], [5525, 28978]]}",{}
NC00962.3,EMB-0.25-0.9-0.5,0.0,GARC1,RUS,EMB,embB@V755I,U,{},"{""proportion"": 0.0, ""confidence"": [0.0, 0.5749693909936535], ""p_value"": 1.0, ""solo_contingency"": [[0, 2], [313, 24469]], ""contingency"": [[0, 2], [5525, 28978]]}",{}
NC00962.3,EMB-0.25-0.9-0.5,0.0,GARC1,RUS,EMB,embA@P689L,U,{},"{""proportion"": 0.0, ""confidence"": [0.0, 0.7301340512159458], ""p_value"": 1.0, ""solo_contingency"": [[0, 1], [313, 24469]], ""contingency"": [[0, 1], [5525, 28979]]}",{}
NC00962.3,EMB-0.25-0.9-0.5,0.0,GARC1,RUS,EMB,embA@G157C,U,{},"{""proportion"": 0.0, ""confidence"": [0.0, 0.5749693909936535], ""p_value"": 1.0, ""solo_contingency"": [[0, 2], [313, 24469]], ""contingency"": [[0, 2], [5525, 28978]]}",{}
NC00962.3,EMB-0.25-0.9-0.5,0.0,GARC1,RUS,EMB,embB@S658N,U,{},"{""proportion"": 0.0, ""confidence"": [0.0, 0.7301340512159458], ""p_value"": 1.0, ""solo_contingency"": [[0, 1], [313, 24469]], ""contingency"": [[0, 1], [5525, 28979]]}",{}
NC00962.3,EMB-0.25-0.9-0.5,0.0,GARC1,RUS,EMB,embB@D869H,U,{},"{""proportion"": 0.0, ""confidence"": [0.0, 0.7301340512159458], ""p_value"": 1.0, ""solo_contingency"": [[0, 1], [313, 24469]], ""contingency"": [[0, 1], [5525, 28979]]}",{}
NC00962.3,EMB-0.25-0.9-0.5,0.0,GARC1,RUS,EMB,embA@T728I,U,{},"{""proportion"": 0.0, ""confidence"": [0.0, 0.3511165007651012], ""p_value"": 0.34082031250000006, ""solo_contingency"": [[0, 5], [313, 24469]], ""contingency"": [[0, 5], [5525, 28975]]}",{}
NC00962.3,EMB-0.25-0.9-0.5,0.0,GARC1,RUS,EMB,embB@V602I,U,{},"{""proportion"": 0.0, ""confidence"": [0.0, 0.7301340512159458], ""p_value"": 1.0, ""solo_contingency"": [[0, 1], [313, 24469]], ""contingency"": [[0, 1], [5525, 28979]]}",{}
NC00962.3,EMB-0.25-0.9-0.5,0.0,GARC1,RUS,EMB,embA@2046_del_ccgcatcttggc,U,{},"{""proportion"": 0.0, ""confidence"": [0.0, 0.7301340512159458], ""p_value"": 1.0, ""solo_contingency"": [[0, 1], [313, 24469]], ""contingency"": [[0, 1], [5525, 28979]]}",{}
NC00962.3,EMB-0.25-0.9-0.5,0.0,GARC1,RUS,EMB,embA@D784N,U,{},"{""proportion"": 0.0, ""confidence"": [0.0, 0.7301340512159458], ""p_value"": 1.0, ""solo_contingency"": [[0, 1], [313, 24469]], ""contingency"": [[0, 1], [5525, 28979]]}",{}
NC00962.3,EMB-0.25-0.9-0.5,0.0,GARC1,RUS,EMB,embB@R182C,U,{},"{""proportion"": 0.0, ""confidence"": [0.0, 0.4741955741575127], ""p_value"": 1.0, ""solo_contingency"": [[0, 3], [313, 24469]], ""contingency"": [[0, 3], [5525, 28977]]}",{}
NC00962.3,EMB-0.25-0.9-0.5,0.0,GARC1,RUS,EMB,embB@A259V,U,{},"{""proportion"": 0.0, ""confidence"": [0.0, 0.7301340512159458], ""p_value"": 1.0, ""solo_contingency"": [[0, 1], [313, 24469]], ""contingency"": [[0, 1], [5525, 28979]]}",{}
NC00962.3,EMB-0.25-0.9-0.5,0.0,GARC1,RUS,EMB,embB@G443S,U,{},"{""proportion"": 0.0, ""confidence"": [0.0, 0.5749693909936535], ""p_value"": 1.0, ""solo_contingency"": [[0, 2], [313, 24469]], ""contingency"": [[0, 2], [5525, 28978]]}",{}
NC00962.3,EMB-0.25-0.9-0.5,0.0,GARC1,RUS,EMB,embB@A356V,U,{},"{""proportion"": 0.0, ""confidence"": [0.0, 0.7301340512159458], ""p_value"": 1.0, ""solo_contingency"": [[0, 1], [313, 24469]], ""contingency"": [[0, 1], [5525, 28979]]}",{}
NC00962.3,EMB-0.25-0.9-0.5,0.0,GARC1,RUS,EMB,embA@S250N,U,{},"{""proportion"": 0.0, ""confidence"": [0.0, 0.7301340512159458], ""p_value"": 1.0, ""solo_contingency"": [[0, 1], [313, 24469]], ""contingency"": [[0, 2], [5525, 28978]]}",{}
NC00962.3,EMB-0.25-0.9-0.5,0.0,GARC1,RUS,EMB,embA@c-36t,U,{},"{""proportion"": 0.0, ""confidence"": [0.0, 0.7301340512159458], ""p_value"": 1.0, ""solo_contingency"": [[0, 1], [313, 24469]], ""contingency"": [[0, 1], [5525, 28979]]}",{}
NC00962.3,EMB-0.25-0.9-0.5,0.0,GARC1,RUS,EMB,embB@T506N,U,{},"{""proportion"": 0.0, ""confidence"": [0.0, 0.7301340512159458], ""p_value"": 1.0, ""solo_contingency"": [[0, 1], [313, 24469]], ""contingency"": [[0, 1], [5525, 28979]]}",{}
NC00962.3,EMB-0.25-0.9-0.5,0.0,GARC1,RUS,EMB,embB@Q516E,U,{},"{""proportion"": 0.0, ""confidence"": [0.0, 0.7301340512159458], ""p_value"": 1.0, ""solo_contingency"": [[0, 1], [313, 24469]], ""contingency"": [[0, 1], [5525, 28979]]}",{}
NC00962.3,EMB-0.25-0.9-0.5,0.0,GARC1,RUS,EMB,embA@P645R,U,{},"{""proportion"": 0.0, ""confidence"": [0.0, 0.5749693909936535], ""p_value"": 1.0, ""solo_contingency"": [[0, 2], [313, 24469]], ""contingency"": [[0, 2], [5525, 28978]]}",{}
NC00962.3,EMB-0.25-0.9-0.5,0.0,GARC1,RUS,EMB,embA@M705T,U,{},"{""proportion"": 0.0, ""confidence"": [0.0, 0.7301340512159458], ""p_value"": 1.0, ""solo_contingency"": [[0, 1], [313, 24469]], ""contingency"": [[0, 2], [5525, 28978]]}",{}
NC00962.3,EMB-0.25-0.9-0.5,0.0,GARC1,RUS,EMB,embA@S137N,U,{},"{""proportion"": 0.0, ""confidence"": [0.0, 0.7301340512159458], ""p_value"": 1.0, ""solo_contingency"": [[0, 1], [313, 24469]], ""contingency"": [[0, 1], [5525, 28979]]}",{}
NC00962.3,EMB-0.25-0.9-0.5,0.0,GARC1,RUS,EMB,embB@K561Q,U,{},"{""proportion"": 0.0, ""confidence"": [0.0, 0.7301340512159458], ""p_value"": 1.0, ""solo_contingency"": [[0, 1], [313, 24469]], ""contingency"": [[0, 1], [5525, 28979]]}",{}
NC00962.3,EMB-0.25-0.9-0.5,0.0,GARC1,RUS,EMB,embA@c-50t,U,{},"{""proportion"": 0.0, ""confidence"": [0.0, 0.7301340512159458], ""p_value"": 1.0, ""solo_contingency"": [[0, 1], [313, 24469]], ""contingency"": [[0, 1], [5525, 28979]]}",{}
NC00962.3,EMB-0.25-0.9-0.5,0.0,GARC1,RUS,EMB,embA@V583M,U,{},"{""proportion"": 0.0, ""confidence"": [0.0, 0.7301340512159458], ""p_value"": 1.0, ""solo_contingency"": [[0, 1], [313, 24469]], ""contingency"": [[0, 1], [5525, 28979]]}",{}
NC00962.3,EMB-0.25-0.9-0.5,0.0,GARC1,RUS,EMB,embA@M153V,U,{},"{""proportion"": 0.0, ""confidence"": [0.0, 0.7301340512159458], ""p_value"": 1.0, ""solo_contingency"": [[0, 1], [313, 24469]], ""contingency"": [[0, 1], [5525, 28979]]}",{}
NC00962.3,EMB-0.25-0.9-0.5,0.0,GARC1,RUS,EMB,embB@R700H,U,{},"{""proportion"": 0.0, ""confidence"": [0.0, 0.7301340512159458], ""p_value"": 1.0, ""solo_contingency"": [[0, 1], [313, 24469]], ""contingency"": [[0, 1], [5525, 28979]]}",{}
NC00962.3,EMB-0.25-0.9-0.5,0.0,GARC1,RUS,EMB,embA@L603F,U,{},"{""proportion"": 0.0, ""confidence"": [0.0, 0.7301340512159458], ""p_value"": 1.0, ""solo_contingency"": [[0, 1], [313, 24469]], ""contingency"": [[0, 1], [5525, 28979]]}",{}
NC00962.3,EMB-0.25-0.9-0.5,0.0,GARC1,RUS,EMB,embA@P163L,U,{},"{""proportion"": 0.0, ""confidence"": [0.0, 0.5749693909936535], ""p_value"": 1.0, ""solo_contingency"": [[0, 2], [313, 24469]], ""contingency"": [[0, 2], [5525, 28978]]}",{}
NC00962.3,EMB-0.25-0.9-0.5,0.0,GARC1,RUS,EMB,embA@P861S,U,{},"{""proportion"": 0.0, ""confidence"": [0.0, 0.7301340512159458], ""p_value"": 1.0, ""solo_contingency"": [[0, 1], [313, 24469]], ""contingency"": [[0, 1], [5525, 28979]]}",{}
NC00962.3,EMB-0.25-0.9-0.5,0.0,GARC1,RUS,EMB,embB@F763L,U,{},"{""proportion"": 0.0, ""confidence"": [0.0, 0.7301340512159458], ""p_value"": 1.0, ""solo_contingency"": [[0, 1], [313, 24469]], ""contingency"": [[0, 1], [5525, 28979]]}",{}
NC00962.3,EMB-0.25-0.9-0.5,0.0,GARC1,RUS,EMB,embB@V668A,U,{},"{""proportion"": 0.0, ""confidence"": [0.0, 0.5749693909936535], ""p_value"": 1.0, ""solo_contingency"": [[0, 2], [313, 24469]], ""contingency"": [[0, 2], [5525, 28978]]}",{}
NC00962.3,EMB-0.25-0.9-0.5,0.0,GARC1,RUS,EMB,embB@A295T,U,{},"{""proportion"": 0.0, ""confidence"": [0.0, 0.7301340512159458], ""p_value"": 1.0, ""solo_contingency"": [[0, 1], [313, 24469]], ""contingency"": [[0, 1], [5525, 28979]]}",{}
NC00962.3,EMB-0.25-0.9-0.5,0.0,GARC1,RUS,EMB,embB@S973L,U,{},"{""proportion"": 0.0, ""confidence"": [0.0, 0.7301340512159458], ""p_value"": 1.0, ""solo_contingency"": [[0, 1], [313, 24469]], ""contingency"": [[0, 1], [5525, 28979]]}",{}
NC00962.3,EMB-0.25-0.9-0.5,0.0,GARC1,RUS,EMB,embA@A849P,U,{},"{""proportion"": 0.0, ""confidence"": [0.0, 0.7301340512159458], ""p_value"": 1.0, ""solo_contingency"": [[0, 1], [313, 24469]], ""contingency"": [[0, 1], [5525, 28979]]}",{}
NC00962.3,EMB-0.25-0.9-0.5,0.0,GARC1,RUS,EMB,embB@R89H,U,{},"{""proportion"": 0.0, ""confidence"": [0.0, 0.7301340512159458], ""p_value"": 1.0, ""solo_contingency"": [[0, 1], [313, 24469]], ""contingency"": [[0, 1], [5525, 28979]]}",{}
NC00962.3,EMB-0.25-0.9-0.5,0.0,GARC1,RUS,EMB,embB@T732I,U,{},"{""proportion"": 0.0, ""confidence"": [0.0, 0.7301340512159458], ""p_value"": 1.0, ""solo_contingency"": [[0, 1], [313, 24469]], ""contingency"": [[0, 1], [5525, 28979]]}",{}
NC00962.3,EMB-0.25-0.9-0.5,0.0,GARC1,RUS,EMB,embB@G923E,U,{},"{""proportion"": 0.0, ""confidence"": [0.0, 0.7301340512159458], ""p_value"": 1.0, ""solo_contingency"": [[0, 1], [313, 24469]], ""contingency"": [[0, 1], [5525, 28979]]}",{}
NC00962.3,EMB-0.25-0.9-0.5,0.0,GARC1,RUS,EMB,embA@P754S,U,{},"{""proportion"": 0.0, ""confidence"": [0.0, 0.7301340512159458], ""p_value"": 1.0, ""solo_contingency"": [[0, 1], [313, 24469]], ""contingency"": [[0, 1], [5525, 28979]]}",{}
NC00962.3,EMB-0.25-0.9-0.5,0.0,GARC1,RUS,EMB,embB@F584L,U,{},"{""proportion"": 0.0, ""confidence"": [0.0, 0.7301340512159458], ""p_value"": 1.0, ""solo_contingency"": [[0, 1], [313, 24469]], ""contingency"": [[0, 1], [5525, 28979]]}",{}
NC00962.3,EMB-0.25-0.9-0.5,0.0,GARC1,RUS,EMB,embB@T151P,U,{},"{""proportion"": 0.0, ""confidence"": [0.0, 0.7301340512159458], ""p_value"": 1.0, ""solo_contingency"": [[0, 1], [313, 24469]], ""contingency"": [[0, 1], [5525, 28979]]}",{}
NC00962.3,EMB-0.25-0.9-0.5,0.0,GARC1,RUS,EMB,embA@G5R,U,{},"{""proportion"": 0.0, ""confidence"": [0.0, 0.3511165007651012], ""p_value"": 0.34082031250000006, ""solo_contingency"": [[0, 5], [313, 24469]], ""contingency"": [[0, 5], [5525, 28975]]}",{}
NC00962.3,EMB-0.25-0.9-0.5,0.0,GARC1,RUS,EMB,embB@P371R,U,{},"{""proportion"": 0.0, ""confidence"": [0.0, 0.5749693909936535], ""p_value"": 1.0, ""solo_contingency"": [[0, 2], [313, 24469]], ""contingency"": [[0, 2], [5525, 28978]]}",{}
NC00962.3,EMB-0.25-0.9-0.5,0.0,GARC1,RUS,EMB,embA@T40I,U,{},"{""proportion"": 0.0, ""confidence"": [0.0, 0.7301340512159458], ""p_value"": 1.0, ""solo_contingency"": [[0, 1], [313, 24469]], ""contingency"": [[0, 1], [5525, 28979]]}",{}
NC00962.3,EMB-0.25-0.9-0.5,0.0,GARC1,RUS,EMB,embA@H665Y,U,{},"{""proportion"": 0.0, ""confidence"": [0.0, 0.5749693909936535], ""p_value"": 1.0, ""solo_contingency"": [[0, 2], [313, 24469]], ""contingency"": [[0, 2], [5525, 28978]]}",{}
NC00962.3,EMB-0.25-0.9-0.5,0.0,GARC1,RUS,EMB,embB@R238H,U,{},"{""proportion"": 0.0, ""confidence"": [0.0, 0.7301340512159458], ""p_value"": 1.0, ""solo_contingency"": [[0, 1], [313, 24469]], ""contingency"": [[0, 1], [5525, 28979]]}",{}
NC00962.3,EMB-0.25-0.9-0.5,0.0,GARC1,RUS,EMB,embB@V369M,U,{},"{""proportion"": 0.0, ""confidence"": [0.0, 0.5749693909936535], ""p_value"": 1.0, ""solo_contingency"": [[0, 2], [313, 24469]], ""contingency"": [[0, 2], [5525, 28978]]}",{}
NC00962.3,EMB-0.25-0.9-0.5,0.0,GARC1,RUS,EMB,embB@P616S,U,{},"{""proportion"": 0.0, ""confidence"": [0.0, 0.7301340512159458], ""p_value"": 1.0, ""solo_contingency"": [[0, 1], [313, 24469]], ""contingency"": [[2, 1], [5523, 28979]]}",{}
NC00962.3,EMB-0.25-0.9-0.5,0.0,GARC1,RUS,EMB,embA@-*_indel,U,{},"{""default_rule"": ""True""}",{}
NC00962.3,EMB-0.25-0.9-0.5,0.0,GARC1,RUS,EMB,embA@*_indel,U,{},"{""default_rule"": ""True""}",{}
NC00962.3,EMB-0.25-0.9-0.5,0.0,GARC1,RUS,EMB,embA@-*?,U,{},"{""default_rule"": ""True""}",{}
NC00962.3,EMB-0.25-0.9-0.5,0.0,GARC1,RUS,EMB,embA@*?,U,{},"{""default_rule"": ""True""}",{}
NC00962.3,EMB-0.25-0.9-0.5,0.0,GARC1,RUS,EMB,embA@del_0.0,U,{},"{""default_rule"": ""True""}",{}
NC00962.3,EMB-0.25-0.9-0.5,0.0,GARC1,RUS,EMB,embB@-*_indel,U,{},"{""default_rule"": ""True""}",{}
NC00962.3,EMB-0.25-0.9-0.5,0.0,GARC1,RUS,EMB,embB@*_indel,U,{},"{""default_rule"": ""True""}",{}
NC00962.3,EMB-0.25-0.9-0.5,0.0,GARC1,RUS,EMB,embB@-*?,U,{},"{""default_rule"": ""True""}",{}
NC00962.3,EMB-0.25-0.9-0.5,0.0,GARC1,RUS,EMB,embB@*?,U,{},"{""default_rule"": ""True""}",{}
NC00962.3,EMB-0.25-0.9-0.5,0.0,GARC1,RUS,EMB,embB@del_0.0,U,{},"{""default_rule"": ""True""}",{}
