GENBANK_REFERENCE,CATALOGUE_NAME,CATALOGUE_VERSION,CATALOGUE_GRAMMAR,PREDICTION_VALUES,DRUG,MUTATION,PREDICTION,SOURCE,EVIDENCE,OTHER
NC00962.3,EMB-0.25-0.9-0.9,0.0,GARC1,RUS,EMB,embB@T1082A,S,{},"{""proportion"": 0.010309278350515464, ""confidence"": [0.0023032898859983923, 0.044891111659607255], ""p_value"": 5.65377049046886e-11, ""solo_contingency"": [[1, 96], [377, 20711]], ""contingency"": [[150, 137], [5375, 28843]]}",{}
NC00962.3,EMB-0.25-0.9-0.9,0.0,GARC1,RUS,EMB,embA@c-59a,S,{},"{""proportion"": 0.0, ""confidence"": [0.0, 0.21294197008340696], ""p_value"": 0.07604122161865237, ""solo_contingency"": [[0, 10], [377, 20711]], ""contingency"": [[1, 14], [5524, 28966]]}",{}
NC00962.3,EMB-0.25-0.9-0.9,0.0,GARC1,RUS,EMB,embB@A313V,S,{},"{""proportion"": 0.0, ""confidence"": [0.0, 0.21294197008340696], ""p_value"": 0.07604122161865237, ""solo_contingency"": [[0, 10], [377, 20711]], ""contingency"": [[0, 12], [5525, 28968]]}",{}
NC00962.3,EMB-0.25-0.9-0.9,0.0,GARC1,RUS,EMB,embA@G158D,S,{},"{""proportion"": 0.0, ""confidence"": [-1.1138242448922617e-17, 0.19740504731951777], ""p_value"": 0.07656264305114746, ""solo_contingency"": [[0, 11], [377, 20711]], ""contingency"": [[0, 11], [5525, 28969]]}",{}
NC00962.3,EMB-0.25-0.9-0.9,0.0,GARC1,RUS,EMB,embA@T608N,S,{},"{""proportion"": 0.06896551724137931, ""confidence"": [0.0230907224042537, 0.1884036323228297], ""p_value"": 0.029061929232975115, ""solo_contingency"": [[2, 27], [377, 20711]], ""contingency"": [[9, 29], [5516, 28951]]}",{}
NC00962.3,EMB-0.25-0.9-0.9,0.0,GARC1,RUS,EMB,embA@c-16t,S,{},"{""proportion"": 0.13846153846153847, ""confidence"": [0.08237083203106214, 0.2234467184643982], ""p_value"": 0.04370642687971149, ""solo_contingency"": [[9, 56], [377, 20711]], ""contingency"": [[161, 74], [5364, 28906]]}",{}
NC00962.3,EMB-0.25-0.9-0.9,0.0,GARC1,RUS,EMB,embA@Y296H,S,{},"{""proportion"": 0.0, ""confidence"": [0.0, 0.14463859126760936], ""p_value"": 0.017492316197603944, ""solo_contingency"": [[0, 16], [377, 20711]], ""contingency"": [[0, 16], [5525, 28964]]}",{}
NC00962.3,EMB-0.25-0.9-0.9,0.0,GARC1,RUS,EMB,embB@S773P,S,{},"{""proportion"": 0.0, ""confidence"": [0.0, 0.1013101814889487], ""p_value"": 0.00152648405845568, ""solo_contingency"": [[0, 24], [377, 20711]], ""contingency"": [[0, 24], [5525, 28956]]}",{}
NC00962.3,EMB-0.25-0.9-0.9,0.0,GARC1,RUS,EMB,embB@L402V,S,{},"{""proportion"": 0.0, ""confidence"": [0.0, 0.1839811947474769], ""p_value"": 0.04592913389205933, ""solo_contingency"": [[0, 12], [377, 20711]], ""contingency"": [[3, 18], [5522, 28962]]}",{}
NC00962.3,EMB-0.25-0.9-0.9,0.0,GARC1,RUS,EMB,embB@S203L,S,{},"{""proportion"": 0.0, ""confidence"": [0.0, 0.07370939644250225], ""p_value"": 8.526393021277249e-05, ""solo_contingency"": [[0, 34], [377, 20711]], ""contingency"": [[1, 44], [5524, 28936]]}",{}
NC00962.3,EMB-0.25-0.9-0.9,0.0,GARC1,RUS,EMB,embB@E378A,S,{},"{""proportion"": 0.0, ""confidence"": [0.0, 0.172266783508845], ""p_value"": 0.048047408461570754, ""solo_contingency"": [[0, 13], [377, 20711]], ""contingency"": [[209, 3403], [5316, 25577]]}",{}
NC00962.3,EMB-0.25-0.9-0.9,0.0,GARC1,RUS,EMB,embA@E951D,S,{},"{""proportion"": 0.0, ""confidence"": [-1.6829805552426414e-18, 0.029827763012793627], ""p_value"": 2.260070170329137e-11, ""solo_contingency"": [[0, 88], [377, 20711]], ""contingency"": [[17, 116], [5508, 28864]]}",{}
NC00962.3,EMB-0.25-0.9-0.9,0.0,GARC1,RUS,EMB,embA@D176E,S,{},"{""proportion"": 0.038461538461538464, ""confidence"": [0.00862776690656984, 0.15529678869783117], ""p_value"": 0.010667350611231141, ""solo_contingency"": [[1, 25], [377, 20711]], ""contingency"": [[1, 29], [5524, 28951]]}",{}
NC00962.3,EMB-0.25-0.9-0.9,0.0,GARC1,RUS,EMB,embB@I563L,S,{},"{""proportion"": 0.0, ""confidence"": [0.0, 0.172266783508845], ""p_value"": 0.048047408461570754, ""solo_contingency"": [[0, 13], [377, 20711]], ""contingency"": [[13, 16], [5512, 28964]]}",{}
NC00962.3,EMB-0.25-0.9-0.9,0.0,GARC1,RUS,EMB,embB@G246R,S,{},"{""proportion"": 0.06060606060606061, ""confidence"": [0.02026262035520702, 0.1675385669510819], ""p_value"": 0.008317048852261623, ""solo_contingency"": [[2, 31], [377, 20711]], ""contingency"": [[3, 31], [5522, 28949]]}",{}
NC00962.3,EMB-0.25-0.9-0.9,0.0,GARC1,RUS,EMB,embA@A84S,S,{},"{""proportion"": 0.0, ""confidence"": [-1.1138242448922617e-17, 0.19740504731951777], ""p_value"": 0.07656264305114746, ""solo_contingency"": [[0, 11], [377, 20711]], ""contingency"": [[0, 11], [5525, 28969]]}",{}
NC00962.3,EMB-0.25-0.9-0.9,0.0,GARC1,RUS,EMB,embB@C361S,S,{},"{""proportion"": 0.02857142857142857, ""confidence"": [0.0064000875048646185, 0.11839703840910538], ""p_value"": 0.0007361426069999998, ""solo_contingency"": [[1, 34], [377, 20711]], ""contingency"": [[1, 34], [5524, 28946]]}",{}
NC00962.3,EMB-0.25-0.9-0.9,0.0,GARC1,RUS,EMB,embB@R741W,S,{},"{""proportion"": 0.0, ""confidence"": [0.0, 0.16195483023523788], ""p_value"": 0.02812748029828072, ""solo_contingency"": [[0, 14], [411, 24399]], ""contingency"": [[0, 14], [5525, 28966]]}",{}
NC00962.3,EMB-0.25-0.9-0.9,0.0,GARC1,RUS,EMB,embB@L370R,S,{},"{""proportion"": 0.0, ""confidence"": [0.0, 0.11915783736096446], ""p_value"": 0.007113353603017462, ""solo_contingency"": [[0, 20], [377, 20711]], ""contingency"": [[1, 20], [5524, 28960]]}",{}
NC00962.3,EMB-0.25-0.9-0.9,0.0,GARC1,RUS,EMB,embA@G884D,S,{},"{""proportion"": 0.0, ""confidence"": [0.0, 0.1839811947474769], ""p_value"": 0.04592913389205933, ""solo_contingency"": [[0, 12], [377, 20711]], ""contingency"": [[0, 13], [5525, 28967]]}",{}
NC00962.3,EMB-0.25-0.9-0.9,0.0,GARC1,RUS,EMB,embA@L373P,S,{},"{""proportion"": 0.0, ""confidence"": [0.0, 0.09425160190476774], ""p_value"": 0.0009542497576016112, ""solo_contingency"": [[0, 26], [377, 20711]], ""contingency"": [[6, 29], [5519, 28951]]}",{}
NC00962.3,EMB-0.25-0.9-0.9,0.0,GARC1,RUS,EMB,embB@V283M,S,{},"{""proportion"": 0.0, ""confidence"": [0.0, 0.1839811947474769], ""p_value"": 0.04592913389205933, ""solo_contingency"": [[0, 12], [411, 24399]], ""contingency"": [[0, 12], [5525, 28968]]}",{}
NC00962.3,EMB-0.25-0.9-0.9,0.0,GARC1,RUS,EMB,embA@V31A,S,{},"{""proportion"": 0.0, ""confidence"": [-6.2612865863866736e-18, 0.09765350600605095], ""p_value"": 0.0016683748994763552, ""solo_contingency"": [[0, 25], [377, 20711]], ""contingency"": [[0, 27], [5525, 28953]]}",{}
NC00962.3,EMB-0.25-0.9-0.9,0.0,GARC1,RUS,EMB,embA@g-17a,S,{},"{""proportion"": 0.05263157894736842, ""confidence"": [0.011830636171440975, 0.2049593034145945], ""p_value"": 0.05975523548841011, ""solo_contingency"": [[1, 18], [377, 20711]], ""contingency"": [[8, 25], [5517, 28955]]}",{}
NC00962.3,EMB-0.25-0.9-0.9,0.0,GARC1,RUS,EMB,embB@I709T,S,{},"{""proportion"": 0.0, ""confidence"": [0.0, 0.16195483023523788], ""p_value"": 0.02812748029828072, ""solo_contingency"": [[0, 14], [377, 20711]], ""contingency"": [[0, 16], [5525, 28964]]}",{}
NC00962.3,EMB-0.25-0.9-0.9,0.0,GARC1,RUS,EMB,embB@P731L,S,{},"{""proportion"": 0.0, ""confidence"": [-6.2612865863866736e-18, 0.09765350600605095], ""p_value"": 0.0016683748994763552, ""solo_contingency"": [[0, 25], [377, 20711]], ""contingency"": [[0, 25], [5525, 28955]]}",{}
NC00962.3,EMB-0.25-0.9-0.9,0.0,GARC1,RUS,EMB,embA@Q1004P,S,{},"{""proportion"": 0.0, ""confidence"": [0.0, 0.16195483023523788], ""p_value"": 0.02812748029828072, ""solo_contingency"": [[0, 14], [377, 20711]], ""contingency"": [[0, 15], [5525, 28965]]}",{}
NC00962.3,EMB-0.25-0.9-0.9,0.0,GARC1,RUS,EMB,embA@g-76c,S,{},"{""proportion"": 0.06896551724137931, ""confidence"": [0.0230907224042537, 0.1884036323228297], ""p_value"": 0.029061929232975115, ""solo_contingency"": [[2, 27], [377, 20711]], ""contingency"": [[2, 27], [5523, 28953]]}",{}
NC00962.3,EMB-0.25-0.9-0.9,0.0,GARC1,RUS,EMB,embA@V206M,S,{},"{""proportion"": 0.0, ""confidence"": [0.0, 0.21294197008340696], ""p_value"": 0.07604122161865237, ""solo_contingency"": [[0, 10], [396, 21645]], ""contingency"": [[72, 1664], [5453, 27316]]}",{}
NC00962.3,EMB-0.25-0.9-0.9,0.0,GARC1,RUS,EMB,embA@K166N,S,{},"{""proportion"": 0.0, ""confidence"": [0.0, 0.11915783736096446], ""p_value"": 0.007113353603017462, ""solo_contingency"": [[0, 20], [377, 20711]], ""contingency"": [[0, 20], [5525, 28960]]}",{}
NC00962.3,EMB-0.25-0.9-0.9,0.0,GARC1,RUS,EMB,embA@L233M,S,{},"{""proportion"": 0.0, ""confidence"": [0.0, 0.21294197008340696], ""p_value"": 0.07604122161865237, ""solo_contingency"": [[0, 10], [377, 20711]], ""contingency"": [[0, 16], [5525, 28964]]}",{}
NC00962.3,EMB-0.25-0.9-0.9,0.0,GARC1,RUS,EMB,embB@E951Q,S,{},"{""proportion"": 0.0, ""confidence"": [0.0, 0.172266783508845], ""p_value"": 0.048047408461570754, ""solo_contingency"": [[0, 13], [377, 20711]], ""contingency"": [[0, 13], [5525, 28967]]}",{}
NC00962.3,EMB-0.25-0.9-0.9,0.0,GARC1,RUS,EMB,embA@V558L,S,{},"{""proportion"": 0.0, ""confidence"": [-1.1138242448922617e-17, 0.19740504731951777], ""p_value"": 0.07656264305114746, ""solo_contingency"": [[0, 11], [377, 20711]], ""contingency"": [[0, 11], [5525, 28969]]}",{}
NC00962.3,EMB-0.25-0.9-0.9,0.0,GARC1,RUS,EMB,embA@A852T,S,{},"{""proportion"": 0.0, ""confidence"": [0.0, 0.10525136178999416], ""p_value"": 0.002580968695056641, ""solo_contingency"": [[0, 23], [377, 20711]], ""contingency"": [[0, 23], [5525, 28957]]}",{}
NC00962.3,EMB-0.25-0.9-0.9,0.0,GARC1,RUS,EMB,embA@G596S,S,{},"{""proportion"": 0.0, ""confidence"": [0.0, 0.21294197008340696], ""p_value"": 0.07604122161865237, ""solo_contingency"": [[0, 10], [377, 20711]], ""contingency"": [[2, 11], [5523, 28969]]}",{}
NC00962.3,EMB-0.25-0.9-0.9,0.0,GARC1,RUS,EMB,embA@P913S,S,{},"{""proportion"": 0.0026086956521739132, ""confidence"": [0.0010430277269538144, 0.0065092422378536345], ""p_value"": 3.0401380555684605e-137, ""solo_contingency"": [[3, 1147], [396, 21645]], ""contingency"": [[195, 3000], [5330, 25980]]}",{}
NC00962.3,EMB-0.25-0.9-0.9,0.0,GARC1,RUS,EMB,embA@L505F,S,{},"{""proportion"": 0.0, ""confidence"": [0.0, 0.21294197008340696], ""p_value"": 0.07604122161865237, ""solo_contingency"": [[0, 10], [377, 20711]], ""contingency"": [[0, 10], [5525, 28970]]}",{}
NC00962.3,EMB-0.25-0.9-0.9,0.0,GARC1,RUS,EMB,embB@R213Q,S,{},"{""proportion"": 0.0, ""confidence"": [1.695840673987853e-18, 0.022414409286217546], ""p_value"": 2.4618499710597435e-15, ""solo_contingency"": [[0, 118], [377, 20711]], ""contingency"": [[0, 121], [5525, 28859]]}",{}
NC00962.3,EMB-0.25-0.9-0.9,0.0,GARC1,RUS,EMB,embA@V911I,S,{},"{""proportion"": 0.0, ""confidence"": [0.0, 0.21294197008340696], ""p_value"": 0.07604122161865237, ""solo_contingency"": [[0, 10], [377, 20711]], ""contingency"": [[0, 10], [5525, 28970]]}",{}
NC00962.3,EMB-0.25-0.9-0.9,0.0,GARC1,RUS,EMB,embA@G451R,S,{},"{""proportion"": 0.0, ""confidence"": [0.0, 0.16195483023523788], ""p_value"": 0.02812748029828072, ""solo_contingency"": [[0, 14], [377, 20711]], ""contingency"": [[0, 15], [5525, 28965]]}",{}
NC00962.3,EMB-0.25-0.9-0.9,0.0,GARC1,RUS,EMB,embA@T308A,S,{},"{""proportion"": 0.0, ""confidence"": [0.0, 0.06646621625741261], ""p_value"": 3.423563710801432e-05, ""solo_contingency"": [[0, 38], [396, 21645]], ""contingency"": [[0, 52], [5525, 28928]]}",{}
NC00962.3,EMB-0.25-0.9-0.9,0.0,GARC1,RUS,EMB,embB@N13S,S,{},"{""proportion"": 0.014778325123152709, ""confidence"": [0.00592117977314956, 0.03639923273453822], ""p_value"": 3.248575657550158e-21, ""solo_contingency"": [[3, 200], [396, 21645]], ""contingency"": [[5, 224], [5520, 28756]]}",{}
NC00962.3,EMB-0.25-0.9-0.9,0.0,GARC1,RUS,EMB,embA@P383S,S,{},"{""proportion"": 0.0, ""confidence"": [0.0, 0.048568657378326024], ""p_value"": 4.6959295955903973e-07, ""solo_contingency"": [[0, 53], [396, 21645]], ""contingency"": [[1, 60], [5524, 28920]]}",{}
NC00962.3,EMB-0.25-0.9-0.9,0.0,GARC1,RUS,EMB,embB@S1054P,S,{},"{""proportion"": 0.0, ""confidence"": [0.0, 0.08811254092083347], ""p_value"": 0.0006076026348967452, ""solo_contingency"": [[0, 28], [411, 24399]], ""contingency"": [[1, 38], [5524, 28942]]}",{}
NC00962.3,EMB-0.25-0.9-0.9,0.0,GARC1,RUS,EMB,embB@V668I,S,{},"{""proportion"": 0.0, ""confidence"": [-6.179004569140675e-18, 0.10951159439671897], ""p_value"": 0.0024842959446118593, ""solo_contingency"": [[0, 22], [411, 24399]], ""contingency"": [[1, 28], [5524, 28952]]}",{}
NC00962.3,EMB-0.25-0.9-0.9,0.0,GARC1,RUS,EMB,embA@A1015T,S,{},"{""proportion"": 0.0, ""confidence"": [0.0, 0.1141312562327272], ""p_value"": 0.004065488054720845, ""solo_contingency"": [[0, 21], [411, 24399]], ""contingency"": [[0, 22], [5525, 28958]]}",{}
NC00962.3,EMB-0.25-0.9-0.9,0.0,GARC1,RUS,EMB,embA@P901L,S,{},"{""proportion"": 0.04, ""confidence"": [0.00897486843424125, 0.16086635709132566], ""p_value"": 0.010394187011740996, ""solo_contingency"": [[1, 24], [411, 24399]], ""contingency"": [[1, 24], [5524, 28956]]}",{}
NC00962.3,EMB-0.25-0.9-0.9,0.0,GARC1,RUS,EMB,embA@A312V,S,{},"{""proportion"": 0.041666666666666664, ""confidence"": [0.009351070046073289, 0.16684992965212966], ""p_value"": 0.0162301715058355, ""solo_contingency"": [[1, 23], [411, 24399]], ""contingency"": [[2, 28], [5523, 28952]]}",{}
NC00962.3,EMB-0.25-0.9-0.9,0.0,GARC1,RUS,EMB,embB@A1073D,S,{},"{""proportion"": 0.0, ""confidence"": [0.0, 0.15280770461014012], ""p_value"": 0.030663299374282364, ""solo_contingency"": [[0, 15], [411, 24399]], ""contingency"": [[0, 15], [5525, 28965]]}",{}
NC00962.3,EMB-0.25-0.9-0.9,0.0,GARC1,RUS,EMB,embB@T279P,S,{},"{""proportion"": 0.0, ""confidence"": [0.0, 0.21294197008340696], ""p_value"": 0.07604122161865237, ""solo_contingency"": [[0, 10], [411, 24399]], ""contingency"": [[0, 10], [5525, 28970]]}",{}
NC00962.3,EMB-0.25-0.9-0.9,0.0,GARC1,RUS,EMB,embA@*=,S,{},"{""default_rule"": ""True""}",{}
NC00962.3,EMB-0.25-0.9-0.9,0.0,GARC1,RUS,EMB,embB@*=,S,{},"{""default_rule"": ""True""}",{}
NC00962.3,EMB-0.25-0.9-0.9,0.0,GARC1,RUS,EMB,embB@M306V,R,{},"{""proportion"": 0.8020725388601037, ""confidence"": [0.7867361983672901, 0.8165631526120353], ""p_value"": 0.0, ""solo_contingency"": [[1548, 382], [413, 24568]], ""contingency"": [[1949, 419], [3576, 28561]]}",{}
NC00962.3,EMB-0.25-0.9-0.9,0.0,GARC1,RUS,EMB,embB@G406A,R,{},"{""proportion"": 0.4944237918215613, ""confidence"": [0.4445884254046727, 0.5443702098816666], ""p_value"": 6.708284010022239e-18, ""solo_contingency"": [[133, 136], [413, 24568]], ""contingency"": [[205, 157], [5320, 28823]]}",{}
NC00962.3,EMB-0.25-0.9-0.9,0.0,GARC1,RUS,EMB,embB@M306I,R,{},"{""proportion"": 0.524240465416936, ""confidence"": [0.5033310222958212, 0.5450652684168226], ""p_value"": 1.6517792255875935e-117, ""solo_contingency"": [[811, 736], [413, 24568]], ""contingency"": [[1151, 790], [4374, 28190]]}",{}
NC00962.3,EMB-0.25-0.9-0.9,0.0,GARC1,RUS,EMB,embB@Q497R,R,{},"{""proportion"": 0.7452830188679245, ""confidence"": [0.712961447936602, 0.7751130675154881], ""p_value"": 3.859065040415301e-126, ""solo_contingency"": [[395, 135], [413, 24568]], ""contingency"": [[619, 152], [4906, 28828]]}",{}
NC00962.3,EMB-0.25-0.9-0.9,0.0,GARC1,RUS,EMB,embB@D354A,R,{},"{""proportion"": 0.5327102803738317, ""confidence"": [0.48682283581745517, 0.5780509373528149], ""p_value"": 3.1207565154362762e-27, ""solo_contingency"": [[171, 150], [413, 24568]], ""contingency"": [[229, 165], [5296, 28815]]}",{}
NC00962.3,EMB-0.25-0.9-0.9,0.0,GARC1,RUS,EMB,embB@D328Y,R,{},"{""proportion"": 0.8421052631578947, ""confidence"": [0.6638454510369751, 0.9350798892795861], ""p_value"": 1.0099029168486595e-07, ""solo_contingency"": [[16, 3], [413, 24568]], ""contingency"": [[25, 4], [5500, 28976]]}",{}
NC00962.3,EMB-0.25-0.9-0.9,0.0,GARC1,RUS,EMB,embB@G406D,R,{},"{""proportion"": 0.390625, ""confidence"": [0.3346124894944872, 0.4496771652584496], ""p_value"": 1.8032124218741995e-05, ""solo_contingency"": [[75, 117], [413, 24568]], ""contingency"": [[115, 137], [5410, 28843]]}",{}
NC00962.3,EMB-0.25-0.9-0.9,0.0,GARC1,RUS,EMB,embB@Y319S,R,{},"{""proportion"": 0.8435754189944135, ""confidence"": [0.7938395407298363, 0.883079818260847], ""p_value"": 1.7611158352177092e-62, ""solo_contingency"": [[151, 28], [413, 24568]], ""contingency"": [[153, 30], [5372, 28950]]}",{}
NC00962.3,EMB-0.25-0.9-0.9,0.0,GARC1,RUS,EMB,embB@M306L,R,{},"{""proportion"": 0.7538461538461538, ""confidence"": [0.6569957085822702, 0.8304089900060235], ""p_value"": 2.2916313264190016e-17, ""solo_contingency"": [[49, 16], [413, 24568]], ""contingency"": [[72, 22], [5453, 28958]]}",{}
NC00962.3,EMB-0.25-0.9-0.9,0.0,GARC1,RUS,EMB,embB@Q497K,R,{},"{""proportion"": 0.5454545454545454, ""confidence"": [0.4448387494710455, 0.6424904484125111], ""p_value"": 4.143039618574723e-07, ""solo_contingency"": [[36, 30], [413, 24568]], ""contingency"": [[84, 35], [5441, 28945]]}",{}
NC00962.3,EMB-0.25-0.9-0.9,0.0,GARC1,RUS,EMB,embB@G406S,R,{},"{""proportion"": 0.5348837209302325, ""confidence"": [0.44670439908635373, 0.6209351166233376], ""p_value"": 2.304167735505579e-08, ""solo_contingency"": [[46, 40], [413, 24568]], ""contingency"": [[95, 51], [5430, 28929]]}",{}
NC00962.3,EMB-0.25-0.9-0.9,0.0,GARC1,RUS,EMB,embB@G406C,R,{},"{""proportion"": 0.4666666666666667, ""confidence"": [0.3259084134126021, 0.6129398737957379], ""p_value"": 0.01014359502325049, ""solo_contingency"": [[14, 16], [413, 24568]], ""contingency"": [[23, 18], [5502, 28962]]}",{}
NC00962.3,EMB-0.25-0.9-0.9,0.0,GARC1,RUS,EMB,embB@Y319C,R,{},"{""proportion"": 0.3684210526315789, ""confidence"": [0.2524978145882212, 0.5018354002163611], ""p_value"": 0.09449248536714788, ""solo_contingency"": [[14, 24], [413, 24568]], ""contingency"": [[20, 25], [5505, 28955]]}",{}
NC00962.3,EMB-0.25-0.9-0.9,0.0,GARC1,RUS,EMB,embB@S347T,R,{},"{""proportion"": 1.0, ""confidence"": [0.6488834992348989, 1.0], ""p_value"": 0.0009765625, ""solo_contingency"": [[5, 0], [413, 24568]], ""contingency"": [[9, 0], [5516, 28980]]}",{}
NC00962.3,EMB-0.25-0.9-0.9,0.0,GARC1,RUS,EMB,embB@L410P,R,{},"{""proportion"": 1.0, ""confidence"": [0.4250306090063464, 1.0], ""p_value"": 0.0625, ""solo_contingency"": [[2, 0], [413, 24568]], ""contingency"": [[2, 0], [5523, 28980]]}",{}
NC00962.3,EMB-0.25-0.9-0.9,0.0,GARC1,RUS,EMB,embB@E504D,R,{},"{""proportion"": 0.75, ""confidence"": [0.3561680085985064, 0.9420926788001412], ""p_value"": 0.05078125, ""solo_contingency"": [[3, 1], [413, 24568]], ""contingency"": [[9, 8], [5516, 28972]]}",{}
NC00962.3,EMB-0.25-0.9-0.9,0.0,GARC1,RUS,EMB,embB@D328F,R,{},"{""proportion"": 1.0, ""confidence"": [0.4250306090063464, 1.0], ""p_value"": 0.0625, ""solo_contingency"": [[2, 0], [413, 24568]], ""contingency"": [[2, 0], [5523, 28980]]}",{}
NC00962.3,EMB-0.25-0.9-0.9,0.0,GARC1,RUS,EMB,embB@F330V,R,{},"{""proportion"": 1.0, ""confidence"": [0.4250306090063464, 1.0], ""p_value"": 0.0625, ""solo_contingency"": [[2, 0], [413, 24568]], ""contingency"": [[2, 0], [5523, 28980]]}",{}
NC00962.3,EMB-0.25-0.9-0.9,0.0,GARC1,RUS,EMB,embB@Q445R,R,{},"{""proportion"": 0.9565217391304348, ""confidence"": [0.8768185086792523, 0.9855063320154147], ""p_value"": 1.909220095477618e-24, ""solo_contingency"": [[44, 2], [413, 24568]], ""contingency"": [[53, 2], [5472, 28978]]}",{}
NC00962.3,EMB-0.25-0.9-0.9,0.0,GARC1,RUS,EMB,embA@T652K,R,{},"{""proportion"": 0.75, ""confidence"": [0.3561680085985064, 0.9420926788001412], ""p_value"": 0.05078125, ""solo_contingency"": [[3, 1], [413, 24568]], ""contingency"": [[3, 3], [5522, 28977]]}",{}
NC00962.3,EMB-0.25-0.9-0.9,0.0,GARC1,RUS,EMB,embB@D328V,R,{},"{""proportion"": 1.0, ""confidence"": [0.4250306090063464, 1.0], ""p_value"": 0.0625, ""solo_contingency"": [[2, 0], [413, 24568]], ""contingency"": [[2, 0], [5523, 28980]]}",{}
NC00962.3,EMB-0.25-0.9-0.9,0.0,GARC1,RUS,EMB,embB@S297A,U,{},"{""proportion"": 0.3089430894308943, ""confidence"": [0.2451436069663341, 0.3809667561206903], ""p_value"": 0.14441280721377495, ""solo_contingency"": [[38, 85], [413, 24568]], ""contingency"": [[48, 88], [5477, 28892]]}",{}
NC00962.3,EMB-0.25-0.9-0.9,0.0,GARC1,RUS,EMB,embB@Q497P,U,{},"{""proportion"": 0.23076923076923078, ""confidence"": [0.09623174592944168, 0.4580657528830133], ""p_value"": 1.0, ""solo_contingency"": [[3, 10], [413, 24568]], ""contingency"": [[32, 14], [5493, 28966]]}",{}
NC00962.3,EMB-0.25-0.9-0.9,0.0,GARC1,RUS,EMB,embA@c-16g,U,{},"{""proportion"": 0.21428571428571427, ""confidence"": [0.1291638193530094, 0.3339900057504992], ""p_value"": 0.7223463625883919, ""solo_contingency"": [[9, 33], [413, 24568]], ""contingency"": [[100, 38], [5425, 28942]]}",{}
NC00962.3,EMB-0.25-0.9-0.9,0.0,GARC1,RUS,EMB,embA@c-8t,U,{},"{""proportion"": 0.0, ""confidence"": [0.0, 0.40347862520270455], ""p_value"": 0.578125, ""solo_contingency"": [[0, 4], [413, 24568]], ""contingency"": [[40, 7], [5485, 28973]]}",{}
NC00962.3,EMB-0.25-0.9-0.9,0.0,GARC1,RUS,EMB,embB@N296H,U,{},"{""proportion"": 0.24, ""confidence"": [0.1556670215560803, 0.3510262350527801], ""p_value"": 1.0, ""solo_contingency"": [[12, 38], [413, 24568]], ""contingency"": [[24, 42], [5501, 28938]]}",{}
NC00962.3,EMB-0.25-0.9-0.9,0.0,GARC1,RUS,EMB,embA@A320T,U,{},"{""proportion"": 0.0, ""confidence"": [0.0, 0.5749693909936535], ""p_value"": 1.0, ""solo_contingency"": [[0, 2], [413, 24568]], ""contingency"": [[1, 2], [5524, 28978]]}",{}
NC00962.3,EMB-0.25-0.9-0.9,0.0,GARC1,RUS,EMB,embA@T420M,U,{},"{""proportion"": 0.0, ""confidence"": [0.0, 0.7301340512159458], ""p_value"": 1.0, ""solo_contingency"": [[0, 1], [413, 24568]], ""contingency"": [[0, 1], [5525, 28979]]}",{}
NC00962.3,EMB-0.25-0.9-0.9,0.0,GARC1,RUS,EMB,embA@T604R,U,{},"{""proportion"": 0.0, ""confidence"": [0.0, 0.5749693909936535], ""p_value"": 1.0, ""solo_contingency"": [[0, 2], [413, 24568]], ""contingency"": [[0, 2], [5525, 28978]]}",{}
NC00962.3,EMB-0.25-0.9-0.9,0.0,GARC1,RUS,EMB,embA@P934S,U,{},"{""proportion"": 0.0, ""confidence"": [0.0, 0.7301340512159458], ""p_value"": 1.0, ""solo_contingency"": [[0, 1], [413, 24568]], ""contingency"": [[0, 1], [5525, 28979]]}",{}
NC00962.3,EMB-0.25-0.9-0.9,0.0,GARC1,RUS,EMB,embB@H1002R,U,{},"{""proportion"": 0.34285714285714286, ""confidence"": [0.2264853865624216, 0.4817803220755684], ""p_value"": 0.23973324537090887, ""solo_contingency"": [[12, 23], [413, 24568]], ""contingency"": [[15, 24], [5510, 28956]]}",{}
NC00962.3,EMB-0.25-0.9-0.9,0.0,GARC1,RUS,EMB,embB@P832S,U,{},"{""proportion"": 0.0, ""confidence"": [0.0, 0.278762695452542], ""p_value"": 0.20404052734375, ""solo_contingency"": [[0, 7], [413, 24568]], ""contingency"": [[0, 8], [5525, 28972]]}",{}
NC00962.3,EMB-0.25-0.9-0.9,0.0,GARC1,RUS,EMB,embB@T811A,U,{},"{""proportion"": 0.0, ""confidence"": [0.0, 0.25272359742376316], ""p_value"": 0.21392822265625003, ""solo_contingency"": [[0, 8], [413, 24568]], ""contingency"": [[0, 8], [5525, 28972]]}",{}
NC00962.3,EMB-0.25-0.9-0.9,0.0,GARC1,RUS,EMB,embA@c-8a,U,{},"{""proportion"": 0.25925925925925924, ""confidence"": [0.14712637677193507, 0.41524486817468], ""p_value"": 1.0, ""solo_contingency"": [[7, 20], [413, 24568]], ""contingency"": [[18, 26], [5507, 28954]]}",{}
NC00962.3,EMB-0.25-0.9-0.9,0.0,GARC1,RUS,EMB,embA@g-43c,U,{},"{""proportion"": 0.23255813953488372, ""confidence"": [0.14439196952822808, 0.35238679598190825], ""p_value"": 1.0, ""solo_contingency"": [[10, 33], [413, 24568]], ""contingency"": [[74, 40], [5451, 28940]]}",{}
NC00962.3,EMB-0.25-0.9-0.9,0.0,GARC1,RUS,EMB,embB@D1024N,U,{},"{""proportion"": 0.25806451612903225, ""confidence"": [0.17813514085309906, 0.3582260671895604], ""p_value"": 0.8836654480525064, ""solo_contingency"": [[16, 46], [413, 24568]], ""contingency"": [[117, 67], [5408, 28913]]}",{}
NC00962.3,EMB-0.25-0.9-0.9,0.0,GARC1,RUS,EMB,embA@c-12t,U,{},"{""proportion"": 0.3076923076923077, ""confidence"": [0.22938839727881397, 0.39888992517540844], ""p_value"": 0.2404233841369135, ""solo_contingency"": [[24, 54], [413, 24568]], ""contingency"": [[335, 109], [5190, 28871]]}",{}
NC00962.3,EMB-0.25-0.9-0.9,0.0,GARC1,RUS,EMB,embA@D1071E,U,{},"{""proportion"": 0.0, ""confidence"": [0.0, 0.7301340512159458], ""p_value"": 1.0, ""solo_contingency"": [[0, 1], [413, 24568]], ""contingency"": [[0, 1], [5525, 28979]]}",{}
NC00962.3,EMB-0.25-0.9-0.9,0.0,GARC1,RUS,EMB,embA@A813T,U,{},"{""proportion"": 0.0, ""confidence"": [0.0, 0.7301340512159458], ""p_value"": 1.0, ""solo_contingency"": [[0, 1], [413, 24568]], ""contingency"": [[0, 1], [5525, 28979]]}",{}
NC00962.3,EMB-0.25-0.9-0.9,0.0,GARC1,RUS,EMB,embB@V186L,U,{},"{""proportion"": 0.0, ""confidence"": [0.0, 0.40347862520270455], ""p_value"": 0.578125, ""solo_contingency"": [[0, 4], [413, 24568]], ""contingency"": [[0, 4], [5525, 28976]]}",{}
NC00962.3,EMB-0.25-0.9-0.9,0.0,GARC1,RUS,EMB,embA@K488N,U,{},"{""proportion"": 0.0, ""confidence"": [0.0, 0.40347862520270455], ""p_value"": 0.578125, ""solo_contingency"": [[0, 4], [413, 24568]], ""contingency"": [[0, 4], [5525, 28976]]}",{}
NC00962.3,EMB-0.25-0.9-0.9,0.0,GARC1,RUS,EMB,embA@c-16a,U,{},"{""proportion"": 0.36666666666666664, ""confidence"": [0.23865671851348863, 0.516736430319871], ""p_value"": 0.143177448416461, ""solo_contingency"": [[11, 19], [413, 24568]], ""contingency"": [[71, 25], [5454, 28955]]}",{}
NC00962.3,EMB-0.25-0.9-0.9,0.0,GARC1,RUS,EMB,embA@A576T,U,{},"{""proportion"": 0.0, ""confidence"": [0.0, 0.4741955741575127], ""p_value"": 1.0, ""solo_contingency"": [[0, 3], [413, 24568]], ""contingency"": [[39, 5], [5486, 28975]]}",{}
NC00962.3,EMB-0.25-0.9-0.9,0.0,GARC1,RUS,EMB,embB@N644I,U,{},"{""proportion"": 1.0, ""confidence"": [0.26986594878405434, 1.0000000000000002], ""p_value"": 0.25, ""solo_contingency"": [[1, 0], [413, 24568]], ""contingency"": [[1, 0], [5524, 28980]]}",{}
NC00962.3,EMB-0.25-0.9-0.9,0.0,GARC1,RUS,EMB,embA@T899A,U,{},"{""proportion"": 0.0, ""confidence"": [0.0, 0.4741955741575127], ""p_value"": 1.0, ""solo_contingency"": [[0, 3], [413, 24568]], ""contingency"": [[0, 3], [5525, 28977]]}",{}
NC00962.3,EMB-0.25-0.9-0.9,0.0,GARC1,RUS,EMB,embA@T100S,U,{},"{""proportion"": 0.0, ""confidence"": [0.0, 0.5749693909936535], ""p_value"": 1.0, ""solo_contingency"": [[0, 2], [413, 24568]], ""contingency"": [[0, 2], [5525, 28978]]}",{}
NC00962.3,EMB-0.25-0.9-0.9,0.0,GARC1,RUS,EMB,embB@D300G,U,{},"{""proportion"": 0.0, ""confidence"": [0.0, 0.7301340512159458], ""p_value"": 1.0, ""solo_contingency"": [[0, 1], [413, 24568]], ""contingency"": [[0, 1], [5525, 28979]]}",{}
NC00962.3,EMB-0.25-0.9-0.9,0.0,GARC1,RUS,EMB,embA@I196V,U,{},"{""proportion"": 0.0, ""confidence"": [0.0, 0.7301340512159458], ""p_value"": 1.0, ""solo_contingency"": [[0, 1], [413, 24568]], ""contingency"": [[0, 1], [5525, 28979]]}",{}
NC00962.3,EMB-0.25-0.9-0.9,0.0,GARC1,RUS,EMB,embA@V391L,U,{},"{""proportion"": 0.0, ""confidence"": [0.0, 0.5749693909936535], ""p_value"": 1.0, ""solo_contingency"": [[0, 2], [413, 24568]], ""contingency"": [[0, 2], [5525, 28978]]}",{}
NC00962.3,EMB-0.25-0.9-0.9,0.0,GARC1,RUS,EMB,embB@C361Y,U,{},"{""proportion"": 1.0, ""confidence"": [0.26986594878405434, 1.0000000000000002], ""p_value"": 0.25, ""solo_contingency"": [[1, 0], [413, 24568]], ""contingency"": [[1, 0], [5524, 28980]]}",{}
NC00962.3,EMB-0.25-0.9-0.9,0.0,GARC1,RUS,EMB,embA@I905V,U,{},"{""proportion"": 0.2, ""confidence"": [0.045962453880603965, 0.5647074465784567], ""p_value"": 1.0, ""solo_contingency"": [[1, 4], [413, 24568]], ""contingency"": [[6, 4], [5519, 28976]]}",{}
NC00962.3,EMB-0.25-0.9-0.9,0.0,GARC1,RUS,EMB,embA@V63I,U,{},"{""proportion"": 0.0, ""confidence"": [0.0, 0.3511165007651012], ""p_value"": 0.34082031250000006, ""solo_contingency"": [[0, 5], [413, 24568]], ""contingency"": [[0, 5], [5525, 28975]]}",{}
NC00962.3,EMB-0.25-0.9-0.9,0.0,GARC1,RUS,EMB,embA@R940S,U,{},"{""proportion"": 0.0, ""confidence"": [0.0, 0.7301340512159458], ""p_value"": 1.0, ""solo_contingency"": [[0, 1], [413, 24568]], ""contingency"": [[0, 1], [5525, 28979]]}",{}
NC00962.3,EMB-0.25-0.9-0.9,0.0,GARC1,RUS,EMB,embA@g-76a,U,{},"{""proportion"": 0.0, ""confidence"": [0.0, 0.5749693909936535], ""p_value"": 1.0, ""solo_contingency"": [[0, 2], [413, 24568]], ""contingency"": [[0, 2], [5525, 28978]]}",{}
NC00962.3,EMB-0.25-0.9-0.9,0.0,GARC1,RUS,EMB,embA@G547S,U,{},"{""proportion"": 0.0, ""confidence"": [0.0, 0.40347862520270455], ""p_value"": 0.578125, ""solo_contingency"": [[0, 4], [413, 24568]], ""contingency"": [[0, 4], [5525, 28976]]}",{}
NC00962.3,EMB-0.25-0.9-0.9,0.0,GARC1,RUS,EMB,embA@A408S,U,{},"{""proportion"": 0.0, ""confidence"": [0.0, 0.25272359742376316], ""p_value"": 0.21392822265625003, ""solo_contingency"": [[0, 8], [413, 24568]], ""contingency"": [[0, 8], [5525, 28972]]}",{}
NC00962.3,EMB-0.25-0.9-0.9,0.0,GARC1,RUS,EMB,embB@T208I,U,{},"{""proportion"": 0.0, ""confidence"": [0.0, 0.5749693909936535], ""p_value"": 1.0, ""solo_contingency"": [[0, 2], [413, 24568]], ""contingency"": [[0, 2], [5525, 28978]]}",{}
NC00962.3,EMB-0.25-0.9-0.9,0.0,GARC1,RUS,EMB,embB@M423I,U,{},"{""proportion"": 0.0, ""confidence"": [0.0, 0.5749693909936535], ""p_value"": 1.0, ""solo_contingency"": [[0, 2], [413, 24568]], ""contingency"": [[1, 2], [5524, 28978]]}",{}
NC00962.3,EMB-0.25-0.9-0.9,0.0,GARC1,RUS,EMB,embB@D869G,U,{},"{""proportion"": 0.0, ""confidence"": [0.0, 0.3511165007651012], ""p_value"": 0.34082031250000006, ""solo_contingency"": [[0, 5], [413, 24568]], ""contingency"": [[0, 8], [5525, 28972]]}",{}
NC00962.3,EMB-0.25-0.9-0.9,0.0,GARC1,RUS,EMB,embA@V280I,U,{},"{""proportion"": 0.0, ""confidence"": [0.0, 0.7301340512159458], ""p_value"": 1.0, ""solo_contingency"": [[0, 1], [413, 24568]], ""contingency"": [[0, 1], [5525, 28979]]}",{}
NC00962.3,EMB-0.25-0.9-0.9,0.0,GARC1,RUS,EMB,embA@A409P,U,{},"{""proportion"": 0.0, ""confidence"": [0.0, 0.31078398130591417], ""p_value"": 0.347412109375, ""solo_contingency"": [[0, 6], [413, 24568]], ""contingency"": [[0, 6], [5525, 28974]]}",{}
NC00962.3,EMB-0.25-0.9-0.9,0.0,GARC1,RUS,EMB,embB@A761V,U,{},"{""proportion"": 0.0, ""confidence"": [0.0, 0.5749693909936535], ""p_value"": 1.0, ""solo_contingency"": [[0, 2], [413, 24568]], ""contingency"": [[0, 2], [5525, 28978]]}",{}
NC00962.3,EMB-0.25-0.9-0.9,0.0,GARC1,RUS,EMB,embB@I883V,U,{},"{""proportion"": 0.0, ""confidence"": [0.0, 0.7301340512159458], ""p_value"": 1.0, ""solo_contingency"": [[0, 1], [413, 24568]], ""contingency"": [[0, 1], [5525, 28979]]}",{}
NC00962.3,EMB-0.25-0.9-0.9,0.0,GARC1,RUS,EMB,embA@L562M,U,{},"{""proportion"": 0.0, ""confidence"": [0.0, 0.7301340512159458], ""p_value"": 1.0, ""solo_contingency"": [[0, 1], [413, 24568]], ""contingency"": [[0, 1], [5525, 28979]]}",{}
NC00962.3,EMB-0.25-0.9-0.9,0.0,GARC1,RUS,EMB,embB@A379T,U,{},"{""proportion"": 0.0, ""confidence"": [0.0, 0.4741955741575127], ""p_value"": 1.0, ""solo_contingency"": [[0, 3], [413, 24568]], ""contingency"": [[0, 3], [5525, 28977]]}",{}
NC00962.3,EMB-0.25-0.9-0.9,0.0,GARC1,RUS,EMB,embA@T983N,U,{},"{""proportion"": 0.0, ""confidence"": [0.0, 0.7301340512159458], ""p_value"": 1.0, ""solo_contingency"": [[0, 1], [413, 24568]], ""contingency"": [[0, 1], [5525, 28979]]}",{}
NC00962.3,EMB-0.25-0.9-0.9,0.0,GARC1,RUS,EMB,embA@A835E,U,{},"{""proportion"": 0.0, ""confidence"": [0.0, 0.5749693909936535], ""p_value"": 1.0, ""solo_contingency"": [[0, 2], [413, 24568]], ""contingency"": [[0, 3], [5525, 28977]]}",{}
NC00962.3,EMB-0.25-0.9-0.9,0.0,GARC1,RUS,EMB,embB@R257Q,U,{},"{""proportion"": 0.0, ""confidence"": [0.0, 0.7301340512159458], ""p_value"": 1.0, ""solo_contingency"": [[0, 1], [413, 24568]], ""contingency"": [[0, 1], [5525, 28979]]}",{}
NC00962.3,EMB-0.25-0.9-0.9,0.0,GARC1,RUS,EMB,embB@M904I,U,{},"{""proportion"": 0.0, ""confidence"": [0.0, 0.5749693909936535], ""p_value"": 1.0, ""solo_contingency"": [[0, 2], [413, 24568]], ""contingency"": [[0, 2], [5525, 28978]]}",{}
NC00962.3,EMB-0.25-0.9-0.9,0.0,GARC1,RUS,EMB,embA@G154R,U,{},"{""proportion"": 0.0, ""confidence"": [0.0, 0.7301340512159458], ""p_value"": 1.0, ""solo_contingency"": [[0, 1], [413, 24568]], ""contingency"": [[0, 1], [5525, 28979]]}",{}
NC00962.3,EMB-0.25-0.9-0.9,0.0,GARC1,RUS,EMB,embB@A439V,U,{},"{""proportion"": 0.0, ""confidence"": [0.0, 0.5749693909936535], ""p_value"": 1.0, ""solo_contingency"": [[0, 2], [413, 24568]], ""contingency"": [[0, 3], [5525, 28977]]}",{}
NC00962.3,EMB-0.25-0.9-0.9,0.0,GARC1,RUS,EMB,embA@c-11a,U,{},"{""proportion"": 0.1875, ""confidence"": [0.07752937709440158, 0.38786974244785427], ""p_value"": 0.7748009348288178, ""solo_contingency"": [[3, 13], [413, 24568]], ""contingency"": [[88, 21], [5437, 28959]]}",{}
NC00962.3,EMB-0.25-0.9-0.9,0.0,GARC1,RUS,EMB,embB@F330S,U,{},"{""proportion"": 0.6666666666666666, ""confidence"": [0.25353386828122415, 0.9217342736662715], ""p_value"": 0.15625, ""solo_contingency"": [[2, 1], [413, 24568]], ""contingency"": [[5, 2], [5520, 28978]]}",{}
NC00962.3,EMB-0.25-0.9-0.9,0.0,GARC1,RUS,EMB,embB@M1000R,U,{},"{""proportion"": 0.25, ""confidence"": [0.05790732119985871, 0.6438319914014936], ""p_value"": 1.0, ""solo_contingency"": [[1, 3], [413, 24568]], ""contingency"": [[3, 3], [5522, 28977]]}",{}
NC00962.3,EMB-0.25-0.9-0.9,0.0,GARC1,RUS,EMB,embA@A985P,U,{},"{""proportion"": 0.0, ""confidence"": [0.0, 0.4741955741575127], ""p_value"": 1.0, ""solo_contingency"": [[0, 3], [413, 24568]], ""contingency"": [[0, 3], [5525, 28977]]}",{}
NC00962.3,EMB-0.25-0.9-0.9,0.0,GARC1,RUS,EMB,embB@A30T,U,{},"{""proportion"": 0.0, ""confidence"": [0.0, 0.4741955741575127], ""p_value"": 1.0, ""solo_contingency"": [[0, 3], [413, 24568]], ""contingency"": [[0, 3], [5525, 28977]]}",{}
NC00962.3,EMB-0.25-0.9-0.9,0.0,GARC1,RUS,EMB,embB@A679T,U,{},"{""proportion"": 0.0, ""confidence"": [0.0, 0.31078398130591417], ""p_value"": 0.347412109375, ""solo_contingency"": [[0, 6], [413, 24568]], ""contingency"": [[1, 8], [5524, 28972]]}",{}
NC00962.3,EMB-0.25-0.9-0.9,0.0,GARC1,RUS,EMB,embB@A457T,U,{},"{""proportion"": 0.0, ""confidence"": [0.0, 0.7301340512159458], ""p_value"": 1.0, ""solo_contingency"": [[0, 1], [413, 24568]], ""contingency"": [[1, 1], [5524, 28979]]}",{}
NC00962.3,EMB-0.25-0.9-0.9,0.0,GARC1,RUS,EMB,embA@P745L,U,{},"{""proportion"": 0.0, ""confidence"": [0.0, 0.7301340512159458], ""p_value"": 1.0, ""solo_contingency"": [[0, 1], [413, 24568]], ""contingency"": [[0, 1], [5525, 28979]]}",{}
NC00962.3,EMB-0.25-0.9-0.9,0.0,GARC1,RUS,EMB,embB@E405D,U,{},"{""proportion"": 0.5, ""confidence"": [0.26927182113826725, 0.7307281788617328], ""p_value"": 0.1344404220581055, ""solo_contingency"": [[5, 5], [413, 24568]], ""contingency"": [[33, 5], [5492, 28975]]}",{}
NC00962.3,EMB-0.25-0.9-0.9,0.0,GARC1,RUS,EMB,embB@Y319D,U,{},"{""proportion"": 0.4, ""confidence"": [0.1427064720192132, 0.7275168281338072], ""p_value"": 0.6044921875, ""solo_contingency"": [[2, 3], [413, 24568]], ""contingency"": [[2, 4], [5523, 28976]]}",{}
NC00962.3,EMB-0.25-0.9-0.9,0.0,GARC1,RUS,EMB,embA@L653P,U,{},"{""proportion"": 1.0, ""confidence"": [0.26986594878405434, 1.0000000000000002], ""p_value"": 0.25, ""solo_contingency"": [[1, 0], [413, 24568]], ""contingency"": [[2, 0], [5523, 28980]]}",{}
NC00962.3,EMB-0.25-0.9-0.9,0.0,GARC1,RUS,EMB,embB@H687Y,U,{},"{""proportion"": 0.0, ""confidence"": [0.0, 0.5749693909936535], ""p_value"": 1.0, ""solo_contingency"": [[0, 2], [413, 24568]], ""contingency"": [[0, 2], [5525, 28978]]}",{}
NC00962.3,EMB-0.25-0.9-0.9,0.0,GARC1,RUS,EMB,embB@S412L,U,{},"{""proportion"": 0.0, ""confidence"": [0.0, 0.7301340512159458], ""p_value"": 1.0, ""solo_contingency"": [[0, 1], [413, 24568]], ""contingency"": [[0, 1], [5525, 28979]]}",{}
NC00962.3,EMB-0.25-0.9-0.9,0.0,GARC1,RUS,EMB,embA@K1012M,U,{},"{""proportion"": 0.0, ""confidence"": [0.0, 0.7301340512159458], ""p_value"": 1.0, ""solo_contingency"": [[0, 1], [413, 24568]], ""contingency"": [[0, 1], [5525, 28979]]}",{}
NC00962.3,EMB-0.25-0.9-0.9,0.0,GARC1,RUS,EMB,embB@V963M,U,{},"{""proportion"": 0.0, ""confidence"": [0.0, 0.7301340512159458], ""p_value"": 1.0, ""solo_contingency"": [[0, 1], [413, 24568]], ""contingency"": [[0, 1], [5525, 28979]]}",{}
NC00962.3,EMB-0.25-0.9-0.9,0.0,GARC1,RUS,EMB,embA@R11W,U,{},"{""proportion"": 0.0, ""confidence"": [0.0, 0.7301340512159458], ""p_value"": 1.0, ""solo_contingency"": [[0, 1], [413, 24568]], ""contingency"": [[1, 1], [5524, 28979]]}",{}
NC00962.3,EMB-0.25-0.9-0.9,0.0,GARC1,RUS,EMB,embA@g-75c,U,{},"{""proportion"": 0.0, ""confidence"": [0.0, 0.4741955741575127], ""p_value"": 1.0, ""solo_contingency"": [[0, 3], [413, 24568]], ""contingency"": [[0, 3], [5525, 28977]]}",{}
NC00962.3,EMB-0.25-0.9-0.9,0.0,GARC1,RUS,EMB,embB@A720V,U,{},"{""proportion"": 0.0, ""confidence"": [0.0, 0.7301340512159458], ""p_value"": 1.0, ""solo_contingency"": [[0, 1], [413, 24568]], ""contingency"": [[0, 1], [5525, 28979]]}",{}
NC00962.3,EMB-0.25-0.9-0.9,0.0,GARC1,RUS,EMB,embA@G1083D,U,{},"{""proportion"": 0.0, ""confidence"": [0.0, 0.7301340512159458], ""p_value"": 1.0, ""solo_contingency"": [[0, 1], [413, 24568]], ""contingency"": [[0, 1], [5525, 28979]]}",{}
NC00962.3,EMB-0.25-0.9-0.9,0.0,GARC1,RUS,EMB,embA@A974T,U,{},"{""proportion"": 0.0, ""confidence"": [0.0, 0.7301340512159458], ""p_value"": 1.0, ""solo_contingency"": [[0, 1], [413, 24568]], ""contingency"": [[0, 1], [5525, 28979]]}",{}
NC00962.3,EMB-0.25-0.9-0.9,0.0,GARC1,RUS,EMB,embB@Q497E,U,{},"{""proportion"": 0.0, ""confidence"": [0.0, 0.7301340512159458], ""p_value"": 1.0, ""solo_contingency"": [[0, 1], [413, 24568]], ""contingency"": [[0, 1], [5525, 28979]]}",{}
NC00962.3,EMB-0.25-0.9-0.9,0.0,GARC1,RUS,EMB,embA@A483T,U,{},"{""proportion"": 0.0, ""confidence"": [0.0, 0.5749693909936535], ""p_value"": 1.0, ""solo_contingency"": [[0, 2], [413, 24568]], ""contingency"": [[0, 2], [5525, 28978]]}",{}
NC00962.3,EMB-0.25-0.9-0.9,0.0,GARC1,RUS,EMB,embB@K107E,U,{},"{""proportion"": 0.0, ""confidence"": [0.0, 0.7301340512159458], ""p_value"": 1.0, ""solo_contingency"": [[0, 1], [413, 24568]], ""contingency"": [[0, 1], [5525, 28979]]}",{}
NC00962.3,EMB-0.25-0.9-0.9,0.0,GARC1,RUS,EMB,embB@H872Y,U,{},"{""proportion"": 0.0, ""confidence"": [0.0, 0.7301340512159458], ""p_value"": 1.0, ""solo_contingency"": [[0, 1], [413, 24568]], ""contingency"": [[0, 1], [5525, 28979]]}",{}
NC00962.3,EMB-0.25-0.9-0.9,0.0,GARC1,RUS,EMB,embA@S654L,U,{},"{""proportion"": 0.0, ""confidence"": [0.0, 0.7301340512159458], ""p_value"": 1.0, ""solo_contingency"": [[0, 1], [413, 24568]], ""contingency"": [[0, 1], [5525, 28979]]}",{}
NC00962.3,EMB-0.25-0.9-0.9,0.0,GARC1,RUS,EMB,embA@D235N,U,{},"{""proportion"": 0.0, ""confidence"": [0.0, 0.7301340512159458], ""p_value"": 1.0, ""solo_contingency"": [[0, 1], [413, 24568]], ""contingency"": [[0, 1], [5525, 28979]]}",{}
NC00962.3,EMB-0.25-0.9-0.9,0.0,GARC1,RUS,EMB,embB@A225E,U,{},"{""proportion"": 0.0, ""confidence"": [0.0, 0.7301340512159458], ""p_value"": 1.0, ""solo_contingency"": [[0, 1], [413, 24568]], ""contingency"": [[0, 1], [5525, 28979]]}",{}
NC00962.3,EMB-0.25-0.9-0.9,0.0,GARC1,RUS,EMB,embA@Q47H,U,{},"{""proportion"": 0.0, ""confidence"": [0.0, 0.5749693909936535], ""p_value"": 1.0, ""solo_contingency"": [[0, 2], [413, 24568]], ""contingency"": [[0, 2], [5525, 28978]]}",{}
NC00962.3,EMB-0.25-0.9-0.9,0.0,GARC1,RUS,EMB,embA@G275S,U,{},"{""proportion"": 0.0, ""confidence"": [0.0, 0.5749693909936535], ""p_value"": 1.0, ""solo_contingency"": [[0, 2], [413, 24568]], ""contingency"": [[0, 2], [5525, 28978]]}",{}
NC00962.3,EMB-0.25-0.9-0.9,0.0,GARC1,RUS,EMB,embB@A495T,U,{},"{""proportion"": 0.0, ""confidence"": [0.0, 0.7301340512159458], ""p_value"": 1.0, ""solo_contingency"": [[0, 1], [413, 24568]], ""contingency"": [[0, 1], [5525, 28979]]}",{}
NC00962.3,EMB-0.25-0.9-0.9,0.0,GARC1,RUS,EMB,embA@A95T,U,{},"{""proportion"": 0.0, ""confidence"": [0.0, 0.7301340512159458], ""p_value"": 1.0, ""solo_contingency"": [[0, 1], [413, 24568]], ""contingency"": [[0, 1], [5525, 28979]]}",{}
NC00962.3,EMB-0.25-0.9-0.9,0.0,GARC1,RUS,EMB,embB@K765N,U,{},"{""proportion"": 0.0, ""confidence"": [0.0, 0.7301340512159458], ""p_value"": 1.0, ""solo_contingency"": [[0, 1], [413, 24568]], ""contingency"": [[0, 1], [5525, 28979]]}",{}
NC00962.3,EMB-0.25-0.9-0.9,0.0,GARC1,RUS,EMB,embB@V116I,U,{},"{""proportion"": 0.0, ""confidence"": [0.0, 0.7301340512159458], ""p_value"": 1.0, ""solo_contingency"": [[0, 1], [413, 24568]], ""contingency"": [[0, 1], [5525, 28979]]}",{}
NC00962.3,EMB-0.25-0.9-0.9,0.0,GARC1,RUS,EMB,embA@A874T,U,{},"{""proportion"": 0.0, ""confidence"": [0.0, 0.7301340512159458], ""p_value"": 1.0, ""solo_contingency"": [[0, 1], [413, 24568]], ""contingency"": [[0, 1], [5525, 28979]]}",{}
NC00962.3,EMB-0.25-0.9-0.9,0.0,GARC1,RUS,EMB,embA@V607M,U,{},"{""proportion"": 0.0, ""confidence"": [0.0, 0.40347862520270455], ""p_value"": 0.578125, ""solo_contingency"": [[0, 4], [413, 24568]], ""contingency"": [[0, 4], [5525, 28976]]}",{}
NC00962.3,EMB-0.25-0.9-0.9,0.0,GARC1,RUS,EMB,embB@V444M,U,{},"{""proportion"": 0.0, ""confidence"": [0.0, 0.7301340512159458], ""p_value"": 1.0, ""solo_contingency"": [[0, 1], [413, 24568]], ""contingency"": [[1, 1], [5524, 28979]]}",{}
NC00962.3,EMB-0.25-0.9-0.9,0.0,GARC1,RUS,EMB,embA@P714S,U,{},"{""proportion"": 1.0, ""confidence"": [0.26986594878405434, 1.0000000000000002], ""p_value"": 0.25, ""solo_contingency"": [[1, 0], [413, 24568]], ""contingency"": [[1, 0], [5524, 28980]]}",{}
NC00962.3,EMB-0.25-0.9-0.9,0.0,GARC1,RUS,EMB,embB@V123A,U,{},"{""proportion"": 0.0, ""confidence"": [0.0, 0.7301340512159458], ""p_value"": 1.0, ""solo_contingency"": [[0, 1], [413, 24568]], ""contingency"": [[0, 1], [5525, 28979]]}",{}
NC00962.3,EMB-0.25-0.9-0.9,0.0,GARC1,RUS,EMB,embA@R380L,U,{},"{""proportion"": 0.0, ""confidence"": [0.0, 0.7301340512159458], ""p_value"": 1.0, ""solo_contingency"": [[0, 1], [413, 24568]], ""contingency"": [[1, 1], [5524, 28979]]}",{}
NC00962.3,EMB-0.25-0.9-0.9,0.0,GARC1,RUS,EMB,embB@G65S,U,{},"{""proportion"": 0.0, ""confidence"": [0.0, 0.4741955741575127], ""p_value"": 1.0, ""solo_contingency"": [[0, 3], [413, 24568]], ""contingency"": [[0, 3], [5525, 28977]]}",{}
NC00962.3,EMB-0.25-0.9-0.9,0.0,GARC1,RUS,EMB,embB@P866S,U,{},"{""proportion"": 0.0, ""confidence"": [0.0, 0.7301340512159458], ""p_value"": 1.0, ""solo_contingency"": [[0, 1], [413, 24568]], ""contingency"": [[0, 1], [5525, 28979]]}",{}
NC00962.3,EMB-0.25-0.9-0.9,0.0,GARC1,RUS,EMB,embA@S309A,U,{},"{""proportion"": 0.0, ""confidence"": [0.0, 0.7301340512159458], ""p_value"": 1.0, ""solo_contingency"": [[0, 1], [413, 24568]], ""contingency"": [[0, 1], [5525, 28979]]}",{}
NC00962.3,EMB-0.25-0.9-0.9,0.0,GARC1,RUS,EMB,embB@T126N,U,{},"{""proportion"": 0.0, ""confidence"": [0.0, 0.7301340512159458], ""p_value"": 1.0, ""solo_contingency"": [[0, 1], [413, 24568]], ""contingency"": [[0, 1], [5525, 28979]]}",{}
NC00962.3,EMB-0.25-0.9-0.9,0.0,GARC1,RUS,EMB,embB@P824L,U,{},"{""proportion"": 0.0, ""confidence"": [0.0, 0.5749693909936535], ""p_value"": 1.0, ""solo_contingency"": [[0, 2], [413, 24568]], ""contingency"": [[0, 2], [5525, 28978]]}",{}
NC00962.3,EMB-0.25-0.9-0.9,0.0,GARC1,RUS,EMB,embA@V1074A,U,{},"{""proportion"": 0.0, ""confidence"": [0.0, 0.7301340512159458], ""p_value"": 1.0, ""solo_contingency"": [[0, 1], [413, 24568]], ""contingency"": [[0, 1], [5525, 28979]]}",{}
NC00962.3,EMB-0.25-0.9-0.9,0.0,GARC1,RUS,EMB,embB@G374E,U,{},"{""proportion"": 0.0, ""confidence"": [0.0, 0.7301340512159458], ""p_value"": 1.0, ""solo_contingency"": [[0, 1], [413, 24568]], ""contingency"": [[0, 2], [5525, 28978]]}",{}
NC00962.3,EMB-0.25-0.9-0.9,0.0,GARC1,RUS,EMB,embA@K816N,U,{},"{""proportion"": 0.0, ""confidence"": [0.0, 0.5749693909936535], ""p_value"": 1.0, ""solo_contingency"": [[0, 2], [413, 24568]], ""contingency"": [[0, 2], [5525, 28978]]}",{}
NC00962.3,EMB-0.25-0.9-0.9,0.0,GARC1,RUS,EMB,embB@A33P,U,{},"{""proportion"": 0.0, ""confidence"": [0.0, 0.7301340512159458], ""p_value"": 1.0, ""solo_contingency"": [[0, 1], [413, 24568]], ""contingency"": [[0, 1], [5525, 28979]]}",{}
NC00962.3,EMB-0.25-0.9-0.9,0.0,GARC1,RUS,EMB,embA@Y289C,U,{},"{""proportion"": 0.0, ""confidence"": [0.0, 0.7301340512159458], ""p_value"": 1.0, ""solo_contingency"": [[0, 1], [413, 24568]], ""contingency"": [[0, 1], [5525, 28979]]}",{}
NC00962.3,EMB-0.25-0.9-0.9,0.0,GARC1,RUS,EMB,embB@T216A,U,{},"{""proportion"": 0.0, ""confidence"": [0.0, 0.5749693909936535], ""p_value"": 1.0, ""solo_contingency"": [[0, 2], [413, 24568]], ""contingency"": [[0, 2], [5525, 28978]]}",{}
NC00962.3,EMB-0.25-0.9-0.9,0.0,GARC1,RUS,EMB,embA@R325C,U,{},"{""proportion"": 0.0, ""confidence"": [0.0, 0.7301340512159458], ""p_value"": 1.0, ""solo_contingency"": [[0, 1], [413, 24568]], ""contingency"": [[0, 1], [5525, 28979]]}",{}
NC00962.3,EMB-0.25-0.9-0.9,0.0,GARC1,RUS,EMB,embA@P1094T,U,{},"{""proportion"": 0.0, ""confidence"": [0.0, 0.7301340512159458], ""p_value"": 1.0, ""solo_contingency"": [[0, 1], [413, 24568]], ""contingency"": [[0, 1], [5525, 28979]]}",{}
NC00962.3,EMB-0.25-0.9-0.9,0.0,GARC1,RUS,EMB,embB@M586V,U,{},"{""proportion"": 0.0, ""confidence"": [0.0, 0.7301340512159458], ""p_value"": 1.0, ""solo_contingency"": [[0, 1], [413, 24568]], ""contingency"": [[0, 1], [5525, 28979]]}",{}
NC00962.3,EMB-0.25-0.9-0.9,0.0,GARC1,RUS,EMB,embB@P983T,U,{},"{""proportion"": 0.0, ""confidence"": [0.0, 0.7301340512159458], ""p_value"": 1.0, ""solo_contingency"": [[0, 1], [413, 24568]], ""contingency"": [[0, 1], [5525, 28979]]}",{}
NC00962.3,EMB-0.25-0.9-0.9,0.0,GARC1,RUS,EMB,embA@A148E,U,{},"{""proportion"": 0.0, ""confidence"": [0.0, 0.7301340512159458], ""p_value"": 1.0, ""solo_contingency"": [[0, 1], [413, 24568]], ""contingency"": [[0, 1], [5525, 28979]]}",{}
NC00962.3,EMB-0.25-0.9-0.9,0.0,GARC1,RUS,EMB,embA@-41_del_a,U,{},"{""proportion"": 0.0, ""confidence"": [0.0, 0.7301340512159458], ""p_value"": 1.0, ""solo_contingency"": [[0, 1], [413, 24568]], ""contingency"": [[13, 1], [5512, 28979]]}",{}
NC00962.3,EMB-0.25-0.9-0.9,0.0,GARC1,RUS,EMB,embB@D870N,U,{},"{""proportion"": 0.0, ""confidence"": [0.0, 0.4741955741575127], ""p_value"": 1.0, ""solo_contingency"": [[0, 3], [413, 24568]], ""contingency"": [[0, 3], [5525, 28977]]}",{}
NC00962.3,EMB-0.25-0.9-0.9,0.0,GARC1,RUS,EMB,embB@A601P,U,{},"{""proportion"": 0.0, ""confidence"": [0.0, 0.7301340512159458], ""p_value"": 1.0, ""solo_contingency"": [[0, 1], [413, 24568]], ""contingency"": [[0, 2], [5525, 28978]]}",{}
NC00962.3,EMB-0.25-0.9-0.9,0.0,GARC1,RUS,EMB,embB@Q3H,U,{},"{""proportion"": 0.0, ""confidence"": [0.0, 0.7301340512159458], ""p_value"": 1.0, ""solo_contingency"": [[0, 1], [413, 24568]], ""contingency"": [[0, 1], [5525, 28979]]}",{}
NC00962.3,EMB-0.25-0.9-0.9,0.0,GARC1,RUS,EMB,embB@W332R,U,{},"{""proportion"": 0.4, ""confidence"": [0.1427064720192132, 0.7275168281338072], ""p_value"": 0.6044921875, ""solo_contingency"": [[2, 3], [413, 24568]], ""contingency"": [[6, 6], [5519, 28974]]}",{}
NC00962.3,EMB-0.25-0.9-0.9,0.0,GARC1,RUS,EMB,embB@K1011E,U,{},"{""proportion"": 0.0, ""confidence"": [0.0, 0.7301340512159458], ""p_value"": 1.0, ""solo_contingency"": [[0, 1], [413, 24568]], ""contingency"": [[0, 1], [5525, 28979]]}",{}
NC00962.3,EMB-0.25-0.9-0.9,0.0,GARC1,RUS,EMB,embB@T849A,U,{},"{""proportion"": 0.0, ""confidence"": [0.0, 0.40347862520270455], ""p_value"": 0.578125, ""solo_contingency"": [[0, 4], [413, 24568]], ""contingency"": [[0, 4], [5525, 28976]]}",{}
NC00962.3,EMB-0.25-0.9-0.9,0.0,GARC1,RUS,EMB,embA@I155V,U,{},"{""proportion"": 0.0, ""confidence"": [0.0, 0.278762695452542], ""p_value"": 0.20404052734375, ""solo_contingency"": [[0, 7], [413, 24568]], ""contingency"": [[0, 7], [5525, 28973]]}",{}
NC00962.3,EMB-0.25-0.9-0.9,0.0,GARC1,RUS,EMB,embB@A388S,U,{},"{""proportion"": 0.0, ""confidence"": [0.0, 0.7301340512159458], ""p_value"": 1.0, ""solo_contingency"": [[0, 1], [413, 24568]], ""contingency"": [[0, 1], [5525, 28979]]}",{}
NC00962.3,EMB-0.25-0.9-0.9,0.0,GARC1,RUS,EMB,embB@R182L,U,{},"{""proportion"": 0.0, ""confidence"": [0.0, 0.7301340512159458], ""p_value"": 1.0, ""solo_contingency"": [[0, 1], [413, 24568]], ""contingency"": [[0, 1], [5525, 28979]]}",{}
NC00962.3,EMB-0.25-0.9-0.9,0.0,GARC1,RUS,EMB,embB@R14Q,U,{},"{""proportion"": 0.16666666666666666, ""confidence"": [0.038105570079342885, 0.5024170841245998], ""p_value"": 1.0, ""solo_contingency"": [[1, 5], [413, 24568]], ""contingency"": [[6, 9], [5519, 28971]]}",{}
NC00962.3,EMB-0.25-0.9-0.9,0.0,GARC1,RUS,EMB,embB@S22P,U,{},"{""proportion"": 0.0, ""confidence"": [0.0, 0.7301340512159458], ""p_value"": 1.0, ""solo_contingency"": [[0, 1], [413, 24568]], ""contingency"": [[0, 1], [5525, 28979]]}",{}
NC00962.3,EMB-0.25-0.9-0.9,0.0,GARC1,RUS,EMB,embB@S651N,U,{},"{""proportion"": 1.0, ""confidence"": [0.26986594878405434, 1.0000000000000002], ""p_value"": 0.25, ""solo_contingency"": [[1, 0], [413, 24568]], ""contingency"": [[1, 0], [5524, 28980]]}",{}
NC00962.3,EMB-0.25-0.9-0.9,0.0,GARC1,RUS,EMB,embA@E7K,U,{},"{""proportion"": 0.0, ""confidence"": [0.0, 0.31078398130591417], ""p_value"": 0.347412109375, ""solo_contingency"": [[0, 6], [413, 24568]], ""contingency"": [[0, 6], [5525, 28974]]}",{}
NC00962.3,EMB-0.25-0.9-0.9,0.0,GARC1,RUS,EMB,embB@A102S,U,{},"{""proportion"": 0.0, ""confidence"": [0.0, 0.7301340512159458], ""p_value"": 1.0, ""solo_contingency"": [[0, 1], [413, 24568]], ""contingency"": [[0, 1], [5525, 28979]]}",{}
NC00962.3,EMB-0.25-0.9-0.9,0.0,GARC1,RUS,EMB,embB@P404S,U,{},"{""proportion"": 0.3333333333333333, ""confidence"": [0.1172760941022896, 0.6529852329996817], ""p_value"": 0.64404296875, ""solo_contingency"": [[2, 4], [413, 24568]], ""contingency"": [[2, 5], [5523, 28975]]}",{}
NC00962.3,EMB-0.25-0.9-0.9,0.0,GARC1,RUS,EMB,embB@P818L,U,{},"{""proportion"": 0.0, ""confidence"": [0.0, 0.7301340512159458], ""p_value"": 1.0, ""solo_contingency"": [[0, 1], [413, 24568]], ""contingency"": [[0, 1], [5525, 28979]]}",{}
NC00962.3,EMB-0.25-0.9-0.9,0.0,GARC1,RUS,EMB,embB@V618M,U,{},"{""proportion"": 0.07142857142857142, ""confidence"": [0.016099895800737347, 0.2655756729723237], ""p_value"": 0.21263734251260757, ""solo_contingency"": [[1, 13], [413, 24568]], ""contingency"": [[1, 16], [5524, 28964]]}",{}
NC00962.3,EMB-0.25-0.9-0.9,0.0,GARC1,RUS,EMB,embB@F398L,U,{},"{""proportion"": 0.0, ""confidence"": [0.0, 0.7301340512159458], ""p_value"": 1.0, ""solo_contingency"": [[0, 1], [413, 24568]], ""contingency"": [[0, 1], [5525, 28979]]}",{}
NC00962.3,EMB-0.25-0.9-0.9,0.0,GARC1,RUS,EMB,embB@P103T,U,{},"{""proportion"": 0.0, ""confidence"": [-2.1340331742842984e-17, 0.2311335193197566], ""p_value"": 0.12401199340820315, ""solo_contingency"": [[0, 9], [413, 24568]], ""contingency"": [[0, 9], [5525, 28971]]}",{}
NC00962.3,EMB-0.25-0.9-0.9,0.0,GARC1,RUS,EMB,embB@V417A,U,{},"{""proportion"": 0.0, ""confidence"": [0.0, 0.4741955741575127], ""p_value"": 1.0, ""solo_contingency"": [[0, 3], [413, 24568]], ""contingency"": [[0, 3], [5525, 28977]]}",{}
NC00962.3,EMB-0.25-0.9-0.9,0.0,GARC1,RUS,EMB,embB@E138K,U,{},"{""proportion"": 0.0, ""confidence"": [0.0, 0.7301340512159458], ""p_value"": 1.0, ""solo_contingency"": [[0, 1], [413, 24568]], ""contingency"": [[0, 1], [5525, 28979]]}",{}
NC00962.3,EMB-0.25-0.9-0.9,0.0,GARC1,RUS,EMB,embB@D328G,U,{},"{""proportion"": 0.3333333333333333, ""confidence"": [0.0782657263337284, 0.7464661317187757], ""p_value"": 1.0, ""solo_contingency"": [[1, 2], [413, 24568]], ""contingency"": [[34, 11], [5491, 28969]]}",{}
NC00962.3,EMB-0.25-0.9-0.9,0.0,GARC1,RUS,EMB,embA@S77P,U,{},"{""proportion"": 0.0, ""confidence"": [0.0, 0.4741955741575127], ""p_value"": 1.0, ""solo_contingency"": [[0, 3], [413, 24568]], ""contingency"": [[0, 3], [5525, 28977]]}",{}
NC00962.3,EMB-0.25-0.9-0.9,0.0,GARC1,RUS,EMB,embB@M396I,U,{},"{""proportion"": 0.0, ""confidence"": [0.0, 0.7301340512159458], ""p_value"": 1.0, ""solo_contingency"": [[0, 1], [413, 24568]], ""contingency"": [[1, 2], [5524, 28978]]}",{}
NC00962.3,EMB-0.25-0.9-0.9,0.0,GARC1,RUS,EMB,embB@V131M,U,{},"{""proportion"": 0.0, ""confidence"": [0.0, 0.3511165007651012], ""p_value"": 0.34082031250000006, ""solo_contingency"": [[0, 5], [413, 24568]], ""contingency"": [[0, 27], [5525, 28953]]}",{}
NC00962.3,EMB-0.25-0.9-0.9,0.0,GARC1,RUS,EMB,embB@I489T,U,{},"{""proportion"": 0.0, ""confidence"": [0.0, 0.7301340512159458], ""p_value"": 1.0, ""solo_contingency"": [[0, 1], [413, 24568]], ""contingency"": [[2, 2], [5523, 28978]]}",{}
NC00962.3,EMB-0.25-0.9-0.9,0.0,GARC1,RUS,EMB,embB@A1083E,U,{},"{""proportion"": 0.0, ""confidence"": [0.0, 0.7301340512159458], ""p_value"": 1.0, ""solo_contingency"": [[0, 1], [413, 24568]], ""contingency"": [[0, 1], [5525, 28979]]}",{}
NC00962.3,EMB-0.25-0.9-0.9,0.0,GARC1,RUS,EMB,embA@P901Q,U,{},"{""proportion"": 0.0, ""confidence"": [0.0, 0.7301340512159458], ""p_value"": 1.0, ""solo_contingency"": [[0, 1], [413, 24568]], ""contingency"": [[0, 1], [5525, 28979]]}",{}
NC00962.3,EMB-0.25-0.9-0.9,0.0,GARC1,RUS,EMB,embA@R229S,U,{},"{""proportion"": 0.0, ""confidence"": [0.0, 0.7301340512159458], ""p_value"": 1.0, ""solo_contingency"": [[0, 1], [413, 24568]], ""contingency"": [[1, 1], [5524, 28979]]}",{}
NC00962.3,EMB-0.25-0.9-0.9,0.0,GARC1,RUS,EMB,embA@N722D,U,{},"{""proportion"": 0.0, ""confidence"": [0.0, 0.7301340512159458], ""p_value"": 1.0, ""solo_contingency"": [[0, 1], [413, 24568]], ""contingency"": [[0, 1], [5525, 28979]]}",{}
NC00962.3,EMB-0.25-0.9-0.9,0.0,GARC1,RUS,EMB,embB@S347I,U,{},"{""proportion"": 0.25, ""confidence"": [0.05790732119985871, 0.6438319914014936], ""p_value"": 1.0, ""solo_contingency"": [[1, 3], [413, 24568]], ""contingency"": [[4, 3], [5521, 28977]]}",{}
NC00962.3,EMB-0.25-0.9-0.9,0.0,GARC1,RUS,EMB,embB@V77I,U,{},"{""proportion"": 0.0, ""confidence"": [0.0, 0.4741955741575127], ""p_value"": 1.0, ""solo_contingency"": [[0, 3], [413, 24568]], ""contingency"": [[1, 3], [5524, 28977]]}",{}
NC00962.3,EMB-0.25-0.9-0.9,0.0,GARC1,RUS,EMB,embA@A331S,U,{},"{""proportion"": 0.0, ""confidence"": [0.0, 0.7301340512159458], ""p_value"": 1.0, ""solo_contingency"": [[0, 1], [413, 24568]], ""contingency"": [[0, 1], [5525, 28979]]}",{}
NC00962.3,EMB-0.25-0.9-0.9,0.0,GARC1,RUS,EMB,embA@V98L,U,{},"{""proportion"": 0.0, ""confidence"": [0.0, 0.5749693909936535], ""p_value"": 1.0, ""solo_contingency"": [[0, 2], [413, 24568]], ""contingency"": [[0, 2], [5525, 28978]]}",{}
NC00962.3,EMB-0.25-0.9-0.9,0.0,GARC1,RUS,EMB,embB@I32T,U,{},"{""proportion"": 0.0, ""confidence"": [0.0, 0.4741955741575127], ""p_value"": 1.0, ""solo_contingency"": [[0, 3], [413, 24568]], ""contingency"": [[0, 3], [5525, 28977]]}",{}
NC00962.3,EMB-0.25-0.9-0.9,0.0,GARC1,RUS,EMB,embB@T643P,U,{},"{""proportion"": 0.0, ""confidence"": [0.0, 0.7301340512159458], ""p_value"": 1.0, ""solo_contingency"": [[0, 1], [413, 24568]], ""contingency"": [[0, 1], [5525, 28979]]}",{}
NC00962.3,EMB-0.25-0.9-0.9,0.0,GARC1,RUS,EMB,embA@P838L,U,{},"{""proportion"": 0.0, ""confidence"": [0.0, 0.5749693909936535], ""p_value"": 1.0, ""solo_contingency"": [[0, 2], [413, 24568]], ""contingency"": [[0, 2], [5525, 28978]]}",{}
NC00962.3,EMB-0.25-0.9-0.9,0.0,GARC1,RUS,EMB,embA@D678A,U,{},"{""proportion"": 0.0, ""confidence"": [0.0, 0.7301340512159458], ""p_value"": 1.0, ""solo_contingency"": [[0, 1], [413, 24568]], ""contingency"": [[0, 1], [5525, 28979]]}",{}
NC00962.3,EMB-0.25-0.9-0.9,0.0,GARC1,RUS,EMB,embA@F565L,U,{},"{""proportion"": 0.0, ""confidence"": [0.0, 0.7301340512159458], ""p_value"": 1.0, ""solo_contingency"": [[0, 1], [413, 24568]], ""contingency"": [[0, 2], [5525, 28978]]}",{}
NC00962.3,EMB-0.25-0.9-0.9,0.0,GARC1,RUS,EMB,embB@M575R,U,{},"{""proportion"": 0.0, ""confidence"": [0.0, 0.5749693909936535], ""p_value"": 1.0, ""solo_contingency"": [[0, 2], [413, 24568]], ""contingency"": [[0, 2], [5525, 28978]]}",{}
NC00962.3,EMB-0.25-0.9-0.9,0.0,GARC1,RUS,EMB,embA@V531L,U,{},"{""proportion"": 0.0, ""confidence"": [0.0, 0.278762695452542], ""p_value"": 0.20404052734375, ""solo_contingency"": [[0, 7], [413, 24568]], ""contingency"": [[3, 12], [5522, 28968]]}",{}
NC00962.3,EMB-0.25-0.9-0.9,0.0,GARC1,RUS,EMB,embA@P976L,U,{},"{""proportion"": 0.0, ""confidence"": [0.0, 0.7301340512159458], ""p_value"": 1.0, ""solo_contingency"": [[0, 1], [413, 24568]], ""contingency"": [[0, 1], [5525, 28979]]}",{}
NC00962.3,EMB-0.25-0.9-0.9,0.0,GARC1,RUS,EMB,embB@S650P,U,{},"{""proportion"": 0.0, ""confidence"": [0.0, 0.7301340512159458], ""p_value"": 1.0, ""solo_contingency"": [[0, 1], [413, 24568]], ""contingency"": [[0, 1], [5525, 28979]]}",{}
NC00962.3,EMB-0.25-0.9-0.9,0.0,GARC1,RUS,EMB,embA@Q858R,U,{},"{""proportion"": 0.0, ""confidence"": [0.0, 0.5749693909936535], ""p_value"": 1.0, ""solo_contingency"": [[0, 2], [413, 24568]], ""contingency"": [[1, 2], [5524, 28978]]}",{}
NC00962.3,EMB-0.25-0.9-0.9,0.0,GARC1,RUS,EMB,embA@P1094S,U,{},"{""proportion"": 0.0, ""confidence"": [0.0, 0.4741955741575127], ""p_value"": 1.0, ""solo_contingency"": [[0, 3], [413, 24568]], ""contingency"": [[0, 3], [5525, 28977]]}",{}
NC00962.3,EMB-0.25-0.9-0.9,0.0,GARC1,RUS,EMB,embB@R173C,U,{},"{""proportion"": 0.0, ""confidence"": [0.0, 0.7301340512159458], ""p_value"": 1.0, ""solo_contingency"": [[0, 1], [413, 24568]], ""contingency"": [[0, 1], [5525, 28979]]}",{}
NC00962.3,EMB-0.25-0.9-0.9,0.0,GARC1,RUS,EMB,embA@R472L,U,{},"{""proportion"": 0.0, ""confidence"": [0.0, 0.5749693909936535], ""p_value"": 1.0, ""solo_contingency"": [[0, 2], [413, 24568]], ""contingency"": [[0, 2], [5525, 28978]]}",{}
NC00962.3,EMB-0.25-0.9-0.9,0.0,GARC1,RUS,EMB,embB@T157I,U,{},"{""proportion"": 0.0, ""confidence"": [0.0, 0.3511165007651012], ""p_value"": 0.34082031250000006, ""solo_contingency"": [[0, 5], [413, 24568]], ""contingency"": [[0, 5], [5525, 28975]]}",{}
NC00962.3,EMB-0.25-0.9-0.9,0.0,GARC1,RUS,EMB,embA@P548L,U,{},"{""proportion"": 0.0, ""confidence"": [0.0, 0.7301340512159458], ""p_value"": 1.0, ""solo_contingency"": [[0, 1], [413, 24568]], ""contingency"": [[0, 1], [5525, 28979]]}",{}
NC00962.3,EMB-0.25-0.9-0.9,0.0,GARC1,RUS,EMB,embB@F688V,U,{},"{""proportion"": 0.0, ""confidence"": [0.0, 0.7301340512159458], ""p_value"": 1.0, ""solo_contingency"": [[0, 1], [413, 24568]], ""contingency"": [[0, 1], [5525, 28979]]}",{}
NC00962.3,EMB-0.25-0.9-0.9,0.0,GARC1,RUS,EMB,embA@Q1004R,U,{},"{""proportion"": 0.0, ""confidence"": [0.0, 0.7301340512159458], ""p_value"": 1.0, ""solo_contingency"": [[0, 1], [413, 24568]], ""contingency"": [[0, 1], [5525, 28979]]}",{}
NC00962.3,EMB-0.25-0.9-0.9,0.0,GARC1,RUS,EMB,embA@L459R,U,{},"{""proportion"": 0.0, ""confidence"": [0.0, 0.7301340512159458], ""p_value"": 1.0, ""solo_contingency"": [[0, 1], [413, 24568]], ""contingency"": [[1, 2], [5524, 28978]]}",{}
NC00962.3,EMB-0.25-0.9-0.9,0.0,GARC1,RUS,EMB,embB@V135M,U,{},"{""proportion"": 0.0, ""confidence"": [0.0, 0.5749693909936535], ""p_value"": 1.0, ""solo_contingency"": [[0, 2], [413, 24568]], ""contingency"": [[0, 2], [5525, 28978]]}",{}
NC00962.3,EMB-0.25-0.9-0.9,0.0,GARC1,RUS,EMB,embA@L390M,U,{},"{""proportion"": 0.0, ""confidence"": [0.0, 0.7301340512159458], ""p_value"": 1.0, ""solo_contingency"": [[0, 1], [413, 24568]], ""contingency"": [[2, 3], [5523, 28977]]}",{}
NC00962.3,EMB-0.25-0.9-0.9,0.0,GARC1,RUS,EMB,embA@S1017A,U,{},"{""proportion"": 0.0, ""confidence"": [0.0, 0.4741955741575127], ""p_value"": 1.0, ""solo_contingency"": [[0, 3], [413, 24568]], ""contingency"": [[0, 3], [5525, 28977]]}",{}
NC00962.3,EMB-0.25-0.9-0.9,0.0,GARC1,RUS,EMB,embB@D78A,U,{},"{""proportion"": 0.0, ""confidence"": [0.0, 0.7301340512159458], ""p_value"": 1.0, ""solo_contingency"": [[0, 1], [413, 24568]], ""contingency"": [[0, 1], [5525, 28979]]}",{}
NC00962.3,EMB-0.25-0.9-0.9,0.0,GARC1,RUS,EMB,embB@C549F,U,{},"{""proportion"": 0.3333333333333333, ""confidence"": [0.0782657263337284, 0.7464661317187757], ""p_value"": 1.0, ""solo_contingency"": [[1, 2], [413, 24568]], ""contingency"": [[1, 2], [5524, 28978]]}",{}
NC00962.3,EMB-0.25-0.9-0.9,0.0,GARC1,RUS,EMB,embA@V898I,U,{},"{""proportion"": 0.0, ""confidence"": [0.0, 0.7301340512159458], ""p_value"": 1.0, ""solo_contingency"": [[0, 1], [413, 24568]], ""contingency"": [[0, 1], [5525, 28979]]}",{}
NC00962.3,EMB-0.25-0.9-0.9,0.0,GARC1,RUS,EMB,embA@W550S,U,{},"{""proportion"": 0.0, ""confidence"": [0.0, 0.7301340512159458], ""p_value"": 1.0, ""solo_contingency"": [[0, 1], [413, 24568]], ""contingency"": [[0, 1], [5525, 28979]]}",{}
NC00962.3,EMB-0.25-0.9-0.9,0.0,GARC1,RUS,EMB,embA@G146D,U,{},"{""proportion"": 0.0, ""confidence"": [0.0, 0.7301340512159458], ""p_value"": 1.0, ""solo_contingency"": [[0, 1], [413, 24568]], ""contingency"": [[0, 1], [5525, 28979]]}",{}
NC00962.3,EMB-0.25-0.9-0.9,0.0,GARC1,RUS,EMB,embA@A589E,U,{},"{""proportion"": 0.0, ""confidence"": [0.0, 0.7301340512159458], ""p_value"": 1.0, ""solo_contingency"": [[0, 1], [413, 24568]], ""contingency"": [[0, 1], [5525, 28979]]}",{}
NC00962.3,EMB-0.25-0.9-0.9,0.0,GARC1,RUS,EMB,embA@P164S,U,{},"{""proportion"": 0.0, ""confidence"": [0.0, 0.7301340512159458], ""p_value"": 1.0, ""solo_contingency"": [[0, 1], [413, 24568]], ""contingency"": [[0, 1], [5525, 28979]]}",{}
NC00962.3,EMB-0.25-0.9-0.9,0.0,GARC1,RUS,EMB,embA@G909R,U,{},"{""proportion"": 0.0, ""confidence"": [0.0, 0.7301340512159458], ""p_value"": 1.0, ""solo_contingency"": [[0, 1], [413, 24568]], ""contingency"": [[0, 2], [5525, 28978]]}",{}
NC00962.3,EMB-0.25-0.9-0.9,0.0,GARC1,RUS,EMB,embA@D865N,U,{},"{""proportion"": 0.0, ""confidence"": [0.0, 0.25272359742376316], ""p_value"": 0.21392822265625003, ""solo_contingency"": [[0, 8], [413, 24568]], ""contingency"": [[2, 8], [5523, 28972]]}",{}
NC00962.3,EMB-0.25-0.9-0.9,0.0,GARC1,RUS,EMB,embA@V695M,U,{},"{""proportion"": 0.0, ""confidence"": [0.0, 0.278762695452542], ""p_value"": 0.20404052734375, ""solo_contingency"": [[0, 7], [413, 24568]], ""contingency"": [[2, 10], [5523, 28970]]}",{}
NC00962.3,EMB-0.25-0.9-0.9,0.0,GARC1,RUS,EMB,embB@P167R,U,{},"{""proportion"": 0.0, ""confidence"": [0.0, 0.7301340512159458], ""p_value"": 1.0, ""solo_contingency"": [[0, 1], [413, 24568]], ""contingency"": [[0, 1], [5525, 28979]]}",{}
NC00962.3,EMB-0.25-0.9-0.9,0.0,GARC1,RUS,EMB,embB@A338T,U,{},"{""proportion"": 0.0, ""confidence"": [0.0, 0.31078398130591417], ""p_value"": 0.347412109375, ""solo_contingency"": [[0, 6], [413, 24568]], ""contingency"": [[0, 6], [5525, 28974]]}",{}
NC00962.3,EMB-0.25-0.9-0.9,0.0,GARC1,RUS,EMB,embA@E675K,U,{},"{""proportion"": 0.0, ""confidence"": [0.0, 0.7301340512159458], ""p_value"": 1.0, ""solo_contingency"": [[0, 1], [413, 24568]], ""contingency"": [[0, 1], [5525, 28979]]}",{}
NC00962.3,EMB-0.25-0.9-0.9,0.0,GARC1,RUS,EMB,embB@N807T,U,{},"{""proportion"": 0.0, ""confidence"": [0.0, 0.7301340512159458], ""p_value"": 1.0, ""solo_contingency"": [[0, 1], [413, 24568]], ""contingency"": [[0, 1], [5525, 28979]]}",{}
NC00962.3,EMB-0.25-0.9-0.9,0.0,GARC1,RUS,EMB,embA@Q751P,U,{},"{""proportion"": 0.0, ""confidence"": [0.0, 0.7301340512159458], ""p_value"": 1.0, ""solo_contingency"": [[0, 1], [413, 24568]], ""contingency"": [[0, 1], [5525, 28979]]}",{}
NC00962.3,EMB-0.25-0.9-0.9,0.0,GARC1,RUS,EMB,embB@P531H,U,{},"{""proportion"": 0.0, ""confidence"": [0.0, 0.7301340512159458], ""p_value"": 1.0, ""solo_contingency"": [[0, 1], [413, 24568]], ""contingency"": [[0, 1], [5525, 28979]]}",{}
NC00962.3,EMB-0.25-0.9-0.9,0.0,GARC1,RUS,EMB,embA@P327S,U,{},"{""proportion"": 0.0, ""confidence"": [0.0, 0.7301340512159458], ""p_value"": 1.0, ""solo_contingency"": [[0, 1], [413, 24568]], ""contingency"": [[0, 1], [5525, 28979]]}",{}
NC00962.3,EMB-0.25-0.9-0.9,0.0,GARC1,RUS,EMB,embB@R1045Q,U,{},"{""proportion"": 0.0, ""confidence"": [0.0, 0.7301340512159458], ""p_value"": 1.0, ""solo_contingency"": [[0, 1], [413, 24568]], ""contingency"": [[0, 1], [5525, 28979]]}",{}
NC00962.3,EMB-0.25-0.9-0.9,0.0,GARC1,RUS,EMB,embA@V898F,U,{},"{""proportion"": 0.0, ""confidence"": [0.0, 0.7301340512159458], ""p_value"": 1.0, ""solo_contingency"": [[0, 1], [413, 24568]], ""contingency"": [[0, 1], [5525, 28979]]}",{}
NC00962.3,EMB-0.25-0.9-0.9,0.0,GARC1,RUS,EMB,embB@F330I,U,{},"{""proportion"": 0.0, ""confidence"": [0.0, 0.5749693909936535], ""p_value"": 1.0, ""solo_contingency"": [[0, 2], [413, 24568]], ""contingency"": [[0, 2], [5525, 28978]]}",{}
NC00962.3,EMB-0.25-0.9-0.9,0.0,GARC1,RUS,EMB,embA@A438T,U,{},"{""proportion"": 0.0, ""confidence"": [0.0, 0.7301340512159458], ""p_value"": 1.0, ""solo_contingency"": [[0, 1], [413, 24568]], ""contingency"": [[0, 1], [5525, 28979]]}",{}
NC00962.3,EMB-0.25-0.9-0.9,0.0,GARC1,RUS,EMB,embA@g-43t,U,{},"{""proportion"": 0.0, ""confidence"": [0.0, 0.7301340512159458], ""p_value"": 1.0, ""solo_contingency"": [[0, 1], [413, 24568]], ""contingency"": [[4, 1], [5521, 28979]]}",{}
NC00962.3,EMB-0.25-0.9-0.9,0.0,GARC1,RUS,EMB,embA@2602_ins_tgg,U,{},"{""proportion"": 0.0, ""confidence"": [0.0, 0.7301340512159458], ""p_value"": 1.0, ""solo_contingency"": [[0, 1], [413, 24568]], ""contingency"": [[1, 6], [5524, 28974]]}",{}
NC00962.3,EMB-0.25-0.9-0.9,0.0,GARC1,RUS,EMB,embA@-32_del_g,U,{},"{""proportion"": 0.0, ""confidence"": [0.0, 0.7301340512159458], ""p_value"": 1.0, ""solo_contingency"": [[0, 1], [413, 24568]], ""contingency"": [[9, 2], [5516, 28978]]}",{}
NC00962.3,EMB-0.25-0.9-0.9,0.0,GARC1,RUS,EMB,embA@A60D,U,{},"{""proportion"": 0.0, ""confidence"": [0.0, 0.7301340512159458], ""p_value"": 1.0, ""solo_contingency"": [[0, 1], [413, 24568]], ""contingency"": [[0, 1], [5525, 28979]]}",{}
NC00962.3,EMB-0.25-0.9-0.9,0.0,GARC1,RUS,EMB,embA@A430T,U,{},"{""proportion"": 0.0, ""confidence"": [0.0, 0.7301340512159458], ""p_value"": 1.0, ""solo_contingency"": [[0, 1], [413, 24568]], ""contingency"": [[0, 1], [5525, 28979]]}",{}
NC00962.3,EMB-0.25-0.9-0.9,0.0,GARC1,RUS,EMB,embB@V456A,U,{},"{""proportion"": 0.0, ""confidence"": [0.0, 0.5749693909936535], ""p_value"": 1.0, ""solo_contingency"": [[0, 2], [413, 24568]], ""contingency"": [[56, 9], [5469, 28971]]}",{}
NC00962.3,EMB-0.25-0.9-0.9,0.0,GARC1,RUS,EMB,embA@-28_del_t,U,{},"{""proportion"": 0.0, ""confidence"": [0.0, 0.40347862520270455], ""p_value"": 0.578125, ""solo_contingency"": [[0, 4], [413, 24568]], ""contingency"": [[6, 6], [5519, 28974]]}",{}
NC00962.3,EMB-0.25-0.9-0.9,0.0,GARC1,RUS,EMB,embA@G350A,U,{},"{""proportion"": 0.0, ""confidence"": [0.0, 0.7301340512159458], ""p_value"": 1.0, ""solo_contingency"": [[0, 1], [413, 24568]], ""contingency"": [[0, 1], [5525, 28979]]}",{}
NC00962.3,EMB-0.25-0.9-0.9,0.0,GARC1,RUS,EMB,embA@A557T,U,{},"{""proportion"": 0.0, ""confidence"": [0.0, 0.7301340512159458], ""p_value"": 1.0, ""solo_contingency"": [[0, 1], [413, 24568]], ""contingency"": [[0, 2], [5525, 28978]]}",{}
NC00962.3,EMB-0.25-0.9-0.9,0.0,GARC1,RUS,EMB,embA@R836G,U,{},"{""proportion"": 0.0, ""confidence"": [0.0, 0.5749693909936535], ""p_value"": 1.0, ""solo_contingency"": [[0, 2], [413, 24568]], ""contingency"": [[0, 2], [5525, 28978]]}",{}
NC00962.3,EMB-0.25-0.9-0.9,0.0,GARC1,RUS,EMB,embA@L208F,U,{},"{""proportion"": 0.0, ""confidence"": [0.0, 0.5749693909936535], ""p_value"": 1.0, ""solo_contingency"": [[0, 2], [413, 24568]], ""contingency"": [[1, 2], [5524, 28978]]}",{}
NC00962.3,EMB-0.25-0.9-0.9,0.0,GARC1,RUS,EMB,embA@G332E,U,{},"{""proportion"": 0.0, ""confidence"": [0.0, 0.4741955741575127], ""p_value"": 1.0, ""solo_contingency"": [[0, 3], [413, 24568]], ""contingency"": [[0, 3], [5525, 28977]]}",{}
NC00962.3,EMB-0.25-0.9-0.9,0.0,GARC1,RUS,EMB,embB@L953M,U,{},"{""proportion"": 0.0, ""confidence"": [0.0, 0.7301340512159458], ""p_value"": 1.0, ""solo_contingency"": [[0, 1], [413, 24568]], ""contingency"": [[0, 1], [5525, 28979]]}",{}
NC00962.3,EMB-0.25-0.9-0.9,0.0,GARC1,RUS,EMB,embA@E508K,U,{},"{""proportion"": 0.0, ""confidence"": [0.0, 0.7301340512159458], ""p_value"": 1.0, ""solo_contingency"": [[0, 1], [413, 24568]], ""contingency"": [[0, 1], [5525, 28979]]}",{}
NC00962.3,EMB-0.25-0.9-0.9,0.0,GARC1,RUS,EMB,embB@A438T,U,{},"{""proportion"": 0.0, ""confidence"": [0.0, 0.4741955741575127], ""p_value"": 1.0, ""solo_contingency"": [[0, 3], [413, 24568]], ""contingency"": [[0, 3], [5525, 28977]]}",{}
NC00962.3,EMB-0.25-0.9-0.9,0.0,GARC1,RUS,EMB,embA@I655T,U,{},"{""proportion"": 0.0, ""confidence"": [0.0, 0.7301340512159458], ""p_value"": 1.0, ""solo_contingency"": [[0, 1], [413, 24568]], ""contingency"": [[0, 1], [5525, 28979]]}",{}
NC00962.3,EMB-0.25-0.9-0.9,0.0,GARC1,RUS,EMB,embB@D280N,U,{},"{""proportion"": 0.0, ""confidence"": [0.0, 0.7301340512159458], ""p_value"": 1.0, ""solo_contingency"": [[0, 1], [413, 24568]], ""contingency"": [[0, 1], [5525, 28979]]}",{}
NC00962.3,EMB-0.25-0.9-0.9,0.0,GARC1,RUS,EMB,embA@M840V,U,{},"{""proportion"": 0.0, ""confidence"": [0.0, 0.7301340512159458], ""p_value"": 1.0, ""solo_contingency"": [[0, 1], [413, 24568]], ""contingency"": [[0, 1], [5525, 28979]]}",{}
NC00962.3,EMB-0.25-0.9-0.9,0.0,GARC1,RUS,EMB,embA@L215P,U,{},"{""proportion"": 0.0, ""confidence"": [0.0, 0.4741955741575127], ""p_value"": 1.0, ""solo_contingency"": [[0, 3], [413, 24568]], ""contingency"": [[0, 3], [5525, 28977]]}",{}
NC00962.3,EMB-0.25-0.9-0.9,0.0,GARC1,RUS,EMB,embB@D970E,U,{},"{""proportion"": 0.0, ""confidence"": [0.0, 0.7301340512159458], ""p_value"": 1.0, ""solo_contingency"": [[0, 1], [413, 24568]], ""contingency"": [[0, 1], [5525, 28979]]}",{}
NC00962.3,EMB-0.25-0.9-0.9,0.0,GARC1,RUS,EMB,embA@A1072T,U,{},"{""proportion"": 0.0, ""confidence"": [0.0, 0.5749693909936535], ""p_value"": 1.0, ""solo_contingency"": [[0, 2], [413, 24568]], ""contingency"": [[0, 2], [5525, 28978]]}",{}
NC00962.3,EMB-0.25-0.9-0.9,0.0,GARC1,RUS,EMB,embB@G580S,U,{},"{""proportion"": 0.0, ""confidence"": [0.0, 0.7301340512159458], ""p_value"": 1.0, ""solo_contingency"": [[0, 1], [413, 24568]], ""contingency"": [[2, 3], [5523, 28977]]}",{}
NC00962.3,EMB-0.25-0.9-0.9,0.0,GARC1,RUS,EMB,embB@K882E,U,{},"{""proportion"": 0.0, ""confidence"": [0.0, 0.7301340512159458], ""p_value"": 1.0, ""solo_contingency"": [[0, 1], [413, 24568]], ""contingency"": [[0, 1], [5525, 28979]]}",{}
NC00962.3,EMB-0.25-0.9-0.9,0.0,GARC1,RUS,EMB,embA@G771D,U,{},"{""proportion"": 0.0, ""confidence"": [0.0, 0.7301340512159458], ""p_value"": 1.0, ""solo_contingency"": [[0, 1], [413, 24568]], ""contingency"": [[0, 1], [5525, 28979]]}",{}
NC00962.3,EMB-0.25-0.9-0.9,0.0,GARC1,RUS,EMB,embB@T643I,U,{},"{""proportion"": 0.2, ""confidence"": [0.045962453880603965, 0.5647074465784567], ""p_value"": 1.0, ""solo_contingency"": [[1, 4], [413, 24568]], ""contingency"": [[1, 4], [5524, 28976]]}",{}
NC00962.3,EMB-0.25-0.9-0.9,0.0,GARC1,RUS,EMB,embA@-31_del_c,U,{},"{""proportion"": 0.0, ""confidence"": [0.0, 0.7301340512159458], ""p_value"": 1.0, ""solo_contingency"": [[0, 1], [413, 24568]], ""contingency"": [[11, 2], [5514, 28978]]}",{}
NC00962.3,EMB-0.25-0.9-0.9,0.0,GARC1,RUS,EMB,embB@V77L,U,{},"{""proportion"": 0.0, ""confidence"": [0.0, 0.7301340512159458], ""p_value"": 1.0, ""solo_contingency"": [[0, 1], [413, 24568]], ""contingency"": [[0, 1], [5525, 28979]]}",{}
NC00962.3,EMB-0.25-0.9-0.9,0.0,GARC1,RUS,EMB,embA@A984T,U,{},"{""proportion"": 0.0, ""confidence"": [0.0, 0.7301340512159458], ""p_value"": 1.0, ""solo_contingency"": [[0, 1], [413, 24568]], ""contingency"": [[0, 1], [5525, 28979]]}",{}
NC00962.3,EMB-0.25-0.9-0.9,0.0,GARC1,RUS,EMB,embA@V394A,U,{},"{""proportion"": 0.0, ""confidence"": [0.0, 0.7301340512159458], ""p_value"": 1.0, ""solo_contingency"": [[0, 1], [413, 24568]], ""contingency"": [[0, 1], [5525, 28979]]}",{}
NC00962.3,EMB-0.25-0.9-0.9,0.0,GARC1,RUS,EMB,embA@F471L,U,{},"{""proportion"": 0.0, ""confidence"": [0.0, 0.4741955741575127], ""p_value"": 1.0, ""solo_contingency"": [[0, 3], [413, 24568]], ""contingency"": [[0, 3], [5525, 28977]]}",{}
NC00962.3,EMB-0.25-0.9-0.9,0.0,GARC1,RUS,EMB,embA@G180R,U,{},"{""proportion"": 0.0, ""confidence"": [0.0, 0.5749693909936535], ""p_value"": 1.0, ""solo_contingency"": [[0, 2], [413, 24568]], ""contingency"": [[0, 2], [5525, 28978]]}",{}
NC00962.3,EMB-0.25-0.9-0.9,0.0,GARC1,RUS,EMB,embA@N803K,U,{},"{""proportion"": 0.0, ""confidence"": [0.0, 0.7301340512159458], ""p_value"": 1.0, ""solo_contingency"": [[0, 1], [413, 24568]], ""contingency"": [[0, 1], [5525, 28979]]}",{}
NC00962.3,EMB-0.25-0.9-0.9,0.0,GARC1,RUS,EMB,embB@S480L,U,{},"{""proportion"": 0.0, ""confidence"": [0.0, 0.5749693909936535], ""p_value"": 1.0, ""solo_contingency"": [[0, 2], [413, 24568]], ""contingency"": [[0, 2], [5525, 28978]]}",{}
NC00962.3,EMB-0.25-0.9-0.9,0.0,GARC1,RUS,EMB,embA@R358Q,U,{},"{""proportion"": 0.0, ""confidence"": [0.0, 0.7301340512159458], ""p_value"": 1.0, ""solo_contingency"": [[0, 1], [413, 24568]], ""contingency"": [[0, 1], [5525, 28979]]}",{}
NC00962.3,EMB-0.25-0.9-0.9,0.0,GARC1,RUS,EMB,embB@M316V,U,{},"{""proportion"": 0.0, ""confidence"": [0.0, 0.7301340512159458], ""p_value"": 1.0, ""solo_contingency"": [[0, 1], [413, 24568]], ""contingency"": [[0, 1], [5525, 28979]]}",{}
NC00962.3,EMB-0.25-0.9-0.9,0.0,GARC1,RUS,EMB,embA@D737E,U,{},"{""proportion"": 0.0, ""confidence"": [0.0, 0.7301340512159458], ""p_value"": 1.0, ""solo_contingency"": [[0, 1], [413, 24568]], ""contingency"": [[0, 1], [5525, 28979]]}",{}
NC00962.3,EMB-0.25-0.9-0.9,0.0,GARC1,RUS,EMB,embB@G175R,U,{},"{""proportion"": 0.0, ""confidence"": [0.0, 0.4741955741575127], ""p_value"": 1.0, ""solo_contingency"": [[0, 3], [413, 24568]], ""contingency"": [[0, 3], [5525, 28977]]}",{}
NC00962.3,EMB-0.25-0.9-0.9,0.0,GARC1,RUS,EMB,embB@A221S,U,{},"{""proportion"": 1.0, ""confidence"": [0.26986594878405434, 1.0000000000000002], ""p_value"": 0.25, ""solo_contingency"": [[1, 0], [413, 24568]], ""contingency"": [[1, 0], [5524, 28980]]}",{}
NC00962.3,EMB-0.25-0.9-0.9,0.0,GARC1,RUS,EMB,embA@D273G,U,{},"{""proportion"": 0.0, ""confidence"": [0.0, 0.4741955741575127], ""p_value"": 1.0, ""solo_contingency"": [[0, 3], [413, 24568]], ""contingency"": [[0, 3], [5525, 28977]]}",{}
NC00962.3,EMB-0.25-0.9-0.9,0.0,GARC1,RUS,EMB,embB@T275N,U,{},"{""proportion"": 0.0, ""confidence"": [0.0, 0.7301340512159458], ""p_value"": 1.0, ""solo_contingency"": [[0, 1], [413, 24568]], ""contingency"": [[0, 1], [5525, 28979]]}",{}
NC00962.3,EMB-0.25-0.9-0.9,0.0,GARC1,RUS,EMB,embB@R7T,U,{},"{""proportion"": 0.0, ""confidence"": [0.0, 0.31078398130591417], ""p_value"": 0.347412109375, ""solo_contingency"": [[0, 6], [413, 24568]], ""contingency"": [[0, 7], [5525, 28973]]}",{}
NC00962.3,EMB-0.25-0.9-0.9,0.0,GARC1,RUS,EMB,embA@I155M,U,{},"{""proportion"": 0.0, ""confidence"": [0.0, 0.278762695452542], ""p_value"": 0.20404052734375, ""solo_contingency"": [[0, 7], [413, 24568]], ""contingency"": [[1, 10], [5524, 28970]]}",{}
NC00962.3,EMB-0.25-0.9-0.9,0.0,GARC1,RUS,EMB,embA@V283L,U,{},"{""proportion"": 0.0, ""confidence"": [0.0, 0.7301340512159458], ""p_value"": 1.0, ""solo_contingency"": [[0, 1], [413, 24568]], ""contingency"": [[0, 1], [5525, 28979]]}",{}
NC00962.3,EMB-0.25-0.9-0.9,0.0,GARC1,RUS,EMB,embA@P645L,U,{},"{""proportion"": 0.0, ""confidence"": [0.0, 0.5749693909936535], ""p_value"": 1.0, ""solo_contingency"": [[0, 2], [413, 24568]], ""contingency"": [[0, 2], [5525, 28978]]}",{}
NC00962.3,EMB-0.25-0.9-0.9,0.0,GARC1,RUS,EMB,embB@L686V,U,{},"{""proportion"": 0.0, ""confidence"": [0.0, 0.7301340512159458], ""p_value"": 1.0, ""solo_contingency"": [[0, 1], [413, 24568]], ""contingency"": [[0, 1], [5525, 28979]]}",{}
NC00962.3,EMB-0.25-0.9-0.9,0.0,GARC1,RUS,EMB,embB@D1056E,U,{},"{""proportion"": 0.0, ""confidence"": [0.0, 0.40347862520270455], ""p_value"": 0.578125, ""solo_contingency"": [[0, 4], [413, 24568]], ""contingency"": [[0, 4], [5525, 28976]]}",{}
NC00962.3,EMB-0.25-0.9-0.9,0.0,GARC1,RUS,EMB,embB@V783I,U,{},"{""proportion"": 0.0, ""confidence"": [0.0, 0.5749693909936535], ""p_value"": 1.0, ""solo_contingency"": [[0, 2], [413, 24568]], ""contingency"": [[0, 2], [5525, 28978]]}",{}
NC00962.3,EMB-0.25-0.9-0.9,0.0,GARC1,RUS,EMB,embA@A549P,U,{},"{""proportion"": 0.0, ""confidence"": [0.0, 0.5749693909936535], ""p_value"": 1.0, ""solo_contingency"": [[0, 2], [413, 24568]], ""contingency"": [[0, 2], [5525, 28978]]}",{}
NC00962.3,EMB-0.25-0.9-0.9,0.0,GARC1,RUS,EMB,embA@V583A,U,{},"{""proportion"": 0.0, ""confidence"": [0.0, 0.7301340512159458], ""p_value"": 1.0, ""solo_contingency"": [[0, 1], [413, 24568]], ""contingency"": [[0, 1], [5525, 28979]]}",{}
NC00962.3,EMB-0.25-0.9-0.9,0.0,GARC1,RUS,EMB,embB@D243H,U,{},"{""proportion"": 0.0, ""confidence"": [0.0, 0.5749693909936535], ""p_value"": 1.0, ""solo_contingency"": [[0, 2], [413, 24568]], ""contingency"": [[0, 2], [5525, 28978]]}",{}
NC00962.3,EMB-0.25-0.9-0.9,0.0,GARC1,RUS,EMB,embB@I303L,U,{},"{""proportion"": 0.0, ""confidence"": [0.0, 0.5749693909936535], ""p_value"": 1.0, ""solo_contingency"": [[0, 2], [413, 24568]], ""contingency"": [[2, 2], [5523, 28978]]}",{}
NC00962.3,EMB-0.25-0.9-0.9,0.0,GARC1,RUS,EMB,embA@A617T,U,{},"{""proportion"": 0.0, ""confidence"": [0.0, 0.7301340512159458], ""p_value"": 1.0, ""solo_contingency"": [[0, 1], [413, 24568]], ""contingency"": [[0, 1], [5525, 28979]]}",{}
NC00962.3,EMB-0.25-0.9-0.9,0.0,GARC1,RUS,EMB,embB@Q497H,U,{},"{""proportion"": 0.0, ""confidence"": [0.0, 0.4741955741575127], ""p_value"": 1.0, ""solo_contingency"": [[0, 3], [413, 24568]], ""contingency"": [[12, 5], [5513, 28975]]}",{}
NC00962.3,EMB-0.25-0.9-0.9,0.0,GARC1,RUS,EMB,embA@G403R,U,{},"{""proportion"": 0.0, ""confidence"": [0.0, 0.7301340512159458], ""p_value"": 1.0, ""solo_contingency"": [[0, 1], [413, 24568]], ""contingency"": [[0, 1], [5525, 28979]]}",{}
NC00962.3,EMB-0.25-0.9-0.9,0.0,GARC1,RUS,EMB,embA@A320V,U,{},"{""proportion"": 0.0, ""confidence"": [0.0, 0.7301340512159458], ""p_value"": 1.0, ""solo_contingency"": [[0, 1], [413, 24568]], ""contingency"": [[0, 1], [5525, 28979]]}",{}
NC00962.3,EMB-0.25-0.9-0.9,0.0,GARC1,RUS,EMB,embA@A150V,U,{},"{""proportion"": 0.0, ""confidence"": [0.0, 0.7301340512159458], ""p_value"": 1.0, ""solo_contingency"": [[0, 1], [413, 24568]], ""contingency"": [[0, 1], [5525, 28979]]}",{}
NC00962.3,EMB-0.25-0.9-0.9,0.0,GARC1,RUS,EMB,embB@D240G,U,{},"{""proportion"": 0.0, ""confidence"": [0.0, 0.4741955741575127], ""p_value"": 1.0, ""solo_contingency"": [[0, 3], [413, 24568]], ""contingency"": [[0, 3], [5525, 28977]]}",{}
NC00962.3,EMB-0.25-0.9-0.9,0.0,GARC1,RUS,EMB,embA@N54D,U,{},"{""proportion"": 0.0, ""confidence"": [0.0, 0.4741955741575127], ""p_value"": 1.0, ""solo_contingency"": [[0, 3], [413, 24568]], ""contingency"": [[53, 4], [5472, 28976]]}",{}
NC00962.3,EMB-0.25-0.9-0.9,0.0,GARC1,RUS,EMB,embB@P143S,U,{},"{""proportion"": 0.0, ""confidence"": [0.0, 0.5749693909936535], ""p_value"": 1.0, ""solo_contingency"": [[0, 2], [413, 24568]], ""contingency"": [[0, 2], [5525, 28978]]}",{}
NC00962.3,EMB-0.25-0.9-0.9,0.0,GARC1,RUS,EMB,embA@V479M,U,{},"{""proportion"": 0.0, ""confidence"": [0.0, 0.7301340512159458], ""p_value"": 1.0, ""solo_contingency"": [[0, 1], [413, 24568]], ""contingency"": [[0, 1], [5525, 28979]]}",{}
NC00962.3,EMB-0.25-0.9-0.9,0.0,GARC1,RUS,EMB,embB@Y319N,U,{},"{""proportion"": 0.0, ""confidence"": [0.0, 0.5749693909936535], ""p_value"": 1.0, ""solo_contingency"": [[0, 2], [413, 24568]], ""contingency"": [[0, 2], [5525, 28978]]}",{}
NC00962.3,EMB-0.25-0.9-0.9,0.0,GARC1,RUS,EMB,embB@D328H,U,{},"{""proportion"": 0.25, ""confidence"": [0.08651484419906225, 0.5398469545128194], ""p_value"": 1.0, ""solo_contingency"": [[2, 6], [413, 24568]], ""contingency"": [[4, 6], [5521, 28974]]}",{}
NC00962.3,EMB-0.25-0.9-0.9,0.0,GARC1,RUS,EMB,embB@V803M,U,{},"{""proportion"": 0.0, ""confidence"": [0.0, 0.4741955741575127], ""p_value"": 1.0, ""solo_contingency"": [[0, 3], [413, 24568]], ""contingency"": [[0, 3], [5525, 28977]]}",{}
NC00962.3,EMB-0.25-0.9-0.9,0.0,GARC1,RUS,EMB,embB@M389V,U,{},"{""proportion"": 0.0, ""confidence"": [0.0, 0.7301340512159458], ""p_value"": 1.0, ""solo_contingency"": [[0, 1], [413, 24568]], ""contingency"": [[0, 1], [5525, 28979]]}",{}
NC00962.3,EMB-0.25-0.9-0.9,0.0,GARC1,RUS,EMB,embB@E958A,U,{},"{""proportion"": 0.0, ""confidence"": [0.0, 0.40347862520270455], ""p_value"": 0.578125, ""solo_contingency"": [[0, 4], [413, 24568]], ""contingency"": [[0, 4], [5525, 28976]]}",{}
NC00962.3,EMB-0.25-0.9-0.9,0.0,GARC1,RUS,EMB,embB@A505V,U,{},"{""proportion"": 0.0, ""confidence"": [0.0, 0.5749693909936535], ""p_value"": 1.0, ""solo_contingency"": [[0, 2], [413, 24568]], ""contingency"": [[1, 3], [5524, 28977]]}",{}
NC00962.3,EMB-0.25-0.9-0.9,0.0,GARC1,RUS,EMB,embA@T238I,U,{},"{""proportion"": 0.0, ""confidence"": [0.0, 0.7301340512159458], ""p_value"": 1.0, ""solo_contingency"": [[0, 1], [413, 24568]], ""contingency"": [[0, 1], [5525, 28979]]}",{}
NC00962.3,EMB-0.25-0.9-0.9,0.0,GARC1,RUS,EMB,embA@A721V,U,{},"{""proportion"": 0.0, ""confidence"": [0.0, 0.7301340512159458], ""p_value"": 1.0, ""solo_contingency"": [[0, 1], [413, 24568]], ""contingency"": [[0, 1], [5525, 28979]]}",{}
NC00962.3,EMB-0.25-0.9-0.9,0.0,GARC1,RUS,EMB,embA@D1053G,U,{},"{""proportion"": 0.0, ""confidence"": [0.0, 0.4741955741575127], ""p_value"": 1.0, ""solo_contingency"": [[0, 3], [413, 24568]], ""contingency"": [[0, 3], [5525, 28977]]}",{}
NC00962.3,EMB-0.25-0.9-0.9,0.0,GARC1,RUS,EMB,embA@A955T,U,{},"{""proportion"": 0.0, ""confidence"": [0.0, 0.7301340512159458], ""p_value"": 1.0, ""solo_contingency"": [[0, 1], [413, 24568]], ""contingency"": [[0, 1], [5525, 28979]]}",{}
NC00962.3,EMB-0.25-0.9-0.9,0.0,GARC1,RUS,EMB,embA@G844R,U,{},"{""proportion"": 0.0, ""confidence"": [0.0, 0.7301340512159458], ""p_value"": 1.0, ""solo_contingency"": [[0, 1], [413, 24568]], ""contingency"": [[0, 1], [5525, 28979]]}",{}
NC00962.3,EMB-0.25-0.9-0.9,0.0,GARC1,RUS,EMB,embB@V414L,U,{},"{""proportion"": 0.0, ""confidence"": [0.0, 0.7301340512159458], ""p_value"": 1.0, ""solo_contingency"": [[0, 1], [413, 24568]], ""contingency"": [[0, 1], [5525, 28979]]}",{}
NC00962.3,EMB-0.25-0.9-0.9,0.0,GARC1,RUS,EMB,embB@T857A,U,{},"{""proportion"": 0.0, ""confidence"": [0.0, 0.7301340512159458], ""p_value"": 1.0, ""solo_contingency"": [[0, 1], [413, 24568]], ""contingency"": [[0, 1], [5525, 28979]]}",{}
NC00962.3,EMB-0.25-0.9-0.9,0.0,GARC1,RUS,EMB,embB@R24P,U,{},"{""proportion"": 0.0, ""confidence"": [0.0, 0.7301340512159458], ""p_value"": 1.0, ""solo_contingency"": [[0, 1], [413, 24568]], ""contingency"": [[0, 2], [5525, 28978]]}",{}
NC00962.3,EMB-0.25-0.9-0.9,0.0,GARC1,RUS,EMB,embA@G220E,U,{},"{""proportion"": 0.0, ""confidence"": [0.0, 0.40347862520270455], ""p_value"": 0.578125, ""solo_contingency"": [[0, 4], [413, 24568]], ""contingency"": [[0, 4], [5525, 28976]]}",{}
NC00962.3,EMB-0.25-0.9-0.9,0.0,GARC1,RUS,EMB,embB@S73L,U,{},"{""proportion"": 0.0, ""confidence"": [0.0, 0.7301340512159458], ""p_value"": 1.0, ""solo_contingency"": [[0, 1], [413, 24568]], ""contingency"": [[0, 1], [5525, 28979]]}",{}
NC00962.3,EMB-0.25-0.9-0.9,0.0,GARC1,RUS,EMB,embA@G135D,U,{},"{""proportion"": 0.5, ""confidence"": [0.12086631942227369, 0.8791336805777263], ""p_value"": 0.4375, ""solo_contingency"": [[1, 1], [413, 24568]], ""contingency"": [[1, 1], [5524, 28979]]}",{}
NC00962.3,EMB-0.25-0.9-0.9,0.0,GARC1,RUS,EMB,embB@S651C,U,{},"{""proportion"": 0.0, ""confidence"": [0.0, 0.5749693909936535], ""p_value"": 1.0, ""solo_contingency"": [[0, 2], [413, 24568]], ""contingency"": [[0, 2], [5525, 28978]]}",{}
NC00962.3,EMB-0.25-0.9-0.9,0.0,GARC1,RUS,EMB,embB@P1074A,U,{},"{""proportion"": 0.0, ""confidence"": [0.0, 0.7301340512159458], ""p_value"": 1.0, ""solo_contingency"": [[0, 1], [413, 24568]], ""contingency"": [[0, 1], [5525, 28979]]}",{}
NC00962.3,EMB-0.25-0.9-0.9,0.0,GARC1,RUS,EMB,embB@N886T,U,{},"{""proportion"": 0.0, ""confidence"": [0.0, 0.4741955741575127], ""p_value"": 1.0, ""solo_contingency"": [[0, 3], [413, 24568]], ""contingency"": [[0, 3], [5525, 28977]]}",{}
NC00962.3,EMB-0.25-0.9-0.9,0.0,GARC1,RUS,EMB,embA@A371T,U,{},"{""proportion"": 0.0, ""confidence"": [0.0, 0.7301340512159458], ""p_value"": 1.0, ""solo_contingency"": [[0, 1], [413, 24568]], ""contingency"": [[0, 1], [5525, 28979]]}",{}
NC00962.3,EMB-0.25-0.9-0.9,0.0,GARC1,RUS,EMB,embA@G321A,U,{},"{""proportion"": 0.0, ""confidence"": [0.0, 0.5749693909936535], ""p_value"": 1.0, ""solo_contingency"": [[0, 2], [413, 24568]], ""contingency"": [[0, 2], [5525, 28978]]}",{}
NC00962.3,EMB-0.25-0.9-0.9,0.0,GARC1,RUS,EMB,embB@F763V,U,{},"{""proportion"": 0.0, ""confidence"": [0.0, 0.7301340512159458], ""p_value"": 1.0, ""solo_contingency"": [[0, 1], [413, 24568]], ""contingency"": [[0, 1], [5525, 28979]]}",{}
NC00962.3,EMB-0.25-0.9-0.9,0.0,GARC1,RUS,EMB,embA@G352S,U,{},"{""proportion"": 0.0, ""confidence"": [0.0, 0.3511165007651012], ""p_value"": 0.34082031250000006, ""solo_contingency"": [[0, 5], [413, 24568]], ""contingency"": [[0, 6], [5525, 28974]]}",{}
NC00962.3,EMB-0.25-0.9-0.9,0.0,GARC1,RUS,EMB,embA@N376D,U,{},"{""proportion"": 0.0, ""confidence"": [0.0, 0.7301340512159458], ""p_value"": 1.0, ""solo_contingency"": [[0, 1], [413, 24568]], ""contingency"": [[0, 1], [5525, 28979]]}",{}
NC00962.3,EMB-0.25-0.9-0.9,0.0,GARC1,RUS,EMB,embA@V125E,U,{},"{""proportion"": 0.0, ""confidence"": [0.0, 0.5749693909936535], ""p_value"": 1.0, ""solo_contingency"": [[0, 2], [413, 24568]], ""contingency"": [[0, 2], [5525, 28978]]}",{}
NC00962.3,EMB-0.25-0.9-0.9,0.0,GARC1,RUS,EMB,embB@G156D,U,{},"{""proportion"": 0.0, ""confidence"": [0.0, 0.5749693909936535], ""p_value"": 1.0, ""solo_contingency"": [[0, 2], [413, 24568]], ""contingency"": [[0, 2], [5525, 28978]]}",{}
NC00962.3,EMB-0.25-0.9-0.9,0.0,GARC1,RUS,EMB,embB@G603R,U,{},"{""proportion"": 0.2, ""confidence"": [0.045962453880603965, 0.5647074465784567], ""p_value"": 1.0, ""solo_contingency"": [[1, 4], [413, 24568]], ""contingency"": [[3, 11], [5522, 28969]]}",{}
NC00962.3,EMB-0.25-0.9-0.9,0.0,GARC1,RUS,EMB,embA@G149D,U,{},"{""proportion"": 0.0, ""confidence"": [0.0, 0.7301340512159458], ""p_value"": 1.0, ""solo_contingency"": [[0, 1], [413, 24568]], ""contingency"": [[0, 1], [5525, 28979]]}",{}
NC00962.3,EMB-0.25-0.9-0.9,0.0,GARC1,RUS,EMB,embB@D1056A,U,{},"{""proportion"": 1.0, ""confidence"": [0.26986594878405434, 1.0000000000000002], ""p_value"": 0.25, ""solo_contingency"": [[1, 0], [413, 24568]], ""contingency"": [[2, 0], [5523, 28980]]}",{}
NC00962.3,EMB-0.25-0.9-0.9,0.0,GARC1,RUS,EMB,embB@D240N,U,{},"{""proportion"": 0.0, ""confidence"": [0.0, 0.4741955741575127], ""p_value"": 1.0, ""solo_contingency"": [[0, 3], [413, 24568]], ""contingency"": [[0, 3], [5525, 28977]]}",{}
NC00962.3,EMB-0.25-0.9-0.9,0.0,GARC1,RUS,EMB,embA@V541M,U,{},"{""proportion"": 0.0, ""confidence"": [0.0, 0.7301340512159458], ""p_value"": 1.0, ""solo_contingency"": [[0, 1], [413, 24568]], ""contingency"": [[0, 1], [5525, 28979]]}",{}
NC00962.3,EMB-0.25-0.9-0.9,0.0,GARC1,RUS,EMB,embB@G100S,U,{},"{""proportion"": 0.0, ""confidence"": [0.0, 0.25272359742376316], ""p_value"": 0.21392822265625003, ""solo_contingency"": [[0, 8], [413, 24568]], ""contingency"": [[1, 8], [5524, 28972]]}",{}
NC00962.3,EMB-0.25-0.9-0.9,0.0,GARC1,RUS,EMB,embB@E378D,U,{},"{""proportion"": 0.0, ""confidence"": [0.0, 0.7301340512159458], ""p_value"": 1.0, ""solo_contingency"": [[0, 1], [413, 24568]], ""contingency"": [[0, 1], [5525, 28979]]}",{}
NC00962.3,EMB-0.25-0.9-0.9,0.0,GARC1,RUS,EMB,embB@D78G,U,{},"{""proportion"": 0.0, ""confidence"": [0.0, 0.25272359742376316], ""p_value"": 0.21392822265625003, ""solo_contingency"": [[0, 8], [413, 24568]], ""contingency"": [[0, 8], [5525, 28972]]}",{}
NC00962.3,EMB-0.25-0.9-0.9,0.0,GARC1,RUS,EMB,embB@T498N,U,{},"{""proportion"": 0.0, ""confidence"": [0.0, 0.40347862520270455], ""p_value"": 0.578125, ""solo_contingency"": [[0, 4], [413, 24568]], ""contingency"": [[0, 4], [5525, 28976]]}",{}
NC00962.3,EMB-0.25-0.9-0.9,0.0,GARC1,RUS,EMB,embB@S617L,U,{},"{""proportion"": 0.0, ""confidence"": [0.0, 0.7301340512159458], ""p_value"": 1.0, ""solo_contingency"": [[0, 1], [413, 24568]], ""contingency"": [[0, 1], [5525, 28979]]}",{}
NC00962.3,EMB-0.25-0.9-0.9,0.0,GARC1,RUS,EMB,embB@P136S,U,{},"{""proportion"": 0.0, ""confidence"": [0.0, 0.5749693909936535], ""p_value"": 1.0, ""solo_contingency"": [[0, 2], [413, 24568]], ""contingency"": [[0, 2], [5525, 28978]]}",{}
NC00962.3,EMB-0.25-0.9-0.9,0.0,GARC1,RUS,EMB,embA@A316P,U,{},"{""proportion"": 0.0, ""confidence"": [0.0, 0.7301340512159458], ""p_value"": 1.0, ""solo_contingency"": [[0, 1], [413, 24568]], ""contingency"": [[0, 1], [5525, 28979]]}",{}
NC00962.3,EMB-0.25-0.9-0.9,0.0,GARC1,RUS,EMB,embB@A113T,U,{},"{""proportion"": 0.0, ""confidence"": [0.0, 0.7301340512159458], ""p_value"": 1.0, ""solo_contingency"": [[0, 1], [413, 24568]], ""contingency"": [[0, 1], [5525, 28979]]}",{}
NC00962.3,EMB-0.25-0.9-0.9,0.0,GARC1,RUS,EMB,embB@P1091Q,U,{},"{""proportion"": 0.0, ""confidence"": [0.0, 0.5749693909936535], ""p_value"": 1.0, ""solo_contingency"": [[0, 2], [413, 24568]], ""contingency"": [[0, 2], [5525, 28978]]}",{}
NC00962.3,EMB-0.25-0.9-0.9,0.0,GARC1,RUS,EMB,embB@A680T,U,{},"{""proportion"": 0.0, ""confidence"": [0.0, 0.3511165007651012], ""p_value"": 0.34082031250000006, ""solo_contingency"": [[0, 5], [413, 24568]], ""contingency"": [[1, 5], [5524, 28975]]}",{}
NC00962.3,EMB-0.25-0.9-0.9,0.0,GARC1,RUS,EMB,embA@-26_del_a,U,{},"{""proportion"": 1.0, ""confidence"": [0.26986594878405434, 1.0000000000000002], ""p_value"": 0.25, ""solo_contingency"": [[1, 0], [413, 24568]], ""contingency"": [[7, 2], [5518, 28978]]}",{}
NC00962.3,EMB-0.25-0.9-0.9,0.0,GARC1,RUS,EMB,embA@P752L,U,{},"{""proportion"": 0.0, ""confidence"": [0.0, 0.5749693909936535], ""p_value"": 1.0, ""solo_contingency"": [[0, 2], [413, 24568]], ""contingency"": [[0, 2], [5525, 28978]]}",{}
NC00962.3,EMB-0.25-0.9-0.9,0.0,GARC1,RUS,EMB,embA@D4Y,U,{},"{""proportion"": 0.0, ""confidence"": [0.0, 0.7301340512159458], ""p_value"": 1.0, ""solo_contingency"": [[0, 1], [413, 24568]], ""contingency"": [[0, 1], [5525, 28979]]}",{}
NC00962.3,EMB-0.25-0.9-0.9,0.0,GARC1,RUS,EMB,embB@P195H,U,{},"{""proportion"": 0.0, ""confidence"": [0.0, 0.25272359742376316], ""p_value"": 0.21392822265625003, ""solo_contingency"": [[0, 8], [413, 24568]], ""contingency"": [[0, 9], [5525, 28971]]}",{}
NC00962.3,EMB-0.25-0.9-0.9,0.0,GARC1,RUS,EMB,embA@T899S,U,{},"{""proportion"": 0.0, ""confidence"": [0.0, 0.7301340512159458], ""p_value"": 1.0, ""solo_contingency"": [[0, 1], [413, 24568]], ""contingency"": [[0, 1], [5525, 28979]]}",{}
NC00962.3,EMB-0.25-0.9-0.9,0.0,GARC1,RUS,EMB,embB@P708L,U,{},"{""proportion"": 0.0, ""confidence"": [0.0, 0.7301340512159458], ""p_value"": 1.0, ""solo_contingency"": [[0, 1], [413, 24568]], ""contingency"": [[0, 1], [5525, 28979]]}",{}
NC00962.3,EMB-0.25-0.9-0.9,0.0,GARC1,RUS,EMB,embB@S823R,U,{},"{""proportion"": 0.0, ""confidence"": [0.0, 0.40347862520270455], ""p_value"": 0.578125, ""solo_contingency"": [[0, 4], [413, 24568]], ""contingency"": [[0, 4], [5525, 28976]]}",{}
NC00962.3,EMB-0.25-0.9-0.9,0.0,GARC1,RUS,EMB,embB@910_ins_tgg,U,{},"{""proportion"": 0.3333333333333333, ""confidence"": [0.0782657263337284, 0.7464661317187757], ""p_value"": 1.0, ""solo_contingency"": [[1, 2], [413, 24568]], ""contingency"": [[1, 2], [5524, 28978]]}",{}
NC00962.3,EMB-0.25-0.9-0.9,0.0,GARC1,RUS,EMB,embB@A451T,U,{},"{""proportion"": 0.0, ""confidence"": [0.0, 0.7301340512159458], ""p_value"": 1.0, ""solo_contingency"": [[0, 1], [413, 24568]], ""contingency"": [[0, 1], [5525, 28979]]}",{}
NC00962.3,EMB-0.25-0.9-0.9,0.0,GARC1,RUS,EMB,embB@Y334H,U,{},"{""proportion"": 0.0, ""confidence"": [0.0, 0.7301340512159458], ""p_value"": 1.0, ""solo_contingency"": [[0, 1], [413, 24568]], ""contingency"": [[66, 16], [5459, 28964]]}",{}
NC00962.3,EMB-0.25-0.9-0.9,0.0,GARC1,RUS,EMB,embA@-41_del_at,U,{},"{""proportion"": 1.0, ""confidence"": [0.26986594878405434, 1.0000000000000002], ""p_value"": 0.25, ""solo_contingency"": [[1, 0], [413, 24568]], ""contingency"": [[2, 0], [5523, 28980]]}",{}
NC00962.3,EMB-0.25-0.9-0.9,0.0,GARC1,RUS,EMB,embB@T546I,U,{},"{""proportion"": 1.0, ""confidence"": [0.26986594878405434, 1.0000000000000002], ""p_value"": 0.25, ""solo_contingency"": [[1, 0], [413, 24568]], ""contingency"": [[1, 0], [5524, 28980]]}",{}
NC00962.3,EMB-0.25-0.9-0.9,0.0,GARC1,RUS,EMB,embA@A571T,U,{},"{""proportion"": 0.0, ""confidence"": [0.0, 0.7301340512159458], ""p_value"": 1.0, ""solo_contingency"": [[0, 1], [413, 24568]], ""contingency"": [[0, 1], [5525, 28979]]}",{}
NC00962.3,EMB-0.25-0.9-0.9,0.0,GARC1,RUS,EMB,embB@G34E,U,{},"{""proportion"": 0.0, ""confidence"": [0.0, 0.7301340512159458], ""p_value"": 1.0, ""solo_contingency"": [[0, 1], [413, 24568]], ""contingency"": [[0, 1], [5525, 28979]]}",{}
NC00962.3,EMB-0.25-0.9-0.9,0.0,GARC1,RUS,EMB,embB@A228T,U,{},"{""proportion"": 0.0, ""confidence"": [0.0, 0.3511165007651012], ""p_value"": 0.34082031250000006, ""solo_contingency"": [[0, 5], [413, 24568]], ""contingency"": [[0, 5], [5525, 28975]]}",{}
NC00962.3,EMB-0.25-0.9-0.9,0.0,GARC1,RUS,EMB,embA@K677E,U,{},"{""proportion"": 0.0, ""confidence"": [0.0, 0.7301340512159458], ""p_value"": 1.0, ""solo_contingency"": [[0, 1], [413, 24568]], ""contingency"": [[0, 1], [5525, 28979]]}",{}
NC00962.3,EMB-0.25-0.9-0.9,0.0,GARC1,RUS,EMB,embA@T853A,U,{},"{""proportion"": 0.0, ""confidence"": [0.0, 0.31078398130591417], ""p_value"": 0.347412109375, ""solo_contingency"": [[0, 6], [413, 24568]], ""contingency"": [[0, 6], [5525, 28974]]}",{}
NC00962.3,EMB-0.25-0.9-0.9,0.0,GARC1,RUS,EMB,embA@A23G,U,{},"{""proportion"": 0.0, ""confidence"": [0.0, 0.7301340512159458], ""p_value"": 1.0, ""solo_contingency"": [[0, 1], [413, 24568]], ""contingency"": [[0, 1], [5525, 28979]]}",{}
NC00962.3,EMB-0.25-0.9-0.9,0.0,GARC1,RUS,EMB,embA@V1078M,U,{},"{""proportion"": 0.0, ""confidence"": [0.0, 0.7301340512159458], ""p_value"": 1.0, ""solo_contingency"": [[0, 1], [413, 24568]], ""contingency"": [[0, 2], [5525, 28978]]}",{}
NC00962.3,EMB-0.25-0.9-0.9,0.0,GARC1,RUS,EMB,embA@T300M,U,{},"{""proportion"": 0.0, ""confidence"": [0.0, 0.31078398130591417], ""p_value"": 0.347412109375, ""solo_contingency"": [[0, 6], [413, 24568]], ""contingency"": [[0, 6], [5525, 28974]]}",{}
NC00962.3,EMB-0.25-0.9-0.9,0.0,GARC1,RUS,EMB,embA@t-82c,U,{},"{""proportion"": 0.0, ""confidence"": [0.0, 0.5749693909936535], ""p_value"": 1.0, ""solo_contingency"": [[0, 2], [413, 24568]], ""contingency"": [[0, 2], [5525, 28978]]}",{}
NC00962.3,EMB-0.25-0.9-0.9,0.0,GARC1,RUS,EMB,embA@V489I,U,{},"{""proportion"": 0.0, ""confidence"": [0.0, 0.7301340512159458], ""p_value"": 1.0, ""solo_contingency"": [[0, 1], [413, 24568]], ""contingency"": [[0, 1], [5525, 28979]]}",{}
NC00962.3,EMB-0.25-0.9-0.9,0.0,GARC1,RUS,EMB,embA@L659F,U,{},"{""proportion"": 0.0, ""confidence"": [0.0, 0.3511165007651012], ""p_value"": 0.34082031250000006, ""solo_contingency"": [[0, 5], [413, 24568]], ""contingency"": [[1, 6], [5524, 28974]]}",{}
NC00962.3,EMB-0.25-0.9-0.9,0.0,GARC1,RUS,EMB,embA@S340N,U,{},"{""proportion"": 0.0, ""confidence"": [0.0, 0.7301340512159458], ""p_value"": 1.0, ""solo_contingency"": [[0, 1], [413, 24568]], ""contingency"": [[0, 1], [5525, 28979]]}",{}
NC00962.3,EMB-0.25-0.9-0.9,0.0,GARC1,RUS,EMB,embB@G62R,U,{},"{""proportion"": 0.0, ""confidence"": [0.0, 0.4741955741575127], ""p_value"": 1.0, ""solo_contingency"": [[0, 3], [413, 24568]], ""contingency"": [[0, 3], [5525, 28977]]}",{}
NC00962.3,EMB-0.25-0.9-0.9,0.0,GARC1,RUS,EMB,embA@-40_del_t,U,{},"{""proportion"": 0.0, ""confidence"": [0.0, 0.31078398130591417], ""p_value"": 0.347412109375, ""solo_contingency"": [[0, 6], [413, 24568]], ""contingency"": [[0, 7], [5525, 28973]]}",{}
NC00962.3,EMB-0.25-0.9-0.9,0.0,GARC1,RUS,EMB,embB@P70R,U,{},"{""proportion"": 0.0, ""confidence"": [-2.1340331742842984e-17, 0.2311335193197566], ""p_value"": 0.12401199340820315, ""solo_contingency"": [[0, 9], [413, 24568]], ""contingency"": [[0, 9], [5525, 28971]]}",{}
NC00962.3,EMB-0.25-0.9-0.9,0.0,GARC1,RUS,EMB,embA@V613M,U,{},"{""proportion"": 0.0, ""confidence"": [0.0, 0.7301340512159458], ""p_value"": 1.0, ""solo_contingency"": [[0, 1], [413, 24568]], ""contingency"": [[0, 1], [5525, 28979]]}",{}
NC00962.3,EMB-0.25-0.9-0.9,0.0,GARC1,RUS,EMB,embA@D273N,U,{},"{""proportion"": 0.0, ""confidence"": [0.0, 0.7301340512159458], ""p_value"": 1.0, ""solo_contingency"": [[0, 1], [413, 24568]], ""contingency"": [[0, 1], [5525, 28979]]}",{}
NC00962.3,EMB-0.25-0.9-0.9,0.0,GARC1,RUS,EMB,embB@P655Q,U,{},"{""proportion"": 0.0, ""confidence"": [0.0, 0.40347862520270455], ""p_value"": 0.578125, ""solo_contingency"": [[0, 4], [413, 24568]], ""contingency"": [[0, 4], [5525, 28976]]}",{}
NC00962.3,EMB-0.25-0.9-0.9,0.0,GARC1,RUS,EMB,embB@R620C,U,{},"{""proportion"": 0.0, ""confidence"": [-2.1340331742842984e-17, 0.2311335193197566], ""p_value"": 0.12401199340820315, ""solo_contingency"": [[0, 9], [413, 24568]], ""contingency"": [[0, 9], [5525, 28971]]}",{}
NC00962.3,EMB-0.25-0.9-0.9,0.0,GARC1,RUS,EMB,embA@G1085V,U,{},"{""proportion"": 0.0, ""confidence"": [0.0, 0.7301340512159458], ""p_value"": 1.0, ""solo_contingency"": [[0, 1], [413, 24568]], ""contingency"": [[0, 1], [5525, 28979]]}",{}
NC00962.3,EMB-0.25-0.9-0.9,0.0,GARC1,RUS,EMB,embB@L239R,U,{},"{""proportion"": 0.0, ""confidence"": [0.0, 0.7301340512159458], ""p_value"": 1.0, ""solo_contingency"": [[0, 1], [413, 24568]], ""contingency"": [[0, 1], [5525, 28979]]}",{}
NC00962.3,EMB-0.25-0.9-0.9,0.0,GARC1,RUS,EMB,embA@T434P,U,{},"{""proportion"": 0.0, ""confidence"": [0.0, 0.5749693909936535], ""p_value"": 1.0, ""solo_contingency"": [[0, 2], [413, 24568]], ""contingency"": [[0, 2], [5525, 28978]]}",{}
NC00962.3,EMB-0.25-0.9-0.9,0.0,GARC1,RUS,EMB,embB@P477A,U,{},"{""proportion"": 0.0, ""confidence"": [0.0, 0.7301340512159458], ""p_value"": 1.0, ""solo_contingency"": [[0, 1], [413, 24568]], ""contingency"": [[0, 1], [5525, 28979]]}",{}
NC00962.3,EMB-0.25-0.9-0.9,0.0,GARC1,RUS,EMB,embB@S142C,U,{},"{""proportion"": 0.0, ""confidence"": [0.0, 0.4741955741575127], ""p_value"": 1.0, ""solo_contingency"": [[0, 3], [413, 24568]], ""contingency"": [[0, 3], [5525, 28977]]}",{}
NC00962.3,EMB-0.25-0.9-0.9,0.0,GARC1,RUS,EMB,embA@A315V,U,{},"{""proportion"": 0.0, ""confidence"": [0.0, 0.7301340512159458], ""p_value"": 1.0, ""solo_contingency"": [[0, 1], [413, 24568]], ""contingency"": [[0, 1], [5525, 28979]]}",{}
NC00962.3,EMB-0.25-0.9-0.9,0.0,GARC1,RUS,EMB,embA@A419T,U,{},"{""proportion"": 0.0, ""confidence"": [0.0, 0.7301340512159458], ""p_value"": 1.0, ""solo_contingency"": [[0, 1], [413, 24568]], ""contingency"": [[0, 1], [5525, 28979]]}",{}
NC00962.3,EMB-0.25-0.9-0.9,0.0,GARC1,RUS,EMB,embA@D883E,U,{},"{""proportion"": 0.0, ""confidence"": [0.0, 0.7301340512159458], ""p_value"": 1.0, ""solo_contingency"": [[0, 1], [413, 24568]], ""contingency"": [[0, 1], [5525, 28979]]}",{}
NC00962.3,EMB-0.25-0.9-0.9,0.0,GARC1,RUS,EMB,embB@V39G,U,{},"{""proportion"": 0.0, ""confidence"": [0.0, 0.5749693909936535], ""p_value"": 1.0, ""solo_contingency"": [[0, 2], [413, 24568]], ""contingency"": [[0, 2], [5525, 28978]]}",{}
NC00962.3,EMB-0.25-0.9-0.9,0.0,GARC1,RUS,EMB,embA@T837A,U,{},"{""proportion"": 0.0, ""confidence"": [0.0, 0.40347862520270455], ""p_value"": 0.578125, ""solo_contingency"": [[0, 4], [413, 24568]], ""contingency"": [[0, 4], [5525, 28976]]}",{}
NC00962.3,EMB-0.25-0.9-0.9,0.0,GARC1,RUS,EMB,embA@I413V,U,{},"{""proportion"": 0.0, ""confidence"": [0.0, 0.7301340512159458], ""p_value"": 1.0, ""solo_contingency"": [[0, 1], [413, 24568]], ""contingency"": [[0, 1], [5525, 28979]]}",{}
NC00962.3,EMB-0.25-0.9-0.9,0.0,GARC1,RUS,EMB,embB@A485V,U,{},"{""proportion"": 0.0, ""confidence"": [0.0, 0.5749693909936535], ""p_value"": 1.0, ""solo_contingency"": [[0, 2], [413, 24568]], ""contingency"": [[0, 2], [5525, 28978]]}",{}
NC00962.3,EMB-0.25-0.9-0.9,0.0,GARC1,RUS,EMB,embB@G194R,U,{},"{""proportion"": 0.0, ""confidence"": [0.0, 0.5749693909936535], ""p_value"": 1.0, ""solo_contingency"": [[0, 2], [413, 24568]], ""contingency"": [[0, 2], [5525, 28978]]}",{}
NC00962.3,EMB-0.25-0.9-0.9,0.0,GARC1,RUS,EMB,embB@N129D,U,{},"{""proportion"": 0.0, ""confidence"": [0.0, 0.5749693909936535], ""p_value"": 1.0, ""solo_contingency"": [[0, 2], [413, 24568]], ""contingency"": [[0, 2], [5525, 28978]]}",{}
NC00962.3,EMB-0.25-0.9-0.9,0.0,GARC1,RUS,EMB,embB@G244R,U,{},"{""proportion"": 0.0, ""confidence"": [0.0, 0.7301340512159458], ""p_value"": 1.0, ""solo_contingency"": [[0, 1], [413, 24568]], ""contingency"": [[0, 1], [5525, 28979]]}",{}
NC00962.3,EMB-0.25-0.9-0.9,0.0,GARC1,RUS,EMB,embA@L1008P,U,{},"{""proportion"": 0.0, ""confidence"": [0.0, 0.4741955741575127], ""p_value"": 1.0, ""solo_contingency"": [[0, 3], [413, 24568]], ""contingency"": [[0, 3], [5525, 28977]]}",{}
NC00962.3,EMB-0.25-0.9-0.9,0.0,GARC1,RUS,EMB,embA@G157R,U,{},"{""proportion"": 0.0, ""confidence"": [0.0, 0.7301340512159458], ""p_value"": 1.0, ""solo_contingency"": [[0, 1], [413, 24568]], ""contingency"": [[0, 1], [5525, 28979]]}",{}
NC00962.3,EMB-0.25-0.9-0.9,0.0,GARC1,RUS,EMB,embB@C549Y,U,{},"{""proportion"": 0.0, ""confidence"": [0.0, 0.4741955741575127], ""p_value"": 1.0, ""solo_contingency"": [[0, 3], [413, 24568]], ""contingency"": [[0, 3], [5525, 28977]]}",{}
NC00962.3,EMB-0.25-0.9-0.9,0.0,GARC1,RUS,EMB,embA@N37S,U,{},"{""proportion"": 0.0, ""confidence"": [0.0, 0.7301340512159458], ""p_value"": 1.0, ""solo_contingency"": [[0, 1], [413, 24568]], ""contingency"": [[0, 1], [5525, 28979]]}",{}
NC00962.3,EMB-0.25-0.9-0.9,0.0,GARC1,RUS,EMB,embA@G823E,U,{},"{""proportion"": 0.0, ""confidence"": [0.0, 0.4741955741575127], ""p_value"": 1.0, ""solo_contingency"": [[0, 3], [413, 24568]], ""contingency"": [[0, 3], [5525, 28977]]}",{}
NC00962.3,EMB-0.25-0.9-0.9,0.0,GARC1,RUS,EMB,embA@S1040L,U,{},"{""proportion"": 0.0, ""confidence"": [0.0, 0.7301340512159458], ""p_value"": 1.0, ""solo_contingency"": [[0, 1], [413, 24568]], ""contingency"": [[0, 1], [5525, 28979]]}",{}
NC00962.3,EMB-0.25-0.9-0.9,0.0,GARC1,RUS,EMB,embA@A804T,U,{},"{""proportion"": 0.0, ""confidence"": [0.0, 0.7301340512159458], ""p_value"": 1.0, ""solo_contingency"": [[0, 1], [413, 24568]], ""contingency"": [[0, 1], [5525, 28979]]}",{}
NC00962.3,EMB-0.25-0.9-0.9,0.0,GARC1,RUS,EMB,embA@W393S,U,{},"{""proportion"": 0.0, ""confidence"": [0.0, 0.7301340512159458], ""p_value"": 1.0, ""solo_contingency"": [[0, 1], [413, 24568]], ""contingency"": [[1, 1], [5524, 28979]]}",{}
NC00962.3,EMB-0.25-0.9-0.9,0.0,GARC1,RUS,EMB,embA@V534L,U,{},"{""proportion"": 0.0, ""confidence"": [0.0, 0.5749693909936535], ""p_value"": 1.0, ""solo_contingency"": [[0, 2], [413, 24568]], ""contingency"": [[0, 2], [5525, 28978]]}",{}
NC00962.3,EMB-0.25-0.9-0.9,0.0,GARC1,RUS,EMB,embB@M396L,U,{},"{""proportion"": 0.0, ""confidence"": [0.0, 0.7301340512159458], ""p_value"": 1.0, ""solo_contingency"": [[0, 1], [413, 24568]], ""contingency"": [[0, 1], [5525, 28979]]}",{}
NC00962.3,EMB-0.25-0.9-0.9,0.0,GARC1,RUS,EMB,embA@R194Q,U,{},"{""proportion"": 0.0, ""confidence"": [0.0, 0.3511165007651012], ""p_value"": 0.34082031250000006, ""solo_contingency"": [[0, 5], [413, 24568]], ""contingency"": [[0, 5], [5525, 28975]]}",{}
NC00962.3,EMB-0.25-0.9-0.9,0.0,GARC1,RUS,EMB,embA@V911G,U,{},"{""proportion"": 0.0, ""confidence"": [0.0, 0.7301340512159458], ""p_value"": 1.0, ""solo_contingency"": [[0, 1], [413, 24568]], ""contingency"": [[0, 1], [5525, 28979]]}",{}
NC00962.3,EMB-0.25-0.9-0.9,0.0,GARC1,RUS,EMB,embA@A223V,U,{},"{""proportion"": 0.0, ""confidence"": [0.0, 0.7301340512159458], ""p_value"": 1.0, ""solo_contingency"": [[0, 1], [413, 24568]], ""contingency"": [[0, 1], [5525, 28979]]}",{}
NC00962.3,EMB-0.25-0.9-0.9,0.0,GARC1,RUS,EMB,embB@S22F,U,{},"{""proportion"": 0.0, ""confidence"": [0.0, 0.7301340512159458], ""p_value"": 1.0, ""solo_contingency"": [[0, 1], [413, 24568]], ""contingency"": [[0, 1], [5525, 28979]]}",{}
NC00962.3,EMB-0.25-0.9-0.9,0.0,GARC1,RUS,EMB,embB@G305C,U,{},"{""proportion"": 0.0, ""confidence"": [0.0, 0.4741955741575127], ""p_value"": 1.0, ""solo_contingency"": [[0, 3], [413, 24568]], ""contingency"": [[0, 3], [5525, 28977]]}",{}
NC00962.3,EMB-0.25-0.9-0.9,0.0,GARC1,RUS,EMB,embA@R866Q,U,{},"{""proportion"": 0.0, ""confidence"": [0.0, 0.5749693909936535], ""p_value"": 1.0, ""solo_contingency"": [[0, 2], [413, 24568]], ""contingency"": [[0, 2], [5525, 28978]]}",{}
NC00962.3,EMB-0.25-0.9-0.9,0.0,GARC1,RUS,EMB,embA@R229T,U,{},"{""proportion"": 0.0, ""confidence"": [0.0, 0.7301340512159458], ""p_value"": 1.0, ""solo_contingency"": [[0, 1], [413, 24568]], ""contingency"": [[0, 1], [5525, 28979]]}",{}
NC00962.3,EMB-0.25-0.9-0.9,0.0,GARC1,RUS,EMB,embB@V377M,U,{},"{""proportion"": 0.0, ""confidence"": [0.0, 0.7301340512159458], ""p_value"": 1.0, ""solo_contingency"": [[0, 1], [413, 24568]], ""contingency"": [[0, 1], [5525, 28979]]}",{}
NC00962.3,EMB-0.25-0.9-0.9,0.0,GARC1,RUS,EMB,embA@L261S,U,{},"{""proportion"": 0.0, ""confidence"": [0.0, 0.7301340512159458], ""p_value"": 1.0, ""solo_contingency"": [[0, 1], [413, 24568]], ""contingency"": [[0, 1], [5525, 28979]]}",{}
NC00962.3,EMB-0.25-0.9-0.9,0.0,GARC1,RUS,EMB,embA@R445P,U,{},"{""proportion"": 0.0, ""confidence"": [0.0, 0.7301340512159458], ""p_value"": 1.0, ""solo_contingency"": [[0, 1], [413, 24568]], ""contingency"": [[0, 1], [5525, 28979]]}",{}
NC00962.3,EMB-0.25-0.9-0.9,0.0,GARC1,RUS,EMB,embB@A155V,U,{},"{""proportion"": 0.0, ""confidence"": [0.0, 0.7301340512159458], ""p_value"": 1.0, ""solo_contingency"": [[0, 1], [413, 24568]], ""contingency"": [[0, 1], [5525, 28979]]}",{}
NC00962.3,EMB-0.25-0.9-0.9,0.0,GARC1,RUS,EMB,embB@A852V,U,{},"{""proportion"": 0.0, ""confidence"": [0.0, 0.7301340512159458], ""p_value"": 1.0, ""solo_contingency"": [[0, 1], [413, 24568]], ""contingency"": [[0, 1], [5525, 28979]]}",{}
NC00962.3,EMB-0.25-0.9-0.9,0.0,GARC1,RUS,EMB,embA@H673R,U,{},"{""proportion"": 0.0, ""confidence"": [0.0, 0.278762695452542], ""p_value"": 0.20404052734375, ""solo_contingency"": [[0, 7], [413, 24568]], ""contingency"": [[0, 7], [5525, 28973]]}",{}
NC00962.3,EMB-0.25-0.9-0.9,0.0,GARC1,RUS,EMB,embB@F79L,U,{},"{""proportion"": 0.0, ""confidence"": [0.0, 0.7301340512159458], ""p_value"": 1.0, ""solo_contingency"": [[0, 1], [413, 24568]], ""contingency"": [[0, 1], [5525, 28979]]}",{}
NC00962.3,EMB-0.25-0.9-0.9,0.0,GARC1,RUS,EMB,embA@L781H,U,{},"{""proportion"": 0.0, ""confidence"": [0.0, 0.7301340512159458], ""p_value"": 1.0, ""solo_contingency"": [[0, 1], [413, 24568]], ""contingency"": [[0, 1], [5525, 28979]]}",{}
NC00962.3,EMB-0.25-0.9-0.9,0.0,GARC1,RUS,EMB,embB@A693T,U,{},"{""proportion"": 0.0, ""confidence"": [0.0, 0.5749693909936535], ""p_value"": 1.0, ""solo_contingency"": [[0, 2], [413, 24568]], ""contingency"": [[0, 2], [5525, 28978]]}",{}
NC00962.3,EMB-0.25-0.9-0.9,0.0,GARC1,RUS,EMB,embA@V627A,U,{},"{""proportion"": 0.0, ""confidence"": [0.0, 0.5749693909936535], ""p_value"": 1.0, ""solo_contingency"": [[0, 2], [413, 24568]], ""contingency"": [[0, 2], [5525, 28978]]}",{}
NC00962.3,EMB-0.25-0.9-0.9,0.0,GARC1,RUS,EMB,embB@P93H,U,{},"{""proportion"": 0.0, ""confidence"": [0.0, 0.7301340512159458], ""p_value"": 1.0, ""solo_contingency"": [[0, 1], [413, 24568]], ""contingency"": [[0, 1], [5525, 28979]]}",{}
NC00962.3,EMB-0.25-0.9-0.9,0.0,GARC1,RUS,EMB,embB@S272N,U,{},"{""proportion"": 0.0, ""confidence"": [0.0, 0.4741955741575127], ""p_value"": 1.0, ""solo_contingency"": [[0, 3], [413, 24568]], ""contingency"": [[0, 3], [5525, 28977]]}",{}
NC00962.3,EMB-0.25-0.9-0.9,0.0,GARC1,RUS,EMB,embA@V396M,U,{},"{""proportion"": 0.0, ""confidence"": [0.0, 0.5749693909936535], ""p_value"": 1.0, ""solo_contingency"": [[0, 2], [413, 24568]], ""contingency"": [[0, 2], [5525, 28978]]}",{}
NC00962.3,EMB-0.25-0.9-0.9,0.0,GARC1,RUS,EMB,embB@P45L,U,{},"{""proportion"": 0.0, ""confidence"": [0.0, 0.7301340512159458], ""p_value"": 1.0, ""solo_contingency"": [[0, 1], [413, 24568]], ""contingency"": [[0, 1], [5525, 28979]]}",{}
NC00962.3,EMB-0.25-0.9-0.9,0.0,GARC1,RUS,EMB,embA@S20P,U,{},"{""proportion"": 0.0, ""confidence"": [0.0, 0.4741955741575127], ""p_value"": 1.0, ""solo_contingency"": [[0, 3], [413, 24568]], ""contingency"": [[1, 4], [5524, 28976]]}",{}
NC00962.3,EMB-0.25-0.9-0.9,0.0,GARC1,RUS,EMB,embB@T532A,U,{},"{""proportion"": 0.0, ""confidence"": [0.0, 0.5749693909936535], ""p_value"": 1.0, ""solo_contingency"": [[0, 2], [413, 24568]], ""contingency"": [[0, 2], [5525, 28978]]}",{}
NC00962.3,EMB-0.25-0.9-0.9,0.0,GARC1,RUS,EMB,embA@I553L,U,{},"{""proportion"": 0.0, ""confidence"": [0.0, 0.5749693909936535], ""p_value"": 1.0, ""solo_contingency"": [[0, 2], [413, 24568]], ""contingency"": [[0, 2], [5525, 28978]]}",{}
NC00962.3,EMB-0.25-0.9-0.9,0.0,GARC1,RUS,EMB,embB@A388D,U,{},"{""proportion"": 0.0, ""confidence"": [0.0, 0.5749693909936535], ""p_value"": 1.0, ""solo_contingency"": [[0, 2], [413, 24568]], ""contingency"": [[0, 2], [5525, 28978]]}",{}
NC00962.3,EMB-0.25-0.9-0.9,0.0,GARC1,RUS,EMB,embA@D144G,U,{},"{""proportion"": 0.0, ""confidence"": [0.0, 0.7301340512159458], ""p_value"": 1.0, ""solo_contingency"": [[0, 1], [413, 24568]], ""contingency"": [[0, 1], [5525, 28979]]}",{}
NC00962.3,EMB-0.25-0.9-0.9,0.0,GARC1,RUS,EMB,embA@A586T,U,{},"{""proportion"": 0.0, ""confidence"": [0.0, 0.5749693909936535], ""p_value"": 1.0, ""solo_contingency"": [[0, 2], [413, 24568]], ""contingency"": [[0, 2], [5525, 28978]]}",{}
NC00962.3,EMB-0.25-0.9-0.9,0.0,GARC1,RUS,EMB,embB@A454P,U,{},"{""proportion"": 0.0, ""confidence"": [0.0, 0.7301340512159458], ""p_value"": 1.0, ""solo_contingency"": [[0, 1], [413, 24568]], ""contingency"": [[0, 1], [5525, 28979]]}",{}
NC00962.3,EMB-0.25-0.9-0.9,0.0,GARC1,RUS,EMB,embB@D970A,U,{},"{""proportion"": 0.0, ""confidence"": [0.0, 0.7301340512159458], ""p_value"": 1.0, ""solo_contingency"": [[0, 1], [413, 24568]], ""contingency"": [[0, 1], [5525, 28979]]}",{}
NC00962.3,EMB-0.25-0.9-0.9,0.0,GARC1,RUS,EMB,embA@L525M,U,{},"{""proportion"": 0.0, ""confidence"": [0.0, 0.5749693909936535], ""p_value"": 1.0, ""solo_contingency"": [[0, 2], [413, 24568]], ""contingency"": [[0, 2], [5525, 28978]]}",{}
NC00962.3,EMB-0.25-0.9-0.9,0.0,GARC1,RUS,EMB,embB@G65D,U,{},"{""proportion"": 0.0, ""confidence"": [0.0, 0.40347862520270455], ""p_value"": 0.578125, ""solo_contingency"": [[0, 4], [413, 24568]], ""contingency"": [[0, 4], [5525, 28976]]}",{}
NC00962.3,EMB-0.25-0.9-0.9,0.0,GARC1,RUS,EMB,embA@W306G,U,{},"{""proportion"": 0.0, ""confidence"": [0.0, 0.7301340512159458], ""p_value"": 1.0, ""solo_contingency"": [[0, 1], [413, 24568]], ""contingency"": [[0, 1], [5525, 28979]]}",{}
NC00962.3,EMB-0.25-0.9-0.9,0.0,GARC1,RUS,EMB,embB@V414G,U,{},"{""proportion"": 0.0, ""confidence"": [0.0, 0.5749693909936535], ""p_value"": 1.0, ""solo_contingency"": [[0, 2], [413, 24568]], ""contingency"": [[0, 2], [5525, 28978]]}",{}
NC00962.3,EMB-0.25-0.9-0.9,0.0,GARC1,RUS,EMB,embA@D274G,U,{},"{""proportion"": 0.0, ""confidence"": [0.0, 0.7301340512159458], ""p_value"": 1.0, ""solo_contingency"": [[0, 1], [413, 24568]], ""contingency"": [[0, 1], [5525, 28979]]}",{}
NC00962.3,EMB-0.25-0.9-0.9,0.0,GARC1,RUS,EMB,embA@E512A,U,{},"{""proportion"": 0.0, ""confidence"": [0.0, 0.7301340512159458], ""p_value"": 1.0, ""solo_contingency"": [[0, 1], [413, 24568]], ""contingency"": [[0, 1], [5525, 28979]]}",{}
NC00962.3,EMB-0.25-0.9-0.9,0.0,GARC1,RUS,EMB,embB@W621S,U,{},"{""proportion"": 0.0, ""confidence"": [0.0, 0.7301340512159458], ""p_value"": 1.0, ""solo_contingency"": [[0, 1], [413, 24568]], ""contingency"": [[0, 1], [5525, 28979]]}",{}
NC00962.3,EMB-0.25-0.9-0.9,0.0,GARC1,RUS,EMB,embA@R188H,U,{},"{""proportion"": 0.0, ""confidence"": [0.0, 0.7301340512159458], ""p_value"": 1.0, ""solo_contingency"": [[0, 1], [413, 24568]], ""contingency"": [[0, 1], [5525, 28979]]}",{}
NC00962.3,EMB-0.25-0.9-0.9,0.0,GARC1,RUS,EMB,embA@I595V,U,{},"{""proportion"": 0.0, ""confidence"": [0.0, 0.3511165007651012], ""p_value"": 0.34082031250000006, ""solo_contingency"": [[0, 5], [413, 24568]], ""contingency"": [[0, 7], [5525, 28973]]}",{}
NC00962.3,EMB-0.25-0.9-0.9,0.0,GARC1,RUS,EMB,embA@G729R,U,{},"{""proportion"": 0.0, ""confidence"": [0.0, 0.5749693909936535], ""p_value"": 1.0, ""solo_contingency"": [[0, 2], [413, 24568]], ""contingency"": [[8, 2], [5517, 28978]]}",{}
NC00962.3,EMB-0.25-0.9-0.9,0.0,GARC1,RUS,EMB,embB@A235V,U,{},"{""proportion"": 0.0, ""confidence"": [0.0, 0.7301340512159458], ""p_value"": 1.0, ""solo_contingency"": [[0, 1], [413, 24568]], ""contingency"": [[0, 1], [5525, 28979]]}",{}
NC00962.3,EMB-0.25-0.9-0.9,0.0,GARC1,RUS,EMB,embA@I131V,U,{},"{""proportion"": 0.0, ""confidence"": [0.0, 0.4741955741575127], ""p_value"": 1.0, ""solo_contingency"": [[0, 3], [413, 24568]], ""contingency"": [[0, 3], [5525, 28977]]}",{}
NC00962.3,EMB-0.25-0.9-0.9,0.0,GARC1,RUS,EMB,embB@P197R,U,{},"{""proportion"": 0.0, ""confidence"": [0.0, 0.7301340512159458], ""p_value"": 1.0, ""solo_contingency"": [[0, 1], [413, 24568]], ""contingency"": [[1, 1], [5524, 28979]]}",{}
NC00962.3,EMB-0.25-0.9-0.9,0.0,GARC1,RUS,EMB,embA@N110D,U,{},"{""proportion"": 0.0, ""confidence"": [0.0, 0.5749693909936535], ""p_value"": 1.0, ""solo_contingency"": [[0, 2], [413, 24568]], ""contingency"": [[0, 2], [5525, 28978]]}",{}
NC00962.3,EMB-0.25-0.9-0.9,0.0,GARC1,RUS,EMB,embB@V282A,U,{},"{""proportion"": 0.0, ""confidence"": [0.0, 0.7301340512159458], ""p_value"": 1.0, ""solo_contingency"": [[0, 1], [413, 24568]], ""contingency"": [[0, 1], [5525, 28979]]}",{}
NC00962.3,EMB-0.25-0.9-0.9,0.0,GARC1,RUS,EMB,embA@P381L,U,{},"{""proportion"": 0.0, ""confidence"": [0.0, 0.5749693909936535], ""p_value"": 1.0, ""solo_contingency"": [[0, 2], [413, 24568]], ""contingency"": [[0, 2], [5525, 28978]]}",{}
NC00962.3,EMB-0.25-0.9-0.9,0.0,GARC1,RUS,EMB,embA@G1088!,U,{},"{""proportion"": 0.0, ""confidence"": [0.0, 0.7301340512159458], ""p_value"": 1.0, ""solo_contingency"": [[0, 1], [413, 24568]], ""contingency"": [[0, 1], [5525, 28979]]}",{}
NC00962.3,EMB-0.25-0.9-0.9,0.0,GARC1,RUS,EMB,embB@R623P,U,{},"{""proportion"": 0.0, ""confidence"": [0.0, 0.7301340512159458], ""p_value"": 1.0, ""solo_contingency"": [[0, 1], [413, 24568]], ""contingency"": [[0, 1], [5525, 28979]]}",{}
NC00962.3,EMB-0.25-0.9-0.9,0.0,GARC1,RUS,EMB,embA@A109T,U,{},"{""proportion"": 0.0, ""confidence"": [0.0, 0.5749693909936535], ""p_value"": 1.0, ""solo_contingency"": [[0, 2], [413, 24568]], ""contingency"": [[0, 2], [5525, 28978]]}",{}
NC00962.3,EMB-0.25-0.9-0.9,0.0,GARC1,RUS,EMB,embA@L563V,U,{},"{""proportion"": 0.0, ""confidence"": [0.0, 0.7301340512159458], ""p_value"": 1.0, ""solo_contingency"": [[0, 1], [413, 24568]], ""contingency"": [[0, 1], [5525, 28979]]}",{}
NC00962.3,EMB-0.25-0.9-0.9,0.0,GARC1,RUS,EMB,embB@G665W,U,{},"{""proportion"": 0.0, ""confidence"": [0.0, 0.40347862520270455], ""p_value"": 0.578125, ""solo_contingency"": [[0, 4], [413, 24568]], ""contingency"": [[0, 4], [5525, 28976]]}",{}
NC00962.3,EMB-0.25-0.9-0.9,0.0,GARC1,RUS,EMB,embB@L1053V,U,{},"{""proportion"": 0.0, ""confidence"": [0.0, 0.7301340512159458], ""p_value"": 1.0, ""solo_contingency"": [[0, 1], [413, 24568]], ""contingency"": [[0, 1], [5525, 28979]]}",{}
NC00962.3,EMB-0.25-0.9-0.9,0.0,GARC1,RUS,EMB,embB@A993T,U,{},"{""proportion"": 0.0, ""confidence"": [0.0, 0.7301340512159458], ""p_value"": 1.0, ""solo_contingency"": [[0, 1], [413, 24568]], ""contingency"": [[0, 1], [5525, 28979]]}",{}
NC00962.3,EMB-0.25-0.9-0.9,0.0,GARC1,RUS,EMB,embA@I821T,U,{},"{""proportion"": 0.0, ""confidence"": [0.0, 0.7301340512159458], ""p_value"": 1.0, ""solo_contingency"": [[0, 1], [413, 24568]], ""contingency"": [[0, 1], [5525, 28979]]}",{}
NC00962.3,EMB-0.25-0.9-0.9,0.0,GARC1,RUS,EMB,embB@D752H,U,{},"{""proportion"": 0.0, ""confidence"": [0.0, 0.7301340512159458], ""p_value"": 1.0, ""solo_contingency"": [[0, 1], [413, 24568]], ""contingency"": [[0, 1], [5525, 28979]]}",{}
NC00962.3,EMB-0.25-0.9-0.9,0.0,GARC1,RUS,EMB,embB@V898M,U,{},"{""proportion"": 0.0, ""confidence"": [0.0, 0.7301340512159458], ""p_value"": 1.0, ""solo_contingency"": [[0, 1], [413, 24568]], ""contingency"": [[0, 1], [5525, 28979]]}",{}
NC00962.3,EMB-0.25-0.9-0.9,0.0,GARC1,RUS,EMB,embA@T300A,U,{},"{""proportion"": 0.0, ""confidence"": [0.0, 0.7301340512159458], ""p_value"": 1.0, ""solo_contingency"": [[0, 1], [413, 24568]], ""contingency"": [[0, 1], [5525, 28979]]}",{}
NC00962.3,EMB-0.25-0.9-0.9,0.0,GARC1,RUS,EMB,embA@R11Q,U,{},"{""proportion"": 0.0, ""confidence"": [0.0, 0.5749693909936535], ""p_value"": 1.0, ""solo_contingency"": [[0, 2], [413, 24568]], ""contingency"": [[0, 2], [5525, 28978]]}",{}
NC00962.3,EMB-0.25-0.9-0.9,0.0,GARC1,RUS,EMB,embB@D78E,U,{},"{""proportion"": 0.0, ""confidence"": [0.0, 0.7301340512159458], ""p_value"": 1.0, ""solo_contingency"": [[0, 1], [413, 24568]], ""contingency"": [[0, 1], [5525, 28979]]}",{}
NC00962.3,EMB-0.25-0.9-0.9,0.0,GARC1,RUS,EMB,embA@V458P,U,{},"{""proportion"": 0.0, ""confidence"": [0.0, 0.5749693909936535], ""p_value"": 1.0, ""solo_contingency"": [[0, 2], [413, 24568]], ""contingency"": [[0, 2], [5525, 28978]]}",{}
NC00962.3,EMB-0.25-0.9-0.9,0.0,GARC1,RUS,EMB,embA@R234P,U,{},"{""proportion"": 0.0, ""confidence"": [0.0, 0.7301340512159458], ""p_value"": 1.0, ""solo_contingency"": [[0, 1], [413, 24568]], ""contingency"": [[0, 1], [5525, 28979]]}",{}
NC00962.3,EMB-0.25-0.9-0.9,0.0,GARC1,RUS,EMB,embB@P809S,U,{},"{""proportion"": 0.0, ""confidence"": [0.0, 0.3511165007651012], ""p_value"": 0.34082031250000006, ""solo_contingency"": [[0, 5], [413, 24568]], ""contingency"": [[0, 5], [5525, 28975]]}",{}
NC00962.3,EMB-0.25-0.9-0.9,0.0,GARC1,RUS,EMB,embB@P12Q,U,{},"{""proportion"": 0.0, ""confidence"": [0.0, 0.7301340512159458], ""p_value"": 1.0, ""solo_contingency"": [[0, 1], [413, 24568]], ""contingency"": [[0, 2], [5525, 28978]]}",{}
NC00962.3,EMB-0.25-0.9-0.9,0.0,GARC1,RUS,EMB,embB@V727A,U,{},"{""proportion"": 0.0, ""confidence"": [0.0, 0.7301340512159458], ""p_value"": 1.0, ""solo_contingency"": [[0, 1], [413, 24568]], ""contingency"": [[0, 1], [5525, 28979]]}",{}
NC00962.3,EMB-0.25-0.9-0.9,0.0,GARC1,RUS,EMB,embA@M324V,U,{},"{""proportion"": 0.0, ""confidence"": [0.0, 0.7301340512159458], ""p_value"": 1.0, ""solo_contingency"": [[0, 1], [413, 24568]], ""contingency"": [[0, 1], [5525, 28979]]}",{}
NC00962.3,EMB-0.25-0.9-0.9,0.0,GARC1,RUS,EMB,embA@V458A,U,{},"{""proportion"": 0.0, ""confidence"": [0.0, 0.7301340512159458], ""p_value"": 1.0, ""solo_contingency"": [[0, 1], [413, 24568]], ""contingency"": [[0, 1], [5525, 28979]]}",{}
NC00962.3,EMB-0.25-0.9-0.9,0.0,GARC1,RUS,EMB,embB@L268P,U,{},"{""proportion"": 0.0, ""confidence"": [0.0, 0.7301340512159458], ""p_value"": 1.0, ""solo_contingency"": [[0, 1], [413, 24568]], ""contingency"": [[0, 1], [5525, 28979]]}",{}
NC00962.3,EMB-0.25-0.9-0.9,0.0,GARC1,RUS,EMB,embA@F650L,U,{},"{""proportion"": 0.0, ""confidence"": [0.0, 0.7301340512159458], ""p_value"": 1.0, ""solo_contingency"": [[0, 1], [413, 24568]], ""contingency"": [[0, 1], [5525, 28979]]}",{}
NC00962.3,EMB-0.25-0.9-0.9,0.0,GARC1,RUS,EMB,embA@Q990H,U,{},"{""proportion"": 0.0, ""confidence"": [0.0, 0.7301340512159458], ""p_value"": 1.0, ""solo_contingency"": [[0, 1], [413, 24568]], ""contingency"": [[0, 1], [5525, 28979]]}",{}
NC00962.3,EMB-0.25-0.9-0.9,0.0,GARC1,RUS,EMB,embA@E397K,U,{},"{""proportion"": 0.0, ""confidence"": [0.0, 0.7301340512159458], ""p_value"": 1.0, ""solo_contingency"": [[0, 1], [413, 24568]], ""contingency"": [[0, 1], [5525, 28979]]}",{}
NC00962.3,EMB-0.25-0.9-0.9,0.0,GARC1,RUS,EMB,embB@P818T,U,{},"{""proportion"": 0.0, ""confidence"": [0.0, 0.5749693909936535], ""p_value"": 1.0, ""solo_contingency"": [[0, 2], [413, 24568]], ""contingency"": [[0, 2], [5525, 28978]]}",{}
NC00962.3,EMB-0.25-0.9-0.9,0.0,GARC1,RUS,EMB,embB@A705T,U,{},"{""proportion"": 0.0, ""confidence"": [0.0, 0.7301340512159458], ""p_value"": 1.0, ""solo_contingency"": [[0, 1], [413, 24568]], ""contingency"": [[0, 3], [5525, 28977]]}",{}
NC00962.3,EMB-0.25-0.9-0.9,0.0,GARC1,RUS,EMB,embA@A284S,U,{},"{""proportion"": 0.0, ""confidence"": [0.0, 0.7301340512159458], ""p_value"": 1.0, ""solo_contingency"": [[0, 1], [413, 24568]], ""contingency"": [[0, 1], [5525, 28979]]}",{}
NC00962.3,EMB-0.25-0.9-0.9,0.0,GARC1,RUS,EMB,embB@A677T,U,{},"{""proportion"": 0.0, ""confidence"": [0.0, 0.7301340512159458], ""p_value"": 1.0, ""solo_contingency"": [[0, 1], [413, 24568]], ""contingency"": [[0, 1], [5525, 28979]]}",{}
NC00962.3,EMB-0.25-0.9-0.9,0.0,GARC1,RUS,EMB,embB@R1059G,U,{},"{""proportion"": 0.0, ""confidence"": [0.0, 0.7301340512159458], ""p_value"": 1.0, ""solo_contingency"": [[0, 1], [413, 24568]], ""contingency"": [[0, 1], [5525, 28979]]}",{}
NC00962.3,EMB-0.25-0.9-0.9,0.0,GARC1,RUS,EMB,embA@T1033I,U,{},"{""proportion"": 0.0, ""confidence"": [0.0, 0.7301340512159458], ""p_value"": 1.0, ""solo_contingency"": [[0, 1], [413, 24568]], ""contingency"": [[0, 1], [5525, 28979]]}",{}
NC00962.3,EMB-0.25-0.9-0.9,0.0,GARC1,RUS,EMB,embB@T830M,U,{},"{""proportion"": 0.0, ""confidence"": [0.0, 0.7301340512159458], ""p_value"": 1.0, ""solo_contingency"": [[0, 1], [413, 24568]], ""contingency"": [[0, 1], [5525, 28979]]}",{}
NC00962.3,EMB-0.25-0.9-0.9,0.0,GARC1,RUS,EMB,embB@C549G,U,{},"{""proportion"": 0.0, ""confidence"": [0.0, 0.7301340512159458], ""p_value"": 1.0, ""solo_contingency"": [[0, 1], [413, 24568]], ""contingency"": [[0, 1], [5525, 28979]]}",{}
NC00962.3,EMB-0.25-0.9-0.9,0.0,GARC1,RUS,EMB,embB@R257W,U,{},"{""proportion"": 0.0, ""confidence"": [0.0, 0.5749693909936535], ""p_value"": 1.0, ""solo_contingency"": [[0, 2], [413, 24568]], ""contingency"": [[0, 2], [5525, 28978]]}",{}
NC00962.3,EMB-0.25-0.9-0.9,0.0,GARC1,RUS,EMB,embA@T113M,U,{},"{""proportion"": 0.0, ""confidence"": [0.0, 0.7301340512159458], ""p_value"": 1.0, ""solo_contingency"": [[0, 1], [413, 24568]], ""contingency"": [[0, 1], [5525, 28979]]}",{}
NC00962.3,EMB-0.25-0.9-0.9,0.0,GARC1,RUS,EMB,embB@A201T,U,{},"{""proportion"": 0.0, ""confidence"": [0.0, 0.7301340512159458], ""p_value"": 1.0, ""solo_contingency"": [[0, 1], [413, 24568]], ""contingency"": [[0, 1], [5525, 28979]]}",{}
NC00962.3,EMB-0.25-0.9-0.9,0.0,GARC1,RUS,EMB,embB@D869E,U,{},"{""proportion"": 0.0, ""confidence"": [0.0, 0.4741955741575127], ""p_value"": 1.0, ""solo_contingency"": [[0, 3], [413, 24568]], ""contingency"": [[0, 3], [5525, 28977]]}",{}
NC00962.3,EMB-0.25-0.9-0.9,0.0,GARC1,RUS,EMB,embA@T688M,U,{},"{""proportion"": 0.0, ""confidence"": [0.0, 0.7301340512159458], ""p_value"": 1.0, ""solo_contingency"": [[0, 1], [413, 24568]], ""contingency"": [[0, 1], [5525, 28979]]}",{}
NC00962.3,EMB-0.25-0.9-0.9,0.0,GARC1,RUS,EMB,embB@S261P,U,{},"{""proportion"": 0.0, ""confidence"": [0.0, 0.7301340512159458], ""p_value"": 1.0, ""solo_contingency"": [[0, 1], [413, 24568]], ""contingency"": [[0, 1], [5525, 28979]]}",{}
NC00962.3,EMB-0.25-0.9-0.9,0.0,GARC1,RUS,EMB,embB@K820N,U,{},"{""proportion"": 0.0, ""confidence"": [0.0, 0.7301340512159458], ""p_value"": 1.0, ""solo_contingency"": [[0, 1], [413, 24568]], ""contingency"": [[0, 1], [5525, 28979]]}",{}
NC00962.3,EMB-0.25-0.9-0.9,0.0,GARC1,RUS,EMB,embB@G914R,U,{},"{""proportion"": 0.0, ""confidence"": [0.0, 0.7301340512159458], ""p_value"": 1.0, ""solo_contingency"": [[0, 1], [413, 24568]], ""contingency"": [[0, 1], [5525, 28979]]}",{}
NC00962.3,EMB-0.25-0.9-0.9,0.0,GARC1,RUS,EMB,embA@T652M,U,{},"{""proportion"": 0.0, ""confidence"": [0.0, 0.7301340512159458], ""p_value"": 1.0, ""solo_contingency"": [[0, 1], [413, 24568]], ""contingency"": [[0, 1], [5525, 28979]]}",{}
NC00962.3,EMB-0.25-0.9-0.9,0.0,GARC1,RUS,EMB,embA@V89M,U,{},"{""proportion"": 0.0, ""confidence"": [0.0, 0.7301340512159458], ""p_value"": 1.0, ""solo_contingency"": [[0, 1], [413, 24568]], ""contingency"": [[0, 1], [5525, 28979]]}",{}
NC00962.3,EMB-0.25-0.9-0.9,0.0,GARC1,RUS,EMB,embA@Y307H,U,{},"{""proportion"": 0.0, ""confidence"": [0.0, 0.4741955741575127], ""p_value"": 1.0, ""solo_contingency"": [[0, 3], [413, 24568]], ""contingency"": [[0, 3], [5525, 28977]]}",{}
NC00962.3,EMB-0.25-0.9-0.9,0.0,GARC1,RUS,EMB,embB@V888M,U,{},"{""proportion"": 0.0, ""confidence"": [0.0, 0.7301340512159458], ""p_value"": 1.0, ""solo_contingency"": [[0, 1], [413, 24568]], ""contingency"": [[0, 1], [5525, 28979]]}",{}
NC00962.3,EMB-0.25-0.9-0.9,0.0,GARC1,RUS,EMB,embA@c-3t,U,{},"{""proportion"": 0.0, ""confidence"": [0.0, 0.7301340512159458], ""p_value"": 1.0, ""solo_contingency"": [[0, 1], [413, 24568]], ""contingency"": [[0, 1], [5525, 28979]]}",{}
NC00962.3,EMB-0.25-0.9-0.9,0.0,GARC1,RUS,EMB,embB@I578V,U,{},"{""proportion"": 0.0, ""confidence"": [0.0, 0.7301340512159458], ""p_value"": 1.0, ""solo_contingency"": [[0, 1], [413, 24568]], ""contingency"": [[0, 1], [5525, 28979]]}",{}
NC00962.3,EMB-0.25-0.9-0.9,0.0,GARC1,RUS,EMB,embA@P976T,U,{},"{""proportion"": 0.0, ""confidence"": [0.0, 0.5749693909936535], ""p_value"": 1.0, ""solo_contingency"": [[0, 2], [413, 24568]], ""contingency"": [[0, 2], [5525, 28978]]}",{}
NC00962.3,EMB-0.25-0.9-0.9,0.0,GARC1,RUS,EMB,embB@I545M,U,{},"{""proportion"": 0.0, ""confidence"": [0.0, 0.5749693909936535], ""p_value"": 1.0, ""solo_contingency"": [[0, 2], [413, 24568]], ""contingency"": [[0, 2], [5525, 28978]]}",{}
NC00962.3,EMB-0.25-0.9-0.9,0.0,GARC1,RUS,EMB,embA@P774H,U,{},"{""proportion"": 0.0, ""confidence"": [0.0, 0.5749693909936535], ""p_value"": 1.0, ""solo_contingency"": [[0, 2], [413, 24568]], ""contingency"": [[1, 2], [5524, 28978]]}",{}
NC00962.3,EMB-0.25-0.9-0.9,0.0,GARC1,RUS,EMB,embB@G37S,U,{},"{""proportion"": 0.0, ""confidence"": [0.0, 0.3511165007651012], ""p_value"": 0.34082031250000006, ""solo_contingency"": [[0, 5], [413, 24568]], ""contingency"": [[0, 6], [5525, 28974]]}",{}
NC00962.3,EMB-0.25-0.9-0.9,0.0,GARC1,RUS,EMB,embA@V819I,U,{},"{""proportion"": 0.0, ""confidence"": [0.0, 0.7301340512159458], ""p_value"": 1.0, ""solo_contingency"": [[0, 1], [413, 24568]], ""contingency"": [[0, 1], [5525, 28979]]}",{}
NC00962.3,EMB-0.25-0.9-0.9,0.0,GARC1,RUS,EMB,embA@G841A,U,{},"{""proportion"": 0.0, ""confidence"": [0.0, 0.4741955741575127], ""p_value"": 1.0, ""solo_contingency"": [[0, 3], [413, 24568]], ""contingency"": [[0, 3], [5525, 28977]]}",{}
NC00962.3,EMB-0.25-0.9-0.9,0.0,GARC1,RUS,EMB,embB@R568H,U,{},"{""proportion"": 0.0, ""confidence"": [0.0, 0.7301340512159458], ""p_value"": 1.0, ""solo_contingency"": [[0, 1], [413, 24568]], ""contingency"": [[0, 1], [5525, 28979]]}",{}
NC00962.3,EMB-0.25-0.9-0.9,0.0,GARC1,RUS,EMB,embA@S994F,U,{},"{""proportion"": 0.0, ""confidence"": [0.0, 0.7301340512159458], ""p_value"": 1.0, ""solo_contingency"": [[0, 1], [413, 24568]], ""contingency"": [[0, 1], [5525, 28979]]}",{}
NC00962.3,EMB-0.25-0.9-0.9,0.0,GARC1,RUS,EMB,embA@P1087S,U,{},"{""proportion"": 0.0, ""confidence"": [0.0, 0.7301340512159458], ""p_value"": 1.0, ""solo_contingency"": [[0, 1], [413, 24568]], ""contingency"": [[0, 1], [5525, 28979]]}",{}
NC00962.3,EMB-0.25-0.9-0.9,0.0,GARC1,RUS,EMB,embA@A721T,U,{},"{""proportion"": 0.0, ""confidence"": [0.0, 0.5749693909936535], ""p_value"": 1.0, ""solo_contingency"": [[0, 2], [413, 24568]], ""contingency"": [[0, 2], [5525, 28978]]}",{}
NC00962.3,EMB-0.25-0.9-0.9,0.0,GARC1,RUS,EMB,embA@L614M,U,{},"{""proportion"": 0.0, ""confidence"": [0.0, 0.7301340512159458], ""p_value"": 1.0, ""solo_contingency"": [[0, 1], [413, 24568]], ""contingency"": [[0, 1], [5525, 28979]]}",{}
NC00962.3,EMB-0.25-0.9-0.9,0.0,GARC1,RUS,EMB,embA@Y276C,U,{},"{""proportion"": 0.0, ""confidence"": [0.0, 0.7301340512159458], ""p_value"": 1.0, ""solo_contingency"": [[0, 1], [413, 24568]], ""contingency"": [[0, 1], [5525, 28979]]}",{}
NC00962.3,EMB-0.25-0.9-0.9,0.0,GARC1,RUS,EMB,embB@E1008A,U,{},"{""proportion"": 0.0, ""confidence"": [0.0, 0.7301340512159458], ""p_value"": 1.0, ""solo_contingency"": [[0, 1], [413, 24568]], ""contingency"": [[0, 1], [5525, 28979]]}",{}
NC00962.3,EMB-0.25-0.9-0.9,0.0,GARC1,RUS,EMB,embB@Q139H,U,{},"{""proportion"": 0.0, ""confidence"": [0.0, 0.4741955741575127], ""p_value"": 1.0, ""solo_contingency"": [[0, 3], [413, 24568]], ""contingency"": [[1, 100], [5524, 28880]]}",{}
NC00962.3,EMB-0.25-0.9-0.9,0.0,GARC1,RUS,EMB,embA@L832F,U,{},"{""proportion"": 0.0, ""confidence"": [0.0, 0.7301340512159458], ""p_value"": 1.0, ""solo_contingency"": [[0, 1], [413, 24568]], ""contingency"": [[0, 1], [5525, 28979]]}",{}
NC00962.3,EMB-0.25-0.9-0.9,0.0,GARC1,RUS,EMB,embB@P766R,U,{},"{""proportion"": 0.0, ""confidence"": [0.0, 0.5749693909936535], ""p_value"": 1.0, ""solo_contingency"": [[0, 2], [413, 24568]], ""contingency"": [[0, 2], [5525, 28978]]}",{}
NC00962.3,EMB-0.25-0.9-0.9,0.0,GARC1,RUS,EMB,embA@A1069V,U,{},"{""proportion"": 0.0, ""confidence"": [0.0, 0.7301340512159458], ""p_value"": 1.0, ""solo_contingency"": [[0, 1], [413, 24568]], ""contingency"": [[0, 1], [5525, 28979]]}",{}
NC00962.3,EMB-0.25-0.9-0.9,0.0,GARC1,RUS,EMB,embA@V698I,U,{},"{""proportion"": 0.0, ""confidence"": [0.0, 0.5749693909936535], ""p_value"": 1.0, ""solo_contingency"": [[0, 2], [413, 24568]], ""contingency"": [[0, 2], [5525, 28978]]}",{}
NC00962.3,EMB-0.25-0.9-0.9,0.0,GARC1,RUS,EMB,embB@A547S,U,{},"{""proportion"": 0.0, ""confidence"": [0.0, 0.3511165007651012], ""p_value"": 0.34082031250000006, ""solo_contingency"": [[0, 5], [413, 24568]], ""contingency"": [[0, 5], [5525, 28975]]}",{}
NC00962.3,EMB-0.25-0.9-0.9,0.0,GARC1,RUS,EMB,embB@V42L,U,{},"{""proportion"": 0.0, ""confidence"": [0.0, 0.7301340512159458], ""p_value"": 1.0, ""solo_contingency"": [[0, 1], [413, 24568]], ""contingency"": [[0, 1], [5525, 28979]]}",{}
NC00962.3,EMB-0.25-0.9-0.9,0.0,GARC1,RUS,EMB,embA@L62M,U,{},"{""proportion"": 0.0, ""confidence"": [0.0, 0.7301340512159458], ""p_value"": 1.0, ""solo_contingency"": [[0, 1], [413, 24568]], ""contingency"": [[1, 1], [5524, 28979]]}",{}
NC00962.3,EMB-0.25-0.9-0.9,0.0,GARC1,RUS,EMB,embA@D176A,U,{},"{""proportion"": 0.0, ""confidence"": [0.0, 0.5749693909936535], ""p_value"": 1.0, ""solo_contingency"": [[0, 2], [413, 24568]], ""contingency"": [[0, 2], [5525, 28978]]}",{}
NC00962.3,EMB-0.25-0.9-0.9,0.0,GARC1,RUS,EMB,embA@A736V,U,{},"{""proportion"": 0.0, ""confidence"": [0.0, 0.7301340512159458], ""p_value"": 1.0, ""solo_contingency"": [[0, 1], [413, 24568]], ""contingency"": [[0, 1], [5525, 28979]]}",{}
NC00962.3,EMB-0.25-0.9-0.9,0.0,GARC1,RUS,EMB,embB@V793I,U,{},"{""proportion"": 0.0, ""confidence"": [0.0, 0.4741955741575127], ""p_value"": 1.0, ""solo_contingency"": [[0, 3], [413, 24568]], ""contingency"": [[0, 3], [5525, 28977]]}",{}
NC00962.3,EMB-0.25-0.9-0.9,0.0,GARC1,RUS,EMB,embB@2943_del_gca,U,{},"{""proportion"": 0.0, ""confidence"": [0.0, 0.5749693909936535], ""p_value"": 1.0, ""solo_contingency"": [[0, 2], [413, 24568]], ""contingency"": [[0, 2], [5525, 28978]]}",{}
NC00962.3,EMB-0.25-0.9-0.9,0.0,GARC1,RUS,EMB,embB@M764L,U,{},"{""proportion"": 0.0, ""confidence"": [0.0, 0.7301340512159458], ""p_value"": 1.0, ""solo_contingency"": [[0, 1], [413, 24568]], ""contingency"": [[0, 1], [5525, 28979]]}",{}
NC00962.3,EMB-0.25-0.9-0.9,0.0,GARC1,RUS,EMB,embB@A903T,U,{},"{""proportion"": 0.0, ""confidence"": [0.0, 0.7301340512159458], ""p_value"": 1.0, ""solo_contingency"": [[0, 1], [413, 24568]], ""contingency"": [[0, 1], [5525, 28979]]}",{}
NC00962.3,EMB-0.25-0.9-0.9,0.0,GARC1,RUS,EMB,embB@D758N,U,{},"{""proportion"": 0.0, ""confidence"": [0.0, 0.5749693909936535], ""p_value"": 1.0, ""solo_contingency"": [[0, 2], [413, 24568]], ""contingency"": [[0, 2], [5525, 28978]]}",{}
NC00962.3,EMB-0.25-0.9-0.9,0.0,GARC1,RUS,EMB,embA@R1047G,U,{},"{""proportion"": 0.0, ""confidence"": [0.0, 0.5749693909936535], ""p_value"": 1.0, ""solo_contingency"": [[0, 2], [413, 24568]], ""contingency"": [[0, 2], [5525, 28978]]}",{}
NC00962.3,EMB-0.25-0.9-0.9,0.0,GARC1,RUS,EMB,embA@I1007L,U,{},"{""proportion"": 0.0, ""confidence"": [0.0, 0.7301340512159458], ""p_value"": 1.0, ""solo_contingency"": [[0, 1], [413, 24568]], ""contingency"": [[0, 1], [5525, 28979]]}",{}
NC00962.3,EMB-0.25-0.9-0.9,0.0,GARC1,RUS,EMB,embA@G154S,U,{},"{""proportion"": 0.0, ""confidence"": [0.0, 0.7301340512159458], ""p_value"": 1.0, ""solo_contingency"": [[0, 1], [413, 24568]], ""contingency"": [[0, 22], [5525, 28958]]}",{}
NC00962.3,EMB-0.25-0.9-0.9,0.0,GARC1,RUS,EMB,embB@A840G,U,{},"{""proportion"": 0.0, ""confidence"": [0.0, 0.7301340512159458], ""p_value"": 1.0, ""solo_contingency"": [[0, 1], [413, 24568]], ""contingency"": [[0, 1], [5525, 28979]]}",{}
NC00962.3,EMB-0.25-0.9-0.9,0.0,GARC1,RUS,EMB,embB@M575V,U,{},"{""proportion"": 0.0, ""confidence"": [0.0, 0.5749693909936535], ""p_value"": 1.0, ""solo_contingency"": [[0, 2], [413, 24568]], ""contingency"": [[0, 2], [5525, 28978]]}",{}
NC00962.3,EMB-0.25-0.9-0.9,0.0,GARC1,RUS,EMB,embA@A127V,U,{},"{""proportion"": 0.0, ""confidence"": [0.0, 0.5749693909936535], ""p_value"": 1.0, ""solo_contingency"": [[0, 2], [413, 24568]], ""contingency"": [[0, 2], [5525, 28978]]}",{}
NC00962.3,EMB-0.25-0.9-0.9,0.0,GARC1,RUS,EMB,embA@G1077S,U,{},"{""proportion"": 0.0, ""confidence"": [0.0, 0.7301340512159458], ""p_value"": 1.0, ""solo_contingency"": [[0, 1], [413, 24568]], ""contingency"": [[0, 1], [5525, 28979]]}",{}
NC00962.3,EMB-0.25-0.9-0.9,0.0,GARC1,RUS,EMB,embB@D814A,U,{},"{""proportion"": 0.0, ""confidence"": [0.0, 0.4741955741575127], ""p_value"": 1.0, ""solo_contingency"": [[0, 3], [413, 24568]], ""contingency"": [[0, 3], [5525, 28977]]}",{}
NC00962.3,EMB-0.25-0.9-0.9,0.0,GARC1,RUS,EMB,embA@H140D,U,{},"{""proportion"": 0.0, ""confidence"": [0.0, 0.7301340512159458], ""p_value"": 1.0, ""solo_contingency"": [[0, 1], [413, 24568]], ""contingency"": [[0, 1], [5525, 28979]]}",{}
NC00962.3,EMB-0.25-0.9-0.9,0.0,GARC1,RUS,EMB,embB@A102T,U,{},"{""proportion"": 0.0, ""confidence"": [0.0, 0.7301340512159458], ""p_value"": 1.0, ""solo_contingency"": [[0, 1], [413, 24568]], ""contingency"": [[0, 1], [5525, 28979]]}",{}
NC00962.3,EMB-0.25-0.9-0.9,0.0,GARC1,RUS,EMB,embA@G86V,U,{},"{""proportion"": 0.0, ""confidence"": [0.0, 0.3511165007651012], ""p_value"": 0.34082031250000006, ""solo_contingency"": [[0, 5], [413, 24568]], ""contingency"": [[0, 5], [5525, 28975]]}",{}
NC00962.3,EMB-0.25-0.9-0.9,0.0,GARC1,RUS,EMB,embB@Y384S,U,{},"{""proportion"": 0.0, ""confidence"": [0.0, 0.7301340512159458], ""p_value"": 1.0, ""solo_contingency"": [[0, 1], [413, 24568]], ""contingency"": [[0, 1], [5525, 28979]]}",{}
NC00962.3,EMB-0.25-0.9-0.9,0.0,GARC1,RUS,EMB,embB@D108N,U,{},"{""proportion"": 0.0, ""confidence"": [0.0, 0.7301340512159458], ""p_value"": 1.0, ""solo_contingency"": [[0, 1], [413, 24568]], ""contingency"": [[0, 1], [5525, 28979]]}",{}
NC00962.3,EMB-0.25-0.9-0.9,0.0,GARC1,RUS,EMB,embA@V1073I,U,{},"{""proportion"": 0.0, ""confidence"": [0.0, 0.25272359742376316], ""p_value"": 0.21392822265625003, ""solo_contingency"": [[0, 8], [413, 24568]], ""contingency"": [[0, 8], [5525, 28972]]}",{}
NC00962.3,EMB-0.25-0.9-0.9,0.0,GARC1,RUS,EMB,embB@G748E,U,{},"{""proportion"": 0.0, ""confidence"": [0.0, 0.5749693909936535], ""p_value"": 1.0, ""solo_contingency"": [[0, 2], [413, 24568]], ""contingency"": [[0, 2], [5525, 28978]]}",{}
NC00962.3,EMB-0.25-0.9-0.9,0.0,GARC1,RUS,EMB,embA@P164L,U,{},"{""proportion"": 0.0, ""confidence"": [0.0, 0.7301340512159458], ""p_value"": 1.0, ""solo_contingency"": [[0, 1], [413, 24568]], ""contingency"": [[0, 1], [5525, 28979]]}",{}
NC00962.3,EMB-0.25-0.9-0.9,0.0,GARC1,RUS,EMB,embA@G353R,U,{},"{""proportion"": 0.0, ""confidence"": [0.0, 0.5749693909936535], ""p_value"": 1.0, ""solo_contingency"": [[0, 2], [413, 24568]], ""contingency"": [[0, 3], [5525, 28977]]}",{}
NC00962.3,EMB-0.25-0.9-0.9,0.0,GARC1,RUS,EMB,embB@A608T,U,{},"{""proportion"": 0.0, ""confidence"": [0.0, 0.7301340512159458], ""p_value"": 1.0, ""solo_contingency"": [[0, 1], [413, 24568]], ""contingency"": [[0, 2], [5525, 28978]]}",{}
NC00962.3,EMB-0.25-0.9-0.9,0.0,GARC1,RUS,EMB,embB@R728Q,U,{},"{""proportion"": 0.0, ""confidence"": [0.0, 0.7301340512159458], ""p_value"": 1.0, ""solo_contingency"": [[0, 1], [413, 24568]], ""contingency"": [[0, 1], [5525, 28979]]}",{}
NC00962.3,EMB-0.25-0.9-0.9,0.0,GARC1,RUS,EMB,embA@A159S,U,{},"{""proportion"": 0.0, ""confidence"": [0.0, 0.7301340512159458], ""p_value"": 1.0, ""solo_contingency"": [[0, 1], [413, 24568]], ""contingency"": [[0, 1], [5525, 28979]]}",{}
NC00962.3,EMB-0.25-0.9-0.9,0.0,GARC1,RUS,EMB,embB@N399T,U,{},"{""proportion"": 0.0, ""confidence"": [0.0, 0.7301340512159458], ""p_value"": 1.0, ""solo_contingency"": [[0, 1], [413, 24568]], ""contingency"": [[2, 1], [5523, 28979]]}",{}
NC00962.3,EMB-0.25-0.9-0.9,0.0,GARC1,RUS,EMB,embA@G1048R,U,{},"{""proportion"": 0.0, ""confidence"": [0.0, 0.7301340512159458], ""p_value"": 1.0, ""solo_contingency"": [[0, 1], [413, 24568]], ""contingency"": [[0, 1], [5525, 28979]]}",{}
NC00962.3,EMB-0.25-0.9-0.9,0.0,GARC1,RUS,EMB,embA@Q169E,U,{},"{""proportion"": 0.0, ""confidence"": [0.0, 0.5749693909936535], ""p_value"": 1.0, ""solo_contingency"": [[0, 2], [413, 24568]], ""contingency"": [[0, 2], [5525, 28978]]}",{}
NC00962.3,EMB-0.25-0.9-0.9,0.0,GARC1,RUS,EMB,embA@A936V,U,{},"{""proportion"": 0.0, ""confidence"": [0.0, 0.5749693909936535], ""p_value"": 1.0, ""solo_contingency"": [[0, 2], [413, 24568]], ""contingency"": [[0, 2], [5525, 28978]]}",{}
NC00962.3,EMB-0.25-0.9-0.9,0.0,GARC1,RUS,EMB,embA@L894V,U,{},"{""proportion"": 0.0, ""confidence"": [0.0, 0.5749693909936535], ""p_value"": 1.0, ""solo_contingency"": [[0, 2], [413, 24568]], ""contingency"": [[0, 2], [5525, 28978]]}",{}
NC00962.3,EMB-0.25-0.9-0.9,0.0,GARC1,RUS,EMB,embA@R346Q,U,{},"{""proportion"": 0.0, ""confidence"": [0.0, 0.5749693909936535], ""p_value"": 1.0, ""solo_contingency"": [[0, 2], [413, 24568]], ""contingency"": [[0, 2], [5525, 28978]]}",{}
NC00962.3,EMB-0.25-0.9-0.9,0.0,GARC1,RUS,EMB,embB@E901D,U,{},"{""proportion"": 0.0, ""confidence"": [0.0, 0.40347862520270455], ""p_value"": 0.578125, ""solo_contingency"": [[0, 4], [413, 24568]], ""contingency"": [[0, 4], [5525, 28976]]}",{}
NC00962.3,EMB-0.25-0.9-0.9,0.0,GARC1,RUS,EMB,embA@V211M,U,{},"{""proportion"": 0.0, ""confidence"": [0.0, 0.7301340512159458], ""p_value"": 1.0, ""solo_contingency"": [[0, 1], [413, 24568]], ""contingency"": [[0, 1], [5525, 28979]]}",{}
NC00962.3,EMB-0.25-0.9-0.9,0.0,GARC1,RUS,EMB,embB@A571T,U,{},"{""proportion"": 0.0, ""confidence"": [0.0, 0.7301340512159458], ""p_value"": 1.0, ""solo_contingency"": [[0, 1], [413, 24568]], ""contingency"": [[0, 1], [5525, 28979]]}",{}
NC00962.3,EMB-0.25-0.9-0.9,0.0,GARC1,RUS,EMB,embB@G736S,U,{},"{""proportion"": 0.0, ""confidence"": [0.0, 0.7301340512159458], ""p_value"": 1.0, ""solo_contingency"": [[0, 1], [413, 24568]], ""contingency"": [[0, 1], [5525, 28979]]}",{}
NC00962.3,EMB-0.25-0.9-0.9,0.0,GARC1,RUS,EMB,embA@V911A,U,{},"{""proportion"": 0.0, ""confidence"": [0.0, 0.5749693909936535], ""p_value"": 1.0, ""solo_contingency"": [[0, 2], [413, 24568]], ""contingency"": [[0, 2], [5525, 28978]]}",{}
NC00962.3,EMB-0.25-0.9-0.9,0.0,GARC1,RUS,EMB,embB@Q112H,U,{},"{""proportion"": 0.0, ""confidence"": [0.0, 0.7301340512159458], ""p_value"": 1.0, ""solo_contingency"": [[0, 1], [413, 24568]], ""contingency"": [[0, 1], [5525, 28979]]}",{}
NC00962.3,EMB-0.25-0.9-0.9,0.0,GARC1,RUS,EMB,embB@K218N,U,{},"{""proportion"": 0.0, ""confidence"": [0.0, 0.7301340512159458], ""p_value"": 1.0, ""solo_contingency"": [[0, 1], [413, 24568]], ""contingency"": [[0, 1], [5525, 28979]]}",{}
NC00962.3,EMB-0.25-0.9-0.9,0.0,GARC1,RUS,EMB,embA@D305G,U,{},"{""proportion"": 0.0, ""confidence"": [0.0, 0.5749693909936535], ""p_value"": 1.0, ""solo_contingency"": [[0, 2], [413, 24568]], ""contingency"": [[0, 2], [5525, 28978]]}",{}
NC00962.3,EMB-0.25-0.9-0.9,0.0,GARC1,RUS,EMB,embA@P633S,U,{},"{""proportion"": 0.0, ""confidence"": [0.0, 0.7301340512159458], ""p_value"": 1.0, ""solo_contingency"": [[0, 1], [413, 24568]], ""contingency"": [[0, 1], [5525, 28979]]}",{}
NC00962.3,EMB-0.25-0.9-0.9,0.0,GARC1,RUS,EMB,embA@R245W,U,{},"{""proportion"": 0.0, ""confidence"": [0.0, 0.7301340512159458], ""p_value"": 1.0, ""solo_contingency"": [[0, 1], [413, 24568]], ""contingency"": [[0, 1], [5525, 28979]]}",{}
NC00962.3,EMB-0.25-0.9-0.9,0.0,GARC1,RUS,EMB,embA@2545_del_gcc,U,{},"{""proportion"": 0.0, ""confidence"": [0.0, 0.7301340512159458], ""p_value"": 1.0, ""solo_contingency"": [[0, 1], [413, 24568]], ""contingency"": [[0, 1], [5525, 28979]]}",{}
NC00962.3,EMB-0.25-0.9-0.9,0.0,GARC1,RUS,EMB,embA@S1025L,U,{},"{""proportion"": 0.0, ""confidence"": [0.0, 0.5749693909936535], ""p_value"": 1.0, ""solo_contingency"": [[0, 2], [413, 24568]], ""contingency"": [[0, 2], [5525, 28978]]}",{}
NC00962.3,EMB-0.25-0.9-0.9,0.0,GARC1,RUS,EMB,embB@V452L,U,{},"{""proportion"": 0.0, ""confidence"": [0.0, 0.5749693909936535], ""p_value"": 1.0, ""solo_contingency"": [[0, 2], [413, 24568]], ""contingency"": [[0, 2], [5525, 28978]]}",{}
NC00962.3,EMB-0.25-0.9-0.9,0.0,GARC1,RUS,EMB,embA@S809F,U,{},"{""proportion"": 0.0, ""confidence"": [0.0, 0.7301340512159458], ""p_value"": 1.0, ""solo_contingency"": [[0, 1], [413, 24568]], ""contingency"": [[0, 1], [5525, 28979]]}",{}
NC00962.3,EMB-0.25-0.9-0.9,0.0,GARC1,RUS,EMB,embA@P774S,U,{},"{""proportion"": 0.0, ""confidence"": [0.0, 0.5749693909936535], ""p_value"": 1.0, ""solo_contingency"": [[0, 2], [413, 24568]], ""contingency"": [[0, 2], [5525, 28978]]}",{}
NC00962.3,EMB-0.25-0.9-0.9,0.0,GARC1,RUS,EMB,embA@R68P,U,{},"{""proportion"": 0.0, ""confidence"": [0.0, 0.4741955741575127], ""p_value"": 1.0, ""solo_contingency"": [[0, 3], [413, 24568]], ""contingency"": [[0, 3], [5525, 28977]]}",{}
NC00962.3,EMB-0.25-0.9-0.9,0.0,GARC1,RUS,EMB,embB@F1012L,U,{},"{""proportion"": 0.0, ""confidence"": [0.0, 0.40347862520270455], ""p_value"": 0.578125, ""solo_contingency"": [[0, 4], [413, 24568]], ""contingency"": [[0, 4], [5525, 28976]]}",{}
NC00962.3,EMB-0.25-0.9-0.9,0.0,GARC1,RUS,EMB,embA@S768I,U,{},"{""proportion"": 0.0, ""confidence"": [0.0, 0.7301340512159458], ""p_value"": 1.0, ""solo_contingency"": [[0, 1], [413, 24568]], ""contingency"": [[0, 1], [5525, 28979]]}",{}
NC00962.3,EMB-0.25-0.9-0.9,0.0,GARC1,RUS,EMB,embB@M916T,U,{},"{""proportion"": 0.0, ""confidence"": [0.0, 0.5749693909936535], ""p_value"": 1.0, ""solo_contingency"": [[0, 2], [413, 24568]], ""contingency"": [[0, 2], [5525, 28978]]}",{}
NC00962.3,EMB-0.25-0.9-0.9,0.0,GARC1,RUS,EMB,embA@C527S,U,{},"{""proportion"": 0.0, ""confidence"": [0.0, 0.7301340512159458], ""p_value"": 1.0, ""solo_contingency"": [[0, 1], [413, 24568]], ""contingency"": [[0, 1], [5525, 28979]]}",{}
NC00962.3,EMB-0.25-0.9-0.9,0.0,GARC1,RUS,EMB,embB@K938N,U,{},"{""proportion"": 0.0, ""confidence"": [0.0, 0.4741955741575127], ""p_value"": 1.0, ""solo_contingency"": [[0, 3], [413, 24568]], ""contingency"": [[0, 3], [5525, 28977]]}",{}
NC00962.3,EMB-0.25-0.9-0.9,0.0,GARC1,RUS,EMB,embB@Q51P,U,{},"{""proportion"": 0.0, ""confidence"": [0.0, 0.31078398130591417], ""p_value"": 0.347412109375, ""solo_contingency"": [[0, 6], [413, 24568]], ""contingency"": [[0, 6], [5525, 28974]]}",{}
NC00962.3,EMB-0.25-0.9-0.9,0.0,GARC1,RUS,EMB,embA@G972R,U,{},"{""proportion"": 0.0, ""confidence"": [0.0, 0.5749693909936535], ""p_value"": 1.0, ""solo_contingency"": [[0, 2], [413, 24568]], ""contingency"": [[0, 2], [5525, 28978]]}",{}
NC00962.3,EMB-0.25-0.9-0.9,0.0,GARC1,RUS,EMB,embB@M714I,U,{},"{""proportion"": 0.0, ""confidence"": [0.0, 0.7301340512159458], ""p_value"": 1.0, ""solo_contingency"": [[0, 1], [413, 24568]], ""contingency"": [[0, 1], [5525, 28979]]}",{}
NC00962.3,EMB-0.25-0.9-0.9,0.0,GARC1,RUS,EMB,embA@V676A,U,{},"{""proportion"": 0.0, ""confidence"": [0.0, 0.7301340512159458], ""p_value"": 1.0, ""solo_contingency"": [[0, 1], [413, 24568]], ""contingency"": [[0, 1], [5525, 28979]]}",{}
NC00962.3,EMB-0.25-0.9-0.9,0.0,GARC1,RUS,EMB,embB@E976K,U,{},"{""proportion"": 0.0, ""confidence"": [0.0, 0.7301340512159458], ""p_value"": 1.0, ""solo_contingency"": [[0, 1], [413, 24568]], ""contingency"": [[0, 1], [5525, 28979]]}",{}
NC00962.3,EMB-0.25-0.9-0.9,0.0,GARC1,RUS,EMB,embA@R969W,U,{},"{""proportion"": 0.0, ""confidence"": [0.0, 0.5749693909936535], ""p_value"": 1.0, ""solo_contingency"": [[0, 2], [413, 24568]], ""contingency"": [[0, 2], [5525, 28978]]}",{}
NC00962.3,EMB-0.25-0.9-0.9,0.0,GARC1,RUS,EMB,embA@I877T,U,{},"{""proportion"": 0.0, ""confidence"": [0.0, 0.5749693909936535], ""p_value"": 1.0, ""solo_contingency"": [[0, 2], [413, 24568]], ""contingency"": [[0, 2], [5525, 28978]]}",{}
NC00962.3,EMB-0.25-0.9-0.9,0.0,GARC1,RUS,EMB,embB@2325_ins_cccttg,U,{},"{""proportion"": 0.0, ""confidence"": [0.0, 0.7301340512159458], ""p_value"": 1.0, ""solo_contingency"": [[0, 1], [413, 24568]], ""contingency"": [[0, 1], [5525, 28979]]}",{}
NC00962.3,EMB-0.25-0.9-0.9,0.0,GARC1,RUS,EMB,embB@L17W,U,{},"{""proportion"": 0.0, ""confidence"": [0.0, 0.7301340512159458], ""p_value"": 1.0, ""solo_contingency"": [[0, 1], [413, 24568]], ""contingency"": [[0, 2], [5525, 28978]]}",{}
NC00962.3,EMB-0.25-0.9-0.9,0.0,GARC1,RUS,EMB,embA@G998D,U,{},"{""proportion"": 0.0, ""confidence"": [0.0, 0.7301340512159458], ""p_value"": 1.0, ""solo_contingency"": [[0, 1], [413, 24568]], ""contingency"": [[0, 1], [5525, 28979]]}",{}
NC00962.3,EMB-0.25-0.9-0.9,0.0,GARC1,RUS,EMB,embB@R173P,U,{},"{""proportion"": 0.0, ""confidence"": [0.0, 0.7301340512159458], ""p_value"": 1.0, ""solo_contingency"": [[0, 1], [413, 24568]], ""contingency"": [[0, 1], [5525, 28979]]}",{}
NC00962.3,EMB-0.25-0.9-0.9,0.0,GARC1,RUS,EMB,embA@P455L,U,{},"{""proportion"": 0.0, ""confidence"": [0.0, 0.7301340512159458], ""p_value"": 1.0, ""solo_contingency"": [[0, 1], [413, 24568]], ""contingency"": [[0, 1], [5525, 28979]]}",{}
NC00962.3,EMB-0.25-0.9-0.9,0.0,GARC1,RUS,EMB,embA@L344R,U,{},"{""proportion"": 0.0, ""confidence"": [0.0, 0.7301340512159458], ""p_value"": 1.0, ""solo_contingency"": [[0, 1], [413, 24568]], ""contingency"": [[0, 1], [5525, 28979]]}",{}
NC00962.3,EMB-0.25-0.9-0.9,0.0,GARC1,RUS,EMB,embA@C76F,U,{},"{""proportion"": 0.0, ""confidence"": [0.0, 0.7301340512159458], ""p_value"": 1.0, ""solo_contingency"": [[0, 1], [413, 24568]], ""contingency"": [[0, 1], [5525, 28979]]}",{}
NC00962.3,EMB-0.25-0.9-0.9,0.0,GARC1,RUS,EMB,embA@V676I,U,{},"{""proportion"": 0.0, ""confidence"": [0.0, 0.7301340512159458], ""p_value"": 1.0, ""solo_contingency"": [[0, 1], [413, 24568]], ""contingency"": [[0, 1], [5525, 28979]]}",{}
NC00962.3,EMB-0.25-0.9-0.9,0.0,GARC1,RUS,EMB,embB@E958G,U,{},"{""proportion"": 0.0, ""confidence"": [0.0, 0.7301340512159458], ""p_value"": 1.0, ""solo_contingency"": [[0, 1], [413, 24568]], ""contingency"": [[0, 1], [5525, 28979]]}",{}
NC00962.3,EMB-0.25-0.9-0.9,0.0,GARC1,RUS,EMB,embA@N510T,U,{},"{""proportion"": 0.0, ""confidence"": [0.0, 0.7301340512159458], ""p_value"": 1.0, ""solo_contingency"": [[0, 1], [413, 24568]], ""contingency"": [[0, 1], [5525, 28979]]}",{}
NC00962.3,EMB-0.25-0.9-0.9,0.0,GARC1,RUS,EMB,embA@L347R,U,{},"{""proportion"": 0.0, ""confidence"": [0.0, 0.7301340512159458], ""p_value"": 1.0, ""solo_contingency"": [[0, 1], [413, 24568]], ""contingency"": [[0, 1], [5525, 28979]]}",{}
NC00962.3,EMB-0.25-0.9-0.9,0.0,GARC1,RUS,EMB,embB@S856R,U,{},"{""proportion"": 0.0, ""confidence"": [0.0, 0.7301340512159458], ""p_value"": 1.0, ""solo_contingency"": [[0, 1], [413, 24568]], ""contingency"": [[0, 2], [5525, 28978]]}",{}
NC00962.3,EMB-0.25-0.9-0.9,0.0,GARC1,RUS,EMB,embB@G1035S,U,{},"{""proportion"": 0.0, ""confidence"": [0.0, 0.7301340512159458], ""p_value"": 1.0, ""solo_contingency"": [[0, 1], [413, 24568]], ""contingency"": [[0, 1], [5525, 28979]]}",{}
NC00962.3,EMB-0.25-0.9-0.9,0.0,GARC1,RUS,EMB,embB@G871V,U,{},"{""proportion"": 0.0, ""confidence"": [0.0, 0.7301340512159458], ""p_value"": 1.0, ""solo_contingency"": [[0, 1], [413, 24568]], ""contingency"": [[0, 1], [5525, 28979]]}",{}
NC00962.3,EMB-0.25-0.9-0.9,0.0,GARC1,RUS,EMB,embA@c-34t,U,{},"{""proportion"": 0.0, ""confidence"": [0.0, 0.3511165007651012], ""p_value"": 0.34082031250000006, ""solo_contingency"": [[0, 5], [413, 24568]], ""contingency"": [[0, 5], [5525, 28975]]}",{}
NC00962.3,EMB-0.25-0.9-0.9,0.0,GARC1,RUS,EMB,embB@A801T,U,{},"{""proportion"": 0.0, ""confidence"": [0.0, 0.40347862520270455], ""p_value"": 0.578125, ""solo_contingency"": [[0, 4], [413, 24568]], ""contingency"": [[0, 4], [5525, 28976]]}",{}
NC00962.3,EMB-0.25-0.9-0.9,0.0,GARC1,RUS,EMB,embA@A159P,U,{},"{""proportion"": 0.0, ""confidence"": [0.0, 0.7301340512159458], ""p_value"": 1.0, ""solo_contingency"": [[0, 1], [413, 24568]], ""contingency"": [[0, 1], [5525, 28979]]}",{}
NC00962.3,EMB-0.25-0.9-0.9,0.0,GARC1,RUS,EMB,embA@P32L,U,{},"{""proportion"": 0.0, ""confidence"": [0.0, 0.7301340512159458], ""p_value"": 1.0, ""solo_contingency"": [[0, 1], [413, 24568]], ""contingency"": [[0, 1], [5525, 28979]]}",{}
NC00962.3,EMB-0.25-0.9-0.9,0.0,GARC1,RUS,EMB,embB@A637T,U,{},"{""proportion"": 0.0, ""confidence"": [0.0, 0.7301340512159458], ""p_value"": 1.0, ""solo_contingency"": [[0, 1], [413, 24568]], ""contingency"": [[0, 1], [5525, 28979]]}",{}
NC00962.3,EMB-0.25-0.9-0.9,0.0,GARC1,RUS,EMB,embB@D178H,U,{},"{""proportion"": 0.0, ""confidence"": [0.0, 0.7301340512159458], ""p_value"": 1.0, ""solo_contingency"": [[0, 1], [413, 24568]], ""contingency"": [[0, 1], [5525, 28979]]}",{}
NC00962.3,EMB-0.25-0.9-0.9,0.0,GARC1,RUS,EMB,embA@Y635H,U,{},"{""proportion"": 0.0, ""confidence"": [0.0, 0.7301340512159458], ""p_value"": 1.0, ""solo_contingency"": [[0, 1], [413, 24568]], ""contingency"": [[0, 1], [5525, 28979]]}",{}
NC00962.3,EMB-0.25-0.9-0.9,0.0,GARC1,RUS,EMB,embB@T642A,U,{},"{""proportion"": 0.0, ""confidence"": [0.0, 0.7301340512159458], ""p_value"": 1.0, ""solo_contingency"": [[0, 1], [413, 24568]], ""contingency"": [[5, 1], [5520, 28979]]}",{}
NC00962.3,EMB-0.25-0.9-0.9,0.0,GARC1,RUS,EMB,embB@Y813D,U,{},"{""proportion"": 0.0, ""confidence"": [0.0, 0.5749693909936535], ""p_value"": 1.0, ""solo_contingency"": [[0, 2], [413, 24568]], ""contingency"": [[0, 2], [5525, 28978]]}",{}
NC00962.3,EMB-0.25-0.9-0.9,0.0,GARC1,RUS,EMB,embA@F927L,U,{},"{""proportion"": 0.0, ""confidence"": [0.0, 0.7301340512159458], ""p_value"": 1.0, ""solo_contingency"": [[0, 1], [413, 24568]], ""contingency"": [[0, 1], [5525, 28979]]}",{}
NC00962.3,EMB-0.25-0.9-0.9,0.0,GARC1,RUS,EMB,embA@G29S,U,{},"{""proportion"": 0.0, ""confidence"": [0.0, 0.7301340512159458], ""p_value"": 1.0, ""solo_contingency"": [[0, 1], [413, 24568]], ""contingency"": [[0, 1], [5525, 28979]]}",{}
NC00962.3,EMB-0.25-0.9-0.9,0.0,GARC1,RUS,EMB,embA@G596D,U,{},"{""proportion"": 0.0, ""confidence"": [0.0, 0.5749693909936535], ""p_value"": 1.0, ""solo_contingency"": [[0, 2], [413, 24568]], ""contingency"": [[0, 2], [5525, 28978]]}",{}
NC00962.3,EMB-0.25-0.9-0.9,0.0,GARC1,RUS,EMB,embB@T667A,U,{},"{""proportion"": 0.0, ""confidence"": [0.0, 0.7301340512159458], ""p_value"": 1.0, ""solo_contingency"": [[0, 1], [413, 24568]], ""contingency"": [[0, 1], [5525, 28979]]}",{}
NC00962.3,EMB-0.25-0.9-0.9,0.0,GARC1,RUS,EMB,embB@A379V,U,{},"{""proportion"": 0.0, ""confidence"": [0.0, 0.7301340512159458], ""p_value"": 1.0, ""solo_contingency"": [[0, 1], [413, 24568]], ""contingency"": [[0, 1], [5525, 28979]]}",{}
NC00962.3,EMB-0.25-0.9-0.9,0.0,GARC1,RUS,EMB,embB@Y977H,U,{},"{""proportion"": 0.0, ""confidence"": [0.0, 0.7301340512159458], ""p_value"": 1.0, ""solo_contingency"": [[0, 1], [413, 24568]], ""contingency"": [[0, 1], [5525, 28979]]}",{}
NC00962.3,EMB-0.25-0.9-0.9,0.0,GARC1,RUS,EMB,embB@T31A,U,{},"{""proportion"": 0.0, ""confidence"": [0.0, 0.7301340512159458], ""p_value"": 1.0, ""solo_contingency"": [[0, 1], [413, 24568]], ""contingency"": [[0, 1], [5525, 28979]]}",{}
NC00962.3,EMB-0.25-0.9-0.9,0.0,GARC1,RUS,EMB,embB@N807D,U,{},"{""proportion"": 0.0, ""confidence"": [0.0, 0.31078398130591417], ""p_value"": 0.347412109375, ""solo_contingency"": [[0, 6], [413, 24568]], ""contingency"": [[1, 6], [5524, 28974]]}",{}
NC00962.3,EMB-0.25-0.9-0.9,0.0,GARC1,RUS,EMB,embB@V654M,U,{},"{""proportion"": 0.0, ""confidence"": [0.0, 0.7301340512159458], ""p_value"": 1.0, ""solo_contingency"": [[0, 1], [413, 24568]], ""contingency"": [[0, 1], [5525, 28979]]}",{}
NC00962.3,EMB-0.25-0.9-0.9,0.0,GARC1,RUS,EMB,embB@P183S,U,{},"{""proportion"": 0.0, ""confidence"": [0.0, 0.7301340512159458], ""p_value"": 1.0, ""solo_contingency"": [[0, 1], [413, 24568]], ""contingency"": [[0, 1], [5525, 28979]]}",{}
NC00962.3,EMB-0.25-0.9-0.9,0.0,GARC1,RUS,EMB,embB@T797P,U,{},"{""proportion"": 0.0, ""confidence"": [0.0, 0.5749693909936535], ""p_value"": 1.0, ""solo_contingency"": [[0, 2], [413, 24568]], ""contingency"": [[0, 2], [5525, 28978]]}",{}
NC00962.3,EMB-0.25-0.9-0.9,0.0,GARC1,RUS,EMB,embB@G106R,U,{},"{""proportion"": 0.0, ""confidence"": [0.0, 0.7301340512159458], ""p_value"": 1.0, ""solo_contingency"": [[0, 1], [413, 24568]], ""contingency"": [[0, 1], [5525, 28979]]}",{}
NC00962.3,EMB-0.25-0.9-0.9,0.0,GARC1,RUS,EMB,embB@V292F,U,{},"{""proportion"": 0.0, ""confidence"": [0.0, 0.4741955741575127], ""p_value"": 1.0, ""solo_contingency"": [[0, 3], [413, 24568]], ""contingency"": [[0, 3], [5525, 28977]]}",{}
NC00962.3,EMB-0.25-0.9-0.9,0.0,GARC1,RUS,EMB,embB@V492L,U,{},"{""proportion"": 0.0, ""confidence"": [0.0, 0.7301340512159458], ""p_value"": 1.0, ""solo_contingency"": [[0, 1], [413, 24568]], ""contingency"": [[0, 1], [5525, 28979]]}",{}
NC00962.3,EMB-0.25-0.9-0.9,0.0,GARC1,RUS,EMB,embA@D1049A,U,{},"{""proportion"": 0.0, ""confidence"": [0.0, 0.7301340512159458], ""p_value"": 1.0, ""solo_contingency"": [[0, 1], [413, 24568]], ""contingency"": [[0, 1], [5525, 28979]]}",{}
NC00962.3,EMB-0.25-0.9-0.9,0.0,GARC1,RUS,EMB,embB@T520S,U,{},"{""proportion"": 0.0, ""confidence"": [0.0, 0.7301340512159458], ""p_value"": 1.0, ""solo_contingency"": [[0, 1], [413, 24568]], ""contingency"": [[0, 1], [5525, 28979]]}",{}
NC00962.3,EMB-0.25-0.9-0.9,0.0,GARC1,RUS,EMB,embB@G1005D,U,{},"{""proportion"": 0.0, ""confidence"": [0.0, 0.7301340512159458], ""p_value"": 1.0, ""solo_contingency"": [[0, 1], [413, 24568]], ""contingency"": [[0, 1], [5525, 28979]]}",{}
NC00962.3,EMB-0.25-0.9-0.9,0.0,GARC1,RUS,EMB,embB@A232T,U,{},"{""proportion"": 0.0, ""confidence"": [0.0, 0.5749693909936535], ""p_value"": 1.0, ""solo_contingency"": [[0, 2], [413, 24568]], ""contingency"": [[0, 2], [5525, 28978]]}",{}
NC00962.3,EMB-0.25-0.9-0.9,0.0,GARC1,RUS,EMB,embA@P988L,U,{},"{""proportion"": 0.0, ""confidence"": [0.0, 0.7301340512159458], ""p_value"": 1.0, ""solo_contingency"": [[0, 1], [413, 24568]], ""contingency"": [[0, 1], [5525, 28979]]}",{}
NC00962.3,EMB-0.25-0.9-0.9,0.0,GARC1,RUS,EMB,embB@D240Y,U,{},"{""proportion"": 0.0, ""confidence"": [0.0, 0.7301340512159458], ""p_value"": 1.0, ""solo_contingency"": [[0, 1], [413, 24568]], ""contingency"": [[0, 1], [5525, 28979]]}",{}
NC00962.3,EMB-0.25-0.9-0.9,0.0,GARC1,RUS,EMB,embB@G96E,U,{},"{""proportion"": 0.0, ""confidence"": [0.0, 0.7301340512159458], ""p_value"": 1.0, ""solo_contingency"": [[0, 1], [413, 24568]], ""contingency"": [[0, 1], [5525, 28979]]}",{}
NC00962.3,EMB-0.25-0.9-0.9,0.0,GARC1,RUS,EMB,embB@A840V,U,{},"{""proportion"": 0.0, ""confidence"": [0.0, 0.7301340512159458], ""p_value"": 1.0, ""solo_contingency"": [[0, 1], [413, 24568]], ""contingency"": [[0, 1], [5525, 28979]]}",{}
NC00962.3,EMB-0.25-0.9-0.9,0.0,GARC1,RUS,EMB,embB@D1041A,U,{},"{""proportion"": 0.0, ""confidence"": [0.0, 0.7301340512159458], ""p_value"": 1.0, ""solo_contingency"": [[0, 1], [413, 24568]], ""contingency"": [[0, 1], [5525, 28979]]}",{}
NC00962.3,EMB-0.25-0.9-0.9,0.0,GARC1,RUS,EMB,embB@G745R,U,{},"{""proportion"": 0.0, ""confidence"": [0.0, 0.7301340512159458], ""p_value"": 1.0, ""solo_contingency"": [[0, 1], [413, 24568]], ""contingency"": [[0, 1], [5525, 28979]]}",{}
NC00962.3,EMB-0.25-0.9-0.9,0.0,GARC1,RUS,EMB,embA@A461T,U,{},"{""proportion"": 0.0, ""confidence"": [0.0, 0.7301340512159458], ""p_value"": 1.0, ""solo_contingency"": [[0, 1], [413, 24568]], ""contingency"": [[0, 1], [5525, 28979]]}",{}
NC00962.3,EMB-0.25-0.9-0.9,0.0,GARC1,RUS,EMB,embA@I30V,U,{},"{""proportion"": 0.0, ""confidence"": [0.0, 0.7301340512159458], ""p_value"": 1.0, ""solo_contingency"": [[0, 1], [413, 24568]], ""contingency"": [[0, 1], [5525, 28979]]}",{}
NC00962.3,EMB-0.25-0.9-0.9,0.0,GARC1,RUS,EMB,embA@A593V,U,{},"{""proportion"": 0.0, ""confidence"": [0.0, 0.7301340512159458], ""p_value"": 1.0, ""solo_contingency"": [[0, 1], [413, 24568]], ""contingency"": [[0, 1], [5525, 28979]]}",{}
NC00962.3,EMB-0.25-0.9-0.9,0.0,GARC1,RUS,EMB,embA@T197R,U,{},"{""proportion"": 0.0, ""confidence"": [0.0, 0.7301340512159458], ""p_value"": 1.0, ""solo_contingency"": [[0, 1], [413, 24568]], ""contingency"": [[0, 1], [5525, 28979]]}",{}
NC00962.3,EMB-0.25-0.9-0.9,0.0,GARC1,RUS,EMB,embB@A386E,U,{},"{""proportion"": 0.0, ""confidence"": [0.0, 0.278762695452542], ""p_value"": 0.20404052734375, ""solo_contingency"": [[0, 7], [413, 24568]], ""contingency"": [[0, 7], [5525, 28973]]}",{}
NC00962.3,EMB-0.25-0.9-0.9,0.0,GARC1,RUS,EMB,embB@G745A,U,{},"{""proportion"": 0.0, ""confidence"": [0.0, 0.7301340512159458], ""p_value"": 1.0, ""solo_contingency"": [[0, 1], [413, 24568]], ""contingency"": [[0, 1], [5525, 28979]]}",{}
NC00962.3,EMB-0.25-0.9-0.9,0.0,GARC1,RUS,EMB,embA@R444W,U,{},"{""proportion"": 0.0, ""confidence"": [0.0, 0.7301340512159458], ""p_value"": 1.0, ""solo_contingency"": [[0, 1], [413, 24568]], ""contingency"": [[0, 1], [5525, 28979]]}",{}
NC00962.3,EMB-0.25-0.9-0.9,0.0,GARC1,RUS,EMB,embA@P958L,U,{},"{""proportion"": 0.0, ""confidence"": [0.0, 0.7301340512159458], ""p_value"": 1.0, ""solo_contingency"": [[0, 1], [413, 24568]], ""contingency"": [[0, 1], [5525, 28979]]}",{}
NC00962.3,EMB-0.25-0.9-0.9,0.0,GARC1,RUS,EMB,embA@E779Q,U,{},"{""proportion"": 0.0, ""confidence"": [0.0, 0.4741955741575127], ""p_value"": 1.0, ""solo_contingency"": [[0, 3], [413, 24568]], ""contingency"": [[0, 3], [5525, 28977]]}",{}
NC00962.3,EMB-0.25-0.9-0.9,0.0,GARC1,RUS,EMB,embA@1783_ins_tcggtctacatagtcgac,U,{},"{""proportion"": 0.0, ""confidence"": [0.0, 0.7301340512159458], ""p_value"": 1.0, ""solo_contingency"": [[0, 1], [413, 24568]], ""contingency"": [[0, 1], [5525, 28979]]}",{}
NC00962.3,EMB-0.25-0.9-0.9,0.0,GARC1,RUS,EMB,embB@S261A,U,{},"{""proportion"": 0.0, ""confidence"": [0.0, 0.7301340512159458], ""p_value"": 1.0, ""solo_contingency"": [[0, 1], [413, 24568]], ""contingency"": [[0, 1], [5525, 28979]]}",{}
NC00962.3,EMB-0.25-0.9-0.9,0.0,GARC1,RUS,EMB,embA@T308K,U,{},"{""proportion"": 0.0, ""confidence"": [0.0, 0.7301340512159458], ""p_value"": 1.0, ""solo_contingency"": [[0, 1], [413, 24568]], ""contingency"": [[0, 1], [5525, 28979]]}",{}
NC00962.3,EMB-0.25-0.9-0.9,0.0,GARC1,RUS,EMB,embA@S250G,U,{},"{""proportion"": 0.0, ""confidence"": [0.0, 0.7301340512159458], ""p_value"": 1.0, ""solo_contingency"": [[0, 1], [413, 24568]], ""contingency"": [[0, 1], [5525, 28979]]}",{}
NC00962.3,EMB-0.25-0.9-0.9,0.0,GARC1,RUS,EMB,embA@I1007V,U,{},"{""proportion"": 0.0, ""confidence"": [0.0, 0.7301340512159458], ""p_value"": 1.0, ""solo_contingency"": [[0, 1], [413, 24568]], ""contingency"": [[0, 1], [5525, 28979]]}",{}
NC00962.3,EMB-0.25-0.9-0.9,0.0,GARC1,RUS,EMB,embB@V944A,U,{},"{""proportion"": 0.0, ""confidence"": [0.0, 0.4741955741575127], ""p_value"": 1.0, ""solo_contingency"": [[0, 3], [413, 24568]], ""contingency"": [[0, 3], [5525, 28977]]}",{}
NC00962.3,EMB-0.25-0.9-0.9,0.0,GARC1,RUS,EMB,embB@A941T,U,{},"{""proportion"": 0.0, ""confidence"": [0.0, 0.7301340512159458], ""p_value"": 1.0, ""solo_contingency"": [[0, 1], [413, 24568]], ""contingency"": [[0, 1], [5525, 28979]]}",{}
NC00962.3,EMB-0.25-0.9-0.9,0.0,GARC1,RUS,EMB,embA@g-75a,U,{},"{""proportion"": 0.0, ""confidence"": [0.0, 0.7301340512159458], ""p_value"": 1.0, ""solo_contingency"": [[0, 1], [413, 24568]], ""contingency"": [[0, 1], [5525, 28979]]}",{}
NC00962.3,EMB-0.25-0.9-0.9,0.0,GARC1,RUS,EMB,embA@A930V,U,{},"{""proportion"": 0.0, ""confidence"": [0.0, 0.7301340512159458], ""p_value"": 1.0, ""solo_contingency"": [[0, 1], [413, 24568]], ""contingency"": [[0, 1], [5525, 28979]]}",{}
NC00962.3,EMB-0.25-0.9-0.9,0.0,GARC1,RUS,EMB,embA@G210V,U,{},"{""proportion"": 0.0, ""confidence"": [0.0, 0.7301340512159458], ""p_value"": 1.0, ""solo_contingency"": [[0, 1], [413, 24568]], ""contingency"": [[0, 1], [5525, 28979]]}",{}
NC00962.3,EMB-0.25-0.9-0.9,0.0,GARC1,RUS,EMB,embB@R625W,U,{},"{""proportion"": 0.0, ""confidence"": [0.0, 0.7301340512159458], ""p_value"": 1.0, ""solo_contingency"": [[0, 1], [413, 24568]], ""contingency"": [[0, 1], [5525, 28979]]}",{}
NC00962.3,EMB-0.25-0.9-0.9,0.0,GARC1,RUS,EMB,embB@V612M,U,{},"{""proportion"": 0.0, ""confidence"": [0.0, 0.7301340512159458], ""p_value"": 1.0, ""solo_contingency"": [[0, 1], [413, 24568]], ""contingency"": [[0, 1], [5525, 28979]]}",{}
NC00962.3,EMB-0.25-0.9-0.9,0.0,GARC1,RUS,EMB,embB@G696A,U,{},"{""proportion"": 0.0, ""confidence"": [0.0, 0.7301340512159458], ""p_value"": 1.0, ""solo_contingency"": [[0, 1], [413, 24568]], ""contingency"": [[0, 1], [5525, 28979]]}",{}
NC00962.3,EMB-0.25-0.9-0.9,0.0,GARC1,RUS,EMB,embA@A921S,U,{},"{""proportion"": 0.0, ""confidence"": [0.0, 0.5749693909936535], ""p_value"": 1.0, ""solo_contingency"": [[0, 2], [413, 24568]], ""contingency"": [[0, 2], [5525, 28978]]}",{}
NC00962.3,EMB-0.25-0.9-0.9,0.0,GARC1,RUS,EMB,embB@R464Q,U,{},"{""proportion"": 0.0, ""confidence"": [0.0, 0.7301340512159458], ""p_value"": 1.0, ""solo_contingency"": [[0, 1], [413, 24568]], ""contingency"": [[0, 1], [5525, 28979]]}",{}
NC00962.3,EMB-0.25-0.9-0.9,0.0,GARC1,RUS,EMB,embB@A484T,U,{},"{""proportion"": 0.0, ""confidence"": [0.0, 0.7301340512159458], ""p_value"": 1.0, ""solo_contingency"": [[0, 1], [413, 24568]], ""contingency"": [[0, 1], [5525, 28979]]}",{}
NC00962.3,EMB-0.25-0.9-0.9,0.0,GARC1,RUS,EMB,embA@G230S,U,{},"{""proportion"": 0.0, ""confidence"": [0.0, 0.4741955741575127], ""p_value"": 1.0, ""solo_contingency"": [[0, 3], [413, 24568]], ""contingency"": [[0, 3], [5525, 28977]]}",{}
NC00962.3,EMB-0.25-0.9-0.9,0.0,GARC1,RUS,EMB,embA@I141T,U,{},"{""proportion"": 0.0, ""confidence"": [0.0, 0.5749693909936535], ""p_value"": 1.0, ""solo_contingency"": [[0, 2], [413, 24568]], ""contingency"": [[0, 2], [5525, 28978]]}",{}
NC00962.3,EMB-0.25-0.9-0.9,0.0,GARC1,RUS,EMB,embA@V18I,U,{},"{""proportion"": 0.0, ""confidence"": [0.0, 0.5749693909936535], ""p_value"": 1.0, ""solo_contingency"": [[0, 2], [413, 24568]], ""contingency"": [[0, 2], [5525, 28978]]}",{}
NC00962.3,EMB-0.25-0.9-0.9,0.0,GARC1,RUS,EMB,embA@G547R,U,{},"{""proportion"": 0.0, ""confidence"": [0.0, 0.7301340512159458], ""p_value"": 1.0, ""solo_contingency"": [[0, 1], [413, 24568]], ""contingency"": [[0, 1], [5525, 28979]]}",{}
NC00962.3,EMB-0.25-0.9-0.9,0.0,GARC1,RUS,EMB,embB@R468H,U,{},"{""proportion"": 0.0, ""confidence"": [0.0, 0.7301340512159458], ""p_value"": 1.0, ""solo_contingency"": [[0, 1], [413, 24568]], ""contingency"": [[0, 1], [5525, 28979]]}",{}
NC00962.3,EMB-0.25-0.9-0.9,0.0,GARC1,RUS,EMB,embA@g-51a,U,{},"{""proportion"": 0.0, ""confidence"": [0.0, 0.7301340512159458], ""p_value"": 1.0, ""solo_contingency"": [[0, 1], [413, 24568]], ""contingency"": [[0, 1], [5525, 28979]]}",{}
NC00962.3,EMB-0.25-0.9-0.9,0.0,GARC1,RUS,EMB,embB@S622W,U,{},"{""proportion"": 0.0, ""confidence"": [0.0, 0.7301340512159458], ""p_value"": 1.0, ""solo_contingency"": [[0, 1], [413, 24568]], ""contingency"": [[0, 1], [5525, 28979]]}",{}
NC00962.3,EMB-0.25-0.9-0.9,0.0,GARC1,RUS,EMB,embB@D1060N,U,{},"{""proportion"": 0.0, ""confidence"": [0.0, 0.7301340512159458], ""p_value"": 1.0, ""solo_contingency"": [[0, 1], [413, 24568]], ""contingency"": [[0, 1], [5525, 28979]]}",{}
NC00962.3,EMB-0.25-0.9-0.9,0.0,GARC1,RUS,EMB,embA@P802L,U,{},"{""proportion"": 0.0, ""confidence"": [0.0, 0.40347862520270455], ""p_value"": 0.578125, ""solo_contingency"": [[0, 4], [413, 24568]], ""contingency"": [[0, 4], [5525, 28976]]}",{}
NC00962.3,EMB-0.25-0.9-0.9,0.0,GARC1,RUS,EMB,embB@T215I,U,{},"{""proportion"": 0.0, ""confidence"": [0.0, 0.7301340512159458], ""p_value"": 1.0, ""solo_contingency"": [[0, 1], [413, 24568]], ""contingency"": [[0, 1], [5525, 28979]]}",{}
NC00962.3,EMB-0.25-0.9-0.9,0.0,GARC1,RUS,EMB,embB@P655L,U,{},"{""proportion"": 0.0, ""confidence"": [0.0, 0.7301340512159458], ""p_value"": 1.0, ""solo_contingency"": [[0, 1], [413, 24568]], ""contingency"": [[0, 1], [5525, 28979]]}",{}
NC00962.3,EMB-0.25-0.9-0.9,0.0,GARC1,RUS,EMB,embA@t-28g,U,{},"{""proportion"": 0.0, ""confidence"": [0.0, 0.7301340512159458], ""p_value"": 1.0, ""solo_contingency"": [[0, 1], [413, 24568]], ""contingency"": [[0, 1], [5525, 28979]]}",{}
NC00962.3,EMB-0.25-0.9-0.9,0.0,GARC1,RUS,EMB,embA@A448G,U,{},"{""proportion"": 0.0, ""confidence"": [0.0, 0.7301340512159458], ""p_value"": 1.0, ""solo_contingency"": [[0, 1], [413, 24568]], ""contingency"": [[0, 1], [5525, 28979]]}",{}
NC00962.3,EMB-0.25-0.9-0.9,0.0,GARC1,RUS,EMB,embB@H890R,U,{},"{""proportion"": 0.0, ""confidence"": [0.0, 0.7301340512159458], ""p_value"": 1.0, ""solo_contingency"": [[0, 1], [413, 24568]], ""contingency"": [[0, 1], [5525, 28979]]}",{}
NC00962.3,EMB-0.25-0.9-0.9,0.0,GARC1,RUS,EMB,embA@T588I,U,{},"{""proportion"": 0.0, ""confidence"": [0.0, 0.7301340512159458], ""p_value"": 1.0, ""solo_contingency"": [[0, 1], [413, 24568]], ""contingency"": [[0, 1], [5525, 28979]]}",{}
NC00962.3,EMB-0.25-0.9-0.9,0.0,GARC1,RUS,EMB,embB@P957L,U,{},"{""proportion"": 0.0, ""confidence"": [0.0, 0.7301340512159458], ""p_value"": 1.0, ""solo_contingency"": [[0, 1], [413, 24568]], ""contingency"": [[0, 1], [5525, 28979]]}",{}
NC00962.3,EMB-0.25-0.9-0.9,0.0,GARC1,RUS,EMB,embB@S980A,U,{},"{""proportion"": 0.0, ""confidence"": [0.0, 0.7301340512159458], ""p_value"": 1.0, ""solo_contingency"": [[0, 1], [413, 24568]], ""contingency"": [[0, 1], [5525, 28979]]}",{}
NC00962.3,EMB-0.25-0.9-0.9,0.0,GARC1,RUS,EMB,embB@E976Q,U,{},"{""proportion"": 0.0, ""confidence"": [0.0, 0.7301340512159458], ""p_value"": 1.0, ""solo_contingency"": [[0, 1], [413, 24568]], ""contingency"": [[0, 1], [5525, 28979]]}",{}
NC00962.3,EMB-0.25-0.9-0.9,0.0,GARC1,RUS,EMB,embA@T434A,U,{},"{""proportion"": 0.0, ""confidence"": [0.0, 0.7301340512159458], ""p_value"": 1.0, ""solo_contingency"": [[0, 1], [413, 24568]], ""contingency"": [[0, 1], [5525, 28979]]}",{}
NC00962.3,EMB-0.25-0.9-0.9,0.0,GARC1,RUS,EMB,embB@D952E,U,{},"{""proportion"": 0.0, ""confidence"": [0.0, 0.5749693909936535], ""p_value"": 1.0, ""solo_contingency"": [[0, 2], [413, 24568]], ""contingency"": [[0, 2], [5525, 28978]]}",{}
NC00962.3,EMB-0.25-0.9-0.9,0.0,GARC1,RUS,EMB,embA@W634S,U,{},"{""proportion"": 0.0, ""confidence"": [0.0, 0.7301340512159458], ""p_value"": 1.0, ""solo_contingency"": [[0, 1], [413, 24568]], ""contingency"": [[0, 1], [5525, 28979]]}",{}
NC00962.3,EMB-0.25-0.9-0.9,0.0,GARC1,RUS,EMB,embA@E508D,U,{},"{""proportion"": 0.0, ""confidence"": [0.0, 0.7301340512159458], ""p_value"": 1.0, ""solo_contingency"": [[0, 1], [413, 24568]], ""contingency"": [[0, 1], [5525, 28979]]}",{}
NC00962.3,EMB-0.25-0.9-0.9,0.0,GARC1,RUS,EMB,embB@P103H,U,{},"{""proportion"": 0.0, ""confidence"": [0.0, 0.7301340512159458], ""p_value"": 1.0, ""solo_contingency"": [[0, 1], [413, 24568]], ""contingency"": [[0, 1], [5525, 28979]]}",{}
NC00962.3,EMB-0.25-0.9-0.9,0.0,GARC1,RUS,EMB,embB@D127A,U,{},"{""proportion"": 0.0, ""confidence"": [0.0, 0.7301340512159458], ""p_value"": 1.0, ""solo_contingency"": [[0, 1], [413, 24568]], ""contingency"": [[0, 1], [5525, 28979]]}",{}
NC00962.3,EMB-0.25-0.9-0.9,0.0,GARC1,RUS,EMB,embB@A94V,U,{},"{""proportion"": 0.0, ""confidence"": [0.0, 0.5749693909936535], ""p_value"": 1.0, ""solo_contingency"": [[0, 2], [413, 24568]], ""contingency"": [[0, 2], [5525, 28978]]}",{}
NC00962.3,EMB-0.25-0.9-0.9,0.0,GARC1,RUS,EMB,embB@D166A,U,{},"{""proportion"": 0.0, ""confidence"": [0.0, 0.7301340512159458], ""p_value"": 1.0, ""solo_contingency"": [[0, 1], [413, 24568]], ""contingency"": [[0, 1], [5525, 28979]]}",{}
NC00962.3,EMB-0.25-0.9-0.9,0.0,GARC1,RUS,EMB,embA@G823R,U,{},"{""proportion"": 0.0, ""confidence"": [0.0, 0.7301340512159458], ""p_value"": 1.0, ""solo_contingency"": [[0, 1], [413, 24568]], ""contingency"": [[0, 1], [5525, 28979]]}",{}
NC00962.3,EMB-0.25-0.9-0.9,0.0,GARC1,RUS,EMB,embB@V83A,U,{},"{""proportion"": 0.0, ""confidence"": [0.0, 0.7301340512159458], ""p_value"": 1.0, ""solo_contingency"": [[0, 1], [413, 24568]], ""contingency"": [[0, 1], [5525, 28979]]}",{}
NC00962.3,EMB-0.25-0.9-0.9,0.0,GARC1,RUS,EMB,embB@G1097A,U,{},"{""proportion"": 0.0, ""confidence"": [0.0, 0.7301340512159458], ""p_value"": 1.0, ""solo_contingency"": [[0, 1], [413, 24568]], ""contingency"": [[0, 1], [5525, 28979]]}",{}
NC00962.3,EMB-0.25-0.9-0.9,0.0,GARC1,RUS,EMB,embA@L978W,U,{},"{""proportion"": 0.0, ""confidence"": [0.0, 0.7301340512159458], ""p_value"": 1.0, ""solo_contingency"": [[0, 1], [413, 24568]], ""contingency"": [[0, 1], [5525, 28979]]}",{}
NC00962.3,EMB-0.25-0.9-0.9,0.0,GARC1,RUS,EMB,embB@L528V,U,{},"{""proportion"": 0.0, ""confidence"": [0.0, 0.7301340512159458], ""p_value"": 1.0, ""solo_contingency"": [[0, 1], [413, 24568]], ""contingency"": [[0, 1], [5525, 28979]]}",{}
NC00962.3,EMB-0.25-0.9-0.9,0.0,GARC1,RUS,EMB,embA@P860L,U,{},"{""proportion"": 0.0, ""confidence"": [0.0, 0.7301340512159458], ""p_value"": 1.0, ""solo_contingency"": [[0, 1], [413, 24568]], ""contingency"": [[0, 1], [5525, 28979]]}",{}
NC00962.3,EMB-0.25-0.9-0.9,0.0,GARC1,RUS,EMB,embA@L263F,U,{},"{""proportion"": 0.0, ""confidence"": [0.0, 0.7301340512159458], ""p_value"": 1.0, ""solo_contingency"": [[0, 1], [413, 24568]], ""contingency"": [[0, 1], [5525, 28979]]}",{}
NC00962.3,EMB-0.25-0.9-0.9,0.0,GARC1,RUS,EMB,embA@T161I,U,{},"{""proportion"": 0.0, ""confidence"": [0.0, 0.7301340512159458], ""p_value"": 1.0, ""solo_contingency"": [[0, 1], [413, 24568]], ""contingency"": [[0, 1], [5525, 28979]]}",{}
NC00962.3,EMB-0.25-0.9-0.9,0.0,GARC1,RUS,EMB,embB@P766L,U,{},"{""proportion"": 0.0, ""confidence"": [0.0, 0.7301340512159458], ""p_value"": 1.0, ""solo_contingency"": [[0, 1], [413, 24568]], ""contingency"": [[0, 1], [5525, 28979]]}",{}
NC00962.3,EMB-0.25-0.9-0.9,0.0,GARC1,RUS,EMB,embB@A388V,U,{},"{""proportion"": 0.0, ""confidence"": [0.0, 0.7301340512159458], ""p_value"": 1.0, ""solo_contingency"": [[0, 1], [413, 24568]], ""contingency"": [[0, 1], [5525, 28979]]}",{}
NC00962.3,EMB-0.25-0.9-0.9,0.0,GARC1,RUS,EMB,embB@A701T,U,{},"{""proportion"": 0.0, ""confidence"": [0.0, 0.5749693909936535], ""p_value"": 1.0, ""solo_contingency"": [[0, 2], [413, 24568]], ""contingency"": [[0, 2], [5525, 28978]]}",{}
NC00962.3,EMB-0.25-0.9-0.9,0.0,GARC1,RUS,EMB,embA@V391I,U,{},"{""proportion"": 0.0, ""confidence"": [0.0, 0.7301340512159458], ""p_value"": 1.0, ""solo_contingency"": [[0, 1], [413, 24568]], ""contingency"": [[0, 1], [5525, 28979]]}",{}
NC00962.3,EMB-0.25-0.9-0.9,0.0,GARC1,RUS,EMB,embA@P327H,U,{},"{""proportion"": 0.0, ""confidence"": [0.0, 0.7301340512159458], ""p_value"": 1.0, ""solo_contingency"": [[0, 1], [413, 24568]], ""contingency"": [[0, 1], [5525, 28979]]}",{}
NC00962.3,EMB-0.25-0.9-0.9,0.0,GARC1,RUS,EMB,embA@A1016S,U,{},"{""proportion"": 0.0, ""confidence"": [0.0, 0.4741955741575127], ""p_value"": 1.0, ""solo_contingency"": [[0, 3], [413, 24568]], ""contingency"": [[0, 3], [5525, 28977]]}",{}
NC00962.3,EMB-0.25-0.9-0.9,0.0,GARC1,RUS,EMB,embB@F161L,U,{},"{""proportion"": 0.0, ""confidence"": [0.0, 0.7301340512159458], ""p_value"": 1.0, ""solo_contingency"": [[0, 1], [413, 24568]], ""contingency"": [[0, 1], [5525, 28979]]}",{}
NC00962.3,EMB-0.25-0.9-0.9,0.0,GARC1,RUS,EMB,embB@W273L,U,{},"{""proportion"": 0.0, ""confidence"": [0.0, 0.7301340512159458], ""p_value"": 1.0, ""solo_contingency"": [[0, 1], [413, 24568]], ""contingency"": [[0, 1], [5525, 28979]]}",{}
NC00962.3,EMB-0.25-0.9-0.9,0.0,GARC1,RUS,EMB,embB@A221T,U,{},"{""proportion"": 0.0, ""confidence"": [0.0, 0.7301340512159458], ""p_value"": 1.0, ""solo_contingency"": [[0, 1], [413, 24568]], ""contingency"": [[0, 1], [5525, 28979]]}",{}
NC00962.3,EMB-0.25-0.9-0.9,0.0,GARC1,RUS,EMB,embA@c-15g,U,{},"{""proportion"": 0.0, ""confidence"": [0.0, 0.7301340512159458], ""p_value"": 1.0, ""solo_contingency"": [[0, 1], [413, 24568]], ""contingency"": [[14, 9], [5511, 28971]]}",{}
NC00962.3,EMB-0.25-0.9-0.9,0.0,GARC1,RUS,EMB,embA@A438V,U,{},"{""proportion"": 0.0, ""confidence"": [0.0, 0.7301340512159458], ""p_value"": 1.0, ""solo_contingency"": [[0, 1], [413, 24568]], ""contingency"": [[0, 1], [5525, 28979]]}",{}
NC00962.3,EMB-0.25-0.9-0.9,0.0,GARC1,RUS,EMB,embB@A357T,U,{},"{""proportion"": 0.0, ""confidence"": [0.0, 0.7301340512159458], ""p_value"": 1.0, ""solo_contingency"": [[0, 1], [413, 24568]], ""contingency"": [[0, 1], [5525, 28979]]}",{}
NC00962.3,EMB-0.25-0.9-0.9,0.0,GARC1,RUS,EMB,embB@M350T,U,{},"{""proportion"": 0.0, ""confidence"": [0.0, 0.7301340512159458], ""p_value"": 1.0, ""solo_contingency"": [[0, 1], [413, 24568]], ""contingency"": [[0, 1], [5525, 28979]]}",{}
NC00962.3,EMB-0.25-0.9-0.9,0.0,GARC1,RUS,EMB,embB@S344R,U,{},"{""proportion"": 0.0, ""confidence"": [0.0, 0.7301340512159458], ""p_value"": 1.0, ""solo_contingency"": [[0, 1], [413, 24568]], ""contingency"": [[0, 1], [5525, 28979]]}",{}
NC00962.3,EMB-0.25-0.9-0.9,0.0,GARC1,RUS,EMB,embA@Q57E,U,{},"{""proportion"": 0.0, ""confidence"": [0.0, 0.7301340512159458], ""p_value"": 1.0, ""solo_contingency"": [[0, 1], [413, 24568]], ""contingency"": [[0, 1], [5525, 28979]]}",{}
NC00962.3,EMB-0.25-0.9-0.9,0.0,GARC1,RUS,EMB,embA@T591A,U,{},"{""proportion"": 0.0, ""confidence"": [0.0, 0.7301340512159458], ""p_value"": 1.0, ""solo_contingency"": [[0, 1], [413, 24568]], ""contingency"": [[0, 1], [5525, 28979]]}",{}
NC00962.3,EMB-0.25-0.9-0.9,0.0,GARC1,RUS,EMB,embA@N54S,U,{},"{""proportion"": 0.0, ""confidence"": [0.0, 0.7301340512159458], ""p_value"": 1.0, ""solo_contingency"": [[0, 1], [413, 24568]], ""contingency"": [[0, 1], [5525, 28979]]}",{}
NC00962.3,EMB-0.25-0.9-0.9,0.0,GARC1,RUS,EMB,embB@V67L,U,{},"{""proportion"": 0.0, ""confidence"": [0.0, 0.5749693909936535], ""p_value"": 1.0, ""solo_contingency"": [[0, 2], [413, 24568]], ""contingency"": [[0, 2], [5525, 28978]]}",{}
NC00962.3,EMB-0.25-0.9-0.9,0.0,GARC1,RUS,EMB,embB@T341I,U,{},"{""proportion"": 0.0, ""confidence"": [0.0, 0.7301340512159458], ""p_value"": 1.0, ""solo_contingency"": [[0, 1], [413, 24568]], ""contingency"": [[0, 1], [5525, 28979]]}",{}
NC00962.3,EMB-0.25-0.9-0.9,0.0,GARC1,RUS,EMB,embA@A331P,U,{},"{""proportion"": 0.0, ""confidence"": [0.0, 0.7301340512159458], ""p_value"": 1.0, ""solo_contingency"": [[0, 1], [413, 24568]], ""contingency"": [[0, 1], [5525, 28979]]}",{}
NC00962.3,EMB-0.25-0.9-0.9,0.0,GARC1,RUS,EMB,embA@c-11t,U,{},"{""proportion"": 0.0, ""confidence"": [0.0, 0.5749693909936535], ""p_value"": 1.0, ""solo_contingency"": [[0, 2], [413, 24568]], ""contingency"": [[28, 7], [5497, 28973]]}",{}
NC00962.3,EMB-0.25-0.9-0.9,0.0,GARC1,RUS,EMB,embB@A861T,U,{},"{""proportion"": 0.0, ""confidence"": [0.0, 0.7301340512159458], ""p_value"": 1.0, ""solo_contingency"": [[0, 1], [413, 24568]], ""contingency"": [[0, 1], [5525, 28979]]}",{}
NC00962.3,EMB-0.25-0.9-0.9,0.0,GARC1,RUS,EMB,embB@A840P,U,{},"{""proportion"": 0.0, ""confidence"": [0.0, 0.7301340512159458], ""p_value"": 1.0, ""solo_contingency"": [[0, 1], [413, 24568]], ""contingency"": [[0, 1], [5525, 28979]]}",{}
NC00962.3,EMB-0.25-0.9-0.9,0.0,GARC1,RUS,EMB,embA@D678N,U,{},"{""proportion"": 0.0, ""confidence"": [0.0, 0.7301340512159458], ""p_value"": 1.0, ""solo_contingency"": [[0, 1], [413, 24568]], ""contingency"": [[0, 1], [5525, 28979]]}",{}
NC00962.3,EMB-0.25-0.9-0.9,0.0,GARC1,RUS,EMB,embB@H342N,U,{},"{""proportion"": 0.0, ""confidence"": [0.0, 0.7301340512159458], ""p_value"": 1.0, ""solo_contingency"": [[0, 1], [413, 24568]], ""contingency"": [[0, 1], [5525, 28979]]}",{}
NC00962.3,EMB-0.25-0.9-0.9,0.0,GARC1,RUS,EMB,embB@V230A,U,{},"{""proportion"": 0.0, ""confidence"": [0.0, 0.7301340512159458], ""p_value"": 1.0, ""solo_contingency"": [[0, 1], [413, 24568]], ""contingency"": [[0, 1], [5525, 28979]]}",{}
NC00962.3,EMB-0.25-0.9-0.9,0.0,GARC1,RUS,EMB,embB@M557I,U,{},"{""proportion"": 0.0, ""confidence"": [0.0, 0.7301340512159458], ""p_value"": 1.0, ""solo_contingency"": [[0, 1], [413, 24568]], ""contingency"": [[0, 1], [5525, 28979]]}",{}
NC00962.3,EMB-0.25-0.9-0.9,0.0,GARC1,RUS,EMB,embB@R1059P,U,{},"{""proportion"": 0.0, ""confidence"": [0.0, 0.7301340512159458], ""p_value"": 1.0, ""solo_contingency"": [[0, 1], [413, 24568]], ""contingency"": [[0, 1], [5525, 28979]]}",{}
NC00962.3,EMB-0.25-0.9-0.9,0.0,GARC1,RUS,EMB,embB@A950V,U,{},"{""proportion"": 0.0, ""confidence"": [0.0, 0.7301340512159458], ""p_value"": 1.0, ""solo_contingency"": [[0, 1], [413, 24568]], ""contingency"": [[0, 1], [5525, 28979]]}",{}
NC00962.3,EMB-0.25-0.9-0.9,0.0,GARC1,RUS,EMB,embA@A734T,U,{},"{""proportion"": 0.0, ""confidence"": [0.0, 0.7301340512159458], ""p_value"": 1.0, ""solo_contingency"": [[0, 1], [413, 24568]], ""contingency"": [[0, 1], [5525, 28979]]}",{}
NC00962.3,EMB-0.25-0.9-0.9,0.0,GARC1,RUS,EMB,embB@L348P,U,{},"{""proportion"": 0.0, ""confidence"": [0.0, 0.7301340512159458], ""p_value"": 1.0, ""solo_contingency"": [[0, 1], [413, 24568]], ""contingency"": [[0, 1], [5525, 28979]]}",{}
NC00962.3,EMB-0.25-0.9-0.9,0.0,GARC1,RUS,EMB,embB@N400S,U,{},"{""proportion"": 0.0, ""confidence"": [0.0, 0.7301340512159458], ""p_value"": 1.0, ""solo_contingency"": [[0, 1], [413, 24568]], ""contingency"": [[0, 1], [5525, 28979]]}",{}
NC00962.3,EMB-0.25-0.9-0.9,0.0,GARC1,RUS,EMB,embA@T363I,U,{},"{""proportion"": 0.0, ""confidence"": [0.0, 0.7301340512159458], ""p_value"": 1.0, ""solo_contingency"": [[0, 1], [413, 24568]], ""contingency"": [[0, 1], [5525, 28979]]}",{}
NC00962.3,EMB-0.25-0.9-0.9,0.0,GARC1,RUS,EMB,embB@M462T,U,{},"{""proportion"": 0.0, ""confidence"": [0.0, 0.7301340512159458], ""p_value"": 1.0, ""solo_contingency"": [[0, 1], [413, 24568]], ""contingency"": [[0, 1], [5525, 28979]]}",{}
NC00962.3,EMB-0.25-0.9-0.9,0.0,GARC1,RUS,EMB,embB@P59T,U,{},"{""proportion"": 0.0, ""confidence"": [0.0, 0.7301340512159458], ""p_value"": 1.0, ""solo_contingency"": [[0, 1], [413, 24568]], ""contingency"": [[0, 1], [5525, 28979]]}",{}
NC00962.3,EMB-0.25-0.9-0.9,0.0,GARC1,RUS,EMB,embB@V602A,U,{},"{""proportion"": 0.0, ""confidence"": [0.0, 0.7301340512159458], ""p_value"": 1.0, ""solo_contingency"": [[0, 1], [413, 24568]], ""contingency"": [[0, 1], [5525, 28979]]}",{}
NC00962.3,EMB-0.25-0.9-0.9,0.0,GARC1,RUS,EMB,embB@I1006M,U,{},"{""proportion"": 0.0, ""confidence"": [0.0, 0.3511165007651012], ""p_value"": 0.34082031250000006, ""solo_contingency"": [[0, 5], [413, 24568]], ""contingency"": [[0, 5], [5525, 28975]]}",{}
NC00962.3,EMB-0.25-0.9-0.9,0.0,GARC1,RUS,EMB,embA@T591P,U,{},"{""proportion"": 0.0, ""confidence"": [0.0, 0.5749693909936535], ""p_value"": 1.0, ""solo_contingency"": [[0, 2], [413, 24568]], ""contingency"": [[0, 2], [5525, 28978]]}",{}
NC00962.3,EMB-0.25-0.9-0.9,0.0,GARC1,RUS,EMB,embB@R147C,U,{},"{""proportion"": 0.0, ""confidence"": [0.0, 0.7301340512159458], ""p_value"": 1.0, ""solo_contingency"": [[0, 1], [413, 24568]], ""contingency"": [[0, 1], [5525, 28979]]}",{}
NC00962.3,EMB-0.25-0.9-0.9,0.0,GARC1,RUS,EMB,embB@A1083T,U,{},"{""proportion"": 0.0, ""confidence"": [0.0, 0.7301340512159458], ""p_value"": 1.0, ""solo_contingency"": [[0, 1], [413, 24568]], ""contingency"": [[0, 1], [5525, 28979]]}",{}
NC00962.3,EMB-0.25-0.9-0.9,0.0,GARC1,RUS,EMB,embA@G554D,U,{},"{""proportion"": 1.0, ""confidence"": [0.26986594878405434, 1.0000000000000002], ""p_value"": 0.25, ""solo_contingency"": [[1, 0], [413, 24568]], ""contingency"": [[1, 0], [5524, 28980]]}",{}
NC00962.3,EMB-0.25-0.9-0.9,0.0,GARC1,RUS,EMB,embB@E149A,U,{},"{""proportion"": 0.0, ""confidence"": [0.0, 0.7301340512159458], ""p_value"": 1.0, ""solo_contingency"": [[0, 1], [413, 24568]], ""contingency"": [[0, 1], [5525, 28979]]}",{}
NC00962.3,EMB-0.25-0.9-0.9,0.0,GARC1,RUS,EMB,embA@P763S,U,{},"{""proportion"": 0.0, ""confidence"": [0.0, 0.7301340512159458], ""p_value"": 1.0, ""solo_contingency"": [[0, 1], [413, 24568]], ""contingency"": [[0, 1], [5525, 28979]]}",{}
NC00962.3,EMB-0.25-0.9-0.9,0.0,GARC1,RUS,EMB,embA@g-48c,U,{},"{""proportion"": 0.0, ""confidence"": [0.0, 0.7301340512159458], ""p_value"": 1.0, ""solo_contingency"": [[0, 1], [413, 24568]], ""contingency"": [[0, 1], [5525, 28979]]}",{}
NC00962.3,EMB-0.25-0.9-0.9,0.0,GARC1,RUS,EMB,embA@A291T,U,{},"{""proportion"": 0.0, ""confidence"": [0.0, 0.5749693909936535], ""p_value"": 1.0, ""solo_contingency"": [[0, 2], [413, 24568]], ""contingency"": [[0, 2], [5525, 28978]]}",{}
NC00962.3,EMB-0.25-0.9-0.9,0.0,GARC1,RUS,EMB,embB@D354N,U,{},"{""proportion"": 0.0, ""confidence"": [0.0, 0.7301340512159458], ""p_value"": 1.0, ""solo_contingency"": [[0, 1], [413, 24568]], ""contingency"": [[1, 2], [5524, 28978]]}",{}
NC00962.3,EMB-0.25-0.9-0.9,0.0,GARC1,RUS,EMB,embA@T270P,U,{},"{""proportion"": 0.0, ""confidence"": [0.0, 0.7301340512159458], ""p_value"": 1.0, ""solo_contingency"": [[0, 1], [413, 24568]], ""contingency"": [[0, 1], [5525, 28979]]}",{}
NC00962.3,EMB-0.25-0.9-0.9,0.0,GARC1,RUS,EMB,embA@G21R,U,{},"{""proportion"": 0.0, ""confidence"": [0.0, 0.7301340512159458], ""p_value"": 1.0, ""solo_contingency"": [[0, 1], [413, 24568]], ""contingency"": [[0, 1], [5525, 28979]]}",{}
NC00962.3,EMB-0.25-0.9-0.9,0.0,GARC1,RUS,EMB,embA@H665R,U,{},"{""proportion"": 0.0, ""confidence"": [0.0, 0.5749693909936535], ""p_value"": 1.0, ""solo_contingency"": [[0, 2], [413, 24568]], ""contingency"": [[0, 2], [5525, 28978]]}",{}
NC00962.3,EMB-0.25-0.9-0.9,0.0,GARC1,RUS,EMB,embB@N1004T,U,{},"{""proportion"": 0.0, ""confidence"": [0.0, 0.7301340512159458], ""p_value"": 1.0, ""solo_contingency"": [[0, 1], [413, 24568]], ""contingency"": [[0, 1], [5525, 28979]]}",{}
NC00962.3,EMB-0.25-0.9-0.9,0.0,GARC1,RUS,EMB,embA@P327L,U,{},"{""proportion"": 0.0, ""confidence"": [0.0, 0.5749693909936535], ""p_value"": 1.0, ""solo_contingency"": [[0, 2], [413, 24568]], ""contingency"": [[0, 2], [5525, 28978]]}",{}
NC00962.3,EMB-0.25-0.9-0.9,0.0,GARC1,RUS,EMB,embB@T797M,U,{},"{""proportion"": 0.0, ""confidence"": [0.0, 0.40347862520270455], ""p_value"": 0.578125, ""solo_contingency"": [[0, 4], [413, 24568]], ""contingency"": [[0, 4], [5525, 28976]]}",{}
NC00962.3,EMB-0.25-0.9-0.9,0.0,GARC1,RUS,EMB,embB@A510T,U,{},"{""proportion"": 0.0, ""confidence"": [0.0, 0.4741955741575127], ""p_value"": 1.0, ""solo_contingency"": [[0, 3], [413, 24568]], ""contingency"": [[0, 3], [5525, 28977]]}",{}
NC00962.3,EMB-0.25-0.9-0.9,0.0,GARC1,RUS,EMB,embA@A255V,U,{},"{""proportion"": 0.0, ""confidence"": [0.0, 0.7301340512159458], ""p_value"": 1.0, ""solo_contingency"": [[0, 1], [413, 24568]], ""contingency"": [[0, 1], [5525, 28979]]}",{}
NC00962.3,EMB-0.25-0.9-0.9,0.0,GARC1,RUS,EMB,embB@D354G,U,{},"{""proportion"": 0.0, ""confidence"": [0.0, 0.7301340512159458], ""p_value"": 1.0, ""solo_contingency"": [[0, 1], [413, 24568]], ""contingency"": [[0, 2], [5525, 28978]]}",{}
NC00962.3,EMB-0.25-0.9-0.9,0.0,GARC1,RUS,EMB,embA@A428V,U,{},"{""proportion"": 0.0, ""confidence"": [0.0, 0.7301340512159458], ""p_value"": 1.0, ""solo_contingency"": [[0, 1], [413, 24568]], ""contingency"": [[0, 1], [5525, 28979]]}",{}
NC00962.3,EMB-0.25-0.9-0.9,0.0,GARC1,RUS,EMB,embA@S49R,U,{},"{""proportion"": 0.0, ""confidence"": [0.0, 0.7301340512159458], ""p_value"": 1.0, ""solo_contingency"": [[0, 1], [413, 24568]], ""contingency"": [[0, 3], [5525, 28977]]}",{}
NC00962.3,EMB-0.25-0.9-0.9,0.0,GARC1,RUS,EMB,embA@A852S,U,{},"{""proportion"": 0.0, ""confidence"": [0.0, 0.7301340512159458], ""p_value"": 1.0, ""solo_contingency"": [[0, 1], [413, 24568]], ""contingency"": [[0, 1], [5525, 28979]]}",{}
NC00962.3,EMB-0.25-0.9-0.9,0.0,GARC1,RUS,EMB,embB@T341A,U,{},"{""proportion"": 0.0, ""confidence"": [0.0, 0.7301340512159458], ""p_value"": 1.0, ""solo_contingency"": [[0, 1], [413, 24568]], ""contingency"": [[0, 1], [5525, 28979]]}",{}
NC00962.3,EMB-0.25-0.9-0.9,0.0,GARC1,RUS,EMB,embB@D311A,U,{},"{""proportion"": 0.0, ""confidence"": [0.0, 0.5749693909936535], ""p_value"": 1.0, ""solo_contingency"": [[0, 2], [413, 24568]], ""contingency"": [[0, 2], [5525, 28978]]}",{}
NC00962.3,EMB-0.25-0.9-0.9,0.0,GARC1,RUS,EMB,embA@T238S,U,{},"{""proportion"": 0.0, ""confidence"": [0.0, 0.7301340512159458], ""p_value"": 1.0, ""solo_contingency"": [[0, 1], [413, 24568]], ""contingency"": [[0, 1], [5525, 28979]]}",{}
NC00962.3,EMB-0.25-0.9-0.9,0.0,GARC1,RUS,EMB,embB@P776L,U,{},"{""proportion"": 0.0, ""confidence"": [0.0, 0.3511165007651012], ""p_value"": 0.34082031250000006, ""solo_contingency"": [[0, 5], [413, 24568]], ""contingency"": [[0, 5], [5525, 28975]]}",{}
NC00962.3,EMB-0.25-0.9-0.9,0.0,GARC1,RUS,EMB,embB@R930H,U,{},"{""proportion"": 0.0, ""confidence"": [0.0, 0.7301340512159458], ""p_value"": 1.0, ""solo_contingency"": [[0, 1], [413, 24568]], ""contingency"": [[0, 1], [5525, 28979]]}",{}
NC00962.3,EMB-0.25-0.9-0.9,0.0,GARC1,RUS,EMB,embA@T238N,U,{},"{""proportion"": 0.0, ""confidence"": [0.0, 0.5749693909936535], ""p_value"": 1.0, ""solo_contingency"": [[0, 2], [413, 24568]], ""contingency"": [[0, 2], [5525, 28978]]}",{}
NC00962.3,EMB-0.25-0.9-0.9,0.0,GARC1,RUS,EMB,embA@I191V,U,{},"{""proportion"": 0.0, ""confidence"": [0.0, 0.7301340512159458], ""p_value"": 1.0, ""solo_contingency"": [[0, 1], [413, 24568]], ""contingency"": [[0, 1], [5525, 28979]]}",{}
NC00962.3,EMB-0.25-0.9-0.9,0.0,GARC1,RUS,EMB,embB@P375S,U,{},"{""proportion"": 0.0, ""confidence"": [0.0, 0.7301340512159458], ""p_value"": 1.0, ""solo_contingency"": [[0, 1], [413, 24568]], ""contingency"": [[0, 1], [5525, 28979]]}",{}
NC00962.3,EMB-0.25-0.9-0.9,0.0,GARC1,RUS,EMB,embB@V231I,U,{},"{""proportion"": 0.0, ""confidence"": [0.0, 0.7301340512159458], ""p_value"": 1.0, ""solo_contingency"": [[0, 1], [413, 24568]], ""contingency"": [[0, 1], [5525, 28979]]}",{}
NC00962.3,EMB-0.25-0.9-0.9,0.0,GARC1,RUS,EMB,embB@N657D,U,{},"{""proportion"": 0.0, ""confidence"": [0.0, 0.7301340512159458], ""p_value"": 1.0, ""solo_contingency"": [[0, 1], [413, 24568]], ""contingency"": [[0, 1], [5525, 28979]]}",{}
NC00962.3,EMB-0.25-0.9-0.9,0.0,GARC1,RUS,EMB,embB@G665R,U,{},"{""proportion"": 0.0, ""confidence"": [0.0, 0.7301340512159458], ""p_value"": 1.0, ""solo_contingency"": [[0, 1], [413, 24568]], ""contingency"": [[0, 1], [5525, 28979]]}",{}
NC00962.3,EMB-0.25-0.9-0.9,0.0,GARC1,RUS,EMB,embB@M462L,U,{},"{""proportion"": 0.0, ""confidence"": [0.0, 0.7301340512159458], ""p_value"": 1.0, ""solo_contingency"": [[0, 1], [413, 24568]], ""contingency"": [[0, 1], [5525, 28979]]}",{}
NC00962.3,EMB-0.25-0.9-0.9,0.0,GARC1,RUS,EMB,embA@W1050G,U,{},"{""proportion"": 0.0, ""confidence"": [0.0, 0.7301340512159458], ""p_value"": 1.0, ""solo_contingency"": [[0, 1], [413, 24568]], ""contingency"": [[0, 1], [5525, 28979]]}",{}
NC00962.3,EMB-0.25-0.9-0.9,0.0,GARC1,RUS,EMB,embA@2723_ins_ggg,U,{},"{""proportion"": 0.0, ""confidence"": [0.0, 0.7301340512159458], ""p_value"": 1.0, ""solo_contingency"": [[0, 1], [413, 24568]], ""contingency"": [[0, 1], [5525, 28979]]}",{}
NC00962.3,EMB-0.25-0.9-0.9,0.0,GARC1,RUS,EMB,embA@D761G,U,{},"{""proportion"": 0.0, ""confidence"": [0.0, 0.7301340512159458], ""p_value"": 1.0, ""solo_contingency"": [[0, 1], [413, 24568]], ""contingency"": [[0, 1], [5525, 28979]]}",{}
NC00962.3,EMB-0.25-0.9-0.9,0.0,GARC1,RUS,EMB,embA@R683L,U,{},"{""proportion"": 0.0, ""confidence"": [0.0, 0.7301340512159458], ""p_value"": 1.0, ""solo_contingency"": [[0, 1], [413, 24568]], ""contingency"": [[0, 1], [5525, 28979]]}",{}
NC00962.3,EMB-0.25-0.9-0.9,0.0,GARC1,RUS,EMB,embA@L263P,U,{},"{""proportion"": 0.0, ""confidence"": [0.0, 0.7301340512159458], ""p_value"": 1.0, ""solo_contingency"": [[0, 1], [413, 24568]], ""contingency"": [[0, 1], [5525, 28979]]}",{}
NC00962.3,EMB-0.25-0.9-0.9,0.0,GARC1,RUS,EMB,embB@T1069P,U,{},"{""proportion"": 0.0, ""confidence"": [0.0, 0.7301340512159458], ""p_value"": 1.0, ""solo_contingency"": [[0, 1], [413, 24568]], ""contingency"": [[0, 1], [5525, 28979]]}",{}
NC00962.3,EMB-0.25-0.9-0.9,0.0,GARC1,RUS,EMB,embB@G1097S,U,{},"{""proportion"": 0.0, ""confidence"": [0.0, 0.7301340512159458], ""p_value"": 1.0, ""solo_contingency"": [[0, 1], [413, 24568]], ""contingency"": [[0, 1], [5525, 28979]]}",{}
NC00962.3,EMB-0.25-0.9-0.9,0.0,GARC1,RUS,EMB,embA@T983A,U,{},"{""proportion"": 0.0, ""confidence"": [0.0, 0.7301340512159458], ""p_value"": 1.0, ""solo_contingency"": [[0, 1], [413, 24568]], ""contingency"": [[0, 1], [5525, 28979]]}",{}
NC00962.3,EMB-0.25-0.9-0.9,0.0,GARC1,RUS,EMB,embA@c-73t,U,{},"{""proportion"": 0.0, ""confidence"": [0.0, 0.7301340512159458], ""p_value"": 1.0, ""solo_contingency"": [[0, 1], [413, 24568]], ""contingency"": [[0, 1], [5525, 28979]]}",{}
NC00962.3,EMB-0.25-0.9-0.9,0.0,GARC1,RUS,EMB,embB@T546A,U,{},"{""proportion"": 0.0, ""confidence"": [0.0, 0.7301340512159458], ""p_value"": 1.0, ""solo_contingency"": [[0, 1], [413, 24568]], ""contingency"": [[0, 1], [5525, 28979]]}",{}
NC00962.3,EMB-0.25-0.9-0.9,0.0,GARC1,RUS,EMB,embB@K107R,U,{},"{""proportion"": 0.0, ""confidence"": [0.0, 0.7301340512159458], ""p_value"": 1.0, ""solo_contingency"": [[0, 1], [413, 24568]], ""contingency"": [[0, 1], [5525, 28979]]}",{}
NC00962.3,EMB-0.25-0.9-0.9,0.0,GARC1,RUS,EMB,embB@N1033K,U,{},"{""proportion"": 1.0, ""confidence"": [0.26986594878405434, 1.0000000000000002], ""p_value"": 0.25, ""solo_contingency"": [[1, 0], [413, 24568]], ""contingency"": [[1, 0], [5524, 28980]]}",{}
NC00962.3,EMB-0.25-0.9-0.9,0.0,GARC1,RUS,EMB,embB@P214A,U,{},"{""proportion"": 0.0, ""confidence"": [0.0, 0.7301340512159458], ""p_value"": 1.0, ""solo_contingency"": [[0, 1], [413, 24568]], ""contingency"": [[0, 1], [5525, 28979]]}",{}
NC00962.3,EMB-0.25-0.9-0.9,0.0,GARC1,RUS,EMB,embA@G101S,U,{},"{""proportion"": 0.0, ""confidence"": [0.0, 0.5749693909936535], ""p_value"": 1.0, ""solo_contingency"": [[0, 2], [413, 24568]], ""contingency"": [[0, 2], [5525, 28978]]}",{}
NC00962.3,EMB-0.25-0.9-0.9,0.0,GARC1,RUS,EMB,embA@R442K,U,{},"{""proportion"": 0.0, ""confidence"": [0.0, 0.7301340512159458], ""p_value"": 1.0, ""solo_contingency"": [[0, 1], [413, 24568]], ""contingency"": [[0, 1], [5525, 28979]]}",{}
NC00962.3,EMB-0.25-0.9-0.9,0.0,GARC1,RUS,EMB,embB@G603A,U,{},"{""proportion"": 0.0, ""confidence"": [0.0, 0.7301340512159458], ""p_value"": 1.0, ""solo_contingency"": [[0, 1], [413, 24568]], ""contingency"": [[0, 1], [5525, 28979]]}",{}
NC00962.3,EMB-0.25-0.9-0.9,0.0,GARC1,RUS,EMB,embA@N679S,U,{},"{""proportion"": 0.0, ""confidence"": [0.0, 0.7301340512159458], ""p_value"": 1.0, ""solo_contingency"": [[0, 1], [413, 24568]], ""contingency"": [[0, 1], [5525, 28979]]}",{}
NC00962.3,EMB-0.25-0.9-0.9,0.0,GARC1,RUS,EMB,embB@P706S,U,{},"{""proportion"": 0.0, ""confidence"": [0.0, 0.7301340512159458], ""p_value"": 1.0, ""solo_contingency"": [[0, 1], [413, 24568]], ""contingency"": [[0, 1], [5525, 28979]]}",{}
NC00962.3,EMB-0.25-0.9-0.9,0.0,GARC1,RUS,EMB,embA@R346P,U,{},"{""proportion"": 0.0, ""confidence"": [0.0, 0.7301340512159458], ""p_value"": 1.0, ""solo_contingency"": [[0, 1], [413, 24568]], ""contingency"": [[0, 1], [5525, 28979]]}",{}
NC00962.3,EMB-0.25-0.9-0.9,0.0,GARC1,RUS,EMB,embA@R346W,U,{},"{""proportion"": 0.0, ""confidence"": [0.0, 0.7301340512159458], ""p_value"": 1.0, ""solo_contingency"": [[0, 1], [413, 24568]], ""contingency"": [[0, 2], [5525, 28978]]}",{}
NC00962.3,EMB-0.25-0.9-0.9,0.0,GARC1,RUS,EMB,embB@G474D,U,{},"{""proportion"": 0.0, ""confidence"": [0.0, 0.7301340512159458], ""p_value"": 1.0, ""solo_contingency"": [[0, 1], [413, 24568]], ""contingency"": [[0, 1], [5525, 28979]]}",{}
NC00962.3,EMB-0.25-0.9-0.9,0.0,GARC1,RUS,EMB,embA@L221M,U,{},"{""proportion"": 0.0, ""confidence"": [0.0, 0.7301340512159458], ""p_value"": 1.0, ""solo_contingency"": [[0, 1], [413, 24568]], ""contingency"": [[0, 1], [5525, 28979]]}",{}
NC00962.3,EMB-0.25-0.9-0.9,0.0,GARC1,RUS,EMB,embA@G748S,U,{},"{""proportion"": 0.0, ""confidence"": [0.0, 0.7301340512159458], ""p_value"": 1.0, ""solo_contingency"": [[0, 1], [413, 24568]], ""contingency"": [[0, 1], [5525, 28979]]}",{}
NC00962.3,EMB-0.25-0.9-0.9,0.0,GARC1,RUS,EMB,embA@G972W,U,{},"{""proportion"": 0.0, ""confidence"": [0.0, 0.7301340512159458], ""p_value"": 1.0, ""solo_contingency"": [[0, 1], [413, 24568]], ""contingency"": [[0, 1], [5525, 28979]]}",{}
NC00962.3,EMB-0.25-0.9-0.9,0.0,GARC1,RUS,EMB,embB@A684V,U,{},"{""proportion"": 0.0, ""confidence"": [0.0, 0.7301340512159458], ""p_value"": 1.0, ""solo_contingency"": [[0, 1], [413, 24568]], ""contingency"": [[0, 1], [5525, 28979]]}",{}
NC00962.3,EMB-0.25-0.9-0.9,0.0,GARC1,RUS,EMB,embA@S318T,U,{},"{""proportion"": 0.0, ""confidence"": [0.0, 0.7301340512159458], ""p_value"": 1.0, ""solo_contingency"": [[0, 1], [413, 24568]], ""contingency"": [[0, 1], [5525, 28979]]}",{}
NC00962.3,EMB-0.25-0.9-0.9,0.0,GARC1,RUS,EMB,embA@A436G,U,{},"{""proportion"": 0.0, ""confidence"": [0.0, 0.7301340512159458], ""p_value"": 1.0, ""solo_contingency"": [[0, 1], [413, 24568]], ""contingency"": [[0, 1], [5525, 28979]]}",{}
NC00962.3,EMB-0.25-0.9-0.9,0.0,GARC1,RUS,EMB,embA@N377G,U,{},"{""proportion"": 0.0, ""confidence"": [0.0, 0.7301340512159458], ""p_value"": 1.0, ""solo_contingency"": [[0, 1], [413, 24568]], ""contingency"": [[0, 1], [5525, 28979]]}",{}
NC00962.3,EMB-0.25-0.9-0.9,0.0,GARC1,RUS,EMB,embA@R68H,U,{},"{""proportion"": 0.0, ""confidence"": [0.0, 0.7301340512159458], ""p_value"": 1.0, ""solo_contingency"": [[0, 1], [413, 24568]], ""contingency"": [[0, 1], [5525, 28979]]}",{}
NC00962.3,EMB-0.25-0.9-0.9,0.0,GARC1,RUS,EMB,embB@P177L,U,{},"{""proportion"": 0.0, ""confidence"": [0.0, 0.7301340512159458], ""p_value"": 1.0, ""solo_contingency"": [[0, 1], [413, 24568]], ""contingency"": [[0, 1], [5525, 28979]]}",{}
NC00962.3,EMB-0.25-0.9-0.9,0.0,GARC1,RUS,EMB,embB@K927E,U,{},"{""proportion"": 0.0, ""confidence"": [0.0, 0.7301340512159458], ""p_value"": 1.0, ""solo_contingency"": [[0, 1], [413, 24568]], ""contingency"": [[0, 1], [5525, 28979]]}",{}
NC00962.3,EMB-0.25-0.9-0.9,0.0,GARC1,RUS,EMB,embA@P164A,U,{},"{""proportion"": 0.0, ""confidence"": [0.0, 0.7301340512159458], ""p_value"": 1.0, ""solo_contingency"": [[0, 1], [413, 24568]], ""contingency"": [[0, 1], [5525, 28979]]}",{}
NC00962.3,EMB-0.25-0.9-0.9,0.0,GARC1,RUS,EMB,embA@L925V,U,{},"{""proportion"": 0.0, ""confidence"": [0.0, 0.7301340512159458], ""p_value"": 1.0, ""solo_contingency"": [[0, 1], [413, 24568]], ""contingency"": [[0, 1], [5525, 28979]]}",{}
NC00962.3,EMB-0.25-0.9-0.9,0.0,GARC1,RUS,EMB,embA@I887T,U,{},"{""proportion"": 0.0, ""confidence"": [0.0, 0.7301340512159458], ""p_value"": 1.0, ""solo_contingency"": [[0, 1], [413, 24568]], ""contingency"": [[0, 1], [5525, 28979]]}",{}
NC00962.3,EMB-0.25-0.9-0.9,0.0,GARC1,RUS,EMB,embA@632_del_tgc,U,{},"{""proportion"": 0.0, ""confidence"": [0.0, 0.7301340512159458], ""p_value"": 1.0, ""solo_contingency"": [[0, 1], [413, 24568]], ""contingency"": [[0, 1], [5525, 28979]]}",{}
NC00962.3,EMB-0.25-0.9-0.9,0.0,GARC1,RUS,EMB,embA@L552P,U,{},"{""proportion"": 0.0, ""confidence"": [0.0, 0.7301340512159458], ""p_value"": 1.0, ""solo_contingency"": [[0, 1], [413, 24568]], ""contingency"": [[0, 1], [5525, 28979]]}",{}
NC00962.3,EMB-0.25-0.9-0.9,0.0,GARC1,RUS,EMB,embA@2071_ins_tgg,U,{},"{""proportion"": 0.0, ""confidence"": [0.0, 0.5749693909936535], ""p_value"": 1.0, ""solo_contingency"": [[0, 2], [413, 24568]], ""contingency"": [[0, 2], [5525, 28978]]}",{}
NC00962.3,EMB-0.25-0.9-0.9,0.0,GARC1,RUS,EMB,embA@A661P,U,{},"{""proportion"": 0.0, ""confidence"": [0.0, 0.7301340512159458], ""p_value"": 1.0, ""solo_contingency"": [[0, 1], [413, 24568]], ""contingency"": [[0, 1], [5525, 28979]]}",{}
NC00962.3,EMB-0.25-0.9-0.9,0.0,GARC1,RUS,EMB,embA@A415V,U,{},"{""proportion"": 0.0, ""confidence"": [0.0, 0.7301340512159458], ""p_value"": 1.0, ""solo_contingency"": [[0, 1], [413, 24568]], ""contingency"": [[0, 1], [5525, 28979]]}",{}
NC00962.3,EMB-0.25-0.9-0.9,0.0,GARC1,RUS,EMB,embA@I338L,U,{},"{""proportion"": 0.0, ""confidence"": [0.0, 0.278762695452542], ""p_value"": 0.20404052734375, ""solo_contingency"": [[0, 7], [413, 24568]], ""contingency"": [[0, 7], [5525, 28973]]}",{}
NC00962.3,EMB-0.25-0.9-0.9,0.0,GARC1,RUS,EMB,embB@S565G,U,{},"{""proportion"": 0.0, ""confidence"": [0.0, 0.4741955741575127], ""p_value"": 1.0, ""solo_contingency"": [[0, 3], [413, 24568]], ""contingency"": [[0, 5], [5525, 28975]]}",{}
NC00962.3,EMB-0.25-0.9-0.9,0.0,GARC1,RUS,EMB,embA@V317L,U,{},"{""proportion"": 0.0, ""confidence"": [0.0, 0.3511165007651012], ""p_value"": 0.34082031250000006, ""solo_contingency"": [[0, 5], [413, 24568]], ""contingency"": [[0, 5], [5525, 28975]]}",{}
NC00962.3,EMB-0.25-0.9-0.9,0.0,GARC1,RUS,EMB,embA@A581T,U,{},"{""proportion"": 0.0, ""confidence"": [0.0, 0.5749693909936535], ""p_value"": 1.0, ""solo_contingency"": [[0, 2], [413, 24568]], ""contingency"": [[0, 2], [5525, 28978]]}",{}
NC00962.3,EMB-0.25-0.9-0.9,0.0,GARC1,RUS,EMB,embB@G535S,U,{},"{""proportion"": 0.0, ""confidence"": [0.0, 0.7301340512159458], ""p_value"": 1.0, ""solo_contingency"": [[0, 1], [413, 24568]], ""contingency"": [[0, 1], [5525, 28979]]}",{}
NC00962.3,EMB-0.25-0.9-0.9,0.0,GARC1,RUS,EMB,embB@V614I,U,{},"{""proportion"": 0.0, ""confidence"": [0.0, 0.7301340512159458], ""p_value"": 1.0, ""solo_contingency"": [[0, 1], [413, 24568]], ""contingency"": [[2, 1], [5523, 28979]]}",{}
NC00962.3,EMB-0.25-0.9-0.9,0.0,GARC1,RUS,EMB,embA@S514P,U,{},"{""proportion"": 0.0, ""confidence"": [0.0, 0.7301340512159458], ""p_value"": 1.0, ""solo_contingency"": [[0, 1], [413, 24568]], ""contingency"": [[0, 1], [5525, 28979]]}",{}
NC00962.3,EMB-0.25-0.9-0.9,0.0,GARC1,RUS,EMB,embA@P156L,U,{},"{""proportion"": 0.0, ""confidence"": [0.0, 0.7301340512159458], ""p_value"": 1.0, ""solo_contingency"": [[0, 1], [413, 24568]], ""contingency"": [[0, 1], [5525, 28979]]}",{}
NC00962.3,EMB-0.25-0.9-0.9,0.0,GARC1,RUS,EMB,embA@F529L,U,{},"{""proportion"": 0.0, ""confidence"": [0.0, 0.7301340512159458], ""p_value"": 1.0, ""solo_contingency"": [[0, 1], [413, 24568]], ""contingency"": [[0, 1], [5525, 28979]]}",{}
NC00962.3,EMB-0.25-0.9-0.9,0.0,GARC1,RUS,EMB,embA@W45G,U,{},"{""proportion"": 0.0, ""confidence"": [0.0, 0.7301340512159458], ""p_value"": 1.0, ""solo_contingency"": [[0, 1], [413, 24568]], ""contingency"": [[0, 1], [5525, 28979]]}",{}
NC00962.3,EMB-0.25-0.9-0.9,0.0,GARC1,RUS,EMB,embA@L212V,U,{},"{""proportion"": 0.0, ""confidence"": [0.0, 0.7301340512159458], ""p_value"": 1.0, ""solo_contingency"": [[0, 1], [413, 24568]], ""contingency"": [[0, 1], [5525, 28979]]}",{}
NC00962.3,EMB-0.25-0.9-0.9,0.0,GARC1,RUS,EMB,embA@R447G,U,{},"{""proportion"": 0.0, ""confidence"": [0.0, 0.7301340512159458], ""p_value"": 1.0, ""solo_contingency"": [[0, 1], [413, 24568]], ""contingency"": [[0, 1], [5525, 28979]]}",{}
NC00962.3,EMB-0.25-0.9-0.9,0.0,GARC1,RUS,EMB,embB@G34V,U,{},"{""proportion"": 0.0, ""confidence"": [0.0, 0.7301340512159458], ""p_value"": 1.0, ""solo_contingency"": [[0, 1], [413, 24568]], ""contingency"": [[0, 1], [5525, 28979]]}",{}
NC00962.3,EMB-0.25-0.9-0.9,0.0,GARC1,RUS,EMB,embB@G199E,U,{},"{""proportion"": 0.0, ""confidence"": [0.0, 0.7301340512159458], ""p_value"": 1.0, ""solo_contingency"": [[0, 1], [413, 24568]], ""contingency"": [[0, 1], [5525, 28979]]}",{}
NC00962.3,EMB-0.25-0.9-0.9,0.0,GARC1,RUS,EMB,embB@V502L,U,{},"{""proportion"": 0.0, ""confidence"": [0.0, 0.7301340512159458], ""p_value"": 1.0, ""solo_contingency"": [[0, 1], [413, 24568]], ""contingency"": [[0, 1], [5525, 28979]]}",{}
NC00962.3,EMB-0.25-0.9-0.9,0.0,GARC1,RUS,EMB,embB@A232E,U,{},"{""proportion"": 0.0, ""confidence"": [0.0, 0.5749693909936535], ""p_value"": 1.0, ""solo_contingency"": [[0, 2], [413, 24568]], ""contingency"": [[0, 2], [5525, 28978]]}",{}
NC00962.3,EMB-0.25-0.9-0.9,0.0,GARC1,RUS,EMB,embB@G1092A,U,{},"{""proportion"": 0.0, ""confidence"": [0.0, 0.7301340512159458], ""p_value"": 1.0, ""solo_contingency"": [[0, 1], [413, 24568]], ""contingency"": [[0, 1], [5525, 28979]]}",{}
NC00962.3,EMB-0.25-0.9-0.9,0.0,GARC1,RUS,EMB,embA@-23_del_cg,U,{},"{""proportion"": 0.0, ""confidence"": [0.0, 0.7301340512159458], ""p_value"": 1.0, ""solo_contingency"": [[0, 1], [413, 24568]], ""contingency"": [[1, 1], [5524, 28979]]}",{}
NC00962.3,EMB-0.25-0.9-0.9,0.0,GARC1,RUS,EMB,embB@A102V,U,{},"{""proportion"": 0.0, ""confidence"": [0.0, 0.7301340512159458], ""p_value"": 1.0, ""solo_contingency"": [[0, 1], [413, 24568]], ""contingency"": [[0, 1], [5525, 28979]]}",{}
NC00962.3,EMB-0.25-0.9-0.9,0.0,GARC1,RUS,EMB,embA@c-29t,U,{},"{""proportion"": 0.0, ""confidence"": [0.0, 0.5749693909936535], ""p_value"": 1.0, ""solo_contingency"": [[0, 2], [413, 24568]], ""contingency"": [[0, 2], [5525, 28978]]}",{}
NC00962.3,EMB-0.25-0.9-0.9,0.0,GARC1,RUS,EMB,embB@G846S,U,{},"{""proportion"": 0.0, ""confidence"": [0.0, 0.7301340512159458], ""p_value"": 1.0, ""solo_contingency"": [[0, 1], [413, 24568]], ""contingency"": [[0, 1], [5525, 28979]]}",{}
NC00962.3,EMB-0.25-0.9-0.9,0.0,GARC1,RUS,EMB,embB@A271T,U,{},"{""proportion"": 0.0, ""confidence"": [0.0, 0.5749693909936535], ""p_value"": 1.0, ""solo_contingency"": [[0, 2], [413, 24568]], ""contingency"": [[0, 2], [5525, 28978]]}",{}
NC00962.3,EMB-0.25-0.9-0.9,0.0,GARC1,RUS,EMB,embB@S66N,U,{},"{""proportion"": 0.0, ""confidence"": [0.0, 0.7301340512159458], ""p_value"": 1.0, ""solo_contingency"": [[0, 1], [413, 24568]], ""contingency"": [[0, 1], [5525, 28979]]}",{}
NC00962.3,EMB-0.25-0.9-0.9,0.0,GARC1,RUS,EMB,embB@L638S,U,{},"{""proportion"": 0.0, ""confidence"": [0.0, 0.7301340512159458], ""p_value"": 1.0, ""solo_contingency"": [[0, 1], [413, 24568]], ""contingency"": [[0, 1], [5525, 28979]]}",{}
NC00962.3,EMB-0.25-0.9-0.9,0.0,GARC1,RUS,EMB,embB@G891E,U,{},"{""proportion"": 0.0, ""confidence"": [0.0, 0.7301340512159458], ""p_value"": 1.0, ""solo_contingency"": [[0, 1], [413, 24568]], ""contingency"": [[0, 1], [5525, 28979]]}",{}
NC00962.3,EMB-0.25-0.9-0.9,0.0,GARC1,RUS,EMB,embA@G200S,U,{},"{""proportion"": 0.0, ""confidence"": [0.0, 0.7301340512159458], ""p_value"": 1.0, ""solo_contingency"": [[0, 1], [413, 24568]], ""contingency"": [[1, 1], [5524, 28979]]}",{}
NC00962.3,EMB-0.25-0.9-0.9,0.0,GARC1,RUS,EMB,embB@A567T,U,{},"{""proportion"": 0.0, ""confidence"": [0.0, 0.7301340512159458], ""p_value"": 1.0, ""solo_contingency"": [[0, 1], [413, 24568]], ""contingency"": [[0, 1], [5525, 28979]]}",{}
NC00962.3,EMB-0.25-0.9-0.9,0.0,GARC1,RUS,EMB,embB@E924K,U,{},"{""proportion"": 1.0, ""confidence"": [0.26986594878405434, 1.0000000000000002], ""p_value"": 0.25, ""solo_contingency"": [[1, 0], [413, 24568]], ""contingency"": [[1, 0], [5524, 28980]]}",{}
NC00962.3,EMB-0.25-0.9-0.9,0.0,GARC1,RUS,EMB,embB@V842I,U,{},"{""proportion"": 0.0, ""confidence"": [0.0, 0.7301340512159458], ""p_value"": 1.0, ""solo_contingency"": [[0, 1], [413, 24568]], ""contingency"": [[0, 1], [5525, 28979]]}",{}
NC00962.3,EMB-0.25-0.9-0.9,0.0,GARC1,RUS,EMB,embA@V246G,U,{},"{""proportion"": 0.0, ""confidence"": [0.0, 0.7301340512159458], ""p_value"": 1.0, ""solo_contingency"": [[0, 1], [413, 24568]], ""contingency"": [[0, 1], [5525, 28979]]}",{}
NC00962.3,EMB-0.25-0.9-0.9,0.0,GARC1,RUS,EMB,embA@D669Y,U,{},"{""proportion"": 0.0, ""confidence"": [0.0, 0.7301340512159458], ""p_value"": 1.0, ""solo_contingency"": [[0, 1], [413, 24568]], ""contingency"": [[0, 1], [5525, 28979]]}",{}
NC00962.3,EMB-0.25-0.9-0.9,0.0,GARC1,RUS,EMB,embA@R241H,U,{},"{""proportion"": 0.0, ""confidence"": [0.0, 0.7301340512159458], ""p_value"": 1.0, ""solo_contingency"": [[0, 1], [413, 24568]], ""contingency"": [[0, 1], [5525, 28979]]}",{}
NC00962.3,EMB-0.25-0.9-0.9,0.0,GARC1,RUS,EMB,embB@A431P,U,{},"{""proportion"": 0.0, ""confidence"": [0.0, 0.7301340512159458], ""p_value"": 1.0, ""solo_contingency"": [[0, 1], [413, 24568]], ""contingency"": [[0, 1], [5525, 28979]]}",{}
NC00962.3,EMB-0.25-0.9-0.9,0.0,GARC1,RUS,EMB,embA@-43_del_g,U,{},"{""proportion"": 0.0, ""confidence"": [0.0, 0.7301340512159458], ""p_value"": 1.0, ""solo_contingency"": [[0, 1], [413, 24568]], ""contingency"": [[4, 1], [5521, 28979]]}",{}
NC00962.3,EMB-0.25-0.9-0.9,0.0,GARC1,RUS,EMB,embB@L754R,U,{},"{""proportion"": 0.0, ""confidence"": [0.0, 0.7301340512159458], ""p_value"": 1.0, ""solo_contingency"": [[0, 1], [413, 24568]], ""contingency"": [[0, 1], [5525, 28979]]}",{}
NC00962.3,EMB-0.25-0.9-0.9,0.0,GARC1,RUS,EMB,embA@K789Q,U,{},"{""proportion"": 0.0, ""confidence"": [0.0, 0.7301340512159458], ""p_value"": 1.0, ""solo_contingency"": [[0, 1], [413, 24568]], ""contingency"": [[0, 1], [5525, 28979]]}",{}
NC00962.3,EMB-0.25-0.9-0.9,0.0,GARC1,RUS,EMB,embA@A409E,U,{},"{""proportion"": 0.0, ""confidence"": [0.0, 0.7301340512159458], ""p_value"": 1.0, ""solo_contingency"": [[0, 1], [413, 24568]], ""contingency"": [[0, 1], [5525, 28979]]}",{}
NC00962.3,EMB-0.25-0.9-0.9,0.0,GARC1,RUS,EMB,embA@A409T,U,{},"{""proportion"": 0.0, ""confidence"": [0.0, 0.7301340512159458], ""p_value"": 1.0, ""solo_contingency"": [[0, 1], [413, 24568]], ""contingency"": [[0, 1], [5525, 28979]]}",{}
NC00962.3,EMB-0.25-0.9-0.9,0.0,GARC1,RUS,EMB,embA@D865E,U,{},"{""proportion"": 0.0, ""confidence"": [0.0, 0.7301340512159458], ""p_value"": 1.0, ""solo_contingency"": [[0, 1], [413, 24568]], ""contingency"": [[0, 1], [5525, 28979]]}",{}
NC00962.3,EMB-0.25-0.9-0.9,0.0,GARC1,RUS,EMB,embA@G247R,U,{},"{""proportion"": 0.0, ""confidence"": [0.0, 0.7301340512159458], ""p_value"": 1.0, ""solo_contingency"": [[0, 1], [413, 24568]], ""contingency"": [[0, 1], [5525, 28979]]}",{}
NC00962.3,EMB-0.25-0.9-0.9,0.0,GARC1,RUS,EMB,embB@L974M,U,{},"{""proportion"": 0.0, ""confidence"": [0.0, 0.7301340512159458], ""p_value"": 1.0, ""solo_contingency"": [[0, 1], [413, 24568]], ""contingency"": [[0, 1], [5525, 28979]]}",{}
NC00962.3,EMB-0.25-0.9-0.9,0.0,GARC1,RUS,EMB,embB@V1048I,U,{},"{""proportion"": 0.0, ""confidence"": [0.0, 0.7301340512159458], ""p_value"": 1.0, ""solo_contingency"": [[0, 1], [413, 24568]], ""contingency"": [[0, 2], [5525, 28978]]}",{}
NC00962.3,EMB-0.25-0.9-0.9,0.0,GARC1,RUS,EMB,embA@I655M,U,{},"{""proportion"": 0.0, ""confidence"": [0.0, 0.7301340512159458], ""p_value"": 1.0, ""solo_contingency"": [[0, 1], [413, 24568]], ""contingency"": [[0, 1], [5525, 28979]]}",{}
NC00962.3,EMB-0.25-0.9-0.9,0.0,GARC1,RUS,EMB,embA@P639S,U,{},"{""proportion"": 0.0, ""confidence"": [0.0, 0.7301340512159458], ""p_value"": 1.0, ""solo_contingency"": [[0, 1], [413, 24568]], ""contingency"": [[8, 55], [5517, 28925]]}",{}
NC00962.3,EMB-0.25-0.9-0.9,0.0,GARC1,RUS,EMB,embA@W495C,U,{},"{""proportion"": 0.0, ""confidence"": [0.0, 0.7301340512159458], ""p_value"": 1.0, ""solo_contingency"": [[0, 1], [413, 24568]], ""contingency"": [[0, 1], [5525, 28979]]}",{}
NC00962.3,EMB-0.25-0.9-0.9,0.0,GARC1,RUS,EMB,embB@T588M,U,{},"{""proportion"": 0.0, ""confidence"": [0.0, 0.4741955741575127], ""p_value"": 1.0, ""solo_contingency"": [[0, 3], [413, 24568]], ""contingency"": [[0, 3], [5525, 28977]]}",{}
NC00962.3,EMB-0.25-0.9-0.9,0.0,GARC1,RUS,EMB,embA@G29V,U,{},"{""proportion"": 0.0, ""confidence"": [0.0, 0.7301340512159458], ""p_value"": 1.0, ""solo_contingency"": [[0, 1], [413, 24568]], ""contingency"": [[0, 1], [5525, 28979]]}",{}
NC00962.3,EMB-0.25-0.9-0.9,0.0,GARC1,RUS,EMB,embA@T566M,U,{},"{""proportion"": 0.5, ""confidence"": [0.12086631942227369, 0.8791336805777263], ""p_value"": 0.4375, ""solo_contingency"": [[1, 1], [413, 24568]], ""contingency"": [[1, 1], [5524, 28979]]}",{}
NC00962.3,EMB-0.25-0.9-0.9,0.0,GARC1,RUS,EMB,embA@A80T,U,{},"{""proportion"": 0.0, ""confidence"": [0.0, 0.7301340512159458], ""p_value"": 1.0, ""solo_contingency"": [[0, 1], [413, 24568]], ""contingency"": [[0, 1], [5525, 28979]]}",{}
NC00962.3,EMB-0.25-0.9-0.9,0.0,GARC1,RUS,EMB,embA@F342V,U,{},"{""proportion"": 0.0, ""confidence"": [0.0, 0.7301340512159458], ""p_value"": 1.0, ""solo_contingency"": [[0, 1], [413, 24568]], ""contingency"": [[0, 1], [5525, 28979]]}",{}
NC00962.3,EMB-0.25-0.9-0.9,0.0,GARC1,RUS,EMB,embA@R538H,U,{},"{""proportion"": 0.0, ""confidence"": [0.0, 0.7301340512159458], ""p_value"": 1.0, ""solo_contingency"": [[0, 1], [413, 24568]], ""contingency"": [[0, 1], [5525, 28979]]}",{}
NC00962.3,EMB-0.25-0.9-0.9,0.0,GARC1,RUS,EMB,embB@A454T,U,{},"{""proportion"": 0.0, ""confidence"": [0.0, 0.7301340512159458], ""p_value"": 1.0, ""solo_contingency"": [[0, 1], [413, 24568]], ""contingency"": [[4, 4], [5521, 28976]]}",{}
NC00962.3,EMB-0.25-0.9-0.9,0.0,GARC1,RUS,EMB,embA@G5S,U,{},"{""proportion"": 0.0, ""confidence"": [0.0, 0.7301340512159458], ""p_value"": 1.0, ""solo_contingency"": [[0, 1], [413, 24568]], ""contingency"": [[6, 5], [5519, 28975]]}",{}
NC00962.3,EMB-0.25-0.9-0.9,0.0,GARC1,RUS,EMB,embA@A440T,U,{},"{""proportion"": 0.0, ""confidence"": [0.0, 0.7301340512159458], ""p_value"": 1.0, ""solo_contingency"": [[0, 1], [413, 24568]], ""contingency"": [[0, 1], [5525, 28979]]}",{}
NC00962.3,EMB-0.25-0.9-0.9,0.0,GARC1,RUS,EMB,embB@R1055S,U,{},"{""proportion"": 0.0, ""confidence"": [0.0, 0.7301340512159458], ""p_value"": 1.0, ""solo_contingency"": [[0, 1], [413, 24568]], ""contingency"": [[0, 1], [5525, 28979]]}",{}
NC00962.3,EMB-0.25-0.9-0.9,0.0,GARC1,RUS,EMB,embB@Q853P,U,{},"{""proportion"": 0.0, ""confidence"": [0.0, 0.278762695452542], ""p_value"": 0.20404052734375, ""solo_contingency"": [[0, 7], [413, 24568]], ""contingency"": [[15, 13], [5510, 28967]]}",{}
NC00962.3,EMB-0.25-0.9-0.9,0.0,GARC1,RUS,EMB,embB@T341N,U,{},"{""proportion"": 0.0, ""confidence"": [0.0, 0.40347862520270455], ""p_value"": 0.578125, ""solo_contingency"": [[0, 4], [413, 24568]], ""contingency"": [[0, 6], [5525, 28974]]}",{}
NC00962.3,EMB-0.25-0.9-0.9,0.0,GARC1,RUS,EMB,embB@T797A,U,{},"{""proportion"": 0.0, ""confidence"": [0.0, 0.4741955741575127], ""p_value"": 1.0, ""solo_contingency"": [[0, 3], [413, 24568]], ""contingency"": [[0, 3], [5525, 28977]]}",{}
NC00962.3,EMB-0.25-0.9-0.9,0.0,GARC1,RUS,EMB,embB@D664G,U,{},"{""proportion"": 0.0, ""confidence"": [0.0, 0.7301340512159458], ""p_value"": 1.0, ""solo_contingency"": [[0, 1], [413, 24568]], ""contingency"": [[0, 1], [5525, 28979]]}",{}
NC00962.3,EMB-0.25-0.9-0.9,0.0,GARC1,RUS,EMB,embB@I1039M,U,{},"{""proportion"": 0.0, ""confidence"": [0.0, 0.31078398130591417], ""p_value"": 0.347412109375, ""solo_contingency"": [[0, 6], [413, 24568]], ""contingency"": [[0, 6], [5525, 28974]]}",{}
NC00962.3,EMB-0.25-0.9-0.9,0.0,GARC1,RUS,EMB,embB@G294S,U,{},"{""proportion"": 0.0, ""confidence"": [0.0, 0.7301340512159458], ""p_value"": 1.0, ""solo_contingency"": [[0, 1], [413, 24568]], ""contingency"": [[1, 1], [5524, 28979]]}",{}
NC00962.3,EMB-0.25-0.9-0.9,0.0,GARC1,RUS,EMB,embA@S20A,U,{},"{""proportion"": 0.0, ""confidence"": [0.0, 0.3511165007651012], ""p_value"": 0.34082031250000006, ""solo_contingency"": [[0, 5], [413, 24568]], ""contingency"": [[0, 6], [5525, 28974]]}",{}
NC00962.3,EMB-0.25-0.9-0.9,0.0,GARC1,RUS,EMB,embB@A201E,U,{},"{""proportion"": 0.0, ""confidence"": [0.0, 0.4741955741575127], ""p_value"": 1.0, ""solo_contingency"": [[0, 3], [413, 24568]], ""contingency"": [[0, 3], [5525, 28977]]}",{}
NC00962.3,EMB-0.25-0.9-0.9,0.0,GARC1,RUS,EMB,embB@F285V,U,{},"{""proportion"": 0.0, ""confidence"": [0.0, 0.7301340512159458], ""p_value"": 1.0, ""solo_contingency"": [[0, 1], [413, 24568]], ""contingency"": [[0, 1], [5525, 28979]]}",{}
NC00962.3,EMB-0.25-0.9-0.9,0.0,GARC1,RUS,EMB,embB@D970G,U,{},"{""proportion"": 0.0, ""confidence"": [0.0, 0.4741955741575127], ""p_value"": 1.0, ""solo_contingency"": [[0, 3], [413, 24568]], ""contingency"": [[0, 3], [5525, 28977]]}",{}
NC00962.3,EMB-0.25-0.9-0.9,0.0,GARC1,RUS,EMB,embB@P136A,U,{},"{""proportion"": 0.0, ""confidence"": [0.0, 0.7301340512159458], ""p_value"": 1.0, ""solo_contingency"": [[0, 1], [413, 24568]], ""contingency"": [[0, 1], [5525, 28979]]}",{}
NC00962.3,EMB-0.25-0.9-0.9,0.0,GARC1,RUS,EMB,embB@F541V,U,{},"{""proportion"": 0.0, ""confidence"": [0.0, 0.7301340512159458], ""p_value"": 1.0, ""solo_contingency"": [[0, 1], [413, 24568]], ""contingency"": [[0, 1], [5525, 28979]]}",{}
NC00962.3,EMB-0.25-0.9-0.9,0.0,GARC1,RUS,EMB,embB@A683V,U,{},"{""proportion"": 0.0, ""confidence"": [0.0, 0.7301340512159458], ""p_value"": 1.0, ""solo_contingency"": [[0, 1], [413, 24568]], ""contingency"": [[0, 1], [5525, 28979]]}",{}
NC00962.3,EMB-0.25-0.9-0.9,0.0,GARC1,RUS,EMB,embB@R147H,U,{},"{""proportion"": 0.0, ""confidence"": [0.0, 0.7301340512159458], ""p_value"": 1.0, ""solo_contingency"": [[0, 1], [413, 24568]], ""contingency"": [[0, 1], [5525, 28979]]}",{}
NC00962.3,EMB-0.25-0.9-0.9,0.0,GARC1,RUS,EMB,embA@S516P,U,{},"{""proportion"": 0.0, ""confidence"": [0.0, 0.7301340512159458], ""p_value"": 1.0, ""solo_contingency"": [[0, 1], [413, 24568]], ""contingency"": [[0, 1], [5525, 28979]]}",{}
NC00962.3,EMB-0.25-0.9-0.9,0.0,GARC1,RUS,EMB,embB@A454V,U,{},"{""proportion"": 0.0, ""confidence"": [0.0, 0.7301340512159458], ""p_value"": 1.0, ""solo_contingency"": [[0, 1], [413, 24568]], ""contingency"": [[0, 1], [5525, 28979]]}",{}
NC00962.3,EMB-0.25-0.9-0.9,0.0,GARC1,RUS,EMB,embB@R620P,U,{},"{""proportion"": 0.0, ""confidence"": [0.0, 0.3511165007651012], ""p_value"": 0.34082031250000006, ""solo_contingency"": [[0, 5], [413, 24568]], ""contingency"": [[0, 5], [5525, 28975]]}",{}
NC00962.3,EMB-0.25-0.9-0.9,0.0,GARC1,RUS,EMB,embA@V339A,U,{},"{""proportion"": 0.0, ""confidence"": [0.0, 0.7301340512159458], ""p_value"": 1.0, ""solo_contingency"": [[0, 1], [413, 24568]], ""contingency"": [[0, 1], [5525, 28979]]}",{}
NC00962.3,EMB-0.25-0.9-0.9,0.0,GARC1,RUS,EMB,embA@I338V,U,{},"{""proportion"": 0.0, ""confidence"": [0.0, 0.31078398130591417], ""p_value"": 0.347412109375, ""solo_contingency"": [[0, 6], [413, 24568]], ""contingency"": [[0, 6], [5525, 28974]]}",{}
NC00962.3,EMB-0.25-0.9-0.9,0.0,GARC1,RUS,EMB,embA@C335W,U,{},"{""proportion"": 0.0, ""confidence"": [0.0, 0.25272359742376316], ""p_value"": 0.21392822265625003, ""solo_contingency"": [[0, 8], [413, 24568]], ""contingency"": [[0, 11], [5525, 28969]]}",{}
NC00962.3,EMB-0.25-0.9-0.9,0.0,GARC1,RUS,EMB,embB@V614L,U,{},"{""proportion"": 0.0, ""confidence"": [0.0, 0.7301340512159458], ""p_value"": 1.0, ""solo_contingency"": [[0, 1], [413, 24568]], ""contingency"": [[0, 1], [5525, 28979]]}",{}
NC00962.3,EMB-0.25-0.9-0.9,0.0,GARC1,RUS,EMB,embA@T1014A,U,{},"{""proportion"": 0.0, ""confidence"": [0.0, 0.7301340512159458], ""p_value"": 1.0, ""solo_contingency"": [[0, 1], [413, 24568]], ""contingency"": [[0, 1], [5525, 28979]]}",{}
NC00962.3,EMB-0.25-0.9-0.9,0.0,GARC1,RUS,EMB,embA@K773N,U,{},"{""proportion"": 0.0, ""confidence"": [0.0, 0.4741955741575127], ""p_value"": 1.0, ""solo_contingency"": [[0, 3], [413, 24568]], ""contingency"": [[0, 4], [5525, 28976]]}",{}
NC00962.3,EMB-0.25-0.9-0.9,0.0,GARC1,RUS,EMB,embB@N160D,U,{},"{""proportion"": 0.0, ""confidence"": [0.0, 0.7301340512159458], ""p_value"": 1.0, ""solo_contingency"": [[0, 1], [413, 24568]], ""contingency"": [[0, 1], [5525, 28979]]}",{}
NC00962.3,EMB-0.25-0.9-0.9,0.0,GARC1,RUS,EMB,embA@G5V,U,{},"{""proportion"": 0.0, ""confidence"": [0.0, 0.7301340512159458], ""p_value"": 1.0, ""solo_contingency"": [[0, 1], [413, 24568]], ""contingency"": [[7, 10], [5518, 28970]]}",{}
NC00962.3,EMB-0.25-0.9-0.9,0.0,GARC1,RUS,EMB,embA@H1061Q,U,{},"{""proportion"": 0.0, ""confidence"": [0.0, 0.7301340512159458], ""p_value"": 1.0, ""solo_contingency"": [[0, 1], [413, 24568]], ""contingency"": [[0, 1], [5525, 28979]]}",{}
NC00962.3,EMB-0.25-0.9-0.9,0.0,GARC1,RUS,EMB,embA@S788F,U,{},"{""proportion"": 0.0, ""confidence"": [0.0, 0.7301340512159458], ""p_value"": 1.0, ""solo_contingency"": [[0, 1], [413, 24568]], ""contingency"": [[0, 1], [5525, 28979]]}",{}
NC00962.3,EMB-0.25-0.9-0.9,0.0,GARC1,RUS,EMB,embB@A1073V,U,{},"{""proportion"": 0.0, ""confidence"": [0.0, 0.5749693909936535], ""p_value"": 1.0, ""solo_contingency"": [[0, 2], [413, 24568]], ""contingency"": [[0, 2], [5525, 28978]]}",{}
NC00962.3,EMB-0.25-0.9-0.9,0.0,GARC1,RUS,EMB,embA@S824A,U,{},"{""proportion"": 0.0, ""confidence"": [0.0, 0.7301340512159458], ""p_value"": 1.0, ""solo_contingency"": [[0, 1], [413, 24568]], ""contingency"": [[0, 1], [5525, 28979]]}",{}
NC00962.3,EMB-0.25-0.9-0.9,0.0,GARC1,RUS,EMB,embA@E1075G,U,{},"{""proportion"": 0.0, ""confidence"": [0.0, 0.7301340512159458], ""p_value"": 1.0, ""solo_contingency"": [[0, 1], [413, 24568]], ""contingency"": [[0, 1], [5525, 28979]]}",{}
NC00962.3,EMB-0.25-0.9-0.9,0.0,GARC1,RUS,EMB,embA@T475M,U,{},"{""proportion"": 0.0, ""confidence"": [0.0, 0.7301340512159458], ""p_value"": 1.0, ""solo_contingency"": [[0, 1], [413, 24568]], ""contingency"": [[0, 1], [5525, 28979]]}",{}
NC00962.3,EMB-0.25-0.9-0.9,0.0,GARC1,RUS,EMB,embB@G851D,U,{},"{""proportion"": 0.0, ""confidence"": [0.0, 0.7301340512159458], ""p_value"": 1.0, ""solo_contingency"": [[0, 1], [413, 24568]], ""contingency"": [[0, 1], [5525, 28979]]}",{}
NC00962.3,EMB-0.25-0.9-0.9,0.0,GARC1,RUS,EMB,embB@D191Y,U,{},"{""proportion"": 0.0, ""confidence"": [0.0, 0.31078398130591417], ""p_value"": 0.347412109375, ""solo_contingency"": [[0, 6], [413, 24568]], ""contingency"": [[0, 6], [5525, 28974]]}",{}
NC00962.3,EMB-0.25-0.9-0.9,0.0,GARC1,RUS,EMB,embB@A677E,U,{},"{""proportion"": 0.0, ""confidence"": [0.0, 0.7301340512159458], ""p_value"": 1.0, ""solo_contingency"": [[0, 1], [413, 24568]], ""contingency"": [[0, 1], [5525, 28979]]}",{}
NC00962.3,EMB-0.25-0.9-0.9,0.0,GARC1,RUS,EMB,embB@R464L,U,{},"{""proportion"": 0.0, ""confidence"": [0.0, 0.7301340512159458], ""p_value"": 1.0, ""solo_contingency"": [[0, 1], [413, 24568]], ""contingency"": [[0, 1], [5525, 28979]]}",{}
NC00962.3,EMB-0.25-0.9-0.9,0.0,GARC1,RUS,EMB,embA@D112G,U,{},"{""proportion"": 0.2, ""confidence"": [0.045962453880603965, 0.5647074465784567], ""p_value"": 1.0, ""solo_contingency"": [[1, 4], [413, 24568]], ""contingency"": [[1, 4], [5524, 28976]]}",{}
NC00962.3,EMB-0.25-0.9-0.9,0.0,GARC1,RUS,EMB,embB@R469H,U,{},"{""proportion"": 0.0, ""confidence"": [0.0, 0.7301340512159458], ""p_value"": 1.0, ""solo_contingency"": [[0, 1], [413, 24568]], ""contingency"": [[0, 1], [5525, 28979]]}",{}
NC00962.3,EMB-0.25-0.9-0.9,0.0,GARC1,RUS,EMB,embA@S1024N,U,{},"{""proportion"": 0.0, ""confidence"": [0.0, 0.7301340512159458], ""p_value"": 1.0, ""solo_contingency"": [[0, 1], [413, 24568]], ""contingency"": [[0, 1], [5525, 28979]]}",{}
NC00962.3,EMB-0.25-0.9-0.9,0.0,GARC1,RUS,EMB,embA@A719T,U,{},"{""proportion"": 0.0, ""confidence"": [0.0, 0.7301340512159458], ""p_value"": 1.0, ""solo_contingency"": [[0, 1], [413, 24568]], ""contingency"": [[0, 1], [5525, 28979]]}",{}
NC00962.3,EMB-0.25-0.9-0.9,0.0,GARC1,RUS,EMB,embB@G825D,U,{},"{""proportion"": 0.0, ""confidence"": [0.0, 0.7301340512159458], ""p_value"": 1.0, ""solo_contingency"": [[0, 1], [413, 24568]], ""contingency"": [[0, 1], [5525, 28979]]}",{}
NC00962.3,EMB-0.25-0.9-0.9,0.0,GARC1,RUS,EMB,embA@E882K,U,{},"{""proportion"": 0.0, ""confidence"": [0.0, 0.7301340512159458], ""p_value"": 1.0, ""solo_contingency"": [[0, 1], [413, 24568]], ""contingency"": [[0, 1], [5525, 28979]]}",{}
NC00962.3,EMB-0.25-0.9-0.9,0.0,GARC1,RUS,EMB,embA@T718I,U,{},"{""proportion"": 0.0, ""confidence"": [0.0, 0.7301340512159458], ""p_value"": 1.0, ""solo_contingency"": [[0, 1], [413, 24568]], ""contingency"": [[0, 3], [5525, 28977]]}",{}
NC00962.3,EMB-0.25-0.9-0.9,0.0,GARC1,RUS,EMB,embB@G979A,U,{},"{""proportion"": 0.0, ""confidence"": [0.0, 0.7301340512159458], ""p_value"": 1.0, ""solo_contingency"": [[0, 1], [413, 24568]], ""contingency"": [[1, 1], [5524, 28979]]}",{}
NC00962.3,EMB-0.25-0.9-0.9,0.0,GARC1,RUS,EMB,embB@P616T,U,{},"{""proportion"": 0.0, ""confidence"": [0.0, 0.5749693909936535], ""p_value"": 1.0, ""solo_contingency"": [[0, 2], [413, 24568]], ""contingency"": [[0, 2], [5525, 28978]]}",{}
NC00962.3,EMB-0.25-0.9-0.9,0.0,GARC1,RUS,EMB,embB@G792S,U,{},"{""proportion"": 0.0, ""confidence"": [0.0, 0.7301340512159458], ""p_value"": 1.0, ""solo_contingency"": [[0, 1], [413, 24568]], ""contingency"": [[0, 1], [5525, 28979]]}",{}
NC00962.3,EMB-0.25-0.9-0.9,0.0,GARC1,RUS,EMB,embB@P1075L,U,{},"{""proportion"": 0.0, ""confidence"": [0.0, 0.7301340512159458], ""p_value"": 1.0, ""solo_contingency"": [[0, 1], [413, 24568]], ""contingency"": [[0, 1], [5525, 28979]]}",{}
NC00962.3,EMB-0.25-0.9-0.9,0.0,GARC1,RUS,EMB,embB@D207E,U,{},"{""proportion"": 0.0, ""confidence"": [0.0, 0.7301340512159458], ""p_value"": 1.0, ""solo_contingency"": [[0, 1], [413, 24568]], ""contingency"": [[0, 1], [5525, 28979]]}",{}
NC00962.3,EMB-0.25-0.9-0.9,0.0,GARC1,RUS,EMB,embA@G765D,U,{},"{""proportion"": 0.0, ""confidence"": [0.0, 0.7301340512159458], ""p_value"": 1.0, ""solo_contingency"": [[0, 1], [413, 24568]], ""contingency"": [[0, 1], [5525, 28979]]}",{}
NC00962.3,EMB-0.25-0.9-0.9,0.0,GARC1,RUS,EMB,embB@A43P,U,{},"{""proportion"": 0.0, ""confidence"": [0.0, 0.7301340512159458], ""p_value"": 1.0, ""solo_contingency"": [[0, 1], [413, 24568]], ""contingency"": [[0, 1], [5525, 28979]]}",{}
NC00962.3,EMB-0.25-0.9-0.9,0.0,GARC1,RUS,EMB,embA@A217T,U,{},"{""proportion"": 0.0, ""confidence"": [0.0, 0.40347862520270455], ""p_value"": 0.578125, ""solo_contingency"": [[0, 4], [413, 24568]], ""contingency"": [[0, 5], [5525, 28975]]}",{}
NC00962.3,EMB-0.25-0.9-0.9,0.0,GARC1,RUS,EMB,embB@M340I,U,{},"{""proportion"": 0.0, ""confidence"": [0.0, 0.40347862520270455], ""p_value"": 0.578125, ""solo_contingency"": [[0, 4], [413, 24568]], ""contingency"": [[0, 4], [5525, 28976]]}",{}
NC00962.3,EMB-0.25-0.9-0.9,0.0,GARC1,RUS,EMB,embB@Y863H,U,{},"{""proportion"": 0.0, ""confidence"": [0.0, 0.7301340512159458], ""p_value"": 1.0, ""solo_contingency"": [[0, 1], [413, 24568]], ""contingency"": [[0, 1], [5525, 28979]]}",{}
NC00962.3,EMB-0.25-0.9-0.9,0.0,GARC1,RUS,EMB,embA@T113R,U,{},"{""proportion"": 0.0, ""confidence"": [0.0, 0.3511165007651012], ""p_value"": 0.34082031250000006, ""solo_contingency"": [[0, 5], [413, 24568]], ""contingency"": [[0, 5], [5525, 28975]]}",{}
NC00962.3,EMB-0.25-0.9-0.9,0.0,GARC1,RUS,EMB,embA@G547D,U,{},"{""proportion"": 0.0, ""confidence"": [0.0, 0.7301340512159458], ""p_value"": 1.0, ""solo_contingency"": [[0, 1], [413, 24568]], ""contingency"": [[0, 1], [5525, 28979]]}",{}
NC00962.3,EMB-0.25-0.9-0.9,0.0,GARC1,RUS,EMB,embB@F579V,U,{},"{""proportion"": 0.0, ""confidence"": [0.0, 0.7301340512159458], ""p_value"": 1.0, ""solo_contingency"": [[0, 1], [413, 24568]], ""contingency"": [[0, 1], [5525, 28979]]}",{}
NC00962.3,EMB-0.25-0.9-0.9,0.0,GARC1,RUS,EMB,embA@Q497R,U,{},"{""proportion"": 0.0, ""confidence"": [0.0, 0.7301340512159458], ""p_value"": 1.0, ""solo_contingency"": [[0, 1], [413, 24568]], ""contingency"": [[0, 1], [5525, 28979]]}",{}
NC00962.3,EMB-0.25-0.9-0.9,0.0,GARC1,RUS,EMB,embB@H154R,U,{},"{""proportion"": 0.0, ""confidence"": [0.0, 0.7301340512159458], ""p_value"": 1.0, ""solo_contingency"": [[0, 1], [413, 24568]], ""contingency"": [[0, 1], [5525, 28979]]}",{}
NC00962.3,EMB-0.25-0.9-0.9,0.0,GARC1,RUS,EMB,embB@I556V,U,{},"{""proportion"": 0.0, ""confidence"": [0.0, 0.7301340512159458], ""p_value"": 1.0, ""solo_contingency"": [[0, 1], [413, 24568]], ""contingency"": [[0, 1], [5525, 28979]]}",{}
NC00962.3,EMB-0.25-0.9-0.9,0.0,GARC1,RUS,EMB,embB@S174N,U,{},"{""proportion"": 0.0, ""confidence"": [0.0, 0.7301340512159458], ""p_value"": 1.0, ""solo_contingency"": [[0, 1], [413, 24568]], ""contingency"": [[0, 1], [5525, 28979]]}",{}
NC00962.3,EMB-0.25-0.9-0.9,0.0,GARC1,RUS,EMB,embB@M91I,U,{},"{""proportion"": 0.0, ""confidence"": [0.0, 0.5749693909936535], ""p_value"": 1.0, ""solo_contingency"": [[0, 2], [413, 24568]], ""contingency"": [[0, 2], [5525, 28978]]}",{}
NC00962.3,EMB-0.25-0.9-0.9,0.0,GARC1,RUS,EMB,embA@M735I,U,{},"{""proportion"": 0.0, ""confidence"": [0.0, 0.4741955741575127], ""p_value"": 1.0, ""solo_contingency"": [[0, 3], [413, 24568]], ""contingency"": [[0, 3], [5525, 28977]]}",{}
NC00962.3,EMB-0.25-0.9-0.9,0.0,GARC1,RUS,EMB,embA@D1053A,U,{},"{""proportion"": 0.0, ""confidence"": [0.0, 0.7301340512159458], ""p_value"": 1.0, ""solo_contingency"": [[0, 1], [413, 24568]], ""contingency"": [[0, 1], [5525, 28979]]}",{}
NC00962.3,EMB-0.25-0.9-0.9,0.0,GARC1,RUS,EMB,embA@A66V,U,{},"{""proportion"": 0.0, ""confidence"": [0.0, 0.7301340512159458], ""p_value"": 1.0, ""solo_contingency"": [[0, 1], [413, 24568]], ""contingency"": [[0, 1], [5525, 28979]]}",{}
NC00962.3,EMB-0.25-0.9-0.9,0.0,GARC1,RUS,EMB,embA@D865V,U,{},"{""proportion"": 0.0, ""confidence"": [0.0, 0.7301340512159458], ""p_value"": 1.0, ""solo_contingency"": [[0, 1], [413, 24568]], ""contingency"": [[0, 1], [5525, 28979]]}",{}
NC00962.3,EMB-0.25-0.9-0.9,0.0,GARC1,RUS,EMB,embA@W306R,U,{},"{""proportion"": 0.0, ""confidence"": [-2.1340331742842984e-17, 0.2311335193197566], ""p_value"": 0.12401199340820315, ""solo_contingency"": [[0, 9], [413, 24568]], ""contingency"": [[3, 17], [5522, 28963]]}",{}
NC00962.3,EMB-0.25-0.9-0.9,0.0,GARC1,RUS,EMB,embA@Y502C,U,{},"{""proportion"": 0.0, ""confidence"": [0.0, 0.4741955741575127], ""p_value"": 1.0, ""solo_contingency"": [[0, 3], [413, 24568]], ""contingency"": [[0, 3], [5525, 28977]]}",{}
NC00962.3,EMB-0.25-0.9-0.9,0.0,GARC1,RUS,EMB,embA@H1011Y,U,{},"{""proportion"": 0.0, ""confidence"": [0.0, 0.7301340512159458], ""p_value"": 1.0, ""solo_contingency"": [[0, 1], [413, 24568]], ""contingency"": [[0, 1], [5525, 28979]]}",{}
NC00962.3,EMB-0.25-0.9-0.9,0.0,GARC1,RUS,EMB,embA@D4N,U,{},"{""proportion"": 0.0, ""confidence"": [0.0, 0.7301340512159458], ""p_value"": 1.0, ""solo_contingency"": [[0, 1], [413, 24568]], ""contingency"": [[1, 1], [5524, 28979]]}",{}
NC00962.3,EMB-0.25-0.9-0.9,0.0,GARC1,RUS,EMB,embB@E138G,U,{},"{""proportion"": 0.0, ""confidence"": [0.0, 0.5749693909936535], ""p_value"": 1.0, ""solo_contingency"": [[0, 2], [413, 24568]], ""contingency"": [[0, 2], [5525, 28978]]}",{}
NC00962.3,EMB-0.25-0.9-0.9,0.0,GARC1,RUS,EMB,embA@A259T,U,{},"{""proportion"": 0.0, ""confidence"": [0.0, 0.7301340512159458], ""p_value"": 1.0, ""solo_contingency"": [[0, 1], [413, 24568]], ""contingency"": [[0, 1], [5525, 28979]]}",{}
NC00962.3,EMB-0.25-0.9-0.9,0.0,GARC1,RUS,EMB,embA@V646L,U,{},"{""proportion"": 0.0, ""confidence"": [0.0, 0.7301340512159458], ""p_value"": 1.0, ""solo_contingency"": [[0, 1], [413, 24568]], ""contingency"": [[0, 1], [5525, 28979]]}",{}
NC00962.3,EMB-0.25-0.9-0.9,0.0,GARC1,RUS,EMB,embB@Y848H,U,{},"{""proportion"": 0.0, ""confidence"": [0.0, 0.7301340512159458], ""p_value"": 1.0, ""solo_contingency"": [[0, 1], [413, 24568]], ""contingency"": [[0, 1], [5525, 28979]]}",{}
NC00962.3,EMB-0.25-0.9-0.9,0.0,GARC1,RUS,EMB,embB@P907S,U,{},"{""proportion"": 0.0, ""confidence"": [0.0, 0.7301340512159458], ""p_value"": 1.0, ""solo_contingency"": [[0, 1], [413, 24568]], ""contingency"": [[0, 2], [5525, 28978]]}",{}
NC00962.3,EMB-0.25-0.9-0.9,0.0,GARC1,RUS,EMB,embA@L967M,U,{},"{""proportion"": 0.0, ""confidence"": [0.0, 0.7301340512159458], ""p_value"": 1.0, ""solo_contingency"": [[0, 1], [413, 24568]], ""contingency"": [[0, 2], [5525, 28978]]}",{}
NC00962.3,EMB-0.25-0.9-0.9,0.0,GARC1,RUS,EMB,embB@A627V,U,{},"{""proportion"": 0.0, ""confidence"": [0.0, 0.7301340512159458], ""p_value"": 1.0, ""solo_contingency"": [[0, 1], [413, 24568]], ""contingency"": [[0, 1], [5525, 28979]]}",{}
NC00962.3,EMB-0.25-0.9-0.9,0.0,GARC1,RUS,EMB,embB@A155P,U,{},"{""proportion"": 0.0, ""confidence"": [0.0, 0.40347862520270455], ""p_value"": 0.578125, ""solo_contingency"": [[0, 4], [413, 24568]], ""contingency"": [[0, 4], [5525, 28976]]}",{}
NC00962.3,EMB-0.25-0.9-0.9,0.0,GARC1,RUS,EMB,embB@A204T,U,{},"{""proportion"": 0.0, ""confidence"": [0.0, 0.7301340512159458], ""p_value"": 1.0, ""solo_contingency"": [[0, 1], [413, 24568]], ""contingency"": [[0, 1], [5525, 28979]]}",{}
NC00962.3,EMB-0.25-0.9-0.9,0.0,GARC1,RUS,EMB,embA@M697V,U,{},"{""proportion"": 0.0, ""confidence"": [0.0, 0.4741955741575127], ""p_value"": 1.0, ""solo_contingency"": [[0, 3], [413, 24568]], ""contingency"": [[1, 3], [5524, 28977]]}",{}
NC00962.3,EMB-0.25-0.9-0.9,0.0,GARC1,RUS,EMB,embA@A364T,U,{},"{""proportion"": 0.0, ""confidence"": [0.0, 0.7301340512159458], ""p_value"": 1.0, ""solo_contingency"": [[0, 1], [413, 24568]], ""contingency"": [[0, 1], [5525, 28979]]}",{}
NC00962.3,EMB-0.25-0.9-0.9,0.0,GARC1,RUS,EMB,embB@G106V,U,{},"{""proportion"": 0.0, ""confidence"": [0.0, 0.7301340512159458], ""p_value"": 1.0, ""solo_contingency"": [[0, 1], [413, 24568]], ""contingency"": [[0, 1], [5525, 28979]]}",{}
NC00962.3,EMB-0.25-0.9-0.9,0.0,GARC1,RUS,EMB,embB@I16L,U,{},"{""proportion"": 0.0, ""confidence"": [0.0, 0.40347862520270455], ""p_value"": 0.578125, ""solo_contingency"": [[0, 4], [413, 24568]], ""contingency"": [[2, 4], [5523, 28976]]}",{}
NC00962.3,EMB-0.25-0.9-0.9,0.0,GARC1,RUS,EMB,embB@F176L,U,{},"{""proportion"": 0.0, ""confidence"": [0.0, 0.7301340512159458], ""p_value"": 1.0, ""solo_contingency"": [[0, 1], [413, 24568]], ""contingency"": [[0, 1], [5525, 28979]]}",{}
NC00962.3,EMB-0.25-0.9-0.9,0.0,GARC1,RUS,EMB,embB@A1083V,U,{},"{""proportion"": 0.0, ""confidence"": [0.0, 0.7301340512159458], ""p_value"": 1.0, ""solo_contingency"": [[0, 1], [413, 24568]], ""contingency"": [[0, 1], [5525, 28979]]}",{}
NC00962.3,EMB-0.25-0.9-0.9,0.0,GARC1,RUS,EMB,embA@A494S,U,{},"{""proportion"": 0.0, ""confidence"": [0.0, 0.7301340512159458], ""p_value"": 1.0, ""solo_contingency"": [[0, 1], [413, 24568]], ""contingency"": [[0, 1], [5525, 28979]]}",{}
NC00962.3,EMB-0.25-0.9-0.9,0.0,GARC1,RUS,EMB,embA@N847S,U,{},"{""proportion"": 0.0, ""confidence"": [0.0, 0.7301340512159458], ""p_value"": 1.0, ""solo_contingency"": [[0, 1], [413, 24568]], ""contingency"": [[0, 1], [5525, 28979]]}",{}
NC00962.3,EMB-0.25-0.9-0.9,0.0,GARC1,RUS,EMB,embA@G817S,U,{},"{""proportion"": 0.0, ""confidence"": [0.0, 0.7301340512159458], ""p_value"": 1.0, ""solo_contingency"": [[0, 1], [413, 24568]], ""contingency"": [[0, 1], [5525, 28979]]}",{}
NC00962.3,EMB-0.25-0.9-0.9,0.0,GARC1,RUS,EMB,embA@T983I,U,{},"{""proportion"": 0.0, ""confidence"": [0.0, 0.5749693909936535], ""p_value"": 1.0, ""solo_contingency"": [[0, 2], [413, 24568]], ""contingency"": [[0, 2], [5525, 28978]]}",{}
NC00962.3,EMB-0.25-0.9-0.9,0.0,GARC1,RUS,EMB,embB@I226V,U,{},"{""proportion"": 0.0, ""confidence"": [0.0, 0.4741955741575127], ""p_value"": 1.0, ""solo_contingency"": [[0, 3], [413, 24568]], ""contingency"": [[0, 3], [5525, 28977]]}",{}
NC00962.3,EMB-0.25-0.9-0.9,0.0,GARC1,RUS,EMB,embB@W28S,U,{},"{""proportion"": 0.0, ""confidence"": [0.0, 0.7301340512159458], ""p_value"": 1.0, ""solo_contingency"": [[0, 1], [413, 24568]], ""contingency"": [[0, 1], [5525, 28979]]}",{}
NC00962.3,EMB-0.25-0.9-0.9,0.0,GARC1,RUS,EMB,embB@T819I,U,{},"{""proportion"": 0.0, ""confidence"": [0.0, 0.7301340512159458], ""p_value"": 1.0, ""solo_contingency"": [[0, 1], [413, 24568]], ""contingency"": [[0, 1], [5525, 28979]]}",{}
NC00962.3,EMB-0.25-0.9-0.9,0.0,GARC1,RUS,EMB,embA@L723V,U,{},"{""proportion"": 0.0, ""confidence"": [0.0, 0.7301340512159458], ""p_value"": 1.0, ""solo_contingency"": [[0, 1], [413, 24568]], ""contingency"": [[0, 1], [5525, 28979]]}",{}
NC00962.3,EMB-0.25-0.9-0.9,0.0,GARC1,RUS,EMB,embB@F628S,U,{},"{""proportion"": 0.0, ""confidence"": [0.0, 0.5749693909936535], ""p_value"": 1.0, ""solo_contingency"": [[0, 2], [413, 24568]], ""contingency"": [[0, 2], [5525, 28978]]}",{}
NC00962.3,EMB-0.25-0.9-0.9,0.0,GARC1,RUS,EMB,embB@V508F,U,{},"{""proportion"": 0.0, ""confidence"": [0.0, 0.4741955741575127], ""p_value"": 1.0, ""solo_contingency"": [[0, 3], [413, 24568]], ""contingency"": [[0, 3], [5525, 28977]]}",{}
NC00962.3,EMB-0.25-0.9-0.9,0.0,GARC1,RUS,EMB,embB@M939I,U,{},"{""proportion"": 0.0, ""confidence"": [0.0, 0.7301340512159458], ""p_value"": 1.0, ""solo_contingency"": [[0, 1], [413, 24568]], ""contingency"": [[0, 1], [5525, 28979]]}",{}
NC00962.3,EMB-0.25-0.9-0.9,0.0,GARC1,RUS,EMB,embB@G836E,U,{},"{""proportion"": 0.0, ""confidence"": [0.0, 0.5749693909936535], ""p_value"": 1.0, ""solo_contingency"": [[0, 2], [413, 24568]], ""contingency"": [[0, 2], [5525, 28978]]}",{}
NC00962.3,EMB-0.25-0.9-0.9,0.0,GARC1,RUS,EMB,embB@K1022T,U,{},"{""proportion"": 0.0, ""confidence"": [0.0, 0.7301340512159458], ""p_value"": 1.0, ""solo_contingency"": [[0, 1], [413, 24568]], ""contingency"": [[0, 1], [5525, 28979]]}",{}
NC00962.3,EMB-0.25-0.9-0.9,0.0,GARC1,RUS,EMB,embB@D57G,U,{},"{""proportion"": 0.0, ""confidence"": [0.0, 0.5749693909936535], ""p_value"": 1.0, ""solo_contingency"": [[0, 2], [413, 24568]], ""contingency"": [[1, 2], [5524, 28978]]}",{}
NC00962.3,EMB-0.25-0.9-0.9,0.0,GARC1,RUS,EMB,embB@A630T,U,{},"{""proportion"": 0.0, ""confidence"": [0.0, 0.7301340512159458], ""p_value"": 1.0, ""solo_contingency"": [[0, 1], [413, 24568]], ""contingency"": [[0, 1], [5525, 28979]]}",{}
NC00962.3,EMB-0.25-0.9-0.9,0.0,GARC1,RUS,EMB,embB@G851V,U,{},"{""proportion"": 0.0, ""confidence"": [0.0, 0.7301340512159458], ""p_value"": 1.0, ""solo_contingency"": [[0, 1], [413, 24568]], ""contingency"": [[0, 1], [5525, 28979]]}",{}
NC00962.3,EMB-0.25-0.9-0.9,0.0,GARC1,RUS,EMB,embA@D144N,U,{},"{""proportion"": 0.0, ""confidence"": [0.0, 0.7301340512159458], ""p_value"": 1.0, ""solo_contingency"": [[0, 1], [413, 24568]], ""contingency"": [[0, 1], [5525, 28979]]}",{}
NC00962.3,EMB-0.25-0.9-0.9,0.0,GARC1,RUS,EMB,embB@G314S,U,{},"{""proportion"": 0.0, ""confidence"": [0.0, 0.7301340512159458], ""p_value"": 1.0, ""solo_contingency"": [[0, 1], [413, 24568]], ""contingency"": [[0, 1], [5525, 28979]]}",{}
NC00962.3,EMB-0.25-0.9-0.9,0.0,GARC1,RUS,EMB,embB@G694D,U,{},"{""proportion"": 0.0, ""confidence"": [0.0, 0.7301340512159458], ""p_value"": 1.0, ""solo_contingency"": [[0, 1], [413, 24568]], ""contingency"": [[0, 1], [5525, 28979]]}",{}
NC00962.3,EMB-0.25-0.9-0.9,0.0,GARC1,RUS,EMB,embB@K561R,U,{},"{""proportion"": 0.0, ""confidence"": [0.0, 0.25272359742376316], ""p_value"": 0.21392822265625003, ""solo_contingency"": [[0, 8], [413, 24568]], ""contingency"": [[0, 8], [5525, 28972]]}",{}
NC00962.3,EMB-0.25-0.9-0.9,0.0,GARC1,RUS,EMB,embB@V39L,U,{},"{""proportion"": 0.0, ""confidence"": [0.0, 0.5749693909936535], ""p_value"": 1.0, ""solo_contingency"": [[0, 2], [413, 24568]], ""contingency"": [[0, 2], [5525, 28978]]}",{}
NC00962.3,EMB-0.25-0.9-0.9,0.0,GARC1,RUS,EMB,embB@F743L,U,{},"{""proportion"": 0.0, ""confidence"": [0.0, 0.5749693909936535], ""p_value"": 1.0, ""solo_contingency"": [[0, 2], [413, 24568]], ""contingency"": [[0, 2], [5525, 28978]]}",{}
NC00962.3,EMB-0.25-0.9-0.9,0.0,GARC1,RUS,EMB,embB@A295V,U,{},"{""proportion"": 0.0, ""confidence"": [0.0, 0.5749693909936535], ""p_value"": 1.0, ""solo_contingency"": [[0, 2], [413, 24568]], ""contingency"": [[0, 2], [5525, 28978]]}",{}
NC00962.3,EMB-0.25-0.9-0.9,0.0,GARC1,RUS,EMB,embA@E1075V,U,{},"{""proportion"": 0.0, ""confidence"": [0.0, 0.5749693909936535], ""p_value"": 1.0, ""solo_contingency"": [[0, 2], [413, 24568]], ""contingency"": [[0, 2], [5525, 28978]]}",{}
NC00962.3,EMB-0.25-0.9-0.9,0.0,GARC1,RUS,EMB,embB@R61W,U,{},"{""proportion"": 0.0, ""confidence"": [0.0, 0.5749693909936535], ""p_value"": 1.0, ""solo_contingency"": [[0, 2], [413, 24568]], ""contingency"": [[0, 2], [5525, 28978]]}",{}
NC00962.3,EMB-0.25-0.9-0.9,0.0,GARC1,RUS,EMB,embA@g-83a,U,{},"{""proportion"": 0.0, ""confidence"": [0.0, 0.5749693909936535], ""p_value"": 1.0, ""solo_contingency"": [[0, 2], [413, 24568]], ""contingency"": [[0, 2], [5525, 28978]]}",{}
NC00962.3,EMB-0.25-0.9-0.9,0.0,GARC1,RUS,EMB,embB@L971V,U,{},"{""proportion"": 0.0, ""confidence"": [0.0, 0.5749693909936535], ""p_value"": 1.0, ""solo_contingency"": [[0, 2], [413, 24568]], ""contingency"": [[0, 3], [5525, 28977]]}",{}
NC00962.3,EMB-0.25-0.9-0.9,0.0,GARC1,RUS,EMB,embB@R267P,U,{},"{""proportion"": 0.0, ""confidence"": [0.0, 0.40347862520270455], ""p_value"": 0.578125, ""solo_contingency"": [[0, 4], [413, 24568]], ""contingency"": [[0, 4], [5525, 28976]]}",{}
NC00962.3,EMB-0.25-0.9-0.9,0.0,GARC1,RUS,EMB,embB@A716V,U,{},"{""proportion"": 0.0, ""confidence"": [0.0, 0.7301340512159458], ""p_value"": 1.0, ""solo_contingency"": [[0, 1], [413, 24568]], ""contingency"": [[0, 1], [5525, 28979]]}",{}
NC00962.3,EMB-0.25-0.9-0.9,0.0,GARC1,RUS,EMB,embB@A43V,U,{},"{""proportion"": 0.0, ""confidence"": [0.0, 0.7301340512159458], ""p_value"": 1.0, ""solo_contingency"": [[0, 1], [413, 24568]], ""contingency"": [[0, 1], [5525, 28979]]}",{}
NC00962.3,EMB-0.25-0.9-0.9,0.0,GARC1,RUS,EMB,embB@S119N,U,{},"{""proportion"": 0.0, ""confidence"": [0.0, 0.5749693909936535], ""p_value"": 1.0, ""solo_contingency"": [[0, 2], [413, 24568]], ""contingency"": [[0, 2], [5525, 28978]]}",{}
NC00962.3,EMB-0.25-0.9-0.9,0.0,GARC1,RUS,EMB,embA@R1062L,U,{},"{""proportion"": 0.0, ""confidence"": [0.0, 0.7301340512159458], ""p_value"": 1.0, ""solo_contingency"": [[0, 1], [413, 24568]], ""contingency"": [[0, 1], [5525, 28979]]}",{}
NC00962.3,EMB-0.25-0.9-0.9,0.0,GARC1,RUS,EMB,embA@A1000T,U,{},"{""proportion"": 0.0, ""confidence"": [0.0, 0.7301340512159458], ""p_value"": 1.0, ""solo_contingency"": [[0, 1], [413, 24568]], ""contingency"": [[0, 1], [5525, 28979]]}",{}
NC00962.3,EMB-0.25-0.9-0.9,0.0,GARC1,RUS,EMB,embB@A679S,U,{},"{""proportion"": 0.0, ""confidence"": [0.0, 0.7301340512159458], ""p_value"": 1.0, ""solo_contingency"": [[0, 1], [413, 24568]], ""contingency"": [[0, 1], [5525, 28979]]}",{}
NC00962.3,EMB-0.25-0.9-0.9,0.0,GARC1,RUS,EMB,embB@A553T,U,{},"{""proportion"": 0.0, ""confidence"": [0.0, 0.5749693909936535], ""p_value"": 1.0, ""solo_contingency"": [[0, 2], [413, 24568]], ""contingency"": [[0, 2], [5525, 28978]]}",{}
NC00962.3,EMB-0.25-0.9-0.9,0.0,GARC1,RUS,EMB,embA@C28Y,U,{},"{""proportion"": 0.0, ""confidence"": [0.0, 0.7301340512159458], ""p_value"": 1.0, ""solo_contingency"": [[0, 1], [413, 24568]], ""contingency"": [[0, 1], [5525, 28979]]}",{}
NC00962.3,EMB-0.25-0.9-0.9,0.0,GARC1,RUS,EMB,embB@G199R,U,{},"{""proportion"": 0.0, ""confidence"": [0.0, 0.7301340512159458], ""p_value"": 1.0, ""solo_contingency"": [[0, 1], [413, 24568]], ""contingency"": [[1, 1], [5524, 28979]]}",{}
NC00962.3,EMB-0.25-0.9-0.9,0.0,GARC1,RUS,EMB,embA@P913L,U,{},"{""proportion"": 0.0, ""confidence"": [0.0, 0.7301340512159458], ""p_value"": 1.0, ""solo_contingency"": [[0, 1], [413, 24568]], ""contingency"": [[0, 1], [5525, 28979]]}",{}
NC00962.3,EMB-0.25-0.9-0.9,0.0,GARC1,RUS,EMB,embA@-39_del_cctcaccgc,U,{},"{""proportion"": 0.0, ""confidence"": [0.0, 0.7301340512159458], ""p_value"": 1.0, ""solo_contingency"": [[0, 1], [413, 24568]], ""contingency"": [[0, 1], [5525, 28979]]}",{}
NC00962.3,EMB-0.25-0.9-0.9,0.0,GARC1,RUS,EMB,embB@A1076T,U,{},"{""proportion"": 0.0, ""confidence"": [0.0, 0.5749693909936535], ""p_value"": 1.0, ""solo_contingency"": [[0, 2], [413, 24568]], ""contingency"": [[0, 2], [5525, 28978]]}",{}
NC00962.3,EMB-0.25-0.9-0.9,0.0,GARC1,RUS,EMB,embB@P93L,U,{},"{""proportion"": 0.0, ""confidence"": [0.0, 0.40347862520270455], ""p_value"": 0.578125, ""solo_contingency"": [[0, 4], [413, 24568]], ""contingency"": [[0, 7], [5525, 28973]]}",{}
NC00962.3,EMB-0.25-0.9-0.9,0.0,GARC1,RUS,EMB,embB@R351C,U,{},"{""proportion"": 1.0, ""confidence"": [0.26986594878405434, 1.0000000000000002], ""p_value"": 0.25, ""solo_contingency"": [[1, 0], [413, 24568]], ""contingency"": [[1, 0], [5524, 28980]]}",{}
NC00962.3,EMB-0.25-0.9-0.9,0.0,GARC1,RUS,EMB,embB@P12L,U,{},"{""proportion"": 0.0, ""confidence"": [0.0, 0.7301340512159458], ""p_value"": 1.0, ""solo_contingency"": [[0, 1], [413, 24568]], ""contingency"": [[0, 1], [5525, 28979]]}",{}
NC00962.3,EMB-0.25-0.9-0.9,0.0,GARC1,RUS,EMB,embA@L34R,U,{},"{""proportion"": 0.0, ""confidence"": [0.0, 0.7301340512159458], ""p_value"": 1.0, ""solo_contingency"": [[0, 1], [413, 24568]], ""contingency"": [[0, 1], [5525, 28979]]}",{}
NC00962.3,EMB-0.25-0.9-0.9,0.0,GARC1,RUS,EMB,embB@F676S,U,{},"{""proportion"": 0.0, ""confidence"": [0.0, 0.5749693909936535], ""p_value"": 1.0, ""solo_contingency"": [[0, 2], [413, 24568]], ""contingency"": [[0, 2], [5525, 28978]]}",{}
NC00962.3,EMB-0.25-0.9-0.9,0.0,GARC1,RUS,EMB,embB@D311F,U,{},"{""proportion"": 0.0, ""confidence"": [0.0, 0.7301340512159458], ""p_value"": 1.0, ""solo_contingency"": [[0, 1], [413, 24568]], ""contingency"": [[0, 1], [5525, 28979]]}",{}
NC00962.3,EMB-0.25-0.9-0.9,0.0,GARC1,RUS,EMB,embB@A943V,U,{},"{""proportion"": 0.0, ""confidence"": [0.0, 0.7301340512159458], ""p_value"": 1.0, ""solo_contingency"": [[0, 1], [413, 24568]], ""contingency"": [[0, 1], [5525, 28979]]}",{}
NC00962.3,EMB-0.25-0.9-0.9,0.0,GARC1,RUS,EMB,embA@A355S,U,{},"{""proportion"": 0.0, ""confidence"": [0.0, 0.7301340512159458], ""p_value"": 1.0, ""solo_contingency"": [[0, 1], [413, 24568]], ""contingency"": [[0, 1], [5525, 28979]]}",{}
NC00962.3,EMB-0.25-0.9-0.9,0.0,GARC1,RUS,EMB,embB@D191E,U,{},"{""proportion"": 0.0, ""confidence"": [0.0, 0.5749693909936535], ""p_value"": 1.0, ""solo_contingency"": [[0, 2], [413, 24568]], ""contingency"": [[0, 2], [5525, 28978]]}",{}
NC00962.3,EMB-0.25-0.9-0.9,0.0,GARC1,RUS,EMB,embB@S119I,U,{},"{""proportion"": 0.0, ""confidence"": [0.0, 0.5749693909936535], ""p_value"": 1.0, ""solo_contingency"": [[0, 2], [413, 24568]], ""contingency"": [[0, 2], [5525, 28978]]}",{}
NC00962.3,EMB-0.25-0.9-0.9,0.0,GARC1,RUS,EMB,embB@G1087C,U,{},"{""proportion"": 0.0, ""confidence"": [0.0, 0.7301340512159458], ""p_value"": 1.0, ""solo_contingency"": [[0, 1], [413, 24568]], ""contingency"": [[0, 1], [5525, 28979]]}",{}
NC00962.3,EMB-0.25-0.9-0.9,0.0,GARC1,RUS,EMB,embA@P934R,U,{},"{""proportion"": 0.0, ""confidence"": [0.0, 0.7301340512159458], ""p_value"": 1.0, ""solo_contingency"": [[0, 1], [413, 24568]], ""contingency"": [[0, 1], [5525, 28979]]}",{}
NC00962.3,EMB-0.25-0.9-0.9,0.0,GARC1,RUS,EMB,embB@P76L,U,{},"{""proportion"": 0.0, ""confidence"": [0.0, 0.7301340512159458], ""p_value"": 1.0, ""solo_contingency"": [[0, 1], [413, 24568]], ""contingency"": [[0, 1], [5525, 28979]]}",{}
NC00962.3,EMB-0.25-0.9-0.9,0.0,GARC1,RUS,EMB,embB@T212A,U,{},"{""proportion"": 0.0, ""confidence"": [0.0, 0.5749693909936535], ""p_value"": 1.0, ""solo_contingency"": [[0, 2], [413, 24568]], ""contingency"": [[0, 2], [5525, 28978]]}",{}
NC00962.3,EMB-0.25-0.9-0.9,0.0,GARC1,RUS,EMB,embA@A355V,U,{},"{""proportion"": 0.0, ""confidence"": [0.0, 0.7301340512159458], ""p_value"": 1.0, ""solo_contingency"": [[0, 1], [413, 24568]], ""contingency"": [[0, 1], [5525, 28979]]}",{}
NC00962.3,EMB-0.25-0.9-0.9,0.0,GARC1,RUS,EMB,embB@G459S,U,{},"{""proportion"": 0.0, ""confidence"": [0.0, 0.7301340512159458], ""p_value"": 1.0, ""solo_contingency"": [[0, 1], [413, 24568]], ""contingency"": [[0, 1], [5525, 28979]]}",{}
NC00962.3,EMB-0.25-0.9-0.9,0.0,GARC1,RUS,EMB,embA@A316G,U,{},"{""proportion"": 0.0, ""confidence"": [0.0, 0.7301340512159458], ""p_value"": 1.0, ""solo_contingency"": [[0, 1], [413, 24568]], ""contingency"": [[0, 1], [5525, 28979]]}",{}
NC00962.3,EMB-0.25-0.9-0.9,0.0,GARC1,RUS,EMB,embB@A313T,U,{},"{""proportion"": 0.0, ""confidence"": [0.0, 0.7301340512159458], ""p_value"": 1.0, ""solo_contingency"": [[0, 1], [413, 24568]], ""contingency"": [[0, 1], [5525, 28979]]}",{}
NC00962.3,EMB-0.25-0.9-0.9,0.0,GARC1,RUS,EMB,embA@T604M,U,{},"{""proportion"": 0.0, ""confidence"": [0.0, 0.7301340512159458], ""p_value"": 1.0, ""solo_contingency"": [[0, 1], [413, 24568]], ""contingency"": [[0, 1], [5525, 28979]]}",{}
NC00962.3,EMB-0.25-0.9-0.9,0.0,GARC1,RUS,EMB,embB@R213W,U,{},"{""proportion"": 0.0, ""confidence"": [0.0, 0.7301340512159458], ""p_value"": 1.0, ""solo_contingency"": [[0, 1], [413, 24568]], ""contingency"": [[0, 1], [5525, 28979]]}",{}
NC00962.3,EMB-0.25-0.9-0.9,0.0,GARC1,RUS,EMB,embB@G458C,U,{},"{""proportion"": 0.0, ""confidence"": [0.0, 0.7301340512159458], ""p_value"": 1.0, ""solo_contingency"": [[0, 1], [413, 24568]], ""contingency"": [[0, 1], [5525, 28979]]}",{}
NC00962.3,EMB-0.25-0.9-0.9,0.0,GARC1,RUS,EMB,embB@L1037I,U,{},"{""proportion"": 0.0, ""confidence"": [0.0, 0.5749693909936535], ""p_value"": 1.0, ""solo_contingency"": [[0, 2], [413, 24568]], ""contingency"": [[0, 2], [5525, 28978]]}",{}
NC00962.3,EMB-0.25-0.9-0.9,0.0,GARC1,RUS,EMB,embB@V755I,U,{},"{""proportion"": 0.0, ""confidence"": [0.0, 0.5749693909936535], ""p_value"": 1.0, ""solo_contingency"": [[0, 2], [413, 24568]], ""contingency"": [[0, 2], [5525, 28978]]}",{}
NC00962.3,EMB-0.25-0.9-0.9,0.0,GARC1,RUS,EMB,embB@M265I,U,{},"{""proportion"": 0.0, ""confidence"": [0.0, 0.7301340512159458], ""p_value"": 1.0, ""solo_contingency"": [[0, 1], [413, 24568]], ""contingency"": [[0, 1], [5525, 28979]]}",{}
NC00962.3,EMB-0.25-0.9-0.9,0.0,GARC1,RUS,EMB,embA@P689L,U,{},"{""proportion"": 0.0, ""confidence"": [0.0, 0.7301340512159458], ""p_value"": 1.0, ""solo_contingency"": [[0, 1], [413, 24568]], ""contingency"": [[0, 1], [5525, 28979]]}",{}
NC00962.3,EMB-0.25-0.9-0.9,0.0,GARC1,RUS,EMB,embA@G157C,U,{},"{""proportion"": 0.0, ""confidence"": [0.0, 0.5749693909936535], ""p_value"": 1.0, ""solo_contingency"": [[0, 2], [413, 24568]], ""contingency"": [[0, 2], [5525, 28978]]}",{}
NC00962.3,EMB-0.25-0.9-0.9,0.0,GARC1,RUS,EMB,embA@L215M,U,{},"{""proportion"": 0.0, ""confidence"": [0.0, 0.7301340512159458], ""p_value"": 1.0, ""solo_contingency"": [[0, 1], [413, 24568]], ""contingency"": [[0, 1], [5525, 28979]]}",{}
NC00962.3,EMB-0.25-0.9-0.9,0.0,GARC1,RUS,EMB,embB@P430L,U,{},"{""proportion"": 0.0, ""confidence"": [0.0, 0.7301340512159458], ""p_value"": 1.0, ""solo_contingency"": [[0, 1], [413, 24568]], ""contingency"": [[0, 1], [5525, 28979]]}",{}
NC00962.3,EMB-0.25-0.9-0.9,0.0,GARC1,RUS,EMB,embB@S658N,U,{},"{""proportion"": 0.0, ""confidence"": [0.0, 0.7301340512159458], ""p_value"": 1.0, ""solo_contingency"": [[0, 1], [413, 24568]], ""contingency"": [[0, 1], [5525, 28979]]}",{}
NC00962.3,EMB-0.25-0.9-0.9,0.0,GARC1,RUS,EMB,embB@D869H,U,{},"{""proportion"": 0.0, ""confidence"": [0.0, 0.7301340512159458], ""p_value"": 1.0, ""solo_contingency"": [[0, 1], [413, 24568]], ""contingency"": [[0, 1], [5525, 28979]]}",{}
NC00962.3,EMB-0.25-0.9-0.9,0.0,GARC1,RUS,EMB,embA@T728I,U,{},"{""proportion"": 0.0, ""confidence"": [0.0, 0.3511165007651012], ""p_value"": 0.34082031250000006, ""solo_contingency"": [[0, 5], [413, 24568]], ""contingency"": [[0, 5], [5525, 28975]]}",{}
NC00962.3,EMB-0.25-0.9-0.9,0.0,GARC1,RUS,EMB,embA@G1085S,U,{},"{""proportion"": 0.0, ""confidence"": [0.0, 0.7301340512159458], ""p_value"": 1.0, ""solo_contingency"": [[0, 1], [413, 24568]], ""contingency"": [[0, 1], [5525, 28979]]}",{}
NC00962.3,EMB-0.25-0.9-0.9,0.0,GARC1,RUS,EMB,embB@V602I,U,{},"{""proportion"": 0.0, ""confidence"": [0.0, 0.7301340512159458], ""p_value"": 1.0, ""solo_contingency"": [[0, 1], [413, 24568]], ""contingency"": [[0, 1], [5525, 28979]]}",{}
NC00962.3,EMB-0.25-0.9-0.9,0.0,GARC1,RUS,EMB,embA@2046_del_ccgcatcttggc,U,{},"{""proportion"": 0.0, ""confidence"": [0.0, 0.7301340512159458], ""p_value"": 1.0, ""solo_contingency"": [[0, 1], [413, 24568]], ""contingency"": [[0, 1], [5525, 28979]]}",{}
NC00962.3,EMB-0.25-0.9-0.9,0.0,GARC1,RUS,EMB,embA@D784N,U,{},"{""proportion"": 0.0, ""confidence"": [0.0, 0.7301340512159458], ""p_value"": 1.0, ""solo_contingency"": [[0, 1], [413, 24568]], ""contingency"": [[0, 1], [5525, 28979]]}",{}
NC00962.3,EMB-0.25-0.9-0.9,0.0,GARC1,RUS,EMB,embB@R182C,U,{},"{""proportion"": 0.0, ""confidence"": [0.0, 0.4741955741575127], ""p_value"": 1.0, ""solo_contingency"": [[0, 3], [413, 24568]], ""contingency"": [[0, 3], [5525, 28977]]}",{}
NC00962.3,EMB-0.25-0.9-0.9,0.0,GARC1,RUS,EMB,embB@D86N,U,{},"{""proportion"": 0.0, ""confidence"": [0.0, 0.7301340512159458], ""p_value"": 1.0, ""solo_contingency"": [[0, 1], [413, 24568]], ""contingency"": [[0, 1], [5525, 28979]]}",{}
NC00962.3,EMB-0.25-0.9-0.9,0.0,GARC1,RUS,EMB,embB@A259V,U,{},"{""proportion"": 0.0, ""confidence"": [0.0, 0.7301340512159458], ""p_value"": 1.0, ""solo_contingency"": [[0, 1], [413, 24568]], ""contingency"": [[0, 1], [5525, 28979]]}",{}
NC00962.3,EMB-0.25-0.9-0.9,0.0,GARC1,RUS,EMB,embB@G443S,U,{},"{""proportion"": 0.0, ""confidence"": [0.0, 0.5749693909936535], ""p_value"": 1.0, ""solo_contingency"": [[0, 2], [413, 24568]], ""contingency"": [[0, 2], [5525, 28978]]}",{}
NC00962.3,EMB-0.25-0.9-0.9,0.0,GARC1,RUS,EMB,embB@R122H,U,{},"{""proportion"": 0.0, ""confidence"": [0.0, 0.7301340512159458], ""p_value"": 1.0, ""solo_contingency"": [[0, 1], [413, 24568]], ""contingency"": [[0, 1], [5525, 28979]]}",{}
NC00962.3,EMB-0.25-0.9-0.9,0.0,GARC1,RUS,EMB,embB@A356V,U,{},"{""proportion"": 0.0, ""confidence"": [0.0, 0.7301340512159458], ""p_value"": 1.0, ""solo_contingency"": [[0, 1], [413, 24568]], ""contingency"": [[0, 1], [5525, 28979]]}",{}
NC00962.3,EMB-0.25-0.9-0.9,0.0,GARC1,RUS,EMB,embA@S250N,U,{},"{""proportion"": 0.0, ""confidence"": [0.0, 0.7301340512159458], ""p_value"": 1.0, ""solo_contingency"": [[0, 1], [413, 24568]], ""contingency"": [[0, 2], [5525, 28978]]}",{}
NC00962.3,EMB-0.25-0.9-0.9,0.0,GARC1,RUS,EMB,embA@c-36t,U,{},"{""proportion"": 0.0, ""confidence"": [0.0, 0.7301340512159458], ""p_value"": 1.0, ""solo_contingency"": [[0, 1], [413, 24568]], ""contingency"": [[0, 1], [5525, 28979]]}",{}
NC00962.3,EMB-0.25-0.9-0.9,0.0,GARC1,RUS,EMB,embB@T506N,U,{},"{""proportion"": 0.0, ""confidence"": [0.0, 0.7301340512159458], ""p_value"": 1.0, ""solo_contingency"": [[0, 1], [413, 24568]], ""contingency"": [[0, 1], [5525, 28979]]}",{}
NC00962.3,EMB-0.25-0.9-0.9,0.0,GARC1,RUS,EMB,embA@D473G,U,{},"{""proportion"": 0.0, ""confidence"": [0.0, 0.7301340512159458], ""p_value"": 1.0, ""solo_contingency"": [[0, 1], [413, 24568]], ""contingency"": [[0, 1], [5525, 28979]]}",{}
NC00962.3,EMB-0.25-0.9-0.9,0.0,GARC1,RUS,EMB,embA@S516C,U,{},"{""proportion"": 0.0, ""confidence"": [0.0, 0.7301340512159458], ""p_value"": 1.0, ""solo_contingency"": [[0, 1], [413, 24568]], ""contingency"": [[0, 1], [5525, 28979]]}",{}
NC00962.3,EMB-0.25-0.9-0.9,0.0,GARC1,RUS,EMB,embA@V31F,U,{},"{""proportion"": 0.0, ""confidence"": [0.0, 0.7301340512159458], ""p_value"": 1.0, ""solo_contingency"": [[0, 1], [413, 24568]], ""contingency"": [[0, 1], [5525, 28979]]}",{}
NC00962.3,EMB-0.25-0.9-0.9,0.0,GARC1,RUS,EMB,embB@Q516E,U,{},"{""proportion"": 0.0, ""confidence"": [0.0, 0.7301340512159458], ""p_value"": 1.0, ""solo_contingency"": [[0, 1], [413, 24568]], ""contingency"": [[0, 1], [5525, 28979]]}",{}
NC00962.3,EMB-0.25-0.9-0.9,0.0,GARC1,RUS,EMB,embB@I284L,U,{},"{""proportion"": 0.0, ""confidence"": [0.0, 0.7301340512159458], ""p_value"": 1.0, ""solo_contingency"": [[0, 1], [413, 24568]], ""contingency"": [[0, 1], [5525, 28979]]}",{}
NC00962.3,EMB-0.25-0.9-0.9,0.0,GARC1,RUS,EMB,embA@P645R,U,{},"{""proportion"": 0.0, ""confidence"": [0.0, 0.5749693909936535], ""p_value"": 1.0, ""solo_contingency"": [[0, 2], [413, 24568]], ""contingency"": [[0, 2], [5525, 28978]]}",{}
NC00962.3,EMB-0.25-0.9-0.9,0.0,GARC1,RUS,EMB,embA@M705T,U,{},"{""proportion"": 0.0, ""confidence"": [0.0, 0.7301340512159458], ""p_value"": 1.0, ""solo_contingency"": [[0, 1], [413, 24568]], ""contingency"": [[0, 2], [5525, 28978]]}",{}
NC00962.3,EMB-0.25-0.9-0.9,0.0,GARC1,RUS,EMB,embA@S137N,U,{},"{""proportion"": 0.0, ""confidence"": [0.0, 0.7301340512159458], ""p_value"": 1.0, ""solo_contingency"": [[0, 1], [413, 24568]], ""contingency"": [[0, 1], [5525, 28979]]}",{}
NC00962.3,EMB-0.25-0.9-0.9,0.0,GARC1,RUS,EMB,embB@K561Q,U,{},"{""proportion"": 0.0, ""confidence"": [0.0, 0.7301340512159458], ""p_value"": 1.0, ""solo_contingency"": [[0, 1], [413, 24568]], ""contingency"": [[0, 1], [5525, 28979]]}",{}
NC00962.3,EMB-0.25-0.9-0.9,0.0,GARC1,RUS,EMB,embA@c-50t,U,{},"{""proportion"": 0.0, ""confidence"": [0.0, 0.7301340512159458], ""p_value"": 1.0, ""solo_contingency"": [[0, 1], [413, 24568]], ""contingency"": [[0, 1], [5525, 28979]]}",{}
NC00962.3,EMB-0.25-0.9-0.9,0.0,GARC1,RUS,EMB,embA@V583M,U,{},"{""proportion"": 0.0, ""confidence"": [0.0, 0.7301340512159458], ""p_value"": 1.0, ""solo_contingency"": [[0, 1], [413, 24568]], ""contingency"": [[0, 1], [5525, 28979]]}",{}
NC00962.3,EMB-0.25-0.9-0.9,0.0,GARC1,RUS,EMB,embA@M153V,U,{},"{""proportion"": 0.0, ""confidence"": [0.0, 0.7301340512159458], ""p_value"": 1.0, ""solo_contingency"": [[0, 1], [413, 24568]], ""contingency"": [[0, 1], [5525, 28979]]}",{}
NC00962.3,EMB-0.25-0.9-0.9,0.0,GARC1,RUS,EMB,embB@A517T,U,{},"{""proportion"": 0.0, ""confidence"": [0.0, 0.7301340512159458], ""p_value"": 1.0, ""solo_contingency"": [[0, 1], [413, 24568]], ""contingency"": [[0, 1], [5525, 28979]]}",{}
NC00962.3,EMB-0.25-0.9-0.9,0.0,GARC1,RUS,EMB,embB@R700H,U,{},"{""proportion"": 0.0, ""confidence"": [0.0, 0.7301340512159458], ""p_value"": 1.0, ""solo_contingency"": [[0, 1], [413, 24568]], ""contingency"": [[0, 1], [5525, 28979]]}",{}
NC00962.3,EMB-0.25-0.9-0.9,0.0,GARC1,RUS,EMB,embA@L603F,U,{},"{""proportion"": 0.0, ""confidence"": [0.0, 0.7301340512159458], ""p_value"": 1.0, ""solo_contingency"": [[0, 1], [413, 24568]], ""contingency"": [[0, 1], [5525, 28979]]}",{}
NC00962.3,EMB-0.25-0.9-0.9,0.0,GARC1,RUS,EMB,embA@P163L,U,{},"{""proportion"": 0.0, ""confidence"": [0.0, 0.5749693909936535], ""p_value"": 1.0, ""solo_contingency"": [[0, 2], [413, 24568]], ""contingency"": [[0, 2], [5525, 28978]]}",{}
NC00962.3,EMB-0.25-0.9-0.9,0.0,GARC1,RUS,EMB,embA@P861S,U,{},"{""proportion"": 0.0, ""confidence"": [0.0, 0.7301340512159458], ""p_value"": 1.0, ""solo_contingency"": [[0, 1], [413, 24568]], ""contingency"": [[0, 1], [5525, 28979]]}",{}
NC00962.3,EMB-0.25-0.9-0.9,0.0,GARC1,RUS,EMB,embB@F763L,U,{},"{""proportion"": 0.0, ""confidence"": [0.0, 0.7301340512159458], ""p_value"": 1.0, ""solo_contingency"": [[0, 1], [413, 24568]], ""contingency"": [[0, 1], [5525, 28979]]}",{}
NC00962.3,EMB-0.25-0.9-0.9,0.0,GARC1,RUS,EMB,embB@V668A,U,{},"{""proportion"": 0.0, ""confidence"": [0.0, 0.5749693909936535], ""p_value"": 1.0, ""solo_contingency"": [[0, 2], [413, 24568]], ""contingency"": [[0, 2], [5525, 28978]]}",{}
NC00962.3,EMB-0.25-0.9-0.9,0.0,GARC1,RUS,EMB,embB@S973L,U,{},"{""proportion"": 0.0, ""confidence"": [0.0, 0.7301340512159458], ""p_value"": 1.0, ""solo_contingency"": [[0, 1], [413, 24568]], ""contingency"": [[0, 1], [5525, 28979]]}",{}
NC00962.3,EMB-0.25-0.9-0.9,0.0,GARC1,RUS,EMB,embA@A849P,U,{},"{""proportion"": 0.0, ""confidence"": [0.0, 0.7301340512159458], ""p_value"": 1.0, ""solo_contingency"": [[0, 1], [413, 24568]], ""contingency"": [[0, 1], [5525, 28979]]}",{}
NC00962.3,EMB-0.25-0.9-0.9,0.0,GARC1,RUS,EMB,embA@P754A,U,{},"{""proportion"": 0.0, ""confidence"": [0.0, 0.7301340512159458], ""p_value"": 1.0, ""solo_contingency"": [[0, 1], [413, 24568]], ""contingency"": [[0, 1], [5525, 28979]]}",{}
NC00962.3,EMB-0.25-0.9-0.9,0.0,GARC1,RUS,EMB,embB@R89H,U,{},"{""proportion"": 0.0, ""confidence"": [0.0, 0.7301340512159458], ""p_value"": 1.0, ""solo_contingency"": [[0, 1], [413, 24568]], ""contingency"": [[0, 1], [5525, 28979]]}",{}
NC00962.3,EMB-0.25-0.9-0.9,0.0,GARC1,RUS,EMB,embB@T732I,U,{},"{""proportion"": 0.0, ""confidence"": [0.0, 0.7301340512159458], ""p_value"": 1.0, ""solo_contingency"": [[0, 1], [413, 24568]], ""contingency"": [[0, 1], [5525, 28979]]}",{}
NC00962.3,EMB-0.25-0.9-0.9,0.0,GARC1,RUS,EMB,embB@G923E,U,{},"{""proportion"": 0.0, ""confidence"": [0.0, 0.7301340512159458], ""p_value"": 1.0, ""solo_contingency"": [[0, 1], [413, 24568]], ""contingency"": [[0, 1], [5525, 28979]]}",{}
NC00962.3,EMB-0.25-0.9-0.9,0.0,GARC1,RUS,EMB,embB@P404L,U,{},"{""proportion"": 0.0, ""confidence"": [0.0, 0.7301340512159458], ""p_value"": 1.0, ""solo_contingency"": [[0, 1], [413, 24568]], ""contingency"": [[0, 1], [5525, 28979]]}",{}
NC00962.3,EMB-0.25-0.9-0.9,0.0,GARC1,RUS,EMB,embA@P754S,U,{},"{""proportion"": 0.0, ""confidence"": [0.0, 0.7301340512159458], ""p_value"": 1.0, ""solo_contingency"": [[0, 1], [413, 24568]], ""contingency"": [[0, 1], [5525, 28979]]}",{}
NC00962.3,EMB-0.25-0.9-0.9,0.0,GARC1,RUS,EMB,embB@F584L,U,{},"{""proportion"": 0.0, ""confidence"": [0.0, 0.7301340512159458], ""p_value"": 1.0, ""solo_contingency"": [[0, 1], [413, 24568]], ""contingency"": [[0, 1], [5525, 28979]]}",{}
NC00962.3,EMB-0.25-0.9-0.9,0.0,GARC1,RUS,EMB,embB@T151P,U,{},"{""proportion"": 0.0, ""confidence"": [0.0, 0.7301340512159458], ""p_value"": 1.0, ""solo_contingency"": [[0, 1], [413, 24568]], ""contingency"": [[0, 1], [5525, 28979]]}",{}
NC00962.3,EMB-0.25-0.9-0.9,0.0,GARC1,RUS,EMB,embB@T498I,U,{},"{""proportion"": 0.0, ""confidence"": [0.0, 0.5749693909936535], ""p_value"": 1.0, ""solo_contingency"": [[0, 2], [413, 24568]], ""contingency"": [[0, 2], [5525, 28978]]}",{}
NC00962.3,EMB-0.25-0.9-0.9,0.0,GARC1,RUS,EMB,embA@T40I,U,{},"{""proportion"": 0.0, ""confidence"": [0.0, 0.7301340512159458], ""p_value"": 1.0, ""solo_contingency"": [[0, 1], [413, 24568]], ""contingency"": [[0, 1], [5525, 28979]]}",{}
NC00962.3,EMB-0.25-0.9-0.9,0.0,GARC1,RUS,EMB,embA@H665Y,U,{},"{""proportion"": 0.0, ""confidence"": [0.0, 0.5749693909936535], ""p_value"": 1.0, ""solo_contingency"": [[0, 2], [413, 24568]], ""contingency"": [[0, 2], [5525, 28978]]}",{}
NC00962.3,EMB-0.25-0.9-0.9,0.0,GARC1,RUS,EMB,embA@A460T,U,{},"{""proportion"": 0.0, ""confidence"": [0.0, 0.40347862520270455], ""p_value"": 0.578125, ""solo_contingency"": [[0, 4], [413, 24568]], ""contingency"": [[0, 5], [5525, 28975]]}",{}
NC00962.3,EMB-0.25-0.9-0.9,0.0,GARC1,RUS,EMB,embB@R238H,U,{},"{""proportion"": 0.0, ""confidence"": [0.0, 0.7301340512159458], ""p_value"": 1.0, ""solo_contingency"": [[0, 1], [413, 24568]], ""contingency"": [[0, 1], [5525, 28979]]}",{}
NC00962.3,EMB-0.25-0.9-0.9,0.0,GARC1,RUS,EMB,embB@V369M,U,{},"{""proportion"": 0.0, ""confidence"": [0.0, 0.5749693909936535], ""p_value"": 1.0, ""solo_contingency"": [[0, 2], [413, 24568]], ""contingency"": [[0, 2], [5525, 28978]]}",{}
NC00962.3,EMB-0.25-0.9-0.9,0.0,GARC1,RUS,EMB,embA@V414M,U,{},"{""proportion"": 0.0, ""confidence"": [0.0, 0.7301340512159458], ""p_value"": 1.0, ""solo_contingency"": [[0, 1], [413, 24568]], ""contingency"": [[0, 1], [5525, 28979]]}",{}
NC00962.3,EMB-0.25-0.9-0.9,0.0,GARC1,RUS,EMB,embA@-*_indel,U,{},"{""default_rule"": ""True""}",{}
NC00962.3,EMB-0.25-0.9-0.9,0.0,GARC1,RUS,EMB,embA@*_indel,U,{},"{""default_rule"": ""True""}",{}
NC00962.3,EMB-0.25-0.9-0.9,0.0,GARC1,RUS,EMB,embA@-*?,U,{},"{""default_rule"": ""True""}",{}
NC00962.3,EMB-0.25-0.9-0.9,0.0,GARC1,RUS,EMB,embA@*?,U,{},"{""default_rule"": ""True""}",{}
NC00962.3,EMB-0.25-0.9-0.9,0.0,GARC1,RUS,EMB,embA@del_0.0,U,{},"{""default_rule"": ""True""}",{}
NC00962.3,EMB-0.25-0.9-0.9,0.0,GARC1,RUS,EMB,embB@-*_indel,U,{},"{""default_rule"": ""True""}",{}
NC00962.3,EMB-0.25-0.9-0.9,0.0,GARC1,RUS,EMB,embB@*_indel,U,{},"{""default_rule"": ""True""}",{}
NC00962.3,EMB-0.25-0.9-0.9,0.0,GARC1,RUS,EMB,embB@-*?,U,{},"{""default_rule"": ""True""}",{}
NC00962.3,EMB-0.25-0.9-0.9,0.0,GARC1,RUS,EMB,embB@*?,U,{},"{""default_rule"": ""True""}",{}
NC00962.3,EMB-0.25-0.9-0.9,0.0,GARC1,RUS,EMB,embB@del_0.0,U,{},"{""default_rule"": ""True""}",{}
