,GENBANK_REFERENCE,CATALOGUE_NAME,CATALOGUE_VERSION,CATALOGUE_GRAMMAR,PREDICTION_VALUES,DRUG,MUTATION,PREDICTION,SOURCE,EVIDENCE,OTHER
0,NC00962.3,EMB-0.25-0.9-0.3,0.0,GARC1,RUS,EMB,embB@T1082A,S,{},"{""proportion"": 0.0, ""confidence"": [0.0, 0.03120381173238145], ""p_value"": 5.3073511971659644e-11, ""contingency"": [[0, 84], [231, 19586]]}",{}
1,NC00962.3,EMB-0.25-0.9-0.3,0.0,GARC1,RUS,EMB,embB@A313V,S,{},"{""proportion"": 0.0, ""confidence"": [0.0, 0.21294197008340696], ""p_value"": 0.07604122161865237, ""contingency"": [[0, 10], [231, 19586]]}",{}
2,NC00962.3,EMB-0.25-0.9-0.3,0.0,GARC1,RUS,EMB,embA@G158D,S,{},"{""proportion"": 0.0, ""confidence"": [-1.1138242448922617e-17, 0.19740504731951777], ""p_value"": 0.07656264305114746, ""contingency"": [[0, 11], [231, 19586]]}",{}
3,NC00962.3,EMB-0.25-0.9-0.3,0.0,GARC1,RUS,EMB,embA@T608N,S,{},"{""proportion"": 0.07142857142857142, ""confidence"": [0.02392558085477045, 0.19445659707737253], ""p_value"": 0.027852023735285877, ""contingency"": [[2, 26], [231, 19586]]}",{}
4,NC00962.3,EMB-0.25-0.9-0.3,0.0,GARC1,RUS,EMB,embA@Y296H,S,{},"{""proportion"": 0.0, ""confidence"": [0.0, 0.14463859126760936], ""p_value"": 0.017492316197603944, ""contingency"": [[0, 16], [231, 19586]]}",{}
5,NC00962.3,EMB-0.25-0.9-0.3,0.0,GARC1,RUS,EMB,embB@S773P,S,{},"{""proportion"": 0.0, ""confidence"": [-6.2612865863866736e-18, 0.09765350600605095], ""p_value"": 0.0016683748994763552, ""contingency"": [[0, 25], [231, 19586]]}",{}
6,NC00962.3,EMB-0.25-0.9-0.3,0.0,GARC1,RUS,EMB,embB@L402V,S,{},"{""proportion"": 0.0, ""confidence"": [-1.1138242448922617e-17, 0.19740504731951777], ""p_value"": 0.07656264305114746, ""contingency"": [[0, 11], [231, 19586]]}",{}
7,NC00962.3,EMB-0.25-0.9-0.3,0.0,GARC1,RUS,EMB,embB@S203L,S,{},"{""proportion"": 0.0, ""confidence"": [0.0, 0.07370939644250225], ""p_value"": 8.526393021277249e-05, ""contingency"": [[0, 34], [231, 19586]]}",{}
8,NC00962.3,EMB-0.25-0.9-0.3,0.0,GARC1,RUS,EMB,embB@E378A,S,{},"{""proportion"": 0.0, ""confidence"": [0.0, 0.21294197008340696], ""p_value"": 0.07604122161865237, ""contingency"": [[0, 10], [231, 19586]]}",{}
9,NC00962.3,EMB-0.25-0.9-0.3,0.0,GARC1,RUS,EMB,embA@E951D,S,{},"{""proportion"": 0.0, ""confidence"": [3.3636278664187068e-18, 0.030500274827756555], ""p_value"": 3.422606939687413e-11, ""contingency"": [[0, 86], [231, 19586]]}",{}
10,NC00962.3,EMB-0.25-0.9-0.3,0.0,GARC1,RUS,EMB,embA@D176E,S,{},"{""proportion"": 0.0, ""confidence"": [-6.2612865863866736e-18, 0.09765350600605095], ""p_value"": 0.0016683748994763552, ""contingency"": [[0, 25], [231, 19586]]}",{}
11,NC00962.3,EMB-0.25-0.9-0.3,0.0,GARC1,RUS,EMB,embB@I563L,S,{},"{""proportion"": 0.0, ""confidence"": [0.0, 0.172266783508845], ""p_value"": 0.048047408461570754, ""contingency"": [[0, 13], [231, 19586]]}",{}
12,NC00962.3,EMB-0.25-0.9-0.3,0.0,GARC1,RUS,EMB,embB@G246R,S,{},"{""proportion"": 0.058823529411764705, ""confidence"": [0.019660634645313573, 0.1630241269216002], ""p_value"": 0.008573479031635262, ""contingency"": [[2, 32], [231, 19586]]}",{}
13,NC00962.3,EMB-0.25-0.9-0.3,0.0,GARC1,RUS,EMB,embA@A84S,S,{},"{""proportion"": 0.0, ""confidence"": [0.0, 0.1839811947474769], ""p_value"": 0.04592913389205933, ""contingency"": [[0, 12], [231, 19586]]}",{}
14,NC00962.3,EMB-0.25-0.9-0.3,0.0,GARC1,RUS,EMB,embB@R24P,S,{},"{""proportion"": 0.025374855824682813, ""confidence"": [0.017956695196387783, 0.035746013502698036], ""p_value"": 8.469266390881799e-76, ""contingency"": [[22, 845], [231, 19586]]}",{}
15,NC00962.3,EMB-0.25-0.9-0.3,0.0,GARC1,RUS,EMB,embB@C361S,S,{},"{""proportion"": 0.03125, ""confidence"": [0.007002788780185032, 0.12858199064617304], ""p_value"": 0.0017722395584319653, ""contingency"": [[1, 31], [231, 19586]]}",{}
16,NC00962.3,EMB-0.25-0.9-0.3,0.0,GARC1,RUS,EMB,embA@L373P,S,{},"{""proportion"": 0.0, ""confidence"": [0.0, 0.09425160190476774], ""p_value"": 0.0009542497576016112, ""contingency"": [[0, 26], [231, 19586]]}",{}
17,NC00962.3,EMB-0.25-0.9-0.3,0.0,GARC1,RUS,EMB,embA@V31A,S,{},"{""proportion"": 0.0, ""confidence"": [-6.2612865863866736e-18, 0.09765350600605095], ""p_value"": 0.0016683748994763552, ""contingency"": [[0, 25], [231, 19586]]}",{}
18,NC00962.3,EMB-0.25-0.9-0.3,0.0,GARC1,RUS,EMB,embA@g-17a,S,{},"{""proportion"": 0.05263157894736842, ""confidence"": [0.011830636171440975, 0.2049593034145945], ""p_value"": 0.05975523548841011, ""contingency"": [[1, 18], [231, 19586]]}",{}
19,NC00962.3,EMB-0.25-0.9-0.3,0.0,GARC1,RUS,EMB,embB@I709T,S,{},"{""proportion"": 0.0, ""confidence"": [0.0, 0.16195483023523788], ""p_value"": 0.02812748029828072, ""contingency"": [[0, 14], [231, 19586]]}",{}
20,NC00962.3,EMB-0.25-0.9-0.3,0.0,GARC1,RUS,EMB,embB@P731L,S,{},"{""proportion"": 0.0, ""confidence"": [-6.2612865863866736e-18, 0.09765350600605095], ""p_value"": 0.0016683748994763552, ""contingency"": [[0, 25], [231, 19586]]}",{}
21,NC00962.3,EMB-0.25-0.9-0.3,0.0,GARC1,RUS,EMB,embA@Q1004P,S,{},"{""proportion"": 0.0, ""confidence"": [0.0, 0.16195483023523788], ""p_value"": 0.02812748029828072, ""contingency"": [[0, 14], [231, 19586]]}",{}
22,NC00962.3,EMB-0.25-0.9-0.3,0.0,GARC1,RUS,EMB,embA@g-76c,S,{},"{""proportion"": 0.06896551724137931, ""confidence"": [0.0230907224042537, 0.1884036323228297], ""p_value"": 0.029061929232975115, ""contingency"": [[2, 27], [231, 19586]]}",{}
23,NC00962.3,EMB-0.25-0.9-0.3,0.0,GARC1,RUS,EMB,embA@K166N,S,{},"{""proportion"": 0.0, ""confidence"": [0.0, 0.11915783736096446], ""p_value"": 0.007113353603017462, ""contingency"": [[0, 20], [231, 19586]]}",{}
24,NC00962.3,EMB-0.25-0.9-0.3,0.0,GARC1,RUS,EMB,embA@L233M,S,{},"{""proportion"": 0.0, ""confidence"": [0.0, 0.21294197008340696], ""p_value"": 0.07604122161865237, ""contingency"": [[0, 10], [231, 19586]]}",{}
25,NC00962.3,EMB-0.25-0.9-0.3,0.0,GARC1,RUS,EMB,embB@R620C,S,{},"{""proportion"": 0.0, ""confidence"": [-1.1138242448922617e-17, 0.19740504731951777], ""p_value"": 0.07656264305114746, ""contingency"": [[0, 11], [231, 19586]]}",{}
26,NC00962.3,EMB-0.25-0.9-0.3,0.0,GARC1,RUS,EMB,embB@E951Q,S,{},"{""proportion"": 0.0, ""confidence"": [0.0, 0.172266783508845], ""p_value"": 0.048047408461570754, ""contingency"": [[0, 13], [231, 19586]]}",{}
27,NC00962.3,EMB-0.25-0.9-0.3,0.0,GARC1,RUS,EMB,embA@V558L,S,{},"{""proportion"": 0.0, ""confidence"": [-1.1138242448922617e-17, 0.19740504731951777], ""p_value"": 0.07656264305114746, ""contingency"": [[0, 11], [231, 19586]]}",{}
28,NC00962.3,EMB-0.25-0.9-0.3,0.0,GARC1,RUS,EMB,embA@A852T,S,{},"{""proportion"": 0.0, ""confidence"": [0.0, 0.10525136178999416], ""p_value"": 0.002580968695056641, ""contingency"": [[0, 23], [231, 19586]]}",{}
29,NC00962.3,EMB-0.25-0.9-0.3,0.0,GARC1,RUS,EMB,embB@L370R,S,{},"{""proportion"": 0.0, ""confidence"": [0.0, 0.12464757953733377], ""p_value"": 0.006516711702715842, ""contingency"": [[0, 19], [231, 19586]]}",{}
30,NC00962.3,EMB-0.25-0.9-0.3,0.0,GARC1,RUS,EMB,embA@G596S,S,{},"{""proportion"": 0.0, ""confidence"": [0.0, 0.21294197008340696], ""p_value"": 0.07604122161865237, ""contingency"": [[0, 10], [231, 19586]]}",{}
31,NC00962.3,EMB-0.25-0.9-0.3,0.0,GARC1,RUS,EMB,embA@G884D,S,{},"{""proportion"": 0.0, ""confidence"": [-1.1138242448922617e-17, 0.19740504731951777], ""p_value"": 0.07656264305114746, ""contingency"": [[0, 11], [231, 19586]]}",{}
32,NC00962.3,EMB-0.25-0.9-0.3,0.0,GARC1,RUS,EMB,embA@L505F,S,{},"{""proportion"": 0.0, ""confidence"": [0.0, 0.21294197008340696], ""p_value"": 0.07604122161865237, ""contingency"": [[0, 10], [231, 19586]]}",{}
33,NC00962.3,EMB-0.25-0.9-0.3,0.0,GARC1,RUS,EMB,embB@R213Q,S,{},"{""proportion"": 0.0, ""confidence"": [0.0, 0.024005415982021956], ""p_value"": 2.6250317941174795e-14, ""contingency"": [[0, 110], [231, 19586]]}",{}
34,NC00962.3,EMB-0.25-0.9-0.3,0.0,GARC1,RUS,EMB,embA@G451R,S,{},"{""proportion"": 0.0, ""confidence"": [0.0, 0.16195483023523788], ""p_value"": 0.02812748029828072, ""contingency"": [[0, 14], [231, 19586]]}",{}
35,NC00962.3,EMB-0.25-0.9-0.3,0.0,GARC1,RUS,EMB,embA@P913S,S,{},"{""proportion"": 0.0034934497816593887, ""confidence"": [0.00156930662839297, 0.007758472186612467], ""p_value"": 1.152715048918456e-134, ""contingency"": [[4, 1141], [262, 21299]]}",{}
36,NC00962.3,EMB-0.25-0.9-0.3,0.0,GARC1,RUS,EMB,embA@c-59a,S,{},"{""proportion"": 0.0, ""confidence"": [0.0, 0.21294197008340696], ""p_value"": 0.07604122161865237, ""contingency"": [[0, 10], [262, 21299]]}",{}
37,NC00962.3,EMB-0.25-0.9-0.3,0.0,GARC1,RUS,EMB,embA@T308A,S,{},"{""proportion"": 0.0, ""confidence"": [0.0, 0.06646621625741261], ""p_value"": 3.423563710801432e-05, ""contingency"": [[0, 38], [262, 21299]]}",{}
38,NC00962.3,EMB-0.25-0.9-0.3,0.0,GARC1,RUS,EMB,embB@N13S,S,{},"{""proportion"": 0.014634146341463415, ""confidence"": [0.005863266004322946, 0.03604964257444788], ""p_value"": 2.0513415930358373e-21, ""contingency"": [[3, 202], [262, 21299]]}",{}
39,NC00962.3,EMB-0.25-0.9-0.3,0.0,GARC1,RUS,EMB,embA@c-16t,S,{},"{""proportion"": 0.14492753623188406, ""confidence"": [0.0886450035956338, 0.22800476098820327], ""p_value"": 0.05051126442943837, ""contingency"": [[10, 59], [262, 21299]]}",{}
40,NC00962.3,EMB-0.25-0.9-0.3,0.0,GARC1,RUS,EMB,embA@P383S,S,{},"{""proportion"": 0.0, ""confidence"": [-3.3039121749562264e-18, 0.04771215104014688], ""p_value"": 2.7568451332177766e-07, ""contingency"": [[0, 54], [262, 21299]]}",{}
41,NC00962.3,EMB-0.25-0.9-0.3,0.0,GARC1,RUS,EMB,embA@V911I,S,{},"{""proportion"": 0.0, ""confidence"": [0.0, 0.21294197008340696], ""p_value"": 0.07604122161865237, ""contingency"": [[0, 10], [262, 21299]]}",{}
42,NC00962.3,EMB-0.25-0.9-0.3,0.0,GARC1,RUS,EMB,embA@V206M,S,{},"{""proportion"": 0.007462686567164179, ""confidence"": [0.00446640890150901, 0.01244388357831918], ""p_value"": 6.61519733247496e-148, ""contingency"": [[10, 1330], [279, 22813]]}",{}
43,NC00962.3,EMB-0.25-0.9-0.3,0.0,GARC1,RUS,EMB,embB@V668I,S,{},"{""proportion"": 0.0, ""confidence"": [-6.179004569140675e-18, 0.10951159439671897], ""p_value"": 0.0024842959446118593, ""contingency"": [[0, 22], [279, 22813]]}",{}
44,NC00962.3,EMB-0.25-0.9-0.3,0.0,GARC1,RUS,EMB,embA@A1015T,S,{},"{""proportion"": 0.0, ""confidence"": [0.0, 0.1141312562327272], ""p_value"": 0.004065488054720845, ""contingency"": [[0, 21], [279, 22813]]}",{}
45,NC00962.3,EMB-0.25-0.9-0.3,0.0,GARC1,RUS,EMB,embB@R741W,S,{},"{""proportion"": 0.0, ""confidence"": [0.0, 0.16195483023523788], ""p_value"": 0.02812748029828072, ""contingency"": [[0, 14], [279, 22813]]}",{}
46,NC00962.3,EMB-0.25-0.9-0.3,0.0,GARC1,RUS,EMB,embB@V283M,S,{},"{""proportion"": 0.0, ""confidence"": [0.0, 0.1839811947474769], ""p_value"": 0.04592913389205933, ""contingency"": [[0, 12], [279, 22813]]}",{}
47,NC00962.3,EMB-0.25-0.9-0.3,0.0,GARC1,RUS,EMB,embB@T279P,S,{},"{""proportion"": 0.0, ""confidence"": [0.0, 0.21294197008340696], ""p_value"": 0.07604122161865237, ""contingency"": [[0, 10], [279, 22813]]}",{}
48,NC00962.3,EMB-0.25-0.9-0.3,0.0,GARC1,RUS,EMB,embB@S1054P,S,{},"{""proportion"": 0.0, ""confidence"": [0.0, 0.08811254092083347], ""p_value"": 0.0006076026348967452, ""contingency"": [[0, 28], [289, 24222]]}",{}
49,NC00962.3,EMB-0.25-0.9-0.3,0.0,GARC1,RUS,EMB,embA@P901L,S,{},"{""proportion"": 0.04, ""confidence"": [0.00897486843424125, 0.16086635709132566], ""p_value"": 0.010394187011740996, ""contingency"": [[1, 24], [289, 24222]]}",{}
50,NC00962.3,EMB-0.25-0.9-0.3,0.0,GARC1,RUS,EMB,embA@A312V,S,{},"{""proportion"": 0.038461538461538464, ""confidence"": [0.00862776690656984, 0.15529678869783117], ""p_value"": 0.010667350611231141, ""contingency"": [[1, 25], [289, 24222]]}",{}
51,NC00962.3,EMB-0.25-0.9-0.3,0.0,GARC1,RUS,EMB,embA@W306R,S,{},"{""proportion"": 0.0, ""confidence"": [0.0, 0.21294197008340696], ""p_value"": 0.07604122161865237, ""contingency"": [[0, 10], [289, 24222]]}",{}
52,NC00962.3,EMB-0.25-0.9-0.3,0.0,GARC1,RUS,EMB,embB@K561R,S,{},"{""proportion"": 0.0, ""confidence"": [0.0, 0.21294197008340696], ""p_value"": 0.07604122161865237, ""contingency"": [[0, 10], [289, 24222]]}",{}
53,NC00962.3,EMB-0.25-0.9-0.3,0.0,GARC1,RUS,EMB,embB@A1073D,S,{},"{""proportion"": 0.0, ""confidence"": [0.0, 0.14463859126760936], ""p_value"": 0.017492316197603944, ""contingency"": [[0, 16], [289, 24222]]}",{}
1096,NC00962.3,EMB-0.25-0.9-0.3,0.0,GARC1,RUS,EMB,embA@*=,S,{},"{""default_rule"": ""True""}",{}
1102,NC00962.3,EMB-0.25-0.9-0.3,0.0,GARC1,RUS,EMB,embB@*=,S,{},"{""default_rule"": ""True""}",{}
54,NC00962.3,EMB-0.25-0.9-0.3,0.0,GARC1,RUS,EMB,embB@M306V,R,{},"{""proportion"": 0.7981651376146789, ""confidence"": [0.7828544847723616, 0.8126545999849679], ""p_value"": 0.0, ""contingency"": [[1566, 396], [291, 24335]]}",{}
55,NC00962.3,EMB-0.25-0.9-0.3,0.0,GARC1,RUS,EMB,embB@G406A,R,{},"{""proportion"": 0.4910394265232975, ""confidence"": [0.4421328858205903, 0.5401180846832445], ""p_value"": 6.942701713320311e-18, ""contingency"": [[137, 142], [291, 24335]]}",{}
56,NC00962.3,EMB-0.25-0.9-0.3,0.0,GARC1,RUS,EMB,embB@M306I,R,{},"{""proportion"": 0.5222150676110754, ""confidence"": [0.5013456677446749, 0.5430071985739737], ""p_value"": 2.56375339737583e-116, ""contingency"": [[811, 742], [291, 24335]]}",{}
57,NC00962.3,EMB-0.25-0.9-0.3,0.0,GARC1,RUS,EMB,embB@Q497R,R,{},"{""proportion"": 0.7439252336448599, ""confidence"": [0.7117134216594699, 0.7736823552250247], ""p_value"": 1.2526357270621456e-126, ""contingency"": [[398, 137], [291, 24335]]}",{}
59,NC00962.3,EMB-0.25-0.9-0.3,0.0,GARC1,RUS,EMB,embB@L410P,R,{},"{""proportion"": 1.0, ""confidence"": [0.4250306090063464, 1.0], ""p_value"": 0.0625, ""contingency"": [[2, 0], [291, 24335]]}",{}
60,NC00962.3,EMB-0.25-0.9-0.3,0.0,GARC1,RUS,EMB,embB@G406D,R,{},"{""proportion"": 0.37948717948717947, ""confidence"": [0.324345957584199, 0.4379267679101533], ""p_value"": 6.412435016242278e-05, ""contingency"": [[74, 121], [291, 24335]]}",{}
64,NC00962.3,EMB-0.25-0.9-0.3,0.0,GARC1,RUS,EMB,embB@Q497K,R,{},"{""proportion"": 0.5606060606060606, ""confidence"": [0.4597016520687499, 0.6567372784426588], ""p_value"": 8.08110803082474e-08, ""contingency"": [[37, 29], [291, 24335]]}",{}
65,NC00962.3,EMB-0.25-0.9-0.3,0.0,GARC1,RUS,EMB,embB@D354A,R,{},"{""proportion"": 0.5339506172839507, ""confidence"": [0.4882728078110664, 0.5790661169203751], ""p_value"": 1.1368569182526894e-27, ""contingency"": [[173, 151], [291, 24335]]}",{}
66,NC00962.3,EMB-0.25-0.9-0.3,0.0,GARC1,RUS,EMB,embB@D328Y,R,{},"{""proportion"": 0.7727272727272727, ""confidence"": [0.6009998604198205, 0.8847210880910601], ""p_value"": 3.999163595835853e-07, ""contingency"": [[17, 5], [291, 24335]]}",{}
73,NC00962.3,EMB-0.25-0.9-0.3,0.0,GARC1,RUS,EMB,embB@Y319S,R,{},"{""proportion"": 0.8406593406593407, ""confidence"": [0.7910936286765136, 0.8802451827155633], ""p_value"": 7.268594703430022e-63, ""contingency"": [[153, 29], [291, 24335]]}",{}
75,NC00962.3,EMB-0.25-0.9-0.3,0.0,GARC1,RUS,EMB,embB@M306L,R,{},"{""proportion"": 0.7428571428571429, ""confidence"": [0.6490260573376876, 0.818613662891717], ""p_value"": 7.26227471872723e-18, ""contingency"": [[52, 18], [291, 24335]]}",{}
89,NC00962.3,EMB-0.25-0.9-0.3,0.0,GARC1,RUS,EMB,embB@F330S,R,{},"{""proportion"": 0.75, ""confidence"": [0.3561680085985064, 0.9420926788001412], ""p_value"": 0.05078125, ""contingency"": [[3, 1], [291, 24335]]}",{}
91,NC00962.3,EMB-0.25-0.9-0.3,0.0,GARC1,RUS,EMB,embA@c-16a,R,{},"{""proportion"": 0.39285714285714285, ""confidence"": [0.25701954019035084, 0.5475760042926849], ""p_value"": 0.08451136630447743, ""contingency"": [[11, 17], [291, 24335]]}",{}
92,NC00962.3,EMB-0.25-0.9-0.3,0.0,GARC1,RUS,EMB,embB@G406S,R,{},"{""proportion"": 0.5164835164835165, ""confidence"": [0.4310924154263792, 0.6009227662738331], ""p_value"": 6.644041642627848e-08, ""contingency"": [[47, 44], [291, 24335]]}",{}
93,NC00962.3,EMB-0.25-0.9-0.3,0.0,GARC1,RUS,EMB,embB@G406C,R,{},"{""proportion"": 0.45161290322580644, ""confidence"": [0.3144485570706077, 0.5965453124071003], ""p_value"": 0.01997080800403231, ""contingency"": [[14, 17], [291, 24335]]}",{}
213,NC00962.3,EMB-0.25-0.9-0.3,0.0,GARC1,RUS,EMB,embB@S347T,R,{},"{""proportion"": 1.0, ""confidence"": [0.6488834992348989, 1.0], ""p_value"": 0.0009765625, ""contingency"": [[5, 0], [291, 24335]]}",{}
233,NC00962.3,EMB-0.25-0.9-0.3,0.0,GARC1,RUS,EMB,embB@D328V,R,{},"{""proportion"": 1.0, ""confidence"": [0.4250306090063464, 1.0], ""p_value"": 0.0625, ""contingency"": [[2, 0], [291, 24335]]}",{}
254,NC00962.3,EMB-0.25-0.9-0.3,0.0,GARC1,RUS,EMB,embB@Q445R,R,{},"{""proportion"": 0.9583333333333334, ""confidence"": [0.8816407006353317, 0.9861145190643436], ""p_value"": 1.2996641185697214e-25, ""contingency"": [[46, 2], [291, 24335]]}",{}
312,NC00962.3,EMB-0.25-0.9-0.3,0.0,GARC1,RUS,EMB,embA@T652K,R,{},"{""proportion"": 0.75, ""confidence"": [0.3561680085985064, 0.9420926788001412], ""p_value"": 0.05078125, ""contingency"": [[3, 1], [291, 24335]]}",{}
436,NC00962.3,EMB-0.25-0.9-0.3,0.0,GARC1,RUS,EMB,embB@D328F,R,{},"{""proportion"": 1.0, ""confidence"": [0.4250306090063464, 1.0], ""p_value"": 0.0625, ""contingency"": [[2, 0], [291, 24335]]}",{}
721,NC00962.3,EMB-0.25-0.9-0.3,0.0,GARC1,RUS,EMB,embB@F330V,R,{},"{""proportion"": 1.0, ""confidence"": [0.4250306090063464, 1.0], ""p_value"": 0.0625, ""contingency"": [[2, 0], [291, 24335]]}",{}
58,NC00962.3,EMB-0.25-0.9-0.3,0.0,GARC1,RUS,EMB,embB@S297A,U,{},"{""proportion"": 0.3008130081300813, ""confidence"": [0.23768223836023802, 0.37251792741134065], ""p_value"": 0.21099122054324693, ""contingency"": [[37, 86], [291, 24335]]}",{}
61,NC00962.3,EMB-0.25-0.9-0.3,0.0,GARC1,RUS,EMB,embB@Q497P,U,{},"{""proportion"": 0.25, ""confidence"": [0.11755580446533707, 0.4547634911684676], ""p_value"": 1.0, ""contingency"": [[4, 12], [291, 24335]]}",{}
62,NC00962.3,EMB-0.25-0.9-0.3,0.0,GARC1,RUS,EMB,embA@c-16g,U,{},"{""proportion"": 0.17073170731707318, ""confidence"": [0.09530254791605838, 0.2869268475756484], ""p_value"": 0.28272911750206914, ""contingency"": [[7, 34], [291, 24335]]}",{}
63,NC00962.3,EMB-0.25-0.9-0.3,0.0,GARC1,RUS,EMB,embA@c-8t,U,{},"{""proportion"": 0.0, ""confidence"": [0.0, 0.3511165007651012], ""p_value"": 0.34082031250000006, ""contingency"": [[0, 5], [291, 24335]]}",{}
67,NC00962.3,EMB-0.25-0.9-0.3,0.0,GARC1,RUS,EMB,embB@N296H,U,{},"{""proportion"": 0.24489795918367346, ""confidence"": [0.15897680766509462, 0.3575160414586131], ""p_value"": 1.0, ""contingency"": [[12, 37], [291, 24335]]}",{}
68,NC00962.3,EMB-0.25-0.9-0.3,0.0,GARC1,RUS,EMB,embA@A320T,U,{},"{""proportion"": 0.0, ""confidence"": [0.0, 0.5749693909936535], ""p_value"": 1.0, ""contingency"": [[0, 2], [291, 24335]]}",{}
69,NC00962.3,EMB-0.25-0.9-0.3,0.0,GARC1,RUS,EMB,embA@T420M,U,{},"{""proportion"": 0.0, ""confidence"": [0.0, 0.7301340512159458], ""p_value"": 1.0, ""contingency"": [[0, 1], [291, 24335]]}",{}
70,NC00962.3,EMB-0.25-0.9-0.3,0.0,GARC1,RUS,EMB,embA@T604R,U,{},"{""proportion"": 0.0, ""confidence"": [0.0, 0.5749693909936535], ""p_value"": 1.0, ""contingency"": [[0, 2], [291, 24335]]}",{}
71,NC00962.3,EMB-0.25-0.9-0.3,0.0,GARC1,RUS,EMB,embA@W495C,U,{},"{""proportion"": 0.0, ""confidence"": [0.0, 0.7301340512159458], ""p_value"": 1.0, ""contingency"": [[0, 1], [291, 24335]]}",{}
72,NC00962.3,EMB-0.25-0.9-0.3,0.0,GARC1,RUS,EMB,embA@V31I,U,{},"{""proportion"": 0.0, ""confidence"": [0.0, 0.7301340512159458], ""p_value"": 1.0, ""contingency"": [[0, 1], [291, 24335]]}",{}
74,NC00962.3,EMB-0.25-0.9-0.3,0.0,GARC1,RUS,EMB,embB@R620P,U,{},"{""proportion"": 0.0, ""confidence"": [0.0, 0.3511165007651012], ""p_value"": 0.34082031250000006, ""contingency"": [[0, 5], [291, 24335]]}",{}
76,NC00962.3,EMB-0.25-0.9-0.3,0.0,GARC1,RUS,EMB,embA@P934S,U,{},"{""proportion"": 0.0, ""confidence"": [0.0, 0.7301340512159458], ""p_value"": 1.0, ""contingency"": [[0, 1], [291, 24335]]}",{}
77,NC00962.3,EMB-0.25-0.9-0.3,0.0,GARC1,RUS,EMB,embB@H1002R,U,{},"{""proportion"": 0.35135135135135137, ""confidence"": [0.23645234309332877, 0.4865082552745697], ""p_value"": 0.18206099986303675, ""contingency"": [[13, 24], [291, 24335]]}",{}
78,NC00962.3,EMB-0.25-0.9-0.3,0.0,GARC1,RUS,EMB,embB@P832S,U,{},"{""proportion"": 0.0, ""confidence"": [0.0, 0.278762695452542], ""p_value"": 0.20404052734375, ""contingency"": [[0, 7], [291, 24335]]}",{}
79,NC00962.3,EMB-0.25-0.9-0.3,0.0,GARC1,RUS,EMB,embB@T811A,U,{},"{""proportion"": 0.0, ""confidence"": [0.0, 0.25272359742376316], ""p_value"": 0.21392822265625003, ""contingency"": [[0, 8], [291, 24335]]}",{}
80,NC00962.3,EMB-0.25-0.9-0.3,0.0,GARC1,RUS,EMB,embA@c-8a,U,{},"{""proportion"": 0.23076923076923078, ""confidence"": [0.12433052735658366, 0.3879587967459836], ""p_value"": 1.0, ""contingency"": [[6, 20], [291, 24335]]}",{}
81,NC00962.3,EMB-0.25-0.9-0.3,0.0,GARC1,RUS,EMB,embB@C549F,U,{},"{""proportion"": 0.3333333333333333, ""confidence"": [0.0782657263337284, 0.7464661317187757], ""p_value"": 1.0, ""contingency"": [[1, 2], [291, 24335]]}",{}
82,NC00962.3,EMB-0.25-0.9-0.3,0.0,GARC1,RUS,EMB,embA@g-43c,U,{},"{""proportion"": 0.23255813953488372, ""confidence"": [0.14439196952822808, 0.35238679598190825], ""p_value"": 1.0, ""contingency"": [[10, 33], [291, 24335]]}",{}
83,NC00962.3,EMB-0.25-0.9-0.3,0.0,GARC1,RUS,EMB,embB@D1024N,U,{},"{""proportion"": 0.24615384615384617, ""confidence"": [0.16959100999397644, 0.34300429141772976], ""p_value"": 1.0, ""contingency"": [[16, 49], [291, 24335]]}",{}
84,NC00962.3,EMB-0.25-0.9-0.3,0.0,GARC1,RUS,EMB,embA@c-12t,U,{},"{""proportion"": 0.2727272727272727, ""confidence"": [0.1980267312378409, 0.36285701055412806], ""p_value"": 0.6928567064640154, ""contingency"": [[21, 56], [291, 24335]]}",{}
85,NC00962.3,EMB-0.25-0.9-0.3,0.0,GARC1,RUS,EMB,embA@D1071E,U,{},"{""proportion"": 0.0, ""confidence"": [0.0, 0.7301340512159458], ""p_value"": 1.0, ""contingency"": [[0, 1], [291, 24335]]}",{}
86,NC00962.3,EMB-0.25-0.9-0.3,0.0,GARC1,RUS,EMB,embA@V339A,U,{},"{""proportion"": 0.0, ""confidence"": [0.0, 0.7301340512159458], ""p_value"": 1.0, ""contingency"": [[0, 1], [291, 24335]]}",{}
87,NC00962.3,EMB-0.25-0.9-0.3,0.0,GARC1,RUS,EMB,embA@A813T,U,{},"{""proportion"": 0.0, ""confidence"": [0.0, 0.7301340512159458], ""p_value"": 1.0, ""contingency"": [[0, 1], [291, 24335]]}",{}
88,NC00962.3,EMB-0.25-0.9-0.3,0.0,GARC1,RUS,EMB,embB@V186L,U,{},"{""proportion"": 0.0, ""confidence"": [0.0, 0.40347862520270455], ""p_value"": 0.578125, ""contingency"": [[0, 4], [291, 24335]]}",{}
90,NC00962.3,EMB-0.25-0.9-0.3,0.0,GARC1,RUS,EMB,embA@K488N,U,{},"{""proportion"": 0.0, ""confidence"": [0.0, 0.40347862520270455], ""p_value"": 0.578125, ""contingency"": [[0, 4], [291, 24335]]}",{}
94,NC00962.3,EMB-0.25-0.9-0.3,0.0,GARC1,RUS,EMB,embA@A576T,U,{},"{""proportion"": 0.0, ""confidence"": [0.0, 0.4741955741575127], ""p_value"": 1.0, ""contingency"": [[0, 3], [291, 24335]]}",{}
95,NC00962.3,EMB-0.25-0.9-0.3,0.0,GARC1,RUS,EMB,embB@N644I,U,{},"{""proportion"": 0.5, ""confidence"": [0.12086631942227369, 0.8791336805777263], ""p_value"": 0.4375, ""contingency"": [[1, 1], [291, 24335]]}",{}
96,NC00962.3,EMB-0.25-0.9-0.3,0.0,GARC1,RUS,EMB,embA@T899A,U,{},"{""proportion"": 0.0, ""confidence"": [0.0, 0.4741955741575127], ""p_value"": 1.0, ""contingency"": [[0, 3], [291, 24335]]}",{}
97,NC00962.3,EMB-0.25-0.9-0.3,0.0,GARC1,RUS,EMB,embA@T100S,U,{},"{""proportion"": 0.0, ""confidence"": [0.0, 0.5749693909936535], ""p_value"": 1.0, ""contingency"": [[0, 2], [291, 24335]]}",{}
98,NC00962.3,EMB-0.25-0.9-0.3,0.0,GARC1,RUS,EMB,embA@I338V,U,{},"{""proportion"": 0.0, ""confidence"": [0.0, 0.31078398130591417], ""p_value"": 0.347412109375, ""contingency"": [[0, 6], [291, 24335]]}",{}
99,NC00962.3,EMB-0.25-0.9-0.3,0.0,GARC1,RUS,EMB,embB@D300G,U,{},"{""proportion"": 0.0, ""confidence"": [0.0, 0.5749693909936535], ""p_value"": 1.0, ""contingency"": [[0, 2], [291, 24335]]}",{}
100,NC00962.3,EMB-0.25-0.9-0.3,0.0,GARC1,RUS,EMB,embA@I196V,U,{},"{""proportion"": 0.0, ""confidence"": [0.0, 0.7301340512159458], ""p_value"": 1.0, ""contingency"": [[0, 1], [291, 24335]]}",{}
101,NC00962.3,EMB-0.25-0.9-0.3,0.0,GARC1,RUS,EMB,embA@V391L,U,{},"{""proportion"": 0.0, ""confidence"": [0.0, 0.5749693909936535], ""p_value"": 1.0, ""contingency"": [[0, 2], [291, 24335]]}",{}
102,NC00962.3,EMB-0.25-0.9-0.3,0.0,GARC1,RUS,EMB,embB@Q497H,U,{},"{""proportion"": 0.25, ""confidence"": [0.05790732119985871, 0.6438319914014936], ""p_value"": 1.0, ""contingency"": [[1, 3], [291, 24335]]}",{}
103,NC00962.3,EMB-0.25-0.9-0.3,0.0,GARC1,RUS,EMB,embB@C361Y,U,{},"{""proportion"": 1.0, ""confidence"": [0.26986594878405434, 1.0000000000000002], ""p_value"": 0.25, ""contingency"": [[1, 0], [291, 24335]]}",{}
104,NC00962.3,EMB-0.25-0.9-0.3,0.0,GARC1,RUS,EMB,embA@I905V,U,{},"{""proportion"": 0.2, ""confidence"": [0.045962453880603965, 0.5647074465784567], ""p_value"": 1.0, ""contingency"": [[1, 4], [291, 24335]]}",{}
105,NC00962.3,EMB-0.25-0.9-0.3,0.0,GARC1,RUS,EMB,embB@Y319C,U,{},"{""proportion"": 0.35135135135135137, ""confidence"": [0.23645234309332877, 0.4865082552745697], ""p_value"": 0.18206099986303675, ""contingency"": [[13, 24], [291, 24335]]}",{}
106,NC00962.3,EMB-0.25-0.9-0.3,0.0,GARC1,RUS,EMB,embA@V63I,U,{},"{""proportion"": 0.0, ""confidence"": [0.0, 0.3511165007651012], ""p_value"": 0.34082031250000006, ""contingency"": [[0, 5], [291, 24335]]}",{}
107,NC00962.3,EMB-0.25-0.9-0.3,0.0,GARC1,RUS,EMB,embA@R940S,U,{},"{""proportion"": 0.0, ""confidence"": [0.0, 0.7301340512159458], ""p_value"": 1.0, ""contingency"": [[0, 1], [291, 24335]]}",{}
108,NC00962.3,EMB-0.25-0.9-0.3,0.0,GARC1,RUS,EMB,embA@g-76a,U,{},"{""proportion"": 0.0, ""confidence"": [0.0, 0.5749693909936535], ""p_value"": 1.0, ""contingency"": [[0, 2], [291, 24335]]}",{}
109,NC00962.3,EMB-0.25-0.9-0.3,0.0,GARC1,RUS,EMB,embA@C335W,U,{},"{""proportion"": 0.0, ""confidence"": [0.0, 0.25272359742376316], ""p_value"": 0.21392822265625003, ""contingency"": [[0, 8], [291, 24335]]}",{}
110,NC00962.3,EMB-0.25-0.9-0.3,0.0,GARC1,RUS,EMB,embA@G547S,U,{},"{""proportion"": 0.0, ""confidence"": [0.0, 0.40347862520270455], ""p_value"": 0.578125, ""contingency"": [[0, 4], [291, 24335]]}",{}
111,NC00962.3,EMB-0.25-0.9-0.3,0.0,GARC1,RUS,EMB,embA@A408S,U,{},"{""proportion"": 0.0, ""confidence"": [0.0, 0.25272359742376316], ""p_value"": 0.21392822265625003, ""contingency"": [[0, 8], [291, 24335]]}",{}
112,NC00962.3,EMB-0.25-0.9-0.3,0.0,GARC1,RUS,EMB,embB@T208I,U,{},"{""proportion"": 0.0, ""confidence"": [0.0, 0.5749693909936535], ""p_value"": 1.0, ""contingency"": [[0, 2], [291, 24335]]}",{}
113,NC00962.3,EMB-0.25-0.9-0.3,0.0,GARC1,RUS,EMB,embB@M423I,U,{},"{""proportion"": 0.0, ""confidence"": [0.0, 0.5749693909936535], ""p_value"": 1.0, ""contingency"": [[0, 2], [291, 24335]]}",{}
114,NC00962.3,EMB-0.25-0.9-0.3,0.0,GARC1,RUS,EMB,embB@D869G,U,{},"{""proportion"": 0.0, ""confidence"": [0.0, 0.3511165007651012], ""p_value"": 0.34082031250000006, ""contingency"": [[0, 5], [291, 24335]]}",{}
115,NC00962.3,EMB-0.25-0.9-0.3,0.0,GARC1,RUS,EMB,embA@V280I,U,{},"{""proportion"": 0.0, ""confidence"": [0.0, 0.7301340512159458], ""p_value"": 1.0, ""contingency"": [[0, 1], [291, 24335]]}",{}
116,NC00962.3,EMB-0.25-0.9-0.3,0.0,GARC1,RUS,EMB,embA@A409P,U,{},"{""proportion"": 0.0, ""confidence"": [0.0, 0.31078398130591417], ""p_value"": 0.347412109375, ""contingency"": [[0, 6], [291, 24335]]}",{}
117,NC00962.3,EMB-0.25-0.9-0.3,0.0,GARC1,RUS,EMB,embB@A761V,U,{},"{""proportion"": 0.0, ""confidence"": [0.0, 0.5749693909936535], ""p_value"": 1.0, ""contingency"": [[0, 2], [291, 24335]]}",{}
118,NC00962.3,EMB-0.25-0.9-0.3,0.0,GARC1,RUS,EMB,embB@V614L,U,{},"{""proportion"": 0.0, ""confidence"": [0.0, 0.7301340512159458], ""p_value"": 1.0, ""contingency"": [[0, 1], [291, 24335]]}",{}
119,NC00962.3,EMB-0.25-0.9-0.3,0.0,GARC1,RUS,EMB,embB@I883V,U,{},"{""proportion"": 0.0, ""confidence"": [0.0, 0.7301340512159458], ""p_value"": 1.0, ""contingency"": [[0, 1], [291, 24335]]}",{}
120,NC00962.3,EMB-0.25-0.9-0.3,0.0,GARC1,RUS,EMB,embA@E7K,U,{},"{""proportion"": 0.0, ""confidence"": [0.0, 0.31078398130591417], ""p_value"": 0.347412109375, ""contingency"": [[0, 6], [291, 24335]]}",{}
121,NC00962.3,EMB-0.25-0.9-0.3,0.0,GARC1,RUS,EMB,embA@L562M,U,{},"{""proportion"": 0.0, ""confidence"": [0.0, 0.7301340512159458], ""p_value"": 1.0, ""contingency"": [[0, 1], [291, 24335]]}",{}
122,NC00962.3,EMB-0.25-0.9-0.3,0.0,GARC1,RUS,EMB,embB@A379T,U,{},"{""proportion"": 0.0, ""confidence"": [0.0, 0.4741955741575127], ""p_value"": 1.0, ""contingency"": [[0, 3], [291, 24335]]}",{}
123,NC00962.3,EMB-0.25-0.9-0.3,0.0,GARC1,RUS,EMB,embB@P404L,U,{},"{""proportion"": 0.0, ""confidence"": [0.0, 0.7301340512159458], ""p_value"": 1.0, ""contingency"": [[0, 1], [291, 24335]]}",{}
124,NC00962.3,EMB-0.25-0.9-0.3,0.0,GARC1,RUS,EMB,embA@T1014A,U,{},"{""proportion"": 0.0, ""confidence"": [0.0, 0.7301340512159458], ""p_value"": 1.0, ""contingency"": [[0, 1], [291, 24335]]}",{}
125,NC00962.3,EMB-0.25-0.9-0.3,0.0,GARC1,RUS,EMB,embA@T983N,U,{},"{""proportion"": 0.0, ""confidence"": [0.0, 0.7301340512159458], ""p_value"": 1.0, ""contingency"": [[0, 1], [291, 24335]]}",{}
126,NC00962.3,EMB-0.25-0.9-0.3,0.0,GARC1,RUS,EMB,embA@A835E,U,{},"{""proportion"": 0.0, ""confidence"": [0.0, 0.5749693909936535], ""p_value"": 1.0, ""contingency"": [[0, 2], [291, 24335]]}",{}
127,NC00962.3,EMB-0.25-0.9-0.3,0.0,GARC1,RUS,EMB,embB@R257Q,U,{},"{""proportion"": 0.0, ""confidence"": [0.0, 0.7301340512159458], ""p_value"": 1.0, ""contingency"": [[0, 1], [291, 24335]]}",{}
128,NC00962.3,EMB-0.25-0.9-0.3,0.0,GARC1,RUS,EMB,embA@G844V,U,{},"{""proportion"": 0.0, ""confidence"": [0.0, 0.7301340512159458], ""p_value"": 1.0, ""contingency"": [[0, 1], [291, 24335]]}",{}
129,NC00962.3,EMB-0.25-0.9-0.3,0.0,GARC1,RUS,EMB,embB@M904I,U,{},"{""proportion"": 0.0, ""confidence"": [0.0, 0.5749693909936535], ""p_value"": 1.0, ""contingency"": [[0, 2], [291, 24335]]}",{}
130,NC00962.3,EMB-0.25-0.9-0.3,0.0,GARC1,RUS,EMB,embA@G154R,U,{},"{""proportion"": 0.0, ""confidence"": [0.0, 0.7301340512159458], ""p_value"": 1.0, ""contingency"": [[0, 1], [291, 24335]]}",{}
131,NC00962.3,EMB-0.25-0.9-0.3,0.0,GARC1,RUS,EMB,embA@K773N,U,{},"{""proportion"": 0.0, ""confidence"": [0.0, 0.4741955741575127], ""p_value"": 1.0, ""contingency"": [[0, 3], [291, 24335]]}",{}
132,NC00962.3,EMB-0.25-0.9-0.3,0.0,GARC1,RUS,EMB,embB@N160D,U,{},"{""proportion"": 0.0, ""confidence"": [0.0, 0.7301340512159458], ""p_value"": 1.0, ""contingency"": [[0, 1], [291, 24335]]}",{}
133,NC00962.3,EMB-0.25-0.9-0.3,0.0,GARC1,RUS,EMB,embB@A439V,U,{},"{""proportion"": 0.0, ""confidence"": [0.0, 0.5749693909936535], ""p_value"": 1.0, ""contingency"": [[0, 2], [291, 24335]]}",{}
134,NC00962.3,EMB-0.25-0.9-0.3,0.0,GARC1,RUS,EMB,embA@c-11a,U,{},"{""proportion"": 0.1875, ""confidence"": [0.07752937709440158, 0.38786974244785427], ""p_value"": 0.7748009348288178, ""contingency"": [[3, 13], [291, 24335]]}",{}
135,NC00962.3,EMB-0.25-0.9-0.3,0.0,GARC1,RUS,EMB,embB@Y319N,U,{},"{""proportion"": 0.0, ""confidence"": [0.0, 0.5749693909936535], ""p_value"": 1.0, ""contingency"": [[0, 2], [291, 24335]]}",{}
136,NC00962.3,EMB-0.25-0.9-0.3,0.0,GARC1,RUS,EMB,embA@G5V,U,{},"{""proportion"": 0.0, ""confidence"": [0.0, 0.7301340512159458], ""p_value"": 1.0, ""contingency"": [[0, 1], [291, 24335]]}",{}
137,NC00962.3,EMB-0.25-0.9-0.3,0.0,GARC1,RUS,EMB,embB@M1000R,U,{},"{""proportion"": 0.25, ""confidence"": [0.05790732119985871, 0.6438319914014936], ""p_value"": 1.0, ""contingency"": [[1, 3], [291, 24335]]}",{}
138,NC00962.3,EMB-0.25-0.9-0.3,0.0,GARC1,RUS,EMB,embA@H1061Q,U,{},"{""proportion"": 0.0, ""confidence"": [0.0, 0.7301340512159458], ""p_value"": 1.0, ""contingency"": [[0, 1], [291, 24335]]}",{}
139,NC00962.3,EMB-0.25-0.9-0.3,0.0,GARC1,RUS,EMB,embB@P404S,U,{},"{""proportion"": 0.3333333333333333, ""confidence"": [0.1172760941022896, 0.6529852329996817], ""p_value"": 0.64404296875, ""contingency"": [[2, 4], [291, 24335]]}",{}
140,NC00962.3,EMB-0.25-0.9-0.3,0.0,GARC1,RUS,EMB,embA@A985P,U,{},"{""proportion"": 0.0, ""confidence"": [0.0, 0.4741955741575127], ""p_value"": 1.0, ""contingency"": [[0, 3], [291, 24335]]}",{}
141,NC00962.3,EMB-0.25-0.9-0.3,0.0,GARC1,RUS,EMB,embB@A30T,U,{},"{""proportion"": 0.0, ""confidence"": [0.0, 0.4741955741575127], ""p_value"": 1.0, ""contingency"": [[0, 3], [291, 24335]]}",{}
142,NC00962.3,EMB-0.25-0.9-0.3,0.0,GARC1,RUS,EMB,embB@A679T,U,{},"{""proportion"": 0.0, ""confidence"": [0.0, 0.31078398130591417], ""p_value"": 0.347412109375, ""contingency"": [[0, 6], [291, 24335]]}",{}
143,NC00962.3,EMB-0.25-0.9-0.3,0.0,GARC1,RUS,EMB,embB@A457T,U,{},"{""proportion"": 0.0, ""confidence"": [0.0, 0.7301340512159458], ""p_value"": 1.0, ""contingency"": [[0, 1], [291, 24335]]}",{}
144,NC00962.3,EMB-0.25-0.9-0.3,0.0,GARC1,RUS,EMB,embA@P745L,U,{},"{""proportion"": 0.0, ""confidence"": [0.0, 0.7301340512159458], ""p_value"": 1.0, ""contingency"": [[0, 1], [291, 24335]]}",{}
145,NC00962.3,EMB-0.25-0.9-0.3,0.0,GARC1,RUS,EMB,embB@E405D,U,{},"{""proportion"": 0.5, ""confidence"": [0.26927182113826725, 0.7307281788617328], ""p_value"": 0.1344404220581055, ""contingency"": [[5, 5], [291, 24335]]}",{}
146,NC00962.3,EMB-0.25-0.9-0.3,0.0,GARC1,RUS,EMB,embB@Y319D,U,{},"{""proportion"": 0.4, ""confidence"": [0.1427064720192132, 0.7275168281338072], ""p_value"": 0.6044921875, ""contingency"": [[2, 3], [291, 24335]]}",{}
147,NC00962.3,EMB-0.25-0.9-0.3,0.0,GARC1,RUS,EMB,embA@L653P,U,{},"{""proportion"": 1.0, ""confidence"": [0.26986594878405434, 1.0000000000000002], ""p_value"": 0.25, ""contingency"": [[1, 0], [291, 24335]]}",{}
148,NC00962.3,EMB-0.25-0.9-0.3,0.0,GARC1,RUS,EMB,embB@T588M,U,{},"{""proportion"": 0.0, ""confidence"": [0.0, 0.4741955741575127], ""p_value"": 1.0, ""contingency"": [[0, 3], [291, 24335]]}",{}
149,NC00962.3,EMB-0.25-0.9-0.3,0.0,GARC1,RUS,EMB,embB@H687Y,U,{},"{""proportion"": 0.0, ""confidence"": [0.0, 0.5749693909936535], ""p_value"": 1.0, ""contingency"": [[0, 2], [291, 24335]]}",{}
150,NC00962.3,EMB-0.25-0.9-0.3,0.0,GARC1,RUS,EMB,embB@S412L,U,{},"{""proportion"": 0.0, ""confidence"": [0.0, 0.7301340512159458], ""p_value"": 1.0, ""contingency"": [[0, 1], [291, 24335]]}",{}
151,NC00962.3,EMB-0.25-0.9-0.3,0.0,GARC1,RUS,EMB,embA@K1012M,U,{},"{""proportion"": 0.0, ""confidence"": [0.0, 0.7301340512159458], ""p_value"": 1.0, ""contingency"": [[0, 1], [291, 24335]]}",{}
152,NC00962.3,EMB-0.25-0.9-0.3,0.0,GARC1,RUS,EMB,embB@V963M,U,{},"{""proportion"": 0.0, ""confidence"": [0.0, 0.7301340512159458], ""p_value"": 1.0, ""contingency"": [[0, 1], [291, 24335]]}",{}
153,NC00962.3,EMB-0.25-0.9-0.3,0.0,GARC1,RUS,EMB,embA@R11W,U,{},"{""proportion"": 0.0, ""confidence"": [0.0, 0.7301340512159458], ""p_value"": 1.0, ""contingency"": [[0, 1], [291, 24335]]}",{}
154,NC00962.3,EMB-0.25-0.9-0.3,0.0,GARC1,RUS,EMB,embA@g-75c,U,{},"{""proportion"": 0.0, ""confidence"": [0.0, 0.4741955741575127], ""p_value"": 1.0, ""contingency"": [[0, 3], [291, 24335]]}",{}
155,NC00962.3,EMB-0.25-0.9-0.3,0.0,GARC1,RUS,EMB,embB@A720V,U,{},"{""proportion"": 0.0, ""confidence"": [0.0, 0.7301340512159458], ""p_value"": 1.0, ""contingency"": [[0, 1], [291, 24335]]}",{}
156,NC00962.3,EMB-0.25-0.9-0.3,0.0,GARC1,RUS,EMB,embA@G1083D,U,{},"{""proportion"": 0.0, ""confidence"": [0.0, 0.7301340512159458], ""p_value"": 1.0, ""contingency"": [[0, 1], [291, 24335]]}",{}
157,NC00962.3,EMB-0.25-0.9-0.3,0.0,GARC1,RUS,EMB,embA@A974T,U,{},"{""proportion"": 0.0, ""confidence"": [0.0, 0.7301340512159458], ""p_value"": 1.0, ""contingency"": [[0, 1], [291, 24335]]}",{}
158,NC00962.3,EMB-0.25-0.9-0.3,0.0,GARC1,RUS,EMB,embB@Q497E,U,{},"{""proportion"": 0.0, ""confidence"": [0.0, 0.7301340512159458], ""p_value"": 1.0, ""contingency"": [[0, 1], [291, 24335]]}",{}
159,NC00962.3,EMB-0.25-0.9-0.3,0.0,GARC1,RUS,EMB,embA@G29V,U,{},"{""proportion"": 0.0, ""confidence"": [0.0, 0.7301340512159458], ""p_value"": 1.0, ""contingency"": [[0, 1], [291, 24335]]}",{}
160,NC00962.3,EMB-0.25-0.9-0.3,0.0,GARC1,RUS,EMB,embA@A483T,U,{},"{""proportion"": 0.0, ""confidence"": [0.0, 0.5749693909936535], ""p_value"": 1.0, ""contingency"": [[0, 2], [291, 24335]]}",{}
161,NC00962.3,EMB-0.25-0.9-0.3,0.0,GARC1,RUS,EMB,embB@K107E,U,{},"{""proportion"": 0.0, ""confidence"": [0.0, 0.7301340512159458], ""p_value"": 1.0, ""contingency"": [[0, 1], [291, 24335]]}",{}
162,NC00962.3,EMB-0.25-0.9-0.3,0.0,GARC1,RUS,EMB,embB@H872Y,U,{},"{""proportion"": 0.0, ""confidence"": [0.0, 0.7301340512159458], ""p_value"": 1.0, ""contingency"": [[0, 1], [291, 24335]]}",{}
163,NC00962.3,EMB-0.25-0.9-0.3,0.0,GARC1,RUS,EMB,embA@S654L,U,{},"{""proportion"": 0.0, ""confidence"": [0.0, 0.7301340512159458], ""p_value"": 1.0, ""contingency"": [[0, 1], [291, 24335]]}",{}
164,NC00962.3,EMB-0.25-0.9-0.3,0.0,GARC1,RUS,EMB,embA@D235N,U,{},"{""proportion"": 0.0, ""confidence"": [0.0, 0.7301340512159458], ""p_value"": 1.0, ""contingency"": [[0, 1], [291, 24335]]}",{}
165,NC00962.3,EMB-0.25-0.9-0.3,0.0,GARC1,RUS,EMB,embB@A225E,U,{},"{""proportion"": 0.0, ""confidence"": [0.0, 0.7301340512159458], ""p_value"": 1.0, ""contingency"": [[0, 1], [291, 24335]]}",{}
166,NC00962.3,EMB-0.25-0.9-0.3,0.0,GARC1,RUS,EMB,embA@Q47H,U,{},"{""proportion"": 0.0, ""confidence"": [0.0, 0.5749693909936535], ""p_value"": 1.0, ""contingency"": [[0, 2], [291, 24335]]}",{}
167,NC00962.3,EMB-0.25-0.9-0.3,0.0,GARC1,RUS,EMB,embA@G275S,U,{},"{""proportion"": 0.0, ""confidence"": [0.0, 0.5749693909936535], ""p_value"": 1.0, ""contingency"": [[0, 2], [291, 24335]]}",{}
168,NC00962.3,EMB-0.25-0.9-0.3,0.0,GARC1,RUS,EMB,embA@T566M,U,{},"{""proportion"": 0.5, ""confidence"": [0.12086631942227369, 0.8791336805777263], ""p_value"": 0.4375, ""contingency"": [[1, 1], [291, 24335]]}",{}
169,NC00962.3,EMB-0.25-0.9-0.3,0.0,GARC1,RUS,EMB,embA@A80T,U,{},"{""proportion"": 0.0, ""confidence"": [0.0, 0.7301340512159458], ""p_value"": 1.0, ""contingency"": [[0, 1], [291, 24335]]}",{}
170,NC00962.3,EMB-0.25-0.9-0.3,0.0,GARC1,RUS,EMB,embB@A495T,U,{},"{""proportion"": 0.0, ""confidence"": [0.0, 0.7301340512159458], ""p_value"": 1.0, ""contingency"": [[0, 1], [291, 24335]]}",{}
171,NC00962.3,EMB-0.25-0.9-0.3,0.0,GARC1,RUS,EMB,embA@A95T,U,{},"{""proportion"": 0.0, ""confidence"": [0.0, 0.7301340512159458], ""p_value"": 1.0, ""contingency"": [[0, 1], [291, 24335]]}",{}
172,NC00962.3,EMB-0.25-0.9-0.3,0.0,GARC1,RUS,EMB,embA@A686S,U,{},"{""proportion"": 0.0, ""confidence"": [0.0, 0.7301340512159458], ""p_value"": 1.0, ""contingency"": [[0, 1], [291, 24335]]}",{}
173,NC00962.3,EMB-0.25-0.9-0.3,0.0,GARC1,RUS,EMB,embB@K765N,U,{},"{""proportion"": 0.0, ""confidence"": [0.0, 0.7301340512159458], ""p_value"": 1.0, ""contingency"": [[0, 1], [291, 24335]]}",{}
174,NC00962.3,EMB-0.25-0.9-0.3,0.0,GARC1,RUS,EMB,embB@V116I,U,{},"{""proportion"": 0.0, ""confidence"": [0.0, 0.7301340512159458], ""p_value"": 1.0, ""contingency"": [[0, 1], [291, 24335]]}",{}
175,NC00962.3,EMB-0.25-0.9-0.3,0.0,GARC1,RUS,EMB,embA@A874T,U,{},"{""proportion"": 0.0, ""confidence"": [0.0, 0.7301340512159458], ""p_value"": 1.0, ""contingency"": [[0, 1], [291, 24335]]}",{}
176,NC00962.3,EMB-0.25-0.9-0.3,0.0,GARC1,RUS,EMB,embA@V607M,U,{},"{""proportion"": 0.0, ""confidence"": [0.0, 0.40347862520270455], ""p_value"": 0.578125, ""contingency"": [[0, 4], [291, 24335]]}",{}
177,NC00962.3,EMB-0.25-0.9-0.3,0.0,GARC1,RUS,EMB,embB@V444M,U,{},"{""proportion"": 0.0, ""confidence"": [0.0, 0.7301340512159458], ""p_value"": 1.0, ""contingency"": [[0, 1], [291, 24335]]}",{}
178,NC00962.3,EMB-0.25-0.9-0.3,0.0,GARC1,RUS,EMB,embA@P714S,U,{},"{""proportion"": 1.0, ""confidence"": [0.26986594878405434, 1.0000000000000002], ""p_value"": 0.25, ""contingency"": [[1, 0], [291, 24335]]}",{}
179,NC00962.3,EMB-0.25-0.9-0.3,0.0,GARC1,RUS,EMB,embB@V123A,U,{},"{""proportion"": 0.0, ""confidence"": [0.0, 0.7301340512159458], ""p_value"": 1.0, ""contingency"": [[0, 1], [291, 24335]]}",{}
180,NC00962.3,EMB-0.25-0.9-0.3,0.0,GARC1,RUS,EMB,embA@R380L,U,{},"{""proportion"": 0.0, ""confidence"": [0.0, 0.7301340512159458], ""p_value"": 1.0, ""contingency"": [[0, 1], [291, 24335]]}",{}
181,NC00962.3,EMB-0.25-0.9-0.3,0.0,GARC1,RUS,EMB,embB@G65S,U,{},"{""proportion"": 0.0, ""confidence"": [0.0, 0.4741955741575127], ""p_value"": 1.0, ""contingency"": [[0, 3], [291, 24335]]}",{}
182,NC00962.3,EMB-0.25-0.9-0.3,0.0,GARC1,RUS,EMB,embB@P866S,U,{},"{""proportion"": 0.0, ""confidence"": [0.0, 0.7301340512159458], ""p_value"": 1.0, ""contingency"": [[0, 1], [291, 24335]]}",{}
183,NC00962.3,EMB-0.25-0.9-0.3,0.0,GARC1,RUS,EMB,embA@S309A,U,{},"{""proportion"": 0.0, ""confidence"": [0.0, 0.7301340512159458], ""p_value"": 1.0, ""contingency"": [[0, 1], [291, 24335]]}",{}
184,NC00962.3,EMB-0.25-0.9-0.3,0.0,GARC1,RUS,EMB,embB@T126N,U,{},"{""proportion"": 0.0, ""confidence"": [0.0, 0.7301340512159458], ""p_value"": 1.0, ""contingency"": [[0, 1], [291, 24335]]}",{}
185,NC00962.3,EMB-0.25-0.9-0.3,0.0,GARC1,RUS,EMB,embB@P824L,U,{},"{""proportion"": 0.0, ""confidence"": [0.0, 0.5749693909936535], ""p_value"": 1.0, ""contingency"": [[0, 2], [291, 24335]]}",{}
186,NC00962.3,EMB-0.25-0.9-0.3,0.0,GARC1,RUS,EMB,embA@V1074A,U,{},"{""proportion"": 0.0, ""confidence"": [0.0, 0.7301340512159458], ""p_value"": 1.0, ""contingency"": [[0, 1], [291, 24335]]}",{}
187,NC00962.3,EMB-0.25-0.9-0.3,0.0,GARC1,RUS,EMB,embB@G374E,U,{},"{""proportion"": 0.0, ""confidence"": [0.0, 0.7301340512159458], ""p_value"": 1.0, ""contingency"": [[0, 1], [291, 24335]]}",{}
188,NC00962.3,EMB-0.25-0.9-0.3,0.0,GARC1,RUS,EMB,embA@K816N,U,{},"{""proportion"": 0.0, ""confidence"": [0.0, 0.5749693909936535], ""p_value"": 1.0, ""contingency"": [[0, 2], [291, 24335]]}",{}
189,NC00962.3,EMB-0.25-0.9-0.3,0.0,GARC1,RUS,EMB,embB@A33P,U,{},"{""proportion"": 0.0, ""confidence"": [0.0, 0.7301340512159458], ""p_value"": 1.0, ""contingency"": [[0, 1], [291, 24335]]}",{}
190,NC00962.3,EMB-0.25-0.9-0.3,0.0,GARC1,RUS,EMB,embA@Y289C,U,{},"{""proportion"": 0.0, ""confidence"": [0.0, 0.7301340512159458], ""p_value"": 1.0, ""contingency"": [[0, 1], [291, 24335]]}",{}
191,NC00962.3,EMB-0.25-0.9-0.3,0.0,GARC1,RUS,EMB,embB@T216A,U,{},"{""proportion"": 0.0, ""confidence"": [0.0, 0.5749693909936535], ""p_value"": 1.0, ""contingency"": [[0, 2], [291, 24335]]}",{}
192,NC00962.3,EMB-0.25-0.9-0.3,0.0,GARC1,RUS,EMB,embA@R325C,U,{},"{""proportion"": 0.0, ""confidence"": [0.0, 0.7301340512159458], ""p_value"": 1.0, ""contingency"": [[0, 1], [291, 24335]]}",{}
193,NC00962.3,EMB-0.25-0.9-0.3,0.0,GARC1,RUS,EMB,embA@P1094T,U,{},"{""proportion"": 0.0, ""confidence"": [0.0, 0.7301340512159458], ""p_value"": 1.0, ""contingency"": [[0, 1], [291, 24335]]}",{}
194,NC00962.3,EMB-0.25-0.9-0.3,0.0,GARC1,RUS,EMB,embB@M586V,U,{},"{""proportion"": 0.0, ""confidence"": [0.0, 0.7301340512159458], ""p_value"": 1.0, ""contingency"": [[0, 1], [291, 24335]]}",{}
195,NC00962.3,EMB-0.25-0.9-0.3,0.0,GARC1,RUS,EMB,embB@P983T,U,{},"{""proportion"": 0.0, ""confidence"": [0.0, 0.7301340512159458], ""p_value"": 1.0, ""contingency"": [[0, 1], [291, 24335]]}",{}
196,NC00962.3,EMB-0.25-0.9-0.3,0.0,GARC1,RUS,EMB,embA@A148E,U,{},"{""proportion"": 0.0, ""confidence"": [0.0, 0.7301340512159458], ""p_value"": 1.0, ""contingency"": [[0, 1], [291, 24335]]}",{}
197,NC00962.3,EMB-0.25-0.9-0.3,0.0,GARC1,RUS,EMB,embA@-41_del_a,U,{},"{""proportion"": 0.0, ""confidence"": [0.0, 0.7301340512159458], ""p_value"": 1.0, ""contingency"": [[0, 1], [291, 24335]]}",{}
198,NC00962.3,EMB-0.25-0.9-0.3,0.0,GARC1,RUS,EMB,embB@D870N,U,{},"{""proportion"": 0.0, ""confidence"": [0.0, 0.4741955741575127], ""p_value"": 1.0, ""contingency"": [[0, 3], [291, 24335]]}",{}
199,NC00962.3,EMB-0.25-0.9-0.3,0.0,GARC1,RUS,EMB,embB@A601P,U,{},"{""proportion"": 0.0, ""confidence"": [0.0, 0.7301340512159458], ""p_value"": 1.0, ""contingency"": [[0, 1], [291, 24335]]}",{}
200,NC00962.3,EMB-0.25-0.9-0.3,0.0,GARC1,RUS,EMB,embB@Q3H,U,{},"{""proportion"": 0.0, ""confidence"": [0.0, 0.7301340512159458], ""p_value"": 1.0, ""contingency"": [[0, 1], [291, 24335]]}",{}
201,NC00962.3,EMB-0.25-0.9-0.3,0.0,GARC1,RUS,EMB,embB@W332R,U,{},"{""proportion"": 0.5, ""confidence"": [0.18240016325464498, 0.8175998367453551], ""p_value"": 0.26171875, ""contingency"": [[2, 2], [291, 24335]]}",{}
202,NC00962.3,EMB-0.25-0.9-0.3,0.0,GARC1,RUS,EMB,embB@T849A,U,{},"{""proportion"": 0.0, ""confidence"": [0.0, 0.40347862520270455], ""p_value"": 0.578125, ""contingency"": [[0, 4], [291, 24335]]}",{}
203,NC00962.3,EMB-0.25-0.9-0.3,0.0,GARC1,RUS,EMB,embA@I155V,U,{},"{""proportion"": 0.0, ""confidence"": [0.0, 0.278762695452542], ""p_value"": 0.20404052734375, ""contingency"": [[0, 7], [291, 24335]]}",{}
204,NC00962.3,EMB-0.25-0.9-0.3,0.0,GARC1,RUS,EMB,embB@A388S,U,{},"{""proportion"": 0.0, ""confidence"": [0.0, 0.7301340512159458], ""p_value"": 1.0, ""contingency"": [[0, 1], [291, 24335]]}",{}
205,NC00962.3,EMB-0.25-0.9-0.3,0.0,GARC1,RUS,EMB,embB@R182L,U,{},"{""proportion"": 0.0, ""confidence"": [0.0, 0.7301340512159458], ""p_value"": 1.0, ""contingency"": [[0, 1], [291, 24335]]}",{}
206,NC00962.3,EMB-0.25-0.9-0.3,0.0,GARC1,RUS,EMB,embB@R14Q,U,{},"{""proportion"": 0.16666666666666666, ""confidence"": [0.038105570079342885, 0.5024170841245998], ""p_value"": 1.0, ""contingency"": [[1, 5], [291, 24335]]}",{}
207,NC00962.3,EMB-0.25-0.9-0.3,0.0,GARC1,RUS,EMB,embB@S22P,U,{},"{""proportion"": 0.0, ""confidence"": [0.0, 0.7301340512159458], ""p_value"": 1.0, ""contingency"": [[0, 1], [291, 24335]]}",{}
208,NC00962.3,EMB-0.25-0.9-0.3,0.0,GARC1,RUS,EMB,embA@S788F,U,{},"{""proportion"": 0.0, ""confidence"": [0.0, 0.7301340512159458], ""p_value"": 1.0, ""contingency"": [[0, 1], [291, 24335]]}",{}
209,NC00962.3,EMB-0.25-0.9-0.3,0.0,GARC1,RUS,EMB,embB@S651N,U,{},"{""proportion"": 1.0, ""confidence"": [0.26986594878405434, 1.0000000000000002], ""p_value"": 0.25, ""contingency"": [[1, 0], [291, 24335]]}",{}
210,NC00962.3,EMB-0.25-0.9-0.3,0.0,GARC1,RUS,EMB,embB@A102S,U,{},"{""proportion"": 0.0, ""confidence"": [0.0, 0.7301340512159458], ""p_value"": 1.0, ""contingency"": [[0, 1], [291, 24335]]}",{}
211,NC00962.3,EMB-0.25-0.9-0.3,0.0,GARC1,RUS,EMB,embB@A1073V,U,{},"{""proportion"": 0.0, ""confidence"": [0.0, 0.5749693909936535], ""p_value"": 1.0, ""contingency"": [[0, 2], [291, 24335]]}",{}
212,NC00962.3,EMB-0.25-0.9-0.3,0.0,GARC1,RUS,EMB,embB@P818L,U,{},"{""proportion"": 0.0, ""confidence"": [0.0, 0.7301340512159458], ""p_value"": 1.0, ""contingency"": [[0, 1], [291, 24335]]}",{}
214,NC00962.3,EMB-0.25-0.9-0.3,0.0,GARC1,RUS,EMB,embB@V618M,U,{},"{""proportion"": 0.07142857142857142, ""confidence"": [0.016099895800737347, 0.2655756729723237], ""p_value"": 0.21263734251260757, ""contingency"": [[1, 13], [291, 24335]]}",{}
215,NC00962.3,EMB-0.25-0.9-0.3,0.0,GARC1,RUS,EMB,embB@F398L,U,{},"{""proportion"": 0.0, ""confidence"": [0.0, 0.7301340512159458], ""p_value"": 1.0, ""contingency"": [[0, 1], [291, 24335]]}",{}
216,NC00962.3,EMB-0.25-0.9-0.3,0.0,GARC1,RUS,EMB,embA@F342V,U,{},"{""proportion"": 0.0, ""confidence"": [0.0, 0.7301340512159458], ""p_value"": 1.0, ""contingency"": [[0, 1], [291, 24335]]}",{}
217,NC00962.3,EMB-0.25-0.9-0.3,0.0,GARC1,RUS,EMB,embB@A5G,U,{},"{""proportion"": 0.15384615384615385, ""confidence"": [0.05229044044675824, 0.3746634865978268], ""p_value"": 0.5386397987604141, ""contingency"": [[2, 11], [291, 24335]]}",{}
218,NC00962.3,EMB-0.25-0.9-0.3,0.0,GARC1,RUS,EMB,embB@P103T,U,{},"{""proportion"": 0.0, ""confidence"": [0.0, 0.25272359742376316], ""p_value"": 0.21392822265625003, ""contingency"": [[0, 8], [291, 24335]]}",{}
219,NC00962.3,EMB-0.25-0.9-0.3,0.0,GARC1,RUS,EMB,embB@V417A,U,{},"{""proportion"": 0.0, ""confidence"": [0.0, 0.4741955741575127], ""p_value"": 1.0, ""contingency"": [[0, 3], [291, 24335]]}",{}
220,NC00962.3,EMB-0.25-0.9-0.3,0.0,GARC1,RUS,EMB,embB@E138K,U,{},"{""proportion"": 0.0, ""confidence"": [0.0, 0.7301340512159458], ""p_value"": 1.0, ""contingency"": [[0, 1], [291, 24335]]}",{}
221,NC00962.3,EMB-0.25-0.9-0.3,0.0,GARC1,RUS,EMB,embB@D328G,U,{},"{""proportion"": 0.0, ""confidence"": [0.0, 0.5749693909936535], ""p_value"": 1.0, ""contingency"": [[0, 2], [291, 24335]]}",{}
222,NC00962.3,EMB-0.25-0.9-0.3,0.0,GARC1,RUS,EMB,embA@S77P,U,{},"{""proportion"": 0.0, ""confidence"": [0.0, 0.4741955741575127], ""p_value"": 1.0, ""contingency"": [[0, 3], [291, 24335]]}",{}
223,NC00962.3,EMB-0.25-0.9-0.3,0.0,GARC1,RUS,EMB,embB@M396I,U,{},"{""proportion"": 0.0, ""confidence"": [0.0, 0.7301340512159458], ""p_value"": 1.0, ""contingency"": [[0, 1], [291, 24335]]}",{}
224,NC00962.3,EMB-0.25-0.9-0.3,0.0,GARC1,RUS,EMB,embA@P754S,U,{},"{""proportion"": 0.0, ""confidence"": [0.0, 0.7301340512159458], ""p_value"": 1.0, ""contingency"": [[0, 1], [291, 24335]]}",{}
225,NC00962.3,EMB-0.25-0.9-0.3,0.0,GARC1,RUS,EMB,embB@V131M,U,{},"{""proportion"": 0.0, ""confidence"": [0.0, 0.3511165007651012], ""p_value"": 0.34082031250000006, ""contingency"": [[0, 5], [291, 24335]]}",{}
226,NC00962.3,EMB-0.25-0.9-0.3,0.0,GARC1,RUS,EMB,embB@E504D,U,{},"{""proportion"": 0.6, ""confidence"": [0.2724831718661929, 0.857293527980787], ""p_value"": 0.103515625, ""contingency"": [[3, 2], [291, 24335]]}",{}
227,NC00962.3,EMB-0.25-0.9-0.3,0.0,GARC1,RUS,EMB,embB@I489T,U,{},"{""proportion"": 0.0, ""confidence"": [0.0, 0.7301340512159458], ""p_value"": 1.0, ""contingency"": [[0, 1], [291, 24335]]}",{}
228,NC00962.3,EMB-0.25-0.9-0.3,0.0,GARC1,RUS,EMB,embA@V18I,U,{},"{""proportion"": 0.0, ""confidence"": [0.0, 0.5749693909936535], ""p_value"": 1.0, ""contingency"": [[0, 2], [291, 24335]]}",{}
229,NC00962.3,EMB-0.25-0.9-0.3,0.0,GARC1,RUS,EMB,embB@A1083E,U,{},"{""proportion"": 0.0, ""confidence"": [0.0, 0.7301340512159458], ""p_value"": 1.0, ""contingency"": [[0, 1], [291, 24335]]}",{}
230,NC00962.3,EMB-0.25-0.9-0.3,0.0,GARC1,RUS,EMB,embA@P901Q,U,{},"{""proportion"": 0.0, ""confidence"": [0.0, 0.7301340512159458], ""p_value"": 1.0, ""contingency"": [[0, 1], [291, 24335]]}",{}
231,NC00962.3,EMB-0.25-0.9-0.3,0.0,GARC1,RUS,EMB,embA@R229S,U,{},"{""proportion"": 0.0, ""confidence"": [0.0, 0.7301340512159458], ""p_value"": 1.0, ""contingency"": [[0, 1], [291, 24335]]}",{}
232,NC00962.3,EMB-0.25-0.9-0.3,0.0,GARC1,RUS,EMB,embB@S347I,U,{},"{""proportion"": 0.25, ""confidence"": [0.05790732119985871, 0.6438319914014936], ""p_value"": 1.0, ""contingency"": [[1, 3], [291, 24335]]}",{}
234,NC00962.3,EMB-0.25-0.9-0.3,0.0,GARC1,RUS,EMB,embA@R538H,U,{},"{""proportion"": 0.0, ""confidence"": [0.0, 0.7301340512159458], ""p_value"": 1.0, ""contingency"": [[0, 1], [291, 24335]]}",{}
235,NC00962.3,EMB-0.25-0.9-0.3,0.0,GARC1,RUS,EMB,embB@V77I,U,{},"{""proportion"": 0.0, ""confidence"": [0.0, 0.4741955741575127], ""p_value"": 1.0, ""contingency"": [[0, 3], [291, 24335]]}",{}
236,NC00962.3,EMB-0.25-0.9-0.3,0.0,GARC1,RUS,EMB,embA@A331S,U,{},"{""proportion"": 0.0, ""confidence"": [0.0, 0.7301340512159458], ""p_value"": 1.0, ""contingency"": [[0, 1], [291, 24335]]}",{}
237,NC00962.3,EMB-0.25-0.9-0.3,0.0,GARC1,RUS,EMB,embA@V98L,U,{},"{""proportion"": 0.0, ""confidence"": [0.0, 0.5749693909936535], ""p_value"": 1.0, ""contingency"": [[0, 2], [291, 24335]]}",{}
238,NC00962.3,EMB-0.25-0.9-0.3,0.0,GARC1,RUS,EMB,embB@I32T,U,{},"{""proportion"": 0.0, ""confidence"": [0.0, 0.40347862520270455], ""p_value"": 0.578125, ""contingency"": [[0, 4], [291, 24335]]}",{}
239,NC00962.3,EMB-0.25-0.9-0.3,0.0,GARC1,RUS,EMB,embA@S824A,U,{},"{""proportion"": 0.0, ""confidence"": [0.0, 0.7301340512159458], ""p_value"": 1.0, ""contingency"": [[0, 1], [291, 24335]]}",{}
240,NC00962.3,EMB-0.25-0.9-0.3,0.0,GARC1,RUS,EMB,embB@T643P,U,{},"{""proportion"": 0.0, ""confidence"": [0.0, 0.7301340512159458], ""p_value"": 1.0, ""contingency"": [[0, 1], [291, 24335]]}",{}
241,NC00962.3,EMB-0.25-0.9-0.3,0.0,GARC1,RUS,EMB,embA@P838L,U,{},"{""proportion"": 0.0, ""confidence"": [0.0, 0.4741955741575127], ""p_value"": 1.0, ""contingency"": [[0, 3], [291, 24335]]}",{}
242,NC00962.3,EMB-0.25-0.9-0.3,0.0,GARC1,RUS,EMB,embA@D678A,U,{},"{""proportion"": 0.0, ""confidence"": [0.0, 0.7301340512159458], ""p_value"": 1.0, ""contingency"": [[0, 1], [291, 24335]]}",{}
243,NC00962.3,EMB-0.25-0.9-0.3,0.0,GARC1,RUS,EMB,embA@F565L,U,{},"{""proportion"": 0.0, ""confidence"": [0.0, 0.7301340512159458], ""p_value"": 1.0, ""contingency"": [[0, 1], [291, 24335]]}",{}
244,NC00962.3,EMB-0.25-0.9-0.3,0.0,GARC1,RUS,EMB,embB@M575R,U,{},"{""proportion"": 0.0, ""confidence"": [0.0, 0.5749693909936535], ""p_value"": 1.0, ""contingency"": [[0, 2], [291, 24335]]}",{}
245,NC00962.3,EMB-0.25-0.9-0.3,0.0,GARC1,RUS,EMB,embA@V531L,U,{},"{""proportion"": 0.125, ""confidence"": [0.028399323737810202, 0.41114337433001213], ""p_value"": 0.68853759765625, ""contingency"": [[1, 7], [291, 24335]]}",{}
246,NC00962.3,EMB-0.25-0.9-0.3,0.0,GARC1,RUS,EMB,embA@P976L,U,{},"{""proportion"": 0.0, ""confidence"": [0.0, 0.7301340512159458], ""p_value"": 1.0, ""contingency"": [[0, 1], [291, 24335]]}",{}
247,NC00962.3,EMB-0.25-0.9-0.3,0.0,GARC1,RUS,EMB,embB@S650P,U,{},"{""proportion"": 0.0, ""confidence"": [0.0, 0.7301340512159458], ""p_value"": 1.0, ""contingency"": [[0, 1], [291, 24335]]}",{}
248,NC00962.3,EMB-0.25-0.9-0.3,0.0,GARC1,RUS,EMB,embA@E1075G,U,{},"{""proportion"": 0.0, ""confidence"": [0.0, 0.7301340512159458], ""p_value"": 1.0, ""contingency"": [[0, 1], [291, 24335]]}",{}
249,NC00962.3,EMB-0.25-0.9-0.3,0.0,GARC1,RUS,EMB,embA@T475M,U,{},"{""proportion"": 0.0, ""confidence"": [0.0, 0.7301340512159458], ""p_value"": 1.0, ""contingency"": [[0, 1], [291, 24335]]}",{}
250,NC00962.3,EMB-0.25-0.9-0.3,0.0,GARC1,RUS,EMB,embA@Q858R,U,{},"{""proportion"": 0.0, ""confidence"": [0.0, 0.5749693909936535], ""p_value"": 1.0, ""contingency"": [[0, 2], [291, 24335]]}",{}
251,NC00962.3,EMB-0.25-0.9-0.3,0.0,GARC1,RUS,EMB,embA@P1094S,U,{},"{""proportion"": 0.0, ""confidence"": [0.0, 0.4741955741575127], ""p_value"": 1.0, ""contingency"": [[0, 3], [291, 24335]]}",{}
252,NC00962.3,EMB-0.25-0.9-0.3,0.0,GARC1,RUS,EMB,embB@R173C,U,{},"{""proportion"": 0.0, ""confidence"": [0.0, 0.7301340512159458], ""p_value"": 1.0, ""contingency"": [[0, 1], [291, 24335]]}",{}
253,NC00962.3,EMB-0.25-0.9-0.3,0.0,GARC1,RUS,EMB,embA@R472L,U,{},"{""proportion"": 0.0, ""confidence"": [0.0, 0.5749693909936535], ""p_value"": 1.0, ""contingency"": [[0, 2], [291, 24335]]}",{}
255,NC00962.3,EMB-0.25-0.9-0.3,0.0,GARC1,RUS,EMB,embB@T157I,U,{},"{""proportion"": 0.0, ""confidence"": [0.0, 0.3511165007651012], ""p_value"": 0.34082031250000006, ""contingency"": [[0, 5], [291, 24335]]}",{}
256,NC00962.3,EMB-0.25-0.9-0.3,0.0,GARC1,RUS,EMB,embA@P548L,U,{},"{""proportion"": 0.0, ""confidence"": [0.0, 0.7301340512159458], ""p_value"": 1.0, ""contingency"": [[0, 1], [291, 24335]]}",{}
257,NC00962.3,EMB-0.25-0.9-0.3,0.0,GARC1,RUS,EMB,embB@G851D,U,{},"{""proportion"": 0.0, ""confidence"": [0.0, 0.7301340512159458], ""p_value"": 1.0, ""contingency"": [[0, 1], [291, 24335]]}",{}
258,NC00962.3,EMB-0.25-0.9-0.3,0.0,GARC1,RUS,EMB,embB@F688V,U,{},"{""proportion"": 0.0, ""confidence"": [0.0, 0.7301340512159458], ""p_value"": 1.0, ""contingency"": [[0, 1], [291, 24335]]}",{}
259,NC00962.3,EMB-0.25-0.9-0.3,0.0,GARC1,RUS,EMB,embA@Q1004R,U,{},"{""proportion"": 0.0, ""confidence"": [0.0, 0.7301340512159458], ""p_value"": 1.0, ""contingency"": [[0, 1], [291, 24335]]}",{}
260,NC00962.3,EMB-0.25-0.9-0.3,0.0,GARC1,RUS,EMB,embA@L459R,U,{},"{""proportion"": 0.0, ""confidence"": [0.0, 0.7301340512159458], ""p_value"": 1.0, ""contingency"": [[0, 1], [291, 24335]]}",{}
261,NC00962.3,EMB-0.25-0.9-0.3,0.0,GARC1,RUS,EMB,embB@V135M,U,{},"{""proportion"": 0.0, ""confidence"": [0.0, 0.5749693909936535], ""p_value"": 1.0, ""contingency"": [[0, 2], [291, 24335]]}",{}
262,NC00962.3,EMB-0.25-0.9-0.3,0.0,GARC1,RUS,EMB,embA@L390M,U,{},"{""proportion"": 0.0, ""confidence"": [0.0, 0.7301340512159458], ""p_value"": 1.0, ""contingency"": [[0, 1], [291, 24335]]}",{}
263,NC00962.3,EMB-0.25-0.9-0.3,0.0,GARC1,RUS,EMB,embA@S1017A,U,{},"{""proportion"": 0.0, ""confidence"": [0.0, 0.4741955741575127], ""p_value"": 1.0, ""contingency"": [[0, 3], [291, 24335]]}",{}
264,NC00962.3,EMB-0.25-0.9-0.3,0.0,GARC1,RUS,EMB,embB@D78A,U,{},"{""proportion"": 0.0, ""confidence"": [0.0, 0.7301340512159458], ""p_value"": 1.0, ""contingency"": [[0, 1], [291, 24335]]}",{}
265,NC00962.3,EMB-0.25-0.9-0.3,0.0,GARC1,RUS,EMB,embA@V898I,U,{},"{""proportion"": 0.0, ""confidence"": [0.0, 0.7301340512159458], ""p_value"": 1.0, ""contingency"": [[0, 1], [291, 24335]]}",{}
266,NC00962.3,EMB-0.25-0.9-0.3,0.0,GARC1,RUS,EMB,embA@W550S,U,{},"{""proportion"": 0.0, ""confidence"": [0.0, 0.7301340512159458], ""p_value"": 1.0, ""contingency"": [[0, 1], [291, 24335]]}",{}
267,NC00962.3,EMB-0.25-0.9-0.3,0.0,GARC1,RUS,EMB,embA@G146D,U,{},"{""proportion"": 0.0, ""confidence"": [0.0, 0.7301340512159458], ""p_value"": 1.0, ""contingency"": [[0, 1], [291, 24335]]}",{}
268,NC00962.3,EMB-0.25-0.9-0.3,0.0,GARC1,RUS,EMB,embA@G909R,U,{},"{""proportion"": 0.0, ""confidence"": [0.0, 0.5749693909936535], ""p_value"": 1.0, ""contingency"": [[0, 2], [291, 24335]]}",{}
269,NC00962.3,EMB-0.25-0.9-0.3,0.0,GARC1,RUS,EMB,embA@A589E,U,{},"{""proportion"": 0.0, ""confidence"": [0.0, 0.7301340512159458], ""p_value"": 1.0, ""contingency"": [[0, 1], [291, 24335]]}",{}
270,NC00962.3,EMB-0.25-0.9-0.3,0.0,GARC1,RUS,EMB,embA@P164S,U,{},"{""proportion"": 0.0, ""confidence"": [0.0, 0.7301340512159458], ""p_value"": 1.0, ""contingency"": [[0, 1], [291, 24335]]}",{}
271,NC00962.3,EMB-0.25-0.9-0.3,0.0,GARC1,RUS,EMB,embA@D865N,U,{},"{""proportion"": 0.0, ""confidence"": [0.0, 0.25272359742376316], ""p_value"": 0.21392822265625003, ""contingency"": [[0, 8], [291, 24335]]}",{}
272,NC00962.3,EMB-0.25-0.9-0.3,0.0,GARC1,RUS,EMB,embA@V695M,U,{},"{""proportion"": 0.0, ""confidence"": [0.0, 0.278762695452542], ""p_value"": 0.20404052734375, ""contingency"": [[0, 7], [291, 24335]]}",{}
273,NC00962.3,EMB-0.25-0.9-0.3,0.0,GARC1,RUS,EMB,embB@P167R,U,{},"{""proportion"": 0.0, ""confidence"": [0.0, 0.7301340512159458], ""p_value"": 1.0, ""contingency"": [[0, 1], [291, 24335]]}",{}
274,NC00962.3,EMB-0.25-0.9-0.3,0.0,GARC1,RUS,EMB,embB@A338T,U,{},"{""proportion"": 0.0, ""confidence"": [0.0, 0.31078398130591417], ""p_value"": 0.347412109375, ""contingency"": [[0, 6], [291, 24335]]}",{}
275,NC00962.3,EMB-0.25-0.9-0.3,0.0,GARC1,RUS,EMB,embA@E675K,U,{},"{""proportion"": 0.0, ""confidence"": [0.0, 0.7301340512159458], ""p_value"": 1.0, ""contingency"": [[0, 1], [291, 24335]]}",{}
276,NC00962.3,EMB-0.25-0.9-0.3,0.0,GARC1,RUS,EMB,embB@N807T,U,{},"{""proportion"": 0.0, ""confidence"": [0.0, 0.7301340512159458], ""p_value"": 1.0, ""contingency"": [[0, 1], [291, 24335]]}",{}
277,NC00962.3,EMB-0.25-0.9-0.3,0.0,GARC1,RUS,EMB,embA@Q751P,U,{},"{""proportion"": 0.0, ""confidence"": [0.0, 0.7301340512159458], ""p_value"": 1.0, ""contingency"": [[0, 1], [291, 24335]]}",{}
278,NC00962.3,EMB-0.25-0.9-0.3,0.0,GARC1,RUS,EMB,embB@P531H,U,{},"{""proportion"": 0.0, ""confidence"": [0.0, 0.7301340512159458], ""p_value"": 1.0, ""contingency"": [[0, 1], [291, 24335]]}",{}
279,NC00962.3,EMB-0.25-0.9-0.3,0.0,GARC1,RUS,EMB,embA@P327S,U,{},"{""proportion"": 0.0, ""confidence"": [0.0, 0.7301340512159458], ""p_value"": 1.0, ""contingency"": [[0, 1], [291, 24335]]}",{}
280,NC00962.3,EMB-0.25-0.9-0.3,0.0,GARC1,RUS,EMB,embB@R1045Q,U,{},"{""proportion"": 0.0, ""confidence"": [0.0, 0.7301340512159458], ""p_value"": 1.0, ""contingency"": [[0, 1], [291, 24335]]}",{}
281,NC00962.3,EMB-0.25-0.9-0.3,0.0,GARC1,RUS,EMB,embA@V898F,U,{},"{""proportion"": 0.0, ""confidence"": [0.0, 0.7301340512159458], ""p_value"": 1.0, ""contingency"": [[0, 1], [291, 24335]]}",{}
282,NC00962.3,EMB-0.25-0.9-0.3,0.0,GARC1,RUS,EMB,embB@F330I,U,{},"{""proportion"": 0.0, ""confidence"": [0.0, 0.5749693909936535], ""p_value"": 1.0, ""contingency"": [[0, 2], [291, 24335]]}",{}
283,NC00962.3,EMB-0.25-0.9-0.3,0.0,GARC1,RUS,EMB,embA@A438T,U,{},"{""proportion"": 0.0, ""confidence"": [0.0, 0.7301340512159458], ""p_value"": 1.0, ""contingency"": [[0, 1], [291, 24335]]}",{}
284,NC00962.3,EMB-0.25-0.9-0.3,0.0,GARC1,RUS,EMB,embA@g-43t,U,{},"{""proportion"": 0.0, ""confidence"": [0.0, 0.7301340512159458], ""p_value"": 1.0, ""contingency"": [[0, 1], [291, 24335]]}",{}
285,NC00962.3,EMB-0.25-0.9-0.3,0.0,GARC1,RUS,EMB,embA@2602_ins_tgg,U,{},"{""proportion"": 0.0, ""confidence"": [0.0, 0.7301340512159458], ""p_value"": 1.0, ""contingency"": [[0, 1], [291, 24335]]}",{}
286,NC00962.3,EMB-0.25-0.9-0.3,0.0,GARC1,RUS,EMB,embA@-32_del_g,U,{},"{""proportion"": 0.0, ""confidence"": [0.0, 0.7301340512159458], ""p_value"": 1.0, ""contingency"": [[0, 1], [291, 24335]]}",{}
287,NC00962.3,EMB-0.25-0.9-0.3,0.0,GARC1,RUS,EMB,embA@A60D,U,{},"{""proportion"": 0.0, ""confidence"": [0.0, 0.7301340512159458], ""p_value"": 1.0, ""contingency"": [[0, 1], [291, 24335]]}",{}
288,NC00962.3,EMB-0.25-0.9-0.3,0.0,GARC1,RUS,EMB,embA@A430T,U,{},"{""proportion"": 0.0, ""confidence"": [0.0, 0.7301340512159458], ""p_value"": 1.0, ""contingency"": [[0, 1], [291, 24335]]}",{}
289,NC00962.3,EMB-0.25-0.9-0.3,0.0,GARC1,RUS,EMB,embB@G825S,U,{},"{""proportion"": 0.0, ""confidence"": [0.0, 0.7301340512159458], ""p_value"": 1.0, ""contingency"": [[0, 1], [291, 24335]]}",{}
290,NC00962.3,EMB-0.25-0.9-0.3,0.0,GARC1,RUS,EMB,embB@V456A,U,{},"{""proportion"": 0.0, ""confidence"": [0.0, 0.5749693909936535], ""p_value"": 1.0, ""contingency"": [[0, 2], [291, 24335]]}",{}
291,NC00962.3,EMB-0.25-0.9-0.3,0.0,GARC1,RUS,EMB,embB@D191Y,U,{},"{""proportion"": 0.0, ""confidence"": [0.0, 0.31078398130591417], ""p_value"": 0.347412109375, ""contingency"": [[0, 6], [291, 24335]]}",{}
292,NC00962.3,EMB-0.25-0.9-0.3,0.0,GARC1,RUS,EMB,embB@N807D,U,{},"{""proportion"": 0.0, ""confidence"": [0.0, 0.31078398130591417], ""p_value"": 0.347412109375, ""contingency"": [[0, 6], [291, 24335]]}",{}
293,NC00962.3,EMB-0.25-0.9-0.3,0.0,GARC1,RUS,EMB,embA@-28_del_t,U,{},"{""proportion"": 0.0, ""confidence"": [0.0, 0.40347862520270455], ""p_value"": 0.578125, ""contingency"": [[0, 4], [291, 24335]]}",{}
294,NC00962.3,EMB-0.25-0.9-0.3,0.0,GARC1,RUS,EMB,embA@G350A,U,{},"{""proportion"": 0.0, ""confidence"": [0.0, 0.7301340512159458], ""p_value"": 1.0, ""contingency"": [[0, 1], [291, 24335]]}",{}
295,NC00962.3,EMB-0.25-0.9-0.3,0.0,GARC1,RUS,EMB,embA@A557T,U,{},"{""proportion"": 0.0, ""confidence"": [0.0, 0.7301340512159458], ""p_value"": 1.0, ""contingency"": [[0, 1], [291, 24335]]}",{}
296,NC00962.3,EMB-0.25-0.9-0.3,0.0,GARC1,RUS,EMB,embB@L629P,U,{},"{""proportion"": 1.0, ""confidence"": [0.26986594878405434, 1.0000000000000002], ""p_value"": 0.25, ""contingency"": [[1, 0], [291, 24335]]}",{}
297,NC00962.3,EMB-0.25-0.9-0.3,0.0,GARC1,RUS,EMB,embA@R836G,U,{},"{""proportion"": 0.0, ""confidence"": [0.0, 0.5749693909936535], ""p_value"": 1.0, ""contingency"": [[0, 2], [291, 24335]]}",{}
298,NC00962.3,EMB-0.25-0.9-0.3,0.0,GARC1,RUS,EMB,embB@A677E,U,{},"{""proportion"": 0.0, ""confidence"": [0.0, 0.7301340512159458], ""p_value"": 1.0, ""contingency"": [[0, 1], [291, 24335]]}",{}
299,NC00962.3,EMB-0.25-0.9-0.3,0.0,GARC1,RUS,EMB,embB@R464L,U,{},"{""proportion"": 0.0, ""confidence"": [0.0, 0.7301340512159458], ""p_value"": 1.0, ""contingency"": [[0, 1], [291, 24335]]}",{}
300,NC00962.3,EMB-0.25-0.9-0.3,0.0,GARC1,RUS,EMB,embA@L208F,U,{},"{""proportion"": 0.0, ""confidence"": [0.0, 0.5749693909936535], ""p_value"": 1.0, ""contingency"": [[0, 2], [291, 24335]]}",{}
301,NC00962.3,EMB-0.25-0.9-0.3,0.0,GARC1,RUS,EMB,embA@G332E,U,{},"{""proportion"": 0.0, ""confidence"": [0.0, 0.4741955741575127], ""p_value"": 1.0, ""contingency"": [[0, 3], [291, 24335]]}",{}
302,NC00962.3,EMB-0.25-0.9-0.3,0.0,GARC1,RUS,EMB,embB@L953M,U,{},"{""proportion"": 0.0, ""confidence"": [0.0, 0.7301340512159458], ""p_value"": 1.0, ""contingency"": [[0, 1], [291, 24335]]}",{}
303,NC00962.3,EMB-0.25-0.9-0.3,0.0,GARC1,RUS,EMB,embA@E508K,U,{},"{""proportion"": 0.0, ""confidence"": [0.0, 0.7301340512159458], ""p_value"": 1.0, ""contingency"": [[0, 1], [291, 24335]]}",{}
304,NC00962.3,EMB-0.25-0.9-0.3,0.0,GARC1,RUS,EMB,embA@D112G,U,{},"{""proportion"": 0.2, ""confidence"": [0.045962453880603965, 0.5647074465784567], ""p_value"": 1.0, ""contingency"": [[1, 4], [291, 24335]]}",{}
305,NC00962.3,EMB-0.25-0.9-0.3,0.0,GARC1,RUS,EMB,embB@R469H,U,{},"{""proportion"": 0.0, ""confidence"": [0.0, 0.7301340512159458], ""p_value"": 1.0, ""contingency"": [[0, 1], [291, 24335]]}",{}
306,NC00962.3,EMB-0.25-0.9-0.3,0.0,GARC1,RUS,EMB,embB@A438T,U,{},"{""proportion"": 0.0, ""confidence"": [0.0, 0.4741955741575127], ""p_value"": 1.0, ""contingency"": [[0, 3], [291, 24335]]}",{}
307,NC00962.3,EMB-0.25-0.9-0.3,0.0,GARC1,RUS,EMB,embA@c-39t,U,{},"{""proportion"": 0.0, ""confidence"": [0.0, 0.7301340512159458], ""p_value"": 1.0, ""contingency"": [[0, 1], [291, 24335]]}",{}
308,NC00962.3,EMB-0.25-0.9-0.3,0.0,GARC1,RUS,EMB,embA@I655T,U,{},"{""proportion"": 0.0, ""confidence"": [0.0, 0.7301340512159458], ""p_value"": 1.0, ""contingency"": [[0, 1], [291, 24335]]}",{}
309,NC00962.3,EMB-0.25-0.9-0.3,0.0,GARC1,RUS,EMB,embB@F584L,U,{},"{""proportion"": 0.0, ""confidence"": [0.0, 0.7301340512159458], ""p_value"": 1.0, ""contingency"": [[0, 1], [291, 24335]]}",{}
310,NC00962.3,EMB-0.25-0.9-0.3,0.0,GARC1,RUS,EMB,embB@D280N,U,{},"{""proportion"": 0.0, ""confidence"": [0.0, 0.7301340512159458], ""p_value"": 1.0, ""contingency"": [[0, 1], [291, 24335]]}",{}
311,NC00962.3,EMB-0.25-0.9-0.3,0.0,GARC1,RUS,EMB,embA@M840V,U,{},"{""proportion"": 0.0, ""confidence"": [0.0, 0.7301340512159458], ""p_value"": 1.0, ""contingency"": [[0, 1], [291, 24335]]}",{}
313,NC00962.3,EMB-0.25-0.9-0.3,0.0,GARC1,RUS,EMB,embA@L215P,U,{},"{""proportion"": 0.0, ""confidence"": [0.0, 0.4741955741575127], ""p_value"": 1.0, ""contingency"": [[0, 3], [291, 24335]]}",{}
314,NC00962.3,EMB-0.25-0.9-0.3,0.0,GARC1,RUS,EMB,embA@A1072T,U,{},"{""proportion"": 0.0, ""confidence"": [0.0, 0.5749693909936535], ""p_value"": 1.0, ""contingency"": [[0, 2], [291, 24335]]}",{}
315,NC00962.3,EMB-0.25-0.9-0.3,0.0,GARC1,RUS,EMB,embB@G580S,U,{},"{""proportion"": 0.0, ""confidence"": [0.0, 0.7301340512159458], ""p_value"": 1.0, ""contingency"": [[0, 1], [291, 24335]]}",{}
316,NC00962.3,EMB-0.25-0.9-0.3,0.0,GARC1,RUS,EMB,embA@A719T,U,{},"{""proportion"": 0.0, ""confidence"": [0.0, 0.7301340512159458], ""p_value"": 1.0, ""contingency"": [[0, 1], [291, 24335]]}",{}
317,NC00962.3,EMB-0.25-0.9-0.3,0.0,GARC1,RUS,EMB,embB@K882E,U,{},"{""proportion"": 0.0, ""confidence"": [0.0, 0.7301340512159458], ""p_value"": 1.0, ""contingency"": [[0, 1], [291, 24335]]}",{}
318,NC00962.3,EMB-0.25-0.9-0.3,0.0,GARC1,RUS,EMB,embA@G771D,U,{},"{""proportion"": 0.0, ""confidence"": [0.0, 0.7301340512159458], ""p_value"": 1.0, ""contingency"": [[0, 1], [291, 24335]]}",{}
319,NC00962.3,EMB-0.25-0.9-0.3,0.0,GARC1,RUS,EMB,embB@P12Q,U,{},"{""proportion"": 0.0, ""confidence"": [0.0, 0.40347862520270455], ""p_value"": 0.578125, ""contingency"": [[0, 4], [291, 24335]]}",{}
320,NC00962.3,EMB-0.25-0.9-0.3,0.0,GARC1,RUS,EMB,embB@G825D,U,{},"{""proportion"": 0.0, ""confidence"": [0.0, 0.7301340512159458], ""p_value"": 1.0, ""contingency"": [[0, 1], [291, 24335]]}",{}
321,NC00962.3,EMB-0.25-0.9-0.3,0.0,GARC1,RUS,EMB,embA@c-23t,U,{},"{""proportion"": 0.0, ""confidence"": [0.0, 0.7301340512159458], ""p_value"": 1.0, ""contingency"": [[0, 1], [291, 24335]]}",{}
322,NC00962.3,EMB-0.25-0.9-0.3,0.0,GARC1,RUS,EMB,embB@54_ins_t,U,{},"{""proportion"": 0.0, ""confidence"": [0.0, 0.7301340512159458], ""p_value"": 1.0, ""contingency"": [[0, 1], [291, 24335]]}",{}
323,NC00962.3,EMB-0.25-0.9-0.3,0.0,GARC1,RUS,EMB,embB@T643I,U,{},"{""proportion"": 0.16666666666666666, ""confidence"": [0.038105570079342885, 0.5024170841245998], ""p_value"": 1.0, ""contingency"": [[1, 5], [291, 24335]]}",{}
324,NC00962.3,EMB-0.25-0.9-0.3,0.0,GARC1,RUS,EMB,embA@-31_del_c,U,{},"{""proportion"": 0.0, ""confidence"": [0.0, 0.7301340512159458], ""p_value"": 1.0, ""contingency"": [[0, 1], [291, 24335]]}",{}
325,NC00962.3,EMB-0.25-0.9-0.3,0.0,GARC1,RUS,EMB,embB@V77L,U,{},"{""proportion"": 0.0, ""confidence"": [0.0, 0.7301340512159458], ""p_value"": 1.0, ""contingency"": [[0, 1], [291, 24335]]}",{}
326,NC00962.3,EMB-0.25-0.9-0.3,0.0,GARC1,RUS,EMB,embA@A984T,U,{},"{""proportion"": 0.0, ""confidence"": [0.0, 0.7301340512159458], ""p_value"": 1.0, ""contingency"": [[0, 1], [291, 24335]]}",{}
327,NC00962.3,EMB-0.25-0.9-0.3,0.0,GARC1,RUS,EMB,embB@T151P,U,{},"{""proportion"": 0.0, ""confidence"": [0.0, 0.7301340512159458], ""p_value"": 1.0, ""contingency"": [[0, 1], [291, 24335]]}",{}
328,NC00962.3,EMB-0.25-0.9-0.3,0.0,GARC1,RUS,EMB,embA@E882K,U,{},"{""proportion"": 0.0, ""confidence"": [0.0, 0.7301340512159458], ""p_value"": 1.0, ""contingency"": [[0, 1], [291, 24335]]}",{}
329,NC00962.3,EMB-0.25-0.9-0.3,0.0,GARC1,RUS,EMB,embA@T718I,U,{},"{""proportion"": 0.0, ""confidence"": [0.0, 0.7301340512159458], ""p_value"": 1.0, ""contingency"": [[0, 1], [291, 24335]]}",{}
330,NC00962.3,EMB-0.25-0.9-0.3,0.0,GARC1,RUS,EMB,embA@V394A,U,{},"{""proportion"": 0.0, ""confidence"": [0.0, 0.7301340512159458], ""p_value"": 1.0, ""contingency"": [[0, 1], [291, 24335]]}",{}
331,NC00962.3,EMB-0.25-0.9-0.3,0.0,GARC1,RUS,EMB,embA@F471L,U,{},"{""proportion"": 0.0, ""confidence"": [0.0, 0.4741955741575127], ""p_value"": 1.0, ""contingency"": [[0, 3], [291, 24335]]}",{}
332,NC00962.3,EMB-0.25-0.9-0.3,0.0,GARC1,RUS,EMB,embA@G180R,U,{},"{""proportion"": 0.0, ""confidence"": [0.0, 0.5749693909936535], ""p_value"": 1.0, ""contingency"": [[0, 2], [291, 24335]]}",{}
333,NC00962.3,EMB-0.25-0.9-0.3,0.0,GARC1,RUS,EMB,embA@N803K,U,{},"{""proportion"": 0.0, ""confidence"": [0.0, 0.7301340512159458], ""p_value"": 1.0, ""contingency"": [[0, 1], [291, 24335]]}",{}
334,NC00962.3,EMB-0.25-0.9-0.3,0.0,GARC1,RUS,EMB,embA@A328D,U,{},"{""proportion"": 0.0, ""confidence"": [0.0, 0.7301340512159458], ""p_value"": 1.0, ""contingency"": [[0, 1], [291, 24335]]}",{}
335,NC00962.3,EMB-0.25-0.9-0.3,0.0,GARC1,RUS,EMB,embB@S480L,U,{},"{""proportion"": 0.0, ""confidence"": [0.0, 0.5749693909936535], ""p_value"": 1.0, ""contingency"": [[0, 2], [291, 24335]]}",{}
336,NC00962.3,EMB-0.25-0.9-0.3,0.0,GARC1,RUS,EMB,embB@G979A,U,{},"{""proportion"": 0.0, ""confidence"": [0.0, 0.7301340512159458], ""p_value"": 1.0, ""contingency"": [[0, 1], [291, 24335]]}",{}
337,NC00962.3,EMB-0.25-0.9-0.3,0.0,GARC1,RUS,EMB,embA@R358Q,U,{},"{""proportion"": 0.0, ""confidence"": [0.0, 0.7301340512159458], ""p_value"": 1.0, ""contingency"": [[0, 1], [291, 24335]]}",{}
338,NC00962.3,EMB-0.25-0.9-0.3,0.0,GARC1,RUS,EMB,embB@M316V,U,{},"{""proportion"": 0.0, ""confidence"": [0.0, 0.7301340512159458], ""p_value"": 1.0, ""contingency"": [[0, 1], [291, 24335]]}",{}
339,NC00962.3,EMB-0.25-0.9-0.3,0.0,GARC1,RUS,EMB,embA@D737E,U,{},"{""proportion"": 0.0, ""confidence"": [0.0, 0.7301340512159458], ""p_value"": 1.0, ""contingency"": [[0, 1], [291, 24335]]}",{}
340,NC00962.3,EMB-0.25-0.9-0.3,0.0,GARC1,RUS,EMB,embB@P616T,U,{},"{""proportion"": 0.0, ""confidence"": [0.0, 0.5749693909936535], ""p_value"": 1.0, ""contingency"": [[0, 2], [291, 24335]]}",{}
341,NC00962.3,EMB-0.25-0.9-0.3,0.0,GARC1,RUS,EMB,embB@G792S,U,{},"{""proportion"": 0.0, ""confidence"": [0.0, 0.7301340512159458], ""p_value"": 1.0, ""contingency"": [[0, 1], [291, 24335]]}",{}
342,NC00962.3,EMB-0.25-0.9-0.3,0.0,GARC1,RUS,EMB,embB@G175R,U,{},"{""proportion"": 0.0, ""confidence"": [0.0, 0.4741955741575127], ""p_value"": 1.0, ""contingency"": [[0, 3], [291, 24335]]}",{}
343,NC00962.3,EMB-0.25-0.9-0.3,0.0,GARC1,RUS,EMB,embB@P1075L,U,{},"{""proportion"": 0.0, ""confidence"": [0.0, 0.7301340512159458], ""p_value"": 1.0, ""contingency"": [[0, 1], [291, 24335]]}",{}
344,NC00962.3,EMB-0.25-0.9-0.3,0.0,GARC1,RUS,EMB,embB@D207E,U,{},"{""proportion"": 0.0, ""confidence"": [0.0, 0.7301340512159458], ""p_value"": 1.0, ""contingency"": [[0, 1], [291, 24335]]}",{}
345,NC00962.3,EMB-0.25-0.9-0.3,0.0,GARC1,RUS,EMB,embB@A221S,U,{},"{""proportion"": 1.0, ""confidence"": [0.26986594878405434, 1.0000000000000002], ""p_value"": 0.25, ""contingency"": [[1, 0], [291, 24335]]}",{}
346,NC00962.3,EMB-0.25-0.9-0.3,0.0,GARC1,RUS,EMB,embA@G765D,U,{},"{""proportion"": 0.0, ""confidence"": [0.0, 0.5749693909936535], ""p_value"": 1.0, ""contingency"": [[0, 2], [291, 24335]]}",{}
347,NC00962.3,EMB-0.25-0.9-0.3,0.0,GARC1,RUS,EMB,embA@D273G,U,{},"{""proportion"": 0.0, ""confidence"": [0.0, 0.4741955741575127], ""p_value"": 1.0, ""contingency"": [[0, 3], [291, 24335]]}",{}
348,NC00962.3,EMB-0.25-0.9-0.3,0.0,GARC1,RUS,EMB,embA@G5R,U,{},"{""proportion"": 0.0, ""confidence"": [0.0, 0.3511165007651012], ""p_value"": 0.34082031250000006, ""contingency"": [[0, 5], [291, 24335]]}",{}
349,NC00962.3,EMB-0.25-0.9-0.3,0.0,GARC1,RUS,EMB,embB@T275N,U,{},"{""proportion"": 0.0, ""confidence"": [0.0, 0.7301340512159458], ""p_value"": 1.0, ""contingency"": [[0, 1], [291, 24335]]}",{}
350,NC00962.3,EMB-0.25-0.9-0.3,0.0,GARC1,RUS,EMB,embB@R7T,U,{},"{""proportion"": 0.0, ""confidence"": [0.0, 0.31078398130591417], ""p_value"": 0.347412109375, ""contingency"": [[0, 6], [291, 24335]]}",{}
351,NC00962.3,EMB-0.25-0.9-0.3,0.0,GARC1,RUS,EMB,embB@A43P,U,{},"{""proportion"": 0.0, ""confidence"": [0.0, 0.7301340512159458], ""p_value"": 1.0, ""contingency"": [[0, 1], [291, 24335]]}",{}
352,NC00962.3,EMB-0.25-0.9-0.3,0.0,GARC1,RUS,EMB,embA@A217T,U,{},"{""proportion"": 0.0, ""confidence"": [0.0, 0.40347862520270455], ""p_value"": 0.578125, ""contingency"": [[0, 4], [291, 24335]]}",{}
353,NC00962.3,EMB-0.25-0.9-0.3,0.0,GARC1,RUS,EMB,embA@I155M,U,{},"{""proportion"": 0.0, ""confidence"": [0.0, 0.278762695452542], ""p_value"": 0.20404052734375, ""contingency"": [[0, 7], [291, 24335]]}",{}
354,NC00962.3,EMB-0.25-0.9-0.3,0.0,GARC1,RUS,EMB,embA@V283L,U,{},"{""proportion"": 0.0, ""confidence"": [0.0, 0.7301340512159458], ""p_value"": 1.0, ""contingency"": [[0, 1], [291, 24335]]}",{}
355,NC00962.3,EMB-0.25-0.9-0.3,0.0,GARC1,RUS,EMB,embB@A454T,U,{},"{""proportion"": 0.0, ""confidence"": [0.0, 0.5749693909936535], ""p_value"": 1.0, ""contingency"": [[0, 2], [291, 24335]]}",{}
356,NC00962.3,EMB-0.25-0.9-0.3,0.0,GARC1,RUS,EMB,embA@P645L,U,{},"{""proportion"": 0.0, ""confidence"": [0.0, 0.4741955741575127], ""p_value"": 1.0, ""contingency"": [[0, 3], [291, 24335]]}",{}
357,NC00962.3,EMB-0.25-0.9-0.3,0.0,GARC1,RUS,EMB,embB@L172R,U,{},"{""proportion"": 0.0, ""confidence"": [0.0, 0.4741955741575127], ""p_value"": 1.0, ""contingency"": [[0, 3], [291, 24335]]}",{}
358,NC00962.3,EMB-0.25-0.9-0.3,0.0,GARC1,RUS,EMB,embB@L686V,U,{},"{""proportion"": 0.0, ""confidence"": [0.0, 0.7301340512159458], ""p_value"": 1.0, ""contingency"": [[0, 1], [291, 24335]]}",{}
359,NC00962.3,EMB-0.25-0.9-0.3,0.0,GARC1,RUS,EMB,embB@D1056E,U,{},"{""proportion"": 0.0, ""confidence"": [0.0, 0.40347862520270455], ""p_value"": 0.578125, ""contingency"": [[0, 4], [291, 24335]]}",{}
360,NC00962.3,EMB-0.25-0.9-0.3,0.0,GARC1,RUS,EMB,embB@V783I,U,{},"{""proportion"": 0.0, ""confidence"": [0.0, 0.5749693909936535], ""p_value"": 1.0, ""contingency"": [[0, 2], [291, 24335]]}",{}
361,NC00962.3,EMB-0.25-0.9-0.3,0.0,GARC1,RUS,EMB,embA@A549P,U,{},"{""proportion"": 0.0, ""confidence"": [0.0, 0.5749693909936535], ""p_value"": 1.0, ""contingency"": [[0, 2], [291, 24335]]}",{}
362,NC00962.3,EMB-0.25-0.9-0.3,0.0,GARC1,RUS,EMB,embA@V583A,U,{},"{""proportion"": 0.0, ""confidence"": [0.0, 0.7301340512159458], ""p_value"": 1.0, ""contingency"": [[0, 1], [291, 24335]]}",{}
363,NC00962.3,EMB-0.25-0.9-0.3,0.0,GARC1,RUS,EMB,embB@D243H,U,{},"{""proportion"": 0.0, ""confidence"": [0.0, 0.5749693909936535], ""p_value"": 1.0, ""contingency"": [[0, 2], [291, 24335]]}",{}
364,NC00962.3,EMB-0.25-0.9-0.3,0.0,GARC1,RUS,EMB,embB@I303L,U,{},"{""proportion"": 0.0, ""confidence"": [0.0, 0.5749693909936535], ""p_value"": 1.0, ""contingency"": [[0, 2], [291, 24335]]}",{}
365,NC00962.3,EMB-0.25-0.9-0.3,0.0,GARC1,RUS,EMB,embA@A617T,U,{},"{""proportion"": 0.0, ""confidence"": [0.0, 0.7301340512159458], ""p_value"": 1.0, ""contingency"": [[0, 1], [291, 24335]]}",{}
366,NC00962.3,EMB-0.25-0.9-0.3,0.0,GARC1,RUS,EMB,embA@G403R,U,{},"{""proportion"": 0.0, ""confidence"": [0.0, 0.7301340512159458], ""p_value"": 1.0, ""contingency"": [[0, 1], [291, 24335]]}",{}
367,NC00962.3,EMB-0.25-0.9-0.3,0.0,GARC1,RUS,EMB,embA@A320V,U,{},"{""proportion"": 0.0, ""confidence"": [0.0, 0.7301340512159458], ""p_value"": 1.0, ""contingency"": [[0, 1], [291, 24335]]}",{}
368,NC00962.3,EMB-0.25-0.9-0.3,0.0,GARC1,RUS,EMB,embA@A150V,U,{},"{""proportion"": 0.0, ""confidence"": [0.0, 0.7301340512159458], ""p_value"": 1.0, ""contingency"": [[0, 1], [291, 24335]]}",{}
369,NC00962.3,EMB-0.25-0.9-0.3,0.0,GARC1,RUS,EMB,embB@D240G,U,{},"{""proportion"": 0.0, ""confidence"": [0.0, 0.4741955741575127], ""p_value"": 1.0, ""contingency"": [[0, 3], [291, 24335]]}",{}
370,NC00962.3,EMB-0.25-0.9-0.3,0.0,GARC1,RUS,EMB,embA@N54D,U,{},"{""proportion"": 0.0, ""confidence"": [0.0, 0.4741955741575127], ""p_value"": 1.0, ""contingency"": [[0, 3], [291, 24335]]}",{}
371,NC00962.3,EMB-0.25-0.9-0.3,0.0,GARC1,RUS,EMB,embB@P143S,U,{},"{""proportion"": 0.0, ""confidence"": [0.0, 0.5749693909936535], ""p_value"": 1.0, ""contingency"": [[0, 2], [291, 24335]]}",{}
372,NC00962.3,EMB-0.25-0.9-0.3,0.0,GARC1,RUS,EMB,embA@V479M,U,{},"{""proportion"": 0.0, ""confidence"": [0.0, 0.7301340512159458], ""p_value"": 1.0, ""contingency"": [[0, 1], [291, 24335]]}",{}
373,NC00962.3,EMB-0.25-0.9-0.3,0.0,GARC1,RUS,EMB,embB@D328H,U,{},"{""proportion"": 0.25, ""confidence"": [0.08651484419906225, 0.5398469545128194], ""p_value"": 1.0, ""contingency"": [[2, 6], [291, 24335]]}",{}
374,NC00962.3,EMB-0.25-0.9-0.3,0.0,GARC1,RUS,EMB,embB@V803M,U,{},"{""proportion"": 0.0, ""confidence"": [0.0, 0.4741955741575127], ""p_value"": 1.0, ""contingency"": [[0, 3], [291, 24335]]}",{}
375,NC00962.3,EMB-0.25-0.9-0.3,0.0,GARC1,RUS,EMB,embB@M389V,U,{},"{""proportion"": 0.0, ""confidence"": [0.0, 0.7301340512159458], ""p_value"": 1.0, ""contingency"": [[0, 1], [291, 24335]]}",{}
376,NC00962.3,EMB-0.25-0.9-0.3,0.0,GARC1,RUS,EMB,embB@E958A,U,{},"{""proportion"": 0.0, ""confidence"": [0.0, 0.40347862520270455], ""p_value"": 0.578125, ""contingency"": [[0, 4], [291, 24335]]}",{}
377,NC00962.3,EMB-0.25-0.9-0.3,0.0,GARC1,RUS,EMB,embB@A505V,U,{},"{""proportion"": 0.0, ""confidence"": [0.0, 0.5749693909936535], ""p_value"": 1.0, ""contingency"": [[0, 2], [291, 24335]]}",{}
378,NC00962.3,EMB-0.25-0.9-0.3,0.0,GARC1,RUS,EMB,embB@D78G,U,{},"{""proportion"": 0.0, ""confidence"": [0.0, 0.278762695452542], ""p_value"": 0.20404052734375, ""contingency"": [[0, 7], [291, 24335]]}",{}
379,NC00962.3,EMB-0.25-0.9-0.3,0.0,GARC1,RUS,EMB,embA@T238I,U,{},"{""proportion"": 0.0, ""confidence"": [0.0, 0.7301340512159458], ""p_value"": 1.0, ""contingency"": [[0, 1], [291, 24335]]}",{}
380,NC00962.3,EMB-0.25-0.9-0.3,0.0,GARC1,RUS,EMB,embA@G700C,U,{},"{""proportion"": 0.0, ""confidence"": [0.0, 0.7301340512159458], ""p_value"": 1.0, ""contingency"": [[0, 1], [291, 24335]]}",{}
381,NC00962.3,EMB-0.25-0.9-0.3,0.0,GARC1,RUS,EMB,embA@A721V,U,{},"{""proportion"": 0.0, ""confidence"": [0.0, 0.7301340512159458], ""p_value"": 1.0, ""contingency"": [[0, 1], [291, 24335]]}",{}
382,NC00962.3,EMB-0.25-0.9-0.3,0.0,GARC1,RUS,EMB,embA@D1053G,U,{},"{""proportion"": 0.0, ""confidence"": [0.0, 0.4741955741575127], ""p_value"": 1.0, ""contingency"": [[0, 3], [291, 24335]]}",{}
383,NC00962.3,EMB-0.25-0.9-0.3,0.0,GARC1,RUS,EMB,embA@A955T,U,{},"{""proportion"": 0.0, ""confidence"": [0.0, 0.7301340512159458], ""p_value"": 1.0, ""contingency"": [[0, 1], [291, 24335]]}",{}
384,NC00962.3,EMB-0.25-0.9-0.3,0.0,GARC1,RUS,EMB,embA@G844R,U,{},"{""proportion"": 0.0, ""confidence"": [0.0, 0.7301340512159458], ""p_value"": 1.0, ""contingency"": [[0, 1], [291, 24335]]}",{}
385,NC00962.3,EMB-0.25-0.9-0.3,0.0,GARC1,RUS,EMB,embB@V414L,U,{},"{""proportion"": 0.0, ""confidence"": [0.0, 0.7301340512159458], ""p_value"": 1.0, ""contingency"": [[0, 1], [291, 24335]]}",{}
386,NC00962.3,EMB-0.25-0.9-0.3,0.0,GARC1,RUS,EMB,embB@T857A,U,{},"{""proportion"": 0.0, ""confidence"": [0.0, 0.7301340512159458], ""p_value"": 1.0, ""contingency"": [[0, 1], [291, 24335]]}",{}
387,NC00962.3,EMB-0.25-0.9-0.3,0.0,GARC1,RUS,EMB,embB@A454V,U,{},"{""proportion"": 0.5, ""confidence"": [0.12086631942227369, 0.8791336805777263], ""p_value"": 0.4375, ""contingency"": [[1, 1], [291, 24335]]}",{}
388,NC00962.3,EMB-0.25-0.9-0.3,0.0,GARC1,RUS,EMB,embA@G220E,U,{},"{""proportion"": 0.0, ""confidence"": [0.0, 0.40347862520270455], ""p_value"": 0.578125, ""contingency"": [[0, 4], [291, 24335]]}",{}
389,NC00962.3,EMB-0.25-0.9-0.3,0.0,GARC1,RUS,EMB,embB@S73L,U,{},"{""proportion"": 0.0, ""confidence"": [0.0, 0.7301340512159458], ""p_value"": 1.0, ""contingency"": [[0, 1], [291, 24335]]}",{}
390,NC00962.3,EMB-0.25-0.9-0.3,0.0,GARC1,RUS,EMB,embA@G135D,U,{},"{""proportion"": 0.5, ""confidence"": [0.12086631942227369, 0.8791336805777263], ""p_value"": 0.4375, ""contingency"": [[1, 1], [291, 24335]]}",{}
391,NC00962.3,EMB-0.25-0.9-0.3,0.0,GARC1,RUS,EMB,embA@G5S,U,{},"{""proportion"": 0.0, ""confidence"": [0.0, 0.7301340512159458], ""p_value"": 1.0, ""contingency"": [[0, 1], [291, 24335]]}",{}
392,NC00962.3,EMB-0.25-0.9-0.3,0.0,GARC1,RUS,EMB,embB@S651C,U,{},"{""proportion"": 0.0, ""confidence"": [0.0, 0.5749693909936535], ""p_value"": 1.0, ""contingency"": [[0, 2], [291, 24335]]}",{}
393,NC00962.3,EMB-0.25-0.9-0.3,0.0,GARC1,RUS,EMB,embB@M340I,U,{},"{""proportion"": 0.0, ""confidence"": [0.0, 0.40347862520270455], ""p_value"": 0.578125, ""contingency"": [[0, 4], [291, 24335]]}",{}
394,NC00962.3,EMB-0.25-0.9-0.3,0.0,GARC1,RUS,EMB,embB@P1074A,U,{},"{""proportion"": 0.0, ""confidence"": [0.0, 0.7301340512159458], ""p_value"": 1.0, ""contingency"": [[0, 1], [291, 24335]]}",{}
395,NC00962.3,EMB-0.25-0.9-0.3,0.0,GARC1,RUS,EMB,embB@N886T,U,{},"{""proportion"": 0.0, ""confidence"": [0.0, 0.4741955741575127], ""p_value"": 1.0, ""contingency"": [[0, 3], [291, 24335]]}",{}
396,NC00962.3,EMB-0.25-0.9-0.3,0.0,GARC1,RUS,EMB,embA@A371T,U,{},"{""proportion"": 0.0, ""confidence"": [0.0, 0.7301340512159458], ""p_value"": 1.0, ""contingency"": [[0, 1], [291, 24335]]}",{}
397,NC00962.3,EMB-0.25-0.9-0.3,0.0,GARC1,RUS,EMB,embB@Y863H,U,{},"{""proportion"": 0.0, ""confidence"": [0.0, 0.7301340512159458], ""p_value"": 1.0, ""contingency"": [[0, 1], [291, 24335]]}",{}
398,NC00962.3,EMB-0.25-0.9-0.3,0.0,GARC1,RUS,EMB,embA@T113R,U,{},"{""proportion"": 0.0, ""confidence"": [0.0, 0.3511165007651012], ""p_value"": 0.34082031250000006, ""contingency"": [[0, 5], [291, 24335]]}",{}
399,NC00962.3,EMB-0.25-0.9-0.3,0.0,GARC1,RUS,EMB,embA@G321A,U,{},"{""proportion"": 0.0, ""confidence"": [0.0, 0.5749693909936535], ""p_value"": 1.0, ""contingency"": [[0, 2], [291, 24335]]}",{}
400,NC00962.3,EMB-0.25-0.9-0.3,0.0,GARC1,RUS,EMB,embB@F763V,U,{},"{""proportion"": 0.0, ""confidence"": [0.0, 0.7301340512159458], ""p_value"": 1.0, ""contingency"": [[0, 1], [291, 24335]]}",{}
401,NC00962.3,EMB-0.25-0.9-0.3,0.0,GARC1,RUS,EMB,embA@G547D,U,{},"{""proportion"": 0.0, ""confidence"": [0.0, 0.7301340512159458], ""p_value"": 1.0, ""contingency"": [[0, 1], [291, 24335]]}",{}
402,NC00962.3,EMB-0.25-0.9-0.3,0.0,GARC1,RUS,EMB,embA@G352S,U,{},"{""proportion"": 0.0, ""confidence"": [0.0, 0.3511165007651012], ""p_value"": 0.34082031250000006, ""contingency"": [[0, 5], [291, 24335]]}",{}
403,NC00962.3,EMB-0.25-0.9-0.3,0.0,GARC1,RUS,EMB,embA@N376D,U,{},"{""proportion"": 0.0, ""confidence"": [0.0, 0.7301340512159458], ""p_value"": 1.0, ""contingency"": [[0, 1], [291, 24335]]}",{}
404,NC00962.3,EMB-0.25-0.9-0.3,0.0,GARC1,RUS,EMB,embA@V125E,U,{},"{""proportion"": 0.0, ""confidence"": [0.0, 0.5749693909936535], ""p_value"": 1.0, ""contingency"": [[0, 2], [291, 24335]]}",{}
405,NC00962.3,EMB-0.25-0.9-0.3,0.0,GARC1,RUS,EMB,embB@G156D,U,{},"{""proportion"": 0.0, ""confidence"": [0.0, 0.5749693909936535], ""p_value"": 1.0, ""contingency"": [[0, 2], [291, 24335]]}",{}
406,NC00962.3,EMB-0.25-0.9-0.3,0.0,GARC1,RUS,EMB,embB@G603R,U,{},"{""proportion"": 0.2, ""confidence"": [0.045962453880603965, 0.5647074465784567], ""p_value"": 1.0, ""contingency"": [[1, 4], [291, 24335]]}",{}
407,NC00962.3,EMB-0.25-0.9-0.3,0.0,GARC1,RUS,EMB,embA@G149D,U,{},"{""proportion"": 0.0, ""confidence"": [0.0, 0.7301340512159458], ""p_value"": 1.0, ""contingency"": [[0, 1], [291, 24335]]}",{}
408,NC00962.3,EMB-0.25-0.9-0.3,0.0,GARC1,RUS,EMB,embB@D1056A,U,{},"{""proportion"": 1.0, ""confidence"": [0.26986594878405434, 1.0000000000000002], ""p_value"": 0.25, ""contingency"": [[1, 0], [291, 24335]]}",{}
409,NC00962.3,EMB-0.25-0.9-0.3,0.0,GARC1,RUS,EMB,embB@D240N,U,{},"{""proportion"": 0.0, ""confidence"": [0.0, 0.4741955741575127], ""p_value"": 1.0, ""contingency"": [[0, 3], [291, 24335]]}",{}
410,NC00962.3,EMB-0.25-0.9-0.3,0.0,GARC1,RUS,EMB,embA@V541M,U,{},"{""proportion"": 0.0, ""confidence"": [0.0, 0.7301340512159458], ""p_value"": 1.0, ""contingency"": [[0, 1], [291, 24335]]}",{}
411,NC00962.3,EMB-0.25-0.9-0.3,0.0,GARC1,RUS,EMB,embB@G100S,U,{},"{""proportion"": 0.0, ""confidence"": [0.0, 0.25272359742376316], ""p_value"": 0.21392822265625003, ""contingency"": [[0, 8], [291, 24335]]}",{}
412,NC00962.3,EMB-0.25-0.9-0.3,0.0,GARC1,RUS,EMB,embB@E378D,U,{},"{""proportion"": 0.0, ""confidence"": [0.0, 0.7301340512159458], ""p_value"": 1.0, ""contingency"": [[0, 1], [291, 24335]]}",{}
413,NC00962.3,EMB-0.25-0.9-0.3,0.0,GARC1,RUS,EMB,embB@T498N,U,{},"{""proportion"": 0.0, ""confidence"": [0.0, 0.40347862520270455], ""p_value"": 0.578125, ""contingency"": [[0, 4], [291, 24335]]}",{}
414,NC00962.3,EMB-0.25-0.9-0.3,0.0,GARC1,RUS,EMB,embB@F579V,U,{},"{""proportion"": 0.0, ""confidence"": [0.0, 0.7301340512159458], ""p_value"": 1.0, ""contingency"": [[0, 1], [291, 24335]]}",{}
415,NC00962.3,EMB-0.25-0.9-0.3,0.0,GARC1,RUS,EMB,embB@S617L,U,{},"{""proportion"": 0.0, ""confidence"": [0.0, 0.7301340512159458], ""p_value"": 1.0, ""contingency"": [[0, 1], [291, 24335]]}",{}
416,NC00962.3,EMB-0.25-0.9-0.3,0.0,GARC1,RUS,EMB,embB@P136S,U,{},"{""proportion"": 0.0, ""confidence"": [0.0, 0.5749693909936535], ""p_value"": 1.0, ""contingency"": [[0, 2], [291, 24335]]}",{}
417,NC00962.3,EMB-0.25-0.9-0.3,0.0,GARC1,RUS,EMB,embA@A316P,U,{},"{""proportion"": 0.0, ""confidence"": [0.0, 0.7301340512159458], ""p_value"": 1.0, ""contingency"": [[0, 1], [291, 24335]]}",{}
418,NC00962.3,EMB-0.25-0.9-0.3,0.0,GARC1,RUS,EMB,embB@A113T,U,{},"{""proportion"": 0.0, ""confidence"": [0.0, 0.7301340512159458], ""p_value"": 1.0, ""contingency"": [[0, 1], [291, 24335]]}",{}
419,NC00962.3,EMB-0.25-0.9-0.3,0.0,GARC1,RUS,EMB,embB@P1091Q,U,{},"{""proportion"": 0.0, ""confidence"": [0.0, 0.5749693909936535], ""p_value"": 1.0, ""contingency"": [[0, 2], [291, 24335]]}",{}
420,NC00962.3,EMB-0.25-0.9-0.3,0.0,GARC1,RUS,EMB,embB@A680T,U,{},"{""proportion"": 0.0, ""confidence"": [0.0, 0.3511165007651012], ""p_value"": 0.34082031250000006, ""contingency"": [[0, 5], [291, 24335]]}",{}
421,NC00962.3,EMB-0.25-0.9-0.3,0.0,GARC1,RUS,EMB,embA@A440T,U,{},"{""proportion"": 0.0, ""confidence"": [0.0, 0.7301340512159458], ""p_value"": 1.0, ""contingency"": [[0, 1], [291, 24335]]}",{}
422,NC00962.3,EMB-0.25-0.9-0.3,0.0,GARC1,RUS,EMB,embA@-26_del_a,U,{},"{""proportion"": 0.5, ""confidence"": [0.12086631942227369, 0.8791336805777263], ""p_value"": 0.4375, ""contingency"": [[1, 1], [291, 24335]]}",{}
423,NC00962.3,EMB-0.25-0.9-0.3,0.0,GARC1,RUS,EMB,embB@A547S,U,{},"{""proportion"": 0.0, ""confidence"": [0.0, 0.3511165007651012], ""p_value"": 0.34082031250000006, ""contingency"": [[0, 5], [291, 24335]]}",{}
424,NC00962.3,EMB-0.25-0.9-0.3,0.0,GARC1,RUS,EMB,embA@P752L,U,{},"{""proportion"": 0.0, ""confidence"": [0.0, 0.5749693909936535], ""p_value"": 1.0, ""contingency"": [[0, 2], [291, 24335]]}",{}
425,NC00962.3,EMB-0.25-0.9-0.3,0.0,GARC1,RUS,EMB,embB@A15P,U,{},"{""proportion"": 0.0, ""confidence"": [0.0, 0.25272359742376316], ""p_value"": 0.21392822265625003, ""contingency"": [[0, 8], [291, 24335]]}",{}
426,NC00962.3,EMB-0.25-0.9-0.3,0.0,GARC1,RUS,EMB,embA@D4Y,U,{},"{""proportion"": 0.0, ""confidence"": [0.0, 0.7301340512159458], ""p_value"": 1.0, ""contingency"": [[0, 1], [291, 24335]]}",{}
427,NC00962.3,EMB-0.25-0.9-0.3,0.0,GARC1,RUS,EMB,embA@Q497R,U,{},"{""proportion"": 0.0, ""confidence"": [0.0, 0.7301340512159458], ""p_value"": 1.0, ""contingency"": [[0, 1], [291, 24335]]}",{}
428,NC00962.3,EMB-0.25-0.9-0.3,0.0,GARC1,RUS,EMB,embB@P195H,U,{},"{""proportion"": 0.0, ""confidence"": [0.0, 0.25272359742376316], ""p_value"": 0.21392822265625003, ""contingency"": [[0, 8], [291, 24335]]}",{}
429,NC00962.3,EMB-0.25-0.9-0.3,0.0,GARC1,RUS,EMB,embA@T899S,U,{},"{""proportion"": 0.0, ""confidence"": [0.0, 0.7301340512159458], ""p_value"": 1.0, ""contingency"": [[0, 1], [291, 24335]]}",{}
430,NC00962.3,EMB-0.25-0.9-0.3,0.0,GARC1,RUS,EMB,embB@R1055S,U,{},"{""proportion"": 0.0, ""confidence"": [0.0, 0.7301340512159458], ""p_value"": 1.0, ""contingency"": [[0, 1], [291, 24335]]}",{}
431,NC00962.3,EMB-0.25-0.9-0.3,0.0,GARC1,RUS,EMB,embB@P708L,U,{},"{""proportion"": 0.0, ""confidence"": [0.0, 0.5749693909936535], ""p_value"": 1.0, ""contingency"": [[0, 2], [291, 24335]]}",{}
432,NC00962.3,EMB-0.25-0.9-0.3,0.0,GARC1,RUS,EMB,embB@S823R,U,{},"{""proportion"": 0.0, ""confidence"": [0.0, 0.40347862520270455], ""p_value"": 0.578125, ""contingency"": [[0, 4], [291, 24335]]}",{}
433,NC00962.3,EMB-0.25-0.9-0.3,0.0,GARC1,RUS,EMB,embB@A505T,U,{},"{""proportion"": 0.0, ""confidence"": [0.0, 0.7301340512159458], ""p_value"": 1.0, ""contingency"": [[0, 1], [291, 24335]]}",{}
434,NC00962.3,EMB-0.25-0.9-0.3,0.0,GARC1,RUS,EMB,embB@A451T,U,{},"{""proportion"": 0.0, ""confidence"": [0.0, 0.7301340512159458], ""p_value"": 1.0, ""contingency"": [[0, 1], [291, 24335]]}",{}
435,NC00962.3,EMB-0.25-0.9-0.3,0.0,GARC1,RUS,EMB,embB@910_ins_tgg,U,{},"{""proportion"": 0.5, ""confidence"": [0.12086631942227369, 0.8791336805777263], ""p_value"": 0.4375, ""contingency"": [[1, 1], [291, 24335]]}",{}
437,NC00962.3,EMB-0.25-0.9-0.3,0.0,GARC1,RUS,EMB,embB@Y334H,U,{},"{""proportion"": 0.0, ""confidence"": [0.0, 0.7301340512159458], ""p_value"": 1.0, ""contingency"": [[0, 1], [291, 24335]]}",{}
438,NC00962.3,EMB-0.25-0.9-0.3,0.0,GARC1,RUS,EMB,embA@-41_del_at,U,{},"{""proportion"": 1.0, ""confidence"": [0.26986594878405434, 1.0000000000000002], ""p_value"": 0.25, ""contingency"": [[1, 0], [291, 24335]]}",{}
439,NC00962.3,EMB-0.25-0.9-0.3,0.0,GARC1,RUS,EMB,embB@T546I,U,{},"{""proportion"": 1.0, ""confidence"": [0.26986594878405434, 1.0000000000000002], ""p_value"": 0.25, ""contingency"": [[1, 0], [291, 24335]]}",{}
440,NC00962.3,EMB-0.25-0.9-0.3,0.0,GARC1,RUS,EMB,embA@A571T,U,{},"{""proportion"": 0.0, ""confidence"": [0.0, 0.7301340512159458], ""p_value"": 1.0, ""contingency"": [[0, 1], [291, 24335]]}",{}
441,NC00962.3,EMB-0.25-0.9-0.3,0.0,GARC1,RUS,EMB,embB@G34E,U,{},"{""proportion"": 0.0, ""confidence"": [0.0, 0.7301340512159458], ""p_value"": 1.0, ""contingency"": [[0, 1], [291, 24335]]}",{}
442,NC00962.3,EMB-0.25-0.9-0.3,0.0,GARC1,RUS,EMB,embB@A228T,U,{},"{""proportion"": 0.0, ""confidence"": [0.0, 0.3511165007651012], ""p_value"": 0.34082031250000006, ""contingency"": [[0, 5], [291, 24335]]}",{}
443,NC00962.3,EMB-0.25-0.9-0.3,0.0,GARC1,RUS,EMB,embA@K677E,U,{},"{""proportion"": 0.0, ""confidence"": [0.0, 0.7301340512159458], ""p_value"": 1.0, ""contingency"": [[0, 1], [291, 24335]]}",{}
444,NC00962.3,EMB-0.25-0.9-0.3,0.0,GARC1,RUS,EMB,embA@T853A,U,{},"{""proportion"": 0.0, ""confidence"": [0.0, 0.31078398130591417], ""p_value"": 0.347412109375, ""contingency"": [[0, 6], [291, 24335]]}",{}
445,NC00962.3,EMB-0.25-0.9-0.3,0.0,GARC1,RUS,EMB,embA@A23G,U,{},"{""proportion"": 0.0, ""confidence"": [0.0, 0.7301340512159458], ""p_value"": 1.0, ""contingency"": [[0, 1], [291, 24335]]}",{}
446,NC00962.3,EMB-0.25-0.9-0.3,0.0,GARC1,RUS,EMB,embA@V1078M,U,{},"{""proportion"": 0.0, ""confidence"": [0.0, 0.7301340512159458], ""p_value"": 1.0, ""contingency"": [[0, 1], [291, 24335]]}",{}
447,NC00962.3,EMB-0.25-0.9-0.3,0.0,GARC1,RUS,EMB,embA@T300M,U,{},"{""proportion"": 0.0, ""confidence"": [0.0, 0.31078398130591417], ""p_value"": 0.347412109375, ""contingency"": [[0, 6], [291, 24335]]}",{}
448,NC00962.3,EMB-0.25-0.9-0.3,0.0,GARC1,RUS,EMB,embB@H154R,U,{},"{""proportion"": 0.0, ""confidence"": [0.0, 0.7301340512159458], ""p_value"": 1.0, ""contingency"": [[0, 1], [291, 24335]]}",{}
449,NC00962.3,EMB-0.25-0.9-0.3,0.0,GARC1,RUS,EMB,embB@V282A,U,{},"{""proportion"": 0.0, ""confidence"": [0.0, 0.31078398130591417], ""p_value"": 0.347412109375, ""contingency"": [[0, 6], [291, 24335]]}",{}
450,NC00962.3,EMB-0.25-0.9-0.3,0.0,GARC1,RUS,EMB,embB@Q853P,U,{},"{""proportion"": 0.0, ""confidence"": [0.0, 0.31078398130591417], ""p_value"": 0.347412109375, ""contingency"": [[0, 6], [291, 24335]]}",{}
451,NC00962.3,EMB-0.25-0.9-0.3,0.0,GARC1,RUS,EMB,embA@t-82c,U,{},"{""proportion"": 0.0, ""confidence"": [0.0, 0.5749693909936535], ""p_value"": 1.0, ""contingency"": [[0, 2], [291, 24335]]}",{}
452,NC00962.3,EMB-0.25-0.9-0.3,0.0,GARC1,RUS,EMB,embA@V489I,U,{},"{""proportion"": 0.0, ""confidence"": [0.0, 0.7301340512159458], ""p_value"": 1.0, ""contingency"": [[0, 1], [291, 24335]]}",{}
453,NC00962.3,EMB-0.25-0.9-0.3,0.0,GARC1,RUS,EMB,embA@L659F,U,{},"{""proportion"": 0.0, ""confidence"": [0.0, 0.3511165007651012], ""p_value"": 0.34082031250000006, ""contingency"": [[0, 5], [291, 24335]]}",{}
454,NC00962.3,EMB-0.25-0.9-0.3,0.0,GARC1,RUS,EMB,embA@S340N,U,{},"{""proportion"": 0.0, ""confidence"": [0.0, 0.7301340512159458], ""p_value"": 1.0, ""contingency"": [[0, 1], [291, 24335]]}",{}
455,NC00962.3,EMB-0.25-0.9-0.3,0.0,GARC1,RUS,EMB,embB@I556V,U,{},"{""proportion"": 0.0, ""confidence"": [0.0, 0.7301340512159458], ""p_value"": 1.0, ""contingency"": [[0, 1], [291, 24335]]}",{}
456,NC00962.3,EMB-0.25-0.9-0.3,0.0,GARC1,RUS,EMB,embB@G62R,U,{},"{""proportion"": 0.0, ""confidence"": [0.0, 0.4741955741575127], ""p_value"": 1.0, ""contingency"": [[0, 3], [291, 24335]]}",{}
457,NC00962.3,EMB-0.25-0.9-0.3,0.0,GARC1,RUS,EMB,embA@-40_del_t,U,{},"{""proportion"": 0.0, ""confidence"": [0.0, 0.31078398130591417], ""p_value"": 0.347412109375, ""contingency"": [[0, 6], [291, 24335]]}",{}
458,NC00962.3,EMB-0.25-0.9-0.3,0.0,GARC1,RUS,EMB,embB@P70R,U,{},"{""proportion"": 0.0, ""confidence"": [-2.1340331742842984e-17, 0.2311335193197566], ""p_value"": 0.12401199340820315, ""contingency"": [[0, 9], [291, 24335]]}",{}
459,NC00962.3,EMB-0.25-0.9-0.3,0.0,GARC1,RUS,EMB,embA@V613M,U,{},"{""proportion"": 0.0, ""confidence"": [0.0, 0.7301340512159458], ""p_value"": 1.0, ""contingency"": [[0, 1], [291, 24335]]}",{}
460,NC00962.3,EMB-0.25-0.9-0.3,0.0,GARC1,RUS,EMB,embB@V1048I,U,{},"{""proportion"": 0.0, ""confidence"": [0.0, 0.5749693909936535], ""p_value"": 1.0, ""contingency"": [[0, 2], [291, 24335]]}",{}
461,NC00962.3,EMB-0.25-0.9-0.3,0.0,GARC1,RUS,EMB,embA@D273N,U,{},"{""proportion"": 0.0, ""confidence"": [0.0, 0.7301340512159458], ""p_value"": 1.0, ""contingency"": [[0, 1], [291, 24335]]}",{}
462,NC00962.3,EMB-0.25-0.9-0.3,0.0,GARC1,RUS,EMB,embB@P655Q,U,{},"{""proportion"": 0.0, ""confidence"": [0.0, 0.40347862520270455], ""p_value"": 0.578125, ""contingency"": [[0, 4], [291, 24335]]}",{}
463,NC00962.3,EMB-0.25-0.9-0.3,0.0,GARC1,RUS,EMB,embA@G1085V,U,{},"{""proportion"": 0.0, ""confidence"": [0.0, 0.7301340512159458], ""p_value"": 1.0, ""contingency"": [[0, 1], [291, 24335]]}",{}
464,NC00962.3,EMB-0.25-0.9-0.3,0.0,GARC1,RUS,EMB,embA@G623A,U,{},"{""proportion"": 0.0, ""confidence"": [0.0, 0.7301340512159458], ""p_value"": 1.0, ""contingency"": [[0, 1], [291, 24335]]}",{}
465,NC00962.3,EMB-0.25-0.9-0.3,0.0,GARC1,RUS,EMB,embB@S174N,U,{},"{""proportion"": 0.0, ""confidence"": [0.0, 0.7301340512159458], ""p_value"": 1.0, ""contingency"": [[0, 1], [291, 24335]]}",{}
466,NC00962.3,EMB-0.25-0.9-0.3,0.0,GARC1,RUS,EMB,embB@M91I,U,{},"{""proportion"": 0.0, ""confidence"": [0.0, 0.5749693909936535], ""p_value"": 1.0, ""contingency"": [[0, 2], [291, 24335]]}",{}
467,NC00962.3,EMB-0.25-0.9-0.3,0.0,GARC1,RUS,EMB,embB@L239R,U,{},"{""proportion"": 0.0, ""confidence"": [0.0, 0.7301340512159458], ""p_value"": 1.0, ""contingency"": [[0, 1], [291, 24335]]}",{}
468,NC00962.3,EMB-0.25-0.9-0.3,0.0,GARC1,RUS,EMB,embA@T434P,U,{},"{""proportion"": 0.0, ""confidence"": [0.0, 0.5749693909936535], ""p_value"": 1.0, ""contingency"": [[0, 2], [291, 24335]]}",{}
469,NC00962.3,EMB-0.25-0.9-0.3,0.0,GARC1,RUS,EMB,embB@P477A,U,{},"{""proportion"": 0.0, ""confidence"": [0.0, 0.7301340512159458], ""p_value"": 1.0, ""contingency"": [[0, 1], [291, 24335]]}",{}
470,NC00962.3,EMB-0.25-0.9-0.3,0.0,GARC1,RUS,EMB,embB@S142C,U,{},"{""proportion"": 0.0, ""confidence"": [0.0, 0.4741955741575127], ""p_value"": 1.0, ""contingency"": [[0, 3], [291, 24335]]}",{}
471,NC00962.3,EMB-0.25-0.9-0.3,0.0,GARC1,RUS,EMB,embA@A315V,U,{},"{""proportion"": 0.0, ""confidence"": [0.0, 0.7301340512159458], ""p_value"": 1.0, ""contingency"": [[0, 1], [291, 24335]]}",{}
472,NC00962.3,EMB-0.25-0.9-0.3,0.0,GARC1,RUS,EMB,embA@A419T,U,{},"{""proportion"": 0.0, ""confidence"": [0.0, 0.7301340512159458], ""p_value"": 1.0, ""contingency"": [[0, 1], [291, 24335]]}",{}
473,NC00962.3,EMB-0.25-0.9-0.3,0.0,GARC1,RUS,EMB,embA@D883E,U,{},"{""proportion"": 0.0, ""confidence"": [0.0, 0.7301340512159458], ""p_value"": 1.0, ""contingency"": [[0, 1], [291, 24335]]}",{}
474,NC00962.3,EMB-0.25-0.9-0.3,0.0,GARC1,RUS,EMB,embB@T341N,U,{},"{""proportion"": 0.0, ""confidence"": [0.0, 0.40347862520270455], ""p_value"": 0.578125, ""contingency"": [[0, 4], [291, 24335]]}",{}
475,NC00962.3,EMB-0.25-0.9-0.3,0.0,GARC1,RUS,EMB,embA@M735I,U,{},"{""proportion"": 0.0, ""confidence"": [0.0, 0.4741955741575127], ""p_value"": 1.0, ""contingency"": [[0, 3], [291, 24335]]}",{}
476,NC00962.3,EMB-0.25-0.9-0.3,0.0,GARC1,RUS,EMB,embB@V39G,U,{},"{""proportion"": 0.0, ""confidence"": [0.0, 0.5749693909936535], ""p_value"": 1.0, ""contingency"": [[0, 2], [291, 24335]]}",{}
477,NC00962.3,EMB-0.25-0.9-0.3,0.0,GARC1,RUS,EMB,embA@T837A,U,{},"{""proportion"": 0.0, ""confidence"": [0.0, 0.40347862520270455], ""p_value"": 0.578125, ""contingency"": [[0, 4], [291, 24335]]}",{}
478,NC00962.3,EMB-0.25-0.9-0.3,0.0,GARC1,RUS,EMB,embA@I413V,U,{},"{""proportion"": 0.0, ""confidence"": [0.0, 0.7301340512159458], ""p_value"": 1.0, ""contingency"": [[0, 1], [291, 24335]]}",{}
479,NC00962.3,EMB-0.25-0.9-0.3,0.0,GARC1,RUS,EMB,embB@A485V,U,{},"{""proportion"": 0.0, ""confidence"": [0.0, 0.5749693909936535], ""p_value"": 1.0, ""contingency"": [[0, 2], [291, 24335]]}",{}
480,NC00962.3,EMB-0.25-0.9-0.3,0.0,GARC1,RUS,EMB,embB@G194R,U,{},"{""proportion"": 0.0, ""confidence"": [0.0, 0.5749693909936535], ""p_value"": 1.0, ""contingency"": [[0, 2], [291, 24335]]}",{}
481,NC00962.3,EMB-0.25-0.9-0.3,0.0,GARC1,RUS,EMB,embB@T498I,U,{},"{""proportion"": 0.0, ""confidence"": [0.0, 0.5749693909936535], ""p_value"": 1.0, ""contingency"": [[0, 2], [291, 24335]]}",{}
482,NC00962.3,EMB-0.25-0.9-0.3,0.0,GARC1,RUS,EMB,embA@D1053A,U,{},"{""proportion"": 0.0, ""confidence"": [0.0, 0.7301340512159458], ""p_value"": 1.0, ""contingency"": [[0, 1], [291, 24335]]}",{}
483,NC00962.3,EMB-0.25-0.9-0.3,0.0,GARC1,RUS,EMB,embB@N129D,U,{},"{""proportion"": 0.0, ""confidence"": [0.0, 0.5749693909936535], ""p_value"": 1.0, ""contingency"": [[0, 2], [291, 24335]]}",{}
484,NC00962.3,EMB-0.25-0.9-0.3,0.0,GARC1,RUS,EMB,embA@A66V,U,{},"{""proportion"": 0.0, ""confidence"": [0.0, 0.7301340512159458], ""p_value"": 1.0, ""contingency"": [[0, 1], [291, 24335]]}",{}
485,NC00962.3,EMB-0.25-0.9-0.3,0.0,GARC1,RUS,EMB,embB@G244R,U,{},"{""proportion"": 0.0, ""confidence"": [0.0, 0.7301340512159458], ""p_value"": 1.0, ""contingency"": [[0, 1], [291, 24335]]}",{}
486,NC00962.3,EMB-0.25-0.9-0.3,0.0,GARC1,RUS,EMB,embA@L1008P,U,{},"{""proportion"": 0.0, ""confidence"": [0.0, 0.4741955741575127], ""p_value"": 1.0, ""contingency"": [[0, 3], [291, 24335]]}",{}
487,NC00962.3,EMB-0.25-0.9-0.3,0.0,GARC1,RUS,EMB,embA@G157R,U,{},"{""proportion"": 0.0, ""confidence"": [0.0, 0.7301340512159458], ""p_value"": 1.0, ""contingency"": [[0, 1], [291, 24335]]}",{}
488,NC00962.3,EMB-0.25-0.9-0.3,0.0,GARC1,RUS,EMB,embB@C549Y,U,{},"{""proportion"": 0.0, ""confidence"": [0.0, 0.4741955741575127], ""p_value"": 1.0, ""contingency"": [[0, 3], [291, 24335]]}",{}
489,NC00962.3,EMB-0.25-0.9-0.3,0.0,GARC1,RUS,EMB,embA@D865V,U,{},"{""proportion"": 0.0, ""confidence"": [0.0, 0.7301340512159458], ""p_value"": 1.0, ""contingency"": [[0, 1], [291, 24335]]}",{}
490,NC00962.3,EMB-0.25-0.9-0.3,0.0,GARC1,RUS,EMB,embA@N37S,U,{},"{""proportion"": 0.0, ""confidence"": [0.0, 0.7301340512159458], ""p_value"": 1.0, ""contingency"": [[0, 1], [291, 24335]]}",{}
491,NC00962.3,EMB-0.25-0.9-0.3,0.0,GARC1,RUS,EMB,embA@G823E,U,{},"{""proportion"": 0.0, ""confidence"": [0.0, 0.4741955741575127], ""p_value"": 1.0, ""contingency"": [[0, 3], [291, 24335]]}",{}
492,NC00962.3,EMB-0.25-0.9-0.3,0.0,GARC1,RUS,EMB,embA@S1040L,U,{},"{""proportion"": 0.0, ""confidence"": [0.0, 0.7301340512159458], ""p_value"": 1.0, ""contingency"": [[0, 1], [291, 24335]]}",{}
493,NC00962.3,EMB-0.25-0.9-0.3,0.0,GARC1,RUS,EMB,embA@A804T,U,{},"{""proportion"": 0.0, ""confidence"": [0.0, 0.7301340512159458], ""p_value"": 1.0, ""contingency"": [[0, 1], [291, 24335]]}",{}
494,NC00962.3,EMB-0.25-0.9-0.3,0.0,GARC1,RUS,EMB,embB@A155G,U,{},"{""proportion"": 0.0, ""confidence"": [0.0, 0.7301340512159458], ""p_value"": 1.0, ""contingency"": [[0, 1], [291, 24335]]}",{}
495,NC00962.3,EMB-0.25-0.9-0.3,0.0,GARC1,RUS,EMB,embA@W393S,U,{},"{""proportion"": 0.0, ""confidence"": [0.0, 0.7301340512159458], ""p_value"": 1.0, ""contingency"": [[0, 1], [291, 24335]]}",{}
496,NC00962.3,EMB-0.25-0.9-0.3,0.0,GARC1,RUS,EMB,embA@V534L,U,{},"{""proportion"": 0.0, ""confidence"": [0.0, 0.5749693909936535], ""p_value"": 1.0, ""contingency"": [[0, 2], [291, 24335]]}",{}
497,NC00962.3,EMB-0.25-0.9-0.3,0.0,GARC1,RUS,EMB,embA@Y502C,U,{},"{""proportion"": 0.0, ""confidence"": [0.0, 0.4741955741575127], ""p_value"": 1.0, ""contingency"": [[0, 3], [291, 24335]]}",{}
498,NC00962.3,EMB-0.25-0.9-0.3,0.0,GARC1,RUS,EMB,embA@H1011Y,U,{},"{""proportion"": 0.0, ""confidence"": [0.0, 0.7301340512159458], ""p_value"": 1.0, ""contingency"": [[0, 1], [291, 24335]]}",{}
499,NC00962.3,EMB-0.25-0.9-0.3,0.0,GARC1,RUS,EMB,embB@M396L,U,{},"{""proportion"": 0.0, ""confidence"": [0.0, 0.7301340512159458], ""p_value"": 1.0, ""contingency"": [[0, 1], [291, 24335]]}",{}
500,NC00962.3,EMB-0.25-0.9-0.3,0.0,GARC1,RUS,EMB,embA@R194Q,U,{},"{""proportion"": 0.0, ""confidence"": [0.0, 0.3511165007651012], ""p_value"": 0.34082031250000006, ""contingency"": [[0, 5], [291, 24335]]}",{}
501,NC00962.3,EMB-0.25-0.9-0.3,0.0,GARC1,RUS,EMB,embA@V911G,U,{},"{""proportion"": 0.0, ""confidence"": [0.0, 0.7301340512159458], ""p_value"": 1.0, ""contingency"": [[0, 1], [291, 24335]]}",{}
502,NC00962.3,EMB-0.25-0.9-0.3,0.0,GARC1,RUS,EMB,embA@A223V,U,{},"{""proportion"": 0.0, ""confidence"": [0.0, 0.7301340512159458], ""p_value"": 1.0, ""contingency"": [[0, 1], [291, 24335]]}",{}
503,NC00962.3,EMB-0.25-0.9-0.3,0.0,GARC1,RUS,EMB,embB@S22F,U,{},"{""proportion"": 0.0, ""confidence"": [0.0, 0.7301340512159458], ""p_value"": 1.0, ""contingency"": [[0, 1], [291, 24335]]}",{}
504,NC00962.3,EMB-0.25-0.9-0.3,0.0,GARC1,RUS,EMB,embB@G305C,U,{},"{""proportion"": 0.0, ""confidence"": [0.0, 0.4741955741575127], ""p_value"": 1.0, ""contingency"": [[0, 3], [291, 24335]]}",{}
505,NC00962.3,EMB-0.25-0.9-0.3,0.0,GARC1,RUS,EMB,embA@R866Q,U,{},"{""proportion"": 0.0, ""confidence"": [0.0, 0.5749693909936535], ""p_value"": 1.0, ""contingency"": [[0, 2], [291, 24335]]}",{}
506,NC00962.3,EMB-0.25-0.9-0.3,0.0,GARC1,RUS,EMB,embA@D4N,U,{},"{""proportion"": 0.0, ""confidence"": [0.0, 0.7301340512159458], ""p_value"": 1.0, ""contingency"": [[0, 1], [291, 24335]]}",{}
507,NC00962.3,EMB-0.25-0.9-0.3,0.0,GARC1,RUS,EMB,embA@R229T,U,{},"{""proportion"": 0.0, ""confidence"": [0.0, 0.7301340512159458], ""p_value"": 1.0, ""contingency"": [[0, 1], [291, 24335]]}",{}
508,NC00962.3,EMB-0.25-0.9-0.3,0.0,GARC1,RUS,EMB,embB@V377M,U,{},"{""proportion"": 0.0, ""confidence"": [0.0, 0.7301340512159458], ""p_value"": 1.0, ""contingency"": [[0, 1], [291, 24335]]}",{}
509,NC00962.3,EMB-0.25-0.9-0.3,0.0,GARC1,RUS,EMB,embA@L261S,U,{},"{""proportion"": 0.0, ""confidence"": [0.0, 0.7301340512159458], ""p_value"": 1.0, ""contingency"": [[0, 1], [291, 24335]]}",{}
510,NC00962.3,EMB-0.25-0.9-0.3,0.0,GARC1,RUS,EMB,embA@R445P,U,{},"{""proportion"": 0.0, ""confidence"": [0.0, 0.7301340512159458], ""p_value"": 1.0, ""contingency"": [[0, 1], [291, 24335]]}",{}
511,NC00962.3,EMB-0.25-0.9-0.3,0.0,GARC1,RUS,EMB,embB@E138G,U,{},"{""proportion"": 0.0, ""confidence"": [0.0, 0.5749693909936535], ""p_value"": 1.0, ""contingency"": [[0, 2], [291, 24335]]}",{}
512,NC00962.3,EMB-0.25-0.9-0.3,0.0,GARC1,RUS,EMB,embB@A155V,U,{},"{""proportion"": 0.0, ""confidence"": [0.0, 0.7301340512159458], ""p_value"": 1.0, ""contingency"": [[0, 1], [291, 24335]]}",{}
513,NC00962.3,EMB-0.25-0.9-0.3,0.0,GARC1,RUS,EMB,embB@A852V,U,{},"{""proportion"": 0.0, ""confidence"": [0.0, 0.7301340512159458], ""p_value"": 1.0, ""contingency"": [[0, 1], [291, 24335]]}",{}
514,NC00962.3,EMB-0.25-0.9-0.3,0.0,GARC1,RUS,EMB,embA@A259T,U,{},"{""proportion"": 0.0, ""confidence"": [0.0, 0.7301340512159458], ""p_value"": 1.0, ""contingency"": [[0, 1], [291, 24335]]}",{}
515,NC00962.3,EMB-0.25-0.9-0.3,0.0,GARC1,RUS,EMB,embA@H673R,U,{},"{""proportion"": 0.0, ""confidence"": [0.0, 0.278762695452542], ""p_value"": 0.20404052734375, ""contingency"": [[0, 7], [291, 24335]]}",{}
516,NC00962.3,EMB-0.25-0.9-0.3,0.0,GARC1,RUS,EMB,embB@F79L,U,{},"{""proportion"": 0.0, ""confidence"": [0.0, 0.7301340512159458], ""p_value"": 1.0, ""contingency"": [[0, 1], [291, 24335]]}",{}
517,NC00962.3,EMB-0.25-0.9-0.3,0.0,GARC1,RUS,EMB,embA@L781H,U,{},"{""proportion"": 0.0, ""confidence"": [0.0, 0.7301340512159458], ""p_value"": 1.0, ""contingency"": [[0, 1], [291, 24335]]}",{}
518,NC00962.3,EMB-0.25-0.9-0.3,0.0,GARC1,RUS,EMB,embB@A693T,U,{},"{""proportion"": 0.0, ""confidence"": [0.0, 0.5749693909936535], ""p_value"": 1.0, ""contingency"": [[0, 2], [291, 24335]]}",{}
519,NC00962.3,EMB-0.25-0.9-0.3,0.0,GARC1,RUS,EMB,embB@T797A,U,{},"{""proportion"": 0.0, ""confidence"": [0.0, 0.4741955741575127], ""p_value"": 1.0, ""contingency"": [[0, 3], [291, 24335]]}",{}
520,NC00962.3,EMB-0.25-0.9-0.3,0.0,GARC1,RUS,EMB,embA@V627A,U,{},"{""proportion"": 0.0, ""confidence"": [0.0, 0.5749693909936535], ""p_value"": 1.0, ""contingency"": [[0, 2], [291, 24335]]}",{}
521,NC00962.3,EMB-0.25-0.9-0.3,0.0,GARC1,RUS,EMB,embB@P93H,U,{},"{""proportion"": 0.0, ""confidence"": [0.0, 0.7301340512159458], ""p_value"": 1.0, ""contingency"": [[0, 1], [291, 24335]]}",{}
522,NC00962.3,EMB-0.25-0.9-0.3,0.0,GARC1,RUS,EMB,embB@S272N,U,{},"{""proportion"": 0.0, ""confidence"": [0.0, 0.4741955741575127], ""p_value"": 1.0, ""contingency"": [[0, 3], [291, 24335]]}",{}
523,NC00962.3,EMB-0.25-0.9-0.3,0.0,GARC1,RUS,EMB,embA@V646L,U,{},"{""proportion"": 0.0, ""confidence"": [0.0, 0.7301340512159458], ""p_value"": 1.0, ""contingency"": [[0, 1], [291, 24335]]}",{}
524,NC00962.3,EMB-0.25-0.9-0.3,0.0,GARC1,RUS,EMB,embB@Y848H,U,{},"{""proportion"": 0.0, ""confidence"": [0.0, 0.7301340512159458], ""p_value"": 1.0, ""contingency"": [[0, 1], [291, 24335]]}",{}
525,NC00962.3,EMB-0.25-0.9-0.3,0.0,GARC1,RUS,EMB,embA@V396M,U,{},"{""proportion"": 0.0, ""confidence"": [0.0, 0.5749693909936535], ""p_value"": 1.0, ""contingency"": [[0, 2], [291, 24335]]}",{}
526,NC00962.3,EMB-0.25-0.9-0.3,0.0,GARC1,RUS,EMB,embB@P45L,U,{},"{""proportion"": 0.0, ""confidence"": [0.0, 0.7301340512159458], ""p_value"": 1.0, ""contingency"": [[0, 1], [291, 24335]]}",{}
527,NC00962.3,EMB-0.25-0.9-0.3,0.0,GARC1,RUS,EMB,embB@P371R,U,{},"{""proportion"": 0.0, ""confidence"": [0.0, 0.5749693909936535], ""p_value"": 1.0, ""contingency"": [[0, 2], [291, 24335]]}",{}
528,NC00962.3,EMB-0.25-0.9-0.3,0.0,GARC1,RUS,EMB,embA@S20P,U,{},"{""proportion"": 0.0, ""confidence"": [0.0, 0.40347862520270455], ""p_value"": 0.578125, ""contingency"": [[0, 4], [291, 24335]]}",{}
529,NC00962.3,EMB-0.25-0.9-0.3,0.0,GARC1,RUS,EMB,embB@T532A,U,{},"{""proportion"": 0.0, ""confidence"": [0.0, 0.5749693909936535], ""p_value"": 1.0, ""contingency"": [[0, 2], [291, 24335]]}",{}
530,NC00962.3,EMB-0.25-0.9-0.3,0.0,GARC1,RUS,EMB,embA@I553L,U,{},"{""proportion"": 0.0, ""confidence"": [0.0, 0.5749693909936535], ""p_value"": 1.0, ""contingency"": [[0, 2], [291, 24335]]}",{}
531,NC00962.3,EMB-0.25-0.9-0.3,0.0,GARC1,RUS,EMB,embB@A388D,U,{},"{""proportion"": 0.0, ""confidence"": [0.0, 0.5749693909936535], ""p_value"": 1.0, ""contingency"": [[0, 2], [291, 24335]]}",{}
532,NC00962.3,EMB-0.25-0.9-0.3,0.0,GARC1,RUS,EMB,embB@P907S,U,{},"{""proportion"": 0.0, ""confidence"": [0.0, 0.7301340512159458], ""p_value"": 1.0, ""contingency"": [[0, 1], [291, 24335]]}",{}
533,NC00962.3,EMB-0.25-0.9-0.3,0.0,GARC1,RUS,EMB,embA@L967M,U,{},"{""proportion"": 0.0, ""confidence"": [0.0, 0.7301340512159458], ""p_value"": 1.0, ""contingency"": [[0, 1], [291, 24335]]}",{}
534,NC00962.3,EMB-0.25-0.9-0.3,0.0,GARC1,RUS,EMB,embA@D144G,U,{},"{""proportion"": 0.0, ""confidence"": [0.0, 0.7301340512159458], ""p_value"": 1.0, ""contingency"": [[0, 1], [291, 24335]]}",{}
535,NC00962.3,EMB-0.25-0.9-0.3,0.0,GARC1,RUS,EMB,embB@A627V,U,{},"{""proportion"": 0.0, ""confidence"": [0.0, 0.7301340512159458], ""p_value"": 1.0, ""contingency"": [[0, 1], [291, 24335]]}",{}
536,NC00962.3,EMB-0.25-0.9-0.3,0.0,GARC1,RUS,EMB,embB@A155P,U,{},"{""proportion"": 0.0, ""confidence"": [0.0, 0.40347862520270455], ""p_value"": 0.578125, ""contingency"": [[0, 4], [291, 24335]]}",{}
537,NC00962.3,EMB-0.25-0.9-0.3,0.0,GARC1,RUS,EMB,embB@A204T,U,{},"{""proportion"": 0.0, ""confidence"": [0.0, 0.7301340512159458], ""p_value"": 1.0, ""contingency"": [[0, 1], [291, 24335]]}",{}
538,NC00962.3,EMB-0.25-0.9-0.3,0.0,GARC1,RUS,EMB,embA@M697V,U,{},"{""proportion"": 0.0, ""confidence"": [0.0, 0.4741955741575127], ""p_value"": 1.0, ""contingency"": [[0, 3], [291, 24335]]}",{}
539,NC00962.3,EMB-0.25-0.9-0.3,0.0,GARC1,RUS,EMB,embA@A586T,U,{},"{""proportion"": 0.0, ""confidence"": [0.0, 0.5749693909936535], ""p_value"": 1.0, ""contingency"": [[0, 2], [291, 24335]]}",{}
540,NC00962.3,EMB-0.25-0.9-0.3,0.0,GARC1,RUS,EMB,embB@A454P,U,{},"{""proportion"": 0.0, ""confidence"": [0.0, 0.7301340512159458], ""p_value"": 1.0, ""contingency"": [[0, 1], [291, 24335]]}",{}
541,NC00962.3,EMB-0.25-0.9-0.3,0.0,GARC1,RUS,EMB,embB@D970A,U,{},"{""proportion"": 0.0, ""confidence"": [0.0, 0.7301340512159458], ""p_value"": 1.0, ""contingency"": [[0, 1], [291, 24335]]}",{}
542,NC00962.3,EMB-0.25-0.9-0.3,0.0,GARC1,RUS,EMB,embA@L525M,U,{},"{""proportion"": 0.0, ""confidence"": [0.0, 0.5749693909936535], ""p_value"": 1.0, ""contingency"": [[0, 2], [291, 24335]]}",{}
543,NC00962.3,EMB-0.25-0.9-0.3,0.0,GARC1,RUS,EMB,embB@D664G,U,{},"{""proportion"": 0.0, ""confidence"": [0.0, 0.7301340512159458], ""p_value"": 1.0, ""contingency"": [[0, 1], [291, 24335]]}",{}
544,NC00962.3,EMB-0.25-0.9-0.3,0.0,GARC1,RUS,EMB,embB@G65D,U,{},"{""proportion"": 0.0, ""confidence"": [0.0, 0.40347862520270455], ""p_value"": 0.578125, ""contingency"": [[0, 4], [291, 24335]]}",{}
545,NC00962.3,EMB-0.25-0.9-0.3,0.0,GARC1,RUS,EMB,embA@W306G,U,{},"{""proportion"": 0.0, ""confidence"": [0.0, 0.7301340512159458], ""p_value"": 1.0, ""contingency"": [[0, 1], [291, 24335]]}",{}
546,NC00962.3,EMB-0.25-0.9-0.3,0.0,GARC1,RUS,EMB,embB@V414G,U,{},"{""proportion"": 0.0, ""confidence"": [0.0, 0.5749693909936535], ""p_value"": 1.0, ""contingency"": [[0, 2], [291, 24335]]}",{}
547,NC00962.3,EMB-0.25-0.9-0.3,0.0,GARC1,RUS,EMB,embA@D274G,U,{},"{""proportion"": 0.0, ""confidence"": [0.0, 0.7301340512159458], ""p_value"": 1.0, ""contingency"": [[0, 1], [291, 24335]]}",{}
548,NC00962.3,EMB-0.25-0.9-0.3,0.0,GARC1,RUS,EMB,embA@A364T,U,{},"{""proportion"": 0.0, ""confidence"": [0.0, 0.7301340512159458], ""p_value"": 1.0, ""contingency"": [[0, 1], [291, 24335]]}",{}
549,NC00962.3,EMB-0.25-0.9-0.3,0.0,GARC1,RUS,EMB,embA@E512A,U,{},"{""proportion"": 0.0, ""confidence"": [0.0, 0.7301340512159458], ""p_value"": 1.0, ""contingency"": [[0, 1], [291, 24335]]}",{}
550,NC00962.3,EMB-0.25-0.9-0.3,0.0,GARC1,RUS,EMB,embB@W621S,U,{},"{""proportion"": 0.0, ""confidence"": [0.0, 0.7301340512159458], ""p_value"": 1.0, ""contingency"": [[0, 1], [291, 24335]]}",{}
551,NC00962.3,EMB-0.25-0.9-0.3,0.0,GARC1,RUS,EMB,embA@R188H,U,{},"{""proportion"": 0.0, ""confidence"": [0.0, 0.7301340512159458], ""p_value"": 1.0, ""contingency"": [[0, 1], [291, 24335]]}",{}
552,NC00962.3,EMB-0.25-0.9-0.3,0.0,GARC1,RUS,EMB,embB@G106V,U,{},"{""proportion"": 0.0, ""confidence"": [0.0, 0.7301340512159458], ""p_value"": 1.0, ""contingency"": [[0, 1], [291, 24335]]}",{}
553,NC00962.3,EMB-0.25-0.9-0.3,0.0,GARC1,RUS,EMB,embA@I595V,U,{},"{""proportion"": 0.0, ""confidence"": [0.0, 0.3511165007651012], ""p_value"": 0.34082031250000006, ""contingency"": [[0, 5], [291, 24335]]}",{}
554,NC00962.3,EMB-0.25-0.9-0.3,0.0,GARC1,RUS,EMB,embB@I16L,U,{},"{""proportion"": 0.0, ""confidence"": [0.0, 0.40347862520270455], ""p_value"": 0.578125, ""contingency"": [[0, 4], [291, 24335]]}",{}
555,NC00962.3,EMB-0.25-0.9-0.3,0.0,GARC1,RUS,EMB,embA@G729R,U,{},"{""proportion"": 0.0, ""confidence"": [0.0, 0.4741955741575127], ""p_value"": 1.0, ""contingency"": [[0, 3], [291, 24335]]}",{}
556,NC00962.3,EMB-0.25-0.9-0.3,0.0,GARC1,RUS,EMB,embB@A235V,U,{},"{""proportion"": 0.0, ""confidence"": [0.0, 0.7301340512159458], ""p_value"": 1.0, ""contingency"": [[0, 1], [291, 24335]]}",{}
557,NC00962.3,EMB-0.25-0.9-0.3,0.0,GARC1,RUS,EMB,embA@I131V,U,{},"{""proportion"": 0.0, ""confidence"": [0.0, 0.4741955741575127], ""p_value"": 1.0, ""contingency"": [[0, 3], [291, 24335]]}",{}
558,NC00962.3,EMB-0.25-0.9-0.3,0.0,GARC1,RUS,EMB,embB@F176L,U,{},"{""proportion"": 0.0, ""confidence"": [0.0, 0.7301340512159458], ""p_value"": 1.0, ""contingency"": [[0, 1], [291, 24335]]}",{}
559,NC00962.3,EMB-0.25-0.9-0.3,0.0,GARC1,RUS,EMB,embB@P197R,U,{},"{""proportion"": 0.0, ""confidence"": [0.0, 0.7301340512159458], ""p_value"": 1.0, ""contingency"": [[0, 1], [291, 24335]]}",{}
560,NC00962.3,EMB-0.25-0.9-0.3,0.0,GARC1,RUS,EMB,embA@N110D,U,{},"{""proportion"": 0.0, ""confidence"": [0.0, 0.5749693909936535], ""p_value"": 1.0, ""contingency"": [[0, 2], [291, 24335]]}",{}
561,NC00962.3,EMB-0.25-0.9-0.3,0.0,GARC1,RUS,EMB,embB@R257W,U,{},"{""proportion"": 0.0, ""confidence"": [0.0, 0.5749693909936535], ""p_value"": 1.0, ""contingency"": [[0, 2], [291, 24335]]}",{}
562,NC00962.3,EMB-0.25-0.9-0.3,0.0,GARC1,RUS,EMB,embA@P381L,U,{},"{""proportion"": 0.0, ""confidence"": [0.0, 0.5749693909936535], ""p_value"": 1.0, ""contingency"": [[0, 2], [291, 24335]]}",{}
563,NC00962.3,EMB-0.25-0.9-0.3,0.0,GARC1,RUS,EMB,embA@G1088!,U,{},"{""proportion"": 0.0, ""confidence"": [0.0, 0.7301340512159458], ""p_value"": 1.0, ""contingency"": [[0, 1], [291, 24335]]}",{}
564,NC00962.3,EMB-0.25-0.9-0.3,0.0,GARC1,RUS,EMB,embB@R623P,U,{},"{""proportion"": 0.0, ""confidence"": [0.0, 0.7301340512159458], ""p_value"": 1.0, ""contingency"": [[0, 1], [291, 24335]]}",{}
565,NC00962.3,EMB-0.25-0.9-0.3,0.0,GARC1,RUS,EMB,embA@A109T,U,{},"{""proportion"": 0.0, ""confidence"": [0.0, 0.5749693909936535], ""p_value"": 1.0, ""contingency"": [[0, 2], [291, 24335]]}",{}
566,NC00962.3,EMB-0.25-0.9-0.3,0.0,GARC1,RUS,EMB,embA@L563V,U,{},"{""proportion"": 0.0, ""confidence"": [0.0, 0.7301340512159458], ""p_value"": 1.0, ""contingency"": [[0, 1], [291, 24335]]}",{}
567,NC00962.3,EMB-0.25-0.9-0.3,0.0,GARC1,RUS,EMB,embB@G665W,U,{},"{""proportion"": 0.0, ""confidence"": [0.0, 0.40347862520270455], ""p_value"": 0.578125, ""contingency"": [[0, 4], [291, 24335]]}",{}
568,NC00962.3,EMB-0.25-0.9-0.3,0.0,GARC1,RUS,EMB,embB@A1083V,U,{},"{""proportion"": 0.0, ""confidence"": [0.0, 0.7301340512159458], ""p_value"": 1.0, ""contingency"": [[0, 1], [291, 24335]]}",{}
569,NC00962.3,EMB-0.25-0.9-0.3,0.0,GARC1,RUS,EMB,embB@L1053V,U,{},"{""proportion"": 0.0, ""confidence"": [0.0, 0.7301340512159458], ""p_value"": 1.0, ""contingency"": [[0, 1], [291, 24335]]}",{}
570,NC00962.3,EMB-0.25-0.9-0.3,0.0,GARC1,RUS,EMB,embB@A993T,U,{},"{""proportion"": 0.0, ""confidence"": [0.0, 0.7301340512159458], ""p_value"": 1.0, ""contingency"": [[0, 1], [291, 24335]]}",{}
571,NC00962.3,EMB-0.25-0.9-0.3,0.0,GARC1,RUS,EMB,embA@A494S,U,{},"{""proportion"": 0.0, ""confidence"": [0.0, 0.7301340512159458], ""p_value"": 1.0, ""contingency"": [[0, 1], [291, 24335]]}",{}
572,NC00962.3,EMB-0.25-0.9-0.3,0.0,GARC1,RUS,EMB,embA@I821T,U,{},"{""proportion"": 0.0, ""confidence"": [0.0, 0.7301340512159458], ""p_value"": 1.0, ""contingency"": [[0, 1], [291, 24335]]}",{}
573,NC00962.3,EMB-0.25-0.9-0.3,0.0,GARC1,RUS,EMB,embB@D752H,U,{},"{""proportion"": 0.0, ""confidence"": [0.0, 0.7301340512159458], ""p_value"": 1.0, ""contingency"": [[0, 1], [291, 24335]]}",{}
574,NC00962.3,EMB-0.25-0.9-0.3,0.0,GARC1,RUS,EMB,embB@V898M,U,{},"{""proportion"": 0.0, ""confidence"": [0.0, 0.7301340512159458], ""p_value"": 1.0, ""contingency"": [[0, 1], [291, 24335]]}",{}
575,NC00962.3,EMB-0.25-0.9-0.3,0.0,GARC1,RUS,EMB,embA@T300A,U,{},"{""proportion"": 0.0, ""confidence"": [0.0, 0.7301340512159458], ""p_value"": 1.0, ""contingency"": [[0, 1], [291, 24335]]}",{}
576,NC00962.3,EMB-0.25-0.9-0.3,0.0,GARC1,RUS,EMB,embA@N847S,U,{},"{""proportion"": 0.0, ""confidence"": [0.0, 0.7301340512159458], ""p_value"": 1.0, ""contingency"": [[0, 1], [291, 24335]]}",{}
577,NC00962.3,EMB-0.25-0.9-0.3,0.0,GARC1,RUS,EMB,embA@R11Q,U,{},"{""proportion"": 0.0, ""confidence"": [0.0, 0.5749693909936535], ""p_value"": 1.0, ""contingency"": [[0, 2], [291, 24335]]}",{}
578,NC00962.3,EMB-0.25-0.9-0.3,0.0,GARC1,RUS,EMB,embB@D78E,U,{},"{""proportion"": 0.0, ""confidence"": [0.0, 0.7301340512159458], ""p_value"": 1.0, ""contingency"": [[0, 1], [291, 24335]]}",{}
579,NC00962.3,EMB-0.25-0.9-0.3,0.0,GARC1,RUS,EMB,embA@G817S,U,{},"{""proportion"": 0.0, ""confidence"": [0.0, 0.7301340512159458], ""p_value"": 1.0, ""contingency"": [[0, 1], [291, 24335]]}",{}
580,NC00962.3,EMB-0.25-0.9-0.3,0.0,GARC1,RUS,EMB,embA@V458P,U,{},"{""proportion"": 0.0, ""confidence"": [0.0, 0.5749693909936535], ""p_value"": 1.0, ""contingency"": [[0, 2], [291, 24335]]}",{}
581,NC00962.3,EMB-0.25-0.9-0.3,0.0,GARC1,RUS,EMB,embA@R234P,U,{},"{""proportion"": 0.0, ""confidence"": [0.0, 0.7301340512159458], ""p_value"": 1.0, ""contingency"": [[0, 1], [291, 24335]]}",{}
582,NC00962.3,EMB-0.25-0.9-0.3,0.0,GARC1,RUS,EMB,embB@P809S,U,{},"{""proportion"": 0.0, ""confidence"": [0.0, 0.3511165007651012], ""p_value"": 0.34082031250000006, ""contingency"": [[0, 5], [291, 24335]]}",{}
583,NC00962.3,EMB-0.25-0.9-0.3,0.0,GARC1,RUS,EMB,embA@T983I,U,{},"{""proportion"": 0.0, ""confidence"": [0.0, 0.5749693909936535], ""p_value"": 1.0, ""contingency"": [[0, 2], [291, 24335]]}",{}
584,NC00962.3,EMB-0.25-0.9-0.3,0.0,GARC1,RUS,EMB,embB@V727A,U,{},"{""proportion"": 0.0, ""confidence"": [0.0, 0.7301340512159458], ""p_value"": 1.0, ""contingency"": [[0, 1], [291, 24335]]}",{}
585,NC00962.3,EMB-0.25-0.9-0.3,0.0,GARC1,RUS,EMB,embA@M324V,U,{},"{""proportion"": 0.0, ""confidence"": [0.0, 0.7301340512159458], ""p_value"": 1.0, ""contingency"": [[0, 1], [291, 24335]]}",{}
586,NC00962.3,EMB-0.25-0.9-0.3,0.0,GARC1,RUS,EMB,embA@V458A,U,{},"{""proportion"": 0.0, ""confidence"": [0.0, 0.7301340512159458], ""p_value"": 1.0, ""contingency"": [[0, 1], [291, 24335]]}",{}
587,NC00962.3,EMB-0.25-0.9-0.3,0.0,GARC1,RUS,EMB,embB@L268P,U,{},"{""proportion"": 0.0, ""confidence"": [0.0, 0.7301340512159458], ""p_value"": 1.0, ""contingency"": [[0, 1], [291, 24335]]}",{}
588,NC00962.3,EMB-0.25-0.9-0.3,0.0,GARC1,RUS,EMB,embA@F650L,U,{},"{""proportion"": 0.0, ""confidence"": [0.0, 0.7301340512159458], ""p_value"": 1.0, ""contingency"": [[0, 1], [291, 24335]]}",{}
589,NC00962.3,EMB-0.25-0.9-0.3,0.0,GARC1,RUS,EMB,embA@Q990H,U,{},"{""proportion"": 0.0, ""confidence"": [0.0, 0.7301340512159458], ""p_value"": 1.0, ""contingency"": [[0, 1], [291, 24335]]}",{}
590,NC00962.3,EMB-0.25-0.9-0.3,0.0,GARC1,RUS,EMB,embA@E397K,U,{},"{""proportion"": 0.0, ""confidence"": [0.0, 0.7301340512159458], ""p_value"": 1.0, ""contingency"": [[0, 1], [291, 24335]]}",{}
591,NC00962.3,EMB-0.25-0.9-0.3,0.0,GARC1,RUS,EMB,embB@P818T,U,{},"{""proportion"": 0.0, ""confidence"": [0.0, 0.5749693909936535], ""p_value"": 1.0, ""contingency"": [[0, 2], [291, 24335]]}",{}
592,NC00962.3,EMB-0.25-0.9-0.3,0.0,GARC1,RUS,EMB,embB@A705T,U,{},"{""proportion"": 0.0, ""confidence"": [0.0, 0.7301340512159458], ""p_value"": 1.0, ""contingency"": [[0, 1], [291, 24335]]}",{}
593,NC00962.3,EMB-0.25-0.9-0.3,0.0,GARC1,RUS,EMB,embB@I226V,U,{},"{""proportion"": 0.0, ""confidence"": [0.0, 0.4741955741575127], ""p_value"": 1.0, ""contingency"": [[0, 3], [291, 24335]]}",{}
594,NC00962.3,EMB-0.25-0.9-0.3,0.0,GARC1,RUS,EMB,embB@W28S,U,{},"{""proportion"": 0.0, ""confidence"": [0.0, 0.7301340512159458], ""p_value"": 1.0, ""contingency"": [[0, 1], [291, 24335]]}",{}
595,NC00962.3,EMB-0.25-0.9-0.3,0.0,GARC1,RUS,EMB,embB@T819I,U,{},"{""proportion"": 0.0, ""confidence"": [0.0, 0.7301340512159458], ""p_value"": 1.0, ""contingency"": [[0, 1], [291, 24335]]}",{}
596,NC00962.3,EMB-0.25-0.9-0.3,0.0,GARC1,RUS,EMB,embA@A284S,U,{},"{""proportion"": 0.0, ""confidence"": [0.0, 0.7301340512159458], ""p_value"": 1.0, ""contingency"": [[0, 1], [291, 24335]]}",{}
597,NC00962.3,EMB-0.25-0.9-0.3,0.0,GARC1,RUS,EMB,embB@A677T,U,{},"{""proportion"": 0.0, ""confidence"": [0.0, 0.7301340512159458], ""p_value"": 1.0, ""contingency"": [[0, 1], [291, 24335]]}",{}
598,NC00962.3,EMB-0.25-0.9-0.3,0.0,GARC1,RUS,EMB,embB@R1059G,U,{},"{""proportion"": 0.0, ""confidence"": [0.0, 0.7301340512159458], ""p_value"": 1.0, ""contingency"": [[0, 1], [291, 24335]]}",{}
599,NC00962.3,EMB-0.25-0.9-0.3,0.0,GARC1,RUS,EMB,embA@T1033I,U,{},"{""proportion"": 0.0, ""confidence"": [0.0, 0.7301340512159458], ""p_value"": 1.0, ""contingency"": [[0, 1], [291, 24335]]}",{}
600,NC00962.3,EMB-0.25-0.9-0.3,0.0,GARC1,RUS,EMB,embB@T830M,U,{},"{""proportion"": 0.0, ""confidence"": [0.0, 0.7301340512159458], ""p_value"": 1.0, ""contingency"": [[0, 1], [291, 24335]]}",{}
601,NC00962.3,EMB-0.25-0.9-0.3,0.0,GARC1,RUS,EMB,embB@C549G,U,{},"{""proportion"": 0.0, ""confidence"": [0.0, 0.7301340512159458], ""p_value"": 1.0, ""contingency"": [[0, 1], [291, 24335]]}",{}
602,NC00962.3,EMB-0.25-0.9-0.3,0.0,GARC1,RUS,EMB,embA@T113M,U,{},"{""proportion"": 0.0, ""confidence"": [0.0, 0.7301340512159458], ""p_value"": 1.0, ""contingency"": [[0, 1], [291, 24335]]}",{}
603,NC00962.3,EMB-0.25-0.9-0.3,0.0,GARC1,RUS,EMB,embB@A201T,U,{},"{""proportion"": 0.0, ""confidence"": [0.0, 0.7301340512159458], ""p_value"": 1.0, ""contingency"": [[0, 1], [291, 24335]]}",{}
604,NC00962.3,EMB-0.25-0.9-0.3,0.0,GARC1,RUS,EMB,embA@L723V,U,{},"{""proportion"": 0.0, ""confidence"": [0.0, 0.7301340512159458], ""p_value"": 1.0, ""contingency"": [[0, 1], [291, 24335]]}",{}
605,NC00962.3,EMB-0.25-0.9-0.3,0.0,GARC1,RUS,EMB,embB@D869E,U,{},"{""proportion"": 0.0, ""confidence"": [0.0, 0.4741955741575127], ""p_value"": 1.0, ""contingency"": [[0, 3], [291, 24335]]}",{}
606,NC00962.3,EMB-0.25-0.9-0.3,0.0,GARC1,RUS,EMB,embA@T688M,U,{},"{""proportion"": 0.0, ""confidence"": [0.0, 0.7301340512159458], ""p_value"": 1.0, ""contingency"": [[0, 1], [291, 24335]]}",{}
607,NC00962.3,EMB-0.25-0.9-0.3,0.0,GARC1,RUS,EMB,embB@F628S,U,{},"{""proportion"": 0.0, ""confidence"": [0.0, 0.5749693909936535], ""p_value"": 1.0, ""contingency"": [[0, 2], [291, 24335]]}",{}
608,NC00962.3,EMB-0.25-0.9-0.3,0.0,GARC1,RUS,EMB,embA@I877T,U,{},"{""proportion"": 0.0, ""confidence"": [0.0, 0.5749693909936535], ""p_value"": 1.0, ""contingency"": [[0, 2], [291, 24335]]}",{}
609,NC00962.3,EMB-0.25-0.9-0.3,0.0,GARC1,RUS,EMB,embB@S261P,U,{},"{""proportion"": 0.0, ""confidence"": [0.0, 0.7301340512159458], ""p_value"": 1.0, ""contingency"": [[0, 1], [291, 24335]]}",{}
610,NC00962.3,EMB-0.25-0.9-0.3,0.0,GARC1,RUS,EMB,embB@K820N,U,{},"{""proportion"": 0.0, ""confidence"": [0.0, 0.7301340512159458], ""p_value"": 1.0, ""contingency"": [[0, 1], [291, 24335]]}",{}
611,NC00962.3,EMB-0.25-0.9-0.3,0.0,GARC1,RUS,EMB,embB@G914R,U,{},"{""proportion"": 0.0, ""confidence"": [0.0, 0.7301340512159458], ""p_value"": 1.0, ""contingency"": [[0, 1], [291, 24335]]}",{}
612,NC00962.3,EMB-0.25-0.9-0.3,0.0,GARC1,RUS,EMB,embA@T652M,U,{},"{""proportion"": 0.0, ""confidence"": [0.0, 0.7301340512159458], ""p_value"": 1.0, ""contingency"": [[0, 1], [291, 24335]]}",{}
613,NC00962.3,EMB-0.25-0.9-0.3,0.0,GARC1,RUS,EMB,embB@V508F,U,{},"{""proportion"": 0.0, ""confidence"": [0.0, 0.4741955741575127], ""p_value"": 1.0, ""contingency"": [[0, 3], [291, 24335]]}",{}
614,NC00962.3,EMB-0.25-0.9-0.3,0.0,GARC1,RUS,EMB,embB@I1039M,U,{},"{""proportion"": 0.0, ""confidence"": [0.0, 0.31078398130591417], ""p_value"": 0.347412109375, ""contingency"": [[0, 6], [291, 24335]]}",{}
615,NC00962.3,EMB-0.25-0.9-0.3,0.0,GARC1,RUS,EMB,embA@T40I,U,{},"{""proportion"": 0.0, ""confidence"": [0.0, 0.7301340512159458], ""p_value"": 1.0, ""contingency"": [[0, 1], [291, 24335]]}",{}
616,NC00962.3,EMB-0.25-0.9-0.3,0.0,GARC1,RUS,EMB,embA@V89M,U,{},"{""proportion"": 0.0, ""confidence"": [0.0, 0.7301340512159458], ""p_value"": 1.0, ""contingency"": [[0, 1], [291, 24335]]}",{}
617,NC00962.3,EMB-0.25-0.9-0.3,0.0,GARC1,RUS,EMB,embA@Y307H,U,{},"{""proportion"": 0.0, ""confidence"": [0.0, 0.4741955741575127], ""p_value"": 1.0, ""contingency"": [[0, 3], [291, 24335]]}",{}
618,NC00962.3,EMB-0.25-0.9-0.3,0.0,GARC1,RUS,EMB,embB@V888M,U,{},"{""proportion"": 0.0, ""confidence"": [0.0, 0.7301340512159458], ""p_value"": 1.0, ""contingency"": [[0, 1], [291, 24335]]}",{}
619,NC00962.3,EMB-0.25-0.9-0.3,0.0,GARC1,RUS,EMB,embA@c-3t,U,{},"{""proportion"": 0.0, ""confidence"": [0.0, 0.7301340512159458], ""p_value"": 1.0, ""contingency"": [[0, 1], [291, 24335]]}",{}
620,NC00962.3,EMB-0.25-0.9-0.3,0.0,GARC1,RUS,EMB,embB@I578V,U,{},"{""proportion"": 0.0, ""confidence"": [0.0, 0.7301340512159458], ""p_value"": 1.0, ""contingency"": [[0, 1], [291, 24335]]}",{}
621,NC00962.3,EMB-0.25-0.9-0.3,0.0,GARC1,RUS,EMB,embA@P976T,U,{},"{""proportion"": 0.0, ""confidence"": [0.0, 0.5749693909936535], ""p_value"": 1.0, ""contingency"": [[0, 2], [291, 24335]]}",{}
622,NC00962.3,EMB-0.25-0.9-0.3,0.0,GARC1,RUS,EMB,embB@I545M,U,{},"{""proportion"": 0.0, ""confidence"": [0.0, 0.5749693909936535], ""p_value"": 1.0, ""contingency"": [[0, 2], [291, 24335]]}",{}
623,NC00962.3,EMB-0.25-0.9-0.3,0.0,GARC1,RUS,EMB,embB@D758N,U,{},"{""proportion"": 0.0, ""confidence"": [0.0, 0.5749693909936535], ""p_value"": 1.0, ""contingency"": [[0, 2], [291, 24335]]}",{}
624,NC00962.3,EMB-0.25-0.9-0.3,0.0,GARC1,RUS,EMB,embB@M939I,U,{},"{""proportion"": 0.0, ""confidence"": [0.0, 0.7301340512159458], ""p_value"": 1.0, ""contingency"": [[0, 1], [291, 24335]]}",{}
625,NC00962.3,EMB-0.25-0.9-0.3,0.0,GARC1,RUS,EMB,embA@P774H,U,{},"{""proportion"": 0.0, ""confidence"": [0.0, 0.5749693909936535], ""p_value"": 1.0, ""contingency"": [[0, 2], [291, 24335]]}",{}
626,NC00962.3,EMB-0.25-0.9-0.3,0.0,GARC1,RUS,EMB,embB@G37S,U,{},"{""proportion"": 0.0, ""confidence"": [0.0, 0.3511165007651012], ""p_value"": 0.34082031250000006, ""contingency"": [[0, 5], [291, 24335]]}",{}
627,NC00962.3,EMB-0.25-0.9-0.3,0.0,GARC1,RUS,EMB,embA@V819I,U,{},"{""proportion"": 0.0, ""confidence"": [0.0, 0.7301340512159458], ""p_value"": 1.0, ""contingency"": [[0, 1], [291, 24335]]}",{}
628,NC00962.3,EMB-0.25-0.9-0.3,0.0,GARC1,RUS,EMB,embB@G836E,U,{},"{""proportion"": 0.0, ""confidence"": [0.0, 0.5749693909936535], ""p_value"": 1.0, ""contingency"": [[0, 2], [291, 24335]]}",{}
629,NC00962.3,EMB-0.25-0.9-0.3,0.0,GARC1,RUS,EMB,embA@G841A,U,{},"{""proportion"": 0.0, ""confidence"": [0.0, 0.4741955741575127], ""p_value"": 1.0, ""contingency"": [[0, 3], [291, 24335]]}",{}
630,NC00962.3,EMB-0.25-0.9-0.3,0.0,GARC1,RUS,EMB,embB@R568H,U,{},"{""proportion"": 0.0, ""confidence"": [0.0, 0.7301340512159458], ""p_value"": 1.0, ""contingency"": [[0, 1], [291, 24335]]}",{}
631,NC00962.3,EMB-0.25-0.9-0.3,0.0,GARC1,RUS,EMB,embA@S994F,U,{},"{""proportion"": 0.0, ""confidence"": [0.0, 0.7301340512159458], ""p_value"": 1.0, ""contingency"": [[0, 1], [291, 24335]]}",{}
632,NC00962.3,EMB-0.25-0.9-0.3,0.0,GARC1,RUS,EMB,embA@P1087S,U,{},"{""proportion"": 0.0, ""confidence"": [0.0, 0.7301340512159458], ""p_value"": 1.0, ""contingency"": [[0, 1], [291, 24335]]}",{}
633,NC00962.3,EMB-0.25-0.9-0.3,0.0,GARC1,RUS,EMB,embA@A721T,U,{},"{""proportion"": 0.0, ""confidence"": [0.0, 0.5749693909936535], ""p_value"": 1.0, ""contingency"": [[0, 2], [291, 24335]]}",{}
634,NC00962.3,EMB-0.25-0.9-0.3,0.0,GARC1,RUS,EMB,embB@D57G,U,{},"{""proportion"": 0.0, ""confidence"": [0.0, 0.5749693909936535], ""p_value"": 1.0, ""contingency"": [[0, 2], [291, 24335]]}",{}
635,NC00962.3,EMB-0.25-0.9-0.3,0.0,GARC1,RUS,EMB,embA@L614M,U,{},"{""proportion"": 0.0, ""confidence"": [0.0, 0.7301340512159458], ""p_value"": 1.0, ""contingency"": [[0, 1], [291, 24335]]}",{}
636,NC00962.3,EMB-0.25-0.9-0.3,0.0,GARC1,RUS,EMB,embA@Y276C,U,{},"{""proportion"": 0.0, ""confidence"": [0.0, 0.7301340512159458], ""p_value"": 1.0, ""contingency"": [[0, 1], [291, 24335]]}",{}
637,NC00962.3,EMB-0.25-0.9-0.3,0.0,GARC1,RUS,EMB,embB@E1008A,U,{},"{""proportion"": 0.0, ""confidence"": [0.0, 0.7301340512159458], ""p_value"": 1.0, ""contingency"": [[0, 1], [291, 24335]]}",{}
638,NC00962.3,EMB-0.25-0.9-0.3,0.0,GARC1,RUS,EMB,embA@L832F,U,{},"{""proportion"": 0.0, ""confidence"": [0.0, 0.7301340512159458], ""p_value"": 1.0, ""contingency"": [[0, 1], [291, 24335]]}",{}
639,NC00962.3,EMB-0.25-0.9-0.3,0.0,GARC1,RUS,EMB,embB@P766R,U,{},"{""proportion"": 0.0, ""confidence"": [0.0, 0.5749693909936535], ""p_value"": 1.0, ""contingency"": [[0, 2], [291, 24335]]}",{}
640,NC00962.3,EMB-0.25-0.9-0.3,0.0,GARC1,RUS,EMB,embA@A1069V,U,{},"{""proportion"": 0.0, ""confidence"": [0.0, 0.7301340512159458], ""p_value"": 1.0, ""contingency"": [[0, 1], [291, 24335]]}",{}
641,NC00962.3,EMB-0.25-0.9-0.3,0.0,GARC1,RUS,EMB,embA@V698I,U,{},"{""proportion"": 0.0, ""confidence"": [0.0, 0.5749693909936535], ""p_value"": 1.0, ""contingency"": [[0, 2], [291, 24335]]}",{}
642,NC00962.3,EMB-0.25-0.9-0.3,0.0,GARC1,RUS,EMB,embA@R472G,U,{},"{""proportion"": 0.0, ""confidence"": [0.0, 0.7301340512159458], ""p_value"": 1.0, ""contingency"": [[0, 1], [291, 24335]]}",{}
643,NC00962.3,EMB-0.25-0.9-0.3,0.0,GARC1,RUS,EMB,embB@V42L,U,{},"{""proportion"": 0.0, ""confidence"": [0.0, 0.7301340512159458], ""p_value"": 1.0, ""contingency"": [[0, 1], [291, 24335]]}",{}
644,NC00962.3,EMB-0.25-0.9-0.3,0.0,GARC1,RUS,EMB,embA@L62M,U,{},"{""proportion"": 0.0, ""confidence"": [0.0, 0.7301340512159458], ""p_value"": 1.0, ""contingency"": [[0, 1], [291, 24335]]}",{}
645,NC00962.3,EMB-0.25-0.9-0.3,0.0,GARC1,RUS,EMB,embA@H665Y,U,{},"{""proportion"": 0.0, ""confidence"": [0.0, 0.5749693909936535], ""p_value"": 1.0, ""contingency"": [[0, 2], [291, 24335]]}",{}
646,NC00962.3,EMB-0.25-0.9-0.3,0.0,GARC1,RUS,EMB,embB@A630T,U,{},"{""proportion"": 0.0, ""confidence"": [0.0, 0.7301340512159458], ""p_value"": 1.0, ""contingency"": [[0, 1], [291, 24335]]}",{}
647,NC00962.3,EMB-0.25-0.9-0.3,0.0,GARC1,RUS,EMB,embA@D176A,U,{},"{""proportion"": 0.0, ""confidence"": [0.0, 0.5749693909936535], ""p_value"": 1.0, ""contingency"": [[0, 2], [291, 24335]]}",{}
648,NC00962.3,EMB-0.25-0.9-0.3,0.0,GARC1,RUS,EMB,embA@A736V,U,{},"{""proportion"": 0.0, ""confidence"": [0.0, 0.7301340512159458], ""p_value"": 1.0, ""contingency"": [[0, 1], [291, 24335]]}",{}
649,NC00962.3,EMB-0.25-0.9-0.3,0.0,GARC1,RUS,EMB,embB@V793I,U,{},"{""proportion"": 0.0, ""confidence"": [0.0, 0.4741955741575127], ""p_value"": 1.0, ""contingency"": [[0, 3], [291, 24335]]}",{}
650,NC00962.3,EMB-0.25-0.9-0.3,0.0,GARC1,RUS,EMB,embB@2943_del_gca,U,{},"{""proportion"": 0.0, ""confidence"": [0.0, 0.5749693909936535], ""p_value"": 1.0, ""contingency"": [[0, 2], [291, 24335]]}",{}
651,NC00962.3,EMB-0.25-0.9-0.3,0.0,GARC1,RUS,EMB,embB@M764L,U,{},"{""proportion"": 0.0, ""confidence"": [0.0, 0.7301340512159458], ""p_value"": 1.0, ""contingency"": [[0, 1], [291, 24335]]}",{}
652,NC00962.3,EMB-0.25-0.9-0.3,0.0,GARC1,RUS,EMB,embB@A903T,U,{},"{""proportion"": 0.0, ""confidence"": [0.0, 0.7301340512159458], ""p_value"": 1.0, ""contingency"": [[0, 1], [291, 24335]]}",{}
653,NC00962.3,EMB-0.25-0.9-0.3,0.0,GARC1,RUS,EMB,embB@G851V,U,{},"{""proportion"": 0.0, ""confidence"": [0.0, 0.7301340512159458], ""p_value"": 1.0, ""contingency"": [[0, 1], [291, 24335]]}",{}
654,NC00962.3,EMB-0.25-0.9-0.3,0.0,GARC1,RUS,EMB,embA@D144N,U,{},"{""proportion"": 0.0, ""confidence"": [0.0, 0.7301340512159458], ""p_value"": 1.0, ""contingency"": [[0, 1], [291, 24335]]}",{}
655,NC00962.3,EMB-0.25-0.9-0.3,0.0,GARC1,RUS,EMB,embA@A460T,U,{},"{""proportion"": 0.0, ""confidence"": [0.0, 0.40347862520270455], ""p_value"": 0.578125, ""contingency"": [[0, 4], [291, 24335]]}",{}
656,NC00962.3,EMB-0.25-0.9-0.3,0.0,GARC1,RUS,EMB,embA@R1047G,U,{},"{""proportion"": 0.0, ""confidence"": [0.0, 0.5749693909936535], ""p_value"": 1.0, ""contingency"": [[0, 2], [291, 24335]]}",{}
657,NC00962.3,EMB-0.25-0.9-0.3,0.0,GARC1,RUS,EMB,embA@I1007L,U,{},"{""proportion"": 0.0, ""confidence"": [0.0, 0.7301340512159458], ""p_value"": 1.0, ""contingency"": [[0, 1], [291, 24335]]}",{}
658,NC00962.3,EMB-0.25-0.9-0.3,0.0,GARC1,RUS,EMB,embA@G154S,U,{},"{""proportion"": 0.0, ""confidence"": [0.0, 0.7301340512159458], ""p_value"": 1.0, ""contingency"": [[0, 1], [291, 24335]]}",{}
659,NC00962.3,EMB-0.25-0.9-0.3,0.0,GARC1,RUS,EMB,embB@A840G,U,{},"{""proportion"": 0.0, ""confidence"": [0.0, 0.7301340512159458], ""p_value"": 1.0, ""contingency"": [[0, 1], [291, 24335]]}",{}
660,NC00962.3,EMB-0.25-0.9-0.3,0.0,GARC1,RUS,EMB,embB@M575V,U,{},"{""proportion"": 0.0, ""confidence"": [0.0, 0.5749693909936535], ""p_value"": 1.0, ""contingency"": [[0, 2], [291, 24335]]}",{}
661,NC00962.3,EMB-0.25-0.9-0.3,0.0,GARC1,RUS,EMB,embB@E149K,U,{},"{""proportion"": 0.0, ""confidence"": [0.0, 0.7301340512159458], ""p_value"": 1.0, ""contingency"": [[0, 1], [291, 24335]]}",{}
662,NC00962.3,EMB-0.25-0.9-0.3,0.0,GARC1,RUS,EMB,embA@A127V,U,{},"{""proportion"": 0.0, ""confidence"": [0.0, 0.5749693909936535], ""p_value"": 1.0, ""contingency"": [[0, 2], [291, 24335]]}",{}
663,NC00962.3,EMB-0.25-0.9-0.3,0.0,GARC1,RUS,EMB,embA@G1077S,U,{},"{""proportion"": 0.0, ""confidence"": [0.0, 0.7301340512159458], ""p_value"": 1.0, ""contingency"": [[0, 1], [291, 24335]]}",{}
664,NC00962.3,EMB-0.25-0.9-0.3,0.0,GARC1,RUS,EMB,embB@G314S,U,{},"{""proportion"": 0.0, ""confidence"": [0.0, 0.7301340512159458], ""p_value"": 1.0, ""contingency"": [[0, 1], [291, 24335]]}",{}
665,NC00962.3,EMB-0.25-0.9-0.3,0.0,GARC1,RUS,EMB,embB@D814A,U,{},"{""proportion"": 0.0, ""confidence"": [0.0, 0.4741955741575127], ""p_value"": 1.0, ""contingency"": [[0, 3], [291, 24335]]}",{}
666,NC00962.3,EMB-0.25-0.9-0.3,0.0,GARC1,RUS,EMB,embA@H140D,U,{},"{""proportion"": 0.0, ""confidence"": [0.0, 0.7301340512159458], ""p_value"": 1.0, ""contingency"": [[0, 1], [291, 24335]]}",{}
667,NC00962.3,EMB-0.25-0.9-0.3,0.0,GARC1,RUS,EMB,embB@G694D,U,{},"{""proportion"": 0.0, ""confidence"": [0.0, 0.7301340512159458], ""p_value"": 1.0, ""contingency"": [[0, 1], [291, 24335]]}",{}
668,NC00962.3,EMB-0.25-0.9-0.3,0.0,GARC1,RUS,EMB,embB@A102T,U,{},"{""proportion"": 0.0, ""confidence"": [0.0, 0.7301340512159458], ""p_value"": 1.0, ""contingency"": [[0, 1], [291, 24335]]}",{}
669,NC00962.3,EMB-0.25-0.9-0.3,0.0,GARC1,RUS,EMB,embA@G86V,U,{},"{""proportion"": 0.0, ""confidence"": [0.0, 0.3511165007651012], ""p_value"": 0.34082031250000006, ""contingency"": [[0, 5], [291, 24335]]}",{}
670,NC00962.3,EMB-0.25-0.9-0.3,0.0,GARC1,RUS,EMB,embB@Y384S,U,{},"{""proportion"": 0.0, ""confidence"": [0.0, 0.7301340512159458], ""p_value"": 1.0, ""contingency"": [[0, 1], [291, 24335]]}",{}
671,NC00962.3,EMB-0.25-0.9-0.3,0.0,GARC1,RUS,EMB,embB@D108N,U,{},"{""proportion"": 0.0, ""confidence"": [0.0, 0.7301340512159458], ""p_value"": 1.0, ""contingency"": [[0, 1], [291, 24335]]}",{}
672,NC00962.3,EMB-0.25-0.9-0.3,0.0,GARC1,RUS,EMB,embA@V1073I,U,{},"{""proportion"": 0.0, ""confidence"": [0.0, 0.25272359742376316], ""p_value"": 0.21392822265625003, ""contingency"": [[0, 8], [291, 24335]]}",{}
673,NC00962.3,EMB-0.25-0.9-0.3,0.0,GARC1,RUS,EMB,embB@G748E,U,{},"{""proportion"": 0.0, ""confidence"": [0.0, 0.5749693909936535], ""p_value"": 1.0, ""contingency"": [[0, 2], [291, 24335]]}",{}
674,NC00962.3,EMB-0.25-0.9-0.3,0.0,GARC1,RUS,EMB,embB@V948M,U,{},"{""proportion"": 0.0, ""confidence"": [0.0, 0.7301340512159458], ""p_value"": 1.0, ""contingency"": [[0, 1], [291, 24335]]}",{}
675,NC00962.3,EMB-0.25-0.9-0.3,0.0,GARC1,RUS,EMB,embA@P164L,U,{},"{""proportion"": 0.0, ""confidence"": [0.0, 0.7301340512159458], ""p_value"": 1.0, ""contingency"": [[0, 1], [291, 24335]]}",{}
676,NC00962.3,EMB-0.25-0.9-0.3,0.0,GARC1,RUS,EMB,embA@G353R,U,{},"{""proportion"": 0.0, ""confidence"": [0.0, 0.5749693909936535], ""p_value"": 1.0, ""contingency"": [[0, 2], [291, 24335]]}",{}
677,NC00962.3,EMB-0.25-0.9-0.3,0.0,GARC1,RUS,EMB,embB@A683V,U,{},"{""proportion"": 0.0, ""confidence"": [0.0, 0.5749693909936535], ""p_value"": 1.0, ""contingency"": [[0, 2], [291, 24335]]}",{}
678,NC00962.3,EMB-0.25-0.9-0.3,0.0,GARC1,RUS,EMB,embB@A608T,U,{},"{""proportion"": 0.0, ""confidence"": [0.0, 0.7301340512159458], ""p_value"": 1.0, ""contingency"": [[0, 1], [291, 24335]]}",{}
679,NC00962.3,EMB-0.25-0.9-0.3,0.0,GARC1,RUS,EMB,embB@R728Q,U,{},"{""proportion"": 0.0, ""confidence"": [0.0, 0.7301340512159458], ""p_value"": 1.0, ""contingency"": [[0, 1], [291, 24335]]}",{}
680,NC00962.3,EMB-0.25-0.9-0.3,0.0,GARC1,RUS,EMB,embB@S66G,U,{},"{""proportion"": 0.0, ""confidence"": [0.0, 0.7301340512159458], ""p_value"": 1.0, ""contingency"": [[0, 1], [291, 24335]]}",{}
681,NC00962.3,EMB-0.25-0.9-0.3,0.0,GARC1,RUS,EMB,embA@A159S,U,{},"{""proportion"": 0.0, ""confidence"": [0.0, 0.7301340512159458], ""p_value"": 1.0, ""contingency"": [[0, 1], [291, 24335]]}",{}
682,NC00962.3,EMB-0.25-0.9-0.3,0.0,GARC1,RUS,EMB,embB@N399T,U,{},"{""proportion"": 0.0, ""confidence"": [0.0, 0.5749693909936535], ""p_value"": 1.0, ""contingency"": [[0, 2], [291, 24335]]}",{}
683,NC00962.3,EMB-0.25-0.9-0.3,0.0,GARC1,RUS,EMB,embA@P327L,U,{},"{""proportion"": 0.0, ""confidence"": [0.0, 0.5749693909936535], ""p_value"": 1.0, ""contingency"": [[0, 2], [291, 24335]]}",{}
684,NC00962.3,EMB-0.25-0.9-0.3,0.0,GARC1,RUS,EMB,embA@G1048R,U,{},"{""proportion"": 0.0, ""confidence"": [0.0, 0.7301340512159458], ""p_value"": 1.0, ""contingency"": [[0, 1], [291, 24335]]}",{}
685,NC00962.3,EMB-0.25-0.9-0.3,0.0,GARC1,RUS,EMB,embA@G554A,U,{},"{""proportion"": 0.0, ""confidence"": [0.0, 0.7301340512159458], ""p_value"": 1.0, ""contingency"": [[0, 1], [291, 24335]]}",{}
686,NC00962.3,EMB-0.25-0.9-0.3,0.0,GARC1,RUS,EMB,embB@V39L,U,{},"{""proportion"": 0.0, ""confidence"": [0.0, 0.5749693909936535], ""p_value"": 1.0, ""contingency"": [[0, 2], [291, 24335]]}",{}
687,NC00962.3,EMB-0.25-0.9-0.3,0.0,GARC1,RUS,EMB,embA@A827G,U,{},"{""proportion"": 0.0, ""confidence"": [0.0, 0.7301340512159458], ""p_value"": 1.0, ""contingency"": [[0, 1], [291, 24335]]}",{}
688,NC00962.3,EMB-0.25-0.9-0.3,0.0,GARC1,RUS,EMB,embB@F743L,U,{},"{""proportion"": 0.0, ""confidence"": [0.0, 0.5749693909936535], ""p_value"": 1.0, ""contingency"": [[0, 2], [291, 24335]]}",{}
689,NC00962.3,EMB-0.25-0.9-0.3,0.0,GARC1,RUS,EMB,embA@N679K,U,{},"{""proportion"": 0.0, ""confidence"": [0.0, 0.7301340512159458], ""p_value"": 1.0, ""contingency"": [[0, 1], [291, 24335]]}",{}
690,NC00962.3,EMB-0.25-0.9-0.3,0.0,GARC1,RUS,EMB,embA@Q169E,U,{},"{""proportion"": 0.0, ""confidence"": [0.0, 0.4741955741575127], ""p_value"": 1.0, ""contingency"": [[0, 3], [291, 24335]]}",{}
691,NC00962.3,EMB-0.25-0.9-0.3,0.0,GARC1,RUS,EMB,embA@A936V,U,{},"{""proportion"": 0.0, ""confidence"": [0.0, 0.5749693909936535], ""p_value"": 1.0, ""contingency"": [[0, 2], [291, 24335]]}",{}
692,NC00962.3,EMB-0.25-0.9-0.3,0.0,GARC1,RUS,EMB,embA@L894V,U,{},"{""proportion"": 0.0, ""confidence"": [0.0, 0.5749693909936535], ""p_value"": 1.0, ""contingency"": [[0, 2], [291, 24335]]}",{}
693,NC00962.3,EMB-0.25-0.9-0.3,0.0,GARC1,RUS,EMB,embB@A295V,U,{},"{""proportion"": 0.0, ""confidence"": [0.0, 0.5749693909936535], ""p_value"": 1.0, ""contingency"": [[0, 2], [291, 24335]]}",{}
694,NC00962.3,EMB-0.25-0.9-0.3,0.0,GARC1,RUS,EMB,embA@E1075V,U,{},"{""proportion"": 0.0, ""confidence"": [0.0, 0.5749693909936535], ""p_value"": 1.0, ""contingency"": [[0, 2], [291, 24335]]}",{}
695,NC00962.3,EMB-0.25-0.9-0.3,0.0,GARC1,RUS,EMB,embB@R61W,U,{},"{""proportion"": 0.0, ""confidence"": [0.0, 0.5749693909936535], ""p_value"": 1.0, ""contingency"": [[0, 2], [291, 24335]]}",{}
696,NC00962.3,EMB-0.25-0.9-0.3,0.0,GARC1,RUS,EMB,embB@D970G,U,{},"{""proportion"": 0.0, ""confidence"": [0.0, 0.4741955741575127], ""p_value"": 1.0, ""contingency"": [[0, 3], [291, 24335]]}",{}
697,NC00962.3,EMB-0.25-0.9-0.3,0.0,GARC1,RUS,EMB,embA@g-83a,U,{},"{""proportion"": 0.0, ""confidence"": [0.0, 0.5749693909936535], ""p_value"": 1.0, ""contingency"": [[0, 2], [291, 24335]]}",{}
698,NC00962.3,EMB-0.25-0.9-0.3,0.0,GARC1,RUS,EMB,embA@R346Q,U,{},"{""proportion"": 0.0, ""confidence"": [0.0, 0.5749693909936535], ""p_value"": 1.0, ""contingency"": [[0, 2], [291, 24335]]}",{}
699,NC00962.3,EMB-0.25-0.9-0.3,0.0,GARC1,RUS,EMB,embB@L971V,U,{},"{""proportion"": 0.0, ""confidence"": [0.0, 0.5749693909936535], ""p_value"": 1.0, ""contingency"": [[0, 2], [291, 24335]]}",{}
700,NC00962.3,EMB-0.25-0.9-0.3,0.0,GARC1,RUS,EMB,embB@E901D,U,{},"{""proportion"": 0.0, ""confidence"": [0.0, 0.40347862520270455], ""p_value"": 0.578125, ""contingency"": [[0, 4], [291, 24335]]}",{}
701,NC00962.3,EMB-0.25-0.9-0.3,0.0,GARC1,RUS,EMB,embB@R267P,U,{},"{""proportion"": 0.0, ""confidence"": [0.0, 0.40347862520270455], ""p_value"": 0.578125, ""contingency"": [[0, 4], [291, 24335]]}",{}
702,NC00962.3,EMB-0.25-0.9-0.3,0.0,GARC1,RUS,EMB,embB@A716V,U,{},"{""proportion"": 0.0, ""confidence"": [0.0, 0.7301340512159458], ""p_value"": 1.0, ""contingency"": [[0, 1], [291, 24335]]}",{}
703,NC00962.3,EMB-0.25-0.9-0.3,0.0,GARC1,RUS,EMB,embA@V211M,U,{},"{""proportion"": 0.0, ""confidence"": [0.0, 0.7301340512159458], ""p_value"": 1.0, ""contingency"": [[0, 1], [291, 24335]]}",{}
704,NC00962.3,EMB-0.25-0.9-0.3,0.0,GARC1,RUS,EMB,embB@A43V,U,{},"{""proportion"": 0.0, ""confidence"": [0.0, 0.7301340512159458], ""p_value"": 1.0, ""contingency"": [[0, 1], [291, 24335]]}",{}
705,NC00962.3,EMB-0.25-0.9-0.3,0.0,GARC1,RUS,EMB,embB@A571T,U,{},"{""proportion"": 0.0, ""confidence"": [0.0, 0.7301340512159458], ""p_value"": 1.0, ""contingency"": [[0, 1], [291, 24335]]}",{}
706,NC00962.3,EMB-0.25-0.9-0.3,0.0,GARC1,RUS,EMB,embB@S119N,U,{},"{""proportion"": 0.0, ""confidence"": [0.0, 0.5749693909936535], ""p_value"": 1.0, ""contingency"": [[0, 2], [291, 24335]]}",{}
707,NC00962.3,EMB-0.25-0.9-0.3,0.0,GARC1,RUS,EMB,embA@R1062L,U,{},"{""proportion"": 0.0, ""confidence"": [0.0, 0.7301340512159458], ""p_value"": 1.0, ""contingency"": [[0, 1], [291, 24335]]}",{}
708,NC00962.3,EMB-0.25-0.9-0.3,0.0,GARC1,RUS,EMB,embA@A1000T,U,{},"{""proportion"": 0.0, ""confidence"": [0.0, 0.7301340512159458], ""p_value"": 1.0, ""contingency"": [[0, 1], [291, 24335]]}",{}
709,NC00962.3,EMB-0.25-0.9-0.3,0.0,GARC1,RUS,EMB,embB@G736S,U,{},"{""proportion"": 0.0, ""confidence"": [0.0, 0.7301340512159458], ""p_value"": 1.0, ""contingency"": [[0, 1], [291, 24335]]}",{}
710,NC00962.3,EMB-0.25-0.9-0.3,0.0,GARC1,RUS,EMB,embA@V911A,U,{},"{""proportion"": 0.0, ""confidence"": [0.0, 0.5749693909936535], ""p_value"": 1.0, ""contingency"": [[0, 2], [291, 24335]]}",{}
711,NC00962.3,EMB-0.25-0.9-0.3,0.0,GARC1,RUS,EMB,embB@Q112H,U,{},"{""proportion"": 0.0, ""confidence"": [0.0, 0.7301340512159458], ""p_value"": 1.0, ""contingency"": [[0, 1], [291, 24335]]}",{}
712,NC00962.3,EMB-0.25-0.9-0.3,0.0,GARC1,RUS,EMB,embB@K218N,U,{},"{""proportion"": 0.0, ""confidence"": [0.0, 0.7301340512159458], ""p_value"": 1.0, ""contingency"": [[0, 1], [291, 24335]]}",{}
713,NC00962.3,EMB-0.25-0.9-0.3,0.0,GARC1,RUS,EMB,embA@D305G,U,{},"{""proportion"": 0.0, ""confidence"": [0.0, 0.5749693909936535], ""p_value"": 1.0, ""contingency"": [[0, 2], [291, 24335]]}",{}
714,NC00962.3,EMB-0.25-0.9-0.3,0.0,GARC1,RUS,EMB,embB@A679S,U,{},"{""proportion"": 0.0, ""confidence"": [0.0, 0.7301340512159458], ""p_value"": 1.0, ""contingency"": [[0, 1], [291, 24335]]}",{}
715,NC00962.3,EMB-0.25-0.9-0.3,0.0,GARC1,RUS,EMB,embB@A553T,U,{},"{""proportion"": 0.0, ""confidence"": [0.0, 0.5749693909936535], ""p_value"": 1.0, ""contingency"": [[0, 2], [291, 24335]]}",{}
716,NC00962.3,EMB-0.25-0.9-0.3,0.0,GARC1,RUS,EMB,embA@P633S,U,{},"{""proportion"": 0.0, ""confidence"": [0.0, 0.7301340512159458], ""p_value"": 1.0, ""contingency"": [[0, 1], [291, 24335]]}",{}
717,NC00962.3,EMB-0.25-0.9-0.3,0.0,GARC1,RUS,EMB,embB@G294S,U,{},"{""proportion"": 0.0, ""confidence"": [0.0, 0.7301340512159458], ""p_value"": 1.0, ""contingency"": [[0, 1], [291, 24335]]}",{}
718,NC00962.3,EMB-0.25-0.9-0.3,0.0,GARC1,RUS,EMB,embA@R245W,U,{},"{""proportion"": 0.0, ""confidence"": [0.0, 0.7301340512159458], ""p_value"": 1.0, ""contingency"": [[0, 1], [291, 24335]]}",{}
719,NC00962.3,EMB-0.25-0.9-0.3,0.0,GARC1,RUS,EMB,embA@C28Y,U,{},"{""proportion"": 0.0, ""confidence"": [0.0, 0.7301340512159458], ""p_value"": 1.0, ""contingency"": [[0, 1], [291, 24335]]}",{}
720,NC00962.3,EMB-0.25-0.9-0.3,0.0,GARC1,RUS,EMB,embA@P349Q,U,{},"{""proportion"": 0.0, ""confidence"": [0.0, 0.7301340512159458], ""p_value"": 1.0, ""contingency"": [[0, 1], [291, 24335]]}",{}
722,NC00962.3,EMB-0.25-0.9-0.3,0.0,GARC1,RUS,EMB,embA@2545_del_gcc,U,{},"{""proportion"": 0.0, ""confidence"": [0.0, 0.7301340512159458], ""p_value"": 1.0, ""contingency"": [[0, 1], [291, 24335]]}",{}
723,NC00962.3,EMB-0.25-0.9-0.3,0.0,GARC1,RUS,EMB,embA@S1025L,U,{},"{""proportion"": 0.0, ""confidence"": [0.0, 0.5749693909936535], ""p_value"": 1.0, ""contingency"": [[0, 2], [291, 24335]]}",{}
724,NC00962.3,EMB-0.25-0.9-0.3,0.0,GARC1,RUS,EMB,embA@E701D,U,{},"{""proportion"": 0.0, ""confidence"": [0.0, 0.7301340512159458], ""p_value"": 1.0, ""contingency"": [[0, 1], [291, 24335]]}",{}
725,NC00962.3,EMB-0.25-0.9-0.3,0.0,GARC1,RUS,EMB,embA@S20A,U,{},"{""proportion"": 0.0, ""confidence"": [0.0, 0.3511165007651012], ""p_value"": 0.34082031250000006, ""contingency"": [[0, 5], [291, 24335]]}",{}
726,NC00962.3,EMB-0.25-0.9-0.3,0.0,GARC1,RUS,EMB,embB@V452L,U,{},"{""proportion"": 0.0, ""confidence"": [0.0, 0.5749693909936535], ""p_value"": 1.0, ""contingency"": [[0, 2], [291, 24335]]}",{}
727,NC00962.3,EMB-0.25-0.9-0.3,0.0,GARC1,RUS,EMB,embA@S809F,U,{},"{""proportion"": 0.0, ""confidence"": [0.0, 0.7301340512159458], ""p_value"": 1.0, ""contingency"": [[0, 1], [291, 24335]]}",{}
728,NC00962.3,EMB-0.25-0.9-0.3,0.0,GARC1,RUS,EMB,embA@P774S,U,{},"{""proportion"": 0.0, ""confidence"": [0.0, 0.5749693909936535], ""p_value"": 1.0, ""contingency"": [[0, 2], [291, 24335]]}",{}
729,NC00962.3,EMB-0.25-0.9-0.3,0.0,GARC1,RUS,EMB,embA@R68P,U,{},"{""proportion"": 0.0, ""confidence"": [0.0, 0.4741955741575127], ""p_value"": 1.0, ""contingency"": [[0, 3], [291, 24335]]}",{}
730,NC00962.3,EMB-0.25-0.9-0.3,0.0,GARC1,RUS,EMB,embB@F1012L,U,{},"{""proportion"": 0.0, ""confidence"": [0.0, 0.40347862520270455], ""p_value"": 0.578125, ""contingency"": [[0, 4], [291, 24335]]}",{}
731,NC00962.3,EMB-0.25-0.9-0.3,0.0,GARC1,RUS,EMB,embA@S768I,U,{},"{""proportion"": 0.0, ""confidence"": [0.0, 0.7301340512159458], ""p_value"": 1.0, ""contingency"": [[0, 1], [291, 24335]]}",{}
732,NC00962.3,EMB-0.25-0.9-0.3,0.0,GARC1,RUS,EMB,embB@A1007V,U,{},"{""proportion"": 0.0, ""confidence"": [0.0, 0.7301340512159458], ""p_value"": 1.0, ""contingency"": [[0, 1], [291, 24335]]}",{}
733,NC00962.3,EMB-0.25-0.9-0.3,0.0,GARC1,RUS,EMB,embB@M916T,U,{},"{""proportion"": 0.0, ""confidence"": [0.0, 0.5749693909936535], ""p_value"": 1.0, ""contingency"": [[0, 2], [291, 24335]]}",{}
734,NC00962.3,EMB-0.25-0.9-0.3,0.0,GARC1,RUS,EMB,embA@C527S,U,{},"{""proportion"": 0.0, ""confidence"": [0.0, 0.7301340512159458], ""p_value"": 1.0, ""contingency"": [[0, 1], [291, 24335]]}",{}
735,NC00962.3,EMB-0.25-0.9-0.3,0.0,GARC1,RUS,EMB,embB@K938N,U,{},"{""proportion"": 0.0, ""confidence"": [0.0, 0.4741955741575127], ""p_value"": 1.0, ""contingency"": [[0, 3], [291, 24335]]}",{}
736,NC00962.3,EMB-0.25-0.9-0.3,0.0,GARC1,RUS,EMB,embB@Q51P,U,{},"{""proportion"": 0.0, ""confidence"": [0.0, 0.31078398130591417], ""p_value"": 0.347412109375, ""contingency"": [[0, 6], [291, 24335]]}",{}
737,NC00962.3,EMB-0.25-0.9-0.3,0.0,GARC1,RUS,EMB,embA@G972R,U,{},"{""proportion"": 0.0, ""confidence"": [0.0, 0.5749693909936535], ""p_value"": 1.0, ""contingency"": [[0, 2], [291, 24335]]}",{}
738,NC00962.3,EMB-0.25-0.9-0.3,0.0,GARC1,RUS,EMB,embB@M714I,U,{},"{""proportion"": 0.0, ""confidence"": [0.0, 0.7301340512159458], ""p_value"": 1.0, ""contingency"": [[0, 1], [291, 24335]]}",{}
739,NC00962.3,EMB-0.25-0.9-0.3,0.0,GARC1,RUS,EMB,embA@V676A,U,{},"{""proportion"": 0.0, ""confidence"": [0.0, 0.7301340512159458], ""p_value"": 1.0, ""contingency"": [[0, 1], [291, 24335]]}",{}
740,NC00962.3,EMB-0.25-0.9-0.3,0.0,GARC1,RUS,EMB,embA@c-15g,U,{},"{""proportion"": 0.6666666666666666, ""confidence"": [0.25353386828122415, 0.9217342736662715], ""p_value"": 0.15625, ""contingency"": [[2, 1], [291, 24335]]}",{}
741,NC00962.3,EMB-0.25-0.9-0.3,0.0,GARC1,RUS,EMB,embA@D883A,U,{},"{""proportion"": 0.0, ""confidence"": [0.0, 0.7301340512159458], ""p_value"": 1.0, ""contingency"": [[0, 1], [291, 24335]]}",{}
742,NC00962.3,EMB-0.25-0.9-0.3,0.0,GARC1,RUS,EMB,embB@E976K,U,{},"{""proportion"": 0.0, ""confidence"": [0.0, 0.7301340512159458], ""p_value"": 1.0, ""contingency"": [[0, 1], [291, 24335]]}",{}
743,NC00962.3,EMB-0.25-0.9-0.3,0.0,GARC1,RUS,EMB,embA@R969W,U,{},"{""proportion"": 0.0, ""confidence"": [0.0, 0.5749693909936535], ""p_value"": 1.0, ""contingency"": [[0, 2], [291, 24335]]}",{}
744,NC00962.3,EMB-0.25-0.9-0.3,0.0,GARC1,RUS,EMB,embB@2325_ins_cccttg,U,{},"{""proportion"": 0.0, ""confidence"": [0.0, 0.5749693909936535], ""p_value"": 1.0, ""contingency"": [[0, 2], [291, 24335]]}",{}
745,NC00962.3,EMB-0.25-0.9-0.3,0.0,GARC1,RUS,EMB,embB@L17W,U,{},"{""proportion"": 0.0, ""confidence"": [0.0, 0.7301340512159458], ""p_value"": 1.0, ""contingency"": [[0, 1], [291, 24335]]}",{}
746,NC00962.3,EMB-0.25-0.9-0.3,0.0,GARC1,RUS,EMB,embA@G998D,U,{},"{""proportion"": 0.0, ""confidence"": [0.0, 0.7301340512159458], ""p_value"": 1.0, ""contingency"": [[0, 1], [291, 24335]]}",{}
747,NC00962.3,EMB-0.25-0.9-0.3,0.0,GARC1,RUS,EMB,embB@G199R,U,{},"{""proportion"": 0.0, ""confidence"": [0.0, 0.7301340512159458], ""p_value"": 1.0, ""contingency"": [[0, 1], [291, 24335]]}",{}
748,NC00962.3,EMB-0.25-0.9-0.3,0.0,GARC1,RUS,EMB,embB@R173P,U,{},"{""proportion"": 0.0, ""confidence"": [0.0, 0.7301340512159458], ""p_value"": 1.0, ""contingency"": [[0, 1], [291, 24335]]}",{}
749,NC00962.3,EMB-0.25-0.9-0.3,0.0,GARC1,RUS,EMB,embA@P913L,U,{},"{""proportion"": 0.0, ""confidence"": [0.0, 0.7301340512159458], ""p_value"": 1.0, ""contingency"": [[0, 1], [291, 24335]]}",{}
750,NC00962.3,EMB-0.25-0.9-0.3,0.0,GARC1,RUS,EMB,embA@P455L,U,{},"{""proportion"": 0.0, ""confidence"": [0.0, 0.7301340512159458], ""p_value"": 1.0, ""contingency"": [[0, 1], [291, 24335]]}",{}
751,NC00962.3,EMB-0.25-0.9-0.3,0.0,GARC1,RUS,EMB,embA@L344R,U,{},"{""proportion"": 0.0, ""confidence"": [0.0, 0.7301340512159458], ""p_value"": 1.0, ""contingency"": [[0, 1], [291, 24335]]}",{}
752,NC00962.3,EMB-0.25-0.9-0.3,0.0,GARC1,RUS,EMB,embA@C76F,U,{},"{""proportion"": 0.0, ""confidence"": [0.0, 0.7301340512159458], ""p_value"": 1.0, ""contingency"": [[0, 1], [291, 24335]]}",{}
753,NC00962.3,EMB-0.25-0.9-0.3,0.0,GARC1,RUS,EMB,embA@V676I,U,{},"{""proportion"": 0.0, ""confidence"": [0.0, 0.7301340512159458], ""p_value"": 1.0, ""contingency"": [[0, 1], [291, 24335]]}",{}
754,NC00962.3,EMB-0.25-0.9-0.3,0.0,GARC1,RUS,EMB,embB@E958G,U,{},"{""proportion"": 0.0, ""confidence"": [0.0, 0.7301340512159458], ""p_value"": 1.0, ""contingency"": [[0, 1], [291, 24335]]}",{}
755,NC00962.3,EMB-0.25-0.9-0.3,0.0,GARC1,RUS,EMB,embA@N510T,U,{},"{""proportion"": 0.0, ""confidence"": [0.0, 0.7301340512159458], ""p_value"": 1.0, ""contingency"": [[0, 1], [291, 24335]]}",{}
756,NC00962.3,EMB-0.25-0.9-0.3,0.0,GARC1,RUS,EMB,embA@L347R,U,{},"{""proportion"": 0.0, ""confidence"": [0.0, 0.7301340512159458], ""p_value"": 1.0, ""contingency"": [[0, 1], [291, 24335]]}",{}
757,NC00962.3,EMB-0.25-0.9-0.3,0.0,GARC1,RUS,EMB,embA@A409T,U,{},"{""proportion"": 0.0, ""confidence"": [0.0, 0.5749693909936535], ""p_value"": 1.0, ""contingency"": [[0, 2], [291, 24335]]}",{}
758,NC00962.3,EMB-0.25-0.9-0.3,0.0,GARC1,RUS,EMB,embB@S856R,U,{},"{""proportion"": 0.0, ""confidence"": [0.0, 0.7301340512159458], ""p_value"": 1.0, ""contingency"": [[0, 1], [291, 24335]]}",{}
759,NC00962.3,EMB-0.25-0.9-0.3,0.0,GARC1,RUS,EMB,embB@G1035S,U,{},"{""proportion"": 0.0, ""confidence"": [0.0, 0.7301340512159458], ""p_value"": 1.0, ""contingency"": [[0, 1], [291, 24335]]}",{}
760,NC00962.3,EMB-0.25-0.9-0.3,0.0,GARC1,RUS,EMB,embB@G871V,U,{},"{""proportion"": 0.0, ""confidence"": [0.0, 0.7301340512159458], ""p_value"": 1.0, ""contingency"": [[0, 1], [291, 24335]]}",{}
761,NC00962.3,EMB-0.25-0.9-0.3,0.0,GARC1,RUS,EMB,embA@c-34t,U,{},"{""proportion"": 0.0, ""confidence"": [0.0, 0.3511165007651012], ""p_value"": 0.34082031250000006, ""contingency"": [[0, 5], [291, 24335]]}",{}
762,NC00962.3,EMB-0.25-0.9-0.3,0.0,GARC1,RUS,EMB,embB@A801T,U,{},"{""proportion"": 0.0, ""confidence"": [0.0, 0.3511165007651012], ""p_value"": 0.34082031250000006, ""contingency"": [[0, 5], [291, 24335]]}",{}
763,NC00962.3,EMB-0.25-0.9-0.3,0.0,GARC1,RUS,EMB,embA@A159P,U,{},"{""proportion"": 0.0, ""confidence"": [0.0, 0.7301340512159458], ""p_value"": 1.0, ""contingency"": [[0, 1], [291, 24335]]}",{}
764,NC00962.3,EMB-0.25-0.9-0.3,0.0,GARC1,RUS,EMB,embA@P32L,U,{},"{""proportion"": 0.0, ""confidence"": [0.0, 0.7301340512159458], ""p_value"": 1.0, ""contingency"": [[0, 1], [291, 24335]]}",{}
765,NC00962.3,EMB-0.25-0.9-0.3,0.0,GARC1,RUS,EMB,embB@A637T,U,{},"{""proportion"": 0.0, ""confidence"": [0.0, 0.7301340512159458], ""p_value"": 1.0, ""contingency"": [[0, 1], [291, 24335]]}",{}
766,NC00962.3,EMB-0.25-0.9-0.3,0.0,GARC1,RUS,EMB,embB@D178H,U,{},"{""proportion"": 0.0, ""confidence"": [0.0, 0.7301340512159458], ""p_value"": 1.0, ""contingency"": [[0, 1], [291, 24335]]}",{}
767,NC00962.3,EMB-0.25-0.9-0.3,0.0,GARC1,RUS,EMB,embB@V230A,U,{},"{""proportion"": 0.0, ""confidence"": [0.0, 0.5749693909936535], ""p_value"": 1.0, ""contingency"": [[0, 2], [291, 24335]]}",{}
768,NC00962.3,EMB-0.25-0.9-0.3,0.0,GARC1,RUS,EMB,embA@-39_del_cctcaccgc,U,{},"{""proportion"": 0.0, ""confidence"": [0.0, 0.7301340512159458], ""p_value"": 1.0, ""contingency"": [[0, 1], [291, 24335]]}",{}
769,NC00962.3,EMB-0.25-0.9-0.3,0.0,GARC1,RUS,EMB,embA@Y635H,U,{},"{""proportion"": 0.0, ""confidence"": [0.0, 0.7301340512159458], ""p_value"": 1.0, ""contingency"": [[0, 1], [291, 24335]]}",{}
770,NC00962.3,EMB-0.25-0.9-0.3,0.0,GARC1,RUS,EMB,embB@T642A,U,{},"{""proportion"": 0.0, ""confidence"": [0.0, 0.7301340512159458], ""p_value"": 1.0, ""contingency"": [[0, 1], [291, 24335]]}",{}
771,NC00962.3,EMB-0.25-0.9-0.3,0.0,GARC1,RUS,EMB,embB@A1076T,U,{},"{""proportion"": 0.0, ""confidence"": [0.0, 0.5749693909936535], ""p_value"": 1.0, ""contingency"": [[0, 2], [291, 24335]]}",{}
772,NC00962.3,EMB-0.25-0.9-0.3,0.0,GARC1,RUS,EMB,embB@Y813D,U,{},"{""proportion"": 0.0, ""confidence"": [0.0, 0.5749693909936535], ""p_value"": 1.0, ""contingency"": [[0, 2], [291, 24335]]}",{}
773,NC00962.3,EMB-0.25-0.9-0.3,0.0,GARC1,RUS,EMB,embA@F927L,U,{},"{""proportion"": 0.0, ""confidence"": [0.0, 0.7301340512159458], ""p_value"": 1.0, ""contingency"": [[0, 1], [291, 24335]]}",{}
774,NC00962.3,EMB-0.25-0.9-0.3,0.0,GARC1,RUS,EMB,embB@Q139H,U,{},"{""proportion"": 0.0, ""confidence"": [0.0, 0.5749693909936535], ""p_value"": 1.0, ""contingency"": [[0, 2], [291, 24335]]}",{}
775,NC00962.3,EMB-0.25-0.9-0.3,0.0,GARC1,RUS,EMB,embB@P93L,U,{},"{""proportion"": 0.0, ""confidence"": [0.0, 0.40347862520270455], ""p_value"": 0.578125, ""contingency"": [[0, 4], [291, 24335]]}",{}
776,NC00962.3,EMB-0.25-0.9-0.3,0.0,GARC1,RUS,EMB,embA@G29S,U,{},"{""proportion"": 0.0, ""confidence"": [0.0, 0.7301340512159458], ""p_value"": 1.0, ""contingency"": [[0, 1], [291, 24335]]}",{}
777,NC00962.3,EMB-0.25-0.9-0.3,0.0,GARC1,RUS,EMB,embA@G596D,U,{},"{""proportion"": 0.0, ""confidence"": [0.0, 0.5749693909936535], ""p_value"": 1.0, ""contingency"": [[0, 2], [291, 24335]]}",{}
778,NC00962.3,EMB-0.25-0.9-0.3,0.0,GARC1,RUS,EMB,embB@R351C,U,{},"{""proportion"": 1.0, ""confidence"": [0.26986594878405434, 1.0000000000000002], ""p_value"": 0.25, ""contingency"": [[1, 0], [291, 24335]]}",{}
779,NC00962.3,EMB-0.25-0.9-0.3,0.0,GARC1,RUS,EMB,embB@P12L,U,{},"{""proportion"": 0.0, ""confidence"": [0.0, 0.7301340512159458], ""p_value"": 1.0, ""contingency"": [[0, 1], [291, 24335]]}",{}
780,NC00962.3,EMB-0.25-0.9-0.3,0.0,GARC1,RUS,EMB,embA@L34R,U,{},"{""proportion"": 0.0, ""confidence"": [0.0, 0.7301340512159458], ""p_value"": 1.0, ""contingency"": [[0, 1], [291, 24335]]}",{}
781,NC00962.3,EMB-0.25-0.9-0.3,0.0,GARC1,RUS,EMB,embB@A201E,U,{},"{""proportion"": 0.0, ""confidence"": [0.0, 0.4741955741575127], ""p_value"": 1.0, ""contingency"": [[0, 3], [291, 24335]]}",{}
782,NC00962.3,EMB-0.25-0.9-0.3,0.0,GARC1,RUS,EMB,embB@T667A,U,{},"{""proportion"": 0.0, ""confidence"": [0.0, 0.7301340512159458], ""p_value"": 1.0, ""contingency"": [[0, 1], [291, 24335]]}",{}
783,NC00962.3,EMB-0.25-0.9-0.3,0.0,GARC1,RUS,EMB,embB@F676S,U,{},"{""proportion"": 0.0, ""confidence"": [0.0, 0.5749693909936535], ""p_value"": 1.0, ""contingency"": [[0, 2], [291, 24335]]}",{}
784,NC00962.3,EMB-0.25-0.9-0.3,0.0,GARC1,RUS,EMB,embB@A379V,U,{},"{""proportion"": 0.0, ""confidence"": [0.0, 0.7301340512159458], ""p_value"": 1.0, ""contingency"": [[0, 1], [291, 24335]]}",{}
785,NC00962.3,EMB-0.25-0.9-0.3,0.0,GARC1,RUS,EMB,embB@Y977H,U,{},"{""proportion"": 0.0, ""confidence"": [0.0, 0.7301340512159458], ""p_value"": 1.0, ""contingency"": [[0, 1], [291, 24335]]}",{}
786,NC00962.3,EMB-0.25-0.9-0.3,0.0,GARC1,RUS,EMB,embB@T31A,U,{},"{""proportion"": 0.0, ""confidence"": [0.0, 0.7301340512159458], ""p_value"": 1.0, ""contingency"": [[0, 1], [291, 24335]]}",{}
787,NC00962.3,EMB-0.25-0.9-0.3,0.0,GARC1,RUS,EMB,embB@D311F,U,{},"{""proportion"": 0.0, ""confidence"": [0.0, 0.7301340512159458], ""p_value"": 1.0, ""contingency"": [[0, 1], [291, 24335]]}",{}
788,NC00962.3,EMB-0.25-0.9-0.3,0.0,GARC1,RUS,EMB,embB@A943V,U,{},"{""proportion"": 0.0, ""confidence"": [0.0, 0.7301340512159458], ""p_value"": 1.0, ""contingency"": [[0, 1], [291, 24335]]}",{}
789,NC00962.3,EMB-0.25-0.9-0.3,0.0,GARC1,RUS,EMB,embB@V654M,U,{},"{""proportion"": 0.0, ""confidence"": [0.0, 0.7301340512159458], ""p_value"": 1.0, ""contingency"": [[0, 1], [291, 24335]]}",{}
790,NC00962.3,EMB-0.25-0.9-0.3,0.0,GARC1,RUS,EMB,embB@P183S,U,{},"{""proportion"": 0.0, ""confidence"": [0.0, 0.7301340512159458], ""p_value"": 1.0, ""contingency"": [[0, 1], [291, 24335]]}",{}
791,NC00962.3,EMB-0.25-0.9-0.3,0.0,GARC1,RUS,EMB,embB@T797P,U,{},"{""proportion"": 0.0, ""confidence"": [0.0, 0.5749693909936535], ""p_value"": 1.0, ""contingency"": [[0, 2], [291, 24335]]}",{}
792,NC00962.3,EMB-0.25-0.9-0.3,0.0,GARC1,RUS,EMB,embB@G106R,U,{},"{""proportion"": 0.0, ""confidence"": [0.0, 0.7301340512159458], ""p_value"": 1.0, ""contingency"": [[0, 1], [291, 24335]]}",{}
793,NC00962.3,EMB-0.25-0.9-0.3,0.0,GARC1,RUS,EMB,embB@V292F,U,{},"{""proportion"": 0.0, ""confidence"": [0.0, 0.4741955741575127], ""p_value"": 1.0, ""contingency"": [[0, 3], [291, 24335]]}",{}
794,NC00962.3,EMB-0.25-0.9-0.3,0.0,GARC1,RUS,EMB,embB@V492L,U,{},"{""proportion"": 0.0, ""confidence"": [0.0, 0.7301340512159458], ""p_value"": 1.0, ""contingency"": [[0, 1], [291, 24335]]}",{}
795,NC00962.3,EMB-0.25-0.9-0.3,0.0,GARC1,RUS,EMB,embA@D1049A,U,{},"{""proportion"": 0.0, ""confidence"": [0.0, 0.7301340512159458], ""p_value"": 1.0, ""contingency"": [[0, 1], [291, 24335]]}",{}
796,NC00962.3,EMB-0.25-0.9-0.3,0.0,GARC1,RUS,EMB,embB@T520S,U,{},"{""proportion"": 0.0, ""confidence"": [0.0, 0.7301340512159458], ""p_value"": 1.0, ""contingency"": [[0, 1], [291, 24335]]}",{}
797,NC00962.3,EMB-0.25-0.9-0.3,0.0,GARC1,RUS,EMB,embB@G1005D,U,{},"{""proportion"": 0.0, ""confidence"": [0.0, 0.7301340512159458], ""p_value"": 1.0, ""contingency"": [[0, 1], [291, 24335]]}",{}
798,NC00962.3,EMB-0.25-0.9-0.3,0.0,GARC1,RUS,EMB,embB@A232T,U,{},"{""proportion"": 0.0, ""confidence"": [0.0, 0.5749693909936535], ""p_value"": 1.0, ""contingency"": [[0, 2], [291, 24335]]}",{}
799,NC00962.3,EMB-0.25-0.9-0.3,0.0,GARC1,RUS,EMB,embA@P988L,U,{},"{""proportion"": 0.0, ""confidence"": [0.0, 0.7301340512159458], ""p_value"": 1.0, ""contingency"": [[0, 1], [291, 24335]]}",{}
800,NC00962.3,EMB-0.25-0.9-0.3,0.0,GARC1,RUS,EMB,embA@A355S,U,{},"{""proportion"": 0.0, ""confidence"": [0.0, 0.7301340512159458], ""p_value"": 1.0, ""contingency"": [[0, 1], [291, 24335]]}",{}
801,NC00962.3,EMB-0.25-0.9-0.3,0.0,GARC1,RUS,EMB,embB@D240Y,U,{},"{""proportion"": 0.0, ""confidence"": [0.0, 0.7301340512159458], ""p_value"": 1.0, ""contingency"": [[0, 1], [291, 24335]]}",{}
802,NC00962.3,EMB-0.25-0.9-0.3,0.0,GARC1,RUS,EMB,embB@D191E,U,{},"{""proportion"": 0.0, ""confidence"": [0.0, 0.5749693909936535], ""p_value"": 1.0, ""contingency"": [[0, 2], [291, 24335]]}",{}
803,NC00962.3,EMB-0.25-0.9-0.3,0.0,GARC1,RUS,EMB,embB@G96E,U,{},"{""proportion"": 0.0, ""confidence"": [0.0, 0.7301340512159458], ""p_value"": 1.0, ""contingency"": [[0, 1], [291, 24335]]}",{}
804,NC00962.3,EMB-0.25-0.9-0.3,0.0,GARC1,RUS,EMB,embB@A840V,U,{},"{""proportion"": 0.0, ""confidence"": [0.0, 0.7301340512159458], ""p_value"": 1.0, ""contingency"": [[0, 1], [291, 24335]]}",{}
805,NC00962.3,EMB-0.25-0.9-0.3,0.0,GARC1,RUS,EMB,embB@S119I,U,{},"{""proportion"": 0.0, ""confidence"": [0.0, 0.5749693909936535], ""p_value"": 1.0, ""contingency"": [[0, 2], [291, 24335]]}",{}
806,NC00962.3,EMB-0.25-0.9-0.3,0.0,GARC1,RUS,EMB,embB@D1041A,U,{},"{""proportion"": 0.0, ""confidence"": [0.0, 0.7301340512159458], ""p_value"": 1.0, ""contingency"": [[0, 1], [291, 24335]]}",{}
807,NC00962.3,EMB-0.25-0.9-0.3,0.0,GARC1,RUS,EMB,embB@G745R,U,{},"{""proportion"": 0.0, ""confidence"": [0.0, 0.7301340512159458], ""p_value"": 1.0, ""contingency"": [[0, 1], [291, 24335]]}",{}
808,NC00962.3,EMB-0.25-0.9-0.3,0.0,GARC1,RUS,EMB,embA@A461T,U,{},"{""proportion"": 0.0, ""confidence"": [0.0, 0.7301340512159458], ""p_value"": 1.0, ""contingency"": [[0, 1], [291, 24335]]}",{}
809,NC00962.3,EMB-0.25-0.9-0.3,0.0,GARC1,RUS,EMB,embB@G1087C,U,{},"{""proportion"": 0.0, ""confidence"": [0.0, 0.7301340512159458], ""p_value"": 1.0, ""contingency"": [[0, 1], [291, 24335]]}",{}
810,NC00962.3,EMB-0.25-0.9-0.3,0.0,GARC1,RUS,EMB,embA@I30V,U,{},"{""proportion"": 0.0, ""confidence"": [0.0, 0.7301340512159458], ""p_value"": 1.0, ""contingency"": [[0, 1], [291, 24335]]}",{}
811,NC00962.3,EMB-0.25-0.9-0.3,0.0,GARC1,RUS,EMB,embA@A593V,U,{},"{""proportion"": 0.0, ""confidence"": [0.0, 0.7301340512159458], ""p_value"": 1.0, ""contingency"": [[0, 1], [291, 24335]]}",{}
812,NC00962.3,EMB-0.25-0.9-0.3,0.0,GARC1,RUS,EMB,embA@T197R,U,{},"{""proportion"": 0.0, ""confidence"": [0.0, 0.7301340512159458], ""p_value"": 1.0, ""contingency"": [[0, 1], [291, 24335]]}",{}
813,NC00962.3,EMB-0.25-0.9-0.3,0.0,GARC1,RUS,EMB,embB@A386E,U,{},"{""proportion"": 0.0, ""confidence"": [0.0, 0.278762695452542], ""p_value"": 0.20404052734375, ""contingency"": [[0, 7], [291, 24335]]}",{}
814,NC00962.3,EMB-0.25-0.9-0.3,0.0,GARC1,RUS,EMB,embB@G745A,U,{},"{""proportion"": 0.0, ""confidence"": [0.0, 0.7301340512159458], ""p_value"": 1.0, ""contingency"": [[0, 1], [291, 24335]]}",{}
815,NC00962.3,EMB-0.25-0.9-0.3,0.0,GARC1,RUS,EMB,embA@R444W,U,{},"{""proportion"": 0.0, ""confidence"": [0.0, 0.7301340512159458], ""p_value"": 1.0, ""contingency"": [[0, 1], [291, 24335]]}",{}
816,NC00962.3,EMB-0.25-0.9-0.3,0.0,GARC1,RUS,EMB,embA@P958L,U,{},"{""proportion"": 0.0, ""confidence"": [0.0, 0.7301340512159458], ""p_value"": 1.0, ""contingency"": [[0, 1], [291, 24335]]}",{}
817,NC00962.3,EMB-0.25-0.9-0.3,0.0,GARC1,RUS,EMB,embA@P934R,U,{},"{""proportion"": 0.0, ""confidence"": [0.0, 0.7301340512159458], ""p_value"": 1.0, ""contingency"": [[0, 1], [291, 24335]]}",{}
818,NC00962.3,EMB-0.25-0.9-0.3,0.0,GARC1,RUS,EMB,embB@R238H,U,{},"{""proportion"": 0.0, ""confidence"": [0.0, 0.7301340512159458], ""p_value"": 1.0, ""contingency"": [[0, 1], [291, 24335]]}",{}
819,NC00962.3,EMB-0.25-0.9-0.3,0.0,GARC1,RUS,EMB,embB@P76L,U,{},"{""proportion"": 0.0, ""confidence"": [0.0, 0.7301340512159458], ""p_value"": 1.0, ""contingency"": [[0, 1], [291, 24335]]}",{}
820,NC00962.3,EMB-0.25-0.9-0.3,0.0,GARC1,RUS,EMB,embA@E779Q,U,{},"{""proportion"": 0.0, ""confidence"": [0.0, 0.4741955741575127], ""p_value"": 1.0, ""contingency"": [[0, 3], [291, 24335]]}",{}
821,NC00962.3,EMB-0.25-0.9-0.3,0.0,GARC1,RUS,EMB,embB@F285V,U,{},"{""proportion"": 0.0, ""confidence"": [0.0, 0.7301340512159458], ""p_value"": 1.0, ""contingency"": [[0, 1], [291, 24335]]}",{}
822,NC00962.3,EMB-0.25-0.9-0.3,0.0,GARC1,RUS,EMB,embA@1783_ins_tcggtctacatagtcgac,U,{},"{""proportion"": 0.0, ""confidence"": [0.0, 0.7301340512159458], ""p_value"": 1.0, ""contingency"": [[0, 1], [291, 24335]]}",{}
823,NC00962.3,EMB-0.25-0.9-0.3,0.0,GARC1,RUS,EMB,embB@S261A,U,{},"{""proportion"": 0.0, ""confidence"": [0.0, 0.7301340512159458], ""p_value"": 1.0, ""contingency"": [[0, 1], [291, 24335]]}",{}
824,NC00962.3,EMB-0.25-0.9-0.3,0.0,GARC1,RUS,EMB,embA@T308K,U,{},"{""proportion"": 0.0, ""confidence"": [0.0, 0.7301340512159458], ""p_value"": 1.0, ""contingency"": [[0, 1], [291, 24335]]}",{}
825,NC00962.3,EMB-0.25-0.9-0.3,0.0,GARC1,RUS,EMB,embB@T212A,U,{},"{""proportion"": 0.0, ""confidence"": [0.0, 0.5749693909936535], ""p_value"": 1.0, ""contingency"": [[0, 2], [291, 24335]]}",{}
826,NC00962.3,EMB-0.25-0.9-0.3,0.0,GARC1,RUS,EMB,embB@V67L,U,{},"{""proportion"": 0.0, ""confidence"": [0.0, 0.5749693909936535], ""p_value"": 1.0, ""contingency"": [[0, 2], [291, 24335]]}",{}
827,NC00962.3,EMB-0.25-0.9-0.3,0.0,GARC1,RUS,EMB,embA@S250G,U,{},"{""proportion"": 0.0, ""confidence"": [0.0, 0.7301340512159458], ""p_value"": 1.0, ""contingency"": [[0, 1], [291, 24335]]}",{}
828,NC00962.3,EMB-0.25-0.9-0.3,0.0,GARC1,RUS,EMB,embB@V369M,U,{},"{""proportion"": 0.0, ""confidence"": [0.0, 0.5749693909936535], ""p_value"": 1.0, ""contingency"": [[0, 2], [291, 24335]]}",{}
829,NC00962.3,EMB-0.25-0.9-0.3,0.0,GARC1,RUS,EMB,embA@I1007V,U,{},"{""proportion"": 0.0, ""confidence"": [0.0, 0.7301340512159458], ""p_value"": 1.0, ""contingency"": [[0, 1], [291, 24335]]}",{}
830,NC00962.3,EMB-0.25-0.9-0.3,0.0,GARC1,RUS,EMB,embB@V944A,U,{},"{""proportion"": 0.0, ""confidence"": [0.0, 0.4741955741575127], ""p_value"": 1.0, ""contingency"": [[0, 3], [291, 24335]]}",{}
831,NC00962.3,EMB-0.25-0.9-0.3,0.0,GARC1,RUS,EMB,embA@A355V,U,{},"{""proportion"": 0.0, ""confidence"": [0.0, 0.7301340512159458], ""p_value"": 1.0, ""contingency"": [[0, 1], [291, 24335]]}",{}
832,NC00962.3,EMB-0.25-0.9-0.3,0.0,GARC1,RUS,EMB,embB@G459S,U,{},"{""proportion"": 0.0, ""confidence"": [0.0, 0.7301340512159458], ""p_value"": 1.0, ""contingency"": [[0, 1], [291, 24335]]}",{}
833,NC00962.3,EMB-0.25-0.9-0.3,0.0,GARC1,RUS,EMB,embB@A941T,U,{},"{""proportion"": 0.0, ""confidence"": [0.0, 0.7301340512159458], ""p_value"": 1.0, ""contingency"": [[0, 1], [291, 24335]]}",{}
834,NC00962.3,EMB-0.25-0.9-0.3,0.0,GARC1,RUS,EMB,embA@g-75a,U,{},"{""proportion"": 0.0, ""confidence"": [0.0, 0.7301340512159458], ""p_value"": 1.0, ""contingency"": [[0, 1], [291, 24335]]}",{}
835,NC00962.3,EMB-0.25-0.9-0.3,0.0,GARC1,RUS,EMB,embA@A316G,U,{},"{""proportion"": 0.0, ""confidence"": [0.0, 0.7301340512159458], ""p_value"": 1.0, ""contingency"": [[0, 1], [291, 24335]]}",{}
836,NC00962.3,EMB-0.25-0.9-0.3,0.0,GARC1,RUS,EMB,embA@A930V,U,{},"{""proportion"": 0.0, ""confidence"": [0.0, 0.7301340512159458], ""p_value"": 1.0, ""contingency"": [[0, 1], [291, 24335]]}",{}
837,NC00962.3,EMB-0.25-0.9-0.3,0.0,GARC1,RUS,EMB,embB@A313T,U,{},"{""proportion"": 0.0, ""confidence"": [0.0, 0.7301340512159458], ""p_value"": 1.0, ""contingency"": [[0, 1], [291, 24335]]}",{}
838,NC00962.3,EMB-0.25-0.9-0.3,0.0,GARC1,RUS,EMB,embA@T604M,U,{},"{""proportion"": 0.0, ""confidence"": [0.0, 0.7301340512159458], ""p_value"": 1.0, ""contingency"": [[0, 1], [291, 24335]]}",{}
839,NC00962.3,EMB-0.25-0.9-0.3,0.0,GARC1,RUS,EMB,embB@R213W,U,{},"{""proportion"": 0.0, ""confidence"": [0.0, 0.7301340512159458], ""p_value"": 1.0, ""contingency"": [[0, 1], [291, 24335]]}",{}
840,NC00962.3,EMB-0.25-0.9-0.3,0.0,GARC1,RUS,EMB,embA@G210V,U,{},"{""proportion"": 0.0, ""confidence"": [0.0, 0.7301340512159458], ""p_value"": 1.0, ""contingency"": [[0, 1], [291, 24335]]}",{}
841,NC00962.3,EMB-0.25-0.9-0.3,0.0,GARC1,RUS,EMB,embB@R625W,U,{},"{""proportion"": 0.0, ""confidence"": [0.0, 0.7301340512159458], ""p_value"": 1.0, ""contingency"": [[0, 1], [291, 24335]]}",{}
842,NC00962.3,EMB-0.25-0.9-0.3,0.0,GARC1,RUS,EMB,embB@V612M,U,{},"{""proportion"": 0.0, ""confidence"": [0.0, 0.7301340512159458], ""p_value"": 1.0, ""contingency"": [[0, 1], [291, 24335]]}",{}
843,NC00962.3,EMB-0.25-0.9-0.3,0.0,GARC1,RUS,EMB,embB@G696A,U,{},"{""proportion"": 0.0, ""confidence"": [0.0, 0.7301340512159458], ""p_value"": 1.0, ""contingency"": [[0, 1], [291, 24335]]}",{}
844,NC00962.3,EMB-0.25-0.9-0.3,0.0,GARC1,RUS,EMB,embA@A921S,U,{},"{""proportion"": 0.0, ""confidence"": [0.0, 0.5749693909936535], ""p_value"": 1.0, ""contingency"": [[0, 2], [291, 24335]]}",{}
845,NC00962.3,EMB-0.25-0.9-0.3,0.0,GARC1,RUS,EMB,embB@G458C,U,{},"{""proportion"": 0.0, ""confidence"": [0.0, 0.7301340512159458], ""p_value"": 1.0, ""contingency"": [[0, 1], [291, 24335]]}",{}
846,NC00962.3,EMB-0.25-0.9-0.3,0.0,GARC1,RUS,EMB,embB@R464Q,U,{},"{""proportion"": 0.0, ""confidence"": [0.0, 0.7301340512159458], ""p_value"": 1.0, ""contingency"": [[0, 1], [291, 24335]]}",{}
847,NC00962.3,EMB-0.25-0.9-0.3,0.0,GARC1,RUS,EMB,embB@A484T,U,{},"{""proportion"": 0.0, ""confidence"": [0.0, 0.7301340512159458], ""p_value"": 1.0, ""contingency"": [[0, 1], [291, 24335]]}",{}
848,NC00962.3,EMB-0.25-0.9-0.3,0.0,GARC1,RUS,EMB,embA@G230S,U,{},"{""proportion"": 0.0, ""confidence"": [0.0, 0.4741955741575127], ""p_value"": 1.0, ""contingency"": [[0, 3], [291, 24335]]}",{}
849,NC00962.3,EMB-0.25-0.9-0.3,0.0,GARC1,RUS,EMB,embA@I141T,U,{},"{""proportion"": 0.0, ""confidence"": [0.0, 0.5749693909936535], ""p_value"": 1.0, ""contingency"": [[0, 2], [291, 24335]]}",{}
850,NC00962.3,EMB-0.25-0.9-0.3,0.0,GARC1,RUS,EMB,embA@G547R,U,{},"{""proportion"": 0.0, ""confidence"": [0.0, 0.7301340512159458], ""p_value"": 1.0, ""contingency"": [[0, 1], [291, 24335]]}",{}
851,NC00962.3,EMB-0.25-0.9-0.3,0.0,GARC1,RUS,EMB,embB@R468H,U,{},"{""proportion"": 0.0, ""confidence"": [0.0, 0.7301340512159458], ""p_value"": 1.0, ""contingency"": [[0, 1], [291, 24335]]}",{}
852,NC00962.3,EMB-0.25-0.9-0.3,0.0,GARC1,RUS,EMB,embA@g-51a,U,{},"{""proportion"": 0.0, ""confidence"": [0.0, 0.7301340512159458], ""p_value"": 1.0, ""contingency"": [[0, 1], [291, 24335]]}",{}
853,NC00962.3,EMB-0.25-0.9-0.3,0.0,GARC1,RUS,EMB,embB@S622W,U,{},"{""proportion"": 0.0, ""confidence"": [0.0, 0.7301340512159458], ""p_value"": 1.0, ""contingency"": [[0, 1], [291, 24335]]}",{}
854,NC00962.3,EMB-0.25-0.9-0.3,0.0,GARC1,RUS,EMB,embB@D1060N,U,{},"{""proportion"": 0.0, ""confidence"": [0.0, 0.7301340512159458], ""p_value"": 1.0, ""contingency"": [[0, 1], [291, 24335]]}",{}
855,NC00962.3,EMB-0.25-0.9-0.3,0.0,GARC1,RUS,EMB,embA@P802L,U,{},"{""proportion"": 0.0, ""confidence"": [0.0, 0.40347862520270455], ""p_value"": 0.578125, ""contingency"": [[0, 4], [291, 24335]]}",{}
856,NC00962.3,EMB-0.25-0.9-0.3,0.0,GARC1,RUS,EMB,embB@T215I,U,{},"{""proportion"": 0.0, ""confidence"": [0.0, 0.7301340512159458], ""p_value"": 1.0, ""contingency"": [[0, 1], [291, 24335]]}",{}
857,NC00962.3,EMB-0.25-0.9-0.3,0.0,GARC1,RUS,EMB,embB@P655L,U,{},"{""proportion"": 0.0, ""confidence"": [0.0, 0.7301340512159458], ""p_value"": 1.0, ""contingency"": [[0, 1], [291, 24335]]}",{}
858,NC00962.3,EMB-0.25-0.9-0.3,0.0,GARC1,RUS,EMB,embA@t-28g,U,{},"{""proportion"": 0.0, ""confidence"": [0.0, 0.7301340512159458], ""p_value"": 1.0, ""contingency"": [[0, 1], [291, 24335]]}",{}
859,NC00962.3,EMB-0.25-0.9-0.3,0.0,GARC1,RUS,EMB,embA@A448G,U,{},"{""proportion"": 0.0, ""confidence"": [0.0, 0.7301340512159458], ""p_value"": 1.0, ""contingency"": [[0, 1], [291, 24335]]}",{}
860,NC00962.3,EMB-0.25-0.9-0.3,0.0,GARC1,RUS,EMB,embB@H890R,U,{},"{""proportion"": 0.0, ""confidence"": [0.0, 0.7301340512159458], ""p_value"": 1.0, ""contingency"": [[0, 1], [291, 24335]]}",{}
861,NC00962.3,EMB-0.25-0.9-0.3,0.0,GARC1,RUS,EMB,embA@T588I,U,{},"{""proportion"": 0.0, ""confidence"": [0.0, 0.7301340512159458], ""p_value"": 1.0, ""contingency"": [[0, 1], [291, 24335]]}",{}
862,NC00962.3,EMB-0.25-0.9-0.3,0.0,GARC1,RUS,EMB,embB@P957L,U,{},"{""proportion"": 0.0, ""confidence"": [0.0, 0.7301340512159458], ""p_value"": 1.0, ""contingency"": [[0, 1], [291, 24335]]}",{}
863,NC00962.3,EMB-0.25-0.9-0.3,0.0,GARC1,RUS,EMB,embB@S980A,U,{},"{""proportion"": 0.0, ""confidence"": [0.0, 0.7301340512159458], ""p_value"": 1.0, ""contingency"": [[0, 1], [291, 24335]]}",{}
864,NC00962.3,EMB-0.25-0.9-0.3,0.0,GARC1,RUS,EMB,embB@A271T,U,{},"{""proportion"": 0.0, ""confidence"": [0.0, 0.5749693909936535], ""p_value"": 1.0, ""contingency"": [[0, 2], [291, 24335]]}",{}
865,NC00962.3,EMB-0.25-0.9-0.3,0.0,GARC1,RUS,EMB,embB@P136A,U,{},"{""proportion"": 0.0, ""confidence"": [0.0, 0.7301340512159458], ""p_value"": 1.0, ""contingency"": [[0, 1], [291, 24335]]}",{}
866,NC00962.3,EMB-0.25-0.9-0.3,0.0,GARC1,RUS,EMB,embB@L1037I,U,{},"{""proportion"": 0.0, ""confidence"": [0.0, 0.5749693909936535], ""p_value"": 1.0, ""contingency"": [[0, 2], [291, 24335]]}",{}
867,NC00962.3,EMB-0.25-0.9-0.3,0.0,GARC1,RUS,EMB,embB@E976Q,U,{},"{""proportion"": 0.0, ""confidence"": [0.0, 0.7301340512159458], ""p_value"": 1.0, ""contingency"": [[0, 1], [291, 24335]]}",{}
868,NC00962.3,EMB-0.25-0.9-0.3,0.0,GARC1,RUS,EMB,embA@T434A,U,{},"{""proportion"": 0.0, ""confidence"": [0.0, 0.7301340512159458], ""p_value"": 1.0, ""contingency"": [[0, 1], [291, 24335]]}",{}
869,NC00962.3,EMB-0.25-0.9-0.3,0.0,GARC1,RUS,EMB,embB@D952E,U,{},"{""proportion"": 0.0, ""confidence"": [0.0, 0.5749693909936535], ""p_value"": 1.0, ""contingency"": [[0, 2], [291, 24335]]}",{}
870,NC00962.3,EMB-0.25-0.9-0.3,0.0,GARC1,RUS,EMB,embB@T822M,U,{},"{""proportion"": 0.0, ""confidence"": [0.0, 0.7301340512159458], ""p_value"": 1.0, ""contingency"": [[0, 1], [291, 24335]]}",{}
871,NC00962.3,EMB-0.25-0.9-0.3,0.0,GARC1,RUS,EMB,embB@P776L,U,{},"{""proportion"": 0.0, ""confidence"": [0.0, 0.3511165007651012], ""p_value"": 0.34082031250000006, ""contingency"": [[0, 5], [291, 24335]]}",{}
872,NC00962.3,EMB-0.25-0.9-0.3,0.0,GARC1,RUS,EMB,embA@A249P,U,{},"{""proportion"": 0.0, ""confidence"": [0.0, 0.40347862520270455], ""p_value"": 0.578125, ""contingency"": [[0, 4], [291, 24335]]}",{}
873,NC00962.3,EMB-0.25-0.9-0.3,0.0,GARC1,RUS,EMB,embA@V414M,U,{},"{""proportion"": 0.0, ""confidence"": [0.0, 0.5749693909936535], ""p_value"": 1.0, ""contingency"": [[0, 2], [291, 24335]]}",{}
874,NC00962.3,EMB-0.25-0.9-0.3,0.0,GARC1,RUS,EMB,embB@S738A,U,{},"{""proportion"": 0.0, ""confidence"": [0.0, 0.4741955741575127], ""p_value"": 1.0, ""contingency"": [[0, 3], [291, 24335]]}",{}
875,NC00962.3,EMB-0.25-0.9-0.3,0.0,GARC1,RUS,EMB,embA@W634S,U,{},"{""proportion"": 0.0, ""confidence"": [0.0, 0.7301340512159458], ""p_value"": 1.0, ""contingency"": [[0, 1], [291, 24335]]}",{}
876,NC00962.3,EMB-0.25-0.9-0.3,0.0,GARC1,RUS,EMB,embB@V755I,U,{},"{""proportion"": 0.0, ""confidence"": [0.0, 0.5749693909936535], ""p_value"": 1.0, ""contingency"": [[0, 2], [291, 24335]]}",{}
877,NC00962.3,EMB-0.25-0.9-0.3,0.0,GARC1,RUS,EMB,embA@E508D,U,{},"{""proportion"": 0.0, ""confidence"": [0.0, 0.7301340512159458], ""p_value"": 1.0, ""contingency"": [[0, 1], [291, 24335]]}",{}
878,NC00962.3,EMB-0.25-0.9-0.3,0.0,GARC1,RUS,EMB,embB@F541V,U,{},"{""proportion"": 0.0, ""confidence"": [0.0, 0.7301340512159458], ""p_value"": 1.0, ""contingency"": [[0, 1], [291, 24335]]}",{}
879,NC00962.3,EMB-0.25-0.9-0.3,0.0,GARC1,RUS,EMB,embB@P103H,U,{},"{""proportion"": 0.0, ""confidence"": [0.0, 0.7301340512159458], ""p_value"": 1.0, ""contingency"": [[0, 1], [291, 24335]]}",{}
880,NC00962.3,EMB-0.25-0.9-0.3,0.0,GARC1,RUS,EMB,embB@M265I,U,{},"{""proportion"": 0.0, ""confidence"": [0.0, 0.7301340512159458], ""p_value"": 1.0, ""contingency"": [[0, 1], [291, 24335]]}",{}
881,NC00962.3,EMB-0.25-0.9-0.3,0.0,GARC1,RUS,EMB,embB@D127A,U,{},"{""proportion"": 0.0, ""confidence"": [0.0, 0.7301340512159458], ""p_value"": 1.0, ""contingency"": [[0, 1], [291, 24335]]}",{}
882,NC00962.3,EMB-0.25-0.9-0.3,0.0,GARC1,RUS,EMB,embB@A94V,U,{},"{""proportion"": 0.0, ""confidence"": [0.0, 0.5749693909936535], ""p_value"": 1.0, ""contingency"": [[0, 2], [291, 24335]]}",{}
883,NC00962.3,EMB-0.25-0.9-0.3,0.0,GARC1,RUS,EMB,embB@D166A,U,{},"{""proportion"": 0.0, ""confidence"": [0.0, 0.7301340512159458], ""p_value"": 1.0, ""contingency"": [[0, 1], [291, 24335]]}",{}
884,NC00962.3,EMB-0.25-0.9-0.3,0.0,GARC1,RUS,EMB,embA@G823R,U,{},"{""proportion"": 0.0, ""confidence"": [0.0, 0.7301340512159458], ""p_value"": 1.0, ""contingency"": [[0, 1], [291, 24335]]}",{}
885,NC00962.3,EMB-0.25-0.9-0.3,0.0,GARC1,RUS,EMB,embB@V83A,U,{},"{""proportion"": 0.0, ""confidence"": [0.0, 0.7301340512159458], ""p_value"": 1.0, ""contingency"": [[0, 1], [291, 24335]]}",{}
886,NC00962.3,EMB-0.25-0.9-0.3,0.0,GARC1,RUS,EMB,embB@G1097A,U,{},"{""proportion"": 0.0, ""confidence"": [0.0, 0.7301340512159458], ""p_value"": 1.0, ""contingency"": [[0, 1], [291, 24335]]}",{}
887,NC00962.3,EMB-0.25-0.9-0.3,0.0,GARC1,RUS,EMB,embA@L978W,U,{},"{""proportion"": 0.0, ""confidence"": [0.0, 0.7301340512159458], ""p_value"": 1.0, ""contingency"": [[0, 1], [291, 24335]]}",{}
888,NC00962.3,EMB-0.25-0.9-0.3,0.0,GARC1,RUS,EMB,embB@L528V,U,{},"{""proportion"": 0.0, ""confidence"": [0.0, 0.7301340512159458], ""p_value"": 1.0, ""contingency"": [[0, 1], [291, 24335]]}",{}
889,NC00962.3,EMB-0.25-0.9-0.3,0.0,GARC1,RUS,EMB,embB@T11P,U,{},"{""proportion"": 0.0, ""confidence"": [0.0, 0.3511165007651012], ""p_value"": 0.34082031250000006, ""contingency"": [[0, 5], [291, 24335]]}",{}
890,NC00962.3,EMB-0.25-0.9-0.3,0.0,GARC1,RUS,EMB,embA@P860L,U,{},"{""proportion"": 0.0, ""confidence"": [0.0, 0.7301340512159458], ""p_value"": 1.0, ""contingency"": [[0, 1], [291, 24335]]}",{}
891,NC00962.3,EMB-0.25-0.9-0.3,0.0,GARC1,RUS,EMB,embA@V283A,U,{},"{""proportion"": 0.0, ""confidence"": [0.0, 0.7301340512159458], ""p_value"": 1.0, ""contingency"": [[0, 1], [291, 24335]]}",{}
892,NC00962.3,EMB-0.25-0.9-0.3,0.0,GARC1,RUS,EMB,embA@L263F,U,{},"{""proportion"": 0.0, ""confidence"": [0.0, 0.7301340512159458], ""p_value"": 1.0, ""contingency"": [[0, 1], [291, 24335]]}",{}
893,NC00962.3,EMB-0.25-0.9-0.3,0.0,GARC1,RUS,EMB,embA@T161I,U,{},"{""proportion"": 0.0, ""confidence"": [0.0, 0.7301340512159458], ""p_value"": 1.0, ""contingency"": [[0, 1], [291, 24335]]}",{}
894,NC00962.3,EMB-0.25-0.9-0.3,0.0,GARC1,RUS,EMB,embB@P766L,U,{},"{""proportion"": 0.0, ""confidence"": [0.0, 0.7301340512159458], ""p_value"": 1.0, ""contingency"": [[0, 1], [291, 24335]]}",{}
895,NC00962.3,EMB-0.25-0.9-0.3,0.0,GARC1,RUS,EMB,embB@A388V,U,{},"{""proportion"": 0.0, ""confidence"": [0.0, 0.7301340512159458], ""p_value"": 1.0, ""contingency"": [[0, 1], [291, 24335]]}",{}
896,NC00962.3,EMB-0.25-0.9-0.3,0.0,GARC1,RUS,EMB,embB@A701T,U,{},"{""proportion"": 0.0, ""confidence"": [0.0, 0.5749693909936535], ""p_value"": 1.0, ""contingency"": [[0, 2], [291, 24335]]}",{}
897,NC00962.3,EMB-0.25-0.9-0.3,0.0,GARC1,RUS,EMB,embA@V391I,U,{},"{""proportion"": 0.0, ""confidence"": [0.0, 0.7301340512159458], ""p_value"": 1.0, ""contingency"": [[0, 1], [291, 24335]]}",{}
898,NC00962.3,EMB-0.25-0.9-0.3,0.0,GARC1,RUS,EMB,embA@P327H,U,{},"{""proportion"": 0.0, ""confidence"": [0.0, 0.7301340512159458], ""p_value"": 1.0, ""contingency"": [[0, 1], [291, 24335]]}",{}
899,NC00962.3,EMB-0.25-0.9-0.3,0.0,GARC1,RUS,EMB,embA@A1016S,U,{},"{""proportion"": 0.0, ""confidence"": [0.0, 0.4741955741575127], ""p_value"": 1.0, ""contingency"": [[0, 3], [291, 24335]]}",{}
900,NC00962.3,EMB-0.25-0.9-0.3,0.0,GARC1,RUS,EMB,embB@F161L,U,{},"{""proportion"": 0.0, ""confidence"": [0.0, 0.7301340512159458], ""p_value"": 1.0, ""contingency"": [[0, 1], [291, 24335]]}",{}
901,NC00962.3,EMB-0.25-0.9-0.3,0.0,GARC1,RUS,EMB,embB@W273L,U,{},"{""proportion"": 0.0, ""confidence"": [0.0, 0.7301340512159458], ""p_value"": 1.0, ""contingency"": [[0, 1], [291, 24335]]}",{}
902,NC00962.3,EMB-0.25-0.9-0.3,0.0,GARC1,RUS,EMB,embB@A221T,U,{},"{""proportion"": 0.0, ""confidence"": [0.0, 0.7301340512159458], ""p_value"": 1.0, ""contingency"": [[0, 1], [291, 24335]]}",{}
903,NC00962.3,EMB-0.25-0.9-0.3,0.0,GARC1,RUS,EMB,embA@A438V,U,{},"{""proportion"": 0.0, ""confidence"": [0.0, 0.7301340512159458], ""p_value"": 1.0, ""contingency"": [[0, 1], [291, 24335]]}",{}
904,NC00962.3,EMB-0.25-0.9-0.3,0.0,GARC1,RUS,EMB,embB@A357T,U,{},"{""proportion"": 0.0, ""confidence"": [0.0, 0.7301340512159458], ""p_value"": 1.0, ""contingency"": [[0, 1], [291, 24335]]}",{}
905,NC00962.3,EMB-0.25-0.9-0.3,0.0,GARC1,RUS,EMB,embB@M350T,U,{},"{""proportion"": 0.0, ""confidence"": [0.0, 0.7301340512159458], ""p_value"": 1.0, ""contingency"": [[0, 1], [291, 24335]]}",{}
906,NC00962.3,EMB-0.25-0.9-0.3,0.0,GARC1,RUS,EMB,embB@S344R,U,{},"{""proportion"": 0.0, ""confidence"": [0.0, 0.7301340512159458], ""p_value"": 1.0, ""contingency"": [[0, 1], [291, 24335]]}",{}
907,NC00962.3,EMB-0.25-0.9-0.3,0.0,GARC1,RUS,EMB,embA@Q57E,U,{},"{""proportion"": 0.0, ""confidence"": [0.0, 0.7301340512159458], ""p_value"": 1.0, ""contingency"": [[0, 1], [291, 24335]]}",{}
908,NC00962.3,EMB-0.25-0.9-0.3,0.0,GARC1,RUS,EMB,embA@T591A,U,{},"{""proportion"": 0.0, ""confidence"": [0.0, 0.7301340512159458], ""p_value"": 1.0, ""contingency"": [[0, 1], [291, 24335]]}",{}
909,NC00962.3,EMB-0.25-0.9-0.3,0.0,GARC1,RUS,EMB,embA@N54S,U,{},"{""proportion"": 0.0, ""confidence"": [0.0, 0.7301340512159458], ""p_value"": 1.0, ""contingency"": [[0, 1], [291, 24335]]}",{}
910,NC00962.3,EMB-0.25-0.9-0.3,0.0,GARC1,RUS,EMB,embB@A271G,U,{},"{""proportion"": 0.0, ""confidence"": [0.0, 0.7301340512159458], ""p_value"": 1.0, ""contingency"": [[0, 1], [291, 24335]]}",{}
911,NC00962.3,EMB-0.25-0.9-0.3,0.0,GARC1,RUS,EMB,embB@T341I,U,{},"{""proportion"": 0.0, ""confidence"": [0.0, 0.7301340512159458], ""p_value"": 1.0, ""contingency"": [[0, 1], [291, 24335]]}",{}
912,NC00962.3,EMB-0.25-0.9-0.3,0.0,GARC1,RUS,EMB,embA@A331P,U,{},"{""proportion"": 0.0, ""confidence"": [0.0, 0.7301340512159458], ""p_value"": 1.0, ""contingency"": [[0, 1], [291, 24335]]}",{}
913,NC00962.3,EMB-0.25-0.9-0.3,0.0,GARC1,RUS,EMB,embA@c-11t,U,{},"{""proportion"": 0.0, ""confidence"": [0.0, 0.5749693909936535], ""p_value"": 1.0, ""contingency"": [[0, 2], [291, 24335]]}",{}
914,NC00962.3,EMB-0.25-0.9-0.3,0.0,GARC1,RUS,EMB,embB@A861T,U,{},"{""proportion"": 0.0, ""confidence"": [0.0, 0.7301340512159458], ""p_value"": 1.0, ""contingency"": [[0, 1], [291, 24335]]}",{}
915,NC00962.3,EMB-0.25-0.9-0.3,0.0,GARC1,RUS,EMB,embB@A840P,U,{},"{""proportion"": 0.0, ""confidence"": [0.0, 0.7301340512159458], ""p_value"": 1.0, ""contingency"": [[0, 1], [291, 24335]]}",{}
916,NC00962.3,EMB-0.25-0.9-0.3,0.0,GARC1,RUS,EMB,embA@D678N,U,{},"{""proportion"": 0.0, ""confidence"": [0.0, 0.7301340512159458], ""p_value"": 1.0, ""contingency"": [[0, 1], [291, 24335]]}",{}
917,NC00962.3,EMB-0.25-0.9-0.3,0.0,GARC1,RUS,EMB,embB@H342N,U,{},"{""proportion"": 0.0, ""confidence"": [0.0, 0.7301340512159458], ""p_value"": 1.0, ""contingency"": [[0, 1], [291, 24335]]}",{}
918,NC00962.3,EMB-0.25-0.9-0.3,0.0,GARC1,RUS,EMB,embB@M557I,U,{},"{""proportion"": 0.0, ""confidence"": [0.0, 0.7301340512159458], ""p_value"": 1.0, ""contingency"": [[0, 1], [291, 24335]]}",{}
919,NC00962.3,EMB-0.25-0.9-0.3,0.0,GARC1,RUS,EMB,embB@R1059P,U,{},"{""proportion"": 0.0, ""confidence"": [0.0, 0.7301340512159458], ""p_value"": 1.0, ""contingency"": [[0, 1], [291, 24335]]}",{}
920,NC00962.3,EMB-0.25-0.9-0.3,0.0,GARC1,RUS,EMB,embB@A950V,U,{},"{""proportion"": 0.0, ""confidence"": [0.0, 0.7301340512159458], ""p_value"": 1.0, ""contingency"": [[0, 1], [291, 24335]]}",{}
921,NC00962.3,EMB-0.25-0.9-0.3,0.0,GARC1,RUS,EMB,embA@A734T,U,{},"{""proportion"": 0.0, ""confidence"": [0.0, 0.7301340512159458], ""p_value"": 1.0, ""contingency"": [[0, 1], [291, 24335]]}",{}
922,NC00962.3,EMB-0.25-0.9-0.3,0.0,GARC1,RUS,EMB,embB@L348P,U,{},"{""proportion"": 0.0, ""confidence"": [0.0, 0.7301340512159458], ""p_value"": 1.0, ""contingency"": [[0, 1], [291, 24335]]}",{}
923,NC00962.3,EMB-0.25-0.9-0.3,0.0,GARC1,RUS,EMB,embB@N400S,U,{},"{""proportion"": 0.0, ""confidence"": [0.0, 0.7301340512159458], ""p_value"": 1.0, ""contingency"": [[0, 1], [291, 24335]]}",{}
924,NC00962.3,EMB-0.25-0.9-0.3,0.0,GARC1,RUS,EMB,embA@T363I,U,{},"{""proportion"": 0.0, ""confidence"": [0.0, 0.7301340512159458], ""p_value"": 1.0, ""contingency"": [[0, 1], [291, 24335]]}",{}
925,NC00962.3,EMB-0.25-0.9-0.3,0.0,GARC1,RUS,EMB,embA@T652R,U,{},"{""proportion"": 1.0, ""confidence"": [0.26986594878405434, 1.0000000000000002], ""p_value"": 0.25, ""contingency"": [[1, 0], [291, 24335]]}",{}
926,NC00962.3,EMB-0.25-0.9-0.3,0.0,GARC1,RUS,EMB,embA@P689L,U,{},"{""proportion"": 0.0, ""confidence"": [0.0, 0.7301340512159458], ""p_value"": 1.0, ""contingency"": [[0, 1], [291, 24335]]}",{}
927,NC00962.3,EMB-0.25-0.9-0.3,0.0,GARC1,RUS,EMB,embB@M462T,U,{},"{""proportion"": 0.0, ""confidence"": [0.0, 0.7301340512159458], ""p_value"": 1.0, ""contingency"": [[0, 1], [291, 24335]]}",{}
928,NC00962.3,EMB-0.25-0.9-0.3,0.0,GARC1,RUS,EMB,embB@P59T,U,{},"{""proportion"": 0.0, ""confidence"": [0.0, 0.7301340512159458], ""p_value"": 1.0, ""contingency"": [[0, 1], [291, 24335]]}",{}
929,NC00962.3,EMB-0.25-0.9-0.3,0.0,GARC1,RUS,EMB,embB@V602A,U,{},"{""proportion"": 0.0, ""confidence"": [0.0, 0.7301340512159458], ""p_value"": 1.0, ""contingency"": [[0, 1], [291, 24335]]}",{}
930,NC00962.3,EMB-0.25-0.9-0.3,0.0,GARC1,RUS,EMB,embB@L364V,U,{},"{""proportion"": 0.0, ""confidence"": [0.0, 0.7301340512159458], ""p_value"": 1.0, ""contingency"": [[0, 1], [291, 24335]]}",{}
931,NC00962.3,EMB-0.25-0.9-0.3,0.0,GARC1,RUS,EMB,embB@I1006M,U,{},"{""proportion"": 0.0, ""confidence"": [0.0, 0.3511165007651012], ""p_value"": 0.34082031250000006, ""contingency"": [[0, 5], [291, 24335]]}",{}
932,NC00962.3,EMB-0.25-0.9-0.3,0.0,GARC1,RUS,EMB,embA@T591P,U,{},"{""proportion"": 0.0, ""confidence"": [0.0, 0.5749693909936535], ""p_value"": 1.0, ""contingency"": [[0, 2], [291, 24335]]}",{}
933,NC00962.3,EMB-0.25-0.9-0.3,0.0,GARC1,RUS,EMB,embB@R147C,U,{},"{""proportion"": 0.0, ""confidence"": [0.0, 0.7301340512159458], ""p_value"": 1.0, ""contingency"": [[0, 1], [291, 24335]]}",{}
934,NC00962.3,EMB-0.25-0.9-0.3,0.0,GARC1,RUS,EMB,embB@A1083T,U,{},"{""proportion"": 0.0, ""confidence"": [0.0, 0.7301340512159458], ""p_value"": 1.0, ""contingency"": [[0, 1], [291, 24335]]}",{}
935,NC00962.3,EMB-0.25-0.9-0.3,0.0,GARC1,RUS,EMB,embA@G554D,U,{},"{""proportion"": 1.0, ""confidence"": [0.26986594878405434, 1.0000000000000002], ""p_value"": 0.25, ""contingency"": [[1, 0], [291, 24335]]}",{}
936,NC00962.3,EMB-0.25-0.9-0.3,0.0,GARC1,RUS,EMB,embB@E149A,U,{},"{""proportion"": 0.0, ""confidence"": [0.0, 0.7301340512159458], ""p_value"": 1.0, ""contingency"": [[0, 1], [291, 24335]]}",{}
937,NC00962.3,EMB-0.25-0.9-0.3,0.0,GARC1,RUS,EMB,embA@P763S,U,{},"{""proportion"": 0.0, ""confidence"": [0.0, 0.7301340512159458], ""p_value"": 1.0, ""contingency"": [[0, 1], [291, 24335]]}",{}
938,NC00962.3,EMB-0.25-0.9-0.3,0.0,GARC1,RUS,EMB,embA@g-48c,U,{},"{""proportion"": 0.0, ""confidence"": [0.0, 0.7301340512159458], ""p_value"": 1.0, ""contingency"": [[0, 1], [291, 24335]]}",{}
939,NC00962.3,EMB-0.25-0.9-0.3,0.0,GARC1,RUS,EMB,embA@A291T,U,{},"{""proportion"": 0.0, ""confidence"": [0.0, 0.5749693909936535], ""p_value"": 1.0, ""contingency"": [[0, 2], [291, 24335]]}",{}
940,NC00962.3,EMB-0.25-0.9-0.3,0.0,GARC1,RUS,EMB,embB@D354N,U,{},"{""proportion"": 0.0, ""confidence"": [0.0, 0.7301340512159458], ""p_value"": 1.0, ""contingency"": [[0, 1], [291, 24335]]}",{}
941,NC00962.3,EMB-0.25-0.9-0.3,0.0,GARC1,RUS,EMB,embA@T270P,U,{},"{""proportion"": 0.0, ""confidence"": [0.0, 0.7301340512159458], ""p_value"": 1.0, ""contingency"": [[0, 1], [291, 24335]]}",{}
942,NC00962.3,EMB-0.25-0.9-0.3,0.0,GARC1,RUS,EMB,embA@G21R,U,{},"{""proportion"": 0.0, ""confidence"": [0.0, 0.7301340512159458], ""p_value"": 1.0, ""contingency"": [[0, 1], [291, 24335]]}",{}
943,NC00962.3,EMB-0.25-0.9-0.3,0.0,GARC1,RUS,EMB,embA@G157C,U,{},"{""proportion"": 0.0, ""confidence"": [0.0, 0.5749693909936535], ""p_value"": 1.0, ""contingency"": [[0, 2], [291, 24335]]}",{}
944,NC00962.3,EMB-0.25-0.9-0.3,0.0,GARC1,RUS,EMB,embA@H665R,U,{},"{""proportion"": 0.0, ""confidence"": [0.0, 0.5749693909936535], ""p_value"": 1.0, ""contingency"": [[0, 2], [291, 24335]]}",{}
945,NC00962.3,EMB-0.25-0.9-0.3,0.0,GARC1,RUS,EMB,embB@N1004T,U,{},"{""proportion"": 0.0, ""confidence"": [0.0, 0.7301340512159458], ""p_value"": 1.0, ""contingency"": [[0, 1], [291, 24335]]}",{}
946,NC00962.3,EMB-0.25-0.9-0.3,0.0,GARC1,RUS,EMB,embB@T797M,U,{},"{""proportion"": 0.0, ""confidence"": [0.0, 0.40347862520270455], ""p_value"": 0.578125, ""contingency"": [[0, 4], [291, 24335]]}",{}
947,NC00962.3,EMB-0.25-0.9-0.3,0.0,GARC1,RUS,EMB,embB@A510T,U,{},"{""proportion"": 0.0, ""confidence"": [0.0, 0.4741955741575127], ""p_value"": 1.0, ""contingency"": [[0, 3], [291, 24335]]}",{}
948,NC00962.3,EMB-0.25-0.9-0.3,0.0,GARC1,RUS,EMB,embA@L215M,U,{},"{""proportion"": 0.0, ""confidence"": [0.0, 0.7301340512159458], ""p_value"": 1.0, ""contingency"": [[0, 1], [291, 24335]]}",{}
949,NC00962.3,EMB-0.25-0.9-0.3,0.0,GARC1,RUS,EMB,embA@A255V,U,{},"{""proportion"": 0.0, ""confidence"": [0.0, 0.7301340512159458], ""p_value"": 1.0, ""contingency"": [[0, 1], [291, 24335]]}",{}
950,NC00962.3,EMB-0.25-0.9-0.3,0.0,GARC1,RUS,EMB,embB@D354G,U,{},"{""proportion"": 0.0, ""confidence"": [0.0, 0.7301340512159458], ""p_value"": 1.0, ""contingency"": [[0, 1], [291, 24335]]}",{}
951,NC00962.3,EMB-0.25-0.9-0.3,0.0,GARC1,RUS,EMB,embA@A428V,U,{},"{""proportion"": 0.0, ""confidence"": [0.0, 0.7301340512159458], ""p_value"": 1.0, ""contingency"": [[0, 1], [291, 24335]]}",{}
952,NC00962.3,EMB-0.25-0.9-0.3,0.0,GARC1,RUS,EMB,embB@P430L,U,{},"{""proportion"": 0.0, ""confidence"": [0.0, 0.7301340512159458], ""p_value"": 1.0, ""contingency"": [[0, 1], [291, 24335]]}",{}
953,NC00962.3,EMB-0.25-0.9-0.3,0.0,GARC1,RUS,EMB,embA@S49R,U,{},"{""proportion"": 0.0, ""confidence"": [0.0, 0.7301340512159458], ""p_value"": 1.0, ""contingency"": [[0, 1], [291, 24335]]}",{}
954,NC00962.3,EMB-0.25-0.9-0.3,0.0,GARC1,RUS,EMB,embA@A852S,U,{},"{""proportion"": 0.0, ""confidence"": [0.0, 0.7301340512159458], ""p_value"": 1.0, ""contingency"": [[0, 1], [291, 24335]]}",{}
955,NC00962.3,EMB-0.25-0.9-0.3,0.0,GARC1,RUS,EMB,embB@T341A,U,{},"{""proportion"": 0.0, ""confidence"": [0.0, 0.7301340512159458], ""p_value"": 1.0, ""contingency"": [[0, 1], [291, 24335]]}",{}
956,NC00962.3,EMB-0.25-0.9-0.3,0.0,GARC1,RUS,EMB,embB@S658N,U,{},"{""proportion"": 0.0, ""confidence"": [0.0, 0.7301340512159458], ""p_value"": 1.0, ""contingency"": [[0, 1], [291, 24335]]}",{}
957,NC00962.3,EMB-0.25-0.9-0.3,0.0,GARC1,RUS,EMB,embB@D869H,U,{},"{""proportion"": 0.0, ""confidence"": [0.0, 0.7301340512159458], ""p_value"": 1.0, ""contingency"": [[0, 1], [291, 24335]]}",{}
958,NC00962.3,EMB-0.25-0.9-0.3,0.0,GARC1,RUS,EMB,embA@T728I,U,{},"{""proportion"": 0.0, ""confidence"": [0.0, 0.3511165007651012], ""p_value"": 0.34082031250000006, ""contingency"": [[0, 5], [291, 24335]]}",{}
959,NC00962.3,EMB-0.25-0.9-0.3,0.0,GARC1,RUS,EMB,embA@G1085S,U,{},"{""proportion"": 0.0, ""confidence"": [0.0, 0.7301340512159458], ""p_value"": 1.0, ""contingency"": [[0, 1], [291, 24335]]}",{}
960,NC00962.3,EMB-0.25-0.9-0.3,0.0,GARC1,RUS,EMB,embB@A1020S,U,{},"{""proportion"": 0.0, ""confidence"": [0.0, 0.7301340512159458], ""p_value"": 1.0, ""contingency"": [[0, 1], [291, 24335]]}",{}
961,NC00962.3,EMB-0.25-0.9-0.3,0.0,GARC1,RUS,EMB,embB@V602I,U,{},"{""proportion"": 0.0, ""confidence"": [0.0, 0.7301340512159458], ""p_value"": 1.0, ""contingency"": [[0, 1], [291, 24335]]}",{}
962,NC00962.3,EMB-0.25-0.9-0.3,0.0,GARC1,RUS,EMB,embB@D311A,U,{},"{""proportion"": 0.0, ""confidence"": [0.0, 0.5749693909936535], ""p_value"": 1.0, ""contingency"": [[0, 2], [291, 24335]]}",{}
963,NC00962.3,EMB-0.25-0.9-0.3,0.0,GARC1,RUS,EMB,embA@2046_del_ccgcatcttggc,U,{},"{""proportion"": 0.0, ""confidence"": [0.0, 0.7301340512159458], ""p_value"": 1.0, ""contingency"": [[0, 1], [291, 24335]]}",{}
964,NC00962.3,EMB-0.25-0.9-0.3,0.0,GARC1,RUS,EMB,embA@T238S,U,{},"{""proportion"": 0.0, ""confidence"": [0.0, 0.7301340512159458], ""p_value"": 1.0, ""contingency"": [[0, 1], [291, 24335]]}",{}
965,NC00962.3,EMB-0.25-0.9-0.3,0.0,GARC1,RUS,EMB,embA@D784N,U,{},"{""proportion"": 0.0, ""confidence"": [0.0, 0.7301340512159458], ""p_value"": 1.0, ""contingency"": [[0, 1], [291, 24335]]}",{}
966,NC00962.3,EMB-0.25-0.9-0.3,0.0,GARC1,RUS,EMB,embB@R930H,U,{},"{""proportion"": 0.0, ""confidence"": [0.0, 0.7301340512159458], ""p_value"": 1.0, ""contingency"": [[0, 1], [291, 24335]]}",{}
967,NC00962.3,EMB-0.25-0.9-0.3,0.0,GARC1,RUS,EMB,embA@T238N,U,{},"{""proportion"": 0.0, ""confidence"": [0.0, 0.5749693909936535], ""p_value"": 1.0, ""contingency"": [[0, 2], [291, 24335]]}",{}
968,NC00962.3,EMB-0.25-0.9-0.3,0.0,GARC1,RUS,EMB,embA@I191V,U,{},"{""proportion"": 0.0, ""confidence"": [0.0, 0.7301340512159458], ""p_value"": 1.0, ""contingency"": [[0, 1], [291, 24335]]}",{}
969,NC00962.3,EMB-0.25-0.9-0.3,0.0,GARC1,RUS,EMB,embB@P375S,U,{},"{""proportion"": 0.0, ""confidence"": [0.0, 0.7301340512159458], ""p_value"": 1.0, ""contingency"": [[0, 1], [291, 24335]]}",{}
970,NC00962.3,EMB-0.25-0.9-0.3,0.0,GARC1,RUS,EMB,embB@V231I,U,{},"{""proportion"": 0.0, ""confidence"": [0.0, 0.7301340512159458], ""p_value"": 1.0, ""contingency"": [[0, 1], [291, 24335]]}",{}
971,NC00962.3,EMB-0.25-0.9-0.3,0.0,GARC1,RUS,EMB,embB@N657D,U,{},"{""proportion"": 0.0, ""confidence"": [0.0, 0.7301340512159458], ""p_value"": 1.0, ""contingency"": [[0, 1], [291, 24335]]}",{}
972,NC00962.3,EMB-0.25-0.9-0.3,0.0,GARC1,RUS,EMB,embB@R182C,U,{},"{""proportion"": 0.0, ""confidence"": [0.0, 0.4741955741575127], ""p_value"": 1.0, ""contingency"": [[0, 3], [291, 24335]]}",{}
973,NC00962.3,EMB-0.25-0.9-0.3,0.0,GARC1,RUS,EMB,embB@G665R,U,{},"{""proportion"": 0.0, ""confidence"": [0.0, 0.7301340512159458], ""p_value"": 1.0, ""contingency"": [[0, 1], [291, 24335]]}",{}
974,NC00962.3,EMB-0.25-0.9-0.3,0.0,GARC1,RUS,EMB,embB@M462L,U,{},"{""proportion"": 0.0, ""confidence"": [0.0, 0.7301340512159458], ""p_value"": 1.0, ""contingency"": [[0, 1], [291, 24335]]}",{}
975,NC00962.3,EMB-0.25-0.9-0.3,0.0,GARC1,RUS,EMB,embA@W1050G,U,{},"{""proportion"": 0.0, ""confidence"": [0.0, 0.7301340512159458], ""p_value"": 1.0, ""contingency"": [[0, 1], [291, 24335]]}",{}
976,NC00962.3,EMB-0.25-0.9-0.3,0.0,GARC1,RUS,EMB,embA@2723_ins_ggg,U,{},"{""proportion"": 0.0, ""confidence"": [0.0, 0.7301340512159458], ""p_value"": 1.0, ""contingency"": [[0, 1], [291, 24335]]}",{}
977,NC00962.3,EMB-0.25-0.9-0.3,0.0,GARC1,RUS,EMB,embA@D761G,U,{},"{""proportion"": 0.0, ""confidence"": [0.0, 0.7301340512159458], ""p_value"": 1.0, ""contingency"": [[0, 1], [291, 24335]]}",{}
978,NC00962.3,EMB-0.25-0.9-0.3,0.0,GARC1,RUS,EMB,embA@R683L,U,{},"{""proportion"": 0.0, ""confidence"": [0.0, 0.7301340512159458], ""p_value"": 1.0, ""contingency"": [[0, 1], [291, 24335]]}",{}
979,NC00962.3,EMB-0.25-0.9-0.3,0.0,GARC1,RUS,EMB,embA@L263P,U,{},"{""proportion"": 0.0, ""confidence"": [0.0, 0.7301340512159458], ""p_value"": 1.0, ""contingency"": [[0, 1], [291, 24335]]}",{}
980,NC00962.3,EMB-0.25-0.9-0.3,0.0,GARC1,RUS,EMB,embB@T1069P,U,{},"{""proportion"": 0.0, ""confidence"": [0.0, 0.7301340512159458], ""p_value"": 1.0, ""contingency"": [[0, 1], [291, 24335]]}",{}
981,NC00962.3,EMB-0.25-0.9-0.3,0.0,GARC1,RUS,EMB,embB@D86N,U,{},"{""proportion"": 0.0, ""confidence"": [0.0, 0.7301340512159458], ""p_value"": 1.0, ""contingency"": [[0, 1], [291, 24335]]}",{}
982,NC00962.3,EMB-0.25-0.9-0.3,0.0,GARC1,RUS,EMB,embB@G1097S,U,{},"{""proportion"": 0.0, ""confidence"": [0.0, 0.7301340512159458], ""p_value"": 1.0, ""contingency"": [[0, 1], [291, 24335]]}",{}
983,NC00962.3,EMB-0.25-0.9-0.3,0.0,GARC1,RUS,EMB,embA@T983A,U,{},"{""proportion"": 0.0, ""confidence"": [0.0, 0.7301340512159458], ""p_value"": 1.0, ""contingency"": [[0, 1], [291, 24335]]}",{}
984,NC00962.3,EMB-0.25-0.9-0.3,0.0,GARC1,RUS,EMB,embA@c-73t,U,{},"{""proportion"": 0.0, ""confidence"": [0.0, 0.7301340512159458], ""p_value"": 1.0, ""contingency"": [[0, 1], [291, 24335]]}",{}
985,NC00962.3,EMB-0.25-0.9-0.3,0.0,GARC1,RUS,EMB,embB@T546A,U,{},"{""proportion"": 0.0, ""confidence"": [0.0, 0.7301340512159458], ""p_value"": 1.0, ""contingency"": [[0, 1], [291, 24335]]}",{}
986,NC00962.3,EMB-0.25-0.9-0.3,0.0,GARC1,RUS,EMB,embB@K107R,U,{},"{""proportion"": 0.0, ""confidence"": [0.0, 0.7301340512159458], ""p_value"": 1.0, ""contingency"": [[0, 1], [291, 24335]]}",{}
987,NC00962.3,EMB-0.25-0.9-0.3,0.0,GARC1,RUS,EMB,embB@N1033K,U,{},"{""proportion"": 1.0, ""confidence"": [0.26986594878405434, 1.0000000000000002], ""p_value"": 0.25, ""contingency"": [[1, 0], [291, 24335]]}",{}
988,NC00962.3,EMB-0.25-0.9-0.3,0.0,GARC1,RUS,EMB,embB@A259V,U,{},"{""proportion"": 0.0, ""confidence"": [0.0, 0.7301340512159458], ""p_value"": 1.0, ""contingency"": [[0, 1], [291, 24335]]}",{}
989,NC00962.3,EMB-0.25-0.9-0.3,0.0,GARC1,RUS,EMB,embB@G443S,U,{},"{""proportion"": 0.0, ""confidence"": [0.0, 0.5749693909936535], ""p_value"": 1.0, ""contingency"": [[0, 2], [291, 24335]]}",{}
990,NC00962.3,EMB-0.25-0.9-0.3,0.0,GARC1,RUS,EMB,embB@P214A,U,{},"{""proportion"": 0.0, ""confidence"": [0.0, 0.7301340512159458], ""p_value"": 1.0, ""contingency"": [[0, 1], [291, 24335]]}",{}
991,NC00962.3,EMB-0.25-0.9-0.3,0.0,GARC1,RUS,EMB,embB@R122H,U,{},"{""proportion"": 0.0, ""confidence"": [0.0, 0.7301340512159458], ""p_value"": 1.0, ""contingency"": [[0, 1], [291, 24335]]}",{}
992,NC00962.3,EMB-0.25-0.9-0.3,0.0,GARC1,RUS,EMB,embB@A356V,U,{},"{""proportion"": 0.0, ""confidence"": [0.0, 0.7301340512159458], ""p_value"": 1.0, ""contingency"": [[0, 1], [291, 24335]]}",{}
993,NC00962.3,EMB-0.25-0.9-0.3,0.0,GARC1,RUS,EMB,embB@V479M,U,{},"{""proportion"": 0.0, ""confidence"": [0.0, 0.7301340512159458], ""p_value"": 1.0, ""contingency"": [[0, 1], [291, 24335]]}",{}
994,NC00962.3,EMB-0.25-0.9-0.3,0.0,GARC1,RUS,EMB,embA@G101S,U,{},"{""proportion"": 0.0, ""confidence"": [0.0, 0.5749693909936535], ""p_value"": 1.0, ""contingency"": [[0, 2], [291, 24335]]}",{}
995,NC00962.3,EMB-0.25-0.9-0.3,0.0,GARC1,RUS,EMB,embA@R442K,U,{},"{""proportion"": 0.0, ""confidence"": [0.0, 0.7301340512159458], ""p_value"": 1.0, ""contingency"": [[0, 1], [291, 24335]]}",{}
996,NC00962.3,EMB-0.25-0.9-0.3,0.0,GARC1,RUS,EMB,embB@G603A,U,{},"{""proportion"": 0.0, ""confidence"": [0.0, 0.7301340512159458], ""p_value"": 1.0, ""contingency"": [[0, 1], [291, 24335]]}",{}
997,NC00962.3,EMB-0.25-0.9-0.3,0.0,GARC1,RUS,EMB,embA@N679S,U,{},"{""proportion"": 0.0, ""confidence"": [0.0, 0.7301340512159458], ""p_value"": 1.0, ""contingency"": [[0, 1], [291, 24335]]}",{}
998,NC00962.3,EMB-0.25-0.9-0.3,0.0,GARC1,RUS,EMB,embB@P706S,U,{},"{""proportion"": 0.0, ""confidence"": [0.0, 0.7301340512159458], ""p_value"": 1.0, ""contingency"": [[0, 1], [291, 24335]]}",{}
999,NC00962.3,EMB-0.25-0.9-0.3,0.0,GARC1,RUS,EMB,embB@R147H,U,{},"{""proportion"": 0.0, ""confidence"": [0.0, 0.7301340512159458], ""p_value"": 1.0, ""contingency"": [[0, 1], [291, 24335]]}",{}
1000,NC00962.3,EMB-0.25-0.9-0.3,0.0,GARC1,RUS,EMB,embA@R346P,U,{},"{""proportion"": 0.0, ""confidence"": [0.0, 0.7301340512159458], ""p_value"": 1.0, ""contingency"": [[0, 1], [291, 24335]]}",{}
1001,NC00962.3,EMB-0.25-0.9-0.3,0.0,GARC1,RUS,EMB,embA@R346W,U,{},"{""proportion"": 0.0, ""confidence"": [0.0, 0.7301340512159458], ""p_value"": 1.0, ""contingency"": [[0, 1], [291, 24335]]}",{}
1002,NC00962.3,EMB-0.25-0.9-0.3,0.0,GARC1,RUS,EMB,embB@G474D,U,{},"{""proportion"": 0.0, ""confidence"": [0.0, 0.7301340512159458], ""p_value"": 1.0, ""contingency"": [[0, 1], [291, 24335]]}",{}
1003,NC00962.3,EMB-0.25-0.9-0.3,0.0,GARC1,RUS,EMB,embA@L221M,U,{},"{""proportion"": 0.0, ""confidence"": [0.0, 0.7301340512159458], ""p_value"": 1.0, ""contingency"": [[0, 1], [291, 24335]]}",{}
1004,NC00962.3,EMB-0.25-0.9-0.3,0.0,GARC1,RUS,EMB,embA@S318L,U,{},"{""proportion"": 0.0, ""confidence"": [0.0, 0.7301340512159458], ""p_value"": 1.0, ""contingency"": [[0, 1], [291, 24335]]}",{}
1005,NC00962.3,EMB-0.25-0.9-0.3,0.0,GARC1,RUS,EMB,embA@G748S,U,{},"{""proportion"": 0.0, ""confidence"": [0.0, 0.7301340512159458], ""p_value"": 1.0, ""contingency"": [[0, 1], [291, 24335]]}",{}
1006,NC00962.3,EMB-0.25-0.9-0.3,0.0,GARC1,RUS,EMB,embA@S250N,U,{},"{""proportion"": 0.0, ""confidence"": [0.0, 0.7301340512159458], ""p_value"": 1.0, ""contingency"": [[0, 1], [291, 24335]]}",{}
1007,NC00962.3,EMB-0.25-0.9-0.3,0.0,GARC1,RUS,EMB,embA@T1044M,U,{},"{""proportion"": 0.0, ""confidence"": [0.0, 0.7301340512159458], ""p_value"": 1.0, ""contingency"": [[0, 1], [291, 24335]]}",{}
1008,NC00962.3,EMB-0.25-0.9-0.3,0.0,GARC1,RUS,EMB,embA@G972W,U,{},"{""proportion"": 0.0, ""confidence"": [0.0, 0.7301340512159458], ""p_value"": 1.0, ""contingency"": [[0, 1], [291, 24335]]}",{}
1009,NC00962.3,EMB-0.25-0.9-0.3,0.0,GARC1,RUS,EMB,embA@c-36t,U,{},"{""proportion"": 0.0, ""confidence"": [0.0, 0.7301340512159458], ""p_value"": 1.0, ""contingency"": [[0, 1], [291, 24335]]}",{}
1010,NC00962.3,EMB-0.25-0.9-0.3,0.0,GARC1,RUS,EMB,embB@A684V,U,{},"{""proportion"": 0.0, ""confidence"": [0.0, 0.7301340512159458], ""p_value"": 1.0, ""contingency"": [[0, 1], [291, 24335]]}",{}
1011,NC00962.3,EMB-0.25-0.9-0.3,0.0,GARC1,RUS,EMB,embA@S318T,U,{},"{""proportion"": 0.0, ""confidence"": [0.0, 0.7301340512159458], ""p_value"": 1.0, ""contingency"": [[0, 1], [291, 24335]]}",{}
1012,NC00962.3,EMB-0.25-0.9-0.3,0.0,GARC1,RUS,EMB,embA@A436G,U,{},"{""proportion"": 0.0, ""confidence"": [0.0, 0.7301340512159458], ""p_value"": 1.0, ""contingency"": [[0, 1], [291, 24335]]}",{}
1013,NC00962.3,EMB-0.25-0.9-0.3,0.0,GARC1,RUS,EMB,embB@T506N,U,{},"{""proportion"": 0.0, ""confidence"": [0.0, 0.7301340512159458], ""p_value"": 1.0, ""contingency"": [[0, 1], [291, 24335]]}",{}
1014,NC00962.3,EMB-0.25-0.9-0.3,0.0,GARC1,RUS,EMB,embA@D473G,U,{},"{""proportion"": 0.0, ""confidence"": [0.0, 0.7301340512159458], ""p_value"": 1.0, ""contingency"": [[0, 1], [291, 24335]]}",{}
1015,NC00962.3,EMB-0.25-0.9-0.3,0.0,GARC1,RUS,EMB,embA@N377G,U,{},"{""proportion"": 0.0, ""confidence"": [0.0, 0.7301340512159458], ""p_value"": 1.0, ""contingency"": [[0, 1], [291, 24335]]}",{}
1016,NC00962.3,EMB-0.25-0.9-0.3,0.0,GARC1,RUS,EMB,embA@R68H,U,{},"{""proportion"": 0.0, ""confidence"": [0.0, 0.7301340512159458], ""p_value"": 1.0, ""contingency"": [[0, 1], [291, 24335]]}",{}
1017,NC00962.3,EMB-0.25-0.9-0.3,0.0,GARC1,RUS,EMB,embB@P177L,U,{},"{""proportion"": 0.0, ""confidence"": [0.0, 0.7301340512159458], ""p_value"": 1.0, ""contingency"": [[0, 1], [291, 24335]]}",{}
1018,NC00962.3,EMB-0.25-0.9-0.3,0.0,GARC1,RUS,EMB,embB@K927E,U,{},"{""proportion"": 0.0, ""confidence"": [0.0, 0.7301340512159458], ""p_value"": 1.0, ""contingency"": [[0, 1], [291, 24335]]}",{}
1019,NC00962.3,EMB-0.25-0.9-0.3,0.0,GARC1,RUS,EMB,embA@P164A,U,{},"{""proportion"": 0.0, ""confidence"": [0.0, 0.7301340512159458], ""p_value"": 1.0, ""contingency"": [[0, 1], [291, 24335]]}",{}
1020,NC00962.3,EMB-0.25-0.9-0.3,0.0,GARC1,RUS,EMB,embA@L925V,U,{},"{""proportion"": 0.0, ""confidence"": [0.0, 0.7301340512159458], ""p_value"": 1.0, ""contingency"": [[0, 1], [291, 24335]]}",{}
1021,NC00962.3,EMB-0.25-0.9-0.3,0.0,GARC1,RUS,EMB,embA@I887T,U,{},"{""proportion"": 0.0, ""confidence"": [0.0, 0.7301340512159458], ""p_value"": 1.0, ""contingency"": [[0, 1], [291, 24335]]}",{}
1022,NC00962.3,EMB-0.25-0.9-0.3,0.0,GARC1,RUS,EMB,embA@632_del_tgc,U,{},"{""proportion"": 0.0, ""confidence"": [0.0, 0.7301340512159458], ""p_value"": 1.0, ""contingency"": [[0, 1], [291, 24335]]}",{}
1023,NC00962.3,EMB-0.25-0.9-0.3,0.0,GARC1,RUS,EMB,embA@S516C,U,{},"{""proportion"": 0.0, ""confidence"": [0.0, 0.7301340512159458], ""p_value"": 1.0, ""contingency"": [[0, 1], [291, 24335]]}",{}
1024,NC00962.3,EMB-0.25-0.9-0.3,0.0,GARC1,RUS,EMB,embA@S516P,U,{},"{""proportion"": 0.0, ""confidence"": [0.0, 0.7301340512159458], ""p_value"": 1.0, ""contingency"": [[0, 1], [291, 24335]]}",{}
1025,NC00962.3,EMB-0.25-0.9-0.3,0.0,GARC1,RUS,EMB,embA@L552P,U,{},"{""proportion"": 0.0, ""confidence"": [0.0, 0.7301340512159458], ""p_value"": 1.0, ""contingency"": [[0, 1], [291, 24335]]}",{}
1026,NC00962.3,EMB-0.25-0.9-0.3,0.0,GARC1,RUS,EMB,embA@2071_ins_tgg,U,{},"{""proportion"": 0.0, ""confidence"": [0.0, 0.5749693909936535], ""p_value"": 1.0, ""contingency"": [[0, 2], [291, 24335]]}",{}
1027,NC00962.3,EMB-0.25-0.9-0.3,0.0,GARC1,RUS,EMB,embA@V31F,U,{},"{""proportion"": 0.0, ""confidence"": [0.0, 0.7301340512159458], ""p_value"": 1.0, ""contingency"": [[0, 1], [291, 24335]]}",{}
1028,NC00962.3,EMB-0.25-0.9-0.3,0.0,GARC1,RUS,EMB,embA@A661P,U,{},"{""proportion"": 0.0, ""confidence"": [0.0, 0.7301340512159458], ""p_value"": 1.0, ""contingency"": [[0, 1], [291, 24335]]}",{}
1029,NC00962.3,EMB-0.25-0.9-0.3,0.0,GARC1,RUS,EMB,embB@Q516E,U,{},"{""proportion"": 0.0, ""confidence"": [0.0, 0.7301340512159458], ""p_value"": 1.0, ""contingency"": [[0, 1], [291, 24335]]}",{}
1030,NC00962.3,EMB-0.25-0.9-0.3,0.0,GARC1,RUS,EMB,embA@A415V,U,{},"{""proportion"": 0.0, ""confidence"": [0.0, 0.7301340512159458], ""p_value"": 1.0, ""contingency"": [[0, 1], [291, 24335]]}",{}
1031,NC00962.3,EMB-0.25-0.9-0.3,0.0,GARC1,RUS,EMB,embA@I338L,U,{},"{""proportion"": 0.0, ""confidence"": [0.0, 0.278762695452542], ""p_value"": 0.20404052734375, ""contingency"": [[0, 7], [291, 24335]]}",{}
1032,NC00962.3,EMB-0.25-0.9-0.3,0.0,GARC1,RUS,EMB,embB@S565G,U,{},"{""proportion"": 0.0, ""confidence"": [0.0, 0.4741955741575127], ""p_value"": 1.0, ""contingency"": [[0, 3], [291, 24335]]}",{}
1033,NC00962.3,EMB-0.25-0.9-0.3,0.0,GARC1,RUS,EMB,embA@V317L,U,{},"{""proportion"": 0.0, ""confidence"": [0.0, 0.3511165007651012], ""p_value"": 0.34082031250000006, ""contingency"": [[0, 5], [291, 24335]]}",{}
1034,NC00962.3,EMB-0.25-0.9-0.3,0.0,GARC1,RUS,EMB,embA@A581T,U,{},"{""proportion"": 0.0, ""confidence"": [0.0, 0.5749693909936535], ""p_value"": 1.0, ""contingency"": [[0, 2], [291, 24335]]}",{}
1035,NC00962.3,EMB-0.25-0.9-0.3,0.0,GARC1,RUS,EMB,embB@I284L,U,{},"{""proportion"": 0.0, ""confidence"": [0.0, 0.7301340512159458], ""p_value"": 1.0, ""contingency"": [[0, 1], [291, 24335]]}",{}
1036,NC00962.3,EMB-0.25-0.9-0.3,0.0,GARC1,RUS,EMB,embA@P645R,U,{},"{""proportion"": 0.0, ""confidence"": [0.0, 0.5749693909936535], ""p_value"": 1.0, ""contingency"": [[0, 2], [291, 24335]]}",{}
1037,NC00962.3,EMB-0.25-0.9-0.3,0.0,GARC1,RUS,EMB,embB@G535S,U,{},"{""proportion"": 0.0, ""confidence"": [0.0, 0.7301340512159458], ""p_value"": 1.0, ""contingency"": [[0, 1], [291, 24335]]}",{}
1038,NC00962.3,EMB-0.25-0.9-0.3,0.0,GARC1,RUS,EMB,embA@M705T,U,{},"{""proportion"": 0.0, ""confidence"": [0.0, 0.7301340512159458], ""p_value"": 1.0, ""contingency"": [[0, 1], [291, 24335]]}",{}
1039,NC00962.3,EMB-0.25-0.9-0.3,0.0,GARC1,RUS,EMB,embA@S137N,U,{},"{""proportion"": 0.0, ""confidence"": [0.0, 0.7301340512159458], ""p_value"": 1.0, ""contingency"": [[0, 1], [291, 24335]]}",{}
1040,NC00962.3,EMB-0.25-0.9-0.3,0.0,GARC1,RUS,EMB,embB@K561Q,U,{},"{""proportion"": 0.0, ""confidence"": [0.0, 0.7301340512159458], ""p_value"": 1.0, ""contingency"": [[0, 1], [291, 24335]]}",{}
1041,NC00962.3,EMB-0.25-0.9-0.3,0.0,GARC1,RUS,EMB,embA@c-50t,U,{},"{""proportion"": 0.0, ""confidence"": [0.0, 0.7301340512159458], ""p_value"": 1.0, ""contingency"": [[0, 1], [291, 24335]]}",{}
1042,NC00962.3,EMB-0.25-0.9-0.3,0.0,GARC1,RUS,EMB,embA@V583M,U,{},"{""proportion"": 0.0, ""confidence"": [0.0, 0.7301340512159458], ""p_value"": 1.0, ""contingency"": [[0, 1], [291, 24335]]}",{}
1043,NC00962.3,EMB-0.25-0.9-0.3,0.0,GARC1,RUS,EMB,embB@V614I,U,{},"{""proportion"": 0.0, ""confidence"": [0.0, 0.7301340512159458], ""p_value"": 1.0, ""contingency"": [[0, 1], [291, 24335]]}",{}
1044,NC00962.3,EMB-0.25-0.9-0.3,0.0,GARC1,RUS,EMB,embA@S514P,U,{},"{""proportion"": 0.0, ""confidence"": [0.0, 0.7301340512159458], ""p_value"": 1.0, ""contingency"": [[0, 1], [291, 24335]]}",{}
1045,NC00962.3,EMB-0.25-0.9-0.3,0.0,GARC1,RUS,EMB,embA@M153V,U,{},"{""proportion"": 0.0, ""confidence"": [0.0, 0.7301340512159458], ""p_value"": 1.0, ""contingency"": [[0, 1], [291, 24335]]}",{}
1046,NC00962.3,EMB-0.25-0.9-0.3,0.0,GARC1,RUS,EMB,embB@A517T,U,{},"{""proportion"": 0.0, ""confidence"": [0.0, 0.7301340512159458], ""p_value"": 1.0, ""contingency"": [[0, 1], [291, 24335]]}",{}
1047,NC00962.3,EMB-0.25-0.9-0.3,0.0,GARC1,RUS,EMB,embB@R700H,U,{},"{""proportion"": 0.0, ""confidence"": [0.0, 0.7301340512159458], ""p_value"": 1.0, ""contingency"": [[0, 1], [291, 24335]]}",{}
1048,NC00962.3,EMB-0.25-0.9-0.3,0.0,GARC1,RUS,EMB,embA@L603F,U,{},"{""proportion"": 0.0, ""confidence"": [0.0, 0.7301340512159458], ""p_value"": 1.0, ""contingency"": [[0, 1], [291, 24335]]}",{}
1049,NC00962.3,EMB-0.25-0.9-0.3,0.0,GARC1,RUS,EMB,embA@P163L,U,{},"{""proportion"": 0.0, ""confidence"": [0.0, 0.5749693909936535], ""p_value"": 1.0, ""contingency"": [[0, 2], [291, 24335]]}",{}
1050,NC00962.3,EMB-0.25-0.9-0.3,0.0,GARC1,RUS,EMB,embA@P861S,U,{},"{""proportion"": 0.0, ""confidence"": [0.0, 0.7301340512159458], ""p_value"": 1.0, ""contingency"": [[0, 1], [291, 24335]]}",{}
1051,NC00962.3,EMB-0.25-0.9-0.3,0.0,GARC1,RUS,EMB,embB@F763L,U,{},"{""proportion"": 0.0, ""confidence"": [0.0, 0.7301340512159458], ""p_value"": 1.0, ""contingency"": [[0, 1], [291, 24335]]}",{}
1052,NC00962.3,EMB-0.25-0.9-0.3,0.0,GARC1,RUS,EMB,embA@P156L,U,{},"{""proportion"": 0.0, ""confidence"": [0.0, 0.7301340512159458], ""p_value"": 1.0, ""contingency"": [[0, 1], [291, 24335]]}",{}
1053,NC00962.3,EMB-0.25-0.9-0.3,0.0,GARC1,RUS,EMB,embB@V668A,U,{},"{""proportion"": 0.0, ""confidence"": [0.0, 0.5749693909936535], ""p_value"": 1.0, ""contingency"": [[0, 2], [291, 24335]]}",{}
1054,NC00962.3,EMB-0.25-0.9-0.3,0.0,GARC1,RUS,EMB,embA@F529L,U,{},"{""proportion"": 0.0, ""confidence"": [0.0, 0.7301340512159458], ""p_value"": 1.0, ""contingency"": [[0, 1], [291, 24335]]}",{}
1055,NC00962.3,EMB-0.25-0.9-0.3,0.0,GARC1,RUS,EMB,embB@A295T,U,{},"{""proportion"": 0.0, ""confidence"": [0.0, 0.7301340512159458], ""p_value"": 1.0, ""contingency"": [[0, 1], [291, 24335]]}",{}
1056,NC00962.3,EMB-0.25-0.9-0.3,0.0,GARC1,RUS,EMB,embB@S973L,U,{},"{""proportion"": 0.0, ""confidence"": [0.0, 0.7301340512159458], ""p_value"": 1.0, ""contingency"": [[0, 1], [291, 24335]]}",{}
1057,NC00962.3,EMB-0.25-0.9-0.3,0.0,GARC1,RUS,EMB,embA@A849P,U,{},"{""proportion"": 0.0, ""confidence"": [0.0, 0.7301340512159458], ""p_value"": 1.0, ""contingency"": [[0, 1], [291, 24335]]}",{}
1058,NC00962.3,EMB-0.25-0.9-0.3,0.0,GARC1,RUS,EMB,embA@W45G,U,{},"{""proportion"": 0.0, ""confidence"": [0.0, 0.7301340512159458], ""p_value"": 1.0, ""contingency"": [[0, 1], [291, 24335]]}",{}
1059,NC00962.3,EMB-0.25-0.9-0.3,0.0,GARC1,RUS,EMB,embB@P866A,U,{},"{""proportion"": 0.0, ""confidence"": [0.0, 0.7301340512159458], ""p_value"": 1.0, ""contingency"": [[0, 1], [291, 24335]]}",{}
1060,NC00962.3,EMB-0.25-0.9-0.3,0.0,GARC1,RUS,EMB,embA@P754A,U,{},"{""proportion"": 0.0, ""confidence"": [0.0, 0.7301340512159458], ""p_value"": 1.0, ""contingency"": [[0, 1], [291, 24335]]}",{}
1061,NC00962.3,EMB-0.25-0.9-0.3,0.0,GARC1,RUS,EMB,embB@R89H,U,{},"{""proportion"": 0.0, ""confidence"": [0.0, 0.7301340512159458], ""p_value"": 1.0, ""contingency"": [[0, 1], [291, 24335]]}",{}
1062,NC00962.3,EMB-0.25-0.9-0.3,0.0,GARC1,RUS,EMB,embB@T732I,U,{},"{""proportion"": 0.0, ""confidence"": [0.0, 0.7301340512159458], ""p_value"": 1.0, ""contingency"": [[0, 1], [291, 24335]]}",{}
1063,NC00962.3,EMB-0.25-0.9-0.3,0.0,GARC1,RUS,EMB,embA@L212V,U,{},"{""proportion"": 0.0, ""confidence"": [0.0, 0.7301340512159458], ""p_value"": 1.0, ""contingency"": [[0, 1], [291, 24335]]}",{}
1064,NC00962.3,EMB-0.25-0.9-0.3,0.0,GARC1,RUS,EMB,embA@R447G,U,{},"{""proportion"": 0.0, ""confidence"": [0.0, 0.7301340512159458], ""p_value"": 1.0, ""contingency"": [[0, 1], [291, 24335]]}",{}
1065,NC00962.3,EMB-0.25-0.9-0.3,0.0,GARC1,RUS,EMB,embB@G34V,U,{},"{""proportion"": 0.0, ""confidence"": [0.0, 0.7301340512159458], ""p_value"": 1.0, ""contingency"": [[0, 1], [291, 24335]]}",{}
1066,NC00962.3,EMB-0.25-0.9-0.3,0.0,GARC1,RUS,EMB,embB@G199E,U,{},"{""proportion"": 0.0, ""confidence"": [0.0, 0.7301340512159458], ""p_value"": 1.0, ""contingency"": [[0, 1], [291, 24335]]}",{}
1067,NC00962.3,EMB-0.25-0.9-0.3,0.0,GARC1,RUS,EMB,embB@V502L,U,{},"{""proportion"": 0.0, ""confidence"": [0.0, 0.7301340512159458], ""p_value"": 1.0, ""contingency"": [[0, 1], [291, 24335]]}",{}
1068,NC00962.3,EMB-0.25-0.9-0.3,0.0,GARC1,RUS,EMB,embB@G923E,U,{},"{""proportion"": 0.0, ""confidence"": [0.0, 0.7301340512159458], ""p_value"": 1.0, ""contingency"": [[0, 1], [291, 24335]]}",{}
1069,NC00962.3,EMB-0.25-0.9-0.3,0.0,GARC1,RUS,EMB,embB@A232E,U,{},"{""proportion"": 0.0, ""confidence"": [0.0, 0.5749693909936535], ""p_value"": 1.0, ""contingency"": [[0, 2], [291, 24335]]}",{}
1070,NC00962.3,EMB-0.25-0.9-0.3,0.0,GARC1,RUS,EMB,embB@G1092A,U,{},"{""proportion"": 0.0, ""confidence"": [0.0, 0.7301340512159458], ""p_value"": 1.0, ""contingency"": [[0, 1], [291, 24335]]}",{}
1071,NC00962.3,EMB-0.25-0.9-0.3,0.0,GARC1,RUS,EMB,embA@-23_del_cg,U,{},"{""proportion"": 0.0, ""confidence"": [0.0, 0.7301340512159458], ""p_value"": 1.0, ""contingency"": [[0, 1], [291, 24335]]}",{}
1072,NC00962.3,EMB-0.25-0.9-0.3,0.0,GARC1,RUS,EMB,embB@A102V,U,{},"{""proportion"": 0.0, ""confidence"": [0.0, 0.7301340512159458], ""p_value"": 1.0, ""contingency"": [[0, 1], [291, 24335]]}",{}
1073,NC00962.3,EMB-0.25-0.9-0.3,0.0,GARC1,RUS,EMB,embA@c-29t,U,{},"{""proportion"": 0.0, ""confidence"": [0.0, 0.5749693909936535], ""p_value"": 1.0, ""contingency"": [[0, 2], [291, 24335]]}",{}
1074,NC00962.3,EMB-0.25-0.9-0.3,0.0,GARC1,RUS,EMB,embB@G846S,U,{},"{""proportion"": 0.0, ""confidence"": [0.0, 0.7301340512159458], ""p_value"": 1.0, ""contingency"": [[0, 1], [291, 24335]]}",{}
1075,NC00962.3,EMB-0.25-0.9-0.3,0.0,GARC1,RUS,EMB,embB@S66N,U,{},"{""proportion"": 0.0, ""confidence"": [0.0, 0.7301340512159458], ""p_value"": 1.0, ""contingency"": [[0, 1], [291, 24335]]}",{}
1076,NC00962.3,EMB-0.25-0.9-0.3,0.0,GARC1,RUS,EMB,embB@L638S,U,{},"{""proportion"": 0.0, ""confidence"": [0.0, 0.7301340512159458], ""p_value"": 1.0, ""contingency"": [[0, 1], [291, 24335]]}",{}
1077,NC00962.3,EMB-0.25-0.9-0.3,0.0,GARC1,RUS,EMB,embB@G891E,U,{},"{""proportion"": 0.0, ""confidence"": [0.0, 0.7301340512159458], ""p_value"": 1.0, ""contingency"": [[0, 1], [291, 24335]]}",{}
1078,NC00962.3,EMB-0.25-0.9-0.3,0.0,GARC1,RUS,EMB,embA@G200S,U,{},"{""proportion"": 0.0, ""confidence"": [0.0, 0.7301340512159458], ""p_value"": 1.0, ""contingency"": [[0, 1], [291, 24335]]}",{}
1079,NC00962.3,EMB-0.25-0.9-0.3,0.0,GARC1,RUS,EMB,embB@A567T,U,{},"{""proportion"": 0.0, ""confidence"": [0.0, 0.7301340512159458], ""p_value"": 1.0, ""contingency"": [[0, 1], [291, 24335]]}",{}
1080,NC00962.3,EMB-0.25-0.9-0.3,0.0,GARC1,RUS,EMB,embB@E924K,U,{},"{""proportion"": 1.0, ""confidence"": [0.26986594878405434, 1.0000000000000002], ""p_value"": 0.25, ""contingency"": [[1, 0], [291, 24335]]}",{}
1081,NC00962.3,EMB-0.25-0.9-0.3,0.0,GARC1,RUS,EMB,embB@V842I,U,{},"{""proportion"": 0.0, ""confidence"": [0.0, 0.7301340512159458], ""p_value"": 1.0, ""contingency"": [[0, 1], [291, 24335]]}",{}
1082,NC00962.3,EMB-0.25-0.9-0.3,0.0,GARC1,RUS,EMB,embA@V246G,U,{},"{""proportion"": 0.0, ""confidence"": [0.0, 0.7301340512159458], ""p_value"": 1.0, ""contingency"": [[0, 1], [291, 24335]]}",{}
1083,NC00962.3,EMB-0.25-0.9-0.3,0.0,GARC1,RUS,EMB,embA@D669Y,U,{},"{""proportion"": 0.0, ""confidence"": [0.0, 0.7301340512159458], ""p_value"": 1.0, ""contingency"": [[0, 1], [291, 24335]]}",{}
1084,NC00962.3,EMB-0.25-0.9-0.3,0.0,GARC1,RUS,EMB,embA@R241H,U,{},"{""proportion"": 0.0, ""confidence"": [0.0, 0.7301340512159458], ""p_value"": 1.0, ""contingency"": [[0, 1], [291, 24335]]}",{}
1085,NC00962.3,EMB-0.25-0.9-0.3,0.0,GARC1,RUS,EMB,embB@A431P,U,{},"{""proportion"": 0.0, ""confidence"": [0.0, 0.7301340512159458], ""p_value"": 1.0, ""contingency"": [[0, 1], [291, 24335]]}",{}
1086,NC00962.3,EMB-0.25-0.9-0.3,0.0,GARC1,RUS,EMB,embA@-43_del_g,U,{},"{""proportion"": 0.0, ""confidence"": [0.0, 0.7301340512159458], ""p_value"": 1.0, ""contingency"": [[0, 1], [291, 24335]]}",{}
1087,NC00962.3,EMB-0.25-0.9-0.3,0.0,GARC1,RUS,EMB,embB@L754R,U,{},"{""proportion"": 0.0, ""confidence"": [0.0, 0.7301340512159458], ""p_value"": 1.0, ""contingency"": [[0, 1], [291, 24335]]}",{}
1088,NC00962.3,EMB-0.25-0.9-0.3,0.0,GARC1,RUS,EMB,embA@K789Q,U,{},"{""proportion"": 0.0, ""confidence"": [0.0, 0.7301340512159458], ""p_value"": 1.0, ""contingency"": [[0, 1], [291, 24335]]}",{}
1089,NC00962.3,EMB-0.25-0.9-0.3,0.0,GARC1,RUS,EMB,embA@A409E,U,{},"{""proportion"": 0.0, ""confidence"": [0.0, 0.7301340512159458], ""p_value"": 1.0, ""contingency"": [[0, 1], [291, 24335]]}",{}
1090,NC00962.3,EMB-0.25-0.9-0.3,0.0,GARC1,RUS,EMB,embA@D865E,U,{},"{""proportion"": 0.0, ""confidence"": [0.0, 0.7301340512159458], ""p_value"": 1.0, ""contingency"": [[0, 1], [291, 24335]]}",{}
1091,NC00962.3,EMB-0.25-0.9-0.3,0.0,GARC1,RUS,EMB,embA@G247R,U,{},"{""proportion"": 0.0, ""confidence"": [0.0, 0.7301340512159458], ""p_value"": 1.0, ""contingency"": [[0, 1], [291, 24335]]}",{}
1092,NC00962.3,EMB-0.25-0.9-0.3,0.0,GARC1,RUS,EMB,embB@L974M,U,{},"{""proportion"": 0.0, ""confidence"": [0.0, 0.7301340512159458], ""p_value"": 1.0, ""contingency"": [[0, 1], [291, 24335]]}",{}
1093,NC00962.3,EMB-0.25-0.9-0.3,0.0,GARC1,RUS,EMB,embB@P616S,U,{},"{""proportion"": 0.0, ""confidence"": [0.0, 0.7301340512159458], ""p_value"": 1.0, ""contingency"": [[0, 1], [291, 24335]]}",{}
1094,NC00962.3,EMB-0.25-0.9-0.3,0.0,GARC1,RUS,EMB,embB@V309F,U,{},"{""proportion"": 0.0, ""confidence"": [0.0, 0.7301340512159458], ""p_value"": 1.0, ""contingency"": [[0, 1], [291, 24335]]}",{}
1095,NC00962.3,EMB-0.25-0.9-0.3,0.0,GARC1,RUS,EMB,embA@I655M,U,{},"{""proportion"": 0.0, ""confidence"": [0.0, 0.7301340512159458], ""p_value"": 1.0, ""contingency"": [[0, 1], [291, 24335]]}",{}
1097,NC00962.3,EMB-0.25-0.9-0.3,0.0,GARC1,RUS,EMB,embA@-*_indel,U,{},"{""default_rule"": ""True""}",{}
1098,NC00962.3,EMB-0.25-0.9-0.3,0.0,GARC1,RUS,EMB,embA@*_indel,U,{},"{""default_rule"": ""True""}",{}
1099,NC00962.3,EMB-0.25-0.9-0.3,0.0,GARC1,RUS,EMB,embA@-*?,U,{},"{""default_rule"": ""True""}",{}
1100,NC00962.3,EMB-0.25-0.9-0.3,0.0,GARC1,RUS,EMB,embA@*?,U,{},"{""default_rule"": ""True""}",{}
1101,NC00962.3,EMB-0.25-0.9-0.3,0.0,GARC1,RUS,EMB,embA@del_0.0,U,{},"{""default_rule"": ""True""}",{}
1103,NC00962.3,EMB-0.25-0.9-0.3,0.0,GARC1,RUS,EMB,embB@-*_indel,U,{},"{""default_rule"": ""True""}",{}
1104,NC00962.3,EMB-0.25-0.9-0.3,0.0,GARC1,RUS,EMB,embB@*_indel,U,{},"{""default_rule"": ""True""}",{}
1105,NC00962.3,EMB-0.25-0.9-0.3,0.0,GARC1,RUS,EMB,embB@-*?,U,{},"{""default_rule"": ""True""}",{}
1106,NC00962.3,EMB-0.25-0.9-0.3,0.0,GARC1,RUS,EMB,embB@*?,U,{},"{""default_rule"": ""True""}",{}
1107,NC00962.3,EMB-0.25-0.9-0.3,0.0,GARC1,RUS,EMB,embB@del_0.0,U,{},"{""default_rule"": ""True""}",{}
