Drug,Build_FRS,Test_FRS,Sensitivity,Specificity,DPR,Sensitivity2,Specificity2
CAP,0.1,0.1,84.02173913043478,97.60509816013979,92.2950251343387,80.85774058577407,97.7981477981478
CAP,0.1,0.2,83.27904451682954,97.67967145790554,92.39902929450511,80.23012552301255,97.86429786429787
CAP,0.1,0.30000000000000004,82.41042345276874,97.75177086541423,92.40769630785232,79.39330543933055,97.93044793044793
CAP,0.1,0.4,81.97611292073833,97.7948717948718,92.48569942797712,78.97489539748955,97.96824796824797
CAP,0.1,0.5,81.21606948968513,97.85641025641026,92.48569942797712,78.24267782426779,98.02494802494802
CAP,0.1,0.6000000000000001,79.8913043478261,97.89851358277805,92.52036748136592,76.88284518828452,98.06274806274806
CAP,0.1,0.7000000000000001,78.69565217391305,97.95102960762217,92.57236956144912,75.73221757322176,98.1099981099981
CAP,0.1,0.8,77.71739130434783,98.00327667417571,92.61570462818513,74.7907949790795,98.15724815724816
CAP,0.1,0.9,76.273022751896,98.0460358056266,92.71970878835153,73.64016736401673,98.1950481950482
CAP,0.2,0.1,84.03908794788273,97.60509816013979,92.30369214768591,80.9623430962343,97.7981477981478
CAP,0.2,0.2,83.29718004338395,97.67967145790554,92.40769630785232,80.3347280334728,97.86429786429787
CAP,0.2,0.30000000000000004,82.4295010845987,97.75177086541423,92.41636332119951,79.49790794979079,97.93044793044793
CAP,0.2,0.4,81.99566160520607,97.7948717948718,92.49436644132432,79.07949790794979,97.96824796824797
CAP,0.2,0.5,81.23644251626898,97.85641025641026,92.49436644132432,78.34728033472803,98.02494802494802
CAP,0.2,0.6000000000000001,79.91313789359393,97.89851358277805,92.52903449471313,76.98744769874477,98.06274806274806
CAP,0.2,0.7000000000000001,78.71878393051031,97.95102960762217,92.58103657479633,75.83682008368201,98.1099981099981
CAP,0.2,0.8,77.74158523344191,98.00327667417571,92.62437164153233,74.89539748953975,98.15724815724816
CAP,0.2,0.9,76.2987012987013,98.0460358056266,92.72837580169873,73.74476987447699,98.1950481950482
CAP,0.30000000000000004,0.1,84.02173913043478,97.60509816013979,92.2950251343387,80.85774058577407,97.7981477981478
CAP,0.30000000000000004,0.2,83.27904451682954,97.67967145790554,92.39902929450511,80.23012552301255,97.86429786429787
CAP,0.30000000000000004,0.30000000000000004,82.4295010845987,97.75177086541423,92.41636332119951,79.49790794979079,97.93044793044793
CAP,0.30000000000000004,0.4,81.99566160520607,97.7948717948718,92.49436644132432,79.07949790794979,97.96824796824797
CAP,0.30000000000000004,0.5,81.23644251626898,97.85641025641026,92.49436644132432,78.34728033472803,98.02494802494802
CAP,0.30000000000000004,0.6000000000000001,79.91313789359393,97.89851358277805,92.52903449471313,76.98744769874477,98.06274806274806
CAP,0.30000000000000004,0.7000000000000001,78.71878393051031,97.95102960762217,92.58103657479633,75.83682008368201,98.1099981099981
CAP,0.30000000000000004,0.8,77.74158523344191,98.00327667417571,92.62437164153233,74.89539748953975,98.15724815724816
CAP,0.30000000000000004,0.9,76.2987012987013,98.0460358056266,92.72837580169873,73.74476987447699,98.1950481950482
CAP,0.4,0.1,84.02173913043478,97.60509816013979,92.2950251343387,80.85774058577407,97.7981477981478
CAP,0.4,0.2,83.27904451682954,97.67967145790554,92.39902929450511,80.23012552301255,97.86429786429787
CAP,0.4,0.30000000000000004,82.4295010845987,97.75177086541423,92.41636332119951,79.49790794979079,97.93044793044793
CAP,0.4,0.4,81.99566160520607,97.7948717948718,92.49436644132432,79.07949790794979,97.96824796824797
CAP,0.4,0.5,81.23644251626898,97.85641025641026,92.49436644132432,78.34728033472803,98.02494802494802
CAP,0.4,0.6000000000000001,79.91313789359393,97.89851358277805,92.52903449471313,76.98744769874477,98.06274806274806
CAP,0.4,0.7000000000000001,78.71878393051031,97.95102960762217,92.58103657479633,75.83682008368201,98.1099981099981
CAP,0.4,0.8,77.74158523344191,98.00327667417571,92.62437164153233,74.89539748953975,98.15724815724816
CAP,0.4,0.9,76.2987012987013,98.0460358056266,92.72837580169873,73.74476987447699,98.1950481950482
CAP,0.5,0.1,84.02173913043478,97.60509816013979,92.2950251343387,80.85774058577407,97.7981477981478
CAP,0.5,0.2,83.27904451682954,97.67967145790554,92.39902929450511,80.23012552301255,97.86429786429787
CAP,0.5,0.30000000000000004,82.4295010845987,97.75177086541423,92.41636332119951,79.49790794979079,97.93044793044793
CAP,0.5,0.4,81.99566160520607,97.7948717948718,92.49436644132432,79.07949790794979,97.96824796824797
CAP,0.5,0.5,81.23644251626898,97.85641025641026,92.49436644132432,78.34728033472803,98.02494802494802
CAP,0.5,0.6000000000000001,79.91313789359393,97.89851358277805,92.52903449471313,76.98744769874477,98.06274806274806
CAP,0.5,0.7000000000000001,78.71878393051031,97.95102960762217,92.58103657479633,75.83682008368201,98.1099981099981
CAP,0.5,0.8,77.74158523344191,98.00327667417571,92.62437164153233,74.89539748953975,98.15724815724816
CAP,0.5,0.9,76.2987012987013,98.0460358056266,92.72837580169873,73.74476987447699,98.1950481950482
CAP,0.6000000000000001,0.1,83.98692810457517,97.60509816013979,92.27769110764432,80.64853556485355,97.7981477981478
CAP,0.6000000000000001,0.2,83.24265505984766,97.67967145790554,92.38169526781071,80.02092050209205,97.86429786429787
CAP,0.6000000000000001,0.30000000000000004,82.3913043478261,97.75177086541423,92.39902929450511,79.2887029288703,97.93044793044793
CAP,0.6000000000000001,0.4,81.95652173913044,97.7948717948718,92.47703241462992,78.8702928870293,97.96824796824797
CAP,0.6000000000000001,0.5,81.19565217391305,97.85641025641026,92.47703241462992,78.13807531380753,98.02494802494802
CAP,0.6000000000000001,0.6000000000000001,79.91313789359393,97.89851358277805,92.52903449471313,76.98744769874477,98.06274806274806
CAP,0.6000000000000001,0.7000000000000001,78.71878393051031,97.95102960762217,92.58103657479633,75.83682008368201,98.1099981099981
CAP,0.6000000000000001,0.8,77.74158523344191,98.00327667417571,92.62437164153233,74.89539748953975,98.15724815724816
CAP,0.6000000000000001,0.9,76.2987012987013,98.0460358056266,92.72837580169873,73.74476987447699,98.1950481950482
CAP,0.7000000000000001,0.1,83.96946564885496,97.60509816013979,92.26902409429711,80.5439330543933,97.7981477981478
CAP,0.7000000000000001,0.2,83.2244008714597,97.67967145790554,92.3730282544635,79.9163179916318,97.86429786429787
CAP,0.7000000000000001,0.30000000000000004,82.3721436343852,97.75177086541423,92.3903622811579,79.18410041841004,97.93044793044793
CAP,0.7000000000000001,0.4,81.93688792165396,97.7948717948718,92.46836540128271,78.76569037656904,97.96824796824797
CAP,0.7000000000000001,0.5,81.17519042437432,97.85641025641026,92.46836540128271,78.03347280334728,98.02494802494802
CAP,0.7000000000000001,0.6000000000000001,79.8913043478261,97.89851358277805,92.52036748136592,76.88284518828452,98.06274806274806
CAP,0.7000000000000001,0.7000000000000001,78.71878393051031,97.95102960762217,92.58103657479633,75.83682008368201,98.1099981099981
CAP,0.7000000000000001,0.8,77.74158523344191,98.00327667417571,92.62437164153233,74.89539748953975,98.15724815724816
CAP,0.7000000000000001,0.9,76.2987012987013,98.0460358056266,92.72837580169873,73.74476987447699,98.1950481950482
CAP,0.8,0.1,84.28571428571429,97.54504267200505,90.14560582423297,80.23012552301255,97.7981477981478
CAP,0.8,0.2,83.62637362637363,97.62130302073466,90.23227595770497,79.60251046025104,97.86429786429787
CAP,0.8,0.30000000000000004,82.7661909989023,97.69522205851399,90.24960998439937,78.8702928870293,97.93044793044793
CAP,0.8,0.4,82.3271130625686,97.73969722455845,90.33628011787138,78.45188284518828,97.96824796824797
CAP,0.8,0.5,81.64835164835165,97.80300641227794,90.33628011787138,77.71966527196653,98.02494802494802
CAP,0.8,0.6000000000000001,80.35126234906696,97.84663865546219,90.405616224649,76.56903765690377,98.06274806274806
CAP,0.8,0.7000000000000001,79.16666666666666,97.90048288893554,90.46628531807939,75.52301255230127,98.1099981099981
CAP,0.8,0.8,78.28947368421053,97.95404469625433,90.50962038481539,74.68619246861925,98.15724815724816
CAP,0.8,0.9,76.83060109289617,97.9979035639413,90.6136245449818,73.5355648535565,98.1950481950482
CAP,0.9,0.1,84.26842684268426,97.54504267200505,90.13693881088577,80.1255230125523,97.7981477981478
CAP,0.9,0.2,83.6083608360836,97.62130302073466,90.22360894435776,79.49790794979079,97.86429786429787
CAP,0.9,0.30000000000000004,82.74725274725274,97.69522205851399,90.24094297105218,78.76569037656904,97.93044793044793
CAP,0.9,0.4,82.3076923076923,97.73969722455845,90.32761310452419,78.34728033472803,97.96824796824797
CAP,0.9,0.5,81.62816281628163,97.80300641227794,90.32761310452419,77.61506276150628,98.02494802494802
CAP,0.9,0.6000000000000001,80.32967032967034,97.84663865546219,90.39694921130177,76.4644351464435,98.06274806274806
CAP,0.9,0.7000000000000001,79.14379802414928,97.90048288893554,90.4576183047322,75.418410041841,98.1099981099981
CAP,0.9,0.8,78.26564215148188,97.95404469625433,90.5009533714682,74.581589958159,98.15724815724816
CAP,0.9,0.9,76.85589519650655,97.9979035639413,90.62229155832901,73.64016736401673,98.1950481950482
AMI,0.1,0.1,84.98023715415019,98.29705056179775,92.27335846062289,82.6923076923077,98.43582025370888
AMI,0.1,0.2,84.38735177865613,98.33995791442601,92.37254512993454,82.11538461538461,98.47344657062997
AMI,0.1,0.30000000000000004,83.79446640316206,98.4058394160584,92.45685379884944,81.53846153846153,98.5325736400774
AMI,0.1,0.4,83.32234673698088,98.43594981032973,92.50148780003967,81.02564102564102,98.55944958073533
AMI,0.1,0.5,82.89299867899604,98.45399918324486,92.51636580043642,80.44871794871796,98.57557514513007
AMI,0.1,0.6000000000000001,81.87211601845749,98.48387661088111,92.57091846855784,79.61538461538461,98.602451085788
AMI,0.1,0.7000000000000001,81.02766798418972,98.49032408486826,92.61059313628249,78.84615384615384,98.60782627391958
AMI,0.1,0.8,80.09228740936058,98.50329043154156,92.68002380480064,77.88461538461539,98.61857665018276
AMI,0.1,0.9,79.05138339920948,98.53343420822907,92.7444951398532,76.92307692307693,98.64545259084068
AMI,0.2,0.1,84.98023715415019,98.29705056179775,92.27335846062289,82.6923076923077,98.43582025370888
AMI,0.2,0.2,84.38735177865613,98.33995791442601,92.37254512993454,82.11538461538461,98.47344657062997
AMI,0.2,0.30000000000000004,83.79446640316206,98.4058394160584,92.45685379884944,81.53846153846153,98.5325736400774
AMI,0.2,0.4,83.32234673698088,98.43594981032973,92.50148780003967,81.02564102564102,98.55944958073533
AMI,0.2,0.5,82.89299867899604,98.45399918324486,92.51636580043642,80.44871794871796,98.57557514513007
AMI,0.2,0.6000000000000001,81.87211601845749,98.48387661088111,92.57091846855784,79.61538461538461,98.602451085788
AMI,0.2,0.7000000000000001,81.02766798418972,98.49032408486826,92.61059313628249,78.84615384615384,98.60782627391958
AMI,0.2,0.8,80.09228740936058,98.50329043154156,92.68002380480064,77.88461538461539,98.61857665018276
AMI,0.2,0.9,79.05138339920948,98.53343420822907,92.7444951398532,76.92307692307693,98.64545259084068
AMI,0.30000000000000004,0.1,84.98023715415019,98.29705056179775,92.27335846062289,82.6923076923077,98.43582025370888
AMI,0.30000000000000004,0.2,84.38735177865613,98.33995791442601,92.37254512993454,82.11538461538461,98.47344657062997
AMI,0.30000000000000004,0.30000000000000004,83.79446640316206,98.4058394160584,92.45685379884944,81.53846153846153,98.5325736400774
AMI,0.30000000000000004,0.4,83.32234673698088,98.43594981032973,92.50148780003967,81.02564102564102,98.55944958073533
AMI,0.30000000000000004,0.5,82.89299867899604,98.45399918324486,92.51636580043642,80.44871794871796,98.57557514513007
AMI,0.30000000000000004,0.6000000000000001,81.87211601845749,98.48387661088111,92.57091846855784,79.61538461538461,98.602451085788
AMI,0.30000000000000004,0.7000000000000001,81.02766798418972,98.49032408486826,92.61059313628249,78.84615384615384,98.60782627391958
AMI,0.30000000000000004,0.8,80.09228740936058,98.50329043154156,92.68002380480064,77.88461538461539,98.61857665018276
AMI,0.30000000000000004,0.9,79.05138339920948,98.53343420822907,92.7444951398532,76.92307692307693,98.64545259084068
AMI,0.4,0.1,84.98023715415019,98.29705056179775,92.27335846062289,82.6923076923077,98.43582025370888
AMI,0.4,0.2,84.38735177865613,98.33995791442601,92.37254512993454,82.11538461538461,98.47344657062997
AMI,0.4,0.30000000000000004,83.79446640316206,98.4058394160584,92.45685379884944,81.53846153846153,98.5325736400774
AMI,0.4,0.4,83.32234673698088,98.43594981032973,92.50148780003967,81.02564102564102,98.55944958073533
AMI,0.4,0.5,82.89299867899604,98.45399918324486,92.51636580043642,80.44871794871796,98.57557514513007
AMI,0.4,0.6000000000000001,81.87211601845749,98.48387661088111,92.57091846855784,79.61538461538461,98.602451085788
AMI,0.4,0.7000000000000001,81.02766798418972,98.49032408486826,92.61059313628249,78.84615384615384,98.60782627391958
AMI,0.4,0.8,80.09228740936058,98.50329043154156,92.68002380480064,77.88461538461539,98.61857665018276
AMI,0.4,0.9,79.05138339920948,98.53343420822907,92.7444951398532,76.92307692307693,98.64545259084068
AMI,0.5,0.1,84.98023715415019,98.29705056179775,92.27335846062289,82.6923076923077,98.43582025370888
AMI,0.5,0.2,84.38735177865613,98.33995791442601,92.37254512993454,82.11538461538461,98.47344657062997
AMI,0.5,0.30000000000000004,83.79446640316206,98.4058394160584,92.45685379884944,81.53846153846153,98.5325736400774
AMI,0.5,0.4,83.32234673698088,98.43594981032973,92.50148780003967,81.02564102564102,98.55944958073533
AMI,0.5,0.5,82.89299867899604,98.45399918324486,92.51636580043642,80.44871794871796,98.57557514513007
AMI,0.5,0.6000000000000001,81.87211601845749,98.48387661088111,92.57091846855784,79.61538461538461,98.602451085788
AMI,0.5,0.7000000000000001,81.02766798418972,98.49032408486826,92.61059313628249,78.84615384615384,98.60782627391958
AMI,0.5,0.8,80.09228740936058,98.50329043154156,92.68002380480064,77.88461538461539,98.61857665018276
AMI,0.5,0.9,79.05138339920948,98.53343420822907,92.7444951398532,76.92307692307693,98.64545259084068
AMI,0.6000000000000001,0.1,85.82834331337325,98.24730470396916,89.79369172783178,82.6923076923077,98.43582025370888
AMI,0.6000000000000001,0.2,85.28628495339548,98.29100974846551,89.86312239634992,82.11538461538461,98.47344657062997
AMI,0.6000000000000001,0.30000000000000004,84.68708388814915,98.35848716252781,89.9275937314025,81.53846153846153,98.5325736400774
AMI,0.6000000000000001,0.4,84.21052631578947,98.38981014179284,89.98710573298948,81.02564102564102,98.55944958073533
AMI,0.6000000000000001,0.5,83.77837116154873,98.40850399375412,90.00694306685182,80.44871794871796,98.57557514513007
AMI,0.6000000000000001,0.6000000000000001,82.8,98.43937575030012,90.06149573497322,79.61538461538461,98.602451085788
AMI,0.6000000000000001,0.7000000000000001,81.83632734530939,98.44631073785243,90.1259670700258,78.84615384615384,98.60782627391958
AMI,0.6000000000000001,0.8,80.89214380825565,98.45987894768382,90.2053164054751,77.88461538461539,98.61857665018276
AMI,0.6000000000000001,0.9,79.84031936127745,98.49110831686725,90.27970640745883,76.92307692307693,98.64545259084068
AMI,0.7000000000000001,0.1,84.98023715415019,98.29705056179775,92.27335846062289,82.6923076923077,98.43582025370888
AMI,0.7000000000000001,0.2,84.38735177865613,98.33995791442601,92.37254512993454,82.11538461538461,98.47344657062997
AMI,0.7000000000000001,0.30000000000000004,83.79446640316206,98.4058394160584,92.45685379884944,81.53846153846153,98.5325736400774
AMI,0.7000000000000001,0.4,83.32234673698088,98.43594981032973,92.50148780003967,81.02564102564102,98.55944958073533
AMI,0.7000000000000001,0.5,82.89299867899604,98.45399918324486,92.51636580043642,80.44871794871796,98.57557514513007
AMI,0.7000000000000001,0.6000000000000001,81.87211601845749,98.48387661088111,92.57091846855784,79.61538461538461,98.602451085788
AMI,0.7000000000000001,0.7000000000000001,81.02766798418972,98.49032408486826,92.61059313628249,78.84615384615384,98.60782627391958
AMI,0.7000000000000001,0.8,80.09228740936058,98.50329043154156,92.68002380480064,77.88461538461539,98.61857665018276
AMI,0.7000000000000001,0.9,79.05138339920948,98.53343420822907,92.7444951398532,76.92307692307693,98.64545259084068
AMI,0.8,0.1,84.98023715415019,98.29705056179775,92.27335846062289,82.6923076923077,98.43582025370888
AMI,0.8,0.2,84.38735177865613,98.33995791442601,92.37254512993454,82.11538461538461,98.47344657062997
AMI,0.8,0.30000000000000004,83.79446640316206,98.4058394160584,92.45685379884944,81.53846153846153,98.5325736400774
AMI,0.8,0.4,83.32234673698088,98.43594981032973,92.50148780003967,81.02564102564102,98.55944958073533
AMI,0.8,0.5,82.89299867899604,98.45399918324486,92.51636580043642,80.44871794871796,98.57557514513007
AMI,0.8,0.6000000000000001,81.87211601845749,98.48387661088111,92.57091846855784,79.61538461538461,98.602451085788
AMI,0.8,0.7000000000000001,81.02766798418972,98.49032408486826,92.61059313628249,78.84615384615384,98.60782627391958
AMI,0.8,0.8,80.09228740936058,98.50329043154156,92.68002380480064,77.88461538461539,98.61857665018276
AMI,0.8,0.9,79.05138339920948,98.53343420822907,92.7444951398532,76.92307692307693,98.64545259084068
AMI,0.9,0.1,84.98023715415019,98.29705056179775,92.27335846062289,82.6923076923077,98.43582025370888
AMI,0.9,0.2,84.38735177865613,98.33995791442601,92.37254512993454,82.11538461538461,98.47344657062997
AMI,0.9,0.30000000000000004,83.79446640316206,98.4058394160584,92.45685379884944,81.53846153846153,98.5325736400774
AMI,0.9,0.4,83.32234673698088,98.43594981032973,92.50148780003967,81.02564102564102,98.55944958073533
AMI,0.9,0.5,82.89299867899604,98.45399918324486,92.51636580043642,80.44871794871796,98.57557514513007
AMI,0.9,0.6000000000000001,81.87211601845749,98.48387661088111,92.57091846855784,79.61538461538461,98.602451085788
AMI,0.9,0.7000000000000001,81.02766798418972,98.49032408486826,92.61059313628249,78.84615384615384,98.60782627391958
AMI,0.9,0.8,80.09228740936058,98.50329043154156,92.68002380480064,77.88461538461539,98.61857665018276
AMI,0.9,0.9,79.05138339920948,98.53343420822907,92.7444951398532,76.92307692307693,98.64545259084068
PZA,0.1,0.1,86.39240506329115,97.27181989575246,97.61871862189673,85.57993730407524,97.34355596350089
PZA,0.1,0.2,86.15335868187579,97.32756708804612,97.60950670167196,85.23510971786834,97.39754872847038
PZA,0.1,0.30000000000000004,85.68253968253968,97.374543037554,97.66477822302059,84.60815047021943,97.44074294044597
PZA,0.1,0.4,84.98889241510632,97.40338832908868,97.70623186403206,83.94984326018809,97.46773932293073
PZA,0.1,0.5,84.25221799746515,97.44951590594744,97.78913914605499,83.35423197492163,97.51093353490631
PZA,0.1,0.6000000000000001,83.47055098163395,97.47801559648249,97.82598682695408,82.6332288401254,97.53792991739107
PZA,0.1,0.7000000000000001,82.77936055713833,97.51686760314125,97.83519874717885,81.97492163009404,97.57572485286971
PZA,0.1,0.8,82.23205817262092,97.57230548028535,97.85822854774078,81.53605015673982,97.6297176178392
PZA,0.1,0.9,80.94184576485462,97.6281307016089,97.88125834830271,80.28213166144201,97.68371038280871
PZA,0.2,0.1,86.39670990192977,97.27721399656187,97.61871862189673,85.61128526645768,97.34895523999784
PZA,0.2,0.2,86.1665083887306,97.32756708804612,97.62332458200912,85.32915360501568,97.39754872847038
PZA,0.2,0.30000000000000004,85.69616238503014,97.374543037554,97.67859610335773,84.70219435736676,97.44074294044597
PZA,0.2,0.4,85.00317057704501,97.40338832908868,97.7200497443692,84.04388714733543,97.46773932293073
PZA,0.2,0.5,84.26717315606204,97.44951590594744,97.80295702639215,83.44827586206897,97.51093353490631
PZA,0.2,0.6000000000000001,83.48101265822785,97.47801559648249,97.83519874717885,82.69592476489028,97.53792991739107
PZA,0.2,0.7000000000000001,82.79025624802277,97.51686760314125,97.84441066740362,82.03761755485893,97.57572485286971
PZA,0.2,0.8,82.23767383059418,97.57230548028535,97.86283450785317,81.56739811912226,97.6297176178392
PZA,0.2,0.9,80.9478672985782,97.6281307016089,97.8858643084151,80.31347962382445,97.68371038280871
PZA,0.30000000000000004,0.1,86.38378720709309,97.28260869565217,97.60029478144719,85.51724137931035,97.3543545164948
PZA,0.30000000000000004,0.2,86.15774469433006,97.33296368172996,97.60950670167196,85.26645768025078,97.40294800496734
PZA,0.30000000000000004,0.30000000000000004,85.7188093730209,97.374543037554,97.70162590391968,84.858934169279,97.44074294044597
PZA,0.30000000000000004,0.4,85.02690724912947,97.40338832908868,97.74307954493115,84.20062695924764,97.46773932293073
PZA,0.30000000000000004,0.5,84.28209993674889,97.44951590594744,97.81677490672931,83.5423197492163,97.51093353490631
PZA,0.30000000000000004,0.6000000000000001,83.49668036674043,97.47801559648249,97.84901662751601,82.78996865203762,97.53792991739107
PZA,0.30000000000000004,0.7000000000000001,82.80657395701644,97.51686760314125,97.85822854774078,82.13166144200626,97.57572485286971
PZA,0.30000000000000004,0.8,82.2432859399684,97.57230548028535,97.86744046796555,81.5987460815047,97.6297176178392
PZA,0.30000000000000004,0.9,80.9478672985782,97.6281307016089,97.8858643084151,80.31347962382445,97.68371038280871
PZA,0.4,0.1,86.37515842839036,97.29339988907377,97.58187094099765,85.45454545454545,97.36515306948868
PZA,0.4,0.2,86.15335868187579,97.34375866467032,97.5956888213348,85.23510971786834,97.41374655796123
PZA,0.4,0.30000000000000004,85.71428571428571,97.37993685260068,97.6924139836949,84.82758620689656,97.44614221694293
PZA,0.4,0.4,85.03638089212274,97.4087813520846,97.74768550504352,84.26332288401254,97.47313859942767
PZA,0.4,0.5,84.28706923806513,97.45490760208033,97.81677490672931,83.57366771159874,97.51633281140327
PZA,0.4,0.6000000000000001,83.49668036674043,97.48340707964603,97.84441066740362,82.78996865203762,97.54332919388801
PZA,0.4,0.7000000000000001,82.80113815997471,97.52226093689508,97.84901662751601,82.10031347962382,97.58112412936667
PZA,0.4,0.8,82.23767383059418,97.57770158168344,97.85822854774078,81.56739811912226,97.63511689433616
PZA,0.4,0.9,80.94184576485462,97.63352869622913,97.87665238819032,80.28213166144201,97.68910965930566
PZA,0.5,0.1,86.35786802030458,97.29339988907377,97.5634471005481,85.32915360501568,97.36515306948868
PZA,0.5,0.2,86.12698412698413,97.34375866467032,97.5680530606605,85.04702194357367,97.41374655796123
PZA,0.5,0.30000000000000004,85.68708346556649,97.37993685260068,97.66477822302059,84.63949843260188,97.44614221694293
PZA,0.5,0.4,85.00792393026941,97.4087813520846,97.7200497443692,84.07523510971787,97.47313859942767
PZA,0.5,0.5,84.28706923806513,97.45490760208033,97.81677490672931,83.57366771159874,97.51633281140327
PZA,0.5,0.6000000000000001,83.49668036674043,97.48340707964603,97.84441066740362,82.78996865203762,97.54332919388801
PZA,0.5,0.7000000000000001,82.80113815997471,97.52226093689508,97.84901662751601,82.10031347962382,97.58112412936667
PZA,0.5,0.8,82.23767383059418,97.57770158168344,97.85822854774078,81.56739811912226,97.63511689433616
PZA,0.5,0.9,80.94184576485462,97.63352869622913,97.87665238819032,80.28213166144201,97.68910965930566
PZA,0.6000000000000001,0.1,86.35786802030458,97.29879638360418,97.55884114043573,85.32915360501568,97.37055234598564
PZA,0.6000000000000001,0.2,86.12257859637981,97.349157054126,97.55884114043573,85.01567398119121,97.41914583445819
PZA,0.6000000000000001,0.30000000000000004,85.68253968253968,97.38533126523376,97.65556630279582,84.60815047021943,97.45154149343988
PZA,0.6000000000000001,0.4,84.99841420869014,97.4141749723145,97.70623186403206,84.01253918495298,97.47853787592463
PZA,0.6000000000000001,0.5,84.27712749130022,97.4602998948708,97.80295702639215,83.51097178683385,97.52173208790023
PZA,0.6000000000000001,0.6000000000000001,83.49668036674043,97.48879915924553,97.83980470729124,82.78996865203762,97.54872847038497
PZA,0.6000000000000001,0.7000000000000001,82.80113815997471,97.52765486725664,97.84441066740362,82.10031347962382,97.58652340586362
PZA,0.6000000000000001,0.8,82.23767383059418,97.58309827996239,97.85362258762838,81.56739811912226,97.64051617083311
PZA,0.6000000000000001,0.9,80.94184576485462,97.63892728780758,97.87204642807794,80.28213166144201,97.6945089358026
PZA,0.7000000000000001,0.1,86.35353855918756,97.29879638360418,97.55423518032333,85.29780564263322,97.37055234598564
PZA,0.7000000000000001,0.2,86.11817026683609,97.349157054126,97.55423518032333,84.98432601880877,97.41914583445819
PZA,0.7000000000000001,0.30000000000000004,85.67799301365513,97.38533126523376,97.65096034268343,84.57680250783699,97.45154149343988
PZA,0.7000000000000001,0.4,84.99365482233503,97.4141749723145,97.70162590391968,83.98119122257053,97.47853787592463
PZA,0.7000000000000001,0.5,84.27215189873418,97.4602998948708,97.79835106627976,83.47962382445141,97.52173208790023
PZA,0.7000000000000001,0.6000000000000001,83.49146110056927,97.48879915924553,97.83519874717885,82.75862068965517,97.54872847038497
PZA,0.7000000000000001,0.7000000000000001,82.80113815997471,97.52765486725664,97.84441066740362,82.10031347962382,97.58652340586362
PZA,0.7000000000000001,0.8,82.23767383059418,97.58309827996239,97.85362258762838,81.56739811912226,97.64051617083311
PZA,0.7000000000000001,0.9,80.94184576485462,97.63892728780758,97.87204642807794,80.28213166144201,97.6945089358026
PZA,0.8,0.1,86.3405336721728,97.29879638360418,97.54041729998619,85.2037617554859,97.37055234598564
PZA,0.8,0.2,86.10050890585241,97.349157054126,97.5358113398738,84.858934169279,97.41914583445819
PZA,0.8,0.30000000000000004,85.65065224307986,97.38533126523376,97.62332458200912,84.38871473354233,97.45154149343988
PZA,0.8,0.4,84.96503496503497,97.4141749723145,97.67399014324536,83.79310344827586,97.47853787592463
PZA,0.8,0.5,84.2422320862397,97.4602998948708,97.77071530560545,83.29153605015675,97.52173208790023
PZA,0.8,0.6000000000000001,83.46007604562737,97.48879915924553,97.80756298650454,82.5705329153605,97.54872847038497
PZA,0.8,0.7000000000000001,82.76845106113399,97.52765486725664,97.81677490672931,81.91222570532915,97.58652340586362
PZA,0.8,0.8,82.23767383059418,97.58309827996239,97.85362258762838,81.56739811912226,97.64051617083311
PZA,0.8,0.9,80.94184576485462,97.63892728780758,97.87204642807794,80.28213166144201,97.6945089358026
PZA,0.9,0.1,86.31880369074133,97.30419347681385,97.51278153931186,85.04702194357367,97.37595162248259
PZA,0.9,0.2,86.07836890729533,97.35455604237147,97.50817557919949,84.70219435736676,97.42454511095514
PZA,0.9,0.30000000000000004,85.62320688555945,97.3907262755526,97.59108286122242,84.20062695924764,97.45694076993684
PZA,0.9,0.4,84.93630573248407,97.41956918987762,97.64174842245866,83.60501567398119,97.48393715242157
PZA,0.9,0.5,84.21219822109276,97.46569278441788,97.73847358481875,83.10344827586206,97.52713136439716
PZA,0.9,0.6000000000000001,83.42857142857143,97.49419183538002,97.77532126571784,82.38244514106583,97.55412774688192
PZA,0.9,0.7000000000000001,82.7356394795303,97.5330493943249,97.7845331859426,81.72413793103448,97.59192268236056
PZA,0.9,0.8,82.20392653578214,97.58849557522123,97.8213808668417,81.37931034482759,97.64591544733005
PZA,0.9,0.9,80.94184576485462,97.64432647644327,97.86744046796555,80.28213166144201,97.69990821229955
BDQ,0.1,0.1,54.12844036697248,99.06043676993399,96.02158331319964,49.57983193277311,99.09741421369328
BDQ,0.1,0.2,51.4018691588785,99.09521393539659,96.1021180639446,46.21848739495798,99.12993982761424
BDQ,0.1,0.30000000000000004,47.22222222222222,99.12258499957817,96.32761536603044,42.857142857142854,99.15433403805497
BDQ,0.1,0.4,44.03669724770643,99.22415247090571,96.37593621647741,40.33613445378151,99.25191087981786
BDQ,0.1,0.5,40.36697247706422,99.2583227981458,96.43231054199887,36.97478991596639,99.28443649373881
BDQ,0.1,0.6000000000000001,36.69724770642202,99.33440053921981,96.46452444229685,33.61344537815126,99.35761912506098
BDQ,0.1,0.7000000000000001,34.234234234234236,99.34326850214701,96.5450591930418,31.932773109243694,99.36575052854123
BDQ,0.1,0.8,33.92857142857143,99.3942453306411,96.62559394378675,31.932773109243694,99.41453894942268
BDQ,0.1,0.9,31.25,99.43664340368284,96.6819682693082,29.411764705882355,99.45519596682388
BDQ,0.2,0.1,54.54545454545454,99.05205247566653,96.03769026334862,50.42016806722689,99.08928281021304
BDQ,0.2,0.2,53.153153153153156,99.09521393539659,96.13433196424256,49.57983193277311,99.12993982761424
BDQ,0.2,0.30000000000000004,48.64864864864865,99.12258499957817,96.35177579125393,45.378151260504204,99.15433403805497
BDQ,0.2,0.4,45.04504504504504,99.22415247090571,96.3920431666264,42.016806722689076,99.25191087981786
BDQ,0.2,0.5,41.44144144144144,99.2583227981458,96.44841749214787,38.655462184873954,99.28443649373881
BDQ,0.2,0.6000000000000001,37.83783783783784,99.33440053921981,96.48063139244584,35.294117647058826,99.35761912506098
BDQ,0.2,0.7000000000000001,34.82142857142857,99.34326850214701,96.5531126681163,32.773109243697476,99.36575052854123
BDQ,0.2,0.8,34.51327433628318,99.3942453306411,96.63364741886123,32.773109243697476,99.41453894942268
BDQ,0.2,0.9,31.25,99.43664340368284,96.6819682693082,29.411764705882355,99.45519596682388
BDQ,0.30000000000000004,0.1,54.95495495495496,99.06043676993399,96.03769026334862,51.26050420168067,99.09741421369328
BDQ,0.30000000000000004,0.2,53.153153153153156,99.09521393539659,96.13433196424256,49.57983193277311,99.12993982761424
BDQ,0.30000000000000004,0.30000000000000004,49.107142857142854,99.12258499957817,96.35982926632842,46.21848739495798,99.15433403805497
BDQ,0.30000000000000004,0.4,45.535714285714285,99.22415247090571,96.4000966417009,42.857142857142854,99.25191087981786
BDQ,0.30000000000000004,0.5,41.964285714285715,99.2583227981458,96.45647096722236,39.49579831932773,99.28443649373881
BDQ,0.30000000000000004,0.6000000000000001,38.392857142857146,99.33440053921981,96.48868486752033,36.134453781512605,99.35761912506098
BDQ,0.30000000000000004,0.7000000000000001,34.82142857142857,99.34326850214701,96.5531126681163,32.773109243697476,99.36575052854123
BDQ,0.30000000000000004,0.8,34.51327433628318,99.3942453306411,96.63364741886123,32.773109243697476,99.41453894942268
BDQ,0.30000000000000004,0.9,31.25,99.43664340368284,96.6819682693082,29.411764705882355,99.45519596682388
BDQ,0.4,0.1,51.45631067961165,99.393628832522,95.12764757993074,44.537815126050425,99.42267035290291
BDQ,0.4,0.2,49.51456310679612,99.4198942160041,95.23234275589917,42.857142857142854,99.44706456334363
BDQ,0.4,0.30000000000000004,45.714285714285715,99.46360153256705,95.43367963276154,40.33613445378151,99.48772158074483
BDQ,0.4,0.4,44.44444444444444,99.52352590827874,95.52226785858097,40.33613445378151,99.54464140510653
BDQ,0.4,0.5,40.74074074074074,99.54928140147972,95.57058870902794,36.97478991596639,99.56903561554724
BDQ,0.4,0.6000000000000001,37.96296296296296,99.60894329677802,95.60280260932592,34.45378151260504,99.62595543990894
BDQ,0.4,0.7000000000000001,34.25925925925926,99.61770452807748,95.66723040992187,31.092436974789916,99.63408684338917
BDQ,0.4,0.8,33.94495412844037,99.66890228372527,95.73971168559233,31.092436974789916,99.6828752642706
BDQ,0.4,0.9,31.818181818181817,99.70306269619071,95.81219296126278,29.411764705882355,99.71540087819157
BDQ,0.5,0.1,51.45631067961165,99.393628832522,95.12764757993074,44.537815126050425,99.42267035290291
BDQ,0.5,0.2,49.51456310679612,99.4198942160041,95.23234275589917,42.857142857142854,99.44706456334363
BDQ,0.5,0.30000000000000004,45.714285714285715,99.46360153256705,95.43367963276154,40.33613445378151,99.48772158074483
BDQ,0.5,0.4,44.44444444444444,99.52352590827874,95.52226785858097,40.33613445378151,99.54464140510653
BDQ,0.5,0.5,40.74074074074074,99.54928140147972,95.57058870902794,36.97478991596639,99.56903561554724
BDQ,0.5,0.6000000000000001,37.96296296296296,99.60894329677802,95.60280260932592,34.45378151260504,99.62595543990894
BDQ,0.5,0.7000000000000001,34.25925925925926,99.61770452807748,95.66723040992187,31.092436974789916,99.63408684338917
BDQ,0.5,0.8,33.94495412844037,99.66890228372527,95.73971168559233,31.092436974789916,99.6828752642706
BDQ,0.5,0.9,31.818181818181817,99.70306269619071,95.81219296126278,29.411764705882355,99.71540087819157
BDQ,0.6000000000000001,0.1,47.91666666666667,99.52112194287669,94.95047112829185,38.655462184873954,99.54464140510653
BDQ,0.6000000000000001,0.2,46.391752577319586,99.52177625960718,95.08738020455827,37.81512605042017,99.54464140510653
BDQ,0.6000000000000001,0.30000000000000004,43.0,99.58230329895149,95.28066360634614,36.134453781512605,99.6015612294682
BDQ,0.6000000000000001,0.4,41.17647058823529,99.63373083475298,95.36925183216557,35.294117647058826,99.65034965034964
BDQ,0.6000000000000001,0.5,37.86407766990291,99.65097471694901,95.43367963276154,32.773109243697476,99.66661245731014
BDQ,0.6000000000000001,0.6000000000000001,36.19047619047619,99.71066292230448,95.48200048320851,31.932773109243694,99.72353228167181
BDQ,0.6000000000000001,0.7000000000000001,32.38095238095238,99.71936389148736,95.54642828380446,28.57142857142857,99.73166368515206
BDQ,0.6000000000000001,0.8,32.075471698113205,99.76206662134602,95.6269630345494,28.57142857142857,99.77232070255326
BDQ,0.6000000000000001,0.9,30.555555555555557,99.78772183068693,95.71555126036884,27.73109243697479,99.79671491299398
BDQ,0.7000000000000001,0.1,45.05494505494506,99.52963311382878,94.90215027784488,34.45378151260504,99.55277280858677
BDQ,0.7000000000000001,0.2,43.47826086956522,99.530275856179,95.0390593541113,33.61344537815126,99.55277280858677
BDQ,0.7000000000000001,0.30000000000000004,40.0,99.59079283887468,95.23234275589917,31.932773109243694,99.60969263294844
BDQ,0.7000000000000001,0.4,38.144329896907216,99.6422182468694,95.3209309817186,31.092436974789916,99.65848105382989
BDQ,0.7000000000000001,0.5,34.69387755102041,99.65945853907712,95.38535878231457,28.57142857142857,99.67474386079037
BDQ,0.7000000000000001,0.6000000000000001,33.663366336633665,99.71914893617021,95.44173310783603,28.57142857142857,99.73166368515206
BDQ,0.7000000000000001,0.7000000000000001,32.38095238095238,99.72784487157679,95.53837480872997,28.57142857142857,99.7397950886323
BDQ,0.7000000000000001,0.8,32.075471698113205,99.77054474377496,95.61890955947491,28.57142857142857,99.78045210603351
BDQ,0.7000000000000001,0.9,30.555555555555557,99.7961956521739,95.70749778529436,27.73109243697479,99.80484631647423
BDQ,0.8,0.1,45.05494505494506,99.52963311382878,94.90215027784488,34.45378151260504,99.55277280858677
BDQ,0.8,0.2,43.47826086956522,99.530275856179,95.0390593541113,33.61344537815126,99.55277280858677
BDQ,0.8,0.30000000000000004,40.0,99.59079283887468,95.23234275589917,31.932773109243694,99.60969263294844
BDQ,0.8,0.4,38.144329896907216,99.6422182468694,95.3209309817186,31.092436974789916,99.65848105382989
BDQ,0.8,0.5,34.69387755102041,99.65945853907712,95.38535878231457,28.57142857142857,99.67474386079037
BDQ,0.8,0.6000000000000001,33.663366336633665,99.71914893617021,95.44173310783603,28.57142857142857,99.73166368515206
BDQ,0.8,0.7000000000000001,32.38095238095238,99.72784487157679,95.53837480872997,28.57142857142857,99.7397950886323
BDQ,0.8,0.8,32.075471698113205,99.77054474377496,95.61890955947491,28.57142857142857,99.78045210603351
BDQ,0.8,0.9,30.555555555555557,99.7961956521739,95.70749778529436,27.73109243697479,99.80484631647423
BDQ,0.9,0.1,45.05494505494506,99.52963311382878,94.90215027784488,34.45378151260504,99.55277280858677
BDQ,0.9,0.2,43.47826086956522,99.530275856179,95.0390593541113,33.61344537815126,99.55277280858677
BDQ,0.9,0.30000000000000004,40.0,99.59079283887468,95.23234275589917,31.932773109243694,99.60969263294844
BDQ,0.9,0.4,38.144329896907216,99.6422182468694,95.3209309817186,31.092436974789916,99.65848105382989
BDQ,0.9,0.5,34.69387755102041,99.65945853907712,95.38535878231457,28.57142857142857,99.67474386079037
BDQ,0.9,0.6000000000000001,33.663366336633665,99.71914893617021,95.44173310783603,28.57142857142857,99.73166368515206
BDQ,0.9,0.7000000000000001,32.38095238095238,99.72784487157679,95.53837480872997,28.57142857142857,99.7397950886323
BDQ,0.9,0.8,32.075471698113205,99.77054474377496,95.61890955947491,28.57142857142857,99.78045210603351
BDQ,0.9,0.9,31.19266055045872,99.7961956521739,95.71555126036884,28.57142857142857,99.80484631647423
STM,0.1,0.1,95.42897327707455,93.18181818181817,91.47426981919332,89.6103896103896,93.83958523940225
STM,0.1,0.2,95.24032825322392,93.2247191011236,91.55076495132128,89.41228263262163,93.8700823421775
STM,0.1,0.30000000000000004,95.14198544942502,93.27344188658057,91.557719054242,89.23618754127229,93.91074514587781
STM,0.1,0.4,94.93076742548698,93.33033909723781,91.56467315716273,89.0380805635043,93.96157365050321
STM,0.1,0.5,94.74178403755869,93.36625883937592,91.57858136300418,88.8399735857363,93.99207075327844
STM,0.1,0.6000000000000001,94.46658851113716,93.38119811532421,91.6481223922114,88.68589038080563,94.00223645420351
STM,0.1,0.7000000000000001,94.25960637300844,93.39315759955132,91.6759388038943,88.55381906229364,94.0124021551286
STM,0.1,0.8,93.98126463700234,93.43049327354261,91.72461752433935,88.33370019810698,94.04289925790383
STM,0.1,0.9,93.00911854103343,93.44684664500951,91.82197496522949,87.56328417345367,94.05306495882891
STM,0.2,0.1,95.43218552354182,93.08755760368663,91.557719054242,89.6764252696456,93.74809393107655
STM,0.2,0.2,95.24701475064387,93.14099685675798,91.6481223922114,89.54435395113362,93.78875673477687
STM,0.2,0.30000000000000004,95.14881649871104,93.18972287669696,91.65507649513212,89.36825885978429,93.82941953847718
STM,0.2,0.4,94.93789547691587,93.24657841597487,91.66203059805285,89.17015188201628,93.88024804310258
STM,0.2,0.5,94.74917955930614,93.28249411236963,91.6759388038943,88.97204490424829,93.91074514587781
STM,0.2,0.6000000000000001,94.474361976118,93.29746693566466,91.74547983310153,88.81796169931762,93.92091084680288
STM,0.2,0.7000000000000001,94.26766495086571,93.3094250812507,91.77329624478442,88.68589038080563,93.93107654772797
STM,0.2,0.8,93.98971000935454,93.34677419354838,91.82197496522949,88.46577151661897,93.96157365050321
STM,0.2,0.9,93.01565054893717,93.36317851147174,91.90542420027816,87.65133171912834,93.97173935142828
STM,0.30000000000000004,0.1,95.44392523364486,93.02482309333932,91.6759388038943,89.91855602025095,93.68709972552608
STM,0.30000000000000004,0.2,95.25922466137318,93.0783037917882,91.7663421418637,89.78648470173894,93.72776252922638
STM,0.30000000000000004,0.30000000000000004,95.16242112643141,93.12703217849536,91.78025034770515,89.63240149680828,93.76842533292671
STM,0.30000000000000004,0.4,94.9520916101893,93.18385650224215,91.78720445062586,89.43429451904028,93.8192538375521
STM,0.30000000000000004,0.5,94.76390836839644,93.21976913594082,91.80111265646732,89.23618754127229,93.84975094032734
STM,0.30000000000000004,0.6000000000000001,94.48984356759281,93.23476702508961,91.87065368567455,89.08210433634163,93.85991664125241
STM,0.30000000000000004,0.7000000000000001,94.28371441903873,93.24672415724045,91.89847009735745,88.95003301782964,93.8700823421775
STM,0.30000000000000004,0.8,94.00652985074626,93.28408327736736,91.9471488178025,88.72991415364297,93.90057944495273
STM,0.30000000000000004,0.9,93.03355079217148,93.31096196868009,92.01668984700973,87.89346246973365,93.92091084680288
STM,0.4,0.1,95.44392523364486,93.0099054479964,91.54381084840055,89.91855602025095,93.68709972552608
STM,0.4,0.2,95.25922466137318,93.06351883080383,91.63421418636996,89.78648470173894,93.72776252922638
STM,0.4,0.30000000000000004,95.16242112643141,93.11235955056179,91.6481223922114,89.63240149680828,93.76842533292671
STM,0.4,0.4,94.97428705002338,93.16930681945848,91.6481223922114,89.43429451904028,93.8192538375521
STM,0.4,0.5,94.80823199251637,93.20530098831986,91.65507649513212,89.23618754127229,93.84975094032734
STM,0.4,0.6000000000000001,94.48984356759281,93.22109988776656,91.74547983310153,89.08210433634163,93.85991664125241
STM,0.4,0.7000000000000001,94.28371441903873,93.23308270676691,91.77329624478442,88.95003301782964,93.8700823421775
STM,0.4,0.8,94.00652985074626,93.27052489905788,91.82197496522949,88.72991415364297,93.90057944495273
STM,0.4,0.9,93.03355079217148,93.29746693566466,91.89151599443672,87.89346246973365,93.92091084680288
STM,0.5,0.1,95.44392523364486,93.0099054479964,91.54381084840055,89.91855602025095,93.68709972552608
STM,0.5,0.2,95.25922466137318,93.06351883080383,91.63421418636996,89.78648470173894,93.72776252922638
STM,0.5,0.30000000000000004,95.16242112643141,93.11235955056179,91.6481223922114,89.63240149680828,93.76842533292671
STM,0.5,0.4,94.97428705002338,93.16930681945848,91.6481223922114,89.43429451904028,93.8192538375521
STM,0.5,0.5,94.80823199251637,93.20530098831986,91.65507649513212,89.23618754127229,93.84975094032734
STM,0.5,0.6000000000000001,94.48984356759281,93.22109988776656,91.74547983310153,89.08210433634163,93.85991664125241
STM,0.5,0.7000000000000001,94.28371441903873,93.23308270676691,91.77329624478442,88.95003301782964,93.8700823421775
STM,0.5,0.8,94.00652985074626,93.27052489905788,91.82197496522949,88.72991415364297,93.90057944495273
STM,0.5,0.9,93.03355079217148,93.29746693566466,91.89151599443672,87.89346246973365,93.92091084680288
STM,0.6000000000000001,0.1,95.44072948328267,93.0457251994158,91.64116828929069,89.85252036099493,93.70743112737622
STM,0.6000000000000001,0.2,95.2559009114279,93.0991921005386,91.7315716272601,89.72044904248294,93.74809393107655
STM,0.6000000000000001,0.30000000000000004,95.15902712815716,93.1479197039363,91.74547983310153,89.56636583755227,93.78875673477687
STM,0.6000000000000001,0.4,94.94855004677268,93.20475442924423,91.75243393602224,89.36825885978429,93.83958523940225
STM,0.6000000000000001,0.5,94.76023391812866,93.24066808653738,91.7663421418637,89.17015188201628,93.8700823421775
STM,0.6000000000000001,0.6000000000000001,94.48726932959589,93.25565762939728,91.84283727399165,89.0380805635043,93.88024804310258
STM,0.6000000000000001,0.7000000000000001,94.28104575163398,93.26761510025764,91.87065368567455,88.9060092449923,93.89041374402764
STM,0.6000000000000001,0.8,94.00373308446103,93.30497089117779,91.91933240611961,88.68589038080563,93.92091084680288
STM,0.6000000000000001,0.9,93.03030303030303,93.33184157529648,91.98887343532685,87.84943869689631,93.94124224865304
STM,0.7000000000000001,0.1,95.44072948328267,93.0457251994158,91.64116828929069,89.85252036099493,93.70743112737622
STM,0.7000000000000001,0.2,95.2559009114279,93.0991921005386,91.7315716272601,89.72044904248294,93.74809393107655
STM,0.7000000000000001,0.30000000000000004,95.15902712815716,93.1479197039363,91.74547983310153,89.56636583755227,93.78875673477687
STM,0.7000000000000001,0.4,94.94855004677268,93.20475442924423,91.75243393602224,89.36825885978429,93.83958523940225
STM,0.7000000000000001,0.5,94.76023391812866,93.24066808653738,91.7663421418637,89.17015188201628,93.8700823421775
STM,0.7000000000000001,0.6000000000000001,94.48726932959589,93.25565762939728,91.84283727399165,89.0380805635043,93.88024804310258
STM,0.7000000000000001,0.7000000000000001,94.28104575163398,93.26761510025764,91.87065368567455,88.9060092449923,93.89041374402764
STM,0.7000000000000001,0.8,94.00373308446103,93.30497089117779,91.91933240611961,88.68589038080563,93.92091084680288
STM,0.7000000000000001,0.9,93.03030303030303,93.33184157529648,91.98887343532685,87.84943869689631,93.94124224865304
STM,0.8,0.1,95.44072948328267,93.0457251994158,91.64116828929069,89.85252036099493,93.70743112737622
STM,0.8,0.2,95.2559009114279,93.0991921005386,91.7315716272601,89.72044904248294,93.74809393107655
STM,0.8,0.30000000000000004,95.15902712815716,93.1479197039363,91.74547983310153,89.56636583755227,93.78875673477687
STM,0.8,0.4,94.94855004677268,93.20475442924423,91.75243393602224,89.36825885978429,93.83958523940225
STM,0.8,0.5,94.76023391812866,93.24066808653738,91.7663421418637,89.17015188201628,93.8700823421775
STM,0.8,0.6000000000000001,94.48726932959589,93.25565762939728,91.84283727399165,89.0380805635043,93.88024804310258
STM,0.8,0.7000000000000001,94.28104575163398,93.26761510025764,91.87065368567455,88.9060092449923,93.89041374402764
STM,0.8,0.8,94.00373308446103,93.30497089117779,91.91933240611961,88.68589038080563,93.92091084680288
STM,0.8,0.9,93.03030303030303,93.33184157529648,91.98887343532685,87.84943869689631,93.94124224865304
STM,0.9,0.1,95.42038515735088,93.24476469263679,91.3769123783032,89.43429451904028,93.90057944495273
STM,0.9,0.2,95.23250352278065,93.28760962446593,91.46036161335188,89.25819942769095,93.93107654772797
STM,0.9,0.30000000000000004,95.13399153737659,93.33632992471064,91.4673157162726,89.08210433634163,93.97173935142828
STM,0.9,0.4,94.92242595204513,93.3932584269663,91.47426981919332,88.88399735857362,94.02256785605367
STM,0.9,0.5,94.7331295556078,93.42918117488487,91.48817802503477,88.68589038080563,94.05306495882891
STM,0.9,0.6000000000000001,94.45879314393049,93.44409519533005,91.56467315716273,88.55381906229364,94.063230659754
STM,0.9,0.7000000000000001,94.25152510558424,93.45605567403749,91.59248956884561,88.42174774378164,94.07339636067907
STM,0.9,0.8,93.97279549718574,93.49338119811532,91.64116828929069,88.20162887959498,94.1038934634543
STM,0.9,0.9,93.00093632958801,93.50969622239658,91.74547983310153,87.45322474136033,94.11405916437938
CIP,0.1,0.1,77.77777777777779,95.1219512195122,5.688282138794084,6.086956521739131,99.73821989528795
CIP,0.1,0.2,77.77777777777779,95.1219512195122,5.688282138794084,6.086956521739131,99.73821989528795
CIP,0.1,0.30000000000000004,77.77777777777779,95.1219512195122,5.688282138794084,6.086956521739131,99.73821989528795
CIP,0.1,0.4,77.77777777777779,95.1219512195122,5.688282138794084,6.086956521739131,99.73821989528795
CIP,0.1,0.5,77.77777777777779,95.1219512195122,5.688282138794084,6.086956521739131,99.73821989528795
CIP,0.1,0.6000000000000001,77.77777777777779,95.1219512195122,5.688282138794084,6.086956521739131,99.73821989528795
CIP,0.1,0.7000000000000001,77.77777777777779,95.1219512195122,5.688282138794084,6.086956521739131,99.73821989528795
CIP,0.1,0.8,77.77777777777779,95.23809523809523,5.802047781569966,6.086956521739131,99.73821989528795
CIP,0.1,0.9,77.77777777777779,95.23809523809523,5.802047781569966,6.086956521739131,99.73821989528795
CIP,0.2,0.1,77.77777777777779,95.1219512195122,5.688282138794084,6.086956521739131,99.73821989528795
CIP,0.2,0.2,77.77777777777779,95.1219512195122,5.688282138794084,6.086956521739131,99.73821989528795
CIP,0.2,0.30000000000000004,77.77777777777779,95.1219512195122,5.688282138794084,6.086956521739131,99.73821989528795
CIP,0.2,0.4,77.77777777777779,95.1219512195122,5.688282138794084,6.086956521739131,99.73821989528795
CIP,0.2,0.5,77.77777777777779,95.1219512195122,5.688282138794084,6.086956521739131,99.73821989528795
CIP,0.2,0.6000000000000001,77.77777777777779,95.1219512195122,5.688282138794084,6.086956521739131,99.73821989528795
CIP,0.2,0.7000000000000001,77.77777777777779,95.1219512195122,5.688282138794084,6.086956521739131,99.73821989528795
CIP,0.2,0.8,77.77777777777779,95.23809523809523,5.802047781569966,6.086956521739131,99.73821989528795
CIP,0.2,0.9,77.77777777777779,95.23809523809523,5.802047781569966,6.086956521739131,99.73821989528795
CIP,0.30000000000000004,0.1,77.77777777777779,95.1219512195122,5.688282138794084,6.086956521739131,99.73821989528795
CIP,0.30000000000000004,0.2,77.77777777777779,95.1219512195122,5.688282138794084,6.086956521739131,99.73821989528795
CIP,0.30000000000000004,0.30000000000000004,77.77777777777779,95.1219512195122,5.688282138794084,6.086956521739131,99.73821989528795
CIP,0.30000000000000004,0.4,77.77777777777779,95.1219512195122,5.688282138794084,6.086956521739131,99.73821989528795
CIP,0.30000000000000004,0.5,77.77777777777779,95.1219512195122,5.688282138794084,6.086956521739131,99.73821989528795
CIP,0.30000000000000004,0.6000000000000001,77.77777777777779,95.1219512195122,5.688282138794084,6.086956521739131,99.73821989528795
CIP,0.30000000000000004,0.7000000000000001,77.77777777777779,95.1219512195122,5.688282138794084,6.086956521739131,99.73821989528795
CIP,0.30000000000000004,0.8,77.77777777777779,95.23809523809523,5.802047781569966,6.086956521739131,99.73821989528795
CIP,0.30000000000000004,0.9,77.77777777777779,95.23809523809523,5.802047781569966,6.086956521739131,99.73821989528795
CIP,0.4,0.1,77.77777777777779,95.1219512195122,5.688282138794084,6.086956521739131,99.73821989528795
CIP,0.4,0.2,77.77777777777779,95.1219512195122,5.688282138794084,6.086956521739131,99.73821989528795
CIP,0.4,0.30000000000000004,77.77777777777779,95.1219512195122,5.688282138794084,6.086956521739131,99.73821989528795
CIP,0.4,0.4,77.77777777777779,95.1219512195122,5.688282138794084,6.086956521739131,99.73821989528795
CIP,0.4,0.5,77.77777777777779,95.1219512195122,5.688282138794084,6.086956521739131,99.73821989528795
CIP,0.4,0.6000000000000001,77.77777777777779,95.1219512195122,5.688282138794084,6.086956521739131,99.73821989528795
CIP,0.4,0.7000000000000001,77.77777777777779,95.1219512195122,5.688282138794084,6.086956521739131,99.73821989528795
CIP,0.4,0.8,77.77777777777779,95.23809523809523,5.802047781569966,6.086956521739131,99.73821989528795
CIP,0.4,0.9,77.77777777777779,95.23809523809523,5.802047781569966,6.086956521739131,99.73821989528795
CIP,0.5,0.1,77.77777777777779,95.1219512195122,5.688282138794084,6.086956521739131,99.73821989528795
CIP,0.5,0.2,77.77777777777779,95.1219512195122,5.688282138794084,6.086956521739131,99.73821989528795
CIP,0.5,0.30000000000000004,77.77777777777779,95.1219512195122,5.688282138794084,6.086956521739131,99.73821989528795
CIP,0.5,0.4,77.77777777777779,95.1219512195122,5.688282138794084,6.086956521739131,99.73821989528795
CIP,0.5,0.5,77.77777777777779,95.1219512195122,5.688282138794084,6.086956521739131,99.73821989528795
CIP,0.5,0.6000000000000001,77.77777777777779,95.1219512195122,5.688282138794084,6.086956521739131,99.73821989528795
CIP,0.5,0.7000000000000001,77.77777777777779,95.1219512195122,5.688282138794084,6.086956521739131,99.73821989528795
CIP,0.5,0.8,77.77777777777779,95.23809523809523,5.802047781569966,6.086956521739131,99.73821989528795
CIP,0.5,0.9,77.77777777777779,95.23809523809523,5.802047781569966,6.086956521739131,99.73821989528795
CIP,0.6000000000000001,0.1,77.77777777777779,95.1219512195122,5.688282138794084,6.086956521739131,99.73821989528795
CIP,0.6000000000000001,0.2,77.77777777777779,95.1219512195122,5.688282138794084,6.086956521739131,99.73821989528795
CIP,0.6000000000000001,0.30000000000000004,77.77777777777779,95.1219512195122,5.688282138794084,6.086956521739131,99.73821989528795
CIP,0.6000000000000001,0.4,77.77777777777779,95.1219512195122,5.688282138794084,6.086956521739131,99.73821989528795
CIP,0.6000000000000001,0.5,77.77777777777779,95.1219512195122,5.688282138794084,6.086956521739131,99.73821989528795
CIP,0.6000000000000001,0.6000000000000001,77.77777777777779,95.1219512195122,5.688282138794084,6.086956521739131,99.73821989528795
CIP,0.6000000000000001,0.7000000000000001,77.77777777777779,95.1219512195122,5.688282138794084,6.086956521739131,99.73821989528795
CIP,0.6000000000000001,0.8,77.77777777777779,95.23809523809523,5.802047781569966,6.086956521739131,99.73821989528795
CIP,0.6000000000000001,0.9,77.77777777777779,95.23809523809523,5.802047781569966,6.086956521739131,99.73821989528795
CIP,0.7000000000000001,0.1,77.77777777777779,95.1219512195122,5.688282138794084,6.086956521739131,99.73821989528795
CIP,0.7000000000000001,0.2,77.77777777777779,95.1219512195122,5.688282138794084,6.086956521739131,99.73821989528795
CIP,0.7000000000000001,0.30000000000000004,77.77777777777779,95.1219512195122,5.688282138794084,6.086956521739131,99.73821989528795
CIP,0.7000000000000001,0.4,77.77777777777779,95.1219512195122,5.688282138794084,6.086956521739131,99.73821989528795
CIP,0.7000000000000001,0.5,77.77777777777779,95.1219512195122,5.688282138794084,6.086956521739131,99.73821989528795
CIP,0.7000000000000001,0.6000000000000001,77.77777777777779,95.1219512195122,5.688282138794084,6.086956521739131,99.73821989528795
CIP,0.7000000000000001,0.7000000000000001,77.77777777777779,95.1219512195122,5.688282138794084,6.086956521739131,99.73821989528795
CIP,0.7000000000000001,0.8,77.77777777777779,95.23809523809523,5.802047781569966,6.086956521739131,99.73821989528795
CIP,0.7000000000000001,0.9,77.77777777777779,95.23809523809523,5.802047781569966,6.086956521739131,99.73821989528795
CIP,0.8,0.1,77.77777777777779,95.1219512195122,5.688282138794084,6.086956521739131,99.73821989528795
CIP,0.8,0.2,77.77777777777779,95.1219512195122,5.688282138794084,6.086956521739131,99.73821989528795
CIP,0.8,0.30000000000000004,77.77777777777779,95.1219512195122,5.688282138794084,6.086956521739131,99.73821989528795
CIP,0.8,0.4,77.77777777777779,95.1219512195122,5.688282138794084,6.086956521739131,99.73821989528795
CIP,0.8,0.5,77.77777777777779,95.1219512195122,5.688282138794084,6.086956521739131,99.73821989528795
CIP,0.8,0.6000000000000001,77.77777777777779,95.1219512195122,5.688282138794084,6.086956521739131,99.73821989528795
CIP,0.8,0.7000000000000001,77.77777777777779,95.1219512195122,5.688282138794084,6.086956521739131,99.73821989528795
CIP,0.8,0.8,77.77777777777779,95.23809523809523,5.802047781569966,6.086956521739131,99.73821989528795
CIP,0.8,0.9,77.77777777777779,95.23809523809523,5.802047781569966,6.086956521739131,99.73821989528795
CIP,0.9,0.1,77.77777777777779,95.1219512195122,5.688282138794084,6.086956521739131,99.73821989528795
CIP,0.9,0.2,77.77777777777779,95.1219512195122,5.688282138794084,6.086956521739131,99.73821989528795
CIP,0.9,0.30000000000000004,77.77777777777779,95.1219512195122,5.688282138794084,6.086956521739131,99.73821989528795
CIP,0.9,0.4,77.77777777777779,95.1219512195122,5.688282138794084,6.086956521739131,99.73821989528795
CIP,0.9,0.5,77.77777777777779,95.1219512195122,5.688282138794084,6.086956521739131,99.73821989528795
CIP,0.9,0.6000000000000001,77.77777777777779,95.1219512195122,5.688282138794084,6.086956521739131,99.73821989528795
CIP,0.9,0.7000000000000001,77.77777777777779,95.1219512195122,5.688282138794084,6.086956521739131,99.73821989528795
CIP,0.9,0.8,77.77777777777779,95.23809523809523,5.802047781569966,6.086956521739131,99.73821989528795
CIP,0.9,0.9,77.77777777777779,95.23809523809523,5.802047781569966,6.086956521739131,99.73821989528795
ETH,0.1,0.1,90.70034443168772,86.82261560693641,89.8732514612202,82.03530633437175,88.17474469119793
ETH,0.1,0.2,90.42145593869732,86.97376724060219,89.99146253365731,81.68916580131534,88.28821526989788
ETH,0.1,0.30000000000000004,90.27192646495595,87.0863309352518,90.17534642411505,81.58532364139842,88.36116064191928
ETH,0.1,0.4,90.0,87.1912332704572,90.2541538057398,81.30841121495327,88.44221105527639
ETH,0.1,0.5,89.73180076628353,87.31370084395762,90.28699021475012,81.06611284181378,88.54757659264062
ETH,0.1,0.6000000000000001,89.10550458715596,87.39458101561098,90.37893215997899,80.68535825545172,88.61241692332631
ETH,0.1,0.7000000000000001,88.68933893771495,87.47759053424167,90.45117225980167,80.33921772239529,88.677257254012
ETH,0.1,0.8,87.98168637924456,87.57502463495476,90.52341235962436,79.82000692281066,88.75830766736911
ETH,0.1,0.9,86.75018982536066,87.66216337120873,90.70072896828003,79.09311180339218,88.82314799805478
ETH,0.2,0.1,90.72519083969466,86.84614689673865,89.89952058842844,82.27760470751126,88.19905981520506
ETH,0.2,0.2,90.45437189767087,86.9894509061401,90.03743350627175,82.00069228106611,88.3044253525693
ETH,0.2,0.30000000000000004,90.30534351145039,87.10983178915174,90.21475011492743,81.89685012114919,88.3854757659264
ETH,0.2,0.4,90.03436426116839,87.214734950584,90.29355749655218,81.61993769470405,88.4665261792835
ETH,0.2,0.5,89.76708667430316,87.32938218390804,90.33296118736455,81.37763932156456,88.56378667531204
ETH,0.2,0.6000000000000001,89.13457872664887,87.4102656137832,90.41176856898929,80.92765662859121,88.62862700599773
ETH,0.2,0.7000000000000001,88.71951219512195,87.49327595481442,90.48400866881198,80.5815160955348,88.69346733668341
ETH,0.2,0.8,87.9954268292683,87.57502463495476,90.54311420503053,79.92384908272759,88.75830766736911
ETH,0.2,0.9,86.75521821631878,87.66216337120873,90.7072962500821,79.12772585669782,88.82314799805478
ETH,0.30000000000000004,0.1,90.72519083969466,86.84614689673865,89.89952058842844,82.27760470751126,88.19905981520506
ETH,0.30000000000000004,0.2,90.45437189767087,86.9894509061401,90.03743350627175,82.00069228106611,88.3044253525693
ETH,0.30000000000000004,0.30000000000000004,90.30534351145039,87.10983178915174,90.21475011492743,81.89685012114919,88.3854757659264
ETH,0.30000000000000004,0.4,90.03436426116839,87.214734950584,90.29355749655218,81.61993769470405,88.4665261792835
ETH,0.30000000000000004,0.5,89.76708667430316,87.32938218390804,90.33296118736455,81.37763932156456,88.56378667531204
ETH,0.30000000000000004,0.6000000000000001,89.13457872664887,87.4102656137832,90.41176856898929,80.92765662859121,88.62862700599773
ETH,0.30000000000000004,0.7000000000000001,88.71951219512195,87.49327595481442,90.48400866881198,80.5815160955348,88.69346733668341
ETH,0.30000000000000004,0.8,87.9954268292683,87.57502463495476,90.54311420503053,79.92384908272759,88.75830766736911
ETH,0.30000000000000004,0.9,86.75521821631878,87.66216337120873,90.7072962500821,79.12772585669782,88.82314799805478
ETH,0.4,0.1,90.72872949256009,86.8304579532111,89.91922243383463,82.31221876081689,88.18284973253364
ETH,0.4,0.2,90.45801526717557,86.97376724060219,90.05713535167794,82.03530633437175,88.28821526989788
ETH,0.4,0.30000000000000004,90.30904235024799,87.09416314416764,90.23445196033362,81.93146417445483,88.36926568325498
ETH,0.4,0.4,90.04576659038902,87.19906575637802,90.32639390556248,81.72377985462099,88.45031609661208
ETH,0.4,0.5,89.77489507821443,87.31370084395762,90.3592303145728,81.44686742817584,88.54757659264062
ETH,0.4,0.6000000000000001,89.13871951219512,87.39458101561098,90.43147041439548,80.96227068189685,88.61241692332631
ETH,0.4,0.7000000000000001,88.72380952380952,87.47759053424167,90.50371051421816,80.61613014884043,88.677257254012
ETH,0.4,0.8,88.0,87.55933721450963,90.56281605043672,79.95846313603323,88.74209758469767
ETH,0.4,0.9,86.76024279210925,87.64648000715628,90.72699809548827,79.16233991000347,88.80693791538337
ETH,0.5,0.1,90.73579870377431,86.79126038280968,89.96519340644907,82.38144686742818,88.14232452585509
ETH,0.5,0.2,90.465293668955,86.9345828077131,90.10310632429237,82.10453444098303,88.24769006321932
ETH,0.5,0.30000000000000004,90.31643156690812,87.05501618122977,90.28042293294806,82.00069228106611,88.32874047657643
ETH,0.5,0.4,90.05335365853658,87.15991739247553,90.37236487817692,81.79300796123226,88.40979088993353
ETH,0.5,0.5,89.79047619047618,87.28235505295278,90.41176856898929,81.58532364139842,88.51515642729778
ETH,0.5,0.6000000000000001,89.14699162223914,87.36322869955157,90.47087410520786,81.03149878850815,88.57999675798347
ETH,0.5,0.7000000000000001,88.73239436619718,87.44623655913979,90.54311420503053,80.68535825545172,88.64483708866915
ETH,0.5,0.8,88.00913589645984,87.54365541327125,90.58908517764496,80.02769124264452,88.72588750202625
ETH,0.5,0.9,86.77028051554207,87.63080225382345,90.75326722269652,79.23156801661474,88.79072783271195
ETH,0.6000000000000001,0.1,90.71810542398777,86.8304579532111,89.89952058842844,82.20837660089997,88.18284973253364
ETH,0.6000000000000001,0.2,90.4434250764526,86.98160836639019,90.02429894266763,81.89685012114919,88.29632031123359
ETH,0.6000000000000001,0.30000000000000004,90.29423003439052,87.09416314416764,90.20818283312538,81.79300796123226,88.36926568325498
ETH,0.6000000000000001,0.4,90.0267481849446,87.19906575637802,90.29355749655218,81.55070958809276,88.45031609661208
ETH,0.6000000000000001,0.5,89.75926633549867,87.3215408099129,90.32639390556248,81.30841121495327,88.55568163397633
ETH,0.6000000000000001,0.6000000000000001,89.13871951219512,87.40242261103633,90.42490313259341,80.96227068189685,88.62052196466202
ETH,0.6000000000000001,0.7000000000000001,88.72380952380952,87.48543254146122,90.4971432324161,80.61613014884043,88.6853622953477
ETH,0.6000000000000001,0.8,88.0,87.58287045332378,90.54311420503053,79.95846313603323,88.7664127087048
ETH,0.6000000000000001,0.9,86.76024279210925,87.67000715819614,90.7072962500821,79.16233991000347,88.8312530393905
ETH,0.7000000000000001,0.1,90.71455865494842,86.81477467714261,89.90608787023051,82.17376254759432,88.1666396498622
ETH,0.7000000000000001,0.2,90.4434250764526,86.96592752839372,90.03743350627175,81.89685012114919,88.28011022856217
ETH,0.7000000000000001,0.30000000000000004,90.29423003439052,87.0863309352518,90.21475011492743,81.79300796123226,88.36116064191928
ETH,0.7000000000000001,0.4,90.0267481849446,87.1912332704572,90.30012477835425,81.55070958809276,88.44221105527639
ETH,0.7000000000000001,0.5,89.75926633549867,87.31370084395762,90.33296118736455,81.30841121495327,88.54757659264062
ETH,0.7000000000000001,0.6000000000000001,89.13871951219512,87.39458101561098,90.43147041439548,80.96227068189685,88.61241692332631
ETH,0.7000000000000001,0.7000000000000001,88.72810357958872,87.47759053424167,90.51027779602022,80.65074420214607,88.677257254012
ETH,0.7000000000000001,0.8,88.004569687738,87.57502463495476,90.55624876863466,79.99307718933886,88.75830766736911
ETH,0.7000000000000001,0.9,86.76526355707243,87.66216337120873,90.72043081368622,79.1969539633091,88.82314799805478
ETH,0.8,0.1,90.70034443168772,86.79126038280968,89.89952058842844,82.03530633437175,88.14232452585509
ETH,0.8,0.2,90.42879019908116,86.94241686942416,90.03086622446969,81.75839390792662,88.25579510455503
ETH,0.8,0.30000000000000004,90.2793723689246,87.06284275824868,90.20818283312538,81.6545517480097,88.33684551791214
ETH,0.8,0.4,90.01148105625718,87.17557251908397,90.28699021475012,81.4122533748702,88.42600097260495
ETH,0.8,0.5,89.74358974358975,87.29802513464992,90.31982662376042,81.1699550017307,88.5313665099692
ETH,0.8,0.6000000000000001,89.12213740458014,87.37890204520991,90.41833585079135,80.82381446867429,88.59620684065489
ETH,0.8,0.7000000000000001,88.71090770404273,87.46191073669117,90.4971432324161,80.5122879889235,88.66104717134058
ETH,0.8,0.8,88.01369863013699,87.55933721450963,90.58251789584291,80.06230529595015,88.74209758469767
ETH,0.8,0.9,86.77028051554207,87.64648000715628,90.7401326590924,79.23156801661474,88.80693791538337
ETH,0.9,0.1,90.69322098812715,86.80693516344591,89.8732514612202,81.96607822776048,88.15853460852651
ETH,0.9,0.2,90.42145593869732,86.95808922938261,90.00459709726144,81.68916580131534,88.27200518722645
ETH,0.9,0.30000000000000004,90.27192646495595,87.07850013487996,90.18191370591711,81.58532364139842,88.35305560058356
ETH,0.9,0.4,90.00382995021064,87.18340219148554,90.26728836934393,81.34302526825891,88.43410601394068
ETH,0.9,0.5,89.73573343546533,87.30586228566298,90.30012477835425,81.10072689511942,88.53947155130491
ETH,0.9,0.6000000000000001,89.11382734912146,87.38674082712838,90.39863400538518,80.754586362063,88.6043118819906
ETH,0.9,0.7000000000000001,88.70229007633587,87.46974993277763,90.47744138700992,80.44305988231221,88.66915221267628
ETH,0.9,0.8,88.0,87.56718022214261,90.55624876863466,79.95846313603323,88.7502026260334
ETH,0.9,0.9,86.78030303030303,87.65432098765432,90.74669994089446,79.30079612322602,88.81504295671908
DLM,0.1,0.1,30.158730158730158,99.83024288325933,63.4962068684232,19.289340101522843,99.89222351185542
DLM,0.1,0.2,29.599999999999998,99.83075120427027,63.67566685700302,18.781725888324875,99.89222351185542
DLM,0.1,0.30000000000000004,29.599999999999998,99.83110302715343,63.8061832123338,18.781725888324875,99.89222351185542
DLM,0.1,0.4,29.599999999999998,99.84431759211209,63.8959132066237,18.781725888324875,99.90051401094347
DLM,0.1,0.5,29.599999999999998,99.84451930551957,63.977485928705434,18.781725888324875,99.90051401094347
DLM,0.1,0.6000000000000001,29.365079365079367,99.84476067270374,64.08353046741169,18.781725888324875,99.90051401094347
DLM,0.1,0.7000000000000001,29.365079365079367,99.84494120687427,64.15694591728526,18.781725888324875,99.90051401094347
DLM,0.1,0.8,28.57142857142857,99.84516129032258,64.24667591157517,18.274111675126903,99.90051401094347
DLM,0.1,0.9,28.57142857142857,99.84561945194905,64.43429317236317,18.274111675126903,99.90051401094347
DLM,0.2,0.1,29.599999999999998,99.83024288325933,63.48804959621502,18.781725888324875,99.89222351185542
DLM,0.2,0.2,29.599999999999998,99.83075120427027,63.67566685700302,18.781725888324875,99.89222351185542
DLM,0.2,0.30000000000000004,29.599999999999998,99.83110302715343,63.8061832123338,18.781725888324875,99.89222351185542
DLM,0.2,0.4,29.599999999999998,99.84431759211209,63.8959132066237,18.781725888324875,99.90051401094347
DLM,0.2,0.5,29.599999999999998,99.84451930551957,63.977485928705434,18.781725888324875,99.90051401094347
DLM,0.2,0.6000000000000001,29.365079365079367,99.84476067270374,64.08353046741169,18.781725888324875,99.90051401094347
DLM,0.2,0.7000000000000001,29.365079365079367,99.84494120687427,64.15694591728526,18.781725888324875,99.90051401094347
DLM,0.2,0.8,28.57142857142857,99.84516129032258,64.24667591157517,18.274111675126903,99.90051401094347
DLM,0.2,0.9,28.57142857142857,99.84561945194905,64.43429317236317,18.274111675126903,99.90051401094347
DLM,0.30000000000000004,0.1,29.599999999999998,99.83024288325933,63.48804959621502,18.781725888324875,99.89222351185542
DLM,0.30000000000000004,0.2,29.599999999999998,99.83075120427027,63.67566685700302,18.781725888324875,99.89222351185542
DLM,0.30000000000000004,0.30000000000000004,29.599999999999998,99.83110302715343,63.8061832123338,18.781725888324875,99.89222351185542
DLM,0.30000000000000004,0.4,29.599999999999998,99.84431759211209,63.8959132066237,18.781725888324875,99.90051401094347
DLM,0.30000000000000004,0.5,29.599999999999998,99.84451930551957,63.977485928705434,18.781725888324875,99.90051401094347
DLM,0.30000000000000004,0.6000000000000001,29.365079365079367,99.84476067270374,64.08353046741169,18.781725888324875,99.90051401094347
DLM,0.30000000000000004,0.7000000000000001,29.365079365079367,99.84494120687427,64.15694591728526,18.781725888324875,99.90051401094347
DLM,0.30000000000000004,0.8,28.57142857142857,99.84516129032258,64.24667591157517,18.274111675126903,99.90051401094347
DLM,0.30000000000000004,0.9,28.57142857142857,99.84561945194905,64.43429317236317,18.274111675126903,99.90051401094347
DLM,0.4,0.1,29.599999999999998,99.83024288325933,63.48804959621502,18.781725888324875,99.89222351185542
DLM,0.4,0.2,29.599999999999998,99.83075120427027,63.67566685700302,18.781725888324875,99.89222351185542
DLM,0.4,0.30000000000000004,29.599999999999998,99.83110302715343,63.8061832123338,18.781725888324875,99.89222351185542
DLM,0.4,0.4,29.599999999999998,99.84431759211209,63.8959132066237,18.781725888324875,99.90051401094347
DLM,0.4,0.5,29.599999999999998,99.84451930551957,63.977485928705434,18.781725888324875,99.90051401094347
DLM,0.4,0.6000000000000001,29.365079365079367,99.84476067270374,64.08353046741169,18.781725888324875,99.90051401094347
DLM,0.4,0.7000000000000001,29.365079365079367,99.84494120687427,64.15694591728526,18.781725888324875,99.90051401094347
DLM,0.4,0.8,28.57142857142857,99.84516129032258,64.24667591157517,18.274111675126903,99.90051401094347
DLM,0.4,0.9,28.57142857142857,99.84561945194905,64.43429317236317,18.274111675126903,99.90051401094347
DLM,0.5,0.1,29.599999999999998,99.83024288325933,63.48804959621502,18.781725888324875,99.89222351185542
DLM,0.5,0.2,29.599999999999998,99.83075120427027,63.67566685700302,18.781725888324875,99.89222351185542
DLM,0.5,0.30000000000000004,29.599999999999998,99.83110302715343,63.8061832123338,18.781725888324875,99.89222351185542
DLM,0.5,0.4,29.599999999999998,99.84431759211209,63.8959132066237,18.781725888324875,99.90051401094347
DLM,0.5,0.5,29.599999999999998,99.84451930551957,63.977485928705434,18.781725888324875,99.90051401094347
DLM,0.5,0.6000000000000001,29.365079365079367,99.84476067270374,64.08353046741169,18.781725888324875,99.90051401094347
DLM,0.5,0.7000000000000001,29.365079365079367,99.84494120687427,64.15694591728526,18.781725888324875,99.90051401094347
DLM,0.5,0.8,28.57142857142857,99.84516129032258,64.24667591157517,18.274111675126903,99.90051401094347
DLM,0.5,0.9,28.57142857142857,99.84561945194905,64.43429317236317,18.274111675126903,99.90051401094347
DLM,0.6000000000000001,0.1,29.599999999999998,99.83024288325933,63.48804959621502,18.781725888324875,99.89222351185542
DLM,0.6000000000000001,0.2,29.599999999999998,99.83075120427027,63.67566685700302,18.781725888324875,99.89222351185542
DLM,0.6000000000000001,0.30000000000000004,29.599999999999998,99.83110302715343,63.8061832123338,18.781725888324875,99.89222351185542
DLM,0.6000000000000001,0.4,29.599999999999998,99.84431759211209,63.8959132066237,18.781725888324875,99.90051401094347
DLM,0.6000000000000001,0.5,29.599999999999998,99.84451930551957,63.977485928705434,18.781725888324875,99.90051401094347
DLM,0.6000000000000001,0.6000000000000001,29.365079365079367,99.84476067270374,64.08353046741169,18.781725888324875,99.90051401094347
DLM,0.6000000000000001,0.7000000000000001,29.365079365079367,99.84494120687427,64.15694591728526,18.781725888324875,99.90051401094347
DLM,0.6000000000000001,0.8,28.57142857142857,99.84516129032258,64.24667591157517,18.274111675126903,99.90051401094347
DLM,0.6000000000000001,0.9,28.57142857142857,99.84561945194905,64.43429317236317,18.274111675126903,99.90051401094347
DLM,0.7000000000000001,0.1,29.599999999999998,99.83024288325933,63.48804959621502,18.781725888324875,99.89222351185542
DLM,0.7000000000000001,0.2,29.599999999999998,99.83075120427027,63.67566685700302,18.781725888324875,99.89222351185542
DLM,0.7000000000000001,0.30000000000000004,29.599999999999998,99.83110302715343,63.8061832123338,18.781725888324875,99.89222351185542
DLM,0.7000000000000001,0.4,29.599999999999998,99.84431759211209,63.8959132066237,18.781725888324875,99.90051401094347
DLM,0.7000000000000001,0.5,29.599999999999998,99.84451930551957,63.977485928705434,18.781725888324875,99.90051401094347
DLM,0.7000000000000001,0.6000000000000001,29.365079365079367,99.84476067270374,64.08353046741169,18.781725888324875,99.90051401094347
DLM,0.7000000000000001,0.7000000000000001,29.365079365079367,99.84494120687427,64.15694591728526,18.781725888324875,99.90051401094347
DLM,0.7000000000000001,0.8,28.57142857142857,99.84516129032258,64.24667591157517,18.274111675126903,99.90051401094347
DLM,0.7000000000000001,0.9,28.57142857142857,99.84561945194905,64.43429317236317,18.274111675126903,99.90051401094347
DLM,0.8,0.1,29.03225806451613,99.83024288325933,63.47989232400685,18.274111675126903,99.89222351185542
DLM,0.8,0.2,29.03225806451613,99.83075120427027,63.66750958479484,18.274111675126903,99.89222351185542
DLM,0.8,0.30000000000000004,29.03225806451613,99.83110302715343,63.798025940125626,18.274111675126903,99.89222351185542
DLM,0.8,0.4,29.03225806451613,99.84431759211209,63.88775593441554,18.274111675126903,99.90051401094347
DLM,0.8,0.5,29.03225806451613,99.84451930551957,63.96932865649727,18.274111675126903,99.90051401094347
DLM,0.8,0.6000000000000001,28.799999999999997,99.84476067270374,64.07537319520353,18.274111675126903,99.90051401094347
DLM,0.8,0.7000000000000001,28.799999999999997,99.84494120687427,64.14878864507708,18.274111675126903,99.90051401094347
DLM,0.8,0.8,28.57142857142857,99.84516129032258,64.24667591157517,18.274111675126903,99.90051401094347
DLM,0.8,0.9,28.57142857142857,99.84561945194905,64.43429317236317,18.274111675126903,99.90051401094347
DLM,0.9,0.1,29.03225806451613,99.83024288325933,63.47989232400685,18.274111675126903,99.89222351185542
DLM,0.9,0.2,29.03225806451613,99.83075120427027,63.66750958479484,18.274111675126903,99.89222351185542
DLM,0.9,0.30000000000000004,29.03225806451613,99.83110302715343,63.798025940125626,18.274111675126903,99.89222351185542
DLM,0.9,0.4,29.03225806451613,99.84431759211209,63.88775593441554,18.274111675126903,99.90051401094347
DLM,0.9,0.5,29.03225806451613,99.84451930551957,63.96932865649727,18.274111675126903,99.90051401094347
DLM,0.9,0.6000000000000001,28.799999999999997,99.84476067270374,64.07537319520353,18.274111675126903,99.90051401094347
DLM,0.9,0.7000000000000001,28.799999999999997,99.84494120687427,64.14878864507708,18.274111675126903,99.90051401094347
DLM,0.9,0.8,28.57142857142857,99.84516129032258,64.24667591157517,18.274111675126903,99.90051401094347
DLM,0.9,0.9,28.57142857142857,99.84561945194905,64.43429317236317,18.274111675126903,99.90051401094347
KAN,0.1,0.1,83.56164383561644,92.94733600246381,95.39404183393196,83.19694489907256,93.30370197087548
KAN,0.1,0.2,83.16885964912281,92.99206300375316,95.48383688992182,82.76050190943808,93.33879174220715
KAN,0.1,0.30000000000000004,82.56578947368422,93.03112313937754,95.51024720050708,82.16039279869068,93.3738815135388
KAN,0.1,0.4,82.17224355458036,93.06930693069307,95.52081132474119,81.7239498090562,93.40897128487046
KAN,0.1,0.5,81.78826110806364,93.1021763187016,95.54722163532642,81.34206219312603,93.43821276098018
KAN,0.1,0.6000000000000001,80.84522502744237,93.14731731301087,95.56834988379464,80.36006546644845,93.47915082753377
KAN,0.1,0.7000000000000001,80.13172338090011,93.18098046443052,95.60532431861398,79.65084560829241,93.50839230364349
KAN,0.1,0.8,79.41822173435786,93.2461472339903,95.65286287766745,78.9416257501364,93.56687525586291
KAN,0.1,0.9,78.48518111964874,93.29159761860922,95.68455525036974,78.01418439716312,93.6078133224165
KAN,0.2,0.1,83.56164383561644,92.94733600246381,95.39404183393196,83.19694489907256,93.30370197087548
KAN,0.2,0.2,83.16885964912281,92.99206300375316,95.48383688992182,82.76050190943808,93.33879174220715
KAN,0.2,0.30000000000000004,82.56578947368422,93.03112313937754,95.51024720050708,82.16039279869068,93.3738815135388
KAN,0.2,0.4,82.17224355458036,93.06930693069307,95.52081132474119,81.7239498090562,93.40897128487046
KAN,0.2,0.5,81.78826110806364,93.1021763187016,95.54722163532642,81.34206219312603,93.43821276098018
KAN,0.2,0.6000000000000001,80.84522502744237,93.14731731301087,95.56834988379464,80.36006546644845,93.47915082753377
KAN,0.2,0.7000000000000001,80.13172338090011,93.18098046443052,95.60532431861398,79.65084560829241,93.50839230364349
KAN,0.2,0.8,79.41822173435786,93.2461472339903,95.65286287766745,78.9416257501364,93.56687525586291
KAN,0.2,0.9,78.48518111964874,93.29159761860922,95.68455525036974,78.01418439716312,93.6078133224165
KAN,0.30000000000000004,0.1,83.56164383561644,92.94733600246381,95.39404183393196,83.19694489907256,93.30370197087548
KAN,0.30000000000000004,0.2,83.16885964912281,92.99206300375316,95.48383688992182,82.76050190943808,93.33879174220715
KAN,0.30000000000000004,0.30000000000000004,82.56578947368422,93.03112313937754,95.51024720050708,82.16039279869068,93.3738815135388
KAN,0.30000000000000004,0.4,82.17224355458036,93.06930693069307,95.52081132474119,81.7239498090562,93.40897128487046
KAN,0.30000000000000004,0.5,81.78826110806364,93.1021763187016,95.54722163532642,81.34206219312603,93.43821276098018
KAN,0.30000000000000004,0.6000000000000001,80.84522502744237,93.14731731301087,95.56834988379464,80.36006546644845,93.47915082753377
KAN,0.30000000000000004,0.7000000000000001,80.13172338090011,93.18098046443052,95.60532431861398,79.65084560829241,93.50839230364349
KAN,0.30000000000000004,0.8,79.41822173435786,93.2461472339903,95.65286287766745,78.9416257501364,93.56687525586291
KAN,0.30000000000000004,0.9,78.48518111964874,93.29159761860922,95.68455525036974,78.01418439716312,93.6078133224165
KAN,0.4,0.1,83.56164383561644,92.94733600246381,95.39404183393196,83.19694489907256,93.30370197087548
KAN,0.4,0.2,83.16885964912281,92.99206300375316,95.48383688992182,82.76050190943808,93.33879174220715
KAN,0.4,0.30000000000000004,82.56578947368422,93.03112313937754,95.51024720050708,82.16039279869068,93.3738815135388
KAN,0.4,0.4,82.17224355458036,93.06930693069307,95.52081132474119,81.7239498090562,93.40897128487046
KAN,0.4,0.5,81.78826110806364,93.1021763187016,95.54722163532642,81.34206219312603,93.43821276098018
KAN,0.4,0.6000000000000001,80.84522502744237,93.14731731301087,95.56834988379464,80.36006546644845,93.47915082753377
KAN,0.4,0.7000000000000001,80.13172338090011,93.18098046443052,95.60532431861398,79.65084560829241,93.50839230364349
KAN,0.4,0.8,79.41822173435786,93.2461472339903,95.65286287766745,78.9416257501364,93.56687525586291
KAN,0.4,0.9,78.48518111964874,93.29159761860922,95.68455525036974,78.01418439716312,93.6078133224165
KAN,0.5,0.1,83.56164383561644,92.94733600246381,95.39404183393196,83.19694489907256,93.30370197087548
KAN,0.5,0.2,83.16885964912281,92.99206300375316,95.48383688992182,82.76050190943808,93.33879174220715
KAN,0.5,0.30000000000000004,82.56578947368422,93.03112313937754,95.51024720050708,82.16039279869068,93.3738815135388
KAN,0.5,0.4,82.17224355458036,93.06930693069307,95.52081132474119,81.7239498090562,93.40897128487046
KAN,0.5,0.5,81.78826110806364,93.1021763187016,95.54722163532642,81.34206219312603,93.43821276098018
KAN,0.5,0.6000000000000001,80.84522502744237,93.14731731301087,95.56834988379464,80.36006546644845,93.47915082753377
KAN,0.5,0.7000000000000001,80.13172338090011,93.18098046443052,95.60532431861398,79.65084560829241,93.50839230364349
KAN,0.5,0.8,79.41822173435786,93.2461472339903,95.65286287766745,78.9416257501364,93.56687525586291
KAN,0.5,0.9,78.48518111964874,93.29159761860922,95.68455525036974,78.01418439716312,93.6078133224165
KAN,0.6000000000000001,0.1,83.53457738748628,92.95878765477731,95.36763152334672,83.03327877795962,93.31539856131937
KAN,0.6000000000000001,0.2,83.14113124656782,93.00350747646299,95.45742657933657,82.59683578832515,93.35048833265103
KAN,0.6000000000000001,0.30000000000000004,82.53706754530478,93.04829283297447,95.47855482780477,81.99672667757774,93.39142639920463
KAN,0.6000000000000001,0.4,82.14285714285714,93.08648050190675,95.48911895203888,81.56028368794325,93.42651617053629
KAN,0.6000000000000001,0.5,81.75824175824175,93.11935067330751,95.51552926262413,81.17839607201309,93.45575764664599
KAN,0.6000000000000001,0.6000000000000001,80.83470620538165,93.16449471354808,95.54722163532642,80.30551009274414,93.49669571319961
KAN,0.6000000000000001,0.7000000000000001,80.12081274025262,93.19815668202766,95.5841960701458,79.59629023458811,93.52593718930932
KAN,0.6000000000000001,0.8,79.40691927512356,93.26332596413658,95.63173462919924,78.88707037643208,93.58442014152874
KAN,0.6000000000000001,0.9,78.47336628226249,93.30305076422565,95.6687090640186,77.9596290234588,93.6195099128604
KAN,0.7000000000000001,0.1,83.53457738748628,92.95878765477731,95.36763152334672,83.03327877795962,93.31539856131937
KAN,0.7000000000000001,0.2,83.14113124656782,93.00350747646299,95.45742657933657,82.59683578832515,93.35048833265103
KAN,0.7000000000000001,0.30000000000000004,82.53706754530478,93.04829283297447,95.47855482780477,81.99672667757774,93.39142639920463
KAN,0.7000000000000001,0.4,82.14285714285714,93.08648050190675,95.48911895203888,81.56028368794325,93.42651617053629
KAN,0.7000000000000001,0.5,81.75824175824175,93.11935067330751,95.51552926262413,81.17839607201309,93.45575764664599
KAN,0.7000000000000001,0.6000000000000001,80.83470620538165,93.16449471354808,95.54722163532642,80.30551009274414,93.49669571319961
KAN,0.7000000000000001,0.7000000000000001,80.12081274025262,93.19815668202766,95.5841960701458,79.59629023458811,93.52593718930932
KAN,0.7000000000000001,0.8,79.40691927512356,93.26332596413658,95.63173462919924,78.88707037643208,93.58442014152874
KAN,0.7000000000000001,0.9,78.47336628226249,93.30305076422565,95.6687090640186,77.9596290234588,93.6195099128604
KAN,0.8,0.1,83.53457738748628,92.95878765477731,95.36763152334672,83.03327877795962,93.31539856131937
KAN,0.8,0.2,83.14113124656782,93.00350747646299,95.45742657933657,82.59683578832515,93.35048833265103
KAN,0.8,0.30000000000000004,82.53706754530478,93.04829283297447,95.47855482780477,81.99672667757774,93.39142639920463
KAN,0.8,0.4,82.14285714285714,93.08648050190675,95.48911895203888,81.56028368794325,93.42651617053629
KAN,0.8,0.5,81.75824175824175,93.11935067330751,95.51552926262413,81.17839607201309,93.45575764664599
KAN,0.8,0.6000000000000001,80.83470620538165,93.16449471354808,95.54722163532642,80.30551009274414,93.49669571319961
KAN,0.8,0.7000000000000001,80.12081274025262,93.19815668202766,95.5841960701458,79.59629023458811,93.52593718930932
KAN,0.8,0.8,79.40691927512356,93.26332596413658,95.63173462919924,78.88707037643208,93.58442014152874
KAN,0.8,0.9,78.47336628226249,93.30305076422565,95.6687090640186,77.9596290234588,93.6195099128604
KAN,0.9,0.1,83.6644591611479,92.8620711283949,93.78301288823157,82.70594653573376,93.34464003742909
KAN,0.9,0.2,83.25966850828729,92.90682373582305,93.85696175787027,82.21494817239498,93.37972980876074
KAN,0.9,0.30000000000000004,82.69762299613046,92.95245254651381,93.87280794422142,81.61483906164757,93.42066787531435
KAN,0.9,0.4,82.3464305478694,92.99223446893788,93.88865413057258,81.17839607201309,93.45575764664599
KAN,0.9,0.5,81.96902654867256,93.02616752222362,93.92562856539193,80.85106382978722,93.48499912275572
KAN,0.9,0.6000000000000001,81.0392482034273,93.07259073842303,93.96260300021129,79.97817785051828,93.52593718930932
KAN,0.9,0.7000000000000001,80.36504424778761,93.10646815963969,93.98901331079654,79.26895799236225,93.55517866541902
KAN,0.9,0.8,79.64601769911505,93.17329332333082,94.04183393196705,78.55973813420621,93.61366161763846
KAN,0.9,0.9,78.76106194690266,93.21504435836562,94.09465455313754,77.68685215493726,93.64875138897013
LZD,0.1,0.1,30.697674418604652,99.78904302243815,99.64810858363705,30.697674418604652,99.7897955283776
LZD,0.1,0.2,29.767441860465116,99.80186629170394,99.66695990951364,29.767441860465116,99.80253519332442
LZD,0.1,0.30000000000000004,29.30232558139535,99.80189161554193,99.67952746009803,29.30232558139535,99.80253519332442
LZD,0.1,0.4,28.837209302325583,99.80828220858896,99.67952746009803,28.837209302325583,99.80890502579783
LZD,0.1,0.5,28.837209302325583,99.814672801636,99.67952746009803,28.837209302325583,99.81527485827122
LZD,0.1,0.6000000000000001,28.837209302325583,99.82745398773007,99.67952746009803,28.837209302325583,99.82801452321803
LZD,0.1,0.7000000000000001,28.37209302325581,99.82745398773007,99.67952746009803,28.37209302325581,99.82801452321803
LZD,0.1,0.8,27.44186046511628,99.8338445807771,99.67952746009803,27.44186046511628,99.83438435569144
LZD,0.1,0.9,26.046511627906977,99.84662576687117,99.67952746009803,26.046511627906977,99.84712402063826
LZD,0.2,0.1,30.697674418604652,99.78904302243815,99.64810858363705,30.697674418604652,99.7897955283776
LZD,0.2,0.2,29.767441860465116,99.80186629170394,99.66695990951364,29.767441860465116,99.80253519332442
LZD,0.2,0.30000000000000004,29.30232558139535,99.80189161554193,99.67952746009803,29.30232558139535,99.80253519332442
LZD,0.2,0.4,28.837209302325583,99.80828220858896,99.67952746009803,28.837209302325583,99.80890502579783
LZD,0.2,0.5,28.837209302325583,99.814672801636,99.67952746009803,28.837209302325583,99.81527485827122
LZD,0.2,0.6000000000000001,28.837209302325583,99.82745398773007,99.67952746009803,28.837209302325583,99.82801452321803
LZD,0.2,0.7000000000000001,28.37209302325581,99.82745398773007,99.67952746009803,28.37209302325581,99.82801452321803
LZD,0.2,0.8,27.44186046511628,99.8338445807771,99.67952746009803,27.44186046511628,99.83438435569144
LZD,0.2,0.9,26.046511627906977,99.84662576687117,99.67952746009803,26.046511627906977,99.84712402063826
LZD,0.30000000000000004,0.1,30.697674418604652,99.78904302243815,99.64810858363705,30.697674418604652,99.7897955283776
LZD,0.30000000000000004,0.2,29.767441860465116,99.80186629170394,99.66695990951364,29.767441860465116,99.80253519332442
LZD,0.30000000000000004,0.30000000000000004,29.30232558139535,99.80189161554193,99.67952746009803,29.30232558139535,99.80253519332442
LZD,0.30000000000000004,0.4,28.837209302325583,99.80828220858896,99.67952746009803,28.837209302325583,99.80890502579783
LZD,0.30000000000000004,0.5,28.837209302325583,99.814672801636,99.67952746009803,28.837209302325583,99.81527485827122
LZD,0.30000000000000004,0.6000000000000001,28.837209302325583,99.82745398773007,99.67952746009803,28.837209302325583,99.82801452321803
LZD,0.30000000000000004,0.7000000000000001,28.37209302325581,99.82745398773007,99.67952746009803,28.37209302325581,99.82801452321803
LZD,0.30000000000000004,0.8,27.44186046511628,99.8338445807771,99.67952746009803,27.44186046511628,99.83438435569144
LZD,0.30000000000000004,0.9,26.046511627906977,99.84662576687117,99.67952746009803,26.046511627906977,99.84712402063826
LZD,0.4,0.1,30.697674418604652,99.78904302243815,99.64810858363705,30.697674418604652,99.7897955283776
LZD,0.4,0.2,29.767441860465116,99.80186629170394,99.66695990951364,29.767441860465116,99.80253519332442
LZD,0.4,0.30000000000000004,29.30232558139535,99.80189161554193,99.67952746009803,29.30232558139535,99.80253519332442
LZD,0.4,0.4,28.837209302325583,99.80828220858896,99.67952746009803,28.837209302325583,99.80890502579783
LZD,0.4,0.5,28.837209302325583,99.814672801636,99.67952746009803,28.837209302325583,99.81527485827122
LZD,0.4,0.6000000000000001,28.837209302325583,99.82745398773007,99.67952746009803,28.837209302325583,99.82801452321803
LZD,0.4,0.7000000000000001,28.37209302325581,99.82745398773007,99.67952746009803,28.37209302325581,99.82801452321803
LZD,0.4,0.8,27.44186046511628,99.8338445807771,99.67952746009803,27.44186046511628,99.83438435569144
LZD,0.4,0.9,26.046511627906977,99.84662576687117,99.67952746009803,26.046511627906977,99.84712402063826
LZD,0.5,0.1,30.697674418604652,99.78904302243815,99.64810858363705,30.697674418604652,99.7897955283776
LZD,0.5,0.2,29.767441860465116,99.80186629170394,99.66695990951364,29.767441860465116,99.80253519332442
LZD,0.5,0.30000000000000004,29.30232558139535,99.80189161554193,99.67952746009803,29.30232558139535,99.80253519332442
LZD,0.5,0.4,28.837209302325583,99.80828220858896,99.67952746009803,28.837209302325583,99.80890502579783
LZD,0.5,0.5,28.837209302325583,99.814672801636,99.67952746009803,28.837209302325583,99.81527485827122
LZD,0.5,0.6000000000000001,28.837209302325583,99.82745398773007,99.67952746009803,28.837209302325583,99.82801452321803
LZD,0.5,0.7000000000000001,28.37209302325581,99.82745398773007,99.67952746009803,28.37209302325581,99.82801452321803
LZD,0.5,0.8,27.44186046511628,99.8338445807771,99.67952746009803,27.44186046511628,99.83438435569144
LZD,0.5,0.9,26.046511627906977,99.84662576687117,99.67952746009803,26.046511627906977,99.84712402063826
LZD,0.6000000000000001,0.1,30.697674418604652,99.78904302243815,99.64810858363705,30.697674418604652,99.7897955283776
LZD,0.6000000000000001,0.2,29.767441860465116,99.80186629170394,99.66695990951364,29.767441860465116,99.80253519332442
LZD,0.6000000000000001,0.30000000000000004,29.30232558139535,99.80189161554193,99.67952746009803,29.30232558139535,99.80253519332442
LZD,0.6000000000000001,0.4,28.837209302325583,99.80828220858896,99.67952746009803,28.837209302325583,99.80890502579783
LZD,0.6000000000000001,0.5,28.837209302325583,99.814672801636,99.67952746009803,28.837209302325583,99.81527485827122
LZD,0.6000000000000001,0.6000000000000001,28.837209302325583,99.82745398773007,99.67952746009803,28.837209302325583,99.82801452321803
LZD,0.6000000000000001,0.7000000000000001,28.37209302325581,99.82745398773007,99.67952746009803,28.37209302325581,99.82801452321803
LZD,0.6000000000000001,0.8,27.44186046511628,99.8338445807771,99.67952746009803,27.44186046511628,99.83438435569144
LZD,0.6000000000000001,0.9,26.046511627906977,99.84662576687117,99.67952746009803,26.046511627906977,99.84712402063826
LZD,0.7000000000000001,0.1,30.697674418604652,99.78904302243815,99.64810858363705,30.697674418604652,99.7897955283776
LZD,0.7000000000000001,0.2,29.767441860465116,99.80186629170394,99.66695990951364,29.767441860465116,99.80253519332442
LZD,0.7000000000000001,0.30000000000000004,29.30232558139535,99.80189161554193,99.67952746009803,29.30232558139535,99.80253519332442
LZD,0.7000000000000001,0.4,28.837209302325583,99.80828220858896,99.67952746009803,28.837209302325583,99.80890502579783
LZD,0.7000000000000001,0.5,28.837209302325583,99.814672801636,99.67952746009803,28.837209302325583,99.81527485827122
LZD,0.7000000000000001,0.6000000000000001,28.837209302325583,99.82745398773007,99.67952746009803,28.837209302325583,99.82801452321803
LZD,0.7000000000000001,0.7000000000000001,28.37209302325581,99.82745398773007,99.67952746009803,28.37209302325581,99.82801452321803
LZD,0.7000000000000001,0.8,27.44186046511628,99.8338445807771,99.67952746009803,27.44186046511628,99.83438435569144
LZD,0.7000000000000001,0.9,26.046511627906977,99.84662576687117,99.67952746009803,26.046511627906977,99.84712402063826
LZD,0.8,0.1,30.697674418604652,99.78904302243815,99.64810858363705,30.697674418604652,99.7897955283776
LZD,0.8,0.2,29.767441860465116,99.80186629170394,99.66695990951364,29.767441860465116,99.80253519332442
LZD,0.8,0.30000000000000004,29.30232558139535,99.80189161554193,99.67952746009803,29.30232558139535,99.80253519332442
LZD,0.8,0.4,28.837209302325583,99.80828220858896,99.67952746009803,28.837209302325583,99.80890502579783
LZD,0.8,0.5,28.837209302325583,99.814672801636,99.67952746009803,28.837209302325583,99.81527485827122
LZD,0.8,0.6000000000000001,28.837209302325583,99.82745398773007,99.67952746009803,28.837209302325583,99.82801452321803
LZD,0.8,0.7000000000000001,28.37209302325581,99.82745398773007,99.67952746009803,28.37209302325581,99.82801452321803
LZD,0.8,0.8,27.44186046511628,99.8338445807771,99.67952746009803,27.44186046511628,99.83438435569144
LZD,0.8,0.9,26.046511627906977,99.84662576687117,99.67952746009803,26.046511627906977,99.84712402063826
LZD,0.9,0.1,30.697674418604652,99.78904302243815,99.64810858363705,30.697674418604652,99.7897955283776
LZD,0.9,0.2,29.767441860465116,99.80186629170394,99.66695990951364,29.767441860465116,99.80253519332442
LZD,0.9,0.30000000000000004,29.30232558139535,99.80189161554193,99.67952746009803,29.30232558139535,99.80253519332442
LZD,0.9,0.4,28.837209302325583,99.80828220858896,99.67952746009803,28.837209302325583,99.80890502579783
LZD,0.9,0.5,28.837209302325583,99.814672801636,99.67952746009803,28.837209302325583,99.81527485827122
LZD,0.9,0.6000000000000001,28.837209302325583,99.82745398773007,99.67952746009803,28.837209302325583,99.82801452321803
LZD,0.9,0.7000000000000001,28.37209302325581,99.82745398773007,99.67952746009803,28.37209302325581,99.82801452321803
LZD,0.9,0.8,27.44186046511628,99.8338445807771,99.67952746009803,27.44186046511628,99.83438435569144
LZD,0.9,0.9,26.046511627906977,99.84662576687117,99.67952746009803,26.046511627906977,99.84712402063826
CFZ,0.1,0.1,17.05989110707804,99.00156471201848,95.94835874193105,16.179001721170398,99.04155639796866
CFZ,0.1,0.2,16.152450090744104,99.04690990320178,96.01016343908803,15.3184165232358,99.08447178313425
CFZ,0.1,0.30000000000000004,15.426497277676951,99.11537317870949,96.16124158769401,14.629948364888124,99.14884486088262
CFZ,0.1,0.4,14.673913043478262,99.15310898150211,96.22991347342398,13.941480206540447,99.18460768185395
CFZ,0.1,0.5,14.259927797833935,99.22762718158188,96.27111660486197,13.59724612736661,99.25613332379658
CFZ,0.1,0.6000000000000001,13.464991023339318,99.27251132061465,96.33292130201896,12.908777969018933,99.29904870896216
CFZ,0.1,0.7000000000000001,12.811387900355871,99.29509534762929,96.40846037632194,12.392426850258175,99.32050640154495
CFZ,0.1,0.8,12.455516014234876,99.34010528657225,96.47713226205191,12.048192771084338,99.36342178671053
CFZ,0.1,0.9,11.743772241992882,99.36277415530527,96.5389369592089,11.359724612736661,99.38487947929333
CFZ,0.2,0.1,17.359855334538878,98.97206703910615,95.98956187336904,16.523235800344235,99.01294614119162
CFZ,0.2,0.2,16.906474820143885,99.03216200119118,96.05823375909902,16.179001721170398,99.07016665474573
CFZ,0.2,0.30000000000000004,15.884476534296029,99.10800564929755,96.188710341986,15.146299483648882,99.14169229668836
CFZ,0.2,0.4,15.135135135135137,99.14574357450601,96.25738222771596,14.457831325301203,99.17745511765969
CFZ,0.2,0.5,14.721723518850988,99.22025842863508,96.29858535915396,14.113597246127366,99.24898075960232
CFZ,0.2,0.6000000000000001,13.928571428571429,99.26514251781472,96.36039005631095,13.425129087779691,99.2918961447679
CFZ,0.2,0.7000000000000001,13.120567375886525,99.28772814957709,96.42906194204093,12.736660929432015,99.31335383735069
CFZ,0.2,0.8,12.76595744680851,99.33274021352312,96.49773382777092,12.392426850258175,99.35626922251627
CFZ,0.2,0.9,12.056737588652481,99.35541231384752,96.55953852492789,11.703958691910499,99.37772691509906
CFZ,0.30000000000000004,0.1,17.359855334538878,98.97206703910615,95.98956187336904,16.523235800344235,99.01294614119162
CFZ,0.30000000000000004,0.2,16.756756756756758,99.02478969701481,96.05823375909902,16.00688468158348,99.06301409055146
CFZ,0.30000000000000004,0.30000000000000004,16.48745519713262,99.10800564929755,96.21617909627798,15.834767641996558,99.14169229668836
CFZ,0.30000000000000004,0.4,15.591397849462366,99.13837926168017,96.28485098200797,14.974182444061961,99.17030255346542
CFZ,0.30000000000000004,0.5,15.178571428571427,99.21289077003046,96.32605411344596,14.629948364888124,99.24182819540806
CFZ,0.30000000000000004,0.6000000000000001,14.23487544483986,99.257774808877,96.38099162202994,13.769363166953527,99.28474358057363
CFZ,0.30000000000000004,0.7000000000000001,13.120567375886525,99.28036204466207,96.43592913061393,12.736660929432015,99.30620127315642
CFZ,0.30000000000000004,0.8,12.76595744680851,99.32537623248572,96.50460101634391,12.392426850258175,99.34911665832202
CFZ,0.30000000000000004,0.9,12.056737588652481,99.34805156319455,96.56640571350088,11.703958691910499,99.37057435090479
CFZ,0.4,0.1,17.359855334538878,98.97943980929678,95.98269468479604,16.523235800344235,99.02009870538589
CFZ,0.4,0.2,16.756756756756758,99.03216200119118,96.05136657052603,16.00688468158348,99.07016665474573
CFZ,0.4,0.30000000000000004,16.48745519713262,99.10800564929755,96.21617909627798,15.834767641996558,99.14169229668836
CFZ,0.4,0.4,16.0427807486631,99.13837926168017,96.30545254772696,15.49053356282272,99.17030255346542
CFZ,0.4,0.5,15.480427046263346,99.21289077003046,96.33978849059194,14.974182444061961,99.24182819540806
CFZ,0.4,0.6000000000000001,14.387211367673181,99.257774808877,96.38785881060295,13.941480206540447,99.28474358057363
CFZ,0.4,0.7000000000000001,13.120567375886525,99.28036204466207,96.43592913061393,12.736660929432015,99.30620127315642
CFZ,0.4,0.8,12.76595744680851,99.33274021352312,96.49773382777092,12.392426850258175,99.35626922251627
CFZ,0.4,0.9,12.056737588652481,99.35541231384752,96.55953852492789,11.703958691910499,99.37772691509906
CFZ,0.5,0.1,17.359855334538878,98.97206703910615,95.98956187336904,16.523235800344235,99.01294614119162
CFZ,0.5,0.2,16.756756756756758,99.03216200119118,96.05136657052603,16.00688468158348,99.07016665474573
CFZ,0.5,0.30000000000000004,16.48745519713262,99.10800564929755,96.21617909627798,15.834767641996558,99.14169229668836
CFZ,0.5,0.4,16.0427807486631,99.13837926168017,96.30545254772696,15.49053356282272,99.17030255346542
CFZ,0.5,0.5,15.630550621669629,99.21289077003046,96.34665567916495,15.146299483648882,99.24182819540806
CFZ,0.5,0.6000000000000001,14.539007092198581,99.25040819355796,96.40159318774893,14.113597246127366,99.27759101637938
CFZ,0.5,0.7000000000000001,13.120567375886525,99.27299703264096,96.44279631918693,12.736660929432015,99.29904870896216
CFZ,0.5,0.8,12.76595744680851,99.32537623248572,96.50460101634391,12.392426850258175,99.34911665832202
CFZ,0.5,0.9,12.056737588652481,99.34805156319455,96.56640571350088,11.703958691910499,99.37057435090479
CFZ,0.6000000000000001,0.1,17.21014492753623,98.97206703910615,95.98269468479604,16.351118760757316,99.01294614119162
CFZ,0.6000000000000001,0.2,16.60649819494585,99.03216200119118,96.04449938195303,15.834767641996558,99.07016665474573
CFZ,0.6000000000000001,0.30000000000000004,16.337522441651707,99.10800564929755,96.20931190770499,15.66265060240964,99.14169229668836
CFZ,0.6000000000000001,0.4,15.892857142857142,99.13837926168017,96.29858535915396,15.3184165232358,99.17030255346542
CFZ,0.6000000000000001,0.5,15.480427046263346,99.20552420552421,96.34665567916495,14.974182444061961,99.23467563121379
CFZ,0.6000000000000001,0.6000000000000001,14.690265486725664,99.25040819355796,96.40846037632194,14.285714285714285,99.27759101637938
CFZ,0.6000000000000001,0.7000000000000001,13.274336283185843,99.27299703264096,96.44966350775992,12.908777969018933,99.29904870896216
CFZ,0.6000000000000001,0.8,12.920353982300886,99.31801334321719,96.5183353934899,12.564543889845096,99.34196409412775
CFZ,0.6000000000000001,0.9,12.212389380530974,99.34069190310393,96.58014009064689,11.876075731497417,99.36342178671053
CFZ,0.7000000000000001,0.1,15.992647058823529,99.00894187779433,95.89342123334707,14.974182444061961,99.04870896216293
CFZ,0.7000000000000001,0.2,15.384615384615385,99.06166219839142,95.96209311907705,14.457831325301203,99.09877691152278
CFZ,0.7000000000000001,0.30000000000000004,15.1183970856102,99.13011152416357,96.133772833402,14.285714285714285,99.16314998927115
CFZ,0.7000000000000001,0.4,14.519056261343014,99.16047548291233,96.21617909627798,13.769363166953527,99.1917602460482
CFZ,0.7000000000000001,0.5,14.10488245931284,99.22762718158188,96.26424941628898,13.425129087779691,99.25613332379658
CFZ,0.7000000000000001,0.6000000000000001,13.464991023339318,99.27251132061465,96.33292130201896,12.908777969018933,99.29904870896216
CFZ,0.7000000000000001,0.7000000000000001,13.120567375886525,99.29509534762929,96.42219475346792,12.736660929432015,99.32050640154495
CFZ,0.7000000000000001,0.8,12.76595744680851,99.34010528657225,96.49086663919792,12.392426850258175,99.36342178671053
CFZ,0.7000000000000001,0.9,12.056737588652481,99.36277415530527,96.5526713363549,11.703958691910499,99.38487947929333
CFZ,0.8,0.1,15.992647058823529,99.00894187779433,95.89342123334707,14.974182444061961,99.04870896216293
CFZ,0.8,0.2,15.384615384615385,99.06166219839142,95.96209311907705,14.457831325301203,99.09877691152278
CFZ,0.8,0.30000000000000004,15.1183970856102,99.13011152416357,96.133772833402,14.285714285714285,99.16314998927115
CFZ,0.8,0.4,14.519056261343014,99.16047548291233,96.21617909627798,13.769363166953527,99.1917602460482
CFZ,0.8,0.5,14.10488245931284,99.22762718158188,96.26424941628898,13.425129087779691,99.25613332379658
CFZ,0.8,0.6000000000000001,13.464991023339318,99.27251132061465,96.33292130201896,12.908777969018933,99.29904870896216
CFZ,0.8,0.7000000000000001,13.120567375886525,99.29509534762929,96.42219475346792,12.736660929432015,99.32050640154495
CFZ,0.8,0.8,12.76595744680851,99.34010528657225,96.49086663919792,12.392426850258175,99.36342178671053
CFZ,0.8,0.9,12.056737588652481,99.36277415530527,96.5526713363549,11.703958691910499,99.38487947929333
CFZ,0.9,0.1,15.837937384898712,99.0163201430807,95.87968685620108,14.802065404475043,99.0558615263572
CFZ,0.9,0.2,15.229357798165138,99.06903999404186,95.94835874193105,14.285714285714285,99.10592947571705
CFZ,0.9,0.30000000000000004,14.963503649635038,99.13011152416357,96.12690564482901,14.113597246127366,99.16314998927115
CFZ,0.9,0.4,14.363636363636365,99.16047548291233,96.20931190770499,13.59724612736661,99.1917602460482
CFZ,0.9,0.5,13.949275362318842,99.22762718158188,96.25738222771596,13.253012048192772,99.25613332379658
CFZ,0.9,0.6000000000000001,13.309352517985612,99.27251132061465,96.32605411344596,12.736660929432015,99.29904870896216
CFZ,0.9,0.7000000000000001,12.966252220248666,99.29509534762929,96.41532756489494,12.564543889845096,99.32050640154495
CFZ,0.9,0.8,12.61101243339254,99.34010528657225,96.4839994506249,12.220309810671257,99.36342178671053
CFZ,0.9,0.9,12.212389380530974,99.36277415530527,96.55953852492789,11.876075731497417,99.38487947929333
LEV,0.1,0.1,90.94865100087031,96.91598360655738,93.22715323952374,87.66778523489933,97.14691943127963
LEV,0.1,0.2,90.57591623036649,96.9616368286445,93.29673728158342,87.08053691275168,97.18483412322276
LEV,0.1,0.30000000000000004,89.81198076082204,96.99509403107113,93.32766352249884,86.15771812080537,97.2132701421801
LEV,0.1,0.4,89.1371003066141,97.0570202329859,93.31220040204113,85.36073825503355,97.2701421800948
LEV,0.1,0.5,88.40262582056893,97.07924836601308,93.37405288387195,84.73154362416108,97.28909952606635
LEV,0.1,0.6000000000000001,87.24890829694323,97.15160796324656,93.4359053657028,83.80872483221476,97.35545023696682
LEV,0.1,0.7000000000000001,85.7764245324054,97.194450112222,93.55961032936446,82.71812080536914,97.39336492890996
LEV,0.1,0.8,84.50520833333334,97.2375127420999,93.66012061233957,81.66946308724832,97.43127962085309
LEV,0.1,0.9,82.78546712802768,97.30032599837001,93.76836245554352,80.28523489932886,97.48815165876778
LEV,0.2,0.1,91.0344827586207,96.87628021302744,93.42817380547395,88.59060402684564,97.10900473933648
LEV,0.2,0.2,90.67357512953367,96.92197566213314,93.51322096799134,88.08724832214764,97.14691943127963
LEV,0.2,0.30000000000000004,89.92214532871972,96.95545565999183,93.55187876913561,87.20637583892618,97.17535545023696
LEV,0.2,0.4,89.25941966219142,97.0173646578141,93.54414720890676,86.45134228187919,97.23222748815165
LEV,0.2,0.5,88.52813852813853,97.04951505870342,93.59053657027988,85.78020134228188,97.260663507109
LEV,0.2,0.6000000000000001,87.36477715274773,97.12186160440906,93.6214628111953,84.68959731543623,97.32701421800948
LEV,0.2,0.7000000000000001,85.87473002159827,97.16471188169301,93.7065099737127,83.38926174496645,97.36492890995261
LEV,0.2,0.8,84.59214501510573,97.20778559054317,93.78382557600123,82.21476510067114,97.40284360189574
LEV,0.2,0.9,82.82261545101424,97.26069246435846,93.83794649760321,80.49496644295301,97.45023696682465
LEV,0.30000000000000004,0.1,91.06529209621993,96.87307771170802,93.41271068501624,88.9261744966443,97.10900473933648
LEV,0.30000000000000004,0.2,90.70567986230637,96.91882485413042,93.49775784753363,88.42281879194631,97.14691943127963
LEV,0.30000000000000004,0.30000000000000004,89.995687796464,96.95234199222746,93.52868408844905,87.54194630872483,97.17535545023696
LEV,0.30000000000000004,0.4,89.33506044905009,97.01431492842536,93.52095252822019,86.78691275167785,97.23222748815165
LEV,0.30000000000000004,0.5,88.60595597755719,97.0464997445069,93.56734188959332,86.11577181208054,97.260663507109
LEV,0.30000000000000004,0.6000000000000001,87.42980561555076,97.11892112791173,93.57507344982217,84.8993288590604,97.32701421800948
LEV,0.30000000000000004,0.7000000000000001,85.93615185504746,97.16181725370086,93.65238905211072,83.55704697986577,97.36492890995261
LEV,0.30000000000000004,0.8,84.6353042727665,97.20493726410282,93.7065099737127,82.25671140939598,97.40284360189574
LEV,0.30000000000000004,0.9,82.865774708675,97.2579001019368,93.76063089531468,80.53691275167785,97.45023696682465
LEV,0.4,0.1,91.0958904109589,96.68474368157167,93.6214628111953,89.26174496644296,96.92890995260663
LEV,0.4,0.2,90.74153450492928,96.73069064160195,93.71424153394155,88.8003355704698,96.96682464454976
LEV,0.4,0.30000000000000004,90.03864319450408,96.76431560681841,93.75289933508581,87.96140939597315,96.99526066350711
LEV,0.4,0.4,89.3991416309013,96.80644832159983,93.79155713623008,87.3741610738255,97.03317535545024
LEV,0.4,0.5,88.6695278969957,96.85842513259894,93.81475181691665,86.66107382550335,97.08056872037915
LEV,0.4,0.6000000000000001,87.48925193465176,96.93076374018558,93.8070202566878,85.36073825503355,97.14691943127963
LEV,0.4,0.7000000000000001,85.99054576708208,96.97371102506624,93.86887273851863,83.93456375838926,97.18483412322276
LEV,0.4,0.8,84.70133218736571,97.02677935037165,93.92299366012061,82.6761744966443,97.23222748815165
LEV,0.4,0.9,82.93940696175332,97.08965096163631,93.96938302149374,80.95637583892618,97.28909952606635
LEV,0.5,0.1,91.0958904109589,96.71443193449335,93.59826813050873,89.26174496644296,96.95734597156398
LEV,0.5,0.2,90.74153450492928,96.76034747061829,93.69104685325499,88.8003355704698,96.99526066350711
LEV,0.5,0.30000000000000004,90.03864319450408,96.79395548294875,93.72970465439926,87.96140939597315,97.02369668246446
LEV,0.5,0.4,89.39458995276944,96.83608899775464,93.76063089531468,87.33221476510067,97.06161137440759
LEV,0.5,0.5,88.67438867438867,96.8880726456484,93.79928869645894,86.7030201342282,97.10900473933648
LEV,0.5,0.6000000000000001,87.49462827675119,96.96042431660547,93.79155713623008,85.40268456375838,97.17535545023696
LEV,0.5,0.7000000000000001,85.99054576708208,97.00336357150138,93.84567805783207,83.93456375838926,97.2132701421801
LEV,0.5,0.8,84.70133218736571,97.05642697086984,93.89979897943405,82.6761744966443,97.260663507109
LEV,0.5,0.9,82.94673539518901,97.1192996742671,93.95391990103603,80.99832214765101,97.31753554502369
LEV,0.6000000000000001,0.1,91.06912838127951,96.87307771170802,93.4204422452451,88.96812080536914,97.10900473933648
LEV,0.6000000000000001,0.2,90.70967741935483,96.91882485413042,93.50548940776248,88.46476510067114,97.14691943127963
LEV,0.6000000000000001,0.30000000000000004,90.0,96.95234199222746,93.5364156486779,87.58389261744966,97.17535545023696
LEV,0.6000000000000001,0.4,89.33966335779024,97.01431492842536,93.52868408844905,86.82885906040269,97.23222748815165
LEV,0.6000000000000001,0.5,88.61578266494179,97.0464997445069,93.58280501005103,86.1996644295302,97.260663507109
LEV,0.6000000000000001,0.6000000000000001,87.44065602071645,97.11892112791173,93.59053657027988,84.98322147651007,97.32701421800948
LEV,0.6000000000000001,0.7000000000000001,85.9422164726175,97.16181725370086,93.66012061233957,83.5989932885906,97.36492890995261
LEV,0.6000000000000001,0.8,84.64193270060397,97.20493726410282,93.71424153394155,82.29865771812081,97.40284360189574
LEV,0.6000000000000001,0.9,82.8805519620526,97.2579001019368,93.77609401577239,80.62080536912751,97.45023696682465
LEV,0.7000000000000001,0.1,91.05760963026655,96.87307771170802,93.39724756455853,88.84228187919463,97.10900473933648
LEV,0.7000000000000001,0.2,90.69767441860465,96.91882485413042,93.48229472707592,88.33892617449665,97.14691943127963
LEV,0.7000000000000001,0.30000000000000004,89.98705222270176,96.95234199222746,93.51322096799134,87.45805369127517,97.17535545023696
LEV,0.7000000000000001,0.4,89.32584269662921,97.01431492842536,93.50548940776248,86.7030201342282,97.23222748815165
LEV,0.7000000000000001,0.5,88.59611231101512,97.0464997445069,93.55187876913561,86.03187919463086,97.260663507109
LEV,0.7000000000000001,0.6000000000000001,87.4189364461738,97.11892112791173,93.55961032936446,84.81543624161074,97.32701421800948
LEV,0.7000000000000001,0.7000000000000001,85.93008200258956,97.16181725370086,93.64465749188187,83.51510067114094,97.36492890995261
LEV,0.7000000000000001,0.8,84.6286701208981,97.20493726410282,93.69877841348384,82.21476510067114,97.40284360189574
LEV,0.7000000000000001,0.9,82.85837651122625,97.2579001019368,93.75289933508581,80.49496644295301,97.45023696682465
LEV,0.8,0.1,91.0344827586207,96.87307771170802,93.35085820318541,88.59060402684564,97.10900473933648
LEV,0.8,0.2,90.67357512953367,96.91882485413042,93.4359053657028,88.08724832214764,97.14691943127963
LEV,0.8,0.30000000000000004,89.96105581999134,96.95234199222746,93.46683160661821,87.20637583892618,97.17535545023696
LEV,0.8,0.4,89.29809358752166,97.01431492842536,93.45910004638937,86.45134228187919,97.23222748815165
LEV,0.8,0.5,88.56647899523603,97.0464997445069,93.50548940776248,85.78020134228188,97.260663507109
LEV,0.8,0.6000000000000001,87.40259740259741,97.11892112791173,93.5364156486779,84.68959731543623,97.32701421800948
LEV,0.8,0.7000000000000001,85.91184096802074,97.16181725370086,93.6214628111953,83.38926174496645,97.36492890995261
LEV,0.8,0.8,84.6286701208981,97.20493726410282,93.69877841348384,82.21476510067114,97.40284360189574
LEV,0.8,0.9,82.85837651122625,97.2579001019368,93.75289933508581,80.49496644295301,97.45023696682465
LEV,0.9,0.1,90.99956728688879,96.71443193449335,93.40497912478737,88.21308724832215,96.95734597156398
LEV,0.9,0.2,90.6371911573472,96.77023712183156,93.48229472707592,87.70973154362416,97.00473933649289
LEV,0.9,0.30000000000000004,89.92180712423979,96.80383947717758,93.51322096799134,86.82885906040269,97.03317535545024
LEV,0.9,0.4,89.26553672316385,96.84597325711952,93.5364156486779,86.15771812080537,97.07109004739335
LEV,0.9,0.5,88.54166666666666,96.8880726456484,93.59053657027988,85.57046979865773,97.10900473933648
LEV,0.9,0.6000000000000001,87.38621586475944,96.96042431660547,93.636925931653,84.56375838926175,97.17535545023696
LEV,0.9,0.7000000000000001,85.89965397923875,97.00336357150138,93.72970465439926,83.30536912751678,97.2132701421801
LEV,0.9,0.8,84.64193270060397,97.05642697086984,93.83021493737436,82.29865771812081,97.260663507109
LEV,0.9,0.9,82.93940696175332,97.1192996742671,93.94618834080718,80.95637583892618,97.31753554502369
MXF,0.1,0.1,93.3853459972863,93.86098779134295,93.18450144896427,90.79815303430078,94.32765030124342
MXF,0.1,0.2,93.16093909493026,93.95954558049321,93.24353332617795,90.30343007915567,94.41097295218562
MXF,0.1,0.30000000000000004,92.60899182561307,94.03295029766025,93.28109906622302,89.67678100263852,94.47506729906422
MXF,0.1,0.4,92.12678936605317,94.0842731612814,93.3079317376838,89.14907651715039,94.51993334187925
MXF,0.1,0.5,91.33992499147631,94.14897295801923,93.33476440914458,88.35751978891821,94.57761825406999
MXF,0.1,0.6000000000000001,90.03740224413464,94.21281891723709,93.39916282065043,87.33509234828496,94.63530316626073
MXF,0.1,0.7000000000000001,88.84367582231265,94.27939754041729,93.50112697220135,86.41160949868075,94.69298807845148
MXF,0.1,0.8,87.88083953960731,94.36046110305792,93.59772458946013,85.62005277044855,94.76349186001795
MXF,0.1,0.9,86.3697705802969,94.49617214980344,93.71578834388752,84.43271767810026,94.8852711190873
MXF,0.2,0.1,93.41438703140831,93.84796781800527,93.26499946334657,91.2269129287599,94.3148314318677
MXF,0.2,0.2,93.19336268201829,93.94002354733708,93.33476440914458,90.76517150395779,94.39174464812203
MXF,0.2,0.30000000000000004,92.64406779661017,94.01342653470829,93.37233014918965,90.13852242744063,94.45583899500065
MXF,0.2,0.4,92.16683621566632,94.06474820143885,93.40452935494258,89.64379947229551,94.50070503781566
MXF,0.2,0.5,91.38398914518318,94.13595187054837,93.42599549211118,88.85224274406333,94.56479938469427
MXF,0.2,0.6000000000000001,90.07788689468337,94.19979260283444,93.47429430074058,87.73087071240106,94.622484296885
MXF,0.2,0.7000000000000001,88.87385864051403,94.26637192594639,93.5547923151229,86.6754617414248,94.68016920907576
MXF,0.2,0.8,87.90131801284218,94.35394809497515,93.62992379521306,85.78496042216359,94.75708242533008
MXF,0.2,0.9,86.3697705802969,94.49617214980344,93.71578834388752,84.43271767810026,94.8852711190873
MXF,0.30000000000000004,0.1,93.42548887390424,93.84145918579651,93.29719866909949,91.39182058047494,94.30842199717985
MXF,0.30000000000000004,0.2,93.20486815415822,93.93351800554017,93.3669636148975,90.93007915567283,94.38533521343417
MXF,0.30000000000000004,0.30000000000000004,92.6565143824027,94.00692041522491,93.40452935494258,90.30343007915567,94.44942956031278
MXF,0.30000000000000004,0.4,92.18009478672985,94.05824168223006,93.4367285606955,89.80870712401055,94.49429560312781
MXF,0.30000000000000004,0.5,91.39857771757535,94.12944267736137,93.45819469786412,89.01715039577837,94.5583899500064
MXF,0.30000000000000004,0.6000000000000001,90.08460236886633,94.19328079635007,93.49039390361705,87.79683377308707,94.61607486219715
MXF,0.30000000000000004,0.7000000000000001,88.88137884420412,94.25986046832907,93.57089191799936,86.74142480211083,94.6737597743879
MXF,0.30000000000000004,0.8,87.90131801284218,94.35394809497515,93.62992379521306,85.78496042216359,94.75708242533008
MXF,0.30000000000000004,0.9,86.3697705802969,94.49617214980344,93.71578834388752,84.43271767810026,94.8852711190873
MXF,0.4,0.1,93.42770475227502,93.82193870475662,93.31866480626812,91.42480211081794,94.28919369311627
MXF,0.4,0.2,93.20716458262926,93.9140067852939,93.38842975206612,90.96306068601582,94.3661069093706
MXF,0.4,0.30000000000000004,92.65899864682002,93.9874074586591,93.42599549211118,90.33641160949868,94.4302012562492
MXF,0.4,0.4,92.18538565629228,94.0387275242047,93.46356123215628,89.87467018469657,94.47506729906422
MXF,0.4,0.5,91.40148950575491,94.1099204977532,93.47966083503275,89.05013192612137,94.53916164594283
MXF,0.4,0.6000000000000001,90.08795669824087,94.17375077752436,93.51186004078566,87.82981530343008,94.59684655813358
MXF,0.4,0.7000000000000001,88.88513513513514,94.24033149171271,93.59235805516796,86.77440633245382,94.65453147032432
MXF,0.4,0.8,87.9054054054054,94.33441446415016,93.65138993238166,85.81794195250659,94.73785412126651
MXF,0.4,0.9,86.3743676222597,94.4766239139429,93.73725448105613,84.46569920844327,94.8660428150237
MXF,0.5,0.1,93.44317417619368,93.83495145631068,93.34549747772888,91.65567282321899,94.30201256249198
MXF,0.5,0.2,93.22319622387053,93.92701336472543,93.41526242352688,91.19393139841688,94.37892577874632
MXF,0.5,0.30000000000000004,92.67881241565452,94.0004151961802,93.45819469786412,90.60026385224275,94.44302012562493
MXF,0.5,0.4,92.20647773279353,94.04523134379971,93.50112697220135,90.13852242744063,94.48147673375207
MXF,0.5,0.5,91.42760715491056,94.12293438429094,93.51722657507781,89.34696569920845,94.55198051531855
MXF,0.5,0.6000000000000001,90.10469436001351,94.1867698900947,93.52795964366211,87.99472295514512,94.6096654275093
MXF,0.5,0.7000000000000001,88.89264010803511,94.2533499102086,93.59235805516796,86.84036939313984,94.66735033970004
MXF,0.5,0.8,87.90949003714961,94.34743598592036,93.64602339808951,85.85092348284961,94.75067299064223
MXF,0.5,0.9,86.3743676222597,94.48965517241379,93.72652141247183,84.46569920844327,94.87886168439944
MXF,0.6000000000000001,0.1,93.44317417619368,93.83495145631068,93.34549747772888,91.65567282321899,94.30201256249198
MXF,0.6000000000000001,0.2,93.22319622387053,93.92701336472543,93.41526242352688,91.19393139841688,94.37892577874632
MXF,0.6000000000000001,0.30000000000000004,92.67881241565452,94.0004151961802,93.45819469786412,90.60026385224275,94.44302012562493
MXF,0.6000000000000001,0.4,92.20647773279353,94.04523134379971,93.50112697220135,90.13852242744063,94.48147673375207
MXF,0.6000000000000001,0.5,91.42760715491056,94.12293438429094,93.51722657507781,89.34696569920845,94.55198051531855
MXF,0.6000000000000001,0.6000000000000001,90.10469436001351,94.1867698900947,93.52795964366211,87.99472295514512,94.6096654275093
MXF,0.6000000000000001,0.7000000000000001,88.89264010803511,94.2533499102086,93.59235805516796,86.84036939313984,94.66735033970004
MXF,0.6000000000000001,0.8,87.90949003714961,94.34743598592036,93.64602339808951,85.85092348284961,94.75067299064223
MXF,0.6000000000000001,0.9,86.3743676222597,94.48965517241379,93.72652141247183,84.46569920844327,94.87886168439944
MXF,0.7000000000000001,0.1,93.42548887390424,93.84145918579651,93.29719866909949,91.39182058047494,94.30842199717985
MXF,0.7000000000000001,0.2,93.20486815415822,93.93351800554017,93.3669636148975,90.93007915567283,94.38533521343417
MXF,0.7000000000000001,0.30000000000000004,92.6565143824027,94.00692041522491,93.40452935494258,90.30343007915567,94.44942956031278
MXF,0.7000000000000001,0.4,92.18009478672985,94.05824168223006,93.4367285606955,89.80870712401055,94.49429560312781
MXF,0.7000000000000001,0.5,91.39857771757535,94.12944267736137,93.45819469786412,89.01715039577837,94.5583899500064
MXF,0.7000000000000001,0.6000000000000001,90.08460236886633,94.19328079635007,93.49039390361705,87.79683377308707,94.61607486219715
MXF,0.7000000000000001,0.7000000000000001,88.88137884420412,94.25986046832907,93.57089191799936,86.74142480211083,94.6737597743879
MXF,0.7000000000000001,0.8,87.90131801284218,94.35394809497515,93.62992379521306,85.78496042216359,94.75708242533008
MXF,0.7000000000000001,0.9,86.3697705802969,94.49617214980344,93.71578834388752,84.43271767810026,94.8852711190873
MXF,0.8,0.1,93.41438703140831,93.84796781800527,93.26499946334657,91.2269129287599,94.3148314318677
MXF,0.8,0.2,93.19336268201829,93.94002354733708,93.33476440914458,90.76517150395779,94.39174464812203
MXF,0.8,0.30000000000000004,92.64406779661017,94.01342653470829,93.37233014918965,90.13852242744063,94.45583899500065
MXF,0.8,0.4,92.16683621566632,94.06474820143885,93.40452935494258,89.64379947229551,94.50070503781566
MXF,0.8,0.5,91.38398914518318,94.13595187054837,93.42599549211118,88.85224274406333,94.56479938469427
MXF,0.8,0.6000000000000001,90.07788689468337,94.19979260283444,93.47429430074058,87.73087071240106,94.622484296885
MXF,0.8,0.7000000000000001,88.87385864051403,94.26637192594639,93.5547923151229,86.6754617414248,94.68016920907576
MXF,0.8,0.8,87.90131801284218,94.35394809497515,93.62992379521306,85.78496042216359,94.75708242533008
MXF,0.8,0.9,86.3697705802969,94.49617214980344,93.71578834388752,84.43271767810026,94.8852711190873
MXF,0.9,0.1,93.3853459972863,93.86098779134295,93.18450144896427,90.79815303430078,94.32765030124342
MXF,0.9,0.2,93.16093909493026,93.95954558049321,93.24353332617795,90.30343007915567,94.41097295218562
MXF,0.9,0.30000000000000004,92.60899182561307,94.03295029766025,93.28109906622302,89.67678100263852,94.47506729906422
MXF,0.9,0.4,92.12678936605317,94.0842731612814,93.3079317376838,89.14907651715039,94.51993334187925
MXF,0.9,0.5,91.33992499147631,94.14897295801923,93.33476440914458,88.35751978891821,94.57761825406999
MXF,0.9,0.6000000000000001,90.03740224413464,94.21281891723709,93.39916282065043,87.33509234828496,94.63530316626073
MXF,0.9,0.7000000000000001,88.84367582231265,94.27939754041729,93.50112697220135,86.41160949868075,94.69298807845148
MXF,0.9,0.8,87.88083953960731,94.36046110305792,93.59772458946013,85.62005277044855,94.76349186001795
MXF,0.9,0.9,86.3697705802969,94.49617214980344,93.71578834388752,84.43271767810026,94.8852711190873
RIF,0.1,0.1,96.09905967786985,98.45949845949846,97.10671008380932,93.79373012267152,98.50723706587053
RIF,0.1,0.2,95.91171540324083,98.504090377873,97.17610633641168,93.58473421172194,98.54880767922603
RIF,0.1,0.30000000000000004,95.77937203018728,98.52454548993654,97.20813537607431,93.41208541572013,98.56770341256944
RIF,0.1,0.4,95.67768979972054,98.53278848024908,97.23482624245983,93.33030440708768,98.5752617059068
RIF,0.1,0.5,95.52781142271499,98.54074247023115,97.23749532909838,93.16674238982282,98.58281999924418
RIF,0.1,0.6000000000000001,95.23942612260107,98.5451433461703,97.2641861954839,92.89413902771467,98.58659914591286
RIF,0.1,0.7000000000000001,94.88874406479843,98.56081527869618,97.28820797523088,92.6124488868696,98.60171573258758
RIF,0.1,0.8,94.51787043931496,98.56476079346558,97.29888432178508,92.27623807360291,98.60549487925626
RIF,0.1,0.9,93.95236323036843,98.59226132607427,97.32290610153206,91.75829168559746,98.63194890593704
RIF,0.2,0.1,96.09905967786985,98.45949845949846,97.10671008380932,93.79373012267152,98.50723706587053
RIF,0.2,0.2,95.91209609833318,98.504090377873,97.17877542305024,93.59382099045888,98.54880767922603
RIF,0.2,0.30000000000000004,95.77976523197317,98.52454548993654,97.21080446271286,93.42117219445707,98.56770341256944
RIF,0.2,0.4,95.67809239940388,98.53278848024908,97.23749532909838,93.33939118582462,98.5752617059068
RIF,0.2,0.5,95.52822806036893,98.54074247023115,97.24016441573693,93.17582916855974,98.58281999924418
RIF,0.2,0.6000000000000001,95.2398695854681,98.5451433461703,97.26685528212245,92.90322580645162,98.58659914591286
RIF,0.2,0.7000000000000001,94.88921988456525,98.56081527869618,97.29087706186942,92.62153566560654,98.60171573258758
RIF,0.2,0.8,94.51838064215914,98.56476079346558,97.30155340842363,92.28532485233984,98.60549487925626
RIF,0.2,0.9,93.95348837209302,98.59226132607427,97.32824427480917,91.77646524307133,98.63194890593704
RIF,0.30000000000000004,0.1,96.10305059523809,98.45576449431174,96.97058666524315,93.89368468877782,98.50723706587053
RIF,0.30000000000000004,0.2,95.91627906976744,98.50339075531997,97.17610633641168,93.6937755565652,98.54880767922603
RIF,0.30000000000000004,0.30000000000000004,95.78447794528196,98.52448804796387,97.24016441573693,93.53021353930032,98.56770341256944
RIF,0.30000000000000004,0.4,95.68291775213993,98.53278848024908,97.26952436876101,93.44843253066787,98.5752617059068
RIF,0.30000000000000004,0.5,95.53322166387494,98.54074247023115,97.27219345539956,93.28487051340299,98.58281999924418
RIF,0.30000000000000004,0.6000000000000001,95.24518470270773,98.5451433461703,97.29888432178508,93.01226715129486,98.58659914591286
RIF,0.30000000000000004,0.7000000000000001,94.89444806100623,98.56081527869618,97.32023701489351,92.72149023171285,98.60171573258758
RIF,0.30000000000000004,0.8,94.52296819787986,98.56476079346558,97.3255751881706,92.36710586097229,98.60549487925626
RIF,0.30000000000000004,0.9,93.95798475553076,98.59226132607427,97.34959696791758,91.84915947296683,98.63194890593704
RIF,0.4,0.1,96.09411327071516,98.45636797061236,96.99994661826723,93.89368468877782,98.50723706587053
RIF,0.4,0.2,95.90735745512046,98.50397381954184,97.20546628943576,93.6937755565652,98.54880767922603
RIF,0.4,0.30000000000000004,95.77556527402996,98.52506226650061,97.26952436876101,93.53021353930032,98.56770341256944
RIF,0.4,0.4,95.68291775213993,98.53335926862478,97.29621523514653,93.44843253066787,98.5752617059068
RIF,0.4,0.5,95.53322166387494,98.54131009802396,97.29888432178508,93.28487051340299,98.58281999924418
RIF,0.4,0.6000000000000001,95.24518470270773,98.54570906404324,97.3255751881706,93.01226715129486,98.58659914591286
RIF,0.4,0.7000000000000001,94.89444806100623,98.56137485905361,97.34692788127902,92.72149023171285,98.60171573258758
RIF,0.4,0.8,94.52296819787986,98.56531881804044,97.35226605455614,92.36710586097229,98.60549487925626
RIF,0.4,0.9,93.95798475553076,98.5927538485461,97.37361874766455,91.84915947296683,98.63194890593704
RIF,0.5,0.1,96.09411327071516,98.45636797061236,96.99994661826723,93.89368468877782,98.50723706587053
RIF,0.5,0.2,95.90735745512046,98.50397381954184,97.20546628943576,93.6937755565652,98.54880767922603
RIF,0.5,0.30000000000000004,95.77556527402996,98.52506226650061,97.26952436876101,93.53021353930032,98.56770341256944
RIF,0.5,0.4,95.68291775213993,98.53335926862478,97.29621523514653,93.44843253066787,98.5752617059068
RIF,0.5,0.5,95.53322166387494,98.54131009802396,97.29888432178508,93.28487051340299,98.58281999924418
RIF,0.5,0.6000000000000001,95.24518470270773,98.54570906404324,97.3255751881706,93.01226715129486,98.58659914591286
RIF,0.5,0.7000000000000001,94.89444806100623,98.56137485905361,97.34692788127902,92.72149023171285,98.60171573258758
RIF,0.5,0.8,94.52296819787986,98.56531881804044,97.35226605455614,92.36710586097229,98.60549487925626
RIF,0.5,0.9,93.95798475553076,98.5927538485461,97.37361874766455,91.84915947296683,98.63194890593704
RIF,0.6000000000000001,0.1,96.11578655322297,98.43328775151396,97.17610633641168,94.4388914129941,98.48456218585844
RIF,0.6000000000000001,0.2,95.93007122375359,98.48095349380696,97.3816260075802,94.23898228078146,98.52613279921394
RIF,0.6000000000000001,0.30000000000000004,95.79940784603997,98.50206209633492,97.448353173544,94.08450704225352,98.54502853255734
RIF,0.6000000000000001,0.4,95.7072809695624,98.51036521333282,97.47504403992954,94.00272603362109,98.55258682589472
RIF,0.6000000000000001,0.5,95.55843434810771,98.51831687018745,97.47771312656809,93.83916401635621,98.56014511923208
RIF,0.6000000000000001,0.6000000000000001,95.2720207253886,98.52272285503247,97.50440399295361,93.56656065424806,98.56392426590077
RIF,0.6000000000000001,0.7000000000000001,94.92230854605992,98.53838678328474,97.52041851278493,93.25761017719219,98.57904085257549
RIF,0.6000000000000001,0.8,94.55285304725794,98.54233071600716,97.52575668606202,92.90322580645162,98.58281999924418
RIF,0.6000000000000001,0.9,93.99038461538461,98.56976292265838,97.5444402925319,92.37619263970922,98.60927402592495
RIF,0.7000000000000001,0.1,96.11363005459424,98.43328775151396,97.16009181658036,94.38437074057246,98.48456218585844
RIF,0.7000000000000001,0.2,95.92781119851921,98.48095349380696,97.3656114877489,94.18446160835984,98.52613279921394
RIF,0.7000000000000001,0.30000000000000004,95.7962962962963,98.50206209633492,97.4270004804356,94.01181281235802,98.54502853255734
RIF,0.7000000000000001,0.4,95.70410147208592,98.51036521333282,97.45369134682112,93.93003180372558,98.55258682589472
RIF,0.7000000000000001,0.5,95.55514399481434,98.51831687018745,97.45636043345966,93.7664697864607,98.56014511923208
RIF,0.7000000000000001,0.6000000000000001,95.26808037781277,98.52272285503247,97.48038221320664,93.48477964561563,98.56392426590077
RIF,0.7000000000000001,0.7000000000000001,94.91948917268185,98.53838678328474,97.50440399295361,93.20308950477056,98.57904085257549
RIF,0.7000000000000001,0.8,94.54982881465716,98.54233071600716,97.50974216623072,92.84870513402998,98.58281999924418
RIF,0.7000000000000001,0.9,93.98704902867715,98.56976292265838,97.52842577270057,92.3216719672876,98.60927402592495
RIF,0.8,0.1,96.11183114238105,98.4326753957397,97.12005551700209,94.33893684688778,98.48456218585844
RIF,0.8,0.2,95.92592592592592,98.48036159600998,97.3255751881706,94.13902771467515,98.52613279921394
RIF,0.8,0.30000000000000004,95.7943492357573,98.50147905962946,97.38696418085732,93.96637891867333,98.54502853255734
RIF,0.8,0.4,95.70211189329382,98.5097856114548,97.41365504724283,93.8845979100409,98.55258682589472
RIF,0.8,0.5,95.55308504724847,98.51774042950514,97.41632413388139,93.721035892776,98.56014511923208
RIF,0.8,0.6000000000000001,95.26588845654993,98.5221483296387,97.44034591362836,93.43934575193093,98.56392426590077
RIF,0.8,0.7000000000000001,94.91713730210166,98.5378183939335,97.46436769337534,93.15765561108587,98.57904085257549
RIF,0.8,0.8,94.54831543872639,98.54182058560485,97.47771312656809,92.82144479781917,98.58281999924418
RIF,0.8,0.9,93.9859363434493,98.56926247035497,97.49906581967652,92.30349840981373,98.60927402592495
RIF,0.9,0.1,96.12072956207759,98.43206256109482,97.090695563978,94.33893684688778,98.48456218585844
RIF,0.9,0.2,95.93480877859061,98.4797692367662,97.29621523514653,94.13902771467515,98.52613279921394
RIF,0.9,0.30000000000000004,95.80322401334075,98.50089556888094,97.35760422783324,93.96637891867333,98.54502853255734
RIF,0.9,0.4,95.70211189329382,98.50920555836674,97.38696418085732,93.8845979100409,98.55258682589472
RIF,0.9,0.5,95.55308504724847,98.51716354012609,97.38963326749587,93.721035892776,98.56014511923208
RIF,0.9,0.6000000000000001,95.26588845654993,98.52157335719566,97.41365504724283,93.43934575193093,98.56392426590077
RIF,0.9,0.7000000000000001,94.91713730210166,98.53724956234196,97.4376768269898,93.15765561108587,98.57904085257549
RIF,0.9,0.8,94.54831543872639,98.54125335511729,97.45102226018257,92.82144479781917,98.58281999924418
RIF,0.9,0.9,93.9859363434493,98.5687616677038,97.47504403992954,92.30349840981373,98.60927402592495
EMB,0.1,0.1,94.84331614438715,91.65071418053306,90.41803531822904,86.10010803024846,92.45634458672876
EMB,0.1,0.2,94.61981338098074,91.76233266092059,90.6875543951262,85.81202736766295,92.52951937468818
EMB,0.1,0.30000000000000004,94.36284239777689,91.82240427166002,90.90934613548949,85.5959668707238,92.56278064194245
EMB,0.1,0.4,94.20289855072464,91.8782837127846,91.0890255200876,85.43392149801944,92.59604190919674
EMB,0.1,0.5,93.96466150486401,91.95088179565661,91.19009517392402,85.2178610010803,92.65258606352901
EMB,0.1,0.6000000000000001,93.59126984126985,91.98995560084431,91.29397231814481,84.92978033849478,92.67919507733244
EMB,0.1,0.7000000000000001,93.33994053518336,92.0373940562366,91.34450714506302,84.78574000720201,92.71910859803758
EMB,0.1,0.8,92.8345209817894,92.08813583972658,91.39784946236558,84.44364422038171,92.76234824546815
EMB,0.1,0.9,91.89723320158103,92.18415028523673,91.47084421235857,83.7234425639179,92.84550141360386
EMB,0.2,0.1,94.8306595365419,91.6387343916903,90.39557539515427,86.20813827871804,92.4496923332779
EMB,0.2,0.2,94.62621455482848,91.75469483568075,90.70159184704792,85.92005761613251,92.52286712123731
EMB,0.2,0.30000000000000004,94.36954797779539,91.81419166057059,90.91776860664253,85.70399711919337,92.5561283884916
EMB,0.2,0.4,94.20979575649415,91.86920662725349,91.0890255200876,85.54195174648902,92.58938965574588
EMB,0.2,0.5,93.97184215744596,91.94183249507981,91.19009517392402,85.32589124954988,92.64593381007816
EMB,0.2,0.6000000000000001,93.59889021006738,91.98034219148161,91.28835733737613,85.03781058696434,92.67254282388159
EMB,0.2,0.7000000000000001,93.34785191051277,92.02779900302005,91.33889216429434,84.89377025567158,92.71245634458673
EMB,0.2,0.8,92.84302095689996,92.0785597381342,91.3922344815969,84.55167446885127,92.7556959920173
EMB,0.2,0.9,91.90523198420533,92.1746083669538,91.46242174120553,83.81346777097588,92.838849160153
EMB,0.30000000000000004,0.1,94.86470472052143,91.52241455836662,90.11763384710407,86.47821389989197,92.37651754531848
EMB,0.30000000000000004,0.2,94.6432101205772,91.65932128691054,90.64544203936101,86.20813827871804,92.44636620655247
EMB,0.30000000000000004,0.30000000000000004,94.38735177865613,91.73852674656533,91.04129818355372,85.9920777817789,92.47962747380674
EMB,0.30000000000000004,0.4,94.22810832180272,91.79724509875373,91.24624498161094,85.83003240907455,92.51288874106103
EMB,0.30000000000000004,0.5,93.9909072939316,91.87015539138979,91.35012212583172,85.6139719121354,92.5694328953933
EMB,0.30000000000000004,0.6000000000000001,93.61912287633346,91.90927924980919,91.4539992700525,85.32589124954988,92.59604190919674
EMB,0.30000000000000004,0.7000000000000001,93.36885731201895,91.95669548790235,91.50453409697072,85.18185091825711,92.63595542990188
EMB,0.30000000000000004,0.8,92.8641829292332,92.00711769619058,91.55226143350458,84.8217500900252,92.67919507733244
EMB,0.30000000000000004,0.9,91.92913385826772,92.10640923277927,91.61964120272889,84.0835433921498,92.76567437219359
EMB,0.4,0.1,94.86470472052143,91.52241455836662,90.11763384710407,86.47821389989197,92.37651754531848
EMB,0.4,0.2,94.6432101205772,91.65932128691054,90.64544203936101,86.20813827871804,92.44636620655247
EMB,0.4,0.30000000000000004,94.38735177865613,91.73852674656533,91.04129818355372,85.9920777817789,92.47962747380674
EMB,0.4,0.4,94.22810832180272,91.79724509875373,91.24624498161094,85.83003240907455,92.51288874106103
EMB,0.4,0.5,93.9909072939316,91.87015539138979,91.35012212583172,85.6139719121354,92.5694328953933
EMB,0.4,0.6000000000000001,93.61912287633346,91.90927924980919,91.4539992700525,85.32589124954988,92.59604190919674
EMB,0.4,0.7000000000000001,93.36885731201895,91.95669548790235,91.50453409697072,85.18185091825711,92.63595542990188
EMB,0.4,0.8,92.8641829292332,92.00711769619058,91.55226143350458,84.8217500900252,92.67919507733244
EMB,0.4,0.9,91.92913385826772,92.10640923277927,91.61964120272889,84.0835433921498,92.76567437219359
EMB,0.5,0.1,94.95449149188761,91.51418623601748,89.98568179903984,86.40619373424559,92.3798436720439
EMB,0.5,0.2,94.73267326732673,91.65134240529606,90.51348999129678,86.13611811307166,92.4496923332779
EMB,0.5,0.30000000000000004,94.47634131855078,91.73069886571533,90.90934613548949,85.92005761613251,92.48295360053218
EMB,0.5,0.4,94.31683168316832,91.78951977813458,91.11429293354671,85.75801224342815,92.51621486778646
EMB,0.5,0.5,94.09784115666469,91.86283798556957,91.21817007776748,85.54195174648902,92.57275902211875
EMB,0.5,0.6000000000000001,93.70670888581041,91.90202358421895,91.3248547123726,85.25387108390349,92.59936803592217
EMB,0.5,0.7000000000000001,93.45591142744168,91.94950707555749,91.37538953929084,85.10983075261073,92.63928155662731
EMB,0.5,0.8,92.95023696682463,92.0,91.42311687582469,84.74972992437883,92.68252120405788
EMB,0.5,0.9,92.04971394752417,92.09942944361667,91.48488166428031,84.01152322650343,92.76900049891901
EMB,0.6000000000000001,0.1,94.86470472052143,91.52241455836662,90.11763384710407,86.47821389989197,92.37651754531848
EMB,0.6000000000000001,0.2,94.6432101205772,91.65932128691054,90.64544203936101,86.20813827871804,92.44636620655247
EMB,0.6000000000000001,0.30000000000000004,94.38735177865613,91.73852674656533,91.04129818355372,85.9920777817789,92.47962747380674
EMB,0.6000000000000001,0.4,94.22810832180272,91.79724509875373,91.24624498161094,85.83003240907455,92.51288874106103
EMB,0.6000000000000001,0.5,93.9909072939316,91.87015539138979,91.35012212583172,85.6139719121354,92.5694328953933
EMB,0.6000000000000001,0.6000000000000001,93.61912287633346,91.90927924980919,91.4539992700525,85.32589124954988,92.59604190919674
EMB,0.6000000000000001,0.7000000000000001,93.36885731201895,91.95669548790235,91.50453409697072,85.18185091825711,92.63595542990188
EMB,0.6000000000000001,0.8,92.8641829292332,92.00711769619058,91.55226143350458,84.8217500900252,92.67919507733244
EMB,0.6000000000000001,0.9,91.92913385826772,92.10640923277927,91.61964120272889,84.0835433921498,92.76567437219359
EMB,0.7000000000000001,0.1,94.86470472052143,91.52241455836662,90.11763384710407,86.47821389989197,92.37651754531848
EMB,0.7000000000000001,0.2,94.6432101205772,91.65932128691054,90.64544203936101,86.20813827871804,92.44636620655247
EMB,0.7000000000000001,0.30000000000000004,94.38735177865613,91.73852674656533,91.04129818355372,85.9920777817789,92.47962747380674
EMB,0.7000000000000001,0.4,94.22810832180272,91.79724509875373,91.24624498161094,85.83003240907455,92.51288874106103
EMB,0.7000000000000001,0.5,93.9909072939316,91.87015539138979,91.35012212583172,85.6139719121354,92.5694328953933
EMB,0.7000000000000001,0.6000000000000001,93.61912287633346,91.90927924980919,91.4539992700525,85.32589124954988,92.59604190919674
EMB,0.7000000000000001,0.7000000000000001,93.36885731201895,91.95669548790235,91.50453409697072,85.18185091825711,92.63595542990188
EMB,0.7000000000000001,0.8,92.8641829292332,92.00711769619058,91.55226143350458,84.8217500900252,92.67919507733244
EMB,0.7000000000000001,0.9,91.92913385826772,92.10640923277927,91.61964120272889,84.0835433921498,92.76567437219359
EMB,0.8,0.1,95.49262066214598,91.08090055400574,85.53019455908364,86.20813827871804,92.4496923332779
EMB,0.8,0.2,95.19249950129662,91.26990291262136,86.36682669361858,85.92005761613251,92.52286712123731
EMB,0.8,0.30000000000000004,94.83960948396096,91.49049429657795,87.92779134731464,85.70399711919337,92.5561283884916
EMB,0.8,0.4,94.56608280254777,91.67102803738317,89.20519947219181,85.54195174648902,92.58938965574588
EMB,0.8,0.5,94.10246227164416,91.85335298452469,90.33381060669868,85.32589124954988,92.64593381007816
EMB,0.8,0.6000000000000001,93.61744301288404,91.95956056790394,91.08621802970325,85.03781058696434,92.67254282388159
EMB,0.8,0.7000000000000001,93.34785191051277,92.02547770700636,91.31643224121957,84.89377025567158,92.71245634458673
EMB,0.8,0.8,92.84302095689996,92.08,91.40627193351862,84.55167446885127,92.7556959920173
EMB,0.8,0.9,91.90523198420533,92.17716735702346,91.48768915466464,83.81346777097588,92.838849160153
EMB,0.9,0.1,95.578231292517,91.07866671913737,85.37297509756029,86.01008282319049,92.45967071345417
EMB,0.9,0.2,95.27716629977986,91.26798910929598,86.20960723209524,85.72200216060497,92.5328455014136
EMB,0.9,0.30000000000000004,94.92304617229662,91.48765996343693,87.7593419242539,85.50594166366582,92.5661067686679
EMB,0.9,0.4,94.6485623003195,91.66697876484027,89.02271259720935,85.34389629096147,92.59936803592217
EMB,0.9,0.5,94.20203227734608,91.84939091915835,90.14570875094753,85.12783579402232,92.65591219025445
EMB,0.9,0.6000000000000001,93.69655995227679,91.95583019488829,90.90092366433645,84.8397551314368,92.68252120405788
EMB,0.9,0.7000000000000001,93.42601787487587,92.02216874498652,91.13394536623713,84.69571480014405,92.72243472476302
EMB,0.9,0.8,92.91947639825466,92.07679137372044,91.22378505853618,84.35361901332374,92.76567437219359
EMB,0.9,0.9,92.01664025356577,92.17441945111742,91.30520227968219,83.63341735685992,92.84882754032928
INH,0.1,0.1,94.42204301075269,98.80707711553927,95.66263771526367,91.61051945229298,98.8683083965583
INH,0.1,0.2,94.26051864584112,98.8493957097623,95.74286019895176,91.37868579294356,98.90645530453949
INH,0.1,0.30000000000000004,94.05962788612419,98.88571937956854,95.7829714407958,91.19756574657684,98.94036366718943
INH,0.1,0.4,93.90836385380074,98.89948315808233,95.79366777195422,91.02369050206477,98.95307930318315
INH,0.1,0.5,93.72572452942934,98.90863735578422,95.83110493100865,90.90777367239006,98.96155639384563
INH,0.1,0.6000000000000001,93.53490108249348,98.91769107429182,95.85784575890469,90.77012243715134,98.97003348450811
INH,0.1,0.7000000000000001,93.32835820895522,98.92233701460634,95.88191250401113,90.60349199449395,98.97427202983936
INH,0.1,0.8,93.09804506790032,98.94057422657467,95.91132741469676,90.39339274070855,98.99122621116433
INH,0.1,0.9,92.70056665672533,98.95420764540964,95.95411273933041,90.07462145910308,99.00394184715805
INH,0.2,0.1,94.42329227323629,98.80387062091211,95.51021499625628,91.63225385785698,98.8683083965583
INH,0.2,0.2,94.26309105848958,98.8481628644136,95.6947267087389,91.42215460407158,98.90645530453949
INH,0.2,0.30000000000000004,94.06228993950258,98.88557036508715,95.79099368916462,91.24103455770485,98.94036366718943
INH,0.2,0.4,93.9115493799492,98.89943412199796,95.80971226869184,91.07440411504746,98.95307930318315
INH,0.2,0.5,93.72900335946248,98.90863735578422,95.84982351053588,90.95848728537274,98.96155639384563
INH,0.2,0.6000000000000001,93.53779568688904,98.91769107429182,95.87389025564231,90.81359124827935,98.97003348450811
INH,0.2,0.7000000000000001,93.33084669899291,98.92233701460634,95.89528291795914,90.6397160037673,98.97427202983936
INH,0.2,0.8,93.10061907958529,98.94057422657467,95.92469782864478,90.42961674998189,98.99122621116433
INH,0.2,0.9,92.70274299344067,98.95420764540964,95.96480907048883,90.10360066652177,99.00394184715805
INH,0.30000000000000004,0.1,94.51952512506533,98.7007601935038,93.85495774949193,91.71194667825834,98.80473021658966
INH,0.30000000000000004,0.2,94.31707863490404,98.77027027027026,95.17328056476629,91.50184742447294,98.84287712457085
INH,0.30000000000000004,0.30000000000000004,94.08253115439148,98.81791417610847,95.7829714407958,91.34246178367022,98.87678548722079
INH,0.30000000000000004,0.4,93.92491977013209,98.83254611888424,95.84180126216708,91.17583134101282,98.88950112321452
INH,0.30000000000000004,0.5,93.74254176610978,98.84202556451254,95.89528291795914,91.0599145113381,98.897978213877
INH,0.30000000000000004,0.6000000000000001,93.55103258033252,98.85108656929106,95.91667558027596,90.90777367239006,98.90645530453949
INH,0.30000000000000004,0.7000000000000001,93.3447607691161,98.85574354407835,95.94074232538239,90.74114322973267,98.91069384987073
INH,0.30000000000000004,0.8,93.11372782829037,98.87840484244258,95.96213498769922,90.51655437223792,98.93188657652694
INH,0.30000000000000004,0.9,92.71508379888267,98.89205303906736,95.99689806396407,90.17604868506847,98.94460221252066
INH,0.4,0.1,94.53759594604665,98.68894838888376,93.80949834206868,91.90755632833442,98.79625312592718
INH,0.4,0.2,94.3491874161324,98.75175888520721,94.78286447748422,91.69021227269434,98.83440003390837
INH,0.4,0.30000000000000004,94.09310986964618,98.80814213016696,95.80436410311263,91.51633702818228,98.8683083965583
INH,0.4,0.4,93.93623361144219,98.82368667290469,95.91132741469676,91.35695138737955,98.88102403255202
INH,0.4,0.5,93.75372245384158,98.83322199955467,95.96480907048883,91.23378975585018,98.88950112321452
INH,0.4,0.6000000000000001,93.5625511646945,98.84228337340814,95.98620173280564,91.08164891690213,98.897978213877
INH,0.4,0.7000000000000001,93.35664335664336,98.84694150120204,96.01026847791208,90.91501847424472,98.90221675920824
INH,0.4,0.8,93.12551149468045,98.86960391633289,96.0289870574393,90.68318481489531,98.92340948586445
INH,0.4,0.9,92.72700230534691,98.88325324790887,96.06107605091454,90.33543432587119,98.93612512185818
INH,0.5,0.1,94.52985074626866,98.68439274338733,93.76136485185582,91.7699050930957,98.79201458059595
INH,0.5,0.2,94.34159450582264,98.74727668845316,94.73740507006096,91.55980583931029,98.83016148857712
INH,0.5,0.30000000000000004,94.08606160041762,98.80373164308351,95.76425286126859,91.40042019850758,98.86406985122706
INH,0.5,0.4,93.92854479003505,98.81928355016932,95.86854209006312,91.23378975585018,98.87678548722079
INH,0.5,0.5,93.74627310673822,98.82882080513004,95.92469782864478,91.11787292617547,98.88526257788327
INH,0.5,0.6000000000000001,93.55487668579092,98.83788236341779,95.9460904909616,90.96573208722741,98.89373966854575
INH,0.5,0.7000000000000001,93.34823091247672,98.84254106753328,95.96748315327842,90.79185684271536,98.897978213877
INH,0.5,0.8,93.11731843575419,98.86520404076366,95.98887581559525,90.5672679852206,98.9191709405332
INH,0.5,0.9,92.71888028588445,98.87885393958268,96.0236388918601,90.22676229805114,98.93188657652694
INH,0.6000000000000001,0.1,94.53800298062593,98.67983751846381,93.81752059043748,91.91480113018909,98.7877760352647
INH,0.6000000000000001,0.2,94.3496086470369,98.74279489856124,94.79088672585303,91.69745707454902,98.82592294324589
INH,0.6000000000000001,0.30000000000000004,94.0935498286906,98.79932154972326,95.81238635148144,91.52358183003695,98.85983130589582
INH,0.6000000000000001,0.4,93.93623361144219,98.81488081978169,95.91667558027596,91.35695138737955,98.87254694188954
INH,0.6000000000000001,0.5,93.75372245384158,98.82442000267177,95.97015723606803,91.23378975585018,98.88102403255202
INH,0.6000000000000001,0.6000000000000001,93.56446692954393,98.83348174532503,96.00224622954326,91.1106281243208,98.88950112321452
INH,0.6000000000000001,0.7000000000000001,93.35861966384054,98.83814102564102,96.0263129746497,90.9439976816634,98.89373966854575
INH,0.6000000000000001,0.8,93.128067826863,98.85640546433498,96.05037971975612,90.71940882416865,98.91069384987073
INH,0.6000000000000001,0.9,92.73024604177506,98.87005649717514,96.08514279602096,90.3789031369992,98.92340948586445
INH,0.7000000000000001,0.1,94.53515246402743,98.69350445501132,93.79077976254145,91.8640875172064,98.80049167125843
INH,0.7000000000000001,0.2,94.34665871121717,98.7562414888788,94.764145897957,91.64674346156633,98.8386385792396
INH,0.7000000000000001,0.30000000000000004,94.09046873835607,98.8125530110263,95.7856455235854,91.47286821705426,98.87254694188954
INH,0.7000000000000001,0.4,93.93306998583886,98.82809018804028,95.88993475237993,91.30623777439688,98.88526257788327
INH,0.7000000000000001,0.5,93.75046554934823,98.83762358599803,95.943416408172,91.18307614286749,98.89373966854575
INH,0.7000000000000001,0.6000000000000001,93.56111359237755,98.84668477534845,95.97550540164723,91.0599145113381,98.90221675920824
INH,0.7000000000000001,0.7000000000000001,93.3561490960494,98.85134232669961,96.00492031233287,90.90777367239006,98.90645530453949
INH,0.7000000000000001,0.8,93.12551149468045,98.86960391633289,96.0289870574393,90.68318481489531,98.92340948586445
INH,0.7000000000000001,0.9,92.72754312908982,98.88325324790887,96.06375013370413,90.34267912772586,98.93612512185818
INH,0.8,0.1,94.53637447823495,98.69350445501132,93.79880201091025,91.88582192277042,98.80049167125843
INH,0.8,0.2,94.3479233465066,98.7562414888788,94.77216814632581,91.66847786713033,98.8386385792396
INH,0.8,0.30000000000000004,94.09178959916555,98.8125530110263,95.79366777195422,91.49460262261827,98.87254694188954
INH,0.8,0.4,93.93442622950819,98.82809018804028,95.89795700074875,91.32797217996088,98.88526257788327
INH,0.8,0.5,93.7518617813524,98.83762358599803,95.95143865654082,91.20481054843151,98.89373966854575
INH,0.8,0.6000000000000001,93.56207204525157,98.84668477534845,95.98085356722645,91.07440411504746,98.90221675920824
INH,0.8,0.7000000000000001,93.35713754370303,98.85134232669961,96.01026847791208,90.9222632760994,98.90645530453949
INH,0.8,0.8,93.12653425574649,98.86960391633289,96.0343352230185,90.69767441860465,98.92340948586445
INH,0.8,0.9,92.72862453531599,98.88325324790887,96.06909829928335,90.3571687314352,98.93612512185818
INH,0.9,0.1,94.5302589359003,98.7618959623025,93.71857952722216,91.77714989495037,98.86406985122706
INH,0.9,0.2,94.34201686944839,98.82352941176471,94.69461974542732,91.56705064116495,98.90221675920824
INH,0.9,0.30000000000000004,94.0847381769357,98.87876351290986,95.71077120547652,91.37868579294356,98.93612512185818
INH,0.9,0.4,93.92763894069377,98.89419003879253,95.81773451706064,91.21930015214083,98.94884075785191
INH,0.9,0.5,93.74487437560576,98.90369446053747,95.87121617285271,91.09613852061146,98.95731784851439
INH,0.9,0.6000000000000001,93.55439642324889,98.9127528740754,95.89795700074875,90.95848728537274,98.96579493917687
INH,0.9,0.7000000000000001,93.34872635185461,98.91740176423416,95.92469782864478,90.79910164457003,98.97003348450811
INH,0.9,0.8,93.1183436359574,98.93564907592963,95.95143865654082,90.58175758892995,98.98698766583308
INH,0.9,0.9,92.72213126953416,98.94928988023686,95.99689806396407,90.27023110917916,98.99970330182681
