,GENBANK_REFERENCE,CATALOGUE_NAME,CATALOGUE_VERSION,CATALOGUE_GRAMMAR,PREDICTION_VALUES,DRUG,MUTATION,PREDICTION,SOURCE,EVIDENCE,OTHER
0,NC00962.3,MXF-0.05-0.95,0.0,GARC1,RUS,MXF,gyrA@S95T,S,{},"{""seeded"": ""True""}",{}
1,NC00962.3,MXF-0.05-0.95,0.0,GARC1,RUS,MXF,gyrA@E21Q,S,{},"{""seeded"": ""True""}",{}
2,NC00962.3,MXF-0.05-0.95,0.0,GARC1,RUS,MXF,gyrA@A384V,S,{},"{""seeded"": ""True""}",{}
3,NC00962.3,MXF-0.05-0.95,0.0,GARC1,RUS,MXF,gyrB@M291I,S,{},"{""seeded"": ""True""}",{}
4,NC00962.3,MXF-0.05-0.95,0.0,GARC1,RUS,MXF,gyrA@G668D,S,{},"{""proportion"": 0.012093212854134113, ""confidence"": [0.010450378636779261, 0.013990654694127608], ""p_value"": 3.914354895128074e-139, ""contingency"": [[178, 14541], [35, 1379]]}",{}
5,NC00962.3,MXF-0.05-0.95,0.0,GARC1,RUS,MXF,gyrA@G247S,S,{},"{""proportion"": 0.00777511961722488, ""confidence"": [0.004549453488885578, 0.01325739731052945], ""p_value"": 3.7477826393788766e-22, ""contingency"": [[13, 1659], [213, 15920]]}",{}
6,NC00962.3,MXF-0.05-0.95,0.0,GARC1,RUS,MXF,gyrA@c-34t,S,{},"{""proportion"": 0.01904761904761905, ""confidence"": [0.008758212091990989, 0.0409262263097378], ""p_value"": 0.008966808461278855, ""contingency"": [[6, 309], [213, 15920]]}",{}
7,NC00962.3,MXF-0.05-0.95,0.0,GARC1,RUS,MXF,gyrB@V301L,S,{},"{""proportion"": 0.0033783783783783786, ""confidence"": [0.000596615880593269, 0.018885209093408514], ""p_value"": 6.889916954048833e-06, ""contingency"": [[1, 295], [213, 15920]]}",{}
8,NC00962.3,MXF-0.05-0.95,0.0,GARC1,RUS,MXF,gyrA@Q613E,S,{},"{""proportion"": 0.007326007326007326, ""confidence"": [0.0020113598923681996, 0.026313367386911583], ""p_value"": 0.00022452111412450565, ""contingency"": [[2, 271], [213, 15920]]}",{}
9,NC00962.3,MXF-0.05-0.95,0.0,GARC1,RUS,MXF,gyrB@P94L,S,{},"{""proportion"": 0.0055147058823529415, ""confidence"": [0.0018772332220393362, 0.016086830399358088], ""p_value"": 5.5802071660207175e-09, ""contingency"": [[3, 541], [213, 15920]]}",{}
10,NC00962.3,MXF-0.05-0.95,0.0,GARC1,RUS,MXF,gyrA@R252L,S,{},"{""proportion"": 0.0, ""confidence"": [0.0, 0.04751842528243408], ""p_value"": 0.033874092543894924, ""contingency"": [[0, 77], [238, 19002]]}",{}
673,NC00962.3,MXF-0.05-0.95,0.0,GARC1,RUS,MXF,gyrA@*=,S,{},"{""default_rule"": ""True""}",{}
679,NC00962.3,MXF-0.05-0.95,0.0,GARC1,RUS,MXF,gyrB@*=,S,{},"{""default_rule"": ""True""}",{}
11,NC00962.3,MXF-0.05-0.95,0.0,GARC1,RUS,MXF,gyrA@S91P,R,{},"{""proportion"": 0.6798029556650246, ""confidence"": [0.6127947149443526, 0.7401325967087814], ""p_value"": 1.194939708777417e-127, ""contingency"": [[138, 65], [238, 19079]]}",{}
12,NC00962.3,MXF-0.05-0.95,0.0,GARC1,RUS,MXF,gyrA@D94G,R,{},"{""proportion"": 0.8112244897959183, ""confidence"": [0.7922937900563931, 0.8288026292641847], ""p_value"": 0.0, ""contingency"": [[1431, 333], [238, 19079]]}",{}
14,NC00962.3,MXF-0.05-0.95,0.0,GARC1,RUS,MXF,gyrA@D94A,R,{},"{""proportion"": 0.5574712643678161, ""confidence"": [0.5049412808354087, 0.6087462878043771], ""p_value"": 3.7985281014042397e-154, ""contingency"": [[194, 154], [238, 19079]]}",{}
15,NC00962.3,MXF-0.05-0.95,0.0,GARC1,RUS,MXF,gyrA@D89G,R,{},"{""proportion"": 0.4, ""confidence"": [0.11762077423264786, 0.769275718723987], ""p_value"": 0.022592499999999995, ""contingency"": [[2, 3], [238, 19079]]}",{}
16,NC00962.3,MXF-0.05-0.95,0.0,GARC1,RUS,MXF,gyrA@A288D,R,{},"{""proportion"": 0.35714285714285715, ""confidence"": [0.1634473175355414, 0.612355768960926], ""p_value"": 0.0004273904708776152, ""contingency"": [[5, 9], [238, 19079]]}",{}
17,NC00962.3,MXF-0.05-0.95,0.0,GARC1,RUS,MXF,gyrA@D94N,R,{},"{""proportion"": 0.8430769230769231, ""confidence"": [0.7995528052263227, 0.8785855317088452], ""p_value"": 3.1751489482832686e-298, ""contingency"": [[274, 51], [238, 19079]]}",{}
19,NC00962.3,MXF-0.05-0.95,0.0,GARC1,RUS,MXF,gyrB@E501D,R,{},"{""proportion"": 0.717391304347826, ""confidence"": [0.5745143876945409, 0.8267579761812937], ""p_value"": 6.206270334483708e-33, ""contingency"": [[33, 13], [238, 19079]]}",{}
20,NC00962.3,MXF-0.05-0.95,0.0,GARC1,RUS,MXF,gyrA@D94Y,R,{},"{""proportion"": 0.7868020304568528, ""confidence"": [0.7244084852131295, 0.8382243529643874], ""p_value"": 3.831261160334252e-160, ""contingency"": [[155, 42], [238, 19079]]}",{}
21,NC00962.3,MXF-0.05-0.95,0.0,GARC1,RUS,MXF,gyrA@G88C,R,{},"{""proportion"": 0.8823529411764706, ""confidence"": [0.7661915568567753, 0.9449492632208183], ""p_value"": 3.788614434037204e-52, ""contingency"": [[45, 6], [238, 19079]]}",{}
22,NC00962.3,MXF-0.05-0.95,0.0,GARC1,RUS,MXF,gyrA@A90V,R,{},"{""proportion"": 0.5214723926380368, ""confidence"": [0.4901421149683823, 0.5526346486553975], ""p_value"": 0.0, ""contingency"": [[510, 468], [238, 19079]]}",{}
26,NC00962.3,MXF-0.05-0.95,0.0,GARC1,RUS,MXF,gyrB@N499D,R,{},"{""proportion"": 0.8, ""confidence"": [0.4901624715366418, 0.9433178485456247], ""p_value"": 1.6050781250000006e-09, ""contingency"": [[8, 2], [238, 19079]]}",{}
27,NC00962.3,MXF-0.05-0.95,0.0,GARC1,RUS,MXF,gyrA@D94H,R,{},"{""proportion"": 0.7746478873239436, ""confidence"": [0.6648482440200115, 0.8562533033647951], ""p_value"": 3.9706662056286495e-57, ""contingency"": [[55, 16], [238, 19079]]}",{}
30,NC00962.3,MXF-0.05-0.95,0.0,GARC1,RUS,MXF,gyrB@T500A,R,{},"{""proportion"": 0.42857142857142855, ""confidence"": [0.15821985525146973, 0.7495416354723429], ""p_value"": 0.003757042968749998, ""contingency"": [[3, 4], [238, 19079]]}",{}
35,NC00962.3,MXF-0.05-0.95,0.0,GARC1,RUS,MXF,gyrA@G88A,R,{},"{""proportion"": 0.1875, ""confidence"": [0.06591599071428139, 0.43008880961974144], ""p_value"": 0.04293785348577261, ""contingency"": [[3, 13], [238, 19079]]}",{}
55,NC00962.3,MXF-0.05-0.95,0.0,GARC1,RUS,MXF,gyrB@R446C,R,{},"{""proportion"": 0.21739130434782608, ""confidence"": [0.09663978026586202, 0.4190348301626401], ""p_value"": 0.004930342414473042, ""contingency"": [[5, 18], [238, 19079]]}",{}
89,NC00962.3,MXF-0.05-0.95,0.0,GARC1,RUS,MXF,gyrB@S447F,R,{},"{""proportion"": 0.25, ""confidence"": [0.10182067491213048, 0.4949831653550878], ""p_value"": 0.007003907656207287, ""contingency"": [[4, 12], [238, 19079]]}",{}
94,NC00962.3,MXF-0.05-0.95,0.0,GARC1,RUS,MXF,gyrA@D89N,R,{},"{""proportion"": 0.6666666666666666, ""confidence"": [0.41713547738519774, 0.8482367556028527], ""p_value"": 2.3244544976806647e-10, ""contingency"": [[10, 5], [238, 19079]]}",{}
156,NC00962.3,MXF-0.05-0.95,0.0,GARC1,RUS,MXF,gyrB@N499T,R,{},"{""proportion"": 0.3333333333333333, ""confidence"": [0.1205838183869109, 0.6457978644196036], ""p_value"": 0.008361039546874997, ""contingency"": [[3, 6], [238, 19079]]}",{}
158,NC00962.3,MXF-0.05-0.95,0.0,GARC1,RUS,MXF,gyrB@T500N,R,{},"{""proportion"": 0.4666666666666667, ""confidence"": [0.24809535365737387, 0.698830199745016], ""p_value"": 3.51819989673471e-06, ""contingency"": [[7, 8], [238, 19079]]}",{}
194,NC00962.3,MXF-0.05-0.95,0.0,GARC1,RUS,MXF,gyrB@P578S,R,{},"{""proportion"": 1.0, ""confidence"": [0.20654931437723742, 1.0], ""p_value"": 0.05, ""contingency"": [[1, 0], [238, 19079]]}",{}
209,NC00962.3,MXF-0.05-0.95,0.0,GARC1,RUS,MXF,gyrB@P243S,R,{},"{""proportion"": 1.0, ""confidence"": [0.20654931437723742, 1.0], ""p_value"": 0.05, ""contingency"": [[1, 0], [238, 19079]]}",{}
211,NC00962.3,MXF-0.05-0.95,0.0,GARC1,RUS,MXF,gyrB@S447Y,R,{},"{""proportion"": 0.3333333333333333, ""confidence"": [0.09677141110578043, 0.7000066848616079], ""p_value"": 0.032773828124999994, ""contingency"": [[2, 4], [238, 19079]]}",{}
215,NC00962.3,MXF-0.05-0.95,0.0,GARC1,RUS,MXF,gyrA@V596M,R,{},"{""proportion"": 1.0, ""confidence"": [0.20654931437723742, 1.0], ""p_value"": 0.05, ""contingency"": [[1, 0], [238, 19079]]}",{}
228,NC00962.3,MXF-0.05-0.95,0.0,GARC1,RUS,MXF,gyrB@R553G,R,{},"{""proportion"": 1.0, ""confidence"": [0.20654931437723742, 1.0], ""p_value"": 0.05, ""contingency"": [[1, 0], [238, 19079]]}",{}
301,NC00962.3,MXF-0.05-0.95,0.0,GARC1,RUS,MXF,gyrB@N499K,R,{},"{""proportion"": 1.0, ""confidence"": [0.20654931437723742, 1.0], ""p_value"": 0.05, ""contingency"": [[1, 0], [238, 19079]]}",{}
302,NC00962.3,MXF-0.05-0.95,0.0,GARC1,RUS,MXF,gyrA@L105R,R,{},"{""proportion"": 1.0, ""confidence"": [0.20654931437723742, 1.0], ""p_value"": 0.05, ""contingency"": [[1, 0], [238, 19079]]}",{}
323,NC00962.3,MXF-0.05-0.95,0.0,GARC1,RUS,MXF,gyrB@L509P,R,{},"{""proportion"": 1.0, ""confidence"": [0.20654931437723742, 1.0], ""p_value"": 0.05, ""contingency"": [[1, 0], [238, 19079]]}",{}
329,NC00962.3,MXF-0.05-0.95,0.0,GARC1,RUS,MXF,gyrA@H490R,R,{},"{""proportion"": 1.0, ""confidence"": [0.20654931437723742, 1.0], ""p_value"": 0.05, ""contingency"": [[1, 0], [238, 19079]]}",{}
337,NC00962.3,MXF-0.05-0.95,0.0,GARC1,RUS,MXF,gyrA@A689V,R,{},"{""proportion"": 1.0, ""confidence"": [0.20654931437723742, 1.0], ""p_value"": 0.05, ""contingency"": [[1, 0], [238, 19079]]}",{}
359,NC00962.3,MXF-0.05-0.95,0.0,GARC1,RUS,MXF,gyrA@A126S,R,{},"{""proportion"": 0.5, ""confidence"": [0.15003898915214947, 0.8499610108478506], ""p_value"": 0.014018749999999998, ""contingency"": [[2, 2], [238, 19079]]}",{}
426,NC00962.3,MXF-0.05-0.95,0.0,GARC1,RUS,MXF,gyrB@A618D,R,{},"{""proportion"": 1.0, ""confidence"": [0.20654931437723742, 1.0], ""p_value"": 0.05, ""contingency"": [[1, 0], [238, 19079]]}",{}
428,NC00962.3,MXF-0.05-0.95,0.0,GARC1,RUS,MXF,gyrA@D94F,R,{},"{""proportion"": 1.0, ""confidence"": [0.20654931437723742, 1.0], ""p_value"": 0.05, ""contingency"": [[1, 0], [238, 19079]]}",{}
470,NC00962.3,MXF-0.05-0.95,0.0,GARC1,RUS,MXF,gyrB@N499Y,R,{},"{""proportion"": 1.0, ""confidence"": [0.20654931437723742, 1.0], ""p_value"": 0.05, ""contingency"": [[1, 0], [238, 19079]]}",{}
562,NC00962.3,MXF-0.05-0.95,0.0,GARC1,RUS,MXF,gyrB@I485V,R,{},"{""proportion"": 1.0, ""confidence"": [0.20654931437723742, 1.0], ""p_value"": 0.05, ""contingency"": [[1, 0], [238, 19079]]}",{}
617,NC00962.3,MXF-0.05-0.95,0.0,GARC1,RUS,MXF,gyrA@D94L,R,{},"{""proportion"": 1.0, ""confidence"": [0.20654931437723742, 1.0], ""p_value"": 0.05, ""contingency"": [[1, 0], [238, 19079]]}",{}
626,NC00962.3,MXF-0.05-0.95,0.0,GARC1,RUS,MXF,gyrA@G88D,R,{},"{""proportion"": 1.0, ""confidence"": [0.20654931437723742, 1.0], ""p_value"": 0.05, ""contingency"": [[1, 0], [238, 19079]]}",{}
649,NC00962.3,MXF-0.05-0.95,0.0,GARC1,RUS,MXF,gyrA@t-22c,R,{},"{""proportion"": 1.0, ""confidence"": [0.20654931437723742, 1.0], ""p_value"": 0.05, ""contingency"": [[1, 0], [238, 19079]]}",{}
13,NC00962.3,MXF-0.05-0.95,0.0,GARC1,RUS,MXF,gyrA@T5A,U,{},"{""proportion"": 0.058823529411764705, ""confidence"": [0.01046040098499759, 0.269820306375754], ""p_value"": 0.5818796647808225, ""contingency"": [[1, 16], [238, 19079]]}",{}
18,NC00962.3,MXF-0.05-0.95,0.0,GARC1,RUS,MXF,gyrA@P136T,U,{},"{""proportion"": 0.0, ""confidence"": [0.0, 0.7934506856227626], ""p_value"": 1.0, ""contingency"": [[0, 1], [238, 19079]]}",{}
23,NC00962.3,MXF-0.05-0.95,0.0,GARC1,RUS,MXF,gyrA@L296P,U,{},"{""proportion"": 0.0, ""confidence"": [0.0, 0.1843181350088518], ""p_value"": 1.0, ""contingency"": [[0, 17], [238, 19079]]}",{}
24,NC00962.3,MXF-0.05-0.95,0.0,GARC1,RUS,MXF,gyrB@I84V,U,{},"{""proportion"": 0.0, ""confidence"": [0.0, 0.16817922405261626], ""p_value"": 1.0, ""contingency"": [[0, 19], [238, 19079]]}",{}
25,NC00962.3,MXF-0.05-0.95,0.0,GARC1,RUS,MXF,gyrA@A463S,U,{},"{""proportion"": 0.026143790849673203, ""confidence"": [0.01021273959970401, 0.06528680567187906], ""p_value"": 0.2607003371467175, ""contingency"": [[4, 149], [238, 19079]]}",{}
28,NC00962.3,MXF-0.05-0.95,0.0,GARC1,RUS,MXF,gyrA@P190T,U,{},"{""proportion"": 0.0, ""confidence"": [0.0, 0.7934506856227626], ""p_value"": 1.0, ""contingency"": [[0, 1], [238, 19079]]}",{}
29,NC00962.3,MXF-0.05-0.95,0.0,GARC1,RUS,MXF,gyrB@V630I,U,{},"{""proportion"": 0.0, ""confidence"": [3.384324554477539e-17, 0.39033428790216534], ""p_value"": 1.0, ""contingency"": [[0, 6], [238, 19079]]}",{}
31,NC00962.3,MXF-0.05-0.95,0.0,GARC1,RUS,MXF,gyrA@g-19t,U,{},"{""proportion"": 0.0, ""confidence"": [0.0, 0.2991450484195441], ""p_value"": 1.0, ""contingency"": [[0, 9], [238, 19079]]}",{}
32,NC00962.3,MXF-0.05-0.95,0.0,GARC1,RUS,MXF,gyrA@I15V,U,{},"{""proportion"": 0.0, ""confidence"": [0.0, 0.4898908364545973], ""p_value"": 1.0, ""contingency"": [[0, 4], [238, 19079]]}",{}
33,NC00962.3,MXF-0.05-0.95,0.0,GARC1,RUS,MXF,gyrB@D461N,U,{},"{""proportion"": 0.1, ""confidence"": [0.03459988874733419, 0.2562108257918408], ""p_value"": 0.18782118685303928, ""contingency"": [[3, 27], [238, 19079]]}",{}
34,NC00962.3,MXF-0.05-0.95,0.0,GARC1,RUS,MXF,gyrB@P628A,U,{},"{""proportion"": 0.0, ""confidence"": [3.384324554477539e-17, 0.39033428790216534], ""p_value"": 1.0, ""contingency"": [[0, 6], [238, 19079]]}",{}
36,NC00962.3,MXF-0.05-0.95,0.0,GARC1,RUS,MXF,gyrB@K498R,U,{},"{""proportion"": 0.0, ""confidence"": [0.0, 0.7934506856227626], ""p_value"": 1.0, ""contingency"": [[0, 1], [238, 19079]]}",{}
37,NC00962.3,MXF-0.05-0.95,0.0,GARC1,RUS,MXF,gyrB@A504V,U,{},"{""proportion"": 0.1111111111111111, ""confidence"": [0.019890887638544918, 0.434999705576656], ""p_value"": 0.36975059027539064, ""contingency"": [[1, 8], [238, 19079]]}",{}
38,NC00962.3,MXF-0.05-0.95,0.0,GARC1,RUS,MXF,gyrA@S728L,U,{},"{""proportion"": 0.0, ""confidence"": [0.0, 0.4898908364545973], ""p_value"": 1.0, ""contingency"": [[0, 4], [238, 19079]]}",{}
39,NC00962.3,MXF-0.05-0.95,0.0,GARC1,RUS,MXF,gyrA@N193S,U,{},"{""proportion"": 0.0, ""confidence"": [0.0, 0.09180986822558396], ""p_value"": 0.2627766189020088, ""contingency"": [[0, 38], [238, 19079]]}",{}
40,NC00962.3,MXF-0.05-0.95,0.0,GARC1,RUS,MXF,gyrA@E214D,U,{},"{""proportion"": 0.07692307692307693, ""confidence"": [0.013710421242556585, 0.3331395092109959], ""p_value"": 0.48665791672049485, ""contingency"": [[1, 12], [238, 19079]]}",{}
41,NC00962.3,MXF-0.05-0.95,0.0,GARC1,RUS,MXF,gyrB@A403S,U,{},"{""proportion"": 0.0, ""confidence"": [0.0, 0.11025539546043596], ""p_value"": 0.4046598494845886, ""contingency"": [[0, 31], [238, 19079]]}",{}
42,NC00962.3,MXF-0.05-0.95,0.0,GARC1,RUS,MXF,gyrA@F640V,U,{},"{""proportion"": 0.0, ""confidence"": [0.0, 0.7934506856227626], ""p_value"": 1.0, ""contingency"": [[0, 1], [238, 19079]]}",{}
43,NC00962.3,MXF-0.05-0.95,0.0,GARC1,RUS,MXF,gyrA@T80A,U,{},"{""proportion"": 0.0, ""confidence"": [0.0, 0.2588329669680317], ""p_value"": 1.0, ""contingency"": [[0, 11], [238, 19079]]}",{}
44,NC00962.3,MXF-0.05-0.95,0.0,GARC1,RUS,MXF,gyrB@R446H,U,{},"{""proportion"": 0.1111111111111111, ""confidence"": [0.031019522645612366, 0.32799765130178804], ""p_value"": 0.2264773798445215, ""contingency"": [[2, 16], [238, 19079]]}",{}
45,NC00962.3,MXF-0.05-0.95,0.0,GARC1,RUS,MXF,gyrA@V768A,U,{},"{""proportion"": 0.0, ""confidence"": [0.0, 0.7934506856227626], ""p_value"": 1.0, ""contingency"": [[0, 1], [238, 19079]]}",{}
46,NC00962.3,MXF-0.05-0.95,0.0,GARC1,RUS,MXF,gyrA@R578Q,U,{},"{""proportion"": 0.05555555555555555, ""confidence"": [0.009875190978303089, 0.25757300781872594], ""p_value"": 0.6027856815417814, ""contingency"": [[1, 17], [238, 19079]]}",{}
47,NC00962.3,MXF-0.05-0.95,0.0,GARC1,RUS,MXF,gyrB@P439A,U,{},"{""proportion"": 0.0, ""confidence"": [0.0, 0.7934506856227626], ""p_value"": 1.0, ""contingency"": [[0, 1], [238, 19079]]}",{}
48,NC00962.3,MXF-0.05-0.95,0.0,GARC1,RUS,MXF,gyrB@S661T,U,{},"{""proportion"": 0.0, ""confidence"": [4.8683609171202235e-17, 0.5614970317550455], ""p_value"": 1.0, ""contingency"": [[0, 3], [238, 19079]]}",{}
49,NC00962.3,MXF-0.05-0.95,0.0,GARC1,RUS,MXF,gyrA@P741L,U,{},"{""proportion"": 0.0, ""confidence"": [0.0, 0.7934506856227626], ""p_value"": 1.0, ""contingency"": [[0, 1], [238, 19079]]}",{}
50,NC00962.3,MXF-0.05-0.95,0.0,GARC1,RUS,MXF,gyrA@Q573H,U,{},"{""proportion"": 0.0, ""confidence"": [0.0, 0.7934506856227626], ""p_value"": 1.0, ""contingency"": [[0, 1], [238, 19079]]}",{}
51,NC00962.3,MXF-0.05-0.95,0.0,GARC1,RUS,MXF,gyrA@A175G,U,{},"{""proportion"": 0.0, ""confidence"": [0.0, 0.7934506856227626], ""p_value"": 1.0, ""contingency"": [[0, 1], [238, 19079]]}",{}
52,NC00962.3,MXF-0.05-0.95,0.0,GARC1,RUS,MXF,gyrA@V624L,U,{},"{""proportion"": 0.0, ""confidence"": [4.8683609171202235e-17, 0.5614970317550455], ""p_value"": 1.0, ""contingency"": [[0, 3], [238, 19079]]}",{}
53,NC00962.3,MXF-0.05-0.95,0.0,GARC1,RUS,MXF,gyrB@K452N,U,{},"{""proportion"": 0.0, ""confidence"": [0.0, 0.7934506856227626], ""p_value"": 1.0, ""contingency"": [[0, 1], [238, 19079]]}",{}
54,NC00962.3,MXF-0.05-0.95,0.0,GARC1,RUS,MXF,gyrB@G512R,U,{},"{""proportion"": 0.07142857142857142, ""confidence"": [0.012722215247890944, 0.31468704424151117], ""p_value"": 0.5123250208844701, ""contingency"": [[1, 13], [238, 19079]]}",{}
56,NC00962.3,MXF-0.05-0.95,0.0,GARC1,RUS,MXF,gyrA@D829E,U,{},"{""proportion"": 0.0, ""confidence"": [0.0, 0.4898908364545973], ""p_value"": 1.0, ""contingency"": [[0, 4], [238, 19079]]}",{}
57,NC00962.3,MXF-0.05-0.95,0.0,GARC1,RUS,MXF,gyrB@I607V,U,{},"{""proportion"": 0.0, ""confidence"": [0.0, 0.6576197724933469], ""p_value"": 1.0, ""contingency"": [[0, 2], [238, 19079]]}",{}
58,NC00962.3,MXF-0.05-0.95,0.0,GARC1,RUS,MXF,gyrA@R252G,U,{},"{""proportion"": 0.0, ""confidence"": [0.0, 0.7934506856227626], ""p_value"": 1.0, ""contingency"": [[0, 1], [238, 19079]]}",{}
59,NC00962.3,MXF-0.05-0.95,0.0,GARC1,RUS,MXF,gyrA@E140G,U,{},"{""proportion"": 0.0, ""confidence"": [0.0, 0.7934506856227626], ""p_value"": 1.0, ""contingency"": [[0, 1], [238, 19079]]}",{}
60,NC00962.3,MXF-0.05-0.95,0.0,GARC1,RUS,MXF,gyrB@T37S,U,{},"{""proportion"": 0.0, ""confidence"": [0.0, 0.7934506856227626], ""p_value"": 1.0, ""contingency"": [[0, 1], [238, 19079]]}",{}
61,NC00962.3,MXF-0.05-0.95,0.0,GARC1,RUS,MXF,gyrB@C388G,U,{},"{""proportion"": 0.0, ""confidence"": [0.0, 0.6576197724933469], ""p_value"": 1.0, ""contingency"": [[0, 2], [238, 19079]]}",{}
62,NC00962.3,MXF-0.05-0.95,0.0,GARC1,RUS,MXF,gyrB@D225G,U,{},"{""proportion"": 0.0, ""confidence"": [0.0, 0.6576197724933469], ""p_value"": 1.0, ""contingency"": [[0, 2], [238, 19079]]}",{}
63,NC00962.3,MXF-0.05-0.95,0.0,GARC1,RUS,MXF,gyrA@N282K,U,{},"{""proportion"": 0.0, ""confidence"": [0.0, 0.4898908364545973], ""p_value"": 1.0, ""contingency"": [[0, 4], [238, 19079]]}",{}
64,NC00962.3,MXF-0.05-0.95,0.0,GARC1,RUS,MXF,gyrB@A78V,U,{},"{""proportion"": 0.0, ""confidence"": [0.0, 0.7934506856227626], ""p_value"": 1.0, ""contingency"": [[0, 1], [238, 19079]]}",{}
65,NC00962.3,MXF-0.05-0.95,0.0,GARC1,RUS,MXF,gyrB@P439R,U,{},"{""proportion"": 0.0, ""confidence"": [0.0, 0.7934506856227626], ""p_value"": 1.0, ""contingency"": [[0, 1], [238, 19079]]}",{}
66,NC00962.3,MXF-0.05-0.95,0.0,GARC1,RUS,MXF,gyrB@T170M,U,{},"{""proportion"": 0.0, ""confidence"": [0.0, 0.6576197724933469], ""p_value"": 1.0, ""contingency"": [[0, 2], [238, 19079]]}",{}
67,NC00962.3,MXF-0.05-0.95,0.0,GARC1,RUS,MXF,gyrB@c-87g,U,{},"{""proportion"": 0.0, ""confidence"": [0.0, 0.6576197724933469], ""p_value"": 1.0, ""contingency"": [[0, 2], [238, 19079]]}",{}
68,NC00962.3,MXF-0.05-0.95,0.0,GARC1,RUS,MXF,gyrA@E459K,U,{},"{""proportion"": 0.0, ""confidence"": [0.0, 0.7934506856227626], ""p_value"": 1.0, ""contingency"": [[0, 1], [238, 19079]]}",{}
69,NC00962.3,MXF-0.05-0.95,0.0,GARC1,RUS,MXF,gyrB@T664I,U,{},"{""proportion"": 0.0, ""confidence"": [0.0, 0.4898908364545973], ""p_value"": 1.0, ""contingency"": [[0, 4], [238, 19079]]}",{}
70,NC00962.3,MXF-0.05-0.95,0.0,GARC1,RUS,MXF,gyrA@V235A,U,{},"{""proportion"": 0.0, ""confidence"": [0.0, 0.7934506856227626], ""p_value"": 1.0, ""contingency"": [[0, 1], [238, 19079]]}",{}
71,NC00962.3,MXF-0.05-0.95,0.0,GARC1,RUS,MXF,gyrA@F569C,U,{},"{""proportion"": 0.0, ""confidence"": [0.0, 0.7934506856227626], ""p_value"": 1.0, ""contingency"": [[0, 1], [238, 19079]]}",{}
72,NC00962.3,MXF-0.05-0.95,0.0,GARC1,RUS,MXF,gyrA@R26H,U,{},"{""proportion"": 0.0, ""confidence"": [0.0, 0.7934506856227626], ""p_value"": 1.0, ""contingency"": [[0, 1], [238, 19079]]}",{}
73,NC00962.3,MXF-0.05-0.95,0.0,GARC1,RUS,MXF,gyrA@A787G,U,{},"{""proportion"": 0.0, ""confidence"": [0.0, 0.43448246478317476], ""p_value"": 1.0, ""contingency"": [[0, 5], [238, 19079]]}",{}
74,NC00962.3,MXF-0.05-0.95,0.0,GARC1,RUS,MXF,gyrB@D216G,U,{},"{""proportion"": 0.0, ""confidence"": [0.0, 0.7934506856227626], ""p_value"": 1.0, ""contingency"": [[0, 1], [238, 19079]]}",{}
75,NC00962.3,MXF-0.05-0.95,0.0,GARC1,RUS,MXF,gyrB@A398V,U,{},"{""proportion"": 0.0, ""confidence"": [3.584186086443356e-17, 0.3543304350666874], ""p_value"": 1.0, ""contingency"": [[0, 7], [238, 19079]]}",{}
76,NC00962.3,MXF-0.05-0.95,0.0,GARC1,RUS,MXF,gyrA@E412A,U,{},"{""proportion"": 0.0, ""confidence"": [0.0, 0.6576197724933469], ""p_value"": 1.0, ""contingency"": [[0, 2], [238, 19079]]}",{}
77,NC00962.3,MXF-0.05-0.95,0.0,GARC1,RUS,MXF,gyrA@V783M,U,{},"{""proportion"": 0.0, ""confidence"": [0.0, 0.4898908364545973], ""p_value"": 1.0, ""contingency"": [[0, 4], [238, 19079]]}",{}
78,NC00962.3,MXF-0.05-0.95,0.0,GARC1,RUS,MXF,gyrB@P343S,U,{},"{""proportion"": 0.0, ""confidence"": [0.0, 0.7934506856227626], ""p_value"": 1.0, ""contingency"": [[0, 1], [238, 19079]]}",{}
79,NC00962.3,MXF-0.05-0.95,0.0,GARC1,RUS,MXF,gyrA@S642C,U,{},"{""proportion"": 0.0, ""confidence"": [0.0, 0.6576197724933469], ""p_value"": 1.0, ""contingency"": [[0, 2], [238, 19079]]}",{}
80,NC00962.3,MXF-0.05-0.95,0.0,GARC1,RUS,MXF,gyrA@N282T,U,{},"{""proportion"": 0.0, ""confidence"": [0.0, 0.7934506856227626], ""p_value"": 1.0, ""contingency"": [[0, 1], [238, 19079]]}",{}
81,NC00962.3,MXF-0.05-0.95,0.0,GARC1,RUS,MXF,gyrA@G236V,U,{},"{""proportion"": 0.0, ""confidence"": [0.0, 0.7934506856227626], ""p_value"": 1.0, ""contingency"": [[0, 1], [238, 19079]]}",{}
82,NC00962.3,MXF-0.05-0.95,0.0,GARC1,RUS,MXF,gyrA@R392H,U,{},"{""proportion"": 0.0, ""confidence"": [0.0, 0.6576197724933469], ""p_value"": 1.0, ""contingency"": [[0, 2], [238, 19079]]}",{}
83,NC00962.3,MXF-0.05-0.95,0.0,GARC1,RUS,MXF,gyrA@R789H,U,{},"{""proportion"": 0.0, ""confidence"": [0.0, 0.7934506856227626], ""p_value"": 1.0, ""contingency"": [[0, 1], [238, 19079]]}",{}
84,NC00962.3,MXF-0.05-0.95,0.0,GARC1,RUS,MXF,gyrA@E148D,U,{},"{""proportion"": 0.0, ""confidence"": [0.0, 0.7934506856227626], ""p_value"": 1.0, ""contingency"": [[0, 1], [238, 19079]]}",{}
85,NC00962.3,MXF-0.05-0.95,0.0,GARC1,RUS,MXF,gyrA@S506N,U,{},"{""proportion"": 0.0, ""confidence"": [0.0, 0.7934506856227626], ""p_value"": 1.0, ""contingency"": [[0, 1], [238, 19079]]}",{}
86,NC00962.3,MXF-0.05-0.95,0.0,GARC1,RUS,MXF,gyrB@N499S,U,{},"{""proportion"": 0.16666666666666666, ""confidence"": [0.030053369748306632, 0.5635028221864702], ""p_value"": 0.264908109375, ""contingency"": [[1, 5], [238, 19079]]}",{}
87,NC00962.3,MXF-0.05-0.95,0.0,GARC1,RUS,MXF,gyrB@A90G,U,{},"{""proportion"": 0.0, ""confidence"": [3.584186086443356e-17, 0.3543304350666874], ""p_value"": 1.0, ""contingency"": [[0, 7], [238, 19079]]}",{}
88,NC00962.3,MXF-0.05-0.95,0.0,GARC1,RUS,MXF,gyrB@V75G,U,{},"{""proportion"": 0.0, ""confidence"": [0.0, 0.7934506856227626], ""p_value"": 1.0, ""contingency"": [[0, 1], [238, 19079]]}",{}
90,NC00962.3,MXF-0.05-0.95,0.0,GARC1,RUS,MXF,gyrA@T836R,U,{},"{""proportion"": 0.3333333333333333, ""confidence"": [0.061491944720396215, 0.7923403991979523], ""p_value"": 0.14262499999999997, ""contingency"": [[1, 2], [238, 19079]]}",{}
91,NC00962.3,MXF-0.05-0.95,0.0,GARC1,RUS,MXF,gyrA@P154R,U,{},"{""proportion"": 0.0, ""confidence"": [0.0, 0.2991450484195441], ""p_value"": 1.0, ""contingency"": [[0, 9], [238, 19079]]}",{}
92,NC00962.3,MXF-0.05-0.95,0.0,GARC1,RUS,MXF,gyrA@P472S,U,{},"{""proportion"": 0.0, ""confidence"": [0.0, 0.08200980322579117], ""p_value"": 0.2767817749103102, ""contingency"": [[0, 43], [238, 19079]]}",{}
93,NC00962.3,MXF-0.05-0.95,0.0,GARC1,RUS,MXF,gyrA@D467H,U,{},"{""proportion"": 0.0, ""confidence"": [0.0, 0.6576197724933469], ""p_value"": 1.0, ""contingency"": [[0, 2], [238, 19079]]}",{}
95,NC00962.3,MXF-0.05-0.95,0.0,GARC1,RUS,MXF,gyrA@E808Q,U,{},"{""proportion"": 0.0, ""confidence"": [0.0, 0.6576197724933469], ""p_value"": 1.0, ""contingency"": [[0, 2], [238, 19079]]}",{}
96,NC00962.3,MXF-0.05-0.95,0.0,GARC1,RUS,MXF,gyrA@S95A,U,{},"{""proportion"": 0.0, ""confidence"": [0.0, 0.7934506856227626], ""p_value"": 1.0, ""contingency"": [[0, 1], [238, 19079]]}",{}
97,NC00962.3,MXF-0.05-0.95,0.0,GARC1,RUS,MXF,gyrA@Q277R,U,{},"{""proportion"": 0.0, ""confidence"": [0.0, 0.6576197724933469], ""p_value"": 1.0, ""contingency"": [[0, 2], [238, 19079]]}",{}
98,NC00962.3,MXF-0.05-0.95,0.0,GARC1,RUS,MXF,gyrA@I189M,U,{},"{""proportion"": 0.0, ""confidence"": [0.0, 0.7934506856227626], ""p_value"": 1.0, ""contingency"": [[0, 1], [238, 19079]]}",{}
99,NC00962.3,MXF-0.05-0.95,0.0,GARC1,RUS,MXF,gyrB@I34V,U,{},"{""proportion"": 0.0, ""confidence"": [0.0, 0.32440756488388023], ""p_value"": 1.0, ""contingency"": [[0, 8], [238, 19079]]}",{}
100,NC00962.3,MXF-0.05-0.95,0.0,GARC1,RUS,MXF,gyrB@A644D,U,{},"{""proportion"": 0.0, ""confidence"": [3.384324554477539e-17, 0.39033428790216534], ""p_value"": 1.0, ""contingency"": [[0, 6], [238, 19079]]}",{}
101,NC00962.3,MXF-0.05-0.95,0.0,GARC1,RUS,MXF,gyrA@H368Q,U,{},"{""proportion"": 0.0, ""confidence"": [1.2029374011637166e-17, 0.1331922509390485], ""p_value"": 0.6350137195765337, ""contingency"": [[0, 25], [238, 19079]]}",{}
102,NC00962.3,MXF-0.05-0.95,0.0,GARC1,RUS,MXF,gyrB@R634L,U,{},"{""proportion"": 0.0, ""confidence"": [0.0, 0.6576197724933469], ""p_value"": 1.0, ""contingency"": [[0, 2], [238, 19079]]}",{}
103,NC00962.3,MXF-0.05-0.95,0.0,GARC1,RUS,MXF,gyrA@D488E,U,{},"{""proportion"": 0.0, ""confidence"": [4.8683609171202235e-17, 0.5614970317550455], ""p_value"": 1.0, ""contingency"": [[0, 3], [238, 19079]]}",{}
104,NC00962.3,MXF-0.05-0.95,0.0,GARC1,RUS,MXF,gyrB@K498N,U,{},"{""proportion"": 0.0, ""confidence"": [0.0, 0.7934506856227626], ""p_value"": 1.0, ""contingency"": [[0, 1], [238, 19079]]}",{}
105,NC00962.3,MXF-0.05-0.95,0.0,GARC1,RUS,MXF,gyrA@T230S,U,{},"{""proportion"": 0.0, ""confidence"": [0.0, 0.7934506856227626], ""p_value"": 1.0, ""contingency"": [[0, 1], [238, 19079]]}",{}
106,NC00962.3,MXF-0.05-0.95,0.0,GARC1,RUS,MXF,gyrA@P108S,U,{},"{""proportion"": 0.0, ""confidence"": [0.0, 0.7934506856227626], ""p_value"": 1.0, ""contingency"": [[0, 1], [238, 19079]]}",{}
107,NC00962.3,MXF-0.05-0.95,0.0,GARC1,RUS,MXF,gyrA@N826D,U,{},"{""proportion"": 0.0, ""confidence"": [0.0, 0.43448246478317476], ""p_value"": 1.0, ""contingency"": [[0, 5], [238, 19079]]}",{}
108,NC00962.3,MXF-0.05-0.95,0.0,GARC1,RUS,MXF,gyrA@V716F,U,{},"{""proportion"": 0.0, ""confidence"": [0.0, 0.7934506856227626], ""p_value"": 1.0, ""contingency"": [[0, 1], [238, 19079]]}",{}
109,NC00962.3,MXF-0.05-0.95,0.0,GARC1,RUS,MXF,gyrA@D507H,U,{},"{""proportion"": 0.0, ""confidence"": [0.0, 0.7934506856227626], ""p_value"": 1.0, ""contingency"": [[0, 1], [238, 19079]]}",{}
110,NC00962.3,MXF-0.05-0.95,0.0,GARC1,RUS,MXF,gyrB@1920_del_cgc,U,{},"{""proportion"": 0.0, ""confidence"": [0.0, 0.32440756488388023], ""p_value"": 1.0, ""contingency"": [[0, 8], [238, 19079]]}",{}
111,NC00962.3,MXF-0.05-0.95,0.0,GARC1,RUS,MXF,gyrB@P254L,U,{},"{""proportion"": 0.0, ""confidence"": [0.0, 0.4898908364545973], ""p_value"": 1.0, ""contingency"": [[0, 4], [238, 19079]]}",{}
112,NC00962.3,MXF-0.05-0.95,0.0,GARC1,RUS,MXF,gyrA@R615H,U,{},"{""proportion"": 0.0, ""confidence"": [0.0, 0.7934506856227626], ""p_value"": 1.0, ""contingency"": [[0, 1], [238, 19079]]}",{}
113,NC00962.3,MXF-0.05-0.95,0.0,GARC1,RUS,MXF,gyrB@G520A,U,{},"{""proportion"": 0.0, ""confidence"": [0.0, 0.43448246478317476], ""p_value"": 1.0, ""contingency"": [[0, 5], [238, 19079]]}",{}
114,NC00962.3,MXF-0.05-0.95,0.0,GARC1,RUS,MXF,gyrB@A90T,U,{},"{""proportion"": 0.0, ""confidence"": [0.0, 0.7934506856227626], ""p_value"": 1.0, ""contingency"": [[0, 1], [238, 19079]]}",{}
115,NC00962.3,MXF-0.05-0.95,0.0,GARC1,RUS,MXF,gyrA@A667V,U,{},"{""proportion"": 0.0, ""confidence"": [0.0, 0.7934506856227626], ""p_value"": 1.0, ""contingency"": [[0, 1], [238, 19079]]}",{}
116,NC00962.3,MXF-0.05-0.95,0.0,GARC1,RUS,MXF,gyrA@c-32t,U,{},"{""proportion"": 0.0, ""confidence"": [4.8683609171202235e-17, 0.5614970317550455], ""p_value"": 1.0, ""contingency"": [[0, 3], [238, 19079]]}",{}
117,NC00962.3,MXF-0.05-0.95,0.0,GARC1,RUS,MXF,gyrA@E79K,U,{},"{""proportion"": 0.0, ""confidence"": [0.0, 0.7934506856227626], ""p_value"": 1.0, ""contingency"": [[0, 1], [238, 19079]]}",{}
118,NC00962.3,MXF-0.05-0.95,0.0,GARC1,RUS,MXF,gyrB@A233V,U,{},"{""proportion"": 0.0, ""confidence"": [0.0, 0.7934506856227626], ""p_value"": 1.0, ""contingency"": [[0, 1], [238, 19079]]}",{}
119,NC00962.3,MXF-0.05-0.95,0.0,GARC1,RUS,MXF,gyrB@A403V,U,{},"{""proportion"": 0.0, ""confidence"": [0.0, 0.7934506856227626], ""p_value"": 1.0, ""contingency"": [[0, 1], [238, 19079]]}",{}
120,NC00962.3,MXF-0.05-0.95,0.0,GARC1,RUS,MXF,gyrB@E181G,U,{},"{""proportion"": 0.0, ""confidence"": [0.0, 0.7934506856227626], ""p_value"": 1.0, ""contingency"": [[0, 1], [238, 19079]]}",{}
121,NC00962.3,MXF-0.05-0.95,0.0,GARC1,RUS,MXF,gyrB@A423V,U,{},"{""proportion"": 0.0, ""confidence"": [0.0, 0.4898908364545973], ""p_value"": 1.0, ""contingency"": [[0, 4], [238, 19079]]}",{}
122,NC00962.3,MXF-0.05-0.95,0.0,GARC1,RUS,MXF,gyrB@P343A,U,{},"{""proportion"": 0.0, ""confidence"": [0.0, 0.7934506856227626], ""p_value"": 1.0, ""contingency"": [[0, 1], [238, 19079]]}",{}
123,NC00962.3,MXF-0.05-0.95,0.0,GARC1,RUS,MXF,gyrB@P400R,U,{},"{""proportion"": 0.0, ""confidence"": [0.0, 0.43448246478317476], ""p_value"": 1.0, ""contingency"": [[0, 5], [238, 19079]]}",{}
124,NC00962.3,MXF-0.05-0.95,0.0,GARC1,RUS,MXF,gyrB@T209A,U,{},"{""proportion"": 0.0, ""confidence"": [4.8683609171202235e-17, 0.5614970317550455], ""p_value"": 1.0, ""contingency"": [[0, 3], [238, 19079]]}",{}
125,NC00962.3,MXF-0.05-0.95,0.0,GARC1,RUS,MXF,gyrA@L142V,U,{},"{""proportion"": 0.0, ""confidence"": [0.0, 0.4898908364545973], ""p_value"": 1.0, ""contingency"": [[0, 4], [238, 19079]]}",{}
126,NC00962.3,MXF-0.05-0.95,0.0,GARC1,RUS,MXF,gyrB@V407L,U,{},"{""proportion"": 0.0, ""confidence"": [0.0, 0.7934506856227626], ""p_value"": 1.0, ""contingency"": [[0, 1], [238, 19079]]}",{}
127,NC00962.3,MXF-0.05-0.95,0.0,GARC1,RUS,MXF,gyrB@A242T,U,{},"{""proportion"": 0.0, ""confidence"": [0.0, 0.7934506856227626], ""p_value"": 1.0, ""contingency"": [[0, 1], [238, 19079]]}",{}
128,NC00962.3,MXF-0.05-0.95,0.0,GARC1,RUS,MXF,gyrB@K333R,U,{},"{""proportion"": 0.0, ""confidence"": [0.0, 0.7934506856227626], ""p_value"": 1.0, ""contingency"": [[0, 1], [238, 19079]]}",{}
129,NC00962.3,MXF-0.05-0.95,0.0,GARC1,RUS,MXF,gyrA@T339S,U,{},"{""proportion"": 0.0, ""confidence"": [0.0, 0.7934506856227626], ""p_value"": 1.0, ""contingency"": [[0, 1], [238, 19079]]}",{}
130,NC00962.3,MXF-0.05-0.95,0.0,GARC1,RUS,MXF,gyrA@Q22H,U,{},"{""proportion"": 0.0, ""confidence"": [0.0, 0.7934506856227626], ""p_value"": 1.0, ""contingency"": [[0, 1], [238, 19079]]}",{}
131,NC00962.3,MXF-0.05-0.95,0.0,GARC1,RUS,MXF,gyrA@R615L,U,{},"{""proportion"": 0.0, ""confidence"": [0.0, 0.7934506856227626], ""p_value"": 1.0, ""contingency"": [[0, 1], [238, 19079]]}",{}
132,NC00962.3,MXF-0.05-0.95,0.0,GARC1,RUS,MXF,gyrA@D515N,U,{},"{""proportion"": 0.0, ""confidence"": [0.0, 0.7934506856227626], ""p_value"": 1.0, ""contingency"": [[0, 1], [238, 19079]]}",{}
133,NC00962.3,MXF-0.05-0.95,0.0,GARC1,RUS,MXF,gyrA@T590M,U,{},"{""proportion"": 0.0, ""confidence"": [0.0, 0.7934506856227626], ""p_value"": 1.0, ""contingency"": [[0, 1], [238, 19079]]}",{}
134,NC00962.3,MXF-0.05-0.95,0.0,GARC1,RUS,MXF,gyrA@g-9t,U,{},"{""proportion"": 0.0, ""confidence"": [0.0, 0.7934506856227626], ""p_value"": 1.0, ""contingency"": [[0, 1], [238, 19079]]}",{}
135,NC00962.3,MXF-0.05-0.95,0.0,GARC1,RUS,MXF,gyrB@P177L,U,{},"{""proportion"": 0.0, ""confidence"": [0.0, 0.6576197724933469], ""p_value"": 1.0, ""contingency"": [[0, 2], [238, 19079]]}",{}
136,NC00962.3,MXF-0.05-0.95,0.0,GARC1,RUS,MXF,gyrA@L346V,U,{},"{""proportion"": 0.0, ""confidence"": [4.8683609171202235e-17, 0.5614970317550455], ""p_value"": 1.0, ""contingency"": [[0, 3], [238, 19079]]}",{}
137,NC00962.3,MXF-0.05-0.95,0.0,GARC1,RUS,MXF,gyrA@2458_del_gaagaaagtggcgacgataatgccgtggacgccaacggcgcagaccagacgggcaattaa,U,{},"{""proportion"": 0.0, ""confidence"": [0.0, 0.7934506856227626], ""p_value"": 1.0, ""contingency"": [[0, 1], [238, 19079]]}",{}
138,NC00962.3,MXF-0.05-0.95,0.0,GARC1,RUS,MXF,gyrA@D488A,U,{},"{""proportion"": 0.0, ""confidence"": [0.0, 0.7934506856227626], ""p_value"": 1.0, ""contingency"": [[0, 1], [238, 19079]]}",{}
139,NC00962.3,MXF-0.05-0.95,0.0,GARC1,RUS,MXF,gyrB@I271V,U,{},"{""proportion"": 0.0, ""confidence"": [0.0, 0.7934506856227626], ""p_value"": 1.0, ""contingency"": [[0, 1], [238, 19079]]}",{}
140,NC00962.3,MXF-0.05-0.95,0.0,GARC1,RUS,MXF,gyrA@L425F,U,{},"{""proportion"": 0.0, ""confidence"": [0.0, 0.7934506856227626], ""p_value"": 1.0, ""contingency"": [[0, 1], [238, 19079]]}",{}
141,NC00962.3,MXF-0.05-0.95,0.0,GARC1,RUS,MXF,gyrB@R575H,U,{},"{""proportion"": 0.029411764705882353, ""confidence"": [0.005210906276268947, 0.1491557329268593], ""p_value"": 1.0, ""contingency"": [[1, 33], [238, 19079]]}",{}
142,NC00962.3,MXF-0.05-0.95,0.0,GARC1,RUS,MXF,gyrB@c-53g,U,{},"{""proportion"": 0.0, ""confidence"": [0.0, 0.6576197724933469], ""p_value"": 1.0, ""contingency"": [[0, 2], [238, 19079]]}",{}
143,NC00962.3,MXF-0.05-0.95,0.0,GARC1,RUS,MXF,gyrA@H70R,U,{},"{""proportion"": 0.25, ""confidence"": [0.045587260809700575, 0.6993581574175981], ""p_value"": 0.18549374999999999, ""contingency"": [[1, 3], [238, 19079]]}",{}
144,NC00962.3,MXF-0.05-0.95,0.0,GARC1,RUS,MXF,gyrB@E501V,U,{},"{""proportion"": 0.0, ""confidence"": [0.0, 0.6576197724933469], ""p_value"": 1.0, ""contingency"": [[0, 2], [238, 19079]]}",{}
145,NC00962.3,MXF-0.05-0.95,0.0,GARC1,RUS,MXF,gyrB@T214I,U,{},"{""proportion"": 0.0, ""confidence"": [0.0, 0.7934506856227626], ""p_value"": 1.0, ""contingency"": [[0, 1], [238, 19079]]}",{}
146,NC00962.3,MXF-0.05-0.95,0.0,GARC1,RUS,MXF,gyrA@G265S,U,{},"{""proportion"": 0.0, ""confidence"": [0.0, 0.7934506856227626], ""p_value"": 1.0, ""contingency"": [[0, 1], [238, 19079]]}",{}
147,NC00962.3,MXF-0.05-0.95,0.0,GARC1,RUS,MXF,gyrA@A456V,U,{},"{""proportion"": 0.0, ""confidence"": [0.0, 0.16112515805281938], ""p_value"": 0.6226463974646921, ""contingency"": [[0, 20], [238, 19079]]}",{}
148,NC00962.3,MXF-0.05-0.95,0.0,GARC1,RUS,MXF,gyrB@R523S,U,{},"{""proportion"": 0.0, ""confidence"": [0.0, 0.4898908364545973], ""p_value"": 1.0, ""contingency"": [[0, 4], [238, 19079]]}",{}
149,NC00962.3,MXF-0.05-0.95,0.0,GARC1,RUS,MXF,gyrB@t-60c,U,{},"{""proportion"": 0.0, ""confidence"": [0.0, 0.7934506856227626], ""p_value"": 1.0, ""contingency"": [[0, 1], [238, 19079]]}",{}
150,NC00962.3,MXF-0.05-0.95,0.0,GARC1,RUS,MXF,gyrA@Y276H,U,{},"{""proportion"": 0.0, ""confidence"": [0.0, 0.7934506856227626], ""p_value"": 1.0, ""contingency"": [[0, 1], [238, 19079]]}",{}
151,NC00962.3,MXF-0.05-0.95,0.0,GARC1,RUS,MXF,gyrA@T697A,U,{},"{""proportion"": 0.0, ""confidence"": [0.0, 0.7934506856227626], ""p_value"": 1.0, ""contingency"": [[0, 1], [238, 19079]]}",{}
152,NC00962.3,MXF-0.05-0.95,0.0,GARC1,RUS,MXF,gyrB@N66S,U,{},"{""proportion"": 0.0, ""confidence"": [3.584186086443356e-17, 0.3543304350666874], ""p_value"": 1.0, ""contingency"": [[0, 7], [238, 19079]]}",{}
153,NC00962.3,MXF-0.05-0.95,0.0,GARC1,RUS,MXF,gyrB@R523C,U,{},"{""proportion"": 0.0, ""confidence"": [0.0, 0.7934506856227626], ""p_value"": 1.0, ""contingency"": [[0, 1], [238, 19079]]}",{}
154,NC00962.3,MXF-0.05-0.95,0.0,GARC1,RUS,MXF,gyrB@H560R,U,{},"{""proportion"": 0.0, ""confidence"": [0.0, 0.7934506856227626], ""p_value"": 1.0, ""contingency"": [[0, 1], [238, 19079]]}",{}
155,NC00962.3,MXF-0.05-0.95,0.0,GARC1,RUS,MXF,gyrA@I462V,U,{},"{""proportion"": 0.0, ""confidence"": [3.384324554477539e-17, 0.39033428790216534], ""p_value"": 1.0, ""contingency"": [[0, 6], [238, 19079]]}",{}
157,NC00962.3,MXF-0.05-0.95,0.0,GARC1,RUS,MXF,gyrA@V750A,U,{},"{""proportion"": 0.0, ""confidence"": [0.0, 0.6576197724933469], ""p_value"": 1.0, ""contingency"": [[0, 2], [238, 19079]]}",{}
159,NC00962.3,MXF-0.05-0.95,0.0,GARC1,RUS,MXF,gyrA@R380G,U,{},"{""proportion"": 0.0, ""confidence"": [0.0, 0.6576197724933469], ""p_value"": 1.0, ""contingency"": [[0, 2], [238, 19079]]}",{}
160,NC00962.3,MXF-0.05-0.95,0.0,GARC1,RUS,MXF,gyrB@E604K,U,{},"{""proportion"": 0.0, ""confidence"": [0.0, 0.7934506856227626], ""p_value"": 1.0, ""contingency"": [[0, 1], [238, 19079]]}",{}
161,NC00962.3,MXF-0.05-0.95,0.0,GARC1,RUS,MXF,gyrA@E289D,U,{},"{""proportion"": 0.0, ""confidence"": [4.8683609171202235e-17, 0.5614970317550455], ""p_value"": 1.0, ""contingency"": [[0, 3], [238, 19079]]}",{}
162,NC00962.3,MXF-0.05-0.95,0.0,GARC1,RUS,MXF,gyrA@E289Q,U,{},"{""proportion"": 0.0, ""confidence"": [0.0, 0.7934506856227626], ""p_value"": 1.0, ""contingency"": [[0, 1], [238, 19079]]}",{}
163,NC00962.3,MXF-0.05-0.95,0.0,GARC1,RUS,MXF,gyrA@R513C,U,{},"{""proportion"": 0.0, ""confidence"": [0.0, 0.7934506856227626], ""p_value"": 1.0, ""contingency"": [[0, 1], [238, 19079]]}",{}
164,NC00962.3,MXF-0.05-0.95,0.0,GARC1,RUS,MXF,gyrB@A332V,U,{},"{""proportion"": 0.0, ""confidence"": [0.0, 0.7934506856227626], ""p_value"": 1.0, ""contingency"": [[0, 1], [238, 19079]]}",{}
165,NC00962.3,MXF-0.05-0.95,0.0,GARC1,RUS,MXF,gyrA@T377I,U,{},"{""proportion"": 0.0, ""confidence"": [0.0, 0.4898908364545973], ""p_value"": 1.0, ""contingency"": [[0, 4], [238, 19079]]}",{}
166,NC00962.3,MXF-0.05-0.95,0.0,GARC1,RUS,MXF,gyrB@D461A,U,{},"{""proportion"": 0.0, ""confidence"": [4.8683609171202235e-17, 0.5614970317550455], ""p_value"": 1.0, ""contingency"": [[0, 3], [238, 19079]]}",{}
167,NC00962.3,MXF-0.05-0.95,0.0,GARC1,RUS,MXF,gyrA@M141T,U,{},"{""proportion"": 0.0, ""confidence"": [0.0, 0.7934506856227626], ""p_value"": 1.0, ""contingency"": [[0, 1], [238, 19079]]}",{}
168,NC00962.3,MXF-0.05-0.95,0.0,GARC1,RUS,MXF,gyrB@P578A,U,{},"{""proportion"": 0.0, ""confidence"": [0.0, 0.43448246478317476], ""p_value"": 1.0, ""contingency"": [[0, 5], [238, 19079]]}",{}
169,NC00962.3,MXF-0.05-0.95,0.0,GARC1,RUS,MXF,gyrB@D434E,U,{},"{""proportion"": 0.0, ""confidence"": [4.8683609171202235e-17, 0.5614970317550455], ""p_value"": 1.0, ""contingency"": [[0, 3], [238, 19079]]}",{}
170,NC00962.3,MXF-0.05-0.95,0.0,GARC1,RUS,MXF,gyrA@A322S,U,{},"{""proportion"": 0.0, ""confidence"": [0.0, 0.7934506856227626], ""p_value"": 1.0, ""contingency"": [[0, 1], [238, 19079]]}",{}
171,NC00962.3,MXF-0.05-0.95,0.0,GARC1,RUS,MXF,gyrB@V670F,U,{},"{""proportion"": 0.0, ""confidence"": [0.0, 0.43448246478317476], ""p_value"": 1.0, ""contingency"": [[0, 5], [238, 19079]]}",{}
172,NC00962.3,MXF-0.05-0.95,0.0,GARC1,RUS,MXF,gyrA@D687N,U,{},"{""proportion"": 0.0, ""confidence"": [0.0, 0.6576197724933469], ""p_value"": 1.0, ""contingency"": [[0, 2], [238, 19079]]}",{}
173,NC00962.3,MXF-0.05-0.95,0.0,GARC1,RUS,MXF,gyrA@I427V,U,{},"{""proportion"": 0.0, ""confidence"": [0.0, 0.7934506856227626], ""p_value"": 1.0, ""contingency"": [[0, 1], [238, 19079]]}",{}
174,NC00962.3,MXF-0.05-0.95,0.0,GARC1,RUS,MXF,gyrB@E21D,U,{},"{""proportion"": 0.0, ""confidence"": [0.0, 0.43448246478317476], ""p_value"": 1.0, ""contingency"": [[0, 5], [238, 19079]]}",{}
175,NC00962.3,MXF-0.05-0.95,0.0,GARC1,RUS,MXF,gyrB@A432V,U,{},"{""proportion"": 0.0, ""confidence"": [0.0, 0.7934506856227626], ""p_value"": 1.0, ""contingency"": [[0, 1], [238, 19079]]}",{}
176,NC00962.3,MXF-0.05-0.95,0.0,GARC1,RUS,MXF,gyrB@K404R,U,{},"{""proportion"": 0.0, ""confidence"": [0.0, 0.7934506856227626], ""p_value"": 1.0, ""contingency"": [[0, 1], [238, 19079]]}",{}
177,NC00962.3,MXF-0.05-0.95,0.0,GARC1,RUS,MXF,gyrB@T378S,U,{},"{""proportion"": 0.0, ""confidence"": [3.584186086443356e-17, 0.3543304350666874], ""p_value"": 1.0, ""contingency"": [[0, 7], [238, 19079]]}",{}
178,NC00962.3,MXF-0.05-0.95,0.0,GARC1,RUS,MXF,gyrA@Q290R,U,{},"{""proportion"": 0.0, ""confidence"": [0.0, 0.7934506856227626], ""p_value"": 1.0, ""contingency"": [[0, 1], [238, 19079]]}",{}
179,NC00962.3,MXF-0.05-0.95,0.0,GARC1,RUS,MXF,gyrA@D641Y,U,{},"{""proportion"": 0.0, ""confidence"": [0.0, 0.7934506856227626], ""p_value"": 1.0, ""contingency"": [[0, 1], [238, 19079]]}",{}
180,NC00962.3,MXF-0.05-0.95,0.0,GARC1,RUS,MXF,gyrA@K319E,U,{},"{""proportion"": 0.0, ""confidence"": [0.0, 0.7934506856227626], ""p_value"": 1.0, ""contingency"": [[0, 1], [238, 19079]]}",{}
181,NC00962.3,MXF-0.05-0.95,0.0,GARC1,RUS,MXF,gyrB@t-10c,U,{},"{""proportion"": 0.0, ""confidence"": [0.0, 0.7934506856227626], ""p_value"": 1.0, ""contingency"": [[0, 1], [238, 19079]]}",{}
182,NC00962.3,MXF-0.05-0.95,0.0,GARC1,RUS,MXF,gyrA@D464E,U,{},"{""proportion"": 0.0, ""confidence"": [0.0, 0.6576197724933469], ""p_value"": 1.0, ""contingency"": [[0, 2], [238, 19079]]}",{}
183,NC00962.3,MXF-0.05-0.95,0.0,GARC1,RUS,MXF,gyrA@Y365H,U,{},"{""proportion"": 0.0, ""confidence"": [0.0, 0.7934506856227626], ""p_value"": 1.0, ""contingency"": [[0, 1], [238, 19079]]}",{}
184,NC00962.3,MXF-0.05-0.95,0.0,GARC1,RUS,MXF,gyrB@K159M,U,{},"{""proportion"": 0.0, ""confidence"": [0.0, 0.7934506856227626], ""p_value"": 1.0, ""contingency"": [[0, 1], [238, 19079]]}",{}
185,NC00962.3,MXF-0.05-0.95,0.0,GARC1,RUS,MXF,gyrA@Q475P,U,{},"{""proportion"": 0.0, ""confidence"": [0.0, 0.7934506856227626], ""p_value"": 1.0, ""contingency"": [[0, 1], [238, 19079]]}",{}
186,NC00962.3,MXF-0.05-0.95,0.0,GARC1,RUS,MXF,gyrB@c-55t,U,{},"{""proportion"": 0.0, ""confidence"": [0.0, 0.7934506856227626], ""p_value"": 1.0, ""contingency"": [[0, 1], [238, 19079]]}",{}
187,NC00962.3,MXF-0.05-0.95,0.0,GARC1,RUS,MXF,gyrA@E466A,U,{},"{""proportion"": 0.0, ""confidence"": [0.0, 0.7934506856227626], ""p_value"": 1.0, ""contingency"": [[0, 1], [238, 19079]]}",{}
188,NC00962.3,MXF-0.05-0.95,0.0,GARC1,RUS,MXF,gyrA@D94V,U,{},"{""proportion"": 0.5, ""confidence"": [0.09453120573423071, 0.9054687942657693], ""p_value"": 0.09749999999999999, ""contingency"": [[1, 1], [238, 19079]]}",{}
189,NC00962.3,MXF-0.05-0.95,0.0,GARC1,RUS,MXF,gyrA@P119L,U,{},"{""proportion"": 0.0, ""confidence"": [0.0, 0.7934506856227626], ""p_value"": 1.0, ""contingency"": [[0, 1], [238, 19079]]}",{}
190,NC00962.3,MXF-0.05-0.95,0.0,GARC1,RUS,MXF,gyrA@G795R,U,{},"{""proportion"": 0.0, ""confidence"": [0.0, 0.7934506856227626], ""p_value"": 1.0, ""contingency"": [[0, 1], [238, 19079]]}",{}
191,NC00962.3,MXF-0.05-0.95,0.0,GARC1,RUS,MXF,gyrB@g-4a,U,{},"{""proportion"": 0.0, ""confidence"": [0.0, 0.4898908364545973], ""p_value"": 1.0, ""contingency"": [[0, 4], [238, 19079]]}",{}
192,NC00962.3,MXF-0.05-0.95,0.0,GARC1,RUS,MXF,gyrB@R665C,U,{},"{""proportion"": 0.0, ""confidence"": [0.0, 0.6576197724933469], ""p_value"": 1.0, ""contingency"": [[0, 2], [238, 19079]]}",{}
193,NC00962.3,MXF-0.05-0.95,0.0,GARC1,RUS,MXF,gyrB@T500I,U,{},"{""proportion"": 0.0, ""confidence"": [0.0, 0.7934506856227626], ""p_value"": 1.0, ""contingency"": [[0, 1], [238, 19079]]}",{}
195,NC00962.3,MXF-0.05-0.95,0.0,GARC1,RUS,MXF,gyrB@D617Y,U,{},"{""proportion"": 0.5, ""confidence"": [0.09453120573423071, 0.9054687942657693], ""p_value"": 0.09749999999999999, ""contingency"": [[1, 1], [238, 19079]]}",{}
196,NC00962.3,MXF-0.05-0.95,0.0,GARC1,RUS,MXF,gyrB@E379G,U,{},"{""proportion"": 0.0, ""confidence"": [0.0, 0.6576197724933469], ""p_value"": 1.0, ""contingency"": [[0, 2], [238, 19079]]}",{}
197,NC00962.3,MXF-0.05-0.95,0.0,GARC1,RUS,MXF,gyrA@P17L,U,{},"{""proportion"": 0.0, ""confidence"": [0.0, 0.6576197724933469], ""p_value"": 1.0, ""contingency"": [[0, 2], [238, 19079]]}",{}
198,NC00962.3,MXF-0.05-0.95,0.0,GARC1,RUS,MXF,gyrA@D211G,U,{},"{""proportion"": 0.0, ""confidence"": [0.0, 0.7934506856227626], ""p_value"": 1.0, ""contingency"": [[0, 1], [238, 19079]]}",{}
199,NC00962.3,MXF-0.05-0.95,0.0,GARC1,RUS,MXF,gyrB@T500P,U,{},"{""proportion"": 0.0, ""confidence"": [0.0, 0.7934506856227626], ""p_value"": 1.0, ""contingency"": [[0, 1], [238, 19079]]}",{}
200,NC00962.3,MXF-0.05-0.95,0.0,GARC1,RUS,MXF,gyrA@R489S,U,{},"{""proportion"": 0.0, ""confidence"": [0.0, 0.7934506856227626], ""p_value"": 1.0, ""contingency"": [[0, 1], [238, 19079]]}",{}
201,NC00962.3,MXF-0.05-0.95,0.0,GARC1,RUS,MXF,gyrA@D367E,U,{},"{""proportion"": 0.0, ""confidence"": [0.0, 0.7934506856227626], ""p_value"": 1.0, ""contingency"": [[0, 1], [238, 19079]]}",{}
202,NC00962.3,MXF-0.05-0.95,0.0,GARC1,RUS,MXF,gyrB@L156M,U,{},"{""proportion"": 0.0, ""confidence"": [0.0, 0.7934506856227626], ""p_value"": 1.0, ""contingency"": [[0, 1], [238, 19079]]}",{}
203,NC00962.3,MXF-0.05-0.95,0.0,GARC1,RUS,MXF,gyrA@A126E,U,{},"{""proportion"": 0.0, ""confidence"": [0.0, 0.7934506856227626], ""p_value"": 1.0, ""contingency"": [[0, 1], [238, 19079]]}",{}
204,NC00962.3,MXF-0.05-0.95,0.0,GARC1,RUS,MXF,gyrA@I554V,U,{},"{""proportion"": 0.0, ""confidence"": [0.0, 0.7934506856227626], ""p_value"": 1.0, ""contingency"": [[0, 1], [238, 19079]]}",{}
205,NC00962.3,MXF-0.05-0.95,0.0,GARC1,RUS,MXF,gyrB@c-37t,U,{},"{""proportion"": 0.0, ""confidence"": [0.0, 0.7934506856227626], ""p_value"": 1.0, ""contingency"": [[0, 1], [238, 19079]]}",{}
206,NC00962.3,MXF-0.05-0.95,0.0,GARC1,RUS,MXF,gyrB@E586K,U,{},"{""proportion"": 0.0, ""confidence"": [0.0, 0.4898908364545973], ""p_value"": 1.0, ""contingency"": [[0, 4], [238, 19079]]}",{}
207,NC00962.3,MXF-0.05-0.95,0.0,GARC1,RUS,MXF,gyrA@V327L,U,{},"{""proportion"": 0.0, ""confidence"": [0.0, 0.7934506856227626], ""p_value"": 1.0, ""contingency"": [[0, 1], [238, 19079]]}",{}
208,NC00962.3,MXF-0.05-0.95,0.0,GARC1,RUS,MXF,gyrA@T563S,U,{},"{""proportion"": 0.0, ""confidence"": [0.0, 0.7934506856227626], ""p_value"": 1.0, ""contingency"": [[0, 1], [238, 19079]]}",{}
210,NC00962.3,MXF-0.05-0.95,0.0,GARC1,RUS,MXF,gyrA@D209G,U,{},"{""proportion"": 0.0, ""confidence"": [0.0, 0.6576197724933469], ""p_value"": 1.0, ""contingency"": [[0, 2], [238, 19079]]}",{}
212,NC00962.3,MXF-0.05-0.95,0.0,GARC1,RUS,MXF,gyrB@D518G,U,{},"{""proportion"": 0.0, ""confidence"": [0.0, 0.6576197724933469], ""p_value"": 1.0, ""contingency"": [[0, 2], [238, 19079]]}",{}
213,NC00962.3,MXF-0.05-0.95,0.0,GARC1,RUS,MXF,gyrA@K636N,U,{},"{""proportion"": 0.0, ""confidence"": [0.0, 0.6576197724933469], ""p_value"": 1.0, ""contingency"": [[0, 2], [238, 19079]]}",{}
214,NC00962.3,MXF-0.05-0.95,0.0,GARC1,RUS,MXF,gyrA@T735S,U,{},"{""proportion"": 0.0, ""confidence"": [4.8683609171202235e-17, 0.5614970317550455], ""p_value"": 1.0, ""contingency"": [[0, 3], [238, 19079]]}",{}
216,NC00962.3,MXF-0.05-0.95,0.0,GARC1,RUS,MXF,gyrB@D334G,U,{},"{""proportion"": 0.0, ""confidence"": [0.0, 0.7934506856227626], ""p_value"": 1.0, ""contingency"": [[0, 1], [238, 19079]]}",{}
217,NC00962.3,MXF-0.05-0.95,0.0,GARC1,RUS,MXF,gyrA@A814T,U,{},"{""proportion"": 0.0, ""confidence"": [0.0, 0.6576197724933469], ""p_value"": 1.0, ""contingency"": [[0, 2], [238, 19079]]}",{}
218,NC00962.3,MXF-0.05-0.95,0.0,GARC1,RUS,MXF,gyrA@K333N,U,{},"{""proportion"": 0.0, ""confidence"": [0.0, 0.7934506856227626], ""p_value"": 1.0, ""contingency"": [[0, 1], [238, 19079]]}",{}
219,NC00962.3,MXF-0.05-0.95,0.0,GARC1,RUS,MXF,gyrB@E501G,U,{},"{""proportion"": 0.0, ""confidence"": [0.0, 0.6576197724933469], ""p_value"": 1.0, ""contingency"": [[0, 2], [238, 19079]]}",{}
220,NC00962.3,MXF-0.05-0.95,0.0,GARC1,RUS,MXF,gyrA@S62F,U,{},"{""proportion"": 0.0, ""confidence"": [0.0, 0.6576197724933469], ""p_value"": 1.0, ""contingency"": [[0, 2], [238, 19079]]}",{}
221,NC00962.3,MXF-0.05-0.95,0.0,GARC1,RUS,MXF,gyrA@D211E,U,{},"{""proportion"": 0.0, ""confidence"": [0.0, 0.6576197724933469], ""p_value"": 1.0, ""contingency"": [[0, 2], [238, 19079]]}",{}
222,NC00962.3,MXF-0.05-0.95,0.0,GARC1,RUS,MXF,gyrA@T590A,U,{},"{""proportion"": 0.0, ""confidence"": [0.0, 0.7934506856227626], ""p_value"": 1.0, ""contingency"": [[0, 1], [238, 19079]]}",{}
223,NC00962.3,MXF-0.05-0.95,0.0,GARC1,RUS,MXF,gyrB@N558D,U,{},"{""proportion"": 0.0, ""confidence"": [0.0, 0.7934506856227626], ""p_value"": 1.0, ""contingency"": [[0, 1], [238, 19079]]}",{}
224,NC00962.3,MXF-0.05-0.95,0.0,GARC1,RUS,MXF,gyrA@D509N,U,{},"{""proportion"": 0.0, ""confidence"": [0.0, 0.7934506856227626], ""p_value"": 1.0, ""contingency"": [[0, 1], [238, 19079]]}",{}
225,NC00962.3,MXF-0.05-0.95,0.0,GARC1,RUS,MXF,gyrB@I435V,U,{},"{""proportion"": 0.0, ""confidence"": [0.0, 0.7934506856227626], ""p_value"": 1.0, ""contingency"": [[0, 1], [238, 19079]]}",{}
226,NC00962.3,MXF-0.05-0.95,0.0,GARC1,RUS,MXF,gyrA@A74S,U,{},"{""proportion"": 0.3333333333333333, ""confidence"": [0.061491944720396215, 0.7923403991979523], ""p_value"": 0.14262499999999997, ""contingency"": [[1, 2], [238, 19079]]}",{}
227,NC00962.3,MXF-0.05-0.95,0.0,GARC1,RUS,MXF,gyrA@M141I,U,{},"{""proportion"": 0.0, ""confidence"": [0.0, 0.7934506856227626], ""p_value"": 1.0, ""contingency"": [[0, 1], [238, 19079]]}",{}
229,NC00962.3,MXF-0.05-0.95,0.0,GARC1,RUS,MXF,gyrA@A626V,U,{},"{""proportion"": 0.0, ""confidence"": [0.0, 0.6576197724933469], ""p_value"": 1.0, ""contingency"": [[0, 2], [238, 19079]]}",{}
230,NC00962.3,MXF-0.05-0.95,0.0,GARC1,RUS,MXF,gyrA@A406V,U,{},"{""proportion"": 0.0, ""confidence"": [0.0, 0.7934506856227626], ""p_value"": 1.0, ""contingency"": [[0, 1], [238, 19079]]}",{}
231,NC00962.3,MXF-0.05-0.95,0.0,GARC1,RUS,MXF,gyrB@D342E,U,{},"{""proportion"": 0.0, ""confidence"": [4.8683609171202235e-17, 0.5614970317550455], ""p_value"": 1.0, ""contingency"": [[0, 3], [238, 19079]]}",{}
232,NC00962.3,MXF-0.05-0.95,0.0,GARC1,RUS,MXF,gyrA@E429A,U,{},"{""proportion"": 0.0, ""confidence"": [0.0, 0.7934506856227626], ""p_value"": 1.0, ""contingency"": [[0, 1], [238, 19079]]}",{}
233,NC00962.3,MXF-0.05-0.95,0.0,GARC1,RUS,MXF,gyrA@F683V,U,{},"{""proportion"": 0.0, ""confidence"": [0.0, 0.7934506856227626], ""p_value"": 1.0, ""contingency"": [[0, 1], [238, 19079]]}",{}
234,NC00962.3,MXF-0.05-0.95,0.0,GARC1,RUS,MXF,gyrB@I556V,U,{},"{""proportion"": 0.0, ""confidence"": [0.0, 0.7934506856227626], ""p_value"": 1.0, ""contingency"": [[0, 1], [238, 19079]]}",{}
235,NC00962.3,MXF-0.05-0.95,0.0,GARC1,RUS,MXF,gyrB@L555V,U,{},"{""proportion"": 0.0, ""confidence"": [0.0, 0.7934506856227626], ""p_value"": 1.0, ""contingency"": [[0, 1], [238, 19079]]}",{}
236,NC00962.3,MXF-0.05-0.95,0.0,GARC1,RUS,MXF,gyrA@A696T,U,{},"{""proportion"": 0.0, ""confidence"": [0.0, 0.7934506856227626], ""p_value"": 1.0, ""contingency"": [[0, 1], [238, 19079]]}",{}
237,NC00962.3,MXF-0.05-0.95,0.0,GARC1,RUS,MXF,gyrA@R26C,U,{},"{""proportion"": 0.0, ""confidence"": [0.0, 0.7934506856227626], ""p_value"": 1.0, ""contingency"": [[0, 1], [238, 19079]]}",{}
238,NC00962.3,MXF-0.05-0.95,0.0,GARC1,RUS,MXF,gyrB@Q565H,U,{},"{""proportion"": 0.0, ""confidence"": [0.0, 0.7934506856227626], ""p_value"": 1.0, ""contingency"": [[0, 1], [238, 19079]]}",{}
239,NC00962.3,MXF-0.05-0.95,0.0,GARC1,RUS,MXF,gyrB@g-66t,U,{},"{""proportion"": 0.0, ""confidence"": [0.0, 0.7934506856227626], ""p_value"": 1.0, ""contingency"": [[0, 1], [238, 19079]]}",{}
240,NC00962.3,MXF-0.05-0.95,0.0,GARC1,RUS,MXF,gyrB@D220E,U,{},"{""proportion"": 0.0, ""confidence"": [0.0, 0.7934506856227626], ""p_value"": 1.0, ""contingency"": [[0, 1], [238, 19079]]}",{}
241,NC00962.3,MXF-0.05-0.95,0.0,GARC1,RUS,MXF,gyrA@A512T,U,{},"{""proportion"": 0.0, ""confidence"": [0.0, 0.7934506856227626], ""p_value"": 1.0, ""contingency"": [[0, 1], [238, 19079]]}",{}
242,NC00962.3,MXF-0.05-0.95,0.0,GARC1,RUS,MXF,gyrB@P163L,U,{},"{""proportion"": 0.0, ""confidence"": [0.0, 0.6576197724933469], ""p_value"": 1.0, ""contingency"": [[0, 2], [238, 19079]]}",{}
243,NC00962.3,MXF-0.05-0.95,0.0,GARC1,RUS,MXF,gyrA@V544L,U,{},"{""proportion"": 0.0, ""confidence"": [0.0, 0.6576197724933469], ""p_value"": 1.0, ""contingency"": [[0, 2], [238, 19079]]}",{}
244,NC00962.3,MXF-0.05-0.95,0.0,GARC1,RUS,MXF,gyrA@A736T,U,{},"{""proportion"": 0.5, ""confidence"": [0.09453120573423071, 0.9054687942657693], ""p_value"": 0.09749999999999999, ""contingency"": [[1, 1], [238, 19079]]}",{}
245,NC00962.3,MXF-0.05-0.95,0.0,GARC1,RUS,MXF,gyrA@I348V,U,{},"{""proportion"": 0.0, ""confidence"": [0.0, 0.7934506856227626], ""p_value"": 1.0, ""contingency"": [[0, 1], [238, 19079]]}",{}
246,NC00962.3,MXF-0.05-0.95,0.0,GARC1,RUS,MXF,gyrA@E739Q,U,{},"{""proportion"": 0.25, ""confidence"": [0.045587260809700575, 0.6993581574175981], ""p_value"": 0.18549374999999999, ""contingency"": [[1, 3], [238, 19079]]}",{}
247,NC00962.3,MXF-0.05-0.95,0.0,GARC1,RUS,MXF,gyrA@R65H,U,{},"{""proportion"": 0.0, ""confidence"": [0.0, 0.7934506856227626], ""p_value"": 1.0, ""contingency"": [[0, 1], [238, 19079]]}",{}
248,NC00962.3,MXF-0.05-0.95,0.0,GARC1,RUS,MXF,gyrA@A736V,U,{},"{""proportion"": 0.0, ""confidence"": [4.8683609171202235e-17, 0.5614970317550455], ""p_value"": 1.0, ""contingency"": [[0, 3], [238, 19079]]}",{}
249,NC00962.3,MXF-0.05-0.95,0.0,GARC1,RUS,MXF,gyrA@K224E,U,{},"{""proportion"": 0.0, ""confidence"": [0.0, 0.7934506856227626], ""p_value"": 1.0, ""contingency"": [[0, 1], [238, 19079]]}",{}
250,NC00962.3,MXF-0.05-0.95,0.0,GARC1,RUS,MXF,gyrA@A512G,U,{},"{""proportion"": 0.0, ""confidence"": [0.0, 0.7934506856227626], ""p_value"": 1.0, ""contingency"": [[0, 1], [238, 19079]]}",{}
251,NC00962.3,MXF-0.05-0.95,0.0,GARC1,RUS,MXF,gyrB@L673P,U,{},"{""proportion"": 0.0, ""confidence"": [0.0, 0.7934506856227626], ""p_value"": 1.0, ""contingency"": [[0, 1], [238, 19079]]}",{}
252,NC00962.3,MXF-0.05-0.95,0.0,GARC1,RUS,MXF,gyrA@A90E,U,{},"{""proportion"": 0.0, ""confidence"": [0.0, 0.6576197724933469], ""p_value"": 1.0, ""contingency"": [[0, 2], [238, 19079]]}",{}
253,NC00962.3,MXF-0.05-0.95,0.0,GARC1,RUS,MXF,gyrA@G158S,U,{},"{""proportion"": 0.0, ""confidence"": [0.0, 0.7934506856227626], ""p_value"": 1.0, ""contingency"": [[0, 1], [238, 19079]]}",{}
254,NC00962.3,MXF-0.05-0.95,0.0,GARC1,RUS,MXF,gyrA@Q336K,U,{},"{""proportion"": 0.0, ""confidence"": [0.0, 0.7934506856227626], ""p_value"": 1.0, ""contingency"": [[0, 1], [238, 19079]]}",{}
255,NC00962.3,MXF-0.05-0.95,0.0,GARC1,RUS,MXF,gyrA@N831K,U,{},"{""proportion"": 0.0, ""confidence"": [0.0, 0.6576197724933469], ""p_value"": 1.0, ""contingency"": [[0, 2], [238, 19079]]}",{}
256,NC00962.3,MXF-0.05-0.95,0.0,GARC1,RUS,MXF,gyrB@T250S,U,{},"{""proportion"": 0.0, ""confidence"": [0.0, 0.4898908364545973], ""p_value"": 1.0, ""contingency"": [[0, 4], [238, 19079]]}",{}
257,NC00962.3,MXF-0.05-0.95,0.0,GARC1,RUS,MXF,gyrA@V651I,U,{},"{""proportion"": 0.0, ""confidence"": [0.0, 0.7934506856227626], ""p_value"": 1.0, ""contingency"": [[0, 1], [238, 19079]]}",{}
258,NC00962.3,MXF-0.05-0.95,0.0,GARC1,RUS,MXF,gyrA@H490N,U,{},"{""proportion"": 0.0, ""confidence"": [0.0, 0.7934506856227626], ""p_value"": 1.0, ""contingency"": [[0, 1], [238, 19079]]}",{}
259,NC00962.3,MXF-0.05-0.95,0.0,GARC1,RUS,MXF,gyrA@P275A,U,{},"{""proportion"": 0.0, ""confidence"": [0.0, 0.7934506856227626], ""p_value"": 1.0, ""contingency"": [[0, 1], [238, 19079]]}",{}
260,NC00962.3,MXF-0.05-0.95,0.0,GARC1,RUS,MXF,gyrB@c-89a,U,{},"{""proportion"": 0.0, ""confidence"": [0.0, 0.7934506856227626], ""p_value"": 1.0, ""contingency"": [[0, 1], [238, 19079]]}",{}
261,NC00962.3,MXF-0.05-0.95,0.0,GARC1,RUS,MXF,gyrA@G823S,U,{},"{""proportion"": 0.0, ""confidence"": [0.0, 0.7934506856227626], ""p_value"": 1.0, ""contingency"": [[0, 1], [238, 19079]]}",{}
262,NC00962.3,MXF-0.05-0.95,0.0,GARC1,RUS,MXF,gyrA@A445V,U,{},"{""proportion"": 0.0, ""confidence"": [4.8683609171202235e-17, 0.5614970317550455], ""p_value"": 1.0, ""contingency"": [[0, 3], [238, 19079]]}",{}
263,NC00962.3,MXF-0.05-0.95,0.0,GARC1,RUS,MXF,gyrA@H389P,U,{},"{""proportion"": 0.0, ""confidence"": [4.8683609171202235e-17, 0.5614970317550455], ""p_value"": 1.0, ""contingency"": [[0, 3], [238, 19079]]}",{}
264,NC00962.3,MXF-0.05-0.95,0.0,GARC1,RUS,MXF,gyrB@D461H,U,{},"{""proportion"": 0.2, ""confidence"": [0.03622410863243013, 0.6244653702374747], ""p_value"": 0.22621906249999996, ""contingency"": [[1, 4], [238, 19079]]}",{}
265,NC00962.3,MXF-0.05-0.95,0.0,GARC1,RUS,MXF,gyrA@T519I,U,{},"{""proportion"": 0.0, ""confidence"": [0.0, 0.7934506856227626], ""p_value"": 1.0, ""contingency"": [[0, 1], [238, 19079]]}",{}
266,NC00962.3,MXF-0.05-0.95,0.0,GARC1,RUS,MXF,gyrB@L455V,U,{},"{""proportion"": 0.0, ""confidence"": [0.0, 0.7934506856227626], ""p_value"": 1.0, ""contingency"": [[0, 1], [238, 19079]]}",{}
267,NC00962.3,MXF-0.05-0.95,0.0,GARC1,RUS,MXF,gyrB@-85_del_g,U,{},"{""proportion"": 0.0, ""confidence"": [0.0, 0.7934506856227626], ""p_value"": 1.0, ""contingency"": [[0, 1], [238, 19079]]}",{}
268,NC00962.3,MXF-0.05-0.95,0.0,GARC1,RUS,MXF,gyrA@A288V,U,{},"{""proportion"": 0.0, ""confidence"": [0.0, 0.32440756488388023], ""p_value"": 1.0, ""contingency"": [[0, 8], [238, 19079]]}",{}
269,NC00962.3,MXF-0.05-0.95,0.0,GARC1,RUS,MXF,gyrB@G594R,U,{},"{""proportion"": 0.0, ""confidence"": [0.0, 0.7934506856227626], ""p_value"": 1.0, ""contingency"": [[0, 1], [238, 19079]]}",{}
270,NC00962.3,MXF-0.05-0.95,0.0,GARC1,RUS,MXF,gyrA@T267I,U,{},"{""proportion"": 0.0, ""confidence"": [0.0, 0.16112515805281938], ""p_value"": 0.6226463974646921, ""contingency"": [[0, 20], [238, 19079]]}",{}
271,NC00962.3,MXF-0.05-0.95,0.0,GARC1,RUS,MXF,gyrB@K603R,U,{},"{""proportion"": 0.0, ""confidence"": [0.0, 0.7934506856227626], ""p_value"": 1.0, ""contingency"": [[0, 1], [238, 19079]]}",{}
272,NC00962.3,MXF-0.05-0.95,0.0,GARC1,RUS,MXF,gyrA@A788V,U,{},"{""proportion"": 0.0, ""confidence"": [0.0, 0.7934506856227626], ""p_value"": 1.0, ""contingency"": [[0, 1], [238, 19079]]}",{}
273,NC00962.3,MXF-0.05-0.95,0.0,GARC1,RUS,MXF,gyrA@K542T,U,{},"{""proportion"": 0.0, ""confidence"": [0.0, 0.7934506856227626], ""p_value"": 1.0, ""contingency"": [[0, 1], [238, 19079]]}",{}
274,NC00962.3,MXF-0.05-0.95,0.0,GARC1,RUS,MXF,gyrB@R335C,U,{},"{""proportion"": 0.0, ""confidence"": [0.0, 0.7934506856227626], ""p_value"": 1.0, ""contingency"": [[0, 1], [238, 19079]]}",{}
275,NC00962.3,MXF-0.05-0.95,0.0,GARC1,RUS,MXF,gyrA@D242N,U,{},"{""proportion"": 0.0, ""confidence"": [0.0, 0.6576197724933469], ""p_value"": 1.0, ""contingency"": [[0, 2], [238, 19079]]}",{}
276,NC00962.3,MXF-0.05-0.95,0.0,GARC1,RUS,MXF,gyrA@A501V,U,{},"{""proportion"": 0.0, ""confidence"": [0.0, 0.7934506856227626], ""p_value"": 1.0, ""contingency"": [[0, 1], [238, 19079]]}",{}
277,NC00962.3,MXF-0.05-0.95,0.0,GARC1,RUS,MXF,gyrA@D481G,U,{},"{""proportion"": 0.0, ""confidence"": [0.0, 0.7934506856227626], ""p_value"": 1.0, ""contingency"": [[0, 1], [238, 19079]]}",{}
278,NC00962.3,MXF-0.05-0.95,0.0,GARC1,RUS,MXF,gyrB@V226A,U,{},"{""proportion"": 0.0, ""confidence"": [0.0, 0.7934506856227626], ""p_value"": 1.0, ""contingency"": [[0, 1], [238, 19079]]}",{}
279,NC00962.3,MXF-0.05-0.95,0.0,GARC1,RUS,MXF,gyrA@K319N,U,{},"{""proportion"": 0.0, ""confidence"": [0.0, 0.6576197724933469], ""p_value"": 1.0, ""contingency"": [[0, 2], [238, 19079]]}",{}
280,NC00962.3,MXF-0.05-0.95,0.0,GARC1,RUS,MXF,gyrB@R523H,U,{},"{""proportion"": 0.0, ""confidence"": [0.0, 0.7934506856227626], ""p_value"": 1.0, ""contingency"": [[0, 1], [238, 19079]]}",{}
281,NC00962.3,MXF-0.05-0.95,0.0,GARC1,RUS,MXF,gyrB@G203E,U,{},"{""proportion"": 0.0, ""confidence"": [0.0, 0.6576197724933469], ""p_value"": 1.0, ""contingency"": [[0, 2], [238, 19079]]}",{}
282,NC00962.3,MXF-0.05-0.95,0.0,GARC1,RUS,MXF,gyrA@N818D,U,{},"{""proportion"": 0.0, ""confidence"": [3.584186086443356e-17, 0.3543304350666874], ""p_value"": 1.0, ""contingency"": [[0, 7], [238, 19079]]}",{}
283,NC00962.3,MXF-0.05-0.95,0.0,GARC1,RUS,MXF,gyrB@G470A,U,{},"{""proportion"": 0.0, ""confidence"": [0.0, 0.7934506856227626], ""p_value"": 1.0, ""contingency"": [[0, 1], [238, 19079]]}",{}
284,NC00962.3,MXF-0.05-0.95,0.0,GARC1,RUS,MXF,gyrB@A78G,U,{},"{""proportion"": 0.0, ""confidence"": [0.0, 0.7934506856227626], ""p_value"": 1.0, ""contingency"": [[0, 1], [238, 19079]]}",{}
285,NC00962.3,MXF-0.05-0.95,0.0,GARC1,RUS,MXF,gyrB@R446G,U,{},"{""proportion"": 0.0, ""confidence"": [0.0, 0.7934506856227626], ""p_value"": 1.0, ""contingency"": [[0, 1], [238, 19079]]}",{}
286,NC00962.3,MXF-0.05-0.95,0.0,GARC1,RUS,MXF,gyrB@E299Q,U,{},"{""proportion"": 0.0, ""confidence"": [4.8683609171202235e-17, 0.5614970317550455], ""p_value"": 1.0, ""contingency"": [[0, 3], [238, 19079]]}",{}
287,NC00962.3,MXF-0.05-0.95,0.0,GARC1,RUS,MXF,gyrA@R309Q,U,{},"{""proportion"": 0.0, ""confidence"": [0.0, 0.7934506856227626], ""p_value"": 1.0, ""contingency"": [[0, 1], [238, 19079]]}",{}
288,NC00962.3,MXF-0.05-0.95,0.0,GARC1,RUS,MXF,gyrA@A186T,U,{},"{""proportion"": 0.0, ""confidence"": [0.0, 0.7934506856227626], ""p_value"": 1.0, ""contingency"": [[0, 1], [238, 19079]]}",{}
289,NC00962.3,MXF-0.05-0.95,0.0,GARC1,RUS,MXF,gyrB@G606S,U,{},"{""proportion"": 0.0, ""confidence"": [4.8683609171202235e-17, 0.5614970317550455], ""p_value"": 1.0, ""contingency"": [[0, 3], [238, 19079]]}",{}
290,NC00962.3,MXF-0.05-0.95,0.0,GARC1,RUS,MXF,gyrB@N207D,U,{},"{""proportion"": 0.0, ""confidence"": [0.0, 0.4898908364545973], ""p_value"": 1.0, ""contingency"": [[0, 4], [238, 19079]]}",{}
291,NC00962.3,MXF-0.05-0.95,0.0,GARC1,RUS,MXF,gyrB@K526Q,U,{},"{""proportion"": 0.0, ""confidence"": [0.0, 0.1843181350088518], ""p_value"": 1.0, ""contingency"": [[0, 17], [238, 19079]]}",{}
292,NC00962.3,MXF-0.05-0.95,0.0,GARC1,RUS,MXF,gyrB@I19L,U,{},"{""proportion"": 0.0, ""confidence"": [0.0, 0.7934506856227626], ""p_value"": 1.0, ""contingency"": [[0, 1], [238, 19079]]}",{}
293,NC00962.3,MXF-0.05-0.95,0.0,GARC1,RUS,MXF,gyrB@E21Q,U,{},"{""proportion"": 0.0, ""confidence"": [0.0, 0.6576197724933469], ""p_value"": 1.0, ""contingency"": [[0, 2], [238, 19079]]}",{}
294,NC00962.3,MXF-0.05-0.95,0.0,GARC1,RUS,MXF,gyrA@R480C,U,{},"{""proportion"": 0.0, ""confidence"": [0.0, 0.7934506856227626], ""p_value"": 1.0, ""contingency"": [[0, 1], [238, 19079]]}",{}
295,NC00962.3,MXF-0.05-0.95,0.0,GARC1,RUS,MXF,gyrA@T272I,U,{},"{""proportion"": 0.0, ""confidence"": [3.584186086443356e-17, 0.3543304350666874], ""p_value"": 1.0, ""contingency"": [[0, 7], [238, 19079]]}",{}
296,NC00962.3,MXF-0.05-0.95,0.0,GARC1,RUS,MXF,gyrB@a-9g,U,{},"{""proportion"": 0.0, ""confidence"": [0.0, 0.7934506856227626], ""p_value"": 1.0, ""contingency"": [[0, 1], [238, 19079]]}",{}
297,NC00962.3,MXF-0.05-0.95,0.0,GARC1,RUS,MXF,gyrA@D583E,U,{},"{""proportion"": 0.0, ""confidence"": [0.0, 0.7934506856227626], ""p_value"": 1.0, ""contingency"": [[0, 1], [238, 19079]]}",{}
298,NC00962.3,MXF-0.05-0.95,0.0,GARC1,RUS,MXF,gyrA@g-25a,U,{},"{""proportion"": 0.0, ""confidence"": [0.0, 0.6576197724933469], ""p_value"": 1.0, ""contingency"": [[0, 2], [238, 19079]]}",{}
299,NC00962.3,MXF-0.05-0.95,0.0,GARC1,RUS,MXF,gyrA@R489K,U,{},"{""proportion"": 0.0, ""confidence"": [0.0, 0.7934506856227626], ""p_value"": 1.0, ""contingency"": [[0, 1], [238, 19079]]}",{}
300,NC00962.3,MXF-0.05-0.95,0.0,GARC1,RUS,MXF,gyrA@D639G,U,{},"{""proportion"": 0.0, ""confidence"": [0.0, 0.7934506856227626], ""p_value"": 1.0, ""contingency"": [[0, 1], [238, 19079]]}",{}
303,NC00962.3,MXF-0.05-0.95,0.0,GARC1,RUS,MXF,gyrA@P8A,U,{},"{""proportion"": 0.0, ""confidence"": [0.0, 0.12455502974186705], ""p_value"": 0.6442478724712473, ""contingency"": [[0, 27], [238, 19079]]}",{}
304,NC00962.3,MXF-0.05-0.95,0.0,GARC1,RUS,MXF,gyrA@Y722C,U,{},"{""proportion"": 0.0, ""confidence"": [0.0, 0.6576197724933469], ""p_value"": 1.0, ""contingency"": [[0, 2], [238, 19079]]}",{}
305,NC00962.3,MXF-0.05-0.95,0.0,GARC1,RUS,MXF,gyrB@D494G,U,{},"{""proportion"": 0.0, ""confidence"": [0.0, 0.7934506856227626], ""p_value"": 1.0, ""contingency"": [[0, 1], [238, 19079]]}",{}
306,NC00962.3,MXF-0.05-0.95,0.0,GARC1,RUS,MXF,gyrA@A406T,U,{},"{""proportion"": 0.0, ""confidence"": [0.0, 0.7934506856227626], ""p_value"": 1.0, ""contingency"": [[0, 1], [238, 19079]]}",{}
307,NC00962.3,MXF-0.05-0.95,0.0,GARC1,RUS,MXF,gyrA@F228L,U,{},"{""proportion"": 0.0, ""confidence"": [0.0, 0.7934506856227626], ""p_value"": 1.0, ""contingency"": [[0, 1], [238, 19079]]}",{}
308,NC00962.3,MXF-0.05-0.95,0.0,GARC1,RUS,MXF,gyrA@A347V,U,{},"{""proportion"": 0.0, ""confidence"": [0.0, 0.7934506856227626], ""p_value"": 1.0, ""contingency"": [[0, 1], [238, 19079]]}",{}
309,NC00962.3,MXF-0.05-0.95,0.0,GARC1,RUS,MXF,gyrA@M99I,U,{},"{""proportion"": 0.0, ""confidence"": [0.0, 0.7934506856227626], ""p_value"": 1.0, ""contingency"": [[0, 1], [238, 19079]]}",{}
310,NC00962.3,MXF-0.05-0.95,0.0,GARC1,RUS,MXF,gyrB@F549L,U,{},"{""proportion"": 0.0, ""confidence"": [0.0, 0.6576197724933469], ""p_value"": 1.0, ""contingency"": [[0, 2], [238, 19079]]}",{}
311,NC00962.3,MXF-0.05-0.95,0.0,GARC1,RUS,MXF,gyrA@H334Y,U,{},"{""proportion"": 0.0, ""confidence"": [0.0, 0.7934506856227626], ""p_value"": 1.0, ""contingency"": [[0, 1], [238, 19079]]}",{}
312,NC00962.3,MXF-0.05-0.95,0.0,GARC1,RUS,MXF,gyrB@I271M,U,{},"{""proportion"": 0.0, ""confidence"": [0.0, 0.7934506856227626], ""p_value"": 1.0, ""contingency"": [[0, 1], [238, 19079]]}",{}
313,NC00962.3,MXF-0.05-0.95,0.0,GARC1,RUS,MXF,gyrA@I452T,U,{},"{""proportion"": 0.0, ""confidence"": [0.0, 0.7934506856227626], ""p_value"": 1.0, ""contingency"": [[0, 1], [238, 19079]]}",{}
314,NC00962.3,MXF-0.05-0.95,0.0,GARC1,RUS,MXF,gyrA@K636T,U,{},"{""proportion"": 0.0, ""confidence"": [0.0, 0.6576197724933469], ""p_value"": 1.0, ""contingency"": [[0, 2], [238, 19079]]}",{}
315,NC00962.3,MXF-0.05-0.95,0.0,GARC1,RUS,MXF,gyrB@K526N,U,{},"{""proportion"": 0.0, ""confidence"": [0.0, 0.7934506856227626], ""p_value"": 1.0, ""contingency"": [[0, 1], [238, 19079]]}",{}
316,NC00962.3,MXF-0.05-0.95,0.0,GARC1,RUS,MXF,gyrA@I153M,U,{},"{""proportion"": 0.0, ""confidence"": [0.0, 0.6576197724933469], ""p_value"": 1.0, ""contingency"": [[0, 2], [238, 19079]]}",{}
317,NC00962.3,MXF-0.05-0.95,0.0,GARC1,RUS,MXF,gyrA@V505I,U,{},"{""proportion"": 0.0, ""confidence"": [0.0, 0.7934506856227626], ""p_value"": 1.0, ""contingency"": [[0, 1], [238, 19079]]}",{}
318,NC00962.3,MXF-0.05-0.95,0.0,GARC1,RUS,MXF,gyrA@E508A,U,{},"{""proportion"": 0.0, ""confidence"": [0.0, 0.7934506856227626], ""p_value"": 1.0, ""contingency"": [[0, 1], [238, 19079]]}",{}
319,NC00962.3,MXF-0.05-0.95,0.0,GARC1,RUS,MXF,gyrB@I527V,U,{},"{""proportion"": 0.0, ""confidence"": [0.0, 0.7934506856227626], ""p_value"": 1.0, ""contingency"": [[0, 1], [238, 19079]]}",{}
320,NC00962.3,MXF-0.05-0.95,0.0,GARC1,RUS,MXF,gyrA@V674I,U,{},"{""proportion"": 0.0, ""confidence"": [0.0, 0.7934506856227626], ""p_value"": 1.0, ""contingency"": [[0, 1], [238, 19079]]}",{}
321,NC00962.3,MXF-0.05-0.95,0.0,GARC1,RUS,MXF,gyrA@g-25c,U,{},"{""proportion"": 0.0, ""confidence"": [0.0, 0.7934506856227626], ""p_value"": 1.0, ""contingency"": [[0, 1], [238, 19079]]}",{}
322,NC00962.3,MXF-0.05-0.95,0.0,GARC1,RUS,MXF,gyrA@L12F,U,{},"{""proportion"": 0.0, ""confidence"": [0.0, 0.7934506856227626], ""p_value"": 1.0, ""contingency"": [[0, 1], [238, 19079]]}",{}
324,NC00962.3,MXF-0.05-0.95,0.0,GARC1,RUS,MXF,gyrA@H70P,U,{},"{""proportion"": 0.0, ""confidence"": [0.0, 0.7934506856227626], ""p_value"": 1.0, ""contingency"": [[0, 1], [238, 19079]]}",{}
325,NC00962.3,MXF-0.05-0.95,0.0,GARC1,RUS,MXF,gyrA@P154L,U,{},"{""proportion"": 0.0, ""confidence"": [0.0, 0.6576197724933469], ""p_value"": 1.0, ""contingency"": [[0, 2], [238, 19079]]}",{}
326,NC00962.3,MXF-0.05-0.95,0.0,GARC1,RUS,MXF,gyrB@I46S,U,{},"{""proportion"": 0.0, ""confidence"": [0.0, 0.7934506856227626], ""p_value"": 1.0, ""contingency"": [[0, 1], [238, 19079]]}",{}
327,NC00962.3,MXF-0.05-0.95,0.0,GARC1,RUS,MXF,gyrB@A467V,U,{},"{""proportion"": 0.0, ""confidence"": [0.0, 0.7934506856227626], ""p_value"": 1.0, ""contingency"": [[0, 1], [238, 19079]]}",{}
328,NC00962.3,MXF-0.05-0.95,0.0,GARC1,RUS,MXF,gyrB@S576T,U,{},"{""proportion"": 0.0, ""confidence"": [0.0, 0.7934506856227626], ""p_value"": 1.0, ""contingency"": [[0, 1], [238, 19079]]}",{}
330,NC00962.3,MXF-0.05-0.95,0.0,GARC1,RUS,MXF,gyrA@A322E,U,{},"{""proportion"": 0.0, ""confidence"": [0.0, 0.6576197724933469], ""p_value"": 1.0, ""contingency"": [[0, 2], [238, 19079]]}",{}
331,NC00962.3,MXF-0.05-0.95,0.0,GARC1,RUS,MXF,gyrB@L638V,U,{},"{""proportion"": 0.0, ""confidence"": [4.8683609171202235e-17, 0.5614970317550455], ""p_value"": 1.0, ""contingency"": [[0, 3], [238, 19079]]}",{}
332,NC00962.3,MXF-0.05-0.95,0.0,GARC1,RUS,MXF,gyrB@S274T,U,{},"{""proportion"": 0.0, ""confidence"": [0.0, 0.6576197724933469], ""p_value"": 1.0, ""contingency"": [[0, 2], [238, 19079]]}",{}
333,NC00962.3,MXF-0.05-0.95,0.0,GARC1,RUS,MXF,gyrA@V223I,U,{},"{""proportion"": 0.0, ""confidence"": [0.0, 0.43448246478317476], ""p_value"": 1.0, ""contingency"": [[0, 5], [238, 19079]]}",{}
334,NC00962.3,MXF-0.05-0.95,0.0,GARC1,RUS,MXF,gyrA@T638I,U,{},"{""proportion"": 0.0, ""confidence"": [0.0, 0.43448246478317476], ""p_value"": 1.0, ""contingency"": [[0, 5], [238, 19079]]}",{}
335,NC00962.3,MXF-0.05-0.95,0.0,GARC1,RUS,MXF,gyrA@G548R,U,{},"{""proportion"": 0.0, ""confidence"": [0.0, 0.7934506856227626], ""p_value"": 1.0, ""contingency"": [[0, 1], [238, 19079]]}",{}
336,NC00962.3,MXF-0.05-0.95,0.0,GARC1,RUS,MXF,gyrA@G729R,U,{},"{""proportion"": 0.0, ""confidence"": [0.0, 0.7934506856227626], ""p_value"": 1.0, ""contingency"": [[0, 1], [238, 19079]]}",{}
338,NC00962.3,MXF-0.05-0.95,0.0,GARC1,RUS,MXF,gyrB@I116M,U,{},"{""proportion"": 0.0, ""confidence"": [0.0, 0.7934506856227626], ""p_value"": 1.0, ""contingency"": [[0, 1], [238, 19079]]}",{}
339,NC00962.3,MXF-0.05-0.95,0.0,GARC1,RUS,MXF,gyrB@G282D,U,{},"{""proportion"": 0.0, ""confidence"": [4.8683609171202235e-17, 0.5614970317550455], ""p_value"": 1.0, ""contingency"": [[0, 3], [238, 19079]]}",{}
340,NC00962.3,MXF-0.05-0.95,0.0,GARC1,RUS,MXF,gyrB@A162E,U,{},"{""proportion"": 0.0, ""confidence"": [0.0, 0.7934506856227626], ""p_value"": 1.0, ""contingency"": [[0, 1], [238, 19079]]}",{}
341,NC00962.3,MXF-0.05-0.95,0.0,GARC1,RUS,MXF,gyrA@S250A,U,{},"{""proportion"": 0.0, ""confidence"": [0.0, 0.7934506856227626], ""p_value"": 1.0, ""contingency"": [[0, 1], [238, 19079]]}",{}
342,NC00962.3,MXF-0.05-0.95,0.0,GARC1,RUS,MXF,gyrA@R392C,U,{},"{""proportion"": 0.0, ""confidence"": [0.0, 0.6576197724933469], ""p_value"": 1.0, ""contingency"": [[0, 2], [238, 19079]]}",{}
343,NC00962.3,MXF-0.05-0.95,0.0,GARC1,RUS,MXF,gyrA@R615G,U,{},"{""proportion"": 0.0, ""confidence"": [0.0, 0.7934506856227626], ""p_value"": 1.0, ""contingency"": [[0, 1], [238, 19079]]}",{}
344,NC00962.3,MXF-0.05-0.95,0.0,GARC1,RUS,MXF,gyrA@F705L,U,{},"{""proportion"": 0.0, ""confidence"": [4.8683609171202235e-17, 0.5614970317550455], ""p_value"": 1.0, ""contingency"": [[0, 3], [238, 19079]]}",{}
345,NC00962.3,MXF-0.05-0.95,0.0,GARC1,RUS,MXF,gyrB@-60_ins_g,U,{},"{""proportion"": 0.0, ""confidence"": [0.0, 0.6576197724933469], ""p_value"": 1.0, ""contingency"": [[0, 2], [238, 19079]]}",{}
346,NC00962.3,MXF-0.05-0.95,0.0,GARC1,RUS,MXF,gyrA@D10G,U,{},"{""proportion"": 0.0, ""confidence"": [0.0, 0.7934506856227626], ""p_value"": 1.0, ""contingency"": [[0, 1], [238, 19079]]}",{}
347,NC00962.3,MXF-0.05-0.95,0.0,GARC1,RUS,MXF,gyrA@L331F,U,{},"{""proportion"": 0.0, ""confidence"": [0.0, 0.7934506856227626], ""p_value"": 1.0, ""contingency"": [[0, 1], [238, 19079]]}",{}
348,NC00962.3,MXF-0.05-0.95,0.0,GARC1,RUS,MXF,gyrA@A432V,U,{},"{""proportion"": 0.0, ""confidence"": [4.8683609171202235e-17, 0.5614970317550455], ""p_value"": 1.0, ""contingency"": [[0, 3], [238, 19079]]}",{}
349,NC00962.3,MXF-0.05-0.95,0.0,GARC1,RUS,MXF,gyrB@t-93c,U,{},"{""proportion"": 0.0, ""confidence"": [0.0, 0.7934506856227626], ""p_value"": 1.0, ""contingency"": [[0, 1], [238, 19079]]}",{}
350,NC00962.3,MXF-0.05-0.95,0.0,GARC1,RUS,MXF,gyrA@P7L,U,{},"{""proportion"": 0.0, ""confidence"": [0.0, 0.4898908364545973], ""p_value"": 1.0, ""contingency"": [[0, 4], [238, 19079]]}",{}
351,NC00962.3,MXF-0.05-0.95,0.0,GARC1,RUS,MXF,gyrB@G436R,U,{},"{""proportion"": 0.0, ""confidence"": [0.0, 0.7934506856227626], ""p_value"": 1.0, ""contingency"": [[0, 1], [238, 19079]]}",{}
352,NC00962.3,MXF-0.05-0.95,0.0,GARC1,RUS,MXF,gyrA@a-8g,U,{},"{""proportion"": 0.0, ""confidence"": [0.0, 0.7934506856227626], ""p_value"": 1.0, ""contingency"": [[0, 1], [238, 19079]]}",{}
353,NC00962.3,MXF-0.05-0.95,0.0,GARC1,RUS,MXF,gyrA@T496S,U,{},"{""proportion"": 0.0, ""confidence"": [0.0, 0.7934506856227626], ""p_value"": 1.0, ""contingency"": [[0, 1], [238, 19079]]}",{}
354,NC00962.3,MXF-0.05-0.95,0.0,GARC1,RUS,MXF,gyrB@D176E,U,{},"{""proportion"": 0.0, ""confidence"": [0.0, 0.7934506856227626], ""p_value"": 1.0, ""contingency"": [[0, 1], [238, 19079]]}",{}
355,NC00962.3,MXF-0.05-0.95,0.0,GARC1,RUS,MXF,gyrA@S237P,U,{},"{""proportion"": 0.0, ""confidence"": [0.0, 0.6576197724933469], ""p_value"": 1.0, ""contingency"": [[0, 2], [238, 19079]]}",{}
356,NC00962.3,MXF-0.05-0.95,0.0,GARC1,RUS,MXF,gyrB@I486L,U,{},"{""proportion"": 0.0, ""confidence"": [0.0, 0.6576197724933469], ""p_value"": 1.0, ""contingency"": [[0, 2], [238, 19079]]}",{}
357,NC00962.3,MXF-0.05-0.95,0.0,GARC1,RUS,MXF,gyrA@A210V,U,{},"{""proportion"": 0.0, ""confidence"": [0.0, 0.4898908364545973], ""p_value"": 1.0, ""contingency"": [[0, 4], [238, 19079]]}",{}
358,NC00962.3,MXF-0.05-0.95,0.0,GARC1,RUS,MXF,gyrA@D481A,U,{},"{""proportion"": 0.0, ""confidence"": [0.0, 0.6576197724933469], ""p_value"": 1.0, ""contingency"": [[0, 2], [238, 19079]]}",{}
360,NC00962.3,MXF-0.05-0.95,0.0,GARC1,RUS,MXF,gyrA@A324V,U,{},"{""proportion"": 0.0, ""confidence"": [0.0, 0.7934506856227626], ""p_value"": 1.0, ""contingency"": [[0, 1], [238, 19079]]}",{}
361,NC00962.3,MXF-0.05-0.95,0.0,GARC1,RUS,MXF,gyrA@K633R,U,{},"{""proportion"": 0.0, ""confidence"": [0.0, 0.7934506856227626], ""p_value"": 1.0, ""contingency"": [[0, 1], [238, 19079]]}",{}
362,NC00962.3,MXF-0.05-0.95,0.0,GARC1,RUS,MXF,gyrB@K668E,U,{},"{""proportion"": 0.0, ""confidence"": [0.0, 0.7934506856227626], ""p_value"": 1.0, ""contingency"": [[0, 1], [238, 19079]]}",{}
363,NC00962.3,MXF-0.05-0.95,0.0,GARC1,RUS,MXF,gyrA@D641E,U,{},"{""proportion"": 0.0, ""confidence"": [0.0, 0.7934506856227626], ""p_value"": 1.0, ""contingency"": [[0, 1], [238, 19079]]}",{}
364,NC00962.3,MXF-0.05-0.95,0.0,GARC1,RUS,MXF,gyrA@R607H,U,{},"{""proportion"": 0.0, ""confidence"": [0.0, 0.7934506856227626], ""p_value"": 1.0, ""contingency"": [[0, 1], [238, 19079]]}",{}
365,NC00962.3,MXF-0.05-0.95,0.0,GARC1,RUS,MXF,gyrA@Y379C,U,{},"{""proportion"": 0.0, ""confidence"": [0.0, 0.7934506856227626], ""p_value"": 1.0, ""contingency"": [[0, 1], [238, 19079]]}",{}
366,NC00962.3,MXF-0.05-0.95,0.0,GARC1,RUS,MXF,gyrB@g-71a,U,{},"{""proportion"": 0.0, ""confidence"": [0.0, 0.7934506856227626], ""p_value"": 1.0, ""contingency"": [[0, 1], [238, 19079]]}",{}
367,NC00962.3,MXF-0.05-0.95,0.0,GARC1,RUS,MXF,gyrB@c-58g,U,{},"{""proportion"": 0.0, ""confidence"": [0.0, 0.6576197724933469], ""p_value"": 1.0, ""contingency"": [[0, 2], [238, 19079]]}",{}
368,NC00962.3,MXF-0.05-0.95,0.0,GARC1,RUS,MXF,gyrA@L465V,U,{},"{""proportion"": 0.0, ""confidence"": [0.0, 0.6576197724933469], ""p_value"": 1.0, ""contingency"": [[0, 2], [238, 19079]]}",{}
369,NC00962.3,MXF-0.05-0.95,0.0,GARC1,RUS,MXF,gyrB@M530T,U,{},"{""proportion"": 0.0, ""confidence"": [0.0, 0.7934506856227626], ""p_value"": 1.0, ""contingency"": [[0, 1], [238, 19079]]}",{}
370,NC00962.3,MXF-0.05-0.95,0.0,GARC1,RUS,MXF,gyrA@P7S,U,{},"{""proportion"": 0.0, ""confidence"": [0.0, 0.7934506856227626], ""p_value"": 1.0, ""contingency"": [[0, 1], [238, 19079]]}",{}
371,NC00962.3,MXF-0.05-0.95,0.0,GARC1,RUS,MXF,gyrA@E79D,U,{},"{""proportion"": 0.0, ""confidence"": [0.0, 0.6576197724933469], ""p_value"": 1.0, ""contingency"": [[0, 2], [238, 19079]]}",{}
372,NC00962.3,MXF-0.05-0.95,0.0,GARC1,RUS,MXF,gyrA@L711M,U,{},"{""proportion"": 0.0, ""confidence"": [0.0, 0.2588329669680317], ""p_value"": 1.0, ""contingency"": [[0, 11], [238, 19079]]}",{}
373,NC00962.3,MXF-0.05-0.95,0.0,GARC1,RUS,MXF,gyrB@V427M,U,{},"{""proportion"": 0.0, ""confidence"": [0.0, 0.6576197724933469], ""p_value"": 1.0, ""contingency"": [[0, 2], [238, 19079]]}",{}
374,NC00962.3,MXF-0.05-0.95,0.0,GARC1,RUS,MXF,gyrB@K140E,U,{},"{""proportion"": 0.0, ""confidence"": [0.0, 0.7934506856227626], ""p_value"": 1.0, ""contingency"": [[0, 1], [238, 19079]]}",{}
375,NC00962.3,MXF-0.05-0.95,0.0,GARC1,RUS,MXF,gyrB@Q476E,U,{},"{""proportion"": 0.0, ""confidence"": [0.0, 0.7934506856227626], ""p_value"": 1.0, ""contingency"": [[0, 1], [238, 19079]]}",{}
376,NC00962.3,MXF-0.05-0.95,0.0,GARC1,RUS,MXF,gyrA@A324G,U,{},"{""proportion"": 0.0, ""confidence"": [0.0, 0.7934506856227626], ""p_value"": 1.0, ""contingency"": [[0, 1], [238, 19079]]}",{}
377,NC00962.3,MXF-0.05-0.95,0.0,GARC1,RUS,MXF,gyrB@A237G,U,{},"{""proportion"": 0.0, ""confidence"": [0.0, 0.7934506856227626], ""p_value"": 1.0, ""contingency"": [[0, 1], [238, 19079]]}",{}
378,NC00962.3,MXF-0.05-0.95,0.0,GARC1,RUS,MXF,gyrA@I511V,U,{},"{""proportion"": 0.0, ""confidence"": [0.0, 0.7934506856227626], ""p_value"": 1.0, ""contingency"": [[0, 1], [238, 19079]]}",{}
379,NC00962.3,MXF-0.05-0.95,0.0,GARC1,RUS,MXF,gyrB@H285Q,U,{},"{""proportion"": 0.0, ""confidence"": [0.0, 0.7934506856227626], ""p_value"": 1.0, ""contingency"": [[0, 1], [238, 19079]]}",{}
380,NC00962.3,MXF-0.05-0.95,0.0,GARC1,RUS,MXF,gyrB@T267S,U,{},"{""proportion"": 0.0, ""confidence"": [4.8683609171202235e-17, 0.5614970317550455], ""p_value"": 1.0, ""contingency"": [[0, 3], [238, 19079]]}",{}
381,NC00962.3,MXF-0.05-0.95,0.0,GARC1,RUS,MXF,gyrA@A794V,U,{},"{""proportion"": 0.0, ""confidence"": [0.0, 0.7934506856227626], ""p_value"": 1.0, ""contingency"": [[0, 1], [238, 19079]]}",{}
382,NC00962.3,MXF-0.05-0.95,0.0,GARC1,RUS,MXF,gyrA@R789G,U,{},"{""proportion"": 0.0, ""confidence"": [0.0, 0.43448246478317476], ""p_value"": 1.0, ""contingency"": [[0, 5], [238, 19079]]}",{}
383,NC00962.3,MXF-0.05-0.95,0.0,GARC1,RUS,MXF,gyrB@D259E,U,{},"{""proportion"": 0.0, ""confidence"": [4.8683609171202235e-17, 0.5614970317550455], ""p_value"": 1.0, ""contingency"": [[0, 3], [238, 19079]]}",{}
384,NC00962.3,MXF-0.05-0.95,0.0,GARC1,RUS,MXF,gyrB@A420E,U,{},"{""proportion"": 0.0, ""confidence"": [0.0, 0.7934506856227626], ""p_value"": 1.0, ""contingency"": [[0, 1], [238, 19079]]}",{}
385,NC00962.3,MXF-0.05-0.95,0.0,GARC1,RUS,MXF,gyrB@A130S,U,{},"{""proportion"": 0.0, ""confidence"": [-1.1731740316366828e-17, 0.154639018924847], ""p_value"": 0.6235897814710305, ""contingency"": [[0, 21], [238, 19079]]}",{}
386,NC00962.3,MXF-0.05-0.95,0.0,GARC1,RUS,MXF,gyrA@R106C,U,{},"{""proportion"": 0.0, ""confidence"": [0.0, 0.7934506856227626], ""p_value"": 1.0, ""contingency"": [[0, 1], [238, 19079]]}",{}
387,NC00962.3,MXF-0.05-0.95,0.0,GARC1,RUS,MXF,gyrA@T215A,U,{},"{""proportion"": 0.0, ""confidence"": [0.0, 0.7934506856227626], ""p_value"": 1.0, ""contingency"": [[0, 1], [238, 19079]]}",{}
388,NC00962.3,MXF-0.05-0.95,0.0,GARC1,RUS,MXF,gyrB@A564T,U,{},"{""proportion"": 0.0, ""confidence"": [0.0, 0.6576197724933469], ""p_value"": 1.0, ""contingency"": [[0, 2], [238, 19079]]}",{}
389,NC00962.3,MXF-0.05-0.95,0.0,GARC1,RUS,MXF,gyrA@c-27g,U,{},"{""proportion"": 0.0, ""confidence"": [0.0, 0.6576197724933469], ""p_value"": 1.0, ""contingency"": [[0, 2], [238, 19079]]}",{}
390,NC00962.3,MXF-0.05-0.95,0.0,GARC1,RUS,MXF,gyrB@A508V,U,{},"{""proportion"": 0.0, ""confidence"": [4.8683609171202235e-17, 0.5614970317550455], ""p_value"": 1.0, ""contingency"": [[0, 3], [238, 19079]]}",{}
391,NC00962.3,MXF-0.05-0.95,0.0,GARC1,RUS,MXF,gyrB@G598E,U,{},"{""proportion"": 0.0, ""confidence"": [3.384324554477539e-17, 0.39033428790216534], ""p_value"": 1.0, ""contingency"": [[0, 6], [238, 19079]]}",{}
392,NC00962.3,MXF-0.05-0.95,0.0,GARC1,RUS,MXF,gyrA@T378I,U,{},"{""proportion"": 0.0, ""confidence"": [0.0, 0.7934506856227626], ""p_value"": 1.0, ""contingency"": [[0, 1], [238, 19079]]}",{}
393,NC00962.3,MXF-0.05-0.95,0.0,GARC1,RUS,MXF,gyrB@D434H,U,{},"{""proportion"": 0.0, ""confidence"": [0.0, 0.6576197724933469], ""p_value"": 1.0, ""contingency"": [[0, 2], [238, 19079]]}",{}
394,NC00962.3,MXF-0.05-0.95,0.0,GARC1,RUS,MXF,gyrB@A618T,U,{},"{""proportion"": 0.0, ""confidence"": [0.0, 0.6576197724933469], ""p_value"": 1.0, ""contingency"": [[0, 2], [238, 19079]]}",{}
395,NC00962.3,MXF-0.05-0.95,0.0,GARC1,RUS,MXF,gyrA@G503R,U,{},"{""proportion"": 0.0, ""confidence"": [0.0, 0.43448246478317476], ""p_value"": 1.0, ""contingency"": [[0, 5], [238, 19079]]}",{}
396,NC00962.3,MXF-0.05-0.95,0.0,GARC1,RUS,MXF,gyrA@I707V,U,{},"{""proportion"": 0.0, ""confidence"": [0.0, 0.6576197724933469], ""p_value"": 1.0, ""contingency"": [[0, 2], [238, 19079]]}",{}
397,NC00962.3,MXF-0.05-0.95,0.0,GARC1,RUS,MXF,gyrA@V651A,U,{},"{""proportion"": 0.0, ""confidence"": [0.0, 0.6576197724933469], ""p_value"": 1.0, ""contingency"": [[0, 2], [238, 19079]]}",{}
398,NC00962.3,MXF-0.05-0.95,0.0,GARC1,RUS,MXF,gyrB@K668R,U,{},"{""proportion"": 0.0, ""confidence"": [0.0, 0.6576197724933469], ""p_value"": 1.0, ""contingency"": [[0, 2], [238, 19079]]}",{}
399,NC00962.3,MXF-0.05-0.95,0.0,GARC1,RUS,MXF,gyrB@S248G,U,{},"{""proportion"": 0.0, ""confidence"": [0.0, 0.6576197724933469], ""p_value"": 1.0, ""contingency"": [[0, 2], [238, 19079]]}",{}
400,NC00962.3,MXF-0.05-0.95,0.0,GARC1,RUS,MXF,gyrB@A115V,U,{},"{""proportion"": 0.0, ""confidence"": [0.0, 0.6576197724933469], ""p_value"": 1.0, ""contingency"": [[0, 2], [238, 19079]]}",{}
401,NC00962.3,MXF-0.05-0.95,0.0,GARC1,RUS,MXF,gyrA@L455V,U,{},"{""proportion"": 0.0, ""confidence"": [0.0, 0.6576197724933469], ""p_value"": 1.0, ""contingency"": [[0, 2], [238, 19079]]}",{}
402,NC00962.3,MXF-0.05-0.95,0.0,GARC1,RUS,MXF,gyrA@A198G,U,{},"{""proportion"": 0.0, ""confidence"": [0.0, 0.6576197724933469], ""p_value"": 1.0, ""contingency"": [[0, 2], [238, 19079]]}",{}
403,NC00962.3,MXF-0.05-0.95,0.0,GARC1,RUS,MXF,gyrB@S413A,U,{},"{""proportion"": 0.0, ""confidence"": [0.0, 0.6576197724933469], ""p_value"": 1.0, ""contingency"": [[0, 2], [238, 19079]]}",{}
404,NC00962.3,MXF-0.05-0.95,0.0,GARC1,RUS,MXF,gyrA@T638N,U,{},"{""proportion"": 0.0, ""confidence"": [0.0, 0.6576197724933469], ""p_value"": 1.0, ""contingency"": [[0, 2], [238, 19079]]}",{}
405,NC00962.3,MXF-0.05-0.95,0.0,GARC1,RUS,MXF,gyrA@R607C,U,{},"{""proportion"": 0.0, ""confidence"": [0.0, 0.7934506856227626], ""p_value"": 1.0, ""contingency"": [[0, 1], [238, 19079]]}",{}
406,NC00962.3,MXF-0.05-0.95,0.0,GARC1,RUS,MXF,gyrA@R14L,U,{},"{""proportion"": 0.0, ""confidence"": [4.8683609171202235e-17, 0.5614970317550455], ""p_value"": 1.0, ""contingency"": [[0, 3], [238, 19079]]}",{}
407,NC00962.3,MXF-0.05-0.95,0.0,GARC1,RUS,MXF,gyrB@I486V,U,{},"{""proportion"": 0.0, ""confidence"": [0.0, 0.7934506856227626], ""p_value"": 1.0, ""contingency"": [[0, 1], [238, 19079]]}",{}
408,NC00962.3,MXF-0.05-0.95,0.0,GARC1,RUS,MXF,gyrA@T164M,U,{},"{""proportion"": 0.0, ""confidence"": [0.0, 0.7934506856227626], ""p_value"": 1.0, ""contingency"": [[0, 1], [238, 19079]]}",{}
409,NC00962.3,MXF-0.05-0.95,0.0,GARC1,RUS,MXF,gyrB@T401I,U,{},"{""proportion"": 0.0, ""confidence"": [0.0, 0.7934506856227626], ""p_value"": 1.0, ""contingency"": [[0, 1], [238, 19079]]}",{}
410,NC00962.3,MXF-0.05-0.95,0.0,GARC1,RUS,MXF,gyrB@D402E,U,{},"{""proportion"": 0.0, ""confidence"": [0.0, 0.7934506856227626], ""p_value"": 1.0, ""contingency"": [[0, 1], [238, 19079]]}",{}
411,NC00962.3,MXF-0.05-0.95,0.0,GARC1,RUS,MXF,gyrB@D494A,U,{},"{""proportion"": 0.0, ""confidence"": [0.0, 0.6576197724933469], ""p_value"": 1.0, ""contingency"": [[0, 2], [238, 19079]]}",{}
412,NC00962.3,MXF-0.05-0.95,0.0,GARC1,RUS,MXF,gyrA@G477E,U,{},"{""proportion"": 0.0, ""confidence"": [4.8683609171202235e-17, 0.5614970317550455], ""p_value"": 1.0, ""contingency"": [[0, 3], [238, 19079]]}",{}
413,NC00962.3,MXF-0.05-0.95,0.0,GARC1,RUS,MXF,gyrA@Q603H,U,{},"{""proportion"": 0.0, ""confidence"": [0.0, 0.7934506856227626], ""p_value"": 1.0, ""contingency"": [[0, 1], [238, 19079]]}",{}
414,NC00962.3,MXF-0.05-0.95,0.0,GARC1,RUS,MXF,gyrA@G351A,U,{},"{""proportion"": 0.0, ""confidence"": [4.8683609171202235e-17, 0.5614970317550455], ""p_value"": 1.0, ""contingency"": [[0, 3], [238, 19079]]}",{}
415,NC00962.3,MXF-0.05-0.95,0.0,GARC1,RUS,MXF,gyrB@V457L,U,{},"{""proportion"": 0.0, ""confidence"": [0.0, 0.32440756488388023], ""p_value"": 1.0, ""contingency"": [[0, 8], [238, 19079]]}",{}
416,NC00962.3,MXF-0.05-0.95,0.0,GARC1,RUS,MXF,gyrB@V327L,U,{},"{""proportion"": 0.0, ""confidence"": [0.0, 0.6576197724933469], ""p_value"": 1.0, ""contingency"": [[0, 2], [238, 19079]]}",{}
417,NC00962.3,MXF-0.05-0.95,0.0,GARC1,RUS,MXF,gyrB@1932_del_cga,U,{},"{""proportion"": 0.0, ""confidence"": [0.0, 0.7934506856227626], ""p_value"": 1.0, ""contingency"": [[0, 1], [238, 19079]]}",{}
418,NC00962.3,MXF-0.05-0.95,0.0,GARC1,RUS,MXF,gyrA@M141V,U,{},"{""proportion"": 0.0, ""confidence"": [0.0, 0.7934506856227626], ""p_value"": 1.0, ""contingency"": [[0, 1], [238, 19079]]}",{}
419,NC00962.3,MXF-0.05-0.95,0.0,GARC1,RUS,MXF,gyrB@A504T,U,{},"{""proportion"": 0.0, ""confidence"": [4.8683609171202235e-17, 0.5614970317550455], ""p_value"": 1.0, ""contingency"": [[0, 3], [238, 19079]]}",{}
420,NC00962.3,MXF-0.05-0.95,0.0,GARC1,RUS,MXF,gyrB@c-52t,U,{},"{""proportion"": 0.0, ""confidence"": [0.0, 0.7934506856227626], ""p_value"": 1.0, ""contingency"": [[0, 1], [238, 19079]]}",{}
421,NC00962.3,MXF-0.05-0.95,0.0,GARC1,RUS,MXF,gyrA@T355M,U,{},"{""proportion"": 0.0, ""confidence"": [0.0, 0.6576197724933469], ""p_value"": 1.0, ""contingency"": [[0, 2], [238, 19079]]}",{}
422,NC00962.3,MXF-0.05-0.95,0.0,GARC1,RUS,MXF,gyrB@H302R,U,{},"{""proportion"": 0.0, ""confidence"": [0.0, 0.17587922364665765], ""p_value"": 1.0, ""contingency"": [[0, 18], [238, 19079]]}",{}
423,NC00962.3,MXF-0.05-0.95,0.0,GARC1,RUS,MXF,gyrA@S536R,U,{},"{""proportion"": 0.0, ""confidence"": [0.0, 0.4898908364545973], ""p_value"": 1.0, ""contingency"": [[0, 4], [238, 19079]]}",{}
424,NC00962.3,MXF-0.05-0.95,0.0,GARC1,RUS,MXF,gyrA@E317G,U,{},"{""proportion"": 0.0, ""confidence"": [0.0, 0.7934506856227626], ""p_value"": 1.0, ""contingency"": [[0, 1], [238, 19079]]}",{}
425,NC00962.3,MXF-0.05-0.95,0.0,GARC1,RUS,MXF,gyrA@R254C,U,{},"{""proportion"": 0.0, ""confidence"": [0.0, 0.16112515805281938], ""p_value"": 0.6226463974646921, ""contingency"": [[0, 20], [238, 19079]]}",{}
427,NC00962.3,MXF-0.05-0.95,0.0,GARC1,RUS,MXF,gyrB@G38S,U,{},"{""proportion"": 0.0, ""confidence"": [0.0, 0.7934506856227626], ""p_value"": 1.0, ""contingency"": [[0, 1], [238, 19079]]}",{}
429,NC00962.3,MXF-0.05-0.95,0.0,GARC1,RUS,MXF,gyrB@S576G,U,{},"{""proportion"": 0.0, ""confidence"": [4.8683609171202235e-17, 0.5614970317550455], ""p_value"": 1.0, ""contingency"": [[0, 3], [238, 19079]]}",{}
430,NC00962.3,MXF-0.05-0.95,0.0,GARC1,RUS,MXF,gyrB@D112H,U,{},"{""proportion"": 0.0, ""confidence"": [4.8683609171202235e-17, 0.5614970317550455], ""p_value"": 1.0, ""contingency"": [[0, 3], [238, 19079]]}",{}
431,NC00962.3,MXF-0.05-0.95,0.0,GARC1,RUS,MXF,gyrA@I362M,U,{},"{""proportion"": 0.0, ""confidence"": [0.0, 0.7934506856227626], ""p_value"": 1.0, ""contingency"": [[0, 1], [238, 19079]]}",{}
432,NC00962.3,MXF-0.05-0.95,0.0,GARC1,RUS,MXF,gyrA@L205V,U,{},"{""proportion"": 0.0, ""confidence"": [0.0, 0.4898908364545973], ""p_value"": 1.0, ""contingency"": [[0, 4], [238, 19079]]}",{}
433,NC00962.3,MXF-0.05-0.95,0.0,GARC1,RUS,MXF,gyrA@S250Y,U,{},"{""proportion"": 0.0, ""confidence"": [0.0, 0.7934506856227626], ""p_value"": 1.0, ""contingency"": [[0, 1], [238, 19079]]}",{}
434,NC00962.3,MXF-0.05-0.95,0.0,GARC1,RUS,MXF,gyrA@A662V,U,{},"{""proportion"": 0.0, ""confidence"": [0.0, 0.6576197724933469], ""p_value"": 1.0, ""contingency"": [[0, 2], [238, 19079]]}",{}
435,NC00962.3,MXF-0.05-0.95,0.0,GARC1,RUS,MXF,gyrA@E386V,U,{},"{""proportion"": 0.0, ""confidence"": [0.0, 0.7934506856227626], ""p_value"": 1.0, ""contingency"": [[0, 1], [238, 19079]]}",{}
436,NC00962.3,MXF-0.05-0.95,0.0,GARC1,RUS,MXF,gyrB@c-1g,U,{},"{""proportion"": 0.0, ""confidence"": [0.0, 0.22809537235419838], ""p_value"": 1.0, ""contingency"": [[0, 13], [238, 19079]]}",{}
437,NC00962.3,MXF-0.05-0.95,0.0,GARC1,RUS,MXF,gyrB@g-84a,U,{},"{""proportion"": 0.0, ""confidence"": [0.0, 0.7934506856227626], ""p_value"": 1.0, ""contingency"": [[0, 1], [238, 19079]]}",{}
438,NC00962.3,MXF-0.05-0.95,0.0,GARC1,RUS,MXF,gyrA@G112C,U,{},"{""proportion"": 0.0, ""confidence"": [0.0, 0.7934506856227626], ""p_value"": 1.0, ""contingency"": [[0, 1], [238, 19079]]}",{}
439,NC00962.3,MXF-0.05-0.95,0.0,GARC1,RUS,MXF,gyrA@L401V,U,{},"{""proportion"": 0.0, ""confidence"": [0.0, 0.7934506856227626], ""p_value"": 1.0, ""contingency"": [[0, 1], [238, 19079]]}",{}
440,NC00962.3,MXF-0.05-0.95,0.0,GARC1,RUS,MXF,gyrB@E425A,U,{},"{""proportion"": 0.0, ""confidence"": [0.0, 0.7934506856227626], ""p_value"": 1.0, ""contingency"": [[0, 1], [238, 19079]]}",{}
441,NC00962.3,MXF-0.05-0.95,0.0,GARC1,RUS,MXF,gyrB@D434G,U,{},"{""proportion"": 0.0, ""confidence"": [3.584186086443356e-17, 0.3543304350666874], ""p_value"": 1.0, ""contingency"": [[0, 7], [238, 19079]]}",{}
442,NC00962.3,MXF-0.05-0.95,0.0,GARC1,RUS,MXF,gyrB@D186A,U,{},"{""proportion"": 0.0, ""confidence"": [0.0, 0.7934506856227626], ""p_value"": 1.0, ""contingency"": [[0, 1], [238, 19079]]}",{}
443,NC00962.3,MXF-0.05-0.95,0.0,GARC1,RUS,MXF,gyrA@V326G,U,{},"{""proportion"": 0.0, ""confidence"": [4.8683609171202235e-17, 0.5614970317550455], ""p_value"": 1.0, ""contingency"": [[0, 3], [238, 19079]]}",{}
444,NC00962.3,MXF-0.05-0.95,0.0,GARC1,RUS,MXF,gyrA@D293Y,U,{},"{""proportion"": 0.0, ""confidence"": [0.0, 0.4898908364545973], ""p_value"": 1.0, ""contingency"": [[0, 4], [238, 19079]]}",{}
445,NC00962.3,MXF-0.05-0.95,0.0,GARC1,RUS,MXF,gyrB@N499I,U,{},"{""proportion"": 0.0, ""confidence"": [0.0, 0.7934506856227626], ""p_value"": 1.0, ""contingency"": [[0, 1], [238, 19079]]}",{}
446,NC00962.3,MXF-0.05-0.95,0.0,GARC1,RUS,MXF,gyrA@L465Q,U,{},"{""proportion"": 0.0, ""confidence"": [0.0, 0.7934506856227626], ""p_value"": 1.0, ""contingency"": [[0, 1], [238, 19079]]}",{}
447,NC00962.3,MXF-0.05-0.95,0.0,GARC1,RUS,MXF,gyrA@R575W,U,{},"{""proportion"": 0.0, ""confidence"": [0.0, 0.7934506856227626], ""p_value"": 1.0, ""contingency"": [[0, 1], [238, 19079]]}",{}
448,NC00962.3,MXF-0.05-0.95,0.0,GARC1,RUS,MXF,gyrB@T167A,U,{},"{""proportion"": 0.0, ""confidence"": [0.0, 0.7934506856227626], ""p_value"": 1.0, ""contingency"": [[0, 1], [238, 19079]]}",{}
449,NC00962.3,MXF-0.05-0.95,0.0,GARC1,RUS,MXF,gyrB@A162S,U,{},"{""proportion"": 0.0, ""confidence"": [0.0, 0.7934506856227626], ""p_value"": 1.0, ""contingency"": [[0, 1], [238, 19079]]}",{}
450,NC00962.3,MXF-0.05-0.95,0.0,GARC1,RUS,MXF,gyrB@c-53t,U,{},"{""proportion"": 0.0, ""confidence"": [0.0, 0.7934506856227626], ""p_value"": 1.0, ""contingency"": [[0, 1], [238, 19079]]}",{}
451,NC00962.3,MXF-0.05-0.95,0.0,GARC1,RUS,MXF,gyrB@K333N,U,{},"{""proportion"": 0.0, ""confidence"": [0.0, 0.7934506856227626], ""p_value"": 1.0, ""contingency"": [[0, 1], [238, 19079]]}",{}
452,NC00962.3,MXF-0.05-0.95,0.0,GARC1,RUS,MXF,gyrA@D454G,U,{},"{""proportion"": 0.0, ""confidence"": [0.0, 0.7934506856227626], ""p_value"": 1.0, ""contingency"": [[0, 1], [238, 19079]]}",{}
453,NC00962.3,MXF-0.05-0.95,0.0,GARC1,RUS,MXF,gyrA@E514Q,U,{},"{""proportion"": 0.0, ""confidence"": [0.0, 0.7934506856227626], ""p_value"": 1.0, ""contingency"": [[0, 1], [238, 19079]]}",{}
454,NC00962.3,MXF-0.05-0.95,0.0,GARC1,RUS,MXF,gyrA@I284V,U,{},"{""proportion"": 0.0, ""confidence"": [0.0, 0.7934506856227626], ""p_value"": 1.0, ""contingency"": [[0, 1], [238, 19079]]}",{}
455,NC00962.3,MXF-0.05-0.95,0.0,GARC1,RUS,MXF,gyrB@A355T,U,{},"{""proportion"": 0.0, ""confidence"": [0.0, 0.6576197724933469], ""p_value"": 1.0, ""contingency"": [[0, 2], [238, 19079]]}",{}
456,NC00962.3,MXF-0.05-0.95,0.0,GARC1,RUS,MXF,gyrA@V310F,U,{},"{""proportion"": 0.0, ""confidence"": [0.0, 0.7934506856227626], ""p_value"": 1.0, ""contingency"": [[0, 1], [238, 19079]]}",{}
457,NC00962.3,MXF-0.05-0.95,0.0,GARC1,RUS,MXF,gyrB@L563F,U,{},"{""proportion"": 0.0, ""confidence"": [0.0, 0.7934506856227626], ""p_value"": 1.0, ""contingency"": [[0, 1], [238, 19079]]}",{}
458,NC00962.3,MXF-0.05-0.95,0.0,GARC1,RUS,MXF,gyrA@A400V,U,{},"{""proportion"": 0.0, ""confidence"": [0.0, 0.7934506856227626], ""p_value"": 1.0, ""contingency"": [[0, 1], [238, 19079]]}",{}
459,NC00962.3,MXF-0.05-0.95,0.0,GARC1,RUS,MXF,gyrA@E21H,U,{},"{""proportion"": 0.0, ""confidence"": [0.0, 0.7934506856227626], ""p_value"": 1.0, ""contingency"": [[0, 1], [238, 19079]]}",{}
460,NC00962.3,MXF-0.05-0.95,0.0,GARC1,RUS,MXF,gyrA@S698L,U,{},"{""proportion"": 0.2, ""confidence"": [0.03622410863243013, 0.6244653702374747], ""p_value"": 0.22621906249999996, ""contingency"": [[1, 4], [238, 19079]]}",{}
461,NC00962.3,MXF-0.05-0.95,0.0,GARC1,RUS,MXF,gyrB@P578R,U,{},"{""proportion"": 0.0, ""confidence"": [0.0, 0.7934506856227626], ""p_value"": 1.0, ""contingency"": [[0, 1], [238, 19079]]}",{}
462,NC00962.3,MXF-0.05-0.95,0.0,GARC1,RUS,MXF,gyrA@G702S,U,{},"{""proportion"": 0.0, ""confidence"": [0.0, 0.6576197724933469], ""p_value"": 1.0, ""contingency"": [[0, 2], [238, 19079]]}",{}
463,NC00962.3,MXF-0.05-0.95,0.0,GARC1,RUS,MXF,gyrA@E412G,U,{},"{""proportion"": 0.0, ""confidence"": [0.0, 0.7934506856227626], ""p_value"": 1.0, ""contingency"": [[0, 1], [238, 19079]]}",{}
464,NC00962.3,MXF-0.05-0.95,0.0,GARC1,RUS,MXF,gyrB@V670I,U,{},"{""proportion"": 0.0, ""confidence"": [0.0, 0.7934506856227626], ""p_value"": 1.0, ""contingency"": [[0, 1], [238, 19079]]}",{}
465,NC00962.3,MXF-0.05-0.95,0.0,GARC1,RUS,MXF,gyrB@T170K,U,{},"{""proportion"": 0.0, ""confidence"": [0.0, 0.7934506856227626], ""p_value"": 1.0, ""contingency"": [[0, 1], [238, 19079]]}",{}
466,NC00962.3,MXF-0.05-0.95,0.0,GARC1,RUS,MXF,gyrA@D504E,U,{},"{""proportion"": 0.0, ""confidence"": [0.0, 0.7934506856227626], ""p_value"": 1.0, ""contingency"": [[0, 1], [238, 19079]]}",{}
467,NC00962.3,MXF-0.05-0.95,0.0,GARC1,RUS,MXF,gyrA@G63A,U,{},"{""proportion"": 0.0, ""confidence"": [0.0, 0.7934506856227626], ""p_value"": 1.0, ""contingency"": [[0, 1], [238, 19079]]}",{}
468,NC00962.3,MXF-0.05-0.95,0.0,GARC1,RUS,MXF,gyrB@A593V,U,{},"{""proportion"": 0.0, ""confidence"": [0.0, 0.4898908364545973], ""p_value"": 1.0, ""contingency"": [[0, 4], [238, 19079]]}",{}
469,NC00962.3,MXF-0.05-0.95,0.0,GARC1,RUS,MXF,gyrA@R376L,U,{},"{""proportion"": 0.0, ""confidence"": [0.0, 0.6576197724933469], ""p_value"": 1.0, ""contingency"": [[0, 2], [238, 19079]]}",{}
471,NC00962.3,MXF-0.05-0.95,0.0,GARC1,RUS,MXF,gyrA@M438I,U,{},"{""proportion"": 0.0, ""confidence"": [0.0, 0.7934506856227626], ""p_value"": 1.0, ""contingency"": [[0, 1], [238, 19079]]}",{}
472,NC00962.3,MXF-0.05-0.95,0.0,GARC1,RUS,MXF,gyrB@E21K,U,{},"{""proportion"": 0.0, ""confidence"": [0.0, 0.7934506856227626], ""p_value"": 1.0, ""contingency"": [[0, 1], [238, 19079]]}",{}
473,NC00962.3,MXF-0.05-0.95,0.0,GARC1,RUS,MXF,gyrB@M616V,U,{},"{""proportion"": 0.0, ""confidence"": [0.0, 0.7934506856227626], ""p_value"": 1.0, ""contingency"": [[0, 1], [238, 19079]]}",{}
474,NC00962.3,MXF-0.05-0.95,0.0,GARC1,RUS,MXF,gyrA@D262V,U,{},"{""proportion"": 0.0, ""confidence"": [0.0, 0.43448246478317476], ""p_value"": 1.0, ""contingency"": [[0, 5], [238, 19079]]}",{}
475,NC00962.3,MXF-0.05-0.95,0.0,GARC1,RUS,MXF,gyrA@M139T,U,{},"{""proportion"": 0.0, ""confidence"": [0.0, 0.6576197724933469], ""p_value"": 1.0, ""contingency"": [[0, 2], [238, 19079]]}",{}
476,NC00962.3,MXF-0.05-0.95,0.0,GARC1,RUS,MXF,gyrB@E312D,U,{},"{""proportion"": 0.0, ""confidence"": [0.0, 0.7934506856227626], ""p_value"": 1.0, ""contingency"": [[0, 1], [238, 19079]]}",{}
477,NC00962.3,MXF-0.05-0.95,0.0,GARC1,RUS,MXF,gyrA@P102L,U,{},"{""proportion"": 0.0, ""confidence"": [0.0, 0.6576197724933469], ""p_value"": 1.0, ""contingency"": [[0, 2], [238, 19079]]}",{}
478,NC00962.3,MXF-0.05-0.95,0.0,GARC1,RUS,MXF,gyrA@F152L,U,{},"{""proportion"": 0.0, ""confidence"": [4.8683609171202235e-17, 0.5614970317550455], ""p_value"": 1.0, ""contingency"": [[0, 3], [238, 19079]]}",{}
479,NC00962.3,MXF-0.05-0.95,0.0,GARC1,RUS,MXF,gyrB@c-34t,U,{},"{""proportion"": 0.0, ""confidence"": [0.0, 0.6576197724933469], ""p_value"": 1.0, ""contingency"": [[0, 2], [238, 19079]]}",{}
480,NC00962.3,MXF-0.05-0.95,0.0,GARC1,RUS,MXF,gyrA@E820D,U,{},"{""proportion"": 0.0, ""confidence"": [4.8683609171202235e-17, 0.5614970317550455], ""p_value"": 1.0, ""contingency"": [[0, 3], [238, 19079]]}",{}
481,NC00962.3,MXF-0.05-0.95,0.0,GARC1,RUS,MXF,gyrA@T836K,U,{},"{""proportion"": 0.0, ""confidence"": [0.0, 0.43448246478317476], ""p_value"": 1.0, ""contingency"": [[0, 5], [238, 19079]]}",{}
482,NC00962.3,MXF-0.05-0.95,0.0,GARC1,RUS,MXF,gyrB@Q148E,U,{},"{""proportion"": 0.0, ""confidence"": [0.0, 0.6576197724933469], ""p_value"": 1.0, ""contingency"": [[0, 2], [238, 19079]]}",{}
483,NC00962.3,MXF-0.05-0.95,0.0,GARC1,RUS,MXF,gyrB@c-54t,U,{},"{""proportion"": 0.0, ""confidence"": [0.0, 0.6576197724933469], ""p_value"": 1.0, ""contingency"": [[0, 2], [238, 19079]]}",{}
484,NC00962.3,MXF-0.05-0.95,0.0,GARC1,RUS,MXF,gyrB@g-95c,U,{},"{""proportion"": 0.0, ""confidence"": [0.0, 0.6576197724933469], ""p_value"": 1.0, ""contingency"": [[0, 2], [238, 19079]]}",{}
485,NC00962.3,MXF-0.05-0.95,0.0,GARC1,RUS,MXF,gyrB@S274R,U,{},"{""proportion"": 0.0, ""confidence"": [0.0, 0.4898908364545973], ""p_value"": 1.0, ""contingency"": [[0, 4], [238, 19079]]}",{}
486,NC00962.3,MXF-0.05-0.95,0.0,GARC1,RUS,MXF,gyrB@L69V,U,{},"{""proportion"": 0.0, ""confidence"": [0.0, 0.6576197724933469], ""p_value"": 1.0, ""contingency"": [[0, 2], [238, 19079]]}",{}
487,NC00962.3,MXF-0.05-0.95,0.0,GARC1,RUS,MXF,gyrB@E228Q,U,{},"{""proportion"": 0.0, ""confidence"": [4.8683609171202235e-17, 0.5614970317550455], ""p_value"": 1.0, ""contingency"": [[0, 3], [238, 19079]]}",{}
488,NC00962.3,MXF-0.05-0.95,0.0,GARC1,RUS,MXF,gyrA@V649L,U,{},"{""proportion"": 0.0, ""confidence"": [0.0, 0.7934506856227626], ""p_value"": 1.0, ""contingency"": [[0, 1], [238, 19079]]}",{}
489,NC00962.3,MXF-0.05-0.95,0.0,GARC1,RUS,MXF,gyrA@L659V,U,{},"{""proportion"": 0.0, ""confidence"": [0.0, 0.32440756488388023], ""p_value"": 1.0, ""contingency"": [[0, 8], [238, 19079]]}",{}
490,NC00962.3,MXF-0.05-0.95,0.0,GARC1,RUS,MXF,gyrA@S69G,U,{},"{""proportion"": 0.0, ""confidence"": [4.8683609171202235e-17, 0.5614970317550455], ""p_value"": 1.0, ""contingency"": [[0, 3], [238, 19079]]}",{}
491,NC00962.3,MXF-0.05-0.95,0.0,GARC1,RUS,MXF,gyrA@V259L,U,{},"{""proportion"": 0.0, ""confidence"": [0.0, 0.7934506856227626], ""p_value"": 1.0, ""contingency"": [[0, 1], [238, 19079]]}",{}
492,NC00962.3,MXF-0.05-0.95,0.0,GARC1,RUS,MXF,gyrA@Q679H,U,{},"{""proportion"": 0.0, ""confidence"": [0.0, 0.7934506856227626], ""p_value"": 1.0, ""contingency"": [[0, 1], [238, 19079]]}",{}
493,NC00962.3,MXF-0.05-0.95,0.0,GARC1,RUS,MXF,gyrA@H490Y,U,{},"{""proportion"": 0.0, ""confidence"": [0.0, 0.7934506856227626], ""p_value"": 1.0, ""contingency"": [[0, 1], [238, 19079]]}",{}
494,NC00962.3,MXF-0.05-0.95,0.0,GARC1,RUS,MXF,gyrA@G668N,U,{},"{""proportion"": 0.0, ""confidence"": [0.0, 0.7934506856227626], ""p_value"": 1.0, ""contingency"": [[0, 1], [238, 19079]]}",{}
495,NC00962.3,MXF-0.05-0.95,0.0,GARC1,RUS,MXF,gyrB@S576I,U,{},"{""proportion"": 0.0, ""confidence"": [2.1025014877572554e-17, 0.24249400665524087], ""p_value"": 1.0, ""contingency"": [[0, 12], [238, 19079]]}",{}
496,NC00962.3,MXF-0.05-0.95,0.0,GARC1,RUS,MXF,gyrB@-55_del_c,U,{},"{""proportion"": 0.0, ""confidence"": [0.0, 0.4898908364545973], ""p_value"": 1.0, ""contingency"": [[0, 4], [238, 19079]]}",{}
497,NC00962.3,MXF-0.05-0.95,0.0,GARC1,RUS,MXF,gyrA@G832R,U,{},"{""proportion"": 0.0, ""confidence"": [0.0, 0.7934506856227626], ""p_value"": 1.0, ""contingency"": [[0, 1], [238, 19079]]}",{}
498,NC00962.3,MXF-0.05-0.95,0.0,GARC1,RUS,MXF,gyrB@V406I,U,{},"{""proportion"": 0.0, ""confidence"": [0.0, 0.6576197724933469], ""p_value"": 1.0, ""contingency"": [[0, 2], [238, 19079]]}",{}
499,NC00962.3,MXF-0.05-0.95,0.0,GARC1,RUS,MXF,gyrA@G764R,U,{},"{""proportion"": 0.0, ""confidence"": [0.0, 0.7934506856227626], ""p_value"": 1.0, ""contingency"": [[0, 1], [238, 19079]]}",{}
500,NC00962.3,MXF-0.05-0.95,0.0,GARC1,RUS,MXF,gyrA@G294A,U,{},"{""proportion"": 0.0, ""confidence"": [0.0, 0.7934506856227626], ""p_value"": 1.0, ""contingency"": [[0, 1], [238, 19079]]}",{}
501,NC00962.3,MXF-0.05-0.95,0.0,GARC1,RUS,MXF,gyrA@P17S,U,{},"{""proportion"": 0.0, ""confidence"": [0.0, 0.7934506856227626], ""p_value"": 1.0, ""contingency"": [[0, 1], [238, 19079]]}",{}
502,NC00962.3,MXF-0.05-0.95,0.0,GARC1,RUS,MXF,gyrB@A238T,U,{},"{""proportion"": 0.0, ""confidence"": [0.0, 0.7934506856227626], ""p_value"": 1.0, ""contingency"": [[0, 1], [238, 19079]]}",{}
503,NC00962.3,MXF-0.05-0.95,0.0,GARC1,RUS,MXF,gyrB@c-45g,U,{},"{""proportion"": 0.0, ""confidence"": [0.0, 0.7934506856227626], ""p_value"": 1.0, ""contingency"": [[0, 1], [238, 19079]]}",{}
504,NC00962.3,MXF-0.05-0.95,0.0,GARC1,RUS,MXF,gyrA@G311A,U,{},"{""proportion"": 0.0, ""confidence"": [0.0, 0.7934506856227626], ""p_value"": 1.0, ""contingency"": [[0, 1], [238, 19079]]}",{}
505,NC00962.3,MXF-0.05-0.95,0.0,GARC1,RUS,MXF,gyrA@L331V,U,{},"{""proportion"": 0.0, ""confidence"": [0.0, 0.7934506856227626], ""p_value"": 1.0, ""contingency"": [[0, 1], [238, 19079]]}",{}
506,NC00962.3,MXF-0.05-0.95,0.0,GARC1,RUS,MXF,gyrA@S104L,U,{},"{""proportion"": 0.0, ""confidence"": [0.0, 0.7934506856227626], ""p_value"": 1.0, ""contingency"": [[0, 1], [238, 19079]]}",{}
507,NC00962.3,MXF-0.05-0.95,0.0,GARC1,RUS,MXF,gyrB@c-45t,U,{},"{""proportion"": 0.0, ""confidence"": [0.0, 0.7934506856227626], ""p_value"": 1.0, ""contingency"": [[0, 1], [238, 19079]]}",{}
508,NC00962.3,MXF-0.05-0.95,0.0,GARC1,RUS,MXF,gyrB@c-20t,U,{},"{""proportion"": 0.0, ""confidence"": [0.0, 0.7934506856227626], ""p_value"": 1.0, ""contingency"": [[0, 1], [238, 19079]]}",{}
509,NC00962.3,MXF-0.05-0.95,0.0,GARC1,RUS,MXF,gyrA@G63R,U,{},"{""proportion"": 0.0, ""confidence"": [0.0, 0.7934506856227626], ""p_value"": 1.0, ""contingency"": [[0, 1], [238, 19079]]}",{}
510,NC00962.3,MXF-0.05-0.95,0.0,GARC1,RUS,MXF,gyrA@A200T,U,{},"{""proportion"": 0.0, ""confidence"": [0.0, 0.7934506856227626], ""p_value"": 1.0, ""contingency"": [[0, 1], [238, 19079]]}",{}
511,NC00962.3,MXF-0.05-0.95,0.0,GARC1,RUS,MXF,gyrA@Q290H,U,{},"{""proportion"": 0.0, ""confidence"": [0.0, 0.6576197724933469], ""p_value"": 1.0, ""contingency"": [[0, 2], [238, 19079]]}",{}
512,NC00962.3,MXF-0.05-0.95,0.0,GARC1,RUS,MXF,gyrA@Q238H,U,{},"{""proportion"": 0.0, ""confidence"": [0.0, 0.7934506856227626], ""p_value"": 1.0, ""contingency"": [[0, 1], [238, 19079]]}",{}
513,NC00962.3,MXF-0.05-0.95,0.0,GARC1,RUS,MXF,gyrB@P480S,U,{},"{""proportion"": 0.0, ""confidence"": [0.0, 0.7934506856227626], ""p_value"": 1.0, ""contingency"": [[0, 1], [238, 19079]]}",{}
514,NC00962.3,MXF-0.05-0.95,0.0,GARC1,RUS,MXF,gyrA@E586G,U,{},"{""proportion"": 0.0, ""confidence"": [0.0, 0.7934506856227626], ""p_value"": 1.0, ""contingency"": [[0, 1], [238, 19079]]}",{}
515,NC00962.3,MXF-0.05-0.95,0.0,GARC1,RUS,MXF,gyrA@F683L,U,{},"{""proportion"": 0.0, ""confidence"": [0.0, 0.7934506856227626], ""p_value"": 1.0, ""contingency"": [[0, 1], [238, 19079]]}",{}
516,NC00962.3,MXF-0.05-0.95,0.0,GARC1,RUS,MXF,gyrA@2517_del_a,U,{},"{""proportion"": 0.0, ""confidence"": [0.0, 0.7934506856227626], ""p_value"": 1.0, ""contingency"": [[0, 1], [238, 19079]]}",{}
517,NC00962.3,MXF-0.05-0.95,0.0,GARC1,RUS,MXF,gyrB@Y253S,U,{},"{""proportion"": 0.0, ""confidence"": [0.0, 0.6576197724933469], ""p_value"": 1.0, ""contingency"": [[0, 2], [238, 19079]]}",{}
518,NC00962.3,MXF-0.05-0.95,0.0,GARC1,RUS,MXF,gyrB@L354V,U,{},"{""proportion"": 0.0, ""confidence"": [0.0, 0.6576197724933469], ""p_value"": 1.0, ""contingency"": [[0, 2], [238, 19079]]}",{}
519,NC00962.3,MXF-0.05-0.95,0.0,GARC1,RUS,MXF,gyrA@S237A,U,{},"{""proportion"": 0.0, ""confidence"": [0.0, 0.7934506856227626], ""p_value"": 1.0, ""contingency"": [[0, 1], [238, 19079]]}",{}
520,NC00962.3,MXF-0.05-0.95,0.0,GARC1,RUS,MXF,gyrA@Q113E,U,{},"{""proportion"": 0.0, ""confidence"": [0.0, 0.4898908364545973], ""p_value"": 1.0, ""contingency"": [[0, 4], [238, 19079]]}",{}
521,NC00962.3,MXF-0.05-0.95,0.0,GARC1,RUS,MXF,gyrA@R195G,U,{},"{""proportion"": 0.0, ""confidence"": [0.0, 0.7934506856227626], ""p_value"": 1.0, ""contingency"": [[0, 1], [238, 19079]]}",{}
522,NC00962.3,MXF-0.05-0.95,0.0,GARC1,RUS,MXF,gyrB@c-80a,U,{},"{""proportion"": 0.0, ""confidence"": [0.0, 0.7934506856227626], ""p_value"": 1.0, ""contingency"": [[0, 1], [238, 19079]]}",{}
523,NC00962.3,MXF-0.05-0.95,0.0,GARC1,RUS,MXF,gyrB@H272P,U,{},"{""proportion"": 0.0, ""confidence"": [0.0, 0.7934506856227626], ""p_value"": 1.0, ""contingency"": [[0, 1], [238, 19079]]}",{}
524,NC00962.3,MXF-0.05-0.95,0.0,GARC1,RUS,MXF,gyrA@R802Q,U,{},"{""proportion"": 0.0, ""confidence"": [0.0, 0.7934506856227626], ""p_value"": 1.0, ""contingency"": [[0, 1], [238, 19079]]}",{}
525,NC00962.3,MXF-0.05-0.95,0.0,GARC1,RUS,MXF,gyrB@c-26g,U,{},"{""proportion"": 0.0, ""confidence"": [0.0, 0.6576197724933469], ""p_value"": 1.0, ""contingency"": [[0, 2], [238, 19079]]}",{}
526,NC00962.3,MXF-0.05-0.95,0.0,GARC1,RUS,MXF,gyrA@G744A,U,{},"{""proportion"": 0.0, ""confidence"": [0.0, 0.7934506856227626], ""p_value"": 1.0, ""contingency"": [[0, 1], [238, 19079]]}",{}
527,NC00962.3,MXF-0.05-0.95,0.0,GARC1,RUS,MXF,gyrA@Q305R,U,{},"{""proportion"": 0.0, ""confidence"": [0.0, 0.7934506856227626], ""p_value"": 1.0, ""contingency"": [[0, 1], [238, 19079]]}",{}
528,NC00962.3,MXF-0.05-0.95,0.0,GARC1,RUS,MXF,gyrB@P163S,U,{},"{""proportion"": 0.0, ""confidence"": [0.0, 0.7934506856227626], ""p_value"": 1.0, ""contingency"": [[0, 1], [238, 19079]]}",{}
529,NC00962.3,MXF-0.05-0.95,0.0,GARC1,RUS,MXF,gyrB@T189P,U,{},"{""proportion"": 0.0, ""confidence"": [0.0, 0.7934506856227626], ""p_value"": 1.0, ""contingency"": [[0, 1], [238, 19079]]}",{}
530,NC00962.3,MXF-0.05-0.95,0.0,GARC1,RUS,MXF,gyrA@a-30g,U,{},"{""proportion"": 0.0, ""confidence"": [0.0, 0.7934506856227626], ""p_value"": 1.0, ""contingency"": [[0, 1], [238, 19079]]}",{}
531,NC00962.3,MXF-0.05-0.95,0.0,GARC1,RUS,MXF,gyrA@A579V,U,{},"{""proportion"": 0.0, ""confidence"": [0.0, 0.7934506856227626], ""p_value"": 1.0, ""contingency"": [[0, 1], [238, 19079]]}",{}
532,NC00962.3,MXF-0.05-0.95,0.0,GARC1,RUS,MXF,gyrB@K7Q,U,{},"{""proportion"": 0.0, ""confidence"": [0.0, 0.7934506856227626], ""p_value"": 1.0, ""contingency"": [[0, 1], [238, 19079]]}",{}
533,NC00962.3,MXF-0.05-0.95,0.0,GARC1,RUS,MXF,gyrA@R758P,U,{},"{""proportion"": 0.0, ""confidence"": [0.0, 0.7934506856227626], ""p_value"": 1.0, ""contingency"": [[0, 1], [238, 19079]]}",{}
534,NC00962.3,MXF-0.05-0.95,0.0,GARC1,RUS,MXF,gyrB@A175T,U,{},"{""proportion"": 0.0, ""confidence"": [0.0, 0.7934506856227626], ""p_value"": 1.0, ""contingency"": [[0, 1], [238, 19079]]}",{}
535,NC00962.3,MXF-0.05-0.95,0.0,GARC1,RUS,MXF,gyrA@Q797P,U,{},"{""proportion"": 0.0, ""confidence"": [0.0, 0.6576197724933469], ""p_value"": 1.0, ""contingency"": [[0, 2], [238, 19079]]}",{}
536,NC00962.3,MXF-0.05-0.95,0.0,GARC1,RUS,MXF,gyrA@V352M,U,{},"{""proportion"": 0.0, ""confidence"": [0.0, 0.7934506856227626], ""p_value"": 1.0, ""contingency"": [[0, 1], [238, 19079]]}",{}
537,NC00962.3,MXF-0.05-0.95,0.0,GARC1,RUS,MXF,gyrA@A676D,U,{},"{""proportion"": 0.0, ""confidence"": [0.0, 0.7934506856227626], ""p_value"": 1.0, ""contingency"": [[0, 1], [238, 19079]]}",{}
538,NC00962.3,MXF-0.05-0.95,0.0,GARC1,RUS,MXF,gyrA@a-12g,U,{},"{""proportion"": 0.0, ""confidence"": [0.0, 0.7934506856227626], ""p_value"": 1.0, ""contingency"": [[0, 1], [238, 19079]]}",{}
539,NC00962.3,MXF-0.05-0.95,0.0,GARC1,RUS,MXF,gyrB@S363R,U,{},"{""proportion"": 0.0, ""confidence"": [0.0, 0.7934506856227626], ""p_value"": 1.0, ""contingency"": [[0, 1], [238, 19079]]}",{}
540,NC00962.3,MXF-0.05-0.95,0.0,GARC1,RUS,MXF,gyrA@R292G,U,{},"{""proportion"": 0.5, ""confidence"": [0.09453120573423071, 0.9054687942657693], ""p_value"": 0.09749999999999999, ""contingency"": [[1, 1], [238, 19079]]}",{}
541,NC00962.3,MXF-0.05-0.95,0.0,GARC1,RUS,MXF,gyrA@P621L,U,{},"{""proportion"": 0.0, ""confidence"": [0.0, 0.6576197724933469], ""p_value"": 1.0, ""contingency"": [[0, 2], [238, 19079]]}",{}
542,NC00962.3,MXF-0.05-0.95,0.0,GARC1,RUS,MXF,gyrA@E258D,U,{},"{""proportion"": 0.0, ""confidence"": [0.0, 0.7934506856227626], ""p_value"": 1.0, ""contingency"": [[0, 1], [238, 19079]]}",{}
543,NC00962.3,MXF-0.05-0.95,0.0,GARC1,RUS,MXF,gyrB@D472H,U,{},"{""proportion"": 0.0, ""confidence"": [0.0, 0.7934506856227626], ""p_value"": 1.0, ""contingency"": [[0, 1], [238, 19079]]}",{}
544,NC00962.3,MXF-0.05-0.95,0.0,GARC1,RUS,MXF,gyrA@R264H,U,{},"{""proportion"": 0.0, ""confidence"": [0.0, 0.7934506856227626], ""p_value"": 1.0, ""contingency"": [[0, 1], [238, 19079]]}",{}
545,NC00962.3,MXF-0.05-0.95,0.0,GARC1,RUS,MXF,gyrA@P154A,U,{},"{""proportion"": 0.0, ""confidence"": [0.0, 0.7934506856227626], ""p_value"": 1.0, ""contingency"": [[0, 1], [238, 19079]]}",{}
546,NC00962.3,MXF-0.05-0.95,0.0,GARC1,RUS,MXF,gyrB@G60A,U,{},"{""proportion"": 0.0, ""confidence"": [0.0, 0.7934506856227626], ""p_value"": 1.0, ""contingency"": [[0, 1], [238, 19079]]}",{}
547,NC00962.3,MXF-0.05-0.95,0.0,GARC1,RUS,MXF,gyrB@A2P,U,{},"{""proportion"": 0.0, ""confidence"": [0.0, 0.7934506856227626], ""p_value"": 1.0, ""contingency"": [[0, 1], [238, 19079]]}",{}
548,NC00962.3,MXF-0.05-0.95,0.0,GARC1,RUS,MXF,gyrA@S772R,U,{},"{""proportion"": 0.0, ""confidence"": [0.0, 0.7934506856227626], ""p_value"": 1.0, ""contingency"": [[0, 1], [238, 19079]]}",{}
549,NC00962.3,MXF-0.05-0.95,0.0,GARC1,RUS,MXF,gyrA@S588C,U,{},"{""proportion"": 0.0, ""confidence"": [0.0, 0.7934506856227626], ""p_value"": 1.0, ""contingency"": [[0, 1], [238, 19079]]}",{}
550,NC00962.3,MXF-0.05-0.95,0.0,GARC1,RUS,MXF,gyrA@P154S,U,{},"{""proportion"": 0.0, ""confidence"": [0.0, 0.7934506856227626], ""p_value"": 1.0, ""contingency"": [[0, 1], [238, 19079]]}",{}
551,NC00962.3,MXF-0.05-0.95,0.0,GARC1,RUS,MXF,gyrB@D577N,U,{},"{""proportion"": 0.0, ""confidence"": [0.0, 0.7934506856227626], ""p_value"": 1.0, ""contingency"": [[0, 1], [238, 19079]]}",{}
552,NC00962.3,MXF-0.05-0.95,0.0,GARC1,RUS,MXF,gyrB@g-59a,U,{},"{""proportion"": 0.0, ""confidence"": [0.0, 0.7934506856227626], ""p_value"": 1.0, ""contingency"": [[0, 1], [238, 19079]]}",{}
553,NC00962.3,MXF-0.05-0.95,0.0,GARC1,RUS,MXF,gyrB@A416S,U,{},"{""proportion"": 0.0, ""confidence"": [0.0, 0.7934506856227626], ""p_value"": 1.0, ""contingency"": [[0, 1], [238, 19079]]}",{}
554,NC00962.3,MXF-0.05-0.95,0.0,GARC1,RUS,MXF,gyrB@A57T,U,{},"{""proportion"": 0.0, ""confidence"": [0.0, 0.7934506856227626], ""p_value"": 1.0, ""contingency"": [[0, 1], [238, 19079]]}",{}
555,NC00962.3,MXF-0.05-0.95,0.0,GARC1,RUS,MXF,gyrB@E71D,U,{},"{""proportion"": 0.0, ""confidence"": [0.0, 0.7934506856227626], ""p_value"": 1.0, ""contingency"": [[0, 1], [238, 19079]]}",{}
556,NC00962.3,MXF-0.05-0.95,0.0,GARC1,RUS,MXF,gyrB@T283I,U,{},"{""proportion"": 0.0, ""confidence"": [0.0, 0.7934506856227626], ""p_value"": 1.0, ""contingency"": [[0, 1], [238, 19079]]}",{}
557,NC00962.3,MXF-0.05-0.95,0.0,GARC1,RUS,MXF,gyrB@D277E,U,{},"{""proportion"": 0.0, ""confidence"": [0.0, 0.7934506856227626], ""p_value"": 1.0, ""contingency"": [[0, 1], [238, 19079]]}",{}
558,NC00962.3,MXF-0.05-0.95,0.0,GARC1,RUS,MXF,gyrB@A175P,U,{},"{""proportion"": 0.0, ""confidence"": [0.0, 0.7934506856227626], ""p_value"": 1.0, ""contingency"": [[0, 1], [238, 19079]]}",{}
559,NC00962.3,MXF-0.05-0.95,0.0,GARC1,RUS,MXF,gyrA@S34R,U,{},"{""proportion"": 0.0, ""confidence"": [0.0, 0.7934506856227626], ""p_value"": 1.0, ""contingency"": [[0, 1], [238, 19079]]}",{}
560,NC00962.3,MXF-0.05-0.95,0.0,GARC1,RUS,MXF,gyrA@t-16c,U,{},"{""proportion"": 0.0, ""confidence"": [0.0, 0.7934506856227626], ""p_value"": 1.0, ""contingency"": [[0, 1], [238, 19079]]}",{}
561,NC00962.3,MXF-0.05-0.95,0.0,GARC1,RUS,MXF,gyrA@A138S,U,{},"{""proportion"": 0.0, ""confidence"": [0.0, 0.7934506856227626], ""p_value"": 1.0, ""contingency"": [[0, 1], [238, 19079]]}",{}
563,NC00962.3,MXF-0.05-0.95,0.0,GARC1,RUS,MXF,gyrA@L436V,U,{},"{""proportion"": 0.0, ""confidence"": [0.0, 0.7934506856227626], ""p_value"": 1.0, ""contingency"": [[0, 1], [238, 19079]]}",{}
564,NC00962.3,MXF-0.05-0.95,0.0,GARC1,RUS,MXF,gyrA@L12P,U,{},"{""proportion"": 0.0, ""confidence"": [0.0, 0.7934506856227626], ""p_value"": 1.0, ""contingency"": [[0, 1], [238, 19079]]}",{}
565,NC00962.3,MXF-0.05-0.95,0.0,GARC1,RUS,MXF,gyrB@c-75g,U,{},"{""proportion"": 0.0, ""confidence"": [0.0, 0.7934506856227626], ""p_value"": 1.0, ""contingency"": [[0, 1], [238, 19079]]}",{}
566,NC00962.3,MXF-0.05-0.95,0.0,GARC1,RUS,MXF,gyrA@A217G,U,{},"{""proportion"": 0.0, ""confidence"": [0.0, 0.7934506856227626], ""p_value"": 1.0, ""contingency"": [[0, 1], [238, 19079]]}",{}
567,NC00962.3,MXF-0.05-0.95,0.0,GARC1,RUS,MXF,gyrB@T18I,U,{},"{""proportion"": 0.0, ""confidence"": [0.0, 0.7934506856227626], ""p_value"": 1.0, ""contingency"": [[0, 1], [238, 19079]]}",{}
568,NC00962.3,MXF-0.05-0.95,0.0,GARC1,RUS,MXF,gyrA@D111E,U,{},"{""proportion"": 0.0, ""confidence"": [0.0, 0.7934506856227626], ""p_value"": 1.0, ""contingency"": [[0, 1], [238, 19079]]}",{}
569,NC00962.3,MXF-0.05-0.95,0.0,GARC1,RUS,MXF,gyrB@S147C,U,{},"{""proportion"": 0.0, ""confidence"": [0.0, 0.7934506856227626], ""p_value"": 1.0, ""contingency"": [[0, 1], [238, 19079]]}",{}
570,NC00962.3,MXF-0.05-0.95,0.0,GARC1,RUS,MXF,gyrA@D209H,U,{},"{""proportion"": 0.0, ""confidence"": [0.0, 0.7934506856227626], ""p_value"": 1.0, ""contingency"": [[0, 1], [238, 19079]]}",{}
571,NC00962.3,MXF-0.05-0.95,0.0,GARC1,RUS,MXF,gyrA@D687G,U,{},"{""proportion"": 0.0, ""confidence"": [0.0, 0.7934506856227626], ""p_value"": 1.0, ""contingency"": [[0, 1], [238, 19079]]}",{}
572,NC00962.3,MXF-0.05-0.95,0.0,GARC1,RUS,MXF,gyrB@c-53a,U,{},"{""proportion"": 0.0, ""confidence"": [0.0, 0.7934506856227626], ""p_value"": 1.0, ""contingency"": [[0, 1], [238, 19079]]}",{}
573,NC00962.3,MXF-0.05-0.95,0.0,GARC1,RUS,MXF,gyrA@E148G,U,{},"{""proportion"": 0.0, ""confidence"": [0.0, 0.7934506856227626], ""p_value"": 1.0, ""contingency"": [[0, 1], [238, 19079]]}",{}
574,NC00962.3,MXF-0.05-0.95,0.0,GARC1,RUS,MXF,gyrB@A238D,U,{},"{""proportion"": 0.0, ""confidence"": [0.0, 0.7934506856227626], ""p_value"": 1.0, ""contingency"": [[0, 1], [238, 19079]]}",{}
575,NC00962.3,MXF-0.05-0.95,0.0,GARC1,RUS,MXF,gyrA@R761S,U,{},"{""proportion"": 0.0, ""confidence"": [0.0, 0.7934506856227626], ""p_value"": 1.0, ""contingency"": [[0, 1], [238, 19079]]}",{}
576,NC00962.3,MXF-0.05-0.95,0.0,GARC1,RUS,MXF,gyrB@V411M,U,{},"{""proportion"": 0.0, ""confidence"": [0.0, 0.7934506856227626], ""p_value"": 1.0, ""contingency"": [[0, 1], [238, 19079]]}",{}
577,NC00962.3,MXF-0.05-0.95,0.0,GARC1,RUS,MXF,gyrA@A556G,U,{},"{""proportion"": 0.0, ""confidence"": [0.0, 0.7934506856227626], ""p_value"": 1.0, ""contingency"": [[0, 1], [238, 19079]]}",{}
578,NC00962.3,MXF-0.05-0.95,0.0,GARC1,RUS,MXF,gyrB@I527F,U,{},"{""proportion"": 0.0, ""confidence"": [0.0, 0.7934506856227626], ""p_value"": 1.0, ""contingency"": [[0, 1], [238, 19079]]}",{}
579,NC00962.3,MXF-0.05-0.95,0.0,GARC1,RUS,MXF,gyrA@Q439E,U,{},"{""proportion"": 0.0, ""confidence"": [0.0, 0.6576197724933469], ""p_value"": 1.0, ""contingency"": [[0, 2], [238, 19079]]}",{}
580,NC00962.3,MXF-0.05-0.95,0.0,GARC1,RUS,MXF,gyrA@L134P,U,{},"{""proportion"": 0.0, ""confidence"": [0.0, 0.7934506856227626], ""p_value"": 1.0, ""contingency"": [[0, 1], [238, 19079]]}",{}
581,NC00962.3,MXF-0.05-0.95,0.0,GARC1,RUS,MXF,gyrB@D645A,U,{},"{""proportion"": 0.0, ""confidence"": [0.0, 0.7934506856227626], ""p_value"": 1.0, ""contingency"": [[0, 1], [238, 19079]]}",{}
582,NC00962.3,MXF-0.05-0.95,0.0,GARC1,RUS,MXF,gyrA@S62T,U,{},"{""proportion"": 0.0, ""confidence"": [0.0, 0.7934506856227626], ""p_value"": 1.0, ""contingency"": [[0, 1], [238, 19079]]}",{}
583,NC00962.3,MXF-0.05-0.95,0.0,GARC1,RUS,MXF,gyrA@K325N,U,{},"{""proportion"": 0.0, ""confidence"": [0.0, 0.7934506856227626], ""p_value"": 1.0, ""contingency"": [[0, 1], [238, 19079]]}",{}
584,NC00962.3,MXF-0.05-0.95,0.0,GARC1,RUS,MXF,gyrA@S411A,U,{},"{""proportion"": 0.0, ""confidence"": [0.0, 0.7934506856227626], ""p_value"": 1.0, ""contingency"": [[0, 1], [238, 19079]]}",{}
585,NC00962.3,MXF-0.05-0.95,0.0,GARC1,RUS,MXF,gyrA@F640L,U,{},"{""proportion"": 0.0, ""confidence"": [0.0, 0.7934506856227626], ""p_value"": 1.0, ""contingency"": [[0, 1], [238, 19079]]}",{}
586,NC00962.3,MXF-0.05-0.95,0.0,GARC1,RUS,MXF,gyrB@V427L,U,{},"{""proportion"": 0.0, ""confidence"": [0.0, 0.7934506856227626], ""p_value"": 1.0, ""contingency"": [[0, 1], [238, 19079]]}",{}
587,NC00962.3,MXF-0.05-0.95,0.0,GARC1,RUS,MXF,gyrA@D415N,U,{},"{""proportion"": 0.0, ""confidence"": [0.0, 0.7934506856227626], ""p_value"": 1.0, ""contingency"": [[0, 1], [238, 19079]]}",{}
588,NC00962.3,MXF-0.05-0.95,0.0,GARC1,RUS,MXF,gyrB@D97E,U,{},"{""proportion"": 0.0, ""confidence"": [0.0, 0.6576197724933469], ""p_value"": 1.0, ""contingency"": [[0, 2], [238, 19079]]}",{}
589,NC00962.3,MXF-0.05-0.95,0.0,GARC1,RUS,MXF,gyrA@t-22g,U,{},"{""proportion"": 0.0, ""confidence"": [0.0, 0.7934506856227626], ""p_value"": 1.0, ""contingency"": [[0, 1], [238, 19079]]}",{}
590,NC00962.3,MXF-0.05-0.95,0.0,GARC1,RUS,MXF,gyrA@T836A,U,{},"{""proportion"": 0.0, ""confidence"": [0.0, 0.7934506856227626], ""p_value"": 1.0, ""contingency"": [[0, 1], [238, 19079]]}",{}
591,NC00962.3,MXF-0.05-0.95,0.0,GARC1,RUS,MXF,gyrA@A343T,U,{},"{""proportion"": 0.0, ""confidence"": [0.0, 0.7934506856227626], ""p_value"": 1.0, ""contingency"": [[0, 1], [238, 19079]]}",{}
592,NC00962.3,MXF-0.05-0.95,0.0,GARC1,RUS,MXF,gyrA@R320H,U,{},"{""proportion"": 0.0, ""confidence"": [0.0, 0.7934506856227626], ""p_value"": 1.0, ""contingency"": [[0, 1], [238, 19079]]}",{}
593,NC00962.3,MXF-0.05-0.95,0.0,GARC1,RUS,MXF,gyrA@D350Y,U,{},"{""proportion"": 0.0, ""confidence"": [0.0, 0.7934506856227626], ""p_value"": 1.0, ""contingency"": [[0, 1], [238, 19079]]}",{}
594,NC00962.3,MXF-0.05-0.95,0.0,GARC1,RUS,MXF,gyrA@R45C,U,{},"{""proportion"": 0.0, ""confidence"": [0.0, 0.6576197724933469], ""p_value"": 1.0, ""contingency"": [[0, 2], [238, 19079]]}",{}
595,NC00962.3,MXF-0.05-0.95,0.0,GARC1,RUS,MXF,gyrA@D532A,U,{},"{""proportion"": 0.0, ""confidence"": [0.0, 0.6576197724933469], ""p_value"": 1.0, ""contingency"": [[0, 2], [238, 19079]]}",{}
596,NC00962.3,MXF-0.05-0.95,0.0,GARC1,RUS,MXF,gyrA@P171L,U,{},"{""proportion"": 0.0, ""confidence"": [0.0, 0.7934506856227626], ""p_value"": 1.0, ""contingency"": [[0, 1], [238, 19079]]}",{}
597,NC00962.3,MXF-0.05-0.95,0.0,GARC1,RUS,MXF,gyrB@K152R,U,{},"{""proportion"": 0.0, ""confidence"": [0.0, 0.7934506856227626], ""p_value"": 1.0, ""contingency"": [[0, 1], [238, 19079]]}",{}
598,NC00962.3,MXF-0.05-0.95,0.0,GARC1,RUS,MXF,gyrB@E71A,U,{},"{""proportion"": 0.0, ""confidence"": [0.0, 0.7934506856227626], ""p_value"": 1.0, ""contingency"": [[0, 1], [238, 19079]]}",{}
599,NC00962.3,MXF-0.05-0.95,0.0,GARC1,RUS,MXF,gyrB@S469I,U,{},"{""proportion"": 0.0, ""confidence"": [0.0, 0.7934506856227626], ""p_value"": 1.0, ""contingency"": [[0, 1], [238, 19079]]}",{}
600,NC00962.3,MXF-0.05-0.95,0.0,GARC1,RUS,MXF,gyrB@K361T,U,{},"{""proportion"": 0.0, ""confidence"": [0.0, 0.7934506856227626], ""p_value"": 1.0, ""contingency"": [[0, 1], [238, 19079]]}",{}
601,NC00962.3,MXF-0.05-0.95,0.0,GARC1,RUS,MXF,gyrA@G574A,U,{},"{""proportion"": 0.0, ""confidence"": [0.0, 0.7934506856227626], ""p_value"": 1.0, ""contingency"": [[0, 1], [238, 19079]]}",{}
602,NC00962.3,MXF-0.05-0.95,0.0,GARC1,RUS,MXF,gyrB@G284W,U,{},"{""proportion"": 0.0, ""confidence"": [0.0, 0.7934506856227626], ""p_value"": 1.0, ""contingency"": [[0, 1], [238, 19079]]}",{}
603,NC00962.3,MXF-0.05-0.95,0.0,GARC1,RUS,MXF,gyrB@E352Q,U,{},"{""proportion"": 0.0, ""confidence"": [0.0, 0.7934506856227626], ""p_value"": 1.0, ""contingency"": [[0, 1], [238, 19079]]}",{}
604,NC00962.3,MXF-0.05-0.95,0.0,GARC1,RUS,MXF,gyrA@A434T,U,{},"{""proportion"": 0.0, ""confidence"": [0.0, 0.7934506856227626], ""p_value"": 1.0, ""contingency"": [[0, 1], [238, 19079]]}",{}
605,NC00962.3,MXF-0.05-0.95,0.0,GARC1,RUS,MXF,gyrB@L135I,U,{},"{""proportion"": 0.0, ""confidence"": [0.0, 0.7934506856227626], ""p_value"": 1.0, ""contingency"": [[0, 1], [238, 19079]]}",{}
606,NC00962.3,MXF-0.05-0.95,0.0,GARC1,RUS,MXF,gyrA@T267S,U,{},"{""proportion"": 0.0, ""confidence"": [0.0, 0.7934506856227626], ""p_value"": 1.0, ""contingency"": [[0, 1], [238, 19079]]}",{}
607,NC00962.3,MXF-0.05-0.95,0.0,GARC1,RUS,MXF,gyrB@S661G,U,{},"{""proportion"": 0.0, ""confidence"": [0.0, 0.7934506856227626], ""p_value"": 1.0, ""contingency"": [[0, 1], [238, 19079]]}",{}
608,NC00962.3,MXF-0.05-0.95,0.0,GARC1,RUS,MXF,gyrA@M804I,U,{},"{""proportion"": 0.0, ""confidence"": [0.0, 0.7934506856227626], ""p_value"": 1.0, ""contingency"": [[0, 1], [238, 19079]]}",{}
609,NC00962.3,MXF-0.05-0.95,0.0,GARC1,RUS,MXF,gyrA@R495C,U,{},"{""proportion"": 0.0, ""confidence"": [0.0, 0.4898908364545973], ""p_value"": 1.0, ""contingency"": [[0, 4], [238, 19079]]}",{}
610,NC00962.3,MXF-0.05-0.95,0.0,GARC1,RUS,MXF,gyrB@E221D,U,{},"{""proportion"": 0.0, ""confidence"": [0.0, 0.7934506856227626], ""p_value"": 1.0, ""contingency"": [[0, 1], [238, 19079]]}",{}
611,NC00962.3,MXF-0.05-0.95,0.0,GARC1,RUS,MXF,gyrA@N83K,U,{},"{""proportion"": 0.0, ""confidence"": [0.0, 0.7934506856227626], ""p_value"": 1.0, ""contingency"": [[0, 1], [238, 19079]]}",{}
612,NC00962.3,MXF-0.05-0.95,0.0,GARC1,RUS,MXF,gyrA@L48R,U,{},"{""proportion"": 0.0, ""confidence"": [0.0, 0.7934506856227626], ""p_value"": 1.0, ""contingency"": [[0, 1], [238, 19079]]}",{}
613,NC00962.3,MXF-0.05-0.95,0.0,GARC1,RUS,MXF,gyrA@c-24t,U,{},"{""proportion"": 0.0, ""confidence"": [0.0, 0.7934506856227626], ""p_value"": 1.0, ""contingency"": [[0, 1], [238, 19079]]}",{}
614,NC00962.3,MXF-0.05-0.95,0.0,GARC1,RUS,MXF,gyrB@G203V,U,{},"{""proportion"": 0.0, ""confidence"": [0.0, 0.7934506856227626], ""p_value"": 1.0, ""contingency"": [[0, 1], [238, 19079]]}",{}
615,NC00962.3,MXF-0.05-0.95,0.0,GARC1,RUS,MXF,gyrA@D10E,U,{},"{""proportion"": 0.0, ""confidence"": [0.0, 0.7934506856227626], ""p_value"": 1.0, ""contingency"": [[0, 1], [238, 19079]]}",{}
616,NC00962.3,MXF-0.05-0.95,0.0,GARC1,RUS,MXF,gyrA@H52Q,U,{},"{""proportion"": 0.0, ""confidence"": [0.0, 0.7934506856227626], ""p_value"": 1.0, ""contingency"": [[0, 1], [238, 19079]]}",{}
618,NC00962.3,MXF-0.05-0.95,0.0,GARC1,RUS,MXF,gyrA@R476C,U,{},"{""proportion"": 0.0, ""confidence"": [0.0, 0.7934506856227626], ""p_value"": 1.0, ""contingency"": [[0, 1], [238, 19079]]}",{}
619,NC00962.3,MXF-0.05-0.95,0.0,GARC1,RUS,MXF,gyrA@R448H,U,{},"{""proportion"": 0.0, ""confidence"": [0.0, 0.7934506856227626], ""p_value"": 1.0, ""contingency"": [[0, 1], [238, 19079]]}",{}
620,NC00962.3,MXF-0.05-0.95,0.0,GARC1,RUS,MXF,gyrA@M804V,U,{},"{""proportion"": 0.0, ""confidence"": [0.0, 0.6576197724933469], ""p_value"": 1.0, ""contingency"": [[0, 2], [238, 19079]]}",{}
621,NC00962.3,MXF-0.05-0.95,0.0,GARC1,RUS,MXF,gyrB@P343L,U,{},"{""proportion"": 0.0, ""confidence"": [0.0, 0.6576197724933469], ""p_value"": 1.0, ""contingency"": [[0, 2], [238, 19079]]}",{}
622,NC00962.3,MXF-0.05-0.95,0.0,GARC1,RUS,MXF,gyrA@A696V,U,{},"{""proportion"": 0.0, ""confidence"": [0.0, 0.6576197724933469], ""p_value"": 1.0, ""contingency"": [[0, 2], [238, 19079]]}",{}
623,NC00962.3,MXF-0.05-0.95,0.0,GARC1,RUS,MXF,gyrA@Q679K,U,{},"{""proportion"": 0.0, ""confidence"": [0.0, 0.6576197724933469], ""p_value"": 1.0, ""contingency"": [[0, 2], [238, 19079]]}",{}
624,NC00962.3,MXF-0.05-0.95,0.0,GARC1,RUS,MXF,gyrB@M58I,U,{},"{""proportion"": 0.0, ""confidence"": [0.0, 0.43448246478317476], ""p_value"": 1.0, ""contingency"": [[0, 5], [238, 19079]]}",{}
625,NC00962.3,MXF-0.05-0.95,0.0,GARC1,RUS,MXF,gyrB@S274G,U,{},"{""proportion"": 0.0, ""confidence"": [0.0, 0.6576197724933469], ""p_value"": 1.0, ""contingency"": [[0, 2], [238, 19079]]}",{}
627,NC00962.3,MXF-0.05-0.95,0.0,GARC1,RUS,MXF,gyrB@D110G,U,{},"{""proportion"": 0.0, ""confidence"": [0.0, 0.7934506856227626], ""p_value"": 1.0, ""contingency"": [[0, 1], [238, 19079]]}",{}
628,NC00962.3,MXF-0.05-0.95,0.0,GARC1,RUS,MXF,gyrA@A689G,U,{},"{""proportion"": 0.0, ""confidence"": [0.0, 0.7934506856227626], ""p_value"": 1.0, ""contingency"": [[0, 1], [238, 19079]]}",{}
629,NC00962.3,MXF-0.05-0.95,0.0,GARC1,RUS,MXF,gyrA@P8S,U,{},"{""proportion"": 0.0, ""confidence"": [0.0, 0.6576197724933469], ""p_value"": 1.0, ""contingency"": [[0, 2], [238, 19079]]}",{}
630,NC00962.3,MXF-0.05-0.95,0.0,GARC1,RUS,MXF,gyrA@A132V,U,{},"{""proportion"": 0.0, ""confidence"": [0.0, 0.7934506856227626], ""p_value"": 1.0, ""contingency"": [[0, 1], [238, 19079]]}",{}
631,NC00962.3,MXF-0.05-0.95,0.0,GARC1,RUS,MXF,gyrB@E489Q,U,{},"{""proportion"": 0.0, ""confidence"": [0.0, 0.7934506856227626], ""p_value"": 1.0, ""contingency"": [[0, 1], [238, 19079]]}",{}
632,NC00962.3,MXF-0.05-0.95,0.0,GARC1,RUS,MXF,gyrA@R409Q,U,{},"{""proportion"": 0.0, ""confidence"": [4.8683609171202235e-17, 0.5614970317550455], ""p_value"": 1.0, ""contingency"": [[0, 3], [238, 19079]]}",{}
633,NC00962.3,MXF-0.05-0.95,0.0,GARC1,RUS,MXF,gyrA@Q790E,U,{},"{""proportion"": 0.0, ""confidence"": [0.0, 0.7934506856227626], ""p_value"": 1.0, ""contingency"": [[0, 1], [238, 19079]]}",{}
634,NC00962.3,MXF-0.05-0.95,0.0,GARC1,RUS,MXF,gyrA@A650S,U,{},"{""proportion"": 0.0, ""confidence"": [0.0, 0.7934506856227626], ""p_value"": 1.0, ""contingency"": [[0, 1], [238, 19079]]}",{}
635,NC00962.3,MXF-0.05-0.95,0.0,GARC1,RUS,MXF,gyrA@T135P,U,{},"{""proportion"": 0.0, ""confidence"": [0.0, 0.7934506856227626], ""p_value"": 1.0, ""contingency"": [[0, 1], [238, 19079]]}",{}
636,NC00962.3,MXF-0.05-0.95,0.0,GARC1,RUS,MXF,gyrA@V479M,U,{},"{""proportion"": 0.0, ""confidence"": [0.0, 0.7934506856227626], ""p_value"": 1.0, ""contingency"": [[0, 1], [238, 19079]]}",{}
637,NC00962.3,MXF-0.05-0.95,0.0,GARC1,RUS,MXF,gyrA@K748I,U,{},"{""proportion"": 0.0, ""confidence"": [0.0, 0.7934506856227626], ""p_value"": 1.0, ""contingency"": [[0, 1], [238, 19079]]}",{}
638,NC00962.3,MXF-0.05-0.95,0.0,GARC1,RUS,MXF,gyrA@T4R,U,{},"{""proportion"": 0.0, ""confidence"": [0.0, 0.7934506856227626], ""p_value"": 1.0, ""contingency"": [[0, 1], [238, 19079]]}",{}
639,NC00962.3,MXF-0.05-0.95,0.0,GARC1,RUS,MXF,gyrB@A295G,U,{},"{""proportion"": 0.0, ""confidence"": [0.0, 0.7934506856227626], ""p_value"": 1.0, ""contingency"": [[0, 1], [238, 19079]]}",{}
640,NC00962.3,MXF-0.05-0.95,0.0,GARC1,RUS,MXF,gyrA@K580N,U,{},"{""proportion"": 0.0, ""confidence"": [0.0, 0.7934506856227626], ""p_value"": 1.0, ""contingency"": [[0, 1], [238, 19079]]}",{}
641,NC00962.3,MXF-0.05-0.95,0.0,GARC1,RUS,MXF,gyrA@G112V,U,{},"{""proportion"": 0.0, ""confidence"": [0.0, 0.7934506856227626], ""p_value"": 1.0, ""contingency"": [[0, 1], [238, 19079]]}",{}
642,NC00962.3,MXF-0.05-0.95,0.0,GARC1,RUS,MXF,gyrA@Y365C,U,{},"{""proportion"": 0.0, ""confidence"": [0.0, 0.6576197724933469], ""p_value"": 1.0, ""contingency"": [[0, 2], [238, 19079]]}",{}
643,NC00962.3,MXF-0.05-0.95,0.0,GARC1,RUS,MXF,gyrB@F251V,U,{},"{""proportion"": 0.0, ""confidence"": [0.0, 0.7934506856227626], ""p_value"": 1.0, ""contingency"": [[0, 1], [238, 19079]]}",{}
644,NC00962.3,MXF-0.05-0.95,0.0,GARC1,RUS,MXF,gyrB@F396L,U,{},"{""proportion"": 0.0, ""confidence"": [0.0, 0.7934506856227626], ""p_value"": 1.0, ""contingency"": [[0, 1], [238, 19079]]}",{}
645,NC00962.3,MXF-0.05-0.95,0.0,GARC1,RUS,MXF,gyrA@A787P,U,{},"{""proportion"": 0.0, ""confidence"": [0.0, 0.7934506856227626], ""p_value"": 1.0, ""contingency"": [[0, 1], [238, 19079]]}",{}
646,NC00962.3,MXF-0.05-0.95,0.0,GARC1,RUS,MXF,gyrA@S728A,U,{},"{""proportion"": 0.0, ""confidence"": [0.0, 0.7934506856227626], ""p_value"": 1.0, ""contingency"": [[0, 1], [238, 19079]]}",{}
647,NC00962.3,MXF-0.05-0.95,0.0,GARC1,RUS,MXF,gyrB@I493L,U,{},"{""proportion"": 0.0, ""confidence"": [0.0, 0.7934506856227626], ""p_value"": 1.0, ""contingency"": [[0, 1], [238, 19079]]}",{}
648,NC00962.3,MXF-0.05-0.95,0.0,GARC1,RUS,MXF,gyrB@Q503H,U,{},"{""proportion"": 0.0, ""confidence"": [0.0, 0.7934506856227626], ""p_value"": 1.0, ""contingency"": [[0, 1], [238, 19079]]}",{}
650,NC00962.3,MXF-0.05-0.95,0.0,GARC1,RUS,MXF,gyrB@A8T,U,{},"{""proportion"": 0.0, ""confidence"": [0.0, 0.7934506856227626], ""p_value"": 1.0, ""contingency"": [[0, 1], [238, 19079]]}",{}
651,NC00962.3,MXF-0.05-0.95,0.0,GARC1,RUS,MXF,gyrB@I519M,U,{},"{""proportion"": 0.0, ""confidence"": [0.0, 0.7934506856227626], ""p_value"": 1.0, ""contingency"": [[0, 1], [238, 19079]]}",{}
652,NC00962.3,MXF-0.05-0.95,0.0,GARC1,RUS,MXF,gyrA@T135S,U,{},"{""proportion"": 0.0, ""confidence"": [0.0, 0.7934506856227626], ""p_value"": 1.0, ""contingency"": [[0, 1], [238, 19079]]}",{}
653,NC00962.3,MXF-0.05-0.95,0.0,GARC1,RUS,MXF,gyrB@E24K,U,{},"{""proportion"": 0.0, ""confidence"": [0.0, 0.7934506856227626], ""p_value"": 1.0, ""contingency"": [[0, 1], [238, 19079]]}",{}
654,NC00962.3,MXF-0.05-0.95,0.0,GARC1,RUS,MXF,gyrA@A297G,U,{},"{""proportion"": 0.0, ""confidence"": [0.0, 0.7934506856227626], ""p_value"": 1.0, ""contingency"": [[0, 1], [238, 19079]]}",{}
655,NC00962.3,MXF-0.05-0.95,0.0,GARC1,RUS,MXF,gyrB@P177H,U,{},"{""proportion"": 0.0, ""confidence"": [0.0, 0.7934506856227626], ""p_value"": 1.0, ""contingency"": [[0, 1], [238, 19079]]}",{}
656,NC00962.3,MXF-0.05-0.95,0.0,GARC1,RUS,MXF,gyrA@Q743H,U,{},"{""proportion"": 0.0, ""confidence"": [0.0, 0.7934506856227626], ""p_value"": 1.0, ""contingency"": [[0, 1], [238, 19079]]}",{}
657,NC00962.3,MXF-0.05-0.95,0.0,GARC1,RUS,MXF,gyrA@K636E,U,{},"{""proportion"": 0.0, ""confidence"": [0.0, 0.6576197724933469], ""p_value"": 1.0, ""contingency"": [[0, 2], [238, 19079]]}",{}
658,NC00962.3,MXF-0.05-0.95,0.0,GARC1,RUS,MXF,gyrB@S359T,U,{},"{""proportion"": 0.0, ""confidence"": [0.0, 0.7934506856227626], ""p_value"": 1.0, ""contingency"": [[0, 1], [238, 19079]]}",{}
659,NC00962.3,MXF-0.05-0.95,0.0,GARC1,RUS,MXF,gyrB@Q4R,U,{},"{""proportion"": 0.0, ""confidence"": [0.0, 0.7934506856227626], ""p_value"": 1.0, ""contingency"": [[0, 1], [238, 19079]]}",{}
660,NC00962.3,MXF-0.05-0.95,0.0,GARC1,RUS,MXF,gyrB@A87G,U,{},"{""proportion"": 0.0, ""confidence"": [0.0, 0.7934506856227626], ""p_value"": 1.0, ""contingency"": [[0, 1], [238, 19079]]}",{}
661,NC00962.3,MXF-0.05-0.95,0.0,GARC1,RUS,MXF,gyrA@P741A,U,{},"{""proportion"": 0.0, ""confidence"": [0.0, 0.7934506856227626], ""p_value"": 1.0, ""contingency"": [[0, 1], [238, 19079]]}",{}
662,NC00962.3,MXF-0.05-0.95,0.0,GARC1,RUS,MXF,gyrA@R796Q,U,{},"{""proportion"": 0.0, ""confidence"": [0.0, 0.7934506856227626], ""p_value"": 1.0, ""contingency"": [[0, 1], [238, 19079]]}",{}
663,NC00962.3,MXF-0.05-0.95,0.0,GARC1,RUS,MXF,gyrB@G143R,U,{},"{""proportion"": 0.0, ""confidence"": [0.0, 0.7934506856227626], ""p_value"": 1.0, ""contingency"": [[0, 1], [238, 19079]]}",{}
664,NC00962.3,MXF-0.05-0.95,0.0,GARC1,RUS,MXF,gyrA@I153S,U,{},"{""proportion"": 0.0, ""confidence"": [0.0, 0.7934506856227626], ""p_value"": 1.0, ""contingency"": [[0, 1], [238, 19079]]}",{}
665,NC00962.3,MXF-0.05-0.95,0.0,GARC1,RUS,MXF,gyrA@V791A,U,{},"{""proportion"": 0.0, ""confidence"": [0.0, 0.7934506856227626], ""p_value"": 1.0, ""contingency"": [[0, 1], [238, 19079]]}",{}
666,NC00962.3,MXF-0.05-0.95,0.0,GARC1,RUS,MXF,gyrA@P66A,U,{},"{""proportion"": 0.0, ""confidence"": [0.0, 0.7934506856227626], ""p_value"": 1.0, ""contingency"": [[0, 1], [238, 19079]]}",{}
667,NC00962.3,MXF-0.05-0.95,0.0,GARC1,RUS,MXF,gyrB@K521R,U,{},"{""proportion"": 0.0, ""confidence"": [0.0, 0.7934506856227626], ""p_value"": 1.0, ""contingency"": [[0, 1], [238, 19079]]}",{}
668,NC00962.3,MXF-0.05-0.95,0.0,GARC1,RUS,MXF,gyrB@E516D,U,{},"{""proportion"": 0.0, ""confidence"": [0.0, 0.7934506856227626], ""p_value"": 1.0, ""contingency"": [[0, 1], [238, 19079]]}",{}
669,NC00962.3,MXF-0.05-0.95,0.0,GARC1,RUS,MXF,gyrB@K619E,U,{},"{""proportion"": 0.0, ""confidence"": [0.0, 0.7934506856227626], ""p_value"": 1.0, ""contingency"": [[0, 1], [238, 19079]]}",{}
670,NC00962.3,MXF-0.05-0.95,0.0,GARC1,RUS,MXF,gyrB@a-39g,U,{},"{""proportion"": 0.0, ""confidence"": [0.0, 0.7934506856227626], ""p_value"": 1.0, ""contingency"": [[0, 1], [238, 19079]]}",{}
671,NC00962.3,MXF-0.05-0.95,0.0,GARC1,RUS,MXF,gyrB@E145!,U,{},"{""proportion"": 0.0, ""confidence"": [0.0, 0.7934506856227626], ""p_value"": 1.0, ""contingency"": [[0, 1], [238, 19079]]}",{}
672,NC00962.3,MXF-0.05-0.95,0.0,GARC1,RUS,MXF,gyrB@V636L,U,{},"{""proportion"": 0.0, ""confidence"": [0.0, 0.7934506856227626], ""p_value"": 1.0, ""contingency"": [[0, 1], [238, 19079]]}",{}
674,NC00962.3,MXF-0.05-0.95,0.0,GARC1,RUS,MXF,gyrA@-*_indel,U,{},"{""default_rule"": ""True""}",{}
675,NC00962.3,MXF-0.05-0.95,0.0,GARC1,RUS,MXF,gyrA@*_indel,U,{},"{""default_rule"": ""True""}",{}
676,NC00962.3,MXF-0.05-0.95,0.0,GARC1,RUS,MXF,gyrA@-*?,U,{},"{""default_rule"": ""True""}",{}
677,NC00962.3,MXF-0.05-0.95,0.0,GARC1,RUS,MXF,gyrA@*?,U,{},"{""default_rule"": ""True""}",{}
678,NC00962.3,MXF-0.05-0.95,0.0,GARC1,RUS,MXF,gyrA@del_0.0,U,{},"{""default_rule"": ""True""}",{}
680,NC00962.3,MXF-0.05-0.95,0.0,GARC1,RUS,MXF,gyrB@-*_indel,U,{},"{""default_rule"": ""True""}",{}
681,NC00962.3,MXF-0.05-0.95,0.0,GARC1,RUS,MXF,gyrB@*_indel,U,{},"{""default_rule"": ""True""}",{}
682,NC00962.3,MXF-0.05-0.95,0.0,GARC1,RUS,MXF,gyrB@-*?,U,{},"{""default_rule"": ""True""}",{}
683,NC00962.3,MXF-0.05-0.95,0.0,GARC1,RUS,MXF,gyrB@*?,U,{},"{""default_rule"": ""True""}",{}
684,NC00962.3,MXF-0.05-0.95,0.0,GARC1,RUS,MXF,gyrB@del_0.0,U,{},"{""default_rule"": ""True""}",{}
