,GENBANK_REFERENCE,CATALOGUE_NAME,CATALOGUE_VERSION,CATALOGUE_GRAMMAR,PREDICTION_VALUES,DRUG,MUTATION,PREDICTION,SOURCE,EVIDENCE,OTHER
0,NC00962.3,STM-0.2-0.95,0.0,GARC1,RUS,STM,gid@L16R,S,{},"{""proportion"": 0.02608695652173913, ""confidence"": [0.017124807076439107, 0.03955064930722824], ""p_value"": 8.8462567588255e-50, ""contingency"": [[21, 784], [128, 5390]]}",{}
1,NC00962.3,STM-0.2-0.95,0.0,GARC1,RUS,STM,gid@E92D,S,{},"{""proportion"": 0.02495075508864084, ""confidence"": [0.01823159488227621, 0.03406031686759353], ""p_value"": 8.126965791632888e-95, ""contingency"": [[38, 1485], [128, 5390]]}",{}
2,NC00962.3,STM-0.2-0.95,0.0,GARC1,RUS,STM,gid@c-11t,S,{},"{""proportion"": 0.02, ""confidence"": [0.003539259271646236, 0.10495443589637815], ""p_value"": 0.00029485272205943597, ""contingency"": [[1, 49], [128, 5390]]}",{}
3,NC00962.3,STM-0.2-0.95,0.0,GARC1,RUS,STM,gid@A205T,S,{},"{""proportion"": 0.0, ""confidence"": [1.1962983316807505e-17, 0.1379762046749802], ""p_value"": 0.00851074461218883, ""contingency"": [[0, 24], [128, 5390]]}",{}
4,NC00962.3,STM-0.2-0.95,0.0,GARC1,RUS,STM,rrs@t-4g,S,{},"{""proportion"": 0.0, ""confidence"": [0.0, 0.16112515805281938], ""p_value"": 0.021511001366792765, ""contingency"": [[0, 20], [128, 5390]]}",{}
5,NC00962.3,STM-0.2-0.95,0.0,GARC1,RUS,STM,rrs@c492t,S,{},"{""proportion"": 0.011049723756906077, ""confidence"": [0.004305179912241726, 0.02806255352853774], ""p_value"": 3.6694258271076013e-29, ""contingency"": [[4, 358], [189, 7756]]}",{}
6,NC00962.3,STM-0.2-0.95,0.0,GARC1,RUS,STM,rrs@c1443g,S,{},"{""proportion"": 0.0, ""confidence"": [0.0, 0.16817922405261626], ""p_value"": 0.02106917361428725, ""contingency"": [[0, 19], [189, 7756]]}",{}
7,NC00962.3,STM-0.2-0.95,0.0,GARC1,RUS,STM,gid@Y195H,S,{},"{""proportion"": 0.013245033112582781, ""confidence"": [0.00363981286206624, 0.0470020428813268], ""p_value"": 2.7332290755261542e-12, ""contingency"": [[2, 149], [189, 7756]]}",{}
665,NC00962.3,STM-0.2-0.95,0.0,GARC1,RUS,STM,rrs@*=,S,{},"{""default_rule"": ""True""}",{}
671,NC00962.3,STM-0.2-0.95,0.0,GARC1,RUS,STM,rpsL@*=,S,{},"{""default_rule"": ""True""}",{}
677,NC00962.3,STM-0.2-0.95,0.0,GARC1,RUS,STM,gid@*=,S,{},"{""default_rule"": ""True""}",{}
8,NC00962.3,STM-0.2-0.95,0.0,GARC1,RUS,STM,gid@G157R,R,{},"{""proportion"": 0.5714285714285714, ""confidence"": [0.2504583645276572, 0.8417801447485304], ""p_value"": 0.03334400000000001, ""contingency"": [[4, 3], [195, 8282]]}",{}
9,NC00962.3,STM-0.2-0.95,0.0,GARC1,RUS,STM,rpsL@K88R,R,{},"{""proportion"": 0.9573991031390134, ""confidence"": [0.9344260445828967, 0.9725601657802257], ""p_value"": 6.120207707685137e-268, ""contingency"": [[427, 19], [195, 8282]]}",{}
10,NC00962.3,STM-0.2-0.95,0.0,GARC1,RUS,STM,rrs@c517t,R,{},"{""proportion"": 0.8456591639871383, ""confidence"": [0.8013132610182837, 0.8815701203677905], ""p_value"": 2.7279966366759776e-132, ""contingency"": [[263, 48], [195, 8282]]}",{}
11,NC00962.3,STM-0.2-0.95,0.0,GARC1,RUS,STM,gid@48_del_t,R,{},"{""proportion"": 1.0, ""confidence"": [0.4385029682449545, 1.0], ""p_value"": 0.008000000000000002, ""contingency"": [[3, 0], [195, 8282]]}",{}
12,NC00962.3,STM-0.2-0.95,0.0,GARC1,RUS,STM,gid@Q125!,R,{},"{""proportion"": 0.75, ""confidence"": [0.5050168346449122, 0.8981793250878696], ""p_value"": 3.3013432320000023e-06, ""contingency"": [[12, 4], [195, 8282]]}",{}
22,NC00962.3,STM-0.2-0.95,0.0,GARC1,RUS,STM,rpsL@K43R,R,{},"{""proportion"": 0.9653779572994806, ""confidence"": [0.9556893527423167, 0.9730079626103569], ""p_value"": 0.0, ""contingency"": [[1673, 60], [195, 8282]]}",{}
24,NC00962.3,STM-0.2-0.95,0.0,GARC1,RUS,STM,gid@351_del_g,R,{},"{""proportion"": 0.5783132530120482, ""confidence"": [0.4709282330502335, 0.6787698509817465], ""p_value"": 4.26608797628157e-14, ""contingency"": [[48, 35], [195, 8282]]}",{}
30,NC00962.3,STM-0.2-0.95,0.0,GARC1,RUS,STM,gid@A138V,R,{},"{""proportion"": 0.6666666666666666, ""confidence"": [0.4670631683813174, 0.8202780967270225], ""p_value"": 9.138227266390602e-07, ""contingency"": [[16, 8], [195, 8282]]}",{}
36,NC00962.3,STM-0.2-0.95,0.0,GARC1,RUS,STM,gid@R137W,R,{},"{""proportion"": 0.6, ""confidence"": [0.35746830120624606, 0.8017550385865843], ""p_value"": 0.0007849853911040007, ""contingency"": [[9, 6], [195, 8282]]}",{}
38,NC00962.3,STM-0.2-0.95,0.0,GARC1,RUS,STM,gid@L79S,R,{},"{""proportion"": 0.7096774193548387, ""confidence"": [0.5340767066925007, 0.8390419984369939], ""p_value"": 1.2558740536788905e-09, ""contingency"": [[22, 9], [195, 8282]]}",{}
39,NC00962.3,STM-0.2-0.95,0.0,GARC1,RUS,STM,gid@E92G,R,{},"{""proportion"": 0.75, ""confidence"": [0.3006418425824019, 0.9544127391902995], ""p_value"": 0.027200000000000005, ""contingency"": [[3, 1], [195, 8282]]}",{}
44,NC00962.3,STM-0.2-0.95,0.0,GARC1,RUS,STM,rrs@a514c,R,{},"{""proportion"": 0.95, ""confidence"": [0.9044490208244799, 0.9744494035211655], ""p_value"": 8.653774442886751e-95, ""contingency"": [[152, 8], [195, 8282]]}",{}
46,NC00962.3,STM-0.2-0.95,0.0,GARC1,RUS,STM,gid@S70R,R,{},"{""proportion"": 0.5625, ""confidence"": [0.331785563988119, 0.7690134759450764], ""p_value"": 0.001475938254848001, ""contingency"": [[9, 7], [195, 8282]]}",{}
48,NC00962.3,STM-0.2-0.95,0.0,GARC1,RUS,STM,gid@115_del_c,R,{},"{""proportion"": 0.5975609756097561, ""confidence"": [0.4893645537689348, 0.6970255684378749], ""p_value"": 3.838641842571721e-15, ""contingency"": [[49, 33], [195, 8282]]}",{}
51,NC00962.3,STM-0.2-0.95,0.0,GARC1,RUS,STM,gid@G69D,R,{},"{""proportion"": 0.8571428571428571, ""confidence"": [0.6005862050302965, 0.9599060787285351], ""p_value"": 2.478899200000002e-07, ""contingency"": [[12, 2], [195, 8282]]}",{}
59,NC00962.3,STM-0.2-0.95,0.0,GARC1,RUS,STM,gid@102_del_g,R,{},"{""proportion"": 0.5784313725490197, ""confidence"": [0.48146538692218854, 0.6697041092116998], ""p_value"": 5.474553902893458e-17, ""contingency"": [[59, 43], [195, 8282]]}",{}
61,NC00962.3,STM-0.2-0.95,0.0,GARC1,RUS,STM,gid@S149R,R,{},"{""proportion"": 0.5217391304347826, ""confidence"": [0.32962737336427406, 0.7076284258335335], ""p_value"": 0.0005973937086924227, ""contingency"": [[12, 11], [195, 8282]]}",{}
66,NC00962.3,STM-0.2-0.95,0.0,GARC1,RUS,STM,rpsL@K88M,R,{},"{""proportion"": 1.0, ""confidence"": [0.6456695649333126, 1.0], ""p_value"": 1.2800000000000005e-05, ""contingency"": [[7, 0], [195, 8282]]}",{}
69,NC00962.3,STM-0.2-0.95,0.0,GARC1,RUS,STM,gid@H48Y,R,{},"{""proportion"": 0.7142857142857143, ""confidence"": [0.35893445183261935, 0.9177810759959434], ""p_value"": 0.0046720000000000025, ""contingency"": [[5, 2], [195, 8282]]}",{}
70,NC00962.3,STM-0.2-0.95,0.0,GARC1,RUS,STM,gid@W45!,R,{},"{""proportion"": 0.5454545454545454, ""confidence"": [0.28009153740932197, 0.7872872837754022], ""p_value"": 0.011654205440000004, ""contingency"": [[6, 5], [195, 8282]]}",{}
96,NC00962.3,STM-0.2-0.95,0.0,GARC1,RUS,STM,gid@S70G,R,{},"{""proportion"": 0.75, ""confidence"": [0.3006418425824019, 0.9544127391902995], ""p_value"": 0.027200000000000005, ""contingency"": [[3, 1], [195, 8282]]}",{}
107,NC00962.3,STM-0.2-0.95,0.0,GARC1,RUS,STM,rpsL@K88Q,R,{},"{""proportion"": 0.6, ""confidence"": [0.3126737697336583, 0.8318196702937638], ""p_value"": 0.0063693824000000026, ""contingency"": [[6, 4], [195, 8282]]}",{}
117,NC00962.3,STM-0.2-0.95,0.0,GARC1,RUS,STM,gid@V202G,R,{},"{""proportion"": 1.0, ""confidence"": [0.3423802275066531, 1.0], ""p_value"": 0.04000000000000001, ""contingency"": [[2, 0], [195, 8282]]}",{}
122,NC00962.3,STM-0.2-0.95,0.0,GARC1,RUS,STM,gid@G117R,R,{},"{""proportion"": 0.7142857142857143, ""confidence"": [0.35893445183261935, 0.9177810759959434], ""p_value"": 0.0046720000000000025, ""contingency"": [[5, 2], [195, 8282]]}",{}
128,NC00962.3,STM-0.2-0.95,0.0,GARC1,RUS,STM,gid@A138P,R,{},"{""proportion"": 0.8, ""confidence"": [0.37553462976252533, 0.9637758913675698], ""p_value"": 0.006720000000000001, ""contingency"": [[4, 1], [195, 8282]]}",{}
129,NC00962.3,STM-0.2-0.95,0.0,GARC1,RUS,STM,gid@L50R,R,{},"{""proportion"": 0.425, ""confidence"": [0.28509392559950375, 0.5780493145800892], ""p_value"": 0.0011239418195644383, ""contingency"": [[17, 23], [195, 8282]]}",{}
131,NC00962.3,STM-0.2-0.95,0.0,GARC1,RUS,STM,gid@258_ins_g,R,{},"{""proportion"": 1.0, ""confidence"": [0.3423802275066531, 1.0], ""p_value"": 0.04000000000000001, ""contingency"": [[2, 0], [195, 8282]]}",{}
133,NC00962.3,STM-0.2-0.95,0.0,GARC1,RUS,STM,gid@H48N,R,{},"{""proportion"": 0.5555555555555556, ""confidence"": [0.26665129349549305, 0.8112214789023354], ""p_value"": 0.019581440000000012, ""contingency"": [[5, 4], [195, 8282]]}",{}
134,NC00962.3,STM-0.2-0.95,0.0,GARC1,RUS,STM,gid@V135G,R,{},"{""proportion"": 1.0, ""confidence"": [0.3423802275066531, 1.0], ""p_value"": 0.04000000000000001, ""contingency"": [[2, 0], [195, 8282]]}",{}
135,NC00962.3,STM-0.2-0.95,0.0,GARC1,RUS,STM,gid@L79W,R,{},"{""proportion"": 0.7894736842105263, ""confidence"": [0.5666572155618583, 0.9149232336708374], ""p_value"": 5.542169804800005e-08, ""contingency"": [[15, 4], [195, 8282]]}",{}
136,NC00962.3,STM-0.2-0.95,0.0,GARC1,RUS,STM,gid@E40Q,R,{},"{""proportion"": 1.0, ""confidence"": [0.3423802275066531, 1.0], ""p_value"": 0.04000000000000001, ""contingency"": [[2, 0], [195, 8282]]}",{}
137,NC00962.3,STM-0.2-0.95,0.0,GARC1,RUS,STM,rrs@a514t,R,{},"{""proportion"": 0.9090909090909091, ""confidence"": [0.6226415635484044, 0.9837678271141151], ""p_value"": 9.216000000000005e-07, ""contingency"": [[10, 1], [195, 8282]]}",{}
141,NC00962.3,STM-0.2-0.95,0.0,GARC1,RUS,STM,gid@P75S,R,{},"{""proportion"": 0.4074074074074074, ""confidence"": [0.24514757074395555, 0.592732990319353], ""p_value"": 0.013390168691714685, ""contingency"": [[11, 16], [195, 8282]]}",{}
146,NC00962.3,STM-0.2-0.95,0.0,GARC1,RUS,STM,gid@165_ins_atc,R,{},"{""proportion"": 1.0, ""confidence"": [0.3423802275066531, 1.0], ""p_value"": 0.04000000000000001, ""contingency"": [[2, 0], [195, 8282]]}",{}
153,NC00962.3,STM-0.2-0.95,0.0,GARC1,RUS,STM,gid@V77A,R,{},"{""proportion"": 0.5, ""confidence"": [0.236593090512564, 0.763406909487436], ""p_value"": 0.03279349760000002, ""contingency"": [[5, 5], [195, 8282]]}",{}
154,NC00962.3,STM-0.2-0.95,0.0,GARC1,RUS,STM,gid@227_del_g,R,{},"{""proportion"": 0.8, ""confidence"": [0.37553462976252533, 0.9637758913675698], ""p_value"": 0.006720000000000001, ""contingency"": [[4, 1], [195, 8282]]}",{}
161,NC00962.3,STM-0.2-0.95,0.0,GARC1,RUS,STM,gid@G37E,R,{},"{""proportion"": 1.0, ""confidence"": [0.4385029682449545, 1.0], ""p_value"": 0.008000000000000002, ""contingency"": [[3, 0], [195, 8282]]}",{}
170,NC00962.3,STM-0.2-0.95,0.0,GARC1,RUS,STM,gid@A161D,R,{},"{""proportion"": 1.0, ""confidence"": [0.3423802275066531, 1.0], ""p_value"": 0.04000000000000001, ""contingency"": [[2, 0], [195, 8282]]}",{}
191,NC00962.3,STM-0.2-0.95,0.0,GARC1,RUS,STM,rrs@a907t,R,{},"{""proportion"": 1.0, ""confidence"": [0.3423802275066531, 1.0], ""p_value"": 0.04000000000000001, ""contingency"": [[2, 0], [195, 8282]]}",{}
197,NC00962.3,STM-0.2-0.95,0.0,GARC1,RUS,STM,gid@L91P,R,{},"{""proportion"": 0.75, ""confidence"": [0.3006418425824019, 0.9544127391902995], ""p_value"": 0.027200000000000005, ""contingency"": [[3, 1], [195, 8282]]}",{}
198,NC00962.3,STM-0.2-0.95,0.0,GARC1,RUS,STM,gid@G34V,R,{},"{""proportion"": 0.75, ""confidence"": [0.3006418425824019, 0.9544127391902995], ""p_value"": 0.027200000000000005, ""contingency"": [[3, 1], [195, 8282]]}",{}
199,NC00962.3,STM-0.2-0.95,0.0,GARC1,RUS,STM,gid@507_ins_aaaggcgagcgggctcacgac,R,{},"{""proportion"": 0.75, ""confidence"": [0.3006418425824019, 0.9544127391902995], ""p_value"": 0.027200000000000005, ""contingency"": [[3, 1], [195, 8282]]}",{}
202,NC00962.3,STM-0.2-0.95,0.0,GARC1,RUS,STM,gid@L35P,R,{},"{""proportion"": 1.0, ""confidence"": [0.3423802275066531, 1.0], ""p_value"": 0.04000000000000001, ""contingency"": [[2, 0], [195, 8282]]}",{}
206,NC00962.3,STM-0.2-0.95,0.0,GARC1,RUS,STM,gid@E40K,R,{},"{""proportion"": 1.0, ""confidence"": [0.3423802275066531, 1.0], ""p_value"": 0.04000000000000001, ""contingency"": [[2, 0], [195, 8282]]}",{}
210,NC00962.3,STM-0.2-0.95,0.0,GARC1,RUS,STM,gid@342_del_c,R,{},"{""proportion"": 1.0, ""confidence"": [0.3423802275066531, 1.0], ""p_value"": 0.04000000000000001, ""contingency"": [[2, 0], [195, 8282]]}",{}
212,NC00962.3,STM-0.2-0.95,0.0,GARC1,RUS,STM,gid@A82P,R,{},"{""proportion"": 0.75, ""confidence"": [0.3006418425824019, 0.9544127391902995], ""p_value"": 0.027200000000000005, ""contingency"": [[3, 1], [195, 8282]]}",{}
220,NC00962.3,STM-0.2-0.95,0.0,GARC1,RUS,STM,gid@574_del_gg,R,{},"{""proportion"": 1.0, ""confidence"": [0.5101091635454027, 1.0], ""p_value"": 0.0016000000000000003, ""contingency"": [[4, 0], [195, 8282]]}",{}
229,NC00962.3,STM-0.2-0.95,0.0,GARC1,RUS,STM,gid@P75R,R,{},"{""proportion"": 1.0, ""confidence"": [0.6755924351161198, 1.0], ""p_value"": 2.5600000000000013e-06, ""contingency"": [[8, 0], [195, 8282]]}",{}
235,NC00962.3,STM-0.2-0.95,0.0,GARC1,RUS,STM,gid@H48P,R,{},"{""proportion"": 1.0, ""confidence"": [0.3423802275066531, 1.0], ""p_value"": 0.04000000000000001, ""contingency"": [[2, 0], [195, 8282]]}",{}
242,NC00962.3,STM-0.2-0.95,0.0,GARC1,RUS,STM,gid@D67H,R,{},"{""proportion"": 0.75, ""confidence"": [0.3006418425824019, 0.9544127391902995], ""p_value"": 0.027200000000000005, ""contingency"": [[3, 1], [195, 8282]]}",{}
244,NC00962.3,STM-0.2-0.95,0.0,GARC1,RUS,STM,gid@V77G,R,{},"{""proportion"": 0.45652173913043476, ""confidence"": [0.3215473378228458, 0.5981981894019872], ""p_value"": 0.00011080739563214342, ""contingency"": [[21, 25], [195, 8282]]}",{}
250,NC00962.3,STM-0.2-0.95,0.0,GARC1,RUS,STM,gid@P84L,R,{},"{""proportion"": 0.8369565217391305, ""confidence"": [0.7482715701531195, 0.8986301022848311], ""p_value"": 3.6586499028676337e-39, ""contingency"": [[77, 15], [195, 8282]]}",{}
255,NC00962.3,STM-0.2-0.95,0.0,GARC1,RUS,STM,gid@180_del_a,R,{},"{""proportion"": 0.625, ""confidence"": [0.38641040545502725, 0.8151876744113636], ""p_value"": 0.0002475776081920002, ""contingency"": [[10, 6], [195, 8282]]}",{}
256,NC00962.3,STM-0.2-0.95,0.0,GARC1,RUS,STM,gid@G73A,R,{},"{""proportion"": 0.8, ""confidence"": [0.6086904963045967, 0.9113941531319742], ""p_value"": 1.9392992347422751e-10, ""contingency"": [[20, 5], [195, 8282]]}",{}
264,NC00962.3,STM-0.2-0.95,0.0,GARC1,RUS,STM,gid@R97H,R,{},"{""proportion"": 1.0, ""confidence"": [0.3423802275066531, 1.0], ""p_value"": 0.04000000000000001, ""contingency"": [[2, 0], [195, 8282]]}",{}
266,NC00962.3,STM-0.2-0.95,0.0,GARC1,RUS,STM,gid@-33_del_t,R,{},"{""proportion"": 0.5714285714285714, ""confidence"": [0.2504583645276572, 0.8417801447485304], ""p_value"": 0.03334400000000001, ""contingency"": [[4, 3], [195, 8282]]}",{}
273,NC00962.3,STM-0.2-0.95,0.0,GARC1,RUS,STM,gid@R47W,R,{},"{""proportion"": 0.6666666666666666, ""confidence"": [0.299993315138392, 0.9032285888942195], ""p_value"": 0.01696000000000001, ""contingency"": [[4, 2], [195, 8282]]}",{}
274,NC00962.3,STM-0.2-0.95,0.0,GARC1,RUS,STM,gid@41_del_c,R,{},"{""proportion"": 1.0, ""confidence"": [0.4385029682449545, 1.0], ""p_value"": 0.008000000000000002, ""contingency"": [[3, 0], [195, 8282]]}",{}
278,NC00962.3,STM-0.2-0.95,0.0,GARC1,RUS,STM,gid@V110A,R,{},"{""proportion"": 1.0, ""confidence"": [0.3423802275066531, 1.0], ""p_value"": 0.04000000000000001, ""contingency"": [[2, 0], [195, 8282]]}",{}
293,NC00962.3,STM-0.2-0.95,0.0,GARC1,RUS,STM,rpsL@K88T,R,{},"{""proportion"": 1.0, ""confidence"": [0.4385029682449545, 1.0], ""p_value"": 0.008000000000000002, ""contingency"": [[3, 0], [195, 8282]]}",{}
295,NC00962.3,STM-0.2-0.95,0.0,GARC1,RUS,STM,gid@E92K,R,{},"{""proportion"": 1.0, ""confidence"": [0.3423802275066531, 1.0], ""p_value"": 0.04000000000000001, ""contingency"": [[2, 0], [195, 8282]]}",{}
298,NC00962.3,STM-0.2-0.95,0.0,GARC1,RUS,STM,gid@G71R,R,{},"{""proportion"": 1.0, ""confidence"": [0.3423802275066531, 1.0], ""p_value"": 0.04000000000000001, ""contingency"": [[2, 0], [195, 8282]]}",{}
324,NC00962.3,STM-0.2-0.95,0.0,GARC1,RUS,STM,gid@L26!,R,{},"{""proportion"": 1.0, ""confidence"": [0.3423802275066531, 1.0], ""p_value"": 0.04000000000000001, ""contingency"": [[2, 0], [195, 8282]]}",{}
333,NC00962.3,STM-0.2-0.95,0.0,GARC1,RUS,STM,gid@518_ins_a,R,{},"{""proportion"": 1.0, ""confidence"": [0.4385029682449545, 1.0], ""p_value"": 0.008000000000000002, ""contingency"": [[3, 0], [195, 8282]]}",{}
335,NC00962.3,STM-0.2-0.95,0.0,GARC1,RUS,STM,gid@E60!,R,{},"{""proportion"": 0.75, ""confidence"": [0.3006418425824019, 0.9544127391902995], ""p_value"": 0.027200000000000005, ""contingency"": [[3, 1], [195, 8282]]}",{}
340,NC00962.3,STM-0.2-0.95,0.0,GARC1,RUS,STM,gid@E170!,R,{},"{""proportion"": 1.0, ""confidence"": [0.3423802275066531, 1.0], ""p_value"": 0.04000000000000001, ""contingency"": [[2, 0], [195, 8282]]}",{}
343,NC00962.3,STM-0.2-0.95,0.0,GARC1,RUS,STM,gid@G117E,R,{},"{""proportion"": 0.75, ""confidence"": [0.3006418425824019, 0.9544127391902995], ""p_value"": 0.027200000000000005, ""contingency"": [[3, 1], [195, 8282]]}",{}
345,NC00962.3,STM-0.2-0.95,0.0,GARC1,RUS,STM,gid@R102P,R,{},"{""proportion"": 0.75, ""confidence"": [0.3006418425824019, 0.9544127391902995], ""p_value"": 0.027200000000000005, ""contingency"": [[3, 1], [195, 8282]]}",{}
351,NC00962.3,STM-0.2-0.95,0.0,GARC1,RUS,STM,gid@R96P,R,{},"{""proportion"": 1.0, ""confidence"": [0.3423802275066531, 1.0], ""p_value"": 0.04000000000000001, ""contingency"": [[2, 0], [195, 8282]]}",{}
352,NC00962.3,STM-0.2-0.95,0.0,GARC1,RUS,STM,gid@E40G,R,{},"{""proportion"": 1.0, ""confidence"": [0.3423802275066531, 1.0], ""p_value"": 0.04000000000000001, ""contingency"": [[2, 0], [195, 8282]]}",{}
353,NC00962.3,STM-0.2-0.95,0.0,GARC1,RUS,STM,gid@L160R,R,{},"{""proportion"": 1.0, ""confidence"": [0.3423802275066531, 1.0], ""p_value"": 0.04000000000000001, ""contingency"": [[2, 0], [195, 8282]]}",{}
357,NC00962.3,STM-0.2-0.95,0.0,GARC1,RUS,STM,gid@D85A,R,{},"{""proportion"": 1.0, ""confidence"": [0.5101091635454027, 1.0], ""p_value"": 0.0016000000000000003, ""contingency"": [[4, 0], [195, 8282]]}",{}
380,NC00962.3,STM-0.2-0.95,0.0,GARC1,RUS,STM,gid@161_del_tgatcggtgagctcctcgaacgcggtgaccgggtcgtggatatcggtagcggagccgggttgccgggcgtgccattggcgatagcgcggccggacctccaggtagttctcctagaaccgctactgcgccg,R,{},"{""proportion"": 0.46153846153846156, ""confidence"": [0.23206067809538303, 0.7085620428549398], ""p_value"": 0.030035323289600024, ""contingency"": [[6, 7], [195, 8282]]}",{}
385,NC00962.3,STM-0.2-0.95,0.0,GARC1,RUS,STM,gid@A134E,R,{},"{""proportion"": 0.9090909090909091, ""confidence"": [0.6226415635484044, 0.9837678271141151], ""p_value"": 9.216000000000005e-07, ""contingency"": [[10, 1], [195, 8282]]}",{}
388,NC00962.3,STM-0.2-0.95,0.0,GARC1,RUS,STM,rrs@g878a,R,{},"{""proportion"": 0.8421052631578947, ""confidence"": [0.6243452472967093, 0.9447952836146586], ""p_value"": 3.3989066752000027e-09, ""contingency"": [[16, 3], [195, 8282]]}",{}
397,NC00962.3,STM-0.2-0.95,0.0,GARC1,RUS,STM,rrs@c905a,R,{},"{""proportion"": 1.0, ""confidence"": [0.5101091635454027, 1.0], ""p_value"": 0.0016000000000000003, ""contingency"": [[4, 0], [195, 8282]]}",{}
435,NC00962.3,STM-0.2-0.95,0.0,GARC1,RUS,STM,gid@A138T,R,{},"{""proportion"": 1.0, ""confidence"": [0.3423802275066531, 1.0], ""p_value"": 0.04000000000000001, ""contingency"": [[2, 0], [195, 8282]]}",{}
464,NC00962.3,STM-0.2-0.95,0.0,GARC1,RUS,STM,gid@P75L,R,{},"{""proportion"": 0.6666666666666666, ""confidence"": [0.299993315138392, 0.9032285888942195], ""p_value"": 0.01696000000000001, ""contingency"": [[4, 2], [195, 8282]]}",{}
499,NC00962.3,STM-0.2-0.95,0.0,GARC1,RUS,STM,gid@G117V,R,{},"{""proportion"": 1.0, ""confidence"": [0.4385029682449545, 1.0], ""p_value"": 0.008000000000000002, ""contingency"": [[3, 0], [195, 8282]]}",{}
502,NC00962.3,STM-0.2-0.95,0.0,GARC1,RUS,STM,rrs@c513t,R,{},"{""proportion"": 1.0, ""confidence"": [0.3423802275066531, 1.0], ""p_value"": 0.04000000000000001, ""contingency"": [[2, 0], [195, 8282]]}",{}
521,NC00962.3,STM-0.2-0.95,0.0,GARC1,RUS,STM,gid@R83Q,R,{},"{""proportion"": 1.0, ""confidence"": [0.3423802275066531, 1.0], ""p_value"": 0.04000000000000001, ""contingency"": [[2, 0], [195, 8282]]}",{}
551,NC00962.3,STM-0.2-0.95,0.0,GARC1,RUS,STM,rrs@a907c,R,{},"{""proportion"": 1.0, ""confidence"": [0.3423802275066531, 1.0], ""p_value"": 0.04000000000000001, ""contingency"": [[2, 0], [195, 8282]]}",{}
622,NC00962.3,STM-0.2-0.95,0.0,GARC1,RUS,STM,gid@V105E,R,{},"{""proportion"": 1.0, ""confidence"": [0.4385029682449545, 1.0], ""p_value"": 0.008000000000000002, ""contingency"": [[3, 0], [195, 8282]]}",{}
657,NC00962.3,STM-0.2-0.95,0.0,GARC1,RUS,STM,gid@26_del_ctgcgatcttcggaccgcggcttggccttgctcggcggtacgccgaagcgt,R,{},"{""proportion"": 1.0, ""confidence"": [0.3423802275066531, 1.0], ""p_value"": 0.04000000000000001, ""contingency"": [[2, 0], [195, 8282]]}",{}
661,NC00962.3,STM-0.2-0.95,0.0,GARC1,RUS,STM,gid@562_ins_g,R,{},"{""proportion"": 1.0, ""confidence"": [0.3423802275066531, 1.0], ""p_value"": 0.04000000000000001, ""contingency"": [[2, 0], [195, 8282]]}",{}
13,NC00962.3,STM-0.2-0.95,0.0,GARC1,RUS,STM,rpsL@I16V,U,{},"{""proportion"": 0.0, ""confidence"": [4.8683609171202235e-17, 0.5614970317550455], ""p_value"": 1.0, ""contingency"": [[0, 3], [195, 8282]]}",{}
14,NC00962.3,STM-0.2-0.95,0.0,GARC1,RUS,STM,rpsL@c-77t,U,{},"{""proportion"": 0.0, ""confidence"": [0.0, 0.6576197724933469], ""p_value"": 1.0, ""contingency"": [[0, 2], [195, 8282]]}",{}
15,NC00962.3,STM-0.2-0.95,0.0,GARC1,RUS,STM,rrs@a1278g,U,{},"{""proportion"": 0.0, ""confidence"": [0.0, 0.43448246478317476], ""p_value"": 0.5904, ""contingency"": [[0, 5], [195, 8282]]}",{}
16,NC00962.3,STM-0.2-0.95,0.0,GARC1,RUS,STM,rrs@g1446a,U,{},"{""proportion"": 0.0, ""confidence"": [0.0, 0.6576197724933469], ""p_value"": 1.0, ""contingency"": [[0, 2], [195, 8282]]}",{}
17,NC00962.3,STM-0.2-0.95,0.0,GARC1,RUS,STM,gid@!225C,U,{},"{""proportion"": 0.0, ""confidence"": [0.0, 0.32440756488388023], ""p_value"": 0.37085440000000003, ""contingency"": [[0, 8], [195, 8282]]}",{}
18,NC00962.3,STM-0.2-0.95,0.0,GARC1,RUS,STM,gid@P3S,U,{},"{""proportion"": 0.0, ""confidence"": [0.0, 0.6576197724933469], ""p_value"": 1.0, ""contingency"": [[0, 2], [195, 8282]]}",{}
19,NC00962.3,STM-0.2-0.95,0.0,GARC1,RUS,STM,rrs@c1160g,U,{},"{""proportion"": 0.0, ""confidence"": [0.0, 0.7934506856227626], ""p_value"": 1.0, ""contingency"": [[0, 1], [195, 8282]]}",{}
20,NC00962.3,STM-0.2-0.95,0.0,GARC1,RUS,STM,rrs@g1207a,U,{},"{""proportion"": 0.0, ""confidence"": [0.0, 0.7934506856227626], ""p_value"": 1.0, ""contingency"": [[0, 1], [195, 8282]]}",{}
21,NC00962.3,STM-0.2-0.95,0.0,GARC1,RUS,STM,gid@351_ins_g,U,{},"{""proportion"": 0.35294117647058826, ""confidence"": [0.1730972039724374, 0.5869963651478131], ""p_value"": 0.12821922056896518, ""contingency"": [[6, 11], [195, 8282]]}",{}
23,NC00962.3,STM-0.2-0.95,0.0,GARC1,RUS,STM,rrs@a1219g,U,{},"{""proportion"": 0.0, ""confidence"": [0.0, 0.7934506856227626], ""p_value"": 1.0, ""contingency"": [[0, 1], [195, 8282]]}",{}
25,NC00962.3,STM-0.2-0.95,0.0,GARC1,RUS,STM,gid@P199A,U,{},"{""proportion"": 0.0, ""confidence"": [0.0, 0.4898908364545973], ""p_value"": 1.0, ""contingency"": [[0, 4], [195, 8282]]}",{}
26,NC00962.3,STM-0.2-0.95,0.0,GARC1,RUS,STM,gid@A10P,U,{},"{""proportion"": 0.0, ""confidence"": [2.1779500349382702e-17, 0.2153108027376358], ""p_value"": 0.08783484567551998, ""contingency"": [[0, 14], [195, 8282]]}",{}
27,NC00962.3,STM-0.2-0.95,0.0,GARC1,RUS,STM,gid@E92!,U,{},"{""proportion"": 0.6, ""confidence"": [0.23072428127601285, 0.8823792257673521], ""p_value"": 0.05792000000000001, ""contingency"": [[3, 2], [195, 8282]]}",{}
28,NC00962.3,STM-0.2-0.95,0.0,GARC1,RUS,STM,rrs@t16c,U,{},"{""proportion"": 1.0, ""confidence"": [0.20654931437723742, 1.0], ""p_value"": 0.2, ""contingency"": [[1, 0], [195, 8282]]}",{}
29,NC00962.3,STM-0.2-0.95,0.0,GARC1,RUS,STM,gid@E40A,U,{},"{""proportion"": 0.0, ""confidence"": [0.0, 0.6576197724933469], ""p_value"": 1.0, ""contingency"": [[0, 2], [195, 8282]]}",{}
31,NC00962.3,STM-0.2-0.95,0.0,GARC1,RUS,STM,gid@R102L,U,{},"{""proportion"": 0.0, ""confidence"": [0.0, 0.7934506856227626], ""p_value"": 1.0, ""contingency"": [[0, 1], [195, 8282]]}",{}
32,NC00962.3,STM-0.2-0.95,0.0,GARC1,RUS,STM,gid@R154P,U,{},"{""proportion"": 0.16666666666666666, ""confidence"": [0.04696514218385378, 0.44803086225297345], ""p_value"": 1.0, ""contingency"": [[2, 10], [195, 8282]]}",{}
33,NC00962.3,STM-0.2-0.95,0.0,GARC1,RUS,STM,gid@G164V,U,{},"{""proportion"": 0.2, ""confidence"": [0.03622410863243013, 0.6244653702374747], ""p_value"": 1.0, ""contingency"": [[1, 4], [195, 8282]]}",{}
34,NC00962.3,STM-0.2-0.95,0.0,GARC1,RUS,STM,rrs@c569t,U,{},"{""proportion"": 0.0, ""confidence"": [3.384324554477539e-17, 0.39033428790216534], ""p_value"": 0.6067840000000001, ""contingency"": [[0, 6], [195, 8282]]}",{}
35,NC00962.3,STM-0.2-0.95,0.0,GARC1,RUS,STM,gid@P78R,U,{},"{""proportion"": 0.0, ""confidence"": [4.8683609171202235e-17, 0.5614970317550455], ""p_value"": 1.0, ""contingency"": [[0, 3], [195, 8282]]}",{}
37,NC00962.3,STM-0.2-0.95,0.0,GARC1,RUS,STM,gid@V65G,U,{},"{""proportion"": 0.375, ""confidence"": [0.13684428582359737, 0.6942576053973727], ""p_value"": 0.20308224000000008, ""contingency"": [[3, 5], [195, 8282]]}",{}
40,NC00962.3,STM-0.2-0.95,0.0,GARC1,RUS,STM,gid@F100V,U,{},"{""proportion"": 0.0, ""confidence"": [0.0, 0.7934506856227626], ""p_value"": 1.0, ""contingency"": [[0, 1], [195, 8282]]}",{}
41,NC00962.3,STM-0.2-0.95,0.0,GARC1,RUS,STM,gid@V139A,U,{},"{""proportion"": 1.0, ""confidence"": [0.20654931437723742, 1.0], ""p_value"": 0.2, ""contingency"": [[1, 0], [195, 8282]]}",{}
42,NC00962.3,STM-0.2-0.95,0.0,GARC1,RUS,STM,rrs@g1323t,U,{},"{""proportion"": 0.0, ""confidence"": [0.0, 0.6576197724933469], ""p_value"": 1.0, ""contingency"": [[0, 2], [195, 8282]]}",{}
43,NC00962.3,STM-0.2-0.95,0.0,GARC1,RUS,STM,gid@c-89t,U,{},"{""proportion"": 0.0, ""confidence"": [0.0, 0.7934506856227626], ""p_value"": 1.0, ""contingency"": [[0, 1], [195, 8282]]}",{}
45,NC00962.3,STM-0.2-0.95,0.0,GARC1,RUS,STM,gid@A27P,U,{},"{""proportion"": 0.0, ""confidence"": [0.0, 0.43448246478317476], ""p_value"": 0.5904, ""contingency"": [[0, 5], [195, 8282]]}",{}
47,NC00962.3,STM-0.2-0.95,0.0,GARC1,RUS,STM,gid@E57K,U,{},"{""proportion"": 0.0, ""confidence"": [0.0, 0.6576197724933469], ""p_value"": 1.0, ""contingency"": [[0, 2], [195, 8282]]}",{}
49,NC00962.3,STM-0.2-0.95,0.0,GARC1,RUS,STM,rrs@c1283t,U,{},"{""proportion"": 0.0, ""confidence"": [0.0, 0.6576197724933469], ""p_value"": 1.0, ""contingency"": [[0, 2], [195, 8282]]}",{}
50,NC00962.3,STM-0.2-0.95,0.0,GARC1,RUS,STM,rrs@g891a,U,{},"{""proportion"": 0.0, ""confidence"": [3.584186086443356e-17, 0.3543304350666874], ""p_value"": 0.35774719999999993, ""contingency"": [[0, 7], [195, 8282]]}",{}
52,NC00962.3,STM-0.2-0.95,0.0,GARC1,RUS,STM,rpsL@Q105E,U,{},"{""proportion"": 0.0, ""confidence"": [0.0, 0.7934506856227626], ""p_value"": 1.0, ""contingency"": [[0, 1], [195, 8282]]}",{}
53,NC00962.3,STM-0.2-0.95,0.0,GARC1,RUS,STM,gid@R97L,U,{},"{""proportion"": 0.4, ""confidence"": [0.11762077423264786, 0.769275718723987], ""p_value"": 0.26272000000000006, ""contingency"": [[2, 3], [195, 8282]]}",{}
54,NC00962.3,STM-0.2-0.95,0.0,GARC1,RUS,STM,rrs@g996t,U,{},"{""proportion"": 0.0, ""confidence"": [0.0, 0.7934506856227626], ""p_value"": 1.0, ""contingency"": [[0, 1], [195, 8282]]}",{}
55,NC00962.3,STM-0.2-0.95,0.0,GARC1,RUS,STM,gid@R20Q,U,{},"{""proportion"": 0.0, ""confidence"": [0.0, 0.6576197724933469], ""p_value"": 1.0, ""contingency"": [[0, 2], [195, 8282]]}",{}
56,NC00962.3,STM-0.2-0.95,0.0,GARC1,RUS,STM,rrs@g280t,U,{},"{""proportion"": 0.0, ""confidence"": [0.0, 0.7934506856227626], ""p_value"": 1.0, ""contingency"": [[0, 1], [195, 8282]]}",{}
57,NC00962.3,STM-0.2-0.95,0.0,GARC1,RUS,STM,gid@T98P,U,{},"{""proportion"": 0.0, ""confidence"": [0.0, 0.6576197724933469], ""p_value"": 1.0, ""contingency"": [[0, 2], [195, 8282]]}",{}
58,NC00962.3,STM-0.2-0.95,0.0,GARC1,RUS,STM,gid@L49P,U,{},"{""proportion"": 0.5, ""confidence"": [0.09453120573423071, 0.9054687942657693], ""p_value"": 0.3600000000000001, ""contingency"": [[1, 1], [195, 8282]]}",{}
60,NC00962.3,STM-0.2-0.95,0.0,GARC1,RUS,STM,gid@L101P,U,{},"{""proportion"": 0.0, ""confidence"": [0.0, 0.6576197724933469], ""p_value"": 1.0, ""contingency"": [[0, 2], [195, 8282]]}",{}
62,NC00962.3,STM-0.2-0.95,0.0,GARC1,RUS,STM,rrs@g1079a,U,{},"{""proportion"": 0.0, ""confidence"": [0.0, 0.7934506856227626], ""p_value"": 1.0, ""contingency"": [[0, 1], [195, 8282]]}",{}
63,NC00962.3,STM-0.2-0.95,0.0,GARC1,RUS,STM,rrs@g457t,U,{},"{""proportion"": 0.0, ""confidence"": [0.0, 0.6576197724933469], ""p_value"": 1.0, ""contingency"": [[0, 2], [195, 8282]]}",{}
64,NC00962.3,STM-0.2-0.95,0.0,GARC1,RUS,STM,gid@L108R,U,{},"{""proportion"": 0.3333333333333333, ""confidence"": [0.09677141110578043, 0.7000066848616079], ""p_value"": 0.3446400000000002, ""contingency"": [[2, 4], [195, 8282]]}",{}
65,NC00962.3,STM-0.2-0.95,0.0,GARC1,RUS,STM,rrs@a1469g,U,{},"{""proportion"": 0.0, ""confidence"": [0.0, 0.6576197724933469], ""p_value"": 1.0, ""contingency"": [[0, 2], [195, 8282]]}",{}
67,NC00962.3,STM-0.2-0.95,0.0,GARC1,RUS,STM,rrs@a1012g,U,{},"{""proportion"": 0.0, ""confidence"": [0.0, 0.4898908364545973], ""p_value"": 1.0, ""contingency"": [[0, 4], [195, 8282]]}",{}
68,NC00962.3,STM-0.2-0.95,0.0,GARC1,RUS,STM,gid@L91V,U,{},"{""proportion"": 0.0, ""confidence"": [0.0, 0.7934506856227626], ""p_value"": 1.0, ""contingency"": [[0, 1], [195, 8282]]}",{}
71,NC00962.3,STM-0.2-0.95,0.0,GARC1,RUS,STM,rrs@c1153t,U,{},"{""proportion"": 0.0, ""confidence"": [0.0, 0.7934506856227626], ""p_value"": 1.0, ""contingency"": [[0, 1], [195, 8282]]}",{}
72,NC00962.3,STM-0.2-0.95,0.0,GARC1,RUS,STM,gid@Q127E,U,{},"{""proportion"": 0.0, ""confidence"": [0.0, 0.7934506856227626], ""p_value"": 1.0, ""contingency"": [[0, 1], [195, 8282]]}",{}
73,NC00962.3,STM-0.2-0.95,0.0,GARC1,RUS,STM,rrs@g5t,U,{},"{""proportion"": 0.0, ""confidence"": [3.384324554477539e-17, 0.39033428790216534], ""p_value"": 0.6067840000000001, ""contingency"": [[0, 6], [195, 8282]]}",{}
74,NC00962.3,STM-0.2-0.95,0.0,GARC1,RUS,STM,gid@V202A,U,{},"{""proportion"": 0.0, ""confidence"": [0.0, 0.7934506856227626], ""p_value"": 1.0, ""contingency"": [[0, 1], [195, 8282]]}",{}
75,NC00962.3,STM-0.2-0.95,0.0,GARC1,RUS,STM,rrs@a1401g,U,{},"{""proportion"": 0.17857142857142858, ""confidence"": [0.07878501945604276, 0.35591424789342946], ""p_value"": 1.0, ""contingency"": [[5, 23], [195, 8282]]}",{}
76,NC00962.3,STM-0.2-0.95,0.0,GARC1,RUS,STM,gid@A8E,U,{},"{""proportion"": 0.0, ""confidence"": [0.0, 0.7934506856227626], ""p_value"": 1.0, ""contingency"": [[0, 1], [195, 8282]]}",{}
77,NC00962.3,STM-0.2-0.95,0.0,GARC1,RUS,STM,rrs@g1285a,U,{},"{""proportion"": 0.0, ""confidence"": [4.8683609171202235e-17, 0.5614970317550455], ""p_value"": 1.0, ""contingency"": [[0, 3], [195, 8282]]}",{}
78,NC00962.3,STM-0.2-0.95,0.0,GARC1,RUS,STM,gid@L95V,U,{},"{""proportion"": 0.0, ""confidence"": [0.0, 0.7934506856227626], ""p_value"": 1.0, ""contingency"": [[0, 1], [195, 8282]]}",{}
79,NC00962.3,STM-0.2-0.95,0.0,GARC1,RUS,STM,gid@G37!,U,{},"{""proportion"": 0.5, ""confidence"": [0.09453120573423071, 0.9054687942657693], ""p_value"": 0.3600000000000001, ""contingency"": [[1, 1], [195, 8282]]}",{}
80,NC00962.3,STM-0.2-0.95,0.0,GARC1,RUS,STM,gid@A183P,U,{},"{""proportion"": 0.0, ""confidence"": [0.0, 0.7934506856227626], ""p_value"": 1.0, ""contingency"": [[0, 1], [195, 8282]]}",{}
81,NC00962.3,STM-0.2-0.95,0.0,GARC1,RUS,STM,gid@G221R,U,{},"{""proportion"": 0.0, ""confidence"": [0.0, 0.7934506856227626], ""p_value"": 1.0, ""contingency"": [[0, 1], [195, 8282]]}",{}
82,NC00962.3,STM-0.2-0.95,0.0,GARC1,RUS,STM,gid@137_ins_a,U,{},"{""proportion"": 0.5, ""confidence"": [0.09453120573423071, 0.9054687942657693], ""p_value"": 0.3600000000000001, ""contingency"": [[1, 1], [195, 8282]]}",{}
83,NC00962.3,STM-0.2-0.95,0.0,GARC1,RUS,STM,rrs@g1016c,U,{},"{""proportion"": 0.0, ""confidence"": [0.0, 0.6576197724933469], ""p_value"": 1.0, ""contingency"": [[0, 2], [195, 8282]]}",{}
84,NC00962.3,STM-0.2-0.95,0.0,GARC1,RUS,STM,rrs@c306t,U,{},"{""proportion"": 0.0, ""confidence"": [0.0, 0.7934506856227626], ""p_value"": 1.0, ""contingency"": [[0, 1], [195, 8282]]}",{}
85,NC00962.3,STM-0.2-0.95,0.0,GARC1,RUS,STM,rrs@c1259g,U,{},"{""proportion"": 0.0, ""confidence"": [0.0, 0.7934506856227626], ""p_value"": 1.0, ""contingency"": [[0, 1], [195, 8282]]}",{}
86,NC00962.3,STM-0.2-0.95,0.0,GARC1,RUS,STM,rrs@c1001g,U,{},"{""proportion"": 0.0, ""confidence"": [0.0, 0.7934506856227626], ""p_value"": 1.0, ""contingency"": [[0, 1], [195, 8282]]}",{}
87,NC00962.3,STM-0.2-0.95,0.0,GARC1,RUS,STM,gid@113_ins_tacc,U,{},"{""proportion"": 0.0, ""confidence"": [0.0, 0.7934506856227626], ""p_value"": 1.0, ""contingency"": [[0, 1], [195, 8282]]}",{}
88,NC00962.3,STM-0.2-0.95,0.0,GARC1,RUS,STM,rrs@480_ins_t,U,{},"{""proportion"": 0.0, ""confidence"": [0.0, 0.7934506856227626], ""p_value"": 1.0, ""contingency"": [[0, 1], [195, 8282]]}",{}
89,NC00962.3,STM-0.2-0.95,0.0,GARC1,RUS,STM,gid@R102!,U,{},"{""proportion"": 0.5, ""confidence"": [0.15003898915214947, 0.8499610108478506], ""p_value"": 0.18080000000000004, ""contingency"": [[2, 2], [195, 8282]]}",{}
90,NC00962.3,STM-0.2-0.95,0.0,GARC1,RUS,STM,rrs@159_ins_t,U,{},"{""proportion"": 0.0, ""confidence"": [0.0, 0.7934506856227626], ""p_value"": 1.0, ""contingency"": [[0, 1], [195, 8282]]}",{}
91,NC00962.3,STM-0.2-0.95,0.0,GARC1,RUS,STM,gid@a-25g,U,{},"{""proportion"": 0.0, ""confidence"": [0.0, 0.7934506856227626], ""p_value"": 1.0, ""contingency"": [[0, 1], [195, 8282]]}",{}
92,NC00962.3,STM-0.2-0.95,0.0,GARC1,RUS,STM,rpsL@T35A,U,{},"{""proportion"": 0.0, ""confidence"": [0.0, 0.7934506856227626], ""p_value"": 1.0, ""contingency"": [[0, 1], [195, 8282]]}",{}
93,NC00962.3,STM-0.2-0.95,0.0,GARC1,RUS,STM,rrs@t-67c,U,{},"{""proportion"": 0.0, ""confidence"": [0.0, 0.6576197724933469], ""p_value"": 1.0, ""contingency"": [[0, 2], [195, 8282]]}",{}
94,NC00962.3,STM-0.2-0.95,0.0,GARC1,RUS,STM,gid@G76D,U,{},"{""proportion"": 0.6666666666666666, ""confidence"": [0.20765960080204768, 0.9385080552796037], ""p_value"": 0.10400000000000005, ""contingency"": [[2, 1], [195, 8282]]}",{}
95,NC00962.3,STM-0.2-0.95,0.0,GARC1,RUS,STM,gid@A138L,U,{},"{""proportion"": 1.0, ""confidence"": [0.20654931437723742, 1.0], ""p_value"": 0.2, ""contingency"": [[1, 0], [195, 8282]]}",{}
97,NC00962.3,STM-0.2-0.95,0.0,GARC1,RUS,STM,gid@F204S,U,{},"{""proportion"": 0.0, ""confidence"": [0.0, 0.7934506856227626], ""p_value"": 1.0, ""contingency"": [[0, 1], [195, 8282]]}",{}
98,NC00962.3,STM-0.2-0.95,0.0,GARC1,RUS,STM,gid@c-14t,U,{},"{""proportion"": 0.0, ""confidence"": [0.0, 0.7934506856227626], ""p_value"": 1.0, ""contingency"": [[0, 1], [195, 8282]]}",{}
99,NC00962.3,STM-0.2-0.95,0.0,GARC1,RUS,STM,rrs@t603c,U,{},"{""proportion"": 0.0, ""confidence"": [0.0, 0.7934506856227626], ""p_value"": 1.0, ""contingency"": [[0, 1], [195, 8282]]}",{}
100,NC00962.3,STM-0.2-0.95,0.0,GARC1,RUS,STM,gid@E170D,U,{},"{""proportion"": 0.0, ""confidence"": [0.0, 0.7934506856227626], ""p_value"": 1.0, ""contingency"": [[0, 1], [195, 8282]]}",{}
101,NC00962.3,STM-0.2-0.95,0.0,GARC1,RUS,STM,gid@c-79a,U,{},"{""proportion"": 0.0, ""confidence"": [0.0, 0.7934506856227626], ""p_value"": 1.0, ""contingency"": [[0, 1], [195, 8282]]}",{}
102,NC00962.3,STM-0.2-0.95,0.0,GARC1,RUS,STM,rrs@c1390g,U,{},"{""proportion"": 0.0, ""confidence"": [0.0, 0.7934506856227626], ""p_value"": 1.0, ""contingency"": [[0, 1], [195, 8282]]}",{}
103,NC00962.3,STM-0.2-0.95,0.0,GARC1,RUS,STM,gid@87_del_c,U,{},"{""proportion"": 0.125, ""confidence"": [0.022417491450056667, 0.47088818221285345], ""p_value"": 1.0, ""contingency"": [[1, 7], [195, 8282]]}",{}
104,NC00962.3,STM-0.2-0.95,0.0,GARC1,RUS,STM,gid@A19G,U,{},"{""proportion"": 0.0, ""confidence"": [0.0, 0.6576197724933469], ""p_value"": 1.0, ""contingency"": [[0, 2], [195, 8282]]}",{}
105,NC00962.3,STM-0.2-0.95,0.0,GARC1,RUS,STM,gid@S181L,U,{},"{""proportion"": 0.0, ""confidence"": [0.0, 0.7934506856227626], ""p_value"": 1.0, ""contingency"": [[0, 1], [195, 8282]]}",{}
106,NC00962.3,STM-0.2-0.95,0.0,GARC1,RUS,STM,gid@R20G,U,{},"{""proportion"": 0.0, ""confidence"": [0.0, 0.6576197724933469], ""p_value"": 1.0, ""contingency"": [[0, 2], [195, 8282]]}",{}
108,NC00962.3,STM-0.2-0.95,0.0,GARC1,RUS,STM,gid@W148L,U,{},"{""proportion"": 0.0, ""confidence"": [0.0, 0.7934506856227626], ""p_value"": 1.0, ""contingency"": [[0, 1], [195, 8282]]}",{}
109,NC00962.3,STM-0.2-0.95,0.0,GARC1,RUS,STM,gid@G109D,U,{},"{""proportion"": 0.0, ""confidence"": [0.0, 0.7934506856227626], ""p_value"": 1.0, ""contingency"": [[0, 1], [195, 8282]]}",{}
110,NC00962.3,STM-0.2-0.95,0.0,GARC1,RUS,STM,gid@c-56t,U,{},"{""proportion"": 0.0, ""confidence"": [0.0, 0.7934506856227626], ""p_value"": 1.0, ""contingency"": [[0, 1], [195, 8282]]}",{}
111,NC00962.3,STM-0.2-0.95,0.0,GARC1,RUS,STM,rrs@t-89c,U,{},"{""proportion"": 0.0, ""confidence"": [0.0, 0.7934506856227626], ""p_value"": 1.0, ""contingency"": [[0, 1], [195, 8282]]}",{}
112,NC00962.3,STM-0.2-0.95,0.0,GARC1,RUS,STM,gid@R39C,U,{},"{""proportion"": 0.0, ""confidence"": [0.0, 0.7934506856227626], ""p_value"": 1.0, ""contingency"": [[0, 1], [195, 8282]]}",{}
113,NC00962.3,STM-0.2-0.95,0.0,GARC1,RUS,STM,gid@H174Y,U,{},"{""proportion"": 0.0, ""confidence"": [0.0, 0.7934506856227626], ""p_value"": 1.0, ""contingency"": [[0, 1], [195, 8282]]}",{}
114,NC00962.3,STM-0.2-0.95,0.0,GARC1,RUS,STM,gid@c-28g,U,{},"{""proportion"": 0.0, ""confidence"": [0.0, 0.7934506856227626], ""p_value"": 1.0, ""contingency"": [[0, 1], [195, 8282]]}",{}
115,NC00962.3,STM-0.2-0.95,0.0,GARC1,RUS,STM,gid@T146M,U,{},"{""proportion"": 0.0, ""confidence"": [0.0, 0.6576197724933469], ""p_value"": 1.0, ""contingency"": [[0, 2], [195, 8282]]}",{}
116,NC00962.3,STM-0.2-0.95,0.0,GARC1,RUS,STM,rrs@c1141t,U,{},"{""proportion"": 0.2, ""confidence"": [0.03622410863243013, 0.6244653702374747], ""p_value"": 1.0, ""contingency"": [[1, 4], [195, 8282]]}",{}
118,NC00962.3,STM-0.2-0.95,0.0,GARC1,RUS,STM,gid@386_del_g,U,{},"{""proportion"": 0.3333333333333333, ""confidence"": [0.1205838183869109, 0.6457978644196036], ""p_value"": 0.3960202240000001, ""contingency"": [[3, 6], [195, 8282]]}",{}
119,NC00962.3,STM-0.2-0.95,0.0,GARC1,RUS,STM,gid@L108P,U,{},"{""proportion"": 1.0, ""confidence"": [0.20654931437723742, 1.0], ""p_value"": 0.2, ""contingency"": [[1, 0], [195, 8282]]}",{}
120,NC00962.3,STM-0.2-0.95,0.0,GARC1,RUS,STM,gid@P93Q,U,{},"{""proportion"": 0.0, ""confidence"": [4.8683609171202235e-17, 0.5614970317550455], ""p_value"": 1.0, ""contingency"": [[0, 3], [195, 8282]]}",{}
121,NC00962.3,STM-0.2-0.95,0.0,GARC1,RUS,STM,gid@V115G,U,{},"{""proportion"": 1.0, ""confidence"": [0.20654931437723742, 1.0], ""p_value"": 0.2, ""contingency"": [[1, 0], [195, 8282]]}",{}
123,NC00962.3,STM-0.2-0.95,0.0,GARC1,RUS,STM,rrs@a447g,U,{},"{""proportion"": 0.0, ""confidence"": [0.0, 0.7934506856227626], ""p_value"": 1.0, ""contingency"": [[0, 1], [195, 8282]]}",{}
124,NC00962.3,STM-0.2-0.95,0.0,GARC1,RUS,STM,rrs@c859t,U,{},"{""proportion"": 0.0, ""confidence"": [0.0, 0.7934506856227626], ""p_value"": 1.0, ""contingency"": [[0, 1], [195, 8282]]}",{}
125,NC00962.3,STM-0.2-0.95,0.0,GARC1,RUS,STM,rrs@g-65a,U,{},"{""proportion"": 0.0, ""confidence"": [0.0, 0.4898908364545973], ""p_value"": 1.0, ""contingency"": [[0, 4], [195, 8282]]}",{}
126,NC00962.3,STM-0.2-0.95,0.0,GARC1,RUS,STM,gid@T146R,U,{},"{""proportion"": 1.0, ""confidence"": [0.20654931437723742, 1.0], ""p_value"": 0.2, ""contingency"": [[1, 0], [195, 8282]]}",{}
127,NC00962.3,STM-0.2-0.95,0.0,GARC1,RUS,STM,rrs@c279a,U,{},"{""proportion"": 0.0, ""confidence"": [0.0, 0.7934506856227626], ""p_value"": 1.0, ""contingency"": [[0, 1], [195, 8282]]}",{}
130,NC00962.3,STM-0.2-0.95,0.0,GARC1,RUS,STM,gid@R206!,U,{},"{""proportion"": 0.6666666666666666, ""confidence"": [0.20765960080204768, 0.9385080552796037], ""p_value"": 0.10400000000000005, ""contingency"": [[2, 1], [195, 8282]]}",{}
132,NC00962.3,STM-0.2-0.95,0.0,GARC1,RUS,STM,gid@I11T,U,{},"{""proportion"": 0.5, ""confidence"": [0.09453120573423071, 0.9054687942657693], ""p_value"": 0.3600000000000001, ""contingency"": [[1, 1], [195, 8282]]}",{}
138,NC00962.3,STM-0.2-0.95,0.0,GARC1,RUS,STM,gid@g-10t,U,{},"{""proportion"": 0.0, ""confidence"": [0.0, 0.4898908364545973], ""p_value"": 1.0, ""contingency"": [[0, 4], [195, 8282]]}",{}
139,NC00962.3,STM-0.2-0.95,0.0,GARC1,RUS,STM,gid@52_del_c,U,{},"{""proportion"": 0.3333333333333333, ""confidence"": [0.09677141110578043, 0.7000066848616079], ""p_value"": 0.3446400000000002, ""contingency"": [[2, 4], [195, 8282]]}",{}
140,NC00962.3,STM-0.2-0.95,0.0,GARC1,RUS,STM,gid@441_ins_a,U,{},"{""proportion"": 0.5, ""confidence"": [0.09453120573423071, 0.9054687942657693], ""p_value"": 0.3600000000000001, ""contingency"": [[1, 1], [195, 8282]]}",{}
142,NC00962.3,STM-0.2-0.95,0.0,GARC1,RUS,STM,gid@P93L,U,{},"{""proportion"": 0.4, ""confidence"": [0.11762077423264786, 0.769275718723987], ""p_value"": 0.26272000000000006, ""contingency"": [[2, 3], [195, 8282]]}",{}
143,NC00962.3,STM-0.2-0.95,0.0,GARC1,RUS,STM,gid@a-96g,U,{},"{""proportion"": 0.0, ""confidence"": [0.0, 0.7934506856227626], ""p_value"": 1.0, ""contingency"": [[0, 1], [195, 8282]]}",{}
144,NC00962.3,STM-0.2-0.95,0.0,GARC1,RUS,STM,gid@S136!,U,{},"{""proportion"": 0.6666666666666666, ""confidence"": [0.20765960080204768, 0.9385080552796037], ""p_value"": 0.10400000000000005, ""contingency"": [[2, 1], [195, 8282]]}",{}
145,NC00962.3,STM-0.2-0.95,0.0,GARC1,RUS,STM,gid@R137L,U,{},"{""proportion"": 0.6666666666666666, ""confidence"": [0.20765960080204768, 0.9385080552796037], ""p_value"": 0.10400000000000005, ""contingency"": [[2, 1], [195, 8282]]}",{}
147,NC00962.3,STM-0.2-0.95,0.0,GARC1,RUS,STM,gid@L58F,U,{},"{""proportion"": 0.1, ""confidence"": [0.01787621309507289, 0.4041500267952385], ""p_value"": 0.6980101120000004, ""contingency"": [[1, 9], [195, 8282]]}",{}
148,NC00962.3,STM-0.2-0.95,0.0,GARC1,RUS,STM,gid@R197P,U,{},"{""proportion"": 0.6666666666666666, ""confidence"": [0.20765960080204768, 0.9385080552796037], ""p_value"": 0.10400000000000005, ""contingency"": [[2, 1], [195, 8282]]}",{}
149,NC00962.3,STM-0.2-0.95,0.0,GARC1,RUS,STM,gid@L101V,U,{},"{""proportion"": 1.0, ""confidence"": [0.20654931437723742, 1.0], ""p_value"": 0.2, ""contingency"": [[1, 0], [195, 8282]]}",{}
150,NC00962.3,STM-0.2-0.95,0.0,GARC1,RUS,STM,rrs@c-18a,U,{},"{""proportion"": 0.0, ""confidence"": [0.0, 0.7934506856227626], ""p_value"": 1.0, ""contingency"": [[0, 1], [195, 8282]]}",{}
151,NC00962.3,STM-0.2-0.95,0.0,GARC1,RUS,STM,rrs@g673a,U,{},"{""proportion"": 0.0, ""confidence"": [0.0, 0.7934506856227626], ""p_value"": 1.0, ""contingency"": [[0, 1], [195, 8282]]}",{}
152,NC00962.3,STM-0.2-0.95,0.0,GARC1,RUS,STM,rrs@a180g,U,{},"{""proportion"": 0.0, ""confidence"": [0.0, 0.7934506856227626], ""p_value"": 1.0, ""contingency"": [[0, 1], [195, 8282]]}",{}
155,NC00962.3,STM-0.2-0.95,0.0,GARC1,RUS,STM,gid@Q127R,U,{},"{""proportion"": 0.0, ""confidence"": [0.0, 0.7934506856227626], ""p_value"": 1.0, ""contingency"": [[0, 1], [195, 8282]]}",{}
156,NC00962.3,STM-0.2-0.95,0.0,GARC1,RUS,STM,gid@C191W,U,{},"{""proportion"": 0.5, ""confidence"": [0.09453120573423071, 0.9054687942657693], ""p_value"": 0.3600000000000001, ""contingency"": [[1, 1], [195, 8282]]}",{}
157,NC00962.3,STM-0.2-0.95,0.0,GARC1,RUS,STM,gid@E32D,U,{},"{""proportion"": 0.0, ""confidence"": [0.0, 0.2775327998628892], ""p_value"": 0.22824806400000003, ""contingency"": [[0, 10], [195, 8282]]}",{}
158,NC00962.3,STM-0.2-0.95,0.0,GARC1,RUS,STM,gid@R83W,U,{},"{""proportion"": 1.0, ""confidence"": [0.20654931437723742, 1.0], ""p_value"": 0.2, ""contingency"": [[1, 0], [195, 8282]]}",{}
159,NC00962.3,STM-0.2-0.95,0.0,GARC1,RUS,STM,gid@V65F,U,{},"{""proportion"": 0.0, ""confidence"": [0.0, 0.6576197724933469], ""p_value"": 1.0, ""contingency"": [[0, 2], [195, 8282]]}",{}
160,NC00962.3,STM-0.2-0.95,0.0,GARC1,RUS,STM,gid@G192R,U,{},"{""proportion"": 1.0, ""confidence"": [0.20654931437723742, 1.0], ""p_value"": 0.2, ""contingency"": [[1, 0], [195, 8282]]}",{}
162,NC00962.3,STM-0.2-0.95,0.0,GARC1,RUS,STM,rrs@a906g,U,{},"{""proportion"": 0.375, ""confidence"": [0.13684428582359737, 0.6942576053973727], ""p_value"": 0.20308224000000008, ""contingency"": [[3, 5], [195, 8282]]}",{}
163,NC00962.3,STM-0.2-0.95,0.0,GARC1,RUS,STM,gid@V65A,U,{},"{""proportion"": 0.375, ""confidence"": [0.13684428582359737, 0.6942576053973727], ""p_value"": 0.20308224000000008, ""contingency"": [[3, 5], [195, 8282]]}",{}
164,NC00962.3,STM-0.2-0.95,0.0,GARC1,RUS,STM,gid@R116W,U,{},"{""proportion"": 0.25, ""confidence"": [0.045587260809700575, 0.6993581574175981], ""p_value"": 1.0, ""contingency"": [[1, 3], [195, 8282]]}",{}
165,NC00962.3,STM-0.2-0.95,0.0,GARC1,RUS,STM,gid@L86H,U,{},"{""proportion"": 1.0, ""confidence"": [0.20654931437723742, 1.0], ""p_value"": 0.2, ""contingency"": [[1, 0], [195, 8282]]}",{}
166,NC00962.3,STM-0.2-0.95,0.0,GARC1,RUS,STM,gid@R20P,U,{},"{""proportion"": 0.3333333333333333, ""confidence"": [0.1205838183869109, 0.6457978644196036], ""p_value"": 0.3960202240000001, ""contingency"": [[3, 6], [195, 8282]]}",{}
167,NC00962.3,STM-0.2-0.95,0.0,GARC1,RUS,STM,gid@P29R,U,{},"{""proportion"": 0.0, ""confidence"": [0.0, 0.7934506856227626], ""p_value"": 1.0, ""contingency"": [[0, 1], [195, 8282]]}",{}
168,NC00962.3,STM-0.2-0.95,0.0,GARC1,RUS,STM,gid@E99G,U,{},"{""proportion"": 0.0, ""confidence"": [0.0, 0.7934506856227626], ""p_value"": 1.0, ""contingency"": [[0, 1], [195, 8282]]}",{}
169,NC00962.3,STM-0.2-0.95,0.0,GARC1,RUS,STM,gid@L142S,U,{},"{""proportion"": 1.0, ""confidence"": [0.20654931437723742, 1.0], ""p_value"": 0.2, ""contingency"": [[1, 0], [195, 8282]]}",{}
171,NC00962.3,STM-0.2-0.95,0.0,GARC1,RUS,STM,gid@V188A,U,{},"{""proportion"": 1.0, ""confidence"": [0.20654931437723742, 1.0], ""p_value"": 0.2, ""contingency"": [[1, 0], [195, 8282]]}",{}
172,NC00962.3,STM-0.2-0.95,0.0,GARC1,RUS,STM,gid@A167D,U,{},"{""proportion"": 0.0, ""confidence"": [0.0, 0.7934506856227626], ""p_value"": 1.0, ""contingency"": [[0, 1], [195, 8282]]}",{}
173,NC00962.3,STM-0.2-0.95,0.0,GARC1,RUS,STM,rrs@a-39g,U,{},"{""proportion"": 0.0, ""confidence"": [0.0, 0.7934506856227626], ""p_value"": 1.0, ""contingency"": [[0, 1], [195, 8282]]}",{}
174,NC00962.3,STM-0.2-0.95,0.0,GARC1,RUS,STM,rrs@a1421c,U,{},"{""proportion"": 0.0, ""confidence"": [0.0, 0.7934506856227626], ""p_value"": 1.0, ""contingency"": [[0, 1], [195, 8282]]}",{}
175,NC00962.3,STM-0.2-0.95,0.0,GARC1,RUS,STM,gid@G28E,U,{},"{""proportion"": 0.0, ""confidence"": [0.0, 0.6576197724933469], ""p_value"": 1.0, ""contingency"": [[0, 2], [195, 8282]]}",{}
176,NC00962.3,STM-0.2-0.95,0.0,GARC1,RUS,STM,gid@Y22!,U,{},"{""proportion"": 0.0, ""confidence"": [0.0, 0.4898908364545973], ""p_value"": 1.0, ""contingency"": [[0, 4], [195, 8282]]}",{}
177,NC00962.3,STM-0.2-0.95,0.0,GARC1,RUS,STM,gid@L49R,U,{},"{""proportion"": 1.0, ""confidence"": [0.20654931437723742, 1.0], ""p_value"": 0.2, ""contingency"": [[1, 0], [195, 8282]]}",{}
178,NC00962.3,STM-0.2-0.95,0.0,GARC1,RUS,STM,gid@G76R,U,{},"{""proportion"": 0.5, ""confidence"": [0.09453120573423071, 0.9054687942657693], ""p_value"": 0.3600000000000001, ""contingency"": [[1, 1], [195, 8282]]}",{}
179,NC00962.3,STM-0.2-0.95,0.0,GARC1,RUS,STM,gid@L86P,U,{},"{""proportion"": 0.6, ""confidence"": [0.23072428127601285, 0.8823792257673521], ""p_value"": 0.05792000000000001, ""contingency"": [[3, 2], [195, 8282]]}",{}
180,NC00962.3,STM-0.2-0.95,0.0,GARC1,RUS,STM,gid@R96C,U,{},"{""proportion"": 0.42857142857142855, ""confidence"": [0.15821985525146973, 0.7495416354723429], ""p_value"": 0.14803200000000005, ""contingency"": [[3, 4], [195, 8282]]}",{}
181,NC00962.3,STM-0.2-0.95,0.0,GARC1,RUS,STM,gid@489_del_a,U,{},"{""proportion"": 0.0, ""confidence"": [0.0, 0.6576197724933469], ""p_value"": 1.0, ""contingency"": [[0, 2], [195, 8282]]}",{}
182,NC00962.3,STM-0.2-0.95,0.0,GARC1,RUS,STM,gid@L74S,U,{},"{""proportion"": 0.6, ""confidence"": [0.23072428127601285, 0.8823792257673521], ""p_value"": 0.05792000000000001, ""contingency"": [[3, 2], [195, 8282]]}",{}
183,NC00962.3,STM-0.2-0.95,0.0,GARC1,RUS,STM,gid@L160F,U,{},"{""proportion"": 0.0, ""confidence"": [0.0, 0.7934506856227626], ""p_value"": 1.0, ""contingency"": [[0, 1], [195, 8282]]}",{}
184,NC00962.3,STM-0.2-0.95,0.0,GARC1,RUS,STM,rrs@642_ins_t,U,{},"{""proportion"": 0.0, ""confidence"": [4.8683609171202235e-17, 0.5614970317550455], ""p_value"": 1.0, ""contingency"": [[0, 3], [195, 8282]]}",{}
185,NC00962.3,STM-0.2-0.95,0.0,GARC1,RUS,STM,gid@L152S,U,{},"{""proportion"": 0.5, ""confidence"": [0.09453120573423071, 0.9054687942657693], ""p_value"": 0.3600000000000001, ""contingency"": [[1, 1], [195, 8282]]}",{}
186,NC00962.3,STM-0.2-0.95,0.0,GARC1,RUS,STM,rrs@c1021t,U,{},"{""proportion"": 0.0, ""confidence"": [0.0, 0.43448246478317476], ""p_value"": 0.5904, ""contingency"": [[0, 5], [195, 8282]]}",{}
187,NC00962.3,STM-0.2-0.95,0.0,GARC1,RUS,STM,rrs@827_ins_t,U,{},"{""proportion"": 0.0, ""confidence"": [0.0, 0.7934506856227626], ""p_value"": 1.0, ""contingency"": [[0, 1], [195, 8282]]}",{}
188,NC00962.3,STM-0.2-0.95,0.0,GARC1,RUS,STM,gid@A119D,U,{},"{""proportion"": 0.5, ""confidence"": [0.1876163064826506, 0.8123836935173494], ""p_value"": 0.09888000000000005, ""contingency"": [[3, 3], [195, 8282]]}",{}
189,NC00962.3,STM-0.2-0.95,0.0,GARC1,RUS,STM,gid@E173!,U,{},"{""proportion"": 0.16666666666666666, ""confidence"": [0.030053369748306632, 0.5635028221864702], ""p_value"": 1.0, ""contingency"": [[1, 5], [195, 8282]]}",{}
190,NC00962.3,STM-0.2-0.95,0.0,GARC1,RUS,STM,gid@193_ins_g,U,{},"{""proportion"": 0.5, ""confidence"": [0.09453120573423071, 0.9054687942657693], ""p_value"": 0.3600000000000001, ""contingency"": [[1, 1], [195, 8282]]}",{}
192,NC00962.3,STM-0.2-0.95,0.0,GARC1,RUS,STM,gid@R137Q,U,{},"{""proportion"": 1.0, ""confidence"": [0.20654931437723742, 1.0], ""p_value"": 0.2, ""contingency"": [[1, 0], [195, 8282]]}",{}
193,NC00962.3,STM-0.2-0.95,0.0,GARC1,RUS,STM,gid@G109A,U,{},"{""proportion"": 0.3333333333333333, ""confidence"": [0.061491944720396215, 0.7923403991979523], ""p_value"": 0.4880000000000001, ""contingency"": [[1, 2], [195, 8282]]}",{}
194,NC00962.3,STM-0.2-0.95,0.0,GARC1,RUS,STM,gid@H48Q,U,{},"{""proportion"": 0.6666666666666666, ""confidence"": [0.20765960080204768, 0.9385080552796037], ""p_value"": 0.10400000000000005, ""contingency"": [[2, 1], [195, 8282]]}",{}
195,NC00962.3,STM-0.2-0.95,0.0,GARC1,RUS,STM,gid@g-85a,U,{},"{""proportion"": 1.0, ""confidence"": [0.20654931437723742, 1.0], ""p_value"": 0.2, ""contingency"": [[1, 0], [195, 8282]]}",{}
196,NC00962.3,STM-0.2-0.95,0.0,GARC1,RUS,STM,rrs@g1286a,U,{},"{""proportion"": 0.0, ""confidence"": [0.0, 0.7934506856227626], ""p_value"": 1.0, ""contingency"": [[0, 1], [195, 8282]]}",{}
200,NC00962.3,STM-0.2-0.95,0.0,GARC1,RUS,STM,gid@G37R,U,{},"{""proportion"": 0.5, ""confidence"": [0.15003898915214947, 0.8499610108478506], ""p_value"": 0.18080000000000004, ""contingency"": [[2, 2], [195, 8282]]}",{}
201,NC00962.3,STM-0.2-0.95,0.0,GARC1,RUS,STM,gid@c-30t,U,{},"{""proportion"": 0.0, ""confidence"": [0.0, 0.6576197724933469], ""p_value"": 1.0, ""contingency"": [[0, 2], [195, 8282]]}",{}
203,NC00962.3,STM-0.2-0.95,0.0,GARC1,RUS,STM,gid@A25P,U,{},"{""proportion"": 0.0, ""confidence"": [0.0, 0.6576197724933469], ""p_value"": 1.0, ""contingency"": [[0, 2], [195, 8282]]}",{}
204,NC00962.3,STM-0.2-0.95,0.0,GARC1,RUS,STM,rrs@c799a,U,{},"{""proportion"": 0.0, ""confidence"": [0.0, 0.7934506856227626], ""p_value"": 1.0, ""contingency"": [[0, 1], [195, 8282]]}",{}
205,NC00962.3,STM-0.2-0.95,0.0,GARC1,RUS,STM,gid@G71E,U,{},"{""proportion"": 0.3333333333333333, ""confidence"": [0.061491944720396215, 0.7923403991979523], ""p_value"": 0.4880000000000001, ""contingency"": [[1, 2], [195, 8282]]}",{}
207,NC00962.3,STM-0.2-0.95,0.0,GARC1,RUS,STM,gid@M104K,U,{},"{""proportion"": 1.0, ""confidence"": [0.20654931437723742, 1.0], ""p_value"": 0.2, ""contingency"": [[1, 0], [195, 8282]]}",{}
208,NC00962.3,STM-0.2-0.95,0.0,GARC1,RUS,STM,gid@g-74c,U,{},"{""proportion"": 0.0, ""confidence"": [0.0, 0.7934506856227626], ""p_value"": 1.0, ""contingency"": [[0, 1], [195, 8282]]}",{}
209,NC00962.3,STM-0.2-0.95,0.0,GARC1,RUS,STM,gid@A193P,U,{},"{""proportion"": 0.0, ""confidence"": [0.0, 0.7934506856227626], ""p_value"": 1.0, ""contingency"": [[0, 1], [195, 8282]]}",{}
211,NC00962.3,STM-0.2-0.95,0.0,GARC1,RUS,STM,rrs@t23g,U,{},"{""proportion"": 0.5, ""confidence"": [0.09453120573423071, 0.9054687942657693], ""p_value"": 0.3600000000000001, ""contingency"": [[1, 1], [195, 8282]]}",{}
213,NC00962.3,STM-0.2-0.95,0.0,GARC1,RUS,STM,rrs@t1208g,U,{},"{""proportion"": 0.08333333333333333, ""confidence"": [0.014865094404917095, 0.35387991114111694], ""p_value"": 0.48030895718400024, ""contingency"": [[1, 11], [195, 8282]]}",{}
214,NC00962.3,STM-0.2-0.95,0.0,GARC1,RUS,STM,gid@Y195!,U,{},"{""proportion"": 0.3333333333333333, ""confidence"": [0.061491944720396215, 0.7923403991979523], ""p_value"": 0.4880000000000001, ""contingency"": [[1, 2], [195, 8282]]}",{}
215,NC00962.3,STM-0.2-0.95,0.0,GARC1,RUS,STM,gid@I68F,U,{},"{""proportion"": 0.0, ""confidence"": [0.0, 0.7934506856227626], ""p_value"": 1.0, ""contingency"": [[0, 1], [195, 8282]]}",{}
216,NC00962.3,STM-0.2-0.95,0.0,GARC1,RUS,STM,gid@L86F,U,{},"{""proportion"": 0.0, ""confidence"": [0.0, 0.43448246478317476], ""p_value"": 0.5904, ""contingency"": [[0, 5], [195, 8282]]}",{}
217,NC00962.3,STM-0.2-0.95,0.0,GARC1,RUS,STM,rrs@t268c,U,{},"{""proportion"": 0.0, ""confidence"": [0.0, 0.4898908364545973], ""p_value"": 1.0, ""contingency"": [[0, 4], [195, 8282]]}",{}
218,NC00962.3,STM-0.2-0.95,0.0,GARC1,RUS,STM,gid@D132E,U,{},"{""proportion"": 1.0, ""confidence"": [0.20654931437723742, 1.0], ""p_value"": 0.2, ""contingency"": [[1, 0], [195, 8282]]}",{}
219,NC00962.3,STM-0.2-0.95,0.0,GARC1,RUS,STM,rrs@g655a,U,{},"{""proportion"": 0.0, ""confidence"": [0.0, 0.7934506856227626], ""p_value"": 1.0, ""contingency"": [[0, 1], [195, 8282]]}",{}
221,NC00962.3,STM-0.2-0.95,0.0,GARC1,RUS,STM,rrs@-40_ins_a,U,{},"{""proportion"": 0.0, ""confidence"": [0.0, 0.7934506856227626], ""p_value"": 1.0, ""contingency"": [[0, 1], [195, 8282]]}",{}
222,NC00962.3,STM-0.2-0.95,0.0,GARC1,RUS,STM,gid@A119T,U,{},"{""proportion"": 0.14814814814814814, ""confidence"": [0.05915927776244328, 0.32478685427812976], ""p_value"": 0.6346482140946872, ""contingency"": [[4, 23], [195, 8282]]}",{}
223,NC00962.3,STM-0.2-0.95,0.0,GARC1,RUS,STM,gid@G76S,U,{},"{""proportion"": 0.25, ""confidence"": [0.045587260809700575, 0.6993581574175981], ""p_value"": 1.0, ""contingency"": [[1, 3], [195, 8282]]}",{}
224,NC00962.3,STM-0.2-0.95,0.0,GARC1,RUS,STM,gid@A8V,U,{},"{""proportion"": 0.0, ""confidence"": [0.0, 0.6576197724933469], ""p_value"": 1.0, ""contingency"": [[0, 2], [195, 8282]]}",{}
225,NC00962.3,STM-0.2-0.95,0.0,GARC1,RUS,STM,gid@463_ins_tgatacggc,U,{},"{""proportion"": 1.0, ""confidence"": [0.20654931437723742, 1.0], ""p_value"": 0.2, ""contingency"": [[1, 0], [195, 8282]]}",{}
226,NC00962.3,STM-0.2-0.95,0.0,GARC1,RUS,STM,gid@H48D,U,{},"{""proportion"": 0.0, ""confidence"": [0.0, 0.7934506856227626], ""p_value"": 1.0, ""contingency"": [[0, 1], [195, 8282]]}",{}
227,NC00962.3,STM-0.2-0.95,0.0,GARC1,RUS,STM,rrs@t1164a,U,{},"{""proportion"": 0.0, ""confidence"": [0.0, 0.7934506856227626], ""p_value"": 1.0, ""contingency"": [[0, 1], [195, 8282]]}",{}
228,NC00962.3,STM-0.2-0.95,0.0,GARC1,RUS,STM,rrs@t-92g,U,{},"{""proportion"": 0.0, ""confidence"": [0.0, 0.6576197724933469], ""p_value"": 1.0, ""contingency"": [[0, 2], [195, 8282]]}",{}
230,NC00962.3,STM-0.2-0.95,0.0,GARC1,RUS,STM,gid@G71!,U,{},"{""proportion"": 0.0, ""confidence"": [0.0, 0.7934506856227626], ""p_value"": 1.0, ""contingency"": [[0, 1], [195, 8282]]}",{}
231,NC00962.3,STM-0.2-0.95,0.0,GARC1,RUS,STM,gid@G69R,U,{},"{""proportion"": 1.0, ""confidence"": [0.20654931437723742, 1.0], ""p_value"": 0.2, ""contingency"": [[1, 0], [195, 8282]]}",{}
232,NC00962.3,STM-0.2-0.95,0.0,GARC1,RUS,STM,gid@V171L,U,{},"{""proportion"": 0.0, ""confidence"": [0.0, 0.7934506856227626], ""p_value"": 1.0, ""contingency"": [[0, 1], [195, 8282]]}",{}
233,NC00962.3,STM-0.2-0.95,0.0,GARC1,RUS,STM,gid@R33P,U,{},"{""proportion"": 0.3333333333333333, ""confidence"": [0.061491944720396215, 0.7923403991979523], ""p_value"": 0.4880000000000001, ""contingency"": [[1, 2], [195, 8282]]}",{}
234,NC00962.3,STM-0.2-0.95,0.0,GARC1,RUS,STM,rrs@c37t,U,{},"{""proportion"": 0.0, ""confidence"": [0.0, 0.7934506856227626], ""p_value"": 1.0, ""contingency"": [[0, 1], [195, 8282]]}",{}
236,NC00962.3,STM-0.2-0.95,0.0,GARC1,RUS,STM,gid@371_del_t,U,{},"{""proportion"": 0.6666666666666666, ""confidence"": [0.20765960080204768, 0.9385080552796037], ""p_value"": 0.10400000000000005, ""contingency"": [[2, 1], [195, 8282]]}",{}
237,NC00962.3,STM-0.2-0.95,0.0,GARC1,RUS,STM,gid@309_ins_t,U,{},"{""proportion"": 1.0, ""confidence"": [0.20654931437723742, 1.0], ""p_value"": 0.2, ""contingency"": [[1, 0], [195, 8282]]}",{}
238,NC00962.3,STM-0.2-0.95,0.0,GARC1,RUS,STM,rrs@c699t,U,{},"{""proportion"": 0.0, ""confidence"": [0.0, 0.7934506856227626], ""p_value"": 1.0, ""contingency"": [[0, 1], [195, 8282]]}",{}
239,NC00962.3,STM-0.2-0.95,0.0,GARC1,RUS,STM,gid@M218V,U,{},"{""proportion"": 0.0, ""confidence"": [0.0, 0.7934506856227626], ""p_value"": 1.0, ""contingency"": [[0, 1], [195, 8282]]}",{}
240,NC00962.3,STM-0.2-0.95,0.0,GARC1,RUS,STM,rrs@c905t,U,{},"{""proportion"": 1.0, ""confidence"": [0.20654931437723742, 1.0], ""p_value"": 0.2, ""contingency"": [[1, 0], [195, 8282]]}",{}
241,NC00962.3,STM-0.2-0.95,0.0,GARC1,RUS,STM,gid@V124G,U,{},"{""proportion"": 0.2, ""confidence"": [0.03622410863243013, 0.6244653702374747], ""p_value"": 1.0, ""contingency"": [[1, 4], [195, 8282]]}",{}
243,NC00962.3,STM-0.2-0.95,0.0,GARC1,RUS,STM,gid@257_del_t,U,{},"{""proportion"": 1.0, ""confidence"": [0.20654931437723742, 1.0], ""p_value"": 0.2, ""contingency"": [[1, 0], [195, 8282]]}",{}
245,NC00962.3,STM-0.2-0.95,0.0,GARC1,RUS,STM,gid@V135M,U,{},"{""proportion"": 0.0, ""confidence"": [0.0, 0.6576197724933469], ""p_value"": 1.0, ""contingency"": [[0, 2], [195, 8282]]}",{}
246,NC00962.3,STM-0.2-0.95,0.0,GARC1,RUS,STM,gid@W45S,U,{},"{""proportion"": 0.5, ""confidence"": [0.09453120573423071, 0.9054687942657693], ""p_value"": 0.3600000000000001, ""contingency"": [[1, 1], [195, 8282]]}",{}
247,NC00962.3,STM-0.2-0.95,0.0,GARC1,RUS,STM,gid@A224V,U,{},"{""proportion"": 0.0, ""confidence"": [4.8683609171202235e-17, 0.5614970317550455], ""p_value"": 1.0, ""contingency"": [[0, 3], [195, 8282]]}",{}
248,NC00962.3,STM-0.2-0.95,0.0,GARC1,RUS,STM,gid@g-9c,U,{},"{""proportion"": 0.0, ""confidence"": [0.0, 0.7934506856227626], ""p_value"": 1.0, ""contingency"": [[0, 1], [195, 8282]]}",{}
249,NC00962.3,STM-0.2-0.95,0.0,GARC1,RUS,STM,gid@395_del_a,U,{},"{""proportion"": 0.0, ""confidence"": [0.0, 0.7934506856227626], ""p_value"": 1.0, ""contingency"": [[0, 1], [195, 8282]]}",{}
251,NC00962.3,STM-0.2-0.95,0.0,GARC1,RUS,STM,gid@102_ins_g,U,{},"{""proportion"": 0.3333333333333333, ""confidence"": [0.061491944720396215, 0.7923403991979523], ""p_value"": 0.4880000000000001, ""contingency"": [[1, 2], [195, 8282]]}",{}
252,NC00962.3,STM-0.2-0.95,0.0,GARC1,RUS,STM,gid@A80P,U,{},"{""proportion"": 0.5, ""confidence"": [0.09453120573423071, 0.9054687942657693], ""p_value"": 0.3600000000000001, ""contingency"": [[1, 1], [195, 8282]]}",{}
253,NC00962.3,STM-0.2-0.95,0.0,GARC1,RUS,STM,gid@P78L,U,{},"{""proportion"": 0.23809523809523808, ""confidence"": [0.1062801302263647, 0.4509117368295075], ""p_value"": 0.592694449700613, ""contingency"": [[5, 16], [195, 8282]]}",{}
254,NC00962.3,STM-0.2-0.95,0.0,GARC1,RUS,STM,gid@L79!,U,{},"{""proportion"": 0.0, ""confidence"": [0.0, 0.7934506856227626], ""p_value"": 1.0, ""contingency"": [[0, 1], [195, 8282]]}",{}
257,NC00962.3,STM-0.2-0.95,0.0,GARC1,RUS,STM,gid@D67G,U,{},"{""proportion"": 0.4444444444444444, ""confidence"": [0.18877852109766458, 0.7333487065045069], ""p_value"": 0.08564172800000006, ""contingency"": [[4, 5], [195, 8282]]}",{}
258,NC00962.3,STM-0.2-0.95,0.0,GARC1,RUS,STM,gid@R118S,U,{},"{""proportion"": 0.5, ""confidence"": [0.1876163064826506, 0.8123836935173494], ""p_value"": 0.09888000000000005, ""contingency"": [[3, 3], [195, 8282]]}",{}
259,NC00962.3,STM-0.2-0.95,0.0,GARC1,RUS,STM,gid@L58P,U,{},"{""proportion"": 0.0, ""confidence"": [0.0, 0.7934506856227626], ""p_value"": 1.0, ""contingency"": [[0, 1], [195, 8282]]}",{}
260,NC00962.3,STM-0.2-0.95,0.0,GARC1,RUS,STM,gid@L145F,U,{},"{""proportion"": 0.21428571428571427, ""confidence"": [0.07571386712693182, 0.47589230586600295], ""p_value"": 1.0, ""contingency"": [[3, 11], [195, 8282]]}",{}
261,NC00962.3,STM-0.2-0.95,0.0,GARC1,RUS,STM,gid@L90R,U,{},"{""proportion"": 0.2857142857142857, ""confidence"": [0.1172137864457692, 0.5464908432989318], ""p_value"": 0.49972220936192036, ""contingency"": [[4, 10], [195, 8282]]}",{}
262,NC00962.3,STM-0.2-0.95,0.0,GARC1,RUS,STM,gid@L94R,U,{},"{""proportion"": 0.5, ""confidence"": [0.09453120573423071, 0.9054687942657693], ""p_value"": 0.3600000000000001, ""contingency"": [[1, 1], [195, 8282]]}",{}
263,NC00962.3,STM-0.2-0.95,0.0,GARC1,RUS,STM,gid@E170K,U,{},"{""proportion"": 0.3333333333333333, ""confidence"": [0.061491944720396215, 0.7923403991979523], ""p_value"": 0.4880000000000001, ""contingency"": [[1, 2], [195, 8282]]}",{}
265,NC00962.3,STM-0.2-0.95,0.0,GARC1,RUS,STM,rrs@c441t,U,{},"{""proportion"": 1.0, ""confidence"": [0.20654931437723742, 1.0], ""p_value"": 0.2, ""contingency"": [[1, 0], [195, 8282]]}",{}
267,NC00962.3,STM-0.2-0.95,0.0,GARC1,RUS,STM,gid@319_ins_g,U,{},"{""proportion"": 0.0, ""confidence"": [4.8683609171202235e-17, 0.5614970317550455], ""p_value"": 1.0, ""contingency"": [[0, 3], [195, 8282]]}",{}
268,NC00962.3,STM-0.2-0.95,0.0,GARC1,RUS,STM,gid@-99_del_gtaagcgatgcgtggccgagcggctgggccagcgtctcgagagcggagaatgtttcacgtgaaacatgacacagacctcacgagccggcggagtgcgtaatgtctccgatcgagcccgcggcgtctgcgatcttcggaccgcggcttggccttgctcggcggtacgccgaagcgttggcgggacccggtgtggagcgggggctggtgggaccccgcgaagtcggtaggctatgggaccggcatctactgaactgcgccgtgatcggtgagctcctcgaacgcggtgaccgggtcgtggatatcggtagcggagccgggttgccgggcgtgccattggcgatagcgcggccggacctccaggtagttctcctagaaccgctactgcgccgcaccgagtttcttcgagagatggtgacagatctgggcgtggccgttgagatcgtgcgggggcgcgccgaggagtcctgggtgcaggaccaattgggcggcagcgacgctgcggtgtcacgggcggtggccgcgttggacaagttgacgaaatggagcatgccgttgatacggccgaacgggcgaatgctcgccatcaaaggcgagcgggctcacgacgaagtacgggagcaccggcgtgtgatgatcgcatcgggcgcggttgatgtcagggtggtgacatgtggcgcgaa,U,{},"{""proportion"": 0.0, ""confidence"": [0.0, 0.7934506856227626], ""p_value"": 1.0, ""contingency"": [[0, 1], [195, 8282]]}",{}
269,NC00962.3,STM-0.2-0.95,0.0,GARC1,RUS,STM,gid@E121D,U,{},"{""proportion"": 0.0, ""confidence"": [0.0, 0.6576197724933469], ""p_value"": 1.0, ""contingency"": [[0, 2], [195, 8282]]}",{}
270,NC00962.3,STM-0.2-0.95,0.0,GARC1,RUS,STM,gid@167_ins_cgg,U,{},"{""proportion"": 0.0, ""confidence"": [0.0, 0.7934506856227626], ""p_value"": 1.0, ""contingency"": [[0, 1], [195, 8282]]}",{}
271,NC00962.3,STM-0.2-0.95,0.0,GARC1,RUS,STM,gid@320_ins_a,U,{},"{""proportion"": 0.0, ""confidence"": [0.0, 0.7934506856227626], ""p_value"": 1.0, ""contingency"": [[0, 1], [195, 8282]]}",{}
272,NC00962.3,STM-0.2-0.95,0.0,GARC1,RUS,STM,gid@g-7a,U,{},"{""proportion"": 0.0, ""confidence"": [4.8683609171202235e-17, 0.5614970317550455], ""p_value"": 1.0, ""contingency"": [[0, 3], [195, 8282]]}",{}
275,NC00962.3,STM-0.2-0.95,0.0,GARC1,RUS,STM,gid@A138E,U,{},"{""proportion"": 0.6, ""confidence"": [0.23072428127601285, 0.8823792257673521], ""p_value"": 0.05792000000000001, ""contingency"": [[3, 2], [195, 8282]]}",{}
276,NC00962.3,STM-0.2-0.95,0.0,GARC1,RUS,STM,gid@R96L,U,{},"{""proportion"": 0.5, ""confidence"": [0.1876163064826506, 0.8123836935173494], ""p_value"": 0.09888000000000005, ""contingency"": [[3, 3], [195, 8282]]}",{}
277,NC00962.3,STM-0.2-0.95,0.0,GARC1,RUS,STM,gid@L91R,U,{},"{""proportion"": 0.6666666666666666, ""confidence"": [0.20765960080204768, 0.9385080552796037], ""p_value"": 0.10400000000000005, ""contingency"": [[2, 1], [195, 8282]]}",{}
279,NC00962.3,STM-0.2-0.95,0.0,GARC1,RUS,STM,gid@P75A,U,{},"{""proportion"": 0.0, ""confidence"": [0.0, 0.7934506856227626], ""p_value"": 1.0, ""contingency"": [[0, 1], [195, 8282]]}",{}
280,NC00962.3,STM-0.2-0.95,0.0,GARC1,RUS,STM,gid@W45R,U,{},"{""proportion"": 0.0, ""confidence"": [0.0, 0.6576197724933469], ""p_value"": 1.0, ""contingency"": [[0, 2], [195, 8282]]}",{}
281,NC00962.3,STM-0.2-0.95,0.0,GARC1,RUS,STM,gid@N51Y,U,{},"{""proportion"": 0.0, ""confidence"": [0.0, 0.7934506856227626], ""p_value"": 1.0, ""contingency"": [[0, 1], [195, 8282]]}",{}
282,NC00962.3,STM-0.2-0.95,0.0,GARC1,RUS,STM,gid@K163Q,U,{},"{""proportion"": 1.0, ""confidence"": [0.20654931437723742, 1.0], ""p_value"": 0.2, ""contingency"": [[1, 0], [195, 8282]]}",{}
283,NC00962.3,STM-0.2-0.95,0.0,GARC1,RUS,STM,gid@M150T,U,{},"{""proportion"": 0.0, ""confidence"": [0.0, 0.7934506856227626], ""p_value"": 1.0, ""contingency"": [[0, 1], [195, 8282]]}",{}
284,NC00962.3,STM-0.2-0.95,0.0,GARC1,RUS,STM,gid@L26S,U,{},"{""proportion"": 0.25, ""confidence"": [0.045587260809700575, 0.6993581574175981], ""p_value"": 1.0, ""contingency"": [[1, 3], [195, 8282]]}",{}
285,NC00962.3,STM-0.2-0.95,0.0,GARC1,RUS,STM,gid@T190P,U,{},"{""proportion"": 0.0, ""confidence"": [0.0, 0.7934506856227626], ""p_value"": 1.0, ""contingency"": [[0, 1], [195, 8282]]}",{}
286,NC00962.3,STM-0.2-0.95,0.0,GARC1,RUS,STM,gid@R207P,U,{},"{""proportion"": 0.0, ""confidence"": [0.0, 0.7934506856227626], ""p_value"": 1.0, ""contingency"": [[0, 1], [195, 8282]]}",{}
287,NC00962.3,STM-0.2-0.95,0.0,GARC1,RUS,STM,gid@39_ins_a,U,{},"{""proportion"": 0.0, ""confidence"": [0.0, 0.7934506856227626], ""p_value"": 1.0, ""contingency"": [[0, 1], [195, 8282]]}",{}
288,NC00962.3,STM-0.2-0.95,0.0,GARC1,RUS,STM,gid@Q127!,U,{},"{""proportion"": 0.5, ""confidence"": [0.1876163064826506, 0.8123836935173494], ""p_value"": 0.09888000000000005, ""contingency"": [[3, 3], [195, 8282]]}",{}
289,NC00962.3,STM-0.2-0.95,0.0,GARC1,RUS,STM,rrs@1371_ins_g,U,{},"{""proportion"": 0.0, ""confidence"": [0.0, 0.7934506856227626], ""p_value"": 1.0, ""contingency"": [[0, 1], [195, 8282]]}",{}
290,NC00962.3,STM-0.2-0.95,0.0,GARC1,RUS,STM,gid@C52Y,U,{},"{""proportion"": 0.25, ""confidence"": [0.045587260809700575, 0.6993581574175981], ""p_value"": 1.0, ""contingency"": [[1, 3], [195, 8282]]}",{}
291,NC00962.3,STM-0.2-0.95,0.0,GARC1,RUS,STM,gid@370_del_g,U,{},"{""proportion"": 0.6666666666666666, ""confidence"": [0.20765960080204768, 0.9385080552796037], ""p_value"": 0.10400000000000005, ""contingency"": [[2, 1], [195, 8282]]}",{}
292,NC00962.3,STM-0.2-0.95,0.0,GARC1,RUS,STM,gid@258_ins_a,U,{},"{""proportion"": 0.0, ""confidence"": [0.0, 0.7934506856227626], ""p_value"": 1.0, ""contingency"": [[0, 1], [195, 8282]]}",{}
294,NC00962.3,STM-0.2-0.95,0.0,GARC1,RUS,STM,gid@I114N,U,{},"{""proportion"": 0.5, ""confidence"": [0.09453120573423071, 0.9054687942657693], ""p_value"": 0.3600000000000001, ""contingency"": [[1, 1], [195, 8282]]}",{}
296,NC00962.3,STM-0.2-0.95,0.0,GARC1,RUS,STM,gid@F100L,U,{},"{""proportion"": 1.0, ""confidence"": [0.20654931437723742, 1.0], ""p_value"": 0.2, ""contingency"": [[1, 0], [195, 8282]]}",{}
297,NC00962.3,STM-0.2-0.95,0.0,GARC1,RUS,STM,gid@Y22S,U,{},"{""proportion"": 0.5, ""confidence"": [0.09453120573423071, 0.9054687942657693], ""p_value"": 0.3600000000000001, ""contingency"": [[1, 1], [195, 8282]]}",{}
299,NC00962.3,STM-0.2-0.95,0.0,GARC1,RUS,STM,gid@Y22H,U,{},"{""proportion"": 1.0, ""confidence"": [0.20654931437723742, 1.0], ""p_value"": 0.2, ""contingency"": [[1, 0], [195, 8282]]}",{}
300,NC00962.3,STM-0.2-0.95,0.0,GARC1,RUS,STM,gid@A133P,U,{},"{""proportion"": 0.6, ""confidence"": [0.23072428127601285, 0.8823792257673521], ""p_value"": 0.05792000000000001, ""contingency"": [[3, 2], [195, 8282]]}",{}
301,NC00962.3,STM-0.2-0.95,0.0,GARC1,RUS,STM,gid@E120A,U,{},"{""proportion"": 0.0, ""confidence"": [0.0, 0.7934506856227626], ""p_value"": 1.0, ""contingency"": [[0, 1], [195, 8282]]}",{}
302,NC00962.3,STM-0.2-0.95,0.0,GARC1,RUS,STM,gid@L26F,U,{},"{""proportion"": 0.6, ""confidence"": [0.23072428127601285, 0.8823792257673521], ""p_value"": 0.05792000000000001, ""contingency"": [[3, 2], [195, 8282]]}",{}
303,NC00962.3,STM-0.2-0.95,0.0,GARC1,RUS,STM,gid@R83G,U,{},"{""proportion"": 0.0, ""confidence"": [0.0, 0.7934506856227626], ""p_value"": 1.0, ""contingency"": [[0, 1], [195, 8282]]}",{}
304,NC00962.3,STM-0.2-0.95,0.0,GARC1,RUS,STM,gid@M150R,U,{},"{""proportion"": 0.5, ""confidence"": [0.09453120573423071, 0.9054687942657693], ""p_value"": 0.3600000000000001, ""contingency"": [[1, 1], [195, 8282]]}",{}
305,NC00962.3,STM-0.2-0.95,0.0,GARC1,RUS,STM,gid@G164C,U,{},"{""proportion"": 0.3333333333333333, ""confidence"": [0.061491944720396215, 0.7923403991979523], ""p_value"": 0.4880000000000001, ""contingency"": [[1, 2], [195, 8282]]}",{}
306,NC00962.3,STM-0.2-0.95,0.0,GARC1,RUS,STM,gid@R15P,U,{},"{""proportion"": 0.0, ""confidence"": [0.0, 0.7934506856227626], ""p_value"": 1.0, ""contingency"": [[0, 1], [195, 8282]]}",{}
307,NC00962.3,STM-0.2-0.95,0.0,GARC1,RUS,STM,gid@46_ins_atgtctccgatcgagcccgcggcgtctgcgatcttcggaccgcggc,U,{},"{""proportion"": 1.0, ""confidence"": [0.20654931437723742, 1.0], ""p_value"": 0.2, ""contingency"": [[1, 0], [195, 8282]]}",{}
308,NC00962.3,STM-0.2-0.95,0.0,GARC1,RUS,STM,gid@V36G,U,{},"{""proportion"": 0.5, ""confidence"": [0.09453120573423071, 0.9054687942657693], ""p_value"": 0.3600000000000001, ""contingency"": [[1, 1], [195, 8282]]}",{}
309,NC00962.3,STM-0.2-0.95,0.0,GARC1,RUS,STM,rrs@g1379a,U,{},"{""proportion"": 0.0, ""confidence"": [0.0, 0.32440756488388023], ""p_value"": 0.37085440000000003, ""contingency"": [[0, 8], [195, 8282]]}",{}
310,NC00962.3,STM-0.2-0.95,0.0,GARC1,RUS,STM,gid@597_del_c,U,{},"{""proportion"": 0.0, ""confidence"": [0.0, 0.7934506856227626], ""p_value"": 1.0, ""contingency"": [[0, 1], [195, 8282]]}",{}
311,NC00962.3,STM-0.2-0.95,0.0,GARC1,RUS,STM,gid@P84T,U,{},"{""proportion"": 1.0, ""confidence"": [0.20654931437723742, 1.0], ""p_value"": 0.2, ""contingency"": [[1, 0], [195, 8282]]}",{}
312,NC00962.3,STM-0.2-0.95,0.0,GARC1,RUS,STM,gid@V124A,U,{},"{""proportion"": 0.0, ""confidence"": [0.0, 0.7934506856227626], ""p_value"": 1.0, ""contingency"": [[0, 1], [195, 8282]]}",{}
313,NC00962.3,STM-0.2-0.95,0.0,GARC1,RUS,STM,gid@t-2a,U,{},"{""proportion"": 0.0, ""confidence"": [0.0, 0.7934506856227626], ""p_value"": 1.0, ""contingency"": [[0, 1], [195, 8282]]}",{}
314,NC00962.3,STM-0.2-0.95,0.0,GARC1,RUS,STM,gid@V203L,U,{},"{""proportion"": 0.5, ""confidence"": [0.09453120573423071, 0.9054687942657693], ""p_value"": 0.3600000000000001, ""contingency"": [[1, 1], [195, 8282]]}",{}
315,NC00962.3,STM-0.2-0.95,0.0,GARC1,RUS,STM,rrs@1205_ins_t,U,{},"{""proportion"": 0.0, ""confidence"": [0.0, 0.7934506856227626], ""p_value"": 1.0, ""contingency"": [[0, 1], [195, 8282]]}",{}
316,NC00962.3,STM-0.2-0.95,0.0,GARC1,RUS,STM,gid@A134T,U,{},"{""proportion"": 0.0, ""confidence"": [0.0, 0.6576197724933469], ""p_value"": 1.0, ""contingency"": [[0, 2], [195, 8282]]}",{}
317,NC00962.3,STM-0.2-0.95,0.0,GARC1,RUS,STM,gid@A133T,U,{},"{""proportion"": 1.0, ""confidence"": [0.20654931437723742, 1.0], ""p_value"": 0.2, ""contingency"": [[1, 0], [195, 8282]]}",{}
318,NC00962.3,STM-0.2-0.95,0.0,GARC1,RUS,STM,gid@V41I,U,{},"{""proportion"": 0.2, ""confidence"": [0.03622410863243013, 0.6244653702374747], ""p_value"": 1.0, ""contingency"": [[1, 4], [195, 8282]]}",{}
319,NC00962.3,STM-0.2-0.95,0.0,GARC1,RUS,STM,rpsL@E70A,U,{},"{""proportion"": 0.0, ""confidence"": [0.0, 0.7934506856227626], ""p_value"": 1.0, ""contingency"": [[0, 1], [195, 8282]]}",{}
320,NC00962.3,STM-0.2-0.95,0.0,GARC1,RUS,STM,gid@F204L,U,{},"{""proportion"": 0.0, ""confidence"": [0.0, 0.6576197724933469], ""p_value"": 1.0, ""contingency"": [[0, 2], [195, 8282]]}",{}
321,NC00962.3,STM-0.2-0.95,0.0,GARC1,RUS,STM,rpsL@A113G,U,{},"{""proportion"": 0.0, ""confidence"": [0.0, 0.7934506856227626], ""p_value"": 1.0, ""contingency"": [[0, 1], [195, 8282]]}",{}
322,NC00962.3,STM-0.2-0.95,0.0,GARC1,RUS,STM,gid@M159I,U,{},"{""proportion"": 0.0, ""confidence"": [0.0, 0.7934506856227626], ""p_value"": 1.0, ""contingency"": [[0, 1], [195, 8282]]}",{}
323,NC00962.3,STM-0.2-0.95,0.0,GARC1,RUS,STM,gid@Q87P,U,{},"{""proportion"": 0.0, ""confidence"": [0.0, 0.7934506856227626], ""p_value"": 1.0, ""contingency"": [[0, 1], [195, 8282]]}",{}
325,NC00962.3,STM-0.2-0.95,0.0,GARC1,RUS,STM,rrs@t93g,U,{},"{""proportion"": 0.0, ""confidence"": [0.0, 0.7934506856227626], ""p_value"": 1.0, ""contingency"": [[0, 1], [195, 8282]]}",{}
326,NC00962.3,STM-0.2-0.95,0.0,GARC1,RUS,STM,gid@G73R,U,{},"{""proportion"": 0.6666666666666666, ""confidence"": [0.20765960080204768, 0.9385080552796037], ""p_value"": 0.10400000000000005, ""contingency"": [[2, 1], [195, 8282]]}",{}
327,NC00962.3,STM-0.2-0.95,0.0,GARC1,RUS,STM,gid@A82E,U,{},"{""proportion"": 0.0, ""confidence"": [0.0, 0.7934506856227626], ""p_value"": 1.0, ""contingency"": [[0, 1], [195, 8282]]}",{}
328,NC00962.3,STM-0.2-0.95,0.0,GARC1,RUS,STM,gid@230_del_tgccattggcgatagcgcg,U,{},"{""proportion"": 0.6666666666666666, ""confidence"": [0.20765960080204768, 0.9385080552796037], ""p_value"": 0.10400000000000005, ""contingency"": [[2, 1], [195, 8282]]}",{}
329,NC00962.3,STM-0.2-0.95,0.0,GARC1,RUS,STM,gid@373_del_c,U,{},"{""proportion"": 1.0, ""confidence"": [0.20654931437723742, 1.0], ""p_value"": 0.2, ""contingency"": [[1, 0], [195, 8282]]}",{}
330,NC00962.3,STM-0.2-0.95,0.0,GARC1,RUS,STM,gid@R21P,U,{},"{""proportion"": 0.3333333333333333, ""confidence"": [0.061491944720396215, 0.7923403991979523], ""p_value"": 0.4880000000000001, ""contingency"": [[1, 2], [195, 8282]]}",{}
331,NC00962.3,STM-0.2-0.95,0.0,GARC1,RUS,STM,rrs@g1481t,U,{},"{""proportion"": 1.0, ""confidence"": [0.20654931437723742, 1.0], ""p_value"": 0.2, ""contingency"": [[1, 0], [195, 8282]]}",{}
332,NC00962.3,STM-0.2-0.95,0.0,GARC1,RUS,STM,gid@E103!,U,{},"{""proportion"": 0.6666666666666666, ""confidence"": [0.20765960080204768, 0.9385080552796037], ""p_value"": 0.10400000000000005, ""contingency"": [[2, 1], [195, 8282]]}",{}
334,NC00962.3,STM-0.2-0.95,0.0,GARC1,RUS,STM,gid@V177M,U,{},"{""proportion"": 1.0, ""confidence"": [0.20654931437723742, 1.0], ""p_value"": 0.2, ""contingency"": [[1, 0], [195, 8282]]}",{}
336,NC00962.3,STM-0.2-0.95,0.0,GARC1,RUS,STM,gid@L90P,U,{},"{""proportion"": 0.5, ""confidence"": [0.09453120573423071, 0.9054687942657693], ""p_value"": 0.3600000000000001, ""contingency"": [[1, 1], [195, 8282]]}",{}
337,NC00962.3,STM-0.2-0.95,0.0,GARC1,RUS,STM,gid@R137P,U,{},"{""proportion"": 0.6, ""confidence"": [0.23072428127601285, 0.8823792257673521], ""p_value"": 0.05792000000000001, ""contingency"": [[3, 2], [195, 8282]]}",{}
338,NC00962.3,STM-0.2-0.95,0.0,GARC1,RUS,STM,gid@G37A,U,{},"{""proportion"": 0.25, ""confidence"": [0.045587260809700575, 0.6993581574175981], ""p_value"": 1.0, ""contingency"": [[1, 3], [195, 8282]]}",{}
339,NC00962.3,STM-0.2-0.95,0.0,GARC1,RUS,STM,gid@110_del_g,U,{},"{""proportion"": 1.0, ""confidence"": [0.20654931437723742, 1.0], ""p_value"": 0.2, ""contingency"": [[1, 0], [195, 8282]]}",{}
341,NC00962.3,STM-0.2-0.95,0.0,GARC1,RUS,STM,gid@S70N,U,{},"{""proportion"": 0.6666666666666666, ""confidence"": [0.20765960080204768, 0.9385080552796037], ""p_value"": 0.10400000000000005, ""contingency"": [[2, 1], [195, 8282]]}",{}
342,NC00962.3,STM-0.2-0.95,0.0,GARC1,RUS,STM,gid@H48R,U,{},"{""proportion"": 0.5, ""confidence"": [0.09453120573423071, 0.9054687942657693], ""p_value"": 0.3600000000000001, ""contingency"": [[1, 1], [195, 8282]]}",{}
344,NC00962.3,STM-0.2-0.95,0.0,GARC1,RUS,STM,gid@G30D,U,{},"{""proportion"": 0.5, ""confidence"": [0.15003898915214947, 0.8499610108478506], ""p_value"": 0.18080000000000004, ""contingency"": [[2, 2], [195, 8282]]}",{}
346,NC00962.3,STM-0.2-0.95,0.0,GARC1,RUS,STM,gid@287_del_g,U,{},"{""proportion"": 1.0, ""confidence"": [0.20654931437723742, 1.0], ""p_value"": 0.2, ""contingency"": [[1, 0], [195, 8282]]}",{}
347,NC00962.3,STM-0.2-0.95,0.0,GARC1,RUS,STM,gid@L50P,U,{},"{""proportion"": 0.5, ""confidence"": [0.09453120573423071, 0.9054687942657693], ""p_value"": 0.3600000000000001, ""contingency"": [[1, 1], [195, 8282]]}",{}
348,NC00962.3,STM-0.2-0.95,0.0,GARC1,RUS,STM,gid@H168D,U,{},"{""proportion"": 0.0, ""confidence"": [0.0, 0.7934506856227626], ""p_value"": 1.0, ""contingency"": [[0, 1], [195, 8282]]}",{}
349,NC00962.3,STM-0.2-0.95,0.0,GARC1,RUS,STM,gid@115_ins_cc,U,{},"{""proportion"": 0.0, ""confidence"": [0.0, 0.7934506856227626], ""p_value"": 1.0, ""contingency"": [[0, 1], [195, 8282]]}",{}
350,NC00962.3,STM-0.2-0.95,0.0,GARC1,RUS,STM,gid@W148!,U,{},"{""proportion"": 1.0, ""confidence"": [0.20654931437723742, 1.0], ""p_value"": 0.2, ""contingency"": [[1, 0], [195, 8282]]}",{}
354,NC00962.3,STM-0.2-0.95,0.0,GARC1,RUS,STM,gid@G164R,U,{},"{""proportion"": 1.0, ""confidence"": [0.20654931437723742, 1.0], ""p_value"": 0.2, ""contingency"": [[1, 0], [195, 8282]]}",{}
355,NC00962.3,STM-0.2-0.95,0.0,GARC1,RUS,STM,rrs@t1208c,U,{},"{""proportion"": 1.0, ""confidence"": [0.20654931437723742, 1.0], ""p_value"": 0.2, ""contingency"": [[1, 0], [195, 8282]]}",{}
356,NC00962.3,STM-0.2-0.95,0.0,GARC1,RUS,STM,gid@611_ins_t,U,{},"{""proportion"": 1.0, ""confidence"": [0.20654931437723742, 1.0], ""p_value"": 0.2, ""contingency"": [[1, 0], [195, 8282]]}",{}
358,NC00962.3,STM-0.2-0.95,0.0,GARC1,RUS,STM,gid@V202L,U,{},"{""proportion"": 0.0, ""confidence"": [0.0, 0.7934506856227626], ""p_value"": 1.0, ""contingency"": [[0, 1], [195, 8282]]}",{}
359,NC00962.3,STM-0.2-0.95,0.0,GARC1,RUS,STM,gid@V112G,U,{},"{""proportion"": 0.0, ""confidence"": [0.0, 0.6576197724933469], ""p_value"": 1.0, ""contingency"": [[0, 2], [195, 8282]]}",{}
360,NC00962.3,STM-0.2-0.95,0.0,GARC1,RUS,STM,gid@399_ins_t,U,{},"{""proportion"": 0.5, ""confidence"": [0.09453120573423071, 0.9054687942657693], ""p_value"": 0.3600000000000001, ""contingency"": [[1, 1], [195, 8282]]}",{}
361,NC00962.3,STM-0.2-0.95,0.0,GARC1,RUS,STM,gid@L101F,U,{},"{""proportion"": 0.3333333333333333, ""confidence"": [0.061491944720396215, 0.7923403991979523], ""p_value"": 0.4880000000000001, ""contingency"": [[1, 2], [195, 8282]]}",{}
362,NC00962.3,STM-0.2-0.95,0.0,GARC1,RUS,STM,rrs@g1302a,U,{},"{""proportion"": 0.0, ""confidence"": [0.0, 0.7934506856227626], ""p_value"": 1.0, ""contingency"": [[0, 1], [195, 8282]]}",{}
363,NC00962.3,STM-0.2-0.95,0.0,GARC1,RUS,STM,gid@445_ins_a,U,{},"{""proportion"": 1.0, ""confidence"": [0.20654931437723742, 1.0], ""p_value"": 0.2, ""contingency"": [[1, 0], [195, 8282]]}",{}
364,NC00962.3,STM-0.2-0.95,0.0,GARC1,RUS,STM,rrs@g1416a,U,{},"{""proportion"": 0.0, ""confidence"": [0.0, 0.7934506856227626], ""p_value"": 1.0, ""contingency"": [[0, 1], [195, 8282]]}",{}
365,NC00962.3,STM-0.2-0.95,0.0,GARC1,RUS,STM,gid@C52!,U,{},"{""proportion"": 0.0, ""confidence"": [0.0, 0.6576197724933469], ""p_value"": 1.0, ""contingency"": [[0, 2], [195, 8282]]}",{}
366,NC00962.3,STM-0.2-0.95,0.0,GARC1,RUS,STM,gid@D169G,U,{},"{""proportion"": 0.0, ""confidence"": [0.0, 0.6576197724933469], ""p_value"": 1.0, ""contingency"": [[0, 2], [195, 8282]]}",{}
367,NC00962.3,STM-0.2-0.95,0.0,GARC1,RUS,STM,gid@C52W,U,{},"{""proportion"": 0.0, ""confidence"": [0.0, 0.7934506856227626], ""p_value"": 1.0, ""contingency"": [[0, 1], [195, 8282]]}",{}
368,NC00962.3,STM-0.2-0.95,0.0,GARC1,RUS,STM,gid@438_del_g,U,{},"{""proportion"": 1.0, ""confidence"": [0.20654931437723742, 1.0], ""p_value"": 0.2, ""contingency"": [[1, 0], [195, 8282]]}",{}
369,NC00962.3,STM-0.2-0.95,0.0,GARC1,RUS,STM,gid@P75T,U,{},"{""proportion"": 0.0, ""confidence"": [3.584186086443356e-17, 0.3543304350666874], ""p_value"": 0.35774719999999993, ""contingency"": [[0, 7], [195, 8282]]}",{}
370,NC00962.3,STM-0.2-0.95,0.0,GARC1,RUS,STM,gid@418_del_g,U,{},"{""proportion"": 0.0, ""confidence"": [0.0, 0.7934506856227626], ""p_value"": 1.0, ""contingency"": [[0, 1], [195, 8282]]}",{}
371,NC00962.3,STM-0.2-0.95,0.0,GARC1,RUS,STM,gid@-75_del_tgggccagcgtctcgagagcggagaatgtttcacgtgaaacatgacacagacctcacgagccggcggagtgcgtaatgtctccgatcgagcccgcggcgtctgcgatcttcggaccgcggcttggccttgctcggcggtacgccgaagcgttggcgggacccggtgtggagcgggggctggtgggaccccgcgaagtcggtaggctatgggaccggcatctactgaactgcgccgtgatcggtgagctcctcgaacgcggtgaccgggtcgtggatatcggtagcggagccgggttgccgggcgtgccattggcgatagcgcggccggacctccaggtagttctcctagaaccgctactgcgccgcaccgagtttcttcgagagatggtgacag,U,{},"{""proportion"": 0.0, ""confidence"": [0.0, 0.7934506856227626], ""p_value"": 1.0, ""contingency"": [[0, 1], [195, 8282]]}",{}
372,NC00962.3,STM-0.2-0.95,0.0,GARC1,RUS,STM,gid@413_del_c,U,{},"{""proportion"": 0.0, ""confidence"": [0.0, 0.7934506856227626], ""p_value"": 1.0, ""contingency"": [[0, 1], [195, 8282]]}",{}
373,NC00962.3,STM-0.2-0.95,0.0,GARC1,RUS,STM,gid@K163E,U,{},"{""proportion"": 0.0, ""confidence"": [0.0, 0.7934506856227626], ""p_value"": 1.0, ""contingency"": [[0, 1], [195, 8282]]}",{}
374,NC00962.3,STM-0.2-0.95,0.0,GARC1,RUS,STM,gid@A167P,U,{},"{""proportion"": 0.0, ""confidence"": [0.0, 0.43448246478317476], ""p_value"": 0.5904, ""contingency"": [[0, 5], [195, 8282]]}",{}
375,NC00962.3,STM-0.2-0.95,0.0,GARC1,RUS,STM,rrs@c340t,U,{},"{""proportion"": 0.0, ""confidence"": [0.0, 0.7934506856227626], ""p_value"": 1.0, ""contingency"": [[0, 1], [195, 8282]]}",{}
376,NC00962.3,STM-0.2-0.95,0.0,GARC1,RUS,STM,gid@A200E,U,{},"{""proportion"": 0.6, ""confidence"": [0.23072428127601285, 0.8823792257673521], ""p_value"": 0.05792000000000001, ""contingency"": [[3, 2], [195, 8282]]}",{}
377,NC00962.3,STM-0.2-0.95,0.0,GARC1,RUS,STM,rrs@c182g,U,{},"{""proportion"": 0.0, ""confidence"": [0.0, 0.7934506856227626], ""p_value"": 1.0, ""contingency"": [[0, 1], [195, 8282]]}",{}
378,NC00962.3,STM-0.2-0.95,0.0,GARC1,RUS,STM,rrs@t1216g,U,{},"{""proportion"": 0.0, ""confidence"": [0.0, 0.7934506856227626], ""p_value"": 1.0, ""contingency"": [[0, 1], [195, 8282]]}",{}
379,NC00962.3,STM-0.2-0.95,0.0,GARC1,RUS,STM,rrs@t213c,U,{},"{""proportion"": 0.0, ""confidence"": [0.0, 0.6576197724933469], ""p_value"": 1.0, ""contingency"": [[0, 2], [195, 8282]]}",{}
381,NC00962.3,STM-0.2-0.95,0.0,GARC1,RUS,STM,gid@R166W,U,{},"{""proportion"": 0.0, ""confidence"": [0.0, 0.7934506856227626], ""p_value"": 1.0, ""contingency"": [[0, 1], [195, 8282]]}",{}
382,NC00962.3,STM-0.2-0.95,0.0,GARC1,RUS,STM,rrs@c1220g,U,{},"{""proportion"": 0.0, ""confidence"": [0.0, 0.6576197724933469], ""p_value"": 1.0, ""contingency"": [[0, 2], [195, 8282]]}",{}
383,NC00962.3,STM-0.2-0.95,0.0,GARC1,RUS,STM,rrs@t983c,U,{},"{""proportion"": 0.0, ""confidence"": [0.0, 0.7934506856227626], ""p_value"": 1.0, ""contingency"": [[0, 1], [195, 8282]]}",{}
384,NC00962.3,STM-0.2-0.95,0.0,GARC1,RUS,STM,gid@H174R,U,{},"{""proportion"": 0.0, ""confidence"": [0.0, 0.7934506856227626], ""p_value"": 1.0, ""contingency"": [[0, 1], [195, 8282]]}",{}
386,NC00962.3,STM-0.2-0.95,0.0,GARC1,RUS,STM,rpsL@S17N,U,{},"{""proportion"": 0.0, ""confidence"": [0.0, 0.6576197724933469], ""p_value"": 1.0, ""contingency"": [[0, 2], [195, 8282]]}",{}
387,NC00962.3,STM-0.2-0.95,0.0,GARC1,RUS,STM,rrs@c141t,U,{},"{""proportion"": 0.0, ""confidence"": [0.0, 0.7934506856227626], ""p_value"": 1.0, ""contingency"": [[0, 1], [195, 8282]]}",{}
389,NC00962.3,STM-0.2-0.95,0.0,GARC1,RUS,STM,gid@351_del_gcgcgccgaggagtcctgggtgcaggaccaattgggcggcagcgacgctgcggtgtcacgggcggtggccgcgttggacaagttgacgaaatggag,U,{},"{""proportion"": 0.0, ""confidence"": [0.0, 0.4898908364545973], ""p_value"": 1.0, ""contingency"": [[0, 4], [195, 8282]]}",{}
390,NC00962.3,STM-0.2-0.95,0.0,GARC1,RUS,STM,gid@K163N,U,{},"{""proportion"": 1.0, ""confidence"": [0.20654931437723742, 1.0], ""p_value"": 0.2, ""contingency"": [[1, 0], [195, 8282]]}",{}
391,NC00962.3,STM-0.2-0.95,0.0,GARC1,RUS,STM,gid@L142W,U,{},"{""proportion"": 1.0, ""confidence"": [0.20654931437723742, 1.0], ""p_value"": 0.2, ""contingency"": [[1, 0], [195, 8282]]}",{}
392,NC00962.3,STM-0.2-0.95,0.0,GARC1,RUS,STM,gid@T146K,U,{},"{""proportion"": 0.5, ""confidence"": [0.09453120573423071, 0.9054687942657693], ""p_value"": 0.3600000000000001, ""contingency"": [[1, 1], [195, 8282]]}",{}
393,NC00962.3,STM-0.2-0.95,0.0,GARC1,RUS,STM,gid@L90F,U,{},"{""proportion"": 0.0, ""confidence"": [0.0, 0.7934506856227626], ""p_value"": 1.0, ""contingency"": [[0, 1], [195, 8282]]}",{}
394,NC00962.3,STM-0.2-0.95,0.0,GARC1,RUS,STM,gid@V88A,U,{},"{""proportion"": 0.25, ""confidence"": [0.045587260809700575, 0.6993581574175981], ""p_value"": 1.0, ""contingency"": [[1, 3], [195, 8282]]}",{}
395,NC00962.3,STM-0.2-0.95,0.0,GARC1,RUS,STM,gid@475_del_a,U,{},"{""proportion"": 1.0, ""confidence"": [0.20654931437723742, 1.0], ""p_value"": 0.2, ""contingency"": [[1, 0], [195, 8282]]}",{}
396,NC00962.3,STM-0.2-0.95,0.0,GARC1,RUS,STM,gid@M159T,U,{},"{""proportion"": 0.0, ""confidence"": [0.0, 0.6576197724933469], ""p_value"": 1.0, ""contingency"": [[0, 2], [195, 8282]]}",{}
398,NC00962.3,STM-0.2-0.95,0.0,GARC1,RUS,STM,gid@107_del_t,U,{},"{""proportion"": 0.0, ""confidence"": [0.0, 0.7934506856227626], ""p_value"": 1.0, ""contingency"": [[0, 1], [195, 8282]]}",{}
399,NC00962.3,STM-0.2-0.95,0.0,GARC1,RUS,STM,gid@G34W,U,{},"{""proportion"": 1.0, ""confidence"": [0.20654931437723742, 1.0], ""p_value"": 0.2, ""contingency"": [[1, 0], [195, 8282]]}",{}
400,NC00962.3,STM-0.2-0.95,0.0,GARC1,RUS,STM,gid@A53D,U,{},"{""proportion"": 0.0, ""confidence"": [0.0, 0.7934506856227626], ""p_value"": 1.0, ""contingency"": [[0, 1], [195, 8282]]}",{}
401,NC00962.3,STM-0.2-0.95,0.0,GARC1,RUS,STM,rrs@g174t,U,{},"{""proportion"": 0.0, ""confidence"": [0.0, 0.7934506856227626], ""p_value"": 1.0, ""contingency"": [[0, 1], [195, 8282]]}",{}
402,NC00962.3,STM-0.2-0.95,0.0,GARC1,RUS,STM,gid@R83P,U,{},"{""proportion"": 0.5, ""confidence"": [0.09453120573423071, 0.9054687942657693], ""p_value"": 0.3600000000000001, ""contingency"": [[1, 1], [195, 8282]]}",{}
403,NC00962.3,STM-0.2-0.95,0.0,GARC1,RUS,STM,gid@V188G,U,{},"{""proportion"": 0.0, ""confidence"": [0.0, 0.7934506856227626], ""p_value"": 1.0, ""contingency"": [[0, 1], [195, 8282]]}",{}
404,NC00962.3,STM-0.2-0.95,0.0,GARC1,RUS,STM,gid@187_del_g,U,{},"{""proportion"": 1.0, ""confidence"": [0.20654931437723742, 1.0], ""p_value"": 0.2, ""contingency"": [[1, 0], [195, 8282]]}",{}
405,NC00962.3,STM-0.2-0.95,0.0,GARC1,RUS,STM,rrs@g1099a,U,{},"{""proportion"": 0.0, ""confidence"": [0.0, 0.7934506856227626], ""p_value"": 1.0, ""contingency"": [[0, 1], [195, 8282]]}",{}
406,NC00962.3,STM-0.2-0.95,0.0,GARC1,RUS,STM,gid@W148C,U,{},"{""proportion"": 0.0, ""confidence"": [0.0, 0.7934506856227626], ""p_value"": 1.0, ""contingency"": [[0, 1], [195, 8282]]}",{}
407,NC00962.3,STM-0.2-0.95,0.0,GARC1,RUS,STM,rrs@a970c,U,{},"{""proportion"": 0.0, ""confidence"": [0.0, 0.7934506856227626], ""p_value"": 1.0, ""contingency"": [[0, 1], [195, 8282]]}",{}
408,NC00962.3,STM-0.2-0.95,0.0,GARC1,RUS,STM,gid@c-24t,U,{},"{""proportion"": 0.0, ""confidence"": [0.0, 0.43448246478317476], ""p_value"": 0.5904, ""contingency"": [[0, 5], [195, 8282]]}",{}
409,NC00962.3,STM-0.2-0.95,0.0,GARC1,RUS,STM,gid@G62V,U,{},"{""proportion"": 1.0, ""confidence"": [0.20654931437723742, 1.0], ""p_value"": 0.2, ""contingency"": [[1, 0], [195, 8282]]}",{}
410,NC00962.3,STM-0.2-0.95,0.0,GARC1,RUS,STM,rrs@a1409g,U,{},"{""proportion"": 0.0, ""confidence"": [0.0, 0.7934506856227626], ""p_value"": 1.0, ""contingency"": [[0, 1], [195, 8282]]}",{}
411,NC00962.3,STM-0.2-0.95,0.0,GARC1,RUS,STM,rrs@a908c,U,{},"{""proportion"": 0.5, ""confidence"": [0.09453120573423071, 0.9054687942657693], ""p_value"": 0.3600000000000001, ""contingency"": [[1, 1], [195, 8282]]}",{}
412,NC00962.3,STM-0.2-0.95,0.0,GARC1,RUS,STM,rrs@g-77c,U,{},"{""proportion"": 0.0, ""confidence"": [0.0, 0.7934506856227626], ""p_value"": 1.0, ""contingency"": [[0, 1], [195, 8282]]}",{}
413,NC00962.3,STM-0.2-0.95,0.0,GARC1,RUS,STM,gid@L91I,U,{},"{""proportion"": 0.0, ""confidence"": [0.0, 0.7934506856227626], ""p_value"": 1.0, ""contingency"": [[0, 1], [195, 8282]]}",{}
414,NC00962.3,STM-0.2-0.95,0.0,GARC1,RUS,STM,rrs@a600g,U,{},"{""proportion"": 0.0, ""confidence"": [0.0, 0.7934506856227626], ""p_value"": 1.0, ""contingency"": [[0, 1], [195, 8282]]}",{}
415,NC00962.3,STM-0.2-0.95,0.0,GARC1,RUS,STM,gid@P151L,U,{},"{""proportion"": 1.0, ""confidence"": [0.20654931437723742, 1.0], ""p_value"": 0.2, ""contingency"": [[1, 0], [195, 8282]]}",{}
416,NC00962.3,STM-0.2-0.95,0.0,GARC1,RUS,STM,gid@355_del_gc,U,{},"{""proportion"": 0.6666666666666666, ""confidence"": [0.20765960080204768, 0.9385080552796037], ""p_value"": 0.10400000000000005, ""contingency"": [[2, 1], [195, 8282]]}",{}
417,NC00962.3,STM-0.2-0.95,0.0,GARC1,RUS,STM,gid@548_ins_a,U,{},"{""proportion"": 1.0, ""confidence"": [0.20654931437723742, 1.0], ""p_value"": 0.2, ""contingency"": [[1, 0], [195, 8282]]}",{}
418,NC00962.3,STM-0.2-0.95,0.0,GARC1,RUS,STM,rrs@g415a,U,{},"{""proportion"": 0.0, ""confidence"": [0.0, 0.7934506856227626], ""p_value"": 1.0, ""contingency"": [[0, 1], [195, 8282]]}",{}
419,NC00962.3,STM-0.2-0.95,0.0,GARC1,RUS,STM,gid@D67A,U,{},"{""proportion"": 0.0, ""confidence"": [0.0, 0.6576197724933469], ""p_value"": 1.0, ""contingency"": [[0, 2], [195, 8282]]}",{}
420,NC00962.3,STM-0.2-0.95,0.0,GARC1,RUS,STM,gid@S149T,U,{},"{""proportion"": 0.0, ""confidence"": [0.0, 0.7934506856227626], ""p_value"": 1.0, ""contingency"": [[0, 1], [195, 8282]]}",{}
421,NC00962.3,STM-0.2-0.95,0.0,GARC1,RUS,STM,gid@L145S,U,{},"{""proportion"": 0.0, ""confidence"": [0.0, 0.7934506856227626], ""p_value"": 1.0, ""contingency"": [[0, 1], [195, 8282]]}",{}
422,NC00962.3,STM-0.2-0.95,0.0,GARC1,RUS,STM,gid@A10V,U,{},"{""proportion"": 0.0, ""confidence"": [0.0, 0.6576197724933469], ""p_value"": 1.0, ""contingency"": [[0, 2], [195, 8282]]}",{}
423,NC00962.3,STM-0.2-0.95,0.0,GARC1,RUS,STM,rpsL@G124S,U,{},"{""proportion"": 0.0, ""confidence"": [0.0, 0.7934506856227626], ""p_value"": 1.0, ""contingency"": [[0, 1], [195, 8282]]}",{}
424,NC00962.3,STM-0.2-0.95,0.0,GARC1,RUS,STM,rrs@g-70c,U,{},"{""proportion"": 0.0, ""confidence"": [0.0, 0.7934506856227626], ""p_value"": 1.0, ""contingency"": [[0, 1], [195, 8282]]}",{}
425,NC00962.3,STM-0.2-0.95,0.0,GARC1,RUS,STM,gid@W45C,U,{},"{""proportion"": 0.0, ""confidence"": [0.0, 0.7934506856227626], ""p_value"": 1.0, ""contingency"": [[0, 1], [195, 8282]]}",{}
426,NC00962.3,STM-0.2-0.95,0.0,GARC1,RUS,STM,gid@-6_del_tgcgtaatgtctccgatcgagcccgcggcgtctgcgatcttcggaccgcggcttggccttgctcggcggtacgccgaagcgttggcgggacccggtgtggagcgggggctggtgggaccccgcgaagtcggtaggctatgggaccggcatctactgaactgcgccgtgatcggtgagctcctcgaacgcggtgaccgggtcgtggatatcggtagcggagccgggttgccgggcgtgccattggcgatagcgcggccggacctccaggtagttctcctagaaccgctactgcgccgcaccgagtttcttcgagagatggtgacagatctgggcgtgg,U,{},"{""proportion"": 0.0, ""confidence"": [0.0, 0.7934506856227626], ""p_value"": 1.0, ""contingency"": [[0, 1], [195, 8282]]}",{}
427,NC00962.3,STM-0.2-0.95,0.0,GARC1,RUS,STM,rrs@a1037g,U,{},"{""proportion"": 0.0, ""confidence"": [0.0, 0.7934506856227626], ""p_value"": 1.0, ""contingency"": [[0, 1], [195, 8282]]}",{}
428,NC00962.3,STM-0.2-0.95,0.0,GARC1,RUS,STM,gid@L35R,U,{},"{""proportion"": 0.6, ""confidence"": [0.23072428127601285, 0.8823792257673521], ""p_value"": 0.05792000000000001, ""contingency"": [[3, 2], [195, 8282]]}",{}
429,NC00962.3,STM-0.2-0.95,0.0,GARC1,RUS,STM,rrs@g765a,U,{},"{""proportion"": 0.0, ""confidence"": [0.0, 0.7934506856227626], ""p_value"": 1.0, ""contingency"": [[0, 1], [195, 8282]]}",{}
430,NC00962.3,STM-0.2-0.95,0.0,GARC1,RUS,STM,gid@A119V,U,{},"{""proportion"": 0.0, ""confidence"": [0.0, 0.7934506856227626], ""p_value"": 1.0, ""contingency"": [[0, 1], [195, 8282]]}",{}
431,NC00962.3,STM-0.2-0.95,0.0,GARC1,RUS,STM,gid@T190A,U,{},"{""proportion"": 0.0, ""confidence"": [0.0, 0.7934506856227626], ""p_value"": 1.0, ""contingency"": [[0, 1], [195, 8282]]}",{}
432,NC00962.3,STM-0.2-0.95,0.0,GARC1,RUS,STM,gid@c-11g,U,{},"{""proportion"": 0.0, ""confidence"": [0.0, 0.7934506856227626], ""p_value"": 1.0, ""contingency"": [[0, 1], [195, 8282]]}",{}
433,NC00962.3,STM-0.2-0.95,0.0,GARC1,RUS,STM,rrs@c-23t,U,{},"{""proportion"": 0.0, ""confidence"": [0.0, 0.7934506856227626], ""p_value"": 1.0, ""contingency"": [[0, 1], [195, 8282]]}",{}
434,NC00962.3,STM-0.2-0.95,0.0,GARC1,RUS,STM,gid@352_ins_c,U,{},"{""proportion"": 0.5, ""confidence"": [0.09453120573423071, 0.9054687942657693], ""p_value"": 0.3600000000000001, ""contingency"": [[1, 1], [195, 8282]]}",{}
436,NC00962.3,STM-0.2-0.95,0.0,GARC1,RUS,STM,gid@48_del_tggc,U,{},"{""proportion"": 0.0, ""confidence"": [0.0, 0.7934506856227626], ""p_value"": 1.0, ""contingency"": [[0, 1], [195, 8282]]}",{}
437,NC00962.3,STM-0.2-0.95,0.0,GARC1,RUS,STM,gid@D67E,U,{},"{""proportion"": 0.0, ""confidence"": [0.0, 0.7934506856227626], ""p_value"": 1.0, ""contingency"": [[0, 1], [195, 8282]]}",{}
438,NC00962.3,STM-0.2-0.95,0.0,GARC1,RUS,STM,rrs@g1303a,U,{},"{""proportion"": 0.0, ""confidence"": [0.0, 0.7934506856227626], ""p_value"": 1.0, ""contingency"": [[0, 1], [195, 8282]]}",{}
439,NC00962.3,STM-0.2-0.95,0.0,GARC1,RUS,STM,gid@I179S,U,{},"{""proportion"": 0.0, ""confidence"": [0.0, 0.7934506856227626], ""p_value"": 1.0, ""contingency"": [[0, 1], [195, 8282]]}",{}
440,NC00962.3,STM-0.2-0.95,0.0,GARC1,RUS,STM,gid@R118P,U,{},"{""proportion"": 0.0, ""confidence"": [0.0, 0.7934506856227626], ""p_value"": 1.0, ""contingency"": [[0, 1], [195, 8282]]}",{}
441,NC00962.3,STM-0.2-0.95,0.0,GARC1,RUS,STM,rrs@c1091g,U,{},"{""proportion"": 0.0, ""confidence"": [0.0, 0.7934506856227626], ""p_value"": 1.0, ""contingency"": [[0, 1], [195, 8282]]}",{}
442,NC00962.3,STM-0.2-0.95,0.0,GARC1,RUS,STM,rrs@c-69t,U,{},"{""proportion"": 0.0, ""confidence"": [4.8683609171202235e-17, 0.5614970317550455], ""p_value"": 1.0, ""contingency"": [[0, 3], [195, 8282]]}",{}
443,NC00962.3,STM-0.2-0.95,0.0,GARC1,RUS,STM,gid@9_del_gatcgagcccgcggcgtctgcgatcttcggaccgcggcttggccttgctcggcggtacgccgaagcgttggcgggacccggtgtggagcgggggctggtgggacc,U,{},"{""proportion"": 0.5, ""confidence"": [0.09453120573423071, 0.9054687942657693], ""p_value"": 0.3600000000000001, ""contingency"": [[1, 1], [195, 8282]]}",{}
444,NC00962.3,STM-0.2-0.95,0.0,GARC1,RUS,STM,gid@D169H,U,{},"{""proportion"": 0.0, ""confidence"": [0.0, 0.7934506856227626], ""p_value"": 1.0, ""contingency"": [[0, 1], [195, 8282]]}",{}
445,NC00962.3,STM-0.2-0.95,0.0,GARC1,RUS,STM,gid@R175G,U,{},"{""proportion"": 0.0, ""confidence"": [0.0, 0.7934506856227626], ""p_value"": 1.0, ""contingency"": [[0, 1], [195, 8282]]}",{}
446,NC00962.3,STM-0.2-0.95,0.0,GARC1,RUS,STM,gid@A161V,U,{},"{""proportion"": 0.0, ""confidence"": [0.0, 0.7934506856227626], ""p_value"": 1.0, ""contingency"": [[0, 1], [195, 8282]]}",{}
447,NC00962.3,STM-0.2-0.95,0.0,GARC1,RUS,STM,rpsL@c-31t,U,{},"{""proportion"": 0.0, ""confidence"": [0.0, 0.6576197724933469], ""p_value"": 1.0, ""contingency"": [[0, 2], [195, 8282]]}",{}
448,NC00962.3,STM-0.2-0.95,0.0,GARC1,RUS,STM,rrs@c-69g,U,{},"{""proportion"": 0.0, ""confidence"": [0.0, 0.7934506856227626], ""p_value"": 1.0, ""contingency"": [[0, 1], [195, 8282]]}",{}
449,NC00962.3,STM-0.2-0.95,0.0,GARC1,RUS,STM,rrs@g285a,U,{},"{""proportion"": 0.0, ""confidence"": [0.0, 0.7934506856227626], ""p_value"": 1.0, ""contingency"": [[0, 1], [195, 8282]]}",{}
450,NC00962.3,STM-0.2-0.95,0.0,GARC1,RUS,STM,rrs@g840a,U,{},"{""proportion"": 0.0, ""confidence"": [0.0, 0.7934506856227626], ""p_value"": 1.0, ""contingency"": [[0, 1], [195, 8282]]}",{}
451,NC00962.3,STM-0.2-0.95,0.0,GARC1,RUS,STM,gid@c-24a,U,{},"{""proportion"": 0.0, ""confidence"": [0.0, 0.6576197724933469], ""p_value"": 1.0, ""contingency"": [[0, 2], [195, 8282]]}",{}
452,NC00962.3,STM-0.2-0.95,0.0,GARC1,RUS,STM,gid@S136A,U,{},"{""proportion"": 0.0, ""confidence"": [0.0, 0.7934506856227626], ""p_value"": 1.0, ""contingency"": [[0, 1], [195, 8282]]}",{}
453,NC00962.3,STM-0.2-0.95,0.0,GARC1,RUS,STM,rrs@1202_ins_t,U,{},"{""proportion"": 0.0, ""confidence"": [0.0, 0.7934506856227626], ""p_value"": 1.0, ""contingency"": [[0, 1], [195, 8282]]}",{}
454,NC00962.3,STM-0.2-0.95,0.0,GARC1,RUS,STM,rrs@-20_ins_tccaaagggagtgtttggg,U,{},"{""proportion"": 0.0, ""confidence"": [0.0, 0.7934506856227626], ""p_value"": 1.0, ""contingency"": [[0, 1], [195, 8282]]}",{}
455,NC00962.3,STM-0.2-0.95,0.0,GARC1,RUS,STM,rpsL@K10T,U,{},"{""proportion"": 0.0, ""confidence"": [0.0, 0.7934506856227626], ""p_value"": 1.0, ""contingency"": [[0, 1], [195, 8282]]}",{}
456,NC00962.3,STM-0.2-0.95,0.0,GARC1,RUS,STM,gid@A133V,U,{},"{""proportion"": 0.0, ""confidence"": [0.0, 0.7934506856227626], ""p_value"": 1.0, ""contingency"": [[0, 1], [195, 8282]]}",{}
457,NC00962.3,STM-0.2-0.95,0.0,GARC1,RUS,STM,gid@659_ins_g,U,{},"{""proportion"": 0.0, ""confidence"": [0.0, 0.7934506856227626], ""p_value"": 1.0, ""contingency"": [[0, 1], [195, 8282]]}",{}
458,NC00962.3,STM-0.2-0.95,0.0,GARC1,RUS,STM,rrs@c-63g,U,{},"{""proportion"": 0.0, ""confidence"": [0.0, 0.7934506856227626], ""p_value"": 1.0, ""contingency"": [[0, 1], [195, 8282]]}",{}
459,NC00962.3,STM-0.2-0.95,0.0,GARC1,RUS,STM,rrs@g1013t,U,{},"{""proportion"": 0.0, ""confidence"": [0.0, 0.7934506856227626], ""p_value"": 1.0, ""contingency"": [[0, 1], [195, 8282]]}",{}
460,NC00962.3,STM-0.2-0.95,0.0,GARC1,RUS,STM,gid@G34A,U,{},"{""proportion"": 0.0, ""confidence"": [0.0, 0.7934506856227626], ""p_value"": 1.0, ""contingency"": [[0, 1], [195, 8282]]}",{}
461,NC00962.3,STM-0.2-0.95,0.0,GARC1,RUS,STM,gid@I81R,U,{},"{""proportion"": 0.0, ""confidence"": [0.0, 0.6576197724933469], ""p_value"": 1.0, ""contingency"": [[0, 2], [195, 8282]]}",{}
462,NC00962.3,STM-0.2-0.95,0.0,GARC1,RUS,STM,rpsL@E76A,U,{},"{""proportion"": 0.0, ""confidence"": [0.0, 0.7934506856227626], ""p_value"": 1.0, ""contingency"": [[0, 1], [195, 8282]]}",{}
463,NC00962.3,STM-0.2-0.95,0.0,GARC1,RUS,STM,rrs@c1257t,U,{},"{""proportion"": 0.0, ""confidence"": [0.0, 0.7934506856227626], ""p_value"": 1.0, ""contingency"": [[0, 1], [195, 8282]]}",{}
465,NC00962.3,STM-0.2-0.95,0.0,GARC1,RUS,STM,rrs@g-68c,U,{},"{""proportion"": 0.0, ""confidence"": [0.0, 0.7934506856227626], ""p_value"": 1.0, ""contingency"": [[0, 1], [195, 8282]]}",{}
466,NC00962.3,STM-0.2-0.95,0.0,GARC1,RUS,STM,rrs@c735g,U,{},"{""proportion"": 0.0, ""confidence"": [0.0, 0.7934506856227626], ""p_value"": 1.0, ""contingency"": [[0, 1], [195, 8282]]}",{}
467,NC00962.3,STM-0.2-0.95,0.0,GARC1,RUS,STM,gid@c-71t,U,{},"{""proportion"": 0.0, ""confidence"": [0.0, 0.6576197724933469], ""p_value"": 1.0, ""contingency"": [[0, 2], [195, 8282]]}",{}
468,NC00962.3,STM-0.2-0.95,0.0,GARC1,RUS,STM,gid@G69I,U,{},"{""proportion"": 0.0, ""confidence"": [0.0, 0.6576197724933469], ""p_value"": 1.0, ""contingency"": [[0, 2], [195, 8282]]}",{}
469,NC00962.3,STM-0.2-0.95,0.0,GARC1,RUS,STM,gid@G28V,U,{},"{""proportion"": 0.0, ""confidence"": [0.0, 0.7934506856227626], ""p_value"": 1.0, ""contingency"": [[0, 1], [195, 8282]]}",{}
470,NC00962.3,STM-0.2-0.95,0.0,GARC1,RUS,STM,gid@Y22C,U,{},"{""proportion"": 0.0, ""confidence"": [0.0, 0.7934506856227626], ""p_value"": 1.0, ""contingency"": [[0, 1], [195, 8282]]}",{}
471,NC00962.3,STM-0.2-0.95,0.0,GARC1,RUS,STM,gid@245_del_c,U,{},"{""proportion"": 0.0, ""confidence"": [0.0, 0.7934506856227626], ""p_value"": 1.0, ""contingency"": [[0, 1], [195, 8282]]}",{}
472,NC00962.3,STM-0.2-0.95,0.0,GARC1,RUS,STM,gid@P155S,U,{},"{""proportion"": 0.0, ""confidence"": [0.0, 0.6576197724933469], ""p_value"": 1.0, ""contingency"": [[0, 2], [195, 8282]]}",{}
473,NC00962.3,STM-0.2-0.95,0.0,GARC1,RUS,STM,gid@L16P,U,{},"{""proportion"": 0.0, ""confidence"": [0.0, 0.7934506856227626], ""p_value"": 1.0, ""contingency"": [[0, 1], [195, 8282]]}",{}
474,NC00962.3,STM-0.2-0.95,0.0,GARC1,RUS,STM,rpsL@g-58t,U,{},"{""proportion"": 0.0, ""confidence"": [0.0, 0.6576197724933469], ""p_value"": 1.0, ""contingency"": [[0, 2], [195, 8282]]}",{}
475,NC00962.3,STM-0.2-0.95,0.0,GARC1,RUS,STM,rrs@a1370g,U,{},"{""proportion"": 0.0, ""confidence"": [0.0, 0.6576197724933469], ""p_value"": 1.0, ""contingency"": [[0, 2], [195, 8282]]}",{}
476,NC00962.3,STM-0.2-0.95,0.0,GARC1,RUS,STM,gid@P198R,U,{},"{""proportion"": 0.0, ""confidence"": [0.0, 0.7934506856227626], ""p_value"": 1.0, ""contingency"": [[0, 1], [195, 8282]]}",{}
477,NC00962.3,STM-0.2-0.95,0.0,GARC1,RUS,STM,gid@V41A,U,{},"{""proportion"": 0.0, ""confidence"": [0.0, 0.7934506856227626], ""p_value"": 1.0, ""contingency"": [[0, 1], [195, 8282]]}",{}
478,NC00962.3,STM-0.2-0.95,0.0,GARC1,RUS,STM,gid@141_del_g,U,{},"{""proportion"": 0.0, ""confidence"": [0.0, 0.7934506856227626], ""p_value"": 1.0, ""contingency"": [[0, 1], [195, 8282]]}",{}
479,NC00962.3,STM-0.2-0.95,0.0,GARC1,RUS,STM,gid@V41G,U,{},"{""proportion"": 0.0, ""confidence"": [0.0, 0.6576197724933469], ""p_value"": 1.0, ""contingency"": [[0, 2], [195, 8282]]}",{}
480,NC00962.3,STM-0.2-0.95,0.0,GARC1,RUS,STM,gid@L59R,U,{},"{""proportion"": 1.0, ""confidence"": [0.20654931437723742, 1.0], ""p_value"": 0.2, ""contingency"": [[1, 0], [195, 8282]]}",{}
481,NC00962.3,STM-0.2-0.95,0.0,GARC1,RUS,STM,gid@c-94a,U,{},"{""proportion"": 0.0, ""confidence"": [0.0, 0.6576197724933469], ""p_value"": 1.0, ""contingency"": [[0, 2], [195, 8282]]}",{}
482,NC00962.3,STM-0.2-0.95,0.0,GARC1,RUS,STM,gid@D143Y,U,{},"{""proportion"": 0.0, ""confidence"": [0.0, 0.7934506856227626], ""p_value"": 1.0, ""contingency"": [[0, 1], [195, 8282]]}",{}
483,NC00962.3,STM-0.2-0.95,0.0,GARC1,RUS,STM,rpsL@c-79a,U,{},"{""proportion"": 0.0, ""confidence"": [0.0, 0.7934506856227626], ""p_value"": 1.0, ""contingency"": [[0, 1], [195, 8282]]}",{}
484,NC00962.3,STM-0.2-0.95,0.0,GARC1,RUS,STM,rpsL@T58A,U,{},"{""proportion"": 0.0, ""confidence"": [0.0, 0.7934506856227626], ""p_value"": 1.0, ""contingency"": [[0, 1], [195, 8282]]}",{}
485,NC00962.3,STM-0.2-0.95,0.0,GARC1,RUS,STM,rrs@t1109c,U,{},"{""proportion"": 0.0, ""confidence"": [0.0, 0.6576197724933469], ""p_value"": 1.0, ""contingency"": [[0, 2], [195, 8282]]}",{}
486,NC00962.3,STM-0.2-0.95,0.0,GARC1,RUS,STM,gid@G34R,U,{},"{""proportion"": 0.3333333333333333, ""confidence"": [0.061491944720396215, 0.7923403991979523], ""p_value"": 0.4880000000000001, ""contingency"": [[1, 2], [195, 8282]]}",{}
487,NC00962.3,STM-0.2-0.95,0.0,GARC1,RUS,STM,gid@33_del_cttcggaccgcggcttggccttgctcggcggtacgccgaagcgttggcgggacccggtgtggagcgggggctggtgggaccccgcgaagtcggtaggctatgggaccggcatctactgaactgcgccgtgatcggtgagctcctcgaacgcggtgaccgggtcgtggatatcggtagcggagccgggttgccgggcgtgccattggcgatagcgcggccggacctccaggtagttctcctagaaccgctactgcgccgcaccgagtttcttcgagagatggtgacagatctgggcgtggccgttgagatcgtgcgggggcgcgccgaggagtcctgggtgcaggaccaattgggcggcagcgac,U,{},"{""proportion"": 1.0, ""confidence"": [0.20654931437723742, 1.0], ""p_value"": 0.2, ""contingency"": [[1, 0], [195, 8282]]}",{}
488,NC00962.3,STM-0.2-0.95,0.0,GARC1,RUS,STM,rpsL@c-19t,U,{},"{""proportion"": 0.0, ""confidence"": [0.0, 0.7934506856227626], ""p_value"": 1.0, ""contingency"": [[0, 1], [195, 8282]]}",{}
489,NC00962.3,STM-0.2-0.95,0.0,GARC1,RUS,STM,rrs@g1450a,U,{},"{""proportion"": 0.0, ""confidence"": [0.0, 0.7934506856227626], ""p_value"": 1.0, ""contingency"": [[0, 1], [195, 8282]]}",{}
490,NC00962.3,STM-0.2-0.95,0.0,GARC1,RUS,STM,rrs@t1360c,U,{},"{""proportion"": 0.0, ""confidence"": [0.0, 0.6576197724933469], ""p_value"": 1.0, ""contingency"": [[0, 2], [195, 8282]]}",{}
491,NC00962.3,STM-0.2-0.95,0.0,GARC1,RUS,STM,gid@A19P,U,{},"{""proportion"": 0.3333333333333333, ""confidence"": [0.061491944720396215, 0.7923403991979523], ""p_value"": 0.4880000000000001, ""contingency"": [[1, 2], [195, 8282]]}",{}
492,NC00962.3,STM-0.2-0.95,0.0,GARC1,RUS,STM,gid@L74F,U,{},"{""proportion"": 0.0, ""confidence"": [0.0, 0.7934506856227626], ""p_value"": 1.0, ""contingency"": [[0, 1], [195, 8282]]}",{}
493,NC00962.3,STM-0.2-0.95,0.0,GARC1,RUS,STM,rrs@t822c,U,{},"{""proportion"": 0.0, ""confidence"": [4.8683609171202235e-17, 0.5614970317550455], ""p_value"": 1.0, ""contingency"": [[0, 3], [195, 8282]]}",{}
494,NC00962.3,STM-0.2-0.95,0.0,GARC1,RUS,STM,gid@C52F,U,{},"{""proportion"": 1.0, ""confidence"": [0.20654931437723742, 1.0], ""p_value"": 0.2, ""contingency"": [[1, 0], [195, 8282]]}",{}
495,NC00962.3,STM-0.2-0.95,0.0,GARC1,RUS,STM,rrs@644_ins_g,U,{},"{""proportion"": 0.0, ""confidence"": [0.0, 0.6576197724933469], ""p_value"": 1.0, ""contingency"": [[0, 2], [195, 8282]]}",{}
496,NC00962.3,STM-0.2-0.95,0.0,GARC1,RUS,STM,rrs@g809a,U,{},"{""proportion"": 0.0, ""confidence"": [0.0, 0.7934506856227626], ""p_value"": 1.0, ""contingency"": [[0, 1], [195, 8282]]}",{}
497,NC00962.3,STM-0.2-0.95,0.0,GARC1,RUS,STM,gid@A205E,U,{},"{""proportion"": 1.0, ""confidence"": [0.20654931437723742, 1.0], ""p_value"": 0.2, ""contingency"": [[1, 0], [195, 8282]]}",{}
498,NC00962.3,STM-0.2-0.95,0.0,GARC1,RUS,STM,rrs@a-35g,U,{},"{""proportion"": 0.0, ""confidence"": [4.8683609171202235e-17, 0.5614970317550455], ""p_value"": 1.0, ""contingency"": [[0, 3], [195, 8282]]}",{}
500,NC00962.3,STM-0.2-0.95,0.0,GARC1,RUS,STM,rrs@c1241t,U,{},"{""proportion"": 0.0, ""confidence"": [0.0, 0.7934506856227626], ""p_value"": 1.0, ""contingency"": [[0, 1], [195, 8282]]}",{}
501,NC00962.3,STM-0.2-0.95,0.0,GARC1,RUS,STM,gid@I11N,U,{},"{""proportion"": 1.0, ""confidence"": [0.20654931437723742, 1.0], ""p_value"": 0.2, ""contingency"": [[1, 0], [195, 8282]]}",{}
503,NC00962.3,STM-0.2-0.95,0.0,GARC1,RUS,STM,rrs@g704a,U,{},"{""proportion"": 0.0, ""confidence"": [0.0, 0.6576197724933469], ""p_value"": 1.0, ""contingency"": [[0, 2], [195, 8282]]}",{}
504,NC00962.3,STM-0.2-0.95,0.0,GARC1,RUS,STM,gid@L44R,U,{},"{""proportion"": 0.0, ""confidence"": [0.0, 0.7934506856227626], ""p_value"": 1.0, ""contingency"": [[0, 1], [195, 8282]]}",{}
505,NC00962.3,STM-0.2-0.95,0.0,GARC1,RUS,STM,rrs@t454c,U,{},"{""proportion"": 0.0, ""confidence"": [0.0, 0.7934506856227626], ""p_value"": 1.0, ""contingency"": [[0, 1], [195, 8282]]}",{}
506,NC00962.3,STM-0.2-0.95,0.0,GARC1,RUS,STM,gid@t-65c,U,{},"{""proportion"": 0.0, ""confidence"": [0.0, 0.7934506856227626], ""p_value"": 1.0, ""contingency"": [[0, 1], [195, 8282]]}",{}
507,NC00962.3,STM-0.2-0.95,0.0,GARC1,RUS,STM,gid@R47Q,U,{},"{""proportion"": 0.0, ""confidence"": [0.0, 0.6576197724933469], ""p_value"": 1.0, ""contingency"": [[0, 2], [195, 8282]]}",{}
508,NC00962.3,STM-0.2-0.95,0.0,GARC1,RUS,STM,gid@357_del_c,U,{},"{""proportion"": 0.3333333333333333, ""confidence"": [0.061491944720396215, 0.7923403991979523], ""p_value"": 0.4880000000000001, ""contingency"": [[1, 2], [195, 8282]]}",{}
509,NC00962.3,STM-0.2-0.95,0.0,GARC1,RUS,STM,rrs@1204_ins_a,U,{},"{""proportion"": 0.0, ""confidence"": [0.0, 0.7934506856227626], ""p_value"": 1.0, ""contingency"": [[0, 1], [195, 8282]]}",{}
510,NC00962.3,STM-0.2-0.95,0.0,GARC1,RUS,STM,gid@A133G,U,{},"{""proportion"": 0.0, ""confidence"": [0.0, 0.7934506856227626], ""p_value"": 1.0, ""contingency"": [[0, 1], [195, 8282]]}",{}
511,NC00962.3,STM-0.2-0.95,0.0,GARC1,RUS,STM,rrs@g1108t,U,{},"{""proportion"": 0.0, ""confidence"": [0.0, 0.7934506856227626], ""p_value"": 1.0, ""contingency"": [[0, 1], [195, 8282]]}",{}
512,NC00962.3,STM-0.2-0.95,0.0,GARC1,RUS,STM,rrs@t-32c,U,{},"{""proportion"": 0.0, ""confidence"": [0.0, 0.7934506856227626], ""p_value"": 1.0, ""contingency"": [[0, 1], [195, 8282]]}",{}
513,NC00962.3,STM-0.2-0.95,0.0,GARC1,RUS,STM,rrs@g935a,U,{},"{""proportion"": 0.0, ""confidence"": [0.0, 0.6576197724933469], ""p_value"": 1.0, ""contingency"": [[0, 2], [195, 8282]]}",{}
514,NC00962.3,STM-0.2-0.95,0.0,GARC1,RUS,STM,rrs@g-71a,U,{},"{""proportion"": 0.0, ""confidence"": [0.0, 0.6576197724933469], ""p_value"": 1.0, ""contingency"": [[0, 2], [195, 8282]]}",{}
515,NC00962.3,STM-0.2-0.95,0.0,GARC1,RUS,STM,gid@V124L,U,{},"{""proportion"": 1.0, ""confidence"": [0.20654931437723742, 1.0], ""p_value"": 0.2, ""contingency"": [[1, 0], [195, 8282]]}",{}
516,NC00962.3,STM-0.2-0.95,0.0,GARC1,RUS,STM,gid@S131R,U,{},"{""proportion"": 0.0, ""confidence"": [0.0, 0.6576197724933469], ""p_value"": 1.0, ""contingency"": [[0, 2], [195, 8282]]}",{}
517,NC00962.3,STM-0.2-0.95,0.0,GARC1,RUS,STM,gid@R102G,U,{},"{""proportion"": 0.0, ""confidence"": [0.0, 0.7934506856227626], ""p_value"": 1.0, ""contingency"": [[0, 1], [195, 8282]]}",{}
518,NC00962.3,STM-0.2-0.95,0.0,GARC1,RUS,STM,rrs@c397t,U,{},"{""proportion"": 0.0, ""confidence"": [0.0, 0.7934506856227626], ""p_value"": 1.0, ""contingency"": [[0, 1], [195, 8282]]}",{}
519,NC00962.3,STM-0.2-0.95,0.0,GARC1,RUS,STM,rrs@c1319a,U,{},"{""proportion"": 0.0, ""confidence"": [0.0, 0.7934506856227626], ""p_value"": 1.0, ""contingency"": [[0, 1], [195, 8282]]}",{}
520,NC00962.3,STM-0.2-0.95,0.0,GARC1,RUS,STM,gid@I162S,U,{},"{""proportion"": 1.0, ""confidence"": [0.20654931437723742, 1.0], ""p_value"": 0.2, ""contingency"": [[1, 0], [195, 8282]]}",{}
522,NC00962.3,STM-0.2-0.95,0.0,GARC1,RUS,STM,gid@L160V,U,{},"{""proportion"": 0.0, ""confidence"": [0.0, 0.7934506856227626], ""p_value"": 1.0, ""contingency"": [[0, 1], [195, 8282]]}",{}
523,NC00962.3,STM-0.2-0.95,0.0,GARC1,RUS,STM,rrs@c181g,U,{},"{""proportion"": 0.0, ""confidence"": [0.0, 0.7934506856227626], ""p_value"": 1.0, ""contingency"": [[0, 1], [195, 8282]]}",{}
524,NC00962.3,STM-0.2-0.95,0.0,GARC1,RUS,STM,gid@R64W,U,{},"{""proportion"": 1.0, ""confidence"": [0.20654931437723742, 1.0], ""p_value"": 0.2, ""contingency"": [[1, 0], [195, 8282]]}",{}
525,NC00962.3,STM-0.2-0.95,0.0,GARC1,RUS,STM,gid@R217W,U,{},"{""proportion"": 0.0, ""confidence"": [0.0, 0.7934506856227626], ""p_value"": 1.0, ""contingency"": [[0, 1], [195, 8282]]}",{}
526,NC00962.3,STM-0.2-0.95,0.0,GARC1,RUS,STM,gid@V41L,U,{},"{""proportion"": 0.0, ""confidence"": [0.0, 0.7934506856227626], ""p_value"": 1.0, ""contingency"": [[0, 1], [195, 8282]]}",{}
527,NC00962.3,STM-0.2-0.95,0.0,GARC1,RUS,STM,rrs@c22t,U,{},"{""proportion"": 0.0, ""confidence"": [0.0, 0.7934506856227626], ""p_value"": 1.0, ""contingency"": [[0, 1], [195, 8282]]}",{}
528,NC00962.3,STM-0.2-0.95,0.0,GARC1,RUS,STM,gid@R154W,U,{},"{""proportion"": 1.0, ""confidence"": [0.20654931437723742, 1.0], ""p_value"": 0.2, ""contingency"": [[1, 0], [195, 8282]]}",{}
529,NC00962.3,STM-0.2-0.95,0.0,GARC1,RUS,STM,gid@L79F,U,{},"{""proportion"": 1.0, ""confidence"": [0.20654931437723742, 1.0], ""p_value"": 0.2, ""contingency"": [[1, 0], [195, 8282]]}",{}
530,NC00962.3,STM-0.2-0.95,0.0,GARC1,RUS,STM,rpsL@P2R,U,{},"{""proportion"": 0.0, ""confidence"": [0.0, 0.7934506856227626], ""p_value"": 1.0, ""contingency"": [[0, 1], [195, 8282]]}",{}
531,NC00962.3,STM-0.2-0.95,0.0,GARC1,RUS,STM,rrs@g1498t,U,{},"{""proportion"": 0.0, ""confidence"": [0.0, 0.7934506856227626], ""p_value"": 1.0, ""contingency"": [[0, 1], [195, 8282]]}",{}
532,NC00962.3,STM-0.2-0.95,0.0,GARC1,RUS,STM,rrs@a554t,U,{},"{""proportion"": 0.0, ""confidence"": [0.0, 0.7934506856227626], ""p_value"": 1.0, ""contingency"": [[0, 1], [195, 8282]]}",{}
533,NC00962.3,STM-0.2-0.95,0.0,GARC1,RUS,STM,gid@V139L,U,{},"{""proportion"": 0.0, ""confidence"": [0.0, 0.7934506856227626], ""p_value"": 1.0, ""contingency"": [[0, 1], [195, 8282]]}",{}
534,NC00962.3,STM-0.2-0.95,0.0,GARC1,RUS,STM,rrs@g1068a,U,{},"{""proportion"": 0.0, ""confidence"": [0.0, 0.7934506856227626], ""p_value"": 1.0, ""contingency"": [[0, 1], [195, 8282]]}",{}
535,NC00962.3,STM-0.2-0.95,0.0,GARC1,RUS,STM,gid@P78Q,U,{},"{""proportion"": 0.0, ""confidence"": [0.0, 0.6576197724933469], ""p_value"": 1.0, ""contingency"": [[0, 2], [195, 8282]]}",{}
536,NC00962.3,STM-0.2-0.95,0.0,GARC1,RUS,STM,gid@E40D,U,{},"{""proportion"": 0.5, ""confidence"": [0.09453120573423071, 0.9054687942657693], ""p_value"": 0.3600000000000001, ""contingency"": [[1, 1], [195, 8282]]}",{}
537,NC00962.3,STM-0.2-0.95,0.0,GARC1,RUS,STM,gid@P6A,U,{},"{""proportion"": 0.0, ""confidence"": [0.0, 0.7934506856227626], ""p_value"": 1.0, ""contingency"": [[0, 1], [195, 8282]]}",{}
538,NC00962.3,STM-0.2-0.95,0.0,GARC1,RUS,STM,gid@R176C,U,{},"{""proportion"": 0.0, ""confidence"": [0.0, 0.7934506856227626], ""p_value"": 1.0, ""contingency"": [[0, 1], [195, 8282]]}",{}
539,NC00962.3,STM-0.2-0.95,0.0,GARC1,RUS,STM,rrs@t200a,U,{},"{""proportion"": 0.0, ""confidence"": [0.0, 0.7934506856227626], ""p_value"": 1.0, ""contingency"": [[0, 1], [195, 8282]]}",{}
540,NC00962.3,STM-0.2-0.95,0.0,GARC1,RUS,STM,gid@R96H,U,{},"{""proportion"": 0.2, ""confidence"": [0.03622410863243013, 0.6244653702374747], ""p_value"": 1.0, ""contingency"": [[1, 4], [195, 8282]]}",{}
541,NC00962.3,STM-0.2-0.95,0.0,GARC1,RUS,STM,rrs@g319a,U,{},"{""proportion"": 0.0, ""confidence"": [0.0, 0.7934506856227626], ""p_value"": 1.0, ""contingency"": [[0, 1], [195, 8282]]}",{}
542,NC00962.3,STM-0.2-0.95,0.0,GARC1,RUS,STM,gid@471_del_g,U,{},"{""proportion"": 0.0, ""confidence"": [0.0, 0.7934506856227626], ""p_value"": 1.0, ""contingency"": [[0, 1], [195, 8282]]}",{}
543,NC00962.3,STM-0.2-0.95,0.0,GARC1,RUS,STM,gid@A80V,U,{},"{""proportion"": 1.0, ""confidence"": [0.20654931437723742, 1.0], ""p_value"": 0.2, ""contingency"": [[1, 0], [195, 8282]]}",{}
544,NC00962.3,STM-0.2-0.95,0.0,GARC1,RUS,STM,rrs@c462t,U,{},"{""proportion"": 0.0, ""confidence"": [0.0, 0.7934506856227626], ""p_value"": 1.0, ""contingency"": [[0, 1], [195, 8282]]}",{}
545,NC00962.3,STM-0.2-0.95,0.0,GARC1,RUS,STM,gid@455_del_t,U,{},"{""proportion"": 0.0, ""confidence"": [0.0, 0.6576197724933469], ""p_value"": 1.0, ""contingency"": [[0, 2], [195, 8282]]}",{}
546,NC00962.3,STM-0.2-0.95,0.0,GARC1,RUS,STM,gid@553_ins_g,U,{},"{""proportion"": 0.0, ""confidence"": [0.0, 0.7934506856227626], ""p_value"": 1.0, ""contingency"": [[0, 1], [195, 8282]]}",{}
547,NC00962.3,STM-0.2-0.95,0.0,GARC1,RUS,STM,rrs@t140g,U,{},"{""proportion"": 0.0, ""confidence"": [0.0, 0.7934506856227626], ""p_value"": 1.0, ""contingency"": [[0, 1], [195, 8282]]}",{}
548,NC00962.3,STM-0.2-0.95,0.0,GARC1,RUS,STM,gid@V171G,U,{},"{""proportion"": 1.0, ""confidence"": [0.20654931437723742, 1.0], ""p_value"": 0.2, ""contingency"": [[1, 0], [195, 8282]]}",{}
549,NC00962.3,STM-0.2-0.95,0.0,GARC1,RUS,STM,gid@575_ins_g,U,{},"{""proportion"": 0.0, ""confidence"": [0.0, 0.7934506856227626], ""p_value"": 1.0, ""contingency"": [[0, 1], [195, 8282]]}",{}
550,NC00962.3,STM-0.2-0.95,0.0,GARC1,RUS,STM,gid@59_ins_cttgctcg,U,{},"{""proportion"": 1.0, ""confidence"": [0.20654931437723742, 1.0], ""p_value"": 0.2, ""contingency"": [[1, 0], [195, 8282]]}",{}
552,NC00962.3,STM-0.2-0.95,0.0,GARC1,RUS,STM,rrs@t-76g,U,{},"{""proportion"": 0.0, ""confidence"": [0.0, 0.6576197724933469], ""p_value"": 1.0, ""contingency"": [[0, 2], [195, 8282]]}",{}
553,NC00962.3,STM-0.2-0.95,0.0,GARC1,RUS,STM,rrs@a87c,U,{},"{""proportion"": 0.0, ""confidence"": [0.0, 0.7934506856227626], ""p_value"": 1.0, ""contingency"": [[0, 1], [195, 8282]]}",{}
554,NC00962.3,STM-0.2-0.95,0.0,GARC1,RUS,STM,gid@42_del_g,U,{},"{""proportion"": 0.5, ""confidence"": [0.09453120573423071, 0.9054687942657693], ""p_value"": 0.3600000000000001, ""contingency"": [[1, 1], [195, 8282]]}",{}
555,NC00962.3,STM-0.2-0.95,0.0,GARC1,RUS,STM,gid@250_ins_ggc,U,{},"{""proportion"": 1.0, ""confidence"": [0.20654931437723742, 1.0], ""p_value"": 0.2, ""contingency"": [[1, 0], [195, 8282]]}",{}
556,NC00962.3,STM-0.2-0.95,0.0,GARC1,RUS,STM,gid@C191Y,U,{},"{""proportion"": 0.0, ""confidence"": [0.0, 0.7934506856227626], ""p_value"": 1.0, ""contingency"": [[0, 1], [195, 8282]]}",{}
557,NC00962.3,STM-0.2-0.95,0.0,GARC1,RUS,STM,gid@R15W,U,{},"{""proportion"": 0.0, ""confidence"": [0.0, 0.7934506856227626], ""p_value"": 1.0, ""contingency"": [[0, 1], [195, 8282]]}",{}
558,NC00962.3,STM-0.2-0.95,0.0,GARC1,RUS,STM,gid@326_del_g,U,{},"{""proportion"": 0.0, ""confidence"": [0.0, 0.7934506856227626], ""p_value"": 1.0, ""contingency"": [[0, 1], [195, 8282]]}",{}
559,NC00962.3,STM-0.2-0.95,0.0,GARC1,RUS,STM,gid@A161P,U,{},"{""proportion"": 0.0, ""confidence"": [0.0, 0.7934506856227626], ""p_value"": 1.0, ""contingency"": [[0, 1], [195, 8282]]}",{}
560,NC00962.3,STM-0.2-0.95,0.0,GARC1,RUS,STM,gid@G42V,U,{},"{""proportion"": 0.0, ""confidence"": [0.0, 0.7934506856227626], ""p_value"": 1.0, ""contingency"": [[0, 1], [195, 8282]]}",{}
561,NC00962.3,STM-0.2-0.95,0.0,GARC1,RUS,STM,gid@195_ins_c,U,{},"{""proportion"": 0.0, ""confidence"": [0.0, 0.7934506856227626], ""p_value"": 1.0, ""contingency"": [[0, 1], [195, 8282]]}",{}
562,NC00962.3,STM-0.2-0.95,0.0,GARC1,RUS,STM,gid@A19T,U,{},"{""proportion"": 0.0, ""confidence"": [0.0, 0.7934506856227626], ""p_value"": 1.0, ""contingency"": [[0, 1], [195, 8282]]}",{}
563,NC00962.3,STM-0.2-0.95,0.0,GARC1,RUS,STM,gid@A193G,U,{},"{""proportion"": 0.0, ""confidence"": [0.0, 0.7934506856227626], ""p_value"": 1.0, ""contingency"": [[0, 1], [195, 8282]]}",{}
564,NC00962.3,STM-0.2-0.95,0.0,GARC1,RUS,STM,rrs@c499t,U,{},"{""proportion"": 0.0, ""confidence"": [0.0, 0.7934506856227626], ""p_value"": 1.0, ""contingency"": [[0, 1], [195, 8282]]}",{}
565,NC00962.3,STM-0.2-0.95,0.0,GARC1,RUS,STM,gid@g-59a,U,{},"{""proportion"": 0.0, ""confidence"": [0.0, 0.7934506856227626], ""p_value"": 1.0, ""contingency"": [[0, 1], [195, 8282]]}",{}
566,NC00962.3,STM-0.2-0.95,0.0,GARC1,RUS,STM,gid@545_ins_g,U,{},"{""proportion"": 0.0, ""confidence"": [0.0, 0.7934506856227626], ""p_value"": 1.0, ""contingency"": [[0, 1], [195, 8282]]}",{}
567,NC00962.3,STM-0.2-0.95,0.0,GARC1,RUS,STM,gid@R187S,U,{},"{""proportion"": 0.0, ""confidence"": [0.0, 0.7934506856227626], ""p_value"": 1.0, ""contingency"": [[0, 1], [195, 8282]]}",{}
568,NC00962.3,STM-0.2-0.95,0.0,GARC1,RUS,STM,rrs@t1151c,U,{},"{""proportion"": 0.0, ""confidence"": [0.0, 0.7934506856227626], ""p_value"": 1.0, ""contingency"": [[0, 1], [195, 8282]]}",{}
569,NC00962.3,STM-0.2-0.95,0.0,GARC1,RUS,STM,rrs@c-18t,U,{},"{""proportion"": 0.0, ""confidence"": [0.0, 0.7934506856227626], ""p_value"": 1.0, ""contingency"": [[0, 1], [195, 8282]]}",{}
570,NC00962.3,STM-0.2-0.95,0.0,GARC1,RUS,STM,gid@R207H,U,{},"{""proportion"": 0.0, ""confidence"": [0.0, 0.7934506856227626], ""p_value"": 1.0, ""contingency"": [[0, 1], [195, 8282]]}",{}
571,NC00962.3,STM-0.2-0.95,0.0,GARC1,RUS,STM,gid@G69S,U,{},"{""proportion"": 0.0, ""confidence"": [0.0, 0.7934506856227626], ""p_value"": 1.0, ""contingency"": [[0, 1], [195, 8282]]}",{}
572,NC00962.3,STM-0.2-0.95,0.0,GARC1,RUS,STM,gid@G214R,U,{},"{""proportion"": 0.0, ""confidence"": [0.0, 0.7934506856227626], ""p_value"": 1.0, ""contingency"": [[0, 1], [195, 8282]]}",{}
573,NC00962.3,STM-0.2-0.95,0.0,GARC1,RUS,STM,gid@g-9a,U,{},"{""proportion"": 0.0, ""confidence"": [0.0, 0.7934506856227626], ""p_value"": 1.0, ""contingency"": [[0, 1], [195, 8282]]}",{}
574,NC00962.3,STM-0.2-0.95,0.0,GARC1,RUS,STM,gid@A25V,U,{},"{""proportion"": 0.0, ""confidence"": [0.0, 0.7934506856227626], ""p_value"": 1.0, ""contingency"": [[0, 1], [195, 8282]]}",{}
575,NC00962.3,STM-0.2-0.95,0.0,GARC1,RUS,STM,gid@-17_del_agccggcggagtgcgtaatgtctccgatcgagcccgcggcgtctgcgatcttcggaccgcggcttggccttgctcggcggtacgccgaagcgttggcgggacccggtgtggagcgggggctggtgggaccccgcgaagtcggtaggctatgggaccggcatctactgaactgcg,U,{},"{""proportion"": 0.0, ""confidence"": [0.0, 0.7934506856227626], ""p_value"": 1.0, ""contingency"": [[0, 1], [195, 8282]]}",{}
576,NC00962.3,STM-0.2-0.95,0.0,GARC1,RUS,STM,rrs@g222t,U,{},"{""proportion"": 0.0, ""confidence"": [0.0, 0.7934506856227626], ""p_value"": 1.0, ""contingency"": [[0, 1], [195, 8282]]}",{}
577,NC00962.3,STM-0.2-0.95,0.0,GARC1,RUS,STM,gid@A141T,U,{},"{""proportion"": 0.0, ""confidence"": [0.0, 0.7934506856227626], ""p_value"": 1.0, ""contingency"": [[0, 1], [195, 8282]]}",{}
578,NC00962.3,STM-0.2-0.95,0.0,GARC1,RUS,STM,gid@S136P,U,{},"{""proportion"": 0.0, ""confidence"": [0.0, 0.7934506856227626], ""p_value"": 1.0, ""contingency"": [[0, 1], [195, 8282]]}",{}
579,NC00962.3,STM-0.2-0.95,0.0,GARC1,RUS,STM,gid@A25G,U,{},"{""proportion"": 0.0, ""confidence"": [0.0, 0.7934506856227626], ""p_value"": 1.0, ""contingency"": [[0, 1], [195, 8282]]}",{}
580,NC00962.3,STM-0.2-0.95,0.0,GARC1,RUS,STM,gid@M104R,U,{},"{""proportion"": 1.0, ""confidence"": [0.20654931437723742, 1.0], ""p_value"": 0.2, ""contingency"": [[1, 0], [195, 8282]]}",{}
581,NC00962.3,STM-0.2-0.95,0.0,GARC1,RUS,STM,rrs@t1239c,U,{},"{""proportion"": 0.0, ""confidence"": [3.584186086443356e-17, 0.3543304350666874], ""p_value"": 0.35774719999999993, ""contingency"": [[0, 7], [195, 8282]]}",{}
582,NC00962.3,STM-0.2-0.95,0.0,GARC1,RUS,STM,gid@D107G,U,{},"{""proportion"": 0.0, ""confidence"": [0.0, 0.6576197724933469], ""p_value"": 1.0, ""contingency"": [[0, 2], [195, 8282]]}",{}
583,NC00962.3,STM-0.2-0.95,0.0,GARC1,RUS,STM,gid@S131T,U,{},"{""proportion"": 0.0, ""confidence"": [0.0, 0.7934506856227626], ""p_value"": 1.0, ""contingency"": [[0, 1], [195, 8282]]}",{}
584,NC00962.3,STM-0.2-0.95,0.0,GARC1,RUS,STM,rrs@c1236t,U,{},"{""proportion"": 0.0, ""confidence"": [0.0, 0.6576197724933469], ""p_value"": 1.0, ""contingency"": [[0, 2], [195, 8282]]}",{}
585,NC00962.3,STM-0.2-0.95,0.0,GARC1,RUS,STM,gid@C52R,U,{},"{""proportion"": 0.0, ""confidence"": [0.0, 0.6576197724933469], ""p_value"": 1.0, ""contingency"": [[0, 2], [195, 8282]]}",{}
586,NC00962.3,STM-0.2-0.95,0.0,GARC1,RUS,STM,gid@G69V,U,{},"{""proportion"": 0.0, ""confidence"": [0.0, 0.7934506856227626], ""p_value"": 1.0, ""contingency"": [[0, 1], [195, 8282]]}",{}
587,NC00962.3,STM-0.2-0.95,0.0,GARC1,RUS,STM,rrs@c171g,U,{},"{""proportion"": 0.0, ""confidence"": [0.0, 0.6576197724933469], ""p_value"": 1.0, ""contingency"": [[0, 2], [195, 8282]]}",{}
588,NC00962.3,STM-0.2-0.95,0.0,GARC1,RUS,STM,gid@288_ins_gc,U,{},"{""proportion"": 0.0, ""confidence"": [0.0, 0.7934506856227626], ""p_value"": 1.0, ""contingency"": [[0, 1], [195, 8282]]}",{}
589,NC00962.3,STM-0.2-0.95,0.0,GARC1,RUS,STM,rrs@g349a,U,{},"{""proportion"": 0.0, ""confidence"": [0.0, 0.43448246478317476], ""p_value"": 0.5904, ""contingency"": [[0, 5], [195, 8282]]}",{}
590,NC00962.3,STM-0.2-0.95,0.0,GARC1,RUS,STM,gid@G164D,U,{},"{""proportion"": 1.0, ""confidence"": [0.20654931437723742, 1.0], ""p_value"": 0.2, ""contingency"": [[1, 0], [195, 8282]]}",{}
591,NC00962.3,STM-0.2-0.95,0.0,GARC1,RUS,STM,rpsL@N73K,U,{},"{""proportion"": 0.0, ""confidence"": [0.0, 0.7934506856227626], ""p_value"": 1.0, ""contingency"": [[0, 1], [195, 8282]]}",{}
592,NC00962.3,STM-0.2-0.95,0.0,GARC1,RUS,STM,gid@R83L,U,{},"{""proportion"": 0.0, ""confidence"": [0.0, 0.7934506856227626], ""p_value"": 1.0, ""contingency"": [[0, 1], [195, 8282]]}",{}
593,NC00962.3,STM-0.2-0.95,0.0,GARC1,RUS,STM,rrs@g179c,U,{},"{""proportion"": 0.0, ""confidence"": [3.584186086443356e-17, 0.3543304350666874], ""p_value"": 0.35774719999999993, ""contingency"": [[0, 7], [195, 8282]]}",{}
594,NC00962.3,STM-0.2-0.95,0.0,GARC1,RUS,STM,gid@77_del_t,U,{},"{""proportion"": 0.0, ""confidence"": [0.0, 0.6576197724933469], ""p_value"": 1.0, ""contingency"": [[0, 2], [195, 8282]]}",{}
595,NC00962.3,STM-0.2-0.95,0.0,GARC1,RUS,STM,gid@T201N,U,{},"{""proportion"": 0.0, ""confidence"": [0.0, 0.7934506856227626], ""p_value"": 1.0, ""contingency"": [[0, 1], [195, 8282]]}",{}
596,NC00962.3,STM-0.2-0.95,0.0,GARC1,RUS,STM,rrs@a392g,U,{},"{""proportion"": 0.0, ""confidence"": [0.0, 0.6576197724933469], ""p_value"": 1.0, ""contingency"": [[0, 2], [195, 8282]]}",{}
597,NC00962.3,STM-0.2-0.95,0.0,GARC1,RUS,STM,gid@R97C,U,{},"{""proportion"": 0.0, ""confidence"": [0.0, 0.6576197724933469], ""p_value"": 1.0, ""contingency"": [[0, 2], [195, 8282]]}",{}
598,NC00962.3,STM-0.2-0.95,0.0,GARC1,RUS,STM,gid@-71_del_ccagcgtctcgagagcggagaatgtttcacgtgaaacatgacacagacctcacgagccggcggagtgcgtaatgtctccgatcgagcccgcggcgtctgcgatcttcggaccgcggcttggccttgctcggcggtacgccgaagcgttggcgggacccggtgtggagcgggggctggtgggaccccgcgaagtcggtaggctatgggaccg,U,{},"{""proportion"": 0.0, ""confidence"": [0.0, 0.7934506856227626], ""p_value"": 1.0, ""contingency"": [[0, 1], [195, 8282]]}",{}
599,NC00962.3,STM-0.2-0.95,0.0,GARC1,RUS,STM,rrs@g660t,U,{},"{""proportion"": 0.0, ""confidence"": [0.0, 0.7934506856227626], ""p_value"": 1.0, ""contingency"": [[0, 1], [195, 8282]]}",{}
600,NC00962.3,STM-0.2-0.95,0.0,GARC1,RUS,STM,gid@E99K,U,{},"{""proportion"": 0.0, ""confidence"": [0.0, 0.6576197724933469], ""p_value"": 1.0, ""contingency"": [[0, 2], [195, 8282]]}",{}
601,NC00962.3,STM-0.2-0.95,0.0,GARC1,RUS,STM,rrs@t1022g,U,{},"{""proportion"": 0.0, ""confidence"": [0.0, 0.6576197724933469], ""p_value"": 1.0, ""contingency"": [[0, 2], [195, 8282]]}",{}
602,NC00962.3,STM-0.2-0.95,0.0,GARC1,RUS,STM,rrs@c136a,U,{},"{""proportion"": 0.0, ""confidence"": [0.0, 0.7934506856227626], ""p_value"": 1.0, ""contingency"": [[0, 1], [195, 8282]]}",{}
603,NC00962.3,STM-0.2-0.95,0.0,GARC1,RUS,STM,rpsL@R116H,U,{},"{""proportion"": 0.0, ""confidence"": [0.0, 0.6576197724933469], ""p_value"": 1.0, ""contingency"": [[0, 2], [195, 8282]]}",{}
604,NC00962.3,STM-0.2-0.95,0.0,GARC1,RUS,STM,rrs@g-74t,U,{},"{""proportion"": 0.0, ""confidence"": [0.0, 0.43448246478317476], ""p_value"": 0.5904, ""contingency"": [[0, 5], [195, 8282]]}",{}
605,NC00962.3,STM-0.2-0.95,0.0,GARC1,RUS,STM,rrs@t663c,U,{},"{""proportion"": 0.0, ""confidence"": [0.0, 0.7934506856227626], ""p_value"": 1.0, ""contingency"": [[0, 1], [195, 8282]]}",{}
606,NC00962.3,STM-0.2-0.95,0.0,GARC1,RUS,STM,rrs@c923t,U,{},"{""proportion"": 0.0, ""confidence"": [0.0, 0.7934506856227626], ""p_value"": 1.0, ""contingency"": [[0, 1], [195, 8282]]}",{}
607,NC00962.3,STM-0.2-0.95,0.0,GARC1,RUS,STM,gid@A183E,U,{},"{""proportion"": 0.5, ""confidence"": [0.09453120573423071, 0.9054687942657693], ""p_value"": 0.3600000000000001, ""contingency"": [[1, 1], [195, 8282]]}",{}
608,NC00962.3,STM-0.2-0.95,0.0,GARC1,RUS,STM,rrs@g-7t,U,{},"{""proportion"": 0.0, ""confidence"": [0.0, 0.7934506856227626], ""p_value"": 1.0, ""contingency"": [[0, 1], [195, 8282]]}",{}
609,NC00962.3,STM-0.2-0.95,0.0,GARC1,RUS,STM,rrs@205_ins_t,U,{},"{""proportion"": 0.0, ""confidence"": [0.0, 0.7934506856227626], ""p_value"": 1.0, ""contingency"": [[0, 1], [195, 8282]]}",{}
610,NC00962.3,STM-0.2-0.95,0.0,GARC1,RUS,STM,rrs@g1031t,U,{},"{""proportion"": 0.0, ""confidence"": [0.0, 0.7934506856227626], ""p_value"": 1.0, ""contingency"": [[0, 1], [195, 8282]]}",{}
611,NC00962.3,STM-0.2-0.95,0.0,GARC1,RUS,STM,gid@72_del_a,U,{},"{""proportion"": 0.0, ""confidence"": [0.0, 0.7934506856227626], ""p_value"": 1.0, ""contingency"": [[0, 1], [195, 8282]]}",{}
612,NC00962.3,STM-0.2-0.95,0.0,GARC1,RUS,STM,gid@E99!,U,{},"{""proportion"": 1.0, ""confidence"": [0.20654931437723742, 1.0], ""p_value"": 0.2, ""contingency"": [[1, 0], [195, 8282]]}",{}
613,NC00962.3,STM-0.2-0.95,0.0,GARC1,RUS,STM,gid@a-50g,U,{},"{""proportion"": 0.0, ""confidence"": [0.0, 0.6576197724933469], ""p_value"": 1.0, ""contingency"": [[0, 2], [195, 8282]]}",{}
614,NC00962.3,STM-0.2-0.95,0.0,GARC1,RUS,STM,gid@L35M,U,{},"{""proportion"": 0.0, ""confidence"": [0.0, 0.7934506856227626], ""p_value"": 1.0, ""contingency"": [[0, 1], [195, 8282]]}",{}
615,NC00962.3,STM-0.2-0.95,0.0,GARC1,RUS,STM,gid@g-99a,U,{},"{""proportion"": 0.0, ""confidence"": [0.0, 0.6576197724933469], ""p_value"": 1.0, ""contingency"": [[0, 2], [195, 8282]]}",{}
616,NC00962.3,STM-0.2-0.95,0.0,GARC1,RUS,STM,rpsL@D14E,U,{},"{""proportion"": 0.0, ""confidence"": [0.0, 0.7934506856227626], ""p_value"": 1.0, ""contingency"": [[0, 1], [195, 8282]]}",{}
617,NC00962.3,STM-0.2-0.95,0.0,GARC1,RUS,STM,gid@P6T,U,{},"{""proportion"": 0.0, ""confidence"": [0.0, 0.7934506856227626], ""p_value"": 1.0, ""contingency"": [[0, 1], [195, 8282]]}",{}
618,NC00962.3,STM-0.2-0.95,0.0,GARC1,RUS,STM,rpsL@K108T,U,{},"{""proportion"": 0.0, ""confidence"": [0.0, 0.7934506856227626], ""p_value"": 1.0, ""contingency"": [[0, 1], [195, 8282]]}",{}
619,NC00962.3,STM-0.2-0.95,0.0,GARC1,RUS,STM,gid@314_del_t,U,{},"{""proportion"": 1.0, ""confidence"": [0.20654931437723742, 1.0], ""p_value"": 0.2, ""contingency"": [[1, 0], [195, 8282]]}",{}
620,NC00962.3,STM-0.2-0.95,0.0,GARC1,RUS,STM,gid@E92Q,U,{},"{""proportion"": 0.0, ""confidence"": [0.0, 0.7934506856227626], ""p_value"": 1.0, ""contingency"": [[0, 1], [195, 8282]]}",{}
621,NC00962.3,STM-0.2-0.95,0.0,GARC1,RUS,STM,rrs@c1441t,U,{},"{""proportion"": 0.0, ""confidence"": [0.0, 0.6576197724933469], ""p_value"": 1.0, ""contingency"": [[0, 2], [195, 8282]]}",{}
623,NC00962.3,STM-0.2-0.95,0.0,GARC1,RUS,STM,gid@G34E,U,{},"{""proportion"": 1.0, ""confidence"": [0.20654931437723742, 1.0], ""p_value"": 0.2, ""contingency"": [[1, 0], [195, 8282]]}",{}
624,NC00962.3,STM-0.2-0.95,0.0,GARC1,RUS,STM,gid@V89A,U,{},"{""proportion"": 0.0, ""confidence"": [0.0, 0.7934506856227626], ""p_value"": 1.0, ""contingency"": [[0, 1], [195, 8282]]}",{}
625,NC00962.3,STM-0.2-0.95,0.0,GARC1,RUS,STM,gid@I68S,U,{},"{""proportion"": 1.0, ""confidence"": [0.20654931437723742, 1.0], ""p_value"": 0.2, ""contingency"": [[1, 0], [195, 8282]]}",{}
626,NC00962.3,STM-0.2-0.95,0.0,GARC1,RUS,STM,gid@L26W,U,{},"{""proportion"": 1.0, ""confidence"": [0.20654931437723742, 1.0], ""p_value"": 0.2, ""contingency"": [[1, 0], [195, 8282]]}",{}
627,NC00962.3,STM-0.2-0.95,0.0,GARC1,RUS,STM,gid@G28!,U,{},"{""proportion"": 0.5, ""confidence"": [0.09453120573423071, 0.9054687942657693], ""p_value"": 0.3600000000000001, ""contingency"": [[1, 1], [195, 8282]]}",{}
628,NC00962.3,STM-0.2-0.95,0.0,GARC1,RUS,STM,rrs@c196t,U,{},"{""proportion"": 0.0, ""confidence"": [0.0, 0.7934506856227626], ""p_value"": 1.0, ""contingency"": [[0, 1], [195, 8282]]}",{}
629,NC00962.3,STM-0.2-0.95,0.0,GARC1,RUS,STM,gid@V105G,U,{},"{""proportion"": 0.0, ""confidence"": [0.0, 0.7934506856227626], ""p_value"": 1.0, ""contingency"": [[0, 1], [195, 8282]]}",{}
630,NC00962.3,STM-0.2-0.95,0.0,GARC1,RUS,STM,rrs@c270t,U,{},"{""proportion"": 0.0, ""confidence"": [0.0, 0.7934506856227626], ""p_value"": 1.0, ""contingency"": [[0, 1], [195, 8282]]}",{}
631,NC00962.3,STM-0.2-0.95,0.0,GARC1,RUS,STM,gid@L86R,U,{},"{""proportion"": 0.0, ""confidence"": [0.0, 0.7934506856227626], ""p_value"": 1.0, ""contingency"": [[0, 1], [195, 8282]]}",{}
632,NC00962.3,STM-0.2-0.95,0.0,GARC1,RUS,STM,gid@A183T,U,{},"{""proportion"": 0.0, ""confidence"": [0.0, 0.7934506856227626], ""p_value"": 1.0, ""contingency"": [[0, 1], [195, 8282]]}",{}
633,NC00962.3,STM-0.2-0.95,0.0,GARC1,RUS,STM,gid@296_ins_a,U,{},"{""proportion"": 0.0, ""confidence"": [0.0, 0.7934506856227626], ""p_value"": 1.0, ""contingency"": [[0, 1], [195, 8282]]}",{}
634,NC00962.3,STM-0.2-0.95,0.0,GARC1,RUS,STM,gid@I55V,U,{},"{""proportion"": 0.0, ""confidence"": [0.0, 0.7934506856227626], ""p_value"": 1.0, ""contingency"": [[0, 1], [195, 8282]]}",{}
635,NC00962.3,STM-0.2-0.95,0.0,GARC1,RUS,STM,rrs@t847c,U,{},"{""proportion"": 0.0, ""confidence"": [0.0, 0.7934506856227626], ""p_value"": 1.0, ""contingency"": [[0, 1], [195, 8282]]}",{}
636,NC00962.3,STM-0.2-0.95,0.0,GARC1,RUS,STM,gid@V88G,U,{},"{""proportion"": 1.0, ""confidence"": [0.20654931437723742, 1.0], ""p_value"": 0.2, ""contingency"": [[1, 0], [195, 8282]]}",{}
637,NC00962.3,STM-0.2-0.95,0.0,GARC1,RUS,STM,rrs@c1112t,U,{},"{""proportion"": 0.0, ""confidence"": [0.0, 0.7934506856227626], ""p_value"": 1.0, ""contingency"": [[0, 1], [195, 8282]]}",{}
638,NC00962.3,STM-0.2-0.95,0.0,GARC1,RUS,STM,gid@T146A,U,{},"{""proportion"": 0.0, ""confidence"": [0.0, 0.7934506856227626], ""p_value"": 1.0, ""contingency"": [[0, 1], [195, 8282]]}",{}
639,NC00962.3,STM-0.2-0.95,0.0,GARC1,RUS,STM,gid@A23P,U,{},"{""proportion"": 0.0, ""confidence"": [0.0, 0.7934506856227626], ""p_value"": 1.0, ""contingency"": [[0, 1], [195, 8282]]}",{}
640,NC00962.3,STM-0.2-0.95,0.0,GARC1,RUS,STM,gid@P151S,U,{},"{""proportion"": 0.0, ""confidence"": [0.0, 0.7934506856227626], ""p_value"": 1.0, ""contingency"": [[0, 1], [195, 8282]]}",{}
641,NC00962.3,STM-0.2-0.95,0.0,GARC1,RUS,STM,gid@a-8c,U,{},"{""proportion"": 0.0, ""confidence"": [0.0, 0.7934506856227626], ""p_value"": 1.0, ""contingency"": [[0, 1], [195, 8282]]}",{}
642,NC00962.3,STM-0.2-0.95,0.0,GARC1,RUS,STM,gid@P38S,U,{},"{""proportion"": 0.0, ""confidence"": [0.0, 0.7934506856227626], ""p_value"": 1.0, ""contingency"": [[0, 1], [195, 8282]]}",{}
643,NC00962.3,STM-0.2-0.95,0.0,GARC1,RUS,STM,gid@N51K,U,{},"{""proportion"": 0.0, ""confidence"": [0.0, 0.7934506856227626], ""p_value"": 1.0, ""contingency"": [[0, 1], [195, 8282]]}",{}
644,NC00962.3,STM-0.2-0.95,0.0,GARC1,RUS,STM,gid@359_ins_tgagatcgtgcgggggcgcgccga,U,{},"{""proportion"": 0.0, ""confidence"": [0.0, 0.7934506856227626], ""p_value"": 1.0, ""contingency"": [[0, 1], [195, 8282]]}",{}
645,NC00962.3,STM-0.2-0.95,0.0,GARC1,RUS,STM,gid@P6L,U,{},"{""proportion"": 0.0, ""confidence"": [0.0, 0.7934506856227626], ""p_value"": 1.0, ""contingency"": [[0, 1], [195, 8282]]}",{}
646,NC00962.3,STM-0.2-0.95,0.0,GARC1,RUS,STM,gid@501_del_tc,U,{},"{""proportion"": 0.0, ""confidence"": [0.0, 0.7934506856227626], ""p_value"": 1.0, ""contingency"": [[0, 1], [195, 8282]]}",{}
647,NC00962.3,STM-0.2-0.95,0.0,GARC1,RUS,STM,rrs@g187a,U,{},"{""proportion"": 0.0, ""confidence"": [0.0, 0.6576197724933469], ""p_value"": 1.0, ""contingency"": [[0, 2], [195, 8282]]}",{}
648,NC00962.3,STM-0.2-0.95,0.0,GARC1,RUS,STM,gid@615_ins_a,U,{},"{""proportion"": 0.0, ""confidence"": [0.0, 0.7934506856227626], ""p_value"": 1.0, ""contingency"": [[0, 1], [195, 8282]]}",{}
649,NC00962.3,STM-0.2-0.95,0.0,GARC1,RUS,STM,gid@A140V,U,{},"{""proportion"": 0.0, ""confidence"": [0.0, 0.7934506856227626], ""p_value"": 1.0, ""contingency"": [[0, 1], [195, 8282]]}",{}
650,NC00962.3,STM-0.2-0.95,0.0,GARC1,RUS,STM,gid@337_ins_g,U,{},"{""proportion"": 1.0, ""confidence"": [0.20654931437723742, 1.0], ""p_value"": 0.2, ""contingency"": [[1, 0], [195, 8282]]}",{}
651,NC00962.3,STM-0.2-0.95,0.0,GARC1,RUS,STM,rrs@t213a,U,{},"{""proportion"": 0.0, ""confidence"": [0.0, 0.7934506856227626], ""p_value"": 1.0, ""contingency"": [[0, 1], [195, 8282]]}",{}
652,NC00962.3,STM-0.2-0.95,0.0,GARC1,RUS,STM,gid@R64P,U,{},"{""proportion"": 1.0, ""confidence"": [0.20654931437723742, 1.0], ""p_value"": 0.2, ""contingency"": [[1, 0], [195, 8282]]}",{}
653,NC00962.3,STM-0.2-0.95,0.0,GARC1,RUS,STM,gid@550_del_g,U,{},"{""proportion"": 1.0, ""confidence"": [0.20654931437723742, 1.0], ""p_value"": 0.2, ""contingency"": [[1, 0], [195, 8282]]}",{}
654,NC00962.3,STM-0.2-0.95,0.0,GARC1,RUS,STM,gid@c-64a,U,{},"{""proportion"": 0.0, ""confidence"": [0.0, 0.7934506856227626], ""p_value"": 1.0, ""contingency"": [[0, 1], [195, 8282]]}",{}
655,NC00962.3,STM-0.2-0.95,0.0,GARC1,RUS,STM,gid@247_del_c,U,{},"{""proportion"": 1.0, ""confidence"": [0.20654931437723742, 1.0], ""p_value"": 0.2, ""contingency"": [[1, 0], [195, 8282]]}",{}
656,NC00962.3,STM-0.2-0.95,0.0,GARC1,RUS,STM,gid@525_del_g,U,{},"{""proportion"": 1.0, ""confidence"": [0.20654931437723742, 1.0], ""p_value"": 0.2, ""contingency"": [[1, 0], [195, 8282]]}",{}
658,NC00962.3,STM-0.2-0.95,0.0,GARC1,RUS,STM,gid@136_del_g,U,{},"{""proportion"": 1.0, ""confidence"": [0.20654931437723742, 1.0], ""p_value"": 0.2, ""contingency"": [[1, 0], [195, 8282]]}",{}
659,NC00962.3,STM-0.2-0.95,0.0,GARC1,RUS,STM,rrs@g217a,U,{},"{""proportion"": 0.0, ""confidence"": [0.0, 0.7934506856227626], ""p_value"": 1.0, ""contingency"": [[0, 1], [195, 8282]]}",{}
660,NC00962.3,STM-0.2-0.95,0.0,GARC1,RUS,STM,gid@E60D,U,{},"{""proportion"": 0.0, ""confidence"": [0.0, 0.7934506856227626], ""p_value"": 1.0, ""contingency"": [[0, 1], [195, 8282]]}",{}
662,NC00962.3,STM-0.2-0.95,0.0,GARC1,RUS,STM,gid@253_del_g,U,{},"{""proportion"": 1.0, ""confidence"": [0.20654931437723742, 1.0], ""p_value"": 0.2, ""contingency"": [[1, 0], [195, 8282]]}",{}
663,NC00962.3,STM-0.2-0.95,0.0,GARC1,RUS,STM,gid@92_del_t,U,{},"{""proportion"": 0.0, ""confidence"": [0.0, 0.7934506856227626], ""p_value"": 1.0, ""contingency"": [[0, 1], [195, 8282]]}",{}
664,NC00962.3,STM-0.2-0.95,0.0,GARC1,RUS,STM,gid@R64Q,U,{},"{""proportion"": 0.0, ""confidence"": [0.0, 0.7934506856227626], ""p_value"": 1.0, ""contingency"": [[0, 1], [195, 8282]]}",{}
666,NC00962.3,STM-0.2-0.95,0.0,GARC1,RUS,STM,rrs@-*_indel,U,{},"{""default_rule"": ""True""}",{}
667,NC00962.3,STM-0.2-0.95,0.0,GARC1,RUS,STM,rrs@*_indel,U,{},"{""default_rule"": ""True""}",{}
668,NC00962.3,STM-0.2-0.95,0.0,GARC1,RUS,STM,rrs@-*?,U,{},"{""default_rule"": ""True""}",{}
669,NC00962.3,STM-0.2-0.95,0.0,GARC1,RUS,STM,rrs@*?,U,{},"{""default_rule"": ""True""}",{}
670,NC00962.3,STM-0.2-0.95,0.0,GARC1,RUS,STM,rrs@del_0.0,U,{},"{""default_rule"": ""True""}",{}
672,NC00962.3,STM-0.2-0.95,0.0,GARC1,RUS,STM,rpsL@-*_indel,U,{},"{""default_rule"": ""True""}",{}
673,NC00962.3,STM-0.2-0.95,0.0,GARC1,RUS,STM,rpsL@*_indel,U,{},"{""default_rule"": ""True""}",{}
674,NC00962.3,STM-0.2-0.95,0.0,GARC1,RUS,STM,rpsL@-*?,U,{},"{""default_rule"": ""True""}",{}
675,NC00962.3,STM-0.2-0.95,0.0,GARC1,RUS,STM,rpsL@*?,U,{},"{""default_rule"": ""True""}",{}
676,NC00962.3,STM-0.2-0.95,0.0,GARC1,RUS,STM,rpsL@del_0.0,U,{},"{""default_rule"": ""True""}",{}
678,NC00962.3,STM-0.2-0.95,0.0,GARC1,RUS,STM,gid@-*_indel,U,{},"{""default_rule"": ""True""}",{}
679,NC00962.3,STM-0.2-0.95,0.0,GARC1,RUS,STM,gid@*_indel,U,{},"{""default_rule"": ""True""}",{}
680,NC00962.3,STM-0.2-0.95,0.0,GARC1,RUS,STM,gid@-*?,U,{},"{""default_rule"": ""True""}",{}
681,NC00962.3,STM-0.2-0.95,0.0,GARC1,RUS,STM,gid@*?,U,{},"{""default_rule"": ""True""}",{}
682,NC00962.3,STM-0.2-0.95,0.0,GARC1,RUS,STM,gid@del_0.0,U,{},"{""default_rule"": ""True""}",{}
