,GENBANK_REFERENCE,CATALOGUE_NAME,CATALOGUE_VERSION,CATALOGUE_GRAMMAR,PREDICTION_VALUES,DRUG,MUTATION,PREDICTION,SOURCE,EVIDENCE,OTHER
0,NC00962.3,EMB-0.05-0.95,0.0,GARC1,RUS,EMB,embB@T1082A,S,{},"{""proportion"": 0.0, ""confidence"": [0.0, 0.0458181295355271], ""p_value"": 0.034918468890899404, ""contingency"": [[0, 80], [196, 19540]]}",{}
1,NC00962.3,EMB-0.05-0.95,0.0,GARC1,RUS,EMB,embB@R24P,S,{},"{""proportion"": 0.021629416005767843, ""confidence"": [0.015192226338033576, 0.03070909362608787], ""p_value"": 9.497799334251563e-08, ""contingency"": [[30, 1357], [196, 19540]]}",{}
2,NC00962.3,EMB-0.05-0.95,0.0,GARC1,RUS,EMB,embB@L172R,S,{},"{""proportion"": 0.0, ""confidence"": [-3.3141870369939725e-18, 0.04475062369010032], ""p_value"": 0.03620332641250652, ""contingency"": [[0, 82], [196, 19540]]}",{}
3,NC00962.3,EMB-0.05-0.95,0.0,GARC1,RUS,EMB,embB@R213Q,S,{},"{""proportion"": 0.0, ""confidence"": [0.0, 0.03465723801874867], ""p_value"": 0.006835918517389944, ""contingency"": [[0, 107], [196, 19540]]}",{}
915,NC00962.3,EMB-0.05-0.95,0.0,GARC1,RUS,EMB,embA@*=,S,{},"{""default_rule"": ""True""}",{}
921,NC00962.3,EMB-0.05-0.95,0.0,GARC1,RUS,EMB,embB@*=,S,{},"{""default_rule"": ""True""}",{}
4,NC00962.3,EMB-0.05-0.95,0.0,GARC1,RUS,EMB,embB@M306V,R,{},"{""proportion"": 0.7723449001051524, ""confidence"": [0.7529623443371191, 0.7906295663148094], ""p_value"": 0.0, ""contingency"": [[1469, 433], [226, 21192]]}",{}
5,NC00962.3,EMB-0.05-0.95,0.0,GARC1,RUS,EMB,embB@G406A,R,{},"{""proportion"": 0.4714828897338403, ""confidence"": [0.4119979314313624, 0.5317889146371139], ""p_value"": 1.902387555828522e-87, ""contingency"": [[124, 139], [226, 21192]]}",{}
6,NC00962.3,EMB-0.05-0.95,0.0,GARC1,RUS,EMB,embB@M306I,R,{},"{""proportion"": 0.49479843953185954, ""confidence"": [0.46985540970181766, 0.5197673884733994], ""p_value"": 0.0, ""contingency"": [[761, 777], [226, 21192]]}",{}
7,NC00962.3,EMB-0.05-0.95,0.0,GARC1,RUS,EMB,embB@Q497R,R,{},"{""proportion"": 0.7288461538461538, ""confidence"": [0.689061777450293, 0.7652741594871938], ""p_value"": 0.0, ""contingency"": [[379, 141], [226, 21192]]}",{}
8,NC00962.3,EMB-0.05-0.95,0.0,GARC1,RUS,EMB,embB@S297A,R,{},"{""proportion"": 0.21238938053097345, ""confidence"": [0.14708453967449378, 0.29660607617317764], ""p_value"": 1.6589599367591839e-09, ""contingency"": [[24, 89], [226, 21192]]}",{}
11,NC00962.3,EMB-0.05-0.95,0.0,GARC1,RUS,EMB,embB@Q497P,R,{},"{""proportion"": 0.1875, ""confidence"": [0.06591599071428139, 0.43008880961974144], ""p_value"": 0.04293785348577261, ""contingency"": [[3, 13], [226, 21192]]}",{}
13,NC00962.3,EMB-0.05-0.95,0.0,GARC1,RUS,EMB,embA@c-16g,R,{},"{""proportion"": 0.14285714285714285, ""confidence"": [0.06260231079433713, 0.29375554086595146], ""p_value"": 0.029026281822406567, ""contingency"": [[5, 30], [226, 21192]]}",{}
15,NC00962.3,EMB-0.05-0.95,0.0,GARC1,RUS,EMB,embB@D354A,R,{},"{""proportion"": 0.5159235668789809, ""confidence"": [0.46079029342824646, 0.5706719331708372], ""p_value"": 9.474823735336375e-122, ""contingency"": [[162, 152], [226, 21192]]}",{}
17,NC00962.3,EMB-0.05-0.95,0.0,GARC1,RUS,EMB,embB@D328Y,R,{},"{""proportion"": 0.7368421052631579, ""confidence"": [0.5120844910218489, 0.8819358765321749], ""p_value"": 5.589277616882327e-15, ""contingency"": [[14, 5], [226, 21192]]}",{}
18,NC00962.3,EMB-0.05-0.95,0.0,GARC1,RUS,EMB,embB@N296H,R,{},"{""proportion"": 0.2, ""confidence"": [0.10499989725437703, 0.34757306346399497], ""p_value"": 0.0007115084380675609, ""contingency"": [[8, 32], [226, 21192]]}",{}
19,NC00962.3,EMB-0.05-0.95,0.0,GARC1,RUS,EMB,embB@G406D,R,{},"{""proportion"": 0.3657142857142857, ""confidence"": [0.29795235505406337, 0.43924504699172257], ""p_value"": 1.0080512510368547e-37, ""contingency"": [[64, 111], [226, 21192]]}",{}
25,NC00962.3,EMB-0.05-0.95,0.0,GARC1,RUS,EMB,embB@Y319S,R,{},"{""proportion"": 0.8042328042328042, ""confidence"": [0.74184276291106, 0.8545020309069962], ""p_value"": 7.506892539674e-160, ""contingency"": [[152, 37], [226, 21192]]}",{}
27,NC00962.3,EMB-0.05-0.95,0.0,GARC1,RUS,EMB,embB@M306L,R,{},"{""proportion"": 0.703125, ""confidence"": [0.5822979889645707, 0.8009484867446021], ""p_value"": 9.559581556882634e-44, ""contingency"": [[45, 19], [226, 21192]]}",{}
29,NC00962.3,EMB-0.05-0.95,0.0,GARC1,RUS,EMB,embB@H1002R,R,{},"{""proportion"": 0.3225806451612903, ""confidence"": [0.18569426566359176, 0.49858990691914357], ""p_value"": 1.6373481812024025e-06, ""contingency"": [[10, 21], [226, 21192]]}",{}
32,NC00962.3,EMB-0.05-0.95,0.0,GARC1,RUS,EMB,embA@c-8a,R,{},"{""proportion"": 0.21428571428571427, ""confidence"": [0.10212460332897881, 0.39538585653721864], ""p_value"": 0.0022687013833554664, ""contingency"": [[6, 22], [226, 21192]]}",{}
33,NC00962.3,EMB-0.05-0.95,0.0,GARC1,RUS,EMB,embA@g-43c,R,{},"{""proportion"": 0.1956521739130435, ""confidence"": [0.1065061013439854, 0.3317125892298462], ""p_value"": 0.0003980812771972191, ""contingency"": [[9, 37], [226, 21192]]}",{}
34,NC00962.3,EMB-0.05-0.95,0.0,GARC1,RUS,EMB,embB@D1024N,R,{},"{""proportion"": 0.234375, ""confidence"": [0.1474989559392414, 0.35133257582568644], ""p_value"": 4.687767261603403e-07, ""contingency"": [[15, 49], [226, 21192]]}",{}
35,NC00962.3,EMB-0.05-0.95,0.0,GARC1,RUS,EMB,embA@c-12t,R,{},"{""proportion"": 0.27941176470588236, ""confidence"": [0.18677947923800123, 0.3956343456973241], ""p_value"": 5.935867800635753e-10, ""contingency"": [[19, 49], [226, 21192]]}",{}
41,NC00962.3,EMB-0.05-0.95,0.0,GARC1,RUS,EMB,embA@c-16a,R,{},"{""proportion"": 0.3793103448275862, ""confidence"": [0.2268802210080984, 0.5599745579401149], ""p_value"": 7.278753577101654e-08, ""contingency"": [[11, 18], [226, 21192]]}",{}
42,NC00962.3,EMB-0.05-0.95,0.0,GARC1,RUS,EMB,embB@Q497K,R,{},"{""proportion"": 0.5, ""confidence"": [0.3773502424155577, 0.6226497575844424], ""p_value"": 2.490507192115096e-23, ""contingency"": [[30, 30], [226, 21192]]}",{}
43,NC00962.3,EMB-0.05-0.95,0.0,GARC1,RUS,EMB,embB@G406S,R,{},"{""proportion"": 0.4722222222222222, ""confidence"": [0.36126510337834705, 0.585993295099234], ""p_value"": 3.4854413312973375e-25, ""contingency"": [[34, 38], [226, 21192]]}",{}
45,NC00962.3,EMB-0.05-0.95,0.0,GARC1,RUS,EMB,embA@c-16t,R,{},"{""proportion"": 0.17647058823529413, ""confidence"": [0.1039358724943769, 0.2836044040774335], ""p_value"": 0.00012914812645650097, ""contingency"": [[12, 56], [226, 21192]]}",{}
46,NC00962.3,EMB-0.05-0.95,0.0,GARC1,RUS,EMB,embB@G406C,R,{},"{""proportion"": 0.41935483870967744, ""confidence"": [0.26415543067312236, 0.5923373750463028], ""p_value"": 1.0720156445951163e-09, ""contingency"": [[13, 18], [226, 21192]]}",{}
57,NC00962.3,EMB-0.05-0.95,0.0,GARC1,RUS,EMB,embB@C361Y,R,{},"{""proportion"": 1.0, ""confidence"": [0.20654931437723742, 1.0], ""p_value"": 0.05, ""contingency"": [[1, 0], [226, 21192]]}",{}
62,NC00962.3,EMB-0.05-0.95,0.0,GARC1,RUS,EMB,embB@Y319C,R,{},"{""proportion"": 0.35135135135135137, ""confidence"": [0.2182560713392713, 0.5124097687744917], ""p_value"": 1.3943043781099276e-08, ""contingency"": [[13, 24], [226, 21192]]}",{}
89,NC00962.3,EMB-0.05-0.95,0.0,GARC1,RUS,EMB,embB@F330S,R,{},"{""proportion"": 0.6666666666666666, ""confidence"": [0.20765960080204768, 0.9385080552796037], ""p_value"": 0.007250000000000001, ""contingency"": [[2, 1], [226, 21192]]}",{}
98,NC00962.3,EMB-0.05-0.95,0.0,GARC1,RUS,EMB,embB@E405D,R,{},"{""proportion"": 0.375, ""confidence"": [0.13684428582359737, 0.6942576053973727], ""p_value"": 0.0057882179296875, ""contingency"": [[3, 5], [226, 21192]]}",{}
99,NC00962.3,EMB-0.05-0.95,0.0,GARC1,RUS,EMB,embB@Y319D,R,{},"{""proportion"": 0.4, ""confidence"": [0.11762077423264786, 0.769275718723987], ""p_value"": 0.022592499999999995, ""contingency"": [[2, 3], [226, 21192]]}",{}
132,NC00962.3,EMB-0.05-0.95,0.0,GARC1,RUS,EMB,embA@P714S,R,{},"{""proportion"": 1.0, ""confidence"": [0.20654931437723742, 1.0], ""p_value"": 0.05, ""contingency"": [[1, 0], [226, 21192]]}",{}
167,NC00962.3,EMB-0.05-0.95,0.0,GARC1,RUS,EMB,embB@S651N,R,{},"{""proportion"": 1.0, ""confidence"": [0.20654931437723742, 1.0], ""p_value"": 0.05, ""contingency"": [[1, 0], [226, 21192]]}",{}
171,NC00962.3,EMB-0.05-0.95,0.0,GARC1,RUS,EMB,embB@P404S,R,{},"{""proportion"": 0.5, ""confidence"": [0.15003898915214947, 0.8499610108478506], ""p_value"": 0.014018749999999998, ""contingency"": [[2, 2], [226, 21192]]}",{}
184,NC00962.3,EMB-0.05-0.95,0.0,GARC1,RUS,EMB,embA@F577Y,R,{},"{""proportion"": 1.0, ""confidence"": [0.20654931437723742, 1.0], ""p_value"": 0.05, ""contingency"": [[1, 0], [226, 21192]]}",{}
199,NC00962.3,EMB-0.05-0.95,0.0,GARC1,RUS,EMB,embB@S347T,R,{},"{""proportion"": 1.0, ""confidence"": [0.3423802275066531, 1.0], ""p_value"": 0.0025000000000000005, ""contingency"": [[2, 0], [226, 21192]]}",{}
210,NC00962.3,EMB-0.05-0.95,0.0,GARC1,RUS,EMB,embB@Q445R,R,{},"{""proportion"": 0.6666666666666666, ""confidence"": [0.20765960080204768, 0.9385080552796037], ""p_value"": 0.007250000000000001, ""contingency"": [[2, 1], [226, 21192]]}",{}
234,NC00962.3,EMB-0.05-0.95,0.0,GARC1,RUS,EMB,embB@L410P,R,{},"{""proportion"": 1.0, ""confidence"": [0.20654931437723742, 1.0], ""p_value"": 0.05, ""contingency"": [[1, 0], [226, 21192]]}",{}
329,NC00962.3,EMB-0.05-0.95,0.0,GARC1,RUS,EMB,embB@A454V,R,{},"{""proportion"": 1.0, ""confidence"": [0.20654931437723742, 1.0], ""p_value"": 0.05, ""contingency"": [[1, 0], [226, 21192]]}",{}
353,NC00962.3,EMB-0.05-0.95,0.0,GARC1,RUS,EMB,embB@D1056A,R,{},"{""proportion"": 1.0, ""confidence"": [0.20654931437723742, 1.0], ""p_value"": 0.05, ""contingency"": [[1, 0], [226, 21192]]}",{}
369,NC00962.3,EMB-0.05-0.95,0.0,GARC1,RUS,EMB,embA@-26_del_a,R,{},"{""proportion"": 1.0, ""confidence"": [0.20654931437723742, 1.0], ""p_value"": 0.05, ""contingency"": [[1, 0], [226, 21192]]}",{}
373,NC00962.3,EMB-0.05-0.95,0.0,GARC1,RUS,EMB,embB@E504D,R,{},"{""proportion"": 0.5, ""confidence"": [0.15003898915214947, 0.8499610108478506], ""p_value"": 0.014018749999999998, ""contingency"": [[2, 2], [226, 21192]]}",{}
380,NC00962.3,EMB-0.05-0.95,0.0,GARC1,RUS,EMB,embB@D328F,R,{},"{""proportion"": 1.0, ""confidence"": [0.3423802275066531, 1.0], ""p_value"": 0.0025000000000000005, ""contingency"": [[2, 0], [226, 21192]]}",{}
382,NC00962.3,EMB-0.05-0.95,0.0,GARC1,RUS,EMB,embA@-41_del_at,R,{},"{""proportion"": 1.0, ""confidence"": [0.20654931437723742, 1.0], ""p_value"": 0.05, ""contingency"": [[1, 0], [226, 21192]]}",{}
383,NC00962.3,EMB-0.05-0.95,0.0,GARC1,RUS,EMB,embB@T546I,R,{},"{""proportion"": 1.0, ""confidence"": [0.20654931437723742, 1.0], ""p_value"": 0.05, ""contingency"": [[1, 0], [226, 21192]]}",{}
598,NC00962.3,EMB-0.05-0.95,0.0,GARC1,RUS,EMB,embA@H265Y,R,{},"{""proportion"": 1.0, ""confidence"": [0.20654931437723742, 1.0], ""p_value"": 0.05, ""contingency"": [[1, 0], [226, 21192]]}",{}
602,NC00962.3,EMB-0.05-0.95,0.0,GARC1,RUS,EMB,embB@F330V,R,{},"{""proportion"": 1.0, ""confidence"": [0.20654931437723742, 1.0], ""p_value"": 0.05, ""contingency"": [[1, 0], [226, 21192]]}",{}
793,NC00962.3,EMB-0.05-0.95,0.0,GARC1,RUS,EMB,embA@G554D,R,{},"{""proportion"": 1.0, ""confidence"": [0.20654931437723742, 1.0], ""p_value"": 0.05, ""contingency"": [[1, 0], [226, 21192]]}",{}
838,NC00962.3,EMB-0.05-0.95,0.0,GARC1,RUS,EMB,embB@N1033K,R,{},"{""proportion"": 1.0, ""confidence"": [0.20654931437723742, 1.0], ""p_value"": 0.05, ""contingency"": [[1, 0], [226, 21192]]}",{}
898,NC00962.3,EMB-0.05-0.95,0.0,GARC1,RUS,EMB,embB@E924K,R,{},"{""proportion"": 1.0, ""confidence"": [0.20654931437723742, 1.0], ""p_value"": 0.05, ""contingency"": [[1, 0], [226, 21192]]}",{}
9,NC00962.3,EMB-0.05-0.95,0.0,GARC1,RUS,EMB,embA@D1067Y,U,{},"{""proportion"": 0.0, ""confidence"": [0.0, 0.7934506856227626], ""p_value"": 1.0, ""contingency"": [[0, 1], [226, 21192]]}",{}
10,NC00962.3,EMB-0.05-0.95,0.0,GARC1,RUS,EMB,embB@G374W,U,{},"{""proportion"": 0.0, ""confidence"": [0.0, 0.7934506856227626], ""p_value"": 1.0, ""contingency"": [[0, 1], [226, 21192]]}",{}
12,NC00962.3,EMB-0.05-0.95,0.0,GARC1,RUS,EMB,embA@L584F,U,{},"{""proportion"": 0.0, ""confidence"": [0.0, 0.7934506856227626], ""p_value"": 1.0, ""contingency"": [[0, 1], [226, 21192]]}",{}
14,NC00962.3,EMB-0.05-0.95,0.0,GARC1,RUS,EMB,embA@c-8t,U,{},"{""proportion"": 0.0, ""confidence"": [4.8683609171202235e-17, 0.5614970317550455], ""p_value"": 1.0, ""contingency"": [[0, 3], [226, 21192]]}",{}
16,NC00962.3,EMB-0.05-0.95,0.0,GARC1,RUS,EMB,embA@c-59a,U,{},"{""proportion"": 0.0, ""confidence"": [0.0, 0.2775327998628892], ""p_value"": 1.0, ""contingency"": [[0, 10], [226, 21192]]}",{}
20,NC00962.3,EMB-0.05-0.95,0.0,GARC1,RUS,EMB,embA@A320T,U,{},"{""proportion"": 0.0, ""confidence"": [0.0, 0.6576197724933469], ""p_value"": 1.0, ""contingency"": [[0, 2], [226, 21192]]}",{}
21,NC00962.3,EMB-0.05-0.95,0.0,GARC1,RUS,EMB,embA@T420M,U,{},"{""proportion"": 0.0, ""confidence"": [0.0, 0.7934506856227626], ""p_value"": 1.0, ""contingency"": [[0, 1], [226, 21192]]}",{}
22,NC00962.3,EMB-0.05-0.95,0.0,GARC1,RUS,EMB,embA@T604R,U,{},"{""proportion"": 0.0, ""confidence"": [0.0, 0.6576197724933469], ""p_value"": 1.0, ""contingency"": [[0, 2], [226, 21192]]}",{}
23,NC00962.3,EMB-0.05-0.95,0.0,GARC1,RUS,EMB,embA@V31I,U,{},"{""proportion"": 0.0, ""confidence"": [0.0, 0.7934506856227626], ""p_value"": 1.0, ""contingency"": [[0, 1], [226, 21192]]}",{}
24,NC00962.3,EMB-0.05-0.95,0.0,GARC1,RUS,EMB,embA@G547V,U,{},"{""proportion"": 0.0, ""confidence"": [0.0, 0.7934506856227626], ""p_value"": 1.0, ""contingency"": [[0, 1], [226, 21192]]}",{}
26,NC00962.3,EMB-0.05-0.95,0.0,GARC1,RUS,EMB,embB@A313V,U,{},"{""proportion"": 0.0, ""confidence"": [0.0, 0.2588329669680317], ""p_value"": 1.0, ""contingency"": [[0, 11], [226, 21192]]}",{}
28,NC00962.3,EMB-0.05-0.95,0.0,GARC1,RUS,EMB,embB@R947L,U,{},"{""proportion"": 0.0, ""confidence"": [0.0, 0.7934506856227626], ""p_value"": 1.0, ""contingency"": [[0, 1], [226, 21192]]}",{}
30,NC00962.3,EMB-0.05-0.95,0.0,GARC1,RUS,EMB,embB@P832S,U,{},"{""proportion"": 0.0, ""confidence"": [3.384324554477539e-17, 0.39033428790216534], ""p_value"": 1.0, ""contingency"": [[0, 6], [226, 21192]]}",{}
31,NC00962.3,EMB-0.05-0.95,0.0,GARC1,RUS,EMB,embB@T811A,U,{},"{""proportion"": 0.0, ""confidence"": [0.0, 0.32440756488388023], ""p_value"": 1.0, ""contingency"": [[0, 8], [226, 21192]]}",{}
36,NC00962.3,EMB-0.05-0.95,0.0,GARC1,RUS,EMB,embA@D1071E,U,{},"{""proportion"": 0.0, ""confidence"": [0.0, 0.7934506856227626], ""p_value"": 1.0, ""contingency"": [[0, 1], [226, 21192]]}",{}
37,NC00962.3,EMB-0.05-0.95,0.0,GARC1,RUS,EMB,embA@A813T,U,{},"{""proportion"": 0.0, ""confidence"": [0.0, 0.7934506856227626], ""p_value"": 1.0, ""contingency"": [[0, 1], [226, 21192]]}",{}
38,NC00962.3,EMB-0.05-0.95,0.0,GARC1,RUS,EMB,embA@G158D,U,{},"{""proportion"": 0.0, ""confidence"": [0.0, 0.2588329669680317], ""p_value"": 1.0, ""contingency"": [[0, 11], [226, 21192]]}",{}
39,NC00962.3,EMB-0.05-0.95,0.0,GARC1,RUS,EMB,embB@V186L,U,{},"{""proportion"": 0.0, ""confidence"": [0.0, 0.4898908364545973], ""p_value"": 1.0, ""contingency"": [[0, 4], [226, 21192]]}",{}
40,NC00962.3,EMB-0.05-0.95,0.0,GARC1,RUS,EMB,embA@K488N,U,{},"{""proportion"": 0.0, ""confidence"": [0.0, 0.4898908364545973], ""p_value"": 1.0, ""contingency"": [[0, 4], [226, 21192]]}",{}
44,NC00962.3,EMB-0.05-0.95,0.0,GARC1,RUS,EMB,embA@T608N,U,{},"{""proportion"": 0.07142857142857142, ""confidence"": [0.019812064115305745, 0.22645362568399052], ""p_value"": 0.6495182743605619, ""contingency"": [[2, 26], [226, 21192]]}",{}
47,NC00962.3,EMB-0.05-0.95,0.0,GARC1,RUS,EMB,embA@A576T,U,{},"{""proportion"": 0.0, ""confidence"": [4.8683609171202235e-17, 0.5614970317550455], ""p_value"": 1.0, ""contingency"": [[0, 3], [226, 21192]]}",{}
48,NC00962.3,EMB-0.05-0.95,0.0,GARC1,RUS,EMB,embB@N644I,U,{},"{""proportion"": 0.5, ""confidence"": [0.09453120573423071, 0.9054687942657693], ""p_value"": 0.09749999999999999, ""contingency"": [[1, 1], [226, 21192]]}",{}
49,NC00962.3,EMB-0.05-0.95,0.0,GARC1,RUS,EMB,embA@T899A,U,{},"{""proportion"": 0.0, ""confidence"": [4.8683609171202235e-17, 0.5614970317550455], ""p_value"": 1.0, ""contingency"": [[0, 3], [226, 21192]]}",{}
50,NC00962.3,EMB-0.05-0.95,0.0,GARC1,RUS,EMB,embA@Y296H,U,{},"{""proportion"": 0.0, ""confidence"": [0.0, 0.20388330103584862], ""p_value"": 1.0, ""contingency"": [[0, 15], [226, 21192]]}",{}
51,NC00962.3,EMB-0.05-0.95,0.0,GARC1,RUS,EMB,embA@T100S,U,{},"{""proportion"": 0.0, ""confidence"": [0.0, 0.6576197724933469], ""p_value"": 1.0, ""contingency"": [[0, 2], [226, 21192]]}",{}
52,NC00962.3,EMB-0.05-0.95,0.0,GARC1,RUS,EMB,embB@R1095!,U,{},"{""proportion"": 0.0, ""confidence"": [0.0, 0.7934506856227626], ""p_value"": 1.0, ""contingency"": [[0, 1], [226, 21192]]}",{}
53,NC00962.3,EMB-0.05-0.95,0.0,GARC1,RUS,EMB,embB@D300G,U,{},"{""proportion"": 0.0, ""confidence"": [0.0, 0.6576197724933469], ""p_value"": 1.0, ""contingency"": [[0, 2], [226, 21192]]}",{}
54,NC00962.3,EMB-0.05-0.95,0.0,GARC1,RUS,EMB,embA@I196V,U,{},"{""proportion"": 0.0, ""confidence"": [0.0, 0.7934506856227626], ""p_value"": 1.0, ""contingency"": [[0, 1], [226, 21192]]}",{}
55,NC00962.3,EMB-0.05-0.95,0.0,GARC1,RUS,EMB,embA@V391L,U,{},"{""proportion"": 0.0, ""confidence"": [0.0, 0.6576197724933469], ""p_value"": 1.0, ""contingency"": [[0, 2], [226, 21192]]}",{}
56,NC00962.3,EMB-0.05-0.95,0.0,GARC1,RUS,EMB,embB@Q497H,U,{},"{""proportion"": 0.25, ""confidence"": [0.045587260809700575, 0.6993581574175981], ""p_value"": 0.18549374999999999, ""contingency"": [[1, 3], [226, 21192]]}",{}
58,NC00962.3,EMB-0.05-0.95,0.0,GARC1,RUS,EMB,embB@S773P,U,{},"{""proportion"": 0.0, ""confidence"": [0.0, 0.10426999754245206], ""p_value"": 0.4112190406590289, ""contingency"": [[0, 33], [226, 21192]]}",{}
59,NC00962.3,EMB-0.05-0.95,0.0,GARC1,RUS,EMB,embB@L402V,U,{},"{""proportion"": 0.0, ""confidence"": [2.1025014877572554e-17, 0.24249400665524087], ""p_value"": 1.0, ""contingency"": [[0, 12], [226, 21192]]}",{}
60,NC00962.3,EMB-0.05-0.95,0.0,GARC1,RUS,EMB,embA@I905V,U,{},"{""proportion"": 0.2, ""confidence"": [0.03622410863243013, 0.6244653702374747], ""p_value"": 0.22621906249999996, ""contingency"": [[1, 4], [226, 21192]]}",{}
61,NC00962.3,EMB-0.05-0.95,0.0,GARC1,RUS,EMB,embA@V280I,U,{},"{""proportion"": 0.0, ""confidence"": [0.0, 0.7934506856227626], ""p_value"": 1.0, ""contingency"": [[0, 1], [226, 21192]]}",{}
63,NC00962.3,EMB-0.05-0.95,0.0,GARC1,RUS,EMB,embA@V63I,U,{},"{""proportion"": 0.0, ""confidence"": [0.0, 0.4898908364545973], ""p_value"": 1.0, ""contingency"": [[0, 4], [226, 21192]]}",{}
64,NC00962.3,EMB-0.05-0.95,0.0,GARC1,RUS,EMB,embA@R940S,U,{},"{""proportion"": 0.0, ""confidence"": [0.0, 0.7934506856227626], ""p_value"": 1.0, ""contingency"": [[0, 1], [226, 21192]]}",{}
65,NC00962.3,EMB-0.05-0.95,0.0,GARC1,RUS,EMB,embA@g-76a,U,{},"{""proportion"": 0.0, ""confidence"": [0.0, 0.6576197724933469], ""p_value"": 1.0, ""contingency"": [[0, 2], [226, 21192]]}",{}
66,NC00962.3,EMB-0.05-0.95,0.0,GARC1,RUS,EMB,embA@G547S,U,{},"{""proportion"": 0.0, ""confidence"": [0.0, 0.4898908364545973], ""p_value"": 1.0, ""contingency"": [[0, 4], [226, 21192]]}",{}
67,NC00962.3,EMB-0.05-0.95,0.0,GARC1,RUS,EMB,embA@A408S,U,{},"{""proportion"": 0.0, ""confidence"": [0.0, 0.32440756488388023], ""p_value"": 1.0, ""contingency"": [[0, 8], [226, 21192]]}",{}
68,NC00962.3,EMB-0.05-0.95,0.0,GARC1,RUS,EMB,embB@T208I,U,{},"{""proportion"": 0.0, ""confidence"": [0.0, 0.6576197724933469], ""p_value"": 1.0, ""contingency"": [[0, 2], [226, 21192]]}",{}
69,NC00962.3,EMB-0.05-0.95,0.0,GARC1,RUS,EMB,embB@M423I,U,{},"{""proportion"": 0.0, ""confidence"": [4.8683609171202235e-17, 0.5614970317550455], ""p_value"": 1.0, ""contingency"": [[0, 3], [226, 21192]]}",{}
70,NC00962.3,EMB-0.05-0.95,0.0,GARC1,RUS,EMB,embB@D869G,U,{},"{""proportion"": 0.0, ""confidence"": [0.0, 0.43448246478317476], ""p_value"": 1.0, ""contingency"": [[0, 5], [226, 21192]]}",{}
71,NC00962.3,EMB-0.05-0.95,0.0,GARC1,RUS,EMB,embB@S203L,U,{},"{""proportion"": 0.0, ""confidence"": [0.0, 0.09641862859446367], ""p_value"": 0.26145801574707406, ""contingency"": [[0, 36], [226, 21192]]}",{}
72,NC00962.3,EMB-0.05-0.95,0.0,GARC1,RUS,EMB,embB@E378A,U,{},"{""proportion"": 0.0, ""confidence"": [0.0, 0.2588329669680317], ""p_value"": 1.0, ""contingency"": [[0, 11], [226, 21192]]}",{}
73,NC00962.3,EMB-0.05-0.95,0.0,GARC1,RUS,EMB,embA@P946Q,U,{},"{""proportion"": 0.0, ""confidence"": [0.0, 0.7934506856227626], ""p_value"": 1.0, ""contingency"": [[0, 1], [226, 21192]]}",{}
74,NC00962.3,EMB-0.05-0.95,0.0,GARC1,RUS,EMB,embB@T11P,U,{},"{""proportion"": 0.1, ""confidence"": [0.01787621309507289, 0.4041500267952385], ""p_value"": 0.401263060761621, ""contingency"": [[1, 9], [226, 21192]]}",{}
75,NC00962.3,EMB-0.05-0.95,0.0,GARC1,RUS,EMB,embA@A409P,U,{},"{""proportion"": 0.0, ""confidence"": [3.584186086443356e-17, 0.3543304350666874], ""p_value"": 1.0, ""contingency"": [[0, 7], [226, 21192]]}",{}
76,NC00962.3,EMB-0.05-0.95,0.0,GARC1,RUS,EMB,embB@A761V,U,{},"{""proportion"": 0.0, ""confidence"": [0.0, 0.6576197724933469], ""p_value"": 1.0, ""contingency"": [[0, 2], [226, 21192]]}",{}
77,NC00962.3,EMB-0.05-0.95,0.0,GARC1,RUS,EMB,embB@I883V,U,{},"{""proportion"": 0.0, ""confidence"": [0.0, 0.7934506856227626], ""p_value"": 1.0, ""contingency"": [[0, 1], [226, 21192]]}",{}
78,NC00962.3,EMB-0.05-0.95,0.0,GARC1,RUS,EMB,embA@L562M,U,{},"{""proportion"": 0.0, ""confidence"": [0.0, 0.7934506856227626], ""p_value"": 1.0, ""contingency"": [[0, 1], [226, 21192]]}",{}
79,NC00962.3,EMB-0.05-0.95,0.0,GARC1,RUS,EMB,embB@A379T,U,{},"{""proportion"": 0.0, ""confidence"": [4.8683609171202235e-17, 0.5614970317550455], ""p_value"": 1.0, ""contingency"": [[0, 3], [226, 21192]]}",{}
80,NC00962.3,EMB-0.05-0.95,0.0,GARC1,RUS,EMB,embA@T983N,U,{},"{""proportion"": 0.0, ""confidence"": [0.0, 0.7934506856227626], ""p_value"": 1.0, ""contingency"": [[0, 1], [226, 21192]]}",{}
81,NC00962.3,EMB-0.05-0.95,0.0,GARC1,RUS,EMB,embA@E951D,U,{},"{""proportion"": 0.01, ""confidence"": [0.0017674320641406526, 0.054486196178705315], ""p_value"": 0.06526950349077114, ""contingency"": [[1, 99], [226, 21192]]}",{}
82,NC00962.3,EMB-0.05-0.95,0.0,GARC1,RUS,EMB,embA@A835E,U,{},"{""proportion"": 0.0, ""confidence"": [0.0, 0.6576197724933469], ""p_value"": 1.0, ""contingency"": [[0, 2], [226, 21192]]}",{}
83,NC00962.3,EMB-0.05-0.95,0.0,GARC1,RUS,EMB,embB@R257Q,U,{},"{""proportion"": 0.0, ""confidence"": [0.0, 0.7934506856227626], ""p_value"": 1.0, ""contingency"": [[0, 1], [226, 21192]]}",{}
84,NC00962.3,EMB-0.05-0.95,0.0,GARC1,RUS,EMB,embA@G844V,U,{},"{""proportion"": 0.0, ""confidence"": [0.0, 0.7934506856227626], ""p_value"": 1.0, ""contingency"": [[0, 1], [226, 21192]]}",{}
85,NC00962.3,EMB-0.05-0.95,0.0,GARC1,RUS,EMB,embB@M904I,U,{},"{""proportion"": 0.0, ""confidence"": [0.0, 0.6576197724933469], ""p_value"": 1.0, ""contingency"": [[0, 2], [226, 21192]]}",{}
86,NC00962.3,EMB-0.05-0.95,0.0,GARC1,RUS,EMB,embA@G154R,U,{},"{""proportion"": 0.0, ""confidence"": [0.0, 0.7934506856227626], ""p_value"": 1.0, ""contingency"": [[0, 1], [226, 21192]]}",{}
87,NC00962.3,EMB-0.05-0.95,0.0,GARC1,RUS,EMB,embB@A439V,U,{},"{""proportion"": 0.0, ""confidence"": [0.0, 0.6576197724933469], ""p_value"": 1.0, ""contingency"": [[0, 2], [226, 21192]]}",{}
88,NC00962.3,EMB-0.05-0.95,0.0,GARC1,RUS,EMB,embA@c-11a,U,{},"{""proportion"": 0.17647058823529413, ""confidence"": [0.06191126637620998, 0.4102945856883412], ""p_value"": 0.05025297817250557, ""contingency"": [[3, 14], [226, 21192]]}",{}
90,NC00962.3,EMB-0.05-0.95,0.0,GARC1,RUS,EMB,embB@M1000R,U,{},"{""proportion"": 0.3333333333333333, ""confidence"": [0.061491944720396215, 0.7923403991979523], ""p_value"": 0.14262499999999997, ""contingency"": [[1, 2], [226, 21192]]}",{}
91,NC00962.3,EMB-0.05-0.95,0.0,GARC1,RUS,EMB,embA@A985P,U,{},"{""proportion"": 0.0, ""confidence"": [4.8683609171202235e-17, 0.5614970317550455], ""p_value"": 1.0, ""contingency"": [[0, 3], [226, 21192]]}",{}
92,NC00962.3,EMB-0.05-0.95,0.0,GARC1,RUS,EMB,embB@A30T,U,{},"{""proportion"": 0.0, ""confidence"": [4.8683609171202235e-17, 0.5614970317550455], ""p_value"": 1.0, ""contingency"": [[0, 3], [226, 21192]]}",{}
93,NC00962.3,EMB-0.05-0.95,0.0,GARC1,RUS,EMB,embA@D176E,U,{},"{""proportion"": 0.03571428571428571, ""confidence"": [0.006332519849037753, 0.1771219774335332], ""p_value"": 1.0, ""contingency"": [[1, 27], [226, 21192]]}",{}
94,NC00962.3,EMB-0.05-0.95,0.0,GARC1,RUS,EMB,embB@I563L,U,{},"{""proportion"": 0.07142857142857142, ""confidence"": [0.012722215247890944, 0.31468704424151117], ""p_value"": 0.5123250208844701, ""contingency"": [[1, 13], [226, 21192]]}",{}
95,NC00962.3,EMB-0.05-0.95,0.0,GARC1,RUS,EMB,embB@A679T,U,{},"{""proportion"": 0.0, ""confidence"": [3.384324554477539e-17, 0.39033428790216534], ""p_value"": 1.0, ""contingency"": [[0, 6], [226, 21192]]}",{}
96,NC00962.3,EMB-0.05-0.95,0.0,GARC1,RUS,EMB,embB@A457T,U,{},"{""proportion"": 0.0, ""confidence"": [0.0, 0.7934506856227626], ""p_value"": 1.0, ""contingency"": [[0, 1], [226, 21192]]}",{}
97,NC00962.3,EMB-0.05-0.95,0.0,GARC1,RUS,EMB,embA@P745L,U,{},"{""proportion"": 0.0, ""confidence"": [0.0, 0.7934506856227626], ""p_value"": 1.0, ""contingency"": [[0, 1], [226, 21192]]}",{}
100,NC00962.3,EMB-0.05-0.95,0.0,GARC1,RUS,EMB,embA@L653P,U,{},"{""proportion"": 0.0, ""confidence"": [0.0, 0.7934506856227626], ""p_value"": 1.0, ""contingency"": [[0, 1], [226, 21192]]}",{}
101,NC00962.3,EMB-0.05-0.95,0.0,GARC1,RUS,EMB,embB@G246R,U,{},"{""proportion"": 0.058823529411764705, ""confidence"": [0.016282655210122742, 0.19093606904281], ""p_value"": 0.6871559525995197, ""contingency"": [[2, 32], [226, 21192]]}",{}
102,NC00962.3,EMB-0.05-0.95,0.0,GARC1,RUS,EMB,embB@H687Y,U,{},"{""proportion"": 0.0, ""confidence"": [0.0, 0.6576197724933469], ""p_value"": 1.0, ""contingency"": [[0, 2], [226, 21192]]}",{}
103,NC00962.3,EMB-0.05-0.95,0.0,GARC1,RUS,EMB,embB@S412L,U,{},"{""proportion"": 0.0, ""confidence"": [0.0, 0.7934506856227626], ""p_value"": 1.0, ""contingency"": [[0, 1], [226, 21192]]}",{}
104,NC00962.3,EMB-0.05-0.95,0.0,GARC1,RUS,EMB,embA@K1012M,U,{},"{""proportion"": 0.0, ""confidence"": [0.0, 0.7934506856227626], ""p_value"": 1.0, ""contingency"": [[0, 1], [226, 21192]]}",{}
105,NC00962.3,EMB-0.05-0.95,0.0,GARC1,RUS,EMB,embB@V963M,U,{},"{""proportion"": 0.0, ""confidence"": [0.0, 0.7934506856227626], ""p_value"": 1.0, ""contingency"": [[0, 1], [226, 21192]]}",{}
106,NC00962.3,EMB-0.05-0.95,0.0,GARC1,RUS,EMB,embA@R11W,U,{},"{""proportion"": 0.0, ""confidence"": [0.0, 0.7934506856227626], ""p_value"": 1.0, ""contingency"": [[0, 1], [226, 21192]]}",{}
107,NC00962.3,EMB-0.05-0.95,0.0,GARC1,RUS,EMB,embA@g-75c,U,{},"{""proportion"": 0.0, ""confidence"": [4.8683609171202235e-17, 0.5614970317550455], ""p_value"": 1.0, ""contingency"": [[0, 3], [226, 21192]]}",{}
108,NC00962.3,EMB-0.05-0.95,0.0,GARC1,RUS,EMB,embA@A84S,U,{},"{""proportion"": 0.0, ""confidence"": [2.1025014877572554e-17, 0.24249400665524087], ""p_value"": 1.0, ""contingency"": [[0, 12], [226, 21192]]}",{}
109,NC00962.3,EMB-0.05-0.95,0.0,GARC1,RUS,EMB,embB@A720V,U,{},"{""proportion"": 0.0, ""confidence"": [0.0, 0.7934506856227626], ""p_value"": 1.0, ""contingency"": [[0, 1], [226, 21192]]}",{}
110,NC00962.3,EMB-0.05-0.95,0.0,GARC1,RUS,EMB,embA@G1083D,U,{},"{""proportion"": 0.0, ""confidence"": [0.0, 0.7934506856227626], ""p_value"": 1.0, ""contingency"": [[0, 1], [226, 21192]]}",{}
111,NC00962.3,EMB-0.05-0.95,0.0,GARC1,RUS,EMB,embA@A974T,U,{},"{""proportion"": 0.0, ""confidence"": [0.0, 0.7934506856227626], ""p_value"": 1.0, ""contingency"": [[0, 1], [226, 21192]]}",{}
112,NC00962.3,EMB-0.05-0.95,0.0,GARC1,RUS,EMB,embB@Q497E,U,{},"{""proportion"": 0.0, ""confidence"": [0.0, 0.7934506856227626], ""p_value"": 1.0, ""contingency"": [[0, 1], [226, 21192]]}",{}
113,NC00962.3,EMB-0.05-0.95,0.0,GARC1,RUS,EMB,embA@A483T,U,{},"{""proportion"": 0.0, ""confidence"": [0.0, 0.6576197724933469], ""p_value"": 1.0, ""contingency"": [[0, 2], [226, 21192]]}",{}
114,NC00962.3,EMB-0.05-0.95,0.0,GARC1,RUS,EMB,embB@K107E,U,{},"{""proportion"": 0.0, ""confidence"": [0.0, 0.7934506856227626], ""p_value"": 1.0, ""contingency"": [[0, 1], [226, 21192]]}",{}
115,NC00962.3,EMB-0.05-0.95,0.0,GARC1,RUS,EMB,embB@1836_ins_ttggta,U,{},"{""proportion"": 0.0, ""confidence"": [0.0, 0.7934506856227626], ""p_value"": 1.0, ""contingency"": [[0, 1], [226, 21192]]}",{}
116,NC00962.3,EMB-0.05-0.95,0.0,GARC1,RUS,EMB,embB@H872Y,U,{},"{""proportion"": 0.0, ""confidence"": [0.0, 0.7934506856227626], ""p_value"": 1.0, ""contingency"": [[0, 1], [226, 21192]]}",{}
117,NC00962.3,EMB-0.05-0.95,0.0,GARC1,RUS,EMB,embA@S654L,U,{},"{""proportion"": 0.0, ""confidence"": [0.0, 0.7934506856227626], ""p_value"": 1.0, ""contingency"": [[0, 1], [226, 21192]]}",{}
118,NC00962.3,EMB-0.05-0.95,0.0,GARC1,RUS,EMB,embA@D235N,U,{},"{""proportion"": 0.0, ""confidence"": [0.0, 0.6576197724933469], ""p_value"": 1.0, ""contingency"": [[0, 2], [226, 21192]]}",{}
119,NC00962.3,EMB-0.05-0.95,0.0,GARC1,RUS,EMB,embB@A225E,U,{},"{""proportion"": 0.0, ""confidence"": [0.0, 0.7934506856227626], ""p_value"": 1.0, ""contingency"": [[0, 1], [226, 21192]]}",{}
120,NC00962.3,EMB-0.05-0.95,0.0,GARC1,RUS,EMB,embA@A150T,U,{},"{""proportion"": 0.0, ""confidence"": [0.0, 0.7934506856227626], ""p_value"": 1.0, ""contingency"": [[0, 1], [226, 21192]]}",{}
121,NC00962.3,EMB-0.05-0.95,0.0,GARC1,RUS,EMB,embA@Q47H,U,{},"{""proportion"": 0.0, ""confidence"": [0.0, 0.6576197724933469], ""p_value"": 1.0, ""contingency"": [[0, 2], [226, 21192]]}",{}
122,NC00962.3,EMB-0.05-0.95,0.0,GARC1,RUS,EMB,embA@G275S,U,{},"{""proportion"": 0.0, ""confidence"": [0.0, 0.7934506856227626], ""p_value"": 1.0, ""contingency"": [[0, 1], [226, 21192]]}",{}
123,NC00962.3,EMB-0.05-0.95,0.0,GARC1,RUS,EMB,embB@A495T,U,{},"{""proportion"": 0.0, ""confidence"": [0.0, 0.7934506856227626], ""p_value"": 1.0, ""contingency"": [[0, 1], [226, 21192]]}",{}
124,NC00962.3,EMB-0.05-0.95,0.0,GARC1,RUS,EMB,embA@A95T,U,{},"{""proportion"": 0.0, ""confidence"": [0.0, 0.7934506856227626], ""p_value"": 1.0, ""contingency"": [[0, 1], [226, 21192]]}",{}
125,NC00962.3,EMB-0.05-0.95,0.0,GARC1,RUS,EMB,embB@G187W,U,{},"{""proportion"": 0.0, ""confidence"": [0.0, 0.7934506856227626], ""p_value"": 1.0, ""contingency"": [[0, 1], [226, 21192]]}",{}
126,NC00962.3,EMB-0.05-0.95,0.0,GARC1,RUS,EMB,embA@A686S,U,{},"{""proportion"": 0.0, ""confidence"": [0.0, 0.7934506856227626], ""p_value"": 1.0, ""contingency"": [[0, 1], [226, 21192]]}",{}
127,NC00962.3,EMB-0.05-0.95,0.0,GARC1,RUS,EMB,embB@K765N,U,{},"{""proportion"": 0.0, ""confidence"": [0.0, 0.7934506856227626], ""p_value"": 1.0, ""contingency"": [[0, 1], [226, 21192]]}",{}
128,NC00962.3,EMB-0.05-0.95,0.0,GARC1,RUS,EMB,embB@V116I,U,{},"{""proportion"": 0.0, ""confidence"": [0.0, 0.7934506856227626], ""p_value"": 1.0, ""contingency"": [[0, 1], [226, 21192]]}",{}
129,NC00962.3,EMB-0.05-0.95,0.0,GARC1,RUS,EMB,embA@A874T,U,{},"{""proportion"": 0.0, ""confidence"": [0.0, 0.7934506856227626], ""p_value"": 1.0, ""contingency"": [[0, 1], [226, 21192]]}",{}
130,NC00962.3,EMB-0.05-0.95,0.0,GARC1,RUS,EMB,embA@V607M,U,{},"{""proportion"": 0.0, ""confidence"": [0.0, 0.4898908364545973], ""p_value"": 1.0, ""contingency"": [[0, 4], [226, 21192]]}",{}
131,NC00962.3,EMB-0.05-0.95,0.0,GARC1,RUS,EMB,embB@V444M,U,{},"{""proportion"": 0.0, ""confidence"": [0.0, 0.7934506856227626], ""p_value"": 1.0, ""contingency"": [[0, 1], [226, 21192]]}",{}
133,NC00962.3,EMB-0.05-0.95,0.0,GARC1,RUS,EMB,embA@D902E,U,{},"{""proportion"": 0.0, ""confidence"": [0.0, 0.7934506856227626], ""p_value"": 1.0, ""contingency"": [[0, 1], [226, 21192]]}",{}
134,NC00962.3,EMB-0.05-0.95,0.0,GARC1,RUS,EMB,embB@V123A,U,{},"{""proportion"": 0.0, ""confidence"": [0.0, 0.7934506856227626], ""p_value"": 1.0, ""contingency"": [[0, 1], [226, 21192]]}",{}
135,NC00962.3,EMB-0.05-0.95,0.0,GARC1,RUS,EMB,embB@M660R,U,{},"{""proportion"": 0.0, ""confidence"": [0.0, 0.7934506856227626], ""p_value"": 1.0, ""contingency"": [[0, 1], [226, 21192]]}",{}
136,NC00962.3,EMB-0.05-0.95,0.0,GARC1,RUS,EMB,embA@G909R,U,{},"{""proportion"": 0.0, ""confidence"": [4.8683609171202235e-17, 0.5614970317550455], ""p_value"": 1.0, ""contingency"": [[0, 3], [226, 21192]]}",{}
137,NC00962.3,EMB-0.05-0.95,0.0,GARC1,RUS,EMB,embA@R380L,U,{},"{""proportion"": 0.0, ""confidence"": [0.0, 0.6576197724933469], ""p_value"": 1.0, ""contingency"": [[0, 2], [226, 21192]]}",{}
138,NC00962.3,EMB-0.05-0.95,0.0,GARC1,RUS,EMB,embB@G65S,U,{},"{""proportion"": 0.0, ""confidence"": [4.8683609171202235e-17, 0.5614970317550455], ""p_value"": 1.0, ""contingency"": [[0, 3], [226, 21192]]}",{}
139,NC00962.3,EMB-0.05-0.95,0.0,GARC1,RUS,EMB,embB@P866S,U,{},"{""proportion"": 0.0, ""confidence"": [0.0, 0.7934506856227626], ""p_value"": 1.0, ""contingency"": [[0, 1], [226, 21192]]}",{}
140,NC00962.3,EMB-0.05-0.95,0.0,GARC1,RUS,EMB,embA@S309A,U,{},"{""proportion"": 0.0, ""confidence"": [0.0, 0.7934506856227626], ""p_value"": 1.0, ""contingency"": [[0, 1], [226, 21192]]}",{}
141,NC00962.3,EMB-0.05-0.95,0.0,GARC1,RUS,EMB,embB@T126N,U,{},"{""proportion"": 0.0, ""confidence"": [0.0, 0.7934506856227626], ""p_value"": 1.0, ""contingency"": [[0, 1], [226, 21192]]}",{}
142,NC00962.3,EMB-0.05-0.95,0.0,GARC1,RUS,EMB,embB@P824L,U,{},"{""proportion"": 0.0, ""confidence"": [0.0, 0.6576197724933469], ""p_value"": 1.0, ""contingency"": [[0, 2], [226, 21192]]}",{}
143,NC00962.3,EMB-0.05-0.95,0.0,GARC1,RUS,EMB,embA@V1074A,U,{},"{""proportion"": 0.0, ""confidence"": [0.0, 0.7934506856227626], ""p_value"": 1.0, ""contingency"": [[0, 1], [226, 21192]]}",{}
144,NC00962.3,EMB-0.05-0.95,0.0,GARC1,RUS,EMB,embB@G374E,U,{},"{""proportion"": 0.0, ""confidence"": [0.0, 0.7934506856227626], ""p_value"": 1.0, ""contingency"": [[0, 1], [226, 21192]]}",{}
145,NC00962.3,EMB-0.05-0.95,0.0,GARC1,RUS,EMB,embA@K816N,U,{},"{""proportion"": 0.0, ""confidence"": [0.0, 0.6576197724933469], ""p_value"": 1.0, ""contingency"": [[0, 2], [226, 21192]]}",{}
146,NC00962.3,EMB-0.05-0.95,0.0,GARC1,RUS,EMB,embB@A33P,U,{},"{""proportion"": 0.0, ""confidence"": [0.0, 0.7934506856227626], ""p_value"": 1.0, ""contingency"": [[0, 1], [226, 21192]]}",{}
147,NC00962.3,EMB-0.05-0.95,0.0,GARC1,RUS,EMB,embA@Y289C,U,{},"{""proportion"": 0.0, ""confidence"": [0.0, 0.7934506856227626], ""p_value"": 1.0, ""contingency"": [[0, 1], [226, 21192]]}",{}
148,NC00962.3,EMB-0.05-0.95,0.0,GARC1,RUS,EMB,embB@T216A,U,{},"{""proportion"": 0.0, ""confidence"": [0.0, 0.6576197724933469], ""p_value"": 1.0, ""contingency"": [[0, 2], [226, 21192]]}",{}
149,NC00962.3,EMB-0.05-0.95,0.0,GARC1,RUS,EMB,embA@R325C,U,{},"{""proportion"": 0.0, ""confidence"": [0.0, 0.7934506856227626], ""p_value"": 1.0, ""contingency"": [[0, 1], [226, 21192]]}",{}
150,NC00962.3,EMB-0.05-0.95,0.0,GARC1,RUS,EMB,embA@P1094T,U,{},"{""proportion"": 0.0, ""confidence"": [0.0, 0.7934506856227626], ""p_value"": 1.0, ""contingency"": [[0, 1], [226, 21192]]}",{}
151,NC00962.3,EMB-0.05-0.95,0.0,GARC1,RUS,EMB,embB@M586V,U,{},"{""proportion"": 0.0, ""confidence"": [0.0, 0.7934506856227626], ""p_value"": 1.0, ""contingency"": [[0, 1], [226, 21192]]}",{}
152,NC00962.3,EMB-0.05-0.95,0.0,GARC1,RUS,EMB,embB@P983T,U,{},"{""proportion"": 0.0, ""confidence"": [0.0, 0.7934506856227626], ""p_value"": 1.0, ""contingency"": [[0, 1], [226, 21192]]}",{}
153,NC00962.3,EMB-0.05-0.95,0.0,GARC1,RUS,EMB,embA@A148E,U,{},"{""proportion"": 0.0, ""confidence"": [0.0, 0.7934506856227626], ""p_value"": 1.0, ""contingency"": [[0, 1], [226, 21192]]}",{}
154,NC00962.3,EMB-0.05-0.95,0.0,GARC1,RUS,EMB,embA@-41_del_a,U,{},"{""proportion"": 0.0, ""confidence"": [0.0, 0.7934506856227626], ""p_value"": 1.0, ""contingency"": [[0, 1], [226, 21192]]}",{}
155,NC00962.3,EMB-0.05-0.95,0.0,GARC1,RUS,EMB,embB@D870N,U,{},"{""proportion"": 0.0, ""confidence"": [4.8683609171202235e-17, 0.5614970317550455], ""p_value"": 1.0, ""contingency"": [[0, 3], [226, 21192]]}",{}
156,NC00962.3,EMB-0.05-0.95,0.0,GARC1,RUS,EMB,embB@A601P,U,{},"{""proportion"": 0.0, ""confidence"": [0.0, 0.7934506856227626], ""p_value"": 1.0, ""contingency"": [[0, 1], [226, 21192]]}",{}
157,NC00962.3,EMB-0.05-0.95,0.0,GARC1,RUS,EMB,embB@Q3H,U,{},"{""proportion"": 0.0, ""confidence"": [0.0, 0.7934506856227626], ""p_value"": 1.0, ""contingency"": [[0, 1], [226, 21192]]}",{}
158,NC00962.3,EMB-0.05-0.95,0.0,GARC1,RUS,EMB,embB@W332R,U,{},"{""proportion"": 0.3333333333333333, ""confidence"": [0.061491944720396215, 0.7923403991979523], ""p_value"": 0.14262499999999997, ""contingency"": [[1, 2], [226, 21192]]}",{}
159,NC00962.3,EMB-0.05-0.95,0.0,GARC1,RUS,EMB,embB@T849A,U,{},"{""proportion"": 0.0, ""confidence"": [0.0, 0.4898908364545973], ""p_value"": 1.0, ""contingency"": [[0, 4], [226, 21192]]}",{}
160,NC00962.3,EMB-0.05-0.95,0.0,GARC1,RUS,EMB,embA@I155V,U,{},"{""proportion"": 0.0, ""confidence"": [3.584186086443356e-17, 0.3543304350666874], ""p_value"": 1.0, ""contingency"": [[0, 7], [226, 21192]]}",{}
161,NC00962.3,EMB-0.05-0.95,0.0,GARC1,RUS,EMB,embB@A388S,U,{},"{""proportion"": 0.0, ""confidence"": [0.0, 0.7934506856227626], ""p_value"": 1.0, ""contingency"": [[0, 1], [226, 21192]]}",{}
162,NC00962.3,EMB-0.05-0.95,0.0,GARC1,RUS,EMB,embB@G769A,U,{},"{""proportion"": 0.0, ""confidence"": [0.0, 0.7934506856227626], ""p_value"": 1.0, ""contingency"": [[0, 1], [226, 21192]]}",{}
163,NC00962.3,EMB-0.05-0.95,0.0,GARC1,RUS,EMB,embB@R182L,U,{},"{""proportion"": 0.0, ""confidence"": [0.0, 0.7934506856227626], ""p_value"": 1.0, ""contingency"": [[0, 1], [226, 21192]]}",{}
164,NC00962.3,EMB-0.05-0.95,0.0,GARC1,RUS,EMB,embB@R14Q,U,{},"{""proportion"": 0.16666666666666666, ""confidence"": [0.030053369748306632, 0.5635028221864702], ""p_value"": 0.264908109375, ""contingency"": [[1, 5], [226, 21192]]}",{}
165,NC00962.3,EMB-0.05-0.95,0.0,GARC1,RUS,EMB,embB@C361S,U,{},"{""proportion"": 0.02857142857142857, ""confidence"": [0.0050614918554442, 0.14533087233613676], ""p_value"": 1.0, ""contingency"": [[1, 34], [226, 21192]]}",{}
166,NC00962.3,EMB-0.05-0.95,0.0,GARC1,RUS,EMB,embB@S22P,U,{},"{""proportion"": 0.0, ""confidence"": [0.0, 0.7934506856227626], ""p_value"": 1.0, ""contingency"": [[0, 1], [226, 21192]]}",{}
168,NC00962.3,EMB-0.05-0.95,0.0,GARC1,RUS,EMB,embB@R741W,U,{},"{""proportion"": 0.0, ""confidence"": [0.0, 0.7934506856227626], ""p_value"": 1.0, ""contingency"": [[0, 1], [226, 21192]]}",{}
169,NC00962.3,EMB-0.05-0.95,0.0,GARC1,RUS,EMB,embA@E7K,U,{},"{""proportion"": 0.0, ""confidence"": [0.0, 0.43448246478317476], ""p_value"": 1.0, ""contingency"": [[0, 5], [226, 21192]]}",{}
170,NC00962.3,EMB-0.05-0.95,0.0,GARC1,RUS,EMB,embB@A102S,U,{},"{""proportion"": 0.0, ""confidence"": [0.0, 0.7934506856227626], ""p_value"": 1.0, ""contingency"": [[0, 1], [226, 21192]]}",{}
172,NC00962.3,EMB-0.05-0.95,0.0,GARC1,RUS,EMB,embB@P818L,U,{},"{""proportion"": 0.0, ""confidence"": [0.0, 0.7934506856227626], ""p_value"": 1.0, ""contingency"": [[0, 1], [226, 21192]]}",{}
173,NC00962.3,EMB-0.05-0.95,0.0,GARC1,RUS,EMB,embB@V618M,U,{},"{""proportion"": 0.07692307692307693, ""confidence"": [0.013710421242556585, 0.3331395092109959], ""p_value"": 0.48665791672049485, ""contingency"": [[1, 12], [226, 21192]]}",{}
174,NC00962.3,EMB-0.05-0.95,0.0,GARC1,RUS,EMB,embB@F398L,U,{},"{""proportion"": 0.0, ""confidence"": [0.0, 0.7934506856227626], ""p_value"": 1.0, ""contingency"": [[0, 1], [226, 21192]]}",{}
175,NC00962.3,EMB-0.05-0.95,0.0,GARC1,RUS,EMB,embB@P103T,U,{},"{""proportion"": 0.0, ""confidence"": [0.0, 0.32440756488388023], ""p_value"": 1.0, ""contingency"": [[0, 8], [226, 21192]]}",{}
176,NC00962.3,EMB-0.05-0.95,0.0,GARC1,RUS,EMB,embB@A5G,U,{},"{""proportion"": 0.06666666666666667, ""confidence"": [0.011866895493268559, 0.29816529873780023], ""p_value"": 0.5367087698402466, ""contingency"": [[1, 14], [226, 21192]]}",{}
177,NC00962.3,EMB-0.05-0.95,0.0,GARC1,RUS,EMB,embB@V417A,U,{},"{""proportion"": 0.0, ""confidence"": [0.0, 0.4898908364545973], ""p_value"": 1.0, ""contingency"": [[0, 4], [226, 21192]]}",{}
178,NC00962.3,EMB-0.05-0.95,0.0,GARC1,RUS,EMB,embB@E138K,U,{},"{""proportion"": 0.0, ""confidence"": [0.0, 0.7934506856227626], ""p_value"": 1.0, ""contingency"": [[0, 1], [226, 21192]]}",{}
179,NC00962.3,EMB-0.05-0.95,0.0,GARC1,RUS,EMB,embB@D328G,U,{},"{""proportion"": 0.0, ""confidence"": [0.0, 0.6576197724933469], ""p_value"": 1.0, ""contingency"": [[0, 2], [226, 21192]]}",{}
180,NC00962.3,EMB-0.05-0.95,0.0,GARC1,RUS,EMB,embA@S77P,U,{},"{""proportion"": 0.0, ""confidence"": [4.8683609171202235e-17, 0.5614970317550455], ""p_value"": 1.0, ""contingency"": [[0, 3], [226, 21192]]}",{}
181,NC00962.3,EMB-0.05-0.95,0.0,GARC1,RUS,EMB,embB@M396I,U,{},"{""proportion"": 0.0, ""confidence"": [0.0, 0.7934506856227626], ""p_value"": 1.0, ""contingency"": [[0, 1], [226, 21192]]}",{}
182,NC00962.3,EMB-0.05-0.95,0.0,GARC1,RUS,EMB,embB@V131M,U,{},"{""proportion"": 0.0, ""confidence"": [0.0, 0.43448246478317476], ""p_value"": 1.0, ""contingency"": [[0, 5], [226, 21192]]}",{}
183,NC00962.3,EMB-0.05-0.95,0.0,GARC1,RUS,EMB,embB@I489T,U,{},"{""proportion"": 0.0, ""confidence"": [0.0, 0.7934506856227626], ""p_value"": 1.0, ""contingency"": [[0, 1], [226, 21192]]}",{}
185,NC00962.3,EMB-0.05-0.95,0.0,GARC1,RUS,EMB,embA@A921E,U,{},"{""proportion"": 0.0, ""confidence"": [0.0, 0.7934506856227626], ""p_value"": 1.0, ""contingency"": [[0, 1], [226, 21192]]}",{}
186,NC00962.3,EMB-0.05-0.95,0.0,GARC1,RUS,EMB,embB@A1083E,U,{},"{""proportion"": 0.0, ""confidence"": [0.0, 0.7934506856227626], ""p_value"": 1.0, ""contingency"": [[0, 1], [226, 21192]]}",{}
187,NC00962.3,EMB-0.05-0.95,0.0,GARC1,RUS,EMB,embA@P901Q,U,{},"{""proportion"": 0.0, ""confidence"": [0.0, 0.7934506856227626], ""p_value"": 1.0, ""contingency"": [[0, 1], [226, 21192]]}",{}
188,NC00962.3,EMB-0.05-0.95,0.0,GARC1,RUS,EMB,embA@R229S,U,{},"{""proportion"": 0.0, ""confidence"": [0.0, 0.7934506856227626], ""p_value"": 1.0, ""contingency"": [[0, 1], [226, 21192]]}",{}
189,NC00962.3,EMB-0.05-0.95,0.0,GARC1,RUS,EMB,embA@G759R,U,{},"{""proportion"": 0.0, ""confidence"": [0.0, 0.7934506856227626], ""p_value"": 1.0, ""contingency"": [[0, 1], [226, 21192]]}",{}
190,NC00962.3,EMB-0.05-0.95,0.0,GARC1,RUS,EMB,embB@S347I,U,{},"{""proportion"": 0.3333333333333333, ""confidence"": [0.061491944720396215, 0.7923403991979523], ""p_value"": 0.14262499999999997, ""contingency"": [[1, 2], [226, 21192]]}",{}
191,NC00962.3,EMB-0.05-0.95,0.0,GARC1,RUS,EMB,embB@V77I,U,{},"{""proportion"": 0.0, ""confidence"": [4.8683609171202235e-17, 0.5614970317550455], ""p_value"": 1.0, ""contingency"": [[0, 3], [226, 21192]]}",{}
192,NC00962.3,EMB-0.05-0.95,0.0,GARC1,RUS,EMB,embA@A331S,U,{},"{""proportion"": 0.0, ""confidence"": [0.0, 0.7934506856227626], ""p_value"": 1.0, ""contingency"": [[0, 1], [226, 21192]]}",{}
193,NC00962.3,EMB-0.05-0.95,0.0,GARC1,RUS,EMB,embB@L370R,U,{},"{""proportion"": 0.0, ""confidence"": [-1.1731740316366828e-17, 0.154639018924847], ""p_value"": 0.6235897814710305, ""contingency"": [[0, 21], [226, 21192]]}",{}
194,NC00962.3,EMB-0.05-0.95,0.0,GARC1,RUS,EMB,embA@V98L,U,{},"{""proportion"": 0.0, ""confidence"": [0.0, 0.6576197724933469], ""p_value"": 1.0, ""contingency"": [[0, 2], [226, 21192]]}",{}
195,NC00962.3,EMB-0.05-0.95,0.0,GARC1,RUS,EMB,embB@I32T,U,{},"{""proportion"": 0.0, ""confidence"": [0.0, 0.4898908364545973], ""p_value"": 1.0, ""contingency"": [[0, 4], [226, 21192]]}",{}
196,NC00962.3,EMB-0.05-0.95,0.0,GARC1,RUS,EMB,embA@G884D,U,{},"{""proportion"": 0.0, ""confidence"": [2.1025014877572554e-17, 0.24249400665524087], ""p_value"": 1.0, ""contingency"": [[0, 12], [226, 21192]]}",{}
197,NC00962.3,EMB-0.05-0.95,0.0,GARC1,RUS,EMB,embB@T643P,U,{},"{""proportion"": 0.0, ""confidence"": [0.0, 0.7934506856227626], ""p_value"": 1.0, ""contingency"": [[0, 1], [226, 21192]]}",{}
198,NC00962.3,EMB-0.05-0.95,0.0,GARC1,RUS,EMB,embA@P838L,U,{},"{""proportion"": 0.0, ""confidence"": [0.0, 0.6576197724933469], ""p_value"": 1.0, ""contingency"": [[0, 2], [226, 21192]]}",{}
200,NC00962.3,EMB-0.05-0.95,0.0,GARC1,RUS,EMB,embA@D678A,U,{},"{""proportion"": 0.0, ""confidence"": [0.0, 0.7934506856227626], ""p_value"": 1.0, ""contingency"": [[0, 1], [226, 21192]]}",{}
201,NC00962.3,EMB-0.05-0.95,0.0,GARC1,RUS,EMB,embA@F565L,U,{},"{""proportion"": 0.0, ""confidence"": [0.0, 0.7934506856227626], ""p_value"": 1.0, ""contingency"": [[0, 1], [226, 21192]]}",{}
202,NC00962.3,EMB-0.05-0.95,0.0,GARC1,RUS,EMB,embB@M575R,U,{},"{""proportion"": 0.0, ""confidence"": [0.0, 0.6576197724933469], ""p_value"": 1.0, ""contingency"": [[0, 2], [226, 21192]]}",{}
203,NC00962.3,EMB-0.05-0.95,0.0,GARC1,RUS,EMB,embA@V531L,U,{},"{""proportion"": 0.0, ""confidence"": [3.584186086443356e-17, 0.3543304350666874], ""p_value"": 1.0, ""contingency"": [[0, 7], [226, 21192]]}",{}
204,NC00962.3,EMB-0.05-0.95,0.0,GARC1,RUS,EMB,embA@P976L,U,{},"{""proportion"": 0.0, ""confidence"": [0.0, 0.7934506856227626], ""p_value"": 1.0, ""contingency"": [[0, 1], [226, 21192]]}",{}
205,NC00962.3,EMB-0.05-0.95,0.0,GARC1,RUS,EMB,embB@S650P,U,{},"{""proportion"": 0.0, ""confidence"": [0.0, 0.7934506856227626], ""p_value"": 1.0, ""contingency"": [[0, 1], [226, 21192]]}",{}
206,NC00962.3,EMB-0.05-0.95,0.0,GARC1,RUS,EMB,embA@Q858R,U,{},"{""proportion"": 0.0, ""confidence"": [0.0, 0.6576197724933469], ""p_value"": 1.0, ""contingency"": [[0, 2], [226, 21192]]}",{}
207,NC00962.3,EMB-0.05-0.95,0.0,GARC1,RUS,EMB,embA@P1094S,U,{},"{""proportion"": 0.0, ""confidence"": [4.8683609171202235e-17, 0.5614970317550455], ""p_value"": 1.0, ""contingency"": [[0, 3], [226, 21192]]}",{}
208,NC00962.3,EMB-0.05-0.95,0.0,GARC1,RUS,EMB,embB@R173C,U,{},"{""proportion"": 0.0, ""confidence"": [0.0, 0.7934506856227626], ""p_value"": 1.0, ""contingency"": [[0, 1], [226, 21192]]}",{}
209,NC00962.3,EMB-0.05-0.95,0.0,GARC1,RUS,EMB,embA@R472L,U,{},"{""proportion"": 0.0, ""confidence"": [0.0, 0.6576197724933469], ""p_value"": 1.0, ""contingency"": [[0, 2], [226, 21192]]}",{}
211,NC00962.3,EMB-0.05-0.95,0.0,GARC1,RUS,EMB,embB@T157I,U,{},"{""proportion"": 0.0, ""confidence"": [0.0, 0.43448246478317476], ""p_value"": 1.0, ""contingency"": [[0, 5], [226, 21192]]}",{}
212,NC00962.3,EMB-0.05-0.95,0.0,GARC1,RUS,EMB,embA@P548L,U,{},"{""proportion"": 0.0, ""confidence"": [0.0, 0.7934506856227626], ""p_value"": 1.0, ""contingency"": [[0, 1], [226, 21192]]}",{}
213,NC00962.3,EMB-0.05-0.95,0.0,GARC1,RUS,EMB,embB@F688V,U,{},"{""proportion"": 0.0, ""confidence"": [0.0, 0.7934506856227626], ""p_value"": 1.0, ""contingency"": [[0, 1], [226, 21192]]}",{}
214,NC00962.3,EMB-0.05-0.95,0.0,GARC1,RUS,EMB,embA@Q1004R,U,{},"{""proportion"": 0.0, ""confidence"": [0.0, 0.7934506856227626], ""p_value"": 1.0, ""contingency"": [[0, 1], [226, 21192]]}",{}
215,NC00962.3,EMB-0.05-0.95,0.0,GARC1,RUS,EMB,embA@L459R,U,{},"{""proportion"": 0.0, ""confidence"": [0.0, 0.7934506856227626], ""p_value"": 1.0, ""contingency"": [[0, 1], [226, 21192]]}",{}
216,NC00962.3,EMB-0.05-0.95,0.0,GARC1,RUS,EMB,embB@V135M,U,{},"{""proportion"": 0.0, ""confidence"": [0.0, 0.6576197724933469], ""p_value"": 1.0, ""contingency"": [[0, 2], [226, 21192]]}",{}
217,NC00962.3,EMB-0.05-0.95,0.0,GARC1,RUS,EMB,embA@L390M,U,{},"{""proportion"": 0.0, ""confidence"": [0.0, 0.7934506856227626], ""p_value"": 1.0, ""contingency"": [[0, 1], [226, 21192]]}",{}
218,NC00962.3,EMB-0.05-0.95,0.0,GARC1,RUS,EMB,embA@S1017A,U,{},"{""proportion"": 0.0, ""confidence"": [4.8683609171202235e-17, 0.5614970317550455], ""p_value"": 1.0, ""contingency"": [[0, 3], [226, 21192]]}",{}
219,NC00962.3,EMB-0.05-0.95,0.0,GARC1,RUS,EMB,embB@D78A,U,{},"{""proportion"": 0.0, ""confidence"": [0.0, 0.7934506856227626], ""p_value"": 1.0, ""contingency"": [[0, 1], [226, 21192]]}",{}
220,NC00962.3,EMB-0.05-0.95,0.0,GARC1,RUS,EMB,embB@K662T,U,{},"{""proportion"": 0.0, ""confidence"": [0.0, 0.7934506856227626], ""p_value"": 1.0, ""contingency"": [[0, 1], [226, 21192]]}",{}
221,NC00962.3,EMB-0.05-0.95,0.0,GARC1,RUS,EMB,embB@C549F,U,{},"{""proportion"": 0.0, ""confidence"": [0.0, 0.6576197724933469], ""p_value"": 1.0, ""contingency"": [[0, 2], [226, 21192]]}",{}
222,NC00962.3,EMB-0.05-0.95,0.0,GARC1,RUS,EMB,embA@V898I,U,{},"{""proportion"": 0.0, ""confidence"": [0.0, 0.7934506856227626], ""p_value"": 1.0, ""contingency"": [[0, 1], [226, 21192]]}",{}
223,NC00962.3,EMB-0.05-0.95,0.0,GARC1,RUS,EMB,embA@W550S,U,{},"{""proportion"": 0.0, ""confidence"": [0.0, 0.7934506856227626], ""p_value"": 1.0, ""contingency"": [[0, 1], [226, 21192]]}",{}
224,NC00962.3,EMB-0.05-0.95,0.0,GARC1,RUS,EMB,embA@G146D,U,{},"{""proportion"": 0.0, ""confidence"": [0.0, 0.7934506856227626], ""p_value"": 1.0, ""contingency"": [[0, 1], [226, 21192]]}",{}
225,NC00962.3,EMB-0.05-0.95,0.0,GARC1,RUS,EMB,embA@A589E,U,{},"{""proportion"": 0.0, ""confidence"": [0.0, 0.7934506856227626], ""p_value"": 1.0, ""contingency"": [[0, 1], [226, 21192]]}",{}
226,NC00962.3,EMB-0.05-0.95,0.0,GARC1,RUS,EMB,embA@P164S,U,{},"{""proportion"": 0.0, ""confidence"": [0.0, 0.7934506856227626], ""p_value"": 1.0, ""contingency"": [[0, 1], [226, 21192]]}",{}
227,NC00962.3,EMB-0.05-0.95,0.0,GARC1,RUS,EMB,embA@D865N,U,{},"{""proportion"": 0.0, ""confidence"": [0.0, 0.2991450484195441], ""p_value"": 1.0, ""contingency"": [[0, 9], [226, 21192]]}",{}
228,NC00962.3,EMB-0.05-0.95,0.0,GARC1,RUS,EMB,embA@V695M,U,{},"{""proportion"": 0.0, ""confidence"": [3.584186086443356e-17, 0.3543304350666874], ""p_value"": 1.0, ""contingency"": [[0, 7], [226, 21192]]}",{}
229,NC00962.3,EMB-0.05-0.95,0.0,GARC1,RUS,EMB,embB@P167R,U,{},"{""proportion"": 0.0, ""confidence"": [0.0, 0.7934506856227626], ""p_value"": 1.0, ""contingency"": [[0, 1], [226, 21192]]}",{}
230,NC00962.3,EMB-0.05-0.95,0.0,GARC1,RUS,EMB,embB@A338T,U,{},"{""proportion"": 0.0, ""confidence"": [0.0, 0.43448246478317476], ""p_value"": 1.0, ""contingency"": [[0, 5], [226, 21192]]}",{}
231,NC00962.3,EMB-0.05-0.95,0.0,GARC1,RUS,EMB,embA@E675K,U,{},"{""proportion"": 0.0, ""confidence"": [0.0, 0.7934506856227626], ""p_value"": 1.0, ""contingency"": [[0, 1], [226, 21192]]}",{}
232,NC00962.3,EMB-0.05-0.95,0.0,GARC1,RUS,EMB,embB@N807T,U,{},"{""proportion"": 0.0, ""confidence"": [0.0, 0.7934506856227626], ""p_value"": 1.0, ""contingency"": [[0, 1], [226, 21192]]}",{}
233,NC00962.3,EMB-0.05-0.95,0.0,GARC1,RUS,EMB,embA@Q751P,U,{},"{""proportion"": 0.0, ""confidence"": [0.0, 0.7934506856227626], ""p_value"": 1.0, ""contingency"": [[0, 1], [226, 21192]]}",{}
235,NC00962.3,EMB-0.05-0.95,0.0,GARC1,RUS,EMB,embB@P531H,U,{},"{""proportion"": 0.0, ""confidence"": [0.0, 0.7934506856227626], ""p_value"": 1.0, ""contingency"": [[0, 1], [226, 21192]]}",{}
236,NC00962.3,EMB-0.05-0.95,0.0,GARC1,RUS,EMB,embA@P327S,U,{},"{""proportion"": 0.0, ""confidence"": [0.0, 0.7934506856227626], ""p_value"": 1.0, ""contingency"": [[0, 1], [226, 21192]]}",{}
237,NC00962.3,EMB-0.05-0.95,0.0,GARC1,RUS,EMB,embB@R1045Q,U,{},"{""proportion"": 0.0, ""confidence"": [0.0, 0.7934506856227626], ""p_value"": 1.0, ""contingency"": [[0, 1], [226, 21192]]}",{}
238,NC00962.3,EMB-0.05-0.95,0.0,GARC1,RUS,EMB,embA@V898F,U,{},"{""proportion"": 0.0, ""confidence"": [0.0, 0.7934506856227626], ""p_value"": 1.0, ""contingency"": [[0, 1], [226, 21192]]}",{}
239,NC00962.3,EMB-0.05-0.95,0.0,GARC1,RUS,EMB,embB@F330I,U,{},"{""proportion"": 0.0, ""confidence"": [0.0, 0.6576197724933469], ""p_value"": 1.0, ""contingency"": [[0, 2], [226, 21192]]}",{}
240,NC00962.3,EMB-0.05-0.95,0.0,GARC1,RUS,EMB,embA@A438T,U,{},"{""proportion"": 0.0, ""confidence"": [0.0, 0.7934506856227626], ""p_value"": 1.0, ""contingency"": [[0, 1], [226, 21192]]}",{}
241,NC00962.3,EMB-0.05-0.95,0.0,GARC1,RUS,EMB,embA@g-43t,U,{},"{""proportion"": 0.0, ""confidence"": [0.0, 0.7934506856227626], ""p_value"": 1.0, ""contingency"": [[0, 1], [226, 21192]]}",{}
242,NC00962.3,EMB-0.05-0.95,0.0,GARC1,RUS,EMB,embA@2602_ins_tgg,U,{},"{""proportion"": 0.0, ""confidence"": [0.0, 0.7934506856227626], ""p_value"": 1.0, ""contingency"": [[0, 1], [226, 21192]]}",{}
243,NC00962.3,EMB-0.05-0.95,0.0,GARC1,RUS,EMB,embA@-32_del_g,U,{},"{""proportion"": 0.0, ""confidence"": [0.0, 0.7934506856227626], ""p_value"": 1.0, ""contingency"": [[0, 1], [226, 21192]]}",{}
244,NC00962.3,EMB-0.05-0.95,0.0,GARC1,RUS,EMB,embB@T893A,U,{},"{""proportion"": 0.0, ""confidence"": [0.0, 0.7934506856227626], ""p_value"": 1.0, ""contingency"": [[0, 1], [226, 21192]]}",{}
245,NC00962.3,EMB-0.05-0.95,0.0,GARC1,RUS,EMB,embA@A60D,U,{},"{""proportion"": 0.0, ""confidence"": [0.0, 0.7934506856227626], ""p_value"": 1.0, ""contingency"": [[0, 1], [226, 21192]]}",{}
246,NC00962.3,EMB-0.05-0.95,0.0,GARC1,RUS,EMB,embA@A430T,U,{},"{""proportion"": 0.0, ""confidence"": [0.0, 0.7934506856227626], ""p_value"": 1.0, ""contingency"": [[0, 1], [226, 21192]]}",{}
247,NC00962.3,EMB-0.05-0.95,0.0,GARC1,RUS,EMB,embA@L373P,U,{},"{""proportion"": 0.0, ""confidence"": [1.2029374011637166e-17, 0.1331922509390485], ""p_value"": 0.6350137195765337, ""contingency"": [[0, 25], [226, 21192]]}",{}
248,NC00962.3,EMB-0.05-0.95,0.0,GARC1,RUS,EMB,embB@V456A,U,{},"{""proportion"": 0.0, ""confidence"": [0.0, 0.6576197724933469], ""p_value"": 1.0, ""contingency"": [[0, 2], [226, 21192]]}",{}
249,NC00962.3,EMB-0.05-0.95,0.0,GARC1,RUS,EMB,embA@-28_del_t,U,{},"{""proportion"": 0.0, ""confidence"": [0.0, 0.4898908364545973], ""p_value"": 1.0, ""contingency"": [[0, 4], [226, 21192]]}",{}
250,NC00962.3,EMB-0.05-0.95,0.0,GARC1,RUS,EMB,embA@G350A,U,{},"{""proportion"": 0.0, ""confidence"": [0.0, 0.7934506856227626], ""p_value"": 1.0, ""contingency"": [[0, 1], [226, 21192]]}",{}
251,NC00962.3,EMB-0.05-0.95,0.0,GARC1,RUS,EMB,embA@A557T,U,{},"{""proportion"": 0.0, ""confidence"": [0.0, 0.7934506856227626], ""p_value"": 1.0, ""contingency"": [[0, 1], [226, 21192]]}",{}
252,NC00962.3,EMB-0.05-0.95,0.0,GARC1,RUS,EMB,embB@V283M,U,{},"{""proportion"": 0.0, ""confidence"": [3.584186086443356e-17, 0.3543304350666874], ""p_value"": 1.0, ""contingency"": [[0, 7], [226, 21192]]}",{}
253,NC00962.3,EMB-0.05-0.95,0.0,GARC1,RUS,EMB,embA@A331T,U,{},"{""proportion"": 0.0, ""confidence"": [0.0, 0.6576197724933469], ""p_value"": 1.0, ""contingency"": [[0, 2], [226, 21192]]}",{}
254,NC00962.3,EMB-0.05-0.95,0.0,GARC1,RUS,EMB,embA@L208F,U,{},"{""proportion"": 0.0, ""confidence"": [0.0, 0.6576197724933469], ""p_value"": 1.0, ""contingency"": [[0, 2], [226, 21192]]}",{}
255,NC00962.3,EMB-0.05-0.95,0.0,GARC1,RUS,EMB,embA@G332E,U,{},"{""proportion"": 0.0, ""confidence"": [4.8683609171202235e-17, 0.5614970317550455], ""p_value"": 1.0, ""contingency"": [[0, 3], [226, 21192]]}",{}
256,NC00962.3,EMB-0.05-0.95,0.0,GARC1,RUS,EMB,embA@V31A,U,{},"{""proportion"": 0.0, ""confidence"": [1.2029374011637166e-17, 0.1331922509390485], ""p_value"": 0.6350137195765337, ""contingency"": [[0, 25], [226, 21192]]}",{}
257,NC00962.3,EMB-0.05-0.95,0.0,GARC1,RUS,EMB,embB@L953M,U,{},"{""proportion"": 0.0, ""confidence"": [0.0, 0.7934506856227626], ""p_value"": 1.0, ""contingency"": [[0, 1], [226, 21192]]}",{}
258,NC00962.3,EMB-0.05-0.95,0.0,GARC1,RUS,EMB,embA@E508K,U,{},"{""proportion"": 0.0, ""confidence"": [0.0, 0.7934506856227626], ""p_value"": 1.0, ""contingency"": [[0, 1], [226, 21192]]}",{}
259,NC00962.3,EMB-0.05-0.95,0.0,GARC1,RUS,EMB,embB@A438T,U,{},"{""proportion"": 0.0, ""confidence"": [4.8683609171202235e-17, 0.5614970317550455], ""p_value"": 1.0, ""contingency"": [[0, 3], [226, 21192]]}",{}
260,NC00962.3,EMB-0.05-0.95,0.0,GARC1,RUS,EMB,embB@A383S,U,{},"{""proportion"": 0.0, ""confidence"": [0.0, 0.7934506856227626], ""p_value"": 1.0, ""contingency"": [[0, 1], [226, 21192]]}",{}
261,NC00962.3,EMB-0.05-0.95,0.0,GARC1,RUS,EMB,embA@I655T,U,{},"{""proportion"": 0.0, ""confidence"": [0.0, 0.7934506856227626], ""p_value"": 1.0, ""contingency"": [[0, 1], [226, 21192]]}",{}
262,NC00962.3,EMB-0.05-0.95,0.0,GARC1,RUS,EMB,embB@D280N,U,{},"{""proportion"": 0.0, ""confidence"": [0.0, 0.7934506856227626], ""p_value"": 1.0, ""contingency"": [[0, 1], [226, 21192]]}",{}
263,NC00962.3,EMB-0.05-0.95,0.0,GARC1,RUS,EMB,embA@M840V,U,{},"{""proportion"": 0.0, ""confidence"": [0.0, 0.7934506856227626], ""p_value"": 1.0, ""contingency"": [[0, 1], [226, 21192]]}",{}
264,NC00962.3,EMB-0.05-0.95,0.0,GARC1,RUS,EMB,embA@L215P,U,{},"{""proportion"": 0.0, ""confidence"": [4.8683609171202235e-17, 0.5614970317550455], ""p_value"": 1.0, ""contingency"": [[0, 3], [226, 21192]]}",{}
265,NC00962.3,EMB-0.05-0.95,0.0,GARC1,RUS,EMB,embA@A1072T,U,{},"{""proportion"": 0.0, ""confidence"": [0.0, 0.6576197724933469], ""p_value"": 1.0, ""contingency"": [[0, 2], [226, 21192]]}",{}
266,NC00962.3,EMB-0.05-0.95,0.0,GARC1,RUS,EMB,embB@G580S,U,{},"{""proportion"": 0.0, ""confidence"": [0.0, 0.6576197724933469], ""p_value"": 1.0, ""contingency"": [[0, 2], [226, 21192]]}",{}
267,NC00962.3,EMB-0.05-0.95,0.0,GARC1,RUS,EMB,embB@P12Q,U,{},"{""proportion"": 0.0, ""confidence"": [0.0, 0.4898908364545973], ""p_value"": 1.0, ""contingency"": [[0, 4], [226, 21192]]}",{}
268,NC00962.3,EMB-0.05-0.95,0.0,GARC1,RUS,EMB,embB@K882E,U,{},"{""proportion"": 0.0, ""confidence"": [0.0, 0.7934506856227626], ""p_value"": 1.0, ""contingency"": [[0, 1], [226, 21192]]}",{}
269,NC00962.3,EMB-0.05-0.95,0.0,GARC1,RUS,EMB,embA@G771D,U,{},"{""proportion"": 0.0, ""confidence"": [0.0, 0.7934506856227626], ""p_value"": 1.0, ""contingency"": [[0, 1], [226, 21192]]}",{}
270,NC00962.3,EMB-0.05-0.95,0.0,GARC1,RUS,EMB,embA@c-23t,U,{},"{""proportion"": 0.0, ""confidence"": [0.0, 0.7934506856227626], ""p_value"": 1.0, ""contingency"": [[0, 1], [226, 21192]]}",{}
271,NC00962.3,EMB-0.05-0.95,0.0,GARC1,RUS,EMB,embA@g-17a,U,{},"{""proportion"": 0.05263157894736842, ""confidence"": [0.009351994062300369, 0.2463873116689879], ""p_value"": 1.0, ""contingency"": [[1, 18], [226, 21192]]}",{}
272,NC00962.3,EMB-0.05-0.95,0.0,GARC1,RUS,EMB,embB@I709T,U,{},"{""proportion"": 0.0, ""confidence"": [2.1779500349382702e-17, 0.2153108027376358], ""p_value"": 1.0, ""contingency"": [[0, 14], [226, 21192]]}",{}
273,NC00962.3,EMB-0.05-0.95,0.0,GARC1,RUS,EMB,embA@-31_del_c,U,{},"{""proportion"": 0.0, ""confidence"": [0.0, 0.7934506856227626], ""p_value"": 1.0, ""contingency"": [[0, 1], [226, 21192]]}",{}
274,NC00962.3,EMB-0.05-0.95,0.0,GARC1,RUS,EMB,embB@V77L,U,{},"{""proportion"": 0.0, ""confidence"": [0.0, 0.7934506856227626], ""p_value"": 1.0, ""contingency"": [[0, 1], [226, 21192]]}",{}
275,NC00962.3,EMB-0.05-0.95,0.0,GARC1,RUS,EMB,embA@V394A,U,{},"{""proportion"": 0.0, ""confidence"": [0.0, 0.7934506856227626], ""p_value"": 1.0, ""contingency"": [[0, 1], [226, 21192]]}",{}
276,NC00962.3,EMB-0.05-0.95,0.0,GARC1,RUS,EMB,embA@F471L,U,{},"{""proportion"": 0.0, ""confidence"": [4.8683609171202235e-17, 0.5614970317550455], ""p_value"": 1.0, ""contingency"": [[0, 3], [226, 21192]]}",{}
277,NC00962.3,EMB-0.05-0.95,0.0,GARC1,RUS,EMB,embA@G180R,U,{},"{""proportion"": 0.0, ""confidence"": [0.0, 0.6576197724933469], ""p_value"": 1.0, ""contingency"": [[0, 2], [226, 21192]]}",{}
278,NC00962.3,EMB-0.05-0.95,0.0,GARC1,RUS,EMB,embA@N803K,U,{},"{""proportion"": 0.0, ""confidence"": [0.0, 0.7934506856227626], ""p_value"": 1.0, ""contingency"": [[0, 1], [226, 21192]]}",{}
279,NC00962.3,EMB-0.05-0.95,0.0,GARC1,RUS,EMB,embA@A328D,U,{},"{""proportion"": 0.0, ""confidence"": [0.0, 0.7934506856227626], ""p_value"": 1.0, ""contingency"": [[0, 1], [226, 21192]]}",{}
280,NC00962.3,EMB-0.05-0.95,0.0,GARC1,RUS,EMB,embB@S480L,U,{},"{""proportion"": 0.0, ""confidence"": [0.0, 0.6576197724933469], ""p_value"": 1.0, ""contingency"": [[0, 2], [226, 21192]]}",{}
281,NC00962.3,EMB-0.05-0.95,0.0,GARC1,RUS,EMB,embA@R358Q,U,{},"{""proportion"": 0.0, ""confidence"": [0.0, 0.7934506856227626], ""p_value"": 1.0, ""contingency"": [[0, 1], [226, 21192]]}",{}
282,NC00962.3,EMB-0.05-0.95,0.0,GARC1,RUS,EMB,embB@M316V,U,{},"{""proportion"": 0.0, ""confidence"": [0.0, 0.7934506856227626], ""p_value"": 1.0, ""contingency"": [[0, 1], [226, 21192]]}",{}
283,NC00962.3,EMB-0.05-0.95,0.0,GARC1,RUS,EMB,embA@D737E,U,{},"{""proportion"": 0.0, ""confidence"": [0.0, 0.7934506856227626], ""p_value"": 1.0, ""contingency"": [[0, 1], [226, 21192]]}",{}
284,NC00962.3,EMB-0.05-0.95,0.0,GARC1,RUS,EMB,embB@G175R,U,{},"{""proportion"": 0.0, ""confidence"": [4.8683609171202235e-17, 0.5614970317550455], ""p_value"": 1.0, ""contingency"": [[0, 3], [226, 21192]]}",{}
285,NC00962.3,EMB-0.05-0.95,0.0,GARC1,RUS,EMB,embB@A221S,U,{},"{""proportion"": 0.0, ""confidence"": [0.0, 0.7934506856227626], ""p_value"": 1.0, ""contingency"": [[0, 1], [226, 21192]]}",{}
286,NC00962.3,EMB-0.05-0.95,0.0,GARC1,RUS,EMB,embA@D273G,U,{},"{""proportion"": 0.0, ""confidence"": [4.8683609171202235e-17, 0.5614970317550455], ""p_value"": 1.0, ""contingency"": [[0, 3], [226, 21192]]}",{}
287,NC00962.3,EMB-0.05-0.95,0.0,GARC1,RUS,EMB,embB@T275N,U,{},"{""proportion"": 0.0, ""confidence"": [0.0, 0.7934506856227626], ""p_value"": 1.0, ""contingency"": [[0, 1], [226, 21192]]}",{}
288,NC00962.3,EMB-0.05-0.95,0.0,GARC1,RUS,EMB,embB@R7T,U,{},"{""proportion"": 0.0, ""confidence"": [3.384324554477539e-17, 0.39033428790216534], ""p_value"": 1.0, ""contingency"": [[0, 6], [226, 21192]]}",{}
289,NC00962.3,EMB-0.05-0.95,0.0,GARC1,RUS,EMB,embB@T501A,U,{},"{""proportion"": 0.0, ""confidence"": [0.0, 0.7934506856227626], ""p_value"": 1.0, ""contingency"": [[0, 1], [226, 21192]]}",{}
290,NC00962.3,EMB-0.05-0.95,0.0,GARC1,RUS,EMB,embA@V283L,U,{},"{""proportion"": 0.0, ""confidence"": [0.0, 0.7934506856227626], ""p_value"": 1.0, ""contingency"": [[0, 1], [226, 21192]]}",{}
291,NC00962.3,EMB-0.05-0.95,0.0,GARC1,RUS,EMB,embB@P731L,U,{},"{""proportion"": 0.0, ""confidence"": [0.0, 0.11696979849974075], ""p_value"": 0.4010517652911756, ""contingency"": [[0, 29], [226, 21192]]}",{}
292,NC00962.3,EMB-0.05-0.95,0.0,GARC1,RUS,EMB,embA@P645L,U,{},"{""proportion"": 0.0, ""confidence"": [4.8683609171202235e-17, 0.5614970317550455], ""p_value"": 1.0, ""contingency"": [[0, 3], [226, 21192]]}",{}
293,NC00962.3,EMB-0.05-0.95,0.0,GARC1,RUS,EMB,embB@L686V,U,{},"{""proportion"": 0.0, ""confidence"": [0.0, 0.7934506856227626], ""p_value"": 1.0, ""contingency"": [[0, 1], [226, 21192]]}",{}
294,NC00962.3,EMB-0.05-0.95,0.0,GARC1,RUS,EMB,embB@D1056E,U,{},"{""proportion"": 0.0, ""confidence"": [0.0, 0.4898908364545973], ""p_value"": 1.0, ""contingency"": [[0, 4], [226, 21192]]}",{}
295,NC00962.3,EMB-0.05-0.95,0.0,GARC1,RUS,EMB,embB@V783I,U,{},"{""proportion"": 0.0, ""confidence"": [0.0, 0.7934506856227626], ""p_value"": 1.0, ""contingency"": [[0, 1], [226, 21192]]}",{}
296,NC00962.3,EMB-0.05-0.95,0.0,GARC1,RUS,EMB,embA@A549P,U,{},"{""proportion"": 0.0, ""confidence"": [0.0, 0.6576197724933469], ""p_value"": 1.0, ""contingency"": [[0, 2], [226, 21192]]}",{}
297,NC00962.3,EMB-0.05-0.95,0.0,GARC1,RUS,EMB,embA@V583A,U,{},"{""proportion"": 0.0, ""confidence"": [0.0, 0.7934506856227626], ""p_value"": 1.0, ""contingency"": [[0, 1], [226, 21192]]}",{}
298,NC00962.3,EMB-0.05-0.95,0.0,GARC1,RUS,EMB,embA@H10P,U,{},"{""proportion"": 0.0, ""confidence"": [0.0, 0.6576197724933469], ""p_value"": 1.0, ""contingency"": [[0, 2], [226, 21192]]}",{}
299,NC00962.3,EMB-0.05-0.95,0.0,GARC1,RUS,EMB,embB@D243H,U,{},"{""proportion"": 0.0, ""confidence"": [0.0, 0.6576197724933469], ""p_value"": 1.0, ""contingency"": [[0, 2], [226, 21192]]}",{}
300,NC00962.3,EMB-0.05-0.95,0.0,GARC1,RUS,EMB,embB@I303L,U,{},"{""proportion"": 0.0, ""confidence"": [0.0, 0.6576197724933469], ""p_value"": 1.0, ""contingency"": [[0, 2], [226, 21192]]}",{}
301,NC00962.3,EMB-0.05-0.95,0.0,GARC1,RUS,EMB,embA@A617T,U,{},"{""proportion"": 0.0, ""confidence"": [0.0, 0.7934506856227626], ""p_value"": 1.0, ""contingency"": [[0, 1], [226, 21192]]}",{}
302,NC00962.3,EMB-0.05-0.95,0.0,GARC1,RUS,EMB,embA@A852S,U,{},"{""proportion"": 0.0, ""confidence"": [0.0, 0.6576197724933469], ""p_value"": 1.0, ""contingency"": [[0, 2], [226, 21192]]}",{}
303,NC00962.3,EMB-0.05-0.95,0.0,GARC1,RUS,EMB,embB@T643I,U,{},"{""proportion"": 0.0, ""confidence"": [0.0, 0.4898908364545973], ""p_value"": 1.0, ""contingency"": [[0, 4], [226, 21192]]}",{}
304,NC00962.3,EMB-0.05-0.95,0.0,GARC1,RUS,EMB,embA@G403R,U,{},"{""proportion"": 0.0, ""confidence"": [0.0, 0.7934506856227626], ""p_value"": 1.0, ""contingency"": [[0, 1], [226, 21192]]}",{}
305,NC00962.3,EMB-0.05-0.95,0.0,GARC1,RUS,EMB,embA@A320V,U,{},"{""proportion"": 0.0, ""confidence"": [0.0, 0.7934506856227626], ""p_value"": 1.0, ""contingency"": [[0, 1], [226, 21192]]}",{}
306,NC00962.3,EMB-0.05-0.95,0.0,GARC1,RUS,EMB,embA@A150V,U,{},"{""proportion"": 0.0, ""confidence"": [0.0, 0.7934506856227626], ""p_value"": 1.0, ""contingency"": [[0, 1], [226, 21192]]}",{}
307,NC00962.3,EMB-0.05-0.95,0.0,GARC1,RUS,EMB,embB@D240G,U,{},"{""proportion"": 0.0, ""confidence"": [4.8683609171202235e-17, 0.5614970317550455], ""p_value"": 1.0, ""contingency"": [[0, 3], [226, 21192]]}",{}
308,NC00962.3,EMB-0.05-0.95,0.0,GARC1,RUS,EMB,embB@S174R,U,{},"{""proportion"": 0.0, ""confidence"": [0.0, 0.6576197724933469], ""p_value"": 1.0, ""contingency"": [[0, 2], [226, 21192]]}",{}
309,NC00962.3,EMB-0.05-0.95,0.0,GARC1,RUS,EMB,embA@N54D,U,{},"{""proportion"": 0.0, ""confidence"": [4.8683609171202235e-17, 0.5614970317550455], ""p_value"": 1.0, ""contingency"": [[0, 3], [226, 21192]]}",{}
310,NC00962.3,EMB-0.05-0.95,0.0,GARC1,RUS,EMB,embB@P143S,U,{},"{""proportion"": 0.0, ""confidence"": [0.0, 0.6576197724933469], ""p_value"": 1.0, ""contingency"": [[0, 2], [226, 21192]]}",{}
311,NC00962.3,EMB-0.05-0.95,0.0,GARC1,RUS,EMB,embA@V479M,U,{},"{""proportion"": 0.0, ""confidence"": [0.0, 0.7934506856227626], ""p_value"": 1.0, ""contingency"": [[0, 1], [226, 21192]]}",{}
312,NC00962.3,EMB-0.05-0.95,0.0,GARC1,RUS,EMB,embB@Y319N,U,{},"{""proportion"": 0.0, ""confidence"": [0.0, 0.7934506856227626], ""p_value"": 1.0, ""contingency"": [[0, 1], [226, 21192]]}",{}
313,NC00962.3,EMB-0.05-0.95,0.0,GARC1,RUS,EMB,embB@D328H,U,{},"{""proportion"": 0.14285714285714285, ""confidence"": [0.025679624344743555, 0.5131278292743189], ""p_value"": 0.30166270390625, ""contingency"": [[1, 6], [226, 21192]]}",{}
314,NC00962.3,EMB-0.05-0.95,0.0,GARC1,RUS,EMB,embB@V803M,U,{},"{""proportion"": 0.0, ""confidence"": [4.8683609171202235e-17, 0.5614970317550455], ""p_value"": 1.0, ""contingency"": [[0, 3], [226, 21192]]}",{}
315,NC00962.3,EMB-0.05-0.95,0.0,GARC1,RUS,EMB,embB@M389V,U,{},"{""proportion"": 0.0, ""confidence"": [0.0, 0.7934506856227626], ""p_value"": 1.0, ""contingency"": [[0, 1], [226, 21192]]}",{}
316,NC00962.3,EMB-0.05-0.95,0.0,GARC1,RUS,EMB,embB@E958A,U,{},"{""proportion"": 0.0, ""confidence"": [0.0, 0.4898908364545973], ""p_value"": 1.0, ""contingency"": [[0, 4], [226, 21192]]}",{}
317,NC00962.3,EMB-0.05-0.95,0.0,GARC1,RUS,EMB,embB@A505V,U,{},"{""proportion"": 0.0, ""confidence"": [0.0, 0.6576197724933469], ""p_value"": 1.0, ""contingency"": [[0, 2], [226, 21192]]}",{}
318,NC00962.3,EMB-0.05-0.95,0.0,GARC1,RUS,EMB,embA@I155M,U,{},"{""proportion"": 0.0, ""confidence"": [3.384324554477539e-17, 0.39033428790216534], ""p_value"": 1.0, ""contingency"": [[0, 6], [226, 21192]]}",{}
319,NC00962.3,EMB-0.05-0.95,0.0,GARC1,RUS,EMB,embA@T238I,U,{},"{""proportion"": 0.0, ""confidence"": [0.0, 0.7934506856227626], ""p_value"": 1.0, ""contingency"": [[0, 1], [226, 21192]]}",{}
320,NC00962.3,EMB-0.05-0.95,0.0,GARC1,RUS,EMB,embA@G700C,U,{},"{""proportion"": 0.0, ""confidence"": [0.0, 0.7934506856227626], ""p_value"": 1.0, ""contingency"": [[0, 1], [226, 21192]]}",{}
321,NC00962.3,EMB-0.05-0.95,0.0,GARC1,RUS,EMB,embA@A721V,U,{},"{""proportion"": 0.0, ""confidence"": [0.0, 0.7934506856227626], ""p_value"": 1.0, ""contingency"": [[0, 1], [226, 21192]]}",{}
322,NC00962.3,EMB-0.05-0.95,0.0,GARC1,RUS,EMB,embA@D1053G,U,{},"{""proportion"": 0.0, ""confidence"": [4.8683609171202235e-17, 0.5614970317550455], ""p_value"": 1.0, ""contingency"": [[0, 3], [226, 21192]]}",{}
323,NC00962.3,EMB-0.05-0.95,0.0,GARC1,RUS,EMB,embA@E397G,U,{},"{""proportion"": 0.0, ""confidence"": [0.0, 0.7934506856227626], ""p_value"": 1.0, ""contingency"": [[0, 1], [226, 21192]]}",{}
324,NC00962.3,EMB-0.05-0.95,0.0,GARC1,RUS,EMB,embA@A955T,U,{},"{""proportion"": 0.0, ""confidence"": [0.0, 0.7934506856227626], ""p_value"": 1.0, ""contingency"": [[0, 1], [226, 21192]]}",{}
325,NC00962.3,EMB-0.05-0.95,0.0,GARC1,RUS,EMB,embA@Q1004P,U,{},"{""proportion"": 0.0, ""confidence"": [0.0, 0.20388330103584862], ""p_value"": 1.0, ""contingency"": [[0, 15], [226, 21192]]}",{}
326,NC00962.3,EMB-0.05-0.95,0.0,GARC1,RUS,EMB,embA@G844R,U,{},"{""proportion"": 0.0, ""confidence"": [0.0, 0.7934506856227626], ""p_value"": 1.0, ""contingency"": [[0, 1], [226, 21192]]}",{}
327,NC00962.3,EMB-0.05-0.95,0.0,GARC1,RUS,EMB,embB@V414L,U,{},"{""proportion"": 0.0, ""confidence"": [0.0, 0.7934506856227626], ""p_value"": 1.0, ""contingency"": [[0, 1], [226, 21192]]}",{}
328,NC00962.3,EMB-0.05-0.95,0.0,GARC1,RUS,EMB,embB@T857A,U,{},"{""proportion"": 0.0, ""confidence"": [0.0, 0.7934506856227626], ""p_value"": 1.0, ""contingency"": [[0, 1], [226, 21192]]}",{}
330,NC00962.3,EMB-0.05-0.95,0.0,GARC1,RUS,EMB,embA@G729R,U,{},"{""proportion"": 0.0, ""confidence"": [0.0, 0.4898908364545973], ""p_value"": 1.0, ""contingency"": [[0, 4], [226, 21192]]}",{}
331,NC00962.3,EMB-0.05-0.95,0.0,GARC1,RUS,EMB,embB@G1081D,U,{},"{""proportion"": 0.0, ""confidence"": [0.0, 0.7934506856227626], ""p_value"": 1.0, ""contingency"": [[0, 1], [226, 21192]]}",{}
332,NC00962.3,EMB-0.05-0.95,0.0,GARC1,RUS,EMB,embA@G220E,U,{},"{""proportion"": 0.0, ""confidence"": [0.0, 0.4898908364545973], ""p_value"": 1.0, ""contingency"": [[0, 4], [226, 21192]]}",{}
333,NC00962.3,EMB-0.05-0.95,0.0,GARC1,RUS,EMB,embB@S73L,U,{},"{""proportion"": 0.0, ""confidence"": [0.0, 0.7934506856227626], ""p_value"": 1.0, ""contingency"": [[0, 1], [226, 21192]]}",{}
334,NC00962.3,EMB-0.05-0.95,0.0,GARC1,RUS,EMB,embA@I621V,U,{},"{""proportion"": 0.0, ""confidence"": [0.0, 0.7934506856227626], ""p_value"": 1.0, ""contingency"": [[0, 1], [226, 21192]]}",{}
335,NC00962.3,EMB-0.05-0.95,0.0,GARC1,RUS,EMB,embA@G135D,U,{},"{""proportion"": 0.0, ""confidence"": [0.0, 0.7934506856227626], ""p_value"": 1.0, ""contingency"": [[0, 1], [226, 21192]]}",{}
336,NC00962.3,EMB-0.05-0.95,0.0,GARC1,RUS,EMB,embB@S651C,U,{},"{""proportion"": 0.0, ""confidence"": [0.0, 0.6576197724933469], ""p_value"": 1.0, ""contingency"": [[0, 2], [226, 21192]]}",{}
337,NC00962.3,EMB-0.05-0.95,0.0,GARC1,RUS,EMB,embB@P1074A,U,{},"{""proportion"": 0.0, ""confidence"": [0.0, 0.7934506856227626], ""p_value"": 1.0, ""contingency"": [[0, 1], [226, 21192]]}",{}
338,NC00962.3,EMB-0.05-0.95,0.0,GARC1,RUS,EMB,embB@N886T,U,{},"{""proportion"": 0.0, ""confidence"": [4.8683609171202235e-17, 0.5614970317550455], ""p_value"": 1.0, ""contingency"": [[0, 3], [226, 21192]]}",{}
339,NC00962.3,EMB-0.05-0.95,0.0,GARC1,RUS,EMB,embA@A371T,U,{},"{""proportion"": 0.0, ""confidence"": [0.0, 0.7934506856227626], ""p_value"": 1.0, ""contingency"": [[0, 1], [226, 21192]]}",{}
340,NC00962.3,EMB-0.05-0.95,0.0,GARC1,RUS,EMB,embA@G321A,U,{},"{""proportion"": 0.0, ""confidence"": [0.0, 0.6576197724933469], ""p_value"": 1.0, ""contingency"": [[0, 2], [226, 21192]]}",{}
341,NC00962.3,EMB-0.05-0.95,0.0,GARC1,RUS,EMB,embB@F763V,U,{},"{""proportion"": 0.0, ""confidence"": [0.0, 0.7934506856227626], ""p_value"": 1.0, ""contingency"": [[0, 1], [226, 21192]]}",{}
342,NC00962.3,EMB-0.05-0.95,0.0,GARC1,RUS,EMB,embA@G352S,U,{},"{""proportion"": 0.0, ""confidence"": [0.0, 0.43448246478317476], ""p_value"": 1.0, ""contingency"": [[0, 5], [226, 21192]]}",{}
343,NC00962.3,EMB-0.05-0.95,0.0,GARC1,RUS,EMB,embB@P353S,U,{},"{""proportion"": 0.0, ""confidence"": [0.0, 0.7934506856227626], ""p_value"": 1.0, ""contingency"": [[0, 1], [226, 21192]]}",{}
344,NC00962.3,EMB-0.05-0.95,0.0,GARC1,RUS,EMB,embA@N376D,U,{},"{""proportion"": 0.0, ""confidence"": [0.0, 0.7934506856227626], ""p_value"": 1.0, ""contingency"": [[0, 1], [226, 21192]]}",{}
345,NC00962.3,EMB-0.05-0.95,0.0,GARC1,RUS,EMB,embA@g-76c,U,{},"{""proportion"": 0.1, ""confidence"": [0.03459988874733419, 0.2562108257918408], ""p_value"": 0.18782118685303928, ""contingency"": [[3, 27], [226, 21192]]}",{}
346,NC00962.3,EMB-0.05-0.95,0.0,GARC1,RUS,EMB,embA@V125E,U,{},"{""proportion"": 0.0, ""confidence"": [0.0, 0.6576197724933469], ""p_value"": 1.0, ""contingency"": [[0, 2], [226, 21192]]}",{}
347,NC00962.3,EMB-0.05-0.95,0.0,GARC1,RUS,EMB,embB@G156D,U,{},"{""proportion"": 0.0, ""confidence"": [0.0, 0.6576197724933469], ""p_value"": 1.0, ""contingency"": [[0, 2], [226, 21192]]}",{}
348,NC00962.3,EMB-0.05-0.95,0.0,GARC1,RUS,EMB,embA@V468M,U,{},"{""proportion"": 0.0, ""confidence"": [0.0, 0.7934506856227626], ""p_value"": 1.0, ""contingency"": [[0, 1], [226, 21192]]}",{}
349,NC00962.3,EMB-0.05-0.95,0.0,GARC1,RUS,EMB,embB@A604G,U,{},"{""proportion"": 0.0, ""confidence"": [0.0, 0.7934506856227626], ""p_value"": 1.0, ""contingency"": [[0, 1], [226, 21192]]}",{}
350,NC00962.3,EMB-0.05-0.95,0.0,GARC1,RUS,EMB,embA@L233M,U,{},"{""proportion"": 0.0, ""confidence"": [0.0, 0.2588329669680317], ""p_value"": 1.0, ""contingency"": [[0, 11], [226, 21192]]}",{}
351,NC00962.3,EMB-0.05-0.95,0.0,GARC1,RUS,EMB,embB@G603R,U,{},"{""proportion"": 0.2, ""confidence"": [0.03622410863243013, 0.6244653702374747], ""p_value"": 0.22621906249999996, ""contingency"": [[1, 4], [226, 21192]]}",{}
352,NC00962.3,EMB-0.05-0.95,0.0,GARC1,RUS,EMB,embA@G149D,U,{},"{""proportion"": 0.0, ""confidence"": [0.0, 0.7934506856227626], ""p_value"": 1.0, ""contingency"": [[0, 1], [226, 21192]]}",{}
354,NC00962.3,EMB-0.05-0.95,0.0,GARC1,RUS,EMB,embB@D240N,U,{},"{""proportion"": 0.0, ""confidence"": [4.8683609171202235e-17, 0.5614970317550455], ""p_value"": 1.0, ""contingency"": [[0, 3], [226, 21192]]}",{}
355,NC00962.3,EMB-0.05-0.95,0.0,GARC1,RUS,EMB,embA@V541M,U,{},"{""proportion"": 0.0, ""confidence"": [0.0, 0.7934506856227626], ""p_value"": 1.0, ""contingency"": [[0, 1], [226, 21192]]}",{}
356,NC00962.3,EMB-0.05-0.95,0.0,GARC1,RUS,EMB,embB@A1058V,U,{},"{""proportion"": 0.0, ""confidence"": [0.0, 0.7934506856227626], ""p_value"": 1.0, ""contingency"": [[0, 1], [226, 21192]]}",{}
357,NC00962.3,EMB-0.05-0.95,0.0,GARC1,RUS,EMB,embB@W621S,U,{},"{""proportion"": 0.0, ""confidence"": [0.0, 0.6576197724933469], ""p_value"": 1.0, ""contingency"": [[0, 2], [226, 21192]]}",{}
358,NC00962.3,EMB-0.05-0.95,0.0,GARC1,RUS,EMB,embB@G100S,U,{},"{""proportion"": 0.0, ""confidence"": [0.0, 0.32440756488388023], ""p_value"": 1.0, ""contingency"": [[0, 8], [226, 21192]]}",{}
359,NC00962.3,EMB-0.05-0.95,0.0,GARC1,RUS,EMB,embB@E378D,U,{},"{""proportion"": 0.0, ""confidence"": [0.0, 0.7934506856227626], ""p_value"": 1.0, ""contingency"": [[0, 1], [226, 21192]]}",{}
360,NC00962.3,EMB-0.05-0.95,0.0,GARC1,RUS,EMB,embB@D78G,U,{},"{""proportion"": 0.0, ""confidence"": [0.0, 0.43448246478317476], ""p_value"": 1.0, ""contingency"": [[0, 5], [226, 21192]]}",{}
361,NC00962.3,EMB-0.05-0.95,0.0,GARC1,RUS,EMB,embB@T498N,U,{},"{""proportion"": 0.0, ""confidence"": [0.0, 0.4898908364545973], ""p_value"": 1.0, ""contingency"": [[0, 4], [226, 21192]]}",{}
362,NC00962.3,EMB-0.05-0.95,0.0,GARC1,RUS,EMB,embA@T308K,U,{},"{""proportion"": 0.0, ""confidence"": [0.0, 0.6576197724933469], ""p_value"": 1.0, ""contingency"": [[0, 2], [226, 21192]]}",{}
363,NC00962.3,EMB-0.05-0.95,0.0,GARC1,RUS,EMB,embB@S617L,U,{},"{""proportion"": 0.0, ""confidence"": [0.0, 0.7934506856227626], ""p_value"": 1.0, ""contingency"": [[0, 1], [226, 21192]]}",{}
364,NC00962.3,EMB-0.05-0.95,0.0,GARC1,RUS,EMB,embB@P136S,U,{},"{""proportion"": 0.0, ""confidence"": [0.0, 0.6576197724933469], ""p_value"": 1.0, ""contingency"": [[0, 2], [226, 21192]]}",{}
365,NC00962.3,EMB-0.05-0.95,0.0,GARC1,RUS,EMB,embA@A316P,U,{},"{""proportion"": 0.0, ""confidence"": [0.0, 0.7934506856227626], ""p_value"": 1.0, ""contingency"": [[0, 1], [226, 21192]]}",{}
366,NC00962.3,EMB-0.05-0.95,0.0,GARC1,RUS,EMB,embB@A113T,U,{},"{""proportion"": 0.0, ""confidence"": [0.0, 0.7934506856227626], ""p_value"": 1.0, ""contingency"": [[0, 1], [226, 21192]]}",{}
367,NC00962.3,EMB-0.05-0.95,0.0,GARC1,RUS,EMB,embB@P1091Q,U,{},"{""proportion"": 0.0, ""confidence"": [0.0, 0.7934506856227626], ""p_value"": 1.0, ""contingency"": [[0, 1], [226, 21192]]}",{}
368,NC00962.3,EMB-0.05-0.95,0.0,GARC1,RUS,EMB,embB@A680T,U,{},"{""proportion"": 0.0, ""confidence"": [0.0, 0.4898908364545973], ""p_value"": 1.0, ""contingency"": [[0, 4], [226, 21192]]}",{}
370,NC00962.3,EMB-0.05-0.95,0.0,GARC1,RUS,EMB,embA@P752L,U,{},"{""proportion"": 0.0, ""confidence"": [0.0, 0.6576197724933469], ""p_value"": 1.0, ""contingency"": [[0, 2], [226, 21192]]}",{}
371,NC00962.3,EMB-0.05-0.95,0.0,GARC1,RUS,EMB,embB@I489S,U,{},"{""proportion"": 0.0, ""confidence"": [0.0, 0.7934506856227626], ""p_value"": 1.0, ""contingency"": [[0, 1], [226, 21192]]}",{}
372,NC00962.3,EMB-0.05-0.95,0.0,GARC1,RUS,EMB,embA@D4Y,U,{},"{""proportion"": 0.0, ""confidence"": [0.0, 0.7934506856227626], ""p_value"": 1.0, ""contingency"": [[0, 1], [226, 21192]]}",{}
374,NC00962.3,EMB-0.05-0.95,0.0,GARC1,RUS,EMB,embB@P195H,U,{},"{""proportion"": 0.0, ""confidence"": [0.0, 0.32440756488388023], ""p_value"": 1.0, ""contingency"": [[0, 8], [226, 21192]]}",{}
375,NC00962.3,EMB-0.05-0.95,0.0,GARC1,RUS,EMB,embA@T899S,U,{},"{""proportion"": 0.0, ""confidence"": [0.0, 0.7934506856227626], ""p_value"": 1.0, ""contingency"": [[0, 1], [226, 21192]]}",{}
376,NC00962.3,EMB-0.05-0.95,0.0,GARC1,RUS,EMB,embB@P708L,U,{},"{""proportion"": 0.0, ""confidence"": [0.0, 0.6576197724933469], ""p_value"": 1.0, ""contingency"": [[0, 2], [226, 21192]]}",{}
377,NC00962.3,EMB-0.05-0.95,0.0,GARC1,RUS,EMB,embB@S823R,U,{},"{""proportion"": 0.3333333333333333, ""confidence"": [0.061491944720396215, 0.7923403991979523], ""p_value"": 0.14262499999999997, ""contingency"": [[1, 2], [226, 21192]]}",{}
378,NC00962.3,EMB-0.05-0.95,0.0,GARC1,RUS,EMB,embB@A451T,U,{},"{""proportion"": 0.0, ""confidence"": [0.0, 0.7934506856227626], ""p_value"": 1.0, ""contingency"": [[0, 1], [226, 21192]]}",{}
379,NC00962.3,EMB-0.05-0.95,0.0,GARC1,RUS,EMB,embB@910_ins_tgg,U,{},"{""proportion"": 0.5, ""confidence"": [0.09453120573423071, 0.9054687942657693], ""p_value"": 0.09749999999999999, ""contingency"": [[1, 1], [226, 21192]]}",{}
381,NC00962.3,EMB-0.05-0.95,0.0,GARC1,RUS,EMB,embB@Y334H,U,{},"{""proportion"": 0.0, ""confidence"": [0.0, 0.7934506856227626], ""p_value"": 1.0, ""contingency"": [[0, 1], [226, 21192]]}",{}
384,NC00962.3,EMB-0.05-0.95,0.0,GARC1,RUS,EMB,embA@A571T,U,{},"{""proportion"": 0.0, ""confidence"": [0.0, 0.7934506856227626], ""p_value"": 1.0, ""contingency"": [[0, 1], [226, 21192]]}",{}
385,NC00962.3,EMB-0.05-0.95,0.0,GARC1,RUS,EMB,embB@G34E,U,{},"{""proportion"": 0.0, ""confidence"": [0.0, 0.7934506856227626], ""p_value"": 1.0, ""contingency"": [[0, 1], [226, 21192]]}",{}
386,NC00962.3,EMB-0.05-0.95,0.0,GARC1,RUS,EMB,embA@K166N,U,{},"{""proportion"": 0.0, ""confidence"": [0.0, 0.16112515805281938], ""p_value"": 0.6226463974646921, ""contingency"": [[0, 20], [226, 21192]]}",{}
387,NC00962.3,EMB-0.05-0.95,0.0,GARC1,RUS,EMB,embB@A228T,U,{},"{""proportion"": 0.0, ""confidence"": [0.0, 0.43448246478317476], ""p_value"": 1.0, ""contingency"": [[0, 5], [226, 21192]]}",{}
388,NC00962.3,EMB-0.05-0.95,0.0,GARC1,RUS,EMB,embA@K677E,U,{},"{""proportion"": 0.0, ""confidence"": [0.0, 0.7934506856227626], ""p_value"": 1.0, ""contingency"": [[0, 1], [226, 21192]]}",{}
389,NC00962.3,EMB-0.05-0.95,0.0,GARC1,RUS,EMB,embA@T853A,U,{},"{""proportion"": 0.0, ""confidence"": [3.384324554477539e-17, 0.39033428790216534], ""p_value"": 1.0, ""contingency"": [[0, 6], [226, 21192]]}",{}
390,NC00962.3,EMB-0.05-0.95,0.0,GARC1,RUS,EMB,embA@A23G,U,{},"{""proportion"": 0.0, ""confidence"": [0.0, 0.7934506856227626], ""p_value"": 1.0, ""contingency"": [[0, 1], [226, 21192]]}",{}
391,NC00962.3,EMB-0.05-0.95,0.0,GARC1,RUS,EMB,embA@V1078M,U,{},"{""proportion"": 0.0, ""confidence"": [0.0, 0.7934506856227626], ""p_value"": 1.0, ""contingency"": [[0, 1], [226, 21192]]}",{}
392,NC00962.3,EMB-0.05-0.95,0.0,GARC1,RUS,EMB,embA@T300M,U,{},"{""proportion"": 0.0, ""confidence"": [3.384324554477539e-17, 0.39033428790216534], ""p_value"": 1.0, ""contingency"": [[0, 6], [226, 21192]]}",{}
393,NC00962.3,EMB-0.05-0.95,0.0,GARC1,RUS,EMB,embB@V282A,U,{},"{""proportion"": 0.0, ""confidence"": [3.384324554477539e-17, 0.39033428790216534], ""p_value"": 1.0, ""contingency"": [[0, 6], [226, 21192]]}",{}
394,NC00962.3,EMB-0.05-0.95,0.0,GARC1,RUS,EMB,embB@Q853P,U,{},"{""proportion"": 0.0, ""confidence"": [3.384324554477539e-17, 0.39033428790216534], ""p_value"": 1.0, ""contingency"": [[0, 6], [226, 21192]]}",{}
395,NC00962.3,EMB-0.05-0.95,0.0,GARC1,RUS,EMB,embA@t-82c,U,{},"{""proportion"": 0.0, ""confidence"": [0.0, 0.6576197724933469], ""p_value"": 1.0, ""contingency"": [[0, 2], [226, 21192]]}",{}
396,NC00962.3,EMB-0.05-0.95,0.0,GARC1,RUS,EMB,embA@V489I,U,{},"{""proportion"": 0.0, ""confidence"": [0.0, 0.7934506856227626], ""p_value"": 1.0, ""contingency"": [[0, 1], [226, 21192]]}",{}
397,NC00962.3,EMB-0.05-0.95,0.0,GARC1,RUS,EMB,embA@L659F,U,{},"{""proportion"": 0.0, ""confidence"": [0.0, 0.43448246478317476], ""p_value"": 1.0, ""contingency"": [[0, 5], [226, 21192]]}",{}
398,NC00962.3,EMB-0.05-0.95,0.0,GARC1,RUS,EMB,embA@S340N,U,{},"{""proportion"": 0.0, ""confidence"": [0.0, 0.7934506856227626], ""p_value"": 1.0, ""contingency"": [[0, 1], [226, 21192]]}",{}
399,NC00962.3,EMB-0.05-0.95,0.0,GARC1,RUS,EMB,embB@G62R,U,{},"{""proportion"": 0.0, ""confidence"": [4.8683609171202235e-17, 0.5614970317550455], ""p_value"": 1.0, ""contingency"": [[0, 3], [226, 21192]]}",{}
400,NC00962.3,EMB-0.05-0.95,0.0,GARC1,RUS,EMB,embA@-40_del_t,U,{},"{""proportion"": 0.0, ""confidence"": [3.384324554477539e-17, 0.39033428790216534], ""p_value"": 1.0, ""contingency"": [[0, 6], [226, 21192]]}",{}
401,NC00962.3,EMB-0.05-0.95,0.0,GARC1,RUS,EMB,embB@P70R,U,{},"{""proportion"": 0.0, ""confidence"": [0.0, 0.2991450484195441], ""p_value"": 1.0, ""contingency"": [[0, 9], [226, 21192]]}",{}
402,NC00962.3,EMB-0.05-0.95,0.0,GARC1,RUS,EMB,embA@V613M,U,{},"{""proportion"": 0.0, ""confidence"": [0.0, 0.7934506856227626], ""p_value"": 1.0, ""contingency"": [[0, 1], [226, 21192]]}",{}
403,NC00962.3,EMB-0.05-0.95,0.0,GARC1,RUS,EMB,embB@V1048I,U,{},"{""proportion"": 0.0, ""confidence"": [0.0, 0.6576197724933469], ""p_value"": 1.0, ""contingency"": [[0, 2], [226, 21192]]}",{}
404,NC00962.3,EMB-0.05-0.95,0.0,GARC1,RUS,EMB,embA@D273N,U,{},"{""proportion"": 0.0, ""confidence"": [0.0, 0.7934506856227626], ""p_value"": 1.0, ""contingency"": [[0, 1], [226, 21192]]}",{}
405,NC00962.3,EMB-0.05-0.95,0.0,GARC1,RUS,EMB,embB@P655Q,U,{},"{""proportion"": 0.0, ""confidence"": [0.0, 0.4898908364545973], ""p_value"": 1.0, ""contingency"": [[0, 4], [226, 21192]]}",{}
406,NC00962.3,EMB-0.05-0.95,0.0,GARC1,RUS,EMB,embB@R620C,U,{},"{""proportion"": 0.0, ""confidence"": [2.1025014877572554e-17, 0.24249400665524087], ""p_value"": 1.0, ""contingency"": [[0, 12], [226, 21192]]}",{}
407,NC00962.3,EMB-0.05-0.95,0.0,GARC1,RUS,EMB,embA@G1085V,U,{},"{""proportion"": 0.0, ""confidence"": [0.0, 0.7934506856227626], ""p_value"": 1.0, ""contingency"": [[0, 1], [226, 21192]]}",{}
408,NC00962.3,EMB-0.05-0.95,0.0,GARC1,RUS,EMB,embB@E951Q,U,{},"{""proportion"": 0.0, ""confidence"": [0.0, 0.22809537235419838], ""p_value"": 1.0, ""contingency"": [[0, 13], [226, 21192]]}",{}
409,NC00962.3,EMB-0.05-0.95,0.0,GARC1,RUS,EMB,embA@G623A,U,{},"{""proportion"": 0.0, ""confidence"": [0.0, 0.7934506856227626], ""p_value"": 1.0, ""contingency"": [[0, 1], [226, 21192]]}",{}
410,NC00962.3,EMB-0.05-0.95,0.0,GARC1,RUS,EMB,embA@V558L,U,{},"{""proportion"": 0.0, ""confidence"": [0.0, 0.2588329669680317], ""p_value"": 1.0, ""contingency"": [[0, 11], [226, 21192]]}",{}
411,NC00962.3,EMB-0.05-0.95,0.0,GARC1,RUS,EMB,embA@A852T,U,{},"{""proportion"": 0.0, ""confidence"": [0.0, 0.14311661845042686], ""p_value"": 0.6279364232802338, ""contingency"": [[0, 23], [226, 21192]]}",{}
412,NC00962.3,EMB-0.05-0.95,0.0,GARC1,RUS,EMB,embB@L239R,U,{},"{""proportion"": 0.0, ""confidence"": [0.0, 0.7934506856227626], ""p_value"": 1.0, ""contingency"": [[0, 1], [226, 21192]]}",{}
413,NC00962.3,EMB-0.05-0.95,0.0,GARC1,RUS,EMB,embA@T434P,U,{},"{""proportion"": 0.0, ""confidence"": [0.0, 0.6576197724933469], ""p_value"": 1.0, ""contingency"": [[0, 2], [226, 21192]]}",{}
414,NC00962.3,EMB-0.05-0.95,0.0,GARC1,RUS,EMB,embB@P477A,U,{},"{""proportion"": 0.0, ""confidence"": [0.0, 0.7934506856227626], ""p_value"": 1.0, ""contingency"": [[0, 1], [226, 21192]]}",{}
415,NC00962.3,EMB-0.05-0.95,0.0,GARC1,RUS,EMB,embB@S142C,U,{},"{""proportion"": 0.0, ""confidence"": [4.8683609171202235e-17, 0.5614970317550455], ""p_value"": 1.0, ""contingency"": [[0, 3], [226, 21192]]}",{}
416,NC00962.3,EMB-0.05-0.95,0.0,GARC1,RUS,EMB,embA@A315V,U,{},"{""proportion"": 0.0, ""confidence"": [0.0, 0.7934506856227626], ""p_value"": 1.0, ""contingency"": [[0, 1], [226, 21192]]}",{}
417,NC00962.3,EMB-0.05-0.95,0.0,GARC1,RUS,EMB,embA@A419T,U,{},"{""proportion"": 0.0, ""confidence"": [0.0, 0.7934506856227626], ""p_value"": 1.0, ""contingency"": [[0, 1], [226, 21192]]}",{}
418,NC00962.3,EMB-0.05-0.95,0.0,GARC1,RUS,EMB,embA@D883E,U,{},"{""proportion"": 0.0, ""confidence"": [0.0, 0.7934506856227626], ""p_value"": 1.0, ""contingency"": [[0, 1], [226, 21192]]}",{}
419,NC00962.3,EMB-0.05-0.95,0.0,GARC1,RUS,EMB,embB@V39G,U,{},"{""proportion"": 0.0, ""confidence"": [0.0, 0.6576197724933469], ""p_value"": 1.0, ""contingency"": [[0, 2], [226, 21192]]}",{}
420,NC00962.3,EMB-0.05-0.95,0.0,GARC1,RUS,EMB,embA@T837A,U,{},"{""proportion"": 0.0, ""confidence"": [0.0, 0.4898908364545973], ""p_value"": 1.0, ""contingency"": [[0, 4], [226, 21192]]}",{}
421,NC00962.3,EMB-0.05-0.95,0.0,GARC1,RUS,EMB,embA@I413V,U,{},"{""proportion"": 0.0, ""confidence"": [0.0, 0.7934506856227626], ""p_value"": 1.0, ""contingency"": [[0, 1], [226, 21192]]}",{}
422,NC00962.3,EMB-0.05-0.95,0.0,GARC1,RUS,EMB,embB@A485V,U,{},"{""proportion"": 0.0, ""confidence"": [0.0, 0.6576197724933469], ""p_value"": 1.0, ""contingency"": [[0, 2], [226, 21192]]}",{}
423,NC00962.3,EMB-0.05-0.95,0.0,GARC1,RUS,EMB,embB@G194R,U,{},"{""proportion"": 0.0, ""confidence"": [0.0, 0.6576197724933469], ""p_value"": 1.0, ""contingency"": [[0, 2], [226, 21192]]}",{}
424,NC00962.3,EMB-0.05-0.95,0.0,GARC1,RUS,EMB,embB@N129D,U,{},"{""proportion"": 0.0, ""confidence"": [0.0, 0.6576197724933469], ""p_value"": 1.0, ""contingency"": [[0, 2], [226, 21192]]}",{}
425,NC00962.3,EMB-0.05-0.95,0.0,GARC1,RUS,EMB,embB@G244R,U,{},"{""proportion"": 0.0, ""confidence"": [0.0, 0.7934506856227626], ""p_value"": 1.0, ""contingency"": [[0, 1], [226, 21192]]}",{}
426,NC00962.3,EMB-0.05-0.95,0.0,GARC1,RUS,EMB,embA@L1008P,U,{},"{""proportion"": 0.0, ""confidence"": [4.8683609171202235e-17, 0.5614970317550455], ""p_value"": 1.0, ""contingency"": [[0, 3], [226, 21192]]}",{}
427,NC00962.3,EMB-0.05-0.95,0.0,GARC1,RUS,EMB,embA@G157R,U,{},"{""proportion"": 0.0, ""confidence"": [0.0, 0.7934506856227626], ""p_value"": 1.0, ""contingency"": [[0, 1], [226, 21192]]}",{}
428,NC00962.3,EMB-0.05-0.95,0.0,GARC1,RUS,EMB,embB@C549Y,U,{},"{""proportion"": 0.0, ""confidence"": [4.8683609171202235e-17, 0.5614970317550455], ""p_value"": 1.0, ""contingency"": [[0, 3], [226, 21192]]}",{}
429,NC00962.3,EMB-0.05-0.95,0.0,GARC1,RUS,EMB,embA@N37S,U,{},"{""proportion"": 0.0, ""confidence"": [0.0, 0.7934506856227626], ""p_value"": 1.0, ""contingency"": [[0, 1], [226, 21192]]}",{}
430,NC00962.3,EMB-0.05-0.95,0.0,GARC1,RUS,EMB,embA@G823E,U,{},"{""proportion"": 0.0, ""confidence"": [4.8683609171202235e-17, 0.5614970317550455], ""p_value"": 1.0, ""contingency"": [[0, 3], [226, 21192]]}",{}
431,NC00962.3,EMB-0.05-0.95,0.0,GARC1,RUS,EMB,embA@S1040L,U,{},"{""proportion"": 0.0, ""confidence"": [0.0, 0.7934506856227626], ""p_value"": 1.0, ""contingency"": [[0, 1], [226, 21192]]}",{}
432,NC00962.3,EMB-0.05-0.95,0.0,GARC1,RUS,EMB,embA@A804T,U,{},"{""proportion"": 0.0, ""confidence"": [0.0, 0.7934506856227626], ""p_value"": 1.0, ""contingency"": [[0, 1], [226, 21192]]}",{}
433,NC00962.3,EMB-0.05-0.95,0.0,GARC1,RUS,EMB,embB@A155G,U,{},"{""proportion"": 0.0, ""confidence"": [0.0, 0.7934506856227626], ""p_value"": 1.0, ""contingency"": [[0, 1], [226, 21192]]}",{}
434,NC00962.3,EMB-0.05-0.95,0.0,GARC1,RUS,EMB,embA@W393S,U,{},"{""proportion"": 0.0, ""confidence"": [0.0, 0.7934506856227626], ""p_value"": 1.0, ""contingency"": [[0, 1], [226, 21192]]}",{}
435,NC00962.3,EMB-0.05-0.95,0.0,GARC1,RUS,EMB,embA@V534L,U,{},"{""proportion"": 0.0, ""confidence"": [0.0, 0.6576197724933469], ""p_value"": 1.0, ""contingency"": [[0, 2], [226, 21192]]}",{}
436,NC00962.3,EMB-0.05-0.95,0.0,GARC1,RUS,EMB,embB@M396L,U,{},"{""proportion"": 0.0, ""confidence"": [0.0, 0.7934506856227626], ""p_value"": 1.0, ""contingency"": [[0, 1], [226, 21192]]}",{}
437,NC00962.3,EMB-0.05-0.95,0.0,GARC1,RUS,EMB,embA@R194Q,U,{},"{""proportion"": 0.0, ""confidence"": [0.0, 0.43448246478317476], ""p_value"": 1.0, ""contingency"": [[0, 5], [226, 21192]]}",{}
438,NC00962.3,EMB-0.05-0.95,0.0,GARC1,RUS,EMB,embA@V911G,U,{},"{""proportion"": 0.0, ""confidence"": [0.0, 0.7934506856227626], ""p_value"": 1.0, ""contingency"": [[0, 1], [226, 21192]]}",{}
439,NC00962.3,EMB-0.05-0.95,0.0,GARC1,RUS,EMB,embA@A223V,U,{},"{""proportion"": 0.0, ""confidence"": [0.0, 0.7934506856227626], ""p_value"": 1.0, ""contingency"": [[0, 1], [226, 21192]]}",{}
440,NC00962.3,EMB-0.05-0.95,0.0,GARC1,RUS,EMB,embB@S22F,U,{},"{""proportion"": 0.0, ""confidence"": [0.0, 0.7934506856227626], ""p_value"": 1.0, ""contingency"": [[0, 1], [226, 21192]]}",{}
441,NC00962.3,EMB-0.05-0.95,0.0,GARC1,RUS,EMB,embB@G305C,U,{},"{""proportion"": 0.0, ""confidence"": [4.8683609171202235e-17, 0.5614970317550455], ""p_value"": 1.0, ""contingency"": [[0, 3], [226, 21192]]}",{}
442,NC00962.3,EMB-0.05-0.95,0.0,GARC1,RUS,EMB,embA@R866Q,U,{},"{""proportion"": 0.0, ""confidence"": [0.0, 0.6576197724933469], ""p_value"": 1.0, ""contingency"": [[0, 2], [226, 21192]]}",{}
443,NC00962.3,EMB-0.05-0.95,0.0,GARC1,RUS,EMB,embA@R229T,U,{},"{""proportion"": 0.0, ""confidence"": [0.0, 0.7934506856227626], ""p_value"": 1.0, ""contingency"": [[0, 1], [226, 21192]]}",{}
444,NC00962.3,EMB-0.05-0.95,0.0,GARC1,RUS,EMB,embB@V377M,U,{},"{""proportion"": 0.0, ""confidence"": [0.0, 0.7934506856227626], ""p_value"": 1.0, ""contingency"": [[0, 1], [226, 21192]]}",{}
445,NC00962.3,EMB-0.05-0.95,0.0,GARC1,RUS,EMB,embA@L261S,U,{},"{""proportion"": 0.0, ""confidence"": [0.0, 0.7934506856227626], ""p_value"": 1.0, ""contingency"": [[0, 1], [226, 21192]]}",{}
446,NC00962.3,EMB-0.05-0.95,0.0,GARC1,RUS,EMB,embA@R445P,U,{},"{""proportion"": 0.0, ""confidence"": [0.0, 0.7934506856227626], ""p_value"": 1.0, ""contingency"": [[0, 1], [226, 21192]]}",{}
447,NC00962.3,EMB-0.05-0.95,0.0,GARC1,RUS,EMB,embB@A155V,U,{},"{""proportion"": 0.0, ""confidence"": [0.0, 0.7934506856227626], ""p_value"": 1.0, ""contingency"": [[0, 1], [226, 21192]]}",{}
448,NC00962.3,EMB-0.05-0.95,0.0,GARC1,RUS,EMB,embB@A852V,U,{},"{""proportion"": 0.0, ""confidence"": [0.0, 0.7934506856227626], ""p_value"": 1.0, ""contingency"": [[0, 1], [226, 21192]]}",{}
449,NC00962.3,EMB-0.05-0.95,0.0,GARC1,RUS,EMB,embA@H673R,U,{},"{""proportion"": 0.0, ""confidence"": [3.584186086443356e-17, 0.3543304350666874], ""p_value"": 1.0, ""contingency"": [[0, 7], [226, 21192]]}",{}
450,NC00962.3,EMB-0.05-0.95,0.0,GARC1,RUS,EMB,embB@F79L,U,{},"{""proportion"": 0.0, ""confidence"": [0.0, 0.7934506856227626], ""p_value"": 1.0, ""contingency"": [[0, 1], [226, 21192]]}",{}
451,NC00962.3,EMB-0.05-0.95,0.0,GARC1,RUS,EMB,embA@L781H,U,{},"{""proportion"": 0.0, ""confidence"": [0.0, 0.7934506856227626], ""p_value"": 1.0, ""contingency"": [[0, 1], [226, 21192]]}",{}
452,NC00962.3,EMB-0.05-0.95,0.0,GARC1,RUS,EMB,embB@A693T,U,{},"{""proportion"": 0.0, ""confidence"": [0.0, 0.6576197724933469], ""p_value"": 1.0, ""contingency"": [[0, 2], [226, 21192]]}",{}
453,NC00962.3,EMB-0.05-0.95,0.0,GARC1,RUS,EMB,embB@T797A,U,{},"{""proportion"": 0.0, ""confidence"": [4.8683609171202235e-17, 0.5614970317550455], ""p_value"": 1.0, ""contingency"": [[0, 3], [226, 21192]]}",{}
454,NC00962.3,EMB-0.05-0.95,0.0,GARC1,RUS,EMB,embA@G596S,U,{},"{""proportion"": 0.0, ""confidence"": [0.0, 0.2775327998628892], ""p_value"": 1.0, ""contingency"": [[0, 10], [226, 21192]]}",{}
455,NC00962.3,EMB-0.05-0.95,0.0,GARC1,RUS,EMB,embA@V627A,U,{},"{""proportion"": 0.0, ""confidence"": [0.0, 0.6576197724933469], ""p_value"": 1.0, ""contingency"": [[0, 2], [226, 21192]]}",{}
456,NC00962.3,EMB-0.05-0.95,0.0,GARC1,RUS,EMB,embB@P93H,U,{},"{""proportion"": 0.0, ""confidence"": [0.0, 0.7934506856227626], ""p_value"": 1.0, ""contingency"": [[0, 1], [226, 21192]]}",{}
457,NC00962.3,EMB-0.05-0.95,0.0,GARC1,RUS,EMB,embB@S272N,U,{},"{""proportion"": 0.0, ""confidence"": [4.8683609171202235e-17, 0.5614970317550455], ""p_value"": 1.0, ""contingency"": [[0, 3], [226, 21192]]}",{}
458,NC00962.3,EMB-0.05-0.95,0.0,GARC1,RUS,EMB,embA@V396M,U,{},"{""proportion"": 0.0, ""confidence"": [0.0, 0.6576197724933469], ""p_value"": 1.0, ""contingency"": [[0, 2], [226, 21192]]}",{}
459,NC00962.3,EMB-0.05-0.95,0.0,GARC1,RUS,EMB,embB@P45L,U,{},"{""proportion"": 0.0, ""confidence"": [0.0, 0.7934506856227626], ""p_value"": 1.0, ""contingency"": [[0, 1], [226, 21192]]}",{}
460,NC00962.3,EMB-0.05-0.95,0.0,GARC1,RUS,EMB,embA@S20P,U,{},"{""proportion"": 0.0, ""confidence"": [0.0, 0.4898908364545973], ""p_value"": 1.0, ""contingency"": [[0, 4], [226, 21192]]}",{}
461,NC00962.3,EMB-0.05-0.95,0.0,GARC1,RUS,EMB,embB@T532A,U,{},"{""proportion"": 0.0, ""confidence"": [0.0, 0.6576197724933469], ""p_value"": 1.0, ""contingency"": [[0, 2], [226, 21192]]}",{}
462,NC00962.3,EMB-0.05-0.95,0.0,GARC1,RUS,EMB,embA@I553L,U,{},"{""proportion"": 0.0, ""confidence"": [0.0, 0.6576197724933469], ""p_value"": 1.0, ""contingency"": [[0, 2], [226, 21192]]}",{}
463,NC00962.3,EMB-0.05-0.95,0.0,GARC1,RUS,EMB,embB@A388D,U,{},"{""proportion"": 0.0, ""confidence"": [0.0, 0.6576197724933469], ""p_value"": 1.0, ""contingency"": [[0, 2], [226, 21192]]}",{}
464,NC00962.3,EMB-0.05-0.95,0.0,GARC1,RUS,EMB,embA@D144G,U,{},"{""proportion"": 0.0, ""confidence"": [0.0, 0.7934506856227626], ""p_value"": 1.0, ""contingency"": [[0, 1], [226, 21192]]}",{}
465,NC00962.3,EMB-0.05-0.95,0.0,GARC1,RUS,EMB,embA@A586T,U,{},"{""proportion"": 0.0, ""confidence"": [0.0, 0.6576197724933469], ""p_value"": 1.0, ""contingency"": [[0, 2], [226, 21192]]}",{}
466,NC00962.3,EMB-0.05-0.95,0.0,GARC1,RUS,EMB,embB@A454P,U,{},"{""proportion"": 0.0, ""confidence"": [0.0, 0.7934506856227626], ""p_value"": 1.0, ""contingency"": [[0, 1], [226, 21192]]}",{}
467,NC00962.3,EMB-0.05-0.95,0.0,GARC1,RUS,EMB,embB@D970A,U,{},"{""proportion"": 0.0, ""confidence"": [0.0, 0.7934506856227626], ""p_value"": 1.0, ""contingency"": [[0, 1], [226, 21192]]}",{}
468,NC00962.3,EMB-0.05-0.95,0.0,GARC1,RUS,EMB,embA@L525M,U,{},"{""proportion"": 0.0, ""confidence"": [0.0, 0.6576197724933469], ""p_value"": 1.0, ""contingency"": [[0, 2], [226, 21192]]}",{}
469,NC00962.3,EMB-0.05-0.95,0.0,GARC1,RUS,EMB,embB@G65D,U,{},"{""proportion"": 0.0, ""confidence"": [0.0, 0.4898908364545973], ""p_value"": 1.0, ""contingency"": [[0, 4], [226, 21192]]}",{}
470,NC00962.3,EMB-0.05-0.95,0.0,GARC1,RUS,EMB,embA@W306G,U,{},"{""proportion"": 0.0, ""confidence"": [0.0, 0.7934506856227626], ""p_value"": 1.0, ""contingency"": [[0, 1], [226, 21192]]}",{}
471,NC00962.3,EMB-0.05-0.95,0.0,GARC1,RUS,EMB,embB@V414G,U,{},"{""proportion"": 0.0, ""confidence"": [0.0, 0.6576197724933469], ""p_value"": 1.0, ""contingency"": [[0, 2], [226, 21192]]}",{}
472,NC00962.3,EMB-0.05-0.95,0.0,GARC1,RUS,EMB,embA@D274G,U,{},"{""proportion"": 0.0, ""confidence"": [0.0, 0.7934506856227626], ""p_value"": 1.0, ""contingency"": [[0, 1], [226, 21192]]}",{}
473,NC00962.3,EMB-0.05-0.95,0.0,GARC1,RUS,EMB,embA@E512A,U,{},"{""proportion"": 0.0, ""confidence"": [0.0, 0.7934506856227626], ""p_value"": 1.0, ""contingency"": [[0, 1], [226, 21192]]}",{}
474,NC00962.3,EMB-0.05-0.95,0.0,GARC1,RUS,EMB,embA@S318L,U,{},"{""proportion"": 0.0, ""confidence"": [0.0, 0.43448246478317476], ""p_value"": 1.0, ""contingency"": [[0, 5], [226, 21192]]}",{}
475,NC00962.3,EMB-0.05-0.95,0.0,GARC1,RUS,EMB,embA@R188H,U,{},"{""proportion"": 0.0, ""confidence"": [0.0, 0.7934506856227626], ""p_value"": 1.0, ""contingency"": [[0, 1], [226, 21192]]}",{}
476,NC00962.3,EMB-0.05-0.95,0.0,GARC1,RUS,EMB,embA@I595V,U,{},"{""proportion"": 0.0, ""confidence"": [0.0, 0.43448246478317476], ""p_value"": 1.0, ""contingency"": [[0, 5], [226, 21192]]}",{}
477,NC00962.3,EMB-0.05-0.95,0.0,GARC1,RUS,EMB,embB@A235V,U,{},"{""proportion"": 0.0, ""confidence"": [0.0, 0.7934506856227626], ""p_value"": 1.0, ""contingency"": [[0, 1], [226, 21192]]}",{}
478,NC00962.3,EMB-0.05-0.95,0.0,GARC1,RUS,EMB,embA@I131V,U,{},"{""proportion"": 0.0, ""confidence"": [4.8683609171202235e-17, 0.5614970317550455], ""p_value"": 1.0, ""contingency"": [[0, 3], [226, 21192]]}",{}
479,NC00962.3,EMB-0.05-0.95,0.0,GARC1,RUS,EMB,embB@P197R,U,{},"{""proportion"": 0.0, ""confidence"": [0.0, 0.7934506856227626], ""p_value"": 1.0, ""contingency"": [[0, 1], [226, 21192]]}",{}
480,NC00962.3,EMB-0.05-0.95,0.0,GARC1,RUS,EMB,embA@N110D,U,{},"{""proportion"": 0.0, ""confidence"": [0.0, 0.6576197724933469], ""p_value"": 1.0, ""contingency"": [[0, 2], [226, 21192]]}",{}
481,NC00962.3,EMB-0.05-0.95,0.0,GARC1,RUS,EMB,embA@W931L,U,{},"{""proportion"": 0.0, ""confidence"": [0.0, 0.7934506856227626], ""p_value"": 1.0, ""contingency"": [[0, 1], [226, 21192]]}",{}
482,NC00962.3,EMB-0.05-0.95,0.0,GARC1,RUS,EMB,embA@P381L,U,{},"{""proportion"": 0.0, ""confidence"": [0.0, 0.6576197724933469], ""p_value"": 1.0, ""contingency"": [[0, 2], [226, 21192]]}",{}
483,NC00962.3,EMB-0.05-0.95,0.0,GARC1,RUS,EMB,embA@G1088!,U,{},"{""proportion"": 0.0, ""confidence"": [0.0, 0.7934506856227626], ""p_value"": 1.0, ""contingency"": [[0, 1], [226, 21192]]}",{}
484,NC00962.3,EMB-0.05-0.95,0.0,GARC1,RUS,EMB,embB@R623P,U,{},"{""proportion"": 0.0, ""confidence"": [0.0, 0.7934506856227626], ""p_value"": 1.0, ""contingency"": [[0, 1], [226, 21192]]}",{}
485,NC00962.3,EMB-0.05-0.95,0.0,GARC1,RUS,EMB,embA@A109T,U,{},"{""proportion"": 0.0, ""confidence"": [0.0, 0.6576197724933469], ""p_value"": 1.0, ""contingency"": [[0, 2], [226, 21192]]}",{}
486,NC00962.3,EMB-0.05-0.95,0.0,GARC1,RUS,EMB,embA@L563V,U,{},"{""proportion"": 0.0, ""confidence"": [0.0, 0.7934506856227626], ""p_value"": 1.0, ""contingency"": [[0, 1], [226, 21192]]}",{}
487,NC00962.3,EMB-0.05-0.95,0.0,GARC1,RUS,EMB,embB@G665W,U,{},"{""proportion"": 0.0, ""confidence"": [0.0, 0.4898908364545973], ""p_value"": 1.0, ""contingency"": [[0, 4], [226, 21192]]}",{}
488,NC00962.3,EMB-0.05-0.95,0.0,GARC1,RUS,EMB,embB@L1053V,U,{},"{""proportion"": 0.0, ""confidence"": [0.0, 0.7934506856227626], ""p_value"": 1.0, ""contingency"": [[0, 1], [226, 21192]]}",{}
489,NC00962.3,EMB-0.05-0.95,0.0,GARC1,RUS,EMB,embB@A993T,U,{},"{""proportion"": 0.0, ""confidence"": [0.0, 0.7934506856227626], ""p_value"": 1.0, ""contingency"": [[0, 1], [226, 21192]]}",{}
490,NC00962.3,EMB-0.05-0.95,0.0,GARC1,RUS,EMB,embA@I821T,U,{},"{""proportion"": 0.0, ""confidence"": [0.0, 0.7934506856227626], ""p_value"": 1.0, ""contingency"": [[0, 1], [226, 21192]]}",{}
491,NC00962.3,EMB-0.05-0.95,0.0,GARC1,RUS,EMB,embB@D752H,U,{},"{""proportion"": 0.0, ""confidence"": [0.0, 0.7934506856227626], ""p_value"": 1.0, ""contingency"": [[0, 1], [226, 21192]]}",{}
492,NC00962.3,EMB-0.05-0.95,0.0,GARC1,RUS,EMB,embB@V898M,U,{},"{""proportion"": 0.0, ""confidence"": [0.0, 0.7934506856227626], ""p_value"": 1.0, ""contingency"": [[0, 1], [226, 21192]]}",{}
493,NC00962.3,EMB-0.05-0.95,0.0,GARC1,RUS,EMB,embA@T300A,U,{},"{""proportion"": 0.0, ""confidence"": [0.0, 0.7934506856227626], ""p_value"": 1.0, ""contingency"": [[0, 1], [226, 21192]]}",{}
494,NC00962.3,EMB-0.05-0.95,0.0,GARC1,RUS,EMB,embA@R11Q,U,{},"{""proportion"": 0.0, ""confidence"": [0.0, 0.6576197724933469], ""p_value"": 1.0, ""contingency"": [[0, 2], [226, 21192]]}",{}
495,NC00962.3,EMB-0.05-0.95,0.0,GARC1,RUS,EMB,embB@D78E,U,{},"{""proportion"": 0.0, ""confidence"": [0.0, 0.7934506856227626], ""p_value"": 1.0, ""contingency"": [[0, 1], [226, 21192]]}",{}
496,NC00962.3,EMB-0.05-0.95,0.0,GARC1,RUS,EMB,embA@V458P,U,{},"{""proportion"": 0.0, ""confidence"": [0.0, 0.6576197724933469], ""p_value"": 1.0, ""contingency"": [[0, 2], [226, 21192]]}",{}
497,NC00962.3,EMB-0.05-0.95,0.0,GARC1,RUS,EMB,embA@R234P,U,{},"{""proportion"": 0.0, ""confidence"": [0.0, 0.7934506856227626], ""p_value"": 1.0, ""contingency"": [[0, 1], [226, 21192]]}",{}
498,NC00962.3,EMB-0.05-0.95,0.0,GARC1,RUS,EMB,embB@P809S,U,{},"{""proportion"": 0.0, ""confidence"": [0.0, 0.43448246478317476], ""p_value"": 1.0, ""contingency"": [[0, 5], [226, 21192]]}",{}
499,NC00962.3,EMB-0.05-0.95,0.0,GARC1,RUS,EMB,embA@A571S,U,{},"{""proportion"": 0.0, ""confidence"": [0.0, 0.7934506856227626], ""p_value"": 1.0, ""contingency"": [[0, 1], [226, 21192]]}",{}
500,NC00962.3,EMB-0.05-0.95,0.0,GARC1,RUS,EMB,embB@V727A,U,{},"{""proportion"": 0.0, ""confidence"": [0.0, 0.7934506856227626], ""p_value"": 1.0, ""contingency"": [[0, 1], [226, 21192]]}",{}
501,NC00962.3,EMB-0.05-0.95,0.0,GARC1,RUS,EMB,embA@M324V,U,{},"{""proportion"": 0.0, ""confidence"": [0.0, 0.7934506856227626], ""p_value"": 1.0, ""contingency"": [[0, 1], [226, 21192]]}",{}
502,NC00962.3,EMB-0.05-0.95,0.0,GARC1,RUS,EMB,embA@V458A,U,{},"{""proportion"": 0.0, ""confidence"": [0.0, 0.7934506856227626], ""p_value"": 1.0, ""contingency"": [[0, 1], [226, 21192]]}",{}
503,NC00962.3,EMB-0.05-0.95,0.0,GARC1,RUS,EMB,embB@L268P,U,{},"{""proportion"": 0.0, ""confidence"": [0.0, 0.7934506856227626], ""p_value"": 1.0, ""contingency"": [[0, 1], [226, 21192]]}",{}
504,NC00962.3,EMB-0.05-0.95,0.0,GARC1,RUS,EMB,embA@F650L,U,{},"{""proportion"": 0.0, ""confidence"": [0.0, 0.7934506856227626], ""p_value"": 1.0, ""contingency"": [[0, 1], [226, 21192]]}",{}
505,NC00962.3,EMB-0.05-0.95,0.0,GARC1,RUS,EMB,embA@Q990H,U,{},"{""proportion"": 0.0, ""confidence"": [0.0, 0.7934506856227626], ""p_value"": 1.0, ""contingency"": [[0, 1], [226, 21192]]}",{}
506,NC00962.3,EMB-0.05-0.95,0.0,GARC1,RUS,EMB,embA@E397K,U,{},"{""proportion"": 0.0, ""confidence"": [0.0, 0.7934506856227626], ""p_value"": 1.0, ""contingency"": [[0, 1], [226, 21192]]}",{}
507,NC00962.3,EMB-0.05-0.95,0.0,GARC1,RUS,EMB,embB@P818T,U,{},"{""proportion"": 0.0, ""confidence"": [0.0, 0.6576197724933469], ""p_value"": 1.0, ""contingency"": [[0, 2], [226, 21192]]}",{}
508,NC00962.3,EMB-0.05-0.95,0.0,GARC1,RUS,EMB,embB@A705T,U,{},"{""proportion"": 0.0, ""confidence"": [0.0, 0.7934506856227626], ""p_value"": 1.0, ""contingency"": [[0, 1], [226, 21192]]}",{}
509,NC00962.3,EMB-0.05-0.95,0.0,GARC1,RUS,EMB,embA@A284S,U,{},"{""proportion"": 0.0, ""confidence"": [0.0, 0.7934506856227626], ""p_value"": 1.0, ""contingency"": [[0, 1], [226, 21192]]}",{}
510,NC00962.3,EMB-0.05-0.95,0.0,GARC1,RUS,EMB,embB@A677T,U,{},"{""proportion"": 0.0, ""confidence"": [0.0, 0.7934506856227626], ""p_value"": 1.0, ""contingency"": [[0, 1], [226, 21192]]}",{}
511,NC00962.3,EMB-0.05-0.95,0.0,GARC1,RUS,EMB,embB@R1059G,U,{},"{""proportion"": 0.0, ""confidence"": [0.0, 0.7934506856227626], ""p_value"": 1.0, ""contingency"": [[0, 1], [226, 21192]]}",{}
512,NC00962.3,EMB-0.05-0.95,0.0,GARC1,RUS,EMB,embA@T1033I,U,{},"{""proportion"": 0.0, ""confidence"": [0.0, 0.7934506856227626], ""p_value"": 1.0, ""contingency"": [[0, 1], [226, 21192]]}",{}
513,NC00962.3,EMB-0.05-0.95,0.0,GARC1,RUS,EMB,embB@T830M,U,{},"{""proportion"": 0.0, ""confidence"": [0.0, 0.7934506856227626], ""p_value"": 1.0, ""contingency"": [[0, 1], [226, 21192]]}",{}
514,NC00962.3,EMB-0.05-0.95,0.0,GARC1,RUS,EMB,embB@C549G,U,{},"{""proportion"": 0.0, ""confidence"": [0.0, 0.7934506856227626], ""p_value"": 1.0, ""contingency"": [[0, 1], [226, 21192]]}",{}
515,NC00962.3,EMB-0.05-0.95,0.0,GARC1,RUS,EMB,embB@R257W,U,{},"{""proportion"": 0.0, ""confidence"": [0.0, 0.7934506856227626], ""p_value"": 1.0, ""contingency"": [[0, 1], [226, 21192]]}",{}
516,NC00962.3,EMB-0.05-0.95,0.0,GARC1,RUS,EMB,embA@T113M,U,{},"{""proportion"": 0.0, ""confidence"": [0.0, 0.7934506856227626], ""p_value"": 1.0, ""contingency"": [[0, 1], [226, 21192]]}",{}
517,NC00962.3,EMB-0.05-0.95,0.0,GARC1,RUS,EMB,embB@A201T,U,{},"{""proportion"": 0.0, ""confidence"": [0.0, 0.7934506856227626], ""p_value"": 1.0, ""contingency"": [[0, 1], [226, 21192]]}",{}
518,NC00962.3,EMB-0.05-0.95,0.0,GARC1,RUS,EMB,embB@D869E,U,{},"{""proportion"": 0.0, ""confidence"": [4.8683609171202235e-17, 0.5614970317550455], ""p_value"": 1.0, ""contingency"": [[0, 3], [226, 21192]]}",{}
519,NC00962.3,EMB-0.05-0.95,0.0,GARC1,RUS,EMB,embA@T688M,U,{},"{""proportion"": 0.0, ""confidence"": [0.0, 0.7934506856227626], ""p_value"": 1.0, ""contingency"": [[0, 1], [226, 21192]]}",{}
520,NC00962.3,EMB-0.05-0.95,0.0,GARC1,RUS,EMB,embB@S261P,U,{},"{""proportion"": 0.0, ""confidence"": [0.0, 0.7934506856227626], ""p_value"": 1.0, ""contingency"": [[0, 1], [226, 21192]]}",{}
521,NC00962.3,EMB-0.05-0.95,0.0,GARC1,RUS,EMB,embB@K820N,U,{},"{""proportion"": 0.0, ""confidence"": [0.0, 0.7934506856227626], ""p_value"": 1.0, ""contingency"": [[0, 1], [226, 21192]]}",{}
522,NC00962.3,EMB-0.05-0.95,0.0,GARC1,RUS,EMB,embB@G914R,U,{},"{""proportion"": 0.0, ""confidence"": [0.0, 0.7934506856227626], ""p_value"": 1.0, ""contingency"": [[0, 1], [226, 21192]]}",{}
523,NC00962.3,EMB-0.05-0.95,0.0,GARC1,RUS,EMB,embA@T652M,U,{},"{""proportion"": 0.0, ""confidence"": [0.0, 0.7934506856227626], ""p_value"": 1.0, ""contingency"": [[0, 1], [226, 21192]]}",{}
524,NC00962.3,EMB-0.05-0.95,0.0,GARC1,RUS,EMB,embA@V89M,U,{},"{""proportion"": 0.0, ""confidence"": [0.0, 0.7934506856227626], ""p_value"": 1.0, ""contingency"": [[0, 1], [226, 21192]]}",{}
525,NC00962.3,EMB-0.05-0.95,0.0,GARC1,RUS,EMB,embA@Y307H,U,{},"{""proportion"": 0.0, ""confidence"": [4.8683609171202235e-17, 0.5614970317550455], ""p_value"": 1.0, ""contingency"": [[0, 3], [226, 21192]]}",{}
526,NC00962.3,EMB-0.05-0.95,0.0,GARC1,RUS,EMB,embB@V888M,U,{},"{""proportion"": 0.0, ""confidence"": [0.0, 0.7934506856227626], ""p_value"": 1.0, ""contingency"": [[0, 1], [226, 21192]]}",{}
527,NC00962.3,EMB-0.05-0.95,0.0,GARC1,RUS,EMB,embA@c-3t,U,{},"{""proportion"": 0.0, ""confidence"": [0.0, 0.7934506856227626], ""p_value"": 1.0, ""contingency"": [[0, 1], [226, 21192]]}",{}
528,NC00962.3,EMB-0.05-0.95,0.0,GARC1,RUS,EMB,embB@I578V,U,{},"{""proportion"": 0.0, ""confidence"": [0.0, 0.7934506856227626], ""p_value"": 1.0, ""contingency"": [[0, 1], [226, 21192]]}",{}
529,NC00962.3,EMB-0.05-0.95,0.0,GARC1,RUS,EMB,embB@A196T,U,{},"{""proportion"": 0.0, ""confidence"": [0.0, 0.7934506856227626], ""p_value"": 1.0, ""contingency"": [[0, 1], [226, 21192]]}",{}
530,NC00962.3,EMB-0.05-0.95,0.0,GARC1,RUS,EMB,embA@P976T,U,{},"{""proportion"": 0.0, ""confidence"": [0.0, 0.6576197724933469], ""p_value"": 1.0, ""contingency"": [[0, 2], [226, 21192]]}",{}
531,NC00962.3,EMB-0.05-0.95,0.0,GARC1,RUS,EMB,embB@I545M,U,{},"{""proportion"": 0.0, ""confidence"": [0.0, 0.6576197724933469], ""p_value"": 1.0, ""contingency"": [[0, 2], [226, 21192]]}",{}
532,NC00962.3,EMB-0.05-0.95,0.0,GARC1,RUS,EMB,embA@P774H,U,{},"{""proportion"": 0.0, ""confidence"": [0.0, 0.6576197724933469], ""p_value"": 1.0, ""contingency"": [[0, 2], [226, 21192]]}",{}
533,NC00962.3,EMB-0.05-0.95,0.0,GARC1,RUS,EMB,embA@P913S,U,{},"{""proportion"": 0.0, ""confidence"": [3.384324554477539e-17, 0.39033428790216534], ""p_value"": 1.0, ""contingency"": [[0, 6], [226, 21192]]}",{}
534,NC00962.3,EMB-0.05-0.95,0.0,GARC1,RUS,EMB,embB@G37S,U,{},"{""proportion"": 0.0, ""confidence"": [0.0, 0.43448246478317476], ""p_value"": 1.0, ""contingency"": [[0, 5], [226, 21192]]}",{}
535,NC00962.3,EMB-0.05-0.95,0.0,GARC1,RUS,EMB,embA@V819I,U,{},"{""proportion"": 0.0, ""confidence"": [0.0, 0.7934506856227626], ""p_value"": 1.0, ""contingency"": [[0, 1], [226, 21192]]}",{}
536,NC00962.3,EMB-0.05-0.95,0.0,GARC1,RUS,EMB,embA@G841A,U,{},"{""proportion"": 0.0, ""confidence"": [4.8683609171202235e-17, 0.5614970317550455], ""p_value"": 1.0, ""contingency"": [[0, 3], [226, 21192]]}",{}
537,NC00962.3,EMB-0.05-0.95,0.0,GARC1,RUS,EMB,embB@R568H,U,{},"{""proportion"": 0.0, ""confidence"": [0.0, 0.7934506856227626], ""p_value"": 1.0, ""contingency"": [[0, 1], [226, 21192]]}",{}
538,NC00962.3,EMB-0.05-0.95,0.0,GARC1,RUS,EMB,embA@S994F,U,{},"{""proportion"": 0.0, ""confidence"": [0.0, 0.7934506856227626], ""p_value"": 1.0, ""contingency"": [[0, 1], [226, 21192]]}",{}
539,NC00962.3,EMB-0.05-0.95,0.0,GARC1,RUS,EMB,embA@P1087S,U,{},"{""proportion"": 0.0, ""confidence"": [0.0, 0.7934506856227626], ""p_value"": 1.0, ""contingency"": [[0, 1], [226, 21192]]}",{}
540,NC00962.3,EMB-0.05-0.95,0.0,GARC1,RUS,EMB,embA@A721T,U,{},"{""proportion"": 0.0, ""confidence"": [0.0, 0.6576197724933469], ""p_value"": 1.0, ""contingency"": [[0, 2], [226, 21192]]}",{}
541,NC00962.3,EMB-0.05-0.95,0.0,GARC1,RUS,EMB,embA@L614M,U,{},"{""proportion"": 0.0, ""confidence"": [0.0, 0.7934506856227626], ""p_value"": 1.0, ""contingency"": [[0, 1], [226, 21192]]}",{}
542,NC00962.3,EMB-0.05-0.95,0.0,GARC1,RUS,EMB,embA@Y276C,U,{},"{""proportion"": 0.0, ""confidence"": [0.0, 0.7934506856227626], ""p_value"": 1.0, ""contingency"": [[0, 1], [226, 21192]]}",{}
543,NC00962.3,EMB-0.05-0.95,0.0,GARC1,RUS,EMB,embB@E1008A,U,{},"{""proportion"": 0.0, ""confidence"": [0.0, 0.7934506856227626], ""p_value"": 1.0, ""contingency"": [[0, 1], [226, 21192]]}",{}
544,NC00962.3,EMB-0.05-0.95,0.0,GARC1,RUS,EMB,embA@L832F,U,{},"{""proportion"": 0.0, ""confidence"": [0.0, 0.7934506856227626], ""p_value"": 1.0, ""contingency"": [[0, 1], [226, 21192]]}",{}
545,NC00962.3,EMB-0.05-0.95,0.0,GARC1,RUS,EMB,embB@P766R,U,{},"{""proportion"": 0.0, ""confidence"": [0.0, 0.6576197724933469], ""p_value"": 1.0, ""contingency"": [[0, 2], [226, 21192]]}",{}
546,NC00962.3,EMB-0.05-0.95,0.0,GARC1,RUS,EMB,embA@A1069V,U,{},"{""proportion"": 0.0, ""confidence"": [0.0, 0.7934506856227626], ""p_value"": 1.0, ""contingency"": [[0, 1], [226, 21192]]}",{}
547,NC00962.3,EMB-0.05-0.95,0.0,GARC1,RUS,EMB,embA@V698I,U,{},"{""proportion"": 0.0, ""confidence"": [0.0, 0.6576197724933469], ""p_value"": 1.0, ""contingency"": [[0, 2], [226, 21192]]}",{}
548,NC00962.3,EMB-0.05-0.95,0.0,GARC1,RUS,EMB,embA@R472G,U,{},"{""proportion"": 0.0, ""confidence"": [0.0, 0.7934506856227626], ""p_value"": 1.0, ""contingency"": [[0, 1], [226, 21192]]}",{}
549,NC00962.3,EMB-0.05-0.95,0.0,GARC1,RUS,EMB,embB@A547S,U,{},"{""proportion"": 0.0, ""confidence"": [0.0, 0.7934506856227626], ""p_value"": 1.0, ""contingency"": [[0, 1], [226, 21192]]}",{}
550,NC00962.3,EMB-0.05-0.95,0.0,GARC1,RUS,EMB,embA@a-68g,U,{},"{""proportion"": 0.0, ""confidence"": [0.0, 0.7934506856227626], ""p_value"": 1.0, ""contingency"": [[0, 1], [226, 21192]]}",{}
551,NC00962.3,EMB-0.05-0.95,0.0,GARC1,RUS,EMB,embB@V42L,U,{},"{""proportion"": 0.0, ""confidence"": [0.0, 0.7934506856227626], ""p_value"": 1.0, ""contingency"": [[0, 1], [226, 21192]]}",{}
552,NC00962.3,EMB-0.05-0.95,0.0,GARC1,RUS,EMB,embA@L62M,U,{},"{""proportion"": 0.0, ""confidence"": [0.0, 0.7934506856227626], ""p_value"": 1.0, ""contingency"": [[0, 1], [226, 21192]]}",{}
553,NC00962.3,EMB-0.05-0.95,0.0,GARC1,RUS,EMB,embA@D176A,U,{},"{""proportion"": 0.0, ""confidence"": [0.0, 0.6576197724933469], ""p_value"": 1.0, ""contingency"": [[0, 2], [226, 21192]]}",{}
554,NC00962.3,EMB-0.05-0.95,0.0,GARC1,RUS,EMB,embA@A736V,U,{},"{""proportion"": 0.0, ""confidence"": [0.0, 0.7934506856227626], ""p_value"": 1.0, ""contingency"": [[0, 1], [226, 21192]]}",{}
555,NC00962.3,EMB-0.05-0.95,0.0,GARC1,RUS,EMB,embB@V793I,U,{},"{""proportion"": 0.0, ""confidence"": [4.8683609171202235e-17, 0.5614970317550455], ""p_value"": 1.0, ""contingency"": [[0, 3], [226, 21192]]}",{}
556,NC00962.3,EMB-0.05-0.95,0.0,GARC1,RUS,EMB,embB@2943_del_gca,U,{},"{""proportion"": 0.0, ""confidence"": [0.0, 0.6576197724933469], ""p_value"": 1.0, ""contingency"": [[0, 2], [226, 21192]]}",{}
557,NC00962.3,EMB-0.05-0.95,0.0,GARC1,RUS,EMB,embB@M764L,U,{},"{""proportion"": 0.0, ""confidence"": [0.0, 0.7934506856227626], ""p_value"": 1.0, ""contingency"": [[0, 1], [226, 21192]]}",{}
558,NC00962.3,EMB-0.05-0.95,0.0,GARC1,RUS,EMB,embB@A903T,U,{},"{""proportion"": 0.0, ""confidence"": [0.0, 0.7934506856227626], ""p_value"": 1.0, ""contingency"": [[0, 1], [226, 21192]]}",{}
559,NC00962.3,EMB-0.05-0.95,0.0,GARC1,RUS,EMB,embB@A15P,U,{},"{""proportion"": 0.0, ""confidence"": [4.8683609171202235e-17, 0.5614970317550455], ""p_value"": 1.0, ""contingency"": [[0, 3], [226, 21192]]}",{}
560,NC00962.3,EMB-0.05-0.95,0.0,GARC1,RUS,EMB,embB@D758N,U,{},"{""proportion"": 0.0, ""confidence"": [0.0, 0.7934506856227626], ""p_value"": 1.0, ""contingency"": [[0, 1], [226, 21192]]}",{}
561,NC00962.3,EMB-0.05-0.95,0.0,GARC1,RUS,EMB,embA@R1047G,U,{},"{""proportion"": 0.0, ""confidence"": [0.0, 0.6576197724933469], ""p_value"": 1.0, ""contingency"": [[0, 2], [226, 21192]]}",{}
562,NC00962.3,EMB-0.05-0.95,0.0,GARC1,RUS,EMB,embA@I1007L,U,{},"{""proportion"": 0.0, ""confidence"": [0.0, 0.7934506856227626], ""p_value"": 1.0, ""contingency"": [[0, 1], [226, 21192]]}",{}
563,NC00962.3,EMB-0.05-0.95,0.0,GARC1,RUS,EMB,embA@G154S,U,{},"{""proportion"": 0.0, ""confidence"": [0.0, 0.7934506856227626], ""p_value"": 1.0, ""contingency"": [[0, 1], [226, 21192]]}",{}
564,NC00962.3,EMB-0.05-0.95,0.0,GARC1,RUS,EMB,embA@R836G,U,{},"{""proportion"": 0.0, ""confidence"": [0.0, 0.7934506856227626], ""p_value"": 1.0, ""contingency"": [[0, 1], [226, 21192]]}",{}
565,NC00962.3,EMB-0.05-0.95,0.0,GARC1,RUS,EMB,embB@A840G,U,{},"{""proportion"": 0.0, ""confidence"": [0.0, 0.7934506856227626], ""p_value"": 1.0, ""contingency"": [[0, 1], [226, 21192]]}",{}
566,NC00962.3,EMB-0.05-0.95,0.0,GARC1,RUS,EMB,embB@M575V,U,{},"{""proportion"": 0.0, ""confidence"": [0.0, 0.6576197724933469], ""p_value"": 1.0, ""contingency"": [[0, 2], [226, 21192]]}",{}
567,NC00962.3,EMB-0.05-0.95,0.0,GARC1,RUS,EMB,embA@L505F,U,{},"{""proportion"": 0.0, ""confidence"": [0.0, 0.2775327998628892], ""p_value"": 1.0, ""contingency"": [[0, 10], [226, 21192]]}",{}
568,NC00962.3,EMB-0.05-0.95,0.0,GARC1,RUS,EMB,embA@A127V,U,{},"{""proportion"": 0.0, ""confidence"": [0.0, 0.6576197724933469], ""p_value"": 1.0, ""contingency"": [[0, 2], [226, 21192]]}",{}
569,NC00962.3,EMB-0.05-0.95,0.0,GARC1,RUS,EMB,embA@G1077S,U,{},"{""proportion"": 0.0, ""confidence"": [0.0, 0.7934506856227626], ""p_value"": 1.0, ""contingency"": [[0, 1], [226, 21192]]}",{}
570,NC00962.3,EMB-0.05-0.95,0.0,GARC1,RUS,EMB,embB@D814A,U,{},"{""proportion"": 0.0, ""confidence"": [4.8683609171202235e-17, 0.5614970317550455], ""p_value"": 1.0, ""contingency"": [[0, 3], [226, 21192]]}",{}
571,NC00962.3,EMB-0.05-0.95,0.0,GARC1,RUS,EMB,embA@H140D,U,{},"{""proportion"": 0.0, ""confidence"": [0.0, 0.7934506856227626], ""p_value"": 1.0, ""contingency"": [[0, 1], [226, 21192]]}",{}
572,NC00962.3,EMB-0.05-0.95,0.0,GARC1,RUS,EMB,embB@A102T,U,{},"{""proportion"": 0.0, ""confidence"": [0.0, 0.7934506856227626], ""p_value"": 1.0, ""contingency"": [[0, 1], [226, 21192]]}",{}
573,NC00962.3,EMB-0.05-0.95,0.0,GARC1,RUS,EMB,embA@G86V,U,{},"{""proportion"": 0.0, ""confidence"": [0.0, 0.43448246478317476], ""p_value"": 1.0, ""contingency"": [[0, 5], [226, 21192]]}",{}
574,NC00962.3,EMB-0.05-0.95,0.0,GARC1,RUS,EMB,embB@Y384S,U,{},"{""proportion"": 0.0, ""confidence"": [0.0, 0.7934506856227626], ""p_value"": 1.0, ""contingency"": [[0, 1], [226, 21192]]}",{}
575,NC00962.3,EMB-0.05-0.95,0.0,GARC1,RUS,EMB,embB@D108N,U,{},"{""proportion"": 0.0, ""confidence"": [0.0, 0.7934506856227626], ""p_value"": 1.0, ""contingency"": [[0, 1], [226, 21192]]}",{}
576,NC00962.3,EMB-0.05-0.95,0.0,GARC1,RUS,EMB,embA@V1073I,U,{},"{""proportion"": 0.0, ""confidence"": [0.0, 0.2991450484195441], ""p_value"": 1.0, ""contingency"": [[0, 9], [226, 21192]]}",{}
577,NC00962.3,EMB-0.05-0.95,0.0,GARC1,RUS,EMB,embB@G748E,U,{},"{""proportion"": 0.0, ""confidence"": [0.0, 0.6576197724933469], ""p_value"": 1.0, ""contingency"": [[0, 2], [226, 21192]]}",{}
578,NC00962.3,EMB-0.05-0.95,0.0,GARC1,RUS,EMB,embB@V948M,U,{},"{""proportion"": 0.0, ""confidence"": [0.0, 0.7934506856227626], ""p_value"": 1.0, ""contingency"": [[0, 1], [226, 21192]]}",{}
579,NC00962.3,EMB-0.05-0.95,0.0,GARC1,RUS,EMB,embA@P164L,U,{},"{""proportion"": 0.0, ""confidence"": [0.0, 0.7934506856227626], ""p_value"": 1.0, ""contingency"": [[0, 1], [226, 21192]]}",{}
580,NC00962.3,EMB-0.05-0.95,0.0,GARC1,RUS,EMB,embA@G353R,U,{},"{""proportion"": 0.0, ""confidence"": [0.0, 0.6576197724933469], ""p_value"": 1.0, ""contingency"": [[0, 2], [226, 21192]]}",{}
581,NC00962.3,EMB-0.05-0.95,0.0,GARC1,RUS,EMB,embB@A608T,U,{},"{""proportion"": 0.0, ""confidence"": [0.0, 0.7934506856227626], ""p_value"": 1.0, ""contingency"": [[0, 1], [226, 21192]]}",{}
582,NC00962.3,EMB-0.05-0.95,0.0,GARC1,RUS,EMB,embB@R728Q,U,{},"{""proportion"": 0.0, ""confidence"": [0.0, 0.7934506856227626], ""p_value"": 1.0, ""contingency"": [[0, 1], [226, 21192]]}",{}
583,NC00962.3,EMB-0.05-0.95,0.0,GARC1,RUS,EMB,embA@A159S,U,{},"{""proportion"": 0.0, ""confidence"": [0.0, 0.6576197724933469], ""p_value"": 1.0, ""contingency"": [[0, 2], [226, 21192]]}",{}
584,NC00962.3,EMB-0.05-0.95,0.0,GARC1,RUS,EMB,embB@N399T,U,{},"{""proportion"": 0.0, ""confidence"": [0.0, 0.6576197724933469], ""p_value"": 1.0, ""contingency"": [[0, 2], [226, 21192]]}",{}
585,NC00962.3,EMB-0.05-0.95,0.0,GARC1,RUS,EMB,embA@G554A,U,{},"{""proportion"": 0.0, ""confidence"": [0.0, 0.7934506856227626], ""p_value"": 1.0, ""contingency"": [[0, 1], [226, 21192]]}",{}
586,NC00962.3,EMB-0.05-0.95,0.0,GARC1,RUS,EMB,embA@Q169E,U,{},"{""proportion"": 0.0, ""confidence"": [4.8683609171202235e-17, 0.5614970317550455], ""p_value"": 1.0, ""contingency"": [[0, 3], [226, 21192]]}",{}
587,NC00962.3,EMB-0.05-0.95,0.0,GARC1,RUS,EMB,embA@A936V,U,{},"{""proportion"": 0.0, ""confidence"": [0.0, 0.6576197724933469], ""p_value"": 1.0, ""contingency"": [[0, 2], [226, 21192]]}",{}
588,NC00962.3,EMB-0.05-0.95,0.0,GARC1,RUS,EMB,embA@L894V,U,{},"{""proportion"": 0.0, ""confidence"": [0.0, 0.6576197724933469], ""p_value"": 1.0, ""contingency"": [[0, 2], [226, 21192]]}",{}
589,NC00962.3,EMB-0.05-0.95,0.0,GARC1,RUS,EMB,embA@R346Q,U,{},"{""proportion"": 0.0, ""confidence"": [0.0, 0.6576197724933469], ""p_value"": 1.0, ""contingency"": [[0, 2], [226, 21192]]}",{}
590,NC00962.3,EMB-0.05-0.95,0.0,GARC1,RUS,EMB,embB@E901D,U,{},"{""proportion"": 0.0, ""confidence"": [0.0, 0.4898908364545973], ""p_value"": 1.0, ""contingency"": [[0, 4], [226, 21192]]}",{}
591,NC00962.3,EMB-0.05-0.95,0.0,GARC1,RUS,EMB,embA@V211M,U,{},"{""proportion"": 0.0, ""confidence"": [0.0, 0.7934506856227626], ""p_value"": 1.0, ""contingency"": [[0, 1], [226, 21192]]}",{}
592,NC00962.3,EMB-0.05-0.95,0.0,GARC1,RUS,EMB,embB@A571T,U,{},"{""proportion"": 0.0, ""confidence"": [0.0, 0.7934506856227626], ""p_value"": 1.0, ""contingency"": [[0, 1], [226, 21192]]}",{}
593,NC00962.3,EMB-0.05-0.95,0.0,GARC1,RUS,EMB,embB@G736S,U,{},"{""proportion"": 0.0, ""confidence"": [0.0, 0.7934506856227626], ""p_value"": 1.0, ""contingency"": [[0, 1], [226, 21192]]}",{}
594,NC00962.3,EMB-0.05-0.95,0.0,GARC1,RUS,EMB,embA@V911A,U,{},"{""proportion"": 0.0, ""confidence"": [0.0, 0.6576197724933469], ""p_value"": 1.0, ""contingency"": [[0, 2], [226, 21192]]}",{}
595,NC00962.3,EMB-0.05-0.95,0.0,GARC1,RUS,EMB,embB@Q112H,U,{},"{""proportion"": 0.0, ""confidence"": [0.0, 0.7934506856227626], ""p_value"": 1.0, ""contingency"": [[0, 1], [226, 21192]]}",{}
596,NC00962.3,EMB-0.05-0.95,0.0,GARC1,RUS,EMB,embB@K218N,U,{},"{""proportion"": 0.0, ""confidence"": [0.0, 0.7934506856227626], ""p_value"": 1.0, ""contingency"": [[0, 1], [226, 21192]]}",{}
597,NC00962.3,EMB-0.05-0.95,0.0,GARC1,RUS,EMB,embA@D305G,U,{},"{""proportion"": 0.0, ""confidence"": [0.0, 0.6576197724933469], ""p_value"": 1.0, ""contingency"": [[0, 2], [226, 21192]]}",{}
599,NC00962.3,EMB-0.05-0.95,0.0,GARC1,RUS,EMB,embA@P633S,U,{},"{""proportion"": 0.0, ""confidence"": [0.0, 0.7934506856227626], ""p_value"": 1.0, ""contingency"": [[0, 1], [226, 21192]]}",{}
600,NC00962.3,EMB-0.05-0.95,0.0,GARC1,RUS,EMB,embA@R245W,U,{},"{""proportion"": 0.0, ""confidence"": [0.0, 0.7934506856227626], ""p_value"": 1.0, ""contingency"": [[0, 1], [226, 21192]]}",{}
601,NC00962.3,EMB-0.05-0.95,0.0,GARC1,RUS,EMB,embA@P349Q,U,{},"{""proportion"": 0.0, ""confidence"": [0.0, 0.7934506856227626], ""p_value"": 1.0, ""contingency"": [[0, 1], [226, 21192]]}",{}
603,NC00962.3,EMB-0.05-0.95,0.0,GARC1,RUS,EMB,embA@2545_del_gcc,U,{},"{""proportion"": 0.0, ""confidence"": [0.0, 0.7934506856227626], ""p_value"": 1.0, ""contingency"": [[0, 1], [226, 21192]]}",{}
604,NC00962.3,EMB-0.05-0.95,0.0,GARC1,RUS,EMB,embA@V911I,U,{},"{""proportion"": 0.09090909090909091, ""confidence"": [0.01623217288588484, 0.37735843645159567], ""p_value"": 0.43119990772354, ""contingency"": [[1, 10], [226, 21192]]}",{}
605,NC00962.3,EMB-0.05-0.95,0.0,GARC1,RUS,EMB,embA@S1025L,U,{},"{""proportion"": 0.0, ""confidence"": [0.0, 0.6576197724933469], ""p_value"": 1.0, ""contingency"": [[0, 2], [226, 21192]]}",{}
606,NC00962.3,EMB-0.05-0.95,0.0,GARC1,RUS,EMB,embA@E701D,U,{},"{""proportion"": 0.0, ""confidence"": [0.0, 0.7934506856227626], ""p_value"": 1.0, ""contingency"": [[0, 1], [226, 21192]]}",{}
607,NC00962.3,EMB-0.05-0.95,0.0,GARC1,RUS,EMB,embB@V452L,U,{},"{""proportion"": 0.0, ""confidence"": [0.0, 0.6576197724933469], ""p_value"": 1.0, ""contingency"": [[0, 2], [226, 21192]]}",{}
608,NC00962.3,EMB-0.05-0.95,0.0,GARC1,RUS,EMB,embA@S809F,U,{},"{""proportion"": 0.0, ""confidence"": [0.0, 0.7934506856227626], ""p_value"": 1.0, ""contingency"": [[0, 1], [226, 21192]]}",{}
609,NC00962.3,EMB-0.05-0.95,0.0,GARC1,RUS,EMB,embA@P774S,U,{},"{""proportion"": 0.0, ""confidence"": [0.0, 0.6576197724933469], ""p_value"": 1.0, ""contingency"": [[0, 2], [226, 21192]]}",{}
610,NC00962.3,EMB-0.05-0.95,0.0,GARC1,RUS,EMB,embA@R68P,U,{},"{""proportion"": 0.0, ""confidence"": [4.8683609171202235e-17, 0.5614970317550455], ""p_value"": 1.0, ""contingency"": [[0, 3], [226, 21192]]}",{}
611,NC00962.3,EMB-0.05-0.95,0.0,GARC1,RUS,EMB,embB@F1012L,U,{},"{""proportion"": 0.0, ""confidence"": [0.0, 0.43448246478317476], ""p_value"": 1.0, ""contingency"": [[0, 5], [226, 21192]]}",{}
612,NC00962.3,EMB-0.05-0.95,0.0,GARC1,RUS,EMB,embA@S768I,U,{},"{""proportion"": 0.0, ""confidence"": [0.0, 0.7934506856227626], ""p_value"": 1.0, ""contingency"": [[0, 1], [226, 21192]]}",{}
613,NC00962.3,EMB-0.05-0.95,0.0,GARC1,RUS,EMB,embB@A1007V,U,{},"{""proportion"": 0.0, ""confidence"": [0.0, 0.7934506856227626], ""p_value"": 1.0, ""contingency"": [[0, 1], [226, 21192]]}",{}
614,NC00962.3,EMB-0.05-0.95,0.0,GARC1,RUS,EMB,embB@M916T,U,{},"{""proportion"": 0.0, ""confidence"": [0.0, 0.6576197724933469], ""p_value"": 1.0, ""contingency"": [[0, 2], [226, 21192]]}",{}
615,NC00962.3,EMB-0.05-0.95,0.0,GARC1,RUS,EMB,embA@C527S,U,{},"{""proportion"": 0.0, ""confidence"": [0.0, 0.7934506856227626], ""p_value"": 1.0, ""contingency"": [[0, 1], [226, 21192]]}",{}
616,NC00962.3,EMB-0.05-0.95,0.0,GARC1,RUS,EMB,embB@K938N,U,{},"{""proportion"": 0.0, ""confidence"": [4.8683609171202235e-17, 0.5614970317550455], ""p_value"": 1.0, ""contingency"": [[0, 3], [226, 21192]]}",{}
617,NC00962.3,EMB-0.05-0.95,0.0,GARC1,RUS,EMB,embB@Q51P,U,{},"{""proportion"": 0.0, ""confidence"": [0.0, 0.32440756488388023], ""p_value"": 1.0, ""contingency"": [[0, 8], [226, 21192]]}",{}
618,NC00962.3,EMB-0.05-0.95,0.0,GARC1,RUS,EMB,embA@G972R,U,{},"{""proportion"": 0.0, ""confidence"": [0.0, 0.6576197724933469], ""p_value"": 1.0, ""contingency"": [[0, 2], [226, 21192]]}",{}
619,NC00962.3,EMB-0.05-0.95,0.0,GARC1,RUS,EMB,embB@M714I,U,{},"{""proportion"": 0.0, ""confidence"": [0.0, 0.7934506856227626], ""p_value"": 1.0, ""contingency"": [[0, 1], [226, 21192]]}",{}
620,NC00962.3,EMB-0.05-0.95,0.0,GARC1,RUS,EMB,embA@V676A,U,{},"{""proportion"": 0.0, ""confidence"": [0.0, 0.6576197724933469], ""p_value"": 1.0, ""contingency"": [[0, 2], [226, 21192]]}",{}
621,NC00962.3,EMB-0.05-0.95,0.0,GARC1,RUS,EMB,embA@c-15g,U,{},"{""proportion"": 0.5, ""confidence"": [0.09453120573423071, 0.9054687942657693], ""p_value"": 0.09749999999999999, ""contingency"": [[1, 1], [226, 21192]]}",{}
622,NC00962.3,EMB-0.05-0.95,0.0,GARC1,RUS,EMB,embA@D883A,U,{},"{""proportion"": 0.0, ""confidence"": [0.0, 0.7934506856227626], ""p_value"": 1.0, ""contingency"": [[0, 1], [226, 21192]]}",{}
623,NC00962.3,EMB-0.05-0.95,0.0,GARC1,RUS,EMB,embB@E976K,U,{},"{""proportion"": 0.0, ""confidence"": [0.0, 0.7934506856227626], ""p_value"": 1.0, ""contingency"": [[0, 1], [226, 21192]]}",{}
624,NC00962.3,EMB-0.05-0.95,0.0,GARC1,RUS,EMB,embA@R969W,U,{},"{""proportion"": 0.0, ""confidence"": [0.0, 0.6576197724933469], ""p_value"": 1.0, ""contingency"": [[0, 2], [226, 21192]]}",{}
625,NC00962.3,EMB-0.05-0.95,0.0,GARC1,RUS,EMB,embA@I877T,U,{},"{""proportion"": 0.0, ""confidence"": [0.0, 0.7934506856227626], ""p_value"": 1.0, ""contingency"": [[0, 1], [226, 21192]]}",{}
626,NC00962.3,EMB-0.05-0.95,0.0,GARC1,RUS,EMB,embB@2325_ins_cccttg,U,{},"{""proportion"": 0.0, ""confidence"": [0.0, 0.6576197724933469], ""p_value"": 1.0, ""contingency"": [[0, 2], [226, 21192]]}",{}
627,NC00962.3,EMB-0.05-0.95,0.0,GARC1,RUS,EMB,embB@L17W,U,{},"{""proportion"": 0.0, ""confidence"": [0.0, 0.7934506856227626], ""p_value"": 1.0, ""contingency"": [[0, 1], [226, 21192]]}",{}
628,NC00962.3,EMB-0.05-0.95,0.0,GARC1,RUS,EMB,embA@G998D,U,{},"{""proportion"": 0.0, ""confidence"": [0.0, 0.7934506856227626], ""p_value"": 1.0, ""contingency"": [[0, 1], [226, 21192]]}",{}
629,NC00962.3,EMB-0.05-0.95,0.0,GARC1,RUS,EMB,embA@I1079T,U,{},"{""proportion"": 0.0, ""confidence"": [0.0, 0.7934506856227626], ""p_value"": 1.0, ""contingency"": [[0, 1], [226, 21192]]}",{}
630,NC00962.3,EMB-0.05-0.95,0.0,GARC1,RUS,EMB,embB@R173P,U,{},"{""proportion"": 0.0, ""confidence"": [0.0, 0.7934506856227626], ""p_value"": 1.0, ""contingency"": [[0, 1], [226, 21192]]}",{}
631,NC00962.3,EMB-0.05-0.95,0.0,GARC1,RUS,EMB,embA@P455L,U,{},"{""proportion"": 0.0, ""confidence"": [0.0, 0.7934506856227626], ""p_value"": 1.0, ""contingency"": [[0, 1], [226, 21192]]}",{}
632,NC00962.3,EMB-0.05-0.95,0.0,GARC1,RUS,EMB,embA@L344R,U,{},"{""proportion"": 0.0, ""confidence"": [0.0, 0.7934506856227626], ""p_value"": 1.0, ""contingency"": [[0, 1], [226, 21192]]}",{}
633,NC00962.3,EMB-0.05-0.95,0.0,GARC1,RUS,EMB,embA@C76F,U,{},"{""proportion"": 0.0, ""confidence"": [0.0, 0.7934506856227626], ""p_value"": 1.0, ""contingency"": [[0, 1], [226, 21192]]}",{}
634,NC00962.3,EMB-0.05-0.95,0.0,GARC1,RUS,EMB,embA@V676I,U,{},"{""proportion"": 0.0, ""confidence"": [0.0, 0.7934506856227626], ""p_value"": 1.0, ""contingency"": [[0, 1], [226, 21192]]}",{}
635,NC00962.3,EMB-0.05-0.95,0.0,GARC1,RUS,EMB,embB@E958G,U,{},"{""proportion"": 0.0, ""confidence"": [0.0, 0.7934506856227626], ""p_value"": 1.0, ""contingency"": [[0, 1], [226, 21192]]}",{}
636,NC00962.3,EMB-0.05-0.95,0.0,GARC1,RUS,EMB,embA@N510T,U,{},"{""proportion"": 0.0, ""confidence"": [0.0, 0.7934506856227626], ""p_value"": 1.0, ""contingency"": [[0, 1], [226, 21192]]}",{}
637,NC00962.3,EMB-0.05-0.95,0.0,GARC1,RUS,EMB,embA@L347R,U,{},"{""proportion"": 0.0, ""confidence"": [0.0, 0.7934506856227626], ""p_value"": 1.0, ""contingency"": [[0, 1], [226, 21192]]}",{}
638,NC00962.3,EMB-0.05-0.95,0.0,GARC1,RUS,EMB,embA@A409T,U,{},"{""proportion"": 0.0, ""confidence"": [0.0, 0.6576197724933469], ""p_value"": 1.0, ""contingency"": [[0, 2], [226, 21192]]}",{}
639,NC00962.3,EMB-0.05-0.95,0.0,GARC1,RUS,EMB,embA@R904H,U,{},"{""proportion"": 0.0, ""confidence"": [0.0, 0.7934506856227626], ""p_value"": 1.0, ""contingency"": [[0, 1], [226, 21192]]}",{}
640,NC00962.3,EMB-0.05-0.95,0.0,GARC1,RUS,EMB,embA@Q474H,U,{},"{""proportion"": 0.0, ""confidence"": [0.0, 0.7934506856227626], ""p_value"": 1.0, ""contingency"": [[0, 1], [226, 21192]]}",{}
641,NC00962.3,EMB-0.05-0.95,0.0,GARC1,RUS,EMB,embA@L659S,U,{},"{""proportion"": 0.0, ""confidence"": [0.0, 0.7934506856227626], ""p_value"": 1.0, ""contingency"": [[0, 1], [226, 21192]]}",{}
642,NC00962.3,EMB-0.05-0.95,0.0,GARC1,RUS,EMB,embB@G1035S,U,{},"{""proportion"": 0.0, ""confidence"": [0.0, 0.7934506856227626], ""p_value"": 1.0, ""contingency"": [[0, 1], [226, 21192]]}",{}
643,NC00962.3,EMB-0.05-0.95,0.0,GARC1,RUS,EMB,embB@G871V,U,{},"{""proportion"": 0.0, ""confidence"": [0.0, 0.7934506856227626], ""p_value"": 1.0, ""contingency"": [[0, 1], [226, 21192]]}",{}
644,NC00962.3,EMB-0.05-0.95,0.0,GARC1,RUS,EMB,embA@c-34t,U,{},"{""proportion"": 0.0, ""confidence"": [3.384324554477539e-17, 0.39033428790216534], ""p_value"": 1.0, ""contingency"": [[0, 6], [226, 21192]]}",{}
645,NC00962.3,EMB-0.05-0.95,0.0,GARC1,RUS,EMB,embB@A801T,U,{},"{""proportion"": 0.0, ""confidence"": [0.0, 0.43448246478317476], ""p_value"": 1.0, ""contingency"": [[0, 5], [226, 21192]]}",{}
646,NC00962.3,EMB-0.05-0.95,0.0,GARC1,RUS,EMB,embA@A159P,U,{},"{""proportion"": 0.0, ""confidence"": [0.0, 0.7934506856227626], ""p_value"": 1.0, ""contingency"": [[0, 1], [226, 21192]]}",{}
647,NC00962.3,EMB-0.05-0.95,0.0,GARC1,RUS,EMB,embA@P1082L,U,{},"{""proportion"": 0.0, ""confidence"": [0.0, 0.7934506856227626], ""p_value"": 1.0, ""contingency"": [[0, 1], [226, 21192]]}",{}
648,NC00962.3,EMB-0.05-0.95,0.0,GARC1,RUS,EMB,embA@P32L,U,{},"{""proportion"": 0.0, ""confidence"": [0.0, 0.7934506856227626], ""p_value"": 1.0, ""contingency"": [[0, 1], [226, 21192]]}",{}
649,NC00962.3,EMB-0.05-0.95,0.0,GARC1,RUS,EMB,embB@A637T,U,{},"{""proportion"": 0.0, ""confidence"": [0.0, 0.7934506856227626], ""p_value"": 1.0, ""contingency"": [[0, 1], [226, 21192]]}",{}
650,NC00962.3,EMB-0.05-0.95,0.0,GARC1,RUS,EMB,embB@D178H,U,{},"{""proportion"": 0.0, ""confidence"": [0.0, 0.7934506856227626], ""p_value"": 1.0, ""contingency"": [[0, 1], [226, 21192]]}",{}
651,NC00962.3,EMB-0.05-0.95,0.0,GARC1,RUS,EMB,embB@V230A,U,{},"{""proportion"": 0.0, ""confidence"": [0.0, 0.6576197724933469], ""p_value"": 1.0, ""contingency"": [[0, 2], [226, 21192]]}",{}
652,NC00962.3,EMB-0.05-0.95,0.0,GARC1,RUS,EMB,embA@Y635H,U,{},"{""proportion"": 0.0, ""confidence"": [0.0, 0.7934506856227626], ""p_value"": 1.0, ""contingency"": [[0, 1], [226, 21192]]}",{}
653,NC00962.3,EMB-0.05-0.95,0.0,GARC1,RUS,EMB,embB@T642A,U,{},"{""proportion"": 0.0, ""confidence"": [0.0, 0.7934506856227626], ""p_value"": 1.0, ""contingency"": [[0, 1], [226, 21192]]}",{}
654,NC00962.3,EMB-0.05-0.95,0.0,GARC1,RUS,EMB,embB@Y813D,U,{},"{""proportion"": 0.0, ""confidence"": [0.0, 0.6576197724933469], ""p_value"": 1.0, ""contingency"": [[0, 2], [226, 21192]]}",{}
655,NC00962.3,EMB-0.05-0.95,0.0,GARC1,RUS,EMB,embA@F927L,U,{},"{""proportion"": 0.0, ""confidence"": [0.0, 0.7934506856227626], ""p_value"": 1.0, ""contingency"": [[0, 1], [226, 21192]]}",{}
656,NC00962.3,EMB-0.05-0.95,0.0,GARC1,RUS,EMB,embB@Q139H,U,{},"{""proportion"": 0.0, ""confidence"": [0.0, 0.6576197724933469], ""p_value"": 1.0, ""contingency"": [[0, 2], [226, 21192]]}",{}
657,NC00962.3,EMB-0.05-0.95,0.0,GARC1,RUS,EMB,embA@G29S,U,{},"{""proportion"": 0.0, ""confidence"": [0.0, 0.7934506856227626], ""p_value"": 1.0, ""contingency"": [[0, 1], [226, 21192]]}",{}
658,NC00962.3,EMB-0.05-0.95,0.0,GARC1,RUS,EMB,embA@G596D,U,{},"{""proportion"": 0.0, ""confidence"": [0.0, 0.6576197724933469], ""p_value"": 1.0, ""contingency"": [[0, 2], [226, 21192]]}",{}
659,NC00962.3,EMB-0.05-0.95,0.0,GARC1,RUS,EMB,embB@A201E,U,{},"{""proportion"": 0.0, ""confidence"": [4.8683609171202235e-17, 0.5614970317550455], ""p_value"": 1.0, ""contingency"": [[0, 3], [226, 21192]]}",{}
660,NC00962.3,EMB-0.05-0.95,0.0,GARC1,RUS,EMB,embB@T667A,U,{},"{""proportion"": 0.0, ""confidence"": [0.0, 0.7934506856227626], ""p_value"": 1.0, ""contingency"": [[0, 1], [226, 21192]]}",{}
661,NC00962.3,EMB-0.05-0.95,0.0,GARC1,RUS,EMB,embB@A379V,U,{},"{""proportion"": 0.0, ""confidence"": [0.0, 0.7934506856227626], ""p_value"": 1.0, ""contingency"": [[0, 1], [226, 21192]]}",{}
662,NC00962.3,EMB-0.05-0.95,0.0,GARC1,RUS,EMB,embB@Y977H,U,{},"{""proportion"": 0.0, ""confidence"": [0.0, 0.7934506856227626], ""p_value"": 1.0, ""contingency"": [[0, 1], [226, 21192]]}",{}
663,NC00962.3,EMB-0.05-0.95,0.0,GARC1,RUS,EMB,embB@T31A,U,{},"{""proportion"": 0.0, ""confidence"": [0.0, 0.7934506856227626], ""p_value"": 1.0, ""contingency"": [[0, 1], [226, 21192]]}",{}
664,NC00962.3,EMB-0.05-0.95,0.0,GARC1,RUS,EMB,embB@N807D,U,{},"{""proportion"": 0.0, ""confidence"": [0.0, 0.7934506856227626], ""p_value"": 1.0, ""contingency"": [[0, 1], [226, 21192]]}",{}
665,NC00962.3,EMB-0.05-0.95,0.0,GARC1,RUS,EMB,embB@V654M,U,{},"{""proportion"": 0.0, ""confidence"": [0.0, 0.7934506856227626], ""p_value"": 1.0, ""contingency"": [[0, 1], [226, 21192]]}",{}
666,NC00962.3,EMB-0.05-0.95,0.0,GARC1,RUS,EMB,embB@P183S,U,{},"{""proportion"": 0.0, ""confidence"": [0.0, 0.7934506856227626], ""p_value"": 1.0, ""contingency"": [[0, 1], [226, 21192]]}",{}
667,NC00962.3,EMB-0.05-0.95,0.0,GARC1,RUS,EMB,embB@T797P,U,{},"{""proportion"": 0.0, ""confidence"": [0.0, 0.6576197724933469], ""p_value"": 1.0, ""contingency"": [[0, 2], [226, 21192]]}",{}
668,NC00962.3,EMB-0.05-0.95,0.0,GARC1,RUS,EMB,embB@G106R,U,{},"{""proportion"": 0.0, ""confidence"": [0.0, 0.7934506856227626], ""p_value"": 1.0, ""contingency"": [[0, 1], [226, 21192]]}",{}
669,NC00962.3,EMB-0.05-0.95,0.0,GARC1,RUS,EMB,embB@V292F,U,{},"{""proportion"": 0.0, ""confidence"": [4.8683609171202235e-17, 0.5614970317550455], ""p_value"": 1.0, ""contingency"": [[0, 3], [226, 21192]]}",{}
670,NC00962.3,EMB-0.05-0.95,0.0,GARC1,RUS,EMB,embB@V492L,U,{},"{""proportion"": 0.0, ""confidence"": [0.0, 0.7934506856227626], ""p_value"": 1.0, ""contingency"": [[0, 1], [226, 21192]]}",{}
671,NC00962.3,EMB-0.05-0.95,0.0,GARC1,RUS,EMB,embA@D1049A,U,{},"{""proportion"": 0.0, ""confidence"": [0.0, 0.7934506856227626], ""p_value"": 1.0, ""contingency"": [[0, 1], [226, 21192]]}",{}
672,NC00962.3,EMB-0.05-0.95,0.0,GARC1,RUS,EMB,embB@T520S,U,{},"{""proportion"": 0.0, ""confidence"": [0.0, 0.7934506856227626], ""p_value"": 1.0, ""contingency"": [[0, 1], [226, 21192]]}",{}
673,NC00962.3,EMB-0.05-0.95,0.0,GARC1,RUS,EMB,embB@G1005D,U,{},"{""proportion"": 0.0, ""confidence"": [0.0, 0.7934506856227626], ""p_value"": 1.0, ""contingency"": [[0, 1], [226, 21192]]}",{}
674,NC00962.3,EMB-0.05-0.95,0.0,GARC1,RUS,EMB,embB@F176V,U,{},"{""proportion"": 0.0, ""confidence"": [0.0, 0.7934506856227626], ""p_value"": 1.0, ""contingency"": [[0, 1], [226, 21192]]}",{}
675,NC00962.3,EMB-0.05-0.95,0.0,GARC1,RUS,EMB,embB@A232T,U,{},"{""proportion"": 0.0, ""confidence"": [0.0, 0.6576197724933469], ""p_value"": 1.0, ""contingency"": [[0, 2], [226, 21192]]}",{}
676,NC00962.3,EMB-0.05-0.95,0.0,GARC1,RUS,EMB,embA@P988L,U,{},"{""proportion"": 0.0, ""confidence"": [0.0, 0.7934506856227626], ""p_value"": 1.0, ""contingency"": [[0, 1], [226, 21192]]}",{}
677,NC00962.3,EMB-0.05-0.95,0.0,GARC1,RUS,EMB,embB@L181Q,U,{},"{""proportion"": 0.0, ""confidence"": [0.0, 0.7934506856227626], ""p_value"": 1.0, ""contingency"": [[0, 1], [226, 21192]]}",{}
678,NC00962.3,EMB-0.05-0.95,0.0,GARC1,RUS,EMB,embB@D240Y,U,{},"{""proportion"": 0.0, ""confidence"": [0.0, 0.7934506856227626], ""p_value"": 1.0, ""contingency"": [[0, 1], [226, 21192]]}",{}
679,NC00962.3,EMB-0.05-0.95,0.0,GARC1,RUS,EMB,embB@G96E,U,{},"{""proportion"": 0.0, ""confidence"": [0.0, 0.7934506856227626], ""p_value"": 1.0, ""contingency"": [[0, 1], [226, 21192]]}",{}
680,NC00962.3,EMB-0.05-0.95,0.0,GARC1,RUS,EMB,embB@A840V,U,{},"{""proportion"": 0.0, ""confidence"": [0.0, 0.7934506856227626], ""p_value"": 1.0, ""contingency"": [[0, 1], [226, 21192]]}",{}
681,NC00962.3,EMB-0.05-0.95,0.0,GARC1,RUS,EMB,embB@D1041A,U,{},"{""proportion"": 0.0, ""confidence"": [0.0, 0.7934506856227626], ""p_value"": 1.0, ""contingency"": [[0, 1], [226, 21192]]}",{}
682,NC00962.3,EMB-0.05-0.95,0.0,GARC1,RUS,EMB,embB@G745R,U,{},"{""proportion"": 0.0, ""confidence"": [0.0, 0.7934506856227626], ""p_value"": 1.0, ""contingency"": [[0, 1], [226, 21192]]}",{}
683,NC00962.3,EMB-0.05-0.95,0.0,GARC1,RUS,EMB,embA@A461T,U,{},"{""proportion"": 0.0, ""confidence"": [0.0, 0.7934506856227626], ""p_value"": 1.0, ""contingency"": [[0, 1], [226, 21192]]}",{}
684,NC00962.3,EMB-0.05-0.95,0.0,GARC1,RUS,EMB,embA@I30V,U,{},"{""proportion"": 0.0, ""confidence"": [0.0, 0.7934506856227626], ""p_value"": 1.0, ""contingency"": [[0, 1], [226, 21192]]}",{}
685,NC00962.3,EMB-0.05-0.95,0.0,GARC1,RUS,EMB,embA@A593V,U,{},"{""proportion"": 0.0, ""confidence"": [0.0, 0.7934506856227626], ""p_value"": 1.0, ""contingency"": [[0, 1], [226, 21192]]}",{}
686,NC00962.3,EMB-0.05-0.95,0.0,GARC1,RUS,EMB,embA@T197R,U,{},"{""proportion"": 0.0, ""confidence"": [0.0, 0.7934506856227626], ""p_value"": 1.0, ""contingency"": [[0, 1], [226, 21192]]}",{}
687,NC00962.3,EMB-0.05-0.95,0.0,GARC1,RUS,EMB,embB@A386E,U,{},"{""proportion"": 0.0, ""confidence"": [3.384324554477539e-17, 0.39033428790216534], ""p_value"": 1.0, ""contingency"": [[0, 6], [226, 21192]]}",{}
688,NC00962.3,EMB-0.05-0.95,0.0,GARC1,RUS,EMB,embB@G745A,U,{},"{""proportion"": 0.0, ""confidence"": [0.0, 0.7934506856227626], ""p_value"": 1.0, ""contingency"": [[0, 1], [226, 21192]]}",{}
689,NC00962.3,EMB-0.05-0.95,0.0,GARC1,RUS,EMB,embA@R444W,U,{},"{""proportion"": 0.0, ""confidence"": [0.0, 0.7934506856227626], ""p_value"": 1.0, ""contingency"": [[0, 1], [226, 21192]]}",{}
690,NC00962.3,EMB-0.05-0.95,0.0,GARC1,RUS,EMB,embA@P958L,U,{},"{""proportion"": 0.0, ""confidence"": [0.0, 0.7934506856227626], ""p_value"": 1.0, ""contingency"": [[0, 1], [226, 21192]]}",{}
691,NC00962.3,EMB-0.05-0.95,0.0,GARC1,RUS,EMB,embA@E779Q,U,{},"{""proportion"": 0.0, ""confidence"": [4.8683609171202235e-17, 0.5614970317550455], ""p_value"": 1.0, ""contingency"": [[0, 3], [226, 21192]]}",{}
692,NC00962.3,EMB-0.05-0.95,0.0,GARC1,RUS,EMB,embA@1783_ins_tcggtctacatagtcgac,U,{},"{""proportion"": 0.0, ""confidence"": [0.0, 0.7934506856227626], ""p_value"": 1.0, ""contingency"": [[0, 1], [226, 21192]]}",{}
693,NC00962.3,EMB-0.05-0.95,0.0,GARC1,RUS,EMB,embB@S261A,U,{},"{""proportion"": 0.0, ""confidence"": [0.0, 0.7934506856227626], ""p_value"": 1.0, ""contingency"": [[0, 1], [226, 21192]]}",{}
694,NC00962.3,EMB-0.05-0.95,0.0,GARC1,RUS,EMB,embB@D311A,U,{},"{""proportion"": 0.0, ""confidence"": [4.8683609171202235e-17, 0.5614970317550455], ""p_value"": 1.0, ""contingency"": [[0, 3], [226, 21192]]}",{}
695,NC00962.3,EMB-0.05-0.95,0.0,GARC1,RUS,EMB,embA@S250G,U,{},"{""proportion"": 0.0, ""confidence"": [0.0, 0.7934506856227626], ""p_value"": 1.0, ""contingency"": [[0, 1], [226, 21192]]}",{}
696,NC00962.3,EMB-0.05-0.95,0.0,GARC1,RUS,EMB,embB@G748V,U,{},"{""proportion"": 0.0, ""confidence"": [0.0, 0.7934506856227626], ""p_value"": 1.0, ""contingency"": [[0, 1], [226, 21192]]}",{}
697,NC00962.3,EMB-0.05-0.95,0.0,GARC1,RUS,EMB,embA@I1007V,U,{},"{""proportion"": 0.0, ""confidence"": [0.0, 0.7934506856227626], ""p_value"": 1.0, ""contingency"": [[0, 1], [226, 21192]]}",{}
698,NC00962.3,EMB-0.05-0.95,0.0,GARC1,RUS,EMB,embB@V944A,U,{},"{""proportion"": 0.0, ""confidence"": [4.8683609171202235e-17, 0.5614970317550455], ""p_value"": 1.0, ""contingency"": [[0, 3], [226, 21192]]}",{}
699,NC00962.3,EMB-0.05-0.95,0.0,GARC1,RUS,EMB,embB@A941T,U,{},"{""proportion"": 0.0, ""confidence"": [0.0, 0.7934506856227626], ""p_value"": 1.0, ""contingency"": [[0, 1], [226, 21192]]}",{}
700,NC00962.3,EMB-0.05-0.95,0.0,GARC1,RUS,EMB,embA@g-75a,U,{},"{""proportion"": 0.0, ""confidence"": [0.0, 0.7934506856227626], ""p_value"": 1.0, ""contingency"": [[0, 1], [226, 21192]]}",{}
701,NC00962.3,EMB-0.05-0.95,0.0,GARC1,RUS,EMB,embA@A930V,U,{},"{""proportion"": 0.0, ""confidence"": [0.0, 0.7934506856227626], ""p_value"": 1.0, ""contingency"": [[0, 1], [226, 21192]]}",{}
702,NC00962.3,EMB-0.05-0.95,0.0,GARC1,RUS,EMB,embA@G210V,U,{},"{""proportion"": 0.0, ""confidence"": [0.0, 0.7934506856227626], ""p_value"": 1.0, ""contingency"": [[0, 1], [226, 21192]]}",{}
703,NC00962.3,EMB-0.05-0.95,0.0,GARC1,RUS,EMB,embB@R625W,U,{},"{""proportion"": 0.0, ""confidence"": [0.0, 0.7934506856227626], ""p_value"": 1.0, ""contingency"": [[0, 1], [226, 21192]]}",{}
704,NC00962.3,EMB-0.05-0.95,0.0,GARC1,RUS,EMB,embB@V612M,U,{},"{""proportion"": 0.0, ""confidence"": [0.0, 0.7934506856227626], ""p_value"": 1.0, ""contingency"": [[0, 1], [226, 21192]]}",{}
705,NC00962.3,EMB-0.05-0.95,0.0,GARC1,RUS,EMB,embB@G696A,U,{},"{""proportion"": 0.0, ""confidence"": [0.0, 0.7934506856227626], ""p_value"": 1.0, ""contingency"": [[0, 1], [226, 21192]]}",{}
706,NC00962.3,EMB-0.05-0.95,0.0,GARC1,RUS,EMB,embA@A921S,U,{},"{""proportion"": 0.0, ""confidence"": [0.0, 0.6576197724933469], ""p_value"": 1.0, ""contingency"": [[0, 2], [226, 21192]]}",{}
707,NC00962.3,EMB-0.05-0.95,0.0,GARC1,RUS,EMB,embB@R464Q,U,{},"{""proportion"": 0.0, ""confidence"": [0.0, 0.7934506856227626], ""p_value"": 1.0, ""contingency"": [[0, 1], [226, 21192]]}",{}
708,NC00962.3,EMB-0.05-0.95,0.0,GARC1,RUS,EMB,embB@A484T,U,{},"{""proportion"": 0.0, ""confidence"": [0.0, 0.7934506856227626], ""p_value"": 1.0, ""contingency"": [[0, 1], [226, 21192]]}",{}
709,NC00962.3,EMB-0.05-0.95,0.0,GARC1,RUS,EMB,embA@G230S,U,{},"{""proportion"": 0.0, ""confidence"": [4.8683609171202235e-17, 0.5614970317550455], ""p_value"": 1.0, ""contingency"": [[0, 3], [226, 21192]]}",{}
710,NC00962.3,EMB-0.05-0.95,0.0,GARC1,RUS,EMB,embA@I141T,U,{},"{""proportion"": 0.0, ""confidence"": [0.0, 0.6576197724933469], ""p_value"": 1.0, ""contingency"": [[0, 2], [226, 21192]]}",{}
711,NC00962.3,EMB-0.05-0.95,0.0,GARC1,RUS,EMB,embA@V18I,U,{},"{""proportion"": 0.0, ""confidence"": [0.0, 0.7934506856227626], ""p_value"": 1.0, ""contingency"": [[0, 1], [226, 21192]]}",{}
712,NC00962.3,EMB-0.05-0.95,0.0,GARC1,RUS,EMB,embA@G547R,U,{},"{""proportion"": 0.0, ""confidence"": [0.0, 0.7934506856227626], ""p_value"": 1.0, ""contingency"": [[0, 1], [226, 21192]]}",{}
713,NC00962.3,EMB-0.05-0.95,0.0,GARC1,RUS,EMB,embB@R468H,U,{},"{""proportion"": 0.0, ""confidence"": [0.0, 0.7934506856227626], ""p_value"": 1.0, ""contingency"": [[0, 1], [226, 21192]]}",{}
714,NC00962.3,EMB-0.05-0.95,0.0,GARC1,RUS,EMB,embA@g-51a,U,{},"{""proportion"": 0.0, ""confidence"": [0.0, 0.7934506856227626], ""p_value"": 1.0, ""contingency"": [[0, 1], [226, 21192]]}",{}
715,NC00962.3,EMB-0.05-0.95,0.0,GARC1,RUS,EMB,embB@S622W,U,{},"{""proportion"": 0.0, ""confidence"": [0.0, 0.7934506856227626], ""p_value"": 1.0, ""contingency"": [[0, 1], [226, 21192]]}",{}
716,NC00962.3,EMB-0.05-0.95,0.0,GARC1,RUS,EMB,embB@D1060N,U,{},"{""proportion"": 0.0, ""confidence"": [0.0, 0.7934506856227626], ""p_value"": 1.0, ""contingency"": [[0, 1], [226, 21192]]}",{}
717,NC00962.3,EMB-0.05-0.95,0.0,GARC1,RUS,EMB,embA@P802L,U,{},"{""proportion"": 0.0, ""confidence"": [0.0, 0.4898908364545973], ""p_value"": 1.0, ""contingency"": [[0, 4], [226, 21192]]}",{}
718,NC00962.3,EMB-0.05-0.95,0.0,GARC1,RUS,EMB,embB@T215I,U,{},"{""proportion"": 0.0, ""confidence"": [0.0, 0.7934506856227626], ""p_value"": 1.0, ""contingency"": [[0, 1], [226, 21192]]}",{}
719,NC00962.3,EMB-0.05-0.95,0.0,GARC1,RUS,EMB,embB@P655L,U,{},"{""proportion"": 0.0, ""confidence"": [0.0, 0.7934506856227626], ""p_value"": 1.0, ""contingency"": [[0, 1], [226, 21192]]}",{}
720,NC00962.3,EMB-0.05-0.95,0.0,GARC1,RUS,EMB,embA@t-28g,U,{},"{""proportion"": 0.0, ""confidence"": [0.0, 0.7934506856227626], ""p_value"": 1.0, ""contingency"": [[0, 1], [226, 21192]]}",{}
721,NC00962.3,EMB-0.05-0.95,0.0,GARC1,RUS,EMB,embA@A448G,U,{},"{""proportion"": 0.0, ""confidence"": [0.0, 0.7934506856227626], ""p_value"": 1.0, ""contingency"": [[0, 1], [226, 21192]]}",{}
722,NC00962.3,EMB-0.05-0.95,0.0,GARC1,RUS,EMB,embB@H890R,U,{},"{""proportion"": 0.0, ""confidence"": [0.0, 0.7934506856227626], ""p_value"": 1.0, ""contingency"": [[0, 1], [226, 21192]]}",{}
723,NC00962.3,EMB-0.05-0.95,0.0,GARC1,RUS,EMB,embA@T588I,U,{},"{""proportion"": 0.0, ""confidence"": [0.0, 0.7934506856227626], ""p_value"": 1.0, ""contingency"": [[0, 1], [226, 21192]]}",{}
724,NC00962.3,EMB-0.05-0.95,0.0,GARC1,RUS,EMB,embB@P957L,U,{},"{""proportion"": 0.0, ""confidence"": [0.0, 0.7934506856227626], ""p_value"": 1.0, ""contingency"": [[0, 1], [226, 21192]]}",{}
725,NC00962.3,EMB-0.05-0.95,0.0,GARC1,RUS,EMB,embB@S980A,U,{},"{""proportion"": 0.0, ""confidence"": [0.0, 0.7934506856227626], ""p_value"": 1.0, ""contingency"": [[0, 1], [226, 21192]]}",{}
726,NC00962.3,EMB-0.05-0.95,0.0,GARC1,RUS,EMB,embB@E976Q,U,{},"{""proportion"": 0.0, ""confidence"": [0.0, 0.7934506856227626], ""p_value"": 1.0, ""contingency"": [[0, 1], [226, 21192]]}",{}
727,NC00962.3,EMB-0.05-0.95,0.0,GARC1,RUS,EMB,embA@T434A,U,{},"{""proportion"": 0.0, ""confidence"": [0.0, 0.7934506856227626], ""p_value"": 1.0, ""contingency"": [[0, 1], [226, 21192]]}",{}
728,NC00962.3,EMB-0.05-0.95,0.0,GARC1,RUS,EMB,embA@G451R,U,{},"{""proportion"": 0.0, ""confidence"": [2.1779500349382702e-17, 0.2153108027376358], ""p_value"": 1.0, ""contingency"": [[0, 14], [226, 21192]]}",{}
729,NC00962.3,EMB-0.05-0.95,0.0,GARC1,RUS,EMB,embB@D952E,U,{},"{""proportion"": 0.0, ""confidence"": [0.0, 0.6576197724933469], ""p_value"": 1.0, ""contingency"": [[0, 2], [226, 21192]]}",{}
730,NC00962.3,EMB-0.05-0.95,0.0,GARC1,RUS,EMB,embB@T822M,U,{},"{""proportion"": 0.0, ""confidence"": [0.0, 0.7934506856227626], ""p_value"": 1.0, ""contingency"": [[0, 1], [226, 21192]]}",{}
731,NC00962.3,EMB-0.05-0.95,0.0,GARC1,RUS,EMB,embB@S738A,U,{},"{""proportion"": 0.0, ""confidence"": [0.0, 0.10426999754245206], ""p_value"": 0.4112190406590289, ""contingency"": [[0, 33], [226, 21192]]}",{}
732,NC00962.3,EMB-0.05-0.95,0.0,GARC1,RUS,EMB,embA@A249P,U,{},"{""proportion"": 0.0, ""confidence"": [0.0, 0.32440756488388023], ""p_value"": 1.0, ""contingency"": [[0, 8], [226, 21192]]}",{}
733,NC00962.3,EMB-0.05-0.95,0.0,GARC1,RUS,EMB,embA@V414M,U,{},"{""proportion"": 0.0, ""confidence"": [0.0, 0.7934506856227626], ""p_value"": 1.0, ""contingency"": [[0, 1], [226, 21192]]}",{}
734,NC00962.3,EMB-0.05-0.95,0.0,GARC1,RUS,EMB,embA@A312V,U,{},"{""proportion"": 0.0, ""confidence"": [0.0, 0.7934506856227626], ""p_value"": 1.0, ""contingency"": [[0, 1], [226, 21192]]}",{}
735,NC00962.3,EMB-0.05-0.95,0.0,GARC1,RUS,EMB,embA@W634S,U,{},"{""proportion"": 0.0, ""confidence"": [0.0, 0.7934506856227626], ""p_value"": 1.0, ""contingency"": [[0, 1], [226, 21192]]}",{}
736,NC00962.3,EMB-0.05-0.95,0.0,GARC1,RUS,EMB,embA@E508D,U,{},"{""proportion"": 0.0, ""confidence"": [0.0, 0.7934506856227626], ""p_value"": 1.0, ""contingency"": [[0, 1], [226, 21192]]}",{}
737,NC00962.3,EMB-0.05-0.95,0.0,GARC1,RUS,EMB,embB@P103H,U,{},"{""proportion"": 0.0, ""confidence"": [0.0, 0.7934506856227626], ""p_value"": 1.0, ""contingency"": [[0, 1], [226, 21192]]}",{}
738,NC00962.3,EMB-0.05-0.95,0.0,GARC1,RUS,EMB,embB@D127A,U,{},"{""proportion"": 0.0, ""confidence"": [0.0, 0.7934506856227626], ""p_value"": 1.0, ""contingency"": [[0, 1], [226, 21192]]}",{}
739,NC00962.3,EMB-0.05-0.95,0.0,GARC1,RUS,EMB,embB@A94V,U,{},"{""proportion"": 0.0, ""confidence"": [0.0, 0.6576197724933469], ""p_value"": 1.0, ""contingency"": [[0, 2], [226, 21192]]}",{}
740,NC00962.3,EMB-0.05-0.95,0.0,GARC1,RUS,EMB,embB@D166A,U,{},"{""proportion"": 0.0, ""confidence"": [0.0, 0.7934506856227626], ""p_value"": 1.0, ""contingency"": [[0, 1], [226, 21192]]}",{}
741,NC00962.3,EMB-0.05-0.95,0.0,GARC1,RUS,EMB,embA@G823R,U,{},"{""proportion"": 0.0, ""confidence"": [0.0, 0.7934506856227626], ""p_value"": 1.0, ""contingency"": [[0, 1], [226, 21192]]}",{}
742,NC00962.3,EMB-0.05-0.95,0.0,GARC1,RUS,EMB,embB@V83A,U,{},"{""proportion"": 0.0, ""confidence"": [0.0, 0.7934506856227626], ""p_value"": 1.0, ""contingency"": [[0, 1], [226, 21192]]}",{}
743,NC00962.3,EMB-0.05-0.95,0.0,GARC1,RUS,EMB,embB@G1097A,U,{},"{""proportion"": 0.0, ""confidence"": [0.0, 0.7934506856227626], ""p_value"": 1.0, ""contingency"": [[0, 1], [226, 21192]]}",{}
744,NC00962.3,EMB-0.05-0.95,0.0,GARC1,RUS,EMB,embA@L978W,U,{},"{""proportion"": 0.0, ""confidence"": [0.0, 0.7934506856227626], ""p_value"": 1.0, ""contingency"": [[0, 1], [226, 21192]]}",{}
745,NC00962.3,EMB-0.05-0.95,0.0,GARC1,RUS,EMB,embB@L528V,U,{},"{""proportion"": 0.0, ""confidence"": [0.0, 0.7934506856227626], ""p_value"": 1.0, ""contingency"": [[0, 1], [226, 21192]]}",{}
746,NC00962.3,EMB-0.05-0.95,0.0,GARC1,RUS,EMB,embA@P383S,U,{},"{""proportion"": 0.0, ""confidence"": [0.0, 0.7934506856227626], ""p_value"": 1.0, ""contingency"": [[0, 1], [226, 21192]]}",{}
747,NC00962.3,EMB-0.05-0.95,0.0,GARC1,RUS,EMB,embB@I726T,U,{},"{""proportion"": 0.0, ""confidence"": [0.0, 0.7934506856227626], ""p_value"": 1.0, ""contingency"": [[0, 1], [226, 21192]]}",{}
748,NC00962.3,EMB-0.05-0.95,0.0,GARC1,RUS,EMB,embA@P860L,U,{},"{""proportion"": 0.0, ""confidence"": [0.0, 0.7934506856227626], ""p_value"": 1.0, ""contingency"": [[0, 1], [226, 21192]]}",{}
749,NC00962.3,EMB-0.05-0.95,0.0,GARC1,RUS,EMB,embA@V283A,U,{},"{""proportion"": 0.0, ""confidence"": [0.0, 0.7934506856227626], ""p_value"": 1.0, ""contingency"": [[0, 1], [226, 21192]]}",{}
750,NC00962.3,EMB-0.05-0.95,0.0,GARC1,RUS,EMB,embA@L263F,U,{},"{""proportion"": 0.0, ""confidence"": [0.0, 0.7934506856227626], ""p_value"": 1.0, ""contingency"": [[0, 1], [226, 21192]]}",{}
751,NC00962.3,EMB-0.05-0.95,0.0,GARC1,RUS,EMB,embA@T161I,U,{},"{""proportion"": 0.0, ""confidence"": [0.0, 0.7934506856227626], ""p_value"": 1.0, ""contingency"": [[0, 1], [226, 21192]]}",{}
752,NC00962.3,EMB-0.05-0.95,0.0,GARC1,RUS,EMB,embB@P766L,U,{},"{""proportion"": 0.0, ""confidence"": [0.0, 0.7934506856227626], ""p_value"": 1.0, ""contingency"": [[0, 1], [226, 21192]]}",{}
753,NC00962.3,EMB-0.05-0.95,0.0,GARC1,RUS,EMB,embB@A701T,U,{},"{""proportion"": 0.0, ""confidence"": [0.0, 0.6576197724933469], ""p_value"": 1.0, ""contingency"": [[0, 2], [226, 21192]]}",{}
754,NC00962.3,EMB-0.05-0.95,0.0,GARC1,RUS,EMB,embA@V391I,U,{},"{""proportion"": 0.0, ""confidence"": [0.0, 0.7934506856227626], ""p_value"": 1.0, ""contingency"": [[0, 1], [226, 21192]]}",{}
755,NC00962.3,EMB-0.05-0.95,0.0,GARC1,RUS,EMB,embA@P327H,U,{},"{""proportion"": 0.0, ""confidence"": [0.0, 0.7934506856227626], ""p_value"": 1.0, ""contingency"": [[0, 1], [226, 21192]]}",{}
756,NC00962.3,EMB-0.05-0.95,0.0,GARC1,RUS,EMB,embA@A1016S,U,{},"{""proportion"": 0.0, ""confidence"": [4.8683609171202235e-17, 0.5614970317550455], ""p_value"": 1.0, ""contingency"": [[0, 3], [226, 21192]]}",{}
757,NC00962.3,EMB-0.05-0.95,0.0,GARC1,RUS,EMB,embB@F161L,U,{},"{""proportion"": 0.0, ""confidence"": [0.0, 0.7934506856227626], ""p_value"": 1.0, ""contingency"": [[0, 1], [226, 21192]]}",{}
758,NC00962.3,EMB-0.05-0.95,0.0,GARC1,RUS,EMB,embB@W273L,U,{},"{""proportion"": 0.0, ""confidence"": [0.0, 0.7934506856227626], ""p_value"": 1.0, ""contingency"": [[0, 1], [226, 21192]]}",{}
759,NC00962.3,EMB-0.05-0.95,0.0,GARC1,RUS,EMB,embB@A221T,U,{},"{""proportion"": 0.0, ""confidence"": [0.0, 0.7934506856227626], ""p_value"": 1.0, ""contingency"": [[0, 1], [226, 21192]]}",{}
760,NC00962.3,EMB-0.05-0.95,0.0,GARC1,RUS,EMB,embA@A438V,U,{},"{""proportion"": 0.0, ""confidence"": [0.0, 0.7934506856227626], ""p_value"": 1.0, ""contingency"": [[0, 1], [226, 21192]]}",{}
761,NC00962.3,EMB-0.05-0.95,0.0,GARC1,RUS,EMB,embB@A357T,U,{},"{""proportion"": 0.0, ""confidence"": [0.0, 0.7934506856227626], ""p_value"": 1.0, ""contingency"": [[0, 1], [226, 21192]]}",{}
762,NC00962.3,EMB-0.05-0.95,0.0,GARC1,RUS,EMB,embB@M350T,U,{},"{""proportion"": 0.0, ""confidence"": [0.0, 0.7934506856227626], ""p_value"": 1.0, ""contingency"": [[0, 1], [226, 21192]]}",{}
763,NC00962.3,EMB-0.05-0.95,0.0,GARC1,RUS,EMB,embB@S344R,U,{},"{""proportion"": 0.0, ""confidence"": [0.0, 0.7934506856227626], ""p_value"": 1.0, ""contingency"": [[0, 1], [226, 21192]]}",{}
764,NC00962.3,EMB-0.05-0.95,0.0,GARC1,RUS,EMB,embA@Q57E,U,{},"{""proportion"": 0.0, ""confidence"": [0.0, 0.7934506856227626], ""p_value"": 1.0, ""contingency"": [[0, 1], [226, 21192]]}",{}
765,NC00962.3,EMB-0.05-0.95,0.0,GARC1,RUS,EMB,embA@T591A,U,{},"{""proportion"": 0.0, ""confidence"": [0.0, 0.7934506856227626], ""p_value"": 1.0, ""contingency"": [[0, 1], [226, 21192]]}",{}
766,NC00962.3,EMB-0.05-0.95,0.0,GARC1,RUS,EMB,embA@N54S,U,{},"{""proportion"": 0.0, ""confidence"": [0.0, 0.7934506856227626], ""p_value"": 1.0, ""contingency"": [[0, 1], [226, 21192]]}",{}
767,NC00962.3,EMB-0.05-0.95,0.0,GARC1,RUS,EMB,embB@A271G,U,{},"{""proportion"": 0.0, ""confidence"": [0.0, 0.7934506856227626], ""p_value"": 1.0, ""contingency"": [[0, 1], [226, 21192]]}",{}
768,NC00962.3,EMB-0.05-0.95,0.0,GARC1,RUS,EMB,embB@V67L,U,{},"{""proportion"": 0.0, ""confidence"": [0.0, 0.7934506856227626], ""p_value"": 1.0, ""contingency"": [[0, 1], [226, 21192]]}",{}
769,NC00962.3,EMB-0.05-0.95,0.0,GARC1,RUS,EMB,embB@T341I,U,{},"{""proportion"": 0.0, ""confidence"": [0.0, 0.7934506856227626], ""p_value"": 1.0, ""contingency"": [[0, 1], [226, 21192]]}",{}
770,NC00962.3,EMB-0.05-0.95,0.0,GARC1,RUS,EMB,embA@A331P,U,{},"{""proportion"": 0.0, ""confidence"": [0.0, 0.7934506856227626], ""p_value"": 1.0, ""contingency"": [[0, 1], [226, 21192]]}",{}
771,NC00962.3,EMB-0.05-0.95,0.0,GARC1,RUS,EMB,embA@c-11t,U,{},"{""proportion"": 0.0, ""confidence"": [0.0, 0.7934506856227626], ""p_value"": 1.0, ""contingency"": [[0, 1], [226, 21192]]}",{}
772,NC00962.3,EMB-0.05-0.95,0.0,GARC1,RUS,EMB,embB@A861T,U,{},"{""proportion"": 0.0, ""confidence"": [0.0, 0.7934506856227626], ""p_value"": 1.0, ""contingency"": [[0, 1], [226, 21192]]}",{}
773,NC00962.3,EMB-0.05-0.95,0.0,GARC1,RUS,EMB,embB@A840P,U,{},"{""proportion"": 0.0, ""confidence"": [0.0, 0.7934506856227626], ""p_value"": 1.0, ""contingency"": [[0, 1], [226, 21192]]}",{}
774,NC00962.3,EMB-0.05-0.95,0.0,GARC1,RUS,EMB,embA@D678N,U,{},"{""proportion"": 0.0, ""confidence"": [0.0, 0.7934506856227626], ""p_value"": 1.0, ""contingency"": [[0, 1], [226, 21192]]}",{}
775,NC00962.3,EMB-0.05-0.95,0.0,GARC1,RUS,EMB,embB@H342N,U,{},"{""proportion"": 0.0, ""confidence"": [0.0, 0.7934506856227626], ""p_value"": 1.0, ""contingency"": [[0, 1], [226, 21192]]}",{}
776,NC00962.3,EMB-0.05-0.95,0.0,GARC1,RUS,EMB,embB@M557I,U,{},"{""proportion"": 0.0, ""confidence"": [0.0, 0.7934506856227626], ""p_value"": 1.0, ""contingency"": [[0, 1], [226, 21192]]}",{}
777,NC00962.3,EMB-0.05-0.95,0.0,GARC1,RUS,EMB,embB@R1059P,U,{},"{""proportion"": 0.0, ""confidence"": [0.0, 0.7934506856227626], ""p_value"": 1.0, ""contingency"": [[0, 1], [226, 21192]]}",{}
778,NC00962.3,EMB-0.05-0.95,0.0,GARC1,RUS,EMB,embB@A950V,U,{},"{""proportion"": 0.0, ""confidence"": [0.0, 0.7934506856227626], ""p_value"": 1.0, ""contingency"": [[0, 1], [226, 21192]]}",{}
779,NC00962.3,EMB-0.05-0.95,0.0,GARC1,RUS,EMB,embA@A734T,U,{},"{""proportion"": 0.0, ""confidence"": [0.0, 0.7934506856227626], ""p_value"": 1.0, ""contingency"": [[0, 1], [226, 21192]]}",{}
780,NC00962.3,EMB-0.05-0.95,0.0,GARC1,RUS,EMB,embB@L348P,U,{},"{""proportion"": 0.0, ""confidence"": [0.0, 0.7934506856227626], ""p_value"": 1.0, ""contingency"": [[0, 1], [226, 21192]]}",{}
781,NC00962.3,EMB-0.05-0.95,0.0,GARC1,RUS,EMB,embB@N400S,U,{},"{""proportion"": 0.0, ""confidence"": [0.0, 0.7934506856227626], ""p_value"": 1.0, ""contingency"": [[0, 1], [226, 21192]]}",{}
782,NC00962.3,EMB-0.05-0.95,0.0,GARC1,RUS,EMB,embA@T363I,U,{},"{""proportion"": 0.0, ""confidence"": [0.0, 0.7934506856227626], ""p_value"": 1.0, ""contingency"": [[0, 1], [226, 21192]]}",{}
783,NC00962.3,EMB-0.05-0.95,0.0,GARC1,RUS,EMB,embB@M462T,U,{},"{""proportion"": 0.0, ""confidence"": [0.0, 0.7934506856227626], ""p_value"": 1.0, ""contingency"": [[0, 1], [226, 21192]]}",{}
784,NC00962.3,EMB-0.05-0.95,0.0,GARC1,RUS,EMB,embB@P59T,U,{},"{""proportion"": 0.0, ""confidence"": [0.0, 0.7934506856227626], ""p_value"": 1.0, ""contingency"": [[0, 1], [226, 21192]]}",{}
785,NC00962.3,EMB-0.05-0.95,0.0,GARC1,RUS,EMB,embB@V602A,U,{},"{""proportion"": 0.0, ""confidence"": [0.0, 0.7934506856227626], ""p_value"": 1.0, ""contingency"": [[0, 1], [226, 21192]]}",{}
786,NC00962.3,EMB-0.05-0.95,0.0,GARC1,RUS,EMB,embB@L364V,U,{},"{""proportion"": 0.0, ""confidence"": [0.0, 0.7934506856227626], ""p_value"": 1.0, ""contingency"": [[0, 1], [226, 21192]]}",{}
787,NC00962.3,EMB-0.05-0.95,0.0,GARC1,RUS,EMB,embB@I1006M,U,{},"{""proportion"": 0.0, ""confidence"": [0.0, 0.43448246478317476], ""p_value"": 1.0, ""contingency"": [[0, 5], [226, 21192]]}",{}
788,NC00962.3,EMB-0.05-0.95,0.0,GARC1,RUS,EMB,embB@Q997H,U,{},"{""proportion"": 0.0, ""confidence"": [0.0, 0.7934506856227626], ""p_value"": 1.0, ""contingency"": [[0, 1], [226, 21192]]}",{}
789,NC00962.3,EMB-0.05-0.95,0.0,GARC1,RUS,EMB,embA@T591P,U,{},"{""proportion"": 0.0, ""confidence"": [0.0, 0.6576197724933469], ""p_value"": 1.0, ""contingency"": [[0, 2], [226, 21192]]}",{}
790,NC00962.3,EMB-0.05-0.95,0.0,GARC1,RUS,EMB,embB@R147C,U,{},"{""proportion"": 0.0, ""confidence"": [0.0, 0.7934506856227626], ""p_value"": 1.0, ""contingency"": [[0, 1], [226, 21192]]}",{}
791,NC00962.3,EMB-0.05-0.95,0.0,GARC1,RUS,EMB,embB@A1083T,U,{},"{""proportion"": 0.0, ""confidence"": [0.0, 0.7934506856227626], ""p_value"": 1.0, ""contingency"": [[0, 1], [226, 21192]]}",{}
792,NC00962.3,EMB-0.05-0.95,0.0,GARC1,RUS,EMB,embA@A852D,U,{},"{""proportion"": 0.0, ""confidence"": [0.0, 0.7934506856227626], ""p_value"": 1.0, ""contingency"": [[0, 1], [226, 21192]]}",{}
794,NC00962.3,EMB-0.05-0.95,0.0,GARC1,RUS,EMB,embB@E149A,U,{},"{""proportion"": 0.0, ""confidence"": [0.0, 0.7934506856227626], ""p_value"": 1.0, ""contingency"": [[0, 1], [226, 21192]]}",{}
795,NC00962.3,EMB-0.05-0.95,0.0,GARC1,RUS,EMB,embA@P763S,U,{},"{""proportion"": 0.0, ""confidence"": [0.0, 0.7934506856227626], ""p_value"": 1.0, ""contingency"": [[0, 1], [226, 21192]]}",{}
796,NC00962.3,EMB-0.05-0.95,0.0,GARC1,RUS,EMB,embA@g-48c,U,{},"{""proportion"": 0.0, ""confidence"": [0.0, 0.7934506856227626], ""p_value"": 1.0, ""contingency"": [[0, 1], [226, 21192]]}",{}
797,NC00962.3,EMB-0.05-0.95,0.0,GARC1,RUS,EMB,embA@A291T,U,{},"{""proportion"": 0.0, ""confidence"": [0.0, 0.6576197724933469], ""p_value"": 1.0, ""contingency"": [[0, 2], [226, 21192]]}",{}
798,NC00962.3,EMB-0.05-0.95,0.0,GARC1,RUS,EMB,embB@D354N,U,{},"{""proportion"": 0.0, ""confidence"": [0.0, 0.7934506856227626], ""p_value"": 1.0, ""contingency"": [[0, 1], [226, 21192]]}",{}
799,NC00962.3,EMB-0.05-0.95,0.0,GARC1,RUS,EMB,embA@T270P,U,{},"{""proportion"": 0.0, ""confidence"": [0.0, 0.7934506856227626], ""p_value"": 1.0, ""contingency"": [[0, 1], [226, 21192]]}",{}
800,NC00962.3,EMB-0.05-0.95,0.0,GARC1,RUS,EMB,embB@M482I,U,{},"{""proportion"": 0.0, ""confidence"": [0.0, 0.7934506856227626], ""p_value"": 1.0, ""contingency"": [[0, 1], [226, 21192]]}",{}
801,NC00962.3,EMB-0.05-0.95,0.0,GARC1,RUS,EMB,embA@G21R,U,{},"{""proportion"": 0.0, ""confidence"": [0.0, 0.7934506856227626], ""p_value"": 1.0, ""contingency"": [[0, 1], [226, 21192]]}",{}
802,NC00962.3,EMB-0.05-0.95,0.0,GARC1,RUS,EMB,embA@H665R,U,{},"{""proportion"": 0.0, ""confidence"": [0.0, 0.6576197724933469], ""p_value"": 1.0, ""contingency"": [[0, 2], [226, 21192]]}",{}
803,NC00962.3,EMB-0.05-0.95,0.0,GARC1,RUS,EMB,embB@N1004T,U,{},"{""proportion"": 0.0, ""confidence"": [0.0, 0.7934506856227626], ""p_value"": 1.0, ""contingency"": [[0, 1], [226, 21192]]}",{}
804,NC00962.3,EMB-0.05-0.95,0.0,GARC1,RUS,EMB,embA@P327L,U,{},"{""proportion"": 0.0, ""confidence"": [0.0, 0.7934506856227626], ""p_value"": 1.0, ""contingency"": [[0, 1], [226, 21192]]}",{}
805,NC00962.3,EMB-0.05-0.95,0.0,GARC1,RUS,EMB,embB@T797M,U,{},"{""proportion"": 0.0, ""confidence"": [0.0, 0.4898908364545973], ""p_value"": 1.0, ""contingency"": [[0, 4], [226, 21192]]}",{}
806,NC00962.3,EMB-0.05-0.95,0.0,GARC1,RUS,EMB,embB@A510T,U,{},"{""proportion"": 0.0, ""confidence"": [4.8683609171202235e-17, 0.5614970317550455], ""p_value"": 1.0, ""contingency"": [[0, 3], [226, 21192]]}",{}
807,NC00962.3,EMB-0.05-0.95,0.0,GARC1,RUS,EMB,embA@A255V,U,{},"{""proportion"": 0.0, ""confidence"": [0.0, 0.7934506856227626], ""p_value"": 1.0, ""contingency"": [[0, 1], [226, 21192]]}",{}
808,NC00962.3,EMB-0.05-0.95,0.0,GARC1,RUS,EMB,embB@D354G,U,{},"{""proportion"": 0.0, ""confidence"": [0.0, 0.7934506856227626], ""p_value"": 1.0, ""contingency"": [[0, 1], [226, 21192]]}",{}
809,NC00962.3,EMB-0.05-0.95,0.0,GARC1,RUS,EMB,embA@A428V,U,{},"{""proportion"": 0.0, ""confidence"": [0.0, 0.7934506856227626], ""p_value"": 1.0, ""contingency"": [[0, 1], [226, 21192]]}",{}
810,NC00962.3,EMB-0.05-0.95,0.0,GARC1,RUS,EMB,embA@S49R,U,{},"{""proportion"": 0.0, ""confidence"": [0.0, 0.7934506856227626], ""p_value"": 1.0, ""contingency"": [[0, 1], [226, 21192]]}",{}
811,NC00962.3,EMB-0.05-0.95,0.0,GARC1,RUS,EMB,embB@T341A,U,{},"{""proportion"": 0.0, ""confidence"": [0.0, 0.7934506856227626], ""p_value"": 1.0, ""contingency"": [[0, 1], [226, 21192]]}",{}
812,NC00962.3,EMB-0.05-0.95,0.0,GARC1,RUS,EMB,embB@D178N,U,{},"{""proportion"": 0.0, ""confidence"": [0.0, 0.7934506856227626], ""p_value"": 1.0, ""contingency"": [[0, 1], [226, 21192]]}",{}
813,NC00962.3,EMB-0.05-0.95,0.0,GARC1,RUS,EMB,embA@G765D,U,{},"{""proportion"": 0.0, ""confidence"": [0.0, 0.7934506856227626], ""p_value"": 1.0, ""contingency"": [[0, 1], [226, 21192]]}",{}
814,NC00962.3,EMB-0.05-0.95,0.0,GARC1,RUS,EMB,embB@A1020S,U,{},"{""proportion"": 0.0, ""confidence"": [0.0, 0.7934506856227626], ""p_value"": 1.0, ""contingency"": [[0, 1], [226, 21192]]}",{}
815,NC00962.3,EMB-0.05-0.95,0.0,GARC1,RUS,EMB,embA@T238S,U,{},"{""proportion"": 0.0, ""confidence"": [0.0, 0.7934506856227626], ""p_value"": 1.0, ""contingency"": [[0, 1], [226, 21192]]}",{}
816,NC00962.3,EMB-0.05-0.95,0.0,GARC1,RUS,EMB,embB@P195L,U,{},"{""proportion"": 0.0, ""confidence"": [0.0, 0.7934506856227626], ""p_value"": 1.0, ""contingency"": [[0, 1], [226, 21192]]}",{}
817,NC00962.3,EMB-0.05-0.95,0.0,GARC1,RUS,EMB,embB@P776L,U,{},"{""proportion"": 0.0, ""confidence"": [0.0, 0.4898908364545973], ""p_value"": 1.0, ""contingency"": [[0, 4], [226, 21192]]}",{}
818,NC00962.3,EMB-0.05-0.95,0.0,GARC1,RUS,EMB,embB@R930H,U,{},"{""proportion"": 0.0, ""confidence"": [0.0, 0.7934506856227626], ""p_value"": 1.0, ""contingency"": [[0, 1], [226, 21192]]}",{}
819,NC00962.3,EMB-0.05-0.95,0.0,GARC1,RUS,EMB,embA@T238N,U,{},"{""proportion"": 0.0, ""confidence"": [0.0, 0.6576197724933469], ""p_value"": 1.0, ""contingency"": [[0, 2], [226, 21192]]}",{}
820,NC00962.3,EMB-0.05-0.95,0.0,GARC1,RUS,EMB,embA@I191V,U,{},"{""proportion"": 0.0, ""confidence"": [0.0, 0.7934506856227626], ""p_value"": 1.0, ""contingency"": [[0, 1], [226, 21192]]}",{}
821,NC00962.3,EMB-0.05-0.95,0.0,GARC1,RUS,EMB,embB@P375S,U,{},"{""proportion"": 0.0, ""confidence"": [0.0, 0.7934506856227626], ""p_value"": 1.0, ""contingency"": [[0, 1], [226, 21192]]}",{}
822,NC00962.3,EMB-0.05-0.95,0.0,GARC1,RUS,EMB,embB@V231I,U,{},"{""proportion"": 0.0, ""confidence"": [0.0, 0.7934506856227626], ""p_value"": 1.0, ""contingency"": [[0, 1], [226, 21192]]}",{}
823,NC00962.3,EMB-0.05-0.95,0.0,GARC1,RUS,EMB,embB@N657D,U,{},"{""proportion"": 0.0, ""confidence"": [0.0, 0.7934506856227626], ""p_value"": 1.0, ""contingency"": [[0, 1], [226, 21192]]}",{}
824,NC00962.3,EMB-0.05-0.95,0.0,GARC1,RUS,EMB,embB@G665R,U,{},"{""proportion"": 0.0, ""confidence"": [0.0, 0.7934506856227626], ""p_value"": 1.0, ""contingency"": [[0, 1], [226, 21192]]}",{}
825,NC00962.3,EMB-0.05-0.95,0.0,GARC1,RUS,EMB,embB@M462L,U,{},"{""proportion"": 0.0, ""confidence"": [0.0, 0.7934506856227626], ""p_value"": 1.0, ""contingency"": [[0, 1], [226, 21192]]}",{}
826,NC00962.3,EMB-0.05-0.95,0.0,GARC1,RUS,EMB,embA@W1050G,U,{},"{""proportion"": 0.0, ""confidence"": [0.0, 0.7934506856227626], ""p_value"": 1.0, ""contingency"": [[0, 1], [226, 21192]]}",{}
827,NC00962.3,EMB-0.05-0.95,0.0,GARC1,RUS,EMB,embA@2723_ins_ggg,U,{},"{""proportion"": 0.0, ""confidence"": [0.0, 0.7934506856227626], ""p_value"": 1.0, ""contingency"": [[0, 1], [226, 21192]]}",{}
828,NC00962.3,EMB-0.05-0.95,0.0,GARC1,RUS,EMB,embA@D761G,U,{},"{""proportion"": 0.0, ""confidence"": [0.0, 0.7934506856227626], ""p_value"": 1.0, ""contingency"": [[0, 1], [226, 21192]]}",{}
829,NC00962.3,EMB-0.05-0.95,0.0,GARC1,RUS,EMB,embA@R683L,U,{},"{""proportion"": 0.0, ""confidence"": [0.0, 0.7934506856227626], ""p_value"": 1.0, ""contingency"": [[0, 1], [226, 21192]]}",{}
830,NC00962.3,EMB-0.05-0.95,0.0,GARC1,RUS,EMB,embA@L263P,U,{},"{""proportion"": 0.0, ""confidence"": [0.0, 0.7934506856227626], ""p_value"": 1.0, ""contingency"": [[0, 1], [226, 21192]]}",{}
831,NC00962.3,EMB-0.05-0.95,0.0,GARC1,RUS,EMB,embB@T1069P,U,{},"{""proportion"": 0.0, ""confidence"": [0.0, 0.7934506856227626], ""p_value"": 1.0, ""contingency"": [[0, 1], [226, 21192]]}",{}
832,NC00962.3,EMB-0.05-0.95,0.0,GARC1,RUS,EMB,embA@R239!,U,{},"{""proportion"": 0.0, ""confidence"": [0.0, 0.7934506856227626], ""p_value"": 1.0, ""contingency"": [[0, 1], [226, 21192]]}",{}
833,NC00962.3,EMB-0.05-0.95,0.0,GARC1,RUS,EMB,embB@G1097S,U,{},"{""proportion"": 0.0, ""confidence"": [0.0, 0.7934506856227626], ""p_value"": 1.0, ""contingency"": [[0, 1], [226, 21192]]}",{}
834,NC00962.3,EMB-0.05-0.95,0.0,GARC1,RUS,EMB,embA@T983A,U,{},"{""proportion"": 0.0, ""confidence"": [0.0, 0.7934506856227626], ""p_value"": 1.0, ""contingency"": [[0, 1], [226, 21192]]}",{}
835,NC00962.3,EMB-0.05-0.95,0.0,GARC1,RUS,EMB,embA@c-73t,U,{},"{""proportion"": 0.0, ""confidence"": [0.0, 0.7934506856227626], ""p_value"": 1.0, ""contingency"": [[0, 1], [226, 21192]]}",{}
836,NC00962.3,EMB-0.05-0.95,0.0,GARC1,RUS,EMB,embB@T546A,U,{},"{""proportion"": 0.0, ""confidence"": [0.0, 0.7934506856227626], ""p_value"": 1.0, ""contingency"": [[0, 1], [226, 21192]]}",{}
837,NC00962.3,EMB-0.05-0.95,0.0,GARC1,RUS,EMB,embB@K107R,U,{},"{""proportion"": 0.0, ""confidence"": [0.0, 0.7934506856227626], ""p_value"": 1.0, ""contingency"": [[0, 1], [226, 21192]]}",{}
839,NC00962.3,EMB-0.05-0.95,0.0,GARC1,RUS,EMB,embB@P214A,U,{},"{""proportion"": 0.0, ""confidence"": [0.0, 0.7934506856227626], ""p_value"": 1.0, ""contingency"": [[0, 1], [226, 21192]]}",{}
840,NC00962.3,EMB-0.05-0.95,0.0,GARC1,RUS,EMB,embB@V479M,U,{},"{""proportion"": 0.0, ""confidence"": [0.0, 0.7934506856227626], ""p_value"": 1.0, ""contingency"": [[0, 1], [226, 21192]]}",{}
841,NC00962.3,EMB-0.05-0.95,0.0,GARC1,RUS,EMB,embA@G101S,U,{},"{""proportion"": 0.0, ""confidence"": [0.0, 0.7934506856227626], ""p_value"": 1.0, ""contingency"": [[0, 1], [226, 21192]]}",{}
842,NC00962.3,EMB-0.05-0.95,0.0,GARC1,RUS,EMB,embA@R442K,U,{},"{""proportion"": 0.0, ""confidence"": [0.0, 0.7934506856227626], ""p_value"": 1.0, ""contingency"": [[0, 1], [226, 21192]]}",{}
843,NC00962.3,EMB-0.05-0.95,0.0,GARC1,RUS,EMB,embB@G603A,U,{},"{""proportion"": 0.0, ""confidence"": [0.0, 0.7934506856227626], ""p_value"": 1.0, ""contingency"": [[0, 1], [226, 21192]]}",{}
844,NC00962.3,EMB-0.05-0.95,0.0,GARC1,RUS,EMB,embA@N679S,U,{},"{""proportion"": 0.0, ""confidence"": [0.0, 0.7934506856227626], ""p_value"": 1.0, ""contingency"": [[0, 1], [226, 21192]]}",{}
845,NC00962.3,EMB-0.05-0.95,0.0,GARC1,RUS,EMB,embB@P706S,U,{},"{""proportion"": 0.0, ""confidence"": [0.0, 0.7934506856227626], ""p_value"": 1.0, ""contingency"": [[0, 1], [226, 21192]]}",{}
846,NC00962.3,EMB-0.05-0.95,0.0,GARC1,RUS,EMB,embA@R346P,U,{},"{""proportion"": 0.0, ""confidence"": [0.0, 0.7934506856227626], ""p_value"": 1.0, ""contingency"": [[0, 1], [226, 21192]]}",{}
847,NC00962.3,EMB-0.05-0.95,0.0,GARC1,RUS,EMB,embA@R346W,U,{},"{""proportion"": 0.0, ""confidence"": [0.0, 0.7934506856227626], ""p_value"": 1.0, ""contingency"": [[0, 1], [226, 21192]]}",{}
848,NC00962.3,EMB-0.05-0.95,0.0,GARC1,RUS,EMB,embB@G474D,U,{},"{""proportion"": 0.0, ""confidence"": [0.0, 0.7934506856227626], ""p_value"": 1.0, ""contingency"": [[0, 1], [226, 21192]]}",{}
849,NC00962.3,EMB-0.05-0.95,0.0,GARC1,RUS,EMB,embA@L221M,U,{},"{""proportion"": 0.0, ""confidence"": [0.0, 0.7934506856227626], ""p_value"": 1.0, ""contingency"": [[0, 1], [226, 21192]]}",{}
850,NC00962.3,EMB-0.05-0.95,0.0,GARC1,RUS,EMB,embA@G748S,U,{},"{""proportion"": 0.0, ""confidence"": [0.0, 0.7934506856227626], ""p_value"": 1.0, ""contingency"": [[0, 1], [226, 21192]]}",{}
851,NC00962.3,EMB-0.05-0.95,0.0,GARC1,RUS,EMB,embA@M979L,U,{},"{""proportion"": 0.0, ""confidence"": [0.0, 0.7934506856227626], ""p_value"": 1.0, ""contingency"": [[0, 1], [226, 21192]]}",{}
852,NC00962.3,EMB-0.05-0.95,0.0,GARC1,RUS,EMB,embA@G972W,U,{},"{""proportion"": 0.0, ""confidence"": [0.0, 0.7934506856227626], ""p_value"": 1.0, ""contingency"": [[0, 1], [226, 21192]]}",{}
853,NC00962.3,EMB-0.05-0.95,0.0,GARC1,RUS,EMB,embB@A684V,U,{},"{""proportion"": 0.0, ""confidence"": [0.0, 0.7934506856227626], ""p_value"": 1.0, ""contingency"": [[0, 1], [226, 21192]]}",{}
854,NC00962.3,EMB-0.05-0.95,0.0,GARC1,RUS,EMB,embA@S318T,U,{},"{""proportion"": 0.0, ""confidence"": [0.0, 0.7934506856227626], ""p_value"": 1.0, ""contingency"": [[0, 1], [226, 21192]]}",{}
855,NC00962.3,EMB-0.05-0.95,0.0,GARC1,RUS,EMB,embA@A436G,U,{},"{""proportion"": 0.0, ""confidence"": [0.0, 0.7934506856227626], ""p_value"": 1.0, ""contingency"": [[0, 1], [226, 21192]]}",{}
856,NC00962.3,EMB-0.05-0.95,0.0,GARC1,RUS,EMB,embA@N377G,U,{},"{""proportion"": 0.0, ""confidence"": [0.0, 0.7934506856227626], ""p_value"": 1.0, ""contingency"": [[0, 1], [226, 21192]]}",{}
857,NC00962.3,EMB-0.05-0.95,0.0,GARC1,RUS,EMB,embA@R68H,U,{},"{""proportion"": 0.0, ""confidence"": [0.0, 0.7934506856227626], ""p_value"": 1.0, ""contingency"": [[0, 1], [226, 21192]]}",{}
858,NC00962.3,EMB-0.05-0.95,0.0,GARC1,RUS,EMB,embB@P177L,U,{},"{""proportion"": 0.0, ""confidence"": [0.0, 0.7934506856227626], ""p_value"": 1.0, ""contingency"": [[0, 1], [226, 21192]]}",{}
859,NC00962.3,EMB-0.05-0.95,0.0,GARC1,RUS,EMB,embB@K927E,U,{},"{""proportion"": 0.0, ""confidence"": [0.0, 0.7934506856227626], ""p_value"": 1.0, ""contingency"": [[0, 1], [226, 21192]]}",{}
860,NC00962.3,EMB-0.05-0.95,0.0,GARC1,RUS,EMB,embA@P164A,U,{},"{""proportion"": 0.0, ""confidence"": [0.0, 0.7934506856227626], ""p_value"": 1.0, ""contingency"": [[0, 1], [226, 21192]]}",{}
861,NC00962.3,EMB-0.05-0.95,0.0,GARC1,RUS,EMB,embA@L925V,U,{},"{""proportion"": 0.0, ""confidence"": [0.0, 0.7934506856227626], ""p_value"": 1.0, ""contingency"": [[0, 1], [226, 21192]]}",{}
862,NC00962.3,EMB-0.05-0.95,0.0,GARC1,RUS,EMB,embA@I887T,U,{},"{""proportion"": 0.0, ""confidence"": [0.0, 0.7934506856227626], ""p_value"": 1.0, ""contingency"": [[0, 1], [226, 21192]]}",{}
863,NC00962.3,EMB-0.05-0.95,0.0,GARC1,RUS,EMB,embA@632_del_tgc,U,{},"{""proportion"": 0.0, ""confidence"": [0.0, 0.7934506856227626], ""p_value"": 1.0, ""contingency"": [[0, 1], [226, 21192]]}",{}
864,NC00962.3,EMB-0.05-0.95,0.0,GARC1,RUS,EMB,embA@L552P,U,{},"{""proportion"": 0.0, ""confidence"": [0.0, 0.7934506856227626], ""p_value"": 1.0, ""contingency"": [[0, 1], [226, 21192]]}",{}
865,NC00962.3,EMB-0.05-0.95,0.0,GARC1,RUS,EMB,embA@2071_ins_tgg,U,{},"{""proportion"": 0.0, ""confidence"": [0.0, 0.6576197724933469], ""p_value"": 1.0, ""contingency"": [[0, 2], [226, 21192]]}",{}
866,NC00962.3,EMB-0.05-0.95,0.0,GARC1,RUS,EMB,embA@A661P,U,{},"{""proportion"": 0.0, ""confidence"": [0.0, 0.7934506856227626], ""p_value"": 1.0, ""contingency"": [[0, 1], [226, 21192]]}",{}
867,NC00962.3,EMB-0.05-0.95,0.0,GARC1,RUS,EMB,embA@A415V,U,{},"{""proportion"": 0.0, ""confidence"": [0.0, 0.7934506856227626], ""p_value"": 1.0, ""contingency"": [[0, 1], [226, 21192]]}",{}
868,NC00962.3,EMB-0.05-0.95,0.0,GARC1,RUS,EMB,embA@I338L,U,{},"{""proportion"": 0.0, ""confidence"": [3.584186086443356e-17, 0.3543304350666874], ""p_value"": 1.0, ""contingency"": [[0, 7], [226, 21192]]}",{}
869,NC00962.3,EMB-0.05-0.95,0.0,GARC1,RUS,EMB,embB@S565G,U,{},"{""proportion"": 0.0, ""confidence"": [4.8683609171202235e-17, 0.5614970317550455], ""p_value"": 1.0, ""contingency"": [[0, 3], [226, 21192]]}",{}
870,NC00962.3,EMB-0.05-0.95,0.0,GARC1,RUS,EMB,embA@V317L,U,{},"{""proportion"": 0.0, ""confidence"": [0.0, 0.43448246478317476], ""p_value"": 1.0, ""contingency"": [[0, 5], [226, 21192]]}",{}
871,NC00962.3,EMB-0.05-0.95,0.0,GARC1,RUS,EMB,embB@S325R,U,{},"{""proportion"": 0.0, ""confidence"": [0.0, 0.7934506856227626], ""p_value"": 1.0, ""contingency"": [[0, 1], [226, 21192]]}",{}
872,NC00962.3,EMB-0.05-0.95,0.0,GARC1,RUS,EMB,embA@A581T,U,{},"{""proportion"": 0.0, ""confidence"": [0.0, 0.6576197724933469], ""p_value"": 1.0, ""contingency"": [[0, 2], [226, 21192]]}",{}
873,NC00962.3,EMB-0.05-0.95,0.0,GARC1,RUS,EMB,embA@A642G,U,{},"{""proportion"": 0.0, ""confidence"": [0.0, 0.7934506856227626], ""p_value"": 1.0, ""contingency"": [[0, 1], [226, 21192]]}",{}
874,NC00962.3,EMB-0.05-0.95,0.0,GARC1,RUS,EMB,embB@G535S,U,{},"{""proportion"": 0.0, ""confidence"": [0.0, 0.7934506856227626], ""p_value"": 1.0, ""contingency"": [[0, 1], [226, 21192]]}",{}
875,NC00962.3,EMB-0.05-0.95,0.0,GARC1,RUS,EMB,embB@A937E,U,{},"{""proportion"": 0.0, ""confidence"": [0.0, 0.43448246478317476], ""p_value"": 1.0, ""contingency"": [[0, 5], [226, 21192]]}",{}
876,NC00962.3,EMB-0.05-0.95,0.0,GARC1,RUS,EMB,embB@V614I,U,{},"{""proportion"": 0.0, ""confidence"": [0.0, 0.7934506856227626], ""p_value"": 1.0, ""contingency"": [[0, 1], [226, 21192]]}",{}
877,NC00962.3,EMB-0.05-0.95,0.0,GARC1,RUS,EMB,embA@S514P,U,{},"{""proportion"": 0.0, ""confidence"": [0.0, 0.7934506856227626], ""p_value"": 1.0, ""contingency"": [[0, 1], [226, 21192]]}",{}
878,NC00962.3,EMB-0.05-0.95,0.0,GARC1,RUS,EMB,embA@P156L,U,{},"{""proportion"": 0.0, ""confidence"": [0.0, 0.7934506856227626], ""p_value"": 1.0, ""contingency"": [[0, 1], [226, 21192]]}",{}
879,NC00962.3,EMB-0.05-0.95,0.0,GARC1,RUS,EMB,embA@F529L,U,{},"{""proportion"": 0.0, ""confidence"": [0.0, 0.7934506856227626], ""p_value"": 1.0, ""contingency"": [[0, 1], [226, 21192]]}",{}
880,NC00962.3,EMB-0.05-0.95,0.0,GARC1,RUS,EMB,embA@W45G,U,{},"{""proportion"": 0.0, ""confidence"": [0.0, 0.7934506856227626], ""p_value"": 1.0, ""contingency"": [[0, 1], [226, 21192]]}",{}
881,NC00962.3,EMB-0.05-0.95,0.0,GARC1,RUS,EMB,embA@L212V,U,{},"{""proportion"": 0.0, ""confidence"": [0.0, 0.7934506856227626], ""p_value"": 1.0, ""contingency"": [[0, 1], [226, 21192]]}",{}
882,NC00962.3,EMB-0.05-0.95,0.0,GARC1,RUS,EMB,embA@R447G,U,{},"{""proportion"": 0.0, ""confidence"": [0.0, 0.7934506856227626], ""p_value"": 1.0, ""contingency"": [[0, 1], [226, 21192]]}",{}
883,NC00962.3,EMB-0.05-0.95,0.0,GARC1,RUS,EMB,embB@G34V,U,{},"{""proportion"": 0.0, ""confidence"": [0.0, 0.7934506856227626], ""p_value"": 1.0, ""contingency"": [[0, 1], [226, 21192]]}",{}
884,NC00962.3,EMB-0.05-0.95,0.0,GARC1,RUS,EMB,embB@G199E,U,{},"{""proportion"": 0.0, ""confidence"": [0.0, 0.7934506856227626], ""p_value"": 1.0, ""contingency"": [[0, 1], [226, 21192]]}",{}
885,NC00962.3,EMB-0.05-0.95,0.0,GARC1,RUS,EMB,embB@V502L,U,{},"{""proportion"": 0.0, ""confidence"": [0.0, 0.7934506856227626], ""p_value"": 1.0, ""contingency"": [[0, 1], [226, 21192]]}",{}
886,NC00962.3,EMB-0.05-0.95,0.0,GARC1,RUS,EMB,embB@A232E,U,{},"{""proportion"": 0.0, ""confidence"": [0.0, 0.6576197724933469], ""p_value"": 1.0, ""contingency"": [[0, 2], [226, 21192]]}",{}
887,NC00962.3,EMB-0.05-0.95,0.0,GARC1,RUS,EMB,embB@G1092A,U,{},"{""proportion"": 0.0, ""confidence"": [0.0, 0.7934506856227626], ""p_value"": 1.0, ""contingency"": [[0, 1], [226, 21192]]}",{}
888,NC00962.3,EMB-0.05-0.95,0.0,GARC1,RUS,EMB,embA@-23_del_cg,U,{},"{""proportion"": 0.0, ""confidence"": [0.0, 0.7934506856227626], ""p_value"": 1.0, ""contingency"": [[0, 1], [226, 21192]]}",{}
889,NC00962.3,EMB-0.05-0.95,0.0,GARC1,RUS,EMB,embB@A102V,U,{},"{""proportion"": 0.0, ""confidence"": [0.0, 0.7934506856227626], ""p_value"": 1.0, ""contingency"": [[0, 1], [226, 21192]]}",{}
890,NC00962.3,EMB-0.05-0.95,0.0,GARC1,RUS,EMB,embA@c-29t,U,{},"{""proportion"": 0.0, ""confidence"": [0.0, 0.6576197724933469], ""p_value"": 1.0, ""contingency"": [[0, 2], [226, 21192]]}",{}
891,NC00962.3,EMB-0.05-0.95,0.0,GARC1,RUS,EMB,embB@G846S,U,{},"{""proportion"": 0.0, ""confidence"": [0.0, 0.7934506856227626], ""p_value"": 1.0, ""contingency"": [[0, 1], [226, 21192]]}",{}
892,NC00962.3,EMB-0.05-0.95,0.0,GARC1,RUS,EMB,embB@A271T,U,{},"{""proportion"": 0.0, ""confidence"": [0.0, 0.7934506856227626], ""p_value"": 1.0, ""contingency"": [[0, 1], [226, 21192]]}",{}
893,NC00962.3,EMB-0.05-0.95,0.0,GARC1,RUS,EMB,embB@S66N,U,{},"{""proportion"": 0.0, ""confidence"": [0.0, 0.7934506856227626], ""p_value"": 1.0, ""contingency"": [[0, 1], [226, 21192]]}",{}
894,NC00962.3,EMB-0.05-0.95,0.0,GARC1,RUS,EMB,embB@L638S,U,{},"{""proportion"": 0.0, ""confidence"": [0.0, 0.7934506856227626], ""p_value"": 1.0, ""contingency"": [[0, 1], [226, 21192]]}",{}
895,NC00962.3,EMB-0.05-0.95,0.0,GARC1,RUS,EMB,embB@G891E,U,{},"{""proportion"": 0.0, ""confidence"": [0.0, 0.7934506856227626], ""p_value"": 1.0, ""contingency"": [[0, 1], [226, 21192]]}",{}
896,NC00962.3,EMB-0.05-0.95,0.0,GARC1,RUS,EMB,embA@G200S,U,{},"{""proportion"": 0.0, ""confidence"": [0.0, 0.7934506856227626], ""p_value"": 1.0, ""contingency"": [[0, 1], [226, 21192]]}",{}
897,NC00962.3,EMB-0.05-0.95,0.0,GARC1,RUS,EMB,embB@A567T,U,{},"{""proportion"": 0.0, ""confidence"": [0.0, 0.7934506856227626], ""p_value"": 1.0, ""contingency"": [[0, 1], [226, 21192]]}",{}
899,NC00962.3,EMB-0.05-0.95,0.0,GARC1,RUS,EMB,embB@V842I,U,{},"{""proportion"": 0.0, ""confidence"": [0.0, 0.7934506856227626], ""p_value"": 1.0, ""contingency"": [[0, 1], [226, 21192]]}",{}
900,NC00962.3,EMB-0.05-0.95,0.0,GARC1,RUS,EMB,embA@V246G,U,{},"{""proportion"": 0.0, ""confidence"": [0.0, 0.7934506856227626], ""p_value"": 1.0, ""contingency"": [[0, 1], [226, 21192]]}",{}
901,NC00962.3,EMB-0.05-0.95,0.0,GARC1,RUS,EMB,embA@D669Y,U,{},"{""proportion"": 0.0, ""confidence"": [0.0, 0.7934506856227626], ""p_value"": 1.0, ""contingency"": [[0, 1], [226, 21192]]}",{}
902,NC00962.3,EMB-0.05-0.95,0.0,GARC1,RUS,EMB,embA@R241H,U,{},"{""proportion"": 0.0, ""confidence"": [0.0, 0.7934506856227626], ""p_value"": 1.0, ""contingency"": [[0, 1], [226, 21192]]}",{}
903,NC00962.3,EMB-0.05-0.95,0.0,GARC1,RUS,EMB,embB@A431P,U,{},"{""proportion"": 0.0, ""confidence"": [0.0, 0.7934506856227626], ""p_value"": 1.0, ""contingency"": [[0, 1], [226, 21192]]}",{}
904,NC00962.3,EMB-0.05-0.95,0.0,GARC1,RUS,EMB,embA@-43_del_g,U,{},"{""proportion"": 0.0, ""confidence"": [0.0, 0.7934506856227626], ""p_value"": 1.0, ""contingency"": [[0, 1], [226, 21192]]}",{}
905,NC00962.3,EMB-0.05-0.95,0.0,GARC1,RUS,EMB,embB@L754R,U,{},"{""proportion"": 0.0, ""confidence"": [0.0, 0.7934506856227626], ""p_value"": 1.0, ""contingency"": [[0, 1], [226, 21192]]}",{}
906,NC00962.3,EMB-0.05-0.95,0.0,GARC1,RUS,EMB,embA@K789Q,U,{},"{""proportion"": 0.0, ""confidence"": [0.0, 0.7934506856227626], ""p_value"": 1.0, ""contingency"": [[0, 1], [226, 21192]]}",{}
907,NC00962.3,EMB-0.05-0.95,0.0,GARC1,RUS,EMB,embA@A409E,U,{},"{""proportion"": 0.0, ""confidence"": [0.0, 0.7934506856227626], ""p_value"": 1.0, ""contingency"": [[0, 1], [226, 21192]]}",{}
908,NC00962.3,EMB-0.05-0.95,0.0,GARC1,RUS,EMB,embA@T652K,U,{},"{""proportion"": 0.0, ""confidence"": [0.0, 0.7934506856227626], ""p_value"": 1.0, ""contingency"": [[0, 1], [226, 21192]]}",{}
909,NC00962.3,EMB-0.05-0.95,0.0,GARC1,RUS,EMB,embA@D865E,U,{},"{""proportion"": 0.0, ""confidence"": [0.0, 0.7934506856227626], ""p_value"": 1.0, ""contingency"": [[0, 1], [226, 21192]]}",{}
910,NC00962.3,EMB-0.05-0.95,0.0,GARC1,RUS,EMB,embA@G759E,U,{},"{""proportion"": 0.0, ""confidence"": [0.0, 0.7934506856227626], ""p_value"": 1.0, ""contingency"": [[0, 1], [226, 21192]]}",{}
911,NC00962.3,EMB-0.05-0.95,0.0,GARC1,RUS,EMB,embA@G247R,U,{},"{""proportion"": 0.0, ""confidence"": [0.0, 0.7934506856227626], ""p_value"": 1.0, ""contingency"": [[0, 1], [226, 21192]]}",{}
912,NC00962.3,EMB-0.05-0.95,0.0,GARC1,RUS,EMB,embB@L974M,U,{},"{""proportion"": 0.0, ""confidence"": [0.0, 0.7934506856227626], ""p_value"": 1.0, ""contingency"": [[0, 1], [226, 21192]]}",{}
913,NC00962.3,EMB-0.05-0.95,0.0,GARC1,RUS,EMB,embB@V309F,U,{},"{""proportion"": 0.0, ""confidence"": [0.0, 0.7934506856227626], ""p_value"": 1.0, ""contingency"": [[0, 1], [226, 21192]]}",{}
914,NC00962.3,EMB-0.05-0.95,0.0,GARC1,RUS,EMB,embA@I655M,U,{},"{""proportion"": 0.0, ""confidence"": [0.0, 0.7934506856227626], ""p_value"": 1.0, ""contingency"": [[0, 1], [226, 21192]]}",{}
916,NC00962.3,EMB-0.05-0.95,0.0,GARC1,RUS,EMB,embA@-*_indel,U,{},"{""default_rule"": ""True""}",{}
917,NC00962.3,EMB-0.05-0.95,0.0,GARC1,RUS,EMB,embA@*_indel,U,{},"{""default_rule"": ""True""}",{}
918,NC00962.3,EMB-0.05-0.95,0.0,GARC1,RUS,EMB,embA@-*?,U,{},"{""default_rule"": ""True""}",{}
919,NC00962.3,EMB-0.05-0.95,0.0,GARC1,RUS,EMB,embA@*?,U,{},"{""default_rule"": ""True""}",{}
920,NC00962.3,EMB-0.05-0.95,0.0,GARC1,RUS,EMB,embA@del_0.0,U,{},"{""default_rule"": ""True""}",{}
922,NC00962.3,EMB-0.05-0.95,0.0,GARC1,RUS,EMB,embB@-*_indel,U,{},"{""default_rule"": ""True""}",{}
923,NC00962.3,EMB-0.05-0.95,0.0,GARC1,RUS,EMB,embB@*_indel,U,{},"{""default_rule"": ""True""}",{}
924,NC00962.3,EMB-0.05-0.95,0.0,GARC1,RUS,EMB,embB@-*?,U,{},"{""default_rule"": ""True""}",{}
925,NC00962.3,EMB-0.05-0.95,0.0,GARC1,RUS,EMB,embB@*?,U,{},"{""default_rule"": ""True""}",{}
926,NC00962.3,EMB-0.05-0.95,0.0,GARC1,RUS,EMB,embB@del_0.0,U,{},"{""default_rule"": ""True""}",{}
