,GENBANK_REFERENCE,CATALOGUE_NAME,CATALOGUE_VERSION,CATALOGUE_GRAMMAR,PREDICTION_VALUES,DRUG,MUTATION,PREDICTION,SOURCE,EVIDENCE,OTHER
0,NC00962.3,MXF-0.25-0.9,0.0,GARC1,RUS,MXF,gyrA@S95T,S,{},"{""seeded"": ""True""}",{}
1,NC00962.3,MXF-0.25-0.9,0.0,GARC1,RUS,MXF,gyrA@E21Q,S,{},"{""seeded"": ""True""}",{}
2,NC00962.3,MXF-0.25-0.9,0.0,GARC1,RUS,MXF,gyrA@G668D,S,{},"{""seeded"": ""True""}",{}
3,NC00962.3,MXF-0.25-0.9,0.0,GARC1,RUS,MXF,gyrB@M291I,S,{},"{""seeded"": ""True""}",{}
4,NC00962.3,MXF-0.25-0.9,0.0,GARC1,RUS,MXF,gyrA@A384V,S,{},"{""proportion"": 0.011450381679389313, ""confidence"": [0.007164971516531274, 0.01825180068998384], ""p_value"": 1.3725313012934956e-109, ""contingency"": [[12, 1036], [140, 9202]]}",{}
5,NC00962.3,MXF-0.25-0.9,0.0,GARC1,RUS,MXF,gyrA@G247S,S,{},"{""proportion"": 0.009433962264150943, ""confidence"": [0.0054966140543183375, 0.01614593165451073], ""p_value"": 8.3489917814416895e-103, ""contingency"": [[9, 945], [140, 9202]]}",{}
6,NC00962.3,MXF-0.25-0.9,0.0,GARC1,RUS,MXF,gyrB@V301L,S,{},"{""proportion"": 0.006289308176100629, ""confidence"": [0.001404348523979654, 0.027695108140171197], ""p_value"": 1.089184804651891e-18, ""contingency"": [[1, 158], [140, 9202]]}",{}
7,NC00962.3,MXF-0.25-0.9,0.0,GARC1,RUS,MXF,gyrB@I84V,S,{},"{""proportion"": 0.0, ""confidence"": [-1.1138242448922617e-17, 0.19740504731951777], ""p_value"": 0.07656264305114746, ""contingency"": [[0, 11], [140, 9202]]}",{}
8,NC00962.3,MXF-0.25-0.9,0.0,GARC1,RUS,MXF,gyrA@A463S,S,{},"{""proportion"": 0.008695652173913044, ""confidence"": [0.0019423288899719164, 0.038034917006951795], ""p_value"": 3.300321596225234e-13, ""contingency"": [[1, 114], [140, 9202]]}",{}
9,NC00962.3,MXF-0.25-0.9,0.0,GARC1,RUS,MXF,gyrB@A403S,S,{},"{""proportion"": 0.0, ""confidence"": [0.0, 0.1141312562327272], ""p_value"": 0.004065488054720845, ""contingency"": [[0, 21], [140, 9202]]}",{}
10,NC00962.3,MXF-0.25-0.9,0.0,GARC1,RUS,MXF,gyrA@P472S,S,{},"{""proportion"": 0.0, ""confidence"": [-6.413107788803988e-18, 0.0757737648657771], ""p_value"": 0.0001439059782313152, ""contingency"": [[0, 33], [140, 9202]]}",{}
11,NC00962.3,MXF-0.25-0.9,0.0,GARC1,RUS,MXF,gyrA@Q613E,S,{},"{""proportion"": 0.006666666666666667, ""confidence"": [0.0014886892681915459, 0.029325800812909784], ""p_value"": 1.932711305837913e-17, ""contingency"": [[1, 149], [140, 9202]]}",{}
12,NC00962.3,MXF-0.25-0.9,0.0,GARC1,RUS,MXF,gyrA@R252L,S,{},"{""proportion"": 0.0, ""confidence"": [0.0, 0.05554898400107916], ""p_value"": 3.0414824010421763e-06, ""contingency"": [[0, 46], [140, 9202]]}",{}
13,NC00962.3,MXF-0.25-0.9,0.0,GARC1,RUS,MXF,gyrB@R575H,S,{},"{""proportion"": 0.0, ""confidence"": [-6.179004569140675e-18, 0.10951159439671897], ""p_value"": 0.0024842959446118593, ""contingency"": [[0, 22], [140, 9202]]}",{}
14,NC00962.3,MXF-0.25-0.9,0.0,GARC1,RUS,MXF,gyrA@T267I,S,{},"{""proportion"": 0.0, ""confidence"": [0.0, 0.1839811947474769], ""p_value"": 0.04592913389205933, ""contingency"": [[0, 12], [140, 9202]]}",{}
15,NC00962.3,MXF-0.25-0.9,0.0,GARC1,RUS,MXF,gyrA@P8A,S,{},"{""proportion"": 0.0, ""confidence"": [0.0, 0.14463859126760936], ""p_value"": 0.017492316197603944, ""contingency"": [[0, 16], [140, 9202]]}",{}
16,NC00962.3,MXF-0.25-0.9,0.0,GARC1,RUS,MXF,gyrB@P94L,S,{},"{""proportion"": 0.007722007722007722, ""confidence"": [0.0025586838599628223, 0.023063790030322197], ""p_value"": 2.326552694158517e-29, ""contingency"": [[2, 257], [140, 9202]]}",{}
17,NC00962.3,MXF-0.25-0.9,0.0,GARC1,RUS,MXF,gyrA@c-34t,S,{},"{""proportion"": 0.024793388429752067, ""confidence"": [0.012873837068840283, 0.047221015080898786], ""p_value"": 3.382325509207273e-22, ""contingency"": [[6, 236], [166, 12032]]}",{}
18,NC00962.3,MXF-0.25-0.9,0.0,GARC1,RUS,MXF,gyrA@L296P,S,{},"{""proportion"": 0.0, ""confidence"": [0.0, 0.172266783508845], ""p_value"": 0.048047408461570754, ""contingency"": [[0, 13], [166, 12032]]}",{}
19,NC00962.3,MXF-0.25-0.9,0.0,GARC1,RUS,MXF,gyrB@A130S,S,{},"{""proportion"": 0.0, ""confidence"": [0.0, 0.13729859622486673], ""p_value"": 0.010617725958582017, ""contingency"": [[0, 17], [166, 12032]]}",{}
20,NC00962.3,MXF-0.25-0.9,0.0,GARC1,RUS,MXF,gyrA@N193S,S,{},"{""proportion"": 0.0, ""confidence"": [6.346774137609585e-18, 0.08533345148341674], ""p_value"": 0.0003599573412089791, ""contingency"": [[0, 29], [172, 12298]]}",{}
21,NC00962.3,MXF-0.25-0.9,0.0,GARC1,RUS,MXF,gyrA@A456V,S,{},"{""proportion"": 0.0, ""confidence"": [0.0, 0.12464757953733377], ""p_value"": 0.006516711702715842, ""contingency"": [[0, 19], [172, 12298]]}",{}
522,NC00962.3,MXF-0.25-0.9,0.0,GARC1,RUS,MXF,gyrA@*=,S,{},"{""default_rule"": ""True""}",{}
528,NC00962.3,MXF-0.25-0.9,0.0,GARC1,RUS,MXF,gyrB@*=,S,{},"{""default_rule"": ""True""}",{}
22,NC00962.3,MXF-0.25-0.9,0.0,GARC1,RUS,MXF,gyrA@S91P,R,{},"{""proportion"": 0.7453416149068323, ""confidence"": [0.6851320207313053, 0.7974417414831205], ""p_value"": 1.631539086538227e-39, ""contingency"": [[120, 41], [172, 12346]]}",{}
23,NC00962.3,MXF-0.25-0.9,0.0,GARC1,RUS,MXF,gyrA@D94G,R,{},"{""proportion"": 0.8619153674832962, ""confidence"": [0.8457269818999517, 0.876652802882462], ""p_value"": 0.0, ""contingency"": [[1161, 186], [172, 12346]]}",{}
25,NC00962.3,MXF-0.25-0.9,0.0,GARC1,RUS,MXF,gyrA@D94A,R,{},"{""proportion"": 0.5823293172690763, ""confidence"": [0.5303059616246468, 0.6325827830464746], ""p_value"": 1.1072978051237323e-28, ""contingency"": [[145, 104], [172, 12346]]}",{}
28,NC00962.3,MXF-0.25-0.9,0.0,GARC1,RUS,MXF,gyrA@D94N,R,{},"{""proportion"": 0.875968992248062, ""confidence"": [0.8382628207649778, 0.9058717205634815], ""p_value"": 6.883114134893765e-100, ""contingency"": [[226, 32], [172, 12346]]}",{}
30,NC00962.3,MXF-0.25-0.9,0.0,GARC1,RUS,MXF,gyrB@E501D,R,{},"{""proportion"": 0.8064516129032258, ""confidence"": [0.6672480428507749, 0.8964574504570743], ""p_value"": 1.2592174069951667e-10, ""contingency"": [[25, 6], [172, 12346]]}",{}
31,NC00962.3,MXF-0.25-0.9,0.0,GARC1,RUS,MXF,gyrA@D94Y,R,{},"{""proportion"": 0.837037037037037, ""confidence"": [0.778224546174478, 0.882605785832709], ""p_value"": 1.8960966077881715e-46, ""contingency"": [[113, 22], [172, 12346]]}",{}
32,NC00962.3,MXF-0.25-0.9,0.0,GARC1,RUS,MXF,gyrA@G88C,R,{},"{""proportion"": 0.9142857142857143, ""confidence"": [0.8038934861564189, 0.9652241910706983], ""p_value"": 1.5430907419899942e-16, ""contingency"": [[32, 3], [172, 12346]]}",{}
33,NC00962.3,MXF-0.25-0.9,0.0,GARC1,RUS,MXF,gyrA@A90V,R,{},"{""proportion"": 0.6065808297567954, ""confidence"": [0.575833649416619, 0.6365061295547115], ""p_value"": 2.7120156649294663e-88, ""contingency"": [[424, 275], [172, 12346]]}",{}
34,NC00962.3,MXF-0.25-0.9,0.0,GARC1,RUS,MXF,gyrB@N499D,R,{},"{""proportion"": 0.875, ""confidence"": [0.5888566256699879, 0.9716006762621897], ""p_value"": 0.0003814697265625, ""contingency"": [[7, 1], [172, 12346]]}",{}
35,NC00962.3,MXF-0.25-0.9,0.0,GARC1,RUS,MXF,gyrA@D94H,R,{},"{""proportion"": 0.8653846153846154, ""confidence"": [0.7692887604532469, 0.9253391986289367], ""p_value"": 1.5189629073487032e-20, ""contingency"": [[45, 7], [172, 12346]]}",{}
97,NC00962.3,MXF-0.25-0.9,0.0,GARC1,RUS,MXF,gyrA@D89N,R,{},"{""proportion"": 0.8, ""confidence"": [0.5407928056874881, 0.9314420122624679], ""p_value"": 0.000415802001953125, ""contingency"": [[8, 2], [172, 12346]]}",{}
24,NC00962.3,MXF-0.25-0.9,0.0,GARC1,RUS,MXF,gyrA@T5A,U,{},"{""proportion"": 0.07142857142857142, ""confidence"": [0.016099895800737347, 0.2655756729723237], ""p_value"": 0.21263734251260757, ""contingency"": [[1, 13], [172, 12346]]}",{}
26,NC00962.3,MXF-0.25-0.9,0.0,GARC1,RUS,MXF,gyrA@D89G,U,{},"{""proportion"": 0.25, ""confidence"": [0.05790732119985871, 0.6438319914014936], ""p_value"": 1.0, ""contingency"": [[1, 3], [172, 12346]]}",{}
27,NC00962.3,MXF-0.25-0.9,0.0,GARC1,RUS,MXF,gyrA@A288D,U,{},"{""proportion"": 0.25, ""confidence"": [0.08651484419906225, 0.5398469545128194], ""p_value"": 1.0, ""contingency"": [[2, 6], [172, 12346]]}",{}
29,NC00962.3,MXF-0.25-0.9,0.0,GARC1,RUS,MXF,gyrA@P136T,U,{},"{""proportion"": 0.0, ""confidence"": [0.0, 0.7301340512159458], ""p_value"": 1.0, ""contingency"": [[0, 1], [172, 12346]]}",{}
36,NC00962.3,MXF-0.25-0.9,0.0,GARC1,RUS,MXF,gyrA@P190T,U,{},"{""proportion"": 0.0, ""confidence"": [0.0, 0.7301340512159458], ""p_value"": 1.0, ""contingency"": [[0, 1], [172, 12346]]}",{}
37,NC00962.3,MXF-0.25-0.9,0.0,GARC1,RUS,MXF,gyrB@V630I,U,{},"{""proportion"": 0.0, ""confidence"": [0.0, 0.3511165007651012], ""p_value"": 0.34082031250000006, ""contingency"": [[0, 5], [172, 12346]]}",{}
38,NC00962.3,MXF-0.25-0.9,0.0,GARC1,RUS,MXF,gyrB@T500A,U,{},"{""proportion"": 0.2, ""confidence"": [0.045962453880603965, 0.5647074465784567], ""p_value"": 1.0, ""contingency"": [[1, 4], [172, 12346]]}",{}
39,NC00962.3,MXF-0.25-0.9,0.0,GARC1,RUS,MXF,gyrA@g-19t,U,{},"{""proportion"": 0.0, ""confidence"": [0.0, 0.278762695452542], ""p_value"": 0.20404052734375, ""contingency"": [[0, 7], [172, 12346]]}",{}
40,NC00962.3,MXF-0.25-0.9,0.0,GARC1,RUS,MXF,gyrB@D461N,U,{},"{""proportion"": 0.125, ""confidence"": [0.05108000786959552, 0.274902628247116], ""p_value"": 0.2363366541376699, ""contingency"": [[3, 21], [172, 12346]]}",{}
41,NC00962.3,MXF-0.25-0.9,0.0,GARC1,RUS,MXF,gyrA@I15V,U,{},"{""proportion"": 0.0, ""confidence"": [0.0, 0.40347862520270455], ""p_value"": 0.578125, ""contingency"": [[0, 4], [172, 12346]]}",{}
42,NC00962.3,MXF-0.25-0.9,0.0,GARC1,RUS,MXF,gyrB@P628A,U,{},"{""proportion"": 0.0, ""confidence"": [0.0, 0.3511165007651012], ""p_value"": 0.34082031250000006, ""contingency"": [[0, 5], [172, 12346]]}",{}
43,NC00962.3,MXF-0.25-0.9,0.0,GARC1,RUS,MXF,gyrA@G88A,U,{},"{""proportion"": 0.16666666666666666, ""confidence"": [0.05678055274944438, 0.3992069104155402], ""p_value"": 0.741896390914917, ""contingency"": [[2, 10], [172, 12346]]}",{}
44,NC00962.3,MXF-0.25-0.9,0.0,GARC1,RUS,MXF,gyrB@K498R,U,{},"{""proportion"": 0.0, ""confidence"": [0.0, 0.7301340512159458], ""p_value"": 1.0, ""contingency"": [[0, 1], [172, 12346]]}",{}
45,NC00962.3,MXF-0.25-0.9,0.0,GARC1,RUS,MXF,gyrB@A504V,U,{},"{""proportion"": 0.0, ""confidence"": [0.0, 0.3511165007651012], ""p_value"": 0.34082031250000006, ""contingency"": [[0, 5], [172, 12346]]}",{}
46,NC00962.3,MXF-0.25-0.9,0.0,GARC1,RUS,MXF,gyrA@S728L,U,{},"{""proportion"": 0.0, ""confidence"": [0.0, 0.4741955741575127], ""p_value"": 1.0, ""contingency"": [[0, 3], [172, 12346]]}",{}
47,NC00962.3,MXF-0.25-0.9,0.0,GARC1,RUS,MXF,gyrA@E214D,U,{},"{""proportion"": 0.0, ""confidence"": [0.0, 0.25272359742376316], ""p_value"": 0.21392822265625003, ""contingency"": [[0, 8], [172, 12346]]}",{}
48,NC00962.3,MXF-0.25-0.9,0.0,GARC1,RUS,MXF,gyrA@F640V,U,{},"{""proportion"": 0.0, ""confidence"": [0.0, 0.7301340512159458], ""p_value"": 1.0, ""contingency"": [[0, 1], [172, 12346]]}",{}
49,NC00962.3,MXF-0.25-0.9,0.0,GARC1,RUS,MXF,gyrA@T80A,U,{},"{""proportion"": 0.0, ""confidence"": [0.0, 0.278762695452542], ""p_value"": 0.20404052734375, ""contingency"": [[0, 7], [172, 12346]]}",{}
50,NC00962.3,MXF-0.25-0.9,0.0,GARC1,RUS,MXF,gyrB@R446H,U,{},"{""proportion"": 0.16666666666666666, ""confidence"": [0.05678055274944438, 0.3992069104155402], ""p_value"": 0.741896390914917, ""contingency"": [[2, 10], [172, 12346]]}",{}
51,NC00962.3,MXF-0.25-0.9,0.0,GARC1,RUS,MXF,gyrA@V768A,U,{},"{""proportion"": 0.0, ""confidence"": [0.0, 0.7301340512159458], ""p_value"": 1.0, ""contingency"": [[0, 1], [172, 12346]]}",{}
52,NC00962.3,MXF-0.25-0.9,0.0,GARC1,RUS,MXF,gyrA@R578Q,U,{},"{""proportion"": 0.1, ""confidence"": [0.02263490873086721, 0.3477186673358584], ""p_value"": 0.46815013885498047, ""contingency"": [[1, 9], [172, 12346]]}",{}
53,NC00962.3,MXF-0.25-0.9,0.0,GARC1,RUS,MXF,gyrB@P439A,U,{},"{""proportion"": 0.0, ""confidence"": [0.0, 0.7301340512159458], ""p_value"": 1.0, ""contingency"": [[0, 1], [172, 12346]]}",{}
54,NC00962.3,MXF-0.25-0.9,0.0,GARC1,RUS,MXF,gyrB@S447F,U,{},"{""proportion"": 0.2222222222222222, ""confidence"": [0.07649473755439651, 0.496357217623246], ""p_value"": 1.0, ""contingency"": [[2, 7], [172, 12346]]}",{}
55,NC00962.3,MXF-0.25-0.9,0.0,GARC1,RUS,MXF,gyrB@S661T,U,{},"{""proportion"": 0.0, ""confidence"": [0.0, 0.4741955741575127], ""p_value"": 1.0, ""contingency"": [[0, 3], [172, 12346]]}",{}
56,NC00962.3,MXF-0.25-0.9,0.0,GARC1,RUS,MXF,gyrA@P741L,U,{},"{""proportion"": 0.0, ""confidence"": [0.0, 0.7301340512159458], ""p_value"": 1.0, ""contingency"": [[0, 1], [172, 12346]]}",{}
57,NC00962.3,MXF-0.25-0.9,0.0,GARC1,RUS,MXF,gyrA@Q573H,U,{},"{""proportion"": 0.0, ""confidence"": [0.0, 0.7301340512159458], ""p_value"": 1.0, ""contingency"": [[0, 1], [172, 12346]]}",{}
58,NC00962.3,MXF-0.25-0.9,0.0,GARC1,RUS,MXF,gyrA@A175G,U,{},"{""proportion"": 0.0, ""confidence"": [0.0, 0.7301340512159458], ""p_value"": 1.0, ""contingency"": [[0, 1], [172, 12346]]}",{}
59,NC00962.3,MXF-0.25-0.9,0.0,GARC1,RUS,MXF,gyrA@V624L,U,{},"{""proportion"": 0.3333333333333333, ""confidence"": [0.0782657263337284, 0.7464661317187757], ""p_value"": 1.0, ""contingency"": [[1, 2], [172, 12346]]}",{}
60,NC00962.3,MXF-0.25-0.9,0.0,GARC1,RUS,MXF,gyrB@K452N,U,{},"{""proportion"": 0.0, ""confidence"": [0.0, 0.7301340512159458], ""p_value"": 1.0, ""contingency"": [[0, 1], [172, 12346]]}",{}
61,NC00962.3,MXF-0.25-0.9,0.0,GARC1,RUS,MXF,gyrB@G512R,U,{},"{""proportion"": 0.0, ""confidence"": [0.0, 0.31078398130591417], ""p_value"": 0.347412109375, ""contingency"": [[0, 6], [172, 12346]]}",{}
62,NC00962.3,MXF-0.25-0.9,0.0,GARC1,RUS,MXF,gyrB@R446C,U,{},"{""proportion"": 0.25, ""confidence"": [0.1046525655704892, 0.48733803180324925], ""p_value"": 1.0, ""contingency"": [[3, 9], [172, 12346]]}",{}
63,NC00962.3,MXF-0.25-0.9,0.0,GARC1,RUS,MXF,gyrA@D829E,U,{},"{""proportion"": 0.0, ""confidence"": [0.0, 0.4741955741575127], ""p_value"": 1.0, ""contingency"": [[0, 3], [172, 12346]]}",{}
64,NC00962.3,MXF-0.25-0.9,0.0,GARC1,RUS,MXF,gyrB@I607V,U,{},"{""proportion"": 0.0, ""confidence"": [0.0, 0.5749693909936535], ""p_value"": 1.0, ""contingency"": [[0, 2], [172, 12346]]}",{}
65,NC00962.3,MXF-0.25-0.9,0.0,GARC1,RUS,MXF,gyrA@R252G,U,{},"{""proportion"": 0.0, ""confidence"": [0.0, 0.7301340512159458], ""p_value"": 1.0, ""contingency"": [[0, 1], [172, 12346]]}",{}
66,NC00962.3,MXF-0.25-0.9,0.0,GARC1,RUS,MXF,gyrA@E140G,U,{},"{""proportion"": 0.0, ""confidence"": [0.0, 0.7301340512159458], ""p_value"": 1.0, ""contingency"": [[0, 1], [172, 12346]]}",{}
67,NC00962.3,MXF-0.25-0.9,0.0,GARC1,RUS,MXF,gyrB@T37S,U,{},"{""proportion"": 0.0, ""confidence"": [0.0, 0.7301340512159458], ""p_value"": 1.0, ""contingency"": [[0, 1], [172, 12346]]}",{}
68,NC00962.3,MXF-0.25-0.9,0.0,GARC1,RUS,MXF,gyrB@C388G,U,{},"{""proportion"": 0.0, ""confidence"": [0.0, 0.5749693909936535], ""p_value"": 1.0, ""contingency"": [[0, 2], [172, 12346]]}",{}
69,NC00962.3,MXF-0.25-0.9,0.0,GARC1,RUS,MXF,gyrB@D225G,U,{},"{""proportion"": 0.0, ""confidence"": [0.0, 0.5749693909936535], ""p_value"": 1.0, ""contingency"": [[0, 2], [172, 12346]]}",{}
70,NC00962.3,MXF-0.25-0.9,0.0,GARC1,RUS,MXF,gyrA@N282K,U,{},"{""proportion"": 0.0, ""confidence"": [0.0, 0.40347862520270455], ""p_value"": 0.578125, ""contingency"": [[0, 4], [172, 12346]]}",{}
71,NC00962.3,MXF-0.25-0.9,0.0,GARC1,RUS,MXF,gyrB@A78V,U,{},"{""proportion"": 0.0, ""confidence"": [0.0, 0.7301340512159458], ""p_value"": 1.0, ""contingency"": [[0, 1], [172, 12346]]}",{}
72,NC00962.3,MXF-0.25-0.9,0.0,GARC1,RUS,MXF,gyrB@P439R,U,{},"{""proportion"": 0.0, ""confidence"": [0.0, 0.7301340512159458], ""p_value"": 1.0, ""contingency"": [[0, 1], [172, 12346]]}",{}
73,NC00962.3,MXF-0.25-0.9,0.0,GARC1,RUS,MXF,gyrB@T170M,U,{},"{""proportion"": 0.0, ""confidence"": [0.0, 0.5749693909936535], ""p_value"": 1.0, ""contingency"": [[0, 2], [172, 12346]]}",{}
74,NC00962.3,MXF-0.25-0.9,0.0,GARC1,RUS,MXF,gyrB@c-87g,U,{},"{""proportion"": 0.0, ""confidence"": [0.0, 0.5749693909936535], ""p_value"": 1.0, ""contingency"": [[0, 2], [172, 12346]]}",{}
75,NC00962.3,MXF-0.25-0.9,0.0,GARC1,RUS,MXF,gyrB@T664I,U,{},"{""proportion"": 0.0, ""confidence"": [0.0, 0.40347862520270455], ""p_value"": 0.578125, ""contingency"": [[0, 4], [172, 12346]]}",{}
76,NC00962.3,MXF-0.25-0.9,0.0,GARC1,RUS,MXF,gyrA@V235A,U,{},"{""proportion"": 0.0, ""confidence"": [0.0, 0.7301340512159458], ""p_value"": 1.0, ""contingency"": [[0, 1], [172, 12346]]}",{}
77,NC00962.3,MXF-0.25-0.9,0.0,GARC1,RUS,MXF,gyrA@F569C,U,{},"{""proportion"": 0.0, ""confidence"": [0.0, 0.7301340512159458], ""p_value"": 1.0, ""contingency"": [[0, 1], [172, 12346]]}",{}
78,NC00962.3,MXF-0.25-0.9,0.0,GARC1,RUS,MXF,gyrA@R26H,U,{},"{""proportion"": 0.0, ""confidence"": [0.0, 0.7301340512159458], ""p_value"": 1.0, ""contingency"": [[0, 1], [172, 12346]]}",{}
79,NC00962.3,MXF-0.25-0.9,0.0,GARC1,RUS,MXF,gyrA@A787G,U,{},"{""proportion"": 0.0, ""confidence"": [0.0, 0.3511165007651012], ""p_value"": 0.34082031250000006, ""contingency"": [[0, 5], [172, 12346]]}",{}
80,NC00962.3,MXF-0.25-0.9,0.0,GARC1,RUS,MXF,gyrB@D216G,U,{},"{""proportion"": 0.0, ""confidence"": [0.0, 0.7301340512159458], ""p_value"": 1.0, ""contingency"": [[0, 1], [172, 12346]]}",{}
81,NC00962.3,MXF-0.25-0.9,0.0,GARC1,RUS,MXF,gyrB@A398V,U,{},"{""proportion"": 0.0, ""confidence"": [0.0, 0.31078398130591417], ""p_value"": 0.347412109375, ""contingency"": [[0, 6], [172, 12346]]}",{}
82,NC00962.3,MXF-0.25-0.9,0.0,GARC1,RUS,MXF,gyrA@E412A,U,{},"{""proportion"": 0.0, ""confidence"": [0.0, 0.7301340512159458], ""p_value"": 1.0, ""contingency"": [[0, 1], [172, 12346]]}",{}
83,NC00962.3,MXF-0.25-0.9,0.0,GARC1,RUS,MXF,gyrA@V783M,U,{},"{""proportion"": 0.0, ""confidence"": [0.0, 0.40347862520270455], ""p_value"": 0.578125, ""contingency"": [[0, 4], [172, 12346]]}",{}
84,NC00962.3,MXF-0.25-0.9,0.0,GARC1,RUS,MXF,gyrB@P343S,U,{},"{""proportion"": 0.0, ""confidence"": [0.0, 0.7301340512159458], ""p_value"": 1.0, ""contingency"": [[0, 1], [172, 12346]]}",{}
85,NC00962.3,MXF-0.25-0.9,0.0,GARC1,RUS,MXF,gyrA@S642C,U,{},"{""proportion"": 0.0, ""confidence"": [0.0, 0.5749693909936535], ""p_value"": 1.0, ""contingency"": [[0, 2], [172, 12346]]}",{}
86,NC00962.3,MXF-0.25-0.9,0.0,GARC1,RUS,MXF,gyrA@N282T,U,{},"{""proportion"": 0.0, ""confidence"": [0.0, 0.7301340512159458], ""p_value"": 1.0, ""contingency"": [[0, 1], [172, 12346]]}",{}
87,NC00962.3,MXF-0.25-0.9,0.0,GARC1,RUS,MXF,gyrA@G236V,U,{},"{""proportion"": 0.0, ""confidence"": [0.0, 0.7301340512159458], ""p_value"": 1.0, ""contingency"": [[0, 1], [172, 12346]]}",{}
88,NC00962.3,MXF-0.25-0.9,0.0,GARC1,RUS,MXF,gyrA@R392H,U,{},"{""proportion"": 0.0, ""confidence"": [0.0, 0.5749693909936535], ""p_value"": 1.0, ""contingency"": [[0, 2], [172, 12346]]}",{}
89,NC00962.3,MXF-0.25-0.9,0.0,GARC1,RUS,MXF,gyrA@R789H,U,{},"{""proportion"": 0.0, ""confidence"": [0.0, 0.7301340512159458], ""p_value"": 1.0, ""contingency"": [[0, 1], [172, 12346]]}",{}
90,NC00962.3,MXF-0.25-0.9,0.0,GARC1,RUS,MXF,gyrA@E148D,U,{},"{""proportion"": 0.0, ""confidence"": [0.0, 0.7301340512159458], ""p_value"": 1.0, ""contingency"": [[0, 1], [172, 12346]]}",{}
91,NC00962.3,MXF-0.25-0.9,0.0,GARC1,RUS,MXF,gyrB@N499S,U,{},"{""proportion"": 0.0, ""confidence"": [0.0, 0.3511165007651012], ""p_value"": 0.34082031250000006, ""contingency"": [[0, 5], [172, 12346]]}",{}
92,NC00962.3,MXF-0.25-0.9,0.0,GARC1,RUS,MXF,gyrB@A90G,U,{},"{""proportion"": 0.0, ""confidence"": [0.0, 0.40347862520270455], ""p_value"": 0.578125, ""contingency"": [[0, 4], [172, 12346]]}",{}
93,NC00962.3,MXF-0.25-0.9,0.0,GARC1,RUS,MXF,gyrB@V75G,U,{},"{""proportion"": 0.0, ""confidence"": [0.0, 0.7301340512159458], ""p_value"": 1.0, ""contingency"": [[0, 1], [172, 12346]]}",{}
94,NC00962.3,MXF-0.25-0.9,0.0,GARC1,RUS,MXF,gyrA@T836R,U,{},"{""proportion"": 0.3333333333333333, ""confidence"": [0.0782657263337284, 0.7464661317187757], ""p_value"": 1.0, ""contingency"": [[1, 2], [172, 12346]]}",{}
95,NC00962.3,MXF-0.25-0.9,0.0,GARC1,RUS,MXF,gyrA@P154R,U,{},"{""proportion"": 0.0, ""confidence"": [0.0, 0.25272359742376316], ""p_value"": 0.21392822265625003, ""contingency"": [[0, 8], [172, 12346]]}",{}
96,NC00962.3,MXF-0.25-0.9,0.0,GARC1,RUS,MXF,gyrA@D467H,U,{},"{""proportion"": 0.0, ""confidence"": [0.0, 0.7301340512159458], ""p_value"": 1.0, ""contingency"": [[0, 1], [172, 12346]]}",{}
98,NC00962.3,MXF-0.25-0.9,0.0,GARC1,RUS,MXF,gyrA@E808Q,U,{},"{""proportion"": 0.0, ""confidence"": [0.0, 0.7301340512159458], ""p_value"": 1.0, ""contingency"": [[0, 1], [172, 12346]]}",{}
99,NC00962.3,MXF-0.25-0.9,0.0,GARC1,RUS,MXF,gyrA@S95A,U,{},"{""proportion"": 0.0, ""confidence"": [0.0, 0.7301340512159458], ""p_value"": 1.0, ""contingency"": [[0, 1], [172, 12346]]}",{}
100,NC00962.3,MXF-0.25-0.9,0.0,GARC1,RUS,MXF,gyrA@Q277R,U,{},"{""proportion"": 0.0, ""confidence"": [0.0, 0.5749693909936535], ""p_value"": 1.0, ""contingency"": [[0, 2], [172, 12346]]}",{}
101,NC00962.3,MXF-0.25-0.9,0.0,GARC1,RUS,MXF,gyrA@I189M,U,{},"{""proportion"": 0.0, ""confidence"": [0.0, 0.7301340512159458], ""p_value"": 1.0, ""contingency"": [[0, 1], [172, 12346]]}",{}
102,NC00962.3,MXF-0.25-0.9,0.0,GARC1,RUS,MXF,gyrB@I34V,U,{},"{""proportion"": 0.0, ""confidence"": [0.0, 0.25272359742376316], ""p_value"": 0.21392822265625003, ""contingency"": [[0, 8], [172, 12346]]}",{}
103,NC00962.3,MXF-0.25-0.9,0.0,GARC1,RUS,MXF,gyrA@H368Q,U,{},"{""proportion"": 0.0, ""confidence"": [0.0, 0.5749693909936535], ""p_value"": 1.0, ""contingency"": [[0, 2], [172, 12346]]}",{}
104,NC00962.3,MXF-0.25-0.9,0.0,GARC1,RUS,MXF,gyrB@R634L,U,{},"{""proportion"": 0.0, ""confidence"": [0.0, 0.5749693909936535], ""p_value"": 1.0, ""contingency"": [[0, 2], [172, 12346]]}",{}
105,NC00962.3,MXF-0.25-0.9,0.0,GARC1,RUS,MXF,gyrA@D488E,U,{},"{""proportion"": 0.0, ""confidence"": [0.0, 0.4741955741575127], ""p_value"": 1.0, ""contingency"": [[0, 3], [172, 12346]]}",{}
106,NC00962.3,MXF-0.25-0.9,0.0,GARC1,RUS,MXF,gyrB@K498N,U,{},"{""proportion"": 0.0, ""confidence"": [0.0, 0.7301340512159458], ""p_value"": 1.0, ""contingency"": [[0, 1], [172, 12346]]}",{}
107,NC00962.3,MXF-0.25-0.9,0.0,GARC1,RUS,MXF,gyrA@T230S,U,{},"{""proportion"": 0.0, ""confidence"": [0.0, 0.7301340512159458], ""p_value"": 1.0, ""contingency"": [[0, 1], [172, 12346]]}",{}
108,NC00962.3,MXF-0.25-0.9,0.0,GARC1,RUS,MXF,gyrA@P108S,U,{},"{""proportion"": 0.0, ""confidence"": [0.0, 0.7301340512159458], ""p_value"": 1.0, ""contingency"": [[0, 1], [172, 12346]]}",{}
109,NC00962.3,MXF-0.25-0.9,0.0,GARC1,RUS,MXF,gyrA@N826D,U,{},"{""proportion"": 0.0, ""confidence"": [0.0, 0.4741955741575127], ""p_value"": 1.0, ""contingency"": [[0, 3], [172, 12346]]}",{}
110,NC00962.3,MXF-0.25-0.9,0.0,GARC1,RUS,MXF,gyrA@V716F,U,{},"{""proportion"": 0.0, ""confidence"": [0.0, 0.7301340512159458], ""p_value"": 1.0, ""contingency"": [[0, 1], [172, 12346]]}",{}
111,NC00962.3,MXF-0.25-0.9,0.0,GARC1,RUS,MXF,gyrA@D507H,U,{},"{""proportion"": 0.0, ""confidence"": [0.0, 0.7301340512159458], ""p_value"": 1.0, ""contingency"": [[0, 1], [172, 12346]]}",{}
112,NC00962.3,MXF-0.25-0.9,0.0,GARC1,RUS,MXF,gyrB@1920_del_cgc,U,{},"{""proportion"": 0.0, ""confidence"": [0.0, 0.25272359742376316], ""p_value"": 0.21392822265625003, ""contingency"": [[0, 8], [172, 12346]]}",{}
113,NC00962.3,MXF-0.25-0.9,0.0,GARC1,RUS,MXF,gyrA@R615H,U,{},"{""proportion"": 0.0, ""confidence"": [0.0, 0.7301340512159458], ""p_value"": 1.0, ""contingency"": [[0, 1], [172, 12346]]}",{}
114,NC00962.3,MXF-0.25-0.9,0.0,GARC1,RUS,MXF,gyrB@G520A,U,{},"{""proportion"": 0.0, ""confidence"": [0.0, 0.4741955741575127], ""p_value"": 1.0, ""contingency"": [[0, 3], [172, 12346]]}",{}
115,NC00962.3,MXF-0.25-0.9,0.0,GARC1,RUS,MXF,gyrB@A90T,U,{},"{""proportion"": 0.0, ""confidence"": [0.0, 0.7301340512159458], ""p_value"": 1.0, ""contingency"": [[0, 1], [172, 12346]]}",{}
116,NC00962.3,MXF-0.25-0.9,0.0,GARC1,RUS,MXF,gyrA@A667V,U,{},"{""proportion"": 0.0, ""confidence"": [0.0, 0.7301340512159458], ""p_value"": 1.0, ""contingency"": [[0, 1], [172, 12346]]}",{}
117,NC00962.3,MXF-0.25-0.9,0.0,GARC1,RUS,MXF,gyrA@c-32t,U,{},"{""proportion"": 0.0, ""confidence"": [0.0, 0.4741955741575127], ""p_value"": 1.0, ""contingency"": [[0, 3], [172, 12346]]}",{}
118,NC00962.3,MXF-0.25-0.9,0.0,GARC1,RUS,MXF,gyrA@E79K,U,{},"{""proportion"": 0.0, ""confidence"": [0.0, 0.7301340512159458], ""p_value"": 1.0, ""contingency"": [[0, 1], [172, 12346]]}",{}
119,NC00962.3,MXF-0.25-0.9,0.0,GARC1,RUS,MXF,gyrB@A233V,U,{},"{""proportion"": 0.0, ""confidence"": [0.0, 0.7301340512159458], ""p_value"": 1.0, ""contingency"": [[0, 1], [172, 12346]]}",{}
120,NC00962.3,MXF-0.25-0.9,0.0,GARC1,RUS,MXF,gyrB@A403V,U,{},"{""proportion"": 0.0, ""confidence"": [0.0, 0.7301340512159458], ""p_value"": 1.0, ""contingency"": [[0, 1], [172, 12346]]}",{}
121,NC00962.3,MXF-0.25-0.9,0.0,GARC1,RUS,MXF,gyrB@E181G,U,{},"{""proportion"": 0.0, ""confidence"": [0.0, 0.7301340512159458], ""p_value"": 1.0, ""contingency"": [[0, 1], [172, 12346]]}",{}
122,NC00962.3,MXF-0.25-0.9,0.0,GARC1,RUS,MXF,gyrB@P343A,U,{},"{""proportion"": 0.0, ""confidence"": [0.0, 0.7301340512159458], ""p_value"": 1.0, ""contingency"": [[0, 1], [172, 12346]]}",{}
123,NC00962.3,MXF-0.25-0.9,0.0,GARC1,RUS,MXF,gyrA@L398F,U,{},"{""proportion"": 0.0, ""confidence"": [0.0, 0.4741955741575127], ""p_value"": 1.0, ""contingency"": [[0, 3], [172, 12346]]}",{}
124,NC00962.3,MXF-0.25-0.9,0.0,GARC1,RUS,MXF,gyrB@P400R,U,{},"{""proportion"": 0.0, ""confidence"": [0.0, 0.40347862520270455], ""p_value"": 0.578125, ""contingency"": [[0, 4], [172, 12346]]}",{}
125,NC00962.3,MXF-0.25-0.9,0.0,GARC1,RUS,MXF,gyrB@T209A,U,{},"{""proportion"": 0.0, ""confidence"": [0.0, 0.4741955741575127], ""p_value"": 1.0, ""contingency"": [[0, 3], [172, 12346]]}",{}
126,NC00962.3,MXF-0.25-0.9,0.0,GARC1,RUS,MXF,gyrA@L142V,U,{},"{""proportion"": 0.0, ""confidence"": [0.0, 0.4741955741575127], ""p_value"": 1.0, ""contingency"": [[0, 3], [172, 12346]]}",{}
127,NC00962.3,MXF-0.25-0.9,0.0,GARC1,RUS,MXF,gyrB@V407L,U,{},"{""proportion"": 0.0, ""confidence"": [0.0, 0.7301340512159458], ""p_value"": 1.0, ""contingency"": [[0, 1], [172, 12346]]}",{}
128,NC00962.3,MXF-0.25-0.9,0.0,GARC1,RUS,MXF,gyrB@A242T,U,{},"{""proportion"": 0.0, ""confidence"": [0.0, 0.7301340512159458], ""p_value"": 1.0, ""contingency"": [[0, 1], [172, 12346]]}",{}
129,NC00962.3,MXF-0.25-0.9,0.0,GARC1,RUS,MXF,gyrB@K333R,U,{},"{""proportion"": 0.0, ""confidence"": [0.0, 0.7301340512159458], ""p_value"": 1.0, ""contingency"": [[0, 1], [172, 12346]]}",{}
130,NC00962.3,MXF-0.25-0.9,0.0,GARC1,RUS,MXF,gyrA@T339S,U,{},"{""proportion"": 0.0, ""confidence"": [0.0, 0.7301340512159458], ""p_value"": 1.0, ""contingency"": [[0, 1], [172, 12346]]}",{}
131,NC00962.3,MXF-0.25-0.9,0.0,GARC1,RUS,MXF,gyrA@R615L,U,{},"{""proportion"": 0.0, ""confidence"": [0.0, 0.7301340512159458], ""p_value"": 1.0, ""contingency"": [[0, 1], [172, 12346]]}",{}
132,NC00962.3,MXF-0.25-0.9,0.0,GARC1,RUS,MXF,gyrA@D515N,U,{},"{""proportion"": 0.0, ""confidence"": [0.0, 0.7301340512159458], ""p_value"": 1.0, ""contingency"": [[0, 1], [172, 12346]]}",{}
133,NC00962.3,MXF-0.25-0.9,0.0,GARC1,RUS,MXF,gyrA@T590M,U,{},"{""proportion"": 0.0, ""confidence"": [0.0, 0.7301340512159458], ""p_value"": 1.0, ""contingency"": [[0, 1], [172, 12346]]}",{}
134,NC00962.3,MXF-0.25-0.9,0.0,GARC1,RUS,MXF,gyrA@g-9t,U,{},"{""proportion"": 0.0, ""confidence"": [0.0, 0.7301340512159458], ""p_value"": 1.0, ""contingency"": [[0, 1], [172, 12346]]}",{}
135,NC00962.3,MXF-0.25-0.9,0.0,GARC1,RUS,MXF,gyrB@P177L,U,{},"{""proportion"": 0.0, ""confidence"": [0.0, 0.5749693909936535], ""p_value"": 1.0, ""contingency"": [[0, 2], [172, 12346]]}",{}
136,NC00962.3,MXF-0.25-0.9,0.0,GARC1,RUS,MXF,gyrA@L346V,U,{},"{""proportion"": 0.0, ""confidence"": [0.0, 0.4741955741575127], ""p_value"": 1.0, ""contingency"": [[0, 3], [172, 12346]]}",{}
137,NC00962.3,MXF-0.25-0.9,0.0,GARC1,RUS,MXF,gyrA@2458_del_gaagaaagtggcgacgataatgccgtggacgccaacggcgcagaccagacgggcaattaa,U,{},"{""proportion"": 0.0, ""confidence"": [0.0, 0.7301340512159458], ""p_value"": 1.0, ""contingency"": [[0, 1], [172, 12346]]}",{}
138,NC00962.3,MXF-0.25-0.9,0.0,GARC1,RUS,MXF,gyrA@D488A,U,{},"{""proportion"": 0.0, ""confidence"": [0.0, 0.7301340512159458], ""p_value"": 1.0, ""contingency"": [[0, 1], [172, 12346]]}",{}
139,NC00962.3,MXF-0.25-0.9,0.0,GARC1,RUS,MXF,gyrB@I271V,U,{},"{""proportion"": 0.0, ""confidence"": [0.0, 0.7301340512159458], ""p_value"": 1.0, ""contingency"": [[0, 1], [172, 12346]]}",{}
140,NC00962.3,MXF-0.25-0.9,0.0,GARC1,RUS,MXF,gyrA@L425F,U,{},"{""proportion"": 0.0, ""confidence"": [0.0, 0.7301340512159458], ""p_value"": 1.0, ""contingency"": [[0, 1], [172, 12346]]}",{}
141,NC00962.3,MXF-0.25-0.9,0.0,GARC1,RUS,MXF,gyrB@c-53g,U,{},"{""proportion"": 0.0, ""confidence"": [0.0, 0.5749693909936535], ""p_value"": 1.0, ""contingency"": [[0, 2], [172, 12346]]}",{}
142,NC00962.3,MXF-0.25-0.9,0.0,GARC1,RUS,MXF,gyrA@H70R,U,{},"{""proportion"": 0.0, ""confidence"": [0.0, 0.7301340512159458], ""p_value"": 1.0, ""contingency"": [[0, 1], [172, 12346]]}",{}
143,NC00962.3,MXF-0.25-0.9,0.0,GARC1,RUS,MXF,gyrB@E501V,U,{},"{""proportion"": 0.0, ""confidence"": [0.0, 0.7301340512159458], ""p_value"": 1.0, ""contingency"": [[0, 1], [172, 12346]]}",{}
144,NC00962.3,MXF-0.25-0.9,0.0,GARC1,RUS,MXF,gyrB@T214I,U,{},"{""proportion"": 0.0, ""confidence"": [0.0, 0.7301340512159458], ""p_value"": 1.0, ""contingency"": [[0, 1], [172, 12346]]}",{}
145,NC00962.3,MXF-0.25-0.9,0.0,GARC1,RUS,MXF,gyrA@G265S,U,{},"{""proportion"": 0.0, ""confidence"": [0.0, 0.7301340512159458], ""p_value"": 1.0, ""contingency"": [[0, 1], [172, 12346]]}",{}
146,NC00962.3,MXF-0.25-0.9,0.0,GARC1,RUS,MXF,gyrB@R523S,U,{},"{""proportion"": 0.0, ""confidence"": [0.0, 0.5749693909936535], ""p_value"": 1.0, ""contingency"": [[0, 2], [172, 12346]]}",{}
147,NC00962.3,MXF-0.25-0.9,0.0,GARC1,RUS,MXF,gyrB@t-60c,U,{},"{""proportion"": 0.0, ""confidence"": [0.0, 0.7301340512159458], ""p_value"": 1.0, ""contingency"": [[0, 1], [172, 12346]]}",{}
148,NC00962.3,MXF-0.25-0.9,0.0,GARC1,RUS,MXF,gyrA@Y276H,U,{},"{""proportion"": 0.0, ""confidence"": [0.0, 0.7301340512159458], ""p_value"": 1.0, ""contingency"": [[0, 1], [172, 12346]]}",{}
149,NC00962.3,MXF-0.25-0.9,0.0,GARC1,RUS,MXF,gyrA@T697A,U,{},"{""proportion"": 0.0, ""confidence"": [0.0, 0.7301340512159458], ""p_value"": 1.0, ""contingency"": [[0, 1], [172, 12346]]}",{}
150,NC00962.3,MXF-0.25-0.9,0.0,GARC1,RUS,MXF,gyrB@N66S,U,{},"{""proportion"": 0.0, ""confidence"": [0.0, 0.31078398130591417], ""p_value"": 0.347412109375, ""contingency"": [[0, 6], [172, 12346]]}",{}
151,NC00962.3,MXF-0.25-0.9,0.0,GARC1,RUS,MXF,gyrB@H560R,U,{},"{""proportion"": 0.0, ""confidence"": [0.0, 0.7301340512159458], ""p_value"": 1.0, ""contingency"": [[0, 1], [172, 12346]]}",{}
152,NC00962.3,MXF-0.25-0.9,0.0,GARC1,RUS,MXF,gyrA@I462V,U,{},"{""proportion"": 0.0, ""confidence"": [0.0, 0.40347862520270455], ""p_value"": 0.578125, ""contingency"": [[0, 4], [172, 12346]]}",{}
153,NC00962.3,MXF-0.25-0.9,0.0,GARC1,RUS,MXF,gyrA@A676V,U,{},"{""proportion"": 0.0, ""confidence"": [0.0, 0.4741955741575127], ""p_value"": 1.0, ""contingency"": [[0, 3], [172, 12346]]}",{}
154,NC00962.3,MXF-0.25-0.9,0.0,GARC1,RUS,MXF,gyrB@N499T,U,{},"{""proportion"": 0.25, ""confidence"": [0.08651484419906225, 0.5398469545128194], ""p_value"": 1.0, ""contingency"": [[2, 6], [172, 12346]]}",{}
155,NC00962.3,MXF-0.25-0.9,0.0,GARC1,RUS,MXF,gyrA@V750A,U,{},"{""proportion"": 0.0, ""confidence"": [0.0, 0.5749693909936535], ""p_value"": 1.0, ""contingency"": [[0, 2], [172, 12346]]}",{}
156,NC00962.3,MXF-0.25-0.9,0.0,GARC1,RUS,MXF,gyrB@T500N,U,{},"{""proportion"": 0.4, ""confidence"": [0.1942269918768033, 0.648361402139878], ""p_value"": 0.2804384231567383, ""contingency"": [[4, 6], [172, 12346]]}",{}
157,NC00962.3,MXF-0.25-0.9,0.0,GARC1,RUS,MXF,gyrA@R380G,U,{},"{""proportion"": 0.0, ""confidence"": [0.0, 0.5749693909936535], ""p_value"": 1.0, ""contingency"": [[0, 2], [172, 12346]]}",{}
158,NC00962.3,MXF-0.25-0.9,0.0,GARC1,RUS,MXF,gyrB@E604K,U,{},"{""proportion"": 0.0, ""confidence"": [0.0, 0.7301340512159458], ""p_value"": 1.0, ""contingency"": [[0, 1], [172, 12346]]}",{}
159,NC00962.3,MXF-0.25-0.9,0.0,GARC1,RUS,MXF,gyrA@E289D,U,{},"{""proportion"": 0.5, ""confidence"": [0.12086631942227369, 0.8791336805777263], ""p_value"": 0.4375, ""contingency"": [[1, 1], [172, 12346]]}",{}
160,NC00962.3,MXF-0.25-0.9,0.0,GARC1,RUS,MXF,gyrA@E289Q,U,{},"{""proportion"": 0.0, ""confidence"": [0.0, 0.7301340512159458], ""p_value"": 1.0, ""contingency"": [[0, 1], [172, 12346]]}",{}
161,NC00962.3,MXF-0.25-0.9,0.0,GARC1,RUS,MXF,gyrA@R513C,U,{},"{""proportion"": 0.0, ""confidence"": [0.0, 0.7301340512159458], ""p_value"": 1.0, ""contingency"": [[0, 1], [172, 12346]]}",{}
162,NC00962.3,MXF-0.25-0.9,0.0,GARC1,RUS,MXF,gyrB@A332V,U,{},"{""proportion"": 0.0, ""confidence"": [0.0, 0.7301340512159458], ""p_value"": 1.0, ""contingency"": [[0, 1], [172, 12346]]}",{}
163,NC00962.3,MXF-0.25-0.9,0.0,GARC1,RUS,MXF,gyrA@T377I,U,{},"{""proportion"": 0.0, ""confidence"": [0.0, 0.40347862520270455], ""p_value"": 0.578125, ""contingency"": [[0, 4], [172, 12346]]}",{}
164,NC00962.3,MXF-0.25-0.9,0.0,GARC1,RUS,MXF,gyrB@D461A,U,{},"{""proportion"": 0.0, ""confidence"": [0.0, 0.4741955741575127], ""p_value"": 1.0, ""contingency"": [[0, 3], [172, 12346]]}",{}
165,NC00962.3,MXF-0.25-0.9,0.0,GARC1,RUS,MXF,gyrA@M141T,U,{},"{""proportion"": 0.0, ""confidence"": [0.0, 0.7301340512159458], ""p_value"": 1.0, ""contingency"": [[0, 1], [172, 12346]]}",{}
166,NC00962.3,MXF-0.25-0.9,0.0,GARC1,RUS,MXF,gyrB@P578A,U,{},"{""proportion"": 0.0, ""confidence"": [0.0, 0.4741955741575127], ""p_value"": 1.0, ""contingency"": [[0, 3], [172, 12346]]}",{}
167,NC00962.3,MXF-0.25-0.9,0.0,GARC1,RUS,MXF,gyrB@D434E,U,{},"{""proportion"": 0.0, ""confidence"": [0.0, 0.5749693909936535], ""p_value"": 1.0, ""contingency"": [[0, 2], [172, 12346]]}",{}
168,NC00962.3,MXF-0.25-0.9,0.0,GARC1,RUS,MXF,gyrA@A322S,U,{},"{""proportion"": 0.0, ""confidence"": [0.0, 0.7301340512159458], ""p_value"": 1.0, ""contingency"": [[0, 1], [172, 12346]]}",{}
169,NC00962.3,MXF-0.25-0.9,0.0,GARC1,RUS,MXF,gyrB@V670F,U,{},"{""proportion"": 0.0, ""confidence"": [0.0, 0.40347862520270455], ""p_value"": 0.578125, ""contingency"": [[0, 4], [172, 12346]]}",{}
170,NC00962.3,MXF-0.25-0.9,0.0,GARC1,RUS,MXF,gyrA@D687N,U,{},"{""proportion"": 0.0, ""confidence"": [0.0, 0.5749693909936535], ""p_value"": 1.0, ""contingency"": [[0, 2], [172, 12346]]}",{}
171,NC00962.3,MXF-0.25-0.9,0.0,GARC1,RUS,MXF,gyrA@I427V,U,{},"{""proportion"": 0.0, ""confidence"": [0.0, 0.7301340512159458], ""p_value"": 1.0, ""contingency"": [[0, 1], [172, 12346]]}",{}
172,NC00962.3,MXF-0.25-0.9,0.0,GARC1,RUS,MXF,gyrB@E21D,U,{},"{""proportion"": 0.0, ""confidence"": [0.0, 0.7301340512159458], ""p_value"": 1.0, ""contingency"": [[0, 1], [172, 12346]]}",{}
173,NC00962.3,MXF-0.25-0.9,0.0,GARC1,RUS,MXF,gyrB@A432V,U,{},"{""proportion"": 0.0, ""confidence"": [0.0, 0.7301340512159458], ""p_value"": 1.0, ""contingency"": [[0, 1], [172, 12346]]}",{}
174,NC00962.3,MXF-0.25-0.9,0.0,GARC1,RUS,MXF,gyrB@K404R,U,{},"{""proportion"": 0.0, ""confidence"": [0.0, 0.7301340512159458], ""p_value"": 1.0, ""contingency"": [[0, 1], [172, 12346]]}",{}
175,NC00962.3,MXF-0.25-0.9,0.0,GARC1,RUS,MXF,gyrB@T378S,U,{},"{""proportion"": 0.0, ""confidence"": [0.0, 0.40347862520270455], ""p_value"": 0.578125, ""contingency"": [[0, 4], [172, 12346]]}",{}
176,NC00962.3,MXF-0.25-0.9,0.0,GARC1,RUS,MXF,gyrA@Q290R,U,{},"{""proportion"": 0.0, ""confidence"": [0.0, 0.7301340512159458], ""p_value"": 1.0, ""contingency"": [[0, 1], [172, 12346]]}",{}
177,NC00962.3,MXF-0.25-0.9,0.0,GARC1,RUS,MXF,gyrA@D641Y,U,{},"{""proportion"": 0.0, ""confidence"": [0.0, 0.7301340512159458], ""p_value"": 1.0, ""contingency"": [[0, 1], [172, 12346]]}",{}
178,NC00962.3,MXF-0.25-0.9,0.0,GARC1,RUS,MXF,gyrA@K319E,U,{},"{""proportion"": 0.0, ""confidence"": [0.0, 0.7301340512159458], ""p_value"": 1.0, ""contingency"": [[0, 1], [172, 12346]]}",{}
179,NC00962.3,MXF-0.25-0.9,0.0,GARC1,RUS,MXF,gyrB@t-10c,U,{},"{""proportion"": 0.0, ""confidence"": [0.0, 0.7301340512159458], ""p_value"": 1.0, ""contingency"": [[0, 1], [172, 12346]]}",{}
180,NC00962.3,MXF-0.25-0.9,0.0,GARC1,RUS,MXF,gyrA@D464E,U,{},"{""proportion"": 0.0, ""confidence"": [0.0, 0.7301340512159458], ""p_value"": 1.0, ""contingency"": [[0, 1], [172, 12346]]}",{}
181,NC00962.3,MXF-0.25-0.9,0.0,GARC1,RUS,MXF,gyrA@Y365H,U,{},"{""proportion"": 0.0, ""confidence"": [0.0, 0.7301340512159458], ""p_value"": 1.0, ""contingency"": [[0, 1], [172, 12346]]}",{}
182,NC00962.3,MXF-0.25-0.9,0.0,GARC1,RUS,MXF,gyrB@K159M,U,{},"{""proportion"": 0.0, ""confidence"": [0.0, 0.7301340512159458], ""p_value"": 1.0, ""contingency"": [[0, 1], [172, 12346]]}",{}
183,NC00962.3,MXF-0.25-0.9,0.0,GARC1,RUS,MXF,gyrA@Q475P,U,{},"{""proportion"": 0.0, ""confidence"": [0.0, 0.7301340512159458], ""p_value"": 1.0, ""contingency"": [[0, 1], [172, 12346]]}",{}
184,NC00962.3,MXF-0.25-0.9,0.0,GARC1,RUS,MXF,gyrB@c-55t,U,{},"{""proportion"": 0.0, ""confidence"": [0.0, 0.7301340512159458], ""p_value"": 1.0, ""contingency"": [[0, 1], [172, 12346]]}",{}
185,NC00962.3,MXF-0.25-0.9,0.0,GARC1,RUS,MXF,gyrA@E466A,U,{},"{""proportion"": 0.0, ""confidence"": [0.0, 0.7301340512159458], ""p_value"": 1.0, ""contingency"": [[0, 1], [172, 12346]]}",{}
186,NC00962.3,MXF-0.25-0.9,0.0,GARC1,RUS,MXF,gyrA@D94V,U,{},"{""proportion"": 0.0, ""confidence"": [0.0, 0.7301340512159458], ""p_value"": 1.0, ""contingency"": [[0, 1], [172, 12346]]}",{}
187,NC00962.3,MXF-0.25-0.9,0.0,GARC1,RUS,MXF,gyrA@P119L,U,{},"{""proportion"": 0.0, ""confidence"": [0.0, 0.7301340512159458], ""p_value"": 1.0, ""contingency"": [[0, 1], [172, 12346]]}",{}
188,NC00962.3,MXF-0.25-0.9,0.0,GARC1,RUS,MXF,gyrA@G795R,U,{},"{""proportion"": 0.0, ""confidence"": [0.0, 0.7301340512159458], ""p_value"": 1.0, ""contingency"": [[0, 1], [172, 12346]]}",{}
189,NC00962.3,MXF-0.25-0.9,0.0,GARC1,RUS,MXF,gyrB@g-4a,U,{},"{""proportion"": 0.0, ""confidence"": [0.0, 0.7301340512159458], ""p_value"": 1.0, ""contingency"": [[0, 1], [172, 12346]]}",{}
190,NC00962.3,MXF-0.25-0.9,0.0,GARC1,RUS,MXF,gyrB@R665C,U,{},"{""proportion"": 0.0, ""confidence"": [0.0, 0.7301340512159458], ""p_value"": 1.0, ""contingency"": [[0, 1], [172, 12346]]}",{}
191,NC00962.3,MXF-0.25-0.9,0.0,GARC1,RUS,MXF,gyrB@T500I,U,{},"{""proportion"": 0.0, ""confidence"": [0.0, 0.7301340512159458], ""p_value"": 1.0, ""contingency"": [[0, 1], [172, 12346]]}",{}
192,NC00962.3,MXF-0.25-0.9,0.0,GARC1,RUS,MXF,gyrB@P578S,U,{},"{""proportion"": 1.0, ""confidence"": [0.26986594878405434, 1.0000000000000002], ""p_value"": 0.25, ""contingency"": [[1, 0], [172, 12346]]}",{}
193,NC00962.3,MXF-0.25-0.9,0.0,GARC1,RUS,MXF,gyrB@D617Y,U,{},"{""proportion"": 0.0, ""confidence"": [0.0, 0.7301340512159458], ""p_value"": 1.0, ""contingency"": [[0, 1], [172, 12346]]}",{}
194,NC00962.3,MXF-0.25-0.9,0.0,GARC1,RUS,MXF,gyrB@E379G,U,{},"{""proportion"": 0.0, ""confidence"": [0.0, 0.5749693909936535], ""p_value"": 1.0, ""contingency"": [[0, 2], [172, 12346]]}",{}
195,NC00962.3,MXF-0.25-0.9,0.0,GARC1,RUS,MXF,gyrA@P17L,U,{},"{""proportion"": 0.0, ""confidence"": [0.0, 0.5749693909936535], ""p_value"": 1.0, ""contingency"": [[0, 2], [172, 12346]]}",{}
196,NC00962.3,MXF-0.25-0.9,0.0,GARC1,RUS,MXF,gyrA@D211G,U,{},"{""proportion"": 0.0, ""confidence"": [0.0, 0.7301340512159458], ""p_value"": 1.0, ""contingency"": [[0, 1], [172, 12346]]}",{}
197,NC00962.3,MXF-0.25-0.9,0.0,GARC1,RUS,MXF,gyrB@T500P,U,{},"{""proportion"": 0.0, ""confidence"": [0.0, 0.7301340512159458], ""p_value"": 1.0, ""contingency"": [[0, 1], [172, 12346]]}",{}
198,NC00962.3,MXF-0.25-0.9,0.0,GARC1,RUS,MXF,gyrA@R489S,U,{},"{""proportion"": 0.0, ""confidence"": [0.0, 0.7301340512159458], ""p_value"": 1.0, ""contingency"": [[0, 1], [172, 12346]]}",{}
199,NC00962.3,MXF-0.25-0.9,0.0,GARC1,RUS,MXF,gyrA@D367E,U,{},"{""proportion"": 0.0, ""confidence"": [0.0, 0.7301340512159458], ""p_value"": 1.0, ""contingency"": [[0, 1], [172, 12346]]}",{}
200,NC00962.3,MXF-0.25-0.9,0.0,GARC1,RUS,MXF,gyrB@L156M,U,{},"{""proportion"": 0.0, ""confidence"": [0.0, 0.7301340512159458], ""p_value"": 1.0, ""contingency"": [[0, 1], [172, 12346]]}",{}
201,NC00962.3,MXF-0.25-0.9,0.0,GARC1,RUS,MXF,gyrA@A126E,U,{},"{""proportion"": 0.0, ""confidence"": [0.0, 0.7301340512159458], ""p_value"": 1.0, ""contingency"": [[0, 1], [172, 12346]]}",{}
202,NC00962.3,MXF-0.25-0.9,0.0,GARC1,RUS,MXF,gyrA@I554V,U,{},"{""proportion"": 0.0, ""confidence"": [0.0, 0.7301340512159458], ""p_value"": 1.0, ""contingency"": [[0, 1], [172, 12346]]}",{}
203,NC00962.3,MXF-0.25-0.9,0.0,GARC1,RUS,MXF,gyrB@c-37t,U,{},"{""proportion"": 0.0, ""confidence"": [0.0, 0.7301340512159458], ""p_value"": 1.0, ""contingency"": [[0, 1], [172, 12346]]}",{}
204,NC00962.3,MXF-0.25-0.9,0.0,GARC1,RUS,MXF,gyrB@E586K,U,{},"{""proportion"": 0.0, ""confidence"": [0.0, 0.4741955741575127], ""p_value"": 1.0, ""contingency"": [[0, 3], [172, 12346]]}",{}
205,NC00962.3,MXF-0.25-0.9,0.0,GARC1,RUS,MXF,gyrA@V327L,U,{},"{""proportion"": 0.0, ""confidence"": [0.0, 0.7301340512159458], ""p_value"": 1.0, ""contingency"": [[0, 1], [172, 12346]]}",{}
206,NC00962.3,MXF-0.25-0.9,0.0,GARC1,RUS,MXF,gyrA@T563S,U,{},"{""proportion"": 0.0, ""confidence"": [0.0, 0.7301340512159458], ""p_value"": 1.0, ""contingency"": [[0, 1], [172, 12346]]}",{}
207,NC00962.3,MXF-0.25-0.9,0.0,GARC1,RUS,MXF,gyrB@P243S,U,{},"{""proportion"": 1.0, ""confidence"": [0.26986594878405434, 1.0000000000000002], ""p_value"": 0.25, ""contingency"": [[1, 0], [172, 12346]]}",{}
208,NC00962.3,MXF-0.25-0.9,0.0,GARC1,RUS,MXF,gyrA@D209G,U,{},"{""proportion"": 0.0, ""confidence"": [0.0, 0.7301340512159458], ""p_value"": 1.0, ""contingency"": [[0, 1], [172, 12346]]}",{}
209,NC00962.3,MXF-0.25-0.9,0.0,GARC1,RUS,MXF,gyrB@S447Y,U,{},"{""proportion"": 0.6666666666666666, ""confidence"": [0.25353386828122415, 0.9217342736662715], ""p_value"": 0.15625, ""contingency"": [[2, 1], [172, 12346]]}",{}
210,NC00962.3,MXF-0.25-0.9,0.0,GARC1,RUS,MXF,gyrB@D518G,U,{},"{""proportion"": 0.0, ""confidence"": [0.0, 0.5749693909936535], ""p_value"": 1.0, ""contingency"": [[0, 2], [172, 12346]]}",{}
211,NC00962.3,MXF-0.25-0.9,0.0,GARC1,RUS,MXF,gyrA@K636N,U,{},"{""proportion"": 0.0, ""confidence"": [0.0, 0.7301340512159458], ""p_value"": 1.0, ""contingency"": [[0, 1], [172, 12346]]}",{}
212,NC00962.3,MXF-0.25-0.9,0.0,GARC1,RUS,MXF,gyrA@T735S,U,{},"{""proportion"": 0.0, ""confidence"": [0.0, 0.5749693909936535], ""p_value"": 1.0, ""contingency"": [[0, 2], [172, 12346]]}",{}
213,NC00962.3,MXF-0.25-0.9,0.0,GARC1,RUS,MXF,gyrA@V596M,U,{},"{""proportion"": 1.0, ""confidence"": [0.26986594878405434, 1.0000000000000002], ""p_value"": 0.25, ""contingency"": [[1, 0], [172, 12346]]}",{}
214,NC00962.3,MXF-0.25-0.9,0.0,GARC1,RUS,MXF,gyrB@D334G,U,{},"{""proportion"": 0.0, ""confidence"": [0.0, 0.7301340512159458], ""p_value"": 1.0, ""contingency"": [[0, 1], [172, 12346]]}",{}
215,NC00962.3,MXF-0.25-0.9,0.0,GARC1,RUS,MXF,gyrA@A814T,U,{},"{""proportion"": 0.0, ""confidence"": [0.0, 0.7301340512159458], ""p_value"": 1.0, ""contingency"": [[0, 1], [172, 12346]]}",{}
216,NC00962.3,MXF-0.25-0.9,0.0,GARC1,RUS,MXF,gyrA@K333N,U,{},"{""proportion"": 0.0, ""confidence"": [0.0, 0.7301340512159458], ""p_value"": 1.0, ""contingency"": [[0, 1], [172, 12346]]}",{}
217,NC00962.3,MXF-0.25-0.9,0.0,GARC1,RUS,MXF,gyrB@E501G,U,{},"{""proportion"": 0.0, ""confidence"": [0.0, 0.7301340512159458], ""p_value"": 1.0, ""contingency"": [[0, 1], [172, 12346]]}",{}
218,NC00962.3,MXF-0.25-0.9,0.0,GARC1,RUS,MXF,gyrA@S62F,U,{},"{""proportion"": 0.0, ""confidence"": [0.0, 0.5749693909936535], ""p_value"": 1.0, ""contingency"": [[0, 2], [172, 12346]]}",{}
219,NC00962.3,MXF-0.25-0.9,0.0,GARC1,RUS,MXF,gyrA@D211E,U,{},"{""proportion"": 0.0, ""confidence"": [0.0, 0.5749693909936535], ""p_value"": 1.0, ""contingency"": [[0, 2], [172, 12346]]}",{}
220,NC00962.3,MXF-0.25-0.9,0.0,GARC1,RUS,MXF,gyrA@T590A,U,{},"{""proportion"": 0.0, ""confidence"": [0.0, 0.7301340512159458], ""p_value"": 1.0, ""contingency"": [[0, 1], [172, 12346]]}",{}
221,NC00962.3,MXF-0.25-0.9,0.0,GARC1,RUS,MXF,gyrB@N558D,U,{},"{""proportion"": 0.0, ""confidence"": [0.0, 0.7301340512159458], ""p_value"": 1.0, ""contingency"": [[0, 1], [172, 12346]]}",{}
222,NC00962.3,MXF-0.25-0.9,0.0,GARC1,RUS,MXF,gyrA@D509N,U,{},"{""proportion"": 0.0, ""confidence"": [0.0, 0.7301340512159458], ""p_value"": 1.0, ""contingency"": [[0, 1], [172, 12346]]}",{}
223,NC00962.3,MXF-0.25-0.9,0.0,GARC1,RUS,MXF,gyrB@I435V,U,{},"{""proportion"": 0.0, ""confidence"": [0.0, 0.7301340512159458], ""p_value"": 1.0, ""contingency"": [[0, 1], [172, 12346]]}",{}
224,NC00962.3,MXF-0.25-0.9,0.0,GARC1,RUS,MXF,gyrA@A74S,U,{},"{""proportion"": 0.3333333333333333, ""confidence"": [0.0782657263337284, 0.7464661317187757], ""p_value"": 1.0, ""contingency"": [[1, 2], [172, 12346]]}",{}
225,NC00962.3,MXF-0.25-0.9,0.0,GARC1,RUS,MXF,gyrA@M141I,U,{},"{""proportion"": 0.0, ""confidence"": [0.0, 0.7301340512159458], ""p_value"": 1.0, ""contingency"": [[0, 1], [172, 12346]]}",{}
226,NC00962.3,MXF-0.25-0.9,0.0,GARC1,RUS,MXF,gyrB@R553G,U,{},"{""proportion"": 1.0, ""confidence"": [0.26986594878405434, 1.0000000000000002], ""p_value"": 0.25, ""contingency"": [[1, 0], [172, 12346]]}",{}
227,NC00962.3,MXF-0.25-0.9,0.0,GARC1,RUS,MXF,gyrA@A626V,U,{},"{""proportion"": 0.0, ""confidence"": [0.0, 0.5749693909936535], ""p_value"": 1.0, ""contingency"": [[0, 2], [172, 12346]]}",{}
228,NC00962.3,MXF-0.25-0.9,0.0,GARC1,RUS,MXF,gyrA@A406V,U,{},"{""proportion"": 0.0, ""confidence"": [0.0, 0.7301340512159458], ""p_value"": 1.0, ""contingency"": [[0, 1], [172, 12346]]}",{}
229,NC00962.3,MXF-0.25-0.9,0.0,GARC1,RUS,MXF,gyrB@D342E,U,{},"{""proportion"": 0.0, ""confidence"": [0.0, 0.5749693909936535], ""p_value"": 1.0, ""contingency"": [[0, 2], [172, 12346]]}",{}
230,NC00962.3,MXF-0.25-0.9,0.0,GARC1,RUS,MXF,gyrA@E429A,U,{},"{""proportion"": 0.0, ""confidence"": [0.0, 0.7301340512159458], ""p_value"": 1.0, ""contingency"": [[0, 1], [172, 12346]]}",{}
231,NC00962.3,MXF-0.25-0.9,0.0,GARC1,RUS,MXF,gyrA@F683V,U,{},"{""proportion"": 0.0, ""confidence"": [0.0, 0.7301340512159458], ""p_value"": 1.0, ""contingency"": [[0, 1], [172, 12346]]}",{}
232,NC00962.3,MXF-0.25-0.9,0.0,GARC1,RUS,MXF,gyrB@I556V,U,{},"{""proportion"": 0.0, ""confidence"": [0.0, 0.7301340512159458], ""p_value"": 1.0, ""contingency"": [[0, 1], [172, 12346]]}",{}
233,NC00962.3,MXF-0.25-0.9,0.0,GARC1,RUS,MXF,gyrB@L555V,U,{},"{""proportion"": 0.0, ""confidence"": [0.0, 0.7301340512159458], ""p_value"": 1.0, ""contingency"": [[0, 1], [172, 12346]]}",{}
234,NC00962.3,MXF-0.25-0.9,0.0,GARC1,RUS,MXF,gyrA@A696T,U,{},"{""proportion"": 0.0, ""confidence"": [0.0, 0.7301340512159458], ""p_value"": 1.0, ""contingency"": [[0, 1], [172, 12346]]}",{}
235,NC00962.3,MXF-0.25-0.9,0.0,GARC1,RUS,MXF,gyrA@R26C,U,{},"{""proportion"": 0.0, ""confidence"": [0.0, 0.7301340512159458], ""p_value"": 1.0, ""contingency"": [[0, 1], [172, 12346]]}",{}
236,NC00962.3,MXF-0.25-0.9,0.0,GARC1,RUS,MXF,gyrB@Q565H,U,{},"{""proportion"": 0.0, ""confidence"": [0.0, 0.7301340512159458], ""p_value"": 1.0, ""contingency"": [[0, 1], [172, 12346]]}",{}
237,NC00962.3,MXF-0.25-0.9,0.0,GARC1,RUS,MXF,gyrB@g-66t,U,{},"{""proportion"": 0.0, ""confidence"": [0.0, 0.7301340512159458], ""p_value"": 1.0, ""contingency"": [[0, 1], [172, 12346]]}",{}
238,NC00962.3,MXF-0.25-0.9,0.0,GARC1,RUS,MXF,gyrB@D220E,U,{},"{""proportion"": 0.0, ""confidence"": [0.0, 0.7301340512159458], ""p_value"": 1.0, ""contingency"": [[0, 1], [172, 12346]]}",{}
239,NC00962.3,MXF-0.25-0.9,0.0,GARC1,RUS,MXF,gyrA@A512T,U,{},"{""proportion"": 0.0, ""confidence"": [0.0, 0.7301340512159458], ""p_value"": 1.0, ""contingency"": [[0, 1], [172, 12346]]}",{}
240,NC00962.3,MXF-0.25-0.9,0.0,GARC1,RUS,MXF,gyrB@P163L,U,{},"{""proportion"": 0.0, ""confidence"": [0.0, 0.5749693909936535], ""p_value"": 1.0, ""contingency"": [[0, 2], [172, 12346]]}",{}
241,NC00962.3,MXF-0.25-0.9,0.0,GARC1,RUS,MXF,gyrA@V544L,U,{},"{""proportion"": 0.0, ""confidence"": [0.0, 0.5749693909936535], ""p_value"": 1.0, ""contingency"": [[0, 2], [172, 12346]]}",{}
242,NC00962.3,MXF-0.25-0.9,0.0,GARC1,RUS,MXF,gyrA@A736T,U,{},"{""proportion"": 0.5, ""confidence"": [0.12086631942227369, 0.8791336805777263], ""p_value"": 0.4375, ""contingency"": [[1, 1], [172, 12346]]}",{}
243,NC00962.3,MXF-0.25-0.9,0.0,GARC1,RUS,MXF,gyrA@I348V,U,{},"{""proportion"": 0.0, ""confidence"": [0.0, 0.7301340512159458], ""p_value"": 1.0, ""contingency"": [[0, 1], [172, 12346]]}",{}
244,NC00962.3,MXF-0.25-0.9,0.0,GARC1,RUS,MXF,gyrA@E739Q,U,{},"{""proportion"": 1.0, ""confidence"": [0.26986594878405434, 1.0000000000000002], ""p_value"": 0.25, ""contingency"": [[1, 0], [172, 12346]]}",{}
245,NC00962.3,MXF-0.25-0.9,0.0,GARC1,RUS,MXF,gyrA@R65H,U,{},"{""proportion"": 0.0, ""confidence"": [0.0, 0.7301340512159458], ""p_value"": 1.0, ""contingency"": [[0, 1], [172, 12346]]}",{}
246,NC00962.3,MXF-0.25-0.9,0.0,GARC1,RUS,MXF,gyrA@A736V,U,{},"{""proportion"": 0.0, ""confidence"": [0.0, 0.4741955741575127], ""p_value"": 1.0, ""contingency"": [[0, 3], [172, 12346]]}",{}
247,NC00962.3,MXF-0.25-0.9,0.0,GARC1,RUS,MXF,gyrA@K224E,U,{},"{""proportion"": 0.0, ""confidence"": [0.0, 0.7301340512159458], ""p_value"": 1.0, ""contingency"": [[0, 1], [172, 12346]]}",{}
248,NC00962.3,MXF-0.25-0.9,0.0,GARC1,RUS,MXF,gyrA@A512G,U,{},"{""proportion"": 0.0, ""confidence"": [0.0, 0.7301340512159458], ""p_value"": 1.0, ""contingency"": [[0, 1], [172, 12346]]}",{}
249,NC00962.3,MXF-0.25-0.9,0.0,GARC1,RUS,MXF,gyrB@L673P,U,{},"{""proportion"": 0.0, ""confidence"": [0.0, 0.7301340512159458], ""p_value"": 1.0, ""contingency"": [[0, 1], [172, 12346]]}",{}
250,NC00962.3,MXF-0.25-0.9,0.0,GARC1,RUS,MXF,gyrA@A90E,U,{},"{""proportion"": 0.0, ""confidence"": [0.0, 0.7301340512159458], ""p_value"": 1.0, ""contingency"": [[0, 1], [172, 12346]]}",{}
251,NC00962.3,MXF-0.25-0.9,0.0,GARC1,RUS,MXF,gyrA@G158S,U,{},"{""proportion"": 0.0, ""confidence"": [0.0, 0.7301340512159458], ""p_value"": 1.0, ""contingency"": [[0, 1], [172, 12346]]}",{}
252,NC00962.3,MXF-0.25-0.9,0.0,GARC1,RUS,MXF,gyrA@Q336K,U,{},"{""proportion"": 0.0, ""confidence"": [0.0, 0.7301340512159458], ""p_value"": 1.0, ""contingency"": [[0, 1], [172, 12346]]}",{}
253,NC00962.3,MXF-0.25-0.9,0.0,GARC1,RUS,MXF,gyrA@N831K,U,{},"{""proportion"": 0.0, ""confidence"": [0.0, 0.7301340512159458], ""p_value"": 1.0, ""contingency"": [[0, 1], [172, 12346]]}",{}
254,NC00962.3,MXF-0.25-0.9,0.0,GARC1,RUS,MXF,gyrB@T250S,U,{},"{""proportion"": 0.0, ""confidence"": [0.0, 0.4741955741575127], ""p_value"": 1.0, ""contingency"": [[0, 3], [172, 12346]]}",{}
255,NC00962.3,MXF-0.25-0.9,0.0,GARC1,RUS,MXF,gyrA@V651I,U,{},"{""proportion"": 0.0, ""confidence"": [0.0, 0.7301340512159458], ""p_value"": 1.0, ""contingency"": [[0, 1], [172, 12346]]}",{}
256,NC00962.3,MXF-0.25-0.9,0.0,GARC1,RUS,MXF,gyrA@H490N,U,{},"{""proportion"": 0.0, ""confidence"": [0.0, 0.7301340512159458], ""p_value"": 1.0, ""contingency"": [[0, 1], [172, 12346]]}",{}
257,NC00962.3,MXF-0.25-0.9,0.0,GARC1,RUS,MXF,gyrA@P275A,U,{},"{""proportion"": 0.0, ""confidence"": [0.0, 0.7301340512159458], ""p_value"": 1.0, ""contingency"": [[0, 1], [172, 12346]]}",{}
258,NC00962.3,MXF-0.25-0.9,0.0,GARC1,RUS,MXF,gyrB@c-89a,U,{},"{""proportion"": 0.0, ""confidence"": [0.0, 0.7301340512159458], ""p_value"": 1.0, ""contingency"": [[0, 1], [172, 12346]]}",{}
259,NC00962.3,MXF-0.25-0.9,0.0,GARC1,RUS,MXF,gyrA@G823S,U,{},"{""proportion"": 0.0, ""confidence"": [0.0, 0.7301340512159458], ""p_value"": 1.0, ""contingency"": [[0, 1], [172, 12346]]}",{}
260,NC00962.3,MXF-0.25-0.9,0.0,GARC1,RUS,MXF,gyrA@A445V,U,{},"{""proportion"": 0.0, ""confidence"": [0.0, 0.5749693909936535], ""p_value"": 1.0, ""contingency"": [[0, 2], [172, 12346]]}",{}
261,NC00962.3,MXF-0.25-0.9,0.0,GARC1,RUS,MXF,gyrA@H389P,U,{},"{""proportion"": 0.0, ""confidence"": [0.0, 0.7301340512159458], ""p_value"": 1.0, ""contingency"": [[0, 1], [172, 12346]]}",{}
262,NC00962.3,MXF-0.25-0.9,0.0,GARC1,RUS,MXF,gyrB@D461H,U,{},"{""proportion"": 0.5, ""confidence"": [0.12086631942227369, 0.8791336805777263], ""p_value"": 0.4375, ""contingency"": [[1, 1], [172, 12346]]}",{}
263,NC00962.3,MXF-0.25-0.9,0.0,GARC1,RUS,MXF,gyrA@T519I,U,{},"{""proportion"": 0.0, ""confidence"": [0.0, 0.7301340512159458], ""p_value"": 1.0, ""contingency"": [[0, 1], [172, 12346]]}",{}
264,NC00962.3,MXF-0.25-0.9,0.0,GARC1,RUS,MXF,gyrB@L455V,U,{},"{""proportion"": 0.0, ""confidence"": [0.0, 0.7301340512159458], ""p_value"": 1.0, ""contingency"": [[0, 1], [172, 12346]]}",{}
265,NC00962.3,MXF-0.25-0.9,0.0,GARC1,RUS,MXF,gyrB@-85_del_g,U,{},"{""proportion"": 0.0, ""confidence"": [0.0, 0.7301340512159458], ""p_value"": 1.0, ""contingency"": [[0, 1], [172, 12346]]}",{}
266,NC00962.3,MXF-0.25-0.9,0.0,GARC1,RUS,MXF,gyrB@G594R,U,{},"{""proportion"": 0.0, ""confidence"": [0.0, 0.7301340512159458], ""p_value"": 1.0, ""contingency"": [[0, 1], [172, 12346]]}",{}
267,NC00962.3,MXF-0.25-0.9,0.0,GARC1,RUS,MXF,gyrA@A288V,U,{},"{""proportion"": 0.0, ""confidence"": [0.0, 0.31078398130591417], ""p_value"": 0.347412109375, ""contingency"": [[0, 6], [172, 12346]]}",{}
268,NC00962.3,MXF-0.25-0.9,0.0,GARC1,RUS,MXF,gyrA@A788V,U,{},"{""proportion"": 0.0, ""confidence"": [0.0, 0.7301340512159458], ""p_value"": 1.0, ""contingency"": [[0, 1], [172, 12346]]}",{}
269,NC00962.3,MXF-0.25-0.9,0.0,GARC1,RUS,MXF,gyrB@R335C,U,{},"{""proportion"": 0.0, ""confidence"": [0.0, 0.7301340512159458], ""p_value"": 1.0, ""contingency"": [[0, 1], [172, 12346]]}",{}
270,NC00962.3,MXF-0.25-0.9,0.0,GARC1,RUS,MXF,gyrA@A501V,U,{},"{""proportion"": 0.0, ""confidence"": [0.0, 0.7301340512159458], ""p_value"": 1.0, ""contingency"": [[0, 1], [172, 12346]]}",{}
271,NC00962.3,MXF-0.25-0.9,0.0,GARC1,RUS,MXF,gyrA@D481G,U,{},"{""proportion"": 0.0, ""confidence"": [0.0, 0.7301340512159458], ""p_value"": 1.0, ""contingency"": [[0, 1], [172, 12346]]}",{}
272,NC00962.3,MXF-0.25-0.9,0.0,GARC1,RUS,MXF,gyrB@V226A,U,{},"{""proportion"": 0.0, ""confidence"": [0.0, 0.7301340512159458], ""p_value"": 1.0, ""contingency"": [[0, 1], [172, 12346]]}",{}
273,NC00962.3,MXF-0.25-0.9,0.0,GARC1,RUS,MXF,gyrA@D242N,U,{},"{""proportion"": 0.0, ""confidence"": [0.0, 0.7301340512159458], ""p_value"": 1.0, ""contingency"": [[0, 1], [172, 12346]]}",{}
274,NC00962.3,MXF-0.25-0.9,0.0,GARC1,RUS,MXF,gyrA@K319N,U,{},"{""proportion"": 0.0, ""confidence"": [0.0, 0.5749693909936535], ""p_value"": 1.0, ""contingency"": [[0, 2], [172, 12346]]}",{}
275,NC00962.3,MXF-0.25-0.9,0.0,GARC1,RUS,MXF,gyrB@G203E,U,{},"{""proportion"": 0.0, ""confidence"": [0.0, 0.7301340512159458], ""p_value"": 1.0, ""contingency"": [[0, 1], [172, 12346]]}",{}
276,NC00962.3,MXF-0.25-0.9,0.0,GARC1,RUS,MXF,gyrA@N818D,U,{},"{""proportion"": 0.0, ""confidence"": [0.0, 0.31078398130591417], ""p_value"": 0.347412109375, ""contingency"": [[0, 6], [172, 12346]]}",{}
277,NC00962.3,MXF-0.25-0.9,0.0,GARC1,RUS,MXF,gyrB@G470A,U,{},"{""proportion"": 0.0, ""confidence"": [0.0, 0.7301340512159458], ""p_value"": 1.0, ""contingency"": [[0, 1], [172, 12346]]}",{}
278,NC00962.3,MXF-0.25-0.9,0.0,GARC1,RUS,MXF,gyrB@A78G,U,{},"{""proportion"": 0.0, ""confidence"": [0.0, 0.7301340512159458], ""p_value"": 1.0, ""contingency"": [[0, 1], [172, 12346]]}",{}
279,NC00962.3,MXF-0.25-0.9,0.0,GARC1,RUS,MXF,gyrB@R446G,U,{},"{""proportion"": 0.0, ""confidence"": [0.0, 0.7301340512159458], ""p_value"": 1.0, ""contingency"": [[0, 1], [172, 12346]]}",{}
280,NC00962.3,MXF-0.25-0.9,0.0,GARC1,RUS,MXF,gyrA@D639A,U,{},"{""proportion"": 0.0, ""confidence"": [0.0, 0.40347862520270455], ""p_value"": 0.578125, ""contingency"": [[0, 4], [172, 12346]]}",{}
281,NC00962.3,MXF-0.25-0.9,0.0,GARC1,RUS,MXF,gyrB@E299Q,U,{},"{""proportion"": 0.0, ""confidence"": [0.0, 0.5749693909936535], ""p_value"": 1.0, ""contingency"": [[0, 2], [172, 12346]]}",{}
282,NC00962.3,MXF-0.25-0.9,0.0,GARC1,RUS,MXF,gyrA@A186T,U,{},"{""proportion"": 0.0, ""confidence"": [0.0, 0.7301340512159458], ""p_value"": 1.0, ""contingency"": [[0, 1], [172, 12346]]}",{}
283,NC00962.3,MXF-0.25-0.9,0.0,GARC1,RUS,MXF,gyrB@N207D,U,{},"{""proportion"": 0.0, ""confidence"": [0.0, 0.5749693909936535], ""p_value"": 1.0, ""contingency"": [[0, 2], [172, 12346]]}",{}
284,NC00962.3,MXF-0.25-0.9,0.0,GARC1,RUS,MXF,gyrB@K526Q,U,{},"{""proportion"": 0.0, ""confidence"": [0.0, 0.25272359742376316], ""p_value"": 0.21392822265625003, ""contingency"": [[0, 8], [172, 12346]]}",{}
285,NC00962.3,MXF-0.25-0.9,0.0,GARC1,RUS,MXF,gyrB@I19L,U,{},"{""proportion"": 0.0, ""confidence"": [0.0, 0.7301340512159458], ""p_value"": 1.0, ""contingency"": [[0, 1], [172, 12346]]}",{}
286,NC00962.3,MXF-0.25-0.9,0.0,GARC1,RUS,MXF,gyrA@R480C,U,{},"{""proportion"": 0.0, ""confidence"": [0.0, 0.7301340512159458], ""p_value"": 1.0, ""contingency"": [[0, 1], [172, 12346]]}",{}
287,NC00962.3,MXF-0.25-0.9,0.0,GARC1,RUS,MXF,gyrA@T272I,U,{},"{""proportion"": 0.0, ""confidence"": [0.0, 0.31078398130591417], ""p_value"": 0.347412109375, ""contingency"": [[0, 6], [172, 12346]]}",{}
288,NC00962.3,MXF-0.25-0.9,0.0,GARC1,RUS,MXF,gyrB@a-9g,U,{},"{""proportion"": 0.0, ""confidence"": [0.0, 0.7301340512159458], ""p_value"": 1.0, ""contingency"": [[0, 1], [172, 12346]]}",{}
289,NC00962.3,MXF-0.25-0.9,0.0,GARC1,RUS,MXF,gyrA@D583E,U,{},"{""proportion"": 0.0, ""confidence"": [0.0, 0.7301340512159458], ""p_value"": 1.0, ""contingency"": [[0, 1], [172, 12346]]}",{}
290,NC00962.3,MXF-0.25-0.9,0.0,GARC1,RUS,MXF,gyrA@g-25a,U,{},"{""proportion"": 0.0, ""confidence"": [0.0, 0.5749693909936535], ""p_value"": 1.0, ""contingency"": [[0, 2], [172, 12346]]}",{}
291,NC00962.3,MXF-0.25-0.9,0.0,GARC1,RUS,MXF,gyrA@R489K,U,{},"{""proportion"": 0.0, ""confidence"": [0.0, 0.7301340512159458], ""p_value"": 1.0, ""contingency"": [[0, 1], [172, 12346]]}",{}
292,NC00962.3,MXF-0.25-0.9,0.0,GARC1,RUS,MXF,gyrA@D639G,U,{},"{""proportion"": 0.0, ""confidence"": [0.0, 0.7301340512159458], ""p_value"": 1.0, ""contingency"": [[0, 1], [172, 12346]]}",{}
293,NC00962.3,MXF-0.25-0.9,0.0,GARC1,RUS,MXF,gyrB@N499K,U,{},"{""proportion"": 1.0, ""confidence"": [0.26986594878405434, 1.0000000000000002], ""p_value"": 0.25, ""contingency"": [[1, 0], [172, 12346]]}",{}
294,NC00962.3,MXF-0.25-0.9,0.0,GARC1,RUS,MXF,gyrA@L105R,U,{},"{""proportion"": 1.0, ""confidence"": [0.26986594878405434, 1.0000000000000002], ""p_value"": 0.25, ""contingency"": [[1, 0], [172, 12346]]}",{}
295,NC00962.3,MXF-0.25-0.9,0.0,GARC1,RUS,MXF,gyrA@Y722C,U,{},"{""proportion"": 0.0, ""confidence"": [0.0, 0.5749693909936535], ""p_value"": 1.0, ""contingency"": [[0, 2], [172, 12346]]}",{}
296,NC00962.3,MXF-0.25-0.9,0.0,GARC1,RUS,MXF,gyrB@D494G,U,{},"{""proportion"": 0.0, ""confidence"": [0.0, 0.7301340512159458], ""p_value"": 1.0, ""contingency"": [[0, 1], [172, 12346]]}",{}
297,NC00962.3,MXF-0.25-0.9,0.0,GARC1,RUS,MXF,gyrA@A406T,U,{},"{""proportion"": 0.0, ""confidence"": [0.0, 0.7301340512159458], ""p_value"": 1.0, ""contingency"": [[0, 1], [172, 12346]]}",{}
298,NC00962.3,MXF-0.25-0.9,0.0,GARC1,RUS,MXF,gyrA@F228L,U,{},"{""proportion"": 0.0, ""confidence"": [0.0, 0.7301340512159458], ""p_value"": 1.0, ""contingency"": [[0, 1], [172, 12346]]}",{}
299,NC00962.3,MXF-0.25-0.9,0.0,GARC1,RUS,MXF,gyrA@A347V,U,{},"{""proportion"": 0.0, ""confidence"": [0.0, 0.7301340512159458], ""p_value"": 1.0, ""contingency"": [[0, 1], [172, 12346]]}",{}
300,NC00962.3,MXF-0.25-0.9,0.0,GARC1,RUS,MXF,gyrA@M99I,U,{},"{""proportion"": 0.0, ""confidence"": [0.0, 0.7301340512159458], ""p_value"": 1.0, ""contingency"": [[0, 1], [172, 12346]]}",{}
301,NC00962.3,MXF-0.25-0.9,0.0,GARC1,RUS,MXF,gyrB@F549L,U,{},"{""proportion"": 0.0, ""confidence"": [0.0, 0.7301340512159458], ""p_value"": 1.0, ""contingency"": [[0, 1], [172, 12346]]}",{}
302,NC00962.3,MXF-0.25-0.9,0.0,GARC1,RUS,MXF,gyrA@H334Y,U,{},"{""proportion"": 0.0, ""confidence"": [0.0, 0.7301340512159458], ""p_value"": 1.0, ""contingency"": [[0, 1], [172, 12346]]}",{}
303,NC00962.3,MXF-0.25-0.9,0.0,GARC1,RUS,MXF,gyrB@I271M,U,{},"{""proportion"": 0.0, ""confidence"": [0.0, 0.7301340512159458], ""p_value"": 1.0, ""contingency"": [[0, 1], [172, 12346]]}",{}
304,NC00962.3,MXF-0.25-0.9,0.0,GARC1,RUS,MXF,gyrA@I452T,U,{},"{""proportion"": 0.0, ""confidence"": [0.0, 0.7301340512159458], ""p_value"": 1.0, ""contingency"": [[0, 1], [172, 12346]]}",{}
305,NC00962.3,MXF-0.25-0.9,0.0,GARC1,RUS,MXF,gyrB@K526N,U,{},"{""proportion"": 0.0, ""confidence"": [0.0, 0.7301340512159458], ""p_value"": 1.0, ""contingency"": [[0, 1], [172, 12346]]}",{}
306,NC00962.3,MXF-0.25-0.9,0.0,GARC1,RUS,MXF,gyrA@P50R,U,{},"{""proportion"": 0.0, ""confidence"": [0.0, 0.7301340512159458], ""p_value"": 1.0, ""contingency"": [[0, 1], [172, 12346]]}",{}
307,NC00962.3,MXF-0.25-0.9,0.0,GARC1,RUS,MXF,gyrA@I153M,U,{},"{""proportion"": 0.0, ""confidence"": [0.0, 0.7301340512159458], ""p_value"": 1.0, ""contingency"": [[0, 1], [172, 12346]]}",{}
308,NC00962.3,MXF-0.25-0.9,0.0,GARC1,RUS,MXF,gyrA@V505I,U,{},"{""proportion"": 0.0, ""confidence"": [0.0, 0.7301340512159458], ""p_value"": 1.0, ""contingency"": [[0, 1], [172, 12346]]}",{}
309,NC00962.3,MXF-0.25-0.9,0.0,GARC1,RUS,MXF,gyrA@E508A,U,{},"{""proportion"": 0.0, ""confidence"": [0.0, 0.7301340512159458], ""p_value"": 1.0, ""contingency"": [[0, 1], [172, 12346]]}",{}
310,NC00962.3,MXF-0.25-0.9,0.0,GARC1,RUS,MXF,gyrB@I527V,U,{},"{""proportion"": 0.0, ""confidence"": [0.0, 0.7301340512159458], ""p_value"": 1.0, ""contingency"": [[0, 1], [172, 12346]]}",{}
311,NC00962.3,MXF-0.25-0.9,0.0,GARC1,RUS,MXF,gyrA@V674I,U,{},"{""proportion"": 0.0, ""confidence"": [0.0, 0.7301340512159458], ""p_value"": 1.0, ""contingency"": [[0, 1], [172, 12346]]}",{}
312,NC00962.3,MXF-0.25-0.9,0.0,GARC1,RUS,MXF,gyrA@K636T,U,{},"{""proportion"": 0.0, ""confidence"": [0.0, 0.7301340512159458], ""p_value"": 1.0, ""contingency"": [[0, 1], [172, 12346]]}",{}
313,NC00962.3,MXF-0.25-0.9,0.0,GARC1,RUS,MXF,gyrB@A423V,U,{},"{""proportion"": 0.0, ""confidence"": [0.0, 0.5749693909936535], ""p_value"": 1.0, ""contingency"": [[0, 2], [172, 12346]]}",{}
314,NC00962.3,MXF-0.25-0.9,0.0,GARC1,RUS,MXF,gyrB@L509P,U,{},"{""proportion"": 1.0, ""confidence"": [0.26986594878405434, 1.0000000000000002], ""p_value"": 0.25, ""contingency"": [[1, 0], [172, 12346]]}",{}
315,NC00962.3,MXF-0.25-0.9,0.0,GARC1,RUS,MXF,gyrA@H70P,U,{},"{""proportion"": 0.0, ""confidence"": [0.0, 0.7301340512159458], ""p_value"": 1.0, ""contingency"": [[0, 1], [172, 12346]]}",{}
316,NC00962.3,MXF-0.25-0.9,0.0,GARC1,RUS,MXF,gyrB@R451H,U,{},"{""proportion"": 0.0, ""confidence"": [0.0, 0.7301340512159458], ""p_value"": 1.0, ""contingency"": [[0, 1], [172, 12346]]}",{}
317,NC00962.3,MXF-0.25-0.9,0.0,GARC1,RUS,MXF,gyrB@A467V,U,{},"{""proportion"": 0.0, ""confidence"": [0.0, 0.7301340512159458], ""p_value"": 1.0, ""contingency"": [[0, 1], [172, 12346]]}",{}
318,NC00962.3,MXF-0.25-0.9,0.0,GARC1,RUS,MXF,gyrA@H490R,U,{},"{""proportion"": 1.0, ""confidence"": [0.26986594878405434, 1.0000000000000002], ""p_value"": 0.25, ""contingency"": [[1, 0], [172, 12346]]}",{}
319,NC00962.3,MXF-0.25-0.9,0.0,GARC1,RUS,MXF,gyrA@A322E,U,{},"{""proportion"": 0.0, ""confidence"": [0.0, 0.5749693909936535], ""p_value"": 1.0, ""contingency"": [[0, 2], [172, 12346]]}",{}
320,NC00962.3,MXF-0.25-0.9,0.0,GARC1,RUS,MXF,gyrB@S274T,U,{},"{""proportion"": 0.0, ""confidence"": [0.0, 0.5749693909936535], ""p_value"": 1.0, ""contingency"": [[0, 2], [172, 12346]]}",{}
321,NC00962.3,MXF-0.25-0.9,0.0,GARC1,RUS,MXF,gyrA@V223I,U,{},"{""proportion"": 0.0, ""confidence"": [0.0, 0.4741955741575127], ""p_value"": 1.0, ""contingency"": [[0, 3], [172, 12346]]}",{}
322,NC00962.3,MXF-0.25-0.9,0.0,GARC1,RUS,MXF,gyrA@T638I,U,{},"{""proportion"": 0.0, ""confidence"": [0.0, 0.3511165007651012], ""p_value"": 0.34082031250000006, ""contingency"": [[0, 5], [172, 12346]]}",{}
323,NC00962.3,MXF-0.25-0.9,0.0,GARC1,RUS,MXF,gyrA@G548R,U,{},"{""proportion"": 0.0, ""confidence"": [0.0, 0.7301340512159458], ""p_value"": 1.0, ""contingency"": [[0, 1], [172, 12346]]}",{}
324,NC00962.3,MXF-0.25-0.9,0.0,GARC1,RUS,MXF,gyrA@A689V,U,{},"{""proportion"": 1.0, ""confidence"": [0.26986594878405434, 1.0000000000000002], ""p_value"": 0.25, ""contingency"": [[1, 0], [172, 12346]]}",{}
325,NC00962.3,MXF-0.25-0.9,0.0,GARC1,RUS,MXF,gyrB@I116M,U,{},"{""proportion"": 0.0, ""confidence"": [0.0, 0.7301340512159458], ""p_value"": 1.0, ""contingency"": [[0, 1], [172, 12346]]}",{}
326,NC00962.3,MXF-0.25-0.9,0.0,GARC1,RUS,MXF,gyrB@G282D,U,{},"{""proportion"": 0.0, ""confidence"": [0.0, 0.7301340512159458], ""p_value"": 1.0, ""contingency"": [[0, 1], [172, 12346]]}",{}
327,NC00962.3,MXF-0.25-0.9,0.0,GARC1,RUS,MXF,gyrB@A162E,U,{},"{""proportion"": 0.0, ""confidence"": [0.0, 0.7301340512159458], ""p_value"": 1.0, ""contingency"": [[0, 1], [172, 12346]]}",{}
328,NC00962.3,MXF-0.25-0.9,0.0,GARC1,RUS,MXF,gyrA@S250A,U,{},"{""proportion"": 0.0, ""confidence"": [0.0, 0.7301340512159458], ""p_value"": 1.0, ""contingency"": [[0, 1], [172, 12346]]}",{}
329,NC00962.3,MXF-0.25-0.9,0.0,GARC1,RUS,MXF,gyrA@R392C,U,{},"{""proportion"": 0.0, ""confidence"": [0.0, 0.7301340512159458], ""p_value"": 1.0, ""contingency"": [[0, 1], [172, 12346]]}",{}
330,NC00962.3,MXF-0.25-0.9,0.0,GARC1,RUS,MXF,gyrA@F705L,U,{},"{""proportion"": 0.0, ""confidence"": [0.0, 0.4741955741575127], ""p_value"": 1.0, ""contingency"": [[0, 3], [172, 12346]]}",{}
331,NC00962.3,MXF-0.25-0.9,0.0,GARC1,RUS,MXF,gyrB@-60_ins_g,U,{},"{""proportion"": 0.0, ""confidence"": [0.0, 0.7301340512159458], ""p_value"": 1.0, ""contingency"": [[0, 1], [172, 12346]]}",{}
332,NC00962.3,MXF-0.25-0.9,0.0,GARC1,RUS,MXF,gyrA@D10G,U,{},"{""proportion"": 0.0, ""confidence"": [0.0, 0.7301340512159458], ""p_value"": 1.0, ""contingency"": [[0, 1], [172, 12346]]}",{}
333,NC00962.3,MXF-0.25-0.9,0.0,GARC1,RUS,MXF,gyrA@L331F,U,{},"{""proportion"": 0.0, ""confidence"": [0.0, 0.7301340512159458], ""p_value"": 1.0, ""contingency"": [[0, 1], [172, 12346]]}",{}
334,NC00962.3,MXF-0.25-0.9,0.0,GARC1,RUS,MXF,gyrA@A432V,U,{},"{""proportion"": 0.0, ""confidence"": [0.0, 0.5749693909936535], ""p_value"": 1.0, ""contingency"": [[0, 2], [172, 12346]]}",{}
335,NC00962.3,MXF-0.25-0.9,0.0,GARC1,RUS,MXF,gyrB@t-93c,U,{},"{""proportion"": 0.0, ""confidence"": [0.0, 0.7301340512159458], ""p_value"": 1.0, ""contingency"": [[0, 1], [172, 12346]]}",{}
336,NC00962.3,MXF-0.25-0.9,0.0,GARC1,RUS,MXF,gyrA@P7L,U,{},"{""proportion"": 0.0, ""confidence"": [0.0, 0.7301340512159458], ""p_value"": 1.0, ""contingency"": [[0, 1], [172, 12346]]}",{}
337,NC00962.3,MXF-0.25-0.9,0.0,GARC1,RUS,MXF,gyrB@P254L,U,{},"{""proportion"": 0.0, ""confidence"": [0.0, 0.5749693909936535], ""p_value"": 1.0, ""contingency"": [[0, 2], [172, 12346]]}",{}
338,NC00962.3,MXF-0.25-0.9,0.0,GARC1,RUS,MXF,gyrB@G436R,U,{},"{""proportion"": 0.0, ""confidence"": [0.0, 0.7301340512159458], ""p_value"": 1.0, ""contingency"": [[0, 1], [172, 12346]]}",{}
339,NC00962.3,MXF-0.25-0.9,0.0,GARC1,RUS,MXF,gyrA@a-8g,U,{},"{""proportion"": 0.0, ""confidence"": [0.0, 0.7301340512159458], ""p_value"": 1.0, ""contingency"": [[0, 1], [172, 12346]]}",{}
340,NC00962.3,MXF-0.25-0.9,0.0,GARC1,RUS,MXF,gyrA@T496S,U,{},"{""proportion"": 0.0, ""confidence"": [0.0, 0.7301340512159458], ""p_value"": 1.0, ""contingency"": [[0, 1], [172, 12346]]}",{}
341,NC00962.3,MXF-0.25-0.9,0.0,GARC1,RUS,MXF,gyrB@D176E,U,{},"{""proportion"": 0.0, ""confidence"": [0.0, 0.7301340512159458], ""p_value"": 1.0, ""contingency"": [[0, 1], [172, 12346]]}",{}
342,NC00962.3,MXF-0.25-0.9,0.0,GARC1,RUS,MXF,gyrA@S237P,U,{},"{""proportion"": 0.0, ""confidence"": [0.0, 0.5749693909936535], ""p_value"": 1.0, ""contingency"": [[0, 2], [172, 12346]]}",{}
343,NC00962.3,MXF-0.25-0.9,0.0,GARC1,RUS,MXF,gyrB@I486L,U,{},"{""proportion"": 0.0, ""confidence"": [0.0, 0.7301340512159458], ""p_value"": 1.0, ""contingency"": [[0, 1], [172, 12346]]}",{}
344,NC00962.3,MXF-0.25-0.9,0.0,GARC1,RUS,MXF,gyrA@A210V,U,{},"{""proportion"": 0.0, ""confidence"": [0.0, 0.4741955741575127], ""p_value"": 1.0, ""contingency"": [[0, 3], [172, 12346]]}",{}
345,NC00962.3,MXF-0.25-0.9,0.0,GARC1,RUS,MXF,gyrA@D481A,U,{},"{""proportion"": 0.0, ""confidence"": [0.0, 0.5749693909936535], ""p_value"": 1.0, ""contingency"": [[0, 2], [172, 12346]]}",{}
346,NC00962.3,MXF-0.25-0.9,0.0,GARC1,RUS,MXF,gyrA@A324V,U,{},"{""proportion"": 0.0, ""confidence"": [0.0, 0.7301340512159458], ""p_value"": 1.0, ""contingency"": [[0, 1], [172, 12346]]}",{}
347,NC00962.3,MXF-0.25-0.9,0.0,GARC1,RUS,MXF,gyrA@K633R,U,{},"{""proportion"": 0.0, ""confidence"": [0.0, 0.7301340512159458], ""p_value"": 1.0, ""contingency"": [[0, 1], [172, 12346]]}",{}
348,NC00962.3,MXF-0.25-0.9,0.0,GARC1,RUS,MXF,gyrB@K668E,U,{},"{""proportion"": 0.0, ""confidence"": [0.0, 0.7301340512159458], ""p_value"": 1.0, ""contingency"": [[0, 1], [172, 12346]]}",{}
349,NC00962.3,MXF-0.25-0.9,0.0,GARC1,RUS,MXF,gyrA@R607H,U,{},"{""proportion"": 0.0, ""confidence"": [0.0, 0.7301340512159458], ""p_value"": 1.0, ""contingency"": [[0, 1], [172, 12346]]}",{}
350,NC00962.3,MXF-0.25-0.9,0.0,GARC1,RUS,MXF,gyrB@g-71a,U,{},"{""proportion"": 0.0, ""confidence"": [0.0, 0.7301340512159458], ""p_value"": 1.0, ""contingency"": [[0, 1], [172, 12346]]}",{}
351,NC00962.3,MXF-0.25-0.9,0.0,GARC1,RUS,MXF,gyrB@c-58g,U,{},"{""proportion"": 0.0, ""confidence"": [0.0, 0.5749693909936535], ""p_value"": 1.0, ""contingency"": [[0, 2], [172, 12346]]}",{}
352,NC00962.3,MXF-0.25-0.9,0.0,GARC1,RUS,MXF,gyrA@P7S,U,{},"{""proportion"": 0.0, ""confidence"": [0.0, 0.7301340512159458], ""p_value"": 1.0, ""contingency"": [[0, 1], [172, 12346]]}",{}
353,NC00962.3,MXF-0.25-0.9,0.0,GARC1,RUS,MXF,gyrA@E79D,U,{},"{""proportion"": 0.0, ""confidence"": [0.0, 0.5749693909936535], ""p_value"": 1.0, ""contingency"": [[0, 2], [172, 12346]]}",{}
354,NC00962.3,MXF-0.25-0.9,0.0,GARC1,RUS,MXF,gyrA@L711M,U,{},"{""proportion"": 0.0, ""confidence"": [0.0, 0.31078398130591417], ""p_value"": 0.347412109375, ""contingency"": [[0, 6], [172, 12346]]}",{}
355,NC00962.3,MXF-0.25-0.9,0.0,GARC1,RUS,MXF,gyrB@V427M,U,{},"{""proportion"": 0.0, ""confidence"": [0.0, 0.5749693909936535], ""p_value"": 1.0, ""contingency"": [[0, 2], [172, 12346]]}",{}
356,NC00962.3,MXF-0.25-0.9,0.0,GARC1,RUS,MXF,gyrB@K140E,U,{},"{""proportion"": 0.0, ""confidence"": [0.0, 0.7301340512159458], ""p_value"": 1.0, ""contingency"": [[0, 1], [172, 12346]]}",{}
357,NC00962.3,MXF-0.25-0.9,0.0,GARC1,RUS,MXF,gyrB@Q476E,U,{},"{""proportion"": 0.0, ""confidence"": [0.0, 0.7301340512159458], ""p_value"": 1.0, ""contingency"": [[0, 1], [172, 12346]]}",{}
358,NC00962.3,MXF-0.25-0.9,0.0,GARC1,RUS,MXF,gyrA@A324G,U,{},"{""proportion"": 0.0, ""confidence"": [0.0, 0.7301340512159458], ""p_value"": 1.0, ""contingency"": [[0, 1], [172, 12346]]}",{}
359,NC00962.3,MXF-0.25-0.9,0.0,GARC1,RUS,MXF,gyrB@A237G,U,{},"{""proportion"": 0.0, ""confidence"": [0.0, 0.7301340512159458], ""p_value"": 1.0, ""contingency"": [[0, 1], [172, 12346]]}",{}
360,NC00962.3,MXF-0.25-0.9,0.0,GARC1,RUS,MXF,gyrA@I511V,U,{},"{""proportion"": 0.0, ""confidence"": [0.0, 0.7301340512159458], ""p_value"": 1.0, ""contingency"": [[0, 1], [172, 12346]]}",{}
361,NC00962.3,MXF-0.25-0.9,0.0,GARC1,RUS,MXF,gyrB@H285Q,U,{},"{""proportion"": 0.0, ""confidence"": [0.0, 0.7301340512159458], ""p_value"": 1.0, ""contingency"": [[0, 1], [172, 12346]]}",{}
362,NC00962.3,MXF-0.25-0.9,0.0,GARC1,RUS,MXF,gyrB@T267S,U,{},"{""proportion"": 0.0, ""confidence"": [0.0, 0.4741955741575127], ""p_value"": 1.0, ""contingency"": [[0, 3], [172, 12346]]}",{}
363,NC00962.3,MXF-0.25-0.9,0.0,GARC1,RUS,MXF,gyrA@A794V,U,{},"{""proportion"": 0.0, ""confidence"": [0.0, 0.7301340512159458], ""p_value"": 1.0, ""contingency"": [[0, 1], [172, 12346]]}",{}
364,NC00962.3,MXF-0.25-0.9,0.0,GARC1,RUS,MXF,gyrA@R789G,U,{},"{""proportion"": 0.0, ""confidence"": [0.0, 0.40347862520270455], ""p_value"": 0.578125, ""contingency"": [[0, 4], [172, 12346]]}",{}
365,NC00962.3,MXF-0.25-0.9,0.0,GARC1,RUS,MXF,gyrB@D259E,U,{},"{""proportion"": 0.0, ""confidence"": [0.0, 0.7301340512159458], ""p_value"": 1.0, ""contingency"": [[0, 1], [172, 12346]]}",{}
366,NC00962.3,MXF-0.25-0.9,0.0,GARC1,RUS,MXF,gyrB@A420E,U,{},"{""proportion"": 0.0, ""confidence"": [0.0, 0.7301340512159458], ""p_value"": 1.0, ""contingency"": [[0, 1], [172, 12346]]}",{}
367,NC00962.3,MXF-0.25-0.9,0.0,GARC1,RUS,MXF,gyrA@R106C,U,{},"{""proportion"": 0.0, ""confidence"": [0.0, 0.7301340512159458], ""p_value"": 1.0, ""contingency"": [[0, 1], [172, 12346]]}",{}
368,NC00962.3,MXF-0.25-0.9,0.0,GARC1,RUS,MXF,gyrA@T215A,U,{},"{""proportion"": 0.0, ""confidence"": [0.0, 0.7301340512159458], ""p_value"": 1.0, ""contingency"": [[0, 1], [172, 12346]]}",{}
369,NC00962.3,MXF-0.25-0.9,0.0,GARC1,RUS,MXF,gyrB@A564T,U,{},"{""proportion"": 0.0, ""confidence"": [0.0, 0.5749693909936535], ""p_value"": 1.0, ""contingency"": [[0, 2], [172, 12346]]}",{}
370,NC00962.3,MXF-0.25-0.9,0.0,GARC1,RUS,MXF,gyrA@c-27g,U,{},"{""proportion"": 0.0, ""confidence"": [0.0, 0.5749693909936535], ""p_value"": 1.0, ""contingency"": [[0, 2], [172, 12346]]}",{}
371,NC00962.3,MXF-0.25-0.9,0.0,GARC1,RUS,MXF,gyrB@A508V,U,{},"{""proportion"": 0.0, ""confidence"": [0.0, 0.4741955741575127], ""p_value"": 1.0, ""contingency"": [[0, 3], [172, 12346]]}",{}
372,NC00962.3,MXF-0.25-0.9,0.0,GARC1,RUS,MXF,gyrB@G598E,U,{},"{""proportion"": 0.0, ""confidence"": [0.0, 0.40347862520270455], ""p_value"": 0.578125, ""contingency"": [[0, 4], [172, 12346]]}",{}
373,NC00962.3,MXF-0.25-0.9,0.0,GARC1,RUS,MXF,gyrB@D434H,U,{},"{""proportion"": 0.0, ""confidence"": [0.0, 0.5749693909936535], ""p_value"": 1.0, ""contingency"": [[0, 2], [172, 12346]]}",{}
374,NC00962.3,MXF-0.25-0.9,0.0,GARC1,RUS,MXF,gyrB@A618T,U,{},"{""proportion"": 0.0, ""confidence"": [0.0, 0.5749693909936535], ""p_value"": 1.0, ""contingency"": [[0, 2], [172, 12346]]}",{}
375,NC00962.3,MXF-0.25-0.9,0.0,GARC1,RUS,MXF,gyrA@G503R,U,{},"{""proportion"": 0.0, ""confidence"": [0.0, 0.4741955741575127], ""p_value"": 1.0, ""contingency"": [[0, 3], [172, 12346]]}",{}
376,NC00962.3,MXF-0.25-0.9,0.0,GARC1,RUS,MXF,gyrA@I707V,U,{},"{""proportion"": 0.0, ""confidence"": [0.0, 0.5749693909936535], ""p_value"": 1.0, ""contingency"": [[0, 2], [172, 12346]]}",{}
377,NC00962.3,MXF-0.25-0.9,0.0,GARC1,RUS,MXF,gyrA@V651A,U,{},"{""proportion"": 0.0, ""confidence"": [0.0, 0.5749693909936535], ""p_value"": 1.0, ""contingency"": [[0, 2], [172, 12346]]}",{}
378,NC00962.3,MXF-0.25-0.9,0.0,GARC1,RUS,MXF,gyrB@K668R,U,{},"{""proportion"": 0.0, ""confidence"": [0.0, 0.5749693909936535], ""p_value"": 1.0, ""contingency"": [[0, 2], [172, 12346]]}",{}
379,NC00962.3,MXF-0.25-0.9,0.0,GARC1,RUS,MXF,gyrB@S248G,U,{},"{""proportion"": 0.0, ""confidence"": [0.0, 0.7301340512159458], ""p_value"": 1.0, ""contingency"": [[0, 1], [172, 12346]]}",{}
380,NC00962.3,MXF-0.25-0.9,0.0,GARC1,RUS,MXF,gyrB@A115V,U,{},"{""proportion"": 0.0, ""confidence"": [0.0, 0.5749693909936535], ""p_value"": 1.0, ""contingency"": [[0, 2], [172, 12346]]}",{}
381,NC00962.3,MXF-0.25-0.9,0.0,GARC1,RUS,MXF,gyrA@L455V,U,{},"{""proportion"": 0.0, ""confidence"": [0.0, 0.5749693909936535], ""p_value"": 1.0, ""contingency"": [[0, 2], [172, 12346]]}",{}
382,NC00962.3,MXF-0.25-0.9,0.0,GARC1,RUS,MXF,gyrA@A198G,U,{},"{""proportion"": 0.0, ""confidence"": [0.0, 0.5749693909936535], ""p_value"": 1.0, ""contingency"": [[0, 2], [172, 12346]]}",{}
383,NC00962.3,MXF-0.25-0.9,0.0,GARC1,RUS,MXF,gyrA@D367H,U,{},"{""proportion"": 0.0, ""confidence"": [0.0, 0.7301340512159458], ""p_value"": 1.0, ""contingency"": [[0, 1], [172, 12346]]}",{}
384,NC00962.3,MXF-0.25-0.9,0.0,GARC1,RUS,MXF,gyrB@S413A,U,{},"{""proportion"": 0.0, ""confidence"": [0.0, 0.7301340512159458], ""p_value"": 1.0, ""contingency"": [[0, 1], [172, 12346]]}",{}
385,NC00962.3,MXF-0.25-0.9,0.0,GARC1,RUS,MXF,gyrA@T638N,U,{},"{""proportion"": 0.0, ""confidence"": [0.0, 0.7301340512159458], ""p_value"": 1.0, ""contingency"": [[0, 1], [172, 12346]]}",{}
386,NC00962.3,MXF-0.25-0.9,0.0,GARC1,RUS,MXF,gyrA@R607C,U,{},"{""proportion"": 0.0, ""confidence"": [0.0, 0.7301340512159458], ""p_value"": 1.0, ""contingency"": [[0, 1], [172, 12346]]}",{}
387,NC00962.3,MXF-0.25-0.9,0.0,GARC1,RUS,MXF,gyrA@R14L,U,{},"{""proportion"": 0.0, ""confidence"": [0.0, 0.4741955741575127], ""p_value"": 1.0, ""contingency"": [[0, 3], [172, 12346]]}",{}
388,NC00962.3,MXF-0.25-0.9,0.0,GARC1,RUS,MXF,gyrB@I486V,U,{},"{""proportion"": 0.0, ""confidence"": [0.0, 0.7301340512159458], ""p_value"": 1.0, ""contingency"": [[0, 1], [172, 12346]]}",{}
389,NC00962.3,MXF-0.25-0.9,0.0,GARC1,RUS,MXF,gyrA@T164M,U,{},"{""proportion"": 0.0, ""confidence"": [0.0, 0.7301340512159458], ""p_value"": 1.0, ""contingency"": [[0, 1], [172, 12346]]}",{}
390,NC00962.3,MXF-0.25-0.9,0.0,GARC1,RUS,MXF,gyrB@T401I,U,{},"{""proportion"": 0.0, ""confidence"": [0.0, 0.7301340512159458], ""p_value"": 1.0, ""contingency"": [[0, 1], [172, 12346]]}",{}
391,NC00962.3,MXF-0.25-0.9,0.0,GARC1,RUS,MXF,gyrB@D494A,U,{},"{""proportion"": 0.0, ""confidence"": [0.0, 0.5749693909936535], ""p_value"": 1.0, ""contingency"": [[0, 2], [172, 12346]]}",{}
392,NC00962.3,MXF-0.25-0.9,0.0,GARC1,RUS,MXF,gyrA@G477E,U,{},"{""proportion"": 0.0, ""confidence"": [0.0, 0.5749693909936535], ""p_value"": 1.0, ""contingency"": [[0, 2], [172, 12346]]}",{}
393,NC00962.3,MXF-0.25-0.9,0.0,GARC1,RUS,MXF,gyrA@Q603H,U,{},"{""proportion"": 0.0, ""confidence"": [0.0, 0.7301340512159458], ""p_value"": 1.0, ""contingency"": [[0, 1], [172, 12346]]}",{}
394,NC00962.3,MXF-0.25-0.9,0.0,GARC1,RUS,MXF,gyrA@G351A,U,{},"{""proportion"": 0.0, ""confidence"": [0.0, 0.5749693909936535], ""p_value"": 1.0, ""contingency"": [[0, 2], [172, 12346]]}",{}
395,NC00962.3,MXF-0.25-0.9,0.0,GARC1,RUS,MXF,gyrB@V327L,U,{},"{""proportion"": 0.0, ""confidence"": [0.0, 0.5749693909936535], ""p_value"": 1.0, ""contingency"": [[0, 2], [172, 12346]]}",{}
396,NC00962.3,MXF-0.25-0.9,0.0,GARC1,RUS,MXF,gyrB@1932_del_cga,U,{},"{""proportion"": 0.0, ""confidence"": [0.0, 0.7301340512159458], ""p_value"": 1.0, ""contingency"": [[0, 1], [172, 12346]]}",{}
397,NC00962.3,MXF-0.25-0.9,0.0,GARC1,RUS,MXF,gyrA@M141V,U,{},"{""proportion"": 0.0, ""confidence"": [0.0, 0.7301340512159458], ""p_value"": 1.0, ""contingency"": [[0, 1], [172, 12346]]}",{}
398,NC00962.3,MXF-0.25-0.9,0.0,GARC1,RUS,MXF,gyrB@A504T,U,{},"{""proportion"": 0.0, ""confidence"": [0.0, 0.4741955741575127], ""p_value"": 1.0, ""contingency"": [[0, 3], [172, 12346]]}",{}
399,NC00962.3,MXF-0.25-0.9,0.0,GARC1,RUS,MXF,gyrA@N805H,U,{},"{""proportion"": 0.0, ""confidence"": [0.0, 0.7301340512159458], ""p_value"": 1.0, ""contingency"": [[0, 1], [172, 12346]]}",{}
400,NC00962.3,MXF-0.25-0.9,0.0,GARC1,RUS,MXF,gyrB@c-52t,U,{},"{""proportion"": 0.0, ""confidence"": [0.0, 0.7301340512159458], ""p_value"": 1.0, ""contingency"": [[0, 1], [172, 12346]]}",{}
401,NC00962.3,MXF-0.25-0.9,0.0,GARC1,RUS,MXF,gyrB@H302R,U,{},"{""proportion"": 0.0, ""confidence"": [0.0, 0.31078398130591417], ""p_value"": 0.347412109375, ""contingency"": [[0, 6], [172, 12346]]}",{}
402,NC00962.3,MXF-0.25-0.9,0.0,GARC1,RUS,MXF,gyrA@T355M,U,{},"{""proportion"": 0.0, ""confidence"": [0.0, 0.5749693909936535], ""p_value"": 1.0, ""contingency"": [[0, 2], [172, 12346]]}",{}
403,NC00962.3,MXF-0.25-0.9,0.0,GARC1,RUS,MXF,gyrB@V457L,U,{},"{""proportion"": 0.0, ""confidence"": [0.0, 0.40347862520270455], ""p_value"": 0.578125, ""contingency"": [[0, 4], [172, 12346]]}",{}
404,NC00962.3,MXF-0.25-0.9,0.0,GARC1,RUS,MXF,gyrA@S536R,U,{},"{""proportion"": 0.0, ""confidence"": [0.0, 0.4741955741575127], ""p_value"": 1.0, ""contingency"": [[0, 3], [172, 12346]]}",{}
405,NC00962.3,MXF-0.25-0.9,0.0,GARC1,RUS,MXF,gyrA@R254C,U,{},"{""proportion"": 0.0, ""confidence"": [0.0, 0.25272359742376316], ""p_value"": 0.21392822265625003, ""contingency"": [[0, 8], [172, 12346]]}",{}
406,NC00962.3,MXF-0.25-0.9,0.0,GARC1,RUS,MXF,gyrB@A618D,U,{},"{""proportion"": 1.0, ""confidence"": [0.26986594878405434, 1.0000000000000002], ""p_value"": 0.25, ""contingency"": [[1, 0], [172, 12346]]}",{}
407,NC00962.3,MXF-0.25-0.9,0.0,GARC1,RUS,MXF,gyrB@G38S,U,{},"{""proportion"": 0.0, ""confidence"": [0.0, 0.7301340512159458], ""p_value"": 1.0, ""contingency"": [[0, 1], [172, 12346]]}",{}
408,NC00962.3,MXF-0.25-0.9,0.0,GARC1,RUS,MXF,gyrA@D94F,U,{},"{""proportion"": 1.0, ""confidence"": [0.26986594878405434, 1.0000000000000002], ""p_value"": 0.25, ""contingency"": [[1, 0], [172, 12346]]}",{}
409,NC00962.3,MXF-0.25-0.9,0.0,GARC1,RUS,MXF,gyrB@S576G,U,{},"{""proportion"": 0.0, ""confidence"": [0.0, 0.5749693909936535], ""p_value"": 1.0, ""contingency"": [[0, 2], [172, 12346]]}",{}
410,NC00962.3,MXF-0.25-0.9,0.0,GARC1,RUS,MXF,gyrA@I362M,U,{},"{""proportion"": 0.0, ""confidence"": [0.0, 0.7301340512159458], ""p_value"": 1.0, ""contingency"": [[0, 1], [172, 12346]]}",{}
411,NC00962.3,MXF-0.25-0.9,0.0,GARC1,RUS,MXF,gyrA@L205V,U,{},"{""proportion"": 0.0, ""confidence"": [0.0, 0.4741955741575127], ""p_value"": 1.0, ""contingency"": [[0, 3], [172, 12346]]}",{}
412,NC00962.3,MXF-0.25-0.9,0.0,GARC1,RUS,MXF,gyrA@S250Y,U,{},"{""proportion"": 0.0, ""confidence"": [0.0, 0.7301340512159458], ""p_value"": 1.0, ""contingency"": [[0, 1], [172, 12346]]}",{}
413,NC00962.3,MXF-0.25-0.9,0.0,GARC1,RUS,MXF,gyrA@E386V,U,{},"{""proportion"": 0.0, ""confidence"": [0.0, 0.7301340512159458], ""p_value"": 1.0, ""contingency"": [[0, 1], [172, 12346]]}",{}
414,NC00962.3,MXF-0.25-0.9,0.0,GARC1,RUS,MXF,gyrB@c-1g,U,{},"{""proportion"": 0.0, ""confidence"": [0.0, 0.5749693909936535], ""p_value"": 1.0, ""contingency"": [[0, 2], [172, 12346]]}",{}
415,NC00962.3,MXF-0.25-0.9,0.0,GARC1,RUS,MXF,gyrA@G112C,U,{},"{""proportion"": 1.0, ""confidence"": [0.26986594878405434, 1.0000000000000002], ""p_value"": 0.25, ""contingency"": [[1, 0], [172, 12346]]}",{}
416,NC00962.3,MXF-0.25-0.9,0.0,GARC1,RUS,MXF,gyrA@L401V,U,{},"{""proportion"": 0.0, ""confidence"": [0.0, 0.7301340512159458], ""p_value"": 1.0, ""contingency"": [[0, 1], [172, 12346]]}",{}
417,NC00962.3,MXF-0.25-0.9,0.0,GARC1,RUS,MXF,gyrB@E425A,U,{},"{""proportion"": 0.0, ""confidence"": [0.0, 0.7301340512159458], ""p_value"": 1.0, ""contingency"": [[0, 1], [172, 12346]]}",{}
418,NC00962.3,MXF-0.25-0.9,0.0,GARC1,RUS,MXF,gyrB@D112H,U,{},"{""proportion"": 0.0, ""confidence"": [0.0, 0.7301340512159458], ""p_value"": 1.0, ""contingency"": [[0, 1], [172, 12346]]}",{}
419,NC00962.3,MXF-0.25-0.9,0.0,GARC1,RUS,MXF,gyrB@D434G,U,{},"{""proportion"": 0.0, ""confidence"": [0.0, 0.31078398130591417], ""p_value"": 0.347412109375, ""contingency"": [[0, 6], [172, 12346]]}",{}
420,NC00962.3,MXF-0.25-0.9,0.0,GARC1,RUS,MXF,gyrA@V326G,U,{},"{""proportion"": 0.0, ""confidence"": [0.0, 0.4741955741575127], ""p_value"": 1.0, ""contingency"": [[0, 3], [172, 12346]]}",{}
421,NC00962.3,MXF-0.25-0.9,0.0,GARC1,RUS,MXF,gyrA@V516A,U,{},"{""proportion"": 0.0, ""confidence"": [0.0, 0.7301340512159458], ""p_value"": 1.0, ""contingency"": [[0, 1], [172, 12346]]}",{}
422,NC00962.3,MXF-0.25-0.9,0.0,GARC1,RUS,MXF,gyrA@D293Y,U,{},"{""proportion"": 0.0, ""confidence"": [0.0, 0.5749693909936535], ""p_value"": 1.0, ""contingency"": [[0, 2], [172, 12346]]}",{}
423,NC00962.3,MXF-0.25-0.9,0.0,GARC1,RUS,MXF,gyrB@N499I,U,{},"{""proportion"": 0.0, ""confidence"": [0.0, 0.7301340512159458], ""p_value"": 1.0, ""contingency"": [[0, 1], [172, 12346]]}",{}
424,NC00962.3,MXF-0.25-0.9,0.0,GARC1,RUS,MXF,gyrA@L465Q,U,{},"{""proportion"": 0.0, ""confidence"": [0.0, 0.7301340512159458], ""p_value"": 1.0, ""contingency"": [[0, 1], [172, 12346]]}",{}
425,NC00962.3,MXF-0.25-0.9,0.0,GARC1,RUS,MXF,gyrB@T167A,U,{},"{""proportion"": 0.0, ""confidence"": [0.0, 0.7301340512159458], ""p_value"": 1.0, ""contingency"": [[0, 1], [172, 12346]]}",{}
426,NC00962.3,MXF-0.25-0.9,0.0,GARC1,RUS,MXF,gyrB@c-53t,U,{},"{""proportion"": 0.0, ""confidence"": [0.0, 0.7301340512159458], ""p_value"": 1.0, ""contingency"": [[0, 1], [172, 12346]]}",{}
427,NC00962.3,MXF-0.25-0.9,0.0,GARC1,RUS,MXF,gyrB@K333N,U,{},"{""proportion"": 0.0, ""confidence"": [0.0, 0.7301340512159458], ""p_value"": 1.0, ""contingency"": [[0, 1], [172, 12346]]}",{}
428,NC00962.3,MXF-0.25-0.9,0.0,GARC1,RUS,MXF,gyrA@D454G,U,{},"{""proportion"": 0.0, ""confidence"": [0.0, 0.7301340512159458], ""p_value"": 1.0, ""contingency"": [[0, 1], [172, 12346]]}",{}
429,NC00962.3,MXF-0.25-0.9,0.0,GARC1,RUS,MXF,gyrA@I284V,U,{},"{""proportion"": 0.0, ""confidence"": [0.0, 0.7301340512159458], ""p_value"": 1.0, ""contingency"": [[0, 1], [172, 12346]]}",{}
430,NC00962.3,MXF-0.25-0.9,0.0,GARC1,RUS,MXF,gyrB@A355T,U,{},"{""proportion"": 0.0, ""confidence"": [0.0, 0.7301340512159458], ""p_value"": 1.0, ""contingency"": [[0, 1], [172, 12346]]}",{}
431,NC00962.3,MXF-0.25-0.9,0.0,GARC1,RUS,MXF,gyrA@V310F,U,{},"{""proportion"": 0.0, ""confidence"": [0.0, 0.7301340512159458], ""p_value"": 1.0, ""contingency"": [[0, 1], [172, 12346]]}",{}
432,NC00962.3,MXF-0.25-0.9,0.0,GARC1,RUS,MXF,gyrB@L563F,U,{},"{""proportion"": 0.0, ""confidence"": [0.0, 0.7301340512159458], ""p_value"": 1.0, ""contingency"": [[0, 1], [172, 12346]]}",{}
433,NC00962.3,MXF-0.25-0.9,0.0,GARC1,RUS,MXF,gyrA@A400V,U,{},"{""proportion"": 0.0, ""confidence"": [0.0, 0.7301340512159458], ""p_value"": 1.0, ""contingency"": [[0, 1], [172, 12346]]}",{}
434,NC00962.3,MXF-0.25-0.9,0.0,GARC1,RUS,MXF,gyrA@E21H,U,{},"{""proportion"": 0.0, ""confidence"": [0.0, 0.7301340512159458], ""p_value"": 1.0, ""contingency"": [[0, 1], [172, 12346]]}",{}
435,NC00962.3,MXF-0.25-0.9,0.0,GARC1,RUS,MXF,gyrA@S698L,U,{},"{""proportion"": 0.3333333333333333, ""confidence"": [0.0782657263337284, 0.7464661317187757], ""p_value"": 1.0, ""contingency"": [[1, 2], [172, 12346]]}",{}
436,NC00962.3,MXF-0.25-0.9,0.0,GARC1,RUS,MXF,gyrB@P578R,U,{},"{""proportion"": 0.0, ""confidence"": [0.0, 0.7301340512159458], ""p_value"": 1.0, ""contingency"": [[0, 1], [172, 12346]]}",{}
437,NC00962.3,MXF-0.25-0.9,0.0,GARC1,RUS,MXF,gyrB@A644D,U,{},"{""proportion"": 0.0, ""confidence"": [0.0, 0.4741955741575127], ""p_value"": 1.0, ""contingency"": [[0, 3], [172, 12346]]}",{}
438,NC00962.3,MXF-0.25-0.9,0.0,GARC1,RUS,MXF,gyrA@G702S,U,{},"{""proportion"": 0.0, ""confidence"": [0.0, 0.7301340512159458], ""p_value"": 1.0, ""contingency"": [[0, 1], [172, 12346]]}",{}
439,NC00962.3,MXF-0.25-0.9,0.0,GARC1,RUS,MXF,gyrA@E412G,U,{},"{""proportion"": 0.0, ""confidence"": [0.0, 0.7301340512159458], ""p_value"": 1.0, ""contingency"": [[0, 1], [172, 12346]]}",{}
440,NC00962.3,MXF-0.25-0.9,0.0,GARC1,RUS,MXF,gyrB@V670I,U,{},"{""proportion"": 0.0, ""confidence"": [0.0, 0.7301340512159458], ""p_value"": 1.0, ""contingency"": [[0, 1], [172, 12346]]}",{}
441,NC00962.3,MXF-0.25-0.9,0.0,GARC1,RUS,MXF,gyrB@T170K,U,{},"{""proportion"": 0.0, ""confidence"": [0.0, 0.7301340512159458], ""p_value"": 1.0, ""contingency"": [[0, 1], [172, 12346]]}",{}
442,NC00962.3,MXF-0.25-0.9,0.0,GARC1,RUS,MXF,gyrA@D504E,U,{},"{""proportion"": 0.0, ""confidence"": [0.0, 0.7301340512159458], ""p_value"": 1.0, ""contingency"": [[0, 1], [172, 12346]]}",{}
443,NC00962.3,MXF-0.25-0.9,0.0,GARC1,RUS,MXF,gyrA@G63A,U,{},"{""proportion"": 0.0, ""confidence"": [0.0, 0.7301340512159458], ""p_value"": 1.0, ""contingency"": [[0, 1], [172, 12346]]}",{}
444,NC00962.3,MXF-0.25-0.9,0.0,GARC1,RUS,MXF,gyrB@A593V,U,{},"{""proportion"": 0.0, ""confidence"": [0.0, 0.5749693909936535], ""p_value"": 1.0, ""contingency"": [[0, 2], [172, 12346]]}",{}
445,NC00962.3,MXF-0.25-0.9,0.0,GARC1,RUS,MXF,gyrA@R376L,U,{},"{""proportion"": 0.0, ""confidence"": [0.0, 0.7301340512159458], ""p_value"": 1.0, ""contingency"": [[0, 1], [172, 12346]]}",{}
446,NC00962.3,MXF-0.25-0.9,0.0,GARC1,RUS,MXF,gyrB@N499Y,U,{},"{""proportion"": 1.0, ""confidence"": [0.26986594878405434, 1.0000000000000002], ""p_value"": 0.25, ""contingency"": [[1, 0], [172, 12346]]}",{}
447,NC00962.3,MXF-0.25-0.9,0.0,GARC1,RUS,MXF,gyrA@M438I,U,{},"{""proportion"": 0.0, ""confidence"": [0.0, 0.7301340512159458], ""p_value"": 1.0, ""contingency"": [[0, 1], [172, 12346]]}",{}
448,NC00962.3,MXF-0.25-0.9,0.0,GARC1,RUS,MXF,gyrB@E21K,U,{},"{""proportion"": 0.0, ""confidence"": [0.0, 0.7301340512159458], ""p_value"": 1.0, ""contingency"": [[0, 1], [172, 12346]]}",{}
449,NC00962.3,MXF-0.25-0.9,0.0,GARC1,RUS,MXF,gyrB@M616V,U,{},"{""proportion"": 0.0, ""confidence"": [0.0, 0.7301340512159458], ""p_value"": 1.0, ""contingency"": [[0, 1], [172, 12346]]}",{}
450,NC00962.3,MXF-0.25-0.9,0.0,GARC1,RUS,MXF,gyrA@D262V,U,{},"{""proportion"": 0.0, ""confidence"": [0.0, 0.7301340512159458], ""p_value"": 1.0, ""contingency"": [[0, 1], [172, 12346]]}",{}
451,NC00962.3,MXF-0.25-0.9,0.0,GARC1,RUS,MXF,gyrA@M139T,U,{},"{""proportion"": 0.0, ""confidence"": [0.0, 0.7301340512159458], ""p_value"": 1.0, ""contingency"": [[0, 1], [172, 12346]]}",{}
452,NC00962.3,MXF-0.25-0.9,0.0,GARC1,RUS,MXF,gyrB@E312D,U,{},"{""proportion"": 0.0, ""confidence"": [0.0, 0.7301340512159458], ""p_value"": 1.0, ""contingency"": [[0, 1], [172, 12346]]}",{}
453,NC00962.3,MXF-0.25-0.9,0.0,GARC1,RUS,MXF,gyrA@P102L,U,{},"{""proportion"": 0.0, ""confidence"": [0.0, 0.7301340512159458], ""p_value"": 1.0, ""contingency"": [[0, 1], [172, 12346]]}",{}
454,NC00962.3,MXF-0.25-0.9,0.0,GARC1,RUS,MXF,gyrA@F152L,U,{},"{""proportion"": 0.0, ""confidence"": [0.0, 0.7301340512159458], ""p_value"": 1.0, ""contingency"": [[0, 1], [172, 12346]]}",{}
455,NC00962.3,MXF-0.25-0.9,0.0,GARC1,RUS,MXF,gyrB@c-34t,U,{},"{""proportion"": 0.0, ""confidence"": [0.0, 0.7301340512159458], ""p_value"": 1.0, ""contingency"": [[0, 1], [172, 12346]]}",{}
456,NC00962.3,MXF-0.25-0.9,0.0,GARC1,RUS,MXF,gyrA@E820D,U,{},"{""proportion"": 0.0, ""confidence"": [0.0, 0.7301340512159458], ""p_value"": 1.0, ""contingency"": [[0, 1], [172, 12346]]}",{}
457,NC00962.3,MXF-0.25-0.9,0.0,GARC1,RUS,MXF,gyrA@T836K,U,{},"{""proportion"": 0.0, ""confidence"": [0.0, 0.5749693909936535], ""p_value"": 1.0, ""contingency"": [[0, 2], [172, 12346]]}",{}
458,NC00962.3,MXF-0.25-0.9,0.0,GARC1,RUS,MXF,gyrB@Q148E,U,{},"{""proportion"": 0.0, ""confidence"": [0.0, 0.7301340512159458], ""p_value"": 1.0, ""contingency"": [[0, 1], [172, 12346]]}",{}
459,NC00962.3,MXF-0.25-0.9,0.0,GARC1,RUS,MXF,gyrB@c-54t,U,{},"{""proportion"": 0.0, ""confidence"": [0.0, 0.7301340512159458], ""p_value"": 1.0, ""contingency"": [[0, 1], [172, 12346]]}",{}
460,NC00962.3,MXF-0.25-0.9,0.0,GARC1,RUS,MXF,gyrB@g-95c,U,{},"{""proportion"": 0.0, ""confidence"": [0.0, 0.7301340512159458], ""p_value"": 1.0, ""contingency"": [[0, 1], [172, 12346]]}",{}
461,NC00962.3,MXF-0.25-0.9,0.0,GARC1,RUS,MXF,gyrB@S274R,U,{},"{""proportion"": 0.0, ""confidence"": [0.0, 0.40347862520270455], ""p_value"": 0.578125, ""contingency"": [[0, 4], [172, 12346]]}",{}
462,NC00962.3,MXF-0.25-0.9,0.0,GARC1,RUS,MXF,gyrB@L69V,U,{},"{""proportion"": 0.0, ""confidence"": [0.0, 0.5749693909936535], ""p_value"": 1.0, ""contingency"": [[0, 2], [172, 12346]]}",{}
463,NC00962.3,MXF-0.25-0.9,0.0,GARC1,RUS,MXF,gyrB@E228Q,U,{},"{""proportion"": 0.0, ""confidence"": [0.0, 0.4741955741575127], ""p_value"": 1.0, ""contingency"": [[0, 3], [172, 12346]]}",{}
464,NC00962.3,MXF-0.25-0.9,0.0,GARC1,RUS,MXF,gyrA@V649L,U,{},"{""proportion"": 0.0, ""confidence"": [0.0, 0.7301340512159458], ""p_value"": 1.0, ""contingency"": [[0, 1], [172, 12346]]}",{}
465,NC00962.3,MXF-0.25-0.9,0.0,GARC1,RUS,MXF,gyrA@L659V,U,{},"{""proportion"": 0.0, ""confidence"": [0.0, 0.25272359742376316], ""p_value"": 0.21392822265625003, ""contingency"": [[0, 8], [172, 12346]]}",{}
466,NC00962.3,MXF-0.25-0.9,0.0,GARC1,RUS,MXF,gyrA@S69G,U,{},"{""proportion"": 0.0, ""confidence"": [0.0, 0.4741955741575127], ""p_value"": 1.0, ""contingency"": [[0, 3], [172, 12346]]}",{}
467,NC00962.3,MXF-0.25-0.9,0.0,GARC1,RUS,MXF,gyrA@V259L,U,{},"{""proportion"": 0.0, ""confidence"": [0.0, 0.7301340512159458], ""p_value"": 1.0, ""contingency"": [[0, 1], [172, 12346]]}",{}
468,NC00962.3,MXF-0.25-0.9,0.0,GARC1,RUS,MXF,gyrA@Q679H,U,{},"{""proportion"": 0.0, ""confidence"": [0.0, 0.7301340512159458], ""p_value"": 1.0, ""contingency"": [[0, 1], [172, 12346]]}",{}
469,NC00962.3,MXF-0.25-0.9,0.0,GARC1,RUS,MXF,gyrA@H490Y,U,{},"{""proportion"": 0.0, ""confidence"": [0.0, 0.7301340512159458], ""p_value"": 1.0, ""contingency"": [[0, 1], [172, 12346]]}",{}
470,NC00962.3,MXF-0.25-0.9,0.0,GARC1,RUS,MXF,gyrA@G668N,U,{},"{""proportion"": 0.0, ""confidence"": [0.0, 0.7301340512159458], ""p_value"": 1.0, ""contingency"": [[0, 1], [172, 12346]]}",{}
471,NC00962.3,MXF-0.25-0.9,0.0,GARC1,RUS,MXF,gyrB@S576I,U,{},"{""proportion"": 0.0, ""confidence"": [0.0, 0.25272359742376316], ""p_value"": 0.21392822265625003, ""contingency"": [[0, 8], [172, 12346]]}",{}
472,NC00962.3,MXF-0.25-0.9,0.0,GARC1,RUS,MXF,gyrB@-55_del_c,U,{},"{""proportion"": 0.0, ""confidence"": [0.0, 0.5749693909936535], ""p_value"": 1.0, ""contingency"": [[0, 2], [172, 12346]]}",{}
473,NC00962.3,MXF-0.25-0.9,0.0,GARC1,RUS,MXF,gyrA@G832R,U,{},"{""proportion"": 0.0, ""confidence"": [0.0, 0.7301340512159458], ""p_value"": 1.0, ""contingency"": [[0, 1], [172, 12346]]}",{}
474,NC00962.3,MXF-0.25-0.9,0.0,GARC1,RUS,MXF,gyrB@V406I,U,{},"{""proportion"": 0.0, ""confidence"": [0.0, 0.5749693909936535], ""p_value"": 1.0, ""contingency"": [[0, 2], [172, 12346]]}",{}
475,NC00962.3,MXF-0.25-0.9,0.0,GARC1,RUS,MXF,gyrA@G764R,U,{},"{""proportion"": 0.0, ""confidence"": [0.0, 0.7301340512159458], ""p_value"": 1.0, ""contingency"": [[0, 1], [172, 12346]]}",{}
476,NC00962.3,MXF-0.25-0.9,0.0,GARC1,RUS,MXF,gyrA@G294A,U,{},"{""proportion"": 0.0, ""confidence"": [0.0, 0.7301340512159458], ""p_value"": 1.0, ""contingency"": [[0, 1], [172, 12346]]}",{}
477,NC00962.3,MXF-0.25-0.9,0.0,GARC1,RUS,MXF,gyrA@P17S,U,{},"{""proportion"": 0.0, ""confidence"": [0.0, 0.7301340512159458], ""p_value"": 1.0, ""contingency"": [[0, 1], [172, 12346]]}",{}
478,NC00962.3,MXF-0.25-0.9,0.0,GARC1,RUS,MXF,gyrB@A238T,U,{},"{""proportion"": 0.0, ""confidence"": [0.0, 0.7301340512159458], ""p_value"": 1.0, ""contingency"": [[0, 1], [172, 12346]]}",{}
479,NC00962.3,MXF-0.25-0.9,0.0,GARC1,RUS,MXF,gyrB@c-45g,U,{},"{""proportion"": 0.0, ""confidence"": [0.0, 0.7301340512159458], ""p_value"": 1.0, ""contingency"": [[0, 1], [172, 12346]]}",{}
480,NC00962.3,MXF-0.25-0.9,0.0,GARC1,RUS,MXF,gyrA@G311A,U,{},"{""proportion"": 0.0, ""confidence"": [0.0, 0.7301340512159458], ""p_value"": 1.0, ""contingency"": [[0, 1], [172, 12346]]}",{}
481,NC00962.3,MXF-0.25-0.9,0.0,GARC1,RUS,MXF,gyrA@P8S,U,{},"{""proportion"": 0.0, ""confidence"": [0.0, 0.7301340512159458], ""p_value"": 1.0, ""contingency"": [[0, 1], [172, 12346]]}",{}
482,NC00962.3,MXF-0.25-0.9,0.0,GARC1,RUS,MXF,gyrA@L331V,U,{},"{""proportion"": 0.0, ""confidence"": [0.0, 0.7301340512159458], ""p_value"": 1.0, ""contingency"": [[0, 1], [172, 12346]]}",{}
483,NC00962.3,MXF-0.25-0.9,0.0,GARC1,RUS,MXF,gyrA@S104L,U,{},"{""proportion"": 0.0, ""confidence"": [0.0, 0.7301340512159458], ""p_value"": 1.0, ""contingency"": [[0, 1], [172, 12346]]}",{}
484,NC00962.3,MXF-0.25-0.9,0.0,GARC1,RUS,MXF,gyrB@c-45t,U,{},"{""proportion"": 0.0, ""confidence"": [0.0, 0.7301340512159458], ""p_value"": 1.0, ""contingency"": [[0, 1], [172, 12346]]}",{}
485,NC00962.3,MXF-0.25-0.9,0.0,GARC1,RUS,MXF,gyrB@c-20t,U,{},"{""proportion"": 0.0, ""confidence"": [0.0, 0.7301340512159458], ""p_value"": 1.0, ""contingency"": [[0, 1], [172, 12346]]}",{}
486,NC00962.3,MXF-0.25-0.9,0.0,GARC1,RUS,MXF,gyrA@G63R,U,{},"{""proportion"": 0.0, ""confidence"": [0.0, 0.7301340512159458], ""p_value"": 1.0, ""contingency"": [[0, 1], [172, 12346]]}",{}
487,NC00962.3,MXF-0.25-0.9,0.0,GARC1,RUS,MXF,gyrA@A200T,U,{},"{""proportion"": 0.0, ""confidence"": [0.0, 0.7301340512159458], ""p_value"": 1.0, ""contingency"": [[0, 1], [172, 12346]]}",{}
488,NC00962.3,MXF-0.25-0.9,0.0,GARC1,RUS,MXF,gyrA@Q290H,U,{},"{""proportion"": 0.0, ""confidence"": [0.0, 0.5749693909936535], ""p_value"": 1.0, ""contingency"": [[0, 2], [172, 12346]]}",{}
489,NC00962.3,MXF-0.25-0.9,0.0,GARC1,RUS,MXF,gyrA@Q238H,U,{},"{""proportion"": 0.0, ""confidence"": [0.0, 0.7301340512159458], ""p_value"": 1.0, ""contingency"": [[0, 1], [172, 12346]]}",{}
490,NC00962.3,MXF-0.25-0.9,0.0,GARC1,RUS,MXF,gyrB@P480S,U,{},"{""proportion"": 0.0, ""confidence"": [0.0, 0.7301340512159458], ""p_value"": 1.0, ""contingency"": [[0, 1], [172, 12346]]}",{}
491,NC00962.3,MXF-0.25-0.9,0.0,GARC1,RUS,MXF,gyrB@G606S,U,{},"{""proportion"": 0.0, ""confidence"": [0.0, 0.7301340512159458], ""p_value"": 1.0, ""contingency"": [[0, 1], [172, 12346]]}",{}
492,NC00962.3,MXF-0.25-0.9,0.0,GARC1,RUS,MXF,gyrA@E586G,U,{},"{""proportion"": 0.0, ""confidence"": [0.0, 0.7301340512159458], ""p_value"": 1.0, ""contingency"": [[0, 1], [172, 12346]]}",{}
493,NC00962.3,MXF-0.25-0.9,0.0,GARC1,RUS,MXF,gyrA@F683L,U,{},"{""proportion"": 0.0, ""confidence"": [0.0, 0.7301340512159458], ""p_value"": 1.0, ""contingency"": [[0, 1], [172, 12346]]}",{}
494,NC00962.3,MXF-0.25-0.9,0.0,GARC1,RUS,MXF,gyrA@2517_del_a,U,{},"{""proportion"": 0.0, ""confidence"": [0.0, 0.7301340512159458], ""p_value"": 1.0, ""contingency"": [[0, 1], [172, 12346]]}",{}
495,NC00962.3,MXF-0.25-0.9,0.0,GARC1,RUS,MXF,gyrB@Y253S,U,{},"{""proportion"": 0.0, ""confidence"": [0.0, 0.5749693909936535], ""p_value"": 1.0, ""contingency"": [[0, 2], [172, 12346]]}",{}
496,NC00962.3,MXF-0.25-0.9,0.0,GARC1,RUS,MXF,gyrB@L354V,U,{},"{""proportion"": 0.0, ""confidence"": [0.0, 0.7301340512159458], ""p_value"": 1.0, ""contingency"": [[0, 1], [172, 12346]]}",{}
497,NC00962.3,MXF-0.25-0.9,0.0,GARC1,RUS,MXF,gyrA@S237A,U,{},"{""proportion"": 0.0, ""confidence"": [0.0, 0.7301340512159458], ""p_value"": 1.0, ""contingency"": [[0, 1], [172, 12346]]}",{}
498,NC00962.3,MXF-0.25-0.9,0.0,GARC1,RUS,MXF,gyrA@Q113E,U,{},"{""proportion"": 0.0, ""confidence"": [0.0, 0.40347862520270455], ""p_value"": 0.578125, ""contingency"": [[0, 4], [172, 12346]]}",{}
499,NC00962.3,MXF-0.25-0.9,0.0,GARC1,RUS,MXF,gyrA@R195G,U,{},"{""proportion"": 0.0, ""confidence"": [0.0, 0.7301340512159458], ""p_value"": 1.0, ""contingency"": [[0, 1], [172, 12346]]}",{}
500,NC00962.3,MXF-0.25-0.9,0.0,GARC1,RUS,MXF,gyrB@c-80a,U,{},"{""proportion"": 0.0, ""confidence"": [0.0, 0.7301340512159458], ""p_value"": 1.0, ""contingency"": [[0, 1], [172, 12346]]}",{}
501,NC00962.3,MXF-0.25-0.9,0.0,GARC1,RUS,MXF,gyrB@H272P,U,{},"{""proportion"": 0.0, ""confidence"": [0.0, 0.7301340512159458], ""p_value"": 1.0, ""contingency"": [[0, 1], [172, 12346]]}",{}
502,NC00962.3,MXF-0.25-0.9,0.0,GARC1,RUS,MXF,gyrA@R802Q,U,{},"{""proportion"": 0.0, ""confidence"": [0.0, 0.7301340512159458], ""p_value"": 1.0, ""contingency"": [[0, 1], [172, 12346]]}",{}
503,NC00962.3,MXF-0.25-0.9,0.0,GARC1,RUS,MXF,gyrB@c-26g,U,{},"{""proportion"": 0.0, ""confidence"": [0.0, 0.7301340512159458], ""p_value"": 1.0, ""contingency"": [[0, 1], [172, 12346]]}",{}
504,NC00962.3,MXF-0.25-0.9,0.0,GARC1,RUS,MXF,gyrA@G744A,U,{},"{""proportion"": 0.0, ""confidence"": [0.0, 0.7301340512159458], ""p_value"": 1.0, ""contingency"": [[0, 1], [172, 12346]]}",{}
505,NC00962.3,MXF-0.25-0.9,0.0,GARC1,RUS,MXF,gyrA@Q305R,U,{},"{""proportion"": 0.0, ""confidence"": [0.0, 0.7301340512159458], ""p_value"": 1.0, ""contingency"": [[0, 1], [172, 12346]]}",{}
506,NC00962.3,MXF-0.25-0.9,0.0,GARC1,RUS,MXF,gyrB@P163S,U,{},"{""proportion"": 0.0, ""confidence"": [0.0, 0.7301340512159458], ""p_value"": 1.0, ""contingency"": [[0, 1], [172, 12346]]}",{}
507,NC00962.3,MXF-0.25-0.9,0.0,GARC1,RUS,MXF,gyrB@T189P,U,{},"{""proportion"": 0.0, ""confidence"": [0.0, 0.7301340512159458], ""p_value"": 1.0, ""contingency"": [[0, 1], [172, 12346]]}",{}
508,NC00962.3,MXF-0.25-0.9,0.0,GARC1,RUS,MXF,gyrA@a-30g,U,{},"{""proportion"": 0.0, ""confidence"": [0.0, 0.7301340512159458], ""p_value"": 1.0, ""contingency"": [[0, 1], [172, 12346]]}",{}
509,NC00962.3,MXF-0.25-0.9,0.0,GARC1,RUS,MXF,gyrA@A579V,U,{},"{""proportion"": 0.0, ""confidence"": [0.0, 0.7301340512159458], ""p_value"": 1.0, ""contingency"": [[0, 1], [172, 12346]]}",{}
510,NC00962.3,MXF-0.25-0.9,0.0,GARC1,RUS,MXF,gyrB@K7Q,U,{},"{""proportion"": 0.0, ""confidence"": [0.0, 0.7301340512159458], ""p_value"": 1.0, ""contingency"": [[0, 1], [172, 12346]]}",{}
511,NC00962.3,MXF-0.25-0.9,0.0,GARC1,RUS,MXF,gyrA@R758P,U,{},"{""proportion"": 0.0, ""confidence"": [0.0, 0.7301340512159458], ""p_value"": 1.0, ""contingency"": [[0, 1], [172, 12346]]}",{}
512,NC00962.3,MXF-0.25-0.9,0.0,GARC1,RUS,MXF,gyrB@A175T,U,{},"{""proportion"": 0.0, ""confidence"": [0.0, 0.7301340512159458], ""p_value"": 1.0, ""contingency"": [[0, 1], [172, 12346]]}",{}
513,NC00962.3,MXF-0.25-0.9,0.0,GARC1,RUS,MXF,gyrA@Q797P,U,{},"{""proportion"": 0.0, ""confidence"": [0.0, 0.7301340512159458], ""p_value"": 1.0, ""contingency"": [[0, 1], [172, 12346]]}",{}
514,NC00962.3,MXF-0.25-0.9,0.0,GARC1,RUS,MXF,gyrA@V352M,U,{},"{""proportion"": 0.0, ""confidence"": [0.0, 0.7301340512159458], ""p_value"": 1.0, ""contingency"": [[0, 1], [172, 12346]]}",{}
515,NC00962.3,MXF-0.25-0.9,0.0,GARC1,RUS,MXF,gyrA@A676D,U,{},"{""proportion"": 0.0, ""confidence"": [0.0, 0.7301340512159458], ""p_value"": 1.0, ""contingency"": [[0, 1], [172, 12346]]}",{}
516,NC00962.3,MXF-0.25-0.9,0.0,GARC1,RUS,MXF,gyrA@a-12g,U,{},"{""proportion"": 0.0, ""confidence"": [0.0, 0.7301340512159458], ""p_value"": 1.0, ""contingency"": [[0, 1], [172, 12346]]}",{}
517,NC00962.3,MXF-0.25-0.9,0.0,GARC1,RUS,MXF,gyrB@S363R,U,{},"{""proportion"": 0.0, ""confidence"": [0.0, 0.7301340512159458], ""p_value"": 1.0, ""contingency"": [[0, 1], [172, 12346]]}",{}
518,NC00962.3,MXF-0.25-0.9,0.0,GARC1,RUS,MXF,gyrA@R292G,U,{},"{""proportion"": 0.0, ""confidence"": [0.0, 0.7301340512159458], ""p_value"": 1.0, ""contingency"": [[0, 1], [172, 12346]]}",{}
519,NC00962.3,MXF-0.25-0.9,0.0,GARC1,RUS,MXF,gyrA@P621L,U,{},"{""proportion"": 0.0, ""confidence"": [0.0, 0.7301340512159458], ""p_value"": 1.0, ""contingency"": [[0, 1], [172, 12346]]}",{}
520,NC00962.3,MXF-0.25-0.9,0.0,GARC1,RUS,MXF,gyrA@Y379C,U,{},"{""proportion"": 0.0, ""confidence"": [0.0, 0.7301340512159458], ""p_value"": 1.0, ""contingency"": [[0, 1], [172, 12346]]}",{}
521,NC00962.3,MXF-0.25-0.9,0.0,GARC1,RUS,MXF,gyrA@E258D,U,{},"{""proportion"": 0.0, ""confidence"": [0.0, 0.7301340512159458], ""p_value"": 1.0, ""contingency"": [[0, 1], [172, 12346]]}",{}
523,NC00962.3,MXF-0.25-0.9,0.0,GARC1,RUS,MXF,gyrA@-*_indel,U,{},"{""default_rule"": ""True""}",{}
524,NC00962.3,MXF-0.25-0.9,0.0,GARC1,RUS,MXF,gyrA@*_indel,U,{},"{""default_rule"": ""True""}",{}
525,NC00962.3,MXF-0.25-0.9,0.0,GARC1,RUS,MXF,gyrA@-*?,U,{},"{""default_rule"": ""True""}",{}
526,NC00962.3,MXF-0.25-0.9,0.0,GARC1,RUS,MXF,gyrA@*?,U,{},"{""default_rule"": ""True""}",{}
527,NC00962.3,MXF-0.25-0.9,0.0,GARC1,RUS,MXF,gyrA@del_0.0,U,{},"{""default_rule"": ""True""}",{}
529,NC00962.3,MXF-0.25-0.9,0.0,GARC1,RUS,MXF,gyrB@-*_indel,U,{},"{""default_rule"": ""True""}",{}
530,NC00962.3,MXF-0.25-0.9,0.0,GARC1,RUS,MXF,gyrB@*_indel,U,{},"{""default_rule"": ""True""}",{}
531,NC00962.3,MXF-0.25-0.9,0.0,GARC1,RUS,MXF,gyrB@-*?,U,{},"{""default_rule"": ""True""}",{}
532,NC00962.3,MXF-0.25-0.9,0.0,GARC1,RUS,MXF,gyrB@*?,U,{},"{""default_rule"": ""True""}",{}
533,NC00962.3,MXF-0.25-0.9,0.0,GARC1,RUS,MXF,gyrB@del_0.0,U,{},"{""default_rule"": ""True""}",{}
