,GENBANK_REFERENCE,CATALOGUE_NAME,CATALOGUE_VERSION,CATALOGUE_GRAMMAR,PREDICTION_VALUES,DRUG,MUTATION,PREDICTION,SOURCE,EVIDENCE,OTHER
0,NC00962.3,EMB-0.2-0.95,0.0,GARC1,RUS,EMB,embB@T1082A,S,{},"{""proportion"": 0.02142857142857143, ""confidence"": [0.009857032458149666, 0.04595390822159563], ""p_value"": 2.355211289148921e-19, ""contingency"": [[6, 274], [314, 21278]]}",{}
1,NC00962.3,EMB-0.2-0.95,0.0,GARC1,RUS,EMB,embA@Y296H,S,{},"{""proportion"": 0.0, ""confidence"": [0.0, 0.16817922405261626], ""p_value"": 0.02106917361428725, ""contingency"": [[0, 19], [314, 21278]]}",{}
2,NC00962.3,EMB-0.2-0.95,0.0,GARC1,RUS,EMB,embB@S773P,S,{},"{""proportion"": 0.0, ""confidence"": [0.0, 0.12455502974186705], ""p_value"": 0.00336905567817728, ""contingency"": [[0, 27], [314, 21278]]}",{}
3,NC00962.3,EMB-0.2-0.95,0.0,GARC1,RUS,EMB,embB@S203L,S,{},"{""proportion"": 0.0, ""confidence"": [-6.344455723391929e-18, 0.08566757018443186], ""p_value"": 0.0002353762743554068, ""contingency"": [[0, 41], [314, 21278]]}",{}
4,NC00962.3,EMB-0.2-0.95,0.0,GARC1,RUS,EMB,embA@E951D,S,{},"{""proportion"": 0.0, ""confidence"": [0.0, 0.038864853539472964], ""p_value"": 1.1431672007597418e-09, ""contingency"": [[0, 95], [314, 21278]]}",{}
5,NC00962.3,EMB-0.2-0.95,0.0,GARC1,RUS,EMB,embA@D176E,S,{},"{""proportion"": 0.0, ""confidence"": [0.0, 0.12455502974186705], ""p_value"": 0.00336905567817728, ""contingency"": [[0, 27], [314, 21278]]}",{}
6,NC00962.3,EMB-0.2-0.95,0.0,GARC1,RUS,EMB,embB@G246R,S,{},"{""proportion"": 0.075, ""confidence"": [0.025836025774588198, 0.19864233524310546], ""p_value"": 0.04786946338839313, ""contingency"": [[3, 37], [314, 21278]]}",{}
7,NC00962.3,EMB-0.2-0.95,0.0,GARC1,RUS,EMB,embB@R24P,S,{},"{""proportion"": 0.030456852791878174, ""confidence"": [0.02341770177432519, 0.03952627010649998], ""p_value"": 4.2933955081296997e-101, ""contingency"": [[54, 1719], [314, 21278]]}",{}
8,NC00962.3,EMB-0.2-0.95,0.0,GARC1,RUS,EMB,embB@C361S,S,{},"{""proportion"": 0.03125, ""confidence"": [0.005537860164003125, 0.15744263820012558], ""p_value"": 0.013184055060077431, ""contingency"": [[1, 31], [314, 21278]]}",{}
9,NC00962.3,EMB-0.2-0.95,0.0,GARC1,RUS,EMB,embA@L373P,S,{},"{""proportion"": 0.0, ""confidence"": [1.2029374011637166e-17, 0.1331922509390485], ""p_value"": 0.00531794467796228, ""contingency"": [[0, 25], [314, 21278]]}",{}
10,NC00962.3,EMB-0.2-0.95,0.0,GARC1,RUS,EMB,embA@V31A,S,{},"{""proportion"": 0.0, ""confidence"": [1.1962983316807505e-17, 0.1379762046749802], ""p_value"": 0.00851074461218883, ""contingency"": [[0, 24], [314, 21278]]}",{}
11,NC00962.3,EMB-0.2-0.95,0.0,GARC1,RUS,EMB,embB@I709T,S,{},"{""proportion"": 0.0, ""confidence"": [1.2029374011637166e-17, 0.1331922509390485], ""p_value"": 0.00531794467796228, ""contingency"": [[0, 25], [314, 21278]]}",{}
12,NC00962.3,EMB-0.2-0.95,0.0,GARC1,RUS,EMB,embB@L172R,S,{},"{""proportion"": 0.0, ""confidence"": [0.0, 0.03178924566273338], ""p_value"": 8.080370610318203e-12, ""contingency"": [[0, 117], [314, 21278]]}",{}
13,NC00962.3,EMB-0.2-0.95,0.0,GARC1,RUS,EMB,embB@P731L,S,{},"{""proportion"": 0.0, ""confidence"": [1.1962983316807505e-17, 0.1379762046749802], ""p_value"": 0.00851074461218883, ""contingency"": [[0, 24], [314, 21278]]}",{}
14,NC00962.3,EMB-0.2-0.95,0.0,GARC1,RUS,EMB,embA@K166N,S,{},"{""proportion"": 0.0, ""confidence"": [0.0, 0.16112515805281938], ""p_value"": 0.021511001366792765, ""contingency"": [[0, 20], [314, 21278]]}",{}
15,NC00962.3,EMB-0.2-0.95,0.0,GARC1,RUS,EMB,embA@A852T,S,{},"{""proportion"": 0.0, ""confidence"": [0.0, 0.14311661845042686], ""p_value"": 0.008403232430084423, ""contingency"": [[0, 23], [314, 21278]]}",{}
16,NC00962.3,EMB-0.2-0.95,0.0,GARC1,RUS,EMB,embB@L370R,S,{},"{""proportion"": 0.0, ""confidence"": [0.0, 0.16817922405261626], ""p_value"": 0.02106917361428725, ""contingency"": [[0, 19], [314, 21278]]}",{}
17,NC00962.3,EMB-0.2-0.95,0.0,GARC1,RUS,EMB,embB@R213Q,S,{},"{""proportion"": 0.0, ""confidence"": [0.0, 0.025983637143036746], ""p_value"": 1.496922979538703e-14, ""contingency"": [[0, 144], [314, 21278]]}",{}
18,NC00962.3,EMB-0.2-0.95,0.0,GARC1,RUS,EMB,embB@S738A,S,{},"{""proportion"": 0.0, ""confidence"": [0.0, 0.1071791982550706], ""p_value"": 0.0013533061470821302, ""contingency"": [[0, 32], [314, 21278]]}",{}
19,NC00962.3,EMB-0.2-0.95,0.0,GARC1,RUS,EMB,embB@A5G,S,{},"{""proportion"": 0.038461538461538464, ""confidence"": [0.006821984993543487, 0.18892778903034757], ""p_value"": 0.045887703186805476, ""contingency"": [[1, 25], [382, 24140]]}",{}
20,NC00962.3,EMB-0.2-0.95,0.0,GARC1,RUS,EMB,embB@D328G,S,{},"{""proportion"": 0.0, ""confidence"": [0.0, 0.11025539546043596], ""p_value"": 0.0023340572208070056, ""contingency"": [[0, 31], [382, 24140]]}",{}
21,NC00962.3,EMB-0.2-0.95,0.0,GARC1,RUS,EMB,embB@G286D,S,{},"{""proportion"": 0.0, ""confidence"": [0.0, 0.05065117259645781], ""p_value"": 1.5669161831873673e-07, ""contingency"": [[0, 72], [382, 24140]]}",{}
1006,NC00962.3,EMB-0.2-0.95,0.0,GARC1,RUS,EMB,embA@*=,S,{},"{""default_rule"": ""True""}",{}
1012,NC00962.3,EMB-0.2-0.95,0.0,GARC1,RUS,EMB,embB@*=,S,{},"{""default_rule"": ""True""}",{}
22,NC00962.3,EMB-0.2-0.95,0.0,GARC1,RUS,EMB,embB@M306V,R,{},"{""proportion"": 0.8004451038575667, ""confidence"": [0.784935911026033, 0.8150993224160169], ""p_value"": 0.0, ""contingency"": [[2158, 538], [383, 24268]]}",{}
23,NC00962.3,EMB-0.2-0.95,0.0,GARC1,RUS,EMB,embB@G406A,R,{},"{""proportion"": 0.4774011299435028, ""confidence"": [0.4258909739112022, 0.5293964876011398], ""p_value"": 1.3566002520662532e-31, ""contingency"": [[169, 185], [383, 24268]]}",{}
24,NC00962.3,EMB-0.2-0.95,0.0,GARC1,RUS,EMB,embB@M306I,R,{},"{""proportion"": 0.5063045586808923, ""confidence"": [0.484733511328315, 0.527852159217208], ""p_value"": 4.360010088556568e-210, ""contingency"": [[1044, 1018], [383, 24268]]}",{}
25,NC00962.3,EMB-0.2-0.95,0.0,GARC1,RUS,EMB,embB@Q497R,R,{},"{""proportion"": 0.7407407407407407, ""confidence"": [0.7040316527646011, 0.7743560464828974], ""p_value"": 5.9228952678281005e-177, ""contingency"": [[440, 154], [383, 24268]]}",{}
33,NC00962.3,EMB-0.2-0.95,0.0,GARC1,RUS,EMB,embB@D354A,R,{},"{""proportion"": 0.5251256281407035, ""confidence"": [0.47605990825078914, 0.5737109642189034], ""p_value"": 8.007450129299998e-47, ""contingency"": [[209, 189], [383, 24268]]}",{}
35,NC00962.3,EMB-0.2-0.95,0.0,GARC1,RUS,EMB,embB@D328Y,R,{},"{""proportion"": 0.68, ""confidence"": [0.4841026927310224, 0.8279480969309202], ""p_value"": 2.668955935254254e-07, ""contingency"": [[17, 8], [383, 24268]]}",{}
37,NC00962.3,EMB-0.2-0.95,0.0,GARC1,RUS,EMB,embB@G406D,R,{},"{""proportion"": 0.375, ""confidence"": [0.31617283473340607, 0.4377656452519836], ""p_value"": 3.9795197497692323e-10, ""contingency"": [[90, 150], [383, 24268]]}",{}
43,NC00962.3,EMB-0.2-0.95,0.0,GARC1,RUS,EMB,embB@Y319S,R,{},"{""proportion"": 0.793233082706767, ""confidence"": [0.7405577757125751, 0.8375594664702128], ""p_value"": 7.441453959318332e-96, ""contingency"": [[211, 55], [383, 24268]]}",{}
45,NC00962.3,EMB-0.2-0.95,0.0,GARC1,RUS,EMB,embB@M306L,R,{},"{""proportion"": 0.6666666666666666, ""confidence"": [0.5733891673119, 0.7484950461059142], ""p_value"": 1.015696558632579e-25, ""contingency"": [[72, 36], [383, 24268]]}",{}
52,NC00962.3,EMB-0.2-0.95,0.0,GARC1,RUS,EMB,embB@D1024N,R,{},"{""proportion"": 0.29545454545454547, ""confidence"": [0.21030859946892314, 0.3977115641667146], ""p_value"": 0.032153362916424774, ""contingency"": [[26, 62], [383, 24268]]}",{}
60,NC00962.3,EMB-0.2-0.95,0.0,GARC1,RUS,EMB,embB@Q497K,R,{},"{""proportion"": 0.5714285714285714, ""confidence"": [0.46476952745720773, 0.6718402256264122], ""p_value"": 8.01220473981174e-14, ""contingency"": [[48, 36], [383, 24268]]}",{}
61,NC00962.3,EMB-0.2-0.95,0.0,GARC1,RUS,EMB,embB@G406S,R,{},"{""proportion"": 0.5, ""confidence"": [0.4047444724091258, 0.5952555275908742], ""p_value"": 1.3559588808924259e-11, ""contingency"": [[51, 51], [383, 24268]]}",{}
64,NC00962.3,EMB-0.2-0.95,0.0,GARC1,RUS,EMB,embB@G406C,R,{},"{""proportion"": 0.40540540540540543, ""confidence"": [0.2634651819201429, 0.5651403526977063], ""p_value"": 0.0036305241107608306, ""contingency"": [[15, 22], [383, 24268]]}",{}
79,NC00962.3,EMB-0.2-0.95,0.0,GARC1,RUS,EMB,embB@Y319C,R,{},"{""proportion"": 0.34210526315789475, ""confidence"": [0.21212415179959415, 0.5010789644821693], ""p_value"": 0.04009833263313026, ""contingency"": [[13, 25], [383, 24268]]}",{}
112,NC00962.3,EMB-0.2-0.95,0.0,GARC1,RUS,EMB,embB@E405D,R,{},"{""proportion"": 0.46153846153846156, ""confidence"": [0.23206067809538303, 0.7085620428549398], ""p_value"": 0.030035323289600024, ""contingency"": [[6, 7], [383, 24268]]}",{}
177,NC00962.3,EMB-0.2-0.95,0.0,GARC1,RUS,EMB,embB@L74R,R,{},"{""proportion"": 0.6923076923076923, ""confidence"": [0.5001174167780164, 0.8349868440453624], ""p_value"": 7.662290731553268e-08, ""contingency"": [[18, 8], [383, 24268]]}",{}
377,NC00962.3,EMB-0.2-0.95,0.0,GARC1,RUS,EMB,embB@D328F,R,{},"{""proportion"": 1.0, ""confidence"": [0.3423802275066531, 1.0], ""p_value"": 0.04000000000000001, ""contingency"": [[2, 0], [383, 24268]]}",{}
603,NC00962.3,EMB-0.2-0.95,0.0,GARC1,RUS,EMB,embB@F330V,R,{},"{""proportion"": 1.0, ""confidence"": [0.3423802275066531, 1.0], ""p_value"": 0.04000000000000001, ""contingency"": [[2, 0], [383, 24268]]}",{}
26,NC00962.3,EMB-0.2-0.95,0.0,GARC1,RUS,EMB,embB@S297A,U,{},"{""proportion"": 0.17365269461077845, ""confidence"": [0.12371546697953684, 0.23826609913199787], ""p_value"": 0.4395627826002222, ""contingency"": [[29, 138], [383, 24268]]}",{}
27,NC00962.3,EMB-0.2-0.95,0.0,GARC1,RUS,EMB,embA@D1067Y,U,{},"{""proportion"": 0.0, ""confidence"": [0.0, 0.7934506856227626], ""p_value"": 1.0, ""contingency"": [[0, 1], [383, 24268]]}",{}
28,NC00962.3,EMB-0.2-0.95,0.0,GARC1,RUS,EMB,embB@G374W,U,{},"{""proportion"": 0.0, ""confidence"": [0.0, 0.7934506856227626], ""p_value"": 1.0, ""contingency"": [[0, 1], [383, 24268]]}",{}
29,NC00962.3,EMB-0.2-0.95,0.0,GARC1,RUS,EMB,embB@Q497P,U,{},"{""proportion"": 0.23076923076923078, ""confidence"": [0.11033849405783289, 0.42051554078943687], ""p_value"": 0.6293532606757695, ""contingency"": [[6, 20], [383, 24268]]}",{}
30,NC00962.3,EMB-0.2-0.95,0.0,GARC1,RUS,EMB,embA@L584F,U,{},"{""proportion"": 0.0, ""confidence"": [0.0, 0.7934506856227626], ""p_value"": 1.0, ""contingency"": [[0, 1], [383, 24268]]}",{}
31,NC00962.3,EMB-0.2-0.95,0.0,GARC1,RUS,EMB,embA@c-16g,U,{},"{""proportion"": 0.2222222222222222, ""confidence"": [0.12544685532626396, 0.36269292174756296], ""p_value"": 0.7095012233282431, ""contingency"": [[10, 35], [383, 24268]]}",{}
32,NC00962.3,EMB-0.2-0.95,0.0,GARC1,RUS,EMB,embA@c-8t,U,{},"{""proportion"": 0.18181818181818182, ""confidence"": [0.05136768974608512, 0.4769805619608442], ""p_value"": 1.0, ""contingency"": [[2, 9], [383, 24268]]}",{}
34,NC00962.3,EMB-0.2-0.95,0.0,GARC1,RUS,EMB,embA@c-59a,U,{},"{""proportion"": 0.0, ""confidence"": [0.0, 0.2588329669680317], ""p_value"": 0.13630892031999994, ""contingency"": [[0, 11], [383, 24268]]}",{}
36,NC00962.3,EMB-0.2-0.95,0.0,GARC1,RUS,EMB,embB@N296H,U,{},"{""proportion"": 0.17647058823529413, ""confidence"": [0.09572403469126317, 0.3025414252430807], ""p_value"": 0.8608630387533667, ""contingency"": [[9, 42], [383, 24268]]}",{}
38,NC00962.3,EMB-0.2-0.95,0.0,GARC1,RUS,EMB,embA@A320T,U,{},"{""proportion"": 0.0, ""confidence"": [0.0, 0.6576197724933469], ""p_value"": 1.0, ""contingency"": [[0, 2], [383, 24268]]}",{}
39,NC00962.3,EMB-0.2-0.95,0.0,GARC1,RUS,EMB,embA@T420M,U,{},"{""proportion"": 0.0, ""confidence"": [0.0, 0.7934506856227626], ""p_value"": 1.0, ""contingency"": [[0, 1], [383, 24268]]}",{}
40,NC00962.3,EMB-0.2-0.95,0.0,GARC1,RUS,EMB,embA@T604R,U,{},"{""proportion"": 0.0, ""confidence"": [0.0, 0.6576197724933469], ""p_value"": 1.0, ""contingency"": [[0, 2], [383, 24268]]}",{}
41,NC00962.3,EMB-0.2-0.95,0.0,GARC1,RUS,EMB,embA@V31I,U,{},"{""proportion"": 0.07692307692307693, ""confidence"": [0.013710421242556585, 0.3331395092109959], ""p_value"": 0.4863219113984004, ""contingency"": [[1, 12], [383, 24268]]}",{}
42,NC00962.3,EMB-0.2-0.95,0.0,GARC1,RUS,EMB,embA@G547V,U,{},"{""proportion"": 0.0, ""confidence"": [0.0, 0.7934506856227626], ""p_value"": 1.0, ""contingency"": [[0, 1], [383, 24268]]}",{}
44,NC00962.3,EMB-0.2-0.95,0.0,GARC1,RUS,EMB,embB@A313V,U,{},"{""proportion"": 0.0, ""confidence"": [0.0, 0.2588329669680317], ""p_value"": 0.13630892031999994, ""contingency"": [[0, 11], [383, 24268]]}",{}
46,NC00962.3,EMB-0.2-0.95,0.0,GARC1,RUS,EMB,embB@R947L,U,{},"{""proportion"": 0.0, ""confidence"": [0.0, 0.7934506856227626], ""p_value"": 1.0, ""contingency"": [[0, 1], [383, 24268]]}",{}
47,NC00962.3,EMB-0.2-0.95,0.0,GARC1,RUS,EMB,embB@H1002R,U,{},"{""proportion"": 0.2553191489361702, ""confidence"": [0.15253154035054697, 0.3950817553041745], ""p_value"": 0.360925188240115, ""contingency"": [[12, 35], [383, 24268]]}",{}
48,NC00962.3,EMB-0.2-0.95,0.0,GARC1,RUS,EMB,embB@P832S,U,{},"{""proportion"": 0.0, ""confidence"": [3.384324554477539e-17, 0.39033428790216534], ""p_value"": 0.6067840000000001, ""contingency"": [[0, 6], [383, 24268]]}",{}
49,NC00962.3,EMB-0.2-0.95,0.0,GARC1,RUS,EMB,embB@T811A,U,{},"{""proportion"": 0.0, ""confidence"": [0.0, 0.32440756488388023], ""p_value"": 0.37085440000000003, ""contingency"": [[0, 8], [383, 24268]]}",{}
50,NC00962.3,EMB-0.2-0.95,0.0,GARC1,RUS,EMB,embA@c-8a,U,{},"{""proportion"": 0.21428571428571427, ""confidence"": [0.10212460332897881, 0.39538585653721864], ""p_value"": 0.8143543288254298, ""contingency"": [[6, 22], [383, 24268]]}",{}
51,NC00962.3,EMB-0.2-0.95,0.0,GARC1,RUS,EMB,embA@g-43c,U,{},"{""proportion"": 0.2962962962962963, ""confidence"": [0.19137425132179783, 0.4282757290115304], ""p_value"": 0.0878508730211635, ""contingency"": [[16, 38], [383, 24268]]}",{}
53,NC00962.3,EMB-0.2-0.95,0.0,GARC1,RUS,EMB,embA@c-12t,U,{},"{""proportion"": 0.2808988764044944, ""confidence"": [0.1980948950798778, 0.3818341528326374], ""p_value"": 0.06320329661301033, ""contingency"": [[25, 64], [383, 24268]]}",{}
54,NC00962.3,EMB-0.2-0.95,0.0,GARC1,RUS,EMB,embA@D1071E,U,{},"{""proportion"": 0.0, ""confidence"": [0.0, 0.7934506856227626], ""p_value"": 1.0, ""contingency"": [[0, 1], [383, 24268]]}",{}
55,NC00962.3,EMB-0.2-0.95,0.0,GARC1,RUS,EMB,embA@A813T,U,{},"{""proportion"": 0.0, ""confidence"": [0.0, 0.7934506856227626], ""p_value"": 1.0, ""contingency"": [[0, 1], [383, 24268]]}",{}
56,NC00962.3,EMB-0.2-0.95,0.0,GARC1,RUS,EMB,embA@G158D,U,{},"{""proportion"": 0.0, ""confidence"": [0.0, 0.2588329669680317], ""p_value"": 0.13630892031999994, ""contingency"": [[0, 11], [383, 24268]]}",{}
57,NC00962.3,EMB-0.2-0.95,0.0,GARC1,RUS,EMB,embB@V186L,U,{},"{""proportion"": 0.0, ""confidence"": [0.0, 0.4898908364545973], ""p_value"": 1.0, ""contingency"": [[0, 4], [383, 24268]]}",{}
58,NC00962.3,EMB-0.2-0.95,0.0,GARC1,RUS,EMB,embA@K488N,U,{},"{""proportion"": 0.0, ""confidence"": [0.0, 0.4898908364545973], ""p_value"": 1.0, ""contingency"": [[0, 4], [383, 24268]]}",{}
59,NC00962.3,EMB-0.2-0.95,0.0,GARC1,RUS,EMB,embA@c-16a,U,{},"{""proportion"": 0.3333333333333333, ""confidence"": [0.1975022767922068, 0.5039210557219439], ""p_value"": 0.07761625403050892, ""contingency"": [[11, 22], [383, 24268]]}",{}
62,NC00962.3,EMB-0.2-0.95,0.0,GARC1,RUS,EMB,embA@T608N,U,{},"{""proportion"": 0.06451612903225806, ""confidence"": [0.01787478352191458, 0.2071863673629813], ""p_value"": 0.07015812011437521, ""contingency"": [[2, 29], [383, 24268]]}",{}
63,NC00962.3,EMB-0.2-0.95,0.0,GARC1,RUS,EMB,embA@c-16t,U,{},"{""proportion"": 0.1836734693877551, ""confidence"": [0.11946063375519513, 0.27174997224015385], ""p_value"": 0.8006472960277402, ""contingency"": [[18, 80], [383, 24268]]}",{}
65,NC00962.3,EMB-0.2-0.95,0.0,GARC1,RUS,EMB,embA@A576T,U,{},"{""proportion"": 0.0, ""confidence"": [0.0, 0.4898908364545973], ""p_value"": 1.0, ""contingency"": [[0, 4], [383, 24268]]}",{}
66,NC00962.3,EMB-0.2-0.95,0.0,GARC1,RUS,EMB,embB@N644I,U,{},"{""proportion"": 0.5, ""confidence"": [0.09453120573423071, 0.9054687942657693], ""p_value"": 0.3600000000000001, ""contingency"": [[1, 1], [383, 24268]]}",{}
67,NC00962.3,EMB-0.2-0.95,0.0,GARC1,RUS,EMB,embA@T899A,U,{},"{""proportion"": 0.0, ""confidence"": [4.8683609171202235e-17, 0.5614970317550455], ""p_value"": 1.0, ""contingency"": [[0, 3], [383, 24268]]}",{}
68,NC00962.3,EMB-0.2-0.95,0.0,GARC1,RUS,EMB,embA@T100S,U,{},"{""proportion"": 0.0, ""confidence"": [0.0, 0.6576197724933469], ""p_value"": 1.0, ""contingency"": [[0, 2], [383, 24268]]}",{}
69,NC00962.3,EMB-0.2-0.95,0.0,GARC1,RUS,EMB,embB@R1095!,U,{},"{""proportion"": 0.0, ""confidence"": [0.0, 0.7934506856227626], ""p_value"": 1.0, ""contingency"": [[0, 1], [383, 24268]]}",{}
70,NC00962.3,EMB-0.2-0.95,0.0,GARC1,RUS,EMB,embB@D300G,U,{},"{""proportion"": 0.0, ""confidence"": [0.0, 0.6576197724933469], ""p_value"": 1.0, ""contingency"": [[0, 2], [383, 24268]]}",{}
71,NC00962.3,EMB-0.2-0.95,0.0,GARC1,RUS,EMB,embA@I196V,U,{},"{""proportion"": 0.0, ""confidence"": [0.0, 0.7934506856227626], ""p_value"": 1.0, ""contingency"": [[0, 1], [383, 24268]]}",{}
72,NC00962.3,EMB-0.2-0.95,0.0,GARC1,RUS,EMB,embA@V391L,U,{},"{""proportion"": 0.0, ""confidence"": [0.0, 0.6576197724933469], ""p_value"": 1.0, ""contingency"": [[0, 2], [383, 24268]]}",{}
73,NC00962.3,EMB-0.2-0.95,0.0,GARC1,RUS,EMB,embB@Q497H,U,{},"{""proportion"": 0.25, ""confidence"": [0.045587260809700575, 0.6993581574175981], ""p_value"": 1.0, ""contingency"": [[1, 3], [383, 24268]]}",{}
74,NC00962.3,EMB-0.2-0.95,0.0,GARC1,RUS,EMB,embA@Y635C,U,{},"{""proportion"": 1.0, ""confidence"": [0.20654931437723742, 1.0], ""p_value"": 0.2, ""contingency"": [[1, 0], [383, 24268]]}",{}
75,NC00962.3,EMB-0.2-0.95,0.0,GARC1,RUS,EMB,embB@C361Y,U,{},"{""proportion"": 1.0, ""confidence"": [0.20654931437723742, 1.0], ""p_value"": 0.2, ""contingency"": [[1, 0], [383, 24268]]}",{}
76,NC00962.3,EMB-0.2-0.95,0.0,GARC1,RUS,EMB,embB@L402V,U,{},"{""proportion"": 0.0, ""confidence"": [0.0, 0.1936076805344365], ""p_value"": 0.05480482918236159, ""contingency"": [[0, 16], [383, 24268]]}",{}
77,NC00962.3,EMB-0.2-0.95,0.0,GARC1,RUS,EMB,embA@I905V,U,{},"{""proportion"": 0.16666666666666666, ""confidence"": [0.030053369748306632, 0.5635028221864702], ""p_value"": 1.0, ""contingency"": [[1, 5], [383, 24268]]}",{}
78,NC00962.3,EMB-0.2-0.95,0.0,GARC1,RUS,EMB,embA@V280I,U,{},"{""proportion"": 0.0, ""confidence"": [0.0, 0.7934506856227626], ""p_value"": 1.0, ""contingency"": [[0, 1], [383, 24268]]}",{}
80,NC00962.3,EMB-0.2-0.95,0.0,GARC1,RUS,EMB,embA@V63I,U,{},"{""proportion"": 0.0, ""confidence"": [0.0, 0.4898908364545973], ""p_value"": 1.0, ""contingency"": [[0, 4], [383, 24268]]}",{}
81,NC00962.3,EMB-0.2-0.95,0.0,GARC1,RUS,EMB,embA@R940S,U,{},"{""proportion"": 0.0, ""confidence"": [0.0, 0.7934506856227626], ""p_value"": 1.0, ""contingency"": [[0, 1], [383, 24268]]}",{}
82,NC00962.3,EMB-0.2-0.95,0.0,GARC1,RUS,EMB,embA@g-76a,U,{},"{""proportion"": 0.0, ""confidence"": [0.0, 0.6576197724933469], ""p_value"": 1.0, ""contingency"": [[0, 2], [383, 24268]]}",{}
83,NC00962.3,EMB-0.2-0.95,0.0,GARC1,RUS,EMB,embA@G547S,U,{},"{""proportion"": 0.0, ""confidence"": [0.0, 0.43448246478317476], ""p_value"": 0.5904, ""contingency"": [[0, 5], [383, 24268]]}",{}
84,NC00962.3,EMB-0.2-0.95,0.0,GARC1,RUS,EMB,embA@A408S,U,{},"{""proportion"": 0.0, ""confidence"": [0.0, 0.32440756488388023], ""p_value"": 0.37085440000000003, ""contingency"": [[0, 8], [383, 24268]]}",{}
85,NC00962.3,EMB-0.2-0.95,0.0,GARC1,RUS,EMB,embB@T208I,U,{},"{""proportion"": 0.0, ""confidence"": [0.0, 0.6576197724933469], ""p_value"": 1.0, ""contingency"": [[0, 2], [383, 24268]]}",{}
86,NC00962.3,EMB-0.2-0.95,0.0,GARC1,RUS,EMB,embB@M423I,U,{},"{""proportion"": 0.0, ""confidence"": [4.8683609171202235e-17, 0.5614970317550455], ""p_value"": 1.0, ""contingency"": [[0, 3], [383, 24268]]}",{}
87,NC00962.3,EMB-0.2-0.95,0.0,GARC1,RUS,EMB,embB@D869G,U,{},"{""proportion"": 0.0, ""confidence"": [0.0, 0.43448246478317476], ""p_value"": 0.5904, ""contingency"": [[0, 5], [383, 24268]]}",{}
88,NC00962.3,EMB-0.2-0.95,0.0,GARC1,RUS,EMB,embB@E378A,U,{},"{""proportion"": 0.1111111111111111, ""confidence"": [0.031019522645612366, 0.32799765130178804], ""p_value"": 0.5549880618204535, ""contingency"": [[2, 16], [383, 24268]]}",{}
89,NC00962.3,EMB-0.2-0.95,0.0,GARC1,RUS,EMB,embA@P946Q,U,{},"{""proportion"": 0.0, ""confidence"": [0.0, 0.7934506856227626], ""p_value"": 1.0, ""contingency"": [[0, 1], [383, 24268]]}",{}
90,NC00962.3,EMB-0.2-0.95,0.0,GARC1,RUS,EMB,embB@T11P,U,{},"{""proportion"": 0.05, ""confidence"": [0.008881448800795402, 0.23613119344674208], ""p_value"": 0.15586780384381124, ""contingency"": [[1, 19], [383, 24268]]}",{}
91,NC00962.3,EMB-0.2-0.95,0.0,GARC1,RUS,EMB,embA@A409P,U,{},"{""proportion"": 0.0, ""confidence"": [3.384324554477539e-17, 0.39033428790216534], ""p_value"": 0.6067840000000001, ""contingency"": [[0, 6], [383, 24268]]}",{}
92,NC00962.3,EMB-0.2-0.95,0.0,GARC1,RUS,EMB,embB@A761V,U,{},"{""proportion"": 0.0, ""confidence"": [0.0, 0.6576197724933469], ""p_value"": 1.0, ""contingency"": [[0, 2], [383, 24268]]}",{}
93,NC00962.3,EMB-0.2-0.95,0.0,GARC1,RUS,EMB,embB@I883V,U,{},"{""proportion"": 0.0, ""confidence"": [0.0, 0.7934506856227626], ""p_value"": 1.0, ""contingency"": [[0, 1], [383, 24268]]}",{}
94,NC00962.3,EMB-0.2-0.95,0.0,GARC1,RUS,EMB,embA@L562M,U,{},"{""proportion"": 0.0, ""confidence"": [0.0, 0.7934506856227626], ""p_value"": 1.0, ""contingency"": [[0, 1], [383, 24268]]}",{}
95,NC00962.3,EMB-0.2-0.95,0.0,GARC1,RUS,EMB,embB@A379T,U,{},"{""proportion"": 0.0, ""confidence"": [4.8683609171202235e-17, 0.5614970317550455], ""p_value"": 1.0, ""contingency"": [[0, 3], [383, 24268]]}",{}
96,NC00962.3,EMB-0.2-0.95,0.0,GARC1,RUS,EMB,embA@T983N,U,{},"{""proportion"": 0.0, ""confidence"": [0.0, 0.7934506856227626], ""p_value"": 1.0, ""contingency"": [[0, 1], [383, 24268]]}",{}
97,NC00962.3,EMB-0.2-0.95,0.0,GARC1,RUS,EMB,embA@A835E,U,{},"{""proportion"": 0.0, ""confidence"": [0.0, 0.6576197724933469], ""p_value"": 1.0, ""contingency"": [[0, 2], [383, 24268]]}",{}
98,NC00962.3,EMB-0.2-0.95,0.0,GARC1,RUS,EMB,embB@R257Q,U,{},"{""proportion"": 0.0, ""confidence"": [0.0, 0.7934506856227626], ""p_value"": 1.0, ""contingency"": [[0, 1], [383, 24268]]}",{}
99,NC00962.3,EMB-0.2-0.95,0.0,GARC1,RUS,EMB,embA@G844V,U,{},"{""proportion"": 0.0, ""confidence"": [0.0, 0.7934506856227626], ""p_value"": 1.0, ""contingency"": [[0, 1], [383, 24268]]}",{}
100,NC00962.3,EMB-0.2-0.95,0.0,GARC1,RUS,EMB,embB@M904I,U,{},"{""proportion"": 0.0, ""confidence"": [0.0, 0.6576197724933469], ""p_value"": 1.0, ""contingency"": [[0, 2], [383, 24268]]}",{}
101,NC00962.3,EMB-0.2-0.95,0.0,GARC1,RUS,EMB,embA@G154R,U,{},"{""proportion"": 0.0, ""confidence"": [0.0, 0.7934506856227626], ""p_value"": 1.0, ""contingency"": [[0, 1], [383, 24268]]}",{}
102,NC00962.3,EMB-0.2-0.95,0.0,GARC1,RUS,EMB,embB@A439V,U,{},"{""proportion"": 0.0, ""confidence"": [0.0, 0.6576197724933469], ""p_value"": 1.0, ""contingency"": [[0, 2], [383, 24268]]}",{}
103,NC00962.3,EMB-0.2-0.95,0.0,GARC1,RUS,EMB,embA@c-11a,U,{},"{""proportion"": 0.30434782608695654, ""confidence"": [0.15604024453214022, 0.5086575626875921], ""p_value"": 0.19967792029894596, ""contingency"": [[7, 16], [383, 24268]]}",{}
104,NC00962.3,EMB-0.2-0.95,0.0,GARC1,RUS,EMB,embB@F330S,U,{},"{""proportion"": 0.5, ""confidence"": [0.15003898915214947, 0.8499610108478506], ""p_value"": 0.18080000000000004, ""contingency"": [[2, 2], [383, 24268]]}",{}
105,NC00962.3,EMB-0.2-0.95,0.0,GARC1,RUS,EMB,embB@M1000R,U,{},"{""proportion"": 0.3333333333333333, ""confidence"": [0.061491944720396215, 0.7923403991979523], ""p_value"": 0.4880000000000001, ""contingency"": [[1, 2], [383, 24268]]}",{}
106,NC00962.3,EMB-0.2-0.95,0.0,GARC1,RUS,EMB,embA@A985P,U,{},"{""proportion"": 0.0, ""confidence"": [4.8683609171202235e-17, 0.5614970317550455], ""p_value"": 1.0, ""contingency"": [[0, 3], [383, 24268]]}",{}
107,NC00962.3,EMB-0.2-0.95,0.0,GARC1,RUS,EMB,embB@A30T,U,{},"{""proportion"": 0.0, ""confidence"": [4.8683609171202235e-17, 0.5614970317550455], ""p_value"": 1.0, ""contingency"": [[0, 3], [383, 24268]]}",{}
108,NC00962.3,EMB-0.2-0.95,0.0,GARC1,RUS,EMB,embB@I563L,U,{},"{""proportion"": 0.0, ""confidence"": [2.1779500349382702e-17, 0.2153108027376358], ""p_value"": 0.08783484567551998, ""contingency"": [[0, 14], [383, 24268]]}",{}
109,NC00962.3,EMB-0.2-0.95,0.0,GARC1,RUS,EMB,embB@A679T,U,{},"{""proportion"": 0.0, ""confidence"": [3.384324554477539e-17, 0.39033428790216534], ""p_value"": 0.6067840000000001, ""contingency"": [[0, 6], [383, 24268]]}",{}
110,NC00962.3,EMB-0.2-0.95,0.0,GARC1,RUS,EMB,embB@A457T,U,{},"{""proportion"": 0.0, ""confidence"": [0.0, 0.7934506856227626], ""p_value"": 1.0, ""contingency"": [[0, 1], [383, 24268]]}",{}
111,NC00962.3,EMB-0.2-0.95,0.0,GARC1,RUS,EMB,embA@P745L,U,{},"{""proportion"": 0.0, ""confidence"": [0.0, 0.7934506856227626], ""p_value"": 1.0, ""contingency"": [[0, 1], [383, 24268]]}",{}
113,NC00962.3,EMB-0.2-0.95,0.0,GARC1,RUS,EMB,embB@Y319D,U,{},"{""proportion"": 0.2857142857142857, ""confidence"": [0.0822189240040568, 0.6410655481673808], ""p_value"": 0.6329984000000002, ""contingency"": [[2, 5], [383, 24268]]}",{}
114,NC00962.3,EMB-0.2-0.95,0.0,GARC1,RUS,EMB,embA@L653P,U,{},"{""proportion"": 1.0, ""confidence"": [0.20654931437723742, 1.0], ""p_value"": 0.2, ""contingency"": [[1, 0], [383, 24268]]}",{}
115,NC00962.3,EMB-0.2-0.95,0.0,GARC1,RUS,EMB,embB@T588M,U,{},"{""proportion"": 0.0, ""confidence"": [4.8683609171202235e-17, 0.5614970317550455], ""p_value"": 1.0, ""contingency"": [[0, 3], [383, 24268]]}",{}
116,NC00962.3,EMB-0.2-0.95,0.0,GARC1,RUS,EMB,embB@H687Y,U,{},"{""proportion"": 0.0, ""confidence"": [0.0, 0.6576197724933469], ""p_value"": 1.0, ""contingency"": [[0, 2], [383, 24268]]}",{}
117,NC00962.3,EMB-0.2-0.95,0.0,GARC1,RUS,EMB,embB@S412L,U,{},"{""proportion"": 0.0, ""confidence"": [0.0, 0.7934506856227626], ""p_value"": 1.0, ""contingency"": [[0, 1], [383, 24268]]}",{}
118,NC00962.3,EMB-0.2-0.95,0.0,GARC1,RUS,EMB,embA@K1012M,U,{},"{""proportion"": 0.0, ""confidence"": [0.0, 0.7934506856227626], ""p_value"": 1.0, ""contingency"": [[0, 1], [383, 24268]]}",{}
119,NC00962.3,EMB-0.2-0.95,0.0,GARC1,RUS,EMB,embB@V963M,U,{},"{""proportion"": 0.0, ""confidence"": [0.0, 0.7934506856227626], ""p_value"": 1.0, ""contingency"": [[0, 1], [383, 24268]]}",{}
120,NC00962.3,EMB-0.2-0.95,0.0,GARC1,RUS,EMB,embA@R11W,U,{},"{""proportion"": 0.0, ""confidence"": [0.0, 0.7934506856227626], ""p_value"": 1.0, ""contingency"": [[0, 1], [383, 24268]]}",{}
121,NC00962.3,EMB-0.2-0.95,0.0,GARC1,RUS,EMB,embA@g-75c,U,{},"{""proportion"": 0.0, ""confidence"": [0.0, 0.4898908364545973], ""p_value"": 1.0, ""contingency"": [[0, 4], [383, 24268]]}",{}
122,NC00962.3,EMB-0.2-0.95,0.0,GARC1,RUS,EMB,embA@A84S,U,{},"{""proportion"": 0.0, ""confidence"": [2.1025014877572554e-17, 0.24249400665524087], ""p_value"": 0.141274976256, ""contingency"": [[0, 12], [383, 24268]]}",{}
123,NC00962.3,EMB-0.2-0.95,0.0,GARC1,RUS,EMB,embB@A720V,U,{},"{""proportion"": 0.0, ""confidence"": [0.0, 0.7934506856227626], ""p_value"": 1.0, ""contingency"": [[0, 1], [383, 24268]]}",{}
124,NC00962.3,EMB-0.2-0.95,0.0,GARC1,RUS,EMB,embA@G1083D,U,{},"{""proportion"": 0.0, ""confidence"": [0.0, 0.7934506856227626], ""p_value"": 1.0, ""contingency"": [[0, 1], [383, 24268]]}",{}
125,NC00962.3,EMB-0.2-0.95,0.0,GARC1,RUS,EMB,embA@A974T,U,{},"{""proportion"": 0.0, ""confidence"": [0.0, 0.7934506856227626], ""p_value"": 1.0, ""contingency"": [[0, 1], [383, 24268]]}",{}
126,NC00962.3,EMB-0.2-0.95,0.0,GARC1,RUS,EMB,embB@Q497E,U,{},"{""proportion"": 0.0, ""confidence"": [0.0, 0.7934506856227626], ""p_value"": 1.0, ""contingency"": [[0, 1], [383, 24268]]}",{}
127,NC00962.3,EMB-0.2-0.95,0.0,GARC1,RUS,EMB,embA@G29V,U,{},"{""proportion"": 0.0, ""confidence"": [0.0, 0.7934506856227626], ""p_value"": 1.0, ""contingency"": [[0, 1], [383, 24268]]}",{}
128,NC00962.3,EMB-0.2-0.95,0.0,GARC1,RUS,EMB,embA@A483T,U,{},"{""proportion"": 0.0, ""confidence"": [0.0, 0.6576197724933469], ""p_value"": 1.0, ""contingency"": [[0, 2], [383, 24268]]}",{}
129,NC00962.3,EMB-0.2-0.95,0.0,GARC1,RUS,EMB,embB@K107E,U,{},"{""proportion"": 0.0, ""confidence"": [0.0, 0.7934506856227626], ""p_value"": 1.0, ""contingency"": [[0, 1], [383, 24268]]}",{}
130,NC00962.3,EMB-0.2-0.95,0.0,GARC1,RUS,EMB,embB@H872Y,U,{},"{""proportion"": 0.0, ""confidence"": [0.0, 0.7934506856227626], ""p_value"": 1.0, ""contingency"": [[0, 1], [383, 24268]]}",{}
131,NC00962.3,EMB-0.2-0.95,0.0,GARC1,RUS,EMB,embA@S654L,U,{},"{""proportion"": 0.0, ""confidence"": [0.0, 0.7934506856227626], ""p_value"": 1.0, ""contingency"": [[0, 1], [383, 24268]]}",{}
132,NC00962.3,EMB-0.2-0.95,0.0,GARC1,RUS,EMB,embB@V444M,U,{},"{""proportion"": 0.0, ""confidence"": [0.0, 0.6576197724933469], ""p_value"": 1.0, ""contingency"": [[0, 2], [383, 24268]]}",{}
133,NC00962.3,EMB-0.2-0.95,0.0,GARC1,RUS,EMB,embA@D235N,U,{},"{""proportion"": 0.0, ""confidence"": [0.0, 0.7934506856227626], ""p_value"": 1.0, ""contingency"": [[0, 1], [383, 24268]]}",{}
134,NC00962.3,EMB-0.2-0.95,0.0,GARC1,RUS,EMB,embB@A225E,U,{},"{""proportion"": 0.0, ""confidence"": [0.0, 0.7934506856227626], ""p_value"": 1.0, ""contingency"": [[0, 1], [383, 24268]]}",{}
135,NC00962.3,EMB-0.2-0.95,0.0,GARC1,RUS,EMB,embA@Q47H,U,{},"{""proportion"": 0.0, ""confidence"": [0.0, 0.6576197724933469], ""p_value"": 1.0, ""contingency"": [[0, 2], [383, 24268]]}",{}
136,NC00962.3,EMB-0.2-0.95,0.0,GARC1,RUS,EMB,embA@G275S,U,{},"{""proportion"": 0.0, ""confidence"": [0.0, 0.6576197724933469], ""p_value"": 1.0, ""contingency"": [[0, 2], [383, 24268]]}",{}
137,NC00962.3,EMB-0.2-0.95,0.0,GARC1,RUS,EMB,embA@T566M,U,{},"{""proportion"": 0.0, ""confidence"": [0.0, 0.7934506856227626], ""p_value"": 1.0, ""contingency"": [[0, 1], [383, 24268]]}",{}
138,NC00962.3,EMB-0.2-0.95,0.0,GARC1,RUS,EMB,embA@A80T,U,{},"{""proportion"": 0.0, ""confidence"": [0.0, 0.7934506856227626], ""p_value"": 1.0, ""contingency"": [[0, 1], [383, 24268]]}",{}
139,NC00962.3,EMB-0.2-0.95,0.0,GARC1,RUS,EMB,embB@A495T,U,{},"{""proportion"": 0.0, ""confidence"": [4.8683609171202235e-17, 0.5614970317550455], ""p_value"": 1.0, ""contingency"": [[0, 3], [383, 24268]]}",{}
140,NC00962.3,EMB-0.2-0.95,0.0,GARC1,RUS,EMB,embA@A95T,U,{},"{""proportion"": 0.0, ""confidence"": [0.0, 0.7934506856227626], ""p_value"": 1.0, ""contingency"": [[0, 1], [383, 24268]]}",{}
141,NC00962.3,EMB-0.2-0.95,0.0,GARC1,RUS,EMB,embB@G187W,U,{},"{""proportion"": 0.0, ""confidence"": [0.0, 0.7934506856227626], ""p_value"": 1.0, ""contingency"": [[0, 1], [383, 24268]]}",{}
142,NC00962.3,EMB-0.2-0.95,0.0,GARC1,RUS,EMB,embA@A686S,U,{},"{""proportion"": 0.0, ""confidence"": [0.0, 0.7934506856227626], ""p_value"": 1.0, ""contingency"": [[0, 1], [383, 24268]]}",{}
143,NC00962.3,EMB-0.2-0.95,0.0,GARC1,RUS,EMB,embB@K765N,U,{},"{""proportion"": 0.0, ""confidence"": [0.0, 0.7934506856227626], ""p_value"": 1.0, ""contingency"": [[0, 1], [383, 24268]]}",{}
144,NC00962.3,EMB-0.2-0.95,0.0,GARC1,RUS,EMB,embB@V116I,U,{},"{""proportion"": 0.0, ""confidence"": [0.0, 0.7934506856227626], ""p_value"": 1.0, ""contingency"": [[0, 1], [383, 24268]]}",{}
145,NC00962.3,EMB-0.2-0.95,0.0,GARC1,RUS,EMB,embA@A874T,U,{},"{""proportion"": 0.0, ""confidence"": [0.0, 0.7934506856227626], ""p_value"": 1.0, ""contingency"": [[0, 1], [383, 24268]]}",{}
146,NC00962.3,EMB-0.2-0.95,0.0,GARC1,RUS,EMB,embA@V607M,U,{},"{""proportion"": 0.0, ""confidence"": [0.0, 0.4898908364545973], ""p_value"": 1.0, ""contingency"": [[0, 4], [383, 24268]]}",{}
147,NC00962.3,EMB-0.2-0.95,0.0,GARC1,RUS,EMB,embA@P714S,U,{},"{""proportion"": 1.0, ""confidence"": [0.20654931437723742, 1.0], ""p_value"": 0.2, ""contingency"": [[1, 0], [383, 24268]]}",{}
148,NC00962.3,EMB-0.2-0.95,0.0,GARC1,RUS,EMB,embB@V123A,U,{},"{""proportion"": 0.0, ""confidence"": [0.0, 0.7934506856227626], ""p_value"": 1.0, ""contingency"": [[0, 1], [383, 24268]]}",{}
149,NC00962.3,EMB-0.2-0.95,0.0,GARC1,RUS,EMB,embA@R380L,U,{},"{""proportion"": 0.0, ""confidence"": [0.0, 0.7934506856227626], ""p_value"": 1.0, ""contingency"": [[0, 1], [383, 24268]]}",{}
150,NC00962.3,EMB-0.2-0.95,0.0,GARC1,RUS,EMB,embB@G65S,U,{},"{""proportion"": 0.0, ""confidence"": [0.0, 0.4898908364545973], ""p_value"": 1.0, ""contingency"": [[0, 4], [383, 24268]]}",{}
151,NC00962.3,EMB-0.2-0.95,0.0,GARC1,RUS,EMB,embB@P866S,U,{},"{""proportion"": 0.0, ""confidence"": [0.0, 0.7934506856227626], ""p_value"": 1.0, ""contingency"": [[0, 1], [383, 24268]]}",{}
152,NC00962.3,EMB-0.2-0.95,0.0,GARC1,RUS,EMB,embA@S309A,U,{},"{""proportion"": 0.0, ""confidence"": [0.0, 0.7934506856227626], ""p_value"": 1.0, ""contingency"": [[0, 1], [383, 24268]]}",{}
153,NC00962.3,EMB-0.2-0.95,0.0,GARC1,RUS,EMB,embB@T126N,U,{},"{""proportion"": 0.0, ""confidence"": [0.0, 0.6576197724933469], ""p_value"": 1.0, ""contingency"": [[0, 2], [383, 24268]]}",{}
154,NC00962.3,EMB-0.2-0.95,0.0,GARC1,RUS,EMB,embB@P824L,U,{},"{""proportion"": 0.0, ""confidence"": [0.0, 0.6576197724933469], ""p_value"": 1.0, ""contingency"": [[0, 2], [383, 24268]]}",{}
155,NC00962.3,EMB-0.2-0.95,0.0,GARC1,RUS,EMB,embA@V1074A,U,{},"{""proportion"": 0.0, ""confidence"": [0.0, 0.7934506856227626], ""p_value"": 1.0, ""contingency"": [[0, 1], [383, 24268]]}",{}
156,NC00962.3,EMB-0.2-0.95,0.0,GARC1,RUS,EMB,embB@G374E,U,{},"{""proportion"": 0.0, ""confidence"": [0.0, 0.6576197724933469], ""p_value"": 1.0, ""contingency"": [[0, 2], [383, 24268]]}",{}
157,NC00962.3,EMB-0.2-0.95,0.0,GARC1,RUS,EMB,embA@K816N,U,{},"{""proportion"": 0.0, ""confidence"": [0.0, 0.6576197724933469], ""p_value"": 1.0, ""contingency"": [[0, 2], [383, 24268]]}",{}
158,NC00962.3,EMB-0.2-0.95,0.0,GARC1,RUS,EMB,embB@A33P,U,{},"{""proportion"": 0.0, ""confidence"": [0.0, 0.7934506856227626], ""p_value"": 1.0, ""contingency"": [[0, 1], [383, 24268]]}",{}
159,NC00962.3,EMB-0.2-0.95,0.0,GARC1,RUS,EMB,embA@Y289C,U,{},"{""proportion"": 0.0, ""confidence"": [0.0, 0.7934506856227626], ""p_value"": 1.0, ""contingency"": [[0, 1], [383, 24268]]}",{}
160,NC00962.3,EMB-0.2-0.95,0.0,GARC1,RUS,EMB,embB@T216A,U,{},"{""proportion"": 0.0, ""confidence"": [0.0, 0.6576197724933469], ""p_value"": 1.0, ""contingency"": [[0, 2], [383, 24268]]}",{}
161,NC00962.3,EMB-0.2-0.95,0.0,GARC1,RUS,EMB,embA@R325C,U,{},"{""proportion"": 0.0, ""confidence"": [0.0, 0.7934506856227626], ""p_value"": 1.0, ""contingency"": [[0, 1], [383, 24268]]}",{}
162,NC00962.3,EMB-0.2-0.95,0.0,GARC1,RUS,EMB,embA@P1094T,U,{},"{""proportion"": 0.0, ""confidence"": [0.0, 0.7934506856227626], ""p_value"": 1.0, ""contingency"": [[0, 1], [383, 24268]]}",{}
163,NC00962.3,EMB-0.2-0.95,0.0,GARC1,RUS,EMB,embB@M586V,U,{},"{""proportion"": 0.0, ""confidence"": [0.0, 0.7934506856227626], ""p_value"": 1.0, ""contingency"": [[0, 1], [383, 24268]]}",{}
164,NC00962.3,EMB-0.2-0.95,0.0,GARC1,RUS,EMB,embB@P983T,U,{},"{""proportion"": 0.0, ""confidence"": [0.0, 0.7934506856227626], ""p_value"": 1.0, ""contingency"": [[0, 1], [383, 24268]]}",{}
165,NC00962.3,EMB-0.2-0.95,0.0,GARC1,RUS,EMB,embA@A148E,U,{},"{""proportion"": 0.0, ""confidence"": [0.0, 0.7934506856227626], ""p_value"": 1.0, ""contingency"": [[0, 1], [383, 24268]]}",{}
166,NC00962.3,EMB-0.2-0.95,0.0,GARC1,RUS,EMB,embA@-41_del_a,U,{},"{""proportion"": 0.0, ""confidence"": [0.0, 0.7934506856227626], ""p_value"": 1.0, ""contingency"": [[0, 1], [383, 24268]]}",{}
167,NC00962.3,EMB-0.2-0.95,0.0,GARC1,RUS,EMB,embB@D870N,U,{},"{""proportion"": 0.0, ""confidence"": [4.8683609171202235e-17, 0.5614970317550455], ""p_value"": 1.0, ""contingency"": [[0, 3], [383, 24268]]}",{}
168,NC00962.3,EMB-0.2-0.95,0.0,GARC1,RUS,EMB,embB@A601P,U,{},"{""proportion"": 0.0, ""confidence"": [0.0, 0.7934506856227626], ""p_value"": 1.0, ""contingency"": [[0, 1], [383, 24268]]}",{}
169,NC00962.3,EMB-0.2-0.95,0.0,GARC1,RUS,EMB,embB@Q3H,U,{},"{""proportion"": 0.0, ""confidence"": [0.0, 0.7934506856227626], ""p_value"": 1.0, ""contingency"": [[0, 1], [383, 24268]]}",{}
170,NC00962.3,EMB-0.2-0.95,0.0,GARC1,RUS,EMB,embB@W332R,U,{},"{""proportion"": 0.2857142857142857, ""confidence"": [0.0822189240040568, 0.6410655481673808], ""p_value"": 0.6329984000000002, ""contingency"": [[2, 5], [383, 24268]]}",{}
171,NC00962.3,EMB-0.2-0.95,0.0,GARC1,RUS,EMB,embB@T849A,U,{},"{""proportion"": 0.0, ""confidence"": [0.0, 0.4898908364545973], ""p_value"": 1.0, ""contingency"": [[0, 4], [383, 24268]]}",{}
172,NC00962.3,EMB-0.2-0.95,0.0,GARC1,RUS,EMB,embA@I155V,U,{},"{""proportion"": 0.0, ""confidence"": [3.584186086443356e-17, 0.3543304350666874], ""p_value"": 0.35774719999999993, ""contingency"": [[0, 7], [383, 24268]]}",{}
173,NC00962.3,EMB-0.2-0.95,0.0,GARC1,RUS,EMB,embB@A388S,U,{},"{""proportion"": 0.0, ""confidence"": [0.0, 0.7934506856227626], ""p_value"": 1.0, ""contingency"": [[0, 1], [383, 24268]]}",{}
174,NC00962.3,EMB-0.2-0.95,0.0,GARC1,RUS,EMB,embB@G769A,U,{},"{""proportion"": 0.0, ""confidence"": [0.0, 0.7934506856227626], ""p_value"": 1.0, ""contingency"": [[0, 1], [383, 24268]]}",{}
175,NC00962.3,EMB-0.2-0.95,0.0,GARC1,RUS,EMB,embB@R182L,U,{},"{""proportion"": 0.0, ""confidence"": [0.0, 0.7934506856227626], ""p_value"": 1.0, ""contingency"": [[0, 1], [383, 24268]]}",{}
176,NC00962.3,EMB-0.2-0.95,0.0,GARC1,RUS,EMB,embB@R14Q,U,{},"{""proportion"": 0.16666666666666666, ""confidence"": [0.030053369748306632, 0.5635028221864702], ""p_value"": 1.0, ""contingency"": [[1, 5], [383, 24268]]}",{}
178,NC00962.3,EMB-0.2-0.95,0.0,GARC1,RUS,EMB,embB@S22P,U,{},"{""proportion"": 0.0, ""confidence"": [0.0, 0.7934506856227626], ""p_value"": 1.0, ""contingency"": [[0, 1], [383, 24268]]}",{}
179,NC00962.3,EMB-0.2-0.95,0.0,GARC1,RUS,EMB,embB@S651N,U,{},"{""proportion"": 1.0, ""confidence"": [0.20654931437723742, 1.0], ""p_value"": 0.2, ""contingency"": [[1, 0], [383, 24268]]}",{}
180,NC00962.3,EMB-0.2-0.95,0.0,GARC1,RUS,EMB,embB@R741W,U,{},"{""proportion"": 0.0, ""confidence"": [0.0, 0.7934506856227626], ""p_value"": 1.0, ""contingency"": [[0, 1], [383, 24268]]}",{}
181,NC00962.3,EMB-0.2-0.95,0.0,GARC1,RUS,EMB,embA@E7K,U,{},"{""proportion"": 0.0, ""confidence"": [0.0, 0.43448246478317476], ""p_value"": 0.5904, ""contingency"": [[0, 5], [383, 24268]]}",{}
182,NC00962.3,EMB-0.2-0.95,0.0,GARC1,RUS,EMB,embB@A102S,U,{},"{""proportion"": 0.0, ""confidence"": [0.0, 0.7934506856227626], ""p_value"": 1.0, ""contingency"": [[0, 1], [383, 24268]]}",{}
183,NC00962.3,EMB-0.2-0.95,0.0,GARC1,RUS,EMB,embB@P404S,U,{},"{""proportion"": 0.6666666666666666, ""confidence"": [0.20765960080204768, 0.9385080552796037], ""p_value"": 0.10400000000000005, ""contingency"": [[2, 1], [383, 24268]]}",{}
184,NC00962.3,EMB-0.2-0.95,0.0,GARC1,RUS,EMB,embB@P818L,U,{},"{""proportion"": 0.0, ""confidence"": [0.0, 0.7934506856227626], ""p_value"": 1.0, ""contingency"": [[0, 1], [383, 24268]]}",{}
185,NC00962.3,EMB-0.2-0.95,0.0,GARC1,RUS,EMB,embB@V618M,U,{},"{""proportion"": 0.07142857142857142, ""confidence"": [0.012722215247890944, 0.31468704424151117], ""p_value"": 0.32775171883008025, ""contingency"": [[1, 13], [383, 24268]]}",{}
186,NC00962.3,EMB-0.2-0.95,0.0,GARC1,RUS,EMB,embB@F398L,U,{},"{""proportion"": 0.0, ""confidence"": [0.0, 0.7934506856227626], ""p_value"": 1.0, ""contingency"": [[0, 1], [383, 24268]]}",{}
187,NC00962.3,EMB-0.2-0.95,0.0,GARC1,RUS,EMB,embB@P103T,U,{},"{""proportion"": 0.0, ""confidence"": [0.0, 0.2775327998628892], ""p_value"": 0.22824806400000003, ""contingency"": [[0, 10], [383, 24268]]}",{}
188,NC00962.3,EMB-0.2-0.95,0.0,GARC1,RUS,EMB,embB@V417A,U,{},"{""proportion"": 0.0, ""confidence"": [4.8683609171202235e-17, 0.5614970317550455], ""p_value"": 1.0, ""contingency"": [[0, 3], [383, 24268]]}",{}
189,NC00962.3,EMB-0.2-0.95,0.0,GARC1,RUS,EMB,embB@E138K,U,{},"{""proportion"": 0.0, ""confidence"": [0.0, 0.7934506856227626], ""p_value"": 1.0, ""contingency"": [[0, 1], [383, 24268]]}",{}
190,NC00962.3,EMB-0.2-0.95,0.0,GARC1,RUS,EMB,embA@S77P,U,{},"{""proportion"": 0.0, ""confidence"": [0.0, 0.4898908364545973], ""p_value"": 1.0, ""contingency"": [[0, 4], [383, 24268]]}",{}
191,NC00962.3,EMB-0.2-0.95,0.0,GARC1,RUS,EMB,embB@M396I,U,{},"{""proportion"": 0.0, ""confidence"": [0.0, 0.6576197724933469], ""p_value"": 1.0, ""contingency"": [[0, 2], [383, 24268]]}",{}
192,NC00962.3,EMB-0.2-0.95,0.0,GARC1,RUS,EMB,embB@V131M,U,{},"{""proportion"": 0.0, ""confidence"": [0.0, 0.43448246478317476], ""p_value"": 0.5904, ""contingency"": [[0, 5], [383, 24268]]}",{}
193,NC00962.3,EMB-0.2-0.95,0.0,GARC1,RUS,EMB,embB@I489T,U,{},"{""proportion"": 0.0, ""confidence"": [0.0, 0.6576197724933469], ""p_value"": 1.0, ""contingency"": [[0, 2], [383, 24268]]}",{}
194,NC00962.3,EMB-0.2-0.95,0.0,GARC1,RUS,EMB,embA@F577Y,U,{},"{""proportion"": 1.0, ""confidence"": [0.20654931437723742, 1.0], ""p_value"": 0.2, ""contingency"": [[1, 0], [383, 24268]]}",{}
195,NC00962.3,EMB-0.2-0.95,0.0,GARC1,RUS,EMB,embA@A921E,U,{},"{""proportion"": 0.0, ""confidence"": [0.0, 0.7934506856227626], ""p_value"": 1.0, ""contingency"": [[0, 1], [383, 24268]]}",{}
196,NC00962.3,EMB-0.2-0.95,0.0,GARC1,RUS,EMB,embB@A1083E,U,{},"{""proportion"": 0.0, ""confidence"": [0.0, 0.6576197724933469], ""p_value"": 1.0, ""contingency"": [[0, 2], [383, 24268]]}",{}
197,NC00962.3,EMB-0.2-0.95,0.0,GARC1,RUS,EMB,embA@P901Q,U,{},"{""proportion"": 0.0, ""confidence"": [0.0, 0.7934506856227626], ""p_value"": 1.0, ""contingency"": [[0, 1], [383, 24268]]}",{}
198,NC00962.3,EMB-0.2-0.95,0.0,GARC1,RUS,EMB,embA@R229S,U,{},"{""proportion"": 0.0, ""confidence"": [0.0, 0.7934506856227626], ""p_value"": 1.0, ""contingency"": [[0, 1], [383, 24268]]}",{}
199,NC00962.3,EMB-0.2-0.95,0.0,GARC1,RUS,EMB,embA@G759R,U,{},"{""proportion"": 0.0, ""confidence"": [0.0, 0.7934506856227626], ""p_value"": 1.0, ""contingency"": [[0, 1], [383, 24268]]}",{}
200,NC00962.3,EMB-0.2-0.95,0.0,GARC1,RUS,EMB,embA@N722D,U,{},"{""proportion"": 0.0, ""confidence"": [0.0, 0.7934506856227626], ""p_value"": 1.0, ""contingency"": [[0, 1], [383, 24268]]}",{}
201,NC00962.3,EMB-0.2-0.95,0.0,GARC1,RUS,EMB,embB@S347I,U,{},"{""proportion"": 0.25, ""confidence"": [0.045587260809700575, 0.6993581574175981], ""p_value"": 1.0, ""contingency"": [[1, 3], [383, 24268]]}",{}
202,NC00962.3,EMB-0.2-0.95,0.0,GARC1,RUS,EMB,embB@V77I,U,{},"{""proportion"": 0.0, ""confidence"": [4.8683609171202235e-17, 0.5614970317550455], ""p_value"": 1.0, ""contingency"": [[0, 3], [383, 24268]]}",{}
203,NC00962.3,EMB-0.2-0.95,0.0,GARC1,RUS,EMB,embA@A331S,U,{},"{""proportion"": 0.0, ""confidence"": [0.0, 0.7934506856227626], ""p_value"": 1.0, ""contingency"": [[0, 1], [383, 24268]]}",{}
204,NC00962.3,EMB-0.2-0.95,0.0,GARC1,RUS,EMB,embA@V98L,U,{},"{""proportion"": 0.0, ""confidence"": [0.0, 0.6576197724933469], ""p_value"": 1.0, ""contingency"": [[0, 2], [383, 24268]]}",{}
205,NC00962.3,EMB-0.2-0.95,0.0,GARC1,RUS,EMB,embB@I32T,U,{},"{""proportion"": 0.0, ""confidence"": [0.0, 0.4898908364545973], ""p_value"": 1.0, ""contingency"": [[0, 4], [383, 24268]]}",{}
206,NC00962.3,EMB-0.2-0.95,0.0,GARC1,RUS,EMB,embA@G884D,U,{},"{""proportion"": 0.0, ""confidence"": [2.1025014877572554e-17, 0.24249400665524087], ""p_value"": 0.141274976256, ""contingency"": [[0, 12], [383, 24268]]}",{}
207,NC00962.3,EMB-0.2-0.95,0.0,GARC1,RUS,EMB,embB@T643P,U,{},"{""proportion"": 0.0, ""confidence"": [0.0, 0.7934506856227626], ""p_value"": 1.0, ""contingency"": [[0, 1], [383, 24268]]}",{}
208,NC00962.3,EMB-0.2-0.95,0.0,GARC1,RUS,EMB,embA@P838L,U,{},"{""proportion"": 0.0, ""confidence"": [0.0, 0.6576197724933469], ""p_value"": 1.0, ""contingency"": [[0, 2], [383, 24268]]}",{}
209,NC00962.3,EMB-0.2-0.95,0.0,GARC1,RUS,EMB,embB@S347T,U,{},"{""proportion"": 0.5, ""confidence"": [0.09453120573423071, 0.9054687942657693], ""p_value"": 0.3600000000000001, ""contingency"": [[1, 1], [383, 24268]]}",{}
210,NC00962.3,EMB-0.2-0.95,0.0,GARC1,RUS,EMB,embA@D678A,U,{},"{""proportion"": 0.0, ""confidence"": [0.0, 0.7934506856227626], ""p_value"": 1.0, ""contingency"": [[0, 1], [383, 24268]]}",{}
211,NC00962.3,EMB-0.2-0.95,0.0,GARC1,RUS,EMB,embA@F565L,U,{},"{""proportion"": 0.0, ""confidence"": [0.0, 0.7934506856227626], ""p_value"": 1.0, ""contingency"": [[0, 1], [383, 24268]]}",{}
212,NC00962.3,EMB-0.2-0.95,0.0,GARC1,RUS,EMB,embB@M575R,U,{},"{""proportion"": 0.0, ""confidence"": [0.0, 0.6576197724933469], ""p_value"": 1.0, ""contingency"": [[0, 2], [383, 24268]]}",{}
213,NC00962.3,EMB-0.2-0.95,0.0,GARC1,RUS,EMB,embA@V531L,U,{},"{""proportion"": 0.0, ""confidence"": [3.584186086443356e-17, 0.3543304350666874], ""p_value"": 0.35774719999999993, ""contingency"": [[0, 7], [383, 24268]]}",{}
214,NC00962.3,EMB-0.2-0.95,0.0,GARC1,RUS,EMB,embA@P976L,U,{},"{""proportion"": 0.0, ""confidence"": [0.0, 0.7934506856227626], ""p_value"": 1.0, ""contingency"": [[0, 1], [383, 24268]]}",{}
215,NC00962.3,EMB-0.2-0.95,0.0,GARC1,RUS,EMB,embB@S650P,U,{},"{""proportion"": 0.0, ""confidence"": [0.0, 0.7934506856227626], ""p_value"": 1.0, ""contingency"": [[0, 1], [383, 24268]]}",{}
216,NC00962.3,EMB-0.2-0.95,0.0,GARC1,RUS,EMB,embA@Q858R,U,{},"{""proportion"": 0.0, ""confidence"": [0.0, 0.6576197724933469], ""p_value"": 1.0, ""contingency"": [[0, 2], [383, 24268]]}",{}
217,NC00962.3,EMB-0.2-0.95,0.0,GARC1,RUS,EMB,embA@P1094S,U,{},"{""proportion"": 0.0, ""confidence"": [4.8683609171202235e-17, 0.5614970317550455], ""p_value"": 1.0, ""contingency"": [[0, 3], [383, 24268]]}",{}
218,NC00962.3,EMB-0.2-0.95,0.0,GARC1,RUS,EMB,embB@R173C,U,{},"{""proportion"": 0.0, ""confidence"": [0.0, 0.7934506856227626], ""p_value"": 1.0, ""contingency"": [[0, 1], [383, 24268]]}",{}
219,NC00962.3,EMB-0.2-0.95,0.0,GARC1,RUS,EMB,embA@R472L,U,{},"{""proportion"": 0.0, ""confidence"": [0.0, 0.6576197724933469], ""p_value"": 1.0, ""contingency"": [[0, 2], [383, 24268]]}",{}
220,NC00962.3,EMB-0.2-0.95,0.0,GARC1,RUS,EMB,embB@T157I,U,{},"{""proportion"": 0.0, ""confidence"": [0.0, 0.43448246478317476], ""p_value"": 0.5904, ""contingency"": [[0, 5], [383, 24268]]}",{}
221,NC00962.3,EMB-0.2-0.95,0.0,GARC1,RUS,EMB,embA@P548L,U,{},"{""proportion"": 0.0, ""confidence"": [0.0, 0.7934506856227626], ""p_value"": 1.0, ""contingency"": [[0, 1], [383, 24268]]}",{}
222,NC00962.3,EMB-0.2-0.95,0.0,GARC1,RUS,EMB,embB@F688V,U,{},"{""proportion"": 0.0, ""confidence"": [0.0, 0.7934506856227626], ""p_value"": 1.0, ""contingency"": [[0, 1], [383, 24268]]}",{}
223,NC00962.3,EMB-0.2-0.95,0.0,GARC1,RUS,EMB,embA@Q1004R,U,{},"{""proportion"": 0.0, ""confidence"": [0.0, 0.7934506856227626], ""p_value"": 1.0, ""contingency"": [[0, 1], [383, 24268]]}",{}
224,NC00962.3,EMB-0.2-0.95,0.0,GARC1,RUS,EMB,embA@L459R,U,{},"{""proportion"": 0.0, ""confidence"": [0.0, 0.7934506856227626], ""p_value"": 1.0, ""contingency"": [[0, 1], [383, 24268]]}",{}
225,NC00962.3,EMB-0.2-0.95,0.0,GARC1,RUS,EMB,embB@V135M,U,{},"{""proportion"": 0.0, ""confidence"": [0.0, 0.6576197724933469], ""p_value"": 1.0, ""contingency"": [[0, 2], [383, 24268]]}",{}
226,NC00962.3,EMB-0.2-0.95,0.0,GARC1,RUS,EMB,embA@L390M,U,{},"{""proportion"": 0.0, ""confidence"": [0.0, 0.7934506856227626], ""p_value"": 1.0, ""contingency"": [[0, 1], [383, 24268]]}",{}
227,NC00962.3,EMB-0.2-0.95,0.0,GARC1,RUS,EMB,embA@S1017A,U,{},"{""proportion"": 0.0, ""confidence"": [4.8683609171202235e-17, 0.5614970317550455], ""p_value"": 1.0, ""contingency"": [[0, 3], [383, 24268]]}",{}
228,NC00962.3,EMB-0.2-0.95,0.0,GARC1,RUS,EMB,embB@D78A,U,{},"{""proportion"": 0.0, ""confidence"": [0.0, 0.7934506856227626], ""p_value"": 1.0, ""contingency"": [[0, 1], [383, 24268]]}",{}
229,NC00962.3,EMB-0.2-0.95,0.0,GARC1,RUS,EMB,embB@C549F,U,{},"{""proportion"": 0.0, ""confidence"": [0.0, 0.6576197724933469], ""p_value"": 1.0, ""contingency"": [[0, 2], [383, 24268]]}",{}
230,NC00962.3,EMB-0.2-0.95,0.0,GARC1,RUS,EMB,embA@V898I,U,{},"{""proportion"": 0.0, ""confidence"": [0.0, 0.7934506856227626], ""p_value"": 1.0, ""contingency"": [[0, 1], [383, 24268]]}",{}
231,NC00962.3,EMB-0.2-0.95,0.0,GARC1,RUS,EMB,embA@W550S,U,{},"{""proportion"": 0.0, ""confidence"": [0.0, 0.7934506856227626], ""p_value"": 1.0, ""contingency"": [[0, 1], [383, 24268]]}",{}
232,NC00962.3,EMB-0.2-0.95,0.0,GARC1,RUS,EMB,embA@G146D,U,{},"{""proportion"": 0.0, ""confidence"": [0.0, 0.7934506856227626], ""p_value"": 1.0, ""contingency"": [[0, 1], [383, 24268]]}",{}
233,NC00962.3,EMB-0.2-0.95,0.0,GARC1,RUS,EMB,embA@G909R,U,{},"{""proportion"": 0.0, ""confidence"": [0.0, 0.6576197724933469], ""p_value"": 1.0, ""contingency"": [[0, 2], [383, 24268]]}",{}
234,NC00962.3,EMB-0.2-0.95,0.0,GARC1,RUS,EMB,embA@A589E,U,{},"{""proportion"": 0.0, ""confidence"": [0.0, 0.7934506856227626], ""p_value"": 1.0, ""contingency"": [[0, 1], [383, 24268]]}",{}
235,NC00962.3,EMB-0.2-0.95,0.0,GARC1,RUS,EMB,embA@P164S,U,{},"{""proportion"": 0.0, ""confidence"": [0.0, 0.7934506856227626], ""p_value"": 1.0, ""contingency"": [[0, 1], [383, 24268]]}",{}
236,NC00962.3,EMB-0.2-0.95,0.0,GARC1,RUS,EMB,embA@D865N,U,{},"{""proportion"": 0.0, ""confidence"": [0.0, 0.2991450484195441], ""p_value"": 0.21985945599999998, ""contingency"": [[0, 9], [383, 24268]]}",{}
237,NC00962.3,EMB-0.2-0.95,0.0,GARC1,RUS,EMB,embA@V695M,U,{},"{""proportion"": 0.0, ""confidence"": [3.584186086443356e-17, 0.3543304350666874], ""p_value"": 0.35774719999999993, ""contingency"": [[0, 7], [383, 24268]]}",{}
238,NC00962.3,EMB-0.2-0.95,0.0,GARC1,RUS,EMB,embB@P167R,U,{},"{""proportion"": 0.0, ""confidence"": [0.0, 0.7934506856227626], ""p_value"": 1.0, ""contingency"": [[0, 1], [383, 24268]]}",{}
239,NC00962.3,EMB-0.2-0.95,0.0,GARC1,RUS,EMB,embB@A338T,U,{},"{""proportion"": 0.0, ""confidence"": [3.384324554477539e-17, 0.39033428790216534], ""p_value"": 0.6067840000000001, ""contingency"": [[0, 6], [383, 24268]]}",{}
240,NC00962.3,EMB-0.2-0.95,0.0,GARC1,RUS,EMB,embA@E675K,U,{},"{""proportion"": 0.0, ""confidence"": [0.0, 0.7934506856227626], ""p_value"": 1.0, ""contingency"": [[0, 1], [383, 24268]]}",{}
241,NC00962.3,EMB-0.2-0.95,0.0,GARC1,RUS,EMB,embB@N807T,U,{},"{""proportion"": 0.0, ""confidence"": [0.0, 0.7934506856227626], ""p_value"": 1.0, ""contingency"": [[0, 1], [383, 24268]]}",{}
242,NC00962.3,EMB-0.2-0.95,0.0,GARC1,RUS,EMB,embA@Q751P,U,{},"{""proportion"": 0.0, ""confidence"": [0.0, 0.7934506856227626], ""p_value"": 1.0, ""contingency"": [[0, 1], [383, 24268]]}",{}
243,NC00962.3,EMB-0.2-0.95,0.0,GARC1,RUS,EMB,embB@L410P,U,{},"{""proportion"": 1.0, ""confidence"": [0.20654931437723742, 1.0], ""p_value"": 0.2, ""contingency"": [[1, 0], [383, 24268]]}",{}
244,NC00962.3,EMB-0.2-0.95,0.0,GARC1,RUS,EMB,embB@P531H,U,{},"{""proportion"": 0.0, ""confidence"": [0.0, 0.7934506856227626], ""p_value"": 1.0, ""contingency"": [[0, 1], [383, 24268]]}",{}
245,NC00962.3,EMB-0.2-0.95,0.0,GARC1,RUS,EMB,embA@P327S,U,{},"{""proportion"": 0.0, ""confidence"": [0.0, 0.7934506856227626], ""p_value"": 1.0, ""contingency"": [[0, 1], [383, 24268]]}",{}
246,NC00962.3,EMB-0.2-0.95,0.0,GARC1,RUS,EMB,embB@R1045Q,U,{},"{""proportion"": 0.0, ""confidence"": [0.0, 0.7934506856227626], ""p_value"": 1.0, ""contingency"": [[0, 1], [383, 24268]]}",{}
247,NC00962.3,EMB-0.2-0.95,0.0,GARC1,RUS,EMB,embA@V898F,U,{},"{""proportion"": 0.0, ""confidence"": [0.0, 0.7934506856227626], ""p_value"": 1.0, ""contingency"": [[0, 1], [383, 24268]]}",{}
248,NC00962.3,EMB-0.2-0.95,0.0,GARC1,RUS,EMB,embB@F330I,U,{},"{""proportion"": 0.0, ""confidence"": [0.0, 0.43448246478317476], ""p_value"": 0.5904, ""contingency"": [[0, 5], [383, 24268]]}",{}
249,NC00962.3,EMB-0.2-0.95,0.0,GARC1,RUS,EMB,embA@A438T,U,{},"{""proportion"": 0.0, ""confidence"": [0.0, 0.7934506856227626], ""p_value"": 1.0, ""contingency"": [[0, 1], [383, 24268]]}",{}
250,NC00962.3,EMB-0.2-0.95,0.0,GARC1,RUS,EMB,embA@g-43t,U,{},"{""proportion"": 0.0, ""confidence"": [0.0, 0.7934506856227626], ""p_value"": 1.0, ""contingency"": [[0, 1], [383, 24268]]}",{}
251,NC00962.3,EMB-0.2-0.95,0.0,GARC1,RUS,EMB,embA@2602_ins_tgg,U,{},"{""proportion"": 0.0, ""confidence"": [4.8683609171202235e-17, 0.5614970317550455], ""p_value"": 1.0, ""contingency"": [[0, 3], [383, 24268]]}",{}
252,NC00962.3,EMB-0.2-0.95,0.0,GARC1,RUS,EMB,embA@-32_del_g,U,{},"{""proportion"": 0.0, ""confidence"": [4.8683609171202235e-17, 0.5614970317550455], ""p_value"": 1.0, ""contingency"": [[0, 3], [383, 24268]]}",{}
253,NC00962.3,EMB-0.2-0.95,0.0,GARC1,RUS,EMB,embB@T893A,U,{},"{""proportion"": 0.0, ""confidence"": [0.0, 0.7934506856227626], ""p_value"": 1.0, ""contingency"": [[0, 1], [383, 24268]]}",{}
254,NC00962.3,EMB-0.2-0.95,0.0,GARC1,RUS,EMB,embA@A60D,U,{},"{""proportion"": 0.0, ""confidence"": [0.0, 0.7934506856227626], ""p_value"": 1.0, ""contingency"": [[0, 1], [383, 24268]]}",{}
255,NC00962.3,EMB-0.2-0.95,0.0,GARC1,RUS,EMB,embA@A430T,U,{},"{""proportion"": 0.0, ""confidence"": [0.0, 0.7934506856227626], ""p_value"": 1.0, ""contingency"": [[0, 1], [383, 24268]]}",{}
256,NC00962.3,EMB-0.2-0.95,0.0,GARC1,RUS,EMB,embB@V456A,U,{},"{""proportion"": 0.0, ""confidence"": [0.0, 0.6576197724933469], ""p_value"": 1.0, ""contingency"": [[0, 2], [383, 24268]]}",{}
257,NC00962.3,EMB-0.2-0.95,0.0,GARC1,RUS,EMB,embA@-28_del_t,U,{},"{""proportion"": 0.0, ""confidence"": [0.0, 0.43448246478317476], ""p_value"": 0.5904, ""contingency"": [[0, 5], [383, 24268]]}",{}
258,NC00962.3,EMB-0.2-0.95,0.0,GARC1,RUS,EMB,embA@G350A,U,{},"{""proportion"": 0.0, ""confidence"": [0.0, 0.7934506856227626], ""p_value"": 1.0, ""contingency"": [[0, 1], [383, 24268]]}",{}
259,NC00962.3,EMB-0.2-0.95,0.0,GARC1,RUS,EMB,embA@A557T,U,{},"{""proportion"": 0.0, ""confidence"": [0.0, 0.7934506856227626], ""p_value"": 1.0, ""contingency"": [[0, 1], [383, 24268]]}",{}
260,NC00962.3,EMB-0.2-0.95,0.0,GARC1,RUS,EMB,embB@V283M,U,{},"{""proportion"": 0.0, ""confidence"": [3.584186086443356e-17, 0.3543304350666874], ""p_value"": 0.35774719999999993, ""contingency"": [[0, 7], [383, 24268]]}",{}
261,NC00962.3,EMB-0.2-0.95,0.0,GARC1,RUS,EMB,embA@L208F,U,{},"{""proportion"": 0.0, ""confidence"": [0.0, 0.6576197724933469], ""p_value"": 1.0, ""contingency"": [[0, 2], [383, 24268]]}",{}
262,NC00962.3,EMB-0.2-0.95,0.0,GARC1,RUS,EMB,embA@G332E,U,{},"{""proportion"": 0.0, ""confidence"": [4.8683609171202235e-17, 0.5614970317550455], ""p_value"": 1.0, ""contingency"": [[0, 3], [383, 24268]]}",{}
263,NC00962.3,EMB-0.2-0.95,0.0,GARC1,RUS,EMB,embB@L953M,U,{},"{""proportion"": 0.0, ""confidence"": [0.0, 0.7934506856227626], ""p_value"": 1.0, ""contingency"": [[0, 1], [383, 24268]]}",{}
264,NC00962.3,EMB-0.2-0.95,0.0,GARC1,RUS,EMB,embA@E508K,U,{},"{""proportion"": 0.0, ""confidence"": [0.0, 0.7934506856227626], ""p_value"": 1.0, ""contingency"": [[0, 1], [383, 24268]]}",{}
265,NC00962.3,EMB-0.2-0.95,0.0,GARC1,RUS,EMB,embB@A438T,U,{},"{""proportion"": 0.0, ""confidence"": [4.8683609171202235e-17, 0.5614970317550455], ""p_value"": 1.0, ""contingency"": [[0, 3], [383, 24268]]}",{}
266,NC00962.3,EMB-0.2-0.95,0.0,GARC1,RUS,EMB,embA@I655T,U,{},"{""proportion"": 0.0, ""confidence"": [0.0, 0.7934506856227626], ""p_value"": 1.0, ""contingency"": [[0, 1], [383, 24268]]}",{}
267,NC00962.3,EMB-0.2-0.95,0.0,GARC1,RUS,EMB,embB@D280N,U,{},"{""proportion"": 0.0, ""confidence"": [4.8683609171202235e-17, 0.5614970317550455], ""p_value"": 1.0, ""contingency"": [[0, 3], [383, 24268]]}",{}
268,NC00962.3,EMB-0.2-0.95,0.0,GARC1,RUS,EMB,embA@M840V,U,{},"{""proportion"": 0.0, ""confidence"": [0.0, 0.7934506856227626], ""p_value"": 1.0, ""contingency"": [[0, 1], [383, 24268]]}",{}
269,NC00962.3,EMB-0.2-0.95,0.0,GARC1,RUS,EMB,embA@L215P,U,{},"{""proportion"": 0.0, ""confidence"": [0.0, 0.4898908364545973], ""p_value"": 1.0, ""contingency"": [[0, 4], [383, 24268]]}",{}
270,NC00962.3,EMB-0.2-0.95,0.0,GARC1,RUS,EMB,embA@A1072T,U,{},"{""proportion"": 0.0, ""confidence"": [0.0, 0.6576197724933469], ""p_value"": 1.0, ""contingency"": [[0, 2], [383, 24268]]}",{}
271,NC00962.3,EMB-0.2-0.95,0.0,GARC1,RUS,EMB,embB@G580S,U,{},"{""proportion"": 0.0, ""confidence"": [0.0, 0.7934506856227626], ""p_value"": 1.0, ""contingency"": [[0, 1], [383, 24268]]}",{}
272,NC00962.3,EMB-0.2-0.95,0.0,GARC1,RUS,EMB,embB@P12Q,U,{},"{""proportion"": 0.0, ""confidence"": [0.0, 0.4898908364545973], ""p_value"": 1.0, ""contingency"": [[0, 4], [383, 24268]]}",{}
273,NC00962.3,EMB-0.2-0.95,0.0,GARC1,RUS,EMB,embB@K882E,U,{},"{""proportion"": 0.0, ""confidence"": [0.0, 0.7934506856227626], ""p_value"": 1.0, ""contingency"": [[0, 1], [383, 24268]]}",{}
274,NC00962.3,EMB-0.2-0.95,0.0,GARC1,RUS,EMB,embA@G771D,U,{},"{""proportion"": 0.0, ""confidence"": [0.0, 0.7934506856227626], ""p_value"": 1.0, ""contingency"": [[0, 1], [383, 24268]]}",{}
275,NC00962.3,EMB-0.2-0.95,0.0,GARC1,RUS,EMB,embA@c-23t,U,{},"{""proportion"": 0.0, ""confidence"": [0.0, 0.7934506856227626], ""p_value"": 1.0, ""contingency"": [[0, 1], [383, 24268]]}",{}
276,NC00962.3,EMB-0.2-0.95,0.0,GARC1,RUS,EMB,embA@g-17a,U,{},"{""proportion"": 0.05263157894736842, ""confidence"": [0.009351994062300369, 0.2463873116689879], ""p_value"": 0.15046629904073372, ""contingency"": [[1, 18], [383, 24268]]}",{}
277,NC00962.3,EMB-0.2-0.95,0.0,GARC1,RUS,EMB,embA@-31_del_c,U,{},"{""proportion"": 0.0, ""confidence"": [0.0, 0.7934506856227626], ""p_value"": 1.0, ""contingency"": [[0, 1], [383, 24268]]}",{}
278,NC00962.3,EMB-0.2-0.95,0.0,GARC1,RUS,EMB,embB@V77L,U,{},"{""proportion"": 0.0, ""confidence"": [0.0, 0.7934506856227626], ""p_value"": 1.0, ""contingency"": [[0, 1], [383, 24268]]}",{}
279,NC00962.3,EMB-0.2-0.95,0.0,GARC1,RUS,EMB,embA@V394A,U,{},"{""proportion"": 0.0, ""confidence"": [0.0, 0.7934506856227626], ""p_value"": 1.0, ""contingency"": [[0, 1], [383, 24268]]}",{}
280,NC00962.3,EMB-0.2-0.95,0.0,GARC1,RUS,EMB,embA@F471L,U,{},"{""proportion"": 0.0, ""confidence"": [4.8683609171202235e-17, 0.5614970317550455], ""p_value"": 1.0, ""contingency"": [[0, 3], [383, 24268]]}",{}
281,NC00962.3,EMB-0.2-0.95,0.0,GARC1,RUS,EMB,embA@G180R,U,{},"{""proportion"": 0.0, ""confidence"": [0.0, 0.6576197724933469], ""p_value"": 1.0, ""contingency"": [[0, 2], [383, 24268]]}",{}
282,NC00962.3,EMB-0.2-0.95,0.0,GARC1,RUS,EMB,embA@N803K,U,{},"{""proportion"": 0.0, ""confidence"": [0.0, 0.6576197724933469], ""p_value"": 1.0, ""contingency"": [[0, 2], [383, 24268]]}",{}
283,NC00962.3,EMB-0.2-0.95,0.0,GARC1,RUS,EMB,embA@A328D,U,{},"{""proportion"": 0.0, ""confidence"": [0.0, 0.7934506856227626], ""p_value"": 1.0, ""contingency"": [[0, 1], [383, 24268]]}",{}
284,NC00962.3,EMB-0.2-0.95,0.0,GARC1,RUS,EMB,embB@S480L,U,{},"{""proportion"": 0.0, ""confidence"": [0.0, 0.6576197724933469], ""p_value"": 1.0, ""contingency"": [[0, 2], [383, 24268]]}",{}
285,NC00962.3,EMB-0.2-0.95,0.0,GARC1,RUS,EMB,embA@R358Q,U,{},"{""proportion"": 0.0, ""confidence"": [0.0, 0.7934506856227626], ""p_value"": 1.0, ""contingency"": [[0, 1], [383, 24268]]}",{}
286,NC00962.3,EMB-0.2-0.95,0.0,GARC1,RUS,EMB,embB@Q445R,U,{},"{""proportion"": 0.5, ""confidence"": [0.09453120573423071, 0.9054687942657693], ""p_value"": 0.3600000000000001, ""contingency"": [[1, 1], [383, 24268]]}",{}
287,NC00962.3,EMB-0.2-0.95,0.0,GARC1,RUS,EMB,embB@M316V,U,{},"{""proportion"": 0.0, ""confidence"": [0.0, 0.7934506856227626], ""p_value"": 1.0, ""contingency"": [[0, 1], [383, 24268]]}",{}
288,NC00962.3,EMB-0.2-0.95,0.0,GARC1,RUS,EMB,embA@D737E,U,{},"{""proportion"": 0.0, ""confidence"": [0.0, 0.7934506856227626], ""p_value"": 1.0, ""contingency"": [[0, 1], [383, 24268]]}",{}
289,NC00962.3,EMB-0.2-0.95,0.0,GARC1,RUS,EMB,embB@G175R,U,{},"{""proportion"": 0.0, ""confidence"": [4.8683609171202235e-17, 0.5614970317550455], ""p_value"": 1.0, ""contingency"": [[0, 3], [383, 24268]]}",{}
290,NC00962.3,EMB-0.2-0.95,0.0,GARC1,RUS,EMB,embB@A221S,U,{},"{""proportion"": 1.0, ""confidence"": [0.20654931437723742, 1.0], ""p_value"": 0.2, ""contingency"": [[1, 0], [383, 24268]]}",{}
291,NC00962.3,EMB-0.2-0.95,0.0,GARC1,RUS,EMB,embA@D273G,U,{},"{""proportion"": 0.0, ""confidence"": [4.8683609171202235e-17, 0.5614970317550455], ""p_value"": 1.0, ""contingency"": [[0, 3], [383, 24268]]}",{}
292,NC00962.3,EMB-0.2-0.95,0.0,GARC1,RUS,EMB,embB@T275N,U,{},"{""proportion"": 0.0, ""confidence"": [0.0, 0.7934506856227626], ""p_value"": 1.0, ""contingency"": [[0, 1], [383, 24268]]}",{}
293,NC00962.3,EMB-0.2-0.95,0.0,GARC1,RUS,EMB,embB@R7T,U,{},"{""proportion"": 0.0, ""confidence"": [3.384324554477539e-17, 0.39033428790216534], ""p_value"": 0.6067840000000001, ""contingency"": [[0, 6], [383, 24268]]}",{}
294,NC00962.3,EMB-0.2-0.95,0.0,GARC1,RUS,EMB,embA@I155M,U,{},"{""proportion"": 0.0, ""confidence"": [0.0, 0.32440756488388023], ""p_value"": 0.37085440000000003, ""contingency"": [[0, 8], [383, 24268]]}",{}
295,NC00962.3,EMB-0.2-0.95,0.0,GARC1,RUS,EMB,embA@V283L,U,{},"{""proportion"": 0.0, ""confidence"": [0.0, 0.7934506856227626], ""p_value"": 1.0, ""contingency"": [[0, 1], [383, 24268]]}",{}
296,NC00962.3,EMB-0.2-0.95,0.0,GARC1,RUS,EMB,embB@A454T,U,{},"{""proportion"": 0.0, ""confidence"": [4.8683609171202235e-17, 0.5614970317550455], ""p_value"": 1.0, ""contingency"": [[0, 3], [383, 24268]]}",{}
297,NC00962.3,EMB-0.2-0.95,0.0,GARC1,RUS,EMB,embA@P645L,U,{},"{""proportion"": 0.0, ""confidence"": [4.8683609171202235e-17, 0.5614970317550455], ""p_value"": 1.0, ""contingency"": [[0, 3], [383, 24268]]}",{}
298,NC00962.3,EMB-0.2-0.95,0.0,GARC1,RUS,EMB,embB@L686V,U,{},"{""proportion"": 0.0, ""confidence"": [0.0, 0.7934506856227626], ""p_value"": 1.0, ""contingency"": [[0, 1], [383, 24268]]}",{}
299,NC00962.3,EMB-0.2-0.95,0.0,GARC1,RUS,EMB,embB@D1056E,U,{},"{""proportion"": 0.0, ""confidence"": [0.0, 0.4898908364545973], ""p_value"": 1.0, ""contingency"": [[0, 4], [383, 24268]]}",{}
300,NC00962.3,EMB-0.2-0.95,0.0,GARC1,RUS,EMB,embB@V783I,U,{},"{""proportion"": 0.0, ""confidence"": [0.0, 0.7934506856227626], ""p_value"": 1.0, ""contingency"": [[0, 1], [383, 24268]]}",{}
301,NC00962.3,EMB-0.2-0.95,0.0,GARC1,RUS,EMB,embA@A549P,U,{},"{""proportion"": 0.0, ""confidence"": [0.0, 0.6576197724933469], ""p_value"": 1.0, ""contingency"": [[0, 2], [383, 24268]]}",{}
302,NC00962.3,EMB-0.2-0.95,0.0,GARC1,RUS,EMB,embA@V583A,U,{},"{""proportion"": 0.0, ""confidence"": [0.0, 0.7934506856227626], ""p_value"": 1.0, ""contingency"": [[0, 1], [383, 24268]]}",{}
303,NC00962.3,EMB-0.2-0.95,0.0,GARC1,RUS,EMB,embA@H10P,U,{},"{""proportion"": 0.0, ""confidence"": [0.0, 0.6576197724933469], ""p_value"": 1.0, ""contingency"": [[0, 2], [383, 24268]]}",{}
304,NC00962.3,EMB-0.2-0.95,0.0,GARC1,RUS,EMB,embB@D243H,U,{},"{""proportion"": 0.0, ""confidence"": [0.0, 0.6576197724933469], ""p_value"": 1.0, ""contingency"": [[0, 2], [383, 24268]]}",{}
305,NC00962.3,EMB-0.2-0.95,0.0,GARC1,RUS,EMB,embB@I303L,U,{},"{""proportion"": 0.0, ""confidence"": [3.384324554477539e-17, 0.39033428790216534], ""p_value"": 0.6067840000000001, ""contingency"": [[0, 6], [383, 24268]]}",{}
306,NC00962.3,EMB-0.2-0.95,0.0,GARC1,RUS,EMB,embA@A617T,U,{},"{""proportion"": 0.0, ""confidence"": [0.0, 0.7934506856227626], ""p_value"": 1.0, ""contingency"": [[0, 1], [383, 24268]]}",{}
307,NC00962.3,EMB-0.2-0.95,0.0,GARC1,RUS,EMB,embA@A852S,U,{},"{""proportion"": 0.0, ""confidence"": [0.0, 0.6576197724933469], ""p_value"": 1.0, ""contingency"": [[0, 2], [383, 24268]]}",{}
308,NC00962.3,EMB-0.2-0.95,0.0,GARC1,RUS,EMB,embB@T643I,U,{},"{""proportion"": 0.0, ""confidence"": [0.0, 0.32440756488388023], ""p_value"": 0.37085440000000003, ""contingency"": [[0, 8], [383, 24268]]}",{}
309,NC00962.3,EMB-0.2-0.95,0.0,GARC1,RUS,EMB,embA@G403R,U,{},"{""proportion"": 0.0, ""confidence"": [0.0, 0.7934506856227626], ""p_value"": 1.0, ""contingency"": [[0, 1], [383, 24268]]}",{}
310,NC00962.3,EMB-0.2-0.95,0.0,GARC1,RUS,EMB,embA@A320V,U,{},"{""proportion"": 0.0, ""confidence"": [0.0, 0.7934506856227626], ""p_value"": 1.0, ""contingency"": [[0, 1], [383, 24268]]}",{}
311,NC00962.3,EMB-0.2-0.95,0.0,GARC1,RUS,EMB,embA@A150V,U,{},"{""proportion"": 0.0, ""confidence"": [0.0, 0.7934506856227626], ""p_value"": 1.0, ""contingency"": [[0, 1], [383, 24268]]}",{}
312,NC00962.3,EMB-0.2-0.95,0.0,GARC1,RUS,EMB,embB@D240G,U,{},"{""proportion"": 0.0, ""confidence"": [4.8683609171202235e-17, 0.5614970317550455], ""p_value"": 1.0, ""contingency"": [[0, 3], [383, 24268]]}",{}
313,NC00962.3,EMB-0.2-0.95,0.0,GARC1,RUS,EMB,embB@S174R,U,{},"{""proportion"": 0.0, ""confidence"": [0.0, 0.6576197724933469], ""p_value"": 1.0, ""contingency"": [[0, 2], [383, 24268]]}",{}
314,NC00962.3,EMB-0.2-0.95,0.0,GARC1,RUS,EMB,embA@N54D,U,{},"{""proportion"": 0.3333333333333333, ""confidence"": [0.09677141110578043, 0.7000066848616079], ""p_value"": 0.3446400000000002, ""contingency"": [[2, 4], [383, 24268]]}",{}
315,NC00962.3,EMB-0.2-0.95,0.0,GARC1,RUS,EMB,embB@P143S,U,{},"{""proportion"": 0.0, ""confidence"": [0.0, 0.6576197724933469], ""p_value"": 1.0, ""contingency"": [[0, 2], [383, 24268]]}",{}
316,NC00962.3,EMB-0.2-0.95,0.0,GARC1,RUS,EMB,embA@V479M,U,{},"{""proportion"": 0.0, ""confidence"": [0.0, 0.7934506856227626], ""p_value"": 1.0, ""contingency"": [[0, 1], [383, 24268]]}",{}
317,NC00962.3,EMB-0.2-0.95,0.0,GARC1,RUS,EMB,embB@Y319N,U,{},"{""proportion"": 0.0, ""confidence"": [0.0, 0.7934506856227626], ""p_value"": 1.0, ""contingency"": [[0, 1], [383, 24268]]}",{}
318,NC00962.3,EMB-0.2-0.95,0.0,GARC1,RUS,EMB,embB@D328H,U,{},"{""proportion"": 0.125, ""confidence"": [0.022417491450056667, 0.47088818221285345], ""p_value"": 1.0, ""contingency"": [[1, 7], [383, 24268]]}",{}
319,NC00962.3,EMB-0.2-0.95,0.0,GARC1,RUS,EMB,embB@V803M,U,{},"{""proportion"": 0.0, ""confidence"": [4.8683609171202235e-17, 0.5614970317550455], ""p_value"": 1.0, ""contingency"": [[0, 3], [383, 24268]]}",{}
320,NC00962.3,EMB-0.2-0.95,0.0,GARC1,RUS,EMB,embB@M389V,U,{},"{""proportion"": 0.0, ""confidence"": [0.0, 0.7934506856227626], ""p_value"": 1.0, ""contingency"": [[0, 1], [383, 24268]]}",{}
321,NC00962.3,EMB-0.2-0.95,0.0,GARC1,RUS,EMB,embB@E958A,U,{},"{""proportion"": 0.0, ""confidence"": [0.0, 0.43448246478317476], ""p_value"": 0.5904, ""contingency"": [[0, 5], [383, 24268]]}",{}
322,NC00962.3,EMB-0.2-0.95,0.0,GARC1,RUS,EMB,embB@A505V,U,{},"{""proportion"": 0.0, ""confidence"": [0.0, 0.6576197724933469], ""p_value"": 1.0, ""contingency"": [[0, 2], [383, 24268]]}",{}
323,NC00962.3,EMB-0.2-0.95,0.0,GARC1,RUS,EMB,embB@D78G,U,{},"{""proportion"": 0.0, ""confidence"": [0.0, 0.32440756488388023], ""p_value"": 0.37085440000000003, ""contingency"": [[0, 8], [383, 24268]]}",{}
324,NC00962.3,EMB-0.2-0.95,0.0,GARC1,RUS,EMB,embA@T238I,U,{},"{""proportion"": 0.0, ""confidence"": [0.0, 0.7934506856227626], ""p_value"": 1.0, ""contingency"": [[0, 1], [383, 24268]]}",{}
325,NC00962.3,EMB-0.2-0.95,0.0,GARC1,RUS,EMB,embA@G700C,U,{},"{""proportion"": 0.0, ""confidence"": [0.0, 0.7934506856227626], ""p_value"": 1.0, ""contingency"": [[0, 1], [383, 24268]]}",{}
326,NC00962.3,EMB-0.2-0.95,0.0,GARC1,RUS,EMB,embA@A721V,U,{},"{""proportion"": 0.0, ""confidence"": [0.0, 0.7934506856227626], ""p_value"": 1.0, ""contingency"": [[0, 1], [383, 24268]]}",{}
327,NC00962.3,EMB-0.2-0.95,0.0,GARC1,RUS,EMB,embA@D1053G,U,{},"{""proportion"": 0.0, ""confidence"": [4.8683609171202235e-17, 0.5614970317550455], ""p_value"": 1.0, ""contingency"": [[0, 3], [383, 24268]]}",{}
328,NC00962.3,EMB-0.2-0.95,0.0,GARC1,RUS,EMB,embA@E397G,U,{},"{""proportion"": 0.0, ""confidence"": [0.0, 0.7934506856227626], ""p_value"": 1.0, ""contingency"": [[0, 1], [383, 24268]]}",{}
329,NC00962.3,EMB-0.2-0.95,0.0,GARC1,RUS,EMB,embA@A955T,U,{},"{""proportion"": 0.0, ""confidence"": [0.0, 0.7934506856227626], ""p_value"": 1.0, ""contingency"": [[0, 1], [383, 24268]]}",{}
330,NC00962.3,EMB-0.2-0.95,0.0,GARC1,RUS,EMB,embA@Q1004P,U,{},"{""proportion"": 0.0, ""confidence"": [0.0, 0.20388330103584862], ""p_value"": 0.05324317907353598, ""contingency"": [[0, 15], [383, 24268]]}",{}
331,NC00962.3,EMB-0.2-0.95,0.0,GARC1,RUS,EMB,embA@G844R,U,{},"{""proportion"": 0.0, ""confidence"": [0.0, 0.7934506856227626], ""p_value"": 1.0, ""contingency"": [[0, 1], [383, 24268]]}",{}
332,NC00962.3,EMB-0.2-0.95,0.0,GARC1,RUS,EMB,embB@V414L,U,{},"{""proportion"": 0.0, ""confidence"": [0.0, 0.7934506856227626], ""p_value"": 1.0, ""contingency"": [[0, 1], [383, 24268]]}",{}
333,NC00962.3,EMB-0.2-0.95,0.0,GARC1,RUS,EMB,embB@T857A,U,{},"{""proportion"": 0.0, ""confidence"": [0.0, 0.7934506856227626], ""p_value"": 1.0, ""contingency"": [[0, 1], [383, 24268]]}",{}
334,NC00962.3,EMB-0.2-0.95,0.0,GARC1,RUS,EMB,embB@A454V,U,{},"{""proportion"": 1.0, ""confidence"": [0.20654931437723742, 1.0], ""p_value"": 0.2, ""contingency"": [[1, 0], [383, 24268]]}",{}
335,NC00962.3,EMB-0.2-0.95,0.0,GARC1,RUS,EMB,embB@G1081D,U,{},"{""proportion"": 0.0, ""confidence"": [0.0, 0.7934506856227626], ""p_value"": 1.0, ""contingency"": [[0, 1], [383, 24268]]}",{}
336,NC00962.3,EMB-0.2-0.95,0.0,GARC1,RUS,EMB,embA@G220E,U,{},"{""proportion"": 0.0, ""confidence"": [0.0, 0.4898908364545973], ""p_value"": 1.0, ""contingency"": [[0, 4], [383, 24268]]}",{}
337,NC00962.3,EMB-0.2-0.95,0.0,GARC1,RUS,EMB,embB@S73L,U,{},"{""proportion"": 0.0, ""confidence"": [0.0, 0.7934506856227626], ""p_value"": 1.0, ""contingency"": [[0, 1], [383, 24268]]}",{}
338,NC00962.3,EMB-0.2-0.95,0.0,GARC1,RUS,EMB,embA@G135D,U,{},"{""proportion"": 0.0, ""confidence"": [0.0, 0.7934506856227626], ""p_value"": 1.0, ""contingency"": [[0, 1], [383, 24268]]}",{}
339,NC00962.3,EMB-0.2-0.95,0.0,GARC1,RUS,EMB,embB@S651C,U,{},"{""proportion"": 0.0, ""confidence"": [0.0, 0.6576197724933469], ""p_value"": 1.0, ""contingency"": [[0, 2], [383, 24268]]}",{}
340,NC00962.3,EMB-0.2-0.95,0.0,GARC1,RUS,EMB,embB@P1074A,U,{},"{""proportion"": 0.0, ""confidence"": [0.0, 0.7934506856227626], ""p_value"": 1.0, ""contingency"": [[0, 1], [383, 24268]]}",{}
341,NC00962.3,EMB-0.2-0.95,0.0,GARC1,RUS,EMB,embB@N886T,U,{},"{""proportion"": 0.0, ""confidence"": [4.8683609171202235e-17, 0.5614970317550455], ""p_value"": 1.0, ""contingency"": [[0, 3], [383, 24268]]}",{}
342,NC00962.3,EMB-0.2-0.95,0.0,GARC1,RUS,EMB,embA@A371T,U,{},"{""proportion"": 0.0, ""confidence"": [0.0, 0.7934506856227626], ""p_value"": 1.0, ""contingency"": [[0, 1], [383, 24268]]}",{}
343,NC00962.3,EMB-0.2-0.95,0.0,GARC1,RUS,EMB,embA@G321A,U,{},"{""proportion"": 0.0, ""confidence"": [0.0, 0.6576197724933469], ""p_value"": 1.0, ""contingency"": [[0, 2], [383, 24268]]}",{}
344,NC00962.3,EMB-0.2-0.95,0.0,GARC1,RUS,EMB,embB@F763V,U,{},"{""proportion"": 0.0, ""confidence"": [0.0, 0.7934506856227626], ""p_value"": 1.0, ""contingency"": [[0, 1], [383, 24268]]}",{}
345,NC00962.3,EMB-0.2-0.95,0.0,GARC1,RUS,EMB,embA@G352S,U,{},"{""proportion"": 0.0, ""confidence"": [0.0, 0.43448246478317476], ""p_value"": 0.5904, ""contingency"": [[0, 5], [383, 24268]]}",{}
346,NC00962.3,EMB-0.2-0.95,0.0,GARC1,RUS,EMB,embA@N376D,U,{},"{""proportion"": 0.0, ""confidence"": [0.0, 0.7934506856227626], ""p_value"": 1.0, ""contingency"": [[0, 1], [383, 24268]]}",{}
347,NC00962.3,EMB-0.2-0.95,0.0,GARC1,RUS,EMB,embA@g-76c,U,{},"{""proportion"": 0.1, ""confidence"": [0.03459988874733419, 0.2562108257918408], ""p_value"": 0.25136156030820767, ""contingency"": [[3, 27], [383, 24268]]}",{}
348,NC00962.3,EMB-0.2-0.95,0.0,GARC1,RUS,EMB,embA@V125E,U,{},"{""proportion"": 0.0, ""confidence"": [0.0, 0.6576197724933469], ""p_value"": 1.0, ""contingency"": [[0, 2], [383, 24268]]}",{}
349,NC00962.3,EMB-0.2-0.95,0.0,GARC1,RUS,EMB,embB@G156D,U,{},"{""proportion"": 0.0, ""confidence"": [0.0, 0.7934506856227626], ""p_value"": 1.0, ""contingency"": [[0, 1], [383, 24268]]}",{}
350,NC00962.3,EMB-0.2-0.95,0.0,GARC1,RUS,EMB,embB@A604G,U,{},"{""proportion"": 0.0, ""confidence"": [0.0, 0.6576197724933469], ""p_value"": 1.0, ""contingency"": [[0, 2], [383, 24268]]}",{}
351,NC00962.3,EMB-0.2-0.95,0.0,GARC1,RUS,EMB,embB@G603R,U,{},"{""proportion"": 0.1111111111111111, ""confidence"": [0.019890887638544918, 0.434999705576656], ""p_value"": 1.0, ""contingency"": [[1, 8], [383, 24268]]}",{}
352,NC00962.3,EMB-0.2-0.95,0.0,GARC1,RUS,EMB,embA@G149D,U,{},"{""proportion"": 0.0, ""confidence"": [0.0, 0.7934506856227626], ""p_value"": 1.0, ""contingency"": [[0, 1], [383, 24268]]}",{}
353,NC00962.3,EMB-0.2-0.95,0.0,GARC1,RUS,EMB,embB@D1056A,U,{},"{""proportion"": 1.0, ""confidence"": [0.20654931437723742, 1.0], ""p_value"": 0.2, ""contingency"": [[1, 0], [383, 24268]]}",{}
354,NC00962.3,EMB-0.2-0.95,0.0,GARC1,RUS,EMB,embB@D240N,U,{},"{""proportion"": 0.0, ""confidence"": [4.8683609171202235e-17, 0.5614970317550455], ""p_value"": 1.0, ""contingency"": [[0, 3], [383, 24268]]}",{}
355,NC00962.3,EMB-0.2-0.95,0.0,GARC1,RUS,EMB,embA@V541M,U,{},"{""proportion"": 0.0, ""confidence"": [0.0, 0.7934506856227626], ""p_value"": 1.0, ""contingency"": [[0, 1], [383, 24268]]}",{}
356,NC00962.3,EMB-0.2-0.95,0.0,GARC1,RUS,EMB,embB@G100S,U,{},"{""proportion"": 0.0, ""confidence"": [0.0, 0.32440756488388023], ""p_value"": 0.37085440000000003, ""contingency"": [[0, 8], [383, 24268]]}",{}
357,NC00962.3,EMB-0.2-0.95,0.0,GARC1,RUS,EMB,embB@E378D,U,{},"{""proportion"": 0.0, ""confidence"": [0.0, 0.7934506856227626], ""p_value"": 1.0, ""contingency"": [[0, 1], [383, 24268]]}",{}
358,NC00962.3,EMB-0.2-0.95,0.0,GARC1,RUS,EMB,embB@T498N,U,{},"{""proportion"": 0.0, ""confidence"": [0.0, 0.4898908364545973], ""p_value"": 1.0, ""contingency"": [[0, 4], [383, 24268]]}",{}
359,NC00962.3,EMB-0.2-0.95,0.0,GARC1,RUS,EMB,embB@S617L,U,{},"{""proportion"": 0.0, ""confidence"": [0.0, 0.7934506856227626], ""p_value"": 1.0, ""contingency"": [[0, 1], [383, 24268]]}",{}
360,NC00962.3,EMB-0.2-0.95,0.0,GARC1,RUS,EMB,embB@P136S,U,{},"{""proportion"": 0.0, ""confidence"": [0.0, 0.6576197724933469], ""p_value"": 1.0, ""contingency"": [[0, 2], [383, 24268]]}",{}
361,NC00962.3,EMB-0.2-0.95,0.0,GARC1,RUS,EMB,embA@A316P,U,{},"{""proportion"": 0.0, ""confidence"": [0.0, 0.7934506856227626], ""p_value"": 1.0, ""contingency"": [[0, 1], [383, 24268]]}",{}
362,NC00962.3,EMB-0.2-0.95,0.0,GARC1,RUS,EMB,embB@A113T,U,{},"{""proportion"": 0.0, ""confidence"": [0.0, 0.7934506856227626], ""p_value"": 1.0, ""contingency"": [[0, 1], [383, 24268]]}",{}
363,NC00962.3,EMB-0.2-0.95,0.0,GARC1,RUS,EMB,embB@P1091Q,U,{},"{""proportion"": 0.0, ""confidence"": [0.0, 0.7934506856227626], ""p_value"": 1.0, ""contingency"": [[0, 1], [383, 24268]]}",{}
364,NC00962.3,EMB-0.2-0.95,0.0,GARC1,RUS,EMB,embB@A680T,U,{},"{""proportion"": 0.0, ""confidence"": [0.0, 0.4898908364545973], ""p_value"": 1.0, ""contingency"": [[0, 4], [383, 24268]]}",{}
365,NC00962.3,EMB-0.2-0.95,0.0,GARC1,RUS,EMB,embA@-26_del_a,U,{},"{""proportion"": 1.0, ""confidence"": [0.20654931437723742, 1.0], ""p_value"": 0.2, ""contingency"": [[1, 0], [383, 24268]]}",{}
366,NC00962.3,EMB-0.2-0.95,0.0,GARC1,RUS,EMB,embA@P752L,U,{},"{""proportion"": 0.0, ""confidence"": [0.0, 0.6576197724933469], ""p_value"": 1.0, ""contingency"": [[0, 2], [383, 24268]]}",{}
367,NC00962.3,EMB-0.2-0.95,0.0,GARC1,RUS,EMB,embB@I489S,U,{},"{""proportion"": 0.0, ""confidence"": [0.0, 0.7934506856227626], ""p_value"": 1.0, ""contingency"": [[0, 1], [383, 24268]]}",{}
368,NC00962.3,EMB-0.2-0.95,0.0,GARC1,RUS,EMB,embA@D4Y,U,{},"{""proportion"": 0.0, ""confidence"": [0.0, 0.7934506856227626], ""p_value"": 1.0, ""contingency"": [[0, 1], [383, 24268]]}",{}
369,NC00962.3,EMB-0.2-0.95,0.0,GARC1,RUS,EMB,embB@E504D,U,{},"{""proportion"": 0.5, ""confidence"": [0.15003898915214947, 0.8499610108478506], ""p_value"": 0.18080000000000004, ""contingency"": [[2, 2], [383, 24268]]}",{}
370,NC00962.3,EMB-0.2-0.95,0.0,GARC1,RUS,EMB,embB@P195H,U,{},"{""proportion"": 0.0, ""confidence"": [0.0, 0.32440756488388023], ""p_value"": 0.37085440000000003, ""contingency"": [[0, 8], [383, 24268]]}",{}
371,NC00962.3,EMB-0.2-0.95,0.0,GARC1,RUS,EMB,embA@T899S,U,{},"{""proportion"": 0.0, ""confidence"": [0.0, 0.7934506856227626], ""p_value"": 1.0, ""contingency"": [[0, 1], [383, 24268]]}",{}
372,NC00962.3,EMB-0.2-0.95,0.0,GARC1,RUS,EMB,embB@R1055S,U,{},"{""proportion"": 0.0, ""confidence"": [0.0, 0.7934506856227626], ""p_value"": 1.0, ""contingency"": [[0, 1], [383, 24268]]}",{}
373,NC00962.3,EMB-0.2-0.95,0.0,GARC1,RUS,EMB,embB@P708L,U,{},"{""proportion"": 0.0, ""confidence"": [0.0, 0.6576197724933469], ""p_value"": 1.0, ""contingency"": [[0, 2], [383, 24268]]}",{}
374,NC00962.3,EMB-0.2-0.95,0.0,GARC1,RUS,EMB,embB@S823R,U,{},"{""proportion"": 0.0, ""confidence"": [4.8683609171202235e-17, 0.5614970317550455], ""p_value"": 1.0, ""contingency"": [[0, 3], [383, 24268]]}",{}
375,NC00962.3,EMB-0.2-0.95,0.0,GARC1,RUS,EMB,embB@A451T,U,{},"{""proportion"": 0.0, ""confidence"": [0.0, 0.7934506856227626], ""p_value"": 1.0, ""contingency"": [[0, 1], [383, 24268]]}",{}
376,NC00962.3,EMB-0.2-0.95,0.0,GARC1,RUS,EMB,embB@910_ins_tgg,U,{},"{""proportion"": 0.5, ""confidence"": [0.09453120573423071, 0.9054687942657693], ""p_value"": 0.3600000000000001, ""contingency"": [[1, 1], [383, 24268]]}",{}
378,NC00962.3,EMB-0.2-0.95,0.0,GARC1,RUS,EMB,embB@Y334H,U,{},"{""proportion"": 0.0, ""confidence"": [0.0, 0.7934506856227626], ""p_value"": 1.0, ""contingency"": [[0, 1], [383, 24268]]}",{}
379,NC00962.3,EMB-0.2-0.95,0.0,GARC1,RUS,EMB,embA@-41_del_at,U,{},"{""proportion"": 1.0, ""confidence"": [0.20654931437723742, 1.0], ""p_value"": 0.2, ""contingency"": [[1, 0], [383, 24268]]}",{}
380,NC00962.3,EMB-0.2-0.95,0.0,GARC1,RUS,EMB,embB@T546I,U,{},"{""proportion"": 1.0, ""confidence"": [0.20654931437723742, 1.0], ""p_value"": 0.2, ""contingency"": [[1, 0], [383, 24268]]}",{}
381,NC00962.3,EMB-0.2-0.95,0.0,GARC1,RUS,EMB,embA@A571T,U,{},"{""proportion"": 0.0, ""confidence"": [0.0, 0.7934506856227626], ""p_value"": 1.0, ""contingency"": [[0, 1], [383, 24268]]}",{}
382,NC00962.3,EMB-0.2-0.95,0.0,GARC1,RUS,EMB,embB@G34E,U,{},"{""proportion"": 0.0, ""confidence"": [0.0, 0.7934506856227626], ""p_value"": 1.0, ""contingency"": [[0, 1], [383, 24268]]}",{}
383,NC00962.3,EMB-0.2-0.95,0.0,GARC1,RUS,EMB,embB@A228T,U,{},"{""proportion"": 0.0, ""confidence"": [0.0, 0.43448246478317476], ""p_value"": 0.5904, ""contingency"": [[0, 5], [383, 24268]]}",{}
384,NC00962.3,EMB-0.2-0.95,0.0,GARC1,RUS,EMB,embA@K677E,U,{},"{""proportion"": 0.0, ""confidence"": [0.0, 0.7934506856227626], ""p_value"": 1.0, ""contingency"": [[0, 1], [383, 24268]]}",{}
385,NC00962.3,EMB-0.2-0.95,0.0,GARC1,RUS,EMB,embA@T853A,U,{},"{""proportion"": 0.0, ""confidence"": [3.384324554477539e-17, 0.39033428790216534], ""p_value"": 0.6067840000000001, ""contingency"": [[0, 6], [383, 24268]]}",{}
386,NC00962.3,EMB-0.2-0.95,0.0,GARC1,RUS,EMB,embA@A23G,U,{},"{""proportion"": 0.0, ""confidence"": [0.0, 0.7934506856227626], ""p_value"": 1.0, ""contingency"": [[0, 1], [383, 24268]]}",{}
387,NC00962.3,EMB-0.2-0.95,0.0,GARC1,RUS,EMB,embA@V1078M,U,{},"{""proportion"": 0.0, ""confidence"": [0.0, 0.7934506856227626], ""p_value"": 1.0, ""contingency"": [[0, 1], [383, 24268]]}",{}
388,NC00962.3,EMB-0.2-0.95,0.0,GARC1,RUS,EMB,embA@T300M,U,{},"{""proportion"": 0.0, ""confidence"": [3.384324554477539e-17, 0.39033428790216534], ""p_value"": 0.6067840000000001, ""contingency"": [[0, 6], [383, 24268]]}",{}
389,NC00962.3,EMB-0.2-0.95,0.0,GARC1,RUS,EMB,embB@V282A,U,{},"{""proportion"": 0.0, ""confidence"": [3.384324554477539e-17, 0.39033428790216534], ""p_value"": 0.6067840000000001, ""contingency"": [[0, 6], [383, 24268]]}",{}
390,NC00962.3,EMB-0.2-0.95,0.0,GARC1,RUS,EMB,embB@Q853P,U,{},"{""proportion"": 0.14285714285714285, ""confidence"": [0.025679624344743555, 0.5131278292743189], ""p_value"": 1.0, ""contingency"": [[1, 6], [383, 24268]]}",{}
391,NC00962.3,EMB-0.2-0.95,0.0,GARC1,RUS,EMB,embA@t-82c,U,{},"{""proportion"": 0.0, ""confidence"": [0.0, 0.6576197724933469], ""p_value"": 1.0, ""contingency"": [[0, 2], [383, 24268]]}",{}
392,NC00962.3,EMB-0.2-0.95,0.0,GARC1,RUS,EMB,embA@V489I,U,{},"{""proportion"": 0.0, ""confidence"": [0.0, 0.7934506856227626], ""p_value"": 1.0, ""contingency"": [[0, 1], [383, 24268]]}",{}
393,NC00962.3,EMB-0.2-0.95,0.0,GARC1,RUS,EMB,embA@L659F,U,{},"{""proportion"": 0.0, ""confidence"": [0.0, 0.43448246478317476], ""p_value"": 0.5904, ""contingency"": [[0, 5], [383, 24268]]}",{}
394,NC00962.3,EMB-0.2-0.95,0.0,GARC1,RUS,EMB,embA@S340N,U,{},"{""proportion"": 0.0, ""confidence"": [0.0, 0.7934506856227626], ""p_value"": 1.0, ""contingency"": [[0, 1], [383, 24268]]}",{}
395,NC00962.3,EMB-0.2-0.95,0.0,GARC1,RUS,EMB,embB@G62R,U,{},"{""proportion"": 0.0, ""confidence"": [4.8683609171202235e-17, 0.5614970317550455], ""p_value"": 1.0, ""contingency"": [[0, 3], [383, 24268]]}",{}
396,NC00962.3,EMB-0.2-0.95,0.0,GARC1,RUS,EMB,embA@-40_del_t,U,{},"{""proportion"": 0.0, ""confidence"": [3.384324554477539e-17, 0.39033428790216534], ""p_value"": 0.6067840000000001, ""contingency"": [[0, 6], [383, 24268]]}",{}
397,NC00962.3,EMB-0.2-0.95,0.0,GARC1,RUS,EMB,embB@P70R,U,{},"{""proportion"": 0.0, ""confidence"": [0.0, 0.2991450484195441], ""p_value"": 0.21985945599999998, ""contingency"": [[0, 9], [383, 24268]]}",{}
398,NC00962.3,EMB-0.2-0.95,0.0,GARC1,RUS,EMB,embA@V613M,U,{},"{""proportion"": 0.0, ""confidence"": [0.0, 0.7934506856227626], ""p_value"": 1.0, ""contingency"": [[0, 1], [383, 24268]]}",{}
399,NC00962.3,EMB-0.2-0.95,0.0,GARC1,RUS,EMB,embB@V1048I,U,{},"{""proportion"": 0.0, ""confidence"": [0.0, 0.6576197724933469], ""p_value"": 1.0, ""contingency"": [[0, 2], [383, 24268]]}",{}
400,NC00962.3,EMB-0.2-0.95,0.0,GARC1,RUS,EMB,embA@D273N,U,{},"{""proportion"": 0.0, ""confidence"": [0.0, 0.7934506856227626], ""p_value"": 1.0, ""contingency"": [[0, 1], [383, 24268]]}",{}
401,NC00962.3,EMB-0.2-0.95,0.0,GARC1,RUS,EMB,embA@L233M,U,{},"{""proportion"": 0.0, ""confidence"": [0.0, 0.2775327998628892], ""p_value"": 0.22824806400000003, ""contingency"": [[0, 10], [383, 24268]]}",{}
402,NC00962.3,EMB-0.2-0.95,0.0,GARC1,RUS,EMB,embB@P655Q,U,{},"{""proportion"": 0.0, ""confidence"": [0.0, 0.4898908364545973], ""p_value"": 1.0, ""contingency"": [[0, 4], [383, 24268]]}",{}
403,NC00962.3,EMB-0.2-0.95,0.0,GARC1,RUS,EMB,embB@R620C,U,{},"{""proportion"": 0.0, ""confidence"": [2.1025014877572554e-17, 0.24249400665524087], ""p_value"": 0.141274976256, ""contingency"": [[0, 12], [383, 24268]]}",{}
404,NC00962.3,EMB-0.2-0.95,0.0,GARC1,RUS,EMB,embA@G1085V,U,{},"{""proportion"": 0.0, ""confidence"": [0.0, 0.7934506856227626], ""p_value"": 1.0, ""contingency"": [[0, 1], [383, 24268]]}",{}
405,NC00962.3,EMB-0.2-0.95,0.0,GARC1,RUS,EMB,embB@E951Q,U,{},"{""proportion"": 0.0, ""confidence"": [0.0, 0.22809537235419838], ""p_value"": 0.08501090467839999, ""contingency"": [[0, 13], [383, 24268]]}",{}
406,NC00962.3,EMB-0.2-0.95,0.0,GARC1,RUS,EMB,embA@G623A,U,{},"{""proportion"": 0.0, ""confidence"": [0.0, 0.7934506856227626], ""p_value"": 1.0, ""contingency"": [[0, 1], [383, 24268]]}",{}
407,NC00962.3,EMB-0.2-0.95,0.0,GARC1,RUS,EMB,embA@V558L,U,{},"{""proportion"": 0.0, ""confidence"": [0.0, 0.2588329669680317], ""p_value"": 0.13630892031999994, ""contingency"": [[0, 11], [383, 24268]]}",{}
408,NC00962.3,EMB-0.2-0.95,0.0,GARC1,RUS,EMB,embB@L239R,U,{},"{""proportion"": 0.0, ""confidence"": [0.0, 0.7934506856227626], ""p_value"": 1.0, ""contingency"": [[0, 1], [383, 24268]]}",{}
409,NC00962.3,EMB-0.2-0.95,0.0,GARC1,RUS,EMB,embA@T434P,U,{},"{""proportion"": 0.0, ""confidence"": [0.0, 0.6576197724933469], ""p_value"": 1.0, ""contingency"": [[0, 2], [383, 24268]]}",{}
410,NC00962.3,EMB-0.2-0.95,0.0,GARC1,RUS,EMB,embB@P477A,U,{},"{""proportion"": 0.0, ""confidence"": [0.0, 0.7934506856227626], ""p_value"": 1.0, ""contingency"": [[0, 1], [383, 24268]]}",{}
411,NC00962.3,EMB-0.2-0.95,0.0,GARC1,RUS,EMB,embB@S142C,U,{},"{""proportion"": 0.0, ""confidence"": [4.8683609171202235e-17, 0.5614970317550455], ""p_value"": 1.0, ""contingency"": [[0, 3], [383, 24268]]}",{}
412,NC00962.3,EMB-0.2-0.95,0.0,GARC1,RUS,EMB,embA@A315V,U,{},"{""proportion"": 0.0, ""confidence"": [0.0, 0.7934506856227626], ""p_value"": 1.0, ""contingency"": [[0, 1], [383, 24268]]}",{}
413,NC00962.3,EMB-0.2-0.95,0.0,GARC1,RUS,EMB,embA@A419T,U,{},"{""proportion"": 0.0, ""confidence"": [0.0, 0.7934506856227626], ""p_value"": 1.0, ""contingency"": [[0, 1], [383, 24268]]}",{}
414,NC00962.3,EMB-0.2-0.95,0.0,GARC1,RUS,EMB,embA@D883E,U,{},"{""proportion"": 0.0, ""confidence"": [0.0, 0.7934506856227626], ""p_value"": 1.0, ""contingency"": [[0, 1], [383, 24268]]}",{}
415,NC00962.3,EMB-0.2-0.95,0.0,GARC1,RUS,EMB,embB@V39G,U,{},"{""proportion"": 0.0, ""confidence"": [0.0, 0.6576197724933469], ""p_value"": 1.0, ""contingency"": [[0, 2], [383, 24268]]}",{}
416,NC00962.3,EMB-0.2-0.95,0.0,GARC1,RUS,EMB,embA@T837A,U,{},"{""proportion"": 0.0, ""confidence"": [0.0, 0.4898908364545973], ""p_value"": 1.0, ""contingency"": [[0, 4], [383, 24268]]}",{}
417,NC00962.3,EMB-0.2-0.95,0.0,GARC1,RUS,EMB,embA@I413V,U,{},"{""proportion"": 0.0, ""confidence"": [0.0, 0.7934506856227626], ""p_value"": 1.0, ""contingency"": [[0, 1], [383, 24268]]}",{}
418,NC00962.3,EMB-0.2-0.95,0.0,GARC1,RUS,EMB,embB@A485V,U,{},"{""proportion"": 0.0, ""confidence"": [0.0, 0.6576197724933469], ""p_value"": 1.0, ""contingency"": [[0, 2], [383, 24268]]}",{}
419,NC00962.3,EMB-0.2-0.95,0.0,GARC1,RUS,EMB,embB@G194R,U,{},"{""proportion"": 0.0, ""confidence"": [0.0, 0.6576197724933469], ""p_value"": 1.0, ""contingency"": [[0, 2], [383, 24268]]}",{}
420,NC00962.3,EMB-0.2-0.95,0.0,GARC1,RUS,EMB,embB@N129D,U,{},"{""proportion"": 0.0, ""confidence"": [0.0, 0.6576197724933469], ""p_value"": 1.0, ""contingency"": [[0, 2], [383, 24268]]}",{}
421,NC00962.3,EMB-0.2-0.95,0.0,GARC1,RUS,EMB,embB@G244R,U,{},"{""proportion"": 0.0, ""confidence"": [0.0, 0.7934506856227626], ""p_value"": 1.0, ""contingency"": [[0, 1], [383, 24268]]}",{}
422,NC00962.3,EMB-0.2-0.95,0.0,GARC1,RUS,EMB,embA@L1008P,U,{},"{""proportion"": 0.0, ""confidence"": [4.8683609171202235e-17, 0.5614970317550455], ""p_value"": 1.0, ""contingency"": [[0, 3], [383, 24268]]}",{}
423,NC00962.3,EMB-0.2-0.95,0.0,GARC1,RUS,EMB,embA@G157R,U,{},"{""proportion"": 0.0, ""confidence"": [0.0, 0.7934506856227626], ""p_value"": 1.0, ""contingency"": [[0, 1], [383, 24268]]}",{}
424,NC00962.3,EMB-0.2-0.95,0.0,GARC1,RUS,EMB,embB@C549Y,U,{},"{""proportion"": 0.0, ""confidence"": [4.8683609171202235e-17, 0.5614970317550455], ""p_value"": 1.0, ""contingency"": [[0, 3], [383, 24268]]}",{}
425,NC00962.3,EMB-0.2-0.95,0.0,GARC1,RUS,EMB,embA@N37S,U,{},"{""proportion"": 0.0, ""confidence"": [0.0, 0.7934506856227626], ""p_value"": 1.0, ""contingency"": [[0, 1], [383, 24268]]}",{}
426,NC00962.3,EMB-0.2-0.95,0.0,GARC1,RUS,EMB,embA@G823E,U,{},"{""proportion"": 0.0, ""confidence"": [4.8683609171202235e-17, 0.5614970317550455], ""p_value"": 1.0, ""contingency"": [[0, 3], [383, 24268]]}",{}
427,NC00962.3,EMB-0.2-0.95,0.0,GARC1,RUS,EMB,embA@S1040L,U,{},"{""proportion"": 0.0, ""confidence"": [0.0, 0.7934506856227626], ""p_value"": 1.0, ""contingency"": [[0, 1], [383, 24268]]}",{}
428,NC00962.3,EMB-0.2-0.95,0.0,GARC1,RUS,EMB,embA@A804T,U,{},"{""proportion"": 0.0, ""confidence"": [0.0, 0.7934506856227626], ""p_value"": 1.0, ""contingency"": [[0, 1], [383, 24268]]}",{}
429,NC00962.3,EMB-0.2-0.95,0.0,GARC1,RUS,EMB,embB@A155G,U,{},"{""proportion"": 0.0, ""confidence"": [0.0, 0.7934506856227626], ""p_value"": 1.0, ""contingency"": [[0, 1], [383, 24268]]}",{}
430,NC00962.3,EMB-0.2-0.95,0.0,GARC1,RUS,EMB,embA@W393S,U,{},"{""proportion"": 0.0, ""confidence"": [0.0, 0.7934506856227626], ""p_value"": 1.0, ""contingency"": [[0, 1], [383, 24268]]}",{}
431,NC00962.3,EMB-0.2-0.95,0.0,GARC1,RUS,EMB,embA@V534L,U,{},"{""proportion"": 0.0, ""confidence"": [0.0, 0.6576197724933469], ""p_value"": 1.0, ""contingency"": [[0, 2], [383, 24268]]}",{}
432,NC00962.3,EMB-0.2-0.95,0.0,GARC1,RUS,EMB,embB@M396L,U,{},"{""proportion"": 0.0, ""confidence"": [0.0, 0.7934506856227626], ""p_value"": 1.0, ""contingency"": [[0, 1], [383, 24268]]}",{}
433,NC00962.3,EMB-0.2-0.95,0.0,GARC1,RUS,EMB,embA@R194Q,U,{},"{""proportion"": 0.0, ""confidence"": [0.0, 0.32440756488388023], ""p_value"": 0.37085440000000003, ""contingency"": [[0, 8], [383, 24268]]}",{}
434,NC00962.3,EMB-0.2-0.95,0.0,GARC1,RUS,EMB,embA@V911G,U,{},"{""proportion"": 0.0, ""confidence"": [0.0, 0.7934506856227626], ""p_value"": 1.0, ""contingency"": [[0, 1], [383, 24268]]}",{}
435,NC00962.3,EMB-0.2-0.95,0.0,GARC1,RUS,EMB,embA@A223V,U,{},"{""proportion"": 0.0, ""confidence"": [0.0, 0.7934506856227626], ""p_value"": 1.0, ""contingency"": [[0, 1], [383, 24268]]}",{}
436,NC00962.3,EMB-0.2-0.95,0.0,GARC1,RUS,EMB,embB@S22F,U,{},"{""proportion"": 0.0, ""confidence"": [0.0, 0.7934506856227626], ""p_value"": 1.0, ""contingency"": [[0, 1], [383, 24268]]}",{}
437,NC00962.3,EMB-0.2-0.95,0.0,GARC1,RUS,EMB,embB@G305C,U,{},"{""proportion"": 0.0, ""confidence"": [4.8683609171202235e-17, 0.5614970317550455], ""p_value"": 1.0, ""contingency"": [[0, 3], [383, 24268]]}",{}
438,NC00962.3,EMB-0.2-0.95,0.0,GARC1,RUS,EMB,embA@R866Q,U,{},"{""proportion"": 0.0, ""confidence"": [0.0, 0.6576197724933469], ""p_value"": 1.0, ""contingency"": [[0, 2], [383, 24268]]}",{}
439,NC00962.3,EMB-0.2-0.95,0.0,GARC1,RUS,EMB,embA@R229T,U,{},"{""proportion"": 0.0, ""confidence"": [0.0, 0.7934506856227626], ""p_value"": 1.0, ""contingency"": [[0, 1], [383, 24268]]}",{}
440,NC00962.3,EMB-0.2-0.95,0.0,GARC1,RUS,EMB,embB@V377M,U,{},"{""proportion"": 0.0, ""confidence"": [0.0, 0.7934506856227626], ""p_value"": 1.0, ""contingency"": [[0, 1], [383, 24268]]}",{}
441,NC00962.3,EMB-0.2-0.95,0.0,GARC1,RUS,EMB,embA@L261S,U,{},"{""proportion"": 0.0, ""confidence"": [0.0, 0.6576197724933469], ""p_value"": 1.0, ""contingency"": [[0, 2], [383, 24268]]}",{}
442,NC00962.3,EMB-0.2-0.95,0.0,GARC1,RUS,EMB,embA@R445P,U,{},"{""proportion"": 0.0, ""confidence"": [0.0, 0.7934506856227626], ""p_value"": 1.0, ""contingency"": [[0, 1], [383, 24268]]}",{}
443,NC00962.3,EMB-0.2-0.95,0.0,GARC1,RUS,EMB,embB@A155V,U,{},"{""proportion"": 0.0, ""confidence"": [0.0, 0.7934506856227626], ""p_value"": 1.0, ""contingency"": [[0, 1], [383, 24268]]}",{}
444,NC00962.3,EMB-0.2-0.95,0.0,GARC1,RUS,EMB,embB@A852V,U,{},"{""proportion"": 0.0, ""confidence"": [0.0, 0.7934506856227626], ""p_value"": 1.0, ""contingency"": [[0, 1], [383, 24268]]}",{}
445,NC00962.3,EMB-0.2-0.95,0.0,GARC1,RUS,EMB,embA@H673R,U,{},"{""proportion"": 0.0, ""confidence"": [3.584186086443356e-17, 0.3543304350666874], ""p_value"": 0.35774719999999993, ""contingency"": [[0, 7], [383, 24268]]}",{}
446,NC00962.3,EMB-0.2-0.95,0.0,GARC1,RUS,EMB,embB@F79L,U,{},"{""proportion"": 0.0, ""confidence"": [0.0, 0.7934506856227626], ""p_value"": 1.0, ""contingency"": [[0, 1], [383, 24268]]}",{}
447,NC00962.3,EMB-0.2-0.95,0.0,GARC1,RUS,EMB,embA@L781H,U,{},"{""proportion"": 0.0, ""confidence"": [0.0, 0.7934506856227626], ""p_value"": 1.0, ""contingency"": [[0, 1], [383, 24268]]}",{}
448,NC00962.3,EMB-0.2-0.95,0.0,GARC1,RUS,EMB,embB@A693T,U,{},"{""proportion"": 0.0, ""confidence"": [4.8683609171202235e-17, 0.5614970317550455], ""p_value"": 1.0, ""contingency"": [[0, 3], [383, 24268]]}",{}
449,NC00962.3,EMB-0.2-0.95,0.0,GARC1,RUS,EMB,embB@T797A,U,{},"{""proportion"": 0.0, ""confidence"": [0.0, 0.4898908364545973], ""p_value"": 1.0, ""contingency"": [[0, 4], [383, 24268]]}",{}
450,NC00962.3,EMB-0.2-0.95,0.0,GARC1,RUS,EMB,embA@G596S,U,{},"{""proportion"": 0.0, ""confidence"": [0.0, 0.2775327998628892], ""p_value"": 0.22824806400000003, ""contingency"": [[0, 10], [383, 24268]]}",{}
451,NC00962.3,EMB-0.2-0.95,0.0,GARC1,RUS,EMB,embA@V627A,U,{},"{""proportion"": 0.0, ""confidence"": [0.0, 0.6576197724933469], ""p_value"": 1.0, ""contingency"": [[0, 2], [383, 24268]]}",{}
452,NC00962.3,EMB-0.2-0.95,0.0,GARC1,RUS,EMB,embB@P93H,U,{},"{""proportion"": 0.0, ""confidence"": [0.0, 0.7934506856227626], ""p_value"": 1.0, ""contingency"": [[0, 1], [383, 24268]]}",{}
453,NC00962.3,EMB-0.2-0.95,0.0,GARC1,RUS,EMB,embB@S272N,U,{},"{""proportion"": 0.0, ""confidence"": [4.8683609171202235e-17, 0.5614970317550455], ""p_value"": 1.0, ""contingency"": [[0, 3], [383, 24268]]}",{}
454,NC00962.3,EMB-0.2-0.95,0.0,GARC1,RUS,EMB,embA@V396M,U,{},"{""proportion"": 0.0, ""confidence"": [0.0, 0.6576197724933469], ""p_value"": 1.0, ""contingency"": [[0, 2], [383, 24268]]}",{}
455,NC00962.3,EMB-0.2-0.95,0.0,GARC1,RUS,EMB,embB@P45L,U,{},"{""proportion"": 0.0, ""confidence"": [4.8683609171202235e-17, 0.5614970317550455], ""p_value"": 1.0, ""contingency"": [[0, 3], [383, 24268]]}",{}
456,NC00962.3,EMB-0.2-0.95,0.0,GARC1,RUS,EMB,embA@S20P,U,{},"{""proportion"": 0.0, ""confidence"": [0.0, 0.4898908364545973], ""p_value"": 1.0, ""contingency"": [[0, 4], [383, 24268]]}",{}
457,NC00962.3,EMB-0.2-0.95,0.0,GARC1,RUS,EMB,embB@T532A,U,{},"{""proportion"": 0.0, ""confidence"": [0.0, 0.6576197724933469], ""p_value"": 1.0, ""contingency"": [[0, 2], [383, 24268]]}",{}
458,NC00962.3,EMB-0.2-0.95,0.0,GARC1,RUS,EMB,embA@I553L,U,{},"{""proportion"": 0.0, ""confidence"": [0.0, 0.6576197724933469], ""p_value"": 1.0, ""contingency"": [[0, 2], [383, 24268]]}",{}
459,NC00962.3,EMB-0.2-0.95,0.0,GARC1,RUS,EMB,embB@A388D,U,{},"{""proportion"": 0.0, ""confidence"": [0.0, 0.6576197724933469], ""p_value"": 1.0, ""contingency"": [[0, 2], [383, 24268]]}",{}
460,NC00962.3,EMB-0.2-0.95,0.0,GARC1,RUS,EMB,embA@D144G,U,{},"{""proportion"": 0.0, ""confidence"": [0.0, 0.7934506856227626], ""p_value"": 1.0, ""contingency"": [[0, 1], [383, 24268]]}",{}
461,NC00962.3,EMB-0.2-0.95,0.0,GARC1,RUS,EMB,embA@A586T,U,{},"{""proportion"": 0.0, ""confidence"": [0.0, 0.6576197724933469], ""p_value"": 1.0, ""contingency"": [[0, 2], [383, 24268]]}",{}
462,NC00962.3,EMB-0.2-0.95,0.0,GARC1,RUS,EMB,embB@A454P,U,{},"{""proportion"": 0.0, ""confidence"": [0.0, 0.7934506856227626], ""p_value"": 1.0, ""contingency"": [[0, 1], [383, 24268]]}",{}
463,NC00962.3,EMB-0.2-0.95,0.0,GARC1,RUS,EMB,embB@D970A,U,{},"{""proportion"": 0.0, ""confidence"": [0.0, 0.7934506856227626], ""p_value"": 1.0, ""contingency"": [[0, 1], [383, 24268]]}",{}
464,NC00962.3,EMB-0.2-0.95,0.0,GARC1,RUS,EMB,embA@L525M,U,{},"{""proportion"": 0.0, ""confidence"": [0.0, 0.6576197724933469], ""p_value"": 1.0, ""contingency"": [[0, 2], [383, 24268]]}",{}
465,NC00962.3,EMB-0.2-0.95,0.0,GARC1,RUS,EMB,embB@G65D,U,{},"{""proportion"": 0.0, ""confidence"": [0.0, 0.4898908364545973], ""p_value"": 1.0, ""contingency"": [[0, 4], [383, 24268]]}",{}
466,NC00962.3,EMB-0.2-0.95,0.0,GARC1,RUS,EMB,embA@W306G,U,{},"{""proportion"": 0.0, ""confidence"": [0.0, 0.7934506856227626], ""p_value"": 1.0, ""contingency"": [[0, 1], [383, 24268]]}",{}
467,NC00962.3,EMB-0.2-0.95,0.0,GARC1,RUS,EMB,embB@V414G,U,{},"{""proportion"": 0.0, ""confidence"": [0.0, 0.6576197724933469], ""p_value"": 1.0, ""contingency"": [[0, 2], [383, 24268]]}",{}
468,NC00962.3,EMB-0.2-0.95,0.0,GARC1,RUS,EMB,embA@D274G,U,{},"{""proportion"": 0.0, ""confidence"": [0.0, 0.7934506856227626], ""p_value"": 1.0, ""contingency"": [[0, 1], [383, 24268]]}",{}
469,NC00962.3,EMB-0.2-0.95,0.0,GARC1,RUS,EMB,embA@E512A,U,{},"{""proportion"": 0.0, ""confidence"": [0.0, 0.7934506856227626], ""p_value"": 1.0, ""contingency"": [[0, 1], [383, 24268]]}",{}
470,NC00962.3,EMB-0.2-0.95,0.0,GARC1,RUS,EMB,embA@S318L,U,{},"{""proportion"": 0.0, ""confidence"": [0.0, 0.43448246478317476], ""p_value"": 0.5904, ""contingency"": [[0, 5], [383, 24268]]}",{}
471,NC00962.3,EMB-0.2-0.95,0.0,GARC1,RUS,EMB,embB@W621S,U,{},"{""proportion"": 0.0, ""confidence"": [0.0, 0.7934506856227626], ""p_value"": 1.0, ""contingency"": [[0, 1], [383, 24268]]}",{}
472,NC00962.3,EMB-0.2-0.95,0.0,GARC1,RUS,EMB,embA@R188H,U,{},"{""proportion"": 0.0, ""confidence"": [0.0, 0.7934506856227626], ""p_value"": 1.0, ""contingency"": [[0, 1], [383, 24268]]}",{}
473,NC00962.3,EMB-0.2-0.95,0.0,GARC1,RUS,EMB,embA@I595V,U,{},"{""proportion"": 0.0, ""confidence"": [0.0, 0.43448246478317476], ""p_value"": 0.5904, ""contingency"": [[0, 5], [383, 24268]]}",{}
474,NC00962.3,EMB-0.2-0.95,0.0,GARC1,RUS,EMB,embA@G729R,U,{},"{""proportion"": 0.0, ""confidence"": [4.8683609171202235e-17, 0.5614970317550455], ""p_value"": 1.0, ""contingency"": [[0, 3], [383, 24268]]}",{}
475,NC00962.3,EMB-0.2-0.95,0.0,GARC1,RUS,EMB,embB@A235V,U,{},"{""proportion"": 0.0, ""confidence"": [0.0, 0.7934506856227626], ""p_value"": 1.0, ""contingency"": [[0, 1], [383, 24268]]}",{}
476,NC00962.3,EMB-0.2-0.95,0.0,GARC1,RUS,EMB,embA@I131V,U,{},"{""proportion"": 0.0, ""confidence"": [0.0, 0.4898908364545973], ""p_value"": 1.0, ""contingency"": [[0, 4], [383, 24268]]}",{}
477,NC00962.3,EMB-0.2-0.95,0.0,GARC1,RUS,EMB,embB@P197R,U,{},"{""proportion"": 0.0, ""confidence"": [0.0, 0.6576197724933469], ""p_value"": 1.0, ""contingency"": [[0, 2], [383, 24268]]}",{}
478,NC00962.3,EMB-0.2-0.95,0.0,GARC1,RUS,EMB,embA@N110D,U,{},"{""proportion"": 0.0, ""confidence"": [0.0, 0.6576197724933469], ""p_value"": 1.0, ""contingency"": [[0, 2], [383, 24268]]}",{}
479,NC00962.3,EMB-0.2-0.95,0.0,GARC1,RUS,EMB,embA@W931L,U,{},"{""proportion"": 0.0, ""confidence"": [0.0, 0.7934506856227626], ""p_value"": 1.0, ""contingency"": [[0, 1], [383, 24268]]}",{}
480,NC00962.3,EMB-0.2-0.95,0.0,GARC1,RUS,EMB,embA@P381L,U,{},"{""proportion"": 0.0, ""confidence"": [0.0, 0.6576197724933469], ""p_value"": 1.0, ""contingency"": [[0, 2], [383, 24268]]}",{}
481,NC00962.3,EMB-0.2-0.95,0.0,GARC1,RUS,EMB,embA@G1088!,U,{},"{""proportion"": 0.0, ""confidence"": [0.0, 0.7934506856227626], ""p_value"": 1.0, ""contingency"": [[0, 1], [383, 24268]]}",{}
482,NC00962.3,EMB-0.2-0.95,0.0,GARC1,RUS,EMB,embB@R623P,U,{},"{""proportion"": 0.0, ""confidence"": [0.0, 0.7934506856227626], ""p_value"": 1.0, ""contingency"": [[0, 1], [383, 24268]]}",{}
483,NC00962.3,EMB-0.2-0.95,0.0,GARC1,RUS,EMB,embA@A109T,U,{},"{""proportion"": 0.0, ""confidence"": [4.8683609171202235e-17, 0.5614970317550455], ""p_value"": 1.0, ""contingency"": [[0, 3], [383, 24268]]}",{}
484,NC00962.3,EMB-0.2-0.95,0.0,GARC1,RUS,EMB,embA@L563V,U,{},"{""proportion"": 0.0, ""confidence"": [0.0, 0.7934506856227626], ""p_value"": 1.0, ""contingency"": [[0, 1], [383, 24268]]}",{}
485,NC00962.3,EMB-0.2-0.95,0.0,GARC1,RUS,EMB,embB@G665W,U,{},"{""proportion"": 0.0, ""confidence"": [0.0, 0.4898908364545973], ""p_value"": 1.0, ""contingency"": [[0, 4], [383, 24268]]}",{}
486,NC00962.3,EMB-0.2-0.95,0.0,GARC1,RUS,EMB,embB@L1053V,U,{},"{""proportion"": 0.0, ""confidence"": [0.0, 0.7934506856227626], ""p_value"": 1.0, ""contingency"": [[0, 1], [383, 24268]]}",{}
487,NC00962.3,EMB-0.2-0.95,0.0,GARC1,RUS,EMB,embB@A993T,U,{},"{""proportion"": 0.0, ""confidence"": [0.0, 0.7934506856227626], ""p_value"": 1.0, ""contingency"": [[0, 1], [383, 24268]]}",{}
488,NC00962.3,EMB-0.2-0.95,0.0,GARC1,RUS,EMB,embA@I821T,U,{},"{""proportion"": 0.0, ""confidence"": [0.0, 0.7934506856227626], ""p_value"": 1.0, ""contingency"": [[0, 1], [383, 24268]]}",{}
489,NC00962.3,EMB-0.2-0.95,0.0,GARC1,RUS,EMB,embB@D752H,U,{},"{""proportion"": 0.0, ""confidence"": [0.0, 0.7934506856227626], ""p_value"": 1.0, ""contingency"": [[0, 1], [383, 24268]]}",{}
490,NC00962.3,EMB-0.2-0.95,0.0,GARC1,RUS,EMB,embB@V898M,U,{},"{""proportion"": 0.0, ""confidence"": [0.0, 0.7934506856227626], ""p_value"": 1.0, ""contingency"": [[0, 1], [383, 24268]]}",{}
491,NC00962.3,EMB-0.2-0.95,0.0,GARC1,RUS,EMB,embA@T300A,U,{},"{""proportion"": 0.0, ""confidence"": [0.0, 0.7934506856227626], ""p_value"": 1.0, ""contingency"": [[0, 1], [383, 24268]]}",{}
492,NC00962.3,EMB-0.2-0.95,0.0,GARC1,RUS,EMB,embA@R11Q,U,{},"{""proportion"": 0.0, ""confidence"": [4.8683609171202235e-17, 0.5614970317550455], ""p_value"": 1.0, ""contingency"": [[0, 3], [383, 24268]]}",{}
493,NC00962.3,EMB-0.2-0.95,0.0,GARC1,RUS,EMB,embB@D78E,U,{},"{""proportion"": 0.0, ""confidence"": [0.0, 0.6576197724933469], ""p_value"": 1.0, ""contingency"": [[0, 2], [383, 24268]]}",{}
494,NC00962.3,EMB-0.2-0.95,0.0,GARC1,RUS,EMB,embA@V458P,U,{},"{""proportion"": 0.0, ""confidence"": [0.0, 0.6576197724933469], ""p_value"": 1.0, ""contingency"": [[0, 2], [383, 24268]]}",{}
495,NC00962.3,EMB-0.2-0.95,0.0,GARC1,RUS,EMB,embA@R234P,U,{},"{""proportion"": 0.0, ""confidence"": [0.0, 0.7934506856227626], ""p_value"": 1.0, ""contingency"": [[0, 1], [383, 24268]]}",{}
496,NC00962.3,EMB-0.2-0.95,0.0,GARC1,RUS,EMB,embB@P809S,U,{},"{""proportion"": 0.0, ""confidence"": [0.0, 0.43448246478317476], ""p_value"": 0.5904, ""contingency"": [[0, 5], [383, 24268]]}",{}
497,NC00962.3,EMB-0.2-0.95,0.0,GARC1,RUS,EMB,embA@A571S,U,{},"{""proportion"": 0.0, ""confidence"": [0.0, 0.7934506856227626], ""p_value"": 1.0, ""contingency"": [[0, 1], [383, 24268]]}",{}
498,NC00962.3,EMB-0.2-0.95,0.0,GARC1,RUS,EMB,embB@V727A,U,{},"{""proportion"": 0.0, ""confidence"": [0.0, 0.7934506856227626], ""p_value"": 1.0, ""contingency"": [[0, 1], [383, 24268]]}",{}
499,NC00962.3,EMB-0.2-0.95,0.0,GARC1,RUS,EMB,embA@M324V,U,{},"{""proportion"": 0.0, ""confidence"": [0.0, 0.7934506856227626], ""p_value"": 1.0, ""contingency"": [[0, 1], [383, 24268]]}",{}
500,NC00962.3,EMB-0.2-0.95,0.0,GARC1,RUS,EMB,embA@V458A,U,{},"{""proportion"": 0.0, ""confidence"": [0.0, 0.7934506856227626], ""p_value"": 1.0, ""contingency"": [[0, 1], [383, 24268]]}",{}
501,NC00962.3,EMB-0.2-0.95,0.0,GARC1,RUS,EMB,embB@L268P,U,{},"{""proportion"": 0.0, ""confidence"": [0.0, 0.7934506856227626], ""p_value"": 1.0, ""contingency"": [[0, 1], [383, 24268]]}",{}
502,NC00962.3,EMB-0.2-0.95,0.0,GARC1,RUS,EMB,embA@F650L,U,{},"{""proportion"": 0.0, ""confidence"": [0.0, 0.7934506856227626], ""p_value"": 1.0, ""contingency"": [[0, 1], [383, 24268]]}",{}
503,NC00962.3,EMB-0.2-0.95,0.0,GARC1,RUS,EMB,embA@Q990H,U,{},"{""proportion"": 0.0, ""confidence"": [0.0, 0.7934506856227626], ""p_value"": 1.0, ""contingency"": [[0, 1], [383, 24268]]}",{}
504,NC00962.3,EMB-0.2-0.95,0.0,GARC1,RUS,EMB,embA@E397K,U,{},"{""proportion"": 0.0, ""confidence"": [0.0, 0.7934506856227626], ""p_value"": 1.0, ""contingency"": [[0, 1], [383, 24268]]}",{}
505,NC00962.3,EMB-0.2-0.95,0.0,GARC1,RUS,EMB,embB@P818T,U,{},"{""proportion"": 0.0, ""confidence"": [0.0, 0.6576197724933469], ""p_value"": 1.0, ""contingency"": [[0, 2], [383, 24268]]}",{}
506,NC00962.3,EMB-0.2-0.95,0.0,GARC1,RUS,EMB,embB@A705T,U,{},"{""proportion"": 0.0, ""confidence"": [0.0, 0.7934506856227626], ""p_value"": 1.0, ""contingency"": [[0, 1], [383, 24268]]}",{}
507,NC00962.3,EMB-0.2-0.95,0.0,GARC1,RUS,EMB,embA@A284S,U,{},"{""proportion"": 0.0, ""confidence"": [0.0, 0.7934506856227626], ""p_value"": 1.0, ""contingency"": [[0, 1], [383, 24268]]}",{}
508,NC00962.3,EMB-0.2-0.95,0.0,GARC1,RUS,EMB,embB@A677T,U,{},"{""proportion"": 0.0, ""confidence"": [0.0, 0.7934506856227626], ""p_value"": 1.0, ""contingency"": [[0, 1], [383, 24268]]}",{}
509,NC00962.3,EMB-0.2-0.95,0.0,GARC1,RUS,EMB,embB@R1059G,U,{},"{""proportion"": 0.0, ""confidence"": [0.0, 0.7934506856227626], ""p_value"": 1.0, ""contingency"": [[0, 1], [383, 24268]]}",{}
510,NC00962.3,EMB-0.2-0.95,0.0,GARC1,RUS,EMB,embA@T1033I,U,{},"{""proportion"": 0.0, ""confidence"": [0.0, 0.7934506856227626], ""p_value"": 1.0, ""contingency"": [[0, 1], [383, 24268]]}",{}
511,NC00962.3,EMB-0.2-0.95,0.0,GARC1,RUS,EMB,embB@T830M,U,{},"{""proportion"": 0.0, ""confidence"": [0.0, 0.7934506856227626], ""p_value"": 1.0, ""contingency"": [[0, 1], [383, 24268]]}",{}
512,NC00962.3,EMB-0.2-0.95,0.0,GARC1,RUS,EMB,embB@C549G,U,{},"{""proportion"": 0.0, ""confidence"": [0.0, 0.7934506856227626], ""p_value"": 1.0, ""contingency"": [[0, 1], [383, 24268]]}",{}
513,NC00962.3,EMB-0.2-0.95,0.0,GARC1,RUS,EMB,embB@R257W,U,{},"{""proportion"": 0.0, ""confidence"": [0.0, 0.7934506856227626], ""p_value"": 1.0, ""contingency"": [[0, 1], [383, 24268]]}",{}
514,NC00962.3,EMB-0.2-0.95,0.0,GARC1,RUS,EMB,embA@T113M,U,{},"{""proportion"": 0.0, ""confidence"": [0.0, 0.7934506856227626], ""p_value"": 1.0, ""contingency"": [[0, 1], [383, 24268]]}",{}
515,NC00962.3,EMB-0.2-0.95,0.0,GARC1,RUS,EMB,embB@A201T,U,{},"{""proportion"": 0.0, ""confidence"": [0.0, 0.6576197724933469], ""p_value"": 1.0, ""contingency"": [[0, 2], [383, 24268]]}",{}
516,NC00962.3,EMB-0.2-0.95,0.0,GARC1,RUS,EMB,embA@V206M,U,{},"{""proportion"": 0.0625, ""confidence"": [0.011119344764642517, 0.2832873757029894], ""p_value"": 0.222425376836813, ""contingency"": [[1, 15], [383, 24268]]}",{}
517,NC00962.3,EMB-0.2-0.95,0.0,GARC1,RUS,EMB,embB@D869E,U,{},"{""proportion"": 0.0, ""confidence"": [4.8683609171202235e-17, 0.5614970317550455], ""p_value"": 1.0, ""contingency"": [[0, 3], [383, 24268]]}",{}
518,NC00962.3,EMB-0.2-0.95,0.0,GARC1,RUS,EMB,embA@T688M,U,{},"{""proportion"": 0.0, ""confidence"": [0.0, 0.7934506856227626], ""p_value"": 1.0, ""contingency"": [[0, 1], [383, 24268]]}",{}
519,NC00962.3,EMB-0.2-0.95,0.0,GARC1,RUS,EMB,embB@S261P,U,{},"{""proportion"": 0.0, ""confidence"": [0.0, 0.7934506856227626], ""p_value"": 1.0, ""contingency"": [[0, 1], [383, 24268]]}",{}
520,NC00962.3,EMB-0.2-0.95,0.0,GARC1,RUS,EMB,embB@K820N,U,{},"{""proportion"": 0.0, ""confidence"": [0.0, 0.7934506856227626], ""p_value"": 1.0, ""contingency"": [[0, 1], [383, 24268]]}",{}
521,NC00962.3,EMB-0.2-0.95,0.0,GARC1,RUS,EMB,embB@G914R,U,{},"{""proportion"": 0.0, ""confidence"": [0.0, 0.7934506856227626], ""p_value"": 1.0, ""contingency"": [[0, 1], [383, 24268]]}",{}
522,NC00962.3,EMB-0.2-0.95,0.0,GARC1,RUS,EMB,embA@T652M,U,{},"{""proportion"": 0.0, ""confidence"": [0.0, 0.7934506856227626], ""p_value"": 1.0, ""contingency"": [[0, 1], [383, 24268]]}",{}
523,NC00962.3,EMB-0.2-0.95,0.0,GARC1,RUS,EMB,embB@I1039M,U,{},"{""proportion"": 0.0, ""confidence"": [3.384324554477539e-17, 0.39033428790216534], ""p_value"": 0.6067840000000001, ""contingency"": [[0, 6], [383, 24268]]}",{}
524,NC00962.3,EMB-0.2-0.95,0.0,GARC1,RUS,EMB,embA@V89M,U,{},"{""proportion"": 0.0, ""confidence"": [0.0, 0.7934506856227626], ""p_value"": 1.0, ""contingency"": [[0, 1], [383, 24268]]}",{}
525,NC00962.3,EMB-0.2-0.95,0.0,GARC1,RUS,EMB,embA@Y307H,U,{},"{""proportion"": 0.0, ""confidence"": [4.8683609171202235e-17, 0.5614970317550455], ""p_value"": 1.0, ""contingency"": [[0, 3], [383, 24268]]}",{}
526,NC00962.3,EMB-0.2-0.95,0.0,GARC1,RUS,EMB,embB@V888M,U,{},"{""proportion"": 0.0, ""confidence"": [0.0, 0.7934506856227626], ""p_value"": 1.0, ""contingency"": [[0, 1], [383, 24268]]}",{}
527,NC00962.3,EMB-0.2-0.95,0.0,GARC1,RUS,EMB,embA@c-3t,U,{},"{""proportion"": 0.0, ""confidence"": [0.0, 0.7934506856227626], ""p_value"": 1.0, ""contingency"": [[0, 1], [383, 24268]]}",{}
528,NC00962.3,EMB-0.2-0.95,0.0,GARC1,RUS,EMB,embB@I578V,U,{},"{""proportion"": 0.0, ""confidence"": [0.0, 0.7934506856227626], ""p_value"": 1.0, ""contingency"": [[0, 1], [383, 24268]]}",{}
529,NC00962.3,EMB-0.2-0.95,0.0,GARC1,RUS,EMB,embB@A196T,U,{},"{""proportion"": 0.0, ""confidence"": [0.0, 0.7934506856227626], ""p_value"": 1.0, ""contingency"": [[0, 1], [383, 24268]]}",{}
530,NC00962.3,EMB-0.2-0.95,0.0,GARC1,RUS,EMB,embA@P976T,U,{},"{""proportion"": 0.0, ""confidence"": [0.0, 0.6576197724933469], ""p_value"": 1.0, ""contingency"": [[0, 2], [383, 24268]]}",{}
531,NC00962.3,EMB-0.2-0.95,0.0,GARC1,RUS,EMB,embB@I545M,U,{},"{""proportion"": 0.0, ""confidence"": [0.0, 0.6576197724933469], ""p_value"": 1.0, ""contingency"": [[0, 2], [383, 24268]]}",{}
532,NC00962.3,EMB-0.2-0.95,0.0,GARC1,RUS,EMB,embA@P774H,U,{},"{""proportion"": 0.0, ""confidence"": [0.0, 0.6576197724933469], ""p_value"": 1.0, ""contingency"": [[0, 2], [383, 24268]]}",{}
533,NC00962.3,EMB-0.2-0.95,0.0,GARC1,RUS,EMB,embA@P913S,U,{},"{""proportion"": 0.0, ""confidence"": [3.584186086443356e-17, 0.3543304350666874], ""p_value"": 0.35774719999999993, ""contingency"": [[0, 7], [383, 24268]]}",{}
534,NC00962.3,EMB-0.2-0.95,0.0,GARC1,RUS,EMB,embB@G37S,U,{},"{""proportion"": 0.0, ""confidence"": [3.384324554477539e-17, 0.39033428790216534], ""p_value"": 0.6067840000000001, ""contingency"": [[0, 6], [383, 24268]]}",{}
535,NC00962.3,EMB-0.2-0.95,0.0,GARC1,RUS,EMB,embA@V819I,U,{},"{""proportion"": 0.0, ""confidence"": [0.0, 0.7934506856227626], ""p_value"": 1.0, ""contingency"": [[0, 1], [383, 24268]]}",{}
536,NC00962.3,EMB-0.2-0.95,0.0,GARC1,RUS,EMB,embA@G841A,U,{},"{""proportion"": 0.0, ""confidence"": [4.8683609171202235e-17, 0.5614970317550455], ""p_value"": 1.0, ""contingency"": [[0, 3], [383, 24268]]}",{}
537,NC00962.3,EMB-0.2-0.95,0.0,GARC1,RUS,EMB,embB@R568H,U,{},"{""proportion"": 0.0, ""confidence"": [0.0, 0.7934506856227626], ""p_value"": 1.0, ""contingency"": [[0, 1], [383, 24268]]}",{}
538,NC00962.3,EMB-0.2-0.95,0.0,GARC1,RUS,EMB,embA@S994F,U,{},"{""proportion"": 0.0, ""confidence"": [0.0, 0.7934506856227626], ""p_value"": 1.0, ""contingency"": [[0, 1], [383, 24268]]}",{}
539,NC00962.3,EMB-0.2-0.95,0.0,GARC1,RUS,EMB,embA@P1087S,U,{},"{""proportion"": 0.0, ""confidence"": [0.0, 0.7934506856227626], ""p_value"": 1.0, ""contingency"": [[0, 1], [383, 24268]]}",{}
540,NC00962.3,EMB-0.2-0.95,0.0,GARC1,RUS,EMB,embA@A721T,U,{},"{""proportion"": 0.0, ""confidence"": [4.8683609171202235e-17, 0.5614970317550455], ""p_value"": 1.0, ""contingency"": [[0, 3], [383, 24268]]}",{}
541,NC00962.3,EMB-0.2-0.95,0.0,GARC1,RUS,EMB,embA@L614M,U,{},"{""proportion"": 0.0, ""confidence"": [0.0, 0.7934506856227626], ""p_value"": 1.0, ""contingency"": [[0, 1], [383, 24268]]}",{}
542,NC00962.3,EMB-0.2-0.95,0.0,GARC1,RUS,EMB,embA@Y276C,U,{},"{""proportion"": 0.0, ""confidence"": [0.0, 0.7934506856227626], ""p_value"": 1.0, ""contingency"": [[0, 1], [383, 24268]]}",{}
543,NC00962.3,EMB-0.2-0.95,0.0,GARC1,RUS,EMB,embB@E1008A,U,{},"{""proportion"": 0.0, ""confidence"": [0.0, 0.7934506856227626], ""p_value"": 1.0, ""contingency"": [[0, 1], [383, 24268]]}",{}
544,NC00962.3,EMB-0.2-0.95,0.0,GARC1,RUS,EMB,embA@L832F,U,{},"{""proportion"": 0.0, ""confidence"": [0.0, 0.7934506856227626], ""p_value"": 1.0, ""contingency"": [[0, 1], [383, 24268]]}",{}
545,NC00962.3,EMB-0.2-0.95,0.0,GARC1,RUS,EMB,embB@P766R,U,{},"{""proportion"": 0.0, ""confidence"": [0.0, 0.6576197724933469], ""p_value"": 1.0, ""contingency"": [[0, 2], [383, 24268]]}",{}
546,NC00962.3,EMB-0.2-0.95,0.0,GARC1,RUS,EMB,embA@A1069V,U,{},"{""proportion"": 0.0, ""confidence"": [0.0, 0.7934506856227626], ""p_value"": 1.0, ""contingency"": [[0, 1], [383, 24268]]}",{}
547,NC00962.3,EMB-0.2-0.95,0.0,GARC1,RUS,EMB,embA@V698I,U,{},"{""proportion"": 0.0, ""confidence"": [0.0, 0.4898908364545973], ""p_value"": 1.0, ""contingency"": [[0, 4], [383, 24268]]}",{}
548,NC00962.3,EMB-0.2-0.95,0.0,GARC1,RUS,EMB,embA@R472G,U,{},"{""proportion"": 0.0, ""confidence"": [0.0, 0.7934506856227626], ""p_value"": 1.0, ""contingency"": [[0, 1], [383, 24268]]}",{}
549,NC00962.3,EMB-0.2-0.95,0.0,GARC1,RUS,EMB,embB@A547S,U,{},"{""proportion"": 0.0, ""confidence"": [0.0, 0.7934506856227626], ""p_value"": 1.0, ""contingency"": [[0, 1], [383, 24268]]}",{}
550,NC00962.3,EMB-0.2-0.95,0.0,GARC1,RUS,EMB,embA@a-68g,U,{},"{""proportion"": 0.0, ""confidence"": [0.0, 0.7934506856227626], ""p_value"": 1.0, ""contingency"": [[0, 1], [383, 24268]]}",{}
551,NC00962.3,EMB-0.2-0.95,0.0,GARC1,RUS,EMB,embB@V42L,U,{},"{""proportion"": 0.0, ""confidence"": [0.0, 0.7934506856227626], ""p_value"": 1.0, ""contingency"": [[0, 1], [383, 24268]]}",{}
552,NC00962.3,EMB-0.2-0.95,0.0,GARC1,RUS,EMB,embA@L62M,U,{},"{""proportion"": 0.0, ""confidence"": [0.0, 0.7934506856227626], ""p_value"": 1.0, ""contingency"": [[0, 1], [383, 24268]]}",{}
553,NC00962.3,EMB-0.2-0.95,0.0,GARC1,RUS,EMB,embA@D176A,U,{},"{""proportion"": 0.0, ""confidence"": [0.0, 0.6576197724933469], ""p_value"": 1.0, ""contingency"": [[0, 2], [383, 24268]]}",{}
554,NC00962.3,EMB-0.2-0.95,0.0,GARC1,RUS,EMB,embA@A736V,U,{},"{""proportion"": 0.0, ""confidence"": [0.0, 0.7934506856227626], ""p_value"": 1.0, ""contingency"": [[0, 1], [383, 24268]]}",{}
555,NC00962.3,EMB-0.2-0.95,0.0,GARC1,RUS,EMB,embB@V793I,U,{},"{""proportion"": 0.0, ""confidence"": [4.8683609171202235e-17, 0.5614970317550455], ""p_value"": 1.0, ""contingency"": [[0, 3], [383, 24268]]}",{}
556,NC00962.3,EMB-0.2-0.95,0.0,GARC1,RUS,EMB,embB@2943_del_gca,U,{},"{""proportion"": 0.0, ""confidence"": [4.8683609171202235e-17, 0.5614970317550455], ""p_value"": 1.0, ""contingency"": [[0, 3], [383, 24268]]}",{}
557,NC00962.3,EMB-0.2-0.95,0.0,GARC1,RUS,EMB,embB@M764L,U,{},"{""proportion"": 0.0, ""confidence"": [0.0, 0.7934506856227626], ""p_value"": 1.0, ""contingency"": [[0, 1], [383, 24268]]}",{}
558,NC00962.3,EMB-0.2-0.95,0.0,GARC1,RUS,EMB,embB@A903T,U,{},"{""proportion"": 0.0, ""confidence"": [0.0, 0.7934506856227626], ""p_value"": 1.0, ""contingency"": [[0, 1], [383, 24268]]}",{}
559,NC00962.3,EMB-0.2-0.95,0.0,GARC1,RUS,EMB,embB@A15P,U,{},"{""proportion"": 0.0, ""confidence"": [4.8683609171202235e-17, 0.5614970317550455], ""p_value"": 1.0, ""contingency"": [[0, 3], [383, 24268]]}",{}
560,NC00962.3,EMB-0.2-0.95,0.0,GARC1,RUS,EMB,embB@D758N,U,{},"{""proportion"": 0.0, ""confidence"": [0.0, 0.7934506856227626], ""p_value"": 1.0, ""contingency"": [[0, 1], [383, 24268]]}",{}
561,NC00962.3,EMB-0.2-0.95,0.0,GARC1,RUS,EMB,embA@R1047G,U,{},"{""proportion"": 0.0, ""confidence"": [0.0, 0.6576197724933469], ""p_value"": 1.0, ""contingency"": [[0, 2], [383, 24268]]}",{}
562,NC00962.3,EMB-0.2-0.95,0.0,GARC1,RUS,EMB,embA@I1007L,U,{},"{""proportion"": 0.0, ""confidence"": [0.0, 0.7934506856227626], ""p_value"": 1.0, ""contingency"": [[0, 1], [383, 24268]]}",{}
563,NC00962.3,EMB-0.2-0.95,0.0,GARC1,RUS,EMB,embA@G154S,U,{},"{""proportion"": 0.0, ""confidence"": [0.0, 0.7934506856227626], ""p_value"": 1.0, ""contingency"": [[0, 1], [383, 24268]]}",{}
564,NC00962.3,EMB-0.2-0.95,0.0,GARC1,RUS,EMB,embA@R836G,U,{},"{""proportion"": 0.0, ""confidence"": [0.0, 0.7934506856227626], ""p_value"": 1.0, ""contingency"": [[0, 1], [383, 24268]]}",{}
565,NC00962.3,EMB-0.2-0.95,0.0,GARC1,RUS,EMB,embB@A840G,U,{},"{""proportion"": 0.0, ""confidence"": [0.0, 0.7934506856227626], ""p_value"": 1.0, ""contingency"": [[0, 1], [383, 24268]]}",{}
566,NC00962.3,EMB-0.2-0.95,0.0,GARC1,RUS,EMB,embB@M575V,U,{},"{""proportion"": 0.0, ""confidence"": [0.0, 0.6576197724933469], ""p_value"": 1.0, ""contingency"": [[0, 2], [383, 24268]]}",{}
567,NC00962.3,EMB-0.2-0.95,0.0,GARC1,RUS,EMB,embA@L505F,U,{},"{""proportion"": 0.0, ""confidence"": [0.0, 0.2775327998628892], ""p_value"": 0.22824806400000003, ""contingency"": [[0, 10], [383, 24268]]}",{}
568,NC00962.3,EMB-0.2-0.95,0.0,GARC1,RUS,EMB,embA@A127V,U,{},"{""proportion"": 0.0, ""confidence"": [0.0, 0.6576197724933469], ""p_value"": 1.0, ""contingency"": [[0, 2], [383, 24268]]}",{}
569,NC00962.3,EMB-0.2-0.95,0.0,GARC1,RUS,EMB,embA@G1077S,U,{},"{""proportion"": 0.0, ""confidence"": [0.0, 0.7934506856227626], ""p_value"": 1.0, ""contingency"": [[0, 1], [383, 24268]]}",{}
570,NC00962.3,EMB-0.2-0.95,0.0,GARC1,RUS,EMB,embB@D814A,U,{},"{""proportion"": 0.0, ""confidence"": [4.8683609171202235e-17, 0.5614970317550455], ""p_value"": 1.0, ""contingency"": [[0, 3], [383, 24268]]}",{}
571,NC00962.3,EMB-0.2-0.95,0.0,GARC1,RUS,EMB,embA@H140D,U,{},"{""proportion"": 0.0, ""confidence"": [0.0, 0.7934506856227626], ""p_value"": 1.0, ""contingency"": [[0, 1], [383, 24268]]}",{}
572,NC00962.3,EMB-0.2-0.95,0.0,GARC1,RUS,EMB,embB@A102T,U,{},"{""proportion"": 0.0, ""confidence"": [0.0, 0.7934506856227626], ""p_value"": 1.0, ""contingency"": [[0, 1], [383, 24268]]}",{}
573,NC00962.3,EMB-0.2-0.95,0.0,GARC1,RUS,EMB,embA@G86V,U,{},"{""proportion"": 0.0, ""confidence"": [0.0, 0.43448246478317476], ""p_value"": 0.5904, ""contingency"": [[0, 5], [383, 24268]]}",{}
574,NC00962.3,EMB-0.2-0.95,0.0,GARC1,RUS,EMB,embB@Y384S,U,{},"{""proportion"": 0.0, ""confidence"": [0.0, 0.7934506856227626], ""p_value"": 1.0, ""contingency"": [[0, 1], [383, 24268]]}",{}
575,NC00962.3,EMB-0.2-0.95,0.0,GARC1,RUS,EMB,embB@D108N,U,{},"{""proportion"": 0.0, ""confidence"": [0.0, 0.7934506856227626], ""p_value"": 1.0, ""contingency"": [[0, 1], [383, 24268]]}",{}
576,NC00962.3,EMB-0.2-0.95,0.0,GARC1,RUS,EMB,embA@V1073I,U,{},"{""proportion"": 0.0, ""confidence"": [0.0, 0.2775327998628892], ""p_value"": 0.22824806400000003, ""contingency"": [[0, 10], [383, 24268]]}",{}
577,NC00962.3,EMB-0.2-0.95,0.0,GARC1,RUS,EMB,embB@G748E,U,{},"{""proportion"": 0.0, ""confidence"": [0.0, 0.6576197724933469], ""p_value"": 1.0, ""contingency"": [[0, 2], [383, 24268]]}",{}
578,NC00962.3,EMB-0.2-0.95,0.0,GARC1,RUS,EMB,embB@V948M,U,{},"{""proportion"": 0.0, ""confidence"": [0.0, 0.7934506856227626], ""p_value"": 1.0, ""contingency"": [[0, 1], [383, 24268]]}",{}
579,NC00962.3,EMB-0.2-0.95,0.0,GARC1,RUS,EMB,embA@P164L,U,{},"{""proportion"": 0.0, ""confidence"": [0.0, 0.7934506856227626], ""p_value"": 1.0, ""contingency"": [[0, 1], [383, 24268]]}",{}
580,NC00962.3,EMB-0.2-0.95,0.0,GARC1,RUS,EMB,embA@G353R,U,{},"{""proportion"": 0.0, ""confidence"": [0.0, 0.6576197724933469], ""p_value"": 1.0, ""contingency"": [[0, 2], [383, 24268]]}",{}
581,NC00962.3,EMB-0.2-0.95,0.0,GARC1,RUS,EMB,embB@A608T,U,{},"{""proportion"": 0.0, ""confidence"": [0.0, 0.7934506856227626], ""p_value"": 1.0, ""contingency"": [[0, 1], [383, 24268]]}",{}
582,NC00962.3,EMB-0.2-0.95,0.0,GARC1,RUS,EMB,embB@R728Q,U,{},"{""proportion"": 0.0, ""confidence"": [0.0, 0.7934506856227626], ""p_value"": 1.0, ""contingency"": [[0, 1], [383, 24268]]}",{}
583,NC00962.3,EMB-0.2-0.95,0.0,GARC1,RUS,EMB,embA@A159S,U,{},"{""proportion"": 0.0, ""confidence"": [0.0, 0.7934506856227626], ""p_value"": 1.0, ""contingency"": [[0, 1], [383, 24268]]}",{}
584,NC00962.3,EMB-0.2-0.95,0.0,GARC1,RUS,EMB,embB@N399T,U,{},"{""proportion"": 0.0, ""confidence"": [0.0, 0.6576197724933469], ""p_value"": 1.0, ""contingency"": [[0, 2], [383, 24268]]}",{}
585,NC00962.3,EMB-0.2-0.95,0.0,GARC1,RUS,EMB,embA@G1048R,U,{},"{""proportion"": 0.0, ""confidence"": [0.0, 0.7934506856227626], ""p_value"": 1.0, ""contingency"": [[0, 1], [383, 24268]]}",{}
586,NC00962.3,EMB-0.2-0.95,0.0,GARC1,RUS,EMB,embA@G554A,U,{},"{""proportion"": 0.0, ""confidence"": [0.0, 0.7934506856227626], ""p_value"": 1.0, ""contingency"": [[0, 1], [383, 24268]]}",{}
587,NC00962.3,EMB-0.2-0.95,0.0,GARC1,RUS,EMB,embA@Q169E,U,{},"{""proportion"": 0.0, ""confidence"": [4.8683609171202235e-17, 0.5614970317550455], ""p_value"": 1.0, ""contingency"": [[0, 3], [383, 24268]]}",{}
588,NC00962.3,EMB-0.2-0.95,0.0,GARC1,RUS,EMB,embA@A936V,U,{},"{""proportion"": 0.0, ""confidence"": [0.0, 0.6576197724933469], ""p_value"": 1.0, ""contingency"": [[0, 2], [383, 24268]]}",{}
589,NC00962.3,EMB-0.2-0.95,0.0,GARC1,RUS,EMB,embA@L894V,U,{},"{""proportion"": 0.0, ""confidence"": [0.0, 0.6576197724933469], ""p_value"": 1.0, ""contingency"": [[0, 2], [383, 24268]]}",{}
590,NC00962.3,EMB-0.2-0.95,0.0,GARC1,RUS,EMB,embA@R346Q,U,{},"{""proportion"": 0.0, ""confidence"": [0.0, 0.6576197724933469], ""p_value"": 1.0, ""contingency"": [[0, 2], [383, 24268]]}",{}
591,NC00962.3,EMB-0.2-0.95,0.0,GARC1,RUS,EMB,embB@E901D,U,{},"{""proportion"": 0.0, ""confidence"": [0.0, 0.4898908364545973], ""p_value"": 1.0, ""contingency"": [[0, 4], [383, 24268]]}",{}
592,NC00962.3,EMB-0.2-0.95,0.0,GARC1,RUS,EMB,embA@V211M,U,{},"{""proportion"": 0.0, ""confidence"": [0.0, 0.7934506856227626], ""p_value"": 1.0, ""contingency"": [[0, 1], [383, 24268]]}",{}
593,NC00962.3,EMB-0.2-0.95,0.0,GARC1,RUS,EMB,embB@A571T,U,{},"{""proportion"": 0.0, ""confidence"": [0.0, 0.7934506856227626], ""p_value"": 1.0, ""contingency"": [[0, 1], [383, 24268]]}",{}
594,NC00962.3,EMB-0.2-0.95,0.0,GARC1,RUS,EMB,embB@G736S,U,{},"{""proportion"": 0.0, ""confidence"": [0.0, 0.7934506856227626], ""p_value"": 1.0, ""contingency"": [[0, 1], [383, 24268]]}",{}
595,NC00962.3,EMB-0.2-0.95,0.0,GARC1,RUS,EMB,embA@V911A,U,{},"{""proportion"": 0.0, ""confidence"": [0.0, 0.6576197724933469], ""p_value"": 1.0, ""contingency"": [[0, 2], [383, 24268]]}",{}
596,NC00962.3,EMB-0.2-0.95,0.0,GARC1,RUS,EMB,embB@Q112H,U,{},"{""proportion"": 0.0, ""confidence"": [0.0, 0.7934506856227626], ""p_value"": 1.0, ""contingency"": [[0, 1], [383, 24268]]}",{}
597,NC00962.3,EMB-0.2-0.95,0.0,GARC1,RUS,EMB,embB@K218N,U,{},"{""proportion"": 0.0, ""confidence"": [0.0, 0.7934506856227626], ""p_value"": 1.0, ""contingency"": [[0, 1], [383, 24268]]}",{}
598,NC00962.3,EMB-0.2-0.95,0.0,GARC1,RUS,EMB,embA@D305G,U,{},"{""proportion"": 0.0, ""confidence"": [0.0, 0.6576197724933469], ""p_value"": 1.0, ""contingency"": [[0, 2], [383, 24268]]}",{}
599,NC00962.3,EMB-0.2-0.95,0.0,GARC1,RUS,EMB,embA@P633S,U,{},"{""proportion"": 0.0, ""confidence"": [0.0, 0.7934506856227626], ""p_value"": 1.0, ""contingency"": [[0, 1], [383, 24268]]}",{}
600,NC00962.3,EMB-0.2-0.95,0.0,GARC1,RUS,EMB,embB@G294S,U,{},"{""proportion"": 0.0, ""confidence"": [0.0, 0.7934506856227626], ""p_value"": 1.0, ""contingency"": [[0, 1], [383, 24268]]}",{}
601,NC00962.3,EMB-0.2-0.95,0.0,GARC1,RUS,EMB,embA@R245W,U,{},"{""proportion"": 0.0, ""confidence"": [0.0, 0.7934506856227626], ""p_value"": 1.0, ""contingency"": [[0, 1], [383, 24268]]}",{}
602,NC00962.3,EMB-0.2-0.95,0.0,GARC1,RUS,EMB,embA@P349Q,U,{},"{""proportion"": 0.0, ""confidence"": [0.0, 0.7934506856227626], ""p_value"": 1.0, ""contingency"": [[0, 1], [383, 24268]]}",{}
604,NC00962.3,EMB-0.2-0.95,0.0,GARC1,RUS,EMB,embA@2545_del_gcc,U,{},"{""proportion"": 0.0, ""confidence"": [0.0, 0.7934506856227626], ""p_value"": 1.0, ""contingency"": [[0, 1], [383, 24268]]}",{}
605,NC00962.3,EMB-0.2-0.95,0.0,GARC1,RUS,EMB,embA@V911I,U,{},"{""proportion"": 0.0, ""confidence"": [2.1025014877572554e-17, 0.24249400665524087], ""p_value"": 0.141274976256, ""contingency"": [[0, 12], [383, 24268]]}",{}
606,NC00962.3,EMB-0.2-0.95,0.0,GARC1,RUS,EMB,embA@S1025L,U,{},"{""proportion"": 0.0, ""confidence"": [0.0, 0.6576197724933469], ""p_value"": 1.0, ""contingency"": [[0, 2], [383, 24268]]}",{}
607,NC00962.3,EMB-0.2-0.95,0.0,GARC1,RUS,EMB,embA@E701D,U,{},"{""proportion"": 0.0, ""confidence"": [0.0, 0.7934506856227626], ""p_value"": 1.0, ""contingency"": [[0, 1], [383, 24268]]}",{}
608,NC00962.3,EMB-0.2-0.95,0.0,GARC1,RUS,EMB,embA@S20A,U,{},"{""proportion"": 0.0, ""confidence"": [0.0, 0.43448246478317476], ""p_value"": 0.5904, ""contingency"": [[0, 5], [383, 24268]]}",{}
609,NC00962.3,EMB-0.2-0.95,0.0,GARC1,RUS,EMB,embB@V452L,U,{},"{""proportion"": 0.0, ""confidence"": [4.8683609171202235e-17, 0.5614970317550455], ""p_value"": 1.0, ""contingency"": [[0, 3], [383, 24268]]}",{}
610,NC00962.3,EMB-0.2-0.95,0.0,GARC1,RUS,EMB,embA@S809F,U,{},"{""proportion"": 0.0, ""confidence"": [0.0, 0.7934506856227626], ""p_value"": 1.0, ""contingency"": [[0, 1], [383, 24268]]}",{}
611,NC00962.3,EMB-0.2-0.95,0.0,GARC1,RUS,EMB,embA@P774S,U,{},"{""proportion"": 0.0, ""confidence"": [0.0, 0.6576197724933469], ""p_value"": 1.0, ""contingency"": [[0, 2], [383, 24268]]}",{}
612,NC00962.3,EMB-0.2-0.95,0.0,GARC1,RUS,EMB,embA@R68P,U,{},"{""proportion"": 0.0, ""confidence"": [4.8683609171202235e-17, 0.5614970317550455], ""p_value"": 1.0, ""contingency"": [[0, 3], [383, 24268]]}",{}
613,NC00962.3,EMB-0.2-0.95,0.0,GARC1,RUS,EMB,embB@F1012L,U,{},"{""proportion"": 0.0, ""confidence"": [3.384324554477539e-17, 0.39033428790216534], ""p_value"": 0.6067840000000001, ""contingency"": [[0, 6], [383, 24268]]}",{}
614,NC00962.3,EMB-0.2-0.95,0.0,GARC1,RUS,EMB,embA@S768I,U,{},"{""proportion"": 0.0, ""confidence"": [0.0, 0.7934506856227626], ""p_value"": 1.0, ""contingency"": [[0, 1], [383, 24268]]}",{}
615,NC00962.3,EMB-0.2-0.95,0.0,GARC1,RUS,EMB,embB@A1007V,U,{},"{""proportion"": 0.0, ""confidence"": [0.0, 0.7934506856227626], ""p_value"": 1.0, ""contingency"": [[0, 1], [383, 24268]]}",{}
616,NC00962.3,EMB-0.2-0.95,0.0,GARC1,RUS,EMB,embB@M916T,U,{},"{""proportion"": 0.0, ""confidence"": [0.0, 0.6576197724933469], ""p_value"": 1.0, ""contingency"": [[0, 2], [383, 24268]]}",{}
617,NC00962.3,EMB-0.2-0.95,0.0,GARC1,RUS,EMB,embA@C527S,U,{},"{""proportion"": 0.0, ""confidence"": [0.0, 0.7934506856227626], ""p_value"": 1.0, ""contingency"": [[0, 1], [383, 24268]]}",{}
618,NC00962.3,EMB-0.2-0.95,0.0,GARC1,RUS,EMB,embB@K938N,U,{},"{""proportion"": 0.0, ""confidence"": [4.8683609171202235e-17, 0.5614970317550455], ""p_value"": 1.0, ""contingency"": [[0, 3], [383, 24268]]}",{}
619,NC00962.3,EMB-0.2-0.95,0.0,GARC1,RUS,EMB,embB@Q51P,U,{},"{""proportion"": 0.0, ""confidence"": [0.0, 0.32440756488388023], ""p_value"": 0.37085440000000003, ""contingency"": [[0, 8], [383, 24268]]}",{}
620,NC00962.3,EMB-0.2-0.95,0.0,GARC1,RUS,EMB,embA@G972R,U,{},"{""proportion"": 0.0, ""confidence"": [0.0, 0.6576197724933469], ""p_value"": 1.0, ""contingency"": [[0, 2], [383, 24268]]}",{}
621,NC00962.3,EMB-0.2-0.95,0.0,GARC1,RUS,EMB,embB@M714I,U,{},"{""proportion"": 0.0, ""confidence"": [0.0, 0.7934506856227626], ""p_value"": 1.0, ""contingency"": [[0, 1], [383, 24268]]}",{}
622,NC00962.3,EMB-0.2-0.95,0.0,GARC1,RUS,EMB,embA@V676A,U,{},"{""proportion"": 0.0, ""confidence"": [0.0, 0.7934506856227626], ""p_value"": 1.0, ""contingency"": [[0, 1], [383, 24268]]}",{}
623,NC00962.3,EMB-0.2-0.95,0.0,GARC1,RUS,EMB,embA@c-15g,U,{},"{""proportion"": 0.25, ""confidence"": [0.045587260809700575, 0.6993581574175981], ""p_value"": 1.0, ""contingency"": [[1, 3], [383, 24268]]}",{}
624,NC00962.3,EMB-0.2-0.95,0.0,GARC1,RUS,EMB,embA@D883A,U,{},"{""proportion"": 0.0, ""confidence"": [0.0, 0.7934506856227626], ""p_value"": 1.0, ""contingency"": [[0, 1], [383, 24268]]}",{}
625,NC00962.3,EMB-0.2-0.95,0.0,GARC1,RUS,EMB,embB@E976K,U,{},"{""proportion"": 0.0, ""confidence"": [0.0, 0.7934506856227626], ""p_value"": 1.0, ""contingency"": [[0, 1], [383, 24268]]}",{}
626,NC00962.3,EMB-0.2-0.95,0.0,GARC1,RUS,EMB,embA@R969W,U,{},"{""proportion"": 0.0, ""confidence"": [0.0, 0.6576197724933469], ""p_value"": 1.0, ""contingency"": [[0, 2], [383, 24268]]}",{}
627,NC00962.3,EMB-0.2-0.95,0.0,GARC1,RUS,EMB,embA@I877T,U,{},"{""proportion"": 0.0, ""confidence"": [0.0, 0.7934506856227626], ""p_value"": 1.0, ""contingency"": [[0, 1], [383, 24268]]}",{}
628,NC00962.3,EMB-0.2-0.95,0.0,GARC1,RUS,EMB,embB@2325_ins_cccttg,U,{},"{""proportion"": 0.0, ""confidence"": [0.0, 0.6576197724933469], ""p_value"": 1.0, ""contingency"": [[0, 2], [383, 24268]]}",{}
629,NC00962.3,EMB-0.2-0.95,0.0,GARC1,RUS,EMB,embB@L17W,U,{},"{""proportion"": 0.0, ""confidence"": [0.0, 0.6576197724933469], ""p_value"": 1.0, ""contingency"": [[0, 2], [383, 24268]]}",{}
630,NC00962.3,EMB-0.2-0.95,0.0,GARC1,RUS,EMB,embA@G998D,U,{},"{""proportion"": 0.0, ""confidence"": [0.0, 0.7934506856227626], ""p_value"": 1.0, ""contingency"": [[0, 1], [383, 24268]]}",{}
631,NC00962.3,EMB-0.2-0.95,0.0,GARC1,RUS,EMB,embB@R173P,U,{},"{""proportion"": 0.0, ""confidence"": [0.0, 0.7934506856227626], ""p_value"": 1.0, ""contingency"": [[0, 1], [383, 24268]]}",{}
632,NC00962.3,EMB-0.2-0.95,0.0,GARC1,RUS,EMB,embA@P455L,U,{},"{""proportion"": 0.0, ""confidence"": [0.0, 0.7934506856227626], ""p_value"": 1.0, ""contingency"": [[0, 1], [383, 24268]]}",{}
633,NC00962.3,EMB-0.2-0.95,0.0,GARC1,RUS,EMB,embA@L344R,U,{},"{""proportion"": 0.0, ""confidence"": [0.0, 0.32440756488388023], ""p_value"": 0.37085440000000003, ""contingency"": [[0, 8], [383, 24268]]}",{}
634,NC00962.3,EMB-0.2-0.95,0.0,GARC1,RUS,EMB,embA@C76F,U,{},"{""proportion"": 0.0, ""confidence"": [0.0, 0.7934506856227626], ""p_value"": 1.0, ""contingency"": [[0, 1], [383, 24268]]}",{}
635,NC00962.3,EMB-0.2-0.95,0.0,GARC1,RUS,EMB,embA@V676I,U,{},"{""proportion"": 0.0, ""confidence"": [0.0, 0.7934506856227626], ""p_value"": 1.0, ""contingency"": [[0, 1], [383, 24268]]}",{}
636,NC00962.3,EMB-0.2-0.95,0.0,GARC1,RUS,EMB,embB@E958G,U,{},"{""proportion"": 0.0, ""confidence"": [0.0, 0.7934506856227626], ""p_value"": 1.0, ""contingency"": [[0, 1], [383, 24268]]}",{}
637,NC00962.3,EMB-0.2-0.95,0.0,GARC1,RUS,EMB,embA@N510T,U,{},"{""proportion"": 0.0, ""confidence"": [0.0, 0.7934506856227626], ""p_value"": 1.0, ""contingency"": [[0, 1], [383, 24268]]}",{}
638,NC00962.3,EMB-0.2-0.95,0.0,GARC1,RUS,EMB,embA@L347R,U,{},"{""proportion"": 0.0, ""confidence"": [0.0, 0.7934506856227626], ""p_value"": 1.0, ""contingency"": [[0, 1], [383, 24268]]}",{}
639,NC00962.3,EMB-0.2-0.95,0.0,GARC1,RUS,EMB,embA@A409T,U,{},"{""proportion"": 0.0, ""confidence"": [0.0, 0.6576197724933469], ""p_value"": 1.0, ""contingency"": [[0, 2], [383, 24268]]}",{}
640,NC00962.3,EMB-0.2-0.95,0.0,GARC1,RUS,EMB,embB@S856R,U,{},"{""proportion"": 0.0, ""confidence"": [0.0, 0.7934506856227626], ""p_value"": 1.0, ""contingency"": [[0, 1], [383, 24268]]}",{}
641,NC00962.3,EMB-0.2-0.95,0.0,GARC1,RUS,EMB,embA@Q474H,U,{},"{""proportion"": 0.0, ""confidence"": [0.0, 0.7934506856227626], ""p_value"": 1.0, ""contingency"": [[0, 1], [383, 24268]]}",{}
642,NC00962.3,EMB-0.2-0.95,0.0,GARC1,RUS,EMB,embB@G1035S,U,{},"{""proportion"": 0.0, ""confidence"": [0.0, 0.6576197724933469], ""p_value"": 1.0, ""contingency"": [[0, 2], [383, 24268]]}",{}
643,NC00962.3,EMB-0.2-0.95,0.0,GARC1,RUS,EMB,embB@G871V,U,{},"{""proportion"": 0.0, ""confidence"": [0.0, 0.7934506856227626], ""p_value"": 1.0, ""contingency"": [[0, 1], [383, 24268]]}",{}
644,NC00962.3,EMB-0.2-0.95,0.0,GARC1,RUS,EMB,embA@c-34t,U,{},"{""proportion"": 0.0, ""confidence"": [0.0, 0.43448246478317476], ""p_value"": 0.5904, ""contingency"": [[0, 5], [383, 24268]]}",{}
645,NC00962.3,EMB-0.2-0.95,0.0,GARC1,RUS,EMB,embB@A801T,U,{},"{""proportion"": 0.0, ""confidence"": [0.0, 0.43448246478317476], ""p_value"": 0.5904, ""contingency"": [[0, 5], [383, 24268]]}",{}
646,NC00962.3,EMB-0.2-0.95,0.0,GARC1,RUS,EMB,embA@A159P,U,{},"{""proportion"": 0.0, ""confidence"": [0.0, 0.7934506856227626], ""p_value"": 1.0, ""contingency"": [[0, 1], [383, 24268]]}",{}
647,NC00962.3,EMB-0.2-0.95,0.0,GARC1,RUS,EMB,embA@P32L,U,{},"{""proportion"": 0.0, ""confidence"": [0.0, 0.7934506856227626], ""p_value"": 1.0, ""contingency"": [[0, 1], [383, 24268]]}",{}
648,NC00962.3,EMB-0.2-0.95,0.0,GARC1,RUS,EMB,embB@A637T,U,{},"{""proportion"": 0.0, ""confidence"": [0.0, 0.7934506856227626], ""p_value"": 1.0, ""contingency"": [[0, 1], [383, 24268]]}",{}
649,NC00962.3,EMB-0.2-0.95,0.0,GARC1,RUS,EMB,embB@D178H,U,{},"{""proportion"": 0.0, ""confidence"": [0.0, 0.7934506856227626], ""p_value"": 1.0, ""contingency"": [[0, 1], [383, 24268]]}",{}
650,NC00962.3,EMB-0.2-0.95,0.0,GARC1,RUS,EMB,embB@V230A,U,{},"{""proportion"": 0.0, ""confidence"": [0.0, 0.6576197724933469], ""p_value"": 1.0, ""contingency"": [[0, 2], [383, 24268]]}",{}
651,NC00962.3,EMB-0.2-0.95,0.0,GARC1,RUS,EMB,embA@Y635H,U,{},"{""proportion"": 0.0, ""confidence"": [0.0, 0.7934506856227626], ""p_value"": 1.0, ""contingency"": [[0, 1], [383, 24268]]}",{}
652,NC00962.3,EMB-0.2-0.95,0.0,GARC1,RUS,EMB,embB@T642A,U,{},"{""proportion"": 0.0, ""confidence"": [0.0, 0.7934506856227626], ""p_value"": 1.0, ""contingency"": [[0, 1], [383, 24268]]}",{}
653,NC00962.3,EMB-0.2-0.95,0.0,GARC1,RUS,EMB,embB@Y813D,U,{},"{""proportion"": 0.0, ""confidence"": [0.0, 0.6576197724933469], ""p_value"": 1.0, ""contingency"": [[0, 2], [383, 24268]]}",{}
654,NC00962.3,EMB-0.2-0.95,0.0,GARC1,RUS,EMB,embA@F927L,U,{},"{""proportion"": 0.0, ""confidence"": [0.0, 0.7934506856227626], ""p_value"": 1.0, ""contingency"": [[0, 1], [383, 24268]]}",{}
655,NC00962.3,EMB-0.2-0.95,0.0,GARC1,RUS,EMB,embB@Q139H,U,{},"{""proportion"": 0.0, ""confidence"": [4.8683609171202235e-17, 0.5614970317550455], ""p_value"": 1.0, ""contingency"": [[0, 3], [383, 24268]]}",{}
656,NC00962.3,EMB-0.2-0.95,0.0,GARC1,RUS,EMB,embA@G29S,U,{},"{""proportion"": 0.0, ""confidence"": [0.0, 0.4898908364545973], ""p_value"": 1.0, ""contingency"": [[0, 4], [383, 24268]]}",{}
657,NC00962.3,EMB-0.2-0.95,0.0,GARC1,RUS,EMB,embA@G596D,U,{},"{""proportion"": 0.0, ""confidence"": [0.0, 0.6576197724933469], ""p_value"": 1.0, ""contingency"": [[0, 2], [383, 24268]]}",{}
658,NC00962.3,EMB-0.2-0.95,0.0,GARC1,RUS,EMB,embB@A201E,U,{},"{""proportion"": 0.0, ""confidence"": [0.0, 0.4898908364545973], ""p_value"": 1.0, ""contingency"": [[0, 4], [383, 24268]]}",{}
659,NC00962.3,EMB-0.2-0.95,0.0,GARC1,RUS,EMB,embB@T667A,U,{},"{""proportion"": 0.0, ""confidence"": [0.0, 0.7934506856227626], ""p_value"": 1.0, ""contingency"": [[0, 1], [383, 24268]]}",{}
660,NC00962.3,EMB-0.2-0.95,0.0,GARC1,RUS,EMB,embB@A379V,U,{},"{""proportion"": 0.0, ""confidence"": [0.0, 0.7934506856227626], ""p_value"": 1.0, ""contingency"": [[0, 1], [383, 24268]]}",{}
661,NC00962.3,EMB-0.2-0.95,0.0,GARC1,RUS,EMB,embB@Y977H,U,{},"{""proportion"": 0.0, ""confidence"": [0.0, 0.7934506856227626], ""p_value"": 1.0, ""contingency"": [[0, 1], [383, 24268]]}",{}
662,NC00962.3,EMB-0.2-0.95,0.0,GARC1,RUS,EMB,embB@T31A,U,{},"{""proportion"": 0.0, ""confidence"": [0.0, 0.7934506856227626], ""p_value"": 1.0, ""contingency"": [[0, 1], [383, 24268]]}",{}
663,NC00962.3,EMB-0.2-0.95,0.0,GARC1,RUS,EMB,embB@N807D,U,{},"{""proportion"": 0.0, ""confidence"": [0.0, 0.7934506856227626], ""p_value"": 1.0, ""contingency"": [[0, 1], [383, 24268]]}",{}
664,NC00962.3,EMB-0.2-0.95,0.0,GARC1,RUS,EMB,embB@V654M,U,{},"{""proportion"": 0.0, ""confidence"": [0.0, 0.7934506856227626], ""p_value"": 1.0, ""contingency"": [[0, 1], [383, 24268]]}",{}
665,NC00962.3,EMB-0.2-0.95,0.0,GARC1,RUS,EMB,embB@P183S,U,{},"{""proportion"": 0.0, ""confidence"": [0.0, 0.6576197724933469], ""p_value"": 1.0, ""contingency"": [[0, 2], [383, 24268]]}",{}
666,NC00962.3,EMB-0.2-0.95,0.0,GARC1,RUS,EMB,embB@T797P,U,{},"{""proportion"": 0.0, ""confidence"": [4.8683609171202235e-17, 0.5614970317550455], ""p_value"": 1.0, ""contingency"": [[0, 3], [383, 24268]]}",{}
667,NC00962.3,EMB-0.2-0.95,0.0,GARC1,RUS,EMB,embB@G106R,U,{},"{""proportion"": 0.0, ""confidence"": [0.0, 0.6576197724933469], ""p_value"": 1.0, ""contingency"": [[0, 2], [383, 24268]]}",{}
668,NC00962.3,EMB-0.2-0.95,0.0,GARC1,RUS,EMB,embB@V292F,U,{},"{""proportion"": 0.0, ""confidence"": [0.0, 0.43448246478317476], ""p_value"": 0.5904, ""contingency"": [[0, 5], [383, 24268]]}",{}
669,NC00962.3,EMB-0.2-0.95,0.0,GARC1,RUS,EMB,embB@V492L,U,{},"{""proportion"": 0.0, ""confidence"": [0.0, 0.6576197724933469], ""p_value"": 1.0, ""contingency"": [[0, 2], [383, 24268]]}",{}
670,NC00962.3,EMB-0.2-0.95,0.0,GARC1,RUS,EMB,embA@D1049A,U,{},"{""proportion"": 0.0, ""confidence"": [0.0, 0.6576197724933469], ""p_value"": 1.0, ""contingency"": [[0, 2], [383, 24268]]}",{}
671,NC00962.3,EMB-0.2-0.95,0.0,GARC1,RUS,EMB,embB@T520S,U,{},"{""proportion"": 0.0, ""confidence"": [0.0, 0.7934506856227626], ""p_value"": 1.0, ""contingency"": [[0, 1], [383, 24268]]}",{}
672,NC00962.3,EMB-0.2-0.95,0.0,GARC1,RUS,EMB,embB@G1005D,U,{},"{""proportion"": 0.0, ""confidence"": [0.0, 0.6576197724933469], ""p_value"": 1.0, ""contingency"": [[0, 2], [383, 24268]]}",{}
673,NC00962.3,EMB-0.2-0.95,0.0,GARC1,RUS,EMB,embB@F176V,U,{},"{""proportion"": 0.0, ""confidence"": [0.0, 0.7934506856227626], ""p_value"": 1.0, ""contingency"": [[0, 1], [383, 24268]]}",{}
674,NC00962.3,EMB-0.2-0.95,0.0,GARC1,RUS,EMB,embB@A232T,U,{},"{""proportion"": 0.0, ""confidence"": [0.0, 0.6576197724933469], ""p_value"": 1.0, ""contingency"": [[0, 2], [383, 24268]]}",{}
675,NC00962.3,EMB-0.2-0.95,0.0,GARC1,RUS,EMB,embA@P988L,U,{},"{""proportion"": 0.0, ""confidence"": [0.0, 0.7934506856227626], ""p_value"": 1.0, ""contingency"": [[0, 1], [383, 24268]]}",{}
676,NC00962.3,EMB-0.2-0.95,0.0,GARC1,RUS,EMB,embB@L181Q,U,{},"{""proportion"": 0.0, ""confidence"": [0.0, 0.7934506856227626], ""p_value"": 1.0, ""contingency"": [[0, 1], [383, 24268]]}",{}
677,NC00962.3,EMB-0.2-0.95,0.0,GARC1,RUS,EMB,embB@D240Y,U,{},"{""proportion"": 0.0, ""confidence"": [0.0, 0.7934506856227626], ""p_value"": 1.0, ""contingency"": [[0, 1], [383, 24268]]}",{}
678,NC00962.3,EMB-0.2-0.95,0.0,GARC1,RUS,EMB,embB@G96E,U,{},"{""proportion"": 0.0, ""confidence"": [0.0, 0.7934506856227626], ""p_value"": 1.0, ""contingency"": [[0, 1], [383, 24268]]}",{}
679,NC00962.3,EMB-0.2-0.95,0.0,GARC1,RUS,EMB,embB@A840V,U,{},"{""proportion"": 0.0, ""confidence"": [0.0, 0.7934506856227626], ""p_value"": 1.0, ""contingency"": [[0, 1], [383, 24268]]}",{}
680,NC00962.3,EMB-0.2-0.95,0.0,GARC1,RUS,EMB,embB@D1041A,U,{},"{""proportion"": 0.0, ""confidence"": [0.0, 0.7934506856227626], ""p_value"": 1.0, ""contingency"": [[0, 1], [383, 24268]]}",{}
681,NC00962.3,EMB-0.2-0.95,0.0,GARC1,RUS,EMB,embB@G745R,U,{},"{""proportion"": 0.0, ""confidence"": [0.0, 0.7934506856227626], ""p_value"": 1.0, ""contingency"": [[0, 1], [383, 24268]]}",{}
682,NC00962.3,EMB-0.2-0.95,0.0,GARC1,RUS,EMB,embA@A461T,U,{},"{""proportion"": 0.0, ""confidence"": [0.0, 0.7934506856227626], ""p_value"": 1.0, ""contingency"": [[0, 1], [383, 24268]]}",{}
683,NC00962.3,EMB-0.2-0.95,0.0,GARC1,RUS,EMB,embA@I30V,U,{},"{""proportion"": 0.0, ""confidence"": [0.0, 0.7934506856227626], ""p_value"": 1.0, ""contingency"": [[0, 1], [383, 24268]]}",{}
684,NC00962.3,EMB-0.2-0.95,0.0,GARC1,RUS,EMB,embA@A593V,U,{},"{""proportion"": 0.0, ""confidence"": [0.0, 0.7934506856227626], ""p_value"": 1.0, ""contingency"": [[0, 1], [383, 24268]]}",{}
685,NC00962.3,EMB-0.2-0.95,0.0,GARC1,RUS,EMB,embA@T197R,U,{},"{""proportion"": 0.0, ""confidence"": [0.0, 0.7934506856227626], ""p_value"": 1.0, ""contingency"": [[0, 1], [383, 24268]]}",{}
686,NC00962.3,EMB-0.2-0.95,0.0,GARC1,RUS,EMB,embB@A386E,U,{},"{""proportion"": 0.0, ""confidence"": [3.384324554477539e-17, 0.39033428790216534], ""p_value"": 0.6067840000000001, ""contingency"": [[0, 6], [383, 24268]]}",{}
687,NC00962.3,EMB-0.2-0.95,0.0,GARC1,RUS,EMB,embB@G745A,U,{},"{""proportion"": 0.0, ""confidence"": [0.0, 0.7934506856227626], ""p_value"": 1.0, ""contingency"": [[0, 1], [383, 24268]]}",{}
688,NC00962.3,EMB-0.2-0.95,0.0,GARC1,RUS,EMB,embA@R444W,U,{},"{""proportion"": 0.0, ""confidence"": [0.0, 0.7934506856227626], ""p_value"": 1.0, ""contingency"": [[0, 1], [383, 24268]]}",{}
689,NC00962.3,EMB-0.2-0.95,0.0,GARC1,RUS,EMB,embA@P958L,U,{},"{""proportion"": 0.0, ""confidence"": [0.0, 0.7934506856227626], ""p_value"": 1.0, ""contingency"": [[0, 1], [383, 24268]]}",{}
690,NC00962.3,EMB-0.2-0.95,0.0,GARC1,RUS,EMB,embA@E779Q,U,{},"{""proportion"": 0.0, ""confidence"": [4.8683609171202235e-17, 0.5614970317550455], ""p_value"": 1.0, ""contingency"": [[0, 3], [383, 24268]]}",{}
691,NC00962.3,EMB-0.2-0.95,0.0,GARC1,RUS,EMB,embA@1783_ins_tcggtctacatagtcgac,U,{},"{""proportion"": 0.0, ""confidence"": [0.0, 0.7934506856227626], ""p_value"": 1.0, ""contingency"": [[0, 1], [383, 24268]]}",{}
692,NC00962.3,EMB-0.2-0.95,0.0,GARC1,RUS,EMB,embB@S261A,U,{},"{""proportion"": 0.0, ""confidence"": [0.0, 0.7934506856227626], ""p_value"": 1.0, ""contingency"": [[0, 1], [383, 24268]]}",{}
693,NC00962.3,EMB-0.2-0.95,0.0,GARC1,RUS,EMB,embA@T308K,U,{},"{""proportion"": 0.0, ""confidence"": [0.0, 0.7934506856227626], ""p_value"": 1.0, ""contingency"": [[0, 1], [383, 24268]]}",{}
694,NC00962.3,EMB-0.2-0.95,0.0,GARC1,RUS,EMB,embB@D311A,U,{},"{""proportion"": 0.0, ""confidence"": [4.8683609171202235e-17, 0.5614970317550455], ""p_value"": 1.0, ""contingency"": [[0, 3], [383, 24268]]}",{}
695,NC00962.3,EMB-0.2-0.95,0.0,GARC1,RUS,EMB,embA@S250G,U,{},"{""proportion"": 0.0, ""confidence"": [0.0, 0.7934506856227626], ""p_value"": 1.0, ""contingency"": [[0, 1], [383, 24268]]}",{}
696,NC00962.3,EMB-0.2-0.95,0.0,GARC1,RUS,EMB,embB@G748V,U,{},"{""proportion"": 0.0, ""confidence"": [0.0, 0.7934506856227626], ""p_value"": 1.0, ""contingency"": [[0, 1], [383, 24268]]}",{}
697,NC00962.3,EMB-0.2-0.95,0.0,GARC1,RUS,EMB,embA@I1007V,U,{},"{""proportion"": 0.0, ""confidence"": [0.0, 0.7934506856227626], ""p_value"": 1.0, ""contingency"": [[0, 1], [383, 24268]]}",{}
698,NC00962.3,EMB-0.2-0.95,0.0,GARC1,RUS,EMB,embB@V944A,U,{},"{""proportion"": 0.0, ""confidence"": [4.8683609171202235e-17, 0.5614970317550455], ""p_value"": 1.0, ""contingency"": [[0, 3], [383, 24268]]}",{}
699,NC00962.3,EMB-0.2-0.95,0.0,GARC1,RUS,EMB,embB@A941T,U,{},"{""proportion"": 0.0, ""confidence"": [0.0, 0.7934506856227626], ""p_value"": 1.0, ""contingency"": [[0, 1], [383, 24268]]}",{}
700,NC00962.3,EMB-0.2-0.95,0.0,GARC1,RUS,EMB,embA@g-75a,U,{},"{""proportion"": 0.0, ""confidence"": [0.0, 0.7934506856227626], ""p_value"": 1.0, ""contingency"": [[0, 1], [383, 24268]]}",{}
701,NC00962.3,EMB-0.2-0.95,0.0,GARC1,RUS,EMB,embA@A930V,U,{},"{""proportion"": 0.0, ""confidence"": [0.0, 0.7934506856227626], ""p_value"": 1.0, ""contingency"": [[0, 1], [383, 24268]]}",{}
702,NC00962.3,EMB-0.2-0.95,0.0,GARC1,RUS,EMB,embA@G210V,U,{},"{""proportion"": 0.0, ""confidence"": [0.0, 0.7934506856227626], ""p_value"": 1.0, ""contingency"": [[0, 1], [383, 24268]]}",{}
703,NC00962.3,EMB-0.2-0.95,0.0,GARC1,RUS,EMB,embB@R625W,U,{},"{""proportion"": 0.0, ""confidence"": [0.0, 0.7934506856227626], ""p_value"": 1.0, ""contingency"": [[0, 1], [383, 24268]]}",{}
704,NC00962.3,EMB-0.2-0.95,0.0,GARC1,RUS,EMB,embB@V612M,U,{},"{""proportion"": 0.0, ""confidence"": [0.0, 0.7934506856227626], ""p_value"": 1.0, ""contingency"": [[0, 1], [383, 24268]]}",{}
705,NC00962.3,EMB-0.2-0.95,0.0,GARC1,RUS,EMB,embB@G696A,U,{},"{""proportion"": 0.0, ""confidence"": [0.0, 0.7934506856227626], ""p_value"": 1.0, ""contingency"": [[0, 1], [383, 24268]]}",{}
706,NC00962.3,EMB-0.2-0.95,0.0,GARC1,RUS,EMB,embA@A921S,U,{},"{""proportion"": 0.0, ""confidence"": [0.0, 0.6576197724933469], ""p_value"": 1.0, ""contingency"": [[0, 2], [383, 24268]]}",{}
707,NC00962.3,EMB-0.2-0.95,0.0,GARC1,RUS,EMB,embB@R464Q,U,{},"{""proportion"": 0.0, ""confidence"": [0.0, 0.7934506856227626], ""p_value"": 1.0, ""contingency"": [[0, 1], [383, 24268]]}",{}
708,NC00962.3,EMB-0.2-0.95,0.0,GARC1,RUS,EMB,embB@A484T,U,{},"{""proportion"": 0.0, ""confidence"": [0.0, 0.7934506856227626], ""p_value"": 1.0, ""contingency"": [[0, 1], [383, 24268]]}",{}
709,NC00962.3,EMB-0.2-0.95,0.0,GARC1,RUS,EMB,embA@G230S,U,{},"{""proportion"": 0.0, ""confidence"": [4.8683609171202235e-17, 0.5614970317550455], ""p_value"": 1.0, ""contingency"": [[0, 3], [383, 24268]]}",{}
710,NC00962.3,EMB-0.2-0.95,0.0,GARC1,RUS,EMB,embA@I141T,U,{},"{""proportion"": 0.0, ""confidence"": [0.0, 0.6576197724933469], ""p_value"": 1.0, ""contingency"": [[0, 2], [383, 24268]]}",{}
711,NC00962.3,EMB-0.2-0.95,0.0,GARC1,RUS,EMB,embA@V18I,U,{},"{""proportion"": 0.0, ""confidence"": [0.0, 0.7934506856227626], ""p_value"": 1.0, ""contingency"": [[0, 1], [383, 24268]]}",{}
712,NC00962.3,EMB-0.2-0.95,0.0,GARC1,RUS,EMB,embA@G547R,U,{},"{""proportion"": 0.0, ""confidence"": [0.0, 0.7934506856227626], ""p_value"": 1.0, ""contingency"": [[0, 1], [383, 24268]]}",{}
713,NC00962.3,EMB-0.2-0.95,0.0,GARC1,RUS,EMB,embB@R468H,U,{},"{""proportion"": 0.0, ""confidence"": [0.0, 0.7934506856227626], ""p_value"": 1.0, ""contingency"": [[0, 1], [383, 24268]]}",{}
714,NC00962.3,EMB-0.2-0.95,0.0,GARC1,RUS,EMB,embA@g-51a,U,{},"{""proportion"": 0.0, ""confidence"": [0.0, 0.7934506856227626], ""p_value"": 1.0, ""contingency"": [[0, 1], [383, 24268]]}",{}
715,NC00962.3,EMB-0.2-0.95,0.0,GARC1,RUS,EMB,embB@S622W,U,{},"{""proportion"": 0.0, ""confidence"": [0.0, 0.7934506856227626], ""p_value"": 1.0, ""contingency"": [[0, 1], [383, 24268]]}",{}
716,NC00962.3,EMB-0.2-0.95,0.0,GARC1,RUS,EMB,embB@D1060N,U,{},"{""proportion"": 0.0, ""confidence"": [0.0, 0.7934506856227626], ""p_value"": 1.0, ""contingency"": [[0, 1], [383, 24268]]}",{}
717,NC00962.3,EMB-0.2-0.95,0.0,GARC1,RUS,EMB,embA@P802L,U,{},"{""proportion"": 0.0, ""confidence"": [0.0, 0.4898908364545973], ""p_value"": 1.0, ""contingency"": [[0, 4], [383, 24268]]}",{}
718,NC00962.3,EMB-0.2-0.95,0.0,GARC1,RUS,EMB,embB@T215I,U,{},"{""proportion"": 0.0, ""confidence"": [0.0, 0.7934506856227626], ""p_value"": 1.0, ""contingency"": [[0, 1], [383, 24268]]}",{}
719,NC00962.3,EMB-0.2-0.95,0.0,GARC1,RUS,EMB,embB@P655L,U,{},"{""proportion"": 0.0, ""confidence"": [0.0, 0.7934506856227626], ""p_value"": 1.0, ""contingency"": [[0, 1], [383, 24268]]}",{}
720,NC00962.3,EMB-0.2-0.95,0.0,GARC1,RUS,EMB,embA@t-28g,U,{},"{""proportion"": 0.0, ""confidence"": [0.0, 0.7934506856227626], ""p_value"": 1.0, ""contingency"": [[0, 1], [383, 24268]]}",{}
721,NC00962.3,EMB-0.2-0.95,0.0,GARC1,RUS,EMB,embA@A448G,U,{},"{""proportion"": 0.0, ""confidence"": [0.0, 0.7934506856227626], ""p_value"": 1.0, ""contingency"": [[0, 1], [383, 24268]]}",{}
722,NC00962.3,EMB-0.2-0.95,0.0,GARC1,RUS,EMB,embB@H890R,U,{},"{""proportion"": 0.0, ""confidence"": [0.0, 0.7934506856227626], ""p_value"": 1.0, ""contingency"": [[0, 1], [383, 24268]]}",{}
723,NC00962.3,EMB-0.2-0.95,0.0,GARC1,RUS,EMB,embA@T588I,U,{},"{""proportion"": 0.0, ""confidence"": [0.0, 0.7934506856227626], ""p_value"": 1.0, ""contingency"": [[0, 1], [383, 24268]]}",{}
724,NC00962.3,EMB-0.2-0.95,0.0,GARC1,RUS,EMB,embB@P957L,U,{},"{""proportion"": 0.0, ""confidence"": [0.0, 0.7934506856227626], ""p_value"": 1.0, ""contingency"": [[0, 1], [383, 24268]]}",{}
725,NC00962.3,EMB-0.2-0.95,0.0,GARC1,RUS,EMB,embB@S980A,U,{},"{""proportion"": 0.0, ""confidence"": [0.0, 0.7934506856227626], ""p_value"": 1.0, ""contingency"": [[0, 1], [383, 24268]]}",{}
726,NC00962.3,EMB-0.2-0.95,0.0,GARC1,RUS,EMB,embB@P136A,U,{},"{""proportion"": 0.0, ""confidence"": [0.0, 0.7934506856227626], ""p_value"": 1.0, ""contingency"": [[0, 1], [383, 24268]]}",{}
727,NC00962.3,EMB-0.2-0.95,0.0,GARC1,RUS,EMB,embB@E976Q,U,{},"{""proportion"": 0.0, ""confidence"": [0.0, 0.7934506856227626], ""p_value"": 1.0, ""contingency"": [[0, 1], [383, 24268]]}",{}
728,NC00962.3,EMB-0.2-0.95,0.0,GARC1,RUS,EMB,embA@T434A,U,{},"{""proportion"": 0.0, ""confidence"": [0.0, 0.7934506856227626], ""p_value"": 1.0, ""contingency"": [[0, 1], [383, 24268]]}",{}
729,NC00962.3,EMB-0.2-0.95,0.0,GARC1,RUS,EMB,embA@G451R,U,{},"{""proportion"": 0.0, ""confidence"": [2.1779500349382702e-17, 0.2153108027376358], ""p_value"": 0.08783484567551998, ""contingency"": [[0, 14], [383, 24268]]}",{}
730,NC00962.3,EMB-0.2-0.95,0.0,GARC1,RUS,EMB,embB@D952E,U,{},"{""proportion"": 0.0, ""confidence"": [0.0, 0.6576197724933469], ""p_value"": 1.0, ""contingency"": [[0, 2], [383, 24268]]}",{}
731,NC00962.3,EMB-0.2-0.95,0.0,GARC1,RUS,EMB,embB@T822M,U,{},"{""proportion"": 0.0, ""confidence"": [0.0, 0.7934506856227626], ""p_value"": 1.0, ""contingency"": [[0, 1], [383, 24268]]}",{}
732,NC00962.3,EMB-0.2-0.95,0.0,GARC1,RUS,EMB,embA@A249P,U,{},"{""proportion"": 0.0, ""confidence"": [0.0, 0.22809537235419838], ""p_value"": 0.08501090467839999, ""contingency"": [[0, 13], [383, 24268]]}",{}
733,NC00962.3,EMB-0.2-0.95,0.0,GARC1,RUS,EMB,embA@V414M,U,{},"{""proportion"": 0.0, ""confidence"": [0.0, 0.7934506856227626], ""p_value"": 1.0, ""contingency"": [[0, 1], [383, 24268]]}",{}
734,NC00962.3,EMB-0.2-0.95,0.0,GARC1,RUS,EMB,embA@A312V,U,{},"{""proportion"": 0.0, ""confidence"": [0.0, 0.7934506856227626], ""p_value"": 1.0, ""contingency"": [[0, 1], [383, 24268]]}",{}
735,NC00962.3,EMB-0.2-0.95,0.0,GARC1,RUS,EMB,embA@W634S,U,{},"{""proportion"": 0.0, ""confidence"": [0.0, 0.7934506856227626], ""p_value"": 1.0, ""contingency"": [[0, 1], [383, 24268]]}",{}
736,NC00962.3,EMB-0.2-0.95,0.0,GARC1,RUS,EMB,embA@E508D,U,{},"{""proportion"": 0.0, ""confidence"": [0.0, 0.7934506856227626], ""p_value"": 1.0, ""contingency"": [[0, 1], [383, 24268]]}",{}
737,NC00962.3,EMB-0.2-0.95,0.0,GARC1,RUS,EMB,embB@P103H,U,{},"{""proportion"": 0.0, ""confidence"": [0.0, 0.7934506856227626], ""p_value"": 1.0, ""contingency"": [[0, 1], [383, 24268]]}",{}
738,NC00962.3,EMB-0.2-0.95,0.0,GARC1,RUS,EMB,embB@D127A,U,{},"{""proportion"": 0.0, ""confidence"": [0.0, 0.7934506856227626], ""p_value"": 1.0, ""contingency"": [[0, 1], [383, 24268]]}",{}
739,NC00962.3,EMB-0.2-0.95,0.0,GARC1,RUS,EMB,embB@A94V,U,{},"{""proportion"": 0.0, ""confidence"": [0.0, 0.6576197724933469], ""p_value"": 1.0, ""contingency"": [[0, 2], [383, 24268]]}",{}
740,NC00962.3,EMB-0.2-0.95,0.0,GARC1,RUS,EMB,embB@D166A,U,{},"{""proportion"": 0.0, ""confidence"": [0.0, 0.7934506856227626], ""p_value"": 1.0, ""contingency"": [[0, 1], [383, 24268]]}",{}
741,NC00962.3,EMB-0.2-0.95,0.0,GARC1,RUS,EMB,embA@G823R,U,{},"{""proportion"": 0.0, ""confidence"": [0.0, 0.7934506856227626], ""p_value"": 1.0, ""contingency"": [[0, 1], [383, 24268]]}",{}
742,NC00962.3,EMB-0.2-0.95,0.0,GARC1,RUS,EMB,embB@V83A,U,{},"{""proportion"": 0.0, ""confidence"": [0.0, 0.7934506856227626], ""p_value"": 1.0, ""contingency"": [[0, 1], [383, 24268]]}",{}
743,NC00962.3,EMB-0.2-0.95,0.0,GARC1,RUS,EMB,embB@G1097A,U,{},"{""proportion"": 0.0, ""confidence"": [0.0, 0.7934506856227626], ""p_value"": 1.0, ""contingency"": [[0, 1], [383, 24268]]}",{}
744,NC00962.3,EMB-0.2-0.95,0.0,GARC1,RUS,EMB,embA@L978W,U,{},"{""proportion"": 0.0, ""confidence"": [0.0, 0.7934506856227626], ""p_value"": 1.0, ""contingency"": [[0, 1], [383, 24268]]}",{}
745,NC00962.3,EMB-0.2-0.95,0.0,GARC1,RUS,EMB,embB@L528V,U,{},"{""proportion"": 0.0, ""confidence"": [0.0, 0.7934506856227626], ""p_value"": 1.0, ""contingency"": [[0, 1], [383, 24268]]}",{}
746,NC00962.3,EMB-0.2-0.95,0.0,GARC1,RUS,EMB,embA@P383S,U,{},"{""proportion"": 0.0, ""confidence"": [0.0, 0.7934506856227626], ""p_value"": 1.0, ""contingency"": [[0, 1], [383, 24268]]}",{}
747,NC00962.3,EMB-0.2-0.95,0.0,GARC1,RUS,EMB,embB@I726T,U,{},"{""proportion"": 0.0, ""confidence"": [0.0, 0.7934506856227626], ""p_value"": 1.0, ""contingency"": [[0, 1], [383, 24268]]}",{}
748,NC00962.3,EMB-0.2-0.95,0.0,GARC1,RUS,EMB,embA@P860L,U,{},"{""proportion"": 0.0, ""confidence"": [0.0, 0.7934506856227626], ""p_value"": 1.0, ""contingency"": [[0, 1], [383, 24268]]}",{}
749,NC00962.3,EMB-0.2-0.95,0.0,GARC1,RUS,EMB,embA@V283A,U,{},"{""proportion"": 0.0, ""confidence"": [0.0, 0.7934506856227626], ""p_value"": 1.0, ""contingency"": [[0, 1], [383, 24268]]}",{}
750,NC00962.3,EMB-0.2-0.95,0.0,GARC1,RUS,EMB,embA@L263F,U,{},"{""proportion"": 0.0, ""confidence"": [0.0, 0.7934506856227626], ""p_value"": 1.0, ""contingency"": [[0, 1], [383, 24268]]}",{}
751,NC00962.3,EMB-0.2-0.95,0.0,GARC1,RUS,EMB,embA@T161I,U,{},"{""proportion"": 0.0, ""confidence"": [0.0, 0.7934506856227626], ""p_value"": 1.0, ""contingency"": [[0, 1], [383, 24268]]}",{}
752,NC00962.3,EMB-0.2-0.95,0.0,GARC1,RUS,EMB,embB@P766L,U,{},"{""proportion"": 0.0, ""confidence"": [0.0, 0.7934506856227626], ""p_value"": 1.0, ""contingency"": [[0, 1], [383, 24268]]}",{}
753,NC00962.3,EMB-0.2-0.95,0.0,GARC1,RUS,EMB,embB@A701T,U,{},"{""proportion"": 0.0, ""confidence"": [0.0, 0.6576197724933469], ""p_value"": 1.0, ""contingency"": [[0, 2], [383, 24268]]}",{}
754,NC00962.3,EMB-0.2-0.95,0.0,GARC1,RUS,EMB,embA@V391I,U,{},"{""proportion"": 0.0, ""confidence"": [0.0, 0.7934506856227626], ""p_value"": 1.0, ""contingency"": [[0, 1], [383, 24268]]}",{}
755,NC00962.3,EMB-0.2-0.95,0.0,GARC1,RUS,EMB,embA@P327H,U,{},"{""proportion"": 0.0, ""confidence"": [0.0, 0.7934506856227626], ""p_value"": 1.0, ""contingency"": [[0, 1], [383, 24268]]}",{}
756,NC00962.3,EMB-0.2-0.95,0.0,GARC1,RUS,EMB,embA@A1016S,U,{},"{""proportion"": 0.0, ""confidence"": [4.8683609171202235e-17, 0.5614970317550455], ""p_value"": 1.0, ""contingency"": [[0, 3], [383, 24268]]}",{}
757,NC00962.3,EMB-0.2-0.95,0.0,GARC1,RUS,EMB,embB@F161L,U,{},"{""proportion"": 0.0, ""confidence"": [0.0, 0.7934506856227626], ""p_value"": 1.0, ""contingency"": [[0, 1], [383, 24268]]}",{}
758,NC00962.3,EMB-0.2-0.95,0.0,GARC1,RUS,EMB,embB@W273L,U,{},"{""proportion"": 0.0, ""confidence"": [0.0, 0.7934506856227626], ""p_value"": 1.0, ""contingency"": [[0, 1], [383, 24268]]}",{}
759,NC00962.3,EMB-0.2-0.95,0.0,GARC1,RUS,EMB,embB@A221T,U,{},"{""proportion"": 0.0, ""confidence"": [0.0, 0.7934506856227626], ""p_value"": 1.0, ""contingency"": [[0, 1], [383, 24268]]}",{}
760,NC00962.3,EMB-0.2-0.95,0.0,GARC1,RUS,EMB,embA@A438V,U,{},"{""proportion"": 0.0, ""confidence"": [0.0, 0.7934506856227626], ""p_value"": 1.0, ""contingency"": [[0, 1], [383, 24268]]}",{}
761,NC00962.3,EMB-0.2-0.95,0.0,GARC1,RUS,EMB,embB@A357T,U,{},"{""proportion"": 0.0, ""confidence"": [0.0, 0.7934506856227626], ""p_value"": 1.0, ""contingency"": [[0, 1], [383, 24268]]}",{}
762,NC00962.3,EMB-0.2-0.95,0.0,GARC1,RUS,EMB,embB@M350T,U,{},"{""proportion"": 0.0, ""confidence"": [0.0, 0.7934506856227626], ""p_value"": 1.0, ""contingency"": [[0, 1], [383, 24268]]}",{}
763,NC00962.3,EMB-0.2-0.95,0.0,GARC1,RUS,EMB,embB@S344R,U,{},"{""proportion"": 0.0, ""confidence"": [0.0, 0.7934506856227626], ""p_value"": 1.0, ""contingency"": [[0, 1], [383, 24268]]}",{}
764,NC00962.3,EMB-0.2-0.95,0.0,GARC1,RUS,EMB,embA@Q57E,U,{},"{""proportion"": 0.0, ""confidence"": [0.0, 0.7934506856227626], ""p_value"": 1.0, ""contingency"": [[0, 1], [383, 24268]]}",{}
765,NC00962.3,EMB-0.2-0.95,0.0,GARC1,RUS,EMB,embA@T591A,U,{},"{""proportion"": 0.0, ""confidence"": [0.0, 0.7934506856227626], ""p_value"": 1.0, ""contingency"": [[0, 1], [383, 24268]]}",{}
766,NC00962.3,EMB-0.2-0.95,0.0,GARC1,RUS,EMB,embA@N54S,U,{},"{""proportion"": 0.0, ""confidence"": [0.0, 0.6576197724933469], ""p_value"": 1.0, ""contingency"": [[0, 2], [383, 24268]]}",{}
767,NC00962.3,EMB-0.2-0.95,0.0,GARC1,RUS,EMB,embB@A271G,U,{},"{""proportion"": 0.0, ""confidence"": [0.0, 0.7934506856227626], ""p_value"": 1.0, ""contingency"": [[0, 1], [383, 24268]]}",{}
768,NC00962.3,EMB-0.2-0.95,0.0,GARC1,RUS,EMB,embB@V67L,U,{},"{""proportion"": 0.0, ""confidence"": [0.0, 0.7934506856227626], ""p_value"": 1.0, ""contingency"": [[0, 1], [383, 24268]]}",{}
769,NC00962.3,EMB-0.2-0.95,0.0,GARC1,RUS,EMB,embB@T341I,U,{},"{""proportion"": 0.0, ""confidence"": [0.0, 0.7934506856227626], ""p_value"": 1.0, ""contingency"": [[0, 1], [383, 24268]]}",{}
770,NC00962.3,EMB-0.2-0.95,0.0,GARC1,RUS,EMB,embA@A331P,U,{},"{""proportion"": 0.0, ""confidence"": [0.0, 0.7934506856227626], ""p_value"": 1.0, ""contingency"": [[0, 1], [383, 24268]]}",{}
771,NC00962.3,EMB-0.2-0.95,0.0,GARC1,RUS,EMB,embA@c-11t,U,{},"{""proportion"": 0.0, ""confidence"": [4.8683609171202235e-17, 0.5614970317550455], ""p_value"": 1.0, ""contingency"": [[0, 3], [383, 24268]]}",{}
772,NC00962.3,EMB-0.2-0.95,0.0,GARC1,RUS,EMB,embB@A861T,U,{},"{""proportion"": 0.0, ""confidence"": [0.0, 0.7934506856227626], ""p_value"": 1.0, ""contingency"": [[0, 1], [383, 24268]]}",{}
773,NC00962.3,EMB-0.2-0.95,0.0,GARC1,RUS,EMB,embB@A840P,U,{},"{""proportion"": 0.0, ""confidence"": [0.0, 0.7934506856227626], ""p_value"": 1.0, ""contingency"": [[0, 1], [383, 24268]]}",{}
774,NC00962.3,EMB-0.2-0.95,0.0,GARC1,RUS,EMB,embA@D678N,U,{},"{""proportion"": 0.0, ""confidence"": [0.0, 0.7934506856227626], ""p_value"": 1.0, ""contingency"": [[0, 1], [383, 24268]]}",{}
775,NC00962.3,EMB-0.2-0.95,0.0,GARC1,RUS,EMB,embB@H342N,U,{},"{""proportion"": 0.0, ""confidence"": [0.0, 0.7934506856227626], ""p_value"": 1.0, ""contingency"": [[0, 1], [383, 24268]]}",{}
776,NC00962.3,EMB-0.2-0.95,0.0,GARC1,RUS,EMB,embB@M557I,U,{},"{""proportion"": 0.0, ""confidence"": [0.0, 0.6576197724933469], ""p_value"": 1.0, ""contingency"": [[0, 2], [383, 24268]]}",{}
777,NC00962.3,EMB-0.2-0.95,0.0,GARC1,RUS,EMB,embB@R1059P,U,{},"{""proportion"": 0.0, ""confidence"": [0.0, 0.7934506856227626], ""p_value"": 1.0, ""contingency"": [[0, 1], [383, 24268]]}",{}
778,NC00962.3,EMB-0.2-0.95,0.0,GARC1,RUS,EMB,embB@A950V,U,{},"{""proportion"": 0.0, ""confidence"": [0.0, 0.7934506856227626], ""p_value"": 1.0, ""contingency"": [[0, 1], [383, 24268]]}",{}
779,NC00962.3,EMB-0.2-0.95,0.0,GARC1,RUS,EMB,embA@A734T,U,{},"{""proportion"": 0.0, ""confidence"": [0.0, 0.7934506856227626], ""p_value"": 1.0, ""contingency"": [[0, 1], [383, 24268]]}",{}
780,NC00962.3,EMB-0.2-0.95,0.0,GARC1,RUS,EMB,embB@L348P,U,{},"{""proportion"": 0.0, ""confidence"": [0.0, 0.7934506856227626], ""p_value"": 1.0, ""contingency"": [[0, 1], [383, 24268]]}",{}
781,NC00962.3,EMB-0.2-0.95,0.0,GARC1,RUS,EMB,embB@N400S,U,{},"{""proportion"": 0.0, ""confidence"": [0.0, 0.7934506856227626], ""p_value"": 1.0, ""contingency"": [[0, 1], [383, 24268]]}",{}
782,NC00962.3,EMB-0.2-0.95,0.0,GARC1,RUS,EMB,embA@T363I,U,{},"{""proportion"": 0.0, ""confidence"": [0.0, 0.7934506856227626], ""p_value"": 1.0, ""contingency"": [[0, 1], [383, 24268]]}",{}
783,NC00962.3,EMB-0.2-0.95,0.0,GARC1,RUS,EMB,embB@M462T,U,{},"{""proportion"": 0.0, ""confidence"": [0.0, 0.7934506856227626], ""p_value"": 1.0, ""contingency"": [[0, 1], [383, 24268]]}",{}
784,NC00962.3,EMB-0.2-0.95,0.0,GARC1,RUS,EMB,embB@P59T,U,{},"{""proportion"": 0.0, ""confidence"": [0.0, 0.7934506856227626], ""p_value"": 1.0, ""contingency"": [[0, 1], [383, 24268]]}",{}
785,NC00962.3,EMB-0.2-0.95,0.0,GARC1,RUS,EMB,embB@V602A,U,{},"{""proportion"": 0.0, ""confidence"": [0.0, 0.7934506856227626], ""p_value"": 1.0, ""contingency"": [[0, 1], [383, 24268]]}",{}
786,NC00962.3,EMB-0.2-0.95,0.0,GARC1,RUS,EMB,embB@L364V,U,{},"{""proportion"": 0.0, ""confidence"": [0.0, 0.6576197724933469], ""p_value"": 1.0, ""contingency"": [[0, 2], [383, 24268]]}",{}
787,NC00962.3,EMB-0.2-0.95,0.0,GARC1,RUS,EMB,embB@I1006M,U,{},"{""proportion"": 0.0, ""confidence"": [0.0, 0.43448246478317476], ""p_value"": 0.5904, ""contingency"": [[0, 5], [383, 24268]]}",{}
788,NC00962.3,EMB-0.2-0.95,0.0,GARC1,RUS,EMB,embB@Q997H,U,{},"{""proportion"": 0.0, ""confidence"": [0.0, 0.7934506856227626], ""p_value"": 1.0, ""contingency"": [[0, 1], [383, 24268]]}",{}
789,NC00962.3,EMB-0.2-0.95,0.0,GARC1,RUS,EMB,embA@T591P,U,{},"{""proportion"": 0.0, ""confidence"": [0.0, 0.6576197724933469], ""p_value"": 1.0, ""contingency"": [[0, 2], [383, 24268]]}",{}
790,NC00962.3,EMB-0.2-0.95,0.0,GARC1,RUS,EMB,embB@R147C,U,{},"{""proportion"": 0.0, ""confidence"": [0.0, 0.7934506856227626], ""p_value"": 1.0, ""contingency"": [[0, 1], [383, 24268]]}",{}
791,NC00962.3,EMB-0.2-0.95,0.0,GARC1,RUS,EMB,embB@A1083T,U,{},"{""proportion"": 0.0, ""confidence"": [0.0, 0.7934506856227626], ""p_value"": 1.0, ""contingency"": [[0, 1], [383, 24268]]}",{}
792,NC00962.3,EMB-0.2-0.95,0.0,GARC1,RUS,EMB,embA@A852D,U,{},"{""proportion"": 0.0, ""confidence"": [0.0, 0.7934506856227626], ""p_value"": 1.0, ""contingency"": [[0, 1], [383, 24268]]}",{}
793,NC00962.3,EMB-0.2-0.95,0.0,GARC1,RUS,EMB,embA@G554D,U,{},"{""proportion"": 1.0, ""confidence"": [0.20654931437723742, 1.0], ""p_value"": 0.2, ""contingency"": [[1, 0], [383, 24268]]}",{}
794,NC00962.3,EMB-0.2-0.95,0.0,GARC1,RUS,EMB,embB@E149A,U,{},"{""proportion"": 0.0, ""confidence"": [0.0, 0.7934506856227626], ""p_value"": 1.0, ""contingency"": [[0, 1], [383, 24268]]}",{}
795,NC00962.3,EMB-0.2-0.95,0.0,GARC1,RUS,EMB,embA@P763S,U,{},"{""proportion"": 0.0, ""confidence"": [0.0, 0.7934506856227626], ""p_value"": 1.0, ""contingency"": [[0, 1], [383, 24268]]}",{}
796,NC00962.3,EMB-0.2-0.95,0.0,GARC1,RUS,EMB,embA@g-48c,U,{},"{""proportion"": 0.0, ""confidence"": [0.0, 0.7934506856227626], ""p_value"": 1.0, ""contingency"": [[0, 1], [383, 24268]]}",{}
797,NC00962.3,EMB-0.2-0.95,0.0,GARC1,RUS,EMB,embA@A291T,U,{},"{""proportion"": 0.0, ""confidence"": [0.0, 0.6576197724933469], ""p_value"": 1.0, ""contingency"": [[0, 2], [383, 24268]]}",{}
798,NC00962.3,EMB-0.2-0.95,0.0,GARC1,RUS,EMB,embB@D354N,U,{},"{""proportion"": 0.0, ""confidence"": [4.8683609171202235e-17, 0.5614970317550455], ""p_value"": 1.0, ""contingency"": [[0, 3], [383, 24268]]}",{}
799,NC00962.3,EMB-0.2-0.95,0.0,GARC1,RUS,EMB,embA@T270P,U,{},"{""proportion"": 0.0, ""confidence"": [0.0, 0.7934506856227626], ""p_value"": 1.0, ""contingency"": [[0, 1], [383, 24268]]}",{}
800,NC00962.3,EMB-0.2-0.95,0.0,GARC1,RUS,EMB,embB@M482I,U,{},"{""proportion"": 0.0, ""confidence"": [0.0, 0.7934506856227626], ""p_value"": 1.0, ""contingency"": [[0, 1], [383, 24268]]}",{}
801,NC00962.3,EMB-0.2-0.95,0.0,GARC1,RUS,EMB,embA@G21R,U,{},"{""proportion"": 0.0, ""confidence"": [0.0, 0.7934506856227626], ""p_value"": 1.0, ""contingency"": [[0, 1], [383, 24268]]}",{}
802,NC00962.3,EMB-0.2-0.95,0.0,GARC1,RUS,EMB,embA@H665R,U,{},"{""proportion"": 0.0, ""confidence"": [0.0, 0.6576197724933469], ""p_value"": 1.0, ""contingency"": [[0, 2], [383, 24268]]}",{}
803,NC00962.3,EMB-0.2-0.95,0.0,GARC1,RUS,EMB,embB@N1004T,U,{},"{""proportion"": 0.0, ""confidence"": [0.0, 0.7934506856227626], ""p_value"": 1.0, ""contingency"": [[0, 1], [383, 24268]]}",{}
804,NC00962.3,EMB-0.2-0.95,0.0,GARC1,RUS,EMB,embA@P327L,U,{},"{""proportion"": 0.0, ""confidence"": [0.0, 0.7934506856227626], ""p_value"": 1.0, ""contingency"": [[0, 1], [383, 24268]]}",{}
805,NC00962.3,EMB-0.2-0.95,0.0,GARC1,RUS,EMB,embB@T797M,U,{},"{""proportion"": 0.0, ""confidence"": [0.0, 0.4898908364545973], ""p_value"": 1.0, ""contingency"": [[0, 4], [383, 24268]]}",{}
806,NC00962.3,EMB-0.2-0.95,0.0,GARC1,RUS,EMB,embB@A510T,U,{},"{""proportion"": 0.0, ""confidence"": [4.8683609171202235e-17, 0.5614970317550455], ""p_value"": 1.0, ""contingency"": [[0, 3], [383, 24268]]}",{}
807,NC00962.3,EMB-0.2-0.95,0.0,GARC1,RUS,EMB,embA@A255V,U,{},"{""proportion"": 0.0, ""confidence"": [0.0, 0.7934506856227626], ""p_value"": 1.0, ""contingency"": [[0, 1], [383, 24268]]}",{}
808,NC00962.3,EMB-0.2-0.95,0.0,GARC1,RUS,EMB,embB@D354G,U,{},"{""proportion"": 0.0, ""confidence"": [0.0, 0.6576197724933469], ""p_value"": 1.0, ""contingency"": [[0, 2], [383, 24268]]}",{}
809,NC00962.3,EMB-0.2-0.95,0.0,GARC1,RUS,EMB,embA@A428V,U,{},"{""proportion"": 0.0, ""confidence"": [0.0, 0.7934506856227626], ""p_value"": 1.0, ""contingency"": [[0, 1], [383, 24268]]}",{}
810,NC00962.3,EMB-0.2-0.95,0.0,GARC1,RUS,EMB,embA@S49R,U,{},"{""proportion"": 0.0, ""confidence"": [0.0, 0.7934506856227626], ""p_value"": 1.0, ""contingency"": [[0, 1], [383, 24268]]}",{}
811,NC00962.3,EMB-0.2-0.95,0.0,GARC1,RUS,EMB,embB@T341A,U,{},"{""proportion"": 0.0, ""confidence"": [0.0, 0.7934506856227626], ""p_value"": 1.0, ""contingency"": [[0, 1], [383, 24268]]}",{}
812,NC00962.3,EMB-0.2-0.95,0.0,GARC1,RUS,EMB,embB@D178N,U,{},"{""proportion"": 0.0, ""confidence"": [0.0, 0.7934506856227626], ""p_value"": 1.0, ""contingency"": [[0, 1], [383, 24268]]}",{}
813,NC00962.3,EMB-0.2-0.95,0.0,GARC1,RUS,EMB,embA@G765D,U,{},"{""proportion"": 0.0, ""confidence"": [0.0, 0.7934506856227626], ""p_value"": 1.0, ""contingency"": [[0, 1], [383, 24268]]}",{}
814,NC00962.3,EMB-0.2-0.95,0.0,GARC1,RUS,EMB,embB@A1020S,U,{},"{""proportion"": 0.0, ""confidence"": [0.0, 0.7934506856227626], ""p_value"": 1.0, ""contingency"": [[0, 1], [383, 24268]]}",{}
815,NC00962.3,EMB-0.2-0.95,0.0,GARC1,RUS,EMB,embA@T238S,U,{},"{""proportion"": 0.0, ""confidence"": [0.0, 0.7934506856227626], ""p_value"": 1.0, ""contingency"": [[0, 1], [383, 24268]]}",{}
816,NC00962.3,EMB-0.2-0.95,0.0,GARC1,RUS,EMB,embB@P195L,U,{},"{""proportion"": 0.0, ""confidence"": [0.0, 0.7934506856227626], ""p_value"": 1.0, ""contingency"": [[0, 1], [383, 24268]]}",{}
817,NC00962.3,EMB-0.2-0.95,0.0,GARC1,RUS,EMB,embB@P776L,U,{},"{""proportion"": 0.2, ""confidence"": [0.03622410863243013, 0.6244653702374747], ""p_value"": 1.0, ""contingency"": [[1, 4], [383, 24268]]}",{}
818,NC00962.3,EMB-0.2-0.95,0.0,GARC1,RUS,EMB,embB@R930H,U,{},"{""proportion"": 0.0, ""confidence"": [0.0, 0.7934506856227626], ""p_value"": 1.0, ""contingency"": [[0, 1], [383, 24268]]}",{}
819,NC00962.3,EMB-0.2-0.95,0.0,GARC1,RUS,EMB,embA@T238N,U,{},"{""proportion"": 0.0, ""confidence"": [0.0, 0.6576197724933469], ""p_value"": 1.0, ""contingency"": [[0, 2], [383, 24268]]}",{}
820,NC00962.3,EMB-0.2-0.95,0.0,GARC1,RUS,EMB,embA@I191V,U,{},"{""proportion"": 0.0, ""confidence"": [0.0, 0.7934506856227626], ""p_value"": 1.0, ""contingency"": [[0, 1], [383, 24268]]}",{}
821,NC00962.3,EMB-0.2-0.95,0.0,GARC1,RUS,EMB,embB@P375S,U,{},"{""proportion"": 0.0, ""confidence"": [0.0, 0.7934506856227626], ""p_value"": 1.0, ""contingency"": [[0, 1], [383, 24268]]}",{}
822,NC00962.3,EMB-0.2-0.95,0.0,GARC1,RUS,EMB,embB@V231I,U,{},"{""proportion"": 0.0, ""confidence"": [0.0, 0.7934506856227626], ""p_value"": 1.0, ""contingency"": [[0, 1], [383, 24268]]}",{}
823,NC00962.3,EMB-0.2-0.95,0.0,GARC1,RUS,EMB,embB@N657D,U,{},"{""proportion"": 0.0, ""confidence"": [0.0, 0.7934506856227626], ""p_value"": 1.0, ""contingency"": [[0, 1], [383, 24268]]}",{}
824,NC00962.3,EMB-0.2-0.95,0.0,GARC1,RUS,EMB,embB@G665R,U,{},"{""proportion"": 0.0, ""confidence"": [0.0, 0.7934506856227626], ""p_value"": 1.0, ""contingency"": [[0, 1], [383, 24268]]}",{}
825,NC00962.3,EMB-0.2-0.95,0.0,GARC1,RUS,EMB,embB@M462L,U,{},"{""proportion"": 0.0, ""confidence"": [0.0, 0.7934506856227626], ""p_value"": 1.0, ""contingency"": [[0, 1], [383, 24268]]}",{}
826,NC00962.3,EMB-0.2-0.95,0.0,GARC1,RUS,EMB,embA@W1050G,U,{},"{""proportion"": 0.0, ""confidence"": [0.0, 0.7934506856227626], ""p_value"": 1.0, ""contingency"": [[0, 1], [383, 24268]]}",{}
827,NC00962.3,EMB-0.2-0.95,0.0,GARC1,RUS,EMB,embA@2723_ins_ggg,U,{},"{""proportion"": 0.0, ""confidence"": [0.0, 0.7934506856227626], ""p_value"": 1.0, ""contingency"": [[0, 1], [383, 24268]]}",{}
828,NC00962.3,EMB-0.2-0.95,0.0,GARC1,RUS,EMB,embA@D761G,U,{},"{""proportion"": 0.0, ""confidence"": [0.0, 0.7934506856227626], ""p_value"": 1.0, ""contingency"": [[0, 1], [383, 24268]]}",{}
829,NC00962.3,EMB-0.2-0.95,0.0,GARC1,RUS,EMB,embA@R683L,U,{},"{""proportion"": 0.0, ""confidence"": [0.0, 0.7934506856227626], ""p_value"": 1.0, ""contingency"": [[0, 1], [383, 24268]]}",{}
830,NC00962.3,EMB-0.2-0.95,0.0,GARC1,RUS,EMB,embA@L263P,U,{},"{""proportion"": 0.0, ""confidence"": [0.0, 0.7934506856227626], ""p_value"": 1.0, ""contingency"": [[0, 1], [383, 24268]]}",{}
831,NC00962.3,EMB-0.2-0.95,0.0,GARC1,RUS,EMB,embB@T1069P,U,{},"{""proportion"": 0.0, ""confidence"": [0.0, 0.7934506856227626], ""p_value"": 1.0, ""contingency"": [[0, 1], [383, 24268]]}",{}
832,NC00962.3,EMB-0.2-0.95,0.0,GARC1,RUS,EMB,embA@R239!,U,{},"{""proportion"": 0.0, ""confidence"": [0.0, 0.7934506856227626], ""p_value"": 1.0, ""contingency"": [[0, 1], [383, 24268]]}",{}
833,NC00962.3,EMB-0.2-0.95,0.0,GARC1,RUS,EMB,embB@G1097S,U,{},"{""proportion"": 0.0, ""confidence"": [0.0, 0.7934506856227626], ""p_value"": 1.0, ""contingency"": [[0, 1], [383, 24268]]}",{}
834,NC00962.3,EMB-0.2-0.95,0.0,GARC1,RUS,EMB,embA@T983A,U,{},"{""proportion"": 0.0, ""confidence"": [0.0, 0.6576197724933469], ""p_value"": 1.0, ""contingency"": [[0, 2], [383, 24268]]}",{}
835,NC00962.3,EMB-0.2-0.95,0.0,GARC1,RUS,EMB,embA@c-73t,U,{},"{""proportion"": 0.0, ""confidence"": [0.0, 0.7934506856227626], ""p_value"": 1.0, ""contingency"": [[0, 1], [383, 24268]]}",{}
836,NC00962.3,EMB-0.2-0.95,0.0,GARC1,RUS,EMB,embB@T546A,U,{},"{""proportion"": 0.0, ""confidence"": [0.0, 0.7934506856227626], ""p_value"": 1.0, ""contingency"": [[0, 1], [383, 24268]]}",{}
837,NC00962.3,EMB-0.2-0.95,0.0,GARC1,RUS,EMB,embB@K107R,U,{},"{""proportion"": 0.0, ""confidence"": [0.0, 0.7934506856227626], ""p_value"": 1.0, ""contingency"": [[0, 1], [383, 24268]]}",{}
838,NC00962.3,EMB-0.2-0.95,0.0,GARC1,RUS,EMB,embB@N1033K,U,{},"{""proportion"": 1.0, ""confidence"": [0.20654931437723742, 1.0], ""p_value"": 0.2, ""contingency"": [[1, 0], [383, 24268]]}",{}
839,NC00962.3,EMB-0.2-0.95,0.0,GARC1,RUS,EMB,embB@P214A,U,{},"{""proportion"": 0.5, ""confidence"": [0.09453120573423071, 0.9054687942657693], ""p_value"": 0.3600000000000001, ""contingency"": [[1, 1], [383, 24268]]}",{}
840,NC00962.3,EMB-0.2-0.95,0.0,GARC1,RUS,EMB,embB@V479M,U,{},"{""proportion"": 0.0, ""confidence"": [0.0, 0.7934506856227626], ""p_value"": 1.0, ""contingency"": [[0, 1], [383, 24268]]}",{}
841,NC00962.3,EMB-0.2-0.95,0.0,GARC1,RUS,EMB,embA@G101S,U,{},"{""proportion"": 0.0, ""confidence"": [0.0, 0.7934506856227626], ""p_value"": 1.0, ""contingency"": [[0, 1], [383, 24268]]}",{}
842,NC00962.3,EMB-0.2-0.95,0.0,GARC1,RUS,EMB,embA@R442K,U,{},"{""proportion"": 0.0, ""confidence"": [0.0, 0.7934506856227626], ""p_value"": 1.0, ""contingency"": [[0, 1], [383, 24268]]}",{}
843,NC00962.3,EMB-0.2-0.95,0.0,GARC1,RUS,EMB,embB@G603A,U,{},"{""proportion"": 0.0, ""confidence"": [0.0, 0.7934506856227626], ""p_value"": 1.0, ""contingency"": [[0, 1], [383, 24268]]}",{}
844,NC00962.3,EMB-0.2-0.95,0.0,GARC1,RUS,EMB,embA@N679S,U,{},"{""proportion"": 0.0, ""confidence"": [0.0, 0.7934506856227626], ""p_value"": 1.0, ""contingency"": [[0, 1], [383, 24268]]}",{}
845,NC00962.3,EMB-0.2-0.95,0.0,GARC1,RUS,EMB,embB@P706S,U,{},"{""proportion"": 0.0, ""confidence"": [0.0, 0.7934506856227626], ""p_value"": 1.0, ""contingency"": [[0, 1], [383, 24268]]}",{}
846,NC00962.3,EMB-0.2-0.95,0.0,GARC1,RUS,EMB,embA@R346P,U,{},"{""proportion"": 0.0, ""confidence"": [0.0, 0.7934506856227626], ""p_value"": 1.0, ""contingency"": [[0, 1], [383, 24268]]}",{}
847,NC00962.3,EMB-0.2-0.95,0.0,GARC1,RUS,EMB,embA@R346W,U,{},"{""proportion"": 0.0, ""confidence"": [0.0, 0.7934506856227626], ""p_value"": 1.0, ""contingency"": [[0, 1], [383, 24268]]}",{}
848,NC00962.3,EMB-0.2-0.95,0.0,GARC1,RUS,EMB,embB@G474D,U,{},"{""proportion"": 0.0, ""confidence"": [0.0, 0.7934506856227626], ""p_value"": 1.0, ""contingency"": [[0, 1], [383, 24268]]}",{}
849,NC00962.3,EMB-0.2-0.95,0.0,GARC1,RUS,EMB,embA@L221M,U,{},"{""proportion"": 0.0, ""confidence"": [0.0, 0.7934506856227626], ""p_value"": 1.0, ""contingency"": [[0, 1], [383, 24268]]}",{}
850,NC00962.3,EMB-0.2-0.95,0.0,GARC1,RUS,EMB,embA@G748S,U,{},"{""proportion"": 0.0, ""confidence"": [0.0, 0.7934506856227626], ""p_value"": 1.0, ""contingency"": [[0, 1], [383, 24268]]}",{}
851,NC00962.3,EMB-0.2-0.95,0.0,GARC1,RUS,EMB,embA@M979L,U,{},"{""proportion"": 0.0, ""confidence"": [0.0, 0.7934506856227626], ""p_value"": 1.0, ""contingency"": [[0, 1], [383, 24268]]}",{}
852,NC00962.3,EMB-0.2-0.95,0.0,GARC1,RUS,EMB,embA@G972W,U,{},"{""proportion"": 0.0, ""confidence"": [0.0, 0.7934506856227626], ""p_value"": 1.0, ""contingency"": [[0, 1], [383, 24268]]}",{}
853,NC00962.3,EMB-0.2-0.95,0.0,GARC1,RUS,EMB,embB@A684V,U,{},"{""proportion"": 0.0, ""confidence"": [0.0, 0.7934506856227626], ""p_value"": 1.0, ""contingency"": [[0, 1], [383, 24268]]}",{}
854,NC00962.3,EMB-0.2-0.95,0.0,GARC1,RUS,EMB,embA@S318T,U,{},"{""proportion"": 0.0, ""confidence"": [0.0, 0.7934506856227626], ""p_value"": 1.0, ""contingency"": [[0, 1], [383, 24268]]}",{}
855,NC00962.3,EMB-0.2-0.95,0.0,GARC1,RUS,EMB,embA@A436G,U,{},"{""proportion"": 0.0, ""confidence"": [0.0, 0.7934506856227626], ""p_value"": 1.0, ""contingency"": [[0, 1], [383, 24268]]}",{}
856,NC00962.3,EMB-0.2-0.95,0.0,GARC1,RUS,EMB,embA@N377G,U,{},"{""proportion"": 0.0, ""confidence"": [0.0, 0.7934506856227626], ""p_value"": 1.0, ""contingency"": [[0, 1], [383, 24268]]}",{}
857,NC00962.3,EMB-0.2-0.95,0.0,GARC1,RUS,EMB,embA@R68H,U,{},"{""proportion"": 0.0, ""confidence"": [0.0, 0.7934506856227626], ""p_value"": 1.0, ""contingency"": [[0, 1], [383, 24268]]}",{}
858,NC00962.3,EMB-0.2-0.95,0.0,GARC1,RUS,EMB,embB@P177L,U,{},"{""proportion"": 0.0, ""confidence"": [0.0, 0.7934506856227626], ""p_value"": 1.0, ""contingency"": [[0, 1], [383, 24268]]}",{}
859,NC00962.3,EMB-0.2-0.95,0.0,GARC1,RUS,EMB,embB@K927E,U,{},"{""proportion"": 0.0, ""confidence"": [0.0, 0.7934506856227626], ""p_value"": 1.0, ""contingency"": [[0, 1], [383, 24268]]}",{}
860,NC00962.3,EMB-0.2-0.95,0.0,GARC1,RUS,EMB,embA@P164A,U,{},"{""proportion"": 0.0, ""confidence"": [0.0, 0.7934506856227626], ""p_value"": 1.0, ""contingency"": [[0, 1], [383, 24268]]}",{}
861,NC00962.3,EMB-0.2-0.95,0.0,GARC1,RUS,EMB,embA@L925V,U,{},"{""proportion"": 0.0, ""confidence"": [0.0, 0.7934506856227626], ""p_value"": 1.0, ""contingency"": [[0, 1], [383, 24268]]}",{}
862,NC00962.3,EMB-0.2-0.95,0.0,GARC1,RUS,EMB,embA@I887T,U,{},"{""proportion"": 0.0, ""confidence"": [0.0, 0.7934506856227626], ""p_value"": 1.0, ""contingency"": [[0, 1], [383, 24268]]}",{}
863,NC00962.3,EMB-0.2-0.95,0.0,GARC1,RUS,EMB,embA@632_del_tgc,U,{},"{""proportion"": 0.0, ""confidence"": [0.0, 0.7934506856227626], ""p_value"": 1.0, ""contingency"": [[0, 1], [383, 24268]]}",{}
864,NC00962.3,EMB-0.2-0.95,0.0,GARC1,RUS,EMB,embA@S516P,U,{},"{""proportion"": 0.0, ""confidence"": [0.0, 0.7934506856227626], ""p_value"": 1.0, ""contingency"": [[0, 1], [383, 24268]]}",{}
865,NC00962.3,EMB-0.2-0.95,0.0,GARC1,RUS,EMB,embA@L552P,U,{},"{""proportion"": 0.0, ""confidence"": [0.0, 0.7934506856227626], ""p_value"": 1.0, ""contingency"": [[0, 1], [383, 24268]]}",{}
866,NC00962.3,EMB-0.2-0.95,0.0,GARC1,RUS,EMB,embA@2071_ins_tgg,U,{},"{""proportion"": 0.0, ""confidence"": [0.0, 0.6576197724933469], ""p_value"": 1.0, ""contingency"": [[0, 2], [383, 24268]]}",{}
867,NC00962.3,EMB-0.2-0.95,0.0,GARC1,RUS,EMB,embA@A661P,U,{},"{""proportion"": 0.0, ""confidence"": [0.0, 0.7934506856227626], ""p_value"": 1.0, ""contingency"": [[0, 1], [383, 24268]]}",{}
868,NC00962.3,EMB-0.2-0.95,0.0,GARC1,RUS,EMB,embA@A415V,U,{},"{""proportion"": 0.0, ""confidence"": [0.0, 0.7934506856227626], ""p_value"": 1.0, ""contingency"": [[0, 1], [383, 24268]]}",{}
869,NC00962.3,EMB-0.2-0.95,0.0,GARC1,RUS,EMB,embA@I338L,U,{},"{""proportion"": 0.0, ""confidence"": [0.0, 0.32440756488388023], ""p_value"": 0.37085440000000003, ""contingency"": [[0, 8], [383, 24268]]}",{}
870,NC00962.3,EMB-0.2-0.95,0.0,GARC1,RUS,EMB,embB@S565G,U,{},"{""proportion"": 0.0, ""confidence"": [4.8683609171202235e-17, 0.5614970317550455], ""p_value"": 1.0, ""contingency"": [[0, 3], [383, 24268]]}",{}
871,NC00962.3,EMB-0.2-0.95,0.0,GARC1,RUS,EMB,embA@V317L,U,{},"{""proportion"": 0.0, ""confidence"": [0.0, 0.43448246478317476], ""p_value"": 0.5904, ""contingency"": [[0, 5], [383, 24268]]}",{}
872,NC00962.3,EMB-0.2-0.95,0.0,GARC1,RUS,EMB,embB@S325R,U,{},"{""proportion"": 0.0, ""confidence"": [0.0, 0.7934506856227626], ""p_value"": 1.0, ""contingency"": [[0, 1], [383, 24268]]}",{}
873,NC00962.3,EMB-0.2-0.95,0.0,GARC1,RUS,EMB,embA@A581T,U,{},"{""proportion"": 0.0, ""confidence"": [0.0, 0.6576197724933469], ""p_value"": 1.0, ""contingency"": [[0, 2], [383, 24268]]}",{}
874,NC00962.3,EMB-0.2-0.95,0.0,GARC1,RUS,EMB,embA@A642G,U,{},"{""proportion"": 0.0, ""confidence"": [0.0, 0.7934506856227626], ""p_value"": 1.0, ""contingency"": [[0, 1], [383, 24268]]}",{}
875,NC00962.3,EMB-0.2-0.95,0.0,GARC1,RUS,EMB,embB@G535S,U,{},"{""proportion"": 0.0, ""confidence"": [0.0, 0.7934506856227626], ""p_value"": 1.0, ""contingency"": [[0, 1], [383, 24268]]}",{}
876,NC00962.3,EMB-0.2-0.95,0.0,GARC1,RUS,EMB,embB@A937E,U,{},"{""proportion"": 0.0, ""confidence"": [0.0, 0.43448246478317476], ""p_value"": 0.5904, ""contingency"": [[0, 5], [383, 24268]]}",{}
877,NC00962.3,EMB-0.2-0.95,0.0,GARC1,RUS,EMB,embB@V614I,U,{},"{""proportion"": 0.0, ""confidence"": [0.0, 0.7934506856227626], ""p_value"": 1.0, ""contingency"": [[0, 1], [383, 24268]]}",{}
878,NC00962.3,EMB-0.2-0.95,0.0,GARC1,RUS,EMB,embA@S514P,U,{},"{""proportion"": 0.0, ""confidence"": [0.0, 0.7934506856227626], ""p_value"": 1.0, ""contingency"": [[0, 1], [383, 24268]]}",{}
879,NC00962.3,EMB-0.2-0.95,0.0,GARC1,RUS,EMB,embA@P156L,U,{},"{""proportion"": 0.0, ""confidence"": [0.0, 0.7934506856227626], ""p_value"": 1.0, ""contingency"": [[0, 1], [383, 24268]]}",{}
880,NC00962.3,EMB-0.2-0.95,0.0,GARC1,RUS,EMB,embA@F529L,U,{},"{""proportion"": 0.0, ""confidence"": [4.8683609171202235e-17, 0.5614970317550455], ""p_value"": 1.0, ""contingency"": [[0, 3], [383, 24268]]}",{}
881,NC00962.3,EMB-0.2-0.95,0.0,GARC1,RUS,EMB,embA@W45G,U,{},"{""proportion"": 0.0, ""confidence"": [0.0, 0.7934506856227626], ""p_value"": 1.0, ""contingency"": [[0, 1], [383, 24268]]}",{}
882,NC00962.3,EMB-0.2-0.95,0.0,GARC1,RUS,EMB,embA@L212V,U,{},"{""proportion"": 0.0, ""confidence"": [0.0, 0.7934506856227626], ""p_value"": 1.0, ""contingency"": [[0, 1], [383, 24268]]}",{}
883,NC00962.3,EMB-0.2-0.95,0.0,GARC1,RUS,EMB,embA@R447G,U,{},"{""proportion"": 0.0, ""confidence"": [0.0, 0.7934506856227626], ""p_value"": 1.0, ""contingency"": [[0, 1], [383, 24268]]}",{}
884,NC00962.3,EMB-0.2-0.95,0.0,GARC1,RUS,EMB,embB@G34V,U,{},"{""proportion"": 0.0, ""confidence"": [0.0, 0.7934506856227626], ""p_value"": 1.0, ""contingency"": [[0, 1], [383, 24268]]}",{}
885,NC00962.3,EMB-0.2-0.95,0.0,GARC1,RUS,EMB,embB@G199E,U,{},"{""proportion"": 0.0, ""confidence"": [0.0, 0.7934506856227626], ""p_value"": 1.0, ""contingency"": [[0, 1], [383, 24268]]}",{}
886,NC00962.3,EMB-0.2-0.95,0.0,GARC1,RUS,EMB,embB@V502L,U,{},"{""proportion"": 0.0, ""confidence"": [0.0, 0.7934506856227626], ""p_value"": 1.0, ""contingency"": [[0, 1], [383, 24268]]}",{}
887,NC00962.3,EMB-0.2-0.95,0.0,GARC1,RUS,EMB,embB@A232E,U,{},"{""proportion"": 0.0, ""confidence"": [0.0, 0.6576197724933469], ""p_value"": 1.0, ""contingency"": [[0, 2], [383, 24268]]}",{}
888,NC00962.3,EMB-0.2-0.95,0.0,GARC1,RUS,EMB,embB@G1092A,U,{},"{""proportion"": 0.0, ""confidence"": [0.0, 0.7934506856227626], ""p_value"": 1.0, ""contingency"": [[0, 1], [383, 24268]]}",{}
889,NC00962.3,EMB-0.2-0.95,0.0,GARC1,RUS,EMB,embA@-23_del_cg,U,{},"{""proportion"": 0.0, ""confidence"": [0.0, 0.7934506856227626], ""p_value"": 1.0, ""contingency"": [[0, 1], [383, 24268]]}",{}
890,NC00962.3,EMB-0.2-0.95,0.0,GARC1,RUS,EMB,embB@A102V,U,{},"{""proportion"": 0.0, ""confidence"": [0.0, 0.7934506856227626], ""p_value"": 1.0, ""contingency"": [[0, 1], [383, 24268]]}",{}
891,NC00962.3,EMB-0.2-0.95,0.0,GARC1,RUS,EMB,embA@c-29t,U,{},"{""proportion"": 0.0, ""confidence"": [0.0, 0.6576197724933469], ""p_value"": 1.0, ""contingency"": [[0, 2], [383, 24268]]}",{}
892,NC00962.3,EMB-0.2-0.95,0.0,GARC1,RUS,EMB,embB@G846S,U,{},"{""proportion"": 0.0, ""confidence"": [0.0, 0.7934506856227626], ""p_value"": 1.0, ""contingency"": [[0, 1], [383, 24268]]}",{}
893,NC00962.3,EMB-0.2-0.95,0.0,GARC1,RUS,EMB,embB@A271T,U,{},"{""proportion"": 0.0, ""confidence"": [0.0, 0.7934506856227626], ""p_value"": 1.0, ""contingency"": [[0, 1], [383, 24268]]}",{}
894,NC00962.3,EMB-0.2-0.95,0.0,GARC1,RUS,EMB,embB@S66N,U,{},"{""proportion"": 0.0, ""confidence"": [0.0, 0.7934506856227626], ""p_value"": 1.0, ""contingency"": [[0, 1], [383, 24268]]}",{}
895,NC00962.3,EMB-0.2-0.95,0.0,GARC1,RUS,EMB,embB@L638S,U,{},"{""proportion"": 0.0, ""confidence"": [0.0, 0.7934506856227626], ""p_value"": 1.0, ""contingency"": [[0, 1], [383, 24268]]}",{}
896,NC00962.3,EMB-0.2-0.95,0.0,GARC1,RUS,EMB,embB@G891E,U,{},"{""proportion"": 0.0, ""confidence"": [0.0, 0.7934506856227626], ""p_value"": 1.0, ""contingency"": [[0, 1], [383, 24268]]}",{}
897,NC00962.3,EMB-0.2-0.95,0.0,GARC1,RUS,EMB,embA@G200S,U,{},"{""proportion"": 0.0, ""confidence"": [0.0, 0.7934506856227626], ""p_value"": 1.0, ""contingency"": [[0, 1], [383, 24268]]}",{}
898,NC00962.3,EMB-0.2-0.95,0.0,GARC1,RUS,EMB,embB@A567T,U,{},"{""proportion"": 0.0, ""confidence"": [0.0, 0.7934506856227626], ""p_value"": 1.0, ""contingency"": [[0, 1], [383, 24268]]}",{}
899,NC00962.3,EMB-0.2-0.95,0.0,GARC1,RUS,EMB,embB@E924K,U,{},"{""proportion"": 1.0, ""confidence"": [0.20654931437723742, 1.0], ""p_value"": 0.2, ""contingency"": [[1, 0], [383, 24268]]}",{}
900,NC00962.3,EMB-0.2-0.95,0.0,GARC1,RUS,EMB,embB@V842I,U,{},"{""proportion"": 0.0, ""confidence"": [0.0, 0.7934506856227626], ""p_value"": 1.0, ""contingency"": [[0, 1], [383, 24268]]}",{}
901,NC00962.3,EMB-0.2-0.95,0.0,GARC1,RUS,EMB,embA@V246G,U,{},"{""proportion"": 0.0, ""confidence"": [0.0, 0.6576197724933469], ""p_value"": 1.0, ""contingency"": [[0, 2], [383, 24268]]}",{}
902,NC00962.3,EMB-0.2-0.95,0.0,GARC1,RUS,EMB,embA@D669Y,U,{},"{""proportion"": 0.0, ""confidence"": [0.0, 0.7934506856227626], ""p_value"": 1.0, ""contingency"": [[0, 1], [383, 24268]]}",{}
903,NC00962.3,EMB-0.2-0.95,0.0,GARC1,RUS,EMB,embA@R241H,U,{},"{""proportion"": 0.0, ""confidence"": [0.0, 0.7934506856227626], ""p_value"": 1.0, ""contingency"": [[0, 1], [383, 24268]]}",{}
904,NC00962.3,EMB-0.2-0.95,0.0,GARC1,RUS,EMB,embB@A431P,U,{},"{""proportion"": 0.0, ""confidence"": [0.0, 0.7934506856227626], ""p_value"": 1.0, ""contingency"": [[0, 1], [383, 24268]]}",{}
905,NC00962.3,EMB-0.2-0.95,0.0,GARC1,RUS,EMB,embA@-43_del_g,U,{},"{""proportion"": 0.0, ""confidence"": [0.0, 0.7934506856227626], ""p_value"": 1.0, ""contingency"": [[0, 1], [383, 24268]]}",{}
906,NC00962.3,EMB-0.2-0.95,0.0,GARC1,RUS,EMB,embB@L754R,U,{},"{""proportion"": 0.0, ""confidence"": [0.0, 0.6576197724933469], ""p_value"": 1.0, ""contingency"": [[0, 2], [383, 24268]]}",{}
907,NC00962.3,EMB-0.2-0.95,0.0,GARC1,RUS,EMB,embA@K789Q,U,{},"{""proportion"": 0.0, ""confidence"": [0.0, 0.7934506856227626], ""p_value"": 1.0, ""contingency"": [[0, 1], [383, 24268]]}",{}
908,NC00962.3,EMB-0.2-0.95,0.0,GARC1,RUS,EMB,embA@A409E,U,{},"{""proportion"": 0.0, ""confidence"": [0.0, 0.7934506856227626], ""p_value"": 1.0, ""contingency"": [[0, 1], [383, 24268]]}",{}
909,NC00962.3,EMB-0.2-0.95,0.0,GARC1,RUS,EMB,embA@T652K,U,{},"{""proportion"": 0.0, ""confidence"": [0.0, 0.7934506856227626], ""p_value"": 1.0, ""contingency"": [[0, 1], [383, 24268]]}",{}
910,NC00962.3,EMB-0.2-0.95,0.0,GARC1,RUS,EMB,embA@D865E,U,{},"{""proportion"": 0.0, ""confidence"": [0.0, 0.7934506856227626], ""p_value"": 1.0, ""contingency"": [[0, 1], [383, 24268]]}",{}
911,NC00962.3,EMB-0.2-0.95,0.0,GARC1,RUS,EMB,embA@G759E,U,{},"{""proportion"": 0.0, ""confidence"": [0.0, 0.7934506856227626], ""p_value"": 1.0, ""contingency"": [[0, 1], [383, 24268]]}",{}
912,NC00962.3,EMB-0.2-0.95,0.0,GARC1,RUS,EMB,embA@G247R,U,{},"{""proportion"": 0.0, ""confidence"": [0.0, 0.7934506856227626], ""p_value"": 1.0, ""contingency"": [[0, 1], [383, 24268]]}",{}
913,NC00962.3,EMB-0.2-0.95,0.0,GARC1,RUS,EMB,embB@L974M,U,{},"{""proportion"": 0.0, ""confidence"": [0.0, 0.7934506856227626], ""p_value"": 1.0, ""contingency"": [[0, 1], [383, 24268]]}",{}
914,NC00962.3,EMB-0.2-0.95,0.0,GARC1,RUS,EMB,embB@V309F,U,{},"{""proportion"": 0.0, ""confidence"": [0.0, 0.7934506856227626], ""p_value"": 1.0, ""contingency"": [[0, 1], [383, 24268]]}",{}
915,NC00962.3,EMB-0.2-0.95,0.0,GARC1,RUS,EMB,embA@I655M,U,{},"{""proportion"": 0.0, ""confidence"": [0.0, 0.7934506856227626], ""p_value"": 1.0, ""contingency"": [[0, 1], [383, 24268]]}",{}
916,NC00962.3,EMB-0.2-0.95,0.0,GARC1,RUS,EMB,embA@-35_del_a,U,{},"{""proportion"": 0.5, ""confidence"": [0.09453120573423071, 0.9054687942657693], ""p_value"": 0.3600000000000001, ""contingency"": [[1, 1], [383, 24268]]}",{}
917,NC00962.3,EMB-0.2-0.95,0.0,GARC1,RUS,EMB,embB@I450S,U,{},"{""proportion"": 0.0, ""confidence"": [0.0, 0.7934506856227626], ""p_value"": 1.0, ""contingency"": [[0, 1], [383, 24268]]}",{}
918,NC00962.3,EMB-0.2-0.95,0.0,GARC1,RUS,EMB,embA@G543R,U,{},"{""proportion"": 0.0, ""confidence"": [0.0, 0.7934506856227626], ""p_value"": 1.0, ""contingency"": [[0, 1], [383, 24268]]}",{}
919,NC00962.3,EMB-0.2-0.95,0.0,GARC1,RUS,EMB,embB@G175S,U,{},"{""proportion"": 0.0, ""confidence"": [0.0, 0.7934506856227626], ""p_value"": 1.0, ""contingency"": [[0, 1], [383, 24268]]}",{}
920,NC00962.3,EMB-0.2-0.95,0.0,GARC1,RUS,EMB,embB@G486A,U,{},"{""proportion"": 0.0, ""confidence"": [0.0, 0.7934506856227626], ""p_value"": 1.0, ""contingency"": [[0, 1], [383, 24268]]}",{}
921,NC00962.3,EMB-0.2-0.95,0.0,GARC1,RUS,EMB,embB@G851R,U,{},"{""proportion"": 0.0, ""confidence"": [0.0, 0.7934506856227626], ""p_value"": 1.0, ""contingency"": [[0, 1], [383, 24268]]}",{}
922,NC00962.3,EMB-0.2-0.95,0.0,GARC1,RUS,EMB,embB@W1089R,U,{},"{""proportion"": 0.0, ""confidence"": [0.0, 0.7934506856227626], ""p_value"": 1.0, ""contingency"": [[0, 1], [383, 24268]]}",{}
923,NC00962.3,EMB-0.2-0.95,0.0,GARC1,RUS,EMB,embB@F115S,U,{},"{""proportion"": 0.0, ""confidence"": [0.0, 0.7934506856227626], ""p_value"": 1.0, ""contingency"": [[0, 1], [383, 24268]]}",{}
924,NC00962.3,EMB-0.2-0.95,0.0,GARC1,RUS,EMB,embA@R1091G,U,{},"{""proportion"": 0.0, ""confidence"": [0.0, 0.7934506856227626], ""p_value"": 1.0, ""contingency"": [[0, 1], [383, 24268]]}",{}
925,NC00962.3,EMB-0.2-0.95,0.0,GARC1,RUS,EMB,embA@-36_del_ca,U,{},"{""proportion"": 0.0, ""confidence"": [0.0, 0.7934506856227626], ""p_value"": 1.0, ""contingency"": [[0, 1], [383, 24268]]}",{}
926,NC00962.3,EMB-0.2-0.95,0.0,GARC1,RUS,EMB,embA@W372G,U,{},"{""proportion"": 0.0, ""confidence"": [0.0, 0.7934506856227626], ""p_value"": 1.0, ""contingency"": [[0, 1], [383, 24268]]}",{}
927,NC00962.3,EMB-0.2-0.95,0.0,GARC1,RUS,EMB,embA@D808A,U,{},"{""proportion"": 0.0, ""confidence"": [0.0, 0.7934506856227626], ""p_value"": 1.0, ""contingency"": [[0, 1], [383, 24268]]}",{}
928,NC00962.3,EMB-0.2-0.95,0.0,GARC1,RUS,EMB,embA@L277V,U,{},"{""proportion"": 0.0, ""confidence"": [0.0, 0.7934506856227626], ""p_value"": 1.0, ""contingency"": [[0, 1], [383, 24268]]}",{}
929,NC00962.3,EMB-0.2-0.95,0.0,GARC1,RUS,EMB,embB@L17S,U,{},"{""proportion"": 0.0, ""confidence"": [0.0, 0.7934506856227626], ""p_value"": 1.0, ""contingency"": [[0, 1], [383, 24268]]}",{}
930,NC00962.3,EMB-0.2-0.95,0.0,GARC1,RUS,EMB,embA@V468A,U,{},"{""proportion"": 0.0, ""confidence"": [0.0, 0.7934506856227626], ""p_value"": 1.0, ""contingency"": [[0, 1], [383, 24268]]}",{}
931,NC00962.3,EMB-0.2-0.95,0.0,GARC1,RUS,EMB,embB@S1054P,U,{},"{""proportion"": 0.0, ""confidence"": [0.0, 0.7934506856227626], ""p_value"": 1.0, ""contingency"": [[0, 1], [383, 24268]]}",{}
932,NC00962.3,EMB-0.2-0.95,0.0,GARC1,RUS,EMB,embA@M218I,U,{},"{""proportion"": 0.0, ""confidence"": [0.0, 0.7934506856227626], ""p_value"": 1.0, ""contingency"": [[0, 1], [383, 24268]]}",{}
933,NC00962.3,EMB-0.2-0.95,0.0,GARC1,RUS,EMB,embA@P2L,U,{},"{""proportion"": 0.0, ""confidence"": [3.384324554477539e-17, 0.39033428790216534], ""p_value"": 0.6067840000000001, ""contingency"": [[0, 6], [383, 24268]]}",{}
934,NC00962.3,EMB-0.2-0.95,0.0,GARC1,RUS,EMB,embB@S1086N,U,{},"{""proportion"": 0.0, ""confidence"": [0.0, 0.7934506856227626], ""p_value"": 1.0, ""contingency"": [[0, 1], [383, 24268]]}",{}
935,NC00962.3,EMB-0.2-0.95,0.0,GARC1,RUS,EMB,embB@G694S,U,{},"{""proportion"": 0.0, ""confidence"": [0.0, 0.6576197724933469], ""p_value"": 1.0, ""contingency"": [[0, 2], [383, 24268]]}",{}
936,NC00962.3,EMB-0.2-0.95,0.0,GARC1,RUS,EMB,embA@L868R,U,{},"{""proportion"": 0.0, ""confidence"": [0.0, 0.7934506856227626], ""p_value"": 1.0, ""contingency"": [[0, 1], [383, 24268]]}",{}
937,NC00962.3,EMB-0.2-0.95,0.0,GARC1,RUS,EMB,embB@A94T,U,{},"{""proportion"": 0.0, ""confidence"": [0.0, 0.6576197724933469], ""p_value"": 1.0, ""contingency"": [[0, 2], [383, 24268]]}",{}
938,NC00962.3,EMB-0.2-0.95,0.0,GARC1,RUS,EMB,embA@G755V,U,{},"{""proportion"": 0.0, ""confidence"": [0.0, 0.7934506856227626], ""p_value"": 1.0, ""contingency"": [[0, 1], [383, 24268]]}",{}
939,NC00962.3,EMB-0.2-0.95,0.0,GARC1,RUS,EMB,embA@D52N,U,{},"{""proportion"": 0.0, ""confidence"": [0.0, 0.7934506856227626], ""p_value"": 1.0, ""contingency"": [[0, 1], [383, 24268]]}",{}
940,NC00962.3,EMB-0.2-0.95,0.0,GARC1,RUS,EMB,embA@-5_del_g,U,{},"{""proportion"": 0.0, ""confidence"": [0.0, 0.7934506856227626], ""p_value"": 1.0, ""contingency"": [[0, 1], [383, 24268]]}",{}
941,NC00962.3,EMB-0.2-0.95,0.0,GARC1,RUS,EMB,embA@G530E,U,{},"{""proportion"": 0.0, ""confidence"": [0.0, 0.7934506856227626], ""p_value"": 1.0, ""contingency"": [[0, 1], [383, 24268]]}",{}
942,NC00962.3,EMB-0.2-0.95,0.0,GARC1,RUS,EMB,embA@L417R,U,{},"{""proportion"": 0.0, ""confidence"": [0.0, 0.7934506856227626], ""p_value"": 1.0, ""contingency"": [[0, 1], [383, 24268]]}",{}
943,NC00962.3,EMB-0.2-0.95,0.0,GARC1,RUS,EMB,embB@S6R,U,{},"{""proportion"": 0.0, ""confidence"": [0.0, 0.4898908364545973], ""p_value"": 1.0, ""contingency"": [[0, 4], [383, 24268]]}",{}
944,NC00962.3,EMB-0.2-0.95,0.0,GARC1,RUS,EMB,embB@R1055H,U,{},"{""proportion"": 0.0, ""confidence"": [0.0, 0.7934506856227626], ""p_value"": 1.0, ""contingency"": [[0, 1], [383, 24268]]}",{}
945,NC00962.3,EMB-0.2-0.95,0.0,GARC1,RUS,EMB,embB@T205A,U,{},"{""proportion"": 0.0, ""confidence"": [3.384324554477539e-17, 0.39033428790216534], ""p_value"": 0.6067840000000001, ""contingency"": [[0, 6], [383, 24268]]}",{}
946,NC00962.3,EMB-0.2-0.95,0.0,GARC1,RUS,EMB,embA@V19I,U,{},"{""proportion"": 0.0, ""confidence"": [0.0, 0.6576197724933469], ""p_value"": 1.0, ""contingency"": [[0, 2], [383, 24268]]}",{}
947,NC00962.3,EMB-0.2-0.95,0.0,GARC1,RUS,EMB,embB@G443S,U,{},"{""proportion"": 0.0, ""confidence"": [0.0, 0.7934506856227626], ""p_value"": 1.0, ""contingency"": [[0, 1], [383, 24268]]}",{}
948,NC00962.3,EMB-0.2-0.95,0.0,GARC1,RUS,EMB,embB@A228V,U,{},"{""proportion"": 0.0, ""confidence"": [0.0, 0.7934506856227626], ""p_value"": 1.0, ""contingency"": [[0, 1], [383, 24268]]}",{}
949,NC00962.3,EMB-0.2-0.95,0.0,GARC1,RUS,EMB,embB@M340I,U,{},"{""proportion"": 0.0, ""confidence"": [0.0, 0.7934506856227626], ""p_value"": 1.0, ""contingency"": [[0, 1], [383, 24268]]}",{}
950,NC00962.3,EMB-0.2-0.95,0.0,GARC1,RUS,EMB,embA@F1030L,U,{},"{""proportion"": 0.0, ""confidence"": [0.0, 0.7934506856227626], ""p_value"": 1.0, ""contingency"": [[0, 1], [383, 24268]]}",{}
951,NC00962.3,EMB-0.2-0.95,0.0,GARC1,RUS,EMB,embB@V436A,U,{},"{""proportion"": 0.0, ""confidence"": [0.0, 0.7934506856227626], ""p_value"": 1.0, ""contingency"": [[0, 1], [383, 24268]]}",{}
952,NC00962.3,EMB-0.2-0.95,0.0,GARC1,RUS,EMB,embA@V283G,U,{},"{""proportion"": 0.0, ""confidence"": [0.0, 0.6576197724933469], ""p_value"": 1.0, ""contingency"": [[0, 2], [383, 24268]]}",{}
953,NC00962.3,EMB-0.2-0.95,0.0,GARC1,RUS,EMB,embB@L837R,U,{},"{""proportion"": 0.0, ""confidence"": [0.0, 0.7934506856227626], ""p_value"": 1.0, ""contingency"": [[0, 1], [383, 24268]]}",{}
954,NC00962.3,EMB-0.2-0.95,0.0,GARC1,RUS,EMB,embA@V541G,U,{},"{""proportion"": 0.0, ""confidence"": [0.0, 0.7934506856227626], ""p_value"": 1.0, ""contingency"": [[0, 1], [383, 24268]]}",{}
955,NC00962.3,EMB-0.2-0.95,0.0,GARC1,RUS,EMB,embA@-33_del_cg,U,{},"{""proportion"": 0.0, ""confidence"": [0.0, 0.6576197724933469], ""p_value"": 1.0, ""contingency"": [[0, 2], [383, 24268]]}",{}
956,NC00962.3,EMB-0.2-0.95,0.0,GARC1,RUS,EMB,embA@D112H,U,{},"{""proportion"": 0.0, ""confidence"": [4.8683609171202235e-17, 0.5614970317550455], ""p_value"": 1.0, ""contingency"": [[0, 3], [383, 24268]]}",{}
957,NC00962.3,EMB-0.2-0.95,0.0,GARC1,RUS,EMB,embB@V668A,U,{},"{""proportion"": 0.0, ""confidence"": [0.0, 0.7934506856227626], ""p_value"": 1.0, ""contingency"": [[0, 1], [383, 24268]]}",{}
958,NC00962.3,EMB-0.2-0.95,0.0,GARC1,RUS,EMB,embA@S842N,U,{},"{""proportion"": 0.0, ""confidence"": [0.0, 0.7934506856227626], ""p_value"": 1.0, ""contingency"": [[0, 1], [383, 24268]]}",{}
959,NC00962.3,EMB-0.2-0.95,0.0,GARC1,RUS,EMB,embB@S658R,U,{},"{""proportion"": 0.0, ""confidence"": [0.0, 0.7934506856227626], ""p_value"": 1.0, ""contingency"": [[0, 1], [383, 24268]]}",{}
960,NC00962.3,EMB-0.2-0.95,0.0,GARC1,RUS,EMB,embB@S422P,U,{},"{""proportion"": 0.0, ""confidence"": [0.0, 0.7934506856227626], ""p_value"": 1.0, ""contingency"": [[0, 1], [383, 24268]]}",{}
961,NC00962.3,EMB-0.2-0.95,0.0,GARC1,RUS,EMB,embB@L971M,U,{},"{""proportion"": 0.0, ""confidence"": [0.0, 0.7934506856227626], ""p_value"": 1.0, ""contingency"": [[0, 1], [383, 24268]]}",{}
962,NC00962.3,EMB-0.2-0.95,0.0,GARC1,RUS,EMB,embB@M1049I,U,{},"{""proportion"": 0.0, ""confidence"": [0.0, 0.7934506856227626], ""p_value"": 1.0, ""contingency"": [[0, 1], [383, 24268]]}",{}
963,NC00962.3,EMB-0.2-0.95,0.0,GARC1,RUS,EMB,embB@V360L,U,{},"{""proportion"": 0.0, ""confidence"": [0.0, 0.7934506856227626], ""p_value"": 1.0, ""contingency"": [[0, 1], [383, 24268]]}",{}
964,NC00962.3,EMB-0.2-0.95,0.0,GARC1,RUS,EMB,embB@T897P,U,{},"{""proportion"": 0.0, ""confidence"": [0.0, 0.7934506856227626], ""p_value"": 1.0, ""contingency"": [[0, 1], [383, 24268]]}",{}
965,NC00962.3,EMB-0.2-0.95,0.0,GARC1,RUS,EMB,embB@K561N,U,{},"{""proportion"": 0.0, ""confidence"": [0.0, 0.7934506856227626], ""p_value"": 1.0, ""contingency"": [[0, 1], [383, 24268]]}",{}
966,NC00962.3,EMB-0.2-0.95,0.0,GARC1,RUS,EMB,embB@A386T,U,{},"{""proportion"": 0.0, ""confidence"": [0.0, 0.7934506856227626], ""p_value"": 1.0, ""contingency"": [[0, 1], [383, 24268]]}",{}
967,NC00962.3,EMB-0.2-0.95,0.0,GARC1,RUS,EMB,embA@T1080P,U,{},"{""proportion"": 1.0, ""confidence"": [0.20654931437723742, 1.0], ""p_value"": 0.2, ""contingency"": [[1, 0], [383, 24268]]}",{}
968,NC00962.3,EMB-0.2-0.95,0.0,GARC1,RUS,EMB,embA@H10N,U,{},"{""proportion"": 0.0, ""confidence"": [0.0, 0.7934506856227626], ""p_value"": 1.0, ""contingency"": [[0, 1], [383, 24268]]}",{}
969,NC00962.3,EMB-0.2-0.95,0.0,GARC1,RUS,EMB,embB@T75P,U,{},"{""proportion"": 0.0, ""confidence"": [0.0, 0.7934506856227626], ""p_value"": 1.0, ""contingency"": [[0, 1], [383, 24268]]}",{}
970,NC00962.3,EMB-0.2-0.95,0.0,GARC1,RUS,EMB,embA@T652R,U,{},"{""proportion"": 0.0, ""confidence"": [0.0, 0.7934506856227626], ""p_value"": 1.0, ""contingency"": [[0, 1], [383, 24268]]}",{}
971,NC00962.3,EMB-0.2-0.95,0.0,GARC1,RUS,EMB,embB@I407T,U,{},"{""proportion"": 0.0, ""confidence"": [0.0, 0.7934506856227626], ""p_value"": 1.0, ""contingency"": [[0, 1], [383, 24268]]}",{}
972,NC00962.3,EMB-0.2-0.95,0.0,GARC1,RUS,EMB,embB@V493G,U,{},"{""proportion"": 1.0, ""confidence"": [0.20654931437723742, 1.0], ""p_value"": 0.2, ""contingency"": [[1, 0], [383, 24268]]}",{}
973,NC00962.3,EMB-0.2-0.95,0.0,GARC1,RUS,EMB,embB@54_ins_t,U,{},"{""proportion"": 0.0, ""confidence"": [0.0, 0.6576197724933469], ""p_value"": 1.0, ""contingency"": [[0, 2], [383, 24268]]}",{}
974,NC00962.3,EMB-0.2-0.95,0.0,GARC1,RUS,EMB,embB@P969S,U,{},"{""proportion"": 0.0, ""confidence"": [0.0, 0.7934506856227626], ""p_value"": 1.0, ""contingency"": [[0, 1], [383, 24268]]}",{}
975,NC00962.3,EMB-0.2-0.95,0.0,GARC1,RUS,EMB,embB@T501K,U,{},"{""proportion"": 0.0, ""confidence"": [0.0, 0.7934506856227626], ""p_value"": 1.0, ""contingency"": [[0, 1], [383, 24268]]}",{}
976,NC00962.3,EMB-0.2-0.95,0.0,GARC1,RUS,EMB,embA@V770I,U,{},"{""proportion"": 1.0, ""confidence"": [0.20654931437723742, 1.0], ""p_value"": 0.2, ""contingency"": [[1, 0], [383, 24268]]}",{}
977,NC00962.3,EMB-0.2-0.95,0.0,GARC1,RUS,EMB,embB@G745D,U,{},"{""proportion"": 0.0, ""confidence"": [0.0, 0.7934506856227626], ""p_value"": 1.0, ""contingency"": [[0, 1], [383, 24268]]}",{}
978,NC00962.3,EMB-0.2-0.95,0.0,GARC1,RUS,EMB,embA@C76G,U,{},"{""proportion"": 0.0, ""confidence"": [0.0, 0.7934506856227626], ""p_value"": 1.0, ""contingency"": [[0, 1], [383, 24268]]}",{}
979,NC00962.3,EMB-0.2-0.95,0.0,GARC1,RUS,EMB,embB@T157A,U,{},"{""proportion"": 0.0, ""confidence"": [0.0, 0.7934506856227626], ""p_value"": 1.0, ""contingency"": [[0, 1], [383, 24268]]}",{}
980,NC00962.3,EMB-0.2-0.95,0.0,GARC1,RUS,EMB,embB@V593M,U,{},"{""proportion"": 0.5, ""confidence"": [0.09453120573423071, 0.9054687942657693], ""p_value"": 0.3600000000000001, ""contingency"": [[1, 1], [383, 24268]]}",{}
981,NC00962.3,EMB-0.2-0.95,0.0,GARC1,RUS,EMB,embB@P171A,U,{},"{""proportion"": 0.0, ""confidence"": [2.1025014877572554e-17, 0.24249400665524087], ""p_value"": 0.141274976256, ""contingency"": [[0, 12], [383, 24268]]}",{}
982,NC00962.3,EMB-0.2-0.95,0.0,GARC1,RUS,EMB,embB@A485T,U,{},"{""proportion"": 0.0, ""confidence"": [0.0, 0.7934506856227626], ""p_value"": 1.0, ""contingency"": [[0, 1], [383, 24268]]}",{}
983,NC00962.3,EMB-0.2-0.95,0.0,GARC1,RUS,EMB,embA@G585S,U,{},"{""proportion"": 0.0, ""confidence"": [0.0, 0.7934506856227626], ""p_value"": 1.0, ""contingency"": [[0, 1], [383, 24268]]}",{}
984,NC00962.3,EMB-0.2-0.95,0.0,GARC1,RUS,EMB,embB@E138A,U,{},"{""proportion"": 0.0, ""confidence"": [0.0, 0.7934506856227626], ""p_value"": 1.0, ""contingency"": [[0, 1], [383, 24268]]}",{}
985,NC00962.3,EMB-0.2-0.95,0.0,GARC1,RUS,EMB,embB@A439T,U,{},"{""proportion"": 0.0, ""confidence"": [0.0, 0.7934506856227626], ""p_value"": 1.0, ""contingency"": [[0, 1], [383, 24268]]}",{}
986,NC00962.3,EMB-0.2-0.95,0.0,GARC1,RUS,EMB,embA@I905T,U,{},"{""proportion"": 0.0, ""confidence"": [4.8683609171202235e-17, 0.5614970317550455], ""p_value"": 1.0, ""contingency"": [[0, 3], [383, 24268]]}",{}
987,NC00962.3,EMB-0.2-0.95,0.0,GARC1,RUS,EMB,embB@S615C,U,{},"{""proportion"": 1.0, ""confidence"": [0.20654931437723742, 1.0], ""p_value"": 0.2, ""contingency"": [[1, 0], [383, 24268]]}",{}
988,NC00962.3,EMB-0.2-0.95,0.0,GARC1,RUS,EMB,embA@T392K,U,{},"{""proportion"": 0.0, ""confidence"": [0.0, 0.6576197724933469], ""p_value"": 1.0, ""contingency"": [[0, 2], [383, 24268]]}",{}
989,NC00962.3,EMB-0.2-0.95,0.0,GARC1,RUS,EMB,embA@R862H,U,{},"{""proportion"": 0.0, ""confidence"": [0.0, 0.7934506856227626], ""p_value"": 1.0, ""contingency"": [[0, 1], [383, 24268]]}",{}
990,NC00962.3,EMB-0.2-0.95,0.0,GARC1,RUS,EMB,embB@P375R,U,{},"{""proportion"": 0.0, ""confidence"": [0.0, 0.7934506856227626], ""p_value"": 1.0, ""contingency"": [[0, 1], [383, 24268]]}",{}
991,NC00962.3,EMB-0.2-0.95,0.0,GARC1,RUS,EMB,embA@P867L,U,{},"{""proportion"": 0.0, ""confidence"": [0.0, 0.7934506856227626], ""p_value"": 1.0, ""contingency"": [[0, 1], [383, 24268]]}",{}
992,NC00962.3,EMB-0.2-0.95,0.0,GARC1,RUS,EMB,embB@L1070R,U,{},"{""proportion"": 0.0, ""confidence"": [0.0, 0.7934506856227626], ""p_value"": 1.0, ""contingency"": [[0, 1], [383, 24268]]}",{}
993,NC00962.3,EMB-0.2-0.95,0.0,GARC1,RUS,EMB,embB@P1075R,U,{},"{""proportion"": 0.0, ""confidence"": [0.0, 0.7934506856227626], ""p_value"": 1.0, ""contingency"": [[0, 1], [383, 24268]]}",{}
994,NC00962.3,EMB-0.2-0.95,0.0,GARC1,RUS,EMB,embA@L233R,U,{},"{""proportion"": 0.0, ""confidence"": [0.0, 0.7934506856227626], ""p_value"": 1.0, ""contingency"": [[0, 1], [383, 24268]]}",{}
995,NC00962.3,EMB-0.2-0.95,0.0,GARC1,RUS,EMB,embB@V649A,U,{},"{""proportion"": 0.0, ""confidence"": [0.0, 0.7934506856227626], ""p_value"": 1.0, ""contingency"": [[0, 1], [383, 24268]]}",{}
996,NC00962.3,EMB-0.2-0.95,0.0,GARC1,RUS,EMB,embB@N886K,U,{},"{""proportion"": 1.0, ""confidence"": [0.20654931437723742, 1.0], ""p_value"": 0.2, ""contingency"": [[1, 0], [383, 24268]]}",{}
997,NC00962.3,EMB-0.2-0.95,0.0,GARC1,RUS,EMB,embB@V917M,U,{},"{""proportion"": 0.0, ""confidence"": [0.0, 0.7934506856227626], ""p_value"": 1.0, ""contingency"": [[0, 1], [383, 24268]]}",{}
998,NC00962.3,EMB-0.2-0.95,0.0,GARC1,RUS,EMB,embB@A409P,U,{},"{""proportion"": 1.0, ""confidence"": [0.20654931437723742, 1.0], ""p_value"": 0.2, ""contingency"": [[1, 0], [383, 24268]]}",{}
999,NC00962.3,EMB-0.2-0.95,0.0,GARC1,RUS,EMB,embA@G403A,U,{},"{""proportion"": 1.0, ""confidence"": [0.20654931437723742, 1.0], ""p_value"": 0.2, ""contingency"": [[1, 0], [383, 24268]]}",{}
1000,NC00962.3,EMB-0.2-0.95,0.0,GARC1,RUS,EMB,embA@D780N,U,{},"{""proportion"": 0.0, ""confidence"": [0.0, 0.7934506856227626], ""p_value"": 1.0, ""contingency"": [[0, 1], [383, 24268]]}",{}
1001,NC00962.3,EMB-0.2-0.95,0.0,GARC1,RUS,EMB,embB@S66R,U,{},"{""proportion"": 0.0, ""confidence"": [0.0, 0.7934506856227626], ""p_value"": 1.0, ""contingency"": [[0, 1], [383, 24268]]}",{}
1002,NC00962.3,EMB-0.2-0.95,0.0,GARC1,RUS,EMB,embB@S651T,U,{},"{""proportion"": 1.0, ""confidence"": [0.20654931437723742, 1.0], ""p_value"": 0.2, ""contingency"": [[1, 0], [383, 24268]]}",{}
1003,NC00962.3,EMB-0.2-0.95,0.0,GARC1,RUS,EMB,embB@N644T,U,{},"{""proportion"": 1.0, ""confidence"": [0.20654931437723742, 1.0], ""p_value"": 0.2, ""contingency"": [[1, 0], [383, 24268]]}",{}
1004,NC00962.3,EMB-0.2-0.95,0.0,GARC1,RUS,EMB,embB@T667K,U,{},"{""proportion"": 0.0, ""confidence"": [0.0, 0.7934506856227626], ""p_value"": 1.0, ""contingency"": [[0, 1], [383, 24268]]}",{}
1005,NC00962.3,EMB-0.2-0.95,0.0,GARC1,RUS,EMB,embB@R469H,U,{},"{""proportion"": 0.0, ""confidence"": [0.0, 0.7934506856227626], ""p_value"": 1.0, ""contingency"": [[0, 1], [383, 24268]]}",{}
1007,NC00962.3,EMB-0.2-0.95,0.0,GARC1,RUS,EMB,embA@-*_indel,U,{},"{""default_rule"": ""True""}",{}
1008,NC00962.3,EMB-0.2-0.95,0.0,GARC1,RUS,EMB,embA@*_indel,U,{},"{""default_rule"": ""True""}",{}
1009,NC00962.3,EMB-0.2-0.95,0.0,GARC1,RUS,EMB,embA@-*?,U,{},"{""default_rule"": ""True""}",{}
1010,NC00962.3,EMB-0.2-0.95,0.0,GARC1,RUS,EMB,embA@*?,U,{},"{""default_rule"": ""True""}",{}
1011,NC00962.3,EMB-0.2-0.95,0.0,GARC1,RUS,EMB,embA@del_0.0,U,{},"{""default_rule"": ""True""}",{}
1013,NC00962.3,EMB-0.2-0.95,0.0,GARC1,RUS,EMB,embB@-*_indel,U,{},"{""default_rule"": ""True""}",{}
1014,NC00962.3,EMB-0.2-0.95,0.0,GARC1,RUS,EMB,embB@*_indel,U,{},"{""default_rule"": ""True""}",{}
1015,NC00962.3,EMB-0.2-0.95,0.0,GARC1,RUS,EMB,embB@-*?,U,{},"{""default_rule"": ""True""}",{}
1016,NC00962.3,EMB-0.2-0.95,0.0,GARC1,RUS,EMB,embB@*?,U,{},"{""default_rule"": ""True""}",{}
1017,NC00962.3,EMB-0.2-0.95,0.0,GARC1,RUS,EMB,embB@del_0.0,U,{},"{""default_rule"": ""True""}",{}
