,GENBANK_REFERENCE,CATALOGUE_NAME,CATALOGUE_VERSION,CATALOGUE_GRAMMAR,PREDICTION_VALUES,DRUG,MUTATION,PREDICTION,SOURCE,EVIDENCE,OTHER
0,NC00962.3,EMB-0.25-0.9-0.8,0.0,GARC1,RUS,EMB,embB@T1082A,S,{},"{""proportion"": 0.01020408163265306, ""confidence"": [0.0022797527887885275, 0.04444601118308596], ""p_value"": 3.2767988059651214e-11, ""contingency"": [[1, 97], [331, 20657]]}",{}
1,NC00962.3,EMB-0.25-0.9-0.8,0.0,GARC1,RUS,EMB,embA@c-59a,S,{},"{""proportion"": 0.0, ""confidence"": [0.0, 0.21294197008340696], ""p_value"": 0.07604122161865237, ""contingency"": [[0, 10], [331, 20657]]}",{}
2,NC00962.3,EMB-0.25-0.9-0.8,0.0,GARC1,RUS,EMB,embB@A313V,S,{},"{""proportion"": 0.0, ""confidence"": [0.0, 0.21294197008340696], ""p_value"": 0.07604122161865237, ""contingency"": [[0, 10], [331, 20657]]}",{}
3,NC00962.3,EMB-0.25-0.9-0.8,0.0,GARC1,RUS,EMB,embA@G158D,S,{},"{""proportion"": 0.0, ""confidence"": [-1.1138242448922617e-17, 0.19740504731951777], ""p_value"": 0.07656264305114746, ""contingency"": [[0, 11], [331, 20657]]}",{}
4,NC00962.3,EMB-0.25-0.9-0.8,0.0,GARC1,RUS,EMB,embA@T608N,S,{},"{""proportion"": 0.06896551724137931, ""confidence"": [0.0230907224042537, 0.1884036323228297], ""p_value"": 0.029061929232975115, ""contingency"": [[2, 27], [331, 20657]]}",{}
5,NC00962.3,EMB-0.25-0.9-0.8,0.0,GARC1,RUS,EMB,embA@c-16t,S,{},"{""proportion"": 0.13846153846153847, ""confidence"": [0.08237083203106214, 0.2234467184643982], ""p_value"": 0.04370642687971149, ""contingency"": [[9, 56], [331, 20657]]}",{}
6,NC00962.3,EMB-0.25-0.9-0.8,0.0,GARC1,RUS,EMB,embA@Y296H,S,{},"{""proportion"": 0.0, ""confidence"": [0.0, 0.14463859126760936], ""p_value"": 0.017492316197603944, ""contingency"": [[0, 16], [331, 20657]]}",{}
7,NC00962.3,EMB-0.25-0.9-0.8,0.0,GARC1,RUS,EMB,embB@S773P,S,{},"{""proportion"": 0.0, ""confidence"": [0.0, 0.09425160190476774], ""p_value"": 0.0009542497576016112, ""contingency"": [[0, 26], [331, 20657]]}",{}
8,NC00962.3,EMB-0.25-0.9-0.8,0.0,GARC1,RUS,EMB,embB@L402V,S,{},"{""proportion"": 0.0, ""confidence"": [0.0, 0.1839811947474769], ""p_value"": 0.04592913389205933, ""contingency"": [[0, 12], [331, 20657]]}",{}
9,NC00962.3,EMB-0.25-0.9-0.8,0.0,GARC1,RUS,EMB,embB@S203L,S,{},"{""proportion"": 0.0, ""confidence"": [0.0, 0.07370939644250225], ""p_value"": 8.526393021277249e-05, ""contingency"": [[0, 34], [331, 20657]]}",{}
10,NC00962.3,EMB-0.25-0.9-0.8,0.0,GARC1,RUS,EMB,embB@E378A,S,{},"{""proportion"": 0.0, ""confidence"": [0.0, 0.16195483023523788], ""p_value"": 0.02812748029828072, ""contingency"": [[0, 14], [331, 20657]]}",{}
11,NC00962.3,EMB-0.25-0.9-0.8,0.0,GARC1,RUS,EMB,embA@E951D,S,{},"{""proportion"": 0.0, ""confidence"": [-1.6829805552426414e-18, 0.029827763012793627], ""p_value"": 2.260070170329137e-11, ""contingency"": [[0, 88], [331, 20657]]}",{}
12,NC00962.3,EMB-0.25-0.9-0.8,0.0,GARC1,RUS,EMB,embA@D176E,S,{},"{""proportion"": 0.038461538461538464, ""confidence"": [0.00862776690656984, 0.15529678869783117], ""p_value"": 0.010667350611231141, ""contingency"": [[1, 25], [331, 20657]]}",{}
13,NC00962.3,EMB-0.25-0.9-0.8,0.0,GARC1,RUS,EMB,embB@I563L,S,{},"{""proportion"": 0.0, ""confidence"": [0.0, 0.172266783508845], ""p_value"": 0.048047408461570754, ""contingency"": [[0, 13], [331, 20657]]}",{}
14,NC00962.3,EMB-0.25-0.9-0.8,0.0,GARC1,RUS,EMB,embB@G246R,S,{},"{""proportion"": 0.05714285714285714, ""confidence"": [0.019093389655223388, 0.15874633468820296], ""p_value"": 0.005523208550636249, ""contingency"": [[2, 33], [331, 20657]]}",{}
15,NC00962.3,EMB-0.25-0.9-0.8,0.0,GARC1,RUS,EMB,embA@A84S,S,{},"{""proportion"": 0.0, ""confidence"": [-1.1138242448922617e-17, 0.19740504731951777], ""p_value"": 0.07656264305114746, ""contingency"": [[0, 11], [331, 20657]]}",{}
16,NC00962.3,EMB-0.25-0.9-0.8,0.0,GARC1,RUS,EMB,embB@C361S,S,{},"{""proportion"": 0.02857142857142857, ""confidence"": [0.0064000875048646185, 0.11839703840910538], ""p_value"": 0.0007361426069999998, ""contingency"": [[1, 34], [331, 20657]]}",{}
17,NC00962.3,EMB-0.25-0.9-0.8,0.0,GARC1,RUS,EMB,embB@L370R,S,{},"{""proportion"": 0.0, ""confidence"": [0.0, 0.11915783736096446], ""p_value"": 0.007113353603017462, ""contingency"": [[0, 20], [331, 20657]]}",{}
18,NC00962.3,EMB-0.25-0.9-0.8,0.0,GARC1,RUS,EMB,embA@G884D,S,{},"{""proportion"": 0.0, ""confidence"": [0.0, 0.1839811947474769], ""p_value"": 0.04592913389205933, ""contingency"": [[0, 12], [331, 20657]]}",{}
19,NC00962.3,EMB-0.25-0.9-0.8,0.0,GARC1,RUS,EMB,embA@L373P,S,{},"{""proportion"": 0.0, ""confidence"": [0.0, 0.09425160190476774], ""p_value"": 0.0009542497576016112, ""contingency"": [[0, 26], [331, 20657]]}",{}
20,NC00962.3,EMB-0.25-0.9-0.8,0.0,GARC1,RUS,EMB,embA@P913S,S,{},"{""proportion"": 0.0, ""confidence"": [0.0, 0.21294197008340696], ""p_value"": 0.07604122161865237, ""contingency"": [[0, 10], [331, 20657]]}",{}
21,NC00962.3,EMB-0.25-0.9-0.8,0.0,GARC1,RUS,EMB,embA@V31A,S,{},"{""proportion"": 0.0, ""confidence"": [-6.2612865863866736e-18, 0.09765350600605095], ""p_value"": 0.0016683748994763552, ""contingency"": [[0, 25], [331, 20657]]}",{}
22,NC00962.3,EMB-0.25-0.9-0.8,0.0,GARC1,RUS,EMB,embA@g-17a,S,{},"{""proportion"": 0.05263157894736842, ""confidence"": [0.011830636171440975, 0.2049593034145945], ""p_value"": 0.05975523548841011, ""contingency"": [[1, 18], [331, 20657]]}",{}
23,NC00962.3,EMB-0.25-0.9-0.8,0.0,GARC1,RUS,EMB,embB@I709T,S,{},"{""proportion"": 0.0, ""confidence"": [0.0, 0.16195483023523788], ""p_value"": 0.02812748029828072, ""contingency"": [[0, 14], [331, 20657]]}",{}
24,NC00962.3,EMB-0.25-0.9-0.8,0.0,GARC1,RUS,EMB,embB@P731L,S,{},"{""proportion"": 0.0, ""confidence"": [-6.2612865863866736e-18, 0.09765350600605095], ""p_value"": 0.0016683748994763552, ""contingency"": [[0, 25], [331, 20657]]}",{}
25,NC00962.3,EMB-0.25-0.9-0.8,0.0,GARC1,RUS,EMB,embA@Q1004P,S,{},"{""proportion"": 0.0, ""confidence"": [0.0, 0.16195483023523788], ""p_value"": 0.02812748029828072, ""contingency"": [[0, 14], [331, 20657]]}",{}
26,NC00962.3,EMB-0.25-0.9-0.8,0.0,GARC1,RUS,EMB,embA@g-76c,S,{},"{""proportion"": 0.06896551724137931, ""confidence"": [0.0230907224042537, 0.1884036323228297], ""p_value"": 0.029061929232975115, ""contingency"": [[2, 27], [331, 20657]]}",{}
27,NC00962.3,EMB-0.25-0.9-0.8,0.0,GARC1,RUS,EMB,embA@K166N,S,{},"{""proportion"": 0.0, ""confidence"": [0.0, 0.11915783736096446], ""p_value"": 0.007113353603017462, ""contingency"": [[0, 20], [331, 20657]]}",{}
28,NC00962.3,EMB-0.25-0.9-0.8,0.0,GARC1,RUS,EMB,embA@L233M,S,{},"{""proportion"": 0.0, ""confidence"": [0.0, 0.21294197008340696], ""p_value"": 0.07604122161865237, ""contingency"": [[0, 10], [331, 20657]]}",{}
29,NC00962.3,EMB-0.25-0.9-0.8,0.0,GARC1,RUS,EMB,embB@E951Q,S,{},"{""proportion"": 0.0, ""confidence"": [0.0, 0.172266783508845], ""p_value"": 0.048047408461570754, ""contingency"": [[0, 13], [331, 20657]]}",{}
30,NC00962.3,EMB-0.25-0.9-0.8,0.0,GARC1,RUS,EMB,embA@V558L,S,{},"{""proportion"": 0.0, ""confidence"": [-1.1138242448922617e-17, 0.19740504731951777], ""p_value"": 0.07656264305114746, ""contingency"": [[0, 11], [331, 20657]]}",{}
31,NC00962.3,EMB-0.25-0.9-0.8,0.0,GARC1,RUS,EMB,embA@A852T,S,{},"{""proportion"": 0.0, ""confidence"": [0.0, 0.10525136178999416], ""p_value"": 0.002580968695056641, ""contingency"": [[0, 23], [331, 20657]]}",{}
32,NC00962.3,EMB-0.25-0.9-0.8,0.0,GARC1,RUS,EMB,embA@G596S,S,{},"{""proportion"": 0.0, ""confidence"": [0.0, 0.21294197008340696], ""p_value"": 0.07604122161865237, ""contingency"": [[0, 10], [331, 20657]]}",{}
33,NC00962.3,EMB-0.25-0.9-0.8,0.0,GARC1,RUS,EMB,embA@L505F,S,{},"{""proportion"": 0.0, ""confidence"": [0.0, 0.21294197008340696], ""p_value"": 0.07604122161865237, ""contingency"": [[0, 10], [331, 20657]]}",{}
34,NC00962.3,EMB-0.25-0.9-0.8,0.0,GARC1,RUS,EMB,embB@R213Q,S,{},"{""proportion"": 0.0, ""confidence"": [1.695840673987853e-18, 0.022414409286217546], ""p_value"": 2.4618499710597435e-15, ""contingency"": [[0, 118], [331, 20657]]}",{}
35,NC00962.3,EMB-0.25-0.9-0.8,0.0,GARC1,RUS,EMB,embA@V911I,S,{},"{""proportion"": 0.0, ""confidence"": [0.0, 0.21294197008340696], ""p_value"": 0.07604122161865237, ""contingency"": [[0, 10], [331, 20657]]}",{}
36,NC00962.3,EMB-0.25-0.9-0.8,0.0,GARC1,RUS,EMB,embA@G451R,S,{},"{""proportion"": 0.0, ""confidence"": [0.0, 0.16195483023523788], ""p_value"": 0.02812748029828072, ""contingency"": [[0, 14], [331, 20657]]}",{}
37,NC00962.3,EMB-0.25-0.9-0.8,0.0,GARC1,RUS,EMB,embA@V206M,S,{},"{""proportion"": 0.006772009029345372, ""confidence"": [0.003944027322925494, 0.011604112095635952], ""p_value"": 3.209844129201713e-148, ""contingency"": [[9, 1320], [353, 22745]]}",{}
38,NC00962.3,EMB-0.25-0.9-0.8,0.0,GARC1,RUS,EMB,embA@T308A,S,{},"{""proportion"": 0.0, ""confidence"": [0.0, 0.06646621625741261], ""p_value"": 3.423563710801432e-05, ""contingency"": [[0, 38], [353, 22745]]}",{}
39,NC00962.3,EMB-0.25-0.9-0.8,0.0,GARC1,RUS,EMB,embB@N13S,S,{},"{""proportion"": 0.014705882352941176, ""confidence"": [0.0058920805812214625, 0.03622359425083119], ""p_value"": 3.3779377824511746e-21, ""contingency"": [[3, 201], [353, 22745]]}",{}
40,NC00962.3,EMB-0.25-0.9-0.8,0.0,GARC1,RUS,EMB,embB@V668I,S,{},"{""proportion"": 0.0, ""confidence"": [-6.179004569140675e-18, 0.10951159439671897], ""p_value"": 0.0024842959446118593, ""contingency"": [[0, 22], [353, 22745]]}",{}
41,NC00962.3,EMB-0.25-0.9-0.8,0.0,GARC1,RUS,EMB,embA@P383S,S,{},"{""proportion"": 0.0, ""confidence"": [0.0, 0.048568657378326024], ""p_value"": 4.6959295955903973e-07, ""contingency"": [[0, 53], [353, 22745]]}",{}
42,NC00962.3,EMB-0.25-0.9-0.8,0.0,GARC1,RUS,EMB,embA@A1015T,S,{},"{""proportion"": 0.0, ""confidence"": [0.0, 0.1141312562327272], ""p_value"": 0.004065488054720845, ""contingency"": [[0, 21], [353, 22745]]}",{}
43,NC00962.3,EMB-0.25-0.9-0.8,0.0,GARC1,RUS,EMB,embB@V283M,S,{},"{""proportion"": 0.0, ""confidence"": [0.0, 0.1839811947474769], ""p_value"": 0.04592913389205933, ""contingency"": [[0, 12], [353, 22745]]}",{}
44,NC00962.3,EMB-0.25-0.9-0.8,0.0,GARC1,RUS,EMB,embB@T279P,S,{},"{""proportion"": 0.0, ""confidence"": [0.0, 0.21294197008340696], ""p_value"": 0.07604122161865237, ""contingency"": [[0, 10], [353, 22745]]}",{}
45,NC00962.3,EMB-0.25-0.9-0.8,0.0,GARC1,RUS,EMB,embB@S1054P,S,{},"{""proportion"": 0.0, ""confidence"": [0.0, 0.08811254092083347], ""p_value"": 0.0006076026348967452, ""contingency"": [[0, 28], [365, 24422]]}",{}
46,NC00962.3,EMB-0.25-0.9-0.8,0.0,GARC1,RUS,EMB,embB@R741W,S,{},"{""proportion"": 0.0, ""confidence"": [0.0, 0.16195483023523788], ""p_value"": 0.02812748029828072, ""contingency"": [[0, 14], [365, 24422]]}",{}
47,NC00962.3,EMB-0.25-0.9-0.8,0.0,GARC1,RUS,EMB,embA@P901L,S,{},"{""proportion"": 0.04, ""confidence"": [0.00897486843424125, 0.16086635709132566], ""p_value"": 0.010394187011740996, ""contingency"": [[1, 24], [365, 24422]]}",{}
48,NC00962.3,EMB-0.25-0.9-0.8,0.0,GARC1,RUS,EMB,embA@A312V,S,{},"{""proportion"": 0.041666666666666664, ""confidence"": [0.009351070046073289, 0.16684992965212966], ""p_value"": 0.0162301715058355, ""contingency"": [[1, 23], [365, 24422]]}",{}
49,NC00962.3,EMB-0.25-0.9-0.8,0.0,GARC1,RUS,EMB,embB@A1073D,S,{},"{""proportion"": 0.0, ""confidence"": [0.0, 0.14463859126760936], ""p_value"": 0.017492316197603944, ""contingency"": [[0, 16], [365, 24422]]}",{}
1062,NC00962.3,EMB-0.25-0.9-0.8,0.0,GARC1,RUS,EMB,embA@*=,S,{},"{""default_rule"": ""True""}",{}
1068,NC00962.3,EMB-0.25-0.9-0.8,0.0,GARC1,RUS,EMB,embB@*=,S,{},"{""default_rule"": ""True""}",{}
50,NC00962.3,EMB-0.25-0.9-0.8,0.0,GARC1,RUS,EMB,embB@M306V,R,{},"{""proportion"": 0.8012358393408857, ""confidence"": [0.78592582623681, 0.8157076724376993], ""p_value"": 0.0, ""contingency"": [[1556, 386], [367, 24527]]}",{}
51,NC00962.3,EMB-0.25-0.9-0.8,0.0,GARC1,RUS,EMB,embB@G406A,R,{},"{""proportion"": 0.5, ""confidence"": [0.450379224265784, 0.5496207757342161], ""p_value"": 1.1433185510309056e-18, ""contingency"": [[136, 136], [367, 24527]]}",{}
52,NC00962.3,EMB-0.25-0.9-0.8,0.0,GARC1,RUS,EMB,embB@M306I,R,{},"{""proportion"": 0.5241157556270096, ""confidence"": [0.5032601487260624, 0.544887590309194], ""p_value"": 7.596387270923224e-118, ""contingency"": [[815, 740], [367, 24527]]}",{}
53,NC00962.3,EMB-0.25-0.9-0.8,0.0,GARC1,RUS,EMB,embB@Q497R,R,{},"{""proportion"": 0.7453531598513011, ""confidence"": [0.7132835613059415, 0.774967397457186], ""p_value"": 4.731202569134808e-128, ""contingency"": [[401, 137], [367, 24527]]}",{}
55,NC00962.3,EMB-0.25-0.9-0.8,0.0,GARC1,RUS,EMB,embB@L410P,R,{},"{""proportion"": 1.0, ""confidence"": [0.4250306090063464, 1.0], ""p_value"": 0.0625, ""contingency"": [[2, 0], [367, 24527]]}",{}
56,NC00962.3,EMB-0.25-0.9-0.8,0.0,GARC1,RUS,EMB,embB@G406D,R,{},"{""proportion"": 0.3917525773195876, ""confidence"": [0.33597346503422554, 0.4505094206918627], ""p_value"": 1.3708108483227279e-05, ""contingency"": [[76, 118], [367, 24527]]}",{}
60,NC00962.3,EMB-0.25-0.9-0.8,0.0,GARC1,RUS,EMB,embB@Q497K,R,{},"{""proportion"": 0.5522388059701493, ""confidence"": [0.4522231273442017, 0.6481993018218496], ""p_value"": 1.3154722576642874e-07, ""contingency"": [[37, 30], [367, 24527]]}",{}
61,NC00962.3,EMB-0.25-0.9-0.8,0.0,GARC1,RUS,EMB,embB@D354A,R,{},"{""proportion"": 0.5290519877675841, ""confidence"": [0.4835961638625756, 0.5740310140154492], ""p_value"": 4.818918182799382e-27, ""contingency"": [[173, 154], [367, 24527]]}",{}
62,NC00962.3,EMB-0.25-0.9-0.8,0.0,GARC1,RUS,EMB,embB@D328Y,R,{},"{""proportion"": 0.8421052631578947, ""confidence"": [0.6638454510369751, 0.9350798892795861], ""p_value"": 1.0099029168486595e-07, ""contingency"": [[16, 3], [367, 24527]]}",{}
68,NC00962.3,EMB-0.25-0.9-0.8,0.0,GARC1,RUS,EMB,embB@Y319S,R,{},"{""proportion"": 0.8435754189944135, ""confidence"": [0.7938395407298363, 0.883079818260847], ""p_value"": 1.7611158352177092e-62, ""contingency"": [[151, 28], [367, 24527]]}",{}
70,NC00962.3,EMB-0.25-0.9-0.8,0.0,GARC1,RUS,EMB,embB@M306L,R,{},"{""proportion"": 0.7575757575757576, ""confidence"": [0.6617881817735796, 0.8330772728999082], ""p_value"": 7.54511604982249e-18, ""contingency"": [[50, 16], [367, 24527]]}",{}
84,NC00962.3,EMB-0.25-0.9-0.8,0.0,GARC1,RUS,EMB,embB@F330S,R,{},"{""proportion"": 0.75, ""confidence"": [0.3561680085985064, 0.9420926788001412], ""p_value"": 0.05078125, ""contingency"": [[3, 1], [367, 24527]]}",{}
87,NC00962.3,EMB-0.25-0.9-0.8,0.0,GARC1,RUS,EMB,embB@G406S,R,{},"{""proportion"": 0.5287356321839081, ""confidence"": [0.44117458476377336, 0.6145633307259046], ""p_value"": 3.04359311852948e-08, ""contingency"": [[46, 41], [367, 24527]]}",{}
88,NC00962.3,EMB-0.25-0.9-0.8,0.0,GARC1,RUS,EMB,embB@G406C,R,{},"{""proportion"": 0.45161290322580644, ""confidence"": [0.3144485570706077, 0.5965453124071003], ""p_value"": 0.01997080800403231, ""contingency"": [[14, 17], [367, 24527]]}",{}
99,NC00962.3,EMB-0.25-0.9-0.8,0.0,GARC1,RUS,EMB,embB@Y319C,R,{},"{""proportion"": 0.3684210526315789, ""confidence"": [0.2524978145882212, 0.5018354002163611], ""p_value"": 0.09449248536714788, ""contingency"": [[14, 24], [367, 24527]]}",{}
206,NC00962.3,EMB-0.25-0.9-0.8,0.0,GARC1,RUS,EMB,embB@S347T,R,{},"{""proportion"": 1.0, ""confidence"": [0.6488834992348989, 1.0], ""p_value"": 0.0009765625, ""contingency"": [[5, 0], [367, 24527]]}",{}
226,NC00962.3,EMB-0.25-0.9-0.8,0.0,GARC1,RUS,EMB,embB@D328V,R,{},"{""proportion"": 1.0, ""confidence"": [0.4250306090063464, 1.0], ""p_value"": 0.0625, ""contingency"": [[2, 0], [367, 24527]]}",{}
247,NC00962.3,EMB-0.25-0.9-0.8,0.0,GARC1,RUS,EMB,embB@Q445R,R,{},"{""proportion"": 0.9565217391304348, ""confidence"": [0.8768185086792523, 0.9855063320154147], ""p_value"": 1.909220095477618e-24, ""contingency"": [[44, 2], [367, 24527]]}",{}
303,NC00962.3,EMB-0.25-0.9-0.8,0.0,GARC1,RUS,EMB,embA@T652K,R,{},"{""proportion"": 0.75, ""confidence"": [0.3561680085985064, 0.9420926788001412], ""p_value"": 0.05078125, ""contingency"": [[3, 1], [367, 24527]]}",{}
424,NC00962.3,EMB-0.25-0.9-0.8,0.0,GARC1,RUS,EMB,embB@D328F,R,{},"{""proportion"": 1.0, ""confidence"": [0.4250306090063464, 1.0], ""p_value"": 0.0625, ""contingency"": [[2, 0], [367, 24527]]}",{}
704,NC00962.3,EMB-0.25-0.9-0.8,0.0,GARC1,RUS,EMB,embB@F330V,R,{},"{""proportion"": 1.0, ""confidence"": [0.4250306090063464, 1.0], ""p_value"": 0.0625, ""contingency"": [[2, 0], [367, 24527]]}",{}
54,NC00962.3,EMB-0.25-0.9-0.8,0.0,GARC1,RUS,EMB,embB@S297A,U,{},"{""proportion"": 0.3089430894308943, ""confidence"": [0.2451436069663341, 0.3809667561206903], ""p_value"": 0.14441280721377495, ""contingency"": [[38, 85], [367, 24527]]}",{}
57,NC00962.3,EMB-0.25-0.9-0.8,0.0,GARC1,RUS,EMB,embB@Q497P,U,{},"{""proportion"": 0.26666666666666666, ""confidence"": [0.1258177356354828, 0.47882585984924925], ""p_value"": 1.0, ""contingency"": [[4, 11], [367, 24527]]}",{}
58,NC00962.3,EMB-0.25-0.9-0.8,0.0,GARC1,RUS,EMB,embA@c-16g,U,{},"{""proportion"": 0.175, ""confidence"": [0.09776044308911717, 0.2934192985304305], ""p_value"": 0.36108839634662426, ""contingency"": [[7, 33], [367, 24527]]}",{}
59,NC00962.3,EMB-0.25-0.9-0.8,0.0,GARC1,RUS,EMB,embA@c-8t,U,{},"{""proportion"": 0.0, ""confidence"": [0.0, 0.40347862520270455], ""p_value"": 0.578125, ""contingency"": [[0, 4], [367, 24527]]}",{}
63,NC00962.3,EMB-0.25-0.9-0.8,0.0,GARC1,RUS,EMB,embB@N296H,U,{},"{""proportion"": 0.24, ""confidence"": [0.1556670215560803, 0.3510262350527801], ""p_value"": 1.0, ""contingency"": [[12, 38], [367, 24527]]}",{}
64,NC00962.3,EMB-0.25-0.9-0.8,0.0,GARC1,RUS,EMB,embA@A320T,U,{},"{""proportion"": 0.0, ""confidence"": [0.0, 0.5749693909936535], ""p_value"": 1.0, ""contingency"": [[0, 2], [367, 24527]]}",{}
65,NC00962.3,EMB-0.25-0.9-0.8,0.0,GARC1,RUS,EMB,embA@T420M,U,{},"{""proportion"": 0.0, ""confidence"": [0.0, 0.7301340512159458], ""p_value"": 1.0, ""contingency"": [[0, 1], [367, 24527]]}",{}
66,NC00962.3,EMB-0.25-0.9-0.8,0.0,GARC1,RUS,EMB,embA@T604R,U,{},"{""proportion"": 0.0, ""confidence"": [0.0, 0.5749693909936535], ""p_value"": 1.0, ""contingency"": [[0, 2], [367, 24527]]}",{}
67,NC00962.3,EMB-0.25-0.9-0.8,0.0,GARC1,RUS,EMB,embA@W495C,U,{},"{""proportion"": 0.0, ""confidence"": [0.0, 0.7301340512159458], ""p_value"": 1.0, ""contingency"": [[0, 1], [367, 24527]]}",{}
69,NC00962.3,EMB-0.25-0.9-0.8,0.0,GARC1,RUS,EMB,embB@R620P,U,{},"{""proportion"": 0.0, ""confidence"": [0.0, 0.3511165007651012], ""p_value"": 0.34082031250000006, ""contingency"": [[0, 5], [367, 24527]]}",{}
71,NC00962.3,EMB-0.25-0.9-0.8,0.0,GARC1,RUS,EMB,embA@P934S,U,{},"{""proportion"": 0.0, ""confidence"": [0.0, 0.7301340512159458], ""p_value"": 1.0, ""contingency"": [[0, 1], [367, 24527]]}",{}
72,NC00962.3,EMB-0.25-0.9-0.8,0.0,GARC1,RUS,EMB,embB@H1002R,U,{},"{""proportion"": 0.3333333333333333, ""confidence"": [0.21980673995570366, 0.47016015033658887], ""p_value"": 0.2505325062363485, ""contingency"": [[12, 24], [367, 24527]]}",{}
73,NC00962.3,EMB-0.25-0.9-0.8,0.0,GARC1,RUS,EMB,embB@P832S,U,{},"{""proportion"": 0.0, ""confidence"": [0.0, 0.278762695452542], ""p_value"": 0.20404052734375, ""contingency"": [[0, 7], [367, 24527]]}",{}
74,NC00962.3,EMB-0.25-0.9-0.8,0.0,GARC1,RUS,EMB,embB@T811A,U,{},"{""proportion"": 0.0, ""confidence"": [0.0, 0.25272359742376316], ""p_value"": 0.21392822265625003, ""contingency"": [[0, 8], [367, 24527]]}",{}
75,NC00962.3,EMB-0.25-0.9-0.8,0.0,GARC1,RUS,EMB,embA@c-8a,U,{},"{""proportion"": 0.23076923076923078, ""confidence"": [0.12433052735658366, 0.3879587967459836], ""p_value"": 1.0, ""contingency"": [[6, 20], [367, 24527]]}",{}
76,NC00962.3,EMB-0.25-0.9-0.8,0.0,GARC1,RUS,EMB,embB@C549F,U,{},"{""proportion"": 0.3333333333333333, ""confidence"": [0.0782657263337284, 0.7464661317187757], ""p_value"": 1.0, ""contingency"": [[1, 2], [367, 24527]]}",{}
77,NC00962.3,EMB-0.25-0.9-0.8,0.0,GARC1,RUS,EMB,embA@g-43c,U,{},"{""proportion"": 0.23255813953488372, ""confidence"": [0.14439196952822808, 0.35238679598190825], ""p_value"": 1.0, ""contingency"": [[10, 33], [367, 24527]]}",{}
78,NC00962.3,EMB-0.25-0.9-0.8,0.0,GARC1,RUS,EMB,embB@D1024N,U,{},"{""proportion"": 0.2698412698412698, ""confidence"": [0.1887494043564081, 0.36988753134962415], ""p_value"": 0.7709663508533717, ""contingency"": [[17, 46], [367, 24527]]}",{}
79,NC00962.3,EMB-0.25-0.9-0.8,0.0,GARC1,RUS,EMB,embA@c-12t,U,{},"{""proportion"": 0.2948717948717949, ""confidence"": [0.217977296649019, 0.38551958063548486], ""p_value"": 0.36104530310352145, ""contingency"": [[23, 55], [367, 24527]]}",{}
80,NC00962.3,EMB-0.25-0.9-0.8,0.0,GARC1,RUS,EMB,embA@D1071E,U,{},"{""proportion"": 0.0, ""confidence"": [0.0, 0.7301340512159458], ""p_value"": 1.0, ""contingency"": [[0, 1], [367, 24527]]}",{}
81,NC00962.3,EMB-0.25-0.9-0.8,0.0,GARC1,RUS,EMB,embA@V339A,U,{},"{""proportion"": 0.0, ""confidence"": [0.0, 0.7301340512159458], ""p_value"": 1.0, ""contingency"": [[0, 1], [367, 24527]]}",{}
82,NC00962.3,EMB-0.25-0.9-0.8,0.0,GARC1,RUS,EMB,embA@A813T,U,{},"{""proportion"": 0.0, ""confidence"": [0.0, 0.7301340512159458], ""p_value"": 1.0, ""contingency"": [[0, 1], [367, 24527]]}",{}
83,NC00962.3,EMB-0.25-0.9-0.8,0.0,GARC1,RUS,EMB,embB@V186L,U,{},"{""proportion"": 0.0, ""confidence"": [0.0, 0.40347862520270455], ""p_value"": 0.578125, ""contingency"": [[0, 4], [367, 24527]]}",{}
85,NC00962.3,EMB-0.25-0.9-0.8,0.0,GARC1,RUS,EMB,embA@K488N,U,{},"{""proportion"": 0.0, ""confidence"": [0.0, 0.40347862520270455], ""p_value"": 0.578125, ""contingency"": [[0, 4], [367, 24527]]}",{}
86,NC00962.3,EMB-0.25-0.9-0.8,0.0,GARC1,RUS,EMB,embA@c-16a,U,{},"{""proportion"": 0.36666666666666664, ""confidence"": [0.23865671851348863, 0.516736430319871], ""p_value"": 0.143177448416461, ""contingency"": [[11, 19], [367, 24527]]}",{}
89,NC00962.3,EMB-0.25-0.9-0.8,0.0,GARC1,RUS,EMB,embA@A576T,U,{},"{""proportion"": 0.0, ""confidence"": [0.0, 0.4741955741575127], ""p_value"": 1.0, ""contingency"": [[0, 3], [367, 24527]]}",{}
90,NC00962.3,EMB-0.25-0.9-0.8,0.0,GARC1,RUS,EMB,embB@N644I,U,{},"{""proportion"": 1.0, ""confidence"": [0.26986594878405434, 1.0000000000000002], ""p_value"": 0.25, ""contingency"": [[1, 0], [367, 24527]]}",{}
91,NC00962.3,EMB-0.25-0.9-0.8,0.0,GARC1,RUS,EMB,embA@T899A,U,{},"{""proportion"": 0.0, ""confidence"": [0.0, 0.4741955741575127], ""p_value"": 1.0, ""contingency"": [[0, 3], [367, 24527]]}",{}
92,NC00962.3,EMB-0.25-0.9-0.8,0.0,GARC1,RUS,EMB,embA@T100S,U,{},"{""proportion"": 0.0, ""confidence"": [0.0, 0.5749693909936535], ""p_value"": 1.0, ""contingency"": [[0, 2], [367, 24527]]}",{}
93,NC00962.3,EMB-0.25-0.9-0.8,0.0,GARC1,RUS,EMB,embA@I338V,U,{},"{""proportion"": 0.0, ""confidence"": [0.0, 0.31078398130591417], ""p_value"": 0.347412109375, ""contingency"": [[0, 6], [367, 24527]]}",{}
94,NC00962.3,EMB-0.25-0.9-0.8,0.0,GARC1,RUS,EMB,embB@D300G,U,{},"{""proportion"": 0.0, ""confidence"": [0.0, 0.5749693909936535], ""p_value"": 1.0, ""contingency"": [[0, 2], [367, 24527]]}",{}
95,NC00962.3,EMB-0.25-0.9-0.8,0.0,GARC1,RUS,EMB,embA@I196V,U,{},"{""proportion"": 0.0, ""confidence"": [0.0, 0.7301340512159458], ""p_value"": 1.0, ""contingency"": [[0, 1], [367, 24527]]}",{}
96,NC00962.3,EMB-0.25-0.9-0.8,0.0,GARC1,RUS,EMB,embA@V391L,U,{},"{""proportion"": 0.0, ""confidence"": [0.0, 0.5749693909936535], ""p_value"": 1.0, ""contingency"": [[0, 2], [367, 24527]]}",{}
97,NC00962.3,EMB-0.25-0.9-0.8,0.0,GARC1,RUS,EMB,embB@C361Y,U,{},"{""proportion"": 1.0, ""confidence"": [0.26986594878405434, 1.0000000000000002], ""p_value"": 0.25, ""contingency"": [[1, 0], [367, 24527]]}",{}
98,NC00962.3,EMB-0.25-0.9-0.8,0.0,GARC1,RUS,EMB,embA@I905V,U,{},"{""proportion"": 0.2, ""confidence"": [0.045962453880603965, 0.5647074465784567], ""p_value"": 1.0, ""contingency"": [[1, 4], [367, 24527]]}",{}
100,NC00962.3,EMB-0.25-0.9-0.8,0.0,GARC1,RUS,EMB,embA@V63I,U,{},"{""proportion"": 0.0, ""confidence"": [0.0, 0.3511165007651012], ""p_value"": 0.34082031250000006, ""contingency"": [[0, 5], [367, 24527]]}",{}
101,NC00962.3,EMB-0.25-0.9-0.8,0.0,GARC1,RUS,EMB,embA@R940S,U,{},"{""proportion"": 0.0, ""confidence"": [0.0, 0.7301340512159458], ""p_value"": 1.0, ""contingency"": [[0, 1], [367, 24527]]}",{}
102,NC00962.3,EMB-0.25-0.9-0.8,0.0,GARC1,RUS,EMB,embA@g-76a,U,{},"{""proportion"": 0.0, ""confidence"": [0.0, 0.5749693909936535], ""p_value"": 1.0, ""contingency"": [[0, 2], [367, 24527]]}",{}
103,NC00962.3,EMB-0.25-0.9-0.8,0.0,GARC1,RUS,EMB,embA@C335W,U,{},"{""proportion"": 0.0, ""confidence"": [0.0, 0.25272359742376316], ""p_value"": 0.21392822265625003, ""contingency"": [[0, 8], [367, 24527]]}",{}
104,NC00962.3,EMB-0.25-0.9-0.8,0.0,GARC1,RUS,EMB,embA@G547S,U,{},"{""proportion"": 0.0, ""confidence"": [0.0, 0.40347862520270455], ""p_value"": 0.578125, ""contingency"": [[0, 4], [367, 24527]]}",{}
105,NC00962.3,EMB-0.25-0.9-0.8,0.0,GARC1,RUS,EMB,embA@A408S,U,{},"{""proportion"": 0.0, ""confidence"": [0.0, 0.25272359742376316], ""p_value"": 0.21392822265625003, ""contingency"": [[0, 8], [367, 24527]]}",{}
106,NC00962.3,EMB-0.25-0.9-0.8,0.0,GARC1,RUS,EMB,embB@T208I,U,{},"{""proportion"": 0.0, ""confidence"": [0.0, 0.5749693909936535], ""p_value"": 1.0, ""contingency"": [[0, 2], [367, 24527]]}",{}
107,NC00962.3,EMB-0.25-0.9-0.8,0.0,GARC1,RUS,EMB,embB@M423I,U,{},"{""proportion"": 0.0, ""confidence"": [0.0, 0.5749693909936535], ""p_value"": 1.0, ""contingency"": [[0, 2], [367, 24527]]}",{}
108,NC00962.3,EMB-0.25-0.9-0.8,0.0,GARC1,RUS,EMB,embB@D869G,U,{},"{""proportion"": 0.0, ""confidence"": [0.0, 0.3511165007651012], ""p_value"": 0.34082031250000006, ""contingency"": [[0, 5], [367, 24527]]}",{}
109,NC00962.3,EMB-0.25-0.9-0.8,0.0,GARC1,RUS,EMB,embA@V280I,U,{},"{""proportion"": 0.0, ""confidence"": [0.0, 0.7301340512159458], ""p_value"": 1.0, ""contingency"": [[0, 1], [367, 24527]]}",{}
110,NC00962.3,EMB-0.25-0.9-0.8,0.0,GARC1,RUS,EMB,embA@A409P,U,{},"{""proportion"": 0.0, ""confidence"": [0.0, 0.31078398130591417], ""p_value"": 0.347412109375, ""contingency"": [[0, 6], [367, 24527]]}",{}
111,NC00962.3,EMB-0.25-0.9-0.8,0.0,GARC1,RUS,EMB,embB@A761V,U,{},"{""proportion"": 0.0, ""confidence"": [0.0, 0.5749693909936535], ""p_value"": 1.0, ""contingency"": [[0, 2], [367, 24527]]}",{}
112,NC00962.3,EMB-0.25-0.9-0.8,0.0,GARC1,RUS,EMB,embB@V614L,U,{},"{""proportion"": 0.0, ""confidence"": [0.0, 0.7301340512159458], ""p_value"": 1.0, ""contingency"": [[0, 1], [367, 24527]]}",{}
113,NC00962.3,EMB-0.25-0.9-0.8,0.0,GARC1,RUS,EMB,embB@I883V,U,{},"{""proportion"": 0.0, ""confidence"": [0.0, 0.7301340512159458], ""p_value"": 1.0, ""contingency"": [[0, 1], [367, 24527]]}",{}
114,NC00962.3,EMB-0.25-0.9-0.8,0.0,GARC1,RUS,EMB,embA@E7K,U,{},"{""proportion"": 0.0, ""confidence"": [0.0, 0.31078398130591417], ""p_value"": 0.347412109375, ""contingency"": [[0, 6], [367, 24527]]}",{}
115,NC00962.3,EMB-0.25-0.9-0.8,0.0,GARC1,RUS,EMB,embA@L562M,U,{},"{""proportion"": 0.0, ""confidence"": [0.0, 0.7301340512159458], ""p_value"": 1.0, ""contingency"": [[0, 1], [367, 24527]]}",{}
116,NC00962.3,EMB-0.25-0.9-0.8,0.0,GARC1,RUS,EMB,embB@A379T,U,{},"{""proportion"": 0.0, ""confidence"": [0.0, 0.4741955741575127], ""p_value"": 1.0, ""contingency"": [[0, 3], [367, 24527]]}",{}
117,NC00962.3,EMB-0.25-0.9-0.8,0.0,GARC1,RUS,EMB,embB@P404L,U,{},"{""proportion"": 0.0, ""confidence"": [0.0, 0.7301340512159458], ""p_value"": 1.0, ""contingency"": [[0, 1], [367, 24527]]}",{}
118,NC00962.3,EMB-0.25-0.9-0.8,0.0,GARC1,RUS,EMB,embA@T1014A,U,{},"{""proportion"": 0.0, ""confidence"": [0.0, 0.7301340512159458], ""p_value"": 1.0, ""contingency"": [[0, 1], [367, 24527]]}",{}
119,NC00962.3,EMB-0.25-0.9-0.8,0.0,GARC1,RUS,EMB,embA@T983N,U,{},"{""proportion"": 0.0, ""confidence"": [0.0, 0.7301340512159458], ""p_value"": 1.0, ""contingency"": [[0, 1], [367, 24527]]}",{}
120,NC00962.3,EMB-0.25-0.9-0.8,0.0,GARC1,RUS,EMB,embA@A835E,U,{},"{""proportion"": 0.0, ""confidence"": [0.0, 0.5749693909936535], ""p_value"": 1.0, ""contingency"": [[0, 2], [367, 24527]]}",{}
121,NC00962.3,EMB-0.25-0.9-0.8,0.0,GARC1,RUS,EMB,embB@R257Q,U,{},"{""proportion"": 0.0, ""confidence"": [0.0, 0.7301340512159458], ""p_value"": 1.0, ""contingency"": [[0, 1], [367, 24527]]}",{}
122,NC00962.3,EMB-0.25-0.9-0.8,0.0,GARC1,RUS,EMB,embB@M904I,U,{},"{""proportion"": 0.0, ""confidence"": [0.0, 0.5749693909936535], ""p_value"": 1.0, ""contingency"": [[0, 2], [367, 24527]]}",{}
123,NC00962.3,EMB-0.25-0.9-0.8,0.0,GARC1,RUS,EMB,embA@G154R,U,{},"{""proportion"": 0.0, ""confidence"": [0.0, 0.7301340512159458], ""p_value"": 1.0, ""contingency"": [[0, 1], [367, 24527]]}",{}
124,NC00962.3,EMB-0.25-0.9-0.8,0.0,GARC1,RUS,EMB,embA@K773N,U,{},"{""proportion"": 0.0, ""confidence"": [0.0, 0.4741955741575127], ""p_value"": 1.0, ""contingency"": [[0, 3], [367, 24527]]}",{}
125,NC00962.3,EMB-0.25-0.9-0.8,0.0,GARC1,RUS,EMB,embB@N160D,U,{},"{""proportion"": 0.0, ""confidence"": [0.0, 0.7301340512159458], ""p_value"": 1.0, ""contingency"": [[0, 1], [367, 24527]]}",{}
126,NC00962.3,EMB-0.25-0.9-0.8,0.0,GARC1,RUS,EMB,embB@A439V,U,{},"{""proportion"": 0.0, ""confidence"": [0.0, 0.5749693909936535], ""p_value"": 1.0, ""contingency"": [[0, 2], [367, 24527]]}",{}
127,NC00962.3,EMB-0.25-0.9-0.8,0.0,GARC1,RUS,EMB,embA@c-11a,U,{},"{""proportion"": 0.1875, ""confidence"": [0.07752937709440158, 0.38786974244785427], ""p_value"": 0.7748009348288178, ""contingency"": [[3, 13], [367, 24527]]}",{}
128,NC00962.3,EMB-0.25-0.9-0.8,0.0,GARC1,RUS,EMB,embB@Y319N,U,{},"{""proportion"": 0.0, ""confidence"": [0.0, 0.5749693909936535], ""p_value"": 1.0, ""contingency"": [[0, 2], [367, 24527]]}",{}
129,NC00962.3,EMB-0.25-0.9-0.8,0.0,GARC1,RUS,EMB,embA@G5V,U,{},"{""proportion"": 0.0, ""confidence"": [0.0, 0.7301340512159458], ""p_value"": 1.0, ""contingency"": [[0, 1], [367, 24527]]}",{}
130,NC00962.3,EMB-0.25-0.9-0.8,0.0,GARC1,RUS,EMB,embB@M1000R,U,{},"{""proportion"": 0.25, ""confidence"": [0.05790732119985871, 0.6438319914014936], ""p_value"": 1.0, ""contingency"": [[1, 3], [367, 24527]]}",{}
131,NC00962.3,EMB-0.25-0.9-0.8,0.0,GARC1,RUS,EMB,embA@H1061Q,U,{},"{""proportion"": 0.0, ""confidence"": [0.0, 0.7301340512159458], ""p_value"": 1.0, ""contingency"": [[0, 1], [367, 24527]]}",{}
132,NC00962.3,EMB-0.25-0.9-0.8,0.0,GARC1,RUS,EMB,embB@P404S,U,{},"{""proportion"": 0.3333333333333333, ""confidence"": [0.1172760941022896, 0.6529852329996817], ""p_value"": 0.64404296875, ""contingency"": [[2, 4], [367, 24527]]}",{}
133,NC00962.3,EMB-0.25-0.9-0.8,0.0,GARC1,RUS,EMB,embA@A985P,U,{},"{""proportion"": 0.0, ""confidence"": [0.0, 0.4741955741575127], ""p_value"": 1.0, ""contingency"": [[0, 3], [367, 24527]]}",{}
134,NC00962.3,EMB-0.25-0.9-0.8,0.0,GARC1,RUS,EMB,embB@A30T,U,{},"{""proportion"": 0.0, ""confidence"": [0.0, 0.4741955741575127], ""p_value"": 1.0, ""contingency"": [[0, 3], [367, 24527]]}",{}
135,NC00962.3,EMB-0.25-0.9-0.8,0.0,GARC1,RUS,EMB,embB@A679T,U,{},"{""proportion"": 0.0, ""confidence"": [0.0, 0.31078398130591417], ""p_value"": 0.347412109375, ""contingency"": [[0, 6], [367, 24527]]}",{}
136,NC00962.3,EMB-0.25-0.9-0.8,0.0,GARC1,RUS,EMB,embB@A457T,U,{},"{""proportion"": 0.0, ""confidence"": [0.0, 0.7301340512159458], ""p_value"": 1.0, ""contingency"": [[0, 1], [367, 24527]]}",{}
137,NC00962.3,EMB-0.25-0.9-0.8,0.0,GARC1,RUS,EMB,embA@P745L,U,{},"{""proportion"": 0.0, ""confidence"": [0.0, 0.7301340512159458], ""p_value"": 1.0, ""contingency"": [[0, 1], [367, 24527]]}",{}
138,NC00962.3,EMB-0.25-0.9-0.8,0.0,GARC1,RUS,EMB,embB@E405D,U,{},"{""proportion"": 0.5, ""confidence"": [0.26927182113826725, 0.7307281788617328], ""p_value"": 0.1344404220581055, ""contingency"": [[5, 5], [367, 24527]]}",{}
139,NC00962.3,EMB-0.25-0.9-0.8,0.0,GARC1,RUS,EMB,embB@Y319D,U,{},"{""proportion"": 0.4, ""confidence"": [0.1427064720192132, 0.7275168281338072], ""p_value"": 0.6044921875, ""contingency"": [[2, 3], [367, 24527]]}",{}
140,NC00962.3,EMB-0.25-0.9-0.8,0.0,GARC1,RUS,EMB,embA@L653P,U,{},"{""proportion"": 1.0, ""confidence"": [0.26986594878405434, 1.0000000000000002], ""p_value"": 0.25, ""contingency"": [[1, 0], [367, 24527]]}",{}
141,NC00962.3,EMB-0.25-0.9-0.8,0.0,GARC1,RUS,EMB,embB@T588M,U,{},"{""proportion"": 0.0, ""confidence"": [0.0, 0.4741955741575127], ""p_value"": 1.0, ""contingency"": [[0, 3], [367, 24527]]}",{}
142,NC00962.3,EMB-0.25-0.9-0.8,0.0,GARC1,RUS,EMB,embB@H687Y,U,{},"{""proportion"": 0.0, ""confidence"": [0.0, 0.5749693909936535], ""p_value"": 1.0, ""contingency"": [[0, 2], [367, 24527]]}",{}
143,NC00962.3,EMB-0.25-0.9-0.8,0.0,GARC1,RUS,EMB,embB@S412L,U,{},"{""proportion"": 0.0, ""confidence"": [0.0, 0.7301340512159458], ""p_value"": 1.0, ""contingency"": [[0, 1], [367, 24527]]}",{}
144,NC00962.3,EMB-0.25-0.9-0.8,0.0,GARC1,RUS,EMB,embA@K1012M,U,{},"{""proportion"": 0.0, ""confidence"": [0.0, 0.7301340512159458], ""p_value"": 1.0, ""contingency"": [[0, 1], [367, 24527]]}",{}
145,NC00962.3,EMB-0.25-0.9-0.8,0.0,GARC1,RUS,EMB,embB@V963M,U,{},"{""proportion"": 0.0, ""confidence"": [0.0, 0.7301340512159458], ""p_value"": 1.0, ""contingency"": [[0, 1], [367, 24527]]}",{}
146,NC00962.3,EMB-0.25-0.9-0.8,0.0,GARC1,RUS,EMB,embA@R11W,U,{},"{""proportion"": 0.0, ""confidence"": [0.0, 0.7301340512159458], ""p_value"": 1.0, ""contingency"": [[0, 1], [367, 24527]]}",{}
147,NC00962.3,EMB-0.25-0.9-0.8,0.0,GARC1,RUS,EMB,embA@g-75c,U,{},"{""proportion"": 0.0, ""confidence"": [0.0, 0.4741955741575127], ""p_value"": 1.0, ""contingency"": [[0, 3], [367, 24527]]}",{}
148,NC00962.3,EMB-0.25-0.9-0.8,0.0,GARC1,RUS,EMB,embB@A720V,U,{},"{""proportion"": 0.0, ""confidence"": [0.0, 0.7301340512159458], ""p_value"": 1.0, ""contingency"": [[0, 1], [367, 24527]]}",{}
149,NC00962.3,EMB-0.25-0.9-0.8,0.0,GARC1,RUS,EMB,embA@G1083D,U,{},"{""proportion"": 0.0, ""confidence"": [0.0, 0.7301340512159458], ""p_value"": 1.0, ""contingency"": [[0, 1], [367, 24527]]}",{}
150,NC00962.3,EMB-0.25-0.9-0.8,0.0,GARC1,RUS,EMB,embA@A974T,U,{},"{""proportion"": 0.0, ""confidence"": [0.0, 0.7301340512159458], ""p_value"": 1.0, ""contingency"": [[0, 1], [367, 24527]]}",{}
151,NC00962.3,EMB-0.25-0.9-0.8,0.0,GARC1,RUS,EMB,embB@Q497E,U,{},"{""proportion"": 0.0, ""confidence"": [0.0, 0.7301340512159458], ""p_value"": 1.0, ""contingency"": [[0, 1], [367, 24527]]}",{}
152,NC00962.3,EMB-0.25-0.9-0.8,0.0,GARC1,RUS,EMB,embA@G29V,U,{},"{""proportion"": 0.0, ""confidence"": [0.0, 0.7301340512159458], ""p_value"": 1.0, ""contingency"": [[0, 1], [367, 24527]]}",{}
153,NC00962.3,EMB-0.25-0.9-0.8,0.0,GARC1,RUS,EMB,embA@A483T,U,{},"{""proportion"": 0.0, ""confidence"": [0.0, 0.5749693909936535], ""p_value"": 1.0, ""contingency"": [[0, 2], [367, 24527]]}",{}
154,NC00962.3,EMB-0.25-0.9-0.8,0.0,GARC1,RUS,EMB,embB@K107E,U,{},"{""proportion"": 0.0, ""confidence"": [0.0, 0.7301340512159458], ""p_value"": 1.0, ""contingency"": [[0, 1], [367, 24527]]}",{}
155,NC00962.3,EMB-0.25-0.9-0.8,0.0,GARC1,RUS,EMB,embB@H872Y,U,{},"{""proportion"": 0.0, ""confidence"": [0.0, 0.7301340512159458], ""p_value"": 1.0, ""contingency"": [[0, 1], [367, 24527]]}",{}
156,NC00962.3,EMB-0.25-0.9-0.8,0.0,GARC1,RUS,EMB,embA@S654L,U,{},"{""proportion"": 0.0, ""confidence"": [0.0, 0.7301340512159458], ""p_value"": 1.0, ""contingency"": [[0, 1], [367, 24527]]}",{}
157,NC00962.3,EMB-0.25-0.9-0.8,0.0,GARC1,RUS,EMB,embA@D235N,U,{},"{""proportion"": 0.0, ""confidence"": [0.0, 0.7301340512159458], ""p_value"": 1.0, ""contingency"": [[0, 1], [367, 24527]]}",{}
158,NC00962.3,EMB-0.25-0.9-0.8,0.0,GARC1,RUS,EMB,embB@A225E,U,{},"{""proportion"": 0.0, ""confidence"": [0.0, 0.7301340512159458], ""p_value"": 1.0, ""contingency"": [[0, 1], [367, 24527]]}",{}
159,NC00962.3,EMB-0.25-0.9-0.8,0.0,GARC1,RUS,EMB,embA@Q47H,U,{},"{""proportion"": 0.0, ""confidence"": [0.0, 0.5749693909936535], ""p_value"": 1.0, ""contingency"": [[0, 2], [367, 24527]]}",{}
160,NC00962.3,EMB-0.25-0.9-0.8,0.0,GARC1,RUS,EMB,embA@G275S,U,{},"{""proportion"": 0.0, ""confidence"": [0.0, 0.5749693909936535], ""p_value"": 1.0, ""contingency"": [[0, 2], [367, 24527]]}",{}
161,NC00962.3,EMB-0.25-0.9-0.8,0.0,GARC1,RUS,EMB,embA@T566M,U,{},"{""proportion"": 0.5, ""confidence"": [0.12086631942227369, 0.8791336805777263], ""p_value"": 0.4375, ""contingency"": [[1, 1], [367, 24527]]}",{}
162,NC00962.3,EMB-0.25-0.9-0.8,0.0,GARC1,RUS,EMB,embA@A80T,U,{},"{""proportion"": 0.0, ""confidence"": [0.0, 0.7301340512159458], ""p_value"": 1.0, ""contingency"": [[0, 1], [367, 24527]]}",{}
163,NC00962.3,EMB-0.25-0.9-0.8,0.0,GARC1,RUS,EMB,embB@A495T,U,{},"{""proportion"": 0.0, ""confidence"": [0.0, 0.7301340512159458], ""p_value"": 1.0, ""contingency"": [[0, 1], [367, 24527]]}",{}
164,NC00962.3,EMB-0.25-0.9-0.8,0.0,GARC1,RUS,EMB,embA@A95T,U,{},"{""proportion"": 0.0, ""confidence"": [0.0, 0.7301340512159458], ""p_value"": 1.0, ""contingency"": [[0, 1], [367, 24527]]}",{}
165,NC00962.3,EMB-0.25-0.9-0.8,0.0,GARC1,RUS,EMB,embB@K765N,U,{},"{""proportion"": 0.0, ""confidence"": [0.0, 0.7301340512159458], ""p_value"": 1.0, ""contingency"": [[0, 1], [367, 24527]]}",{}
166,NC00962.3,EMB-0.25-0.9-0.8,0.0,GARC1,RUS,EMB,embB@V116I,U,{},"{""proportion"": 0.0, ""confidence"": [0.0, 0.7301340512159458], ""p_value"": 1.0, ""contingency"": [[0, 1], [367, 24527]]}",{}
167,NC00962.3,EMB-0.25-0.9-0.8,0.0,GARC1,RUS,EMB,embA@A874T,U,{},"{""proportion"": 0.0, ""confidence"": [0.0, 0.7301340512159458], ""p_value"": 1.0, ""contingency"": [[0, 1], [367, 24527]]}",{}
168,NC00962.3,EMB-0.25-0.9-0.8,0.0,GARC1,RUS,EMB,embA@V607M,U,{},"{""proportion"": 0.0, ""confidence"": [0.0, 0.40347862520270455], ""p_value"": 0.578125, ""contingency"": [[0, 4], [367, 24527]]}",{}
169,NC00962.3,EMB-0.25-0.9-0.8,0.0,GARC1,RUS,EMB,embB@V444M,U,{},"{""proportion"": 0.0, ""confidence"": [0.0, 0.7301340512159458], ""p_value"": 1.0, ""contingency"": [[0, 1], [367, 24527]]}",{}
170,NC00962.3,EMB-0.25-0.9-0.8,0.0,GARC1,RUS,EMB,embA@P714S,U,{},"{""proportion"": 1.0, ""confidence"": [0.26986594878405434, 1.0000000000000002], ""p_value"": 0.25, ""contingency"": [[1, 0], [367, 24527]]}",{}
171,NC00962.3,EMB-0.25-0.9-0.8,0.0,GARC1,RUS,EMB,embB@V123A,U,{},"{""proportion"": 0.0, ""confidence"": [0.0, 0.7301340512159458], ""p_value"": 1.0, ""contingency"": [[0, 1], [367, 24527]]}",{}
172,NC00962.3,EMB-0.25-0.9-0.8,0.0,GARC1,RUS,EMB,embA@R380L,U,{},"{""proportion"": 0.0, ""confidence"": [0.0, 0.7301340512159458], ""p_value"": 1.0, ""contingency"": [[0, 1], [367, 24527]]}",{}
173,NC00962.3,EMB-0.25-0.9-0.8,0.0,GARC1,RUS,EMB,embB@G65S,U,{},"{""proportion"": 0.0, ""confidence"": [0.0, 0.4741955741575127], ""p_value"": 1.0, ""contingency"": [[0, 3], [367, 24527]]}",{}
174,NC00962.3,EMB-0.25-0.9-0.8,0.0,GARC1,RUS,EMB,embB@P866S,U,{},"{""proportion"": 0.0, ""confidence"": [0.0, 0.7301340512159458], ""p_value"": 1.0, ""contingency"": [[0, 1], [367, 24527]]}",{}
175,NC00962.3,EMB-0.25-0.9-0.8,0.0,GARC1,RUS,EMB,embA@S309A,U,{},"{""proportion"": 0.0, ""confidence"": [0.0, 0.7301340512159458], ""p_value"": 1.0, ""contingency"": [[0, 1], [367, 24527]]}",{}
176,NC00962.3,EMB-0.25-0.9-0.8,0.0,GARC1,RUS,EMB,embB@T126N,U,{},"{""proportion"": 0.0, ""confidence"": [0.0, 0.7301340512159458], ""p_value"": 1.0, ""contingency"": [[0, 1], [367, 24527]]}",{}
177,NC00962.3,EMB-0.25-0.9-0.8,0.0,GARC1,RUS,EMB,embB@P824L,U,{},"{""proportion"": 0.0, ""confidence"": [0.0, 0.5749693909936535], ""p_value"": 1.0, ""contingency"": [[0, 2], [367, 24527]]}",{}
178,NC00962.3,EMB-0.25-0.9-0.8,0.0,GARC1,RUS,EMB,embA@V1074A,U,{},"{""proportion"": 0.0, ""confidence"": [0.0, 0.7301340512159458], ""p_value"": 1.0, ""contingency"": [[0, 1], [367, 24527]]}",{}
179,NC00962.3,EMB-0.25-0.9-0.8,0.0,GARC1,RUS,EMB,embB@G374E,U,{},"{""proportion"": 0.0, ""confidence"": [0.0, 0.7301340512159458], ""p_value"": 1.0, ""contingency"": [[0, 1], [367, 24527]]}",{}
180,NC00962.3,EMB-0.25-0.9-0.8,0.0,GARC1,RUS,EMB,embA@K816N,U,{},"{""proportion"": 0.0, ""confidence"": [0.0, 0.5749693909936535], ""p_value"": 1.0, ""contingency"": [[0, 2], [367, 24527]]}",{}
181,NC00962.3,EMB-0.25-0.9-0.8,0.0,GARC1,RUS,EMB,embB@A33P,U,{},"{""proportion"": 0.0, ""confidence"": [0.0, 0.7301340512159458], ""p_value"": 1.0, ""contingency"": [[0, 1], [367, 24527]]}",{}
182,NC00962.3,EMB-0.25-0.9-0.8,0.0,GARC1,RUS,EMB,embA@Y289C,U,{},"{""proportion"": 0.0, ""confidence"": [0.0, 0.7301340512159458], ""p_value"": 1.0, ""contingency"": [[0, 1], [367, 24527]]}",{}
183,NC00962.3,EMB-0.25-0.9-0.8,0.0,GARC1,RUS,EMB,embB@T216A,U,{},"{""proportion"": 0.0, ""confidence"": [0.0, 0.5749693909936535], ""p_value"": 1.0, ""contingency"": [[0, 2], [367, 24527]]}",{}
184,NC00962.3,EMB-0.25-0.9-0.8,0.0,GARC1,RUS,EMB,embA@R325C,U,{},"{""proportion"": 0.0, ""confidence"": [0.0, 0.7301340512159458], ""p_value"": 1.0, ""contingency"": [[0, 1], [367, 24527]]}",{}
185,NC00962.3,EMB-0.25-0.9-0.8,0.0,GARC1,RUS,EMB,embA@P1094T,U,{},"{""proportion"": 0.0, ""confidence"": [0.0, 0.7301340512159458], ""p_value"": 1.0, ""contingency"": [[0, 1], [367, 24527]]}",{}
186,NC00962.3,EMB-0.25-0.9-0.8,0.0,GARC1,RUS,EMB,embB@M586V,U,{},"{""proportion"": 0.0, ""confidence"": [0.0, 0.7301340512159458], ""p_value"": 1.0, ""contingency"": [[0, 1], [367, 24527]]}",{}
187,NC00962.3,EMB-0.25-0.9-0.8,0.0,GARC1,RUS,EMB,embB@P983T,U,{},"{""proportion"": 0.0, ""confidence"": [0.0, 0.7301340512159458], ""p_value"": 1.0, ""contingency"": [[0, 1], [367, 24527]]}",{}
188,NC00962.3,EMB-0.25-0.9-0.8,0.0,GARC1,RUS,EMB,embA@A148E,U,{},"{""proportion"": 0.0, ""confidence"": [0.0, 0.7301340512159458], ""p_value"": 1.0, ""contingency"": [[0, 1], [367, 24527]]}",{}
189,NC00962.3,EMB-0.25-0.9-0.8,0.0,GARC1,RUS,EMB,embA@-41_del_a,U,{},"{""proportion"": 0.0, ""confidence"": [0.0, 0.7301340512159458], ""p_value"": 1.0, ""contingency"": [[0, 1], [367, 24527]]}",{}
190,NC00962.3,EMB-0.25-0.9-0.8,0.0,GARC1,RUS,EMB,embB@D870N,U,{},"{""proportion"": 0.0, ""confidence"": [0.0, 0.4741955741575127], ""p_value"": 1.0, ""contingency"": [[0, 3], [367, 24527]]}",{}
191,NC00962.3,EMB-0.25-0.9-0.8,0.0,GARC1,RUS,EMB,embB@A601P,U,{},"{""proportion"": 0.0, ""confidence"": [0.0, 0.7301340512159458], ""p_value"": 1.0, ""contingency"": [[0, 1], [367, 24527]]}",{}
192,NC00962.3,EMB-0.25-0.9-0.8,0.0,GARC1,RUS,EMB,embB@Q3H,U,{},"{""proportion"": 0.0, ""confidence"": [0.0, 0.7301340512159458], ""p_value"": 1.0, ""contingency"": [[0, 1], [367, 24527]]}",{}
193,NC00962.3,EMB-0.25-0.9-0.8,0.0,GARC1,RUS,EMB,embB@W332R,U,{},"{""proportion"": 0.4, ""confidence"": [0.1427064720192132, 0.7275168281338072], ""p_value"": 0.6044921875, ""contingency"": [[2, 3], [367, 24527]]}",{}
194,NC00962.3,EMB-0.25-0.9-0.8,0.0,GARC1,RUS,EMB,embB@K1011E,U,{},"{""proportion"": 0.0, ""confidence"": [0.0, 0.7301340512159458], ""p_value"": 1.0, ""contingency"": [[0, 1], [367, 24527]]}",{}
195,NC00962.3,EMB-0.25-0.9-0.8,0.0,GARC1,RUS,EMB,embB@T849A,U,{},"{""proportion"": 0.0, ""confidence"": [0.0, 0.40347862520270455], ""p_value"": 0.578125, ""contingency"": [[0, 4], [367, 24527]]}",{}
196,NC00962.3,EMB-0.25-0.9-0.8,0.0,GARC1,RUS,EMB,embA@I155V,U,{},"{""proportion"": 0.0, ""confidence"": [0.0, 0.278762695452542], ""p_value"": 0.20404052734375, ""contingency"": [[0, 7], [367, 24527]]}",{}
197,NC00962.3,EMB-0.25-0.9-0.8,0.0,GARC1,RUS,EMB,embB@A388S,U,{},"{""proportion"": 0.0, ""confidence"": [0.0, 0.7301340512159458], ""p_value"": 1.0, ""contingency"": [[0, 1], [367, 24527]]}",{}
198,NC00962.3,EMB-0.25-0.9-0.8,0.0,GARC1,RUS,EMB,embB@R182L,U,{},"{""proportion"": 0.0, ""confidence"": [0.0, 0.7301340512159458], ""p_value"": 1.0, ""contingency"": [[0, 1], [367, 24527]]}",{}
199,NC00962.3,EMB-0.25-0.9-0.8,0.0,GARC1,RUS,EMB,embB@R14Q,U,{},"{""proportion"": 0.16666666666666666, ""confidence"": [0.038105570079342885, 0.5024170841245998], ""p_value"": 1.0, ""contingency"": [[1, 5], [367, 24527]]}",{}
200,NC00962.3,EMB-0.25-0.9-0.8,0.0,GARC1,RUS,EMB,embB@S22P,U,{},"{""proportion"": 0.0, ""confidence"": [0.0, 0.7301340512159458], ""p_value"": 1.0, ""contingency"": [[0, 1], [367, 24527]]}",{}
201,NC00962.3,EMB-0.25-0.9-0.8,0.0,GARC1,RUS,EMB,embA@S788F,U,{},"{""proportion"": 0.0, ""confidence"": [0.0, 0.7301340512159458], ""p_value"": 1.0, ""contingency"": [[0, 1], [367, 24527]]}",{}
202,NC00962.3,EMB-0.25-0.9-0.8,0.0,GARC1,RUS,EMB,embB@S651N,U,{},"{""proportion"": 1.0, ""confidence"": [0.26986594878405434, 1.0000000000000002], ""p_value"": 0.25, ""contingency"": [[1, 0], [367, 24527]]}",{}
203,NC00962.3,EMB-0.25-0.9-0.8,0.0,GARC1,RUS,EMB,embB@A102S,U,{},"{""proportion"": 0.0, ""confidence"": [0.0, 0.7301340512159458], ""p_value"": 1.0, ""contingency"": [[0, 1], [367, 24527]]}",{}
204,NC00962.3,EMB-0.25-0.9-0.8,0.0,GARC1,RUS,EMB,embB@A1073V,U,{},"{""proportion"": 0.0, ""confidence"": [0.0, 0.5749693909936535], ""p_value"": 1.0, ""contingency"": [[0, 2], [367, 24527]]}",{}
205,NC00962.3,EMB-0.25-0.9-0.8,0.0,GARC1,RUS,EMB,embB@P818L,U,{},"{""proportion"": 0.0, ""confidence"": [0.0, 0.7301340512159458], ""p_value"": 1.0, ""contingency"": [[0, 1], [367, 24527]]}",{}
207,NC00962.3,EMB-0.25-0.9-0.8,0.0,GARC1,RUS,EMB,embB@V618M,U,{},"{""proportion"": 0.07142857142857142, ""confidence"": [0.016099895800737347, 0.2655756729723237], ""p_value"": 0.21263734251260757, ""contingency"": [[1, 13], [367, 24527]]}",{}
208,NC00962.3,EMB-0.25-0.9-0.8,0.0,GARC1,RUS,EMB,embB@F398L,U,{},"{""proportion"": 0.0, ""confidence"": [0.0, 0.7301340512159458], ""p_value"": 1.0, ""contingency"": [[0, 1], [367, 24527]]}",{}
209,NC00962.3,EMB-0.25-0.9-0.8,0.0,GARC1,RUS,EMB,embA@F342V,U,{},"{""proportion"": 0.0, ""confidence"": [0.0, 0.7301340512159458], ""p_value"": 1.0, ""contingency"": [[0, 1], [367, 24527]]}",{}
210,NC00962.3,EMB-0.25-0.9-0.8,0.0,GARC1,RUS,EMB,embB@P103T,U,{},"{""proportion"": 0.0, ""confidence"": [-2.1340331742842984e-17, 0.2311335193197566], ""p_value"": 0.12401199340820315, ""contingency"": [[0, 9], [367, 24527]]}",{}
211,NC00962.3,EMB-0.25-0.9-0.8,0.0,GARC1,RUS,EMB,embB@V417A,U,{},"{""proportion"": 0.0, ""confidence"": [0.0, 0.4741955741575127], ""p_value"": 1.0, ""contingency"": [[0, 3], [367, 24527]]}",{}
212,NC00962.3,EMB-0.25-0.9-0.8,0.0,GARC1,RUS,EMB,embB@E138K,U,{},"{""proportion"": 0.0, ""confidence"": [0.0, 0.7301340512159458], ""p_value"": 1.0, ""contingency"": [[0, 1], [367, 24527]]}",{}
213,NC00962.3,EMB-0.25-0.9-0.8,0.0,GARC1,RUS,EMB,embB@D328G,U,{},"{""proportion"": 0.0, ""confidence"": [0.0, 0.5749693909936535], ""p_value"": 1.0, ""contingency"": [[0, 2], [367, 24527]]}",{}
214,NC00962.3,EMB-0.25-0.9-0.8,0.0,GARC1,RUS,EMB,embA@S77P,U,{},"{""proportion"": 0.0, ""confidence"": [0.0, 0.4741955741575127], ""p_value"": 1.0, ""contingency"": [[0, 3], [367, 24527]]}",{}
215,NC00962.3,EMB-0.25-0.9-0.8,0.0,GARC1,RUS,EMB,embB@M396I,U,{},"{""proportion"": 0.0, ""confidence"": [0.0, 0.7301340512159458], ""p_value"": 1.0, ""contingency"": [[0, 1], [367, 24527]]}",{}
216,NC00962.3,EMB-0.25-0.9-0.8,0.0,GARC1,RUS,EMB,embA@P754S,U,{},"{""proportion"": 0.0, ""confidence"": [0.0, 0.7301340512159458], ""p_value"": 1.0, ""contingency"": [[0, 1], [367, 24527]]}",{}
217,NC00962.3,EMB-0.25-0.9-0.8,0.0,GARC1,RUS,EMB,embB@V131M,U,{},"{""proportion"": 0.0, ""confidence"": [0.0, 0.3511165007651012], ""p_value"": 0.34082031250000006, ""contingency"": [[0, 5], [367, 24527]]}",{}
218,NC00962.3,EMB-0.25-0.9-0.8,0.0,GARC1,RUS,EMB,embB@E504D,U,{},"{""proportion"": 0.6, ""confidence"": [0.2724831718661929, 0.857293527980787], ""p_value"": 0.103515625, ""contingency"": [[3, 2], [367, 24527]]}",{}
219,NC00962.3,EMB-0.25-0.9-0.8,0.0,GARC1,RUS,EMB,embB@I489T,U,{},"{""proportion"": 0.0, ""confidence"": [0.0, 0.7301340512159458], ""p_value"": 1.0, ""contingency"": [[0, 1], [367, 24527]]}",{}
220,NC00962.3,EMB-0.25-0.9-0.8,0.0,GARC1,RUS,EMB,embA@V18I,U,{},"{""proportion"": 0.0, ""confidence"": [0.0, 0.5749693909936535], ""p_value"": 1.0, ""contingency"": [[0, 2], [367, 24527]]}",{}
221,NC00962.3,EMB-0.25-0.9-0.8,0.0,GARC1,RUS,EMB,embB@A1083E,U,{},"{""proportion"": 0.0, ""confidence"": [0.0, 0.7301340512159458], ""p_value"": 1.0, ""contingency"": [[0, 1], [367, 24527]]}",{}
222,NC00962.3,EMB-0.25-0.9-0.8,0.0,GARC1,RUS,EMB,embA@P901Q,U,{},"{""proportion"": 0.0, ""confidence"": [0.0, 0.7301340512159458], ""p_value"": 1.0, ""contingency"": [[0, 1], [367, 24527]]}",{}
223,NC00962.3,EMB-0.25-0.9-0.8,0.0,GARC1,RUS,EMB,embA@R229S,U,{},"{""proportion"": 0.0, ""confidence"": [0.0, 0.7301340512159458], ""p_value"": 1.0, ""contingency"": [[0, 1], [367, 24527]]}",{}
224,NC00962.3,EMB-0.25-0.9-0.8,0.0,GARC1,RUS,EMB,embA@N722D,U,{},"{""proportion"": 0.0, ""confidence"": [0.0, 0.7301340512159458], ""p_value"": 1.0, ""contingency"": [[0, 1], [367, 24527]]}",{}
225,NC00962.3,EMB-0.25-0.9-0.8,0.0,GARC1,RUS,EMB,embB@S347I,U,{},"{""proportion"": 0.25, ""confidence"": [0.05790732119985871, 0.6438319914014936], ""p_value"": 1.0, ""contingency"": [[1, 3], [367, 24527]]}",{}
227,NC00962.3,EMB-0.25-0.9-0.8,0.0,GARC1,RUS,EMB,embA@R538H,U,{},"{""proportion"": 0.0, ""confidence"": [0.0, 0.7301340512159458], ""p_value"": 1.0, ""contingency"": [[0, 1], [367, 24527]]}",{}
228,NC00962.3,EMB-0.25-0.9-0.8,0.0,GARC1,RUS,EMB,embB@V77I,U,{},"{""proportion"": 0.0, ""confidence"": [0.0, 0.4741955741575127], ""p_value"": 1.0, ""contingency"": [[0, 3], [367, 24527]]}",{}
229,NC00962.3,EMB-0.25-0.9-0.8,0.0,GARC1,RUS,EMB,embA@A331S,U,{},"{""proportion"": 0.0, ""confidence"": [0.0, 0.7301340512159458], ""p_value"": 1.0, ""contingency"": [[0, 1], [367, 24527]]}",{}
230,NC00962.3,EMB-0.25-0.9-0.8,0.0,GARC1,RUS,EMB,embA@V98L,U,{},"{""proportion"": 0.0, ""confidence"": [0.0, 0.5749693909936535], ""p_value"": 1.0, ""contingency"": [[0, 2], [367, 24527]]}",{}
231,NC00962.3,EMB-0.25-0.9-0.8,0.0,GARC1,RUS,EMB,embB@I32T,U,{},"{""proportion"": 0.0, ""confidence"": [0.0, 0.40347862520270455], ""p_value"": 0.578125, ""contingency"": [[0, 4], [367, 24527]]}",{}
232,NC00962.3,EMB-0.25-0.9-0.8,0.0,GARC1,RUS,EMB,embA@S824A,U,{},"{""proportion"": 0.0, ""confidence"": [0.0, 0.7301340512159458], ""p_value"": 1.0, ""contingency"": [[0, 1], [367, 24527]]}",{}
233,NC00962.3,EMB-0.25-0.9-0.8,0.0,GARC1,RUS,EMB,embB@T643P,U,{},"{""proportion"": 0.0, ""confidence"": [0.0, 0.7301340512159458], ""p_value"": 1.0, ""contingency"": [[0, 1], [367, 24527]]}",{}
234,NC00962.3,EMB-0.25-0.9-0.8,0.0,GARC1,RUS,EMB,embA@P838L,U,{},"{""proportion"": 0.0, ""confidence"": [0.0, 0.5749693909936535], ""p_value"": 1.0, ""contingency"": [[0, 2], [367, 24527]]}",{}
235,NC00962.3,EMB-0.25-0.9-0.8,0.0,GARC1,RUS,EMB,embA@D678A,U,{},"{""proportion"": 0.0, ""confidence"": [0.0, 0.7301340512159458], ""p_value"": 1.0, ""contingency"": [[0, 1], [367, 24527]]}",{}
236,NC00962.3,EMB-0.25-0.9-0.8,0.0,GARC1,RUS,EMB,embA@F565L,U,{},"{""proportion"": 0.0, ""confidence"": [0.0, 0.7301340512159458], ""p_value"": 1.0, ""contingency"": [[0, 1], [367, 24527]]}",{}
237,NC00962.3,EMB-0.25-0.9-0.8,0.0,GARC1,RUS,EMB,embB@M575R,U,{},"{""proportion"": 0.0, ""confidence"": [0.0, 0.5749693909936535], ""p_value"": 1.0, ""contingency"": [[0, 2], [367, 24527]]}",{}
238,NC00962.3,EMB-0.25-0.9-0.8,0.0,GARC1,RUS,EMB,embA@V531L,U,{},"{""proportion"": 0.0, ""confidence"": [0.0, 0.278762695452542], ""p_value"": 0.20404052734375, ""contingency"": [[0, 7], [367, 24527]]}",{}
239,NC00962.3,EMB-0.25-0.9-0.8,0.0,GARC1,RUS,EMB,embA@P976L,U,{},"{""proportion"": 0.0, ""confidence"": [0.0, 0.7301340512159458], ""p_value"": 1.0, ""contingency"": [[0, 1], [367, 24527]]}",{}
240,NC00962.3,EMB-0.25-0.9-0.8,0.0,GARC1,RUS,EMB,embB@S650P,U,{},"{""proportion"": 0.0, ""confidence"": [0.0, 0.7301340512159458], ""p_value"": 1.0, ""contingency"": [[0, 1], [367, 24527]]}",{}
241,NC00962.3,EMB-0.25-0.9-0.8,0.0,GARC1,RUS,EMB,embA@E1075G,U,{},"{""proportion"": 0.0, ""confidence"": [0.0, 0.7301340512159458], ""p_value"": 1.0, ""contingency"": [[0, 1], [367, 24527]]}",{}
242,NC00962.3,EMB-0.25-0.9-0.8,0.0,GARC1,RUS,EMB,embA@T475M,U,{},"{""proportion"": 0.0, ""confidence"": [0.0, 0.7301340512159458], ""p_value"": 1.0, ""contingency"": [[0, 1], [367, 24527]]}",{}
243,NC00962.3,EMB-0.25-0.9-0.8,0.0,GARC1,RUS,EMB,embA@Q858R,U,{},"{""proportion"": 0.0, ""confidence"": [0.0, 0.5749693909936535], ""p_value"": 1.0, ""contingency"": [[0, 2], [367, 24527]]}",{}
244,NC00962.3,EMB-0.25-0.9-0.8,0.0,GARC1,RUS,EMB,embA@P1094S,U,{},"{""proportion"": 0.0, ""confidence"": [0.0, 0.4741955741575127], ""p_value"": 1.0, ""contingency"": [[0, 3], [367, 24527]]}",{}
245,NC00962.3,EMB-0.25-0.9-0.8,0.0,GARC1,RUS,EMB,embB@R173C,U,{},"{""proportion"": 0.0, ""confidence"": [0.0, 0.7301340512159458], ""p_value"": 1.0, ""contingency"": [[0, 1], [367, 24527]]}",{}
246,NC00962.3,EMB-0.25-0.9-0.8,0.0,GARC1,RUS,EMB,embA@R472L,U,{},"{""proportion"": 0.0, ""confidence"": [0.0, 0.5749693909936535], ""p_value"": 1.0, ""contingency"": [[0, 2], [367, 24527]]}",{}
248,NC00962.3,EMB-0.25-0.9-0.8,0.0,GARC1,RUS,EMB,embB@T157I,U,{},"{""proportion"": 0.0, ""confidence"": [0.0, 0.3511165007651012], ""p_value"": 0.34082031250000006, ""contingency"": [[0, 5], [367, 24527]]}",{}
249,NC00962.3,EMB-0.25-0.9-0.8,0.0,GARC1,RUS,EMB,embA@P548L,U,{},"{""proportion"": 0.0, ""confidence"": [0.0, 0.7301340512159458], ""p_value"": 1.0, ""contingency"": [[0, 1], [367, 24527]]}",{}
250,NC00962.3,EMB-0.25-0.9-0.8,0.0,GARC1,RUS,EMB,embB@G851D,U,{},"{""proportion"": 0.0, ""confidence"": [0.0, 0.7301340512159458], ""p_value"": 1.0, ""contingency"": [[0, 1], [367, 24527]]}",{}
251,NC00962.3,EMB-0.25-0.9-0.8,0.0,GARC1,RUS,EMB,embA@Q1004R,U,{},"{""proportion"": 0.0, ""confidence"": [0.0, 0.7301340512159458], ""p_value"": 1.0, ""contingency"": [[0, 1], [367, 24527]]}",{}
252,NC00962.3,EMB-0.25-0.9-0.8,0.0,GARC1,RUS,EMB,embA@L459R,U,{},"{""proportion"": 0.0, ""confidence"": [0.0, 0.7301340512159458], ""p_value"": 1.0, ""contingency"": [[0, 1], [367, 24527]]}",{}
253,NC00962.3,EMB-0.25-0.9-0.8,0.0,GARC1,RUS,EMB,embB@V135M,U,{},"{""proportion"": 0.0, ""confidence"": [0.0, 0.5749693909936535], ""p_value"": 1.0, ""contingency"": [[0, 2], [367, 24527]]}",{}
254,NC00962.3,EMB-0.25-0.9-0.8,0.0,GARC1,RUS,EMB,embA@L390M,U,{},"{""proportion"": 0.0, ""confidence"": [0.0, 0.7301340512159458], ""p_value"": 1.0, ""contingency"": [[0, 1], [367, 24527]]}",{}
255,NC00962.3,EMB-0.25-0.9-0.8,0.0,GARC1,RUS,EMB,embB@R24P,U,{},"{""proportion"": 0.0, ""confidence"": [0.0, 0.4741955741575127], ""p_value"": 1.0, ""contingency"": [[0, 3], [367, 24527]]}",{}
256,NC00962.3,EMB-0.25-0.9-0.8,0.0,GARC1,RUS,EMB,embA@S1017A,U,{},"{""proportion"": 0.0, ""confidence"": [0.0, 0.4741955741575127], ""p_value"": 1.0, ""contingency"": [[0, 3], [367, 24527]]}",{}
257,NC00962.3,EMB-0.25-0.9-0.8,0.0,GARC1,RUS,EMB,embB@D78A,U,{},"{""proportion"": 0.0, ""confidence"": [0.0, 0.7301340512159458], ""p_value"": 1.0, ""contingency"": [[0, 1], [367, 24527]]}",{}
258,NC00962.3,EMB-0.25-0.9-0.8,0.0,GARC1,RUS,EMB,embA@V898I,U,{},"{""proportion"": 0.0, ""confidence"": [0.0, 0.7301340512159458], ""p_value"": 1.0, ""contingency"": [[0, 1], [367, 24527]]}",{}
259,NC00962.3,EMB-0.25-0.9-0.8,0.0,GARC1,RUS,EMB,embA@W550S,U,{},"{""proportion"": 0.0, ""confidence"": [0.0, 0.7301340512159458], ""p_value"": 1.0, ""contingency"": [[0, 1], [367, 24527]]}",{}
260,NC00962.3,EMB-0.25-0.9-0.8,0.0,GARC1,RUS,EMB,embA@G146D,U,{},"{""proportion"": 0.0, ""confidence"": [0.0, 0.7301340512159458], ""p_value"": 1.0, ""contingency"": [[0, 1], [367, 24527]]}",{}
261,NC00962.3,EMB-0.25-0.9-0.8,0.0,GARC1,RUS,EMB,embA@A589E,U,{},"{""proportion"": 0.0, ""confidence"": [0.0, 0.7301340512159458], ""p_value"": 1.0, ""contingency"": [[0, 1], [367, 24527]]}",{}
262,NC00962.3,EMB-0.25-0.9-0.8,0.0,GARC1,RUS,EMB,embA@P164S,U,{},"{""proportion"": 0.0, ""confidence"": [0.0, 0.7301340512159458], ""p_value"": 1.0, ""contingency"": [[0, 1], [367, 24527]]}",{}
263,NC00962.3,EMB-0.25-0.9-0.8,0.0,GARC1,RUS,EMB,embA@G909R,U,{},"{""proportion"": 0.0, ""confidence"": [0.0, 0.7301340512159458], ""p_value"": 1.0, ""contingency"": [[0, 1], [367, 24527]]}",{}
264,NC00962.3,EMB-0.25-0.9-0.8,0.0,GARC1,RUS,EMB,embA@D865N,U,{},"{""proportion"": 0.0, ""confidence"": [0.0, 0.25272359742376316], ""p_value"": 0.21392822265625003, ""contingency"": [[0, 8], [367, 24527]]}",{}
265,NC00962.3,EMB-0.25-0.9-0.8,0.0,GARC1,RUS,EMB,embA@V695M,U,{},"{""proportion"": 0.0, ""confidence"": [0.0, 0.278762695452542], ""p_value"": 0.20404052734375, ""contingency"": [[0, 7], [367, 24527]]}",{}
266,NC00962.3,EMB-0.25-0.9-0.8,0.0,GARC1,RUS,EMB,embB@P167R,U,{},"{""proportion"": 0.0, ""confidence"": [0.0, 0.7301340512159458], ""p_value"": 1.0, ""contingency"": [[0, 1], [367, 24527]]}",{}
267,NC00962.3,EMB-0.25-0.9-0.8,0.0,GARC1,RUS,EMB,embB@A338T,U,{},"{""proportion"": 0.0, ""confidence"": [0.0, 0.31078398130591417], ""p_value"": 0.347412109375, ""contingency"": [[0, 6], [367, 24527]]}",{}
268,NC00962.3,EMB-0.25-0.9-0.8,0.0,GARC1,RUS,EMB,embA@E675K,U,{},"{""proportion"": 0.0, ""confidence"": [0.0, 0.7301340512159458], ""p_value"": 1.0, ""contingency"": [[0, 1], [367, 24527]]}",{}
269,NC00962.3,EMB-0.25-0.9-0.8,0.0,GARC1,RUS,EMB,embB@N807T,U,{},"{""proportion"": 0.0, ""confidence"": [0.0, 0.7301340512159458], ""p_value"": 1.0, ""contingency"": [[0, 1], [367, 24527]]}",{}
270,NC00962.3,EMB-0.25-0.9-0.8,0.0,GARC1,RUS,EMB,embA@Q751P,U,{},"{""proportion"": 0.0, ""confidence"": [0.0, 0.7301340512159458], ""p_value"": 1.0, ""contingency"": [[0, 1], [367, 24527]]}",{}
271,NC00962.3,EMB-0.25-0.9-0.8,0.0,GARC1,RUS,EMB,embB@P531H,U,{},"{""proportion"": 0.0, ""confidence"": [0.0, 0.7301340512159458], ""p_value"": 1.0, ""contingency"": [[0, 1], [367, 24527]]}",{}
272,NC00962.3,EMB-0.25-0.9-0.8,0.0,GARC1,RUS,EMB,embA@P327S,U,{},"{""proportion"": 0.0, ""confidence"": [0.0, 0.7301340512159458], ""p_value"": 1.0, ""contingency"": [[0, 1], [367, 24527]]}",{}
273,NC00962.3,EMB-0.25-0.9-0.8,0.0,GARC1,RUS,EMB,embB@R1045Q,U,{},"{""proportion"": 0.0, ""confidence"": [0.0, 0.7301340512159458], ""p_value"": 1.0, ""contingency"": [[0, 1], [367, 24527]]}",{}
274,NC00962.3,EMB-0.25-0.9-0.8,0.0,GARC1,RUS,EMB,embA@V898F,U,{},"{""proportion"": 0.0, ""confidence"": [0.0, 0.7301340512159458], ""p_value"": 1.0, ""contingency"": [[0, 1], [367, 24527]]}",{}
275,NC00962.3,EMB-0.25-0.9-0.8,0.0,GARC1,RUS,EMB,embB@F330I,U,{},"{""proportion"": 0.0, ""confidence"": [0.0, 0.5749693909936535], ""p_value"": 1.0, ""contingency"": [[0, 2], [367, 24527]]}",{}
276,NC00962.3,EMB-0.25-0.9-0.8,0.0,GARC1,RUS,EMB,embA@A438T,U,{},"{""proportion"": 0.0, ""confidence"": [0.0, 0.7301340512159458], ""p_value"": 1.0, ""contingency"": [[0, 1], [367, 24527]]}",{}
277,NC00962.3,EMB-0.25-0.9-0.8,0.0,GARC1,RUS,EMB,embA@g-43t,U,{},"{""proportion"": 0.0, ""confidence"": [0.0, 0.7301340512159458], ""p_value"": 1.0, ""contingency"": [[0, 1], [367, 24527]]}",{}
278,NC00962.3,EMB-0.25-0.9-0.8,0.0,GARC1,RUS,EMB,embA@2602_ins_tgg,U,{},"{""proportion"": 0.0, ""confidence"": [0.0, 0.7301340512159458], ""p_value"": 1.0, ""contingency"": [[0, 1], [367, 24527]]}",{}
279,NC00962.3,EMB-0.25-0.9-0.8,0.0,GARC1,RUS,EMB,embA@-32_del_g,U,{},"{""proportion"": 0.0, ""confidence"": [0.0, 0.7301340512159458], ""p_value"": 1.0, ""contingency"": [[0, 1], [367, 24527]]}",{}
280,NC00962.3,EMB-0.25-0.9-0.8,0.0,GARC1,RUS,EMB,embA@A60D,U,{},"{""proportion"": 0.0, ""confidence"": [0.0, 0.7301340512159458], ""p_value"": 1.0, ""contingency"": [[0, 1], [367, 24527]]}",{}
281,NC00962.3,EMB-0.25-0.9-0.8,0.0,GARC1,RUS,EMB,embA@A430T,U,{},"{""proportion"": 0.0, ""confidence"": [0.0, 0.7301340512159458], ""p_value"": 1.0, ""contingency"": [[0, 1], [367, 24527]]}",{}
282,NC00962.3,EMB-0.25-0.9-0.8,0.0,GARC1,RUS,EMB,embB@V456A,U,{},"{""proportion"": 0.0, ""confidence"": [0.0, 0.5749693909936535], ""p_value"": 1.0, ""contingency"": [[0, 2], [367, 24527]]}",{}
283,NC00962.3,EMB-0.25-0.9-0.8,0.0,GARC1,RUS,EMB,embB@D191Y,U,{},"{""proportion"": 0.0, ""confidence"": [0.0, 0.31078398130591417], ""p_value"": 0.347412109375, ""contingency"": [[0, 6], [367, 24527]]}",{}
284,NC00962.3,EMB-0.25-0.9-0.8,0.0,GARC1,RUS,EMB,embB@N807D,U,{},"{""proportion"": 0.0, ""confidence"": [0.0, 0.31078398130591417], ""p_value"": 0.347412109375, ""contingency"": [[0, 6], [367, 24527]]}",{}
285,NC00962.3,EMB-0.25-0.9-0.8,0.0,GARC1,RUS,EMB,embA@-28_del_t,U,{},"{""proportion"": 0.0, ""confidence"": [0.0, 0.40347862520270455], ""p_value"": 0.578125, ""contingency"": [[0, 4], [367, 24527]]}",{}
286,NC00962.3,EMB-0.25-0.9-0.8,0.0,GARC1,RUS,EMB,embA@G350A,U,{},"{""proportion"": 0.0, ""confidence"": [0.0, 0.7301340512159458], ""p_value"": 1.0, ""contingency"": [[0, 1], [367, 24527]]}",{}
287,NC00962.3,EMB-0.25-0.9-0.8,0.0,GARC1,RUS,EMB,embA@A557T,U,{},"{""proportion"": 0.0, ""confidence"": [0.0, 0.7301340512159458], ""p_value"": 1.0, ""contingency"": [[0, 1], [367, 24527]]}",{}
288,NC00962.3,EMB-0.25-0.9-0.8,0.0,GARC1,RUS,EMB,embB@L629P,U,{},"{""proportion"": 1.0, ""confidence"": [0.26986594878405434, 1.0000000000000002], ""p_value"": 0.25, ""contingency"": [[1, 0], [367, 24527]]}",{}
289,NC00962.3,EMB-0.25-0.9-0.8,0.0,GARC1,RUS,EMB,embA@R836G,U,{},"{""proportion"": 0.0, ""confidence"": [0.0, 0.5749693909936535], ""p_value"": 1.0, ""contingency"": [[0, 2], [367, 24527]]}",{}
290,NC00962.3,EMB-0.25-0.9-0.8,0.0,GARC1,RUS,EMB,embB@A677E,U,{},"{""proportion"": 0.0, ""confidence"": [0.0, 0.7301340512159458], ""p_value"": 1.0, ""contingency"": [[0, 1], [367, 24527]]}",{}
291,NC00962.3,EMB-0.25-0.9-0.8,0.0,GARC1,RUS,EMB,embB@R464L,U,{},"{""proportion"": 0.0, ""confidence"": [0.0, 0.7301340512159458], ""p_value"": 1.0, ""contingency"": [[0, 1], [367, 24527]]}",{}
292,NC00962.3,EMB-0.25-0.9-0.8,0.0,GARC1,RUS,EMB,embA@L208F,U,{},"{""proportion"": 0.0, ""confidence"": [0.0, 0.5749693909936535], ""p_value"": 1.0, ""contingency"": [[0, 2], [367, 24527]]}",{}
293,NC00962.3,EMB-0.25-0.9-0.8,0.0,GARC1,RUS,EMB,embA@G332E,U,{},"{""proportion"": 0.0, ""confidence"": [0.0, 0.4741955741575127], ""p_value"": 1.0, ""contingency"": [[0, 3], [367, 24527]]}",{}
294,NC00962.3,EMB-0.25-0.9-0.8,0.0,GARC1,RUS,EMB,embB@L953M,U,{},"{""proportion"": 0.0, ""confidence"": [0.0, 0.7301340512159458], ""p_value"": 1.0, ""contingency"": [[0, 1], [367, 24527]]}",{}
295,NC00962.3,EMB-0.25-0.9-0.8,0.0,GARC1,RUS,EMB,embA@E508K,U,{},"{""proportion"": 0.0, ""confidence"": [0.0, 0.7301340512159458], ""p_value"": 1.0, ""contingency"": [[0, 1], [367, 24527]]}",{}
296,NC00962.3,EMB-0.25-0.9-0.8,0.0,GARC1,RUS,EMB,embA@D112G,U,{},"{""proportion"": 0.2, ""confidence"": [0.045962453880603965, 0.5647074465784567], ""p_value"": 1.0, ""contingency"": [[1, 4], [367, 24527]]}",{}
297,NC00962.3,EMB-0.25-0.9-0.8,0.0,GARC1,RUS,EMB,embB@R469H,U,{},"{""proportion"": 0.0, ""confidence"": [0.0, 0.7301340512159458], ""p_value"": 1.0, ""contingency"": [[0, 1], [367, 24527]]}",{}
298,NC00962.3,EMB-0.25-0.9-0.8,0.0,GARC1,RUS,EMB,embB@A438T,U,{},"{""proportion"": 0.0, ""confidence"": [0.0, 0.4741955741575127], ""p_value"": 1.0, ""contingency"": [[0, 3], [367, 24527]]}",{}
299,NC00962.3,EMB-0.25-0.9-0.8,0.0,GARC1,RUS,EMB,embA@I655T,U,{},"{""proportion"": 0.0, ""confidence"": [0.0, 0.7301340512159458], ""p_value"": 1.0, ""contingency"": [[0, 1], [367, 24527]]}",{}
300,NC00962.3,EMB-0.25-0.9-0.8,0.0,GARC1,RUS,EMB,embB@F584L,U,{},"{""proportion"": 0.0, ""confidence"": [0.0, 0.7301340512159458], ""p_value"": 1.0, ""contingency"": [[0, 1], [367, 24527]]}",{}
301,NC00962.3,EMB-0.25-0.9-0.8,0.0,GARC1,RUS,EMB,embB@D280N,U,{},"{""proportion"": 0.0, ""confidence"": [0.0, 0.7301340512159458], ""p_value"": 1.0, ""contingency"": [[0, 1], [367, 24527]]}",{}
302,NC00962.3,EMB-0.25-0.9-0.8,0.0,GARC1,RUS,EMB,embA@M840V,U,{},"{""proportion"": 0.0, ""confidence"": [0.0, 0.7301340512159458], ""p_value"": 1.0, ""contingency"": [[0, 1], [367, 24527]]}",{}
304,NC00962.3,EMB-0.25-0.9-0.8,0.0,GARC1,RUS,EMB,embA@L215P,U,{},"{""proportion"": 0.0, ""confidence"": [0.0, 0.4741955741575127], ""p_value"": 1.0, ""contingency"": [[0, 3], [367, 24527]]}",{}
305,NC00962.3,EMB-0.25-0.9-0.8,0.0,GARC1,RUS,EMB,embA@S1024N,U,{},"{""proportion"": 0.0, ""confidence"": [0.0, 0.7301340512159458], ""p_value"": 1.0, ""contingency"": [[0, 1], [367, 24527]]}",{}
306,NC00962.3,EMB-0.25-0.9-0.8,0.0,GARC1,RUS,EMB,embB@D970E,U,{},"{""proportion"": 0.0, ""confidence"": [0.0, 0.7301340512159458], ""p_value"": 1.0, ""contingency"": [[0, 1], [367, 24527]]}",{}
307,NC00962.3,EMB-0.25-0.9-0.8,0.0,GARC1,RUS,EMB,embA@A1072T,U,{},"{""proportion"": 0.0, ""confidence"": [0.0, 0.5749693909936535], ""p_value"": 1.0, ""contingency"": [[0, 2], [367, 24527]]}",{}
308,NC00962.3,EMB-0.25-0.9-0.8,0.0,GARC1,RUS,EMB,embB@G580S,U,{},"{""proportion"": 0.0, ""confidence"": [0.0, 0.7301340512159458], ""p_value"": 1.0, ""contingency"": [[0, 1], [367, 24527]]}",{}
309,NC00962.3,EMB-0.25-0.9-0.8,0.0,GARC1,RUS,EMB,embA@A719T,U,{},"{""proportion"": 0.0, ""confidence"": [0.0, 0.7301340512159458], ""p_value"": 1.0, ""contingency"": [[0, 1], [367, 24527]]}",{}
310,NC00962.3,EMB-0.25-0.9-0.8,0.0,GARC1,RUS,EMB,embB@K882E,U,{},"{""proportion"": 0.0, ""confidence"": [0.0, 0.7301340512159458], ""p_value"": 1.0, ""contingency"": [[0, 1], [367, 24527]]}",{}
311,NC00962.3,EMB-0.25-0.9-0.8,0.0,GARC1,RUS,EMB,embA@G771D,U,{},"{""proportion"": 0.0, ""confidence"": [0.0, 0.7301340512159458], ""p_value"": 1.0, ""contingency"": [[0, 1], [367, 24527]]}",{}
312,NC00962.3,EMB-0.25-0.9-0.8,0.0,GARC1,RUS,EMB,embB@G825D,U,{},"{""proportion"": 0.0, ""confidence"": [0.0, 0.7301340512159458], ""p_value"": 1.0, ""contingency"": [[0, 1], [367, 24527]]}",{}
313,NC00962.3,EMB-0.25-0.9-0.8,0.0,GARC1,RUS,EMB,embB@T643I,U,{},"{""proportion"": 0.2, ""confidence"": [0.045962453880603965, 0.5647074465784567], ""p_value"": 1.0, ""contingency"": [[1, 4], [367, 24527]]}",{}
314,NC00962.3,EMB-0.25-0.9-0.8,0.0,GARC1,RUS,EMB,embA@-31_del_c,U,{},"{""proportion"": 0.0, ""confidence"": [0.0, 0.7301340512159458], ""p_value"": 1.0, ""contingency"": [[0, 1], [367, 24527]]}",{}
315,NC00962.3,EMB-0.25-0.9-0.8,0.0,GARC1,RUS,EMB,embB@V77L,U,{},"{""proportion"": 0.0, ""confidence"": [0.0, 0.7301340512159458], ""p_value"": 1.0, ""contingency"": [[0, 1], [367, 24527]]}",{}
316,NC00962.3,EMB-0.25-0.9-0.8,0.0,GARC1,RUS,EMB,embA@A984T,U,{},"{""proportion"": 0.0, ""confidence"": [0.0, 0.7301340512159458], ""p_value"": 1.0, ""contingency"": [[0, 1], [367, 24527]]}",{}
317,NC00962.3,EMB-0.25-0.9-0.8,0.0,GARC1,RUS,EMB,embB@T151P,U,{},"{""proportion"": 0.0, ""confidence"": [0.0, 0.7301340512159458], ""p_value"": 1.0, ""contingency"": [[0, 1], [367, 24527]]}",{}
318,NC00962.3,EMB-0.25-0.9-0.8,0.0,GARC1,RUS,EMB,embA@E882K,U,{},"{""proportion"": 0.0, ""confidence"": [0.0, 0.7301340512159458], ""p_value"": 1.0, ""contingency"": [[0, 1], [367, 24527]]}",{}
319,NC00962.3,EMB-0.25-0.9-0.8,0.0,GARC1,RUS,EMB,embA@T718I,U,{},"{""proportion"": 0.0, ""confidence"": [0.0, 0.7301340512159458], ""p_value"": 1.0, ""contingency"": [[0, 1], [367, 24527]]}",{}
320,NC00962.3,EMB-0.25-0.9-0.8,0.0,GARC1,RUS,EMB,embA@V394A,U,{},"{""proportion"": 0.0, ""confidence"": [0.0, 0.7301340512159458], ""p_value"": 1.0, ""contingency"": [[0, 1], [367, 24527]]}",{}
321,NC00962.3,EMB-0.25-0.9-0.8,0.0,GARC1,RUS,EMB,embA@F471L,U,{},"{""proportion"": 0.0, ""confidence"": [0.0, 0.4741955741575127], ""p_value"": 1.0, ""contingency"": [[0, 3], [367, 24527]]}",{}
322,NC00962.3,EMB-0.25-0.9-0.8,0.0,GARC1,RUS,EMB,embA@G180R,U,{},"{""proportion"": 0.0, ""confidence"": [0.0, 0.5749693909936535], ""p_value"": 1.0, ""contingency"": [[0, 2], [367, 24527]]}",{}
323,NC00962.3,EMB-0.25-0.9-0.8,0.0,GARC1,RUS,EMB,embA@N803K,U,{},"{""proportion"": 0.0, ""confidence"": [0.0, 0.7301340512159458], ""p_value"": 1.0, ""contingency"": [[0, 1], [367, 24527]]}",{}
324,NC00962.3,EMB-0.25-0.9-0.8,0.0,GARC1,RUS,EMB,embB@S480L,U,{},"{""proportion"": 0.0, ""confidence"": [0.0, 0.5749693909936535], ""p_value"": 1.0, ""contingency"": [[0, 2], [367, 24527]]}",{}
325,NC00962.3,EMB-0.25-0.9-0.8,0.0,GARC1,RUS,EMB,embB@G979A,U,{},"{""proportion"": 0.0, ""confidence"": [0.0, 0.7301340512159458], ""p_value"": 1.0, ""contingency"": [[0, 1], [367, 24527]]}",{}
326,NC00962.3,EMB-0.25-0.9-0.8,0.0,GARC1,RUS,EMB,embA@R358Q,U,{},"{""proportion"": 0.0, ""confidence"": [0.0, 0.7301340512159458], ""p_value"": 1.0, ""contingency"": [[0, 1], [367, 24527]]}",{}
327,NC00962.3,EMB-0.25-0.9-0.8,0.0,GARC1,RUS,EMB,embB@M316V,U,{},"{""proportion"": 0.0, ""confidence"": [0.0, 0.7301340512159458], ""p_value"": 1.0, ""contingency"": [[0, 1], [367, 24527]]}",{}
328,NC00962.3,EMB-0.25-0.9-0.8,0.0,GARC1,RUS,EMB,embA@D737E,U,{},"{""proportion"": 0.0, ""confidence"": [0.0, 0.7301340512159458], ""p_value"": 1.0, ""contingency"": [[0, 1], [367, 24527]]}",{}
329,NC00962.3,EMB-0.25-0.9-0.8,0.0,GARC1,RUS,EMB,embB@P616T,U,{},"{""proportion"": 0.0, ""confidence"": [0.0, 0.5749693909936535], ""p_value"": 1.0, ""contingency"": [[0, 2], [367, 24527]]}",{}
330,NC00962.3,EMB-0.25-0.9-0.8,0.0,GARC1,RUS,EMB,embB@G792S,U,{},"{""proportion"": 0.0, ""confidence"": [0.0, 0.7301340512159458], ""p_value"": 1.0, ""contingency"": [[0, 1], [367, 24527]]}",{}
331,NC00962.3,EMB-0.25-0.9-0.8,0.0,GARC1,RUS,EMB,embB@G175R,U,{},"{""proportion"": 0.0, ""confidence"": [0.0, 0.4741955741575127], ""p_value"": 1.0, ""contingency"": [[0, 3], [367, 24527]]}",{}
332,NC00962.3,EMB-0.25-0.9-0.8,0.0,GARC1,RUS,EMB,embB@P1075L,U,{},"{""proportion"": 0.0, ""confidence"": [0.0, 0.7301340512159458], ""p_value"": 1.0, ""contingency"": [[0, 1], [367, 24527]]}",{}
333,NC00962.3,EMB-0.25-0.9-0.8,0.0,GARC1,RUS,EMB,embB@D207E,U,{},"{""proportion"": 0.0, ""confidence"": [0.0, 0.7301340512159458], ""p_value"": 1.0, ""contingency"": [[0, 1], [367, 24527]]}",{}
334,NC00962.3,EMB-0.25-0.9-0.8,0.0,GARC1,RUS,EMB,embB@A221S,U,{},"{""proportion"": 1.0, ""confidence"": [0.26986594878405434, 1.0000000000000002], ""p_value"": 0.25, ""contingency"": [[1, 0], [367, 24527]]}",{}
335,NC00962.3,EMB-0.25-0.9-0.8,0.0,GARC1,RUS,EMB,embA@G765D,U,{},"{""proportion"": 0.0, ""confidence"": [0.0, 0.7301340512159458], ""p_value"": 1.0, ""contingency"": [[0, 1], [367, 24527]]}",{}
336,NC00962.3,EMB-0.25-0.9-0.8,0.0,GARC1,RUS,EMB,embA@D273G,U,{},"{""proportion"": 0.0, ""confidence"": [0.0, 0.4741955741575127], ""p_value"": 1.0, ""contingency"": [[0, 3], [367, 24527]]}",{}
337,NC00962.3,EMB-0.25-0.9-0.8,0.0,GARC1,RUS,EMB,embB@T275N,U,{},"{""proportion"": 0.0, ""confidence"": [0.0, 0.7301340512159458], ""p_value"": 1.0, ""contingency"": [[0, 1], [367, 24527]]}",{}
338,NC00962.3,EMB-0.25-0.9-0.8,0.0,GARC1,RUS,EMB,embB@R7T,U,{},"{""proportion"": 0.0, ""confidence"": [0.0, 0.31078398130591417], ""p_value"": 0.347412109375, ""contingency"": [[0, 6], [367, 24527]]}",{}
339,NC00962.3,EMB-0.25-0.9-0.8,0.0,GARC1,RUS,EMB,embB@A43P,U,{},"{""proportion"": 0.0, ""confidence"": [0.0, 0.7301340512159458], ""p_value"": 1.0, ""contingency"": [[0, 1], [367, 24527]]}",{}
340,NC00962.3,EMB-0.25-0.9-0.8,0.0,GARC1,RUS,EMB,embA@A217T,U,{},"{""proportion"": 0.0, ""confidence"": [0.0, 0.40347862520270455], ""p_value"": 0.578125, ""contingency"": [[0, 4], [367, 24527]]}",{}
341,NC00962.3,EMB-0.25-0.9-0.8,0.0,GARC1,RUS,EMB,embA@I155M,U,{},"{""proportion"": 0.0, ""confidence"": [0.0, 0.278762695452542], ""p_value"": 0.20404052734375, ""contingency"": [[0, 7], [367, 24527]]}",{}
342,NC00962.3,EMB-0.25-0.9-0.8,0.0,GARC1,RUS,EMB,embA@V283L,U,{},"{""proportion"": 0.0, ""confidence"": [0.0, 0.7301340512159458], ""p_value"": 1.0, ""contingency"": [[0, 1], [367, 24527]]}",{}
343,NC00962.3,EMB-0.25-0.9-0.8,0.0,GARC1,RUS,EMB,embA@P645L,U,{},"{""proportion"": 0.0, ""confidence"": [0.0, 0.5749693909936535], ""p_value"": 1.0, ""contingency"": [[0, 2], [367, 24527]]}",{}
344,NC00962.3,EMB-0.25-0.9-0.8,0.0,GARC1,RUS,EMB,embB@L686V,U,{},"{""proportion"": 0.0, ""confidence"": [0.0, 0.7301340512159458], ""p_value"": 1.0, ""contingency"": [[0, 1], [367, 24527]]}",{}
345,NC00962.3,EMB-0.25-0.9-0.8,0.0,GARC1,RUS,EMB,embB@D1056E,U,{},"{""proportion"": 0.0, ""confidence"": [0.0, 0.40347862520270455], ""p_value"": 0.578125, ""contingency"": [[0, 4], [367, 24527]]}",{}
346,NC00962.3,EMB-0.25-0.9-0.8,0.0,GARC1,RUS,EMB,embB@V783I,U,{},"{""proportion"": 0.0, ""confidence"": [0.0, 0.5749693909936535], ""p_value"": 1.0, ""contingency"": [[0, 2], [367, 24527]]}",{}
347,NC00962.3,EMB-0.25-0.9-0.8,0.0,GARC1,RUS,EMB,embA@A549P,U,{},"{""proportion"": 0.0, ""confidence"": [0.0, 0.5749693909936535], ""p_value"": 1.0, ""contingency"": [[0, 2], [367, 24527]]}",{}
348,NC00962.3,EMB-0.25-0.9-0.8,0.0,GARC1,RUS,EMB,embA@V583A,U,{},"{""proportion"": 0.0, ""confidence"": [0.0, 0.7301340512159458], ""p_value"": 1.0, ""contingency"": [[0, 1], [367, 24527]]}",{}
349,NC00962.3,EMB-0.25-0.9-0.8,0.0,GARC1,RUS,EMB,embB@D243H,U,{},"{""proportion"": 0.0, ""confidence"": [0.0, 0.5749693909936535], ""p_value"": 1.0, ""contingency"": [[0, 2], [367, 24527]]}",{}
350,NC00962.3,EMB-0.25-0.9-0.8,0.0,GARC1,RUS,EMB,embB@I303L,U,{},"{""proportion"": 0.0, ""confidence"": [0.0, 0.5749693909936535], ""p_value"": 1.0, ""contingency"": [[0, 2], [367, 24527]]}",{}
351,NC00962.3,EMB-0.25-0.9-0.8,0.0,GARC1,RUS,EMB,embA@A617T,U,{},"{""proportion"": 0.0, ""confidence"": [0.0, 0.7301340512159458], ""p_value"": 1.0, ""contingency"": [[0, 1], [367, 24527]]}",{}
352,NC00962.3,EMB-0.25-0.9-0.8,0.0,GARC1,RUS,EMB,embB@Q497H,U,{},"{""proportion"": 0.0, ""confidence"": [0.0, 0.4741955741575127], ""p_value"": 1.0, ""contingency"": [[0, 3], [367, 24527]]}",{}
353,NC00962.3,EMB-0.25-0.9-0.8,0.0,GARC1,RUS,EMB,embA@G403R,U,{},"{""proportion"": 0.0, ""confidence"": [0.0, 0.7301340512159458], ""p_value"": 1.0, ""contingency"": [[0, 1], [367, 24527]]}",{}
354,NC00962.3,EMB-0.25-0.9-0.8,0.0,GARC1,RUS,EMB,embB@A454T,U,{},"{""proportion"": 0.0, ""confidence"": [0.0, 0.7301340512159458], ""p_value"": 1.0, ""contingency"": [[0, 1], [367, 24527]]}",{}
355,NC00962.3,EMB-0.25-0.9-0.8,0.0,GARC1,RUS,EMB,embA@A320V,U,{},"{""proportion"": 0.0, ""confidence"": [0.0, 0.7301340512159458], ""p_value"": 1.0, ""contingency"": [[0, 1], [367, 24527]]}",{}
356,NC00962.3,EMB-0.25-0.9-0.8,0.0,GARC1,RUS,EMB,embA@A150V,U,{},"{""proportion"": 0.0, ""confidence"": [0.0, 0.7301340512159458], ""p_value"": 1.0, ""contingency"": [[0, 1], [367, 24527]]}",{}
357,NC00962.3,EMB-0.25-0.9-0.8,0.0,GARC1,RUS,EMB,embB@D240G,U,{},"{""proportion"": 0.0, ""confidence"": [0.0, 0.4741955741575127], ""p_value"": 1.0, ""contingency"": [[0, 3], [367, 24527]]}",{}
358,NC00962.3,EMB-0.25-0.9-0.8,0.0,GARC1,RUS,EMB,embA@N54D,U,{},"{""proportion"": 0.0, ""confidence"": [0.0, 0.4741955741575127], ""p_value"": 1.0, ""contingency"": [[0, 3], [367, 24527]]}",{}
359,NC00962.3,EMB-0.25-0.9-0.8,0.0,GARC1,RUS,EMB,embB@P143S,U,{},"{""proportion"": 0.0, ""confidence"": [0.0, 0.5749693909936535], ""p_value"": 1.0, ""contingency"": [[0, 2], [367, 24527]]}",{}
360,NC00962.3,EMB-0.25-0.9-0.8,0.0,GARC1,RUS,EMB,embA@V479M,U,{},"{""proportion"": 0.0, ""confidence"": [0.0, 0.7301340512159458], ""p_value"": 1.0, ""contingency"": [[0, 1], [367, 24527]]}",{}
361,NC00962.3,EMB-0.25-0.9-0.8,0.0,GARC1,RUS,EMB,embB@D328H,U,{},"{""proportion"": 0.25, ""confidence"": [0.08651484419906225, 0.5398469545128194], ""p_value"": 1.0, ""contingency"": [[2, 6], [367, 24527]]}",{}
362,NC00962.3,EMB-0.25-0.9-0.8,0.0,GARC1,RUS,EMB,embB@V803M,U,{},"{""proportion"": 0.0, ""confidence"": [0.0, 0.4741955741575127], ""p_value"": 1.0, ""contingency"": [[0, 3], [367, 24527]]}",{}
363,NC00962.3,EMB-0.25-0.9-0.8,0.0,GARC1,RUS,EMB,embB@M389V,U,{},"{""proportion"": 0.0, ""confidence"": [0.0, 0.7301340512159458], ""p_value"": 1.0, ""contingency"": [[0, 1], [367, 24527]]}",{}
364,NC00962.3,EMB-0.25-0.9-0.8,0.0,GARC1,RUS,EMB,embB@E958A,U,{},"{""proportion"": 0.0, ""confidence"": [0.0, 0.40347862520270455], ""p_value"": 0.578125, ""contingency"": [[0, 4], [367, 24527]]}",{}
365,NC00962.3,EMB-0.25-0.9-0.8,0.0,GARC1,RUS,EMB,embB@A505V,U,{},"{""proportion"": 0.0, ""confidence"": [0.0, 0.5749693909936535], ""p_value"": 1.0, ""contingency"": [[0, 2], [367, 24527]]}",{}
366,NC00962.3,EMB-0.25-0.9-0.8,0.0,GARC1,RUS,EMB,embB@D78G,U,{},"{""proportion"": 0.0, ""confidence"": [0.0, 0.25272359742376316], ""p_value"": 0.21392822265625003, ""contingency"": [[0, 8], [367, 24527]]}",{}
367,NC00962.3,EMB-0.25-0.9-0.8,0.0,GARC1,RUS,EMB,embA@T238I,U,{},"{""proportion"": 0.0, ""confidence"": [0.0, 0.7301340512159458], ""p_value"": 1.0, ""contingency"": [[0, 1], [367, 24527]]}",{}
368,NC00962.3,EMB-0.25-0.9-0.8,0.0,GARC1,RUS,EMB,embA@G700C,U,{},"{""proportion"": 0.0, ""confidence"": [0.0, 0.7301340512159458], ""p_value"": 1.0, ""contingency"": [[0, 1], [367, 24527]]}",{}
369,NC00962.3,EMB-0.25-0.9-0.8,0.0,GARC1,RUS,EMB,embA@A721V,U,{},"{""proportion"": 0.0, ""confidence"": [0.0, 0.7301340512159458], ""p_value"": 1.0, ""contingency"": [[0, 1], [367, 24527]]}",{}
370,NC00962.3,EMB-0.25-0.9-0.8,0.0,GARC1,RUS,EMB,embA@D1053G,U,{},"{""proportion"": 0.0, ""confidence"": [0.0, 0.4741955741575127], ""p_value"": 1.0, ""contingency"": [[0, 3], [367, 24527]]}",{}
371,NC00962.3,EMB-0.25-0.9-0.8,0.0,GARC1,RUS,EMB,embA@A955T,U,{},"{""proportion"": 0.0, ""confidence"": [0.0, 0.7301340512159458], ""p_value"": 1.0, ""contingency"": [[0, 1], [367, 24527]]}",{}
372,NC00962.3,EMB-0.25-0.9-0.8,0.0,GARC1,RUS,EMB,embA@G844R,U,{},"{""proportion"": 0.0, ""confidence"": [0.0, 0.7301340512159458], ""p_value"": 1.0, ""contingency"": [[0, 1], [367, 24527]]}",{}
373,NC00962.3,EMB-0.25-0.9-0.8,0.0,GARC1,RUS,EMB,embB@V414L,U,{},"{""proportion"": 0.0, ""confidence"": [0.0, 0.7301340512159458], ""p_value"": 1.0, ""contingency"": [[0, 1], [367, 24527]]}",{}
374,NC00962.3,EMB-0.25-0.9-0.8,0.0,GARC1,RUS,EMB,embB@T857A,U,{},"{""proportion"": 0.0, ""confidence"": [0.0, 0.7301340512159458], ""p_value"": 1.0, ""contingency"": [[0, 1], [367, 24527]]}",{}
375,NC00962.3,EMB-0.25-0.9-0.8,0.0,GARC1,RUS,EMB,embB@A454V,U,{},"{""proportion"": 0.5, ""confidence"": [0.12086631942227369, 0.8791336805777263], ""p_value"": 0.4375, ""contingency"": [[1, 1], [367, 24527]]}",{}
376,NC00962.3,EMB-0.25-0.9-0.8,0.0,GARC1,RUS,EMB,embA@G220E,U,{},"{""proportion"": 0.0, ""confidence"": [0.0, 0.40347862520270455], ""p_value"": 0.578125, ""contingency"": [[0, 4], [367, 24527]]}",{}
377,NC00962.3,EMB-0.25-0.9-0.8,0.0,GARC1,RUS,EMB,embB@S73L,U,{},"{""proportion"": 0.0, ""confidence"": [0.0, 0.7301340512159458], ""p_value"": 1.0, ""contingency"": [[0, 1], [367, 24527]]}",{}
378,NC00962.3,EMB-0.25-0.9-0.8,0.0,GARC1,RUS,EMB,embA@G135D,U,{},"{""proportion"": 0.5, ""confidence"": [0.12086631942227369, 0.8791336805777263], ""p_value"": 0.4375, ""contingency"": [[1, 1], [367, 24527]]}",{}
379,NC00962.3,EMB-0.25-0.9-0.8,0.0,GARC1,RUS,EMB,embA@G5S,U,{},"{""proportion"": 0.0, ""confidence"": [0.0, 0.7301340512159458], ""p_value"": 1.0, ""contingency"": [[0, 1], [367, 24527]]}",{}
380,NC00962.3,EMB-0.25-0.9-0.8,0.0,GARC1,RUS,EMB,embB@S651C,U,{},"{""proportion"": 0.0, ""confidence"": [0.0, 0.5749693909936535], ""p_value"": 1.0, ""contingency"": [[0, 2], [367, 24527]]}",{}
381,NC00962.3,EMB-0.25-0.9-0.8,0.0,GARC1,RUS,EMB,embB@M340I,U,{},"{""proportion"": 0.0, ""confidence"": [0.0, 0.40347862520270455], ""p_value"": 0.578125, ""contingency"": [[0, 4], [367, 24527]]}",{}
382,NC00962.3,EMB-0.25-0.9-0.8,0.0,GARC1,RUS,EMB,embB@P1074A,U,{},"{""proportion"": 0.0, ""confidence"": [0.0, 0.7301340512159458], ""p_value"": 1.0, ""contingency"": [[0, 1], [367, 24527]]}",{}
383,NC00962.3,EMB-0.25-0.9-0.8,0.0,GARC1,RUS,EMB,embB@N886T,U,{},"{""proportion"": 0.0, ""confidence"": [0.0, 0.4741955741575127], ""p_value"": 1.0, ""contingency"": [[0, 3], [367, 24527]]}",{}
384,NC00962.3,EMB-0.25-0.9-0.8,0.0,GARC1,RUS,EMB,embA@A371T,U,{},"{""proportion"": 0.0, ""confidence"": [0.0, 0.7301340512159458], ""p_value"": 1.0, ""contingency"": [[0, 1], [367, 24527]]}",{}
385,NC00962.3,EMB-0.25-0.9-0.8,0.0,GARC1,RUS,EMB,embB@Y863H,U,{},"{""proportion"": 0.0, ""confidence"": [0.0, 0.7301340512159458], ""p_value"": 1.0, ""contingency"": [[0, 1], [367, 24527]]}",{}
386,NC00962.3,EMB-0.25-0.9-0.8,0.0,GARC1,RUS,EMB,embA@T113R,U,{},"{""proportion"": 0.0, ""confidence"": [0.0, 0.3511165007651012], ""p_value"": 0.34082031250000006, ""contingency"": [[0, 5], [367, 24527]]}",{}
387,NC00962.3,EMB-0.25-0.9-0.8,0.0,GARC1,RUS,EMB,embA@G321A,U,{},"{""proportion"": 0.0, ""confidence"": [0.0, 0.5749693909936535], ""p_value"": 1.0, ""contingency"": [[0, 2], [367, 24527]]}",{}
388,NC00962.3,EMB-0.25-0.9-0.8,0.0,GARC1,RUS,EMB,embB@F763V,U,{},"{""proportion"": 0.0, ""confidence"": [0.0, 0.7301340512159458], ""p_value"": 1.0, ""contingency"": [[0, 1], [367, 24527]]}",{}
389,NC00962.3,EMB-0.25-0.9-0.8,0.0,GARC1,RUS,EMB,embA@G547D,U,{},"{""proportion"": 0.0, ""confidence"": [0.0, 0.7301340512159458], ""p_value"": 1.0, ""contingency"": [[0, 1], [367, 24527]]}",{}
390,NC00962.3,EMB-0.25-0.9-0.8,0.0,GARC1,RUS,EMB,embA@G352S,U,{},"{""proportion"": 0.0, ""confidence"": [0.0, 0.3511165007651012], ""p_value"": 0.34082031250000006, ""contingency"": [[0, 5], [367, 24527]]}",{}
391,NC00962.3,EMB-0.25-0.9-0.8,0.0,GARC1,RUS,EMB,embA@N376D,U,{},"{""proportion"": 0.0, ""confidence"": [0.0, 0.7301340512159458], ""p_value"": 1.0, ""contingency"": [[0, 1], [367, 24527]]}",{}
392,NC00962.3,EMB-0.25-0.9-0.8,0.0,GARC1,RUS,EMB,embA@V125E,U,{},"{""proportion"": 0.0, ""confidence"": [0.0, 0.5749693909936535], ""p_value"": 1.0, ""contingency"": [[0, 2], [367, 24527]]}",{}
393,NC00962.3,EMB-0.25-0.9-0.8,0.0,GARC1,RUS,EMB,embB@G156D,U,{},"{""proportion"": 0.0, ""confidence"": [0.0, 0.5749693909936535], ""p_value"": 1.0, ""contingency"": [[0, 2], [367, 24527]]}",{}
394,NC00962.3,EMB-0.25-0.9-0.8,0.0,GARC1,RUS,EMB,embB@G603R,U,{},"{""proportion"": 0.2, ""confidence"": [0.045962453880603965, 0.5647074465784567], ""p_value"": 1.0, ""contingency"": [[1, 4], [367, 24527]]}",{}
395,NC00962.3,EMB-0.25-0.9-0.8,0.0,GARC1,RUS,EMB,embA@G149D,U,{},"{""proportion"": 0.0, ""confidence"": [0.0, 0.7301340512159458], ""p_value"": 1.0, ""contingency"": [[0, 1], [367, 24527]]}",{}
396,NC00962.3,EMB-0.25-0.9-0.8,0.0,GARC1,RUS,EMB,embB@D1056A,U,{},"{""proportion"": 1.0, ""confidence"": [0.26986594878405434, 1.0000000000000002], ""p_value"": 0.25, ""contingency"": [[1, 0], [367, 24527]]}",{}
397,NC00962.3,EMB-0.25-0.9-0.8,0.0,GARC1,RUS,EMB,embB@D240N,U,{},"{""proportion"": 0.0, ""confidence"": [0.0, 0.4741955741575127], ""p_value"": 1.0, ""contingency"": [[0, 3], [367, 24527]]}",{}
398,NC00962.3,EMB-0.25-0.9-0.8,0.0,GARC1,RUS,EMB,embA@V541M,U,{},"{""proportion"": 0.0, ""confidence"": [0.0, 0.7301340512159458], ""p_value"": 1.0, ""contingency"": [[0, 1], [367, 24527]]}",{}
399,NC00962.3,EMB-0.25-0.9-0.8,0.0,GARC1,RUS,EMB,embB@G100S,U,{},"{""proportion"": 0.0, ""confidence"": [0.0, 0.25272359742376316], ""p_value"": 0.21392822265625003, ""contingency"": [[0, 8], [367, 24527]]}",{}
400,NC00962.3,EMB-0.25-0.9-0.8,0.0,GARC1,RUS,EMB,embB@E378D,U,{},"{""proportion"": 0.0, ""confidence"": [0.0, 0.7301340512159458], ""p_value"": 1.0, ""contingency"": [[0, 1], [367, 24527]]}",{}
401,NC00962.3,EMB-0.25-0.9-0.8,0.0,GARC1,RUS,EMB,embB@T498N,U,{},"{""proportion"": 0.0, ""confidence"": [0.0, 0.40347862520270455], ""p_value"": 0.578125, ""contingency"": [[0, 4], [367, 24527]]}",{}
402,NC00962.3,EMB-0.25-0.9-0.8,0.0,GARC1,RUS,EMB,embB@F579V,U,{},"{""proportion"": 0.0, ""confidence"": [0.0, 0.7301340512159458], ""p_value"": 1.0, ""contingency"": [[0, 1], [367, 24527]]}",{}
403,NC00962.3,EMB-0.25-0.9-0.8,0.0,GARC1,RUS,EMB,embB@S617L,U,{},"{""proportion"": 0.0, ""confidence"": [0.0, 0.7301340512159458], ""p_value"": 1.0, ""contingency"": [[0, 1], [367, 24527]]}",{}
404,NC00962.3,EMB-0.25-0.9-0.8,0.0,GARC1,RUS,EMB,embB@P136S,U,{},"{""proportion"": 0.0, ""confidence"": [0.0, 0.5749693909936535], ""p_value"": 1.0, ""contingency"": [[0, 2], [367, 24527]]}",{}
405,NC00962.3,EMB-0.25-0.9-0.8,0.0,GARC1,RUS,EMB,embA@A316P,U,{},"{""proportion"": 0.0, ""confidence"": [0.0, 0.7301340512159458], ""p_value"": 1.0, ""contingency"": [[0, 1], [367, 24527]]}",{}
406,NC00962.3,EMB-0.25-0.9-0.8,0.0,GARC1,RUS,EMB,embB@A113T,U,{},"{""proportion"": 0.0, ""confidence"": [0.0, 0.7301340512159458], ""p_value"": 1.0, ""contingency"": [[0, 1], [367, 24527]]}",{}
407,NC00962.3,EMB-0.25-0.9-0.8,0.0,GARC1,RUS,EMB,embB@P1091Q,U,{},"{""proportion"": 0.0, ""confidence"": [0.0, 0.5749693909936535], ""p_value"": 1.0, ""contingency"": [[0, 2], [367, 24527]]}",{}
408,NC00962.3,EMB-0.25-0.9-0.8,0.0,GARC1,RUS,EMB,embB@A680T,U,{},"{""proportion"": 0.0, ""confidence"": [0.0, 0.3511165007651012], ""p_value"": 0.34082031250000006, ""contingency"": [[0, 5], [367, 24527]]}",{}
409,NC00962.3,EMB-0.25-0.9-0.8,0.0,GARC1,RUS,EMB,embA@A440T,U,{},"{""proportion"": 0.0, ""confidence"": [0.0, 0.7301340512159458], ""p_value"": 1.0, ""contingency"": [[0, 1], [367, 24527]]}",{}
410,NC00962.3,EMB-0.25-0.9-0.8,0.0,GARC1,RUS,EMB,embA@-26_del_a,U,{},"{""proportion"": 1.0, ""confidence"": [0.26986594878405434, 1.0000000000000002], ""p_value"": 0.25, ""contingency"": [[1, 0], [367, 24527]]}",{}
411,NC00962.3,EMB-0.25-0.9-0.8,0.0,GARC1,RUS,EMB,embB@A547S,U,{},"{""proportion"": 0.0, ""confidence"": [0.0, 0.3511165007651012], ""p_value"": 0.34082031250000006, ""contingency"": [[0, 5], [367, 24527]]}",{}
412,NC00962.3,EMB-0.25-0.9-0.8,0.0,GARC1,RUS,EMB,embA@P752L,U,{},"{""proportion"": 0.0, ""confidence"": [0.0, 0.5749693909936535], ""p_value"": 1.0, ""contingency"": [[0, 2], [367, 24527]]}",{}
413,NC00962.3,EMB-0.25-0.9-0.8,0.0,GARC1,RUS,EMB,embA@c-15g,U,{},"{""proportion"": 0.6666666666666666, ""confidence"": [0.25353386828122415, 0.9217342736662715], ""p_value"": 0.15625, ""contingency"": [[2, 1], [367, 24527]]}",{}
414,NC00962.3,EMB-0.25-0.9-0.8,0.0,GARC1,RUS,EMB,embA@D4Y,U,{},"{""proportion"": 0.0, ""confidence"": [0.0, 0.7301340512159458], ""p_value"": 1.0, ""contingency"": [[0, 1], [367, 24527]]}",{}
415,NC00962.3,EMB-0.25-0.9-0.8,0.0,GARC1,RUS,EMB,embA@Q497R,U,{},"{""proportion"": 0.0, ""confidence"": [0.0, 0.7301340512159458], ""p_value"": 1.0, ""contingency"": [[0, 1], [367, 24527]]}",{}
416,NC00962.3,EMB-0.25-0.9-0.8,0.0,GARC1,RUS,EMB,embB@P195H,U,{},"{""proportion"": 0.0, ""confidence"": [0.0, 0.25272359742376316], ""p_value"": 0.21392822265625003, ""contingency"": [[0, 8], [367, 24527]]}",{}
417,NC00962.3,EMB-0.25-0.9-0.8,0.0,GARC1,RUS,EMB,embA@T899S,U,{},"{""proportion"": 0.0, ""confidence"": [0.0, 0.7301340512159458], ""p_value"": 1.0, ""contingency"": [[0, 1], [367, 24527]]}",{}
418,NC00962.3,EMB-0.25-0.9-0.8,0.0,GARC1,RUS,EMB,embB@R1055S,U,{},"{""proportion"": 0.0, ""confidence"": [0.0, 0.7301340512159458], ""p_value"": 1.0, ""contingency"": [[0, 1], [367, 24527]]}",{}
419,NC00962.3,EMB-0.25-0.9-0.8,0.0,GARC1,RUS,EMB,embB@P708L,U,{},"{""proportion"": 0.0, ""confidence"": [0.0, 0.5749693909936535], ""p_value"": 1.0, ""contingency"": [[0, 2], [367, 24527]]}",{}
420,NC00962.3,EMB-0.25-0.9-0.8,0.0,GARC1,RUS,EMB,embB@S823R,U,{},"{""proportion"": 0.0, ""confidence"": [0.0, 0.40347862520270455], ""p_value"": 0.578125, ""contingency"": [[0, 4], [367, 24527]]}",{}
421,NC00962.3,EMB-0.25-0.9-0.8,0.0,GARC1,RUS,EMB,embB@A505T,U,{},"{""proportion"": 0.0, ""confidence"": [0.0, 0.7301340512159458], ""p_value"": 1.0, ""contingency"": [[0, 1], [367, 24527]]}",{}
422,NC00962.3,EMB-0.25-0.9-0.8,0.0,GARC1,RUS,EMB,embB@910_ins_tgg,U,{},"{""proportion"": 0.3333333333333333, ""confidence"": [0.0782657263337284, 0.7464661317187757], ""p_value"": 1.0, ""contingency"": [[1, 2], [367, 24527]]}",{}
423,NC00962.3,EMB-0.25-0.9-0.8,0.0,GARC1,RUS,EMB,embB@A451T,U,{},"{""proportion"": 0.0, ""confidence"": [0.0, 0.7301340512159458], ""p_value"": 1.0, ""contingency"": [[0, 1], [367, 24527]]}",{}
425,NC00962.3,EMB-0.25-0.9-0.8,0.0,GARC1,RUS,EMB,embB@Y334H,U,{},"{""proportion"": 0.0, ""confidence"": [0.0, 0.7301340512159458], ""p_value"": 1.0, ""contingency"": [[0, 1], [367, 24527]]}",{}
426,NC00962.3,EMB-0.25-0.9-0.8,0.0,GARC1,RUS,EMB,embA@-41_del_at,U,{},"{""proportion"": 1.0, ""confidence"": [0.26986594878405434, 1.0000000000000002], ""p_value"": 0.25, ""contingency"": [[1, 0], [367, 24527]]}",{}
427,NC00962.3,EMB-0.25-0.9-0.8,0.0,GARC1,RUS,EMB,embB@T546I,U,{},"{""proportion"": 1.0, ""confidence"": [0.26986594878405434, 1.0000000000000002], ""p_value"": 0.25, ""contingency"": [[1, 0], [367, 24527]]}",{}
428,NC00962.3,EMB-0.25-0.9-0.8,0.0,GARC1,RUS,EMB,embA@A571T,U,{},"{""proportion"": 0.0, ""confidence"": [0.0, 0.7301340512159458], ""p_value"": 1.0, ""contingency"": [[0, 1], [367, 24527]]}",{}
429,NC00962.3,EMB-0.25-0.9-0.8,0.0,GARC1,RUS,EMB,embB@G34E,U,{},"{""proportion"": 0.0, ""confidence"": [0.0, 0.7301340512159458], ""p_value"": 1.0, ""contingency"": [[0, 1], [367, 24527]]}",{}
430,NC00962.3,EMB-0.25-0.9-0.8,0.0,GARC1,RUS,EMB,embB@A228T,U,{},"{""proportion"": 0.0, ""confidence"": [0.0, 0.3511165007651012], ""p_value"": 0.34082031250000006, ""contingency"": [[0, 5], [367, 24527]]}",{}
431,NC00962.3,EMB-0.25-0.9-0.8,0.0,GARC1,RUS,EMB,embA@K677E,U,{},"{""proportion"": 0.0, ""confidence"": [0.0, 0.7301340512159458], ""p_value"": 1.0, ""contingency"": [[0, 1], [367, 24527]]}",{}
432,NC00962.3,EMB-0.25-0.9-0.8,0.0,GARC1,RUS,EMB,embA@T853A,U,{},"{""proportion"": 0.0, ""confidence"": [0.0, 0.31078398130591417], ""p_value"": 0.347412109375, ""contingency"": [[0, 6], [367, 24527]]}",{}
433,NC00962.3,EMB-0.25-0.9-0.8,0.0,GARC1,RUS,EMB,embA@A23G,U,{},"{""proportion"": 0.0, ""confidence"": [0.0, 0.7301340512159458], ""p_value"": 1.0, ""contingency"": [[0, 1], [367, 24527]]}",{}
434,NC00962.3,EMB-0.25-0.9-0.8,0.0,GARC1,RUS,EMB,embA@V1078M,U,{},"{""proportion"": 0.0, ""confidence"": [0.0, 0.7301340512159458], ""p_value"": 1.0, ""contingency"": [[0, 1], [367, 24527]]}",{}
435,NC00962.3,EMB-0.25-0.9-0.8,0.0,GARC1,RUS,EMB,embA@T300M,U,{},"{""proportion"": 0.0, ""confidence"": [0.0, 0.31078398130591417], ""p_value"": 0.347412109375, ""contingency"": [[0, 6], [367, 24527]]}",{}
436,NC00962.3,EMB-0.25-0.9-0.8,0.0,GARC1,RUS,EMB,embB@H154R,U,{},"{""proportion"": 0.0, ""confidence"": [0.0, 0.7301340512159458], ""p_value"": 1.0, ""contingency"": [[0, 1], [367, 24527]]}",{}
437,NC00962.3,EMB-0.25-0.9-0.8,0.0,GARC1,RUS,EMB,embB@Q853P,U,{},"{""proportion"": 0.0, ""confidence"": [0.0, 0.278762695452542], ""p_value"": 0.20404052734375, ""contingency"": [[0, 7], [367, 24527]]}",{}
438,NC00962.3,EMB-0.25-0.9-0.8,0.0,GARC1,RUS,EMB,embA@t-82c,U,{},"{""proportion"": 0.0, ""confidence"": [0.0, 0.5749693909936535], ""p_value"": 1.0, ""contingency"": [[0, 2], [367, 24527]]}",{}
439,NC00962.3,EMB-0.25-0.9-0.8,0.0,GARC1,RUS,EMB,embA@V489I,U,{},"{""proportion"": 0.0, ""confidence"": [0.0, 0.7301340512159458], ""p_value"": 1.0, ""contingency"": [[0, 1], [367, 24527]]}",{}
440,NC00962.3,EMB-0.25-0.9-0.8,0.0,GARC1,RUS,EMB,embA@L659F,U,{},"{""proportion"": 0.0, ""confidence"": [0.0, 0.3511165007651012], ""p_value"": 0.34082031250000006, ""contingency"": [[0, 5], [367, 24527]]}",{}
441,NC00962.3,EMB-0.25-0.9-0.8,0.0,GARC1,RUS,EMB,embA@S340N,U,{},"{""proportion"": 0.0, ""confidence"": [0.0, 0.7301340512159458], ""p_value"": 1.0, ""contingency"": [[0, 1], [367, 24527]]}",{}
442,NC00962.3,EMB-0.25-0.9-0.8,0.0,GARC1,RUS,EMB,embB@I556V,U,{},"{""proportion"": 0.0, ""confidence"": [0.0, 0.7301340512159458], ""p_value"": 1.0, ""contingency"": [[0, 1], [367, 24527]]}",{}
443,NC00962.3,EMB-0.25-0.9-0.8,0.0,GARC1,RUS,EMB,embB@G62R,U,{},"{""proportion"": 0.0, ""confidence"": [0.0, 0.4741955741575127], ""p_value"": 1.0, ""contingency"": [[0, 3], [367, 24527]]}",{}
444,NC00962.3,EMB-0.25-0.9-0.8,0.0,GARC1,RUS,EMB,embA@-40_del_t,U,{},"{""proportion"": 0.0, ""confidence"": [0.0, 0.31078398130591417], ""p_value"": 0.347412109375, ""contingency"": [[0, 6], [367, 24527]]}",{}
445,NC00962.3,EMB-0.25-0.9-0.8,0.0,GARC1,RUS,EMB,embB@P70R,U,{},"{""proportion"": 0.0, ""confidence"": [-2.1340331742842984e-17, 0.2311335193197566], ""p_value"": 0.12401199340820315, ""contingency"": [[0, 9], [367, 24527]]}",{}
446,NC00962.3,EMB-0.25-0.9-0.8,0.0,GARC1,RUS,EMB,embA@V613M,U,{},"{""proportion"": 0.0, ""confidence"": [0.0, 0.7301340512159458], ""p_value"": 1.0, ""contingency"": [[0, 1], [367, 24527]]}",{}
447,NC00962.3,EMB-0.25-0.9-0.8,0.0,GARC1,RUS,EMB,embA@D273N,U,{},"{""proportion"": 0.0, ""confidence"": [0.0, 0.7301340512159458], ""p_value"": 1.0, ""contingency"": [[0, 1], [367, 24527]]}",{}
448,NC00962.3,EMB-0.25-0.9-0.8,0.0,GARC1,RUS,EMB,embB@P655Q,U,{},"{""proportion"": 0.0, ""confidence"": [0.0, 0.40347862520270455], ""p_value"": 0.578125, ""contingency"": [[0, 4], [367, 24527]]}",{}
449,NC00962.3,EMB-0.25-0.9-0.8,0.0,GARC1,RUS,EMB,embB@R620C,U,{},"{""proportion"": 0.0, ""confidence"": [-2.1340331742842984e-17, 0.2311335193197566], ""p_value"": 0.12401199340820315, ""contingency"": [[0, 9], [367, 24527]]}",{}
450,NC00962.3,EMB-0.25-0.9-0.8,0.0,GARC1,RUS,EMB,embA@G1085V,U,{},"{""proportion"": 0.0, ""confidence"": [0.0, 0.7301340512159458], ""p_value"": 1.0, ""contingency"": [[0, 1], [367, 24527]]}",{}
451,NC00962.3,EMB-0.25-0.9-0.8,0.0,GARC1,RUS,EMB,embA@G623A,U,{},"{""proportion"": 0.0, ""confidence"": [0.0, 0.7301340512159458], ""p_value"": 1.0, ""contingency"": [[0, 1], [367, 24527]]}",{}
452,NC00962.3,EMB-0.25-0.9-0.8,0.0,GARC1,RUS,EMB,embB@S174N,U,{},"{""proportion"": 0.0, ""confidence"": [0.0, 0.7301340512159458], ""p_value"": 1.0, ""contingency"": [[0, 1], [367, 24527]]}",{}
453,NC00962.3,EMB-0.25-0.9-0.8,0.0,GARC1,RUS,EMB,embB@M91I,U,{},"{""proportion"": 0.0, ""confidence"": [0.0, 0.5749693909936535], ""p_value"": 1.0, ""contingency"": [[0, 2], [367, 24527]]}",{}
454,NC00962.3,EMB-0.25-0.9-0.8,0.0,GARC1,RUS,EMB,embB@L239R,U,{},"{""proportion"": 0.0, ""confidence"": [0.0, 0.7301340512159458], ""p_value"": 1.0, ""contingency"": [[0, 1], [367, 24527]]}",{}
455,NC00962.3,EMB-0.25-0.9-0.8,0.0,GARC1,RUS,EMB,embA@T434P,U,{},"{""proportion"": 0.0, ""confidence"": [0.0, 0.5749693909936535], ""p_value"": 1.0, ""contingency"": [[0, 2], [367, 24527]]}",{}
456,NC00962.3,EMB-0.25-0.9-0.8,0.0,GARC1,RUS,EMB,embB@P477A,U,{},"{""proportion"": 0.0, ""confidence"": [0.0, 0.7301340512159458], ""p_value"": 1.0, ""contingency"": [[0, 1], [367, 24527]]}",{}
457,NC00962.3,EMB-0.25-0.9-0.8,0.0,GARC1,RUS,EMB,embB@S142C,U,{},"{""proportion"": 0.0, ""confidence"": [0.0, 0.4741955741575127], ""p_value"": 1.0, ""contingency"": [[0, 3], [367, 24527]]}",{}
458,NC00962.3,EMB-0.25-0.9-0.8,0.0,GARC1,RUS,EMB,embA@A315V,U,{},"{""proportion"": 0.0, ""confidence"": [0.0, 0.7301340512159458], ""p_value"": 1.0, ""contingency"": [[0, 1], [367, 24527]]}",{}
459,NC00962.3,EMB-0.25-0.9-0.8,0.0,GARC1,RUS,EMB,embA@A419T,U,{},"{""proportion"": 0.0, ""confidence"": [0.0, 0.7301340512159458], ""p_value"": 1.0, ""contingency"": [[0, 1], [367, 24527]]}",{}
460,NC00962.3,EMB-0.25-0.9-0.8,0.0,GARC1,RUS,EMB,embA@D883E,U,{},"{""proportion"": 0.0, ""confidence"": [0.0, 0.7301340512159458], ""p_value"": 1.0, ""contingency"": [[0, 1], [367, 24527]]}",{}
461,NC00962.3,EMB-0.25-0.9-0.8,0.0,GARC1,RUS,EMB,embB@T341N,U,{},"{""proportion"": 0.0, ""confidence"": [0.0, 0.40347862520270455], ""p_value"": 0.578125, ""contingency"": [[0, 4], [367, 24527]]}",{}
462,NC00962.3,EMB-0.25-0.9-0.8,0.0,GARC1,RUS,EMB,embA@M735I,U,{},"{""proportion"": 0.0, ""confidence"": [0.0, 0.4741955741575127], ""p_value"": 1.0, ""contingency"": [[0, 3], [367, 24527]]}",{}
463,NC00962.3,EMB-0.25-0.9-0.8,0.0,GARC1,RUS,EMB,embB@V39G,U,{},"{""proportion"": 0.0, ""confidence"": [0.0, 0.5749693909936535], ""p_value"": 1.0, ""contingency"": [[0, 2], [367, 24527]]}",{}
464,NC00962.3,EMB-0.25-0.9-0.8,0.0,GARC1,RUS,EMB,embA@T837A,U,{},"{""proportion"": 0.0, ""confidence"": [0.0, 0.40347862520270455], ""p_value"": 0.578125, ""contingency"": [[0, 4], [367, 24527]]}",{}
465,NC00962.3,EMB-0.25-0.9-0.8,0.0,GARC1,RUS,EMB,embA@I413V,U,{},"{""proportion"": 0.0, ""confidence"": [0.0, 0.7301340512159458], ""p_value"": 1.0, ""contingency"": [[0, 1], [367, 24527]]}",{}
466,NC00962.3,EMB-0.25-0.9-0.8,0.0,GARC1,RUS,EMB,embB@A485V,U,{},"{""proportion"": 0.0, ""confidence"": [0.0, 0.5749693909936535], ""p_value"": 1.0, ""contingency"": [[0, 2], [367, 24527]]}",{}
467,NC00962.3,EMB-0.25-0.9-0.8,0.0,GARC1,RUS,EMB,embB@G194R,U,{},"{""proportion"": 0.0, ""confidence"": [0.0, 0.5749693909936535], ""p_value"": 1.0, ""contingency"": [[0, 2], [367, 24527]]}",{}
468,NC00962.3,EMB-0.25-0.9-0.8,0.0,GARC1,RUS,EMB,embB@T498I,U,{},"{""proportion"": 0.0, ""confidence"": [0.0, 0.5749693909936535], ""p_value"": 1.0, ""contingency"": [[0, 2], [367, 24527]]}",{}
469,NC00962.3,EMB-0.25-0.9-0.8,0.0,GARC1,RUS,EMB,embA@D1053A,U,{},"{""proportion"": 0.0, ""confidence"": [0.0, 0.7301340512159458], ""p_value"": 1.0, ""contingency"": [[0, 1], [367, 24527]]}",{}
470,NC00962.3,EMB-0.25-0.9-0.8,0.0,GARC1,RUS,EMB,embB@N129D,U,{},"{""proportion"": 0.0, ""confidence"": [0.0, 0.5749693909936535], ""p_value"": 1.0, ""contingency"": [[0, 2], [367, 24527]]}",{}
471,NC00962.3,EMB-0.25-0.9-0.8,0.0,GARC1,RUS,EMB,embA@A66V,U,{},"{""proportion"": 0.0, ""confidence"": [0.0, 0.7301340512159458], ""p_value"": 1.0, ""contingency"": [[0, 1], [367, 24527]]}",{}
472,NC00962.3,EMB-0.25-0.9-0.8,0.0,GARC1,RUS,EMB,embB@G244R,U,{},"{""proportion"": 0.0, ""confidence"": [0.0, 0.7301340512159458], ""p_value"": 1.0, ""contingency"": [[0, 1], [367, 24527]]}",{}
473,NC00962.3,EMB-0.25-0.9-0.8,0.0,GARC1,RUS,EMB,embA@L1008P,U,{},"{""proportion"": 0.0, ""confidence"": [0.0, 0.4741955741575127], ""p_value"": 1.0, ""contingency"": [[0, 3], [367, 24527]]}",{}
474,NC00962.3,EMB-0.25-0.9-0.8,0.0,GARC1,RUS,EMB,embA@G157R,U,{},"{""proportion"": 0.0, ""confidence"": [0.0, 0.7301340512159458], ""p_value"": 1.0, ""contingency"": [[0, 1], [367, 24527]]}",{}
475,NC00962.3,EMB-0.25-0.9-0.8,0.0,GARC1,RUS,EMB,embB@C549Y,U,{},"{""proportion"": 0.0, ""confidence"": [0.0, 0.4741955741575127], ""p_value"": 1.0, ""contingency"": [[0, 3], [367, 24527]]}",{}
476,NC00962.3,EMB-0.25-0.9-0.8,0.0,GARC1,RUS,EMB,embA@D865V,U,{},"{""proportion"": 0.0, ""confidence"": [0.0, 0.7301340512159458], ""p_value"": 1.0, ""contingency"": [[0, 1], [367, 24527]]}",{}
477,NC00962.3,EMB-0.25-0.9-0.8,0.0,GARC1,RUS,EMB,embA@W306R,U,{},"{""proportion"": 0.0, ""confidence"": [-2.1340331742842984e-17, 0.2311335193197566], ""p_value"": 0.12401199340820315, ""contingency"": [[0, 9], [367, 24527]]}",{}
478,NC00962.3,EMB-0.25-0.9-0.8,0.0,GARC1,RUS,EMB,embA@N37S,U,{},"{""proportion"": 0.0, ""confidence"": [0.0, 0.7301340512159458], ""p_value"": 1.0, ""contingency"": [[0, 1], [367, 24527]]}",{}
479,NC00962.3,EMB-0.25-0.9-0.8,0.0,GARC1,RUS,EMB,embA@G823E,U,{},"{""proportion"": 0.0, ""confidence"": [0.0, 0.4741955741575127], ""p_value"": 1.0, ""contingency"": [[0, 3], [367, 24527]]}",{}
480,NC00962.3,EMB-0.25-0.9-0.8,0.0,GARC1,RUS,EMB,embA@S1040L,U,{},"{""proportion"": 0.0, ""confidence"": [0.0, 0.7301340512159458], ""p_value"": 1.0, ""contingency"": [[0, 1], [367, 24527]]}",{}
481,NC00962.3,EMB-0.25-0.9-0.8,0.0,GARC1,RUS,EMB,embA@A804T,U,{},"{""proportion"": 0.0, ""confidence"": [0.0, 0.7301340512159458], ""p_value"": 1.0, ""contingency"": [[0, 1], [367, 24527]]}",{}
482,NC00962.3,EMB-0.25-0.9-0.8,0.0,GARC1,RUS,EMB,embA@W393S,U,{},"{""proportion"": 0.0, ""confidence"": [0.0, 0.7301340512159458], ""p_value"": 1.0, ""contingency"": [[0, 1], [367, 24527]]}",{}
483,NC00962.3,EMB-0.25-0.9-0.8,0.0,GARC1,RUS,EMB,embA@V534L,U,{},"{""proportion"": 0.0, ""confidence"": [0.0, 0.5749693909936535], ""p_value"": 1.0, ""contingency"": [[0, 2], [367, 24527]]}",{}
484,NC00962.3,EMB-0.25-0.9-0.8,0.0,GARC1,RUS,EMB,embA@Y502C,U,{},"{""proportion"": 0.0, ""confidence"": [0.0, 0.4741955741575127], ""p_value"": 1.0, ""contingency"": [[0, 3], [367, 24527]]}",{}
485,NC00962.3,EMB-0.25-0.9-0.8,0.0,GARC1,RUS,EMB,embA@H1011Y,U,{},"{""proportion"": 0.0, ""confidence"": [0.0, 0.7301340512159458], ""p_value"": 1.0, ""contingency"": [[0, 1], [367, 24527]]}",{}
486,NC00962.3,EMB-0.25-0.9-0.8,0.0,GARC1,RUS,EMB,embB@M396L,U,{},"{""proportion"": 0.0, ""confidence"": [0.0, 0.7301340512159458], ""p_value"": 1.0, ""contingency"": [[0, 1], [367, 24527]]}",{}
487,NC00962.3,EMB-0.25-0.9-0.8,0.0,GARC1,RUS,EMB,embA@R194Q,U,{},"{""proportion"": 0.0, ""confidence"": [0.0, 0.3511165007651012], ""p_value"": 0.34082031250000006, ""contingency"": [[0, 5], [367, 24527]]}",{}
488,NC00962.3,EMB-0.25-0.9-0.8,0.0,GARC1,RUS,EMB,embA@V911G,U,{},"{""proportion"": 0.0, ""confidence"": [0.0, 0.7301340512159458], ""p_value"": 1.0, ""contingency"": [[0, 1], [367, 24527]]}",{}
489,NC00962.3,EMB-0.25-0.9-0.8,0.0,GARC1,RUS,EMB,embA@A223V,U,{},"{""proportion"": 0.0, ""confidence"": [0.0, 0.7301340512159458], ""p_value"": 1.0, ""contingency"": [[0, 1], [367, 24527]]}",{}
490,NC00962.3,EMB-0.25-0.9-0.8,0.0,GARC1,RUS,EMB,embB@S22F,U,{},"{""proportion"": 0.0, ""confidence"": [0.0, 0.7301340512159458], ""p_value"": 1.0, ""contingency"": [[0, 1], [367, 24527]]}",{}
491,NC00962.3,EMB-0.25-0.9-0.8,0.0,GARC1,RUS,EMB,embB@G305C,U,{},"{""proportion"": 0.0, ""confidence"": [0.0, 0.4741955741575127], ""p_value"": 1.0, ""contingency"": [[0, 3], [367, 24527]]}",{}
492,NC00962.3,EMB-0.25-0.9-0.8,0.0,GARC1,RUS,EMB,embA@R866Q,U,{},"{""proportion"": 0.0, ""confidence"": [0.0, 0.5749693909936535], ""p_value"": 1.0, ""contingency"": [[0, 2], [367, 24527]]}",{}
493,NC00962.3,EMB-0.25-0.9-0.8,0.0,GARC1,RUS,EMB,embA@D4N,U,{},"{""proportion"": 0.0, ""confidence"": [0.0, 0.7301340512159458], ""p_value"": 1.0, ""contingency"": [[0, 1], [367, 24527]]}",{}
494,NC00962.3,EMB-0.25-0.9-0.8,0.0,GARC1,RUS,EMB,embA@R229T,U,{},"{""proportion"": 0.0, ""confidence"": [0.0, 0.7301340512159458], ""p_value"": 1.0, ""contingency"": [[0, 1], [367, 24527]]}",{}
495,NC00962.3,EMB-0.25-0.9-0.8,0.0,GARC1,RUS,EMB,embB@V377M,U,{},"{""proportion"": 0.0, ""confidence"": [0.0, 0.7301340512159458], ""p_value"": 1.0, ""contingency"": [[0, 1], [367, 24527]]}",{}
496,NC00962.3,EMB-0.25-0.9-0.8,0.0,GARC1,RUS,EMB,embA@L261S,U,{},"{""proportion"": 0.0, ""confidence"": [0.0, 0.7301340512159458], ""p_value"": 1.0, ""contingency"": [[0, 1], [367, 24527]]}",{}
497,NC00962.3,EMB-0.25-0.9-0.8,0.0,GARC1,RUS,EMB,embA@R445P,U,{},"{""proportion"": 0.0, ""confidence"": [0.0, 0.7301340512159458], ""p_value"": 1.0, ""contingency"": [[0, 1], [367, 24527]]}",{}
498,NC00962.3,EMB-0.25-0.9-0.8,0.0,GARC1,RUS,EMB,embB@E138G,U,{},"{""proportion"": 0.0, ""confidence"": [0.0, 0.5749693909936535], ""p_value"": 1.0, ""contingency"": [[0, 2], [367, 24527]]}",{}
499,NC00962.3,EMB-0.25-0.9-0.8,0.0,GARC1,RUS,EMB,embB@A155V,U,{},"{""proportion"": 0.0, ""confidence"": [0.0, 0.7301340512159458], ""p_value"": 1.0, ""contingency"": [[0, 1], [367, 24527]]}",{}
500,NC00962.3,EMB-0.25-0.9-0.8,0.0,GARC1,RUS,EMB,embB@A852V,U,{},"{""proportion"": 0.0, ""confidence"": [0.0, 0.7301340512159458], ""p_value"": 1.0, ""contingency"": [[0, 1], [367, 24527]]}",{}
501,NC00962.3,EMB-0.25-0.9-0.8,0.0,GARC1,RUS,EMB,embA@A259T,U,{},"{""proportion"": 0.0, ""confidence"": [0.0, 0.7301340512159458], ""p_value"": 1.0, ""contingency"": [[0, 1], [367, 24527]]}",{}
502,NC00962.3,EMB-0.25-0.9-0.8,0.0,GARC1,RUS,EMB,embA@H673R,U,{},"{""proportion"": 0.0, ""confidence"": [0.0, 0.278762695452542], ""p_value"": 0.20404052734375, ""contingency"": [[0, 7], [367, 24527]]}",{}
503,NC00962.3,EMB-0.25-0.9-0.8,0.0,GARC1,RUS,EMB,embB@F79L,U,{},"{""proportion"": 0.0, ""confidence"": [0.0, 0.7301340512159458], ""p_value"": 1.0, ""contingency"": [[0, 1], [367, 24527]]}",{}
504,NC00962.3,EMB-0.25-0.9-0.8,0.0,GARC1,RUS,EMB,embA@L781H,U,{},"{""proportion"": 0.0, ""confidence"": [0.0, 0.7301340512159458], ""p_value"": 1.0, ""contingency"": [[0, 1], [367, 24527]]}",{}
505,NC00962.3,EMB-0.25-0.9-0.8,0.0,GARC1,RUS,EMB,embB@A693T,U,{},"{""proportion"": 0.0, ""confidence"": [0.0, 0.5749693909936535], ""p_value"": 1.0, ""contingency"": [[0, 2], [367, 24527]]}",{}
506,NC00962.3,EMB-0.25-0.9-0.8,0.0,GARC1,RUS,EMB,embB@T797A,U,{},"{""proportion"": 0.0, ""confidence"": [0.0, 0.4741955741575127], ""p_value"": 1.0, ""contingency"": [[0, 3], [367, 24527]]}",{}
507,NC00962.3,EMB-0.25-0.9-0.8,0.0,GARC1,RUS,EMB,embA@V627A,U,{},"{""proportion"": 0.0, ""confidence"": [0.0, 0.5749693909936535], ""p_value"": 1.0, ""contingency"": [[0, 2], [367, 24527]]}",{}
508,NC00962.3,EMB-0.25-0.9-0.8,0.0,GARC1,RUS,EMB,embB@P93H,U,{},"{""proportion"": 0.0, ""confidence"": [0.0, 0.7301340512159458], ""p_value"": 1.0, ""contingency"": [[0, 1], [367, 24527]]}",{}
509,NC00962.3,EMB-0.25-0.9-0.8,0.0,GARC1,RUS,EMB,embB@S272N,U,{},"{""proportion"": 0.0, ""confidence"": [0.0, 0.4741955741575127], ""p_value"": 1.0, ""contingency"": [[0, 3], [367, 24527]]}",{}
510,NC00962.3,EMB-0.25-0.9-0.8,0.0,GARC1,RUS,EMB,embA@V646L,U,{},"{""proportion"": 0.0, ""confidence"": [0.0, 0.7301340512159458], ""p_value"": 1.0, ""contingency"": [[0, 1], [367, 24527]]}",{}
511,NC00962.3,EMB-0.25-0.9-0.8,0.0,GARC1,RUS,EMB,embB@Y848H,U,{},"{""proportion"": 0.0, ""confidence"": [0.0, 0.7301340512159458], ""p_value"": 1.0, ""contingency"": [[0, 1], [367, 24527]]}",{}
512,NC00962.3,EMB-0.25-0.9-0.8,0.0,GARC1,RUS,EMB,embA@V396M,U,{},"{""proportion"": 0.0, ""confidence"": [0.0, 0.5749693909936535], ""p_value"": 1.0, ""contingency"": [[0, 2], [367, 24527]]}",{}
513,NC00962.3,EMB-0.25-0.9-0.8,0.0,GARC1,RUS,EMB,embB@P45L,U,{},"{""proportion"": 0.0, ""confidence"": [0.0, 0.7301340512159458], ""p_value"": 1.0, ""contingency"": [[0, 1], [367, 24527]]}",{}
514,NC00962.3,EMB-0.25-0.9-0.8,0.0,GARC1,RUS,EMB,embA@S20P,U,{},"{""proportion"": 0.0, ""confidence"": [0.0, 0.40347862520270455], ""p_value"": 0.578125, ""contingency"": [[0, 4], [367, 24527]]}",{}
515,NC00962.3,EMB-0.25-0.9-0.8,0.0,GARC1,RUS,EMB,embB@T532A,U,{},"{""proportion"": 0.0, ""confidence"": [0.0, 0.5749693909936535], ""p_value"": 1.0, ""contingency"": [[0, 2], [367, 24527]]}",{}
516,NC00962.3,EMB-0.25-0.9-0.8,0.0,GARC1,RUS,EMB,embA@I553L,U,{},"{""proportion"": 0.0, ""confidence"": [0.0, 0.5749693909936535], ""p_value"": 1.0, ""contingency"": [[0, 2], [367, 24527]]}",{}
517,NC00962.3,EMB-0.25-0.9-0.8,0.0,GARC1,RUS,EMB,embB@A388D,U,{},"{""proportion"": 0.0, ""confidence"": [0.0, 0.5749693909936535], ""p_value"": 1.0, ""contingency"": [[0, 2], [367, 24527]]}",{}
518,NC00962.3,EMB-0.25-0.9-0.8,0.0,GARC1,RUS,EMB,embB@P907S,U,{},"{""proportion"": 0.0, ""confidence"": [0.0, 0.7301340512159458], ""p_value"": 1.0, ""contingency"": [[0, 1], [367, 24527]]}",{}
519,NC00962.3,EMB-0.25-0.9-0.8,0.0,GARC1,RUS,EMB,embA@L967M,U,{},"{""proportion"": 0.0, ""confidence"": [0.0, 0.7301340512159458], ""p_value"": 1.0, ""contingency"": [[0, 1], [367, 24527]]}",{}
520,NC00962.3,EMB-0.25-0.9-0.8,0.0,GARC1,RUS,EMB,embA@D144G,U,{},"{""proportion"": 0.0, ""confidence"": [0.0, 0.7301340512159458], ""p_value"": 1.0, ""contingency"": [[0, 1], [367, 24527]]}",{}
521,NC00962.3,EMB-0.25-0.9-0.8,0.0,GARC1,RUS,EMB,embB@A627V,U,{},"{""proportion"": 0.0, ""confidence"": [0.0, 0.7301340512159458], ""p_value"": 1.0, ""contingency"": [[0, 1], [367, 24527]]}",{}
522,NC00962.3,EMB-0.25-0.9-0.8,0.0,GARC1,RUS,EMB,embB@A155P,U,{},"{""proportion"": 0.0, ""confidence"": [0.0, 0.40347862520270455], ""p_value"": 0.578125, ""contingency"": [[0, 4], [367, 24527]]}",{}
523,NC00962.3,EMB-0.25-0.9-0.8,0.0,GARC1,RUS,EMB,embB@A204T,U,{},"{""proportion"": 0.0, ""confidence"": [0.0, 0.7301340512159458], ""p_value"": 1.0, ""contingency"": [[0, 1], [367, 24527]]}",{}
524,NC00962.3,EMB-0.25-0.9-0.8,0.0,GARC1,RUS,EMB,embA@M697V,U,{},"{""proportion"": 0.0, ""confidence"": [0.0, 0.4741955741575127], ""p_value"": 1.0, ""contingency"": [[0, 3], [367, 24527]]}",{}
525,NC00962.3,EMB-0.25-0.9-0.8,0.0,GARC1,RUS,EMB,embA@A586T,U,{},"{""proportion"": 0.0, ""confidence"": [0.0, 0.5749693909936535], ""p_value"": 1.0, ""contingency"": [[0, 2], [367, 24527]]}",{}
526,NC00962.3,EMB-0.25-0.9-0.8,0.0,GARC1,RUS,EMB,embB@A454P,U,{},"{""proportion"": 0.0, ""confidence"": [0.0, 0.7301340512159458], ""p_value"": 1.0, ""contingency"": [[0, 1], [367, 24527]]}",{}
527,NC00962.3,EMB-0.25-0.9-0.8,0.0,GARC1,RUS,EMB,embB@D970A,U,{},"{""proportion"": 0.0, ""confidence"": [0.0, 0.7301340512159458], ""p_value"": 1.0, ""contingency"": [[0, 1], [367, 24527]]}",{}
528,NC00962.3,EMB-0.25-0.9-0.8,0.0,GARC1,RUS,EMB,embA@L525M,U,{},"{""proportion"": 0.0, ""confidence"": [0.0, 0.5749693909936535], ""p_value"": 1.0, ""contingency"": [[0, 2], [367, 24527]]}",{}
529,NC00962.3,EMB-0.25-0.9-0.8,0.0,GARC1,RUS,EMB,embB@D664G,U,{},"{""proportion"": 0.0, ""confidence"": [0.0, 0.7301340512159458], ""p_value"": 1.0, ""contingency"": [[0, 1], [367, 24527]]}",{}
530,NC00962.3,EMB-0.25-0.9-0.8,0.0,GARC1,RUS,EMB,embB@G65D,U,{},"{""proportion"": 0.0, ""confidence"": [0.0, 0.40347862520270455], ""p_value"": 0.578125, ""contingency"": [[0, 4], [367, 24527]]}",{}
531,NC00962.3,EMB-0.25-0.9-0.8,0.0,GARC1,RUS,EMB,embA@W306G,U,{},"{""proportion"": 0.0, ""confidence"": [0.0, 0.7301340512159458], ""p_value"": 1.0, ""contingency"": [[0, 1], [367, 24527]]}",{}
532,NC00962.3,EMB-0.25-0.9-0.8,0.0,GARC1,RUS,EMB,embB@V414G,U,{},"{""proportion"": 0.0, ""confidence"": [0.0, 0.5749693909936535], ""p_value"": 1.0, ""contingency"": [[0, 2], [367, 24527]]}",{}
533,NC00962.3,EMB-0.25-0.9-0.8,0.0,GARC1,RUS,EMB,embA@D274G,U,{},"{""proportion"": 0.0, ""confidence"": [0.0, 0.7301340512159458], ""p_value"": 1.0, ""contingency"": [[0, 1], [367, 24527]]}",{}
534,NC00962.3,EMB-0.25-0.9-0.8,0.0,GARC1,RUS,EMB,embA@A364T,U,{},"{""proportion"": 0.0, ""confidence"": [0.0, 0.7301340512159458], ""p_value"": 1.0, ""contingency"": [[0, 1], [367, 24527]]}",{}
535,NC00962.3,EMB-0.25-0.9-0.8,0.0,GARC1,RUS,EMB,embA@E512A,U,{},"{""proportion"": 0.0, ""confidence"": [0.0, 0.7301340512159458], ""p_value"": 1.0, ""contingency"": [[0, 1], [367, 24527]]}",{}
536,NC00962.3,EMB-0.25-0.9-0.8,0.0,GARC1,RUS,EMB,embB@W621S,U,{},"{""proportion"": 0.0, ""confidence"": [0.0, 0.7301340512159458], ""p_value"": 1.0, ""contingency"": [[0, 1], [367, 24527]]}",{}
537,NC00962.3,EMB-0.25-0.9-0.8,0.0,GARC1,RUS,EMB,embA@R188H,U,{},"{""proportion"": 0.0, ""confidence"": [0.0, 0.7301340512159458], ""p_value"": 1.0, ""contingency"": [[0, 1], [367, 24527]]}",{}
538,NC00962.3,EMB-0.25-0.9-0.8,0.0,GARC1,RUS,EMB,embB@G106V,U,{},"{""proportion"": 0.0, ""confidence"": [0.0, 0.7301340512159458], ""p_value"": 1.0, ""contingency"": [[0, 1], [367, 24527]]}",{}
539,NC00962.3,EMB-0.25-0.9-0.8,0.0,GARC1,RUS,EMB,embA@I595V,U,{},"{""proportion"": 0.0, ""confidence"": [0.0, 0.3511165007651012], ""p_value"": 0.34082031250000006, ""contingency"": [[0, 5], [367, 24527]]}",{}
540,NC00962.3,EMB-0.25-0.9-0.8,0.0,GARC1,RUS,EMB,embB@I16L,U,{},"{""proportion"": 0.0, ""confidence"": [0.0, 0.40347862520270455], ""p_value"": 0.578125, ""contingency"": [[0, 4], [367, 24527]]}",{}
541,NC00962.3,EMB-0.25-0.9-0.8,0.0,GARC1,RUS,EMB,embA@G729R,U,{},"{""proportion"": 0.0, ""confidence"": [0.0, 0.4741955741575127], ""p_value"": 1.0, ""contingency"": [[0, 3], [367, 24527]]}",{}
542,NC00962.3,EMB-0.25-0.9-0.8,0.0,GARC1,RUS,EMB,embB@A235V,U,{},"{""proportion"": 0.0, ""confidence"": [0.0, 0.7301340512159458], ""p_value"": 1.0, ""contingency"": [[0, 1], [367, 24527]]}",{}
543,NC00962.3,EMB-0.25-0.9-0.8,0.0,GARC1,RUS,EMB,embA@I131V,U,{},"{""proportion"": 0.0, ""confidence"": [0.0, 0.4741955741575127], ""p_value"": 1.0, ""contingency"": [[0, 3], [367, 24527]]}",{}
544,NC00962.3,EMB-0.25-0.9-0.8,0.0,GARC1,RUS,EMB,embB@F176L,U,{},"{""proportion"": 0.0, ""confidence"": [0.0, 0.7301340512159458], ""p_value"": 1.0, ""contingency"": [[0, 1], [367, 24527]]}",{}
545,NC00962.3,EMB-0.25-0.9-0.8,0.0,GARC1,RUS,EMB,embB@P197R,U,{},"{""proportion"": 0.0, ""confidence"": [0.0, 0.7301340512159458], ""p_value"": 1.0, ""contingency"": [[0, 1], [367, 24527]]}",{}
546,NC00962.3,EMB-0.25-0.9-0.8,0.0,GARC1,RUS,EMB,embA@N110D,U,{},"{""proportion"": 0.0, ""confidence"": [0.0, 0.5749693909936535], ""p_value"": 1.0, ""contingency"": [[0, 2], [367, 24527]]}",{}
547,NC00962.3,EMB-0.25-0.9-0.8,0.0,GARC1,RUS,EMB,embB@V282A,U,{},"{""proportion"": 0.0, ""confidence"": [0.0, 0.7301340512159458], ""p_value"": 1.0, ""contingency"": [[0, 1], [367, 24527]]}",{}
548,NC00962.3,EMB-0.25-0.9-0.8,0.0,GARC1,RUS,EMB,embB@R257W,U,{},"{""proportion"": 0.0, ""confidence"": [0.0, 0.5749693909936535], ""p_value"": 1.0, ""contingency"": [[0, 2], [367, 24527]]}",{}
549,NC00962.3,EMB-0.25-0.9-0.8,0.0,GARC1,RUS,EMB,embA@P381L,U,{},"{""proportion"": 0.0, ""confidence"": [0.0, 0.5749693909936535], ""p_value"": 1.0, ""contingency"": [[0, 2], [367, 24527]]}",{}
550,NC00962.3,EMB-0.25-0.9-0.8,0.0,GARC1,RUS,EMB,embA@G1088!,U,{},"{""proportion"": 0.0, ""confidence"": [0.0, 0.7301340512159458], ""p_value"": 1.0, ""contingency"": [[0, 1], [367, 24527]]}",{}
551,NC00962.3,EMB-0.25-0.9-0.8,0.0,GARC1,RUS,EMB,embB@R623P,U,{},"{""proportion"": 0.0, ""confidence"": [0.0, 0.7301340512159458], ""p_value"": 1.0, ""contingency"": [[0, 1], [367, 24527]]}",{}
552,NC00962.3,EMB-0.25-0.9-0.8,0.0,GARC1,RUS,EMB,embA@A109T,U,{},"{""proportion"": 0.0, ""confidence"": [0.0, 0.5749693909936535], ""p_value"": 1.0, ""contingency"": [[0, 2], [367, 24527]]}",{}
553,NC00962.3,EMB-0.25-0.9-0.8,0.0,GARC1,RUS,EMB,embA@L563V,U,{},"{""proportion"": 0.0, ""confidence"": [0.0, 0.7301340512159458], ""p_value"": 1.0, ""contingency"": [[0, 1], [367, 24527]]}",{}
554,NC00962.3,EMB-0.25-0.9-0.8,0.0,GARC1,RUS,EMB,embB@G665W,U,{},"{""proportion"": 0.0, ""confidence"": [0.0, 0.40347862520270455], ""p_value"": 0.578125, ""contingency"": [[0, 4], [367, 24527]]}",{}
555,NC00962.3,EMB-0.25-0.9-0.8,0.0,GARC1,RUS,EMB,embB@A1083V,U,{},"{""proportion"": 0.0, ""confidence"": [0.0, 0.7301340512159458], ""p_value"": 1.0, ""contingency"": [[0, 1], [367, 24527]]}",{}
556,NC00962.3,EMB-0.25-0.9-0.8,0.0,GARC1,RUS,EMB,embB@L1053V,U,{},"{""proportion"": 0.0, ""confidence"": [0.0, 0.7301340512159458], ""p_value"": 1.0, ""contingency"": [[0, 1], [367, 24527]]}",{}
557,NC00962.3,EMB-0.25-0.9-0.8,0.0,GARC1,RUS,EMB,embB@A993T,U,{},"{""proportion"": 0.0, ""confidence"": [0.0, 0.7301340512159458], ""p_value"": 1.0, ""contingency"": [[0, 1], [367, 24527]]}",{}
558,NC00962.3,EMB-0.25-0.9-0.8,0.0,GARC1,RUS,EMB,embA@A494S,U,{},"{""proportion"": 0.0, ""confidence"": [0.0, 0.7301340512159458], ""p_value"": 1.0, ""contingency"": [[0, 1], [367, 24527]]}",{}
559,NC00962.3,EMB-0.25-0.9-0.8,0.0,GARC1,RUS,EMB,embA@I821T,U,{},"{""proportion"": 0.0, ""confidence"": [0.0, 0.7301340512159458], ""p_value"": 1.0, ""contingency"": [[0, 1], [367, 24527]]}",{}
560,NC00962.3,EMB-0.25-0.9-0.8,0.0,GARC1,RUS,EMB,embB@D752H,U,{},"{""proportion"": 0.0, ""confidence"": [0.0, 0.7301340512159458], ""p_value"": 1.0, ""contingency"": [[0, 1], [367, 24527]]}",{}
561,NC00962.3,EMB-0.25-0.9-0.8,0.0,GARC1,RUS,EMB,embB@V898M,U,{},"{""proportion"": 0.0, ""confidence"": [0.0, 0.7301340512159458], ""p_value"": 1.0, ""contingency"": [[0, 1], [367, 24527]]}",{}
562,NC00962.3,EMB-0.25-0.9-0.8,0.0,GARC1,RUS,EMB,embA@T300A,U,{},"{""proportion"": 0.0, ""confidence"": [0.0, 0.7301340512159458], ""p_value"": 1.0, ""contingency"": [[0, 1], [367, 24527]]}",{}
563,NC00962.3,EMB-0.25-0.9-0.8,0.0,GARC1,RUS,EMB,embA@N847S,U,{},"{""proportion"": 0.0, ""confidence"": [0.0, 0.7301340512159458], ""p_value"": 1.0, ""contingency"": [[0, 1], [367, 24527]]}",{}
564,NC00962.3,EMB-0.25-0.9-0.8,0.0,GARC1,RUS,EMB,embA@R11Q,U,{},"{""proportion"": 0.0, ""confidence"": [0.0, 0.5749693909936535], ""p_value"": 1.0, ""contingency"": [[0, 2], [367, 24527]]}",{}
565,NC00962.3,EMB-0.25-0.9-0.8,0.0,GARC1,RUS,EMB,embB@D78E,U,{},"{""proportion"": 0.0, ""confidence"": [0.0, 0.7301340512159458], ""p_value"": 1.0, ""contingency"": [[0, 1], [367, 24527]]}",{}
566,NC00962.3,EMB-0.25-0.9-0.8,0.0,GARC1,RUS,EMB,embA@G817S,U,{},"{""proportion"": 0.0, ""confidence"": [0.0, 0.7301340512159458], ""p_value"": 1.0, ""contingency"": [[0, 1], [367, 24527]]}",{}
567,NC00962.3,EMB-0.25-0.9-0.8,0.0,GARC1,RUS,EMB,embA@V458P,U,{},"{""proportion"": 0.0, ""confidence"": [0.0, 0.5749693909936535], ""p_value"": 1.0, ""contingency"": [[0, 2], [367, 24527]]}",{}
568,NC00962.3,EMB-0.25-0.9-0.8,0.0,GARC1,RUS,EMB,embA@R234P,U,{},"{""proportion"": 0.0, ""confidence"": [0.0, 0.7301340512159458], ""p_value"": 1.0, ""contingency"": [[0, 1], [367, 24527]]}",{}
569,NC00962.3,EMB-0.25-0.9-0.8,0.0,GARC1,RUS,EMB,embB@P809S,U,{},"{""proportion"": 0.0, ""confidence"": [0.0, 0.3511165007651012], ""p_value"": 0.34082031250000006, ""contingency"": [[0, 5], [367, 24527]]}",{}
570,NC00962.3,EMB-0.25-0.9-0.8,0.0,GARC1,RUS,EMB,embB@P12Q,U,{},"{""proportion"": 0.0, ""confidence"": [0.0, 0.7301340512159458], ""p_value"": 1.0, ""contingency"": [[0, 1], [367, 24527]]}",{}
571,NC00962.3,EMB-0.25-0.9-0.8,0.0,GARC1,RUS,EMB,embA@T983I,U,{},"{""proportion"": 0.0, ""confidence"": [0.0, 0.5749693909936535], ""p_value"": 1.0, ""contingency"": [[0, 2], [367, 24527]]}",{}
572,NC00962.3,EMB-0.25-0.9-0.8,0.0,GARC1,RUS,EMB,embB@V727A,U,{},"{""proportion"": 0.0, ""confidence"": [0.0, 0.7301340512159458], ""p_value"": 1.0, ""contingency"": [[0, 1], [367, 24527]]}",{}
573,NC00962.3,EMB-0.25-0.9-0.8,0.0,GARC1,RUS,EMB,embA@M324V,U,{},"{""proportion"": 0.0, ""confidence"": [0.0, 0.7301340512159458], ""p_value"": 1.0, ""contingency"": [[0, 1], [367, 24527]]}",{}
574,NC00962.3,EMB-0.25-0.9-0.8,0.0,GARC1,RUS,EMB,embA@V458A,U,{},"{""proportion"": 0.0, ""confidence"": [0.0, 0.7301340512159458], ""p_value"": 1.0, ""contingency"": [[0, 1], [367, 24527]]}",{}
575,NC00962.3,EMB-0.25-0.9-0.8,0.0,GARC1,RUS,EMB,embB@L268P,U,{},"{""proportion"": 0.0, ""confidence"": [0.0, 0.7301340512159458], ""p_value"": 1.0, ""contingency"": [[0, 1], [367, 24527]]}",{}
576,NC00962.3,EMB-0.25-0.9-0.8,0.0,GARC1,RUS,EMB,embA@F650L,U,{},"{""proportion"": 0.0, ""confidence"": [0.0, 0.7301340512159458], ""p_value"": 1.0, ""contingency"": [[0, 1], [367, 24527]]}",{}
577,NC00962.3,EMB-0.25-0.9-0.8,0.0,GARC1,RUS,EMB,embA@Q990H,U,{},"{""proportion"": 0.0, ""confidence"": [0.0, 0.7301340512159458], ""p_value"": 1.0, ""contingency"": [[0, 1], [367, 24527]]}",{}
578,NC00962.3,EMB-0.25-0.9-0.8,0.0,GARC1,RUS,EMB,embA@E397K,U,{},"{""proportion"": 0.0, ""confidence"": [0.0, 0.7301340512159458], ""p_value"": 1.0, ""contingency"": [[0, 1], [367, 24527]]}",{}
579,NC00962.3,EMB-0.25-0.9-0.8,0.0,GARC1,RUS,EMB,embB@P818T,U,{},"{""proportion"": 0.0, ""confidence"": [0.0, 0.5749693909936535], ""p_value"": 1.0, ""contingency"": [[0, 2], [367, 24527]]}",{}
580,NC00962.3,EMB-0.25-0.9-0.8,0.0,GARC1,RUS,EMB,embB@A705T,U,{},"{""proportion"": 0.0, ""confidence"": [0.0, 0.7301340512159458], ""p_value"": 1.0, ""contingency"": [[0, 1], [367, 24527]]}",{}
581,NC00962.3,EMB-0.25-0.9-0.8,0.0,GARC1,RUS,EMB,embB@I226V,U,{},"{""proportion"": 0.0, ""confidence"": [0.0, 0.4741955741575127], ""p_value"": 1.0, ""contingency"": [[0, 3], [367, 24527]]}",{}
582,NC00962.3,EMB-0.25-0.9-0.8,0.0,GARC1,RUS,EMB,embB@W28S,U,{},"{""proportion"": 0.0, ""confidence"": [0.0, 0.7301340512159458], ""p_value"": 1.0, ""contingency"": [[0, 1], [367, 24527]]}",{}
583,NC00962.3,EMB-0.25-0.9-0.8,0.0,GARC1,RUS,EMB,embB@T819I,U,{},"{""proportion"": 0.0, ""confidence"": [0.0, 0.7301340512159458], ""p_value"": 1.0, ""contingency"": [[0, 1], [367, 24527]]}",{}
584,NC00962.3,EMB-0.25-0.9-0.8,0.0,GARC1,RUS,EMB,embA@A284S,U,{},"{""proportion"": 0.0, ""confidence"": [0.0, 0.7301340512159458], ""p_value"": 1.0, ""contingency"": [[0, 1], [367, 24527]]}",{}
585,NC00962.3,EMB-0.25-0.9-0.8,0.0,GARC1,RUS,EMB,embB@A677T,U,{},"{""proportion"": 0.0, ""confidence"": [0.0, 0.7301340512159458], ""p_value"": 1.0, ""contingency"": [[0, 1], [367, 24527]]}",{}
586,NC00962.3,EMB-0.25-0.9-0.8,0.0,GARC1,RUS,EMB,embB@R1059G,U,{},"{""proportion"": 0.0, ""confidence"": [0.0, 0.7301340512159458], ""p_value"": 1.0, ""contingency"": [[0, 1], [367, 24527]]}",{}
587,NC00962.3,EMB-0.25-0.9-0.8,0.0,GARC1,RUS,EMB,embA@T1033I,U,{},"{""proportion"": 0.0, ""confidence"": [0.0, 0.7301340512159458], ""p_value"": 1.0, ""contingency"": [[0, 1], [367, 24527]]}",{}
588,NC00962.3,EMB-0.25-0.9-0.8,0.0,GARC1,RUS,EMB,embB@T830M,U,{},"{""proportion"": 0.0, ""confidence"": [0.0, 0.7301340512159458], ""p_value"": 1.0, ""contingency"": [[0, 1], [367, 24527]]}",{}
589,NC00962.3,EMB-0.25-0.9-0.8,0.0,GARC1,RUS,EMB,embB@C549G,U,{},"{""proportion"": 0.0, ""confidence"": [0.0, 0.7301340512159458], ""p_value"": 1.0, ""contingency"": [[0, 1], [367, 24527]]}",{}
590,NC00962.3,EMB-0.25-0.9-0.8,0.0,GARC1,RUS,EMB,embA@T113M,U,{},"{""proportion"": 0.0, ""confidence"": [0.0, 0.7301340512159458], ""p_value"": 1.0, ""contingency"": [[0, 1], [367, 24527]]}",{}
591,NC00962.3,EMB-0.25-0.9-0.8,0.0,GARC1,RUS,EMB,embB@A201T,U,{},"{""proportion"": 0.0, ""confidence"": [0.0, 0.7301340512159458], ""p_value"": 1.0, ""contingency"": [[0, 1], [367, 24527]]}",{}
592,NC00962.3,EMB-0.25-0.9-0.8,0.0,GARC1,RUS,EMB,embA@L723V,U,{},"{""proportion"": 0.0, ""confidence"": [0.0, 0.7301340512159458], ""p_value"": 1.0, ""contingency"": [[0, 1], [367, 24527]]}",{}
593,NC00962.3,EMB-0.25-0.9-0.8,0.0,GARC1,RUS,EMB,embB@D869E,U,{},"{""proportion"": 0.0, ""confidence"": [0.0, 0.4741955741575127], ""p_value"": 1.0, ""contingency"": [[0, 3], [367, 24527]]}",{}
594,NC00962.3,EMB-0.25-0.9-0.8,0.0,GARC1,RUS,EMB,embA@T688M,U,{},"{""proportion"": 0.0, ""confidence"": [0.0, 0.7301340512159458], ""p_value"": 1.0, ""contingency"": [[0, 1], [367, 24527]]}",{}
595,NC00962.3,EMB-0.25-0.9-0.8,0.0,GARC1,RUS,EMB,embB@F628S,U,{},"{""proportion"": 0.0, ""confidence"": [0.0, 0.5749693909936535], ""p_value"": 1.0, ""contingency"": [[0, 2], [367, 24527]]}",{}
596,NC00962.3,EMB-0.25-0.9-0.8,0.0,GARC1,RUS,EMB,embA@I877T,U,{},"{""proportion"": 0.0, ""confidence"": [0.0, 0.5749693909936535], ""p_value"": 1.0, ""contingency"": [[0, 2], [367, 24527]]}",{}
597,NC00962.3,EMB-0.25-0.9-0.8,0.0,GARC1,RUS,EMB,embB@S261P,U,{},"{""proportion"": 0.0, ""confidence"": [0.0, 0.7301340512159458], ""p_value"": 1.0, ""contingency"": [[0, 1], [367, 24527]]}",{}
598,NC00962.3,EMB-0.25-0.9-0.8,0.0,GARC1,RUS,EMB,embB@K820N,U,{},"{""proportion"": 0.0, ""confidence"": [0.0, 0.7301340512159458], ""p_value"": 1.0, ""contingency"": [[0, 1], [367, 24527]]}",{}
599,NC00962.3,EMB-0.25-0.9-0.8,0.0,GARC1,RUS,EMB,embB@G914R,U,{},"{""proportion"": 0.0, ""confidence"": [0.0, 0.7301340512159458], ""p_value"": 1.0, ""contingency"": [[0, 1], [367, 24527]]}",{}
600,NC00962.3,EMB-0.25-0.9-0.8,0.0,GARC1,RUS,EMB,embA@T652M,U,{},"{""proportion"": 0.0, ""confidence"": [0.0, 0.7301340512159458], ""p_value"": 1.0, ""contingency"": [[0, 1], [367, 24527]]}",{}
601,NC00962.3,EMB-0.25-0.9-0.8,0.0,GARC1,RUS,EMB,embB@V508F,U,{},"{""proportion"": 0.0, ""confidence"": [0.0, 0.4741955741575127], ""p_value"": 1.0, ""contingency"": [[0, 3], [367, 24527]]}",{}
602,NC00962.3,EMB-0.25-0.9-0.8,0.0,GARC1,RUS,EMB,embB@I1039M,U,{},"{""proportion"": 0.0, ""confidence"": [0.0, 0.31078398130591417], ""p_value"": 0.347412109375, ""contingency"": [[0, 6], [367, 24527]]}",{}
603,NC00962.3,EMB-0.25-0.9-0.8,0.0,GARC1,RUS,EMB,embA@T40I,U,{},"{""proportion"": 0.0, ""confidence"": [0.0, 0.7301340512159458], ""p_value"": 1.0, ""contingency"": [[0, 1], [367, 24527]]}",{}
604,NC00962.3,EMB-0.25-0.9-0.8,0.0,GARC1,RUS,EMB,embA@V89M,U,{},"{""proportion"": 0.0, ""confidence"": [0.0, 0.7301340512159458], ""p_value"": 1.0, ""contingency"": [[0, 1], [367, 24527]]}",{}
605,NC00962.3,EMB-0.25-0.9-0.8,0.0,GARC1,RUS,EMB,embA@Y307H,U,{},"{""proportion"": 0.0, ""confidence"": [0.0, 0.4741955741575127], ""p_value"": 1.0, ""contingency"": [[0, 3], [367, 24527]]}",{}
606,NC00962.3,EMB-0.25-0.9-0.8,0.0,GARC1,RUS,EMB,embB@V888M,U,{},"{""proportion"": 0.0, ""confidence"": [0.0, 0.7301340512159458], ""p_value"": 1.0, ""contingency"": [[0, 1], [367, 24527]]}",{}
607,NC00962.3,EMB-0.25-0.9-0.8,0.0,GARC1,RUS,EMB,embA@c-3t,U,{},"{""proportion"": 0.0, ""confidence"": [0.0, 0.7301340512159458], ""p_value"": 1.0, ""contingency"": [[0, 1], [367, 24527]]}",{}
608,NC00962.3,EMB-0.25-0.9-0.8,0.0,GARC1,RUS,EMB,embB@I578V,U,{},"{""proportion"": 0.0, ""confidence"": [0.0, 0.7301340512159458], ""p_value"": 1.0, ""contingency"": [[0, 1], [367, 24527]]}",{}
609,NC00962.3,EMB-0.25-0.9-0.8,0.0,GARC1,RUS,EMB,embA@P976T,U,{},"{""proportion"": 0.0, ""confidence"": [0.0, 0.5749693909936535], ""p_value"": 1.0, ""contingency"": [[0, 2], [367, 24527]]}",{}
610,NC00962.3,EMB-0.25-0.9-0.8,0.0,GARC1,RUS,EMB,embB@I545M,U,{},"{""proportion"": 0.0, ""confidence"": [0.0, 0.5749693909936535], ""p_value"": 1.0, ""contingency"": [[0, 2], [367, 24527]]}",{}
611,NC00962.3,EMB-0.25-0.9-0.8,0.0,GARC1,RUS,EMB,embB@D758N,U,{},"{""proportion"": 0.0, ""confidence"": [0.0, 0.5749693909936535], ""p_value"": 1.0, ""contingency"": [[0, 2], [367, 24527]]}",{}
612,NC00962.3,EMB-0.25-0.9-0.8,0.0,GARC1,RUS,EMB,embB@M939I,U,{},"{""proportion"": 0.0, ""confidence"": [0.0, 0.7301340512159458], ""p_value"": 1.0, ""contingency"": [[0, 1], [367, 24527]]}",{}
613,NC00962.3,EMB-0.25-0.9-0.8,0.0,GARC1,RUS,EMB,embA@P774H,U,{},"{""proportion"": 0.0, ""confidence"": [0.0, 0.5749693909936535], ""p_value"": 1.0, ""contingency"": [[0, 2], [367, 24527]]}",{}
614,NC00962.3,EMB-0.25-0.9-0.8,0.0,GARC1,RUS,EMB,embB@G37S,U,{},"{""proportion"": 0.0, ""confidence"": [0.0, 0.3511165007651012], ""p_value"": 0.34082031250000006, ""contingency"": [[0, 5], [367, 24527]]}",{}
615,NC00962.3,EMB-0.25-0.9-0.8,0.0,GARC1,RUS,EMB,embA@V819I,U,{},"{""proportion"": 0.0, ""confidence"": [0.0, 0.7301340512159458], ""p_value"": 1.0, ""contingency"": [[0, 1], [367, 24527]]}",{}
616,NC00962.3,EMB-0.25-0.9-0.8,0.0,GARC1,RUS,EMB,embB@G836E,U,{},"{""proportion"": 0.0, ""confidence"": [0.0, 0.5749693909936535], ""p_value"": 1.0, ""contingency"": [[0, 2], [367, 24527]]}",{}
617,NC00962.3,EMB-0.25-0.9-0.8,0.0,GARC1,RUS,EMB,embA@G841A,U,{},"{""proportion"": 0.0, ""confidence"": [0.0, 0.4741955741575127], ""p_value"": 1.0, ""contingency"": [[0, 3], [367, 24527]]}",{}
618,NC00962.3,EMB-0.25-0.9-0.8,0.0,GARC1,RUS,EMB,embB@R568H,U,{},"{""proportion"": 0.0, ""confidence"": [0.0, 0.7301340512159458], ""p_value"": 1.0, ""contingency"": [[0, 1], [367, 24527]]}",{}
619,NC00962.3,EMB-0.25-0.9-0.8,0.0,GARC1,RUS,EMB,embB@K1022T,U,{},"{""proportion"": 0.0, ""confidence"": [0.0, 0.7301340512159458], ""p_value"": 1.0, ""contingency"": [[0, 1], [367, 24527]]}",{}
620,NC00962.3,EMB-0.25-0.9-0.8,0.0,GARC1,RUS,EMB,embA@S994F,U,{},"{""proportion"": 0.0, ""confidence"": [0.0, 0.7301340512159458], ""p_value"": 1.0, ""contingency"": [[0, 1], [367, 24527]]}",{}
621,NC00962.3,EMB-0.25-0.9-0.8,0.0,GARC1,RUS,EMB,embA@P1087S,U,{},"{""proportion"": 0.0, ""confidence"": [0.0, 0.7301340512159458], ""p_value"": 1.0, ""contingency"": [[0, 1], [367, 24527]]}",{}
622,NC00962.3,EMB-0.25-0.9-0.8,0.0,GARC1,RUS,EMB,embA@A721T,U,{},"{""proportion"": 0.0, ""confidence"": [0.0, 0.5749693909936535], ""p_value"": 1.0, ""contingency"": [[0, 2], [367, 24527]]}",{}
623,NC00962.3,EMB-0.25-0.9-0.8,0.0,GARC1,RUS,EMB,embB@D57G,U,{},"{""proportion"": 0.0, ""confidence"": [0.0, 0.5749693909936535], ""p_value"": 1.0, ""contingency"": [[0, 2], [367, 24527]]}",{}
624,NC00962.3,EMB-0.25-0.9-0.8,0.0,GARC1,RUS,EMB,embA@L614M,U,{},"{""proportion"": 0.0, ""confidence"": [0.0, 0.7301340512159458], ""p_value"": 1.0, ""contingency"": [[0, 1], [367, 24527]]}",{}
625,NC00962.3,EMB-0.25-0.9-0.8,0.0,GARC1,RUS,EMB,embA@Y276C,U,{},"{""proportion"": 0.0, ""confidence"": [0.0, 0.7301340512159458], ""p_value"": 1.0, ""contingency"": [[0, 1], [367, 24527]]}",{}
626,NC00962.3,EMB-0.25-0.9-0.8,0.0,GARC1,RUS,EMB,embB@E1008A,U,{},"{""proportion"": 0.0, ""confidence"": [0.0, 0.7301340512159458], ""p_value"": 1.0, ""contingency"": [[0, 1], [367, 24527]]}",{}
627,NC00962.3,EMB-0.25-0.9-0.8,0.0,GARC1,RUS,EMB,embA@L832F,U,{},"{""proportion"": 0.0, ""confidence"": [0.0, 0.7301340512159458], ""p_value"": 1.0, ""contingency"": [[0, 1], [367, 24527]]}",{}
628,NC00962.3,EMB-0.25-0.9-0.8,0.0,GARC1,RUS,EMB,embB@P766R,U,{},"{""proportion"": 0.0, ""confidence"": [0.0, 0.5749693909936535], ""p_value"": 1.0, ""contingency"": [[0, 2], [367, 24527]]}",{}
629,NC00962.3,EMB-0.25-0.9-0.8,0.0,GARC1,RUS,EMB,embA@A1069V,U,{},"{""proportion"": 0.0, ""confidence"": [0.0, 0.7301340512159458], ""p_value"": 1.0, ""contingency"": [[0, 1], [367, 24527]]}",{}
630,NC00962.3,EMB-0.25-0.9-0.8,0.0,GARC1,RUS,EMB,embA@V698I,U,{},"{""proportion"": 0.0, ""confidence"": [0.0, 0.5749693909936535], ""p_value"": 1.0, ""contingency"": [[0, 2], [367, 24527]]}",{}
631,NC00962.3,EMB-0.25-0.9-0.8,0.0,GARC1,RUS,EMB,embB@V42L,U,{},"{""proportion"": 0.0, ""confidence"": [0.0, 0.7301340512159458], ""p_value"": 1.0, ""contingency"": [[0, 1], [367, 24527]]}",{}
632,NC00962.3,EMB-0.25-0.9-0.8,0.0,GARC1,RUS,EMB,embA@L62M,U,{},"{""proportion"": 0.0, ""confidence"": [0.0, 0.7301340512159458], ""p_value"": 1.0, ""contingency"": [[0, 1], [367, 24527]]}",{}
633,NC00962.3,EMB-0.25-0.9-0.8,0.0,GARC1,RUS,EMB,embA@H665Y,U,{},"{""proportion"": 0.0, ""confidence"": [0.0, 0.5749693909936535], ""p_value"": 1.0, ""contingency"": [[0, 2], [367, 24527]]}",{}
634,NC00962.3,EMB-0.25-0.9-0.8,0.0,GARC1,RUS,EMB,embB@A630T,U,{},"{""proportion"": 0.0, ""confidence"": [0.0, 0.7301340512159458], ""p_value"": 1.0, ""contingency"": [[0, 1], [367, 24527]]}",{}
635,NC00962.3,EMB-0.25-0.9-0.8,0.0,GARC1,RUS,EMB,embA@D176A,U,{},"{""proportion"": 0.0, ""confidence"": [0.0, 0.5749693909936535], ""p_value"": 1.0, ""contingency"": [[0, 2], [367, 24527]]}",{}
636,NC00962.3,EMB-0.25-0.9-0.8,0.0,GARC1,RUS,EMB,embA@A736V,U,{},"{""proportion"": 0.0, ""confidence"": [0.0, 0.7301340512159458], ""p_value"": 1.0, ""contingency"": [[0, 1], [367, 24527]]}",{}
637,NC00962.3,EMB-0.25-0.9-0.8,0.0,GARC1,RUS,EMB,embB@V793I,U,{},"{""proportion"": 0.0, ""confidence"": [0.0, 0.4741955741575127], ""p_value"": 1.0, ""contingency"": [[0, 3], [367, 24527]]}",{}
638,NC00962.3,EMB-0.25-0.9-0.8,0.0,GARC1,RUS,EMB,embB@2943_del_gca,U,{},"{""proportion"": 0.0, ""confidence"": [0.0, 0.5749693909936535], ""p_value"": 1.0, ""contingency"": [[0, 2], [367, 24527]]}",{}
639,NC00962.3,EMB-0.25-0.9-0.8,0.0,GARC1,RUS,EMB,embB@M764L,U,{},"{""proportion"": 0.0, ""confidence"": [0.0, 0.7301340512159458], ""p_value"": 1.0, ""contingency"": [[0, 1], [367, 24527]]}",{}
640,NC00962.3,EMB-0.25-0.9-0.8,0.0,GARC1,RUS,EMB,embB@A903T,U,{},"{""proportion"": 0.0, ""confidence"": [0.0, 0.7301340512159458], ""p_value"": 1.0, ""contingency"": [[0, 1], [367, 24527]]}",{}
641,NC00962.3,EMB-0.25-0.9-0.8,0.0,GARC1,RUS,EMB,embB@G851V,U,{},"{""proportion"": 0.0, ""confidence"": [0.0, 0.7301340512159458], ""p_value"": 1.0, ""contingency"": [[0, 1], [367, 24527]]}",{}
642,NC00962.3,EMB-0.25-0.9-0.8,0.0,GARC1,RUS,EMB,embA@D144N,U,{},"{""proportion"": 0.0, ""confidence"": [0.0, 0.7301340512159458], ""p_value"": 1.0, ""contingency"": [[0, 1], [367, 24527]]}",{}
643,NC00962.3,EMB-0.25-0.9-0.8,0.0,GARC1,RUS,EMB,embA@A460T,U,{},"{""proportion"": 0.0, ""confidence"": [0.0, 0.40347862520270455], ""p_value"": 0.578125, ""contingency"": [[0, 4], [367, 24527]]}",{}
644,NC00962.3,EMB-0.25-0.9-0.8,0.0,GARC1,RUS,EMB,embA@R1047G,U,{},"{""proportion"": 0.0, ""confidence"": [0.0, 0.5749693909936535], ""p_value"": 1.0, ""contingency"": [[0, 2], [367, 24527]]}",{}
645,NC00962.3,EMB-0.25-0.9-0.8,0.0,GARC1,RUS,EMB,embA@I1007L,U,{},"{""proportion"": 0.0, ""confidence"": [0.0, 0.7301340512159458], ""p_value"": 1.0, ""contingency"": [[0, 1], [367, 24527]]}",{}
646,NC00962.3,EMB-0.25-0.9-0.8,0.0,GARC1,RUS,EMB,embA@G154S,U,{},"{""proportion"": 0.0, ""confidence"": [0.0, 0.7301340512159458], ""p_value"": 1.0, ""contingency"": [[0, 1], [367, 24527]]}",{}
647,NC00962.3,EMB-0.25-0.9-0.8,0.0,GARC1,RUS,EMB,embB@A840G,U,{},"{""proportion"": 0.0, ""confidence"": [0.0, 0.7301340512159458], ""p_value"": 1.0, ""contingency"": [[0, 1], [367, 24527]]}",{}
648,NC00962.3,EMB-0.25-0.9-0.8,0.0,GARC1,RUS,EMB,embB@M575V,U,{},"{""proportion"": 0.0, ""confidence"": [0.0, 0.5749693909936535], ""p_value"": 1.0, ""contingency"": [[0, 2], [367, 24527]]}",{}
649,NC00962.3,EMB-0.25-0.9-0.8,0.0,GARC1,RUS,EMB,embB@E149K,U,{},"{""proportion"": 0.0, ""confidence"": [0.0, 0.7301340512159458], ""p_value"": 1.0, ""contingency"": [[0, 1], [367, 24527]]}",{}
650,NC00962.3,EMB-0.25-0.9-0.8,0.0,GARC1,RUS,EMB,embA@A127V,U,{},"{""proportion"": 0.0, ""confidence"": [0.0, 0.5749693909936535], ""p_value"": 1.0, ""contingency"": [[0, 2], [367, 24527]]}",{}
651,NC00962.3,EMB-0.25-0.9-0.8,0.0,GARC1,RUS,EMB,embA@G1077S,U,{},"{""proportion"": 0.0, ""confidence"": [0.0, 0.7301340512159458], ""p_value"": 1.0, ""contingency"": [[0, 1], [367, 24527]]}",{}
652,NC00962.3,EMB-0.25-0.9-0.8,0.0,GARC1,RUS,EMB,embB@G314S,U,{},"{""proportion"": 0.0, ""confidence"": [0.0, 0.7301340512159458], ""p_value"": 1.0, ""contingency"": [[0, 1], [367, 24527]]}",{}
653,NC00962.3,EMB-0.25-0.9-0.8,0.0,GARC1,RUS,EMB,embB@D814A,U,{},"{""proportion"": 0.0, ""confidence"": [0.0, 0.4741955741575127], ""p_value"": 1.0, ""contingency"": [[0, 3], [367, 24527]]}",{}
654,NC00962.3,EMB-0.25-0.9-0.8,0.0,GARC1,RUS,EMB,embA@H140D,U,{},"{""proportion"": 0.0, ""confidence"": [0.0, 0.7301340512159458], ""p_value"": 1.0, ""contingency"": [[0, 1], [367, 24527]]}",{}
655,NC00962.3,EMB-0.25-0.9-0.8,0.0,GARC1,RUS,EMB,embB@G694D,U,{},"{""proportion"": 0.0, ""confidence"": [0.0, 0.7301340512159458], ""p_value"": 1.0, ""contingency"": [[0, 1], [367, 24527]]}",{}
656,NC00962.3,EMB-0.25-0.9-0.8,0.0,GARC1,RUS,EMB,embB@A102T,U,{},"{""proportion"": 0.0, ""confidence"": [0.0, 0.7301340512159458], ""p_value"": 1.0, ""contingency"": [[0, 1], [367, 24527]]}",{}
657,NC00962.3,EMB-0.25-0.9-0.8,0.0,GARC1,RUS,EMB,embA@G86V,U,{},"{""proportion"": 0.0, ""confidence"": [0.0, 0.3511165007651012], ""p_value"": 0.34082031250000006, ""contingency"": [[0, 5], [367, 24527]]}",{}
658,NC00962.3,EMB-0.25-0.9-0.8,0.0,GARC1,RUS,EMB,embB@Y384S,U,{},"{""proportion"": 0.0, ""confidence"": [0.0, 0.7301340512159458], ""p_value"": 1.0, ""contingency"": [[0, 1], [367, 24527]]}",{}
659,NC00962.3,EMB-0.25-0.9-0.8,0.0,GARC1,RUS,EMB,embB@D108N,U,{},"{""proportion"": 0.0, ""confidence"": [0.0, 0.7301340512159458], ""p_value"": 1.0, ""contingency"": [[0, 1], [367, 24527]]}",{}
660,NC00962.3,EMB-0.25-0.9-0.8,0.0,GARC1,RUS,EMB,embA@V1073I,U,{},"{""proportion"": 0.0, ""confidence"": [0.0, 0.25272359742376316], ""p_value"": 0.21392822265625003, ""contingency"": [[0, 8], [367, 24527]]}",{}
661,NC00962.3,EMB-0.25-0.9-0.8,0.0,GARC1,RUS,EMB,embB@G748E,U,{},"{""proportion"": 0.0, ""confidence"": [0.0, 0.5749693909936535], ""p_value"": 1.0, ""contingency"": [[0, 2], [367, 24527]]}",{}
662,NC00962.3,EMB-0.25-0.9-0.8,0.0,GARC1,RUS,EMB,embA@P164L,U,{},"{""proportion"": 0.0, ""confidence"": [0.0, 0.7301340512159458], ""p_value"": 1.0, ""contingency"": [[0, 1], [367, 24527]]}",{}
663,NC00962.3,EMB-0.25-0.9-0.8,0.0,GARC1,RUS,EMB,embA@G353R,U,{},"{""proportion"": 0.0, ""confidence"": [0.0, 0.5749693909936535], ""p_value"": 1.0, ""contingency"": [[0, 2], [367, 24527]]}",{}
664,NC00962.3,EMB-0.25-0.9-0.8,0.0,GARC1,RUS,EMB,embB@A683V,U,{},"{""proportion"": 0.0, ""confidence"": [0.0, 0.5749693909936535], ""p_value"": 1.0, ""contingency"": [[0, 2], [367, 24527]]}",{}
665,NC00962.3,EMB-0.25-0.9-0.8,0.0,GARC1,RUS,EMB,embB@A608T,U,{},"{""proportion"": 0.0, ""confidence"": [0.0, 0.7301340512159458], ""p_value"": 1.0, ""contingency"": [[0, 1], [367, 24527]]}",{}
666,NC00962.3,EMB-0.25-0.9-0.8,0.0,GARC1,RUS,EMB,embB@R728Q,U,{},"{""proportion"": 0.0, ""confidence"": [0.0, 0.7301340512159458], ""p_value"": 1.0, ""contingency"": [[0, 1], [367, 24527]]}",{}
667,NC00962.3,EMB-0.25-0.9-0.8,0.0,GARC1,RUS,EMB,embB@K561R,U,{},"{""proportion"": 0.0, ""confidence"": [-2.1340331742842984e-17, 0.2311335193197566], ""p_value"": 0.12401199340820315, ""contingency"": [[0, 9], [367, 24527]]}",{}
668,NC00962.3,EMB-0.25-0.9-0.8,0.0,GARC1,RUS,EMB,embA@A159S,U,{},"{""proportion"": 0.0, ""confidence"": [0.0, 0.7301340512159458], ""p_value"": 1.0, ""contingency"": [[0, 1], [367, 24527]]}",{}
669,NC00962.3,EMB-0.25-0.9-0.8,0.0,GARC1,RUS,EMB,embB@N399T,U,{},"{""proportion"": 0.0, ""confidence"": [0.0, 0.5749693909936535], ""p_value"": 1.0, ""contingency"": [[0, 2], [367, 24527]]}",{}
670,NC00962.3,EMB-0.25-0.9-0.8,0.0,GARC1,RUS,EMB,embA@P327L,U,{},"{""proportion"": 0.0, ""confidence"": [0.0, 0.5749693909936535], ""p_value"": 1.0, ""contingency"": [[0, 2], [367, 24527]]}",{}
671,NC00962.3,EMB-0.25-0.9-0.8,0.0,GARC1,RUS,EMB,embA@G1048R,U,{},"{""proportion"": 0.0, ""confidence"": [0.0, 0.7301340512159458], ""p_value"": 1.0, ""contingency"": [[0, 1], [367, 24527]]}",{}
672,NC00962.3,EMB-0.25-0.9-0.8,0.0,GARC1,RUS,EMB,embB@V39L,U,{},"{""proportion"": 0.0, ""confidence"": [0.0, 0.5749693909936535], ""p_value"": 1.0, ""contingency"": [[0, 2], [367, 24527]]}",{}
673,NC00962.3,EMB-0.25-0.9-0.8,0.0,GARC1,RUS,EMB,embB@F743L,U,{},"{""proportion"": 0.0, ""confidence"": [0.0, 0.5749693909936535], ""p_value"": 1.0, ""contingency"": [[0, 2], [367, 24527]]}",{}
674,NC00962.3,EMB-0.25-0.9-0.8,0.0,GARC1,RUS,EMB,embA@Q169E,U,{},"{""proportion"": 0.0, ""confidence"": [0.0, 0.5749693909936535], ""p_value"": 1.0, ""contingency"": [[0, 2], [367, 24527]]}",{}
675,NC00962.3,EMB-0.25-0.9-0.8,0.0,GARC1,RUS,EMB,embA@A936V,U,{},"{""proportion"": 0.0, ""confidence"": [0.0, 0.5749693909936535], ""p_value"": 1.0, ""contingency"": [[0, 2], [367, 24527]]}",{}
676,NC00962.3,EMB-0.25-0.9-0.8,0.0,GARC1,RUS,EMB,embA@L894V,U,{},"{""proportion"": 0.0, ""confidence"": [0.0, 0.5749693909936535], ""p_value"": 1.0, ""contingency"": [[0, 2], [367, 24527]]}",{}
677,NC00962.3,EMB-0.25-0.9-0.8,0.0,GARC1,RUS,EMB,embB@A295V,U,{},"{""proportion"": 0.0, ""confidence"": [0.0, 0.5749693909936535], ""p_value"": 1.0, ""contingency"": [[0, 2], [367, 24527]]}",{}
678,NC00962.3,EMB-0.25-0.9-0.8,0.0,GARC1,RUS,EMB,embA@E1075V,U,{},"{""proportion"": 0.0, ""confidence"": [0.0, 0.5749693909936535], ""p_value"": 1.0, ""contingency"": [[0, 2], [367, 24527]]}",{}
679,NC00962.3,EMB-0.25-0.9-0.8,0.0,GARC1,RUS,EMB,embB@R61W,U,{},"{""proportion"": 0.0, ""confidence"": [0.0, 0.5749693909936535], ""p_value"": 1.0, ""contingency"": [[0, 2], [367, 24527]]}",{}
680,NC00962.3,EMB-0.25-0.9-0.8,0.0,GARC1,RUS,EMB,embB@D970G,U,{},"{""proportion"": 0.0, ""confidence"": [0.0, 0.4741955741575127], ""p_value"": 1.0, ""contingency"": [[0, 3], [367, 24527]]}",{}
681,NC00962.3,EMB-0.25-0.9-0.8,0.0,GARC1,RUS,EMB,embA@g-83a,U,{},"{""proportion"": 0.0, ""confidence"": [0.0, 0.5749693909936535], ""p_value"": 1.0, ""contingency"": [[0, 2], [367, 24527]]}",{}
682,NC00962.3,EMB-0.25-0.9-0.8,0.0,GARC1,RUS,EMB,embA@R346Q,U,{},"{""proportion"": 0.0, ""confidence"": [0.0, 0.5749693909936535], ""p_value"": 1.0, ""contingency"": [[0, 2], [367, 24527]]}",{}
683,NC00962.3,EMB-0.25-0.9-0.8,0.0,GARC1,RUS,EMB,embB@L971V,U,{},"{""proportion"": 0.0, ""confidence"": [0.0, 0.5749693909936535], ""p_value"": 1.0, ""contingency"": [[0, 2], [367, 24527]]}",{}
684,NC00962.3,EMB-0.25-0.9-0.8,0.0,GARC1,RUS,EMB,embB@E901D,U,{},"{""proportion"": 0.0, ""confidence"": [0.0, 0.40347862520270455], ""p_value"": 0.578125, ""contingency"": [[0, 4], [367, 24527]]}",{}
685,NC00962.3,EMB-0.25-0.9-0.8,0.0,GARC1,RUS,EMB,embB@R267P,U,{},"{""proportion"": 0.0, ""confidence"": [0.0, 0.40347862520270455], ""p_value"": 0.578125, ""contingency"": [[0, 4], [367, 24527]]}",{}
686,NC00962.3,EMB-0.25-0.9-0.8,0.0,GARC1,RUS,EMB,embB@A716V,U,{},"{""proportion"": 0.0, ""confidence"": [0.0, 0.7301340512159458], ""p_value"": 1.0, ""contingency"": [[0, 1], [367, 24527]]}",{}
687,NC00962.3,EMB-0.25-0.9-0.8,0.0,GARC1,RUS,EMB,embA@V211M,U,{},"{""proportion"": 0.0, ""confidence"": [0.0, 0.7301340512159458], ""p_value"": 1.0, ""contingency"": [[0, 1], [367, 24527]]}",{}
688,NC00962.3,EMB-0.25-0.9-0.8,0.0,GARC1,RUS,EMB,embB@A43V,U,{},"{""proportion"": 0.0, ""confidence"": [0.0, 0.7301340512159458], ""p_value"": 1.0, ""contingency"": [[0, 1], [367, 24527]]}",{}
689,NC00962.3,EMB-0.25-0.9-0.8,0.0,GARC1,RUS,EMB,embB@A571T,U,{},"{""proportion"": 0.0, ""confidence"": [0.0, 0.7301340512159458], ""p_value"": 1.0, ""contingency"": [[0, 1], [367, 24527]]}",{}
690,NC00962.3,EMB-0.25-0.9-0.8,0.0,GARC1,RUS,EMB,embB@S119N,U,{},"{""proportion"": 0.0, ""confidence"": [0.0, 0.5749693909936535], ""p_value"": 1.0, ""contingency"": [[0, 2], [367, 24527]]}",{}
691,NC00962.3,EMB-0.25-0.9-0.8,0.0,GARC1,RUS,EMB,embA@R1062L,U,{},"{""proportion"": 0.0, ""confidence"": [0.0, 0.7301340512159458], ""p_value"": 1.0, ""contingency"": [[0, 1], [367, 24527]]}",{}
692,NC00962.3,EMB-0.25-0.9-0.8,0.0,GARC1,RUS,EMB,embA@A1000T,U,{},"{""proportion"": 0.0, ""confidence"": [0.0, 0.7301340512159458], ""p_value"": 1.0, ""contingency"": [[0, 1], [367, 24527]]}",{}
693,NC00962.3,EMB-0.25-0.9-0.8,0.0,GARC1,RUS,EMB,embB@G736S,U,{},"{""proportion"": 0.0, ""confidence"": [0.0, 0.7301340512159458], ""p_value"": 1.0, ""contingency"": [[0, 1], [367, 24527]]}",{}
694,NC00962.3,EMB-0.25-0.9-0.8,0.0,GARC1,RUS,EMB,embA@V911A,U,{},"{""proportion"": 0.0, ""confidence"": [0.0, 0.5749693909936535], ""p_value"": 1.0, ""contingency"": [[0, 2], [367, 24527]]}",{}
695,NC00962.3,EMB-0.25-0.9-0.8,0.0,GARC1,RUS,EMB,embB@Q112H,U,{},"{""proportion"": 0.0, ""confidence"": [0.0, 0.7301340512159458], ""p_value"": 1.0, ""contingency"": [[0, 1], [367, 24527]]}",{}
696,NC00962.3,EMB-0.25-0.9-0.8,0.0,GARC1,RUS,EMB,embB@K218N,U,{},"{""proportion"": 0.0, ""confidence"": [0.0, 0.7301340512159458], ""p_value"": 1.0, ""contingency"": [[0, 1], [367, 24527]]}",{}
697,NC00962.3,EMB-0.25-0.9-0.8,0.0,GARC1,RUS,EMB,embA@D305G,U,{},"{""proportion"": 0.0, ""confidence"": [0.0, 0.5749693909936535], ""p_value"": 1.0, ""contingency"": [[0, 2], [367, 24527]]}",{}
698,NC00962.3,EMB-0.25-0.9-0.8,0.0,GARC1,RUS,EMB,embB@A679S,U,{},"{""proportion"": 0.0, ""confidence"": [0.0, 0.7301340512159458], ""p_value"": 1.0, ""contingency"": [[0, 1], [367, 24527]]}",{}
699,NC00962.3,EMB-0.25-0.9-0.8,0.0,GARC1,RUS,EMB,embB@A553T,U,{},"{""proportion"": 0.0, ""confidence"": [0.0, 0.5749693909936535], ""p_value"": 1.0, ""contingency"": [[0, 2], [367, 24527]]}",{}
700,NC00962.3,EMB-0.25-0.9-0.8,0.0,GARC1,RUS,EMB,embA@P633S,U,{},"{""proportion"": 0.0, ""confidence"": [0.0, 0.7301340512159458], ""p_value"": 1.0, ""contingency"": [[0, 1], [367, 24527]]}",{}
701,NC00962.3,EMB-0.25-0.9-0.8,0.0,GARC1,RUS,EMB,embB@G294S,U,{},"{""proportion"": 0.0, ""confidence"": [0.0, 0.7301340512159458], ""p_value"": 1.0, ""contingency"": [[0, 1], [367, 24527]]}",{}
702,NC00962.3,EMB-0.25-0.9-0.8,0.0,GARC1,RUS,EMB,embA@R245W,U,{},"{""proportion"": 0.0, ""confidence"": [0.0, 0.7301340512159458], ""p_value"": 1.0, ""contingency"": [[0, 1], [367, 24527]]}",{}
703,NC00962.3,EMB-0.25-0.9-0.8,0.0,GARC1,RUS,EMB,embA@C28Y,U,{},"{""proportion"": 0.0, ""confidence"": [0.0, 0.7301340512159458], ""p_value"": 1.0, ""contingency"": [[0, 1], [367, 24527]]}",{}
705,NC00962.3,EMB-0.25-0.9-0.8,0.0,GARC1,RUS,EMB,embA@2545_del_gcc,U,{},"{""proportion"": 0.0, ""confidence"": [0.0, 0.7301340512159458], ""p_value"": 1.0, ""contingency"": [[0, 1], [367, 24527]]}",{}
706,NC00962.3,EMB-0.25-0.9-0.8,0.0,GARC1,RUS,EMB,embA@S1025L,U,{},"{""proportion"": 0.0, ""confidence"": [0.0, 0.5749693909936535], ""p_value"": 1.0, ""contingency"": [[0, 2], [367, 24527]]}",{}
707,NC00962.3,EMB-0.25-0.9-0.8,0.0,GARC1,RUS,EMB,embA@S20A,U,{},"{""proportion"": 0.0, ""confidence"": [0.0, 0.3511165007651012], ""p_value"": 0.34082031250000006, ""contingency"": [[0, 5], [367, 24527]]}",{}
708,NC00962.3,EMB-0.25-0.9-0.8,0.0,GARC1,RUS,EMB,embB@V452L,U,{},"{""proportion"": 0.0, ""confidence"": [0.0, 0.5749693909936535], ""p_value"": 1.0, ""contingency"": [[0, 2], [367, 24527]]}",{}
709,NC00962.3,EMB-0.25-0.9-0.8,0.0,GARC1,RUS,EMB,embA@S809F,U,{},"{""proportion"": 0.0, ""confidence"": [0.0, 0.7301340512159458], ""p_value"": 1.0, ""contingency"": [[0, 1], [367, 24527]]}",{}
710,NC00962.3,EMB-0.25-0.9-0.8,0.0,GARC1,RUS,EMB,embA@P774S,U,{},"{""proportion"": 0.0, ""confidence"": [0.0, 0.5749693909936535], ""p_value"": 1.0, ""contingency"": [[0, 2], [367, 24527]]}",{}
711,NC00962.3,EMB-0.25-0.9-0.8,0.0,GARC1,RUS,EMB,embA@R68P,U,{},"{""proportion"": 0.0, ""confidence"": [0.0, 0.4741955741575127], ""p_value"": 1.0, ""contingency"": [[0, 3], [367, 24527]]}",{}
712,NC00962.3,EMB-0.25-0.9-0.8,0.0,GARC1,RUS,EMB,embB@F1012L,U,{},"{""proportion"": 0.0, ""confidence"": [0.0, 0.40347862520270455], ""p_value"": 0.578125, ""contingency"": [[0, 4], [367, 24527]]}",{}
713,NC00962.3,EMB-0.25-0.9-0.8,0.0,GARC1,RUS,EMB,embA@S768I,U,{},"{""proportion"": 0.0, ""confidence"": [0.0, 0.7301340512159458], ""p_value"": 1.0, ""contingency"": [[0, 1], [367, 24527]]}",{}
714,NC00962.3,EMB-0.25-0.9-0.8,0.0,GARC1,RUS,EMB,embB@M916T,U,{},"{""proportion"": 0.0, ""confidence"": [0.0, 0.5749693909936535], ""p_value"": 1.0, ""contingency"": [[0, 2], [367, 24527]]}",{}
715,NC00962.3,EMB-0.25-0.9-0.8,0.0,GARC1,RUS,EMB,embA@C527S,U,{},"{""proportion"": 0.0, ""confidence"": [0.0, 0.7301340512159458], ""p_value"": 1.0, ""contingency"": [[0, 1], [367, 24527]]}",{}
716,NC00962.3,EMB-0.25-0.9-0.8,0.0,GARC1,RUS,EMB,embB@K938N,U,{},"{""proportion"": 0.0, ""confidence"": [0.0, 0.4741955741575127], ""p_value"": 1.0, ""contingency"": [[0, 3], [367, 24527]]}",{}
717,NC00962.3,EMB-0.25-0.9-0.8,0.0,GARC1,RUS,EMB,embB@Q51P,U,{},"{""proportion"": 0.0, ""confidence"": [0.0, 0.31078398130591417], ""p_value"": 0.347412109375, ""contingency"": [[0, 6], [367, 24527]]}",{}
718,NC00962.3,EMB-0.25-0.9-0.8,0.0,GARC1,RUS,EMB,embA@G972R,U,{},"{""proportion"": 0.0, ""confidence"": [0.0, 0.5749693909936535], ""p_value"": 1.0, ""contingency"": [[0, 2], [367, 24527]]}",{}
719,NC00962.3,EMB-0.25-0.9-0.8,0.0,GARC1,RUS,EMB,embB@M714I,U,{},"{""proportion"": 0.0, ""confidence"": [0.0, 0.7301340512159458], ""p_value"": 1.0, ""contingency"": [[0, 1], [367, 24527]]}",{}
720,NC00962.3,EMB-0.25-0.9-0.8,0.0,GARC1,RUS,EMB,embA@V676A,U,{},"{""proportion"": 0.0, ""confidence"": [0.0, 0.7301340512159458], ""p_value"": 1.0, ""contingency"": [[0, 1], [367, 24527]]}",{}
721,NC00962.3,EMB-0.25-0.9-0.8,0.0,GARC1,RUS,EMB,embB@E976K,U,{},"{""proportion"": 0.0, ""confidence"": [0.0, 0.7301340512159458], ""p_value"": 1.0, ""contingency"": [[0, 1], [367, 24527]]}",{}
722,NC00962.3,EMB-0.25-0.9-0.8,0.0,GARC1,RUS,EMB,embA@R969W,U,{},"{""proportion"": 0.0, ""confidence"": [0.0, 0.5749693909936535], ""p_value"": 1.0, ""contingency"": [[0, 2], [367, 24527]]}",{}
723,NC00962.3,EMB-0.25-0.9-0.8,0.0,GARC1,RUS,EMB,embB@2325_ins_cccttg,U,{},"{""proportion"": 0.0, ""confidence"": [0.0, 0.7301340512159458], ""p_value"": 1.0, ""contingency"": [[0, 1], [367, 24527]]}",{}
724,NC00962.3,EMB-0.25-0.9-0.8,0.0,GARC1,RUS,EMB,embB@L17W,U,{},"{""proportion"": 0.0, ""confidence"": [0.0, 0.7301340512159458], ""p_value"": 1.0, ""contingency"": [[0, 1], [367, 24527]]}",{}
725,NC00962.3,EMB-0.25-0.9-0.8,0.0,GARC1,RUS,EMB,embA@G998D,U,{},"{""proportion"": 0.0, ""confidence"": [0.0, 0.7301340512159458], ""p_value"": 1.0, ""contingency"": [[0, 1], [367, 24527]]}",{}
726,NC00962.3,EMB-0.25-0.9-0.8,0.0,GARC1,RUS,EMB,embB@G199R,U,{},"{""proportion"": 0.0, ""confidence"": [0.0, 0.7301340512159458], ""p_value"": 1.0, ""contingency"": [[0, 1], [367, 24527]]}",{}
727,NC00962.3,EMB-0.25-0.9-0.8,0.0,GARC1,RUS,EMB,embB@R173P,U,{},"{""proportion"": 0.0, ""confidence"": [0.0, 0.7301340512159458], ""p_value"": 1.0, ""contingency"": [[0, 1], [367, 24527]]}",{}
728,NC00962.3,EMB-0.25-0.9-0.8,0.0,GARC1,RUS,EMB,embA@P913L,U,{},"{""proportion"": 0.0, ""confidence"": [0.0, 0.7301340512159458], ""p_value"": 1.0, ""contingency"": [[0, 1], [367, 24527]]}",{}
729,NC00962.3,EMB-0.25-0.9-0.8,0.0,GARC1,RUS,EMB,embA@P455L,U,{},"{""proportion"": 0.0, ""confidence"": [0.0, 0.7301340512159458], ""p_value"": 1.0, ""contingency"": [[0, 1], [367, 24527]]}",{}
730,NC00962.3,EMB-0.25-0.9-0.8,0.0,GARC1,RUS,EMB,embA@L344R,U,{},"{""proportion"": 0.0, ""confidence"": [0.0, 0.7301340512159458], ""p_value"": 1.0, ""contingency"": [[0, 1], [367, 24527]]}",{}
731,NC00962.3,EMB-0.25-0.9-0.8,0.0,GARC1,RUS,EMB,embA@C76F,U,{},"{""proportion"": 0.0, ""confidence"": [0.0, 0.7301340512159458], ""p_value"": 1.0, ""contingency"": [[0, 1], [367, 24527]]}",{}
732,NC00962.3,EMB-0.25-0.9-0.8,0.0,GARC1,RUS,EMB,embA@V676I,U,{},"{""proportion"": 0.0, ""confidence"": [0.0, 0.7301340512159458], ""p_value"": 1.0, ""contingency"": [[0, 1], [367, 24527]]}",{}
733,NC00962.3,EMB-0.25-0.9-0.8,0.0,GARC1,RUS,EMB,embB@E958G,U,{},"{""proportion"": 0.0, ""confidence"": [0.0, 0.7301340512159458], ""p_value"": 1.0, ""contingency"": [[0, 1], [367, 24527]]}",{}
734,NC00962.3,EMB-0.25-0.9-0.8,0.0,GARC1,RUS,EMB,embA@N510T,U,{},"{""proportion"": 0.0, ""confidence"": [0.0, 0.7301340512159458], ""p_value"": 1.0, ""contingency"": [[0, 1], [367, 24527]]}",{}
735,NC00962.3,EMB-0.25-0.9-0.8,0.0,GARC1,RUS,EMB,embA@L347R,U,{},"{""proportion"": 0.0, ""confidence"": [0.0, 0.7301340512159458], ""p_value"": 1.0, ""contingency"": [[0, 1], [367, 24527]]}",{}
736,NC00962.3,EMB-0.25-0.9-0.8,0.0,GARC1,RUS,EMB,embB@S856R,U,{},"{""proportion"": 0.0, ""confidence"": [0.0, 0.7301340512159458], ""p_value"": 1.0, ""contingency"": [[0, 1], [367, 24527]]}",{}
737,NC00962.3,EMB-0.25-0.9-0.8,0.0,GARC1,RUS,EMB,embB@G1035S,U,{},"{""proportion"": 0.0, ""confidence"": [0.0, 0.7301340512159458], ""p_value"": 1.0, ""contingency"": [[0, 1], [367, 24527]]}",{}
738,NC00962.3,EMB-0.25-0.9-0.8,0.0,GARC1,RUS,EMB,embB@G871V,U,{},"{""proportion"": 0.0, ""confidence"": [0.0, 0.7301340512159458], ""p_value"": 1.0, ""contingency"": [[0, 1], [367, 24527]]}",{}
739,NC00962.3,EMB-0.25-0.9-0.8,0.0,GARC1,RUS,EMB,embA@c-34t,U,{},"{""proportion"": 0.0, ""confidence"": [0.0, 0.3511165007651012], ""p_value"": 0.34082031250000006, ""contingency"": [[0, 5], [367, 24527]]}",{}
740,NC00962.3,EMB-0.25-0.9-0.8,0.0,GARC1,RUS,EMB,embB@A801T,U,{},"{""proportion"": 0.0, ""confidence"": [0.0, 0.40347862520270455], ""p_value"": 0.578125, ""contingency"": [[0, 4], [367, 24527]]}",{}
741,NC00962.3,EMB-0.25-0.9-0.8,0.0,GARC1,RUS,EMB,embA@A159P,U,{},"{""proportion"": 0.0, ""confidence"": [0.0, 0.7301340512159458], ""p_value"": 1.0, ""contingency"": [[0, 1], [367, 24527]]}",{}
742,NC00962.3,EMB-0.25-0.9-0.8,0.0,GARC1,RUS,EMB,embA@P32L,U,{},"{""proportion"": 0.0, ""confidence"": [0.0, 0.7301340512159458], ""p_value"": 1.0, ""contingency"": [[0, 1], [367, 24527]]}",{}
743,NC00962.3,EMB-0.25-0.9-0.8,0.0,GARC1,RUS,EMB,embB@A637T,U,{},"{""proportion"": 0.0, ""confidence"": [0.0, 0.7301340512159458], ""p_value"": 1.0, ""contingency"": [[0, 1], [367, 24527]]}",{}
744,NC00962.3,EMB-0.25-0.9-0.8,0.0,GARC1,RUS,EMB,embB@D178H,U,{},"{""proportion"": 0.0, ""confidence"": [0.0, 0.7301340512159458], ""p_value"": 1.0, ""contingency"": [[0, 1], [367, 24527]]}",{}
745,NC00962.3,EMB-0.25-0.9-0.8,0.0,GARC1,RUS,EMB,embA@-39_del_cctcaccgc,U,{},"{""proportion"": 0.0, ""confidence"": [0.0, 0.7301340512159458], ""p_value"": 1.0, ""contingency"": [[0, 1], [367, 24527]]}",{}
746,NC00962.3,EMB-0.25-0.9-0.8,0.0,GARC1,RUS,EMB,embA@Y635H,U,{},"{""proportion"": 0.0, ""confidence"": [0.0, 0.7301340512159458], ""p_value"": 1.0, ""contingency"": [[0, 1], [367, 24527]]}",{}
747,NC00962.3,EMB-0.25-0.9-0.8,0.0,GARC1,RUS,EMB,embB@T642A,U,{},"{""proportion"": 0.0, ""confidence"": [0.0, 0.7301340512159458], ""p_value"": 1.0, ""contingency"": [[0, 1], [367, 24527]]}",{}
748,NC00962.3,EMB-0.25-0.9-0.8,0.0,GARC1,RUS,EMB,embB@A1076T,U,{},"{""proportion"": 0.0, ""confidence"": [0.0, 0.5749693909936535], ""p_value"": 1.0, ""contingency"": [[0, 2], [367, 24527]]}",{}
749,NC00962.3,EMB-0.25-0.9-0.8,0.0,GARC1,RUS,EMB,embB@Y813D,U,{},"{""proportion"": 0.0, ""confidence"": [0.0, 0.5749693909936535], ""p_value"": 1.0, ""contingency"": [[0, 2], [367, 24527]]}",{}
750,NC00962.3,EMB-0.25-0.9-0.8,0.0,GARC1,RUS,EMB,embA@F927L,U,{},"{""proportion"": 0.0, ""confidence"": [0.0, 0.7301340512159458], ""p_value"": 1.0, ""contingency"": [[0, 1], [367, 24527]]}",{}
751,NC00962.3,EMB-0.25-0.9-0.8,0.0,GARC1,RUS,EMB,embB@Q139H,U,{},"{""proportion"": 0.0, ""confidence"": [0.0, 0.5749693909936535], ""p_value"": 1.0, ""contingency"": [[0, 2], [367, 24527]]}",{}
752,NC00962.3,EMB-0.25-0.9-0.8,0.0,GARC1,RUS,EMB,embB@P93L,U,{},"{""proportion"": 0.0, ""confidence"": [0.0, 0.40347862520270455], ""p_value"": 0.578125, ""contingency"": [[0, 4], [367, 24527]]}",{}
753,NC00962.3,EMB-0.25-0.9-0.8,0.0,GARC1,RUS,EMB,embA@G29S,U,{},"{""proportion"": 0.0, ""confidence"": [0.0, 0.7301340512159458], ""p_value"": 1.0, ""contingency"": [[0, 1], [367, 24527]]}",{}
754,NC00962.3,EMB-0.25-0.9-0.8,0.0,GARC1,RUS,EMB,embA@G596D,U,{},"{""proportion"": 0.0, ""confidence"": [0.0, 0.5749693909936535], ""p_value"": 1.0, ""contingency"": [[0, 2], [367, 24527]]}",{}
755,NC00962.3,EMB-0.25-0.9-0.8,0.0,GARC1,RUS,EMB,embB@R351C,U,{},"{""proportion"": 1.0, ""confidence"": [0.26986594878405434, 1.0000000000000002], ""p_value"": 0.25, ""contingency"": [[1, 0], [367, 24527]]}",{}
756,NC00962.3,EMB-0.25-0.9-0.8,0.0,GARC1,RUS,EMB,embB@P12L,U,{},"{""proportion"": 0.0, ""confidence"": [0.0, 0.7301340512159458], ""p_value"": 1.0, ""contingency"": [[0, 1], [367, 24527]]}",{}
757,NC00962.3,EMB-0.25-0.9-0.8,0.0,GARC1,RUS,EMB,embA@L34R,U,{},"{""proportion"": 0.0, ""confidence"": [0.0, 0.7301340512159458], ""p_value"": 1.0, ""contingency"": [[0, 1], [367, 24527]]}",{}
758,NC00962.3,EMB-0.25-0.9-0.8,0.0,GARC1,RUS,EMB,embB@A201E,U,{},"{""proportion"": 0.0, ""confidence"": [0.0, 0.4741955741575127], ""p_value"": 1.0, ""contingency"": [[0, 3], [367, 24527]]}",{}
759,NC00962.3,EMB-0.25-0.9-0.8,0.0,GARC1,RUS,EMB,embB@T667A,U,{},"{""proportion"": 0.0, ""confidence"": [0.0, 0.7301340512159458], ""p_value"": 1.0, ""contingency"": [[0, 1], [367, 24527]]}",{}
760,NC00962.3,EMB-0.25-0.9-0.8,0.0,GARC1,RUS,EMB,embB@F676S,U,{},"{""proportion"": 0.0, ""confidence"": [0.0, 0.5749693909936535], ""p_value"": 1.0, ""contingency"": [[0, 2], [367, 24527]]}",{}
761,NC00962.3,EMB-0.25-0.9-0.8,0.0,GARC1,RUS,EMB,embB@A379V,U,{},"{""proportion"": 0.0, ""confidence"": [0.0, 0.7301340512159458], ""p_value"": 1.0, ""contingency"": [[0, 1], [367, 24527]]}",{}
762,NC00962.3,EMB-0.25-0.9-0.8,0.0,GARC1,RUS,EMB,embB@Y977H,U,{},"{""proportion"": 0.0, ""confidence"": [0.0, 0.7301340512159458], ""p_value"": 1.0, ""contingency"": [[0, 1], [367, 24527]]}",{}
763,NC00962.3,EMB-0.25-0.9-0.8,0.0,GARC1,RUS,EMB,embB@T31A,U,{},"{""proportion"": 0.0, ""confidence"": [0.0, 0.7301340512159458], ""p_value"": 1.0, ""contingency"": [[0, 1], [367, 24527]]}",{}
764,NC00962.3,EMB-0.25-0.9-0.8,0.0,GARC1,RUS,EMB,embB@D311F,U,{},"{""proportion"": 0.0, ""confidence"": [0.0, 0.7301340512159458], ""p_value"": 1.0, ""contingency"": [[0, 1], [367, 24527]]}",{}
765,NC00962.3,EMB-0.25-0.9-0.8,0.0,GARC1,RUS,EMB,embB@A943V,U,{},"{""proportion"": 0.0, ""confidence"": [0.0, 0.7301340512159458], ""p_value"": 1.0, ""contingency"": [[0, 1], [367, 24527]]}",{}
766,NC00962.3,EMB-0.25-0.9-0.8,0.0,GARC1,RUS,EMB,embB@V654M,U,{},"{""proportion"": 0.0, ""confidence"": [0.0, 0.7301340512159458], ""p_value"": 1.0, ""contingency"": [[0, 1], [367, 24527]]}",{}
767,NC00962.3,EMB-0.25-0.9-0.8,0.0,GARC1,RUS,EMB,embB@P183S,U,{},"{""proportion"": 0.0, ""confidence"": [0.0, 0.7301340512159458], ""p_value"": 1.0, ""contingency"": [[0, 1], [367, 24527]]}",{}
768,NC00962.3,EMB-0.25-0.9-0.8,0.0,GARC1,RUS,EMB,embB@T797P,U,{},"{""proportion"": 0.0, ""confidence"": [0.0, 0.5749693909936535], ""p_value"": 1.0, ""contingency"": [[0, 2], [367, 24527]]}",{}
769,NC00962.3,EMB-0.25-0.9-0.8,0.0,GARC1,RUS,EMB,embB@G106R,U,{},"{""proportion"": 0.0, ""confidence"": [0.0, 0.7301340512159458], ""p_value"": 1.0, ""contingency"": [[0, 1], [367, 24527]]}",{}
770,NC00962.3,EMB-0.25-0.9-0.8,0.0,GARC1,RUS,EMB,embB@V292F,U,{},"{""proportion"": 0.0, ""confidence"": [0.0, 0.4741955741575127], ""p_value"": 1.0, ""contingency"": [[0, 3], [367, 24527]]}",{}
771,NC00962.3,EMB-0.25-0.9-0.8,0.0,GARC1,RUS,EMB,embB@V492L,U,{},"{""proportion"": 0.0, ""confidence"": [0.0, 0.7301340512159458], ""p_value"": 1.0, ""contingency"": [[0, 1], [367, 24527]]}",{}
772,NC00962.3,EMB-0.25-0.9-0.8,0.0,GARC1,RUS,EMB,embA@D1049A,U,{},"{""proportion"": 0.0, ""confidence"": [0.0, 0.7301340512159458], ""p_value"": 1.0, ""contingency"": [[0, 1], [367, 24527]]}",{}
773,NC00962.3,EMB-0.25-0.9-0.8,0.0,GARC1,RUS,EMB,embB@T520S,U,{},"{""proportion"": 0.0, ""confidence"": [0.0, 0.7301340512159458], ""p_value"": 1.0, ""contingency"": [[0, 1], [367, 24527]]}",{}
774,NC00962.3,EMB-0.25-0.9-0.8,0.0,GARC1,RUS,EMB,embB@G1005D,U,{},"{""proportion"": 0.0, ""confidence"": [0.0, 0.7301340512159458], ""p_value"": 1.0, ""contingency"": [[0, 1], [367, 24527]]}",{}
775,NC00962.3,EMB-0.25-0.9-0.8,0.0,GARC1,RUS,EMB,embB@A232T,U,{},"{""proportion"": 0.0, ""confidence"": [0.0, 0.5749693909936535], ""p_value"": 1.0, ""contingency"": [[0, 2], [367, 24527]]}",{}
776,NC00962.3,EMB-0.25-0.9-0.8,0.0,GARC1,RUS,EMB,embA@P988L,U,{},"{""proportion"": 0.0, ""confidence"": [0.0, 0.7301340512159458], ""p_value"": 1.0, ""contingency"": [[0, 1], [367, 24527]]}",{}
777,NC00962.3,EMB-0.25-0.9-0.8,0.0,GARC1,RUS,EMB,embA@A355S,U,{},"{""proportion"": 0.0, ""confidence"": [0.0, 0.7301340512159458], ""p_value"": 1.0, ""contingency"": [[0, 1], [367, 24527]]}",{}
778,NC00962.3,EMB-0.25-0.9-0.8,0.0,GARC1,RUS,EMB,embB@D240Y,U,{},"{""proportion"": 0.0, ""confidence"": [0.0, 0.7301340512159458], ""p_value"": 1.0, ""contingency"": [[0, 1], [367, 24527]]}",{}
779,NC00962.3,EMB-0.25-0.9-0.8,0.0,GARC1,RUS,EMB,embB@D191E,U,{},"{""proportion"": 0.0, ""confidence"": [0.0, 0.5749693909936535], ""p_value"": 1.0, ""contingency"": [[0, 2], [367, 24527]]}",{}
780,NC00962.3,EMB-0.25-0.9-0.8,0.0,GARC1,RUS,EMB,embB@G96E,U,{},"{""proportion"": 0.0, ""confidence"": [0.0, 0.7301340512159458], ""p_value"": 1.0, ""contingency"": [[0, 1], [367, 24527]]}",{}
781,NC00962.3,EMB-0.25-0.9-0.8,0.0,GARC1,RUS,EMB,embB@A840V,U,{},"{""proportion"": 0.0, ""confidence"": [0.0, 0.7301340512159458], ""p_value"": 1.0, ""contingency"": [[0, 1], [367, 24527]]}",{}
782,NC00962.3,EMB-0.25-0.9-0.8,0.0,GARC1,RUS,EMB,embB@S119I,U,{},"{""proportion"": 0.0, ""confidence"": [0.0, 0.5749693909936535], ""p_value"": 1.0, ""contingency"": [[0, 2], [367, 24527]]}",{}
783,NC00962.3,EMB-0.25-0.9-0.8,0.0,GARC1,RUS,EMB,embB@D1041A,U,{},"{""proportion"": 0.0, ""confidence"": [0.0, 0.7301340512159458], ""p_value"": 1.0, ""contingency"": [[0, 1], [367, 24527]]}",{}
784,NC00962.3,EMB-0.25-0.9-0.8,0.0,GARC1,RUS,EMB,embB@G745R,U,{},"{""proportion"": 0.0, ""confidence"": [0.0, 0.7301340512159458], ""p_value"": 1.0, ""contingency"": [[0, 1], [367, 24527]]}",{}
785,NC00962.3,EMB-0.25-0.9-0.8,0.0,GARC1,RUS,EMB,embA@A461T,U,{},"{""proportion"": 0.0, ""confidence"": [0.0, 0.7301340512159458], ""p_value"": 1.0, ""contingency"": [[0, 1], [367, 24527]]}",{}
786,NC00962.3,EMB-0.25-0.9-0.8,0.0,GARC1,RUS,EMB,embB@G1087C,U,{},"{""proportion"": 0.0, ""confidence"": [0.0, 0.7301340512159458], ""p_value"": 1.0, ""contingency"": [[0, 1], [367, 24527]]}",{}
787,NC00962.3,EMB-0.25-0.9-0.8,0.0,GARC1,RUS,EMB,embA@I30V,U,{},"{""proportion"": 0.0, ""confidence"": [0.0, 0.7301340512159458], ""p_value"": 1.0, ""contingency"": [[0, 1], [367, 24527]]}",{}
788,NC00962.3,EMB-0.25-0.9-0.8,0.0,GARC1,RUS,EMB,embA@A593V,U,{},"{""proportion"": 0.0, ""confidence"": [0.0, 0.7301340512159458], ""p_value"": 1.0, ""contingency"": [[0, 1], [367, 24527]]}",{}
789,NC00962.3,EMB-0.25-0.9-0.8,0.0,GARC1,RUS,EMB,embA@T197R,U,{},"{""proportion"": 0.0, ""confidence"": [0.0, 0.7301340512159458], ""p_value"": 1.0, ""contingency"": [[0, 1], [367, 24527]]}",{}
790,NC00962.3,EMB-0.25-0.9-0.8,0.0,GARC1,RUS,EMB,embB@A386E,U,{},"{""proportion"": 0.0, ""confidence"": [0.0, 0.278762695452542], ""p_value"": 0.20404052734375, ""contingency"": [[0, 7], [367, 24527]]}",{}
791,NC00962.3,EMB-0.25-0.9-0.8,0.0,GARC1,RUS,EMB,embB@G745A,U,{},"{""proportion"": 0.0, ""confidence"": [0.0, 0.7301340512159458], ""p_value"": 1.0, ""contingency"": [[0, 1], [367, 24527]]}",{}
792,NC00962.3,EMB-0.25-0.9-0.8,0.0,GARC1,RUS,EMB,embA@R444W,U,{},"{""proportion"": 0.0, ""confidence"": [0.0, 0.7301340512159458], ""p_value"": 1.0, ""contingency"": [[0, 1], [367, 24527]]}",{}
793,NC00962.3,EMB-0.25-0.9-0.8,0.0,GARC1,RUS,EMB,embA@P958L,U,{},"{""proportion"": 0.0, ""confidence"": [0.0, 0.7301340512159458], ""p_value"": 1.0, ""contingency"": [[0, 1], [367, 24527]]}",{}
794,NC00962.3,EMB-0.25-0.9-0.8,0.0,GARC1,RUS,EMB,embA@P934R,U,{},"{""proportion"": 0.0, ""confidence"": [0.0, 0.7301340512159458], ""p_value"": 1.0, ""contingency"": [[0, 1], [367, 24527]]}",{}
795,NC00962.3,EMB-0.25-0.9-0.8,0.0,GARC1,RUS,EMB,embB@R238H,U,{},"{""proportion"": 0.0, ""confidence"": [0.0, 0.7301340512159458], ""p_value"": 1.0, ""contingency"": [[0, 1], [367, 24527]]}",{}
796,NC00962.3,EMB-0.25-0.9-0.8,0.0,GARC1,RUS,EMB,embB@P76L,U,{},"{""proportion"": 0.0, ""confidence"": [0.0, 0.7301340512159458], ""p_value"": 1.0, ""contingency"": [[0, 1], [367, 24527]]}",{}
797,NC00962.3,EMB-0.25-0.9-0.8,0.0,GARC1,RUS,EMB,embA@E779Q,U,{},"{""proportion"": 0.0, ""confidence"": [0.0, 0.4741955741575127], ""p_value"": 1.0, ""contingency"": [[0, 3], [367, 24527]]}",{}
798,NC00962.3,EMB-0.25-0.9-0.8,0.0,GARC1,RUS,EMB,embB@F285V,U,{},"{""proportion"": 0.0, ""confidence"": [0.0, 0.7301340512159458], ""p_value"": 1.0, ""contingency"": [[0, 1], [367, 24527]]}",{}
799,NC00962.3,EMB-0.25-0.9-0.8,0.0,GARC1,RUS,EMB,embA@1783_ins_tcggtctacatagtcgac,U,{},"{""proportion"": 0.0, ""confidence"": [0.0, 0.7301340512159458], ""p_value"": 1.0, ""contingency"": [[0, 1], [367, 24527]]}",{}
800,NC00962.3,EMB-0.25-0.9-0.8,0.0,GARC1,RUS,EMB,embB@S261A,U,{},"{""proportion"": 0.0, ""confidence"": [0.0, 0.7301340512159458], ""p_value"": 1.0, ""contingency"": [[0, 1], [367, 24527]]}",{}
801,NC00962.3,EMB-0.25-0.9-0.8,0.0,GARC1,RUS,EMB,embA@T308K,U,{},"{""proportion"": 0.0, ""confidence"": [0.0, 0.7301340512159458], ""p_value"": 1.0, ""contingency"": [[0, 1], [367, 24527]]}",{}
802,NC00962.3,EMB-0.25-0.9-0.8,0.0,GARC1,RUS,EMB,embB@T212A,U,{},"{""proportion"": 0.0, ""confidence"": [0.0, 0.5749693909936535], ""p_value"": 1.0, ""contingency"": [[0, 2], [367, 24527]]}",{}
803,NC00962.3,EMB-0.25-0.9-0.8,0.0,GARC1,RUS,EMB,embB@V67L,U,{},"{""proportion"": 0.0, ""confidence"": [0.0, 0.5749693909936535], ""p_value"": 1.0, ""contingency"": [[0, 2], [367, 24527]]}",{}
804,NC00962.3,EMB-0.25-0.9-0.8,0.0,GARC1,RUS,EMB,embA@S250G,U,{},"{""proportion"": 0.0, ""confidence"": [0.0, 0.7301340512159458], ""p_value"": 1.0, ""contingency"": [[0, 1], [367, 24527]]}",{}
805,NC00962.3,EMB-0.25-0.9-0.8,0.0,GARC1,RUS,EMB,embB@V369M,U,{},"{""proportion"": 0.0, ""confidence"": [0.0, 0.5749693909936535], ""p_value"": 1.0, ""contingency"": [[0, 2], [367, 24527]]}",{}
806,NC00962.3,EMB-0.25-0.9-0.8,0.0,GARC1,RUS,EMB,embA@I1007V,U,{},"{""proportion"": 0.0, ""confidence"": [0.0, 0.7301340512159458], ""p_value"": 1.0, ""contingency"": [[0, 1], [367, 24527]]}",{}
807,NC00962.3,EMB-0.25-0.9-0.8,0.0,GARC1,RUS,EMB,embB@V944A,U,{},"{""proportion"": 0.0, ""confidence"": [0.0, 0.4741955741575127], ""p_value"": 1.0, ""contingency"": [[0, 3], [367, 24527]]}",{}
808,NC00962.3,EMB-0.25-0.9-0.8,0.0,GARC1,RUS,EMB,embA@A355V,U,{},"{""proportion"": 0.0, ""confidence"": [0.0, 0.7301340512159458], ""p_value"": 1.0, ""contingency"": [[0, 1], [367, 24527]]}",{}
809,NC00962.3,EMB-0.25-0.9-0.8,0.0,GARC1,RUS,EMB,embB@G459S,U,{},"{""proportion"": 0.0, ""confidence"": [0.0, 0.7301340512159458], ""p_value"": 1.0, ""contingency"": [[0, 1], [367, 24527]]}",{}
810,NC00962.3,EMB-0.25-0.9-0.8,0.0,GARC1,RUS,EMB,embB@A941T,U,{},"{""proportion"": 0.0, ""confidence"": [0.0, 0.7301340512159458], ""p_value"": 1.0, ""contingency"": [[0, 1], [367, 24527]]}",{}
811,NC00962.3,EMB-0.25-0.9-0.8,0.0,GARC1,RUS,EMB,embA@g-75a,U,{},"{""proportion"": 0.0, ""confidence"": [0.0, 0.7301340512159458], ""p_value"": 1.0, ""contingency"": [[0, 1], [367, 24527]]}",{}
812,NC00962.3,EMB-0.25-0.9-0.8,0.0,GARC1,RUS,EMB,embA@A316G,U,{},"{""proportion"": 0.0, ""confidence"": [0.0, 0.7301340512159458], ""p_value"": 1.0, ""contingency"": [[0, 1], [367, 24527]]}",{}
813,NC00962.3,EMB-0.25-0.9-0.8,0.0,GARC1,RUS,EMB,embA@A930V,U,{},"{""proportion"": 0.0, ""confidence"": [0.0, 0.7301340512159458], ""p_value"": 1.0, ""contingency"": [[0, 1], [367, 24527]]}",{}
814,NC00962.3,EMB-0.25-0.9-0.8,0.0,GARC1,RUS,EMB,embB@A313T,U,{},"{""proportion"": 0.0, ""confidence"": [0.0, 0.7301340512159458], ""p_value"": 1.0, ""contingency"": [[0, 1], [367, 24527]]}",{}
815,NC00962.3,EMB-0.25-0.9-0.8,0.0,GARC1,RUS,EMB,embA@T604M,U,{},"{""proportion"": 0.0, ""confidence"": [0.0, 0.7301340512159458], ""p_value"": 1.0, ""contingency"": [[0, 1], [367, 24527]]}",{}
816,NC00962.3,EMB-0.25-0.9-0.8,0.0,GARC1,RUS,EMB,embB@R213W,U,{},"{""proportion"": 0.0, ""confidence"": [0.0, 0.7301340512159458], ""p_value"": 1.0, ""contingency"": [[0, 1], [367, 24527]]}",{}
817,NC00962.3,EMB-0.25-0.9-0.8,0.0,GARC1,RUS,EMB,embA@G210V,U,{},"{""proportion"": 0.0, ""confidence"": [0.0, 0.7301340512159458], ""p_value"": 1.0, ""contingency"": [[0, 1], [367, 24527]]}",{}
818,NC00962.3,EMB-0.25-0.9-0.8,0.0,GARC1,RUS,EMB,embB@R625W,U,{},"{""proportion"": 0.0, ""confidence"": [0.0, 0.7301340512159458], ""p_value"": 1.0, ""contingency"": [[0, 1], [367, 24527]]}",{}
819,NC00962.3,EMB-0.25-0.9-0.8,0.0,GARC1,RUS,EMB,embB@V612M,U,{},"{""proportion"": 0.0, ""confidence"": [0.0, 0.7301340512159458], ""p_value"": 1.0, ""contingency"": [[0, 1], [367, 24527]]}",{}
820,NC00962.3,EMB-0.25-0.9-0.8,0.0,GARC1,RUS,EMB,embB@G696A,U,{},"{""proportion"": 0.0, ""confidence"": [0.0, 0.7301340512159458], ""p_value"": 1.0, ""contingency"": [[0, 1], [367, 24527]]}",{}
821,NC00962.3,EMB-0.25-0.9-0.8,0.0,GARC1,RUS,EMB,embA@A921S,U,{},"{""proportion"": 0.0, ""confidence"": [0.0, 0.5749693909936535], ""p_value"": 1.0, ""contingency"": [[0, 2], [367, 24527]]}",{}
822,NC00962.3,EMB-0.25-0.9-0.8,0.0,GARC1,RUS,EMB,embB@G458C,U,{},"{""proportion"": 0.0, ""confidence"": [0.0, 0.7301340512159458], ""p_value"": 1.0, ""contingency"": [[0, 1], [367, 24527]]}",{}
823,NC00962.3,EMB-0.25-0.9-0.8,0.0,GARC1,RUS,EMB,embB@R464Q,U,{},"{""proportion"": 0.0, ""confidence"": [0.0, 0.7301340512159458], ""p_value"": 1.0, ""contingency"": [[0, 1], [367, 24527]]}",{}
824,NC00962.3,EMB-0.25-0.9-0.8,0.0,GARC1,RUS,EMB,embB@A484T,U,{},"{""proportion"": 0.0, ""confidence"": [0.0, 0.7301340512159458], ""p_value"": 1.0, ""contingency"": [[0, 1], [367, 24527]]}",{}
825,NC00962.3,EMB-0.25-0.9-0.8,0.0,GARC1,RUS,EMB,embA@G230S,U,{},"{""proportion"": 0.0, ""confidence"": [0.0, 0.4741955741575127], ""p_value"": 1.0, ""contingency"": [[0, 3], [367, 24527]]}",{}
826,NC00962.3,EMB-0.25-0.9-0.8,0.0,GARC1,RUS,EMB,embA@I141T,U,{},"{""proportion"": 0.0, ""confidence"": [0.0, 0.5749693909936535], ""p_value"": 1.0, ""contingency"": [[0, 2], [367, 24527]]}",{}
827,NC00962.3,EMB-0.25-0.9-0.8,0.0,GARC1,RUS,EMB,embA@G547R,U,{},"{""proportion"": 0.0, ""confidence"": [0.0, 0.7301340512159458], ""p_value"": 1.0, ""contingency"": [[0, 1], [367, 24527]]}",{}
828,NC00962.3,EMB-0.25-0.9-0.8,0.0,GARC1,RUS,EMB,embB@R468H,U,{},"{""proportion"": 0.0, ""confidence"": [0.0, 0.7301340512159458], ""p_value"": 1.0, ""contingency"": [[0, 1], [367, 24527]]}",{}
829,NC00962.3,EMB-0.25-0.9-0.8,0.0,GARC1,RUS,EMB,embA@g-51a,U,{},"{""proportion"": 0.0, ""confidence"": [0.0, 0.7301340512159458], ""p_value"": 1.0, ""contingency"": [[0, 1], [367, 24527]]}",{}
830,NC00962.3,EMB-0.25-0.9-0.8,0.0,GARC1,RUS,EMB,embB@S622W,U,{},"{""proportion"": 0.0, ""confidence"": [0.0, 0.7301340512159458], ""p_value"": 1.0, ""contingency"": [[0, 1], [367, 24527]]}",{}
831,NC00962.3,EMB-0.25-0.9-0.8,0.0,GARC1,RUS,EMB,embB@D1060N,U,{},"{""proportion"": 0.0, ""confidence"": [0.0, 0.7301340512159458], ""p_value"": 1.0, ""contingency"": [[0, 1], [367, 24527]]}",{}
832,NC00962.3,EMB-0.25-0.9-0.8,0.0,GARC1,RUS,EMB,embA@P802L,U,{},"{""proportion"": 0.0, ""confidence"": [0.0, 0.40347862520270455], ""p_value"": 0.578125, ""contingency"": [[0, 4], [367, 24527]]}",{}
833,NC00962.3,EMB-0.25-0.9-0.8,0.0,GARC1,RUS,EMB,embB@T215I,U,{},"{""proportion"": 0.0, ""confidence"": [0.0, 0.7301340512159458], ""p_value"": 1.0, ""contingency"": [[0, 1], [367, 24527]]}",{}
834,NC00962.3,EMB-0.25-0.9-0.8,0.0,GARC1,RUS,EMB,embB@P655L,U,{},"{""proportion"": 0.0, ""confidence"": [0.0, 0.7301340512159458], ""p_value"": 1.0, ""contingency"": [[0, 1], [367, 24527]]}",{}
835,NC00962.3,EMB-0.25-0.9-0.8,0.0,GARC1,RUS,EMB,embA@t-28g,U,{},"{""proportion"": 0.0, ""confidence"": [0.0, 0.7301340512159458], ""p_value"": 1.0, ""contingency"": [[0, 1], [367, 24527]]}",{}
836,NC00962.3,EMB-0.25-0.9-0.8,0.0,GARC1,RUS,EMB,embA@A448G,U,{},"{""proportion"": 0.0, ""confidence"": [0.0, 0.7301340512159458], ""p_value"": 1.0, ""contingency"": [[0, 1], [367, 24527]]}",{}
837,NC00962.3,EMB-0.25-0.9-0.8,0.0,GARC1,RUS,EMB,embB@H890R,U,{},"{""proportion"": 0.0, ""confidence"": [0.0, 0.7301340512159458], ""p_value"": 1.0, ""contingency"": [[0, 1], [367, 24527]]}",{}
838,NC00962.3,EMB-0.25-0.9-0.8,0.0,GARC1,RUS,EMB,embA@T588I,U,{},"{""proportion"": 0.0, ""confidence"": [0.0, 0.7301340512159458], ""p_value"": 1.0, ""contingency"": [[0, 1], [367, 24527]]}",{}
839,NC00962.3,EMB-0.25-0.9-0.8,0.0,GARC1,RUS,EMB,embB@P957L,U,{},"{""proportion"": 0.0, ""confidence"": [0.0, 0.7301340512159458], ""p_value"": 1.0, ""contingency"": [[0, 1], [367, 24527]]}",{}
840,NC00962.3,EMB-0.25-0.9-0.8,0.0,GARC1,RUS,EMB,embB@S980A,U,{},"{""proportion"": 0.0, ""confidence"": [0.0, 0.7301340512159458], ""p_value"": 1.0, ""contingency"": [[0, 1], [367, 24527]]}",{}
841,NC00962.3,EMB-0.25-0.9-0.8,0.0,GARC1,RUS,EMB,embB@A271T,U,{},"{""proportion"": 0.0, ""confidence"": [0.0, 0.5749693909936535], ""p_value"": 1.0, ""contingency"": [[0, 2], [367, 24527]]}",{}
842,NC00962.3,EMB-0.25-0.9-0.8,0.0,GARC1,RUS,EMB,embB@P136A,U,{},"{""proportion"": 0.0, ""confidence"": [0.0, 0.7301340512159458], ""p_value"": 1.0, ""contingency"": [[0, 1], [367, 24527]]}",{}
843,NC00962.3,EMB-0.25-0.9-0.8,0.0,GARC1,RUS,EMB,embB@L1037I,U,{},"{""proportion"": 0.0, ""confidence"": [0.0, 0.5749693909936535], ""p_value"": 1.0, ""contingency"": [[0, 2], [367, 24527]]}",{}
844,NC00962.3,EMB-0.25-0.9-0.8,0.0,GARC1,RUS,EMB,embB@E976Q,U,{},"{""proportion"": 0.0, ""confidence"": [0.0, 0.7301340512159458], ""p_value"": 1.0, ""contingency"": [[0, 1], [367, 24527]]}",{}
845,NC00962.3,EMB-0.25-0.9-0.8,0.0,GARC1,RUS,EMB,embA@T434A,U,{},"{""proportion"": 0.0, ""confidence"": [0.0, 0.7301340512159458], ""p_value"": 1.0, ""contingency"": [[0, 1], [367, 24527]]}",{}
846,NC00962.3,EMB-0.25-0.9-0.8,0.0,GARC1,RUS,EMB,embB@D952E,U,{},"{""proportion"": 0.0, ""confidence"": [0.0, 0.5749693909936535], ""p_value"": 1.0, ""contingency"": [[0, 2], [367, 24527]]}",{}
847,NC00962.3,EMB-0.25-0.9-0.8,0.0,GARC1,RUS,EMB,embB@P776L,U,{},"{""proportion"": 0.0, ""confidence"": [0.0, 0.3511165007651012], ""p_value"": 0.34082031250000006, ""contingency"": [[0, 5], [367, 24527]]}",{}
848,NC00962.3,EMB-0.25-0.9-0.8,0.0,GARC1,RUS,EMB,embA@W634S,U,{},"{""proportion"": 0.0, ""confidence"": [0.0, 0.7301340512159458], ""p_value"": 1.0, ""contingency"": [[0, 1], [367, 24527]]}",{}
849,NC00962.3,EMB-0.25-0.9-0.8,0.0,GARC1,RUS,EMB,embB@V755I,U,{},"{""proportion"": 0.0, ""confidence"": [0.0, 0.5749693909936535], ""p_value"": 1.0, ""contingency"": [[0, 2], [367, 24527]]}",{}
850,NC00962.3,EMB-0.25-0.9-0.8,0.0,GARC1,RUS,EMB,embA@E508D,U,{},"{""proportion"": 0.0, ""confidence"": [0.0, 0.7301340512159458], ""p_value"": 1.0, ""contingency"": [[0, 1], [367, 24527]]}",{}
851,NC00962.3,EMB-0.25-0.9-0.8,0.0,GARC1,RUS,EMB,embB@F541V,U,{},"{""proportion"": 0.0, ""confidence"": [0.0, 0.7301340512159458], ""p_value"": 1.0, ""contingency"": [[0, 1], [367, 24527]]}",{}
852,NC00962.3,EMB-0.25-0.9-0.8,0.0,GARC1,RUS,EMB,embB@P103H,U,{},"{""proportion"": 0.0, ""confidence"": [0.0, 0.7301340512159458], ""p_value"": 1.0, ""contingency"": [[0, 1], [367, 24527]]}",{}
853,NC00962.3,EMB-0.25-0.9-0.8,0.0,GARC1,RUS,EMB,embB@M265I,U,{},"{""proportion"": 0.0, ""confidence"": [0.0, 0.7301340512159458], ""p_value"": 1.0, ""contingency"": [[0, 1], [367, 24527]]}",{}
854,NC00962.3,EMB-0.25-0.9-0.8,0.0,GARC1,RUS,EMB,embB@D127A,U,{},"{""proportion"": 0.0, ""confidence"": [0.0, 0.7301340512159458], ""p_value"": 1.0, ""contingency"": [[0, 1], [367, 24527]]}",{}
855,NC00962.3,EMB-0.25-0.9-0.8,0.0,GARC1,RUS,EMB,embB@A94V,U,{},"{""proportion"": 0.0, ""confidence"": [0.0, 0.5749693909936535], ""p_value"": 1.0, ""contingency"": [[0, 2], [367, 24527]]}",{}
856,NC00962.3,EMB-0.25-0.9-0.8,0.0,GARC1,RUS,EMB,embB@D166A,U,{},"{""proportion"": 0.0, ""confidence"": [0.0, 0.7301340512159458], ""p_value"": 1.0, ""contingency"": [[0, 1], [367, 24527]]}",{}
857,NC00962.3,EMB-0.25-0.9-0.8,0.0,GARC1,RUS,EMB,embA@G823R,U,{},"{""proportion"": 0.0, ""confidence"": [0.0, 0.7301340512159458], ""p_value"": 1.0, ""contingency"": [[0, 1], [367, 24527]]}",{}
858,NC00962.3,EMB-0.25-0.9-0.8,0.0,GARC1,RUS,EMB,embB@V83A,U,{},"{""proportion"": 0.0, ""confidence"": [0.0, 0.7301340512159458], ""p_value"": 1.0, ""contingency"": [[0, 1], [367, 24527]]}",{}
859,NC00962.3,EMB-0.25-0.9-0.8,0.0,GARC1,RUS,EMB,embB@G1097A,U,{},"{""proportion"": 0.0, ""confidence"": [0.0, 0.7301340512159458], ""p_value"": 1.0, ""contingency"": [[0, 1], [367, 24527]]}",{}
860,NC00962.3,EMB-0.25-0.9-0.8,0.0,GARC1,RUS,EMB,embA@L978W,U,{},"{""proportion"": 0.0, ""confidence"": [0.0, 0.7301340512159458], ""p_value"": 1.0, ""contingency"": [[0, 1], [367, 24527]]}",{}
861,NC00962.3,EMB-0.25-0.9-0.8,0.0,GARC1,RUS,EMB,embB@L528V,U,{},"{""proportion"": 0.0, ""confidence"": [0.0, 0.7301340512159458], ""p_value"": 1.0, ""contingency"": [[0, 1], [367, 24527]]}",{}
862,NC00962.3,EMB-0.25-0.9-0.8,0.0,GARC1,RUS,EMB,embA@P860L,U,{},"{""proportion"": 0.0, ""confidence"": [0.0, 0.7301340512159458], ""p_value"": 1.0, ""contingency"": [[0, 1], [367, 24527]]}",{}
863,NC00962.3,EMB-0.25-0.9-0.8,0.0,GARC1,RUS,EMB,embA@L263F,U,{},"{""proportion"": 0.0, ""confidence"": [0.0, 0.7301340512159458], ""p_value"": 1.0, ""contingency"": [[0, 1], [367, 24527]]}",{}
864,NC00962.3,EMB-0.25-0.9-0.8,0.0,GARC1,RUS,EMB,embA@T161I,U,{},"{""proportion"": 0.0, ""confidence"": [0.0, 0.7301340512159458], ""p_value"": 1.0, ""contingency"": [[0, 1], [367, 24527]]}",{}
865,NC00962.3,EMB-0.25-0.9-0.8,0.0,GARC1,RUS,EMB,embB@P766L,U,{},"{""proportion"": 0.0, ""confidence"": [0.0, 0.7301340512159458], ""p_value"": 1.0, ""contingency"": [[0, 1], [367, 24527]]}",{}
866,NC00962.3,EMB-0.25-0.9-0.8,0.0,GARC1,RUS,EMB,embB@A388V,U,{},"{""proportion"": 0.0, ""confidence"": [0.0, 0.7301340512159458], ""p_value"": 1.0, ""contingency"": [[0, 1], [367, 24527]]}",{}
867,NC00962.3,EMB-0.25-0.9-0.8,0.0,GARC1,RUS,EMB,embB@A701T,U,{},"{""proportion"": 0.0, ""confidence"": [0.0, 0.5749693909936535], ""p_value"": 1.0, ""contingency"": [[0, 2], [367, 24527]]}",{}
868,NC00962.3,EMB-0.25-0.9-0.8,0.0,GARC1,RUS,EMB,embA@V391I,U,{},"{""proportion"": 0.0, ""confidence"": [0.0, 0.7301340512159458], ""p_value"": 1.0, ""contingency"": [[0, 1], [367, 24527]]}",{}
869,NC00962.3,EMB-0.25-0.9-0.8,0.0,GARC1,RUS,EMB,embA@P327H,U,{},"{""proportion"": 0.0, ""confidence"": [0.0, 0.7301340512159458], ""p_value"": 1.0, ""contingency"": [[0, 1], [367, 24527]]}",{}
870,NC00962.3,EMB-0.25-0.9-0.8,0.0,GARC1,RUS,EMB,embA@A1016S,U,{},"{""proportion"": 0.0, ""confidence"": [0.0, 0.4741955741575127], ""p_value"": 1.0, ""contingency"": [[0, 3], [367, 24527]]}",{}
871,NC00962.3,EMB-0.25-0.9-0.8,0.0,GARC1,RUS,EMB,embB@F161L,U,{},"{""proportion"": 0.0, ""confidence"": [0.0, 0.7301340512159458], ""p_value"": 1.0, ""contingency"": [[0, 1], [367, 24527]]}",{}
872,NC00962.3,EMB-0.25-0.9-0.8,0.0,GARC1,RUS,EMB,embB@W273L,U,{},"{""proportion"": 0.0, ""confidence"": [0.0, 0.7301340512159458], ""p_value"": 1.0, ""contingency"": [[0, 1], [367, 24527]]}",{}
873,NC00962.3,EMB-0.25-0.9-0.8,0.0,GARC1,RUS,EMB,embB@A221T,U,{},"{""proportion"": 0.0, ""confidence"": [0.0, 0.7301340512159458], ""p_value"": 1.0, ""contingency"": [[0, 1], [367, 24527]]}",{}
874,NC00962.3,EMB-0.25-0.9-0.8,0.0,GARC1,RUS,EMB,embA@A438V,U,{},"{""proportion"": 0.0, ""confidence"": [0.0, 0.7301340512159458], ""p_value"": 1.0, ""contingency"": [[0, 1], [367, 24527]]}",{}
875,NC00962.3,EMB-0.25-0.9-0.8,0.0,GARC1,RUS,EMB,embB@A357T,U,{},"{""proportion"": 0.0, ""confidence"": [0.0, 0.7301340512159458], ""p_value"": 1.0, ""contingency"": [[0, 1], [367, 24527]]}",{}
876,NC00962.3,EMB-0.25-0.9-0.8,0.0,GARC1,RUS,EMB,embB@M350T,U,{},"{""proportion"": 0.0, ""confidence"": [0.0, 0.7301340512159458], ""p_value"": 1.0, ""contingency"": [[0, 1], [367, 24527]]}",{}
877,NC00962.3,EMB-0.25-0.9-0.8,0.0,GARC1,RUS,EMB,embB@S344R,U,{},"{""proportion"": 0.0, ""confidence"": [0.0, 0.7301340512159458], ""p_value"": 1.0, ""contingency"": [[0, 1], [367, 24527]]}",{}
878,NC00962.3,EMB-0.25-0.9-0.8,0.0,GARC1,RUS,EMB,embA@Q57E,U,{},"{""proportion"": 0.0, ""confidence"": [0.0, 0.7301340512159458], ""p_value"": 1.0, ""contingency"": [[0, 1], [367, 24527]]}",{}
879,NC00962.3,EMB-0.25-0.9-0.8,0.0,GARC1,RUS,EMB,embA@T591A,U,{},"{""proportion"": 0.0, ""confidence"": [0.0, 0.7301340512159458], ""p_value"": 1.0, ""contingency"": [[0, 1], [367, 24527]]}",{}
880,NC00962.3,EMB-0.25-0.9-0.8,0.0,GARC1,RUS,EMB,embA@N54S,U,{},"{""proportion"": 0.0, ""confidence"": [0.0, 0.7301340512159458], ""p_value"": 1.0, ""contingency"": [[0, 1], [367, 24527]]}",{}
881,NC00962.3,EMB-0.25-0.9-0.8,0.0,GARC1,RUS,EMB,embB@T341I,U,{},"{""proportion"": 0.0, ""confidence"": [0.0, 0.7301340512159458], ""p_value"": 1.0, ""contingency"": [[0, 1], [367, 24527]]}",{}
882,NC00962.3,EMB-0.25-0.9-0.8,0.0,GARC1,RUS,EMB,embA@A331P,U,{},"{""proportion"": 0.0, ""confidence"": [0.0, 0.7301340512159458], ""p_value"": 1.0, ""contingency"": [[0, 1], [367, 24527]]}",{}
883,NC00962.3,EMB-0.25-0.9-0.8,0.0,GARC1,RUS,EMB,embA@c-11t,U,{},"{""proportion"": 0.0, ""confidence"": [0.0, 0.5749693909936535], ""p_value"": 1.0, ""contingency"": [[0, 2], [367, 24527]]}",{}
884,NC00962.3,EMB-0.25-0.9-0.8,0.0,GARC1,RUS,EMB,embB@A861T,U,{},"{""proportion"": 0.0, ""confidence"": [0.0, 0.7301340512159458], ""p_value"": 1.0, ""contingency"": [[0, 1], [367, 24527]]}",{}
885,NC00962.3,EMB-0.25-0.9-0.8,0.0,GARC1,RUS,EMB,embB@A840P,U,{},"{""proportion"": 0.0, ""confidence"": [0.0, 0.7301340512159458], ""p_value"": 1.0, ""contingency"": [[0, 1], [367, 24527]]}",{}
886,NC00962.3,EMB-0.25-0.9-0.8,0.0,GARC1,RUS,EMB,embA@D678N,U,{},"{""proportion"": 0.0, ""confidence"": [0.0, 0.7301340512159458], ""p_value"": 1.0, ""contingency"": [[0, 1], [367, 24527]]}",{}
887,NC00962.3,EMB-0.25-0.9-0.8,0.0,GARC1,RUS,EMB,embB@H342N,U,{},"{""proportion"": 0.0, ""confidence"": [0.0, 0.7301340512159458], ""p_value"": 1.0, ""contingency"": [[0, 1], [367, 24527]]}",{}
888,NC00962.3,EMB-0.25-0.9-0.8,0.0,GARC1,RUS,EMB,embB@V230A,U,{},"{""proportion"": 0.0, ""confidence"": [0.0, 0.7301340512159458], ""p_value"": 1.0, ""contingency"": [[0, 1], [367, 24527]]}",{}
889,NC00962.3,EMB-0.25-0.9-0.8,0.0,GARC1,RUS,EMB,embB@M557I,U,{},"{""proportion"": 0.0, ""confidence"": [0.0, 0.7301340512159458], ""p_value"": 1.0, ""contingency"": [[0, 1], [367, 24527]]}",{}
890,NC00962.3,EMB-0.25-0.9-0.8,0.0,GARC1,RUS,EMB,embB@R1059P,U,{},"{""proportion"": 0.0, ""confidence"": [0.0, 0.7301340512159458], ""p_value"": 1.0, ""contingency"": [[0, 1], [367, 24527]]}",{}
891,NC00962.3,EMB-0.25-0.9-0.8,0.0,GARC1,RUS,EMB,embB@A950V,U,{},"{""proportion"": 0.0, ""confidence"": [0.0, 0.7301340512159458], ""p_value"": 1.0, ""contingency"": [[0, 1], [367, 24527]]}",{}
892,NC00962.3,EMB-0.25-0.9-0.8,0.0,GARC1,RUS,EMB,embA@A734T,U,{},"{""proportion"": 0.0, ""confidence"": [0.0, 0.7301340512159458], ""p_value"": 1.0, ""contingency"": [[0, 1], [367, 24527]]}",{}
893,NC00962.3,EMB-0.25-0.9-0.8,0.0,GARC1,RUS,EMB,embB@L348P,U,{},"{""proportion"": 0.0, ""confidence"": [0.0, 0.7301340512159458], ""p_value"": 1.0, ""contingency"": [[0, 1], [367, 24527]]}",{}
894,NC00962.3,EMB-0.25-0.9-0.8,0.0,GARC1,RUS,EMB,embB@N400S,U,{},"{""proportion"": 0.0, ""confidence"": [0.0, 0.7301340512159458], ""p_value"": 1.0, ""contingency"": [[0, 1], [367, 24527]]}",{}
895,NC00962.3,EMB-0.25-0.9-0.8,0.0,GARC1,RUS,EMB,embA@T363I,U,{},"{""proportion"": 0.0, ""confidence"": [0.0, 0.7301340512159458], ""p_value"": 1.0, ""contingency"": [[0, 1], [367, 24527]]}",{}
896,NC00962.3,EMB-0.25-0.9-0.8,0.0,GARC1,RUS,EMB,embA@T652R,U,{},"{""proportion"": 1.0, ""confidence"": [0.26986594878405434, 1.0000000000000002], ""p_value"": 0.25, ""contingency"": [[1, 0], [367, 24527]]}",{}
897,NC00962.3,EMB-0.25-0.9-0.8,0.0,GARC1,RUS,EMB,embA@P689L,U,{},"{""proportion"": 0.0, ""confidence"": [0.0, 0.7301340512159458], ""p_value"": 1.0, ""contingency"": [[0, 1], [367, 24527]]}",{}
898,NC00962.3,EMB-0.25-0.9-0.8,0.0,GARC1,RUS,EMB,embB@M462T,U,{},"{""proportion"": 0.0, ""confidence"": [0.0, 0.7301340512159458], ""p_value"": 1.0, ""contingency"": [[0, 1], [367, 24527]]}",{}
899,NC00962.3,EMB-0.25-0.9-0.8,0.0,GARC1,RUS,EMB,embB@P59T,U,{},"{""proportion"": 0.0, ""confidence"": [0.0, 0.7301340512159458], ""p_value"": 1.0, ""contingency"": [[0, 1], [367, 24527]]}",{}
900,NC00962.3,EMB-0.25-0.9-0.8,0.0,GARC1,RUS,EMB,embB@V602A,U,{},"{""proportion"": 0.0, ""confidence"": [0.0, 0.7301340512159458], ""p_value"": 1.0, ""contingency"": [[0, 1], [367, 24527]]}",{}
901,NC00962.3,EMB-0.25-0.9-0.8,0.0,GARC1,RUS,EMB,embB@I1006M,U,{},"{""proportion"": 0.0, ""confidence"": [0.0, 0.3511165007651012], ""p_value"": 0.34082031250000006, ""contingency"": [[0, 5], [367, 24527]]}",{}
902,NC00962.3,EMB-0.25-0.9-0.8,0.0,GARC1,RUS,EMB,embA@T591P,U,{},"{""proportion"": 0.0, ""confidence"": [0.0, 0.5749693909936535], ""p_value"": 1.0, ""contingency"": [[0, 2], [367, 24527]]}",{}
903,NC00962.3,EMB-0.25-0.9-0.8,0.0,GARC1,RUS,EMB,embB@R147C,U,{},"{""proportion"": 0.0, ""confidence"": [0.0, 0.7301340512159458], ""p_value"": 1.0, ""contingency"": [[0, 1], [367, 24527]]}",{}
904,NC00962.3,EMB-0.25-0.9-0.8,0.0,GARC1,RUS,EMB,embB@A1083T,U,{},"{""proportion"": 0.0, ""confidence"": [0.0, 0.7301340512159458], ""p_value"": 1.0, ""contingency"": [[0, 1], [367, 24527]]}",{}
905,NC00962.3,EMB-0.25-0.9-0.8,0.0,GARC1,RUS,EMB,embA@G554D,U,{},"{""proportion"": 1.0, ""confidence"": [0.26986594878405434, 1.0000000000000002], ""p_value"": 0.25, ""contingency"": [[1, 0], [367, 24527]]}",{}
906,NC00962.3,EMB-0.25-0.9-0.8,0.0,GARC1,RUS,EMB,embB@E149A,U,{},"{""proportion"": 0.0, ""confidence"": [0.0, 0.7301340512159458], ""p_value"": 1.0, ""contingency"": [[0, 1], [367, 24527]]}",{}
907,NC00962.3,EMB-0.25-0.9-0.8,0.0,GARC1,RUS,EMB,embA@P763S,U,{},"{""proportion"": 0.0, ""confidence"": [0.0, 0.7301340512159458], ""p_value"": 1.0, ""contingency"": [[0, 1], [367, 24527]]}",{}
908,NC00962.3,EMB-0.25-0.9-0.8,0.0,GARC1,RUS,EMB,embA@g-48c,U,{},"{""proportion"": 0.0, ""confidence"": [0.0, 0.7301340512159458], ""p_value"": 1.0, ""contingency"": [[0, 1], [367, 24527]]}",{}
909,NC00962.3,EMB-0.25-0.9-0.8,0.0,GARC1,RUS,EMB,embA@A291T,U,{},"{""proportion"": 0.0, ""confidence"": [0.0, 0.5749693909936535], ""p_value"": 1.0, ""contingency"": [[0, 2], [367, 24527]]}",{}
910,NC00962.3,EMB-0.25-0.9-0.8,0.0,GARC1,RUS,EMB,embB@D354N,U,{},"{""proportion"": 0.0, ""confidence"": [0.0, 0.7301340512159458], ""p_value"": 1.0, ""contingency"": [[0, 1], [367, 24527]]}",{}
911,NC00962.3,EMB-0.25-0.9-0.8,0.0,GARC1,RUS,EMB,embA@T270P,U,{},"{""proportion"": 0.0, ""confidence"": [0.0, 0.7301340512159458], ""p_value"": 1.0, ""contingency"": [[0, 1], [367, 24527]]}",{}
912,NC00962.3,EMB-0.25-0.9-0.8,0.0,GARC1,RUS,EMB,embA@G21R,U,{},"{""proportion"": 0.0, ""confidence"": [0.0, 0.7301340512159458], ""p_value"": 1.0, ""contingency"": [[0, 1], [367, 24527]]}",{}
913,NC00962.3,EMB-0.25-0.9-0.8,0.0,GARC1,RUS,EMB,embA@G157C,U,{},"{""proportion"": 0.0, ""confidence"": [0.0, 0.5749693909936535], ""p_value"": 1.0, ""contingency"": [[0, 2], [367, 24527]]}",{}
914,NC00962.3,EMB-0.25-0.9-0.8,0.0,GARC1,RUS,EMB,embA@H665R,U,{},"{""proportion"": 0.0, ""confidence"": [0.0, 0.5749693909936535], ""p_value"": 1.0, ""contingency"": [[0, 2], [367, 24527]]}",{}
915,NC00962.3,EMB-0.25-0.9-0.8,0.0,GARC1,RUS,EMB,embB@N1004T,U,{},"{""proportion"": 0.0, ""confidence"": [0.0, 0.7301340512159458], ""p_value"": 1.0, ""contingency"": [[0, 1], [367, 24527]]}",{}
916,NC00962.3,EMB-0.25-0.9-0.8,0.0,GARC1,RUS,EMB,embB@T797M,U,{},"{""proportion"": 0.0, ""confidence"": [0.0, 0.40347862520270455], ""p_value"": 0.578125, ""contingency"": [[0, 4], [367, 24527]]}",{}
917,NC00962.3,EMB-0.25-0.9-0.8,0.0,GARC1,RUS,EMB,embB@A510T,U,{},"{""proportion"": 0.0, ""confidence"": [0.0, 0.4741955741575127], ""p_value"": 1.0, ""contingency"": [[0, 3], [367, 24527]]}",{}
918,NC00962.3,EMB-0.25-0.9-0.8,0.0,GARC1,RUS,EMB,embA@V414M,U,{},"{""proportion"": 0.0, ""confidence"": [0.0, 0.7301340512159458], ""p_value"": 1.0, ""contingency"": [[0, 1], [367, 24527]]}",{}
919,NC00962.3,EMB-0.25-0.9-0.8,0.0,GARC1,RUS,EMB,embA@L215M,U,{},"{""proportion"": 0.0, ""confidence"": [0.0, 0.7301340512159458], ""p_value"": 1.0, ""contingency"": [[0, 1], [367, 24527]]}",{}
920,NC00962.3,EMB-0.25-0.9-0.8,0.0,GARC1,RUS,EMB,embA@A255V,U,{},"{""proportion"": 0.0, ""confidence"": [0.0, 0.7301340512159458], ""p_value"": 1.0, ""contingency"": [[0, 1], [367, 24527]]}",{}
921,NC00962.3,EMB-0.25-0.9-0.8,0.0,GARC1,RUS,EMB,embB@D354G,U,{},"{""proportion"": 0.0, ""confidence"": [0.0, 0.7301340512159458], ""p_value"": 1.0, ""contingency"": [[0, 1], [367, 24527]]}",{}
922,NC00962.3,EMB-0.25-0.9-0.8,0.0,GARC1,RUS,EMB,embA@A428V,U,{},"{""proportion"": 0.0, ""confidence"": [0.0, 0.7301340512159458], ""p_value"": 1.0, ""contingency"": [[0, 1], [367, 24527]]}",{}
923,NC00962.3,EMB-0.25-0.9-0.8,0.0,GARC1,RUS,EMB,embB@P430L,U,{},"{""proportion"": 0.0, ""confidence"": [0.0, 0.7301340512159458], ""p_value"": 1.0, ""contingency"": [[0, 1], [367, 24527]]}",{}
924,NC00962.3,EMB-0.25-0.9-0.8,0.0,GARC1,RUS,EMB,embA@S49R,U,{},"{""proportion"": 0.0, ""confidence"": [0.0, 0.7301340512159458], ""p_value"": 1.0, ""contingency"": [[0, 1], [367, 24527]]}",{}
925,NC00962.3,EMB-0.25-0.9-0.8,0.0,GARC1,RUS,EMB,embA@A852S,U,{},"{""proportion"": 0.0, ""confidence"": [0.0, 0.7301340512159458], ""p_value"": 1.0, ""contingency"": [[0, 1], [367, 24527]]}",{}
926,NC00962.3,EMB-0.25-0.9-0.8,0.0,GARC1,RUS,EMB,embB@T341A,U,{},"{""proportion"": 0.0, ""confidence"": [0.0, 0.7301340512159458], ""p_value"": 1.0, ""contingency"": [[0, 1], [367, 24527]]}",{}
927,NC00962.3,EMB-0.25-0.9-0.8,0.0,GARC1,RUS,EMB,embB@S658N,U,{},"{""proportion"": 0.0, ""confidence"": [0.0, 0.7301340512159458], ""p_value"": 1.0, ""contingency"": [[0, 1], [367, 24527]]}",{}
928,NC00962.3,EMB-0.25-0.9-0.8,0.0,GARC1,RUS,EMB,embB@D869H,U,{},"{""proportion"": 0.0, ""confidence"": [0.0, 0.7301340512159458], ""p_value"": 1.0, ""contingency"": [[0, 1], [367, 24527]]}",{}
929,NC00962.3,EMB-0.25-0.9-0.8,0.0,GARC1,RUS,EMB,embA@T728I,U,{},"{""proportion"": 0.0, ""confidence"": [0.0, 0.3511165007651012], ""p_value"": 0.34082031250000006, ""contingency"": [[0, 5], [367, 24527]]}",{}
930,NC00962.3,EMB-0.25-0.9-0.8,0.0,GARC1,RUS,EMB,embA@G1085S,U,{},"{""proportion"": 0.0, ""confidence"": [0.0, 0.7301340512159458], ""p_value"": 1.0, ""contingency"": [[0, 1], [367, 24527]]}",{}
931,NC00962.3,EMB-0.25-0.9-0.8,0.0,GARC1,RUS,EMB,embB@V602I,U,{},"{""proportion"": 0.0, ""confidence"": [0.0, 0.7301340512159458], ""p_value"": 1.0, ""contingency"": [[0, 1], [367, 24527]]}",{}
932,NC00962.3,EMB-0.25-0.9-0.8,0.0,GARC1,RUS,EMB,embB@D311A,U,{},"{""proportion"": 0.0, ""confidence"": [0.0, 0.5749693909936535], ""p_value"": 1.0, ""contingency"": [[0, 2], [367, 24527]]}",{}
933,NC00962.3,EMB-0.25-0.9-0.8,0.0,GARC1,RUS,EMB,embA@2046_del_ccgcatcttggc,U,{},"{""proportion"": 0.0, ""confidence"": [0.0, 0.7301340512159458], ""p_value"": 1.0, ""contingency"": [[0, 1], [367, 24527]]}",{}
934,NC00962.3,EMB-0.25-0.9-0.8,0.0,GARC1,RUS,EMB,embA@T238S,U,{},"{""proportion"": 0.0, ""confidence"": [0.0, 0.7301340512159458], ""p_value"": 1.0, ""contingency"": [[0, 1], [367, 24527]]}",{}
935,NC00962.3,EMB-0.25-0.9-0.8,0.0,GARC1,RUS,EMB,embA@D784N,U,{},"{""proportion"": 0.0, ""confidence"": [0.0, 0.7301340512159458], ""p_value"": 1.0, ""contingency"": [[0, 1], [367, 24527]]}",{}
936,NC00962.3,EMB-0.25-0.9-0.8,0.0,GARC1,RUS,EMB,embB@R930H,U,{},"{""proportion"": 0.0, ""confidence"": [0.0, 0.7301340512159458], ""p_value"": 1.0, ""contingency"": [[0, 1], [367, 24527]]}",{}
937,NC00962.3,EMB-0.25-0.9-0.8,0.0,GARC1,RUS,EMB,embA@T238N,U,{},"{""proportion"": 0.0, ""confidence"": [0.0, 0.5749693909936535], ""p_value"": 1.0, ""contingency"": [[0, 2], [367, 24527]]}",{}
938,NC00962.3,EMB-0.25-0.9-0.8,0.0,GARC1,RUS,EMB,embA@I191V,U,{},"{""proportion"": 0.0, ""confidence"": [0.0, 0.7301340512159458], ""p_value"": 1.0, ""contingency"": [[0, 1], [367, 24527]]}",{}
939,NC00962.3,EMB-0.25-0.9-0.8,0.0,GARC1,RUS,EMB,embB@P375S,U,{},"{""proportion"": 0.0, ""confidence"": [0.0, 0.7301340512159458], ""p_value"": 1.0, ""contingency"": [[0, 1], [367, 24527]]}",{}
940,NC00962.3,EMB-0.25-0.9-0.8,0.0,GARC1,RUS,EMB,embB@V231I,U,{},"{""proportion"": 0.0, ""confidence"": [0.0, 0.7301340512159458], ""p_value"": 1.0, ""contingency"": [[0, 1], [367, 24527]]}",{}
941,NC00962.3,EMB-0.25-0.9-0.8,0.0,GARC1,RUS,EMB,embB@N657D,U,{},"{""proportion"": 0.0, ""confidence"": [0.0, 0.7301340512159458], ""p_value"": 1.0, ""contingency"": [[0, 1], [367, 24527]]}",{}
942,NC00962.3,EMB-0.25-0.9-0.8,0.0,GARC1,RUS,EMB,embB@R182C,U,{},"{""proportion"": 0.0, ""confidence"": [0.0, 0.4741955741575127], ""p_value"": 1.0, ""contingency"": [[0, 3], [367, 24527]]}",{}
943,NC00962.3,EMB-0.25-0.9-0.8,0.0,GARC1,RUS,EMB,embB@G665R,U,{},"{""proportion"": 0.0, ""confidence"": [0.0, 0.7301340512159458], ""p_value"": 1.0, ""contingency"": [[0, 1], [367, 24527]]}",{}
944,NC00962.3,EMB-0.25-0.9-0.8,0.0,GARC1,RUS,EMB,embB@M462L,U,{},"{""proportion"": 0.0, ""confidence"": [0.0, 0.7301340512159458], ""p_value"": 1.0, ""contingency"": [[0, 1], [367, 24527]]}",{}
945,NC00962.3,EMB-0.25-0.9-0.8,0.0,GARC1,RUS,EMB,embA@W1050G,U,{},"{""proportion"": 0.0, ""confidence"": [0.0, 0.7301340512159458], ""p_value"": 1.0, ""contingency"": [[0, 1], [367, 24527]]}",{}
946,NC00962.3,EMB-0.25-0.9-0.8,0.0,GARC1,RUS,EMB,embA@2723_ins_ggg,U,{},"{""proportion"": 0.0, ""confidence"": [0.0, 0.7301340512159458], ""p_value"": 1.0, ""contingency"": [[0, 1], [367, 24527]]}",{}
947,NC00962.3,EMB-0.25-0.9-0.8,0.0,GARC1,RUS,EMB,embA@D761G,U,{},"{""proportion"": 0.0, ""confidence"": [0.0, 0.7301340512159458], ""p_value"": 1.0, ""contingency"": [[0, 1], [367, 24527]]}",{}
948,NC00962.3,EMB-0.25-0.9-0.8,0.0,GARC1,RUS,EMB,embA@R683L,U,{},"{""proportion"": 0.0, ""confidence"": [0.0, 0.7301340512159458], ""p_value"": 1.0, ""contingency"": [[0, 1], [367, 24527]]}",{}
949,NC00962.3,EMB-0.25-0.9-0.8,0.0,GARC1,RUS,EMB,embA@L263P,U,{},"{""proportion"": 0.0, ""confidence"": [0.0, 0.7301340512159458], ""p_value"": 1.0, ""contingency"": [[0, 1], [367, 24527]]}",{}
950,NC00962.3,EMB-0.25-0.9-0.8,0.0,GARC1,RUS,EMB,embB@T1069P,U,{},"{""proportion"": 0.0, ""confidence"": [0.0, 0.7301340512159458], ""p_value"": 1.0, ""contingency"": [[0, 1], [367, 24527]]}",{}
951,NC00962.3,EMB-0.25-0.9-0.8,0.0,GARC1,RUS,EMB,embB@D86N,U,{},"{""proportion"": 0.0, ""confidence"": [0.0, 0.7301340512159458], ""p_value"": 1.0, ""contingency"": [[0, 1], [367, 24527]]}",{}
952,NC00962.3,EMB-0.25-0.9-0.8,0.0,GARC1,RUS,EMB,embB@G1097S,U,{},"{""proportion"": 0.0, ""confidence"": [0.0, 0.7301340512159458], ""p_value"": 1.0, ""contingency"": [[0, 1], [367, 24527]]}",{}
953,NC00962.3,EMB-0.25-0.9-0.8,0.0,GARC1,RUS,EMB,embA@T983A,U,{},"{""proportion"": 0.0, ""confidence"": [0.0, 0.7301340512159458], ""p_value"": 1.0, ""contingency"": [[0, 1], [367, 24527]]}",{}
954,NC00962.3,EMB-0.25-0.9-0.8,0.0,GARC1,RUS,EMB,embA@c-73t,U,{},"{""proportion"": 0.0, ""confidence"": [0.0, 0.7301340512159458], ""p_value"": 1.0, ""contingency"": [[0, 1], [367, 24527]]}",{}
955,NC00962.3,EMB-0.25-0.9-0.8,0.0,GARC1,RUS,EMB,embB@T546A,U,{},"{""proportion"": 0.0, ""confidence"": [0.0, 0.7301340512159458], ""p_value"": 1.0, ""contingency"": [[0, 1], [367, 24527]]}",{}
956,NC00962.3,EMB-0.25-0.9-0.8,0.0,GARC1,RUS,EMB,embB@K107R,U,{},"{""proportion"": 0.0, ""confidence"": [0.0, 0.7301340512159458], ""p_value"": 1.0, ""contingency"": [[0, 1], [367, 24527]]}",{}
957,NC00962.3,EMB-0.25-0.9-0.8,0.0,GARC1,RUS,EMB,embB@N1033K,U,{},"{""proportion"": 1.0, ""confidence"": [0.26986594878405434, 1.0000000000000002], ""p_value"": 0.25, ""contingency"": [[1, 0], [367, 24527]]}",{}
958,NC00962.3,EMB-0.25-0.9-0.8,0.0,GARC1,RUS,EMB,embB@A259V,U,{},"{""proportion"": 0.0, ""confidence"": [0.0, 0.7301340512159458], ""p_value"": 1.0, ""contingency"": [[0, 1], [367, 24527]]}",{}
959,NC00962.3,EMB-0.25-0.9-0.8,0.0,GARC1,RUS,EMB,embB@G443S,U,{},"{""proportion"": 0.0, ""confidence"": [0.0, 0.5749693909936535], ""p_value"": 1.0, ""contingency"": [[0, 2], [367, 24527]]}",{}
960,NC00962.3,EMB-0.25-0.9-0.8,0.0,GARC1,RUS,EMB,embB@P214A,U,{},"{""proportion"": 0.0, ""confidence"": [0.0, 0.7301340512159458], ""p_value"": 1.0, ""contingency"": [[0, 1], [367, 24527]]}",{}
961,NC00962.3,EMB-0.25-0.9-0.8,0.0,GARC1,RUS,EMB,embB@R122H,U,{},"{""proportion"": 0.0, ""confidence"": [0.0, 0.7301340512159458], ""p_value"": 1.0, ""contingency"": [[0, 1], [367, 24527]]}",{}
962,NC00962.3,EMB-0.25-0.9-0.8,0.0,GARC1,RUS,EMB,embB@A356V,U,{},"{""proportion"": 0.0, ""confidence"": [0.0, 0.7301340512159458], ""p_value"": 1.0, ""contingency"": [[0, 1], [367, 24527]]}",{}
963,NC00962.3,EMB-0.25-0.9-0.8,0.0,GARC1,RUS,EMB,embA@G101S,U,{},"{""proportion"": 0.0, ""confidence"": [0.0, 0.5749693909936535], ""p_value"": 1.0, ""contingency"": [[0, 2], [367, 24527]]}",{}
964,NC00962.3,EMB-0.25-0.9-0.8,0.0,GARC1,RUS,EMB,embA@R442K,U,{},"{""proportion"": 0.0, ""confidence"": [0.0, 0.7301340512159458], ""p_value"": 1.0, ""contingency"": [[0, 1], [367, 24527]]}",{}
965,NC00962.3,EMB-0.25-0.9-0.8,0.0,GARC1,RUS,EMB,embB@G603A,U,{},"{""proportion"": 0.0, ""confidence"": [0.0, 0.7301340512159458], ""p_value"": 1.0, ""contingency"": [[0, 1], [367, 24527]]}",{}
966,NC00962.3,EMB-0.25-0.9-0.8,0.0,GARC1,RUS,EMB,embA@N679S,U,{},"{""proportion"": 0.0, ""confidence"": [0.0, 0.7301340512159458], ""p_value"": 1.0, ""contingency"": [[0, 1], [367, 24527]]}",{}
967,NC00962.3,EMB-0.25-0.9-0.8,0.0,GARC1,RUS,EMB,embB@P706S,U,{},"{""proportion"": 0.0, ""confidence"": [0.0, 0.7301340512159458], ""p_value"": 1.0, ""contingency"": [[0, 1], [367, 24527]]}",{}
968,NC00962.3,EMB-0.25-0.9-0.8,0.0,GARC1,RUS,EMB,embB@R147H,U,{},"{""proportion"": 0.0, ""confidence"": [0.0, 0.7301340512159458], ""p_value"": 1.0, ""contingency"": [[0, 1], [367, 24527]]}",{}
969,NC00962.3,EMB-0.25-0.9-0.8,0.0,GARC1,RUS,EMB,embA@R346P,U,{},"{""proportion"": 0.0, ""confidence"": [0.0, 0.7301340512159458], ""p_value"": 1.0, ""contingency"": [[0, 1], [367, 24527]]}",{}
970,NC00962.3,EMB-0.25-0.9-0.8,0.0,GARC1,RUS,EMB,embA@R346W,U,{},"{""proportion"": 0.0, ""confidence"": [0.0, 0.7301340512159458], ""p_value"": 1.0, ""contingency"": [[0, 1], [367, 24527]]}",{}
971,NC00962.3,EMB-0.25-0.9-0.8,0.0,GARC1,RUS,EMB,embB@G474D,U,{},"{""proportion"": 0.0, ""confidence"": [0.0, 0.7301340512159458], ""p_value"": 1.0, ""contingency"": [[0, 1], [367, 24527]]}",{}
972,NC00962.3,EMB-0.25-0.9-0.8,0.0,GARC1,RUS,EMB,embA@L221M,U,{},"{""proportion"": 0.0, ""confidence"": [0.0, 0.7301340512159458], ""p_value"": 1.0, ""contingency"": [[0, 1], [367, 24527]]}",{}
973,NC00962.3,EMB-0.25-0.9-0.8,0.0,GARC1,RUS,EMB,embA@S318L,U,{},"{""proportion"": 0.0, ""confidence"": [0.0, 0.7301340512159458], ""p_value"": 1.0, ""contingency"": [[0, 1], [367, 24527]]}",{}
974,NC00962.3,EMB-0.25-0.9-0.8,0.0,GARC1,RUS,EMB,embA@G748S,U,{},"{""proportion"": 0.0, ""confidence"": [0.0, 0.7301340512159458], ""p_value"": 1.0, ""contingency"": [[0, 1], [367, 24527]]}",{}
975,NC00962.3,EMB-0.25-0.9-0.8,0.0,GARC1,RUS,EMB,embA@S250N,U,{},"{""proportion"": 0.0, ""confidence"": [0.0, 0.7301340512159458], ""p_value"": 1.0, ""contingency"": [[0, 1], [367, 24527]]}",{}
976,NC00962.3,EMB-0.25-0.9-0.8,0.0,GARC1,RUS,EMB,embA@G972W,U,{},"{""proportion"": 0.0, ""confidence"": [0.0, 0.7301340512159458], ""p_value"": 1.0, ""contingency"": [[0, 1], [367, 24527]]}",{}
977,NC00962.3,EMB-0.25-0.9-0.8,0.0,GARC1,RUS,EMB,embA@c-36t,U,{},"{""proportion"": 0.0, ""confidence"": [0.0, 0.7301340512159458], ""p_value"": 1.0, ""contingency"": [[0, 1], [367, 24527]]}",{}
978,NC00962.3,EMB-0.25-0.9-0.8,0.0,GARC1,RUS,EMB,embB@A684V,U,{},"{""proportion"": 0.0, ""confidence"": [0.0, 0.7301340512159458], ""p_value"": 1.0, ""contingency"": [[0, 1], [367, 24527]]}",{}
979,NC00962.3,EMB-0.25-0.9-0.8,0.0,GARC1,RUS,EMB,embA@S318T,U,{},"{""proportion"": 0.0, ""confidence"": [0.0, 0.7301340512159458], ""p_value"": 1.0, ""contingency"": [[0, 1], [367, 24527]]}",{}
980,NC00962.3,EMB-0.25-0.9-0.8,0.0,GARC1,RUS,EMB,embA@A436G,U,{},"{""proportion"": 0.0, ""confidence"": [0.0, 0.7301340512159458], ""p_value"": 1.0, ""contingency"": [[0, 1], [367, 24527]]}",{}
981,NC00962.3,EMB-0.25-0.9-0.8,0.0,GARC1,RUS,EMB,embB@T506N,U,{},"{""proportion"": 0.0, ""confidence"": [0.0, 0.7301340512159458], ""p_value"": 1.0, ""contingency"": [[0, 1], [367, 24527]]}",{}
982,NC00962.3,EMB-0.25-0.9-0.8,0.0,GARC1,RUS,EMB,embA@D473G,U,{},"{""proportion"": 0.0, ""confidence"": [0.0, 0.7301340512159458], ""p_value"": 1.0, ""contingency"": [[0, 1], [367, 24527]]}",{}
983,NC00962.3,EMB-0.25-0.9-0.8,0.0,GARC1,RUS,EMB,embA@N377G,U,{},"{""proportion"": 0.0, ""confidence"": [0.0, 0.7301340512159458], ""p_value"": 1.0, ""contingency"": [[0, 1], [367, 24527]]}",{}
984,NC00962.3,EMB-0.25-0.9-0.8,0.0,GARC1,RUS,EMB,embA@R68H,U,{},"{""proportion"": 0.0, ""confidence"": [0.0, 0.7301340512159458], ""p_value"": 1.0, ""contingency"": [[0, 1], [367, 24527]]}",{}
985,NC00962.3,EMB-0.25-0.9-0.8,0.0,GARC1,RUS,EMB,embB@P177L,U,{},"{""proportion"": 0.0, ""confidence"": [0.0, 0.7301340512159458], ""p_value"": 1.0, ""contingency"": [[0, 1], [367, 24527]]}",{}
986,NC00962.3,EMB-0.25-0.9-0.8,0.0,GARC1,RUS,EMB,embB@K927E,U,{},"{""proportion"": 0.0, ""confidence"": [0.0, 0.7301340512159458], ""p_value"": 1.0, ""contingency"": [[0, 1], [367, 24527]]}",{}
987,NC00962.3,EMB-0.25-0.9-0.8,0.0,GARC1,RUS,EMB,embA@P164A,U,{},"{""proportion"": 0.0, ""confidence"": [0.0, 0.7301340512159458], ""p_value"": 1.0, ""contingency"": [[0, 1], [367, 24527]]}",{}
988,NC00962.3,EMB-0.25-0.9-0.8,0.0,GARC1,RUS,EMB,embA@L925V,U,{},"{""proportion"": 0.0, ""confidence"": [0.0, 0.7301340512159458], ""p_value"": 1.0, ""contingency"": [[0, 1], [367, 24527]]}",{}
989,NC00962.3,EMB-0.25-0.9-0.8,0.0,GARC1,RUS,EMB,embA@I887T,U,{},"{""proportion"": 0.0, ""confidence"": [0.0, 0.7301340512159458], ""p_value"": 1.0, ""contingency"": [[0, 1], [367, 24527]]}",{}
990,NC00962.3,EMB-0.25-0.9-0.8,0.0,GARC1,RUS,EMB,embA@632_del_tgc,U,{},"{""proportion"": 0.0, ""confidence"": [0.0, 0.7301340512159458], ""p_value"": 1.0, ""contingency"": [[0, 1], [367, 24527]]}",{}
991,NC00962.3,EMB-0.25-0.9-0.8,0.0,GARC1,RUS,EMB,embA@S516C,U,{},"{""proportion"": 0.0, ""confidence"": [0.0, 0.7301340512159458], ""p_value"": 1.0, ""contingency"": [[0, 1], [367, 24527]]}",{}
992,NC00962.3,EMB-0.25-0.9-0.8,0.0,GARC1,RUS,EMB,embA@S516P,U,{},"{""proportion"": 0.0, ""confidence"": [0.0, 0.7301340512159458], ""p_value"": 1.0, ""contingency"": [[0, 1], [367, 24527]]}",{}
993,NC00962.3,EMB-0.25-0.9-0.8,0.0,GARC1,RUS,EMB,embA@L552P,U,{},"{""proportion"": 0.0, ""confidence"": [0.0, 0.7301340512159458], ""p_value"": 1.0, ""contingency"": [[0, 1], [367, 24527]]}",{}
994,NC00962.3,EMB-0.25-0.9-0.8,0.0,GARC1,RUS,EMB,embA@2071_ins_tgg,U,{},"{""proportion"": 0.0, ""confidence"": [0.0, 0.5749693909936535], ""p_value"": 1.0, ""contingency"": [[0, 2], [367, 24527]]}",{}
995,NC00962.3,EMB-0.25-0.9-0.8,0.0,GARC1,RUS,EMB,embA@V31F,U,{},"{""proportion"": 0.0, ""confidence"": [0.0, 0.7301340512159458], ""p_value"": 1.0, ""contingency"": [[0, 1], [367, 24527]]}",{}
996,NC00962.3,EMB-0.25-0.9-0.8,0.0,GARC1,RUS,EMB,embA@A661P,U,{},"{""proportion"": 0.0, ""confidence"": [0.0, 0.7301340512159458], ""p_value"": 1.0, ""contingency"": [[0, 1], [367, 24527]]}",{}
997,NC00962.3,EMB-0.25-0.9-0.8,0.0,GARC1,RUS,EMB,embB@Q516E,U,{},"{""proportion"": 0.0, ""confidence"": [0.0, 0.7301340512159458], ""p_value"": 1.0, ""contingency"": [[0, 1], [367, 24527]]}",{}
998,NC00962.3,EMB-0.25-0.9-0.8,0.0,GARC1,RUS,EMB,embA@A415V,U,{},"{""proportion"": 0.0, ""confidence"": [0.0, 0.7301340512159458], ""p_value"": 1.0, ""contingency"": [[0, 1], [367, 24527]]}",{}
999,NC00962.3,EMB-0.25-0.9-0.8,0.0,GARC1,RUS,EMB,embA@I338L,U,{},"{""proportion"": 0.0, ""confidence"": [0.0, 0.278762695452542], ""p_value"": 0.20404052734375, ""contingency"": [[0, 7], [367, 24527]]}",{}
1000,NC00962.3,EMB-0.25-0.9-0.8,0.0,GARC1,RUS,EMB,embB@S565G,U,{},"{""proportion"": 0.0, ""confidence"": [0.0, 0.4741955741575127], ""p_value"": 1.0, ""contingency"": [[0, 3], [367, 24527]]}",{}
1001,NC00962.3,EMB-0.25-0.9-0.8,0.0,GARC1,RUS,EMB,embA@V317L,U,{},"{""proportion"": 0.0, ""confidence"": [0.0, 0.3511165007651012], ""p_value"": 0.34082031250000006, ""contingency"": [[0, 5], [367, 24527]]}",{}
1002,NC00962.3,EMB-0.25-0.9-0.8,0.0,GARC1,RUS,EMB,embA@A581T,U,{},"{""proportion"": 0.0, ""confidence"": [0.0, 0.5749693909936535], ""p_value"": 1.0, ""contingency"": [[0, 2], [367, 24527]]}",{}
1003,NC00962.3,EMB-0.25-0.9-0.8,0.0,GARC1,RUS,EMB,embB@I284L,U,{},"{""proportion"": 0.0, ""confidence"": [0.0, 0.7301340512159458], ""p_value"": 1.0, ""contingency"": [[0, 1], [367, 24527]]}",{}
1004,NC00962.3,EMB-0.25-0.9-0.8,0.0,GARC1,RUS,EMB,embA@P645R,U,{},"{""proportion"": 0.0, ""confidence"": [0.0, 0.5749693909936535], ""p_value"": 1.0, ""contingency"": [[0, 2], [367, 24527]]}",{}
1005,NC00962.3,EMB-0.25-0.9-0.8,0.0,GARC1,RUS,EMB,embB@G535S,U,{},"{""proportion"": 0.0, ""confidence"": [0.0, 0.7301340512159458], ""p_value"": 1.0, ""contingency"": [[0, 1], [367, 24527]]}",{}
1006,NC00962.3,EMB-0.25-0.9-0.8,0.0,GARC1,RUS,EMB,embA@M705T,U,{},"{""proportion"": 0.0, ""confidence"": [0.0, 0.7301340512159458], ""p_value"": 1.0, ""contingency"": [[0, 1], [367, 24527]]}",{}
1007,NC00962.3,EMB-0.25-0.9-0.8,0.0,GARC1,RUS,EMB,embA@S137N,U,{},"{""proportion"": 0.0, ""confidence"": [0.0, 0.7301340512159458], ""p_value"": 1.0, ""contingency"": [[0, 1], [367, 24527]]}",{}
1008,NC00962.3,EMB-0.25-0.9-0.8,0.0,GARC1,RUS,EMB,embB@K561Q,U,{},"{""proportion"": 0.0, ""confidence"": [0.0, 0.7301340512159458], ""p_value"": 1.0, ""contingency"": [[0, 1], [367, 24527]]}",{}
1009,NC00962.3,EMB-0.25-0.9-0.8,0.0,GARC1,RUS,EMB,embA@c-50t,U,{},"{""proportion"": 0.0, ""confidence"": [0.0, 0.7301340512159458], ""p_value"": 1.0, ""contingency"": [[0, 1], [367, 24527]]}",{}
1010,NC00962.3,EMB-0.25-0.9-0.8,0.0,GARC1,RUS,EMB,embA@V583M,U,{},"{""proportion"": 0.0, ""confidence"": [0.0, 0.7301340512159458], ""p_value"": 1.0, ""contingency"": [[0, 1], [367, 24527]]}",{}
1011,NC00962.3,EMB-0.25-0.9-0.8,0.0,GARC1,RUS,EMB,embB@V614I,U,{},"{""proportion"": 0.0, ""confidence"": [0.0, 0.7301340512159458], ""p_value"": 1.0, ""contingency"": [[0, 1], [367, 24527]]}",{}
1012,NC00962.3,EMB-0.25-0.9-0.8,0.0,GARC1,RUS,EMB,embA@S514P,U,{},"{""proportion"": 0.0, ""confidence"": [0.0, 0.7301340512159458], ""p_value"": 1.0, ""contingency"": [[0, 1], [367, 24527]]}",{}
1013,NC00962.3,EMB-0.25-0.9-0.8,0.0,GARC1,RUS,EMB,embA@M153V,U,{},"{""proportion"": 0.0, ""confidence"": [0.0, 0.7301340512159458], ""p_value"": 1.0, ""contingency"": [[0, 1], [367, 24527]]}",{}
1014,NC00962.3,EMB-0.25-0.9-0.8,0.0,GARC1,RUS,EMB,embB@A517T,U,{},"{""proportion"": 0.0, ""confidence"": [0.0, 0.7301340512159458], ""p_value"": 1.0, ""contingency"": [[0, 1], [367, 24527]]}",{}
1015,NC00962.3,EMB-0.25-0.9-0.8,0.0,GARC1,RUS,EMB,embB@R700H,U,{},"{""proportion"": 0.0, ""confidence"": [0.0, 0.7301340512159458], ""p_value"": 1.0, ""contingency"": [[0, 1], [367, 24527]]}",{}
1016,NC00962.3,EMB-0.25-0.9-0.8,0.0,GARC1,RUS,EMB,embA@L603F,U,{},"{""proportion"": 0.0, ""confidence"": [0.0, 0.7301340512159458], ""p_value"": 1.0, ""contingency"": [[0, 1], [367, 24527]]}",{}
1017,NC00962.3,EMB-0.25-0.9-0.8,0.0,GARC1,RUS,EMB,embA@P163L,U,{},"{""proportion"": 0.0, ""confidence"": [0.0, 0.5749693909936535], ""p_value"": 1.0, ""contingency"": [[0, 2], [367, 24527]]}",{}
1018,NC00962.3,EMB-0.25-0.9-0.8,0.0,GARC1,RUS,EMB,embA@P861S,U,{},"{""proportion"": 0.0, ""confidence"": [0.0, 0.7301340512159458], ""p_value"": 1.0, ""contingency"": [[0, 1], [367, 24527]]}",{}
1019,NC00962.3,EMB-0.25-0.9-0.8,0.0,GARC1,RUS,EMB,embB@F763L,U,{},"{""proportion"": 0.0, ""confidence"": [0.0, 0.7301340512159458], ""p_value"": 1.0, ""contingency"": [[0, 1], [367, 24527]]}",{}
1020,NC00962.3,EMB-0.25-0.9-0.8,0.0,GARC1,RUS,EMB,embA@P156L,U,{},"{""proportion"": 0.0, ""confidence"": [0.0, 0.7301340512159458], ""p_value"": 1.0, ""contingency"": [[0, 1], [367, 24527]]}",{}
1021,NC00962.3,EMB-0.25-0.9-0.8,0.0,GARC1,RUS,EMB,embB@V668A,U,{},"{""proportion"": 0.0, ""confidence"": [0.0, 0.5749693909936535], ""p_value"": 1.0, ""contingency"": [[0, 2], [367, 24527]]}",{}
1022,NC00962.3,EMB-0.25-0.9-0.8,0.0,GARC1,RUS,EMB,embA@F529L,U,{},"{""proportion"": 0.0, ""confidence"": [0.0, 0.7301340512159458], ""p_value"": 1.0, ""contingency"": [[0, 1], [367, 24527]]}",{}
1023,NC00962.3,EMB-0.25-0.9-0.8,0.0,GARC1,RUS,EMB,embB@S973L,U,{},"{""proportion"": 0.0, ""confidence"": [0.0, 0.7301340512159458], ""p_value"": 1.0, ""contingency"": [[0, 1], [367, 24527]]}",{}
1024,NC00962.3,EMB-0.25-0.9-0.8,0.0,GARC1,RUS,EMB,embA@A849P,U,{},"{""proportion"": 0.0, ""confidence"": [0.0, 0.7301340512159458], ""p_value"": 1.0, ""contingency"": [[0, 1], [367, 24527]]}",{}
1025,NC00962.3,EMB-0.25-0.9-0.8,0.0,GARC1,RUS,EMB,embA@W45G,U,{},"{""proportion"": 0.0, ""confidence"": [0.0, 0.7301340512159458], ""p_value"": 1.0, ""contingency"": [[0, 1], [367, 24527]]}",{}
1026,NC00962.3,EMB-0.25-0.9-0.8,0.0,GARC1,RUS,EMB,embA@P754A,U,{},"{""proportion"": 0.0, ""confidence"": [0.0, 0.7301340512159458], ""p_value"": 1.0, ""contingency"": [[0, 1], [367, 24527]]}",{}
1027,NC00962.3,EMB-0.25-0.9-0.8,0.0,GARC1,RUS,EMB,embB@R89H,U,{},"{""proportion"": 0.0, ""confidence"": [0.0, 0.7301340512159458], ""p_value"": 1.0, ""contingency"": [[0, 1], [367, 24527]]}",{}
1028,NC00962.3,EMB-0.25-0.9-0.8,0.0,GARC1,RUS,EMB,embB@T732I,U,{},"{""proportion"": 0.0, ""confidence"": [0.0, 0.7301340512159458], ""p_value"": 1.0, ""contingency"": [[0, 1], [367, 24527]]}",{}
1029,NC00962.3,EMB-0.25-0.9-0.8,0.0,GARC1,RUS,EMB,embA@L212V,U,{},"{""proportion"": 0.0, ""confidence"": [0.0, 0.7301340512159458], ""p_value"": 1.0, ""contingency"": [[0, 1], [367, 24527]]}",{}
1030,NC00962.3,EMB-0.25-0.9-0.8,0.0,GARC1,RUS,EMB,embA@R447G,U,{},"{""proportion"": 0.0, ""confidence"": [0.0, 0.7301340512159458], ""p_value"": 1.0, ""contingency"": [[0, 1], [367, 24527]]}",{}
1031,NC00962.3,EMB-0.25-0.9-0.8,0.0,GARC1,RUS,EMB,embB@G34V,U,{},"{""proportion"": 0.0, ""confidence"": [0.0, 0.7301340512159458], ""p_value"": 1.0, ""contingency"": [[0, 1], [367, 24527]]}",{}
1032,NC00962.3,EMB-0.25-0.9-0.8,0.0,GARC1,RUS,EMB,embB@G199E,U,{},"{""proportion"": 0.0, ""confidence"": [0.0, 0.7301340512159458], ""p_value"": 1.0, ""contingency"": [[0, 1], [367, 24527]]}",{}
1033,NC00962.3,EMB-0.25-0.9-0.8,0.0,GARC1,RUS,EMB,embB@V502L,U,{},"{""proportion"": 0.0, ""confidence"": [0.0, 0.7301340512159458], ""p_value"": 1.0, ""contingency"": [[0, 1], [367, 24527]]}",{}
1034,NC00962.3,EMB-0.25-0.9-0.8,0.0,GARC1,RUS,EMB,embB@G923E,U,{},"{""proportion"": 0.0, ""confidence"": [0.0, 0.7301340512159458], ""p_value"": 1.0, ""contingency"": [[0, 1], [367, 24527]]}",{}
1035,NC00962.3,EMB-0.25-0.9-0.8,0.0,GARC1,RUS,EMB,embB@A232E,U,{},"{""proportion"": 0.0, ""confidence"": [0.0, 0.5749693909936535], ""p_value"": 1.0, ""contingency"": [[0, 2], [367, 24527]]}",{}
1036,NC00962.3,EMB-0.25-0.9-0.8,0.0,GARC1,RUS,EMB,embB@G1092A,U,{},"{""proportion"": 0.0, ""confidence"": [0.0, 0.7301340512159458], ""p_value"": 1.0, ""contingency"": [[0, 1], [367, 24527]]}",{}
1037,NC00962.3,EMB-0.25-0.9-0.8,0.0,GARC1,RUS,EMB,embA@-23_del_cg,U,{},"{""proportion"": 0.0, ""confidence"": [0.0, 0.7301340512159458], ""p_value"": 1.0, ""contingency"": [[0, 1], [367, 24527]]}",{}
1038,NC00962.3,EMB-0.25-0.9-0.8,0.0,GARC1,RUS,EMB,embB@A102V,U,{},"{""proportion"": 0.0, ""confidence"": [0.0, 0.7301340512159458], ""p_value"": 1.0, ""contingency"": [[0, 1], [367, 24527]]}",{}
1039,NC00962.3,EMB-0.25-0.9-0.8,0.0,GARC1,RUS,EMB,embA@c-29t,U,{},"{""proportion"": 0.0, ""confidence"": [0.0, 0.5749693909936535], ""p_value"": 1.0, ""contingency"": [[0, 2], [367, 24527]]}",{}
1040,NC00962.3,EMB-0.25-0.9-0.8,0.0,GARC1,RUS,EMB,embB@G846S,U,{},"{""proportion"": 0.0, ""confidence"": [0.0, 0.7301340512159458], ""p_value"": 1.0, ""contingency"": [[0, 1], [367, 24527]]}",{}
1041,NC00962.3,EMB-0.25-0.9-0.8,0.0,GARC1,RUS,EMB,embB@S66N,U,{},"{""proportion"": 0.0, ""confidence"": [0.0, 0.7301340512159458], ""p_value"": 1.0, ""contingency"": [[0, 1], [367, 24527]]}",{}
1042,NC00962.3,EMB-0.25-0.9-0.8,0.0,GARC1,RUS,EMB,embB@L638S,U,{},"{""proportion"": 0.0, ""confidence"": [0.0, 0.7301340512159458], ""p_value"": 1.0, ""contingency"": [[0, 1], [367, 24527]]}",{}
1043,NC00962.3,EMB-0.25-0.9-0.8,0.0,GARC1,RUS,EMB,embB@G891E,U,{},"{""proportion"": 0.0, ""confidence"": [0.0, 0.7301340512159458], ""p_value"": 1.0, ""contingency"": [[0, 1], [367, 24527]]}",{}
1044,NC00962.3,EMB-0.25-0.9-0.8,0.0,GARC1,RUS,EMB,embA@G200S,U,{},"{""proportion"": 0.0, ""confidence"": [0.0, 0.7301340512159458], ""p_value"": 1.0, ""contingency"": [[0, 1], [367, 24527]]}",{}
1045,NC00962.3,EMB-0.25-0.9-0.8,0.0,GARC1,RUS,EMB,embB@A567T,U,{},"{""proportion"": 0.0, ""confidence"": [0.0, 0.7301340512159458], ""p_value"": 1.0, ""contingency"": [[0, 1], [367, 24527]]}",{}
1046,NC00962.3,EMB-0.25-0.9-0.8,0.0,GARC1,RUS,EMB,embB@E924K,U,{},"{""proportion"": 1.0, ""confidence"": [0.26986594878405434, 1.0000000000000002], ""p_value"": 0.25, ""contingency"": [[1, 0], [367, 24527]]}",{}
1047,NC00962.3,EMB-0.25-0.9-0.8,0.0,GARC1,RUS,EMB,embB@V842I,U,{},"{""proportion"": 0.0, ""confidence"": [0.0, 0.7301340512159458], ""p_value"": 1.0, ""contingency"": [[0, 1], [367, 24527]]}",{}
1048,NC00962.3,EMB-0.25-0.9-0.8,0.0,GARC1,RUS,EMB,embA@V246G,U,{},"{""proportion"": 0.0, ""confidence"": [0.0, 0.7301340512159458], ""p_value"": 1.0, ""contingency"": [[0, 1], [367, 24527]]}",{}
1049,NC00962.3,EMB-0.25-0.9-0.8,0.0,GARC1,RUS,EMB,embA@D669Y,U,{},"{""proportion"": 0.0, ""confidence"": [0.0, 0.7301340512159458], ""p_value"": 1.0, ""contingency"": [[0, 1], [367, 24527]]}",{}
1050,NC00962.3,EMB-0.25-0.9-0.8,0.0,GARC1,RUS,EMB,embA@R241H,U,{},"{""proportion"": 0.0, ""confidence"": [0.0, 0.7301340512159458], ""p_value"": 1.0, ""contingency"": [[0, 1], [367, 24527]]}",{}
1051,NC00962.3,EMB-0.25-0.9-0.8,0.0,GARC1,RUS,EMB,embB@A431P,U,{},"{""proportion"": 0.0, ""confidence"": [0.0, 0.7301340512159458], ""p_value"": 1.0, ""contingency"": [[0, 1], [367, 24527]]}",{}
1052,NC00962.3,EMB-0.25-0.9-0.8,0.0,GARC1,RUS,EMB,embA@-43_del_g,U,{},"{""proportion"": 0.0, ""confidence"": [0.0, 0.7301340512159458], ""p_value"": 1.0, ""contingency"": [[0, 1], [367, 24527]]}",{}
1053,NC00962.3,EMB-0.25-0.9-0.8,0.0,GARC1,RUS,EMB,embB@L754R,U,{},"{""proportion"": 0.0, ""confidence"": [0.0, 0.7301340512159458], ""p_value"": 1.0, ""contingency"": [[0, 1], [367, 24527]]}",{}
1054,NC00962.3,EMB-0.25-0.9-0.8,0.0,GARC1,RUS,EMB,embA@K789Q,U,{},"{""proportion"": 0.0, ""confidence"": [0.0, 0.7301340512159458], ""p_value"": 1.0, ""contingency"": [[0, 1], [367, 24527]]}",{}
1055,NC00962.3,EMB-0.25-0.9-0.8,0.0,GARC1,RUS,EMB,embA@A409E,U,{},"{""proportion"": 0.0, ""confidence"": [0.0, 0.7301340512159458], ""p_value"": 1.0, ""contingency"": [[0, 1], [367, 24527]]}",{}
1056,NC00962.3,EMB-0.25-0.9-0.8,0.0,GARC1,RUS,EMB,embA@A409T,U,{},"{""proportion"": 0.0, ""confidence"": [0.0, 0.7301340512159458], ""p_value"": 1.0, ""contingency"": [[0, 1], [367, 24527]]}",{}
1057,NC00962.3,EMB-0.25-0.9-0.8,0.0,GARC1,RUS,EMB,embA@D865E,U,{},"{""proportion"": 0.0, ""confidence"": [0.0, 0.7301340512159458], ""p_value"": 1.0, ""contingency"": [[0, 1], [367, 24527]]}",{}
1058,NC00962.3,EMB-0.25-0.9-0.8,0.0,GARC1,RUS,EMB,embA@G247R,U,{},"{""proportion"": 0.0, ""confidence"": [0.0, 0.7301340512159458], ""p_value"": 1.0, ""contingency"": [[0, 1], [367, 24527]]}",{}
1059,NC00962.3,EMB-0.25-0.9-0.8,0.0,GARC1,RUS,EMB,embB@L974M,U,{},"{""proportion"": 0.0, ""confidence"": [0.0, 0.7301340512159458], ""p_value"": 1.0, ""contingency"": [[0, 1], [367, 24527]]}",{}
1060,NC00962.3,EMB-0.25-0.9-0.8,0.0,GARC1,RUS,EMB,embB@V1048I,U,{},"{""proportion"": 0.0, ""confidence"": [0.0, 0.7301340512159458], ""p_value"": 1.0, ""contingency"": [[0, 1], [367, 24527]]}",{}
1061,NC00962.3,EMB-0.25-0.9-0.8,0.0,GARC1,RUS,EMB,embA@I655M,U,{},"{""proportion"": 0.0, ""confidence"": [0.0, 0.7301340512159458], ""p_value"": 1.0, ""contingency"": [[0, 1], [367, 24527]]}",{}
1063,NC00962.3,EMB-0.25-0.9-0.8,0.0,GARC1,RUS,EMB,embA@-*_indel,U,{},"{""default_rule"": ""True""}",{}
1064,NC00962.3,EMB-0.25-0.9-0.8,0.0,GARC1,RUS,EMB,embA@*_indel,U,{},"{""default_rule"": ""True""}",{}
1065,NC00962.3,EMB-0.25-0.9-0.8,0.0,GARC1,RUS,EMB,embA@-*?,U,{},"{""default_rule"": ""True""}",{}
1066,NC00962.3,EMB-0.25-0.9-0.8,0.0,GARC1,RUS,EMB,embA@*?,U,{},"{""default_rule"": ""True""}",{}
1067,NC00962.3,EMB-0.25-0.9-0.8,0.0,GARC1,RUS,EMB,embA@del_0.0,U,{},"{""default_rule"": ""True""}",{}
1069,NC00962.3,EMB-0.25-0.9-0.8,0.0,GARC1,RUS,EMB,embB@-*_indel,U,{},"{""default_rule"": ""True""}",{}
1070,NC00962.3,EMB-0.25-0.9-0.8,0.0,GARC1,RUS,EMB,embB@*_indel,U,{},"{""default_rule"": ""True""}",{}
1071,NC00962.3,EMB-0.25-0.9-0.8,0.0,GARC1,RUS,EMB,embB@-*?,U,{},"{""default_rule"": ""True""}",{}
1072,NC00962.3,EMB-0.25-0.9-0.8,0.0,GARC1,RUS,EMB,embB@*?,U,{},"{""default_rule"": ""True""}",{}
1073,NC00962.3,EMB-0.25-0.9-0.8,0.0,GARC1,RUS,EMB,embB@del_0.0,U,{},"{""default_rule"": ""True""}",{}
